sample	chr	start	mutation	strand	dist_to_previous	start_cumulative
JG0139c	1	2249578	T:TC[T>A]CA	-1		2249578
JG0139c	1	2377542	U:GC[T>C]TG	-1	127964.0	2377542
JG0139c	1	3527189	U:AG[T>G]TT	-1	1149647.0	3527189
JG0139c	1	3829186	U:AC[T>G]TA	-1	301997.0	3829186
JG0139c	1	3983751	N:CG[T>C]CC	-1	154565.0	3983751
JG0139c	1	4151211	N:GC[T>G]TG	-1	167460.0	4151211
JG0139c	1	4276050	N:CC[T>C]TC	-1	124839.0	4276050
JG0139c	1	4359684	N:CC[T>C]TG	-1	83634.0	4359684
JG0139c	1	4751873	T:AC[T>G]TC	-1	392189.0	4751873
JG0139c	1	5798479	N:TG[T>G]TG	-1	1046606.0	5798479
JG0139c	1	8895578	N:AA[C>T]GT	1	3097099.0	8895578
JG0139c	1	9092266	N:AG[T>G]TG	-1	196688.0	9092266
JG0139c	1	10060753	T:TC[T>C]CA	-1	968487.0	10060753
JG0139c	1	10081715	T:AC[T>G]TG	-1	20962.0	10081715
JG0139c	1	10091984	T:AC[T>C]TG	-1	10269.0	10091984
JG0139c	1	11641497	N:AC[T>C]TT	-1	1549513.0	11641497
JG0139c	1	12582446	U:AC[T>C]TG	-1	940949.0	12582446
JG0139c	1	13352338	N:TC[T>C]TG	-1	769892.0	13352338
JG0139c	1	13940845	T:TC[T>A]TT	-1	588507.0	13940845
JG0139c	1	14040182	T:GT[T>G]TA	-1	99337.0	14040182
JG0139c	1	14473345	U:TC[T>A]TG	1	433163.0	14473345
JG0139c	1	14882982	T:GG[T>G]TA	-1	409637.0	14882982
JG0139c	1	15155325	T:TT[T>G]CA	-1	272343.0	15155325
JG0139c	1	15159385	T:GG[T>C]CA	-1	4060.0	15159385
JG0139c	1	15287174	T:TC[T>C]CA	-1	127789.0	15287174
JG0139c	1	15623167	U:TC[T>G]TC	1	335993.0	15623167
JG0139c	1	19172893	T:AG[T>C]TG	1	3549726.0	19172893
JG0139c	1	19738741	U:TC[T>C]GC	-1	565848.0	19738741
JG0139c	1	19758900	U:TC[T>G]TG	-1	20159.0	19758900
JG0139c	1	20087223	T:TC[T>C]TA	-1	328323.0	20087223
JG0139c	1	20133230	N:AC[T>C]TA	1	46007.0	20133230
JG0139c	1	20272249	N:GC[T>C]TA	1	139019.0	20272249
JG0139c	1	20278251	N:TT[C>T]AT	1	6002.0	20278251
JG0139c	1	20819185	U:GC[T>C]TA	-1	540934.0	20819185
JG0139c	1	21086151	T:AC[T>C]GA	1	266966.0	21086151
JG0139c	1	22488378	T:GC[T>G]CC	-1	1402227.0	22488378
JG0139c	1	22719001	T:TC[T>C]CA	-1	230623.0	22719001
JG0139c	1	23618802	N:AG[T>A]CA	-1	899801.0	23618802
JG0139c	1	24558147	T:AC[T>A]CC	-1	939345.0	24558147
JG0139c	1	24577510	T:AC[T>G]TG	-1	19363.0	24577510
JG0139c	1	24591503	T:AC[T>C]TG	-1	13993.0	24591503
JG0139c	1	25576797	N:TC[T>G]CA	-1	985294.0	25576797
JG0139c	1	26048235	N:CC[T>G]CC	-1	471438.0	26048235
JG0139c	1	26295855	U:TC[T>C]GC	-1	247620.0	26295855
JG0139c	1	27157685	T:GC[T>C]CA	1	861830.0	27157685
JG0139c	1	27222772	N:GC[T>C]TA	-1	65087.0	27222772
JG0139c	1	27655660	N:AC[T>G]TG	-1	432888.0	27655660
JG0139c	1	27691956	N:AG[T>G]TA	-1	36296.0	27691956
JG0139c	1	27767643	N:GC[T>A]TG	1	75687.0	27767643
JG0139c	1	28938716	T:TC[T>A]CA	-1	1171073.0	28938716
JG0139c	1	29039396	T:AC[T>C]TG	-1	100680.0	29039396
JG0139c	1	29265489	T:AC[T>G]CG	-1	226093.0	29265489
JG0139c	1	29344619	N:TC[T>C]CA	-1	79130.0	29344619
JG0139c	1	29397460	N:CC[T>C]CA	-1	52841.0	29397460
JG0139c	1	29585300	N:AC[T>G]GA	-1	187840.0	29585300
JG0139c	1	29673270	N:TC[T>G]TT	-1	87970.0	29673270
JG0139c	1	29713231	N:GG[T>C]CC	1	39961.0	29713231
JG0139c	1	29898385	N:TC[T>C]CA	-1	185154.0	29898385
JG0139c	1	29948963	N:TC[T>G]TA	-1	50578.0	29948963
JG0139c	1	30069154	N:GG[T>C]CT	1	120191.0	30069154
JG0139c	1	30075022	N:TC[T>C]GA	1	5868.0	30075022
JG0139c	1	30198510	N:AC[T>G]TA	-1	123488.0	30198510
JG0139c	1	30351318	N:TC[T>C]GA	1	152808.0	30351318
JG0139c	1	30412951	N:AC[T>A]CC	1	61633.0	30412951
JG0139c	1	30431851	N:AC[T>C]CA	1	18900.0	30431851
JG0139c	1	30508554	N:CC[T>G]TA	-1	76703.0	30508554
JG0139c	1	30661443	N:AC[T>C]GA	1	152889.0	30661443
JG0139c	1	30693248	N:CC[T>G]CC	1	31805.0	30693248
JG0139c	1	30842834	N:TC[T>G]AC	-1	149586.0	30842834
JG0139c	1	31832473	N:GC[T>C]TG	-1	989639.0	31832473
JG0139c	1	32383143	U:TC[T>C]TT	-1	550670.0	32383143
JG0139c	1	33248644	N:AC[T>C]GG	-1	865501.0	33248644
JG0139c	1	33611343	U:AC[T>C]CA	-1	362699.0	33611343
JG0139c	1	33634339	U:CG[T>G]TC	-1	22996.0	33634339
JG0139c	1	33691857	T:TG[T>C]TT	1	57518.0	33691857
JG0139c	1	33701920	U:TC[T>C]TT	-1	10063.0	33701920
JG0139c	1	33749494	U:AT[T>G]TT	-1	47574.0	33749494
JG0139c	1	33758173	T:AC[T>C]AC	1	8679.0	33758173
JG0139c	1	33828689	T:TC[T>G]CA	1	70516.0	33828689
JG0139c	1	33847736	T:AC[T>A]TG	1	19047.0	33847736
JG0139c	1	33866100	T:GC[T>C]GA	1	18364.0	33866100
JG0139c	1	33871514	U:CC[T>G]CA	-1	5414.0	33871514
JG0139c	1	33876090	T:TG[T>C]TA	1	4576.0	33876090
JG0139c	1	33910764	U:TC[T>G]CA	-1	34674.0	33910764
JG0139c	1	33968257	T:TC[T>G]TA	1	57493.0	33968257
JG0139c	1	33976506	T:TC[T>C]GA	1	8249.0	33976506
JG0139c	1	34031834	T:AC[T>C]GT	1	55328.0	34031834
JG0139c	1	34056653	T:AC[T>C]TA	1	24819.0	34056653
JG0139c	1	34190647	U:TT[C>A]AC	1	133994.0	34190647
JG0139c	1	34190650	U:AC[T>C]GT	1	3.0	34190650
JG0139c	1	34346790	N:TC[T>C]CT	1	156140.0	34346790
JG0139c	1	34601884	N:AC[T>G]GA	1	255094.0	34601884
JG0139c	1	34630305	N:TC[T>A]CA	1	28421.0	34630305
JG0139c	1	34646126	N:AC[T>G]TG	1	15821.0	34646126
JG0139c	1	34754240	N:GC[T>C]CA	1	108114.0	34754240
JG0139c	1	34812836	N:AC[T>C]TG	1	58596.0	34812836
JG0139c	1	34921569	U:TC[T>C]TG	-1	108733.0	34921569
JG0139c	1	34945525	N:GC[T>G]TG	1	23956.0	34945525
JG0139c	1	35002088	T:AG[T>C]TG	1	56563.0	35002088
JG0139c	1	35135136	N:AG[T>G]TG	1	133048.0	35135136
JG0139c	1	36121030	U:AC[T>A]GC	-1	985894.0	36121030
JG0139c	1	36405942	N:AC[T>C]TA	-1	284912.0	36405942
JG0139c	1	36480964	U:AC[T>G]GA	-1	75022.0	36480964
JG0139c	1	36672585	N:CA[T>G]TA	1	191621.0	36672585
JG0139c	1	36805639	U:TC[T>C]CA	-1	133054.0	36805639
JG0139c	1	36847733	U:GC[T>C]TA	-1	42094.0	36847733
JG0139c	1	36855429	U:GC[T>C]TG	-1	7696.0	36855429
JG0139c	1	36880921	T:GG[T>C]CA	1	25492.0	36880921
JG0139c	1	36968658	U:GA[T>G]TG	-1	87737.0	36968658
JG0139c	1	37004176	T:GC[T>G]TC	1	35518.0	37004176
JG0139c	1	37099912	N:GG[T>G]TC	-1	95736.0	37099912
JG0139c	1	37174919	N:TC[T>C]TT	1	75007.0	37174919
JG0139c	1	37415270	N:TC[T>G]CA	-1	240351.0	37415270
JG0139c	1	38284596	N:AG[T>G]TG	1	869326.0	38284596
JG0139c	1	38636561	N:AG[T>G]CA	1	351965.0	38636561
JG0139c	1	39076541	N:CC[T>C]CA	1	439980.0	39076541
JG0139c	1	39240483	T:AC[T>G]TT	-1	163942.0	39240483
JG0139c	1	39296435	T:TC[T>C]TT	-1	55952.0	39296435
JG0139c	1	39959931	U:TC[T>C]CT	1	663496.0	39959931
JG0139c	1	40407416	T:TC[T>G]GG	-1	447485.0	40407416
JG0139c	1	40695219	T:TG[T>C]TG	-1	287803.0	40695219
JG0139c	1	41067200	T:AC[T>C]TT	1	371981.0	41067200
JG0139c	1	41173866	U:TC[T>A]TT	-1	106666.0	41173866
JG0139c	1	41217237	T:AC[T>G]TG	1	43371.0	41217237
JG0139c	1	41321288	N:GC[T>A]CA	1	104051.0	41321288
JG0139c	1	41532698	T:AC[T>C]TG	1	211410.0	41532698
JG0139c	1	41648418	U:CC[T>G]TC	-1	115720.0	41648418
JG0139c	1	41674551	T:AC[T>G]TC	1	26133.0	41674551
JG0139c	1	41849791	U:GC[T>C]TG	-1	175240.0	41849791
JG0139c	1	41986051	N:TC[T>C]TG	-1	136260.0	41986051
JG0139c	1	42107068	N:AC[T>A]TG	1	121017.0	42107068
JG0139c	1	42291626	U:AG[T>G]TC	-1	184558.0	42291626
JG0139c	1	42490747	T:AC[T>G]CA	-1	199121.0	42490747
JG0139c	1	42636025	U:CC[T>G]TA	1	145278.0	42636025
JG0139c	1	42829484	U:AC[T>G]TT	1	193459.0	42829484
JG0139c	1	43053334	N:AC[T>G]TA	-1	223850.0	43053334
JG0139c	1	43330495	N:TC[T>G]GG	-1	277161.0	43330495
JG0139c	1	43416161	T:AG[T>G]CA	-1	85666.0	43416161
JG0139c	1	44142371	N:AC[T>A]GA	1	726210.0	44142371
JG0139c	1	44153449	N:AC[T>G]TA	-1	11078.0	44153449
JG0139c	1	44391945	N:TC[T>G]TA	-1	238496.0	44391945
JG0139c	1	44636082	B:TG[T>G]TC	-1	244137.0	44636082
JG0139c	1	45733194	U:CC[T>G]CG	-1	1097112.0	45733194
JG0139c	1	46282007	U:TC[T>C]CC	-1	548813.0	46282007
JG0139c	1	46376449	N:AC[T>G]TA	-1	94442.0	46376449
JG0139c	1	46510094	T:TC[T>G]AA	-1	133645.0	46510094
JG0139c	1	46596551	T:GC[T>C]TT	1	86457.0	46596551
JG0139c	1	46728106	N:CC[T>G]TT	-1	131555.0	46728106
JG0139c	1	46738672	N:AC[T>C]TG	1	10566.0	46738672
JG0139c	1	47783341	U:TC[T>C]CT	-1	1044669.0	47783341
JG0139c	1	47798129	T:AC[T>C]GA	1	14788.0	47798129
JG0139c	1	48287617	N:TC[T>C]CT	1	489488.0	48287617
JG0139c	1	48533467	T:CC[T>G]TA	1	245850.0	48533467
JG0139c	1	48712474	T:TG[T>A]TG	1	179007.0	48712474
JG0139c	1	48946478	U:GA[T>G]GC	-1	234004.0	48946478
JG0139c	1	48970073	T:AG[T>G]TA	1	23595.0	48970073
JG0139c	1	49313204	T:AC[T>G]CA	1	343131.0	49313204
JG0139c	1	49319899	T:TC[T>C]TA	1	6695.0	49319899
JG0139c	1	49442426	T:TC[T>C]AG	1	122527.0	49442426
JG0139c	1	49921339	T:AC[T>C]CA	1	478913.0	49921339
JG0139c	1	49978319	T:AC[T>A]TG	1	56980.0	49978319
JG0139c	1	50082240	U:CC[T>G]TG	1	103921.0	50082240
JG0139c	1	50215767	N:TC[T>C]TC	1	133527.0	50215767
JG0139c	1	50235233	N:GC[T>C]CT	-1	19466.0	50235233
JG0139c	1	50387003	N:TC[T>G]TA	-1	151770.0	50387003
JG0139c	1	51274540	N:AC[T>C]CC	-1	887537.0	51274540
JG0139c	1	51318622	T:AC[T>A]TT	1	44082.0	51318622
JG0139c	1	52997900	U:TC[T>C]CT	1	1679278.0	52997900
JG0139c	1	53267756	T:TA[C>A]TC	1	269856.0	53267756
JG0139c	1	53570554	U:AG[T>G]TT	-1	302798.0	53570554
JG0139c	1	53760024	N:TC[T>C]CG	-1	189470.0	53760024
JG0139c	1	53804429	T:TC[T>G]TA	1	44405.0	53804429
JG0139c	1	53922303	U:TC[T>C]CC	-1	117874.0	53922303
JG0139c	1	54395877	T:AC[T>C]CA	1	473574.0	54395877
JG0139c	1	54738069	U:AC[T>G]TT	1	342192.0	54738069
JG0139c	1	55137125	U:GC[T>C]TT	-1	399056.0	55137125
JG0139c	1	55424594	N:AG[T>A]TG	-1	287469.0	55424594
JG0139c	1	55439096	N:GC[T>G]TC	-1	14502.0	55439096
JG0139c	1	55840687	N:TC[T>A]CC	1	401591.0	55840687
JG0139c	1	55935086	N:AA[T>G]CA	1	94399.0	55935086
JG0139c	1	56058555	N:TC[T>C]TG	-1	123469.0	56058555
JG0139c	1	56129137	N:AC[T>G]TA	-1	70582.0	56129137
JG0139c	1	56339057	N:TC[T>C]TT	1	209920.0	56339057
JG0139c	1	56557986	T:GC[T>C]TT	1	218929.0	56557986
JG0139c	1	56912265	T:CC[T>G]TG	-1	354279.0	56912265
JG0139c	1	56941139	U:TC[T>C]GG	-1	28874.0	56941139
JG0139c	1	57098395	T:AC[T>C]CA	1	157256.0	57098395
JG0139c	1	57113845	T:CC[T>G]TT	1	15450.0	57113845
JG0139c	1	57315066	U:TC[T>C]CA	-1	201221.0	57315066
JG0139c	1	57405049	T:TC[T>C]TA	1	89983.0	57405049
JG0139c	1	57485251	N:TC[T>G]TA	1	80202.0	57485251
JG0139c	1	57544039	N:TC[T>C]GG	-1	58788.0	57544039
JG0139c	1	57633250	N:TC[T>A]CA	1	89211.0	57633250
JG0139c	1	57811951	N:GG[T>G]GA	-1	178701.0	57811951
JG0139c	1	57893744	N:GG[T>C]GA	1	81793.0	57893744
JG0139c	1	57902234	N:AC[T>G]TT	1	8490.0	57902234
JG0139c	1	57956671	N:GC[T>C]TC	-1	54437.0	57956671
JG0139c	1	58087692	N:TC[T>C]GC	-1	131021.0	58087692
JG0139c	1	58122880	N:AC[T>A]TA	-1	35188.0	58122880
JG0139c	1	58163771	N:AG[T>G]TA	-1	40891.0	58163771
JG0139c	1	58241890	N:TC[T>C]CT	1	78119.0	58241890
JG0139c	1	58260749	N:AC[T>G]TC	1	18859.0	58260749
JG0139c	1	58507469	U:AC[T>G]TG	-1	246720.0	58507469
JG0139c	1	58522446	U:GC[T>G]TT	-1	14977.0	58522446
JG0139c	1	58555267	N:TC[T>G]TT	-1	32821.0	58555267
JG0139c	1	58667089	U:GC[T>G]TT	-1	111822.0	58667089
JG0139c	1	58919169	N:TC[T>C]CG	-1	252080.0	58919169
JG0139c	1	58951357	N:TC[T>C]TG	-1	32188.0	58951357
JG0139c	1	59159196	N:AC[T>G]TA	-1	207839.0	59159196
JG0139c	1	59206725	N:AT[C>G]TT	-1	47529.0	59206725
JG0139c	1	59266312	N:TC[T>G]TA	1	59587.0	59266312
JG0139c	1	59616410	U:AC[T>G]CA	1	350098.0	59616410
JG0139c	1	59863243	T:TC[T>C]CA	-1	246833.0	59863243
JG0139c	1	59886340	N:CC[T>G]CA	-1	23097.0	59886340
JG0139c	1	59932936	N:AC[T>G]AG	-1	46596.0	59932936
JG0139c	1	60049812	T:AC[T>C]TA	1	116876.0	60049812
JG0139c	1	60414236	N:AG[T>G]TG	-1	364424.0	60414236
JG0139c	1	60414248	N:AT[C>G]TT	-1	12.0	60414248
JG0139c	1	60450039	N:AC[T>G]TC	-1	35791.0	60450039
JG0139c	1	60593214	N:CC[T>C]TA	1	143175.0	60593214
JG0139c	1	60733319	N:TG[T>G]AA	-1	140105.0	60733319
JG0139c	1	60793982	N:TC[T>C]CA	1	60663.0	60793982
JG0139c	1	60926596	T:TC[T>G]GA	-1	132614.0	60926596
JG0139c	1	60957442	U:GG[T>A]GC	1	30846.0	60957442
JG0139c	1	61102624	T:AT[T>G]TA	-1	145182.0	61102624
JG0139c	1	61956333	T:AC[T>G]TA	-1	853709.0	61956333
JG0139c	1	62795930	T:AC[T>G]TC	-1	839597.0	62795930
JG0139c	1	63087609	N:AC[T>G]GA	-1	291679.0	63087609
JG0139c	1	63128769	N:GG[T>G]TA	-1	41160.0	63128769
JG0139c	1	63217394	N:GA[T>G]TA	-1	88625.0	63217394
JG0139c	1	63644805	T:AT[T>G]TG	-1	427411.0	63644805
JG0139c	1	63657843	U:AC[T>G]TC	1	13038.0	63657843
JG0139c	1	63880565	U:TC[T>A]TT	1	222722.0	63880565
JG0139c	1	64082224	T:AC[T>G]TA	-1	201659.0	64082224
JG0139c	1	64179529	U:TC[T>C]CA	1	97305.0	64179529
JG0139c	1	64240405	U:AC[T>G]TA	1	60876.0	64240405
JG0139c	1	64422231	N:TC[T>C]TT	1	181826.0	64422231
JG0139c	1	64464336	N:AC[T>G]CC	-1	42105.0	64464336
JG0139c	1	65006201	N:TC[T>A]TA	1	541865.0	65006201
JG0139c	1	65030761	N:GG[T>A]CA	-1	24560.0	65030761
JG0139c	1	65109710	N:GC[T>G]CA	-1	78949.0	65109710
JG0139c	1	65613430	U:AC[T>C]TA	1	503720.0	65613430
JG0139c	1	65657008	N:GG[T>A]TT	-1	43578.0	65657008
JG0139c	1	65667302	N:TC[T>C]TG	1	10294.0	65667302
JG0139c	1	65738657	N:AC[T>G]TA	-1	71355.0	65738657
JG0139c	1	65903539	T:GC[T>G]CA	-1	164882.0	65903539
JG0139c	1	65908733	U:AG[T>G]TA	1	5194.0	65908733
JG0139c	1	65970748	U:AC[T>A]GG	1	62015.0	65970748
JG0139c	1	66122151	U:AC[T>G]TA	1	151403.0	66122151
JG0139c	1	66318800	T:TC[T>G]TT	-1	196649.0	66318800
JG0139c	1	66344301	T:AC[T>G]TT	-1	25501.0	66344301
JG0139c	1	66429761	N:AG[T>G]CA	-1	85460.0	66429761
JG0139c	1	66589532	U:TC[T>C]TG	1	159771.0	66589532
JG0139c	1	66627385	T:AC[T>C]GC	-1	37853.0	66627385
JG0139c	1	66682038	U:AC[T>C]CC	1	54653.0	66682038
JG0139c	1	66720419	U:AC[T>G]TA	1	38381.0	66720419
JG0139c	1	66767132	U:AC[T>G]TA	1	46713.0	66767132
JG0139c	1	66800185	T:AG[T>A]CA	1	33053.0	66800185
JG0139c	1	67209769	B:AC[T>G]TA	1	409584.0	67209769
JG0139c	1	67503210	N:GC[T>C]TA	-1	293441.0	67503210
JG0139c	1	68400116	N:AC[T>C]TG	-1	896906.0	68400116
JG0139c	1	68568342	N:AC[T>G]TA	-1	168226.0	68568342
JG0139c	1	68732764	N:AC[T>A]GA	-1	164422.0	68732764
JG0139c	1	68773356	N:TC[T>C]CA	1	40592.0	68773356
JG0139c	1	68812885	N:AC[T>C]TG	-1	39529.0	68812885
JG0139c	1	69176794	N:GC[T>A]CT	-1	363909.0	69176794
JG0139c	1	69474804	N:AC[T>C]GC	-1	298010.0	69474804
JG0139c	1	69549098	N:TG[T>C]TG	-1	74294.0	69549098
JG0139c	1	69596879	T:AC[T>G]GA	-1	47781.0	69596879
JG0139c	1	69602530	T:CA[T>A]TA	-1	5651.0	69602530
JG0139c	1	69730094	T:AC[T>A]TG	-1	127564.0	69730094
JG0139c	1	69780226	T:AA[T>G]TG	-1	50132.0	69780226
JG0139c	1	69879827	U:TC[T>C]CA	1	99601.0	69879827
JG0139c	1	69903627	T:GC[T>C]TT	-1	23800.0	69903627
JG0139c	1	69971837	T:AT[T>G]TA	-1	68210.0	69971837
JG0139c	1	70128088	N:AC[T>C]CA	-1	156251.0	70128088
JG0139c	1	70317599	U:AC[T>G]TT	-1	189511.0	70317599
JG0139c	1	70363176	T:TG[T>G]TC	-1	45577.0	70363176
JG0139c	1	70875638	U:AC[T>A]TG	-1	512462.0	70875638
JG0139c	1	71043454	T:TC[T>G]TA	1	167816.0	71043454
JG0139c	1	71498597	T:GC[T>C]TG	1	455143.0	71498597
JG0139c	1	71568496	U:TC[T>G]TA	-1	69899.0	71568496
JG0139c	1	71894454	U:GC[T>G]TT	-1	325958.0	71894454
JG0139c	1	72407118	N:AC[T>G]GC	-1	512664.0	72407118
JG0139c	1	72537330	N:TG[T>C]GA	-1	130212.0	72537330
JG0139c	1	72654874	N:TC[T>C]TA	1	117544.0	72654874
JG0139c	1	73176275	N:AC[T>C]CT	-1	521401.0	73176275
JG0139c	1	73347419	N:CC[T>G]TG	1	171144.0	73347419
JG0139c	1	73419860	N:AC[T>G]TG	1	72441.0	73419860
JG0139c	1	73481912	N:TC[T>C]CC	1	62052.0	73481912
JG0139c	1	73516012	N:CC[T>G]TA	-1	34100.0	73516012
JG0139c	1	73657091	N:AC[T>G]AA	1	141079.0	73657091
JG0139c	1	73833173	N:TC[T>G]TC	1	176082.0	73833173
JG0139c	1	74042685	T:TC[T>G]TA	1	209512.0	74042685
JG0139c	1	74147649	T:TT[T>C]AA	1	104964.0	74147649
JG0139c	1	74322360	U:TC[T>A]CC	1	174711.0	74322360
JG0139c	1	74436337	U:TC[T>G]TA	1	113977.0	74436337
JG0139c	1	74602497	T:AG[T>A]CA	1	166160.0	74602497
JG0139c	1	74684373	N:AC[T>C]TA	1	81876.0	74684373
JG0139c	1	74697997	N:AC[T>G]TT	1	13624.0	74697997
JG0139c	1	74785029	N:TC[T>G]TC	-1	87032.0	74785029
JG0139c	1	74865174	N:AG[T>G]TA	1	80145.0	74865174
JG0139c	1	74965276	N:TC[T>G]TA	1	100102.0	74965276
JG0139c	1	74970966	N:AG[T>G]TA	1	5690.0	74970966
JG0139c	1	75033751	N:AC[T>C]TG	-1	62785.0	75033751
JG0139c	1	75057268	N:TC[T>C]TG	1	23517.0	75057268
JG0139c	1	75097150	N:AG[T>G]TG	-1	39882.0	75097150
JG0139c	1	75123471	N:GC[T>C]TA	1	26321.0	75123471
JG0139c	1	75878723	T:CC[T>C]CA	-1	755252.0	75878723
JG0139c	1	76123296	U:GC[T>A]TG	1	244573.0	76123296
JG0139c	1	76199844	U:CC[T>C]TA	1	76548.0	76199844
JG0139c	1	76380771	U:AC[T>G]TG	1	180927.0	76380771
JG0139c	1	76447743	U:CC[T>G]TG	1	66972.0	76447743
JG0139c	1	76863858	N:GC[T>G]CA	1	416115.0	76863858
JG0139c	1	76893188	T:AC[T>A]CT	-1	29330.0	76893188
JG0139c	1	76934623	T:AC[T>G]TC	-1	41435.0	76934623
JG0139c	1	77043007	U:TC[T>C]GA	1	108384.0	77043007
JG0139c	1	78129625	T:AC[T>C]TA	-1	1086618.0	78129625
JG0139c	1	78410831	U:TC[T>G]TA	1	281206.0	78410831
JG0139c	1	78465904	T:AC[T>C]TT	-1	55073.0	78465904
JG0139c	1	78593000	N:GC[T>C]CT	1	127096.0	78593000
JG0139c	1	78700779	N:TC[T>G]TC	1	107779.0	78700779
JG0139c	1	78761610	N:TT[T>C]CA	-1	60831.0	78761610
JG0139c	1	78942459	T:TC[T>C]TT	1	180849.0	78942459
JG0139c	1	79008147	N:AG[T>C]CA	-1	65688.0	79008147
JG0139c	1	79472549	N:GA[T>G]TT	-1	464402.0	79472549
JG0139c	1	79791336	N:GC[T>G]TA	1	318787.0	79791336
JG0139c	1	79863664	N:CC[T>G]TC	-1	72328.0	79863664
JG0139c	1	79882257	N:TG[T>C]GG	1	18593.0	79882257
JG0139c	1	79894514	N:CC[T>C]TG	1	12257.0	79894514
JG0139c	1	80239075	N:TC[T>C]GA	1	344561.0	80239075
JG0139c	1	80246506	N:TC[T>C]GA	1	7431.0	80246506
JG0139c	1	80267512	N:TC[T>C]TG	1	21006.0	80267512
JG0139c	1	80421262	N:TC[T>C]CA	-1	153750.0	80421262
JG0139c	1	80464454	N:TC[T>C]TG	1	43192.0	80464454
JG0139c	1	81004056	N:TC[T>G]TT	-1	539602.0	81004056
JG0139c	1	81109154	N:AC[T>C]TA	-1	105098.0	81109154
JG0139c	1	81255154	N:AC[T>G]TT	1	146000.0	81255154
JG0139c	1	81298472	N:TC[T>G]TA	1	43318.0	81298472
JG0139c	1	81445538	T:CC[T>G]CA	-1	147066.0	81445538
JG0139c	1	81592569	U:AC[T>C]TG	1	147031.0	81592569
JG0139c	1	81856713	U:AG[T>G]TT	1	264144.0	81856713
JG0139c	1	82035655	N:AC[T>C]GA	1	178942.0	82035655
JG0139c	1	82085443	N:TC[T>G]TA	-1	49788.0	82085443
JG0139c	1	82481843	N:AG[T>G]CA	-1	396400.0	82481843
JG0139c	1	82567511	N:AC[T>G]TA	1	85668.0	82567511
JG0139c	1	82753468	N:TC[T>G]TC	-1	185957.0	82753468
JG0139c	1	83239635	N:AC[T>A]TG	-1	486167.0	83239635
JG0139c	1	83740074	N:CA[T>G]TT	1	500439.0	83740074
JG0139c	1	83817510	N:TG[T>C]TA	1	77436.0	83817510
JG0139c	1	83842137	N:AC[T>G]TG	1	24627.0	83842137
JG0139c	1	83964179	U:TC[T>G]TA	-1	122042.0	83964179
JG0139c	1	84152051	T:TA[T>G]TA	-1	187872.0	84152051
JG0139c	1	84449329	N:AC[T>A]TT	1	297278.0	84449329
JG0139c	1	86014092	T:AC[T>C]CA	1	1564763.0	86014092
JG0139c	1	86344692	N:AC[T>G]CA	-1	330600.0	86344692
JG0139c	1	86354757	U:AC[T>G]TA	-1	10065.0	86354757
JG0139c	1	87232989	N:GC[T>G]CC	1	878232.0	87232989
JG0139c	1	87527249	N:AC[T>G]TT	-1	294260.0	87527249
JG0139c	1	87609064	N:AG[T>G]TG	-1	81815.0	87609064
JG0139c	1	88103707	N:GA[T>G]TC	-1	494643.0	88103707
JG0139c	1	88780386	T:AG[T>G]TC	-1	676679.0	88780386
JG0139c	1	89034413	N:AC[T>C]GC	-1	254027.0	89034413
JG0139c	1	89196351	U:GC[T>G]TT	-1	161938.0	89196351
JG0139c	1	89230090	N:CC[T>C]TG	1	33739.0	89230090
JG0139c	1	89339257	N:GA[T>G]TG	-1	109167.0	89339257
JG0139c	1	89435835	N:AC[T>G]TA	1	96578.0	89435835
JG0139c	1	90246550	N:AC[T>C]GT	-1	810715.0	90246550
JG0139c	1	90256925	N:TC[T>A]CA	-1	10375.0	90256925
JG0139c	1	90277223	N:AC[T>G]CA	-1	20298.0	90277223
JG0139c	1	90286508	N:AC[T>G]TA	-1	9285.0	90286508
JG0139c	1	90345826	N:TC[T>G]TC	1	59318.0	90345826
JG0139c	1	90612319	N:GC[T>C]CA	1	266493.0	90612319
JG0139c	1	90629368	N:AC[T>G]TT	-1	17049.0	90629368
JG0139c	1	90666317	N:AC[T>G]TA	1	36949.0	90666317
JG0139c	1	90739503	N:AC[T>G]TA	1	73186.0	90739503
JG0139c	1	91454196	N:CC[T>C]TA	1	714693.0	91454196
JG0139c	1	91591334	N:GC[T>C]GC	-1	137138.0	91591334
JG0139c	1	91689693	U:TC[T>A]TG	-1	98359.0	91689693
JG0139c	1	91811244	T:GT[C>G]AA	1	121551.0	91811244
JG0139c	1	91904172	U:TG[T>G]TG	-1	92928.0	91904172
JG0139c	1	92349572	U:AG[T>G]TT	1	445400.0	92349572
JG0139c	1	92351209	T:CC[T>G]CA	-1	1637.0	92351209
JG0139c	1	92991196	N:AC[T>C]CC	-1	639987.0	92991196
JG0139c	1	93568024	T:AC[T>G]CA	1	576828.0	93568024
JG0139c	1	94138165	N:AC[T>A]GG	1	570141.0	94138165
JG0139c	1	94196098	U:TC[T>C]TC	-1	57933.0	94196098
JG0139c	1	94202991	U:AC[T>G]TG	-1	6893.0	94202991
JG0139c	1	94223412	U:AC[T>C]GA	-1	20421.0	94223412
JG0139c	1	94304924	N:GC[T>C]CA	-1	81512.0	94304924
JG0139c	1	95190835	U:TC[T>C]TA	1	885911.0	95190835
JG0139c	1	95720818	N:GC[T>C]CC	1	529983.0	95720818
JG0139c	1	95752126	N:TG[T>G]TT	-1	31308.0	95752126
JG0139c	1	95792958	N:GC[T>G]TT	-1	40832.0	95792958
JG0139c	1	95867950	N:TC[T>C]CA	1	74992.0	95867950
JG0139c	1	95882053	N:AC[T>G]CT	-1	14103.0	95882053
JG0139c	1	96649679	N:TC[T>C]TA	1	767626.0	96649679
JG0139c	1	96871758	N:AC[T>G]TA	-1	222079.0	96871758
JG0139c	1	97010794	N:TC[T>A]CA	1	139036.0	97010794
JG0139c	1	97214638	U:AG[T>G]TC	-1	203844.0	97214638
JG0139c	1	97228377	T:AT[T>G]TA	1	13739.0	97228377
JG0139c	1	97611231	T:AC[T>C]CT	1	382854.0	97611231
JG0139c	1	97739523	T:TC[T>A]CC	1	128292.0	97739523
JG0139c	1	97917151	U:AC[T>C]GC	-1	177628.0	97917151
JG0139c	1	97994513	N:GC[T>A]CA	-1	77362.0	97994513
JG0139c	1	98187133	N:AC[T>G]CA	1	192620.0	98187133
JG0139c	1	98463320	N:AC[T>G]TT	1	276187.0	98463320
JG0139c	1	99325572	N:GC[T>G]TG	-1	862252.0	99325572
JG0139c	1	99418858	N:TT[T>G]CC	-1	93286.0	99418858
JG0139c	1	100270520	T:TC[T>C]TT	-1	851662.0	100270520
JG0139c	1	100440796	T:TC[T>C]CA	-1	170276.0	100440796
JG0139c	1	101014122	U:GC[T>C]TA	-1	573326.0	101014122
JG0139c	1	101242929	N:GC[T>C]TC	-1	228807.0	101242929
JG0139c	1	101450481	N:AA[T>G]TT	-1	207552.0	101450481
JG0139c	1	101515350	N:TC[T>G]TT	1	64869.0	101515350
JG0139c	1	101603229	N:TC[T>C]TA	-1	87879.0	101603229
JG0139c	1	101869622	U:GC[T>C]CC	-1	266393.0	101869622
JG0139c	1	101893785	T:AC[T>G]TA	1	24163.0	101893785
JG0139c	1	102079944	N:AG[T>C]CA	1	186159.0	102079944
JG0139c	1	102137875	N:AC[T>C]TA	1	57931.0	102137875
JG0139c	1	102295645	N:AT[T>G]TT	1	157770.0	102295645
JG0139c	1	102325878	N:AA[T>A]TA	1	30233.0	102325878
JG0139c	1	102407345	N:AC[T>A]TG	1	81467.0	102407345
JG0139c	1	102676083	N:GG[T>G]AA	1	268738.0	102676083
JG0139c	1	103002367	T:TC[T>C]TA	1	326284.0	103002367
JG0139c	1	103109847	N:AC[T>C]TA	-1	107480.0	103109847
JG0139c	1	103299457	N:AG[T>C]TA	1	189610.0	103299457
JG0139c	1	103306308	N:GC[T>C]TA	1	6851.0	103306308
JG0139c	1	103334622	N:CC[T>C]CA	1	28314.0	103334622
JG0139c	1	103479391	N:TC[T>G]TC	-1	144769.0	103479391
JG0139c	1	103887506	N:AT[T>G]TT	-1	408115.0	103887506
JG0139c	1	104112824	N:GC[T>G]TA	1	225318.0	104112824
JG0139c	1	104152108	N:TC[T>G]TA	1	39284.0	104152108
JG0139c	1	104300703	N:TC[T>A]CC	1	148595.0	104300703
JG0139c	1	104881335	N:AC[T>G]AA	-1	580632.0	104881335
JG0139c	1	105300112	N:AC[T>G]TT	1	418777.0	105300112
JG0139c	1	105709414	N:TG[T>G]TT	-1	409302.0	105709414
JG0139c	1	105920369	N:GG[T>G]TG	1	210955.0	105920369
JG0139c	1	106061108	N:AC[T>C]GC	1	140739.0	106061108
JG0139c	1	106251835	N:TA[C>G]AG	1	190727.0	106251835
JG0139c	1	106661655	N:AC[T>G]TT	-1	409820.0	106661655
JG0139c	1	107000804	N:CC[T>C]CA	1	339149.0	107000804
JG0139c	1	107162448	U:AC[T>G]TA	1	161644.0	107162448
JG0139c	1	107436798	T:CG[T>A]TG	-1	274350.0	107436798
JG0139c	1	107484228	N:AC[T>C]TG	1	47430.0	107484228
JG0139c	1	107511466	N:GC[T>C]TA	1	27238.0	107511466
JG0139c	1	107558116	N:TT[T>A]TA	1	46650.0	107558116
JG0139c	1	107653579	T:CC[T>G]TA	1	95463.0	107653579
JG0139c	1	107696964	U:TC[T>G]TG	-1	43385.0	107696964
JG0139c	1	107759078	T:CC[T>C]TA	1	62114.0	107759078
JG0139c	1	107792096	T:AC[T>G]TC	1	33018.0	107792096
JG0139c	1	107864316	U:AG[T>G]TT	-1	72220.0	107864316
JG0139c	1	107907484	U:TC[T>A]CA	-1	43168.0	107907484
JG0139c	1	107937687	T:AG[T>G]TA	1	30203.0	107937687
JG0139c	1	109126128	T:CC[T>C]TC	-1	1188441.0	109126128
JG0139c	1	109358239	T:AC[T>C]TT	1	232111.0	109358239
JG0139c	1	109784114	N:TG[T>G]TA	1	425875.0	109784114
JG0139c	1	110228139	U:AC[T>G]CA	1	444025.0	110228139
JG0139c	1	110501216	N:CC[T>G]TG	1	273077.0	110501216
JG0139c	1	110532710	N:AC[T>C]CA	-1	31494.0	110532710
JG0139c	1	110687152	N:AC[T>C]TA	-1	154442.0	110687152
JG0139c	1	110721424	N:AC[T>C]CA	1	34272.0	110721424
JG0139c	1	111277207	N:AC[T>C]TG	-1	555783.0	111277207
JG0139c	1	111684628	T:TC[T>G]TA	-1	407421.0	111684628
JG0139c	1	111713449	U:AC[T>G]TT	1	28821.0	111713449
JG0139c	1	111939500	T:TG[T>G]TT	1	226051.0	111939500
JG0139c	1	112108646	N:AG[T>G]TT	1	169146.0	112108646
JG0139c	1	112182705	N:TT[T>G]TA	-1	74059.0	112182705
JG0139c	1	112381760	N:AC[T>G]TA	1	199055.0	112381760
JG0139c	1	112801981	N:GC[T>C]GA	-1	420221.0	112801981
JG0139c	1	113036130	N:TC[T>C]TG	1	234149.0	113036130
JG0139c	1	113058059	N:CC[T>G]CT	-1	21929.0	113058059
JG0139c	1	113261222	N:AC[T>C]TT	-1	203163.0	113261222
JG0139c	1	113653042	U:AC[T>C]CA	1	391820.0	113653042
JG0139c	1	113940429	T:AC[T>G]CG	-1	287387.0	113940429
JG0139c	1	114001640	N:AC[T>G]TT	1	61211.0	114001640
JG0139c	1	114008328	N:TC[T>G]AG	-1	6688.0	114008328
JG0139c	1	114049936	N:GC[T>A]CA	1	41608.0	114049936
JG0139c	1	114579648	T:AC[T>G]TG	1	529712.0	114579648
JG0139c	1	114709385	U:TC[T>C]CA	-1	129737.0	114709385
JG0139c	1	114917515	U:GA[T>C]TG	1	208130.0	114917515
JG0139c	1	115212172	N:TC[T>C]TG	-1	294657.0	115212172
JG0139c	1	115243368	N:TC[T>C]TA	-1	31196.0	115243368
JG0139c	1	115272119	N:TG[C>T]AG	1	28751.0	115272119
JG0139c	1	115277901	N:CC[T>G]TA	-1	5782.0	115277901
JG0139c	1	115319046	U:TG[T>A]CT	-1	41145.0	115319046
JG0139c	1	115413895	N:TC[T>G]TA	-1	94849.0	115413895
JG0139c	1	115435898	N:CC[T>C]CA	1	22003.0	115435898
JG0139c	1	115457608	N:AC[T>C]CA	1	21710.0	115457608
JG0139c	1	115478926	N:TG[T>C]CA	1	21318.0	115478926
JG0139c	1	115482011	N:AC[T>C]TA	1	3085.0	115482011
JG0139c	1	115530250	N:AC[T>C]TC	1	48239.0	115530250
JG0139c	1	115755588	T:AC[T>G]TT	1	225338.0	115755588
JG0139c	1	116677115	N:TA[T>G]TT	1	921527.0	116677115
JG0139c	1	116795563	N:AC[T>C]CC	1	118448.0	116795563
JG0139c	1	117221220	N:TT[T>G]CT	-1	425657.0	117221220
JG0139c	1	117550252	N:AC[T>C]TA	-1	329032.0	117550252
JG0139c	1	117613685	U:TC[T>C]AA	1	63433.0	117613685
JG0139c	1	117662016	N:TC[T>C]TG	1	48331.0	117662016
JG0139c	1	117665419	N:TC[T>G]CA	-1	3403.0	117665419
JG0139c	1	117783887	N:GC[T>G]TA	-1	118468.0	117783887
JG0139c	1	117849856	N:AC[T>C]CA	1	65969.0	117849856
JG0139c	1	117966759	U:TC[T>G]TA	-1	116903.0	117966759
JG0139c	1	118028956	T:TC[T>C]CT	1	62197.0	118028956
JG0139c	1	118054288	U:AC[T>C]TG	-1	25332.0	118054288
JG0139c	1	118244386	N:CC[T>G]CA	1	190098.0	118244386
JG0139c	1	118245321	N:GC[T>G]TC	1	935.0	118245321
JG0139c	1	118277062	N:AC[T>C]TA	1	31741.0	118277062
JG0139c	1	118346004	N:TC[T>G]TT	-1	68942.0	118346004
JG0139c	1	118390495	N:AC[T>A]TA	-1	44491.0	118390495
JG0139c	1	118407071	N:GC[T>C]TC	1	16576.0	118407071
JG0139c	1	118518576	N:TG[T>A]TT	1	111505.0	118518576
JG0139c	1	118618724	N:AC[T>C]TG	-1	100148.0	118618724
JG0139c	1	118676844	N:TC[T>G]TT	-1	58120.0	118676844
JG0139c	1	118692546	N:AC[T>C]CA	1	15702.0	118692546
JG0139c	1	118845839	N:AC[T>G]TA	1	153293.0	118845839
JG0139c	1	119018056	N:GC[T>G]TC	-1	172217.0	119018056
JG0139c	1	119116593	U:GC[T>A]CA	-1	98537.0	119116593
JG0139c	1	119157888	N:GC[T>C]TA	1	41295.0	119157888
JG0139c	1	119224084	N:AC[T>C]CC	1	66196.0	119224084
JG0139c	1	121427106	N:AG[T>G]TG	-1	2203022.0	121427106
JG0139c	1	124963130	N:TC[T>C]CA	1	3536024.0	124963130
JG0139c	1	143544441	N:AC[T>C]TA	1	18581311.0	143544441
JG0139c	1	143618384	N:TG[T>C]GC	1	73943.0	143618384
JG0139c	1	143679719	N:AC[T>C]GA	1	61335.0	143679719
JG0139c	1	144407590	N:TC[T>A]CA	-1	727871.0	144407590
JG0139c	1	145703996	T:AC[T>G]TT	1	1296406.0	145703996
JG0139c	1	146738784	N:TC[T>C]TA	-1	1034788.0	146738784
JG0139c	1	146767942	N:CC[T>G]GA	1	29158.0	146767942
JG0139c	1	148333235	N:TC[T>C]CA	1	1565293.0	148333235
JG0139c	1	148375340	N:AC[T>G]TT	1	42105.0	148375340
JG0139c	1	148389469	N:GC[T>G]TA	1	14129.0	148389469
JG0139c	1	148983147	T:AT[T>G]TT	-1	593678.0	148983147
JG0139c	1	149945545	U:AC[T>C]TG	-1	962398.0	149945545
JG0139c	1	150241721	N:CG[T>A]GC	-1	296176.0	150241721
JG0139c	1	150991609	U:TC[T>A]TG	1	749888.0	150991609
JG0139c	1	151450571	T:TC[T>C]TG	1	458962.0	151450571
JG0139c	1	152057214	N:AC[T>G]TC	-1	606643.0	152057214
JG0139c	1	152156764	T:AC[T>G]TA	1	99550.0	152156764
JG0139c	1	152532100	N:AC[T>G]TA	-1	375336.0	152532100
JG0139c	1	152562158	N:AC[T>C]CA	-1	30058.0	152562158
JG0139c	1	152573390	N:GG[T>C]CT	1	11232.0	152573390
JG0139c	1	152658190	N:TC[T>C]GG	-1	84800.0	152658190
JG0139c	1	153258227	N:AC[T>G]CA	-1	600037.0	153258227
JG0139c	1	153283325	N:TG[C>T]TG	1	25098.0	153283325
JG0139c	1	153383428	N:AC[T>G]TA	1	100103.0	153383428
JG0139c	1	153418792	T:AA[T>G]TG	-1	35364.0	153418792
JG0139c	1	154112550	T:TC[T>G]CA	1	693758.0	154112550
JG0139c	1	154466235	U:TC[T>C]CT	1	353685.0	154466235
JG0139c	1	154550339	U:CC[T>A]CA	-1	84104.0	154550339
JG0139c	1	155039908	U:AC[T>G]TG	1	489569.0	155039908
JG0139c	1	157536938	T:AC[T>G]TA	1	2497030.0	157536938
JG0139c	1	158231050	N:AA[C>G]AC	1	694112.0	158231050
JG0139c	1	158404261	N:TC[T>A]TG	1	173211.0	158404261
JG0139c	1	159468106	N:TG[T>C]CT	1	1063845.0	159468106
JG0139c	1	159771205	N:TC[T>A]TG	1	303099.0	159771205
JG0139c	1	160049844	T:AC[T>C]CC	1	278639.0	160049844
JG0139c	1	160460749	N:AG[T>G]TC	1	410905.0	160460749
JG0139c	1	160628762	T:GG[T>A]CA	1	168013.0	160628762
JG0139c	1	160791730	N:TC[T>G]TA	1	162968.0	160791730
JG0139c	1	160920006	N:AC[T>C]TT	1	128276.0	160920006
JG0139c	1	160952770	U:GG[T>A]CA	-1	32764.0	160952770
JG0139c	1	161434158	N:GC[T>C]TG	-1	481388.0	161434158
JG0139c	1	162198486	U:AC[T>G]TA	1	764328.0	162198486
JG0139c	1	162318091	U:TC[T>G]TG	1	119605.0	162318091
JG0139c	1	162938882	N:GC[T>C]TC	1	620791.0	162938882
JG0139c	1	163064912	N:TC[T>G]TT	1	126030.0	163064912
JG0139c	1	163097212	N:AC[T>G]TG	1	32300.0	163097212
JG0139c	1	163939477	N:GG[T>C]GG	1	842265.0	163939477
JG0139c	1	164212037	N:TC[T>C]TG	1	272560.0	164212037
JG0139c	1	164509434	N:AC[T>G]TA	-1	297397.0	164509434
JG0139c	1	165491942	N:GC[T>C]CT	1	982508.0	165491942
JG0139c	1	165505094	N:AG[T>G]TT	1	13152.0	165505094
JG0139c	1	165901653	U:GC[T>G]CA	1	396559.0	165901653
JG0139c	1	166096437	T:TC[T>C]CC	1	194784.0	166096437
JG0139c	1	166453250	N:GC[T>G]CA	1	356813.0	166453250
JG0139c	1	166524961	N:TC[T>C]CT	-1	71711.0	166524961
JG0139c	1	166945973	T:CC[T>C]CA	1	421012.0	166945973
JG0139c	1	166949295	T:TC[T>C]TG	1	3322.0	166949295
JG0139c	1	166954596	T:GA[C>A]AG	1	5301.0	166954596
JG0139c	1	168973198	N:TG[T>C]TT	1	2018602.0	168973198
JG0139c	1	169422468	T:AC[T>C]TA	1	449270.0	169422468
JG0139c	1	169457178	T:CC[T>G]TG	1	34710.0	169457178
JG0139c	1	169537970	T:AC[T>A]TT	1	80792.0	169537970
JG0139c	1	169655218	N:AC[T>C]CA	1	117248.0	169655218
JG0139c	1	169660544	N:TC[T>G]CA	1	5326.0	169660544
JG0139c	1	170629858	N:GC[T>A]CA	1	969314.0	170629858
JG0139c	1	170924566	N:TC[T>C]CA	1	294708.0	170924566
JG0139c	1	171104041	U:TC[T>C]CA	1	179475.0	171104041
JG0139c	1	172906530	N:TA[T>A]AA	-1	1802489.0	172906530
JG0139c	1	172906532	N:TA[T>C]AT	-1	2.0	172906532
JG0139c	1	173018459	N:CC[T>C]CA	1	111927.0	173018459
JG0139c	1	175119956	U:AC[T>A]CT	1	2101497.0	175119956
JG0139c	1	175493163	T:GC[T>A]CA	1	373207.0	175493163
JG0139c	1	175541317	T:GC[T>C]TA	1	48154.0	175541317
JG0139c	1	176551491	U:TC[T>C]CT	1	1010174.0	176551491
JG0139c	1	177420473	N:GC[T>G]TA	1	868982.0	177420473
JG0139c	1	177852108	N:TC[T>G]TA	1	431635.0	177852108
JG0139c	1	179098032	N:GC[T>C]CT	1	1245924.0	179098032
JG0139c	1	179820519	N:GC[T>C]TG	1	722487.0	179820519
JG0139c	1	179974979	T:TC[T>C]TG	-1	154460.0	179974979
JG0139c	1	182121734	N:AC[T>G]CT	1	2146755.0	182121734
JG0139c	1	182206931	N:AC[T>G]TG	1	85197.0	182206931
JG0139c	1	185031406	N:AC[T>C]TG	1	2824475.0	185031406
JG0139c	1	185543694	N:AC[T>G]TT	1	512288.0	185543694
JG0139c	1	186154104	U:TG[T>A]TG	1	610410.0	186154104
JG0139c	1	187351569	N:AC[T>G]TA	1	1197465.0	187351569
JG0139c	1	187831544	N:TC[T>G]TT	1	479975.0	187831544
JG0139c	1	187983668	N:TT[T>G]GA	1	152124.0	187983668
JG0139c	1	190930406	N:AC[T>C]AA	1	2946738.0	190930406
JG0139c	1	191400861	N:TT[T>G]TA	1	470455.0	191400861
JG0139c	1	191908861	N:TC[T>A]CT	1	508000.0	191908861
JG0139c	1	192136417	N:GG[T>C]AA	1	227556.0	192136417
JG0139c	1	192568461	N:AC[T>C]CA	1	432044.0	192568461
JG0139c	1	195525658	N:AG[T>A]AT	-1	2957197.0	195525658
JG0139c	1	196996018	U:TC[T>C]TA	1	1470360.0	196996018
JG0139c	1	197075766	N:AC[T>C]CA	1	79748.0	197075766
JG0139c	1	197111226	T:AC[T>G]TA	1	35460.0	197111226
JG0139c	1	197788545	N:TC[C>T]TT	1	677319.0	197788545
JG0139c	1	198339941	N:AC[T>C]TG	1	551396.0	198339941
JG0139c	1	198665496	U:AC[T>C]AG	1	325555.0	198665496
JG0139c	1	199093814	N:CC[T>A]CC	1	428318.0	199093814
JG0139c	1	199264716	N:GG[T>C]TT	1	170902.0	199264716
JG0139c	1	199748767	N:GG[T>C]TT	1	484051.0	199748767
JG0139c	1	200458009	N:AC[T>A]TG	1	709242.0	200458009
JG0139c	1	206530778	U:GC[T>C]GC	1	6072769.0	206530778
JG0139c	1	206716301	U:GC[T>C]TG	1	185523.0	206716301
JG0139c	1	209261713	N:TC[T>G]TA	1	2545412.0	209261713
JG0139c	1	210083242	U:CC[T>G]CG	1	821529.0	210083242
JG0139c	1	211047597	T:CC[T>C]CA	1	964355.0	211047597
JG0139c	1	211703892	N:CC[T>G]TC	-1	656295.0	211703892
JG0139c	1	211776095	T:GC[T>C]TG	1	72203.0	211776095
JG0139c	1	212341785	T:AC[T>A]CC	-1	565690.0	212341785
JG0139c	1	212378587	T:AC[T>A]CA	1	36802.0	212378587
JG0139c	1	213561225	N:TC[T>G]TT	1	1182638.0	213561225
JG0139c	1	214430936	T:TC[T>C]TG	1	869711.0	214430936
JG0139c	1	214971466	N:AC[T>G]TG	1	540530.0	214971466
JG0139c	1	217728901	U:TG[T>G]TA	1	2757435.0	217728901
JG0139c	1	217750746	U:AC[T>C]CA	1	21845.0	217750746
JG0139c	1	218984274	N:TC[T>C]CC	1	1233528.0	218984274
JG0139c	1	219429041	N:CC[T>C]TA	1	444767.0	219429041
JG0139c	1	220775806	U:TC[T>C]TT	1	1346765.0	220775806
JG0139c	1	224820584	N:TC[T>G]GA	-1	4044778.0	224820584
JG0139c	1	224839412	N:AC[T>C]CG	1	18828.0	224839412
JG0139c	1	225930696	N:AC[T>A]TG	-1	1091284.0	225930696
JG0139c	1	226583288	U:TC[T>C]GA	1	652592.0	226583288
JG0139c	1	227130225	T:CC[T>G]TA	1	546937.0	227130225
JG0139c	1	227582865	U:AC[T>G]TT	1	452640.0	227582865
JG0139c	1	227944672	T:CC[T>G]CA	1	361807.0	227944672
JG0139c	1	229014177	N:GG[T>C]AG	1	1069505.0	229014177
JG0139c	1	229697116	N:AC[T>C]TA	-1	682939.0	229697116
JG0139c	1	229742010	N:TC[T>C]TT	1	44894.0	229742010
JG0139c	1	230461312	N:AC[T>C]CA	1	719302.0	230461312
JG0139c	1	230514665	N:TC[T>G]TA	1	53353.0	230514665
JG0139c	1	230920937	T:AA[T>G]TA	1	406272.0	230920937
JG0139c	1	231143181	N:TC[T>G]TA	1	222244.0	231143181
JG0139c	1	231463296	N:GG[T>G]TA	1	320115.0	231463296
JG0139c	1	231582899	N:TC[T>G]TA	1	119603.0	231582899
JG0139c	1	231705895	T:TC[T>G]CA	-1	122996.0	231705895
JG0139c	1	233126177	T:AC[T>C]CC	1	1420282.0	233126177
JG0139c	1	233237295	T:CC[T>G]TA	1	111118.0	233237295
JG0139c	1	233558851	N:AC[T>C]CA	1	321556.0	233558851
JG0139c	1	233966347	U:TC[T>G]CA	1	407496.0	233966347
JG0139c	1	235032617	N:AC[T>C]TG	1	1066270.0	235032617
JG0139c	1	235865463	U:AC[T>C]TT	-1	832846.0	235865463
JG0139c	1	236164395	T:TC[T>C]GG	-1	298932.0	236164395
JG0139c	1	236859015	U:TC[T>G]TT	1	694620.0	236859015
JG0139c	1	237706909	U:AC[T>C]TT	1	847894.0	237706909
JG0139c	1	239936618	N:CC[T>G]GA	1	2229709.0	239936618
JG0139c	1	239958142	N:GC[T>C]CG	1	21524.0	239958142
JG0139c	1	240278234	U:AG[T>G]TG	1	320092.0	240278234
JG0139c	1	240281858	U:TC[T>G]TT	1	3624.0	240281858
JG0139c	1	240538278	T:TC[T>G]TC	1	256420.0	240538278
JG0139c	1	241277130	T:AC[T>C]CT	1	738852.0	241277130
JG0139c	1	241428010	N:AC[T>C]AA	-1	150880.0	241428010
JG0139c	1	242123069	T:GG[T>A]GG	1	695059.0	242123069
JG0139c	1	242858442	N:TC[T>C]TG	1	735373.0	242858442
JG0139c	1	242911769	N:AG[T>G]TA	1	53327.0	242911769
JG0139c	1	245024389	U:TG[T>A]TG	1	2112620.0	245024389
JG0139c	1	245772580	T:AC[T>C]TG	1	748191.0	245772580
JG0139c	1	245849061	T:AC[T>G]TC	1	76481.0	245849061
JG0139c	1	246646142	T:CC[T>G]TG	-1	797081.0	246646142
JG0139c	1	246775590	N:TC[T>G]TA	1	129448.0	246775590
JG0139c	1	248139834	N:AT[T>G]TA	1	1364244.0	248139834
JG0139c	1	248281241	N:TT[T>C]TC	1	141407.0	248281241
JG0139c	1	248734468	N:GG[T>C]GT	1	453227.0	248734468
JG0139c	1	248764850	N:TC[T>G]TA	1	30382.0	248764850
JG0139c	1	248789235	N:GC[T>G]TA	1	24385.0	248789235
JG0139c	1	248800423	N:TC[T>G]TG	1	11188.0	248800423
JG0139c	2	29565	N:GC[T>C]TT	1		248985987
JG0139c	2	109216	N:TC[T>C]CA	1	79651.0	249065638
JG0139c	2	109317	N:TC[T>C]CA	-1	101.0	249065739
JG0139c	2	183982	N:TG[T>G]TT	1	74665.0	249140404
JG0139c	2	223386	T:CC[T>G]CA	1	39404.0	249179808
JG0139c	2	238349	T:CC[T>G]TC	1	14963.0	249194771
JG0139c	2	278954	N:GC[T>A]TT	1	40605.0	249235376
JG0139c	2	297684	N:CC[T>C]GA	-1	18730.0	249254106
JG0139c	2	353029	N:GC[T>C]CT	1	55345.0	249309451
JG0139c	2	537991	N:GC[T>G]TT	1	184962.0	249494413
JG0139c	2	643836	N:AC[T>G]TT	-1	105845.0	249600258
JG0139c	2	646952	N:GC[T>G]TG	1	3116.0	249603374
JG0139c	2	751676	N:GC[T>C]CT	1	104724.0	249708098
JG0139c	2	818934	N:TT[T>G]TT	-1	67258.0	249775356
JG0139c	2	824414	N:TC[T>C]CA	-1	5480.0	249780836
JG0139c	2	1003259	T:TT[T>C]TT	-1	178845.0	249959681
JG0139c	2	1037756	U:TG[T>G]TG	1	34497.0	249994178
JG0139c	2	1078850	U:GG[T>C]CA	1	41094.0	250035272
JG0139c	2	1174357	T:AC[T>C]AT	-1	95507.0	250130779
JG0139c	2	1205668	U:GC[T>A]CA	1	31311.0	250162090
JG0139c	2	1224503	U:GC[T>G]TA	1	18835.0	250180925
JG0139c	2	1639321	T:TC[T>C]TG	1	414818.0	250595743
JG0139c	2	2365288	N:GC[T>A]TG	1	725967.0	251321710
JG0139c	2	2415880	N:TC[T>G]TG	1	50592.0	251372302
JG0139c	2	2566785	N:GG[T>C]TT	-1	150905.0	251523207
JG0139c	2	2664519	N:GC[T>G]CA	1	97734.0	251620941
JG0139c	2	2743568	N:GC[T>G]TC	-1	79049.0	251699990
JG0139c	2	3731225	T:GC[T>C]GC	-1	987657.0	252687647
JG0139c	2	3789224	T:TC[T>C]CC	-1	57999.0	252745646
JG0139c	2	4215203	N:CC[T>G]TA	1	425979.0	253171625
JG0139c	2	4404258	N:TC[T>C]TA	1	189055.0	253360680
JG0139c	2	4492034	N:GC[T>C]TG	1	87776.0	253448456
JG0139c	2	4796069	N:AC[T>G]TA	1	304035.0	253752491
JG0139c	2	4871702	N:GC[T>C]CT	1	75633.0	253828124
JG0139c	2	4911886	N:AC[T>C]CA	1	40184.0	253868308
JG0139c	2	5010661	N:TC[T>A]TC	1	98775.0	253967083
JG0139c	2	5051841	N:TC[T>C]CC	1	41180.0	254008263
JG0139c	2	5248644	N:GC[T>C]CA	1	196803.0	254205066
JG0139c	2	5258739	N:AC[T>G]TA	1	10095.0	254215161
JG0139c	2	5279166	N:TA[T>G]TA	-1	20427.0	254235588
JG0139c	2	6129587	N:TA[T>G]TT	-1	850421.0	255086009
JG0139c	2	6613915	N:AC[T>G]GT	1	484328.0	255570337
JG0139c	2	6717996	N:GA[T>G]TC	1	104081.0	255674418
JG0139c	2	6990259	T:TC[T>C]TG	-1	272263.0	255946681
JG0139c	2	6995543	T:TG[T>A]CA	-1	5284.0	255951965
JG0139c	2	8080721	N:GC[T>C]CT	-1	1085178.0	257037143
JG0139c	2	8759045	T:CA[C>T]TG	1	678324.0	257715467
JG0139c	2	8829713	U:TG[T>A]TC	-1	70668.0	257786135
JG0139c	2	8954325	U:AG[C>A]TT	-1	124612.0	257910747
JG0139c	2	9251114	T:AC[T>G]TA	-1	296789.0	258207536
JG0139c	2	9565628	N:TC[T>C]CT	-1	314514.0	258522050
JG0139c	2	9637824	N:GG[T>G]TA	-1	72196.0	258594246
JG0139c	2	10333353	T:CC[T>G]TG	-1	695529.0	259289775
JG0139c	2	11253585	T:GT[C>G]TC	1	920232.0	260210007
JG0139c	2	11253586	T:TC[T>C]CC	1	1.0	260210008
JG0139c	2	11483557	T:AC[T>C]CA	-1	229971.0	260439979
JG0139c	2	11506580	U:AG[T>G]TG	1	23023.0	260463002
JG0139c	2	11883357	N:TC[T>C]CA	-1	376777.0	260839779
JG0139c	2	12018357	N:TG[T>G]TA	1	135000.0	260974779
JG0139c	2	12056558	N:AC[T>C]CT	-1	38201.0	261012980
JG0139c	2	12063922	N:TT[T>G]CT	-1	7364.0	261020344
JG0139c	2	12075331	N:TC[T>G]TA	-1	11409.0	261031753
JG0139c	2	12187748	N:TC[T>A]TG	-1	112417.0	261144170
JG0139c	2	12341788	N:AT[T>A]TG	-1	154040.0	261298210
JG0139c	2	12403715	N:TC[T>C]TG	1	61927.0	261360137
JG0139c	2	12566073	N:TC[T>C]CT	-1	162358.0	261522495
JG0139c	2	13040665	N:TG[T>C]TG	-1	474592.0	261997087
JG0139c	2	13059336	N:GG[T>A]TT	-1	18671.0	262015758
JG0139c	2	13102072	N:AC[T>C]GT	-1	42736.0	262058494
JG0139c	2	13299451	N:TG[C>A]AA	1	197379.0	262255873
JG0139c	2	13318018	N:AA[T>G]TG	-1	18567.0	262274440
JG0139c	2	13607394	N:TT[T>G]TA	-1	289376.0	262563816
JG0139c	2	13841068	N:TC[T>C]GA	-1	233674.0	262797490
JG0139c	2	14296185	N:GC[T>G]TG	1	455117.0	263252607
JG0139c	2	14461746	N:CC[T>G]TC	1	165561.0	263418168
JG0139c	2	14600554	N:CC[T>G]TG	1	138808.0	263556976
JG0139c	2	15171004	U:AC[T>C]TG	-1	570450.0	264127426
JG0139c	2	15496652	U:TC[T>A]TT	-1	325648.0	264453074
JG0139c	2	15743770	N:GC[T>G]TG	1	247118.0	264700192
JG0139c	2	15867664	N:TC[T>C]CT	-1	123894.0	264824086
JG0139c	2	15900536	N:GC[T>C]TG	-1	32872.0	264856958
JG0139c	2	16024315	N:AC[T>G]TA	-1	123779.0	264980737
JG0139c	2	16525763	N:TC[T>C]GG	-1	501448.0	265482185
JG0139c	2	16732421	N:TC[T>C]TT	1	206658.0	265688843
JG0139c	2	16759166	N:TC[T>G]TA	1	26745.0	265715588
JG0139c	2	17032668	N:TG[T>G]TT	1	273502.0	265989090
JG0139c	2	17211497	N:TC[T>G]TA	1	178829.0	266167919
JG0139c	2	17469093	N:AC[T>G]TA	-1	257596.0	266425515
JG0139c	2	18038860	N:CC[T>A]CA	1	569767.0	266995282
JG0139c	2	18341100	N:AC[T>G]CA	-1	302240.0	267297522
JG0139c	2	19274577	N:TC[T>C]TA	1	933477.0	268230999
JG0139c	2	19457243	N:AC[T>G]TA	-1	182666.0	268413665
JG0139c	2	19467147	N:TC[T>C]TG	-1	9904.0	268423569
JG0139c	2	19476997	N:AC[T>G]TA	-1	9850.0	268433419
JG0139c	2	19508614	N:AG[T>G]TA	1	31617.0	268465036
JG0139c	2	19622109	N:AC[T>A]TA	-1	113495.0	268578531
JG0139c	2	19672552	N:GC[T>C]TA	-1	50443.0	268628974
JG0139c	2	20172460	N:TC[T>C]CC	-1	499908.0	269128882
JG0139c	2	20270257	U:AC[T>G]TA	-1	97797.0	269226679
JG0139c	2	20540675	N:AT[T>G]CC	1	270418.0	269497097
JG0139c	2	21041087	U:TC[T>C]CA	-1	500412.0	269997509
JG0139c	2	21388807	N:AC[T>C]TA	-1	347720.0	270345229
JG0139c	2	22168582	N:GG[T>C]TT	-1	779775.0	271125004
JG0139c	2	22580438	N:CA[T>G]TT	1	411856.0	271536860
JG0139c	2	22830603	N:CC[T>G]TT	1	250165.0	271787025
JG0139c	2	25060570	T:AC[C>A]AC	-1	2229967.0	274016992
JG0139c	2	25385343	U:CC[T>C]TG	-1	324773.0	274341765
JG0139c	2	26968035	N:AC[T>G]TA	-1	1582692.0	275924457
JG0139c	2	27412724	N:AC[T>G]CA	-1	444689.0	276369146
JG0139c	2	27609527	T:TC[T>C]CG	-1	196803.0	276565949
JG0139c	2	27775614	T:AC[T>C]TT	-1	166087.0	276732036
JG0139c	2	27798680	T:AC[T>G]TC	1	23066.0	276755102
JG0139c	2	27911478	T:CC[T>C]TA	-1	112798.0	276867900
JG0139c	2	27941436	T:GA[T>G]TA	-1	29958.0	276897858
JG0139c	2	28050799	T:AC[T>A]TA	-1	109363.0	277007221
JG0139c	2	28076057	T:AC[T>C]CG	-1	25258.0	277032479
JG0139c	2	28353071	N:CC[T>G]CA	1	277014.0	277309493
JG0139c	2	28456748	N:GT[C>A]TT	1	103677.0	277413170
JG0139c	2	28572084	U:AG[T>G]TA	1	115336.0	277528506
JG0139c	2	29600087	U:TC[T>A]GC	-1	1028003.0	278556509
JG0139c	2	29600461	U:AC[T>C]TC	-1	374.0	278556883
JG0139c	2	29860244	U:TC[T>A]TA	-1	259783.0	278816666
JG0139c	2	30252205	T:TC[T>C]CA	-1	391961.0	279208627
JG0139c	2	30492115	U:TC[T>G]GG	1	239910.0	279448537
JG0139c	2	30728108	T:AC[T>G]TA	1	235993.0	279684530
JG0139c	2	30752406	U:TC[T>C]CA	-1	24298.0	279708828
JG0139c	2	30790262	T:TC[T>G]TC	1	37856.0	279746684
JG0139c	2	31025688	U:AC[T>A]TG	-1	235426.0	279982110
JG0139c	2	31049058	T:TC[T>A]TG	1	23370.0	280005480
JG0139c	2	31093809	U:TC[T>G]TA	-1	44751.0	280050231
JG0139c	2	31110435	U:TC[T>C]GG	-1	16626.0	280066857
JG0139c	2	31144664	N:AC[T>C]CA	-1	34229.0	280101086
JG0139c	2	31261765	U:GC[T>G]GA	1	117101.0	280218187
JG0139c	2	31418353	N:CC[T>G]TT	1	156588.0	280374775
JG0139c	2	32182054	U:GC[C>T]TC	1	763701.0	281138476
JG0139c	2	32247122	U:TC[T>C]CA	-1	65068.0	281203544
JG0139c	2	32583604	T:AC[T>G]TA	-1	336482.0	281540026
JG0139c	2	32649262	U:TC[T>G]TA	1	65658.0	281605684
JG0139c	2	32758787	T:AG[T>G]TG	-1	109525.0	281715209
JG0139c	2	32910120	N:GG[T>C]GC	-1	151333.0	281866542
JG0139c	2	32990039	T:CC[T>C]CA	-1	79919.0	281946461
JG0139c	2	33295503	T:AC[T>C]CA	-1	305464.0	282251925
JG0139c	2	33818733	N:AA[T>A]TA	-1	523230.0	282775155
JG0139c	2	34380651	N:AC[T>G]TC	1	561918.0	283337073
JG0139c	2	35052270	N:TC[T>A]TG	-1	671619.0	284008692
JG0139c	2	35657845	N:TC[T>G]TA	-1	605575.0	284614267
JG0139c	2	35657864	N:AG[T>G]TT	-1	19.0	284614286
JG0139c	2	35737848	N:CA[T>G]TG	1	79984.0	284694270
JG0139c	2	35820134	N:CC[T>A]TT	1	82286.0	284776556
JG0139c	2	36691715	N:GC[T>C]CT	-1	871581.0	285648137
JG0139c	2	36925289	T:AG[T>G]TT	1	233574.0	285881711
JG0139c	2	36952510	T:AC[T>G]CA	1	27221.0	285908932
JG0139c	2	37196146	U:AC[T>C]TG	-1	243636.0	286152568
JG0139c	2	37400508	N:TC[T>C]CA	-1	204362.0	286356930
JG0139c	2	37460085	N:TC[T>G]TG	-1	59577.0	286416507
JG0139c	2	37792228	N:TC[T>A]TA	-1	332143.0	286748650
JG0139c	2	38008354	T:AC[T>G]TA	-1	216126.0	286964776
JG0139c	2	38163431	N:GC[T>G]TC	1	155077.0	287119853
JG0139c	2	38191665	N:AC[T>G]TA	-1	28234.0	287148087
JG0139c	2	38219113	N:CC[T>A]CA	-1	27448.0	287175535
JG0139c	2	38695934	T:AC[T>G]TG	-1	476821.0	287652356
JG0139c	2	38795231	N:TC[T>C]CG	-1	99297.0	287751653
JG0139c	2	39780752	N:AC[T>G]TA	-1	985521.0	288737174
JG0139c	2	39863990	N:GC[T>C]TG	-1	83238.0	288820412
JG0139c	2	40211888	T:TG[T>G]CA	1	347898.0	289168310
JG0139c	2	40635684	N:AC[T>C]TA	-1	423796.0	289592106
JG0139c	2	40809214	N:AC[T>C]CG	-1	173530.0	289765636
JG0139c	2	40888975	N:AT[T>G]TA	-1	79761.0	289845397
JG0139c	2	40920135	N:TC[T>G]TA	-1	31160.0	289876557
JG0139c	2	40924211	N:AA[C>A]AT	-1	4076.0	289880633
JG0139c	2	41257957	N:GG[C>A]AT	1	333746.0	290214379
JG0139c	2	41376833	N:TG[T>C]CA	-1	118876.0	290333255
JG0139c	2	41474075	N:AC[T>G]CT	1	97242.0	290430497
JG0139c	2	41825364	N:TC[T>G]TG	1	351289.0	290781786
JG0139c	2	42181716	U:TC[T>G]CA	1	356352.0	291138138
JG0139c	2	42184584	U:TC[T>G]TG	1	2868.0	291141006
JG0139c	2	42207715	U:TC[T>G]TC	1	23131.0	291164137
JG0139c	2	42764375	N:TC[T>C]TG	-1	556660.0	291720797
JG0139c	2	43535649	T:AC[T>G]CA	1	771274.0	292492071
JG0139c	2	43692332	T:TG[T>C]TA	-1	156683.0	292648754
JG0139c	2	43876622	T:TC[T>C]CA	-1	184290.0	292833044
JG0139c	2	44958714	N:TC[T>A]CA	1	1082092.0	293915136
JG0139c	2	44983682	N:CA[C>G]TT	1	24968.0	293940104
JG0139c	2	45616318	N:GC[T>G]TT	-1	632636.0	294572740
JG0139c	2	45959441	T:AC[T>G]TA	-1	343123.0	294915863
JG0139c	2	46785929	N:TC[T>C]CA	-1	826488.0	295742351
JG0139c	2	46821329	N:GG[C>A]TC	1	35400.0	295777751
JG0139c	2	47969355	N:TC[T>G]TT	1	1148026.0	296925777
JG0139c	2	47990409	N:AC[T>G]CC	1	21054.0	296946831
JG0139c	2	48030800	N:AC[T>C]TG	1	40391.0	296987222
JG0139c	2	48905499	N:AC[T>C]TT	-1	874699.0	297861921
JG0139c	2	49042307	T:GA[T>G]TA	1	136808.0	297998729
JG0139c	2	49102044	U:AC[T>C]CA	-1	59737.0	298058466
JG0139c	2	49335797	N:CC[T>G]CG	-1	233753.0	298292219
JG0139c	2	49412116	N:TT[C>A]TT	1	76319.0	298368538
JG0139c	2	49589567	N:CC[T>C]TT	-1	177451.0	298545989
JG0139c	2	49889449	N:TC[T>G]CA	1	299882.0	298845871
JG0139c	2	49977481	T:AC[T>G]TT	1	88032.0	298933903
JG0139c	2	50098393	T:TC[T>G]CT	1	120912.0	299054815
JG0139c	2	50269107	T:AC[T>C]TA	1	170714.0	299225529
JG0139c	2	50771379	T:AC[T>G]TA	1	502272.0	299727801
JG0139c	2	50790913	U:AC[T>G]TG	-1	19534.0	299747335
JG0139c	2	50961632	U:GC[T>G]TA	-1	170719.0	299918054
JG0139c	2	51045247	N:AG[T>G]TG	1	83615.0	300001669
JG0139c	2	51515278	N:AC[T>G]TG	-1	470031.0	300471700
JG0139c	2	51954099	N:AC[T>C]TT	-1	438821.0	300910521
JG0139c	2	52720189	N:CC[T>C]GT	-1	766090.0	301676611
JG0139c	2	52736205	N:AC[T>G]GA	-1	16016.0	301692627
JG0139c	2	53224705	N:TC[T>A]CA	-1	488500.0	302181127
JG0139c	2	53462201	N:AC[T>G]TA	1	237496.0	302418623
JG0139c	2	53738351	U:TC[T>C]TC	-1	276150.0	302694773
JG0139c	2	53869869	U:AC[T>G]TG	-1	131518.0	302826291
JG0139c	2	53919098	U:AC[T>G]TA	-1	49229.0	302875520
JG0139c	2	54344577	U:AG[T>G]TA	1	425479.0	303300999
JG0139c	2	54698524	N:AC[T>G]CG	-1	353947.0	303654946
JG0139c	2	55838248	N:GG[T>G]TG	-1	1139724.0	304794670
JG0139c	2	56153395	N:AC[T>G]TG	-1	315147.0	305109817
JG0139c	2	56377428	U:AC[T>C]TG	1	224033.0	305333850
JG0139c	2	57245763	N:GC[T>A]TG	1	868335.0	306202185
JG0139c	2	57354257	N:AC[T>G]TT	-1	108494.0	306310679
JG0139c	2	57545293	N:TC[T>C]GA	1	191036.0	306501715
JG0139c	2	57747074	N:TG[T>C]CT	-1	201781.0	306703496
JG0139c	2	57854975	N:TT[T>A]AG	1	107901.0	306811397
JG0139c	2	58164665	U:AC[T>C]TA	-1	309690.0	307121087
JG0139c	2	58214399	U:TC[T>A]TG	-1	49734.0	307170821
JG0139c	2	58496429	N:GC[T>C]CA	-1	282030.0	307452851
JG0139c	2	58496451	N:AC[T>C]TA	-1	22.0	307452873
JG0139c	2	58803241	N:TC[T>G]TA	-1	306790.0	307759663
JG0139c	2	59196722	N:TC[T>C]CC	-1	393481.0	308153144
JG0139c	2	59314240	N:AC[T>A]TG	-1	117518.0	308270662
JG0139c	2	59381198	N:TC[T>G]TG	-1	66958.0	308337620
JG0139c	2	59634604	N:TC[T>C]TG	-1	253406.0	308591026
JG0139c	2	59762857	N:TG[T>G]TG	1	128253.0	308719279
JG0139c	2	59815752	N:TC[T>C]CT	-1	52895.0	308772174
JG0139c	2	59952190	N:TC[T>G]TT	-1	136438.0	308908612
JG0139c	2	59953205	N:TC[T>G]TG	-1	1015.0	308909627
JG0139c	2	59984347	N:AT[T>A]CC	-1	31142.0	308940769
JG0139c	2	60024670	N:GC[T>C]TG	-1	40323.0	308981092
JG0139c	2	60223119	N:GG[T>G]TG	-1	198449.0	309179541
JG0139c	2	60433671	N:CC[T>G]TG	1	210552.0	309390093
JG0139c	2	60661204	N:TC[T>G]TC	1	227533.0	309617626
JG0139c	2	60715171	N:GG[T>G]TC	-1	53967.0	309671593
JG0139c	2	61623686	N:TC[T>G]CG	-1	908515.0	310580108
JG0139c	2	62569369	N:AC[T>A]TG	-1	945683.0	311525791
JG0139c	2	64300533	N:TC[T>G]TA	-1	1731164.0	313256955
JG0139c	2	65474439	N:AC[T>C]TA	1	1173906.0	314430861
JG0139c	2	65878019	N:TC[T>G]TT	1	403580.0	314834441
JG0139c	2	66238366	N:AC[T>G]GA	1	360347.0	315194788
JG0139c	2	66313562	N:AC[T>G]CT	1	75196.0	315269984
JG0139c	2	66442991	T:CC[T>G]TC	-1	129429.0	315399413
JG0139c	2	66640305	N:AC[T>A]TG	-1	197314.0	315596727
JG0139c	2	66640415	N:AC[T>A]TA	-1	110.0	315596837
JG0139c	2	66733725	N:TC[T>G]TA	-1	93310.0	315690147
JG0139c	2	66814866	N:TG[T>G]TT	1	81141.0	315771288
JG0139c	2	66869772	N:AC[T>A]TA	-1	54906.0	315826194
JG0139c	2	66967868	N:TC[T>C]AA	-1	98096.0	315924290
JG0139c	2	67432975	N:GT[T>G]TA	1	465107.0	316389397
JG0139c	2	67590431	N:AA[T>G]CA	-1	157456.0	316546853
JG0139c	2	67660303	N:AG[T>C]CA	-1	69872.0	316616725
JG0139c	2	67891892	N:GC[T>G]TA	-1	231589.0	316848314
JG0139c	2	68073849	N:TC[T>C]TA	-1	181957.0	317030271
JG0139c	2	68157370	T:AC[T>G]TA	1	83521.0	317113792
JG0139c	2	68202615	U:CC[T>G]CG	-1	45245.0	317159037
JG0139c	2	68212207	U:AC[T>A]CA	-1	9592.0	317168629
JG0139c	2	68212278	U:AG[T>C]GA	-1	71.0	317168700
JG0139c	2	68222821	U:TC[T>C]TT	-1	10543.0	317179243
JG0139c	2	68228141	U:AC[T>C]TA	-1	5320.0	317184563
JG0139c	2	68365508	U:GG[T>G]TG	1	137367.0	317321930
JG0139c	2	68368216	T:AC[T>G]TG	-1	2708.0	317324638
JG0139c	2	68426214	N:CC[T>G]CA	1	57998.0	317382636
JG0139c	2	68474038	U:CC[T>C]TG	1	47824.0	317430460
JG0139c	2	68482431	U:AC[T>G]TT	1	8393.0	317438853
JG0139c	2	68504668	T:TC[T>C]TA	-1	22237.0	317461090
JG0139c	2	68525061	T:TC[T>C]CA	-1	20393.0	317481483
JG0139c	2	69264108	N:AC[T>G]TA	1	739047.0	318220530
JG0139c	2	70092312	N:AC[T>G]TT	-1	828204.0	319048734
JG0139c	2	71442063	N:AC[T>G]TT	-1	1349751.0	320398485
JG0139c	2	71654071	T:TG[T>C]TT	-1	212008.0	320610493
JG0139c	2	71681257	T:AC[T>C]TA	-1	27186.0	320637679
JG0139c	2	71910820	N:TG[T>G]CA	1	229563.0	320867242
JG0139c	2	71930524	N:AC[T>C]GG	-1	19704.0	320886946
JG0139c	2	72238460	U:AG[T>C]TA	-1	307936.0	321194882
JG0139c	2	73221031	T:AC[T>C]TA	-1	982571.0	322177453
JG0139c	2	73342774	N:TC[T>C]CG	-1	121743.0	322299196
JG0139c	2	73487692	T:CC[T>C]CA	-1	144918.0	322444114
JG0139c	2	74699735	N:AC[C>A]AA	1	1212043.0	323656157
JG0139c	2	75855505	N:TC[T>G]TT	-1	1155770.0	324811927
JG0139c	2	76306957	N:AC[T>C]TG	-1	451452.0	325263379
JG0139c	2	77471460	T:AC[T>G]TA	1	1164503.0	326427882
JG0139c	2	77812473	N:AC[T>C]TA	1	341013.0	326768895
JG0139c	2	77815514	N:TC[T>C]TG	-1	3041.0	326771936
JG0139c	2	77903337	N:TC[T>G]TT	1	87823.0	326859759
JG0139c	2	78503315	N:TC[T>C]TA	-1	599978.0	327459737
JG0139c	2	78801014	N:TC[T>G]CA	-1	297699.0	327757436
JG0139c	2	79348402	U:AC[T>G]GA	1	547388.0	328304824
JG0139c	2	79432962	T:GC[T>A]GT	-1	84560.0	328389384
JG0139c	2	80157351	T:TG[C>T]TG	-1	724389.0	329113773
JG0139c	2	80333415	T:TC[T>C]AA	-1	176064.0	329289837
JG0139c	2	80380203	T:AA[T>G]TA	-1	46788.0	329336625
JG0139c	2	80577883	U:TC[T>G]TA	1	197680.0	329534305
JG0139c	2	81635748	N:TC[T>G]AA	1	1057865.0	330592170
JG0139c	2	81724591	N:TC[T>A]TT	-1	88843.0	330681013
JG0139c	2	81832254	N:GG[T>G]TA	-1	107663.0	330788676
JG0139c	2	82528790	N:TC[T>A]CC	-1	696536.0	331485212
JG0139c	2	82639514	N:TC[T>G]TC	1	110724.0	331595936
JG0139c	2	82917326	N:TG[T>C]TG	-1	277812.0	331873748
JG0139c	2	83084885	N:GG[T>G]TA	-1	167559.0	332041307
JG0139c	2	83941996	N:AC[T>C]TA	-1	857111.0	332898418
JG0139c	2	84009981	N:AG[T>G]TT	-1	67985.0	332966403
JG0139c	2	84563760	U:TC[T>G]TT	1	553779.0	333520182
JG0139c	2	85660223	U:GC[T>C]TG	-1	1096463.0	334616645
JG0139c	2	86459854	T:GC[T>G]TA	-1	799631.0	335416276
JG0139c	2	86511139	T:TG[T>G]TT	1	51285.0	335467561
JG0139c	2	86532307	T:GC[T>G]TA	1	21168.0	335488729
JG0139c	2	86809235	N:CG[T>G]TT	1	276928.0	335765657
JG0139c	2	88505978	N:GG[T>G]TT	1	1696743.0	337462400
JG0139c	2	89110773	N:AC[T>A]TG	-1	604795.0	338067195
JG0139c	2	91988130	N:AC[T>G]TA	-1	2877357.0	340944552
JG0139c	2	95331283	T:AC[T>C]CC	-1	3343153.0	344287705
JG0139c	2	96713250	U:TG[T>G]TC	-1	1381967.0	345669672
JG0139c	2	96996893	N:TC[T>C]AA	1	283643.0	345953315
JG0139c	2	98116056	T:GC[T>C]CT	-1	1119163.0	347072478
JG0139c	2	98314137	N:CC[T>C]CC	-1	198081.0	347270559
JG0139c	2	98496543	T:GC[T>G]TT	-1	182406.0	347452965
JG0139c	2	98677943	T:TC[T>G]TT	1	181400.0	347634365
JG0139c	2	98736289	N:GC[T>C]TG	1	58346.0	347692711
JG0139c	2	99274942	N:AC[T>C]TA	-1	538653.0	348231364
JG0139c	2	99289837	T:TC[T>C]TG	1	14895.0	348246259
JG0139c	2	99580678	U:CC[T>A]CG	-1	290841.0	348537100
JG0139c	2	99731657	U:AC[T>G]TG	-1	150979.0	348688079
JG0139c	2	100019121	T:TC[T>C]CA	1	287464.0	348975543
JG0139c	2	100345828	N:AG[T>C]TA	-1	326707.0	349302250
JG0139c	2	101000655	N:AA[T>G]TA	1	654827.0	349957077
JG0139c	2	101088264	T:GC[T>G]GA	1	87609.0	350044686
JG0139c	2	101380412	T:TC[T>A]CC	1	292148.0	350336834
JG0139c	2	101730379	U:CG[C>A]TC	1	349967.0	350686801
JG0139c	2	101816050	T:AG[T>A]TG	-1	85671.0	350772472
JG0139c	2	102187161	T:TC[T>G]TT	-1	371111.0	351143583
JG0139c	2	102646441	U:TT[C>T]AC	1	459280.0	351602863
JG0139c	2	102684835	U:TC[T>G]TA	1	38394.0	351641257
JG0139c	2	103169406	N:GC[T>A]CA	1	484571.0	352125828
JG0139c	2	103216452	N:TC[T>G]TG	-1	47046.0	352172874
JG0139c	2	103256766	N:AC[T>G]CC	1	40314.0	352213188
JG0139c	2	103397067	N:AT[C>T]CC	-1	140301.0	352353489
JG0139c	2	104245302	N:TG[T>G]TT	-1	848235.0	353201724
JG0139c	2	104478718	N:TC[T>C]CC	1	233416.0	353435140
JG0139c	2	104548277	N:CC[T>C]CA	1	69559.0	353504699
JG0139c	2	104723323	N:GG[T>G]TA	-1	175046.0	353679745
JG0139c	2	105020335	N:TC[T>G]TA	-1	297012.0	353976757
JG0139c	2	106034653	N:GG[T>A]TA	-1	1014318.0	354991075
JG0139c	2	106319258	N:TC[T>G]CG	-1	284605.0	355275680
JG0139c	2	106361437	N:AC[T>G]TA	-1	42179.0	355317859
JG0139c	2	106553907	N:AC[T>C]AA	-1	192470.0	355510329
JG0139c	2	106906188	N:GG[T>C]CT	-1	352281.0	355862610
JG0139c	2	107537383	N:AC[T>A]TA	1	631195.0	356493805
JG0139c	2	107631031	N:AC[T>G]TG	1	93648.0	356587453
JG0139c	2	108114187	N:TC[T>G]TA	-1	483156.0	357070609
JG0139c	2	108299209	T:GG[T>G]TC	-1	185022.0	357255631
JG0139c	2	108881854	T:TC[T>C]CT	-1	582645.0	357838276
JG0139c	2	108915591	U:GG[T>G]TC	-1	33737.0	357872013
JG0139c	2	109766740	N:TC[T>G]TG	-1	851149.0	358723162
JG0139c	2	110205916	N:GG[T>G]TG	-1	439176.0	359162338
JG0139c	2	111173545	N:TG[T>C]TG	-1	967629.0	360129967
JG0139c	2	111632388	N:CC[T>C]GG	-1	458843.0	360588810
JG0139c	2	112894318	N:AC[T>C]TT	-1	1261930.0	361850740
JG0139c	2	113721650	U:TG[T>G]TA	-1	827332.0	362678072
JG0139c	2	113984103	N:TC[T>C]TG	-1	262453.0	362940525
JG0139c	2	114128939	N:AC[T>A]CA	-1	144836.0	363085361
JG0139c	2	114205761	N:TC[T>C]TA	-1	76822.0	363162183
JG0139c	2	114316415	N:TC[T>C]GG	-1	110654.0	363272837
JG0139c	2	114355494	N:GC[T>C]TG	-1	39079.0	363311916
JG0139c	2	114738929	T:GC[T>G]TC	-1	383435.0	363695351
JG0139c	2	114818177	U:AC[T>G]TA	1	79248.0	363774599
JG0139c	2	114944157	U:AC[T>A]GA	1	125980.0	363900579
JG0139c	2	115030425	U:GG[T>G]TA	1	86268.0	363986847
JG0139c	2	115343876	U:AC[T>G]TT	1	313451.0	364300298
JG0139c	2	116011309	N:TG[T>G]TA	-1	667433.0	364967731
JG0139c	2	116515067	N:TC[T>C]TA	-1	503758.0	365471489
JG0139c	2	116707353	N:GC[T>C]TA	-1	192286.0	365663775
JG0139c	2	116732718	N:TC[T>C]CA	-1	25365.0	365689140
JG0139c	2	117133932	N:TC[T>G]TT	1	401214.0	366090354
JG0139c	2	117214039	N:TC[T>C]TG	-1	80107.0	366170461
JG0139c	2	117258404	N:CC[T>C]TA	-1	44365.0	366214826
JG0139c	2	117765585	N:CC[T>G]CT	1	507181.0	366722007
JG0139c	2	118117038	N:AC[T>G]CA	-1	351453.0	367073460
JG0139c	2	118230579	N:CC[T>G]CA	-1	113541.0	367187001
JG0139c	2	118533625	N:AA[T>G]TA	-1	303046.0	367490047
JG0139c	2	118743742	N:TC[T>G]TT	-1	210117.0	367700164
JG0139c	2	118916005	N:GC[T>G]TT	1	172263.0	367872427
JG0139c	2	119112275	N:CC[T>A]CA	-1	196270.0	368068697
JG0139c	2	119609844	T:TC[T>C]CT	-1	497569.0	368566266
JG0139c	2	119973217	T:AC[T>A]CA	-1	363373.0	368929639
JG0139c	2	120261483	T:TC[T>G]TG	-1	288266.0	369217905
JG0139c	2	120518439	N:TC[T>G]TC	1	256956.0	369474861
JG0139c	2	120573453	N:CC[T>C]GG	-1	55014.0	369529875
JG0139c	2	120767288	T:AC[T>A]CA	-1	193835.0	369723710
JG0139c	2	120938847	U:AG[T>G]TC	1	171559.0	369895269
JG0139c	2	121365584	U:TC[T>G]TC	-1	426737.0	370322006
JG0139c	2	121587191	U:TC[T>C]CA	-1	221607.0	370543613
JG0139c	2	121678279	N:TG[T>G]TT	1	91088.0	370634701
JG0139c	2	121940557	N:TC[T>C]CA	-1	262278.0	370896979
JG0139c	2	122074244	N:GC[T>C]CA	-1	133687.0	371030666
JG0139c	2	122098787	N:GC[T>G]TA	-1	24543.0	371055209
JG0139c	2	122119979	N:AC[T>C]TC	-1	21192.0	371076401
JG0139c	2	122124147	N:AC[T>G]TC	1	4168.0	371080569
JG0139c	2	122163349	N:TC[T>C]CC	-1	39202.0	371119771
JG0139c	2	122605854	N:AG[T>G]TG	1	442505.0	371562276
JG0139c	2	123491689	N:AC[T>G]TA	-1	885835.0	372448111
JG0139c	2	123740259	N:TG[T>A]CA	-1	248570.0	372696681
JG0139c	2	123755562	N:AA[T>G]TA	1	15303.0	372711984
JG0139c	2	124122082	T:AT[C>G]CC	-1	366520.0	373078504
JG0139c	2	124311075	U:AC[T>G]TC	1	188993.0	373267497
JG0139c	2	124586621	T:AC[T>C]TG	-1	275546.0	373543043
JG0139c	2	124865948	T:TT[T>G]TT	-1	279327.0	373822370
JG0139c	2	125021669	N:TC[T>G]TG	1	155721.0	373978091
JG0139c	2	125938072	N:TT[T>G]CA	1	916403.0	374894494
JG0139c	2	125983507	N:GC[T>C]CA	-1	45435.0	374939929
JG0139c	2	126371644	N:GC[T>C]TG	-1	388137.0	375328066
JG0139c	2	126374909	N:AC[T>C]TG	-1	3265.0	375331331
JG0139c	2	126510616	N:TT[T>G]TC	1	135707.0	375467038
JG0139c	2	126512845	N:AC[T>G]CA	1	2229.0	375469267
JG0139c	2	126532318	N:CC[T>G]TG	1	19473.0	375488740
JG0139c	2	126546977	N:GA[T>G]TT	1	14659.0	375503399
JG0139c	2	126575804	N:TC[T>A]TG	-1	28827.0	375532226
JG0139c	2	126576437	N:AA[T>G]TA	1	633.0	375532859
JG0139c	2	126695235	U:TC[T>C]GG	1	118798.0	375651657
JG0139c	2	126721556	N:CA[T>G]TC	1	26321.0	375677978
JG0139c	2	127064227	U:CC[T>C]CC	-1	342671.0	376020649
JG0139c	2	127277075	U:TC[T>G]TG	-1	212848.0	376233497
JG0139c	2	128837992	N:AC[T>G]TT	-1	1560917.0	377794414
JG0139c	2	128923226	N:CA[T>C]TG	-1	85234.0	377879648
JG0139c	2	129302461	N:TC[T>C]CC	-1	379235.0	378258883
JG0139c	2	129733544	N:CA[T>G]TC	-1	431083.0	378689966
JG0139c	2	129766590	N:TC[T>G]TG	-1	33046.0	378723012
JG0139c	2	130272970	N:CC[T>G]CA	-1	506380.0	379229392
JG0139c	2	130730393	N:AC[T>G]TG	1	457423.0	379686815
JG0139c	2	130811486	N:CC[T>G]TG	1	81093.0	379767908
JG0139c	2	131676890	N:AG[T>G]TT	1	865404.0	380633312
JG0139c	2	132137477	N:GC[T>C]CA	-1	460587.0	381093899
JG0139c	2	132142996	N:AC[T>G]TA	-1	5519.0	381099418
JG0139c	2	132483816	T:GC[T>C]CC	-1	340820.0	381440238
JG0139c	2	132875700	T:AC[T>G]AA	1	391884.0	381832122
JG0139c	2	133078606	U:AC[T>G]TT	-1	202906.0	382035028
JG0139c	2	133151882	T:CC[T>G]CA	1	73276.0	382108304
JG0139c	2	133678352	N:AC[T>C]TT	-1	526470.0	382634774
JG0139c	2	133692080	N:TT[T>G]TA	1	13728.0	382648502
JG0139c	2	135660212	U:AT[T>C]TG	1	1968132.0	384616634
JG0139c	2	136105135	N:CG[T>G]CC	-1	444923.0	385061557
JG0139c	2	136212053	N:AC[T>G]CA	-1	106918.0	385168475
JG0139c	2	136253850	N:AC[T>G]TC	1	41797.0	385210272
JG0139c	2	136271772	N:TT[T>G]TA	-1	17922.0	385228194
JG0139c	2	136766678	T:GC[T>G]CA	-1	494906.0	385723100
JG0139c	2	137279396	T:GC[T>C]CT	-1	512718.0	386235818
JG0139c	2	138004597	T:GG[T>G]TA	-1	725201.0	386961019
JG0139c	2	138332505	N:TC[T>G]TA	-1	327908.0	387288927
JG0139c	2	138394160	N:TC[T>C]TC	-1	61655.0	387350582
JG0139c	2	138495162	N:TC[T>A]TG	-1	101002.0	387451584
JG0139c	2	138784047	N:AG[T>G]TT	1	288885.0	387740469
JG0139c	2	139212255	N:GC[T>G]CT	1	428208.0	388168677
JG0139c	2	139257923	N:TC[T>C]TG	-1	45668.0	388214345
JG0139c	2	139645610	N:GA[T>A]TG	-1	387687.0	388602032
JG0139c	2	139937605	N:AC[T>G]TC	1	291995.0	388894027
JG0139c	2	139992940	N:GC[T>A]TG	-1	55335.0	388949362
JG0139c	2	141274040	U:TA[T>C]AA	-1	1281100.0	390230462
JG0139c	2	141353859	U:TC[T>G]CA	-1	79819.0	390310281
JG0139c	2	141458471	U:TC[T>C]CC	-1	104612.0	390414893
JG0139c	2	141872961	U:AC[T>C]TG	-1	414490.0	390829383
JG0139c	2	142063098	U:TC[T>C]GG	-1	190137.0	391019520
JG0139c	2	142323794	N:TC[T>C]GA	-1	260696.0	391280216
JG0139c	2	142446933	N:TC[T>G]TA	-1	123139.0	391403355
JG0139c	2	142659339	N:CT[C>A]TG	1	212406.0	391615761
JG0139c	2	143105665	U:GC[T>A]CA	1	446326.0	392062087
JG0139c	2	143189098	U:GA[T>G]TA	1	83433.0	392145520
JG0139c	2	143566878	T:AG[T>G]TT	-1	377780.0	392523300
JG0139c	2	143779009	N:AC[T>G]TC	1	212131.0	392735431
JG0139c	2	144455255	U:TT[C>G]TC	-1	676246.0	393411677
JG0139c	2	145064771	N:AC[T>A]TT	-1	609516.0	394021193
JG0139c	2	145437391	N:AG[T>C]GG	-1	372620.0	394393813
JG0139c	2	146266616	N:TC[T>C]TA	-1	829225.0	395223038
JG0139c	2	146371948	N:TC[T>A]CT	1	105332.0	395328370
JG0139c	2	146514320	N:GT[T>G]TA	1	142372.0	395470742
JG0139c	2	146598566	N:TC[T>C]TA	-1	84246.0	395554988
JG0139c	2	147004037	N:AC[T>C]TA	-1	405471.0	395960459
JG0139c	2	147085324	N:AC[T>A]CC	-1	81287.0	396041746
JG0139c	2	147104633	N:TC[T>C]TA	-1	19309.0	396061055
JG0139c	2	147439441	N:TC[T>G]TG	-1	334808.0	396395863
JG0139c	2	147653000	N:AC[T>G]CA	-1	213559.0	396609422
JG0139c	2	147777085	N:AG[T>G]TA	-1	124085.0	396733507
JG0139c	2	147867396	U:AC[T>G]TG	1	90311.0	396823818
JG0139c	2	148339365	T:AC[T>C]TT	-1	471969.0	397295787
JG0139c	2	148687826	U:TC[T>G]TT	1	348461.0	397644248
JG0139c	2	148836665	N:AC[T>G]TG	-1	148839.0	397793087
JG0139c	2	149192936	T:AC[T>G]TA	-1	356271.0	398149358
JG0139c	2	149418130	U:CC[T>G]CA	1	225194.0	398374552
JG0139c	2	150257398	N:TC[T>G]TG	1	839268.0	399213820
JG0139c	2	150550837	N:AC[T>G]TA	1	293439.0	399507259
JG0139c	2	150618017	N:AC[T>G]TT	-1	67180.0	399574439
JG0139c	2	151371343	T:GG[T>G]TA	-1	753326.0	400327765
JG0139c	2	151728035	U:GC[T>G]TA	-1	356692.0	400684457
JG0139c	2	151908802	T:GG[T>G]TA	1	180767.0	400865224
JG0139c	2	152364919	T:TC[T>C]TC	-1	456117.0	401321341
JG0139c	2	152776089	N:TG[T>A]TG	-1	411170.0	401732511
JG0139c	2	152813099	N:AG[T>G]CT	1	37010.0	401769521
JG0139c	2	152899312	N:GC[T>C]TT	-1	86213.0	401855734
JG0139c	2	152959622	N:TT[T>A]AA	1	60310.0	401916044
JG0139c	2	153028106	N:TC[T>G]TA	-1	68484.0	401984528
JG0139c	2	153174542	N:AG[T>G]TA	-1	146436.0	402130964
JG0139c	2	153464783	N:TC[T>G]TG	1	290241.0	402421205
JG0139c	2	153574191	N:CC[T>C]TA	-1	109408.0	402530613
JG0139c	2	153790802	N:AC[C>A]CA	1	216611.0	402747224
JG0139c	2	154391401	U:TG[T>G]TA	1	600599.0	403347823
JG0139c	2	154609783	N:AC[T>C]CT	1	218382.0	403566205
JG0139c	2	154674489	N:GG[T>G]TA	1	64706.0	403630911
JG0139c	2	154974074	N:AC[T>G]TG	-1	299585.0	403930496
JG0139c	2	155489073	N:AC[T>G]TT	1	514999.0	404445495
JG0139c	2	156412821	N:AC[T>C]GC	-1	923748.0	405369243
JG0139c	2	156483099	T:TC[T>G]TA	-1	70278.0	405439521
JG0139c	2	156513013	T:GG[T>A]GG	-1	29914.0	405469435
JG0139c	2	156647490	N:AC[T>C]TG	-1	134477.0	405603912
JG0139c	2	156734500	N:TC[T>C]CA	-1	87010.0	405690922
JG0139c	2	157482542	U:AC[T>C]CC	-1	748042.0	406438964
JG0139c	2	158270091	T:AC[T>G]TA	1	787549.0	407226513
JG0139c	2	158465147	T:CC[T>C]CA	-1	195056.0	407421569
JG0139c	2	158866665	N:CC[T>C]TC	-1	401518.0	407823087
JG0139c	2	158891946	N:AC[T>C]GG	-1	25281.0	407848368
JG0139c	2	158921153	N:TG[T>G]TT	-1	29207.0	407877575
JG0139c	2	159189889	T:TC[T>C]TA	-1	268736.0	408146311
JG0139c	2	159290658	N:AA[T>G]TT	1	100769.0	408247080
JG0139c	2	159805069	U:GA[T>G]TA	-1	514411.0	408761491
JG0139c	2	160013168	U:TC[T>G]AA	-1	208099.0	408969590
JG0139c	2	160013187	T:GA[T>G]TG	1	19.0	408969609
JG0139c	2	162241163	U:AC[T>C]CA	-1	2227976.0	411197585
JG0139c	2	162489965	U:TC[T>G]TG	-1	248802.0	411446387
JG0139c	2	162635871	U:GC[T>C]TG	-1	145906.0	411592293
JG0139c	2	164041571	N:GG[C>A]CA	-1	1405700.0	412997993
JG0139c	2	165246024	T:AG[T>G]CA	-1	1204453.0	414202446
JG0139c	2	165317448	T:AC[T>G]TA	-1	71424.0	414273870
JG0139c	2	165495478	T:GC[T>G]TG	-1	178030.0	414451900
JG0139c	2	166919725	T:AC[T>C]TG	-1	1424247.0	415876147
JG0139c	2	167727336	N:AG[T>G]TA	-1	807611.0	416683758
JG0139c	2	168221584	U:TG[T>C]TG	-1	494248.0	417178006
JG0139c	2	168560799	T:AC[T>C]TT	-1	339215.0	417517221
JG0139c	2	168867326	N:AG[T>G]TG	-1	306527.0	417823748
JG0139c	2	169047076	N:AC[T>G]CA	1	179750.0	418003498
JG0139c	2	169556522	U:AC[T>C]CC	-1	509446.0	418512944
JG0139c	2	170192277	T:AC[T>G]TA	-1	635755.0	419148699
JG0139c	2	170497055	T:TC[T>G]CA	-1	304778.0	419453477
JG0139c	2	171451866	T:AC[T>G]TA	-1	954811.0	420408288
JG0139c	2	172547403	N:GG[T>G]TG	-1	1095537.0	421503825
JG0139c	2	172607410	T:TC[T>G]TA	-1	60007.0	421563832
JG0139c	2	173108414	T:GC[T>G]CA	-1	501004.0	422064836
JG0139c	2	173224136	T:TT[T>C]TG	-1	115722.0	422180558
JG0139c	2	174702998	N:AC[T>G]CA	-1	1478862.0	423659420
JG0139c	2	175200304	N:GC[T>C]TA	-1	497306.0	424156726
JG0139c	2	175706424	N:AC[T>G]TT	-1	506120.0	424662846
JG0139c	2	175709762	N:CG[T>G]TG	-1	3338.0	424666184
JG0139c	2	176438244	N:GC[T>G]TT	-1	728482.0	425394666
JG0139c	2	179834535	U:TC[T>G]TT	-1	3396291.0	428790957
JG0139c	2	180171757	N:TC[T>A]TT	-1	337222.0	429128179
JG0139c	2	180536291	N:TC[T>C]TA	-1	364534.0	429492713
JG0139c	2	180855297	N:GC[T>G]TA	-1	319006.0	429811719
JG0139c	2	181620968	T:GC[T>G]TA	1	765671.0	430577390
JG0139c	2	181960245	N:TC[T>G]TC	-1	339277.0	430916667
JG0139c	2	182037608	T:GG[T>G]TT	-1	77363.0	430994030
JG0139c	2	182397002	U:AC[T>C]TA	-1	359394.0	431353424
JG0139c	2	182411459	U:TC[T>C]TA	-1	14457.0	431367881
JG0139c	2	184236646	N:AT[T>G]TG	-1	1825187.0	433193068
JG0139c	2	185784245	T:CC[T>G]TA	-1	1547599.0	434740667
JG0139c	2	186883193	N:TG[T>G]TA	-1	1098948.0	435839615
JG0139c	2	187049933	N:AC[T>C]GA	-1	166740.0	436006355
JG0139c	2	189285614	N:TC[T>A]TG	-1	2235681.0	438242036
JG0139c	2	190273010	U:GG[T>A]TA	-1	987396.0	439229432
JG0139c	2	190745357	N:AC[T>A]TG	-1	472347.0	439701779
JG0139c	2	190770497	N:TC[T>C]TA	-1	25140.0	439726919
JG0139c	2	191236826	N:TC[T>C]TG	-1	466329.0	440193248
JG0139c	2	191463398	N:GC[T>C]GA	-1	226572.0	440419820
JG0139c	2	192044604	U:GC[T>G]TG	-1	581206.0	441001026
JG0139c	2	192232918	N:AC[T>G]GA	-1	188314.0	441189340
JG0139c	2	192394197	N:AG[T>C]CT	-1	161279.0	441350619
JG0139c	2	193400825	N:GG[T>A]CA	-1	1006628.0	442357247
JG0139c	2	195184889	N:GC[T>G]TA	-1	1784064.0	444141311
JG0139c	2	196993337	U:AC[T>C]CC	-1	1808448.0	445949759
JG0139c	2	197233025	U:AC[C>A]AG	-1	239688.0	446189447
JG0139c	2	198046273	T:AC[T>C]TA	-1	813248.0	447002695
JG0139c	2	198689943	N:TC[T>C]TT	-1	643670.0	447646365
JG0139c	2	199306679	U:TC[T>G]TA	-1	616736.0	448263101
JG0139c	2	199319329	U:GG[T>G]TT	-1	12650.0	448275751
JG0139c	2	199971137	T:AC[T>G]TC	-1	651808.0	448927559
JG0139c	2	200145975	N:TG[T>A]CT	1	174838.0	449102397
JG0139c	2	200165688	N:TG[T>C]TT	-1	19713.0	449122110
JG0139c	2	200578395	U:GC[T>G]TA	1	412707.0	449534817
JG0139c	2	200608836	T:GG[T>C]GA	-1	30441.0	449565258
JG0139c	2	200852649	N:GA[T>A]CT	-1	243813.0	449809071
JG0139c	2	201154031	T:AC[T>G]CA	-1	301382.0	450110453
JG0139c	2	201163159	T:AC[T>G]TG	-1	9128.0	450119581
JG0139c	2	202754947	T:GC[T>C]TC	-1	1591788.0	451711369
JG0139c	2	203578750	N:AG[T>G]TA	1	823803.0	452535172
JG0139c	2	203624595	N:CC[T>G]TA	1	45845.0	452581017
JG0139c	2	203686548	N:TC[T>C]TA	-1	61953.0	452642970
JG0139c	2	203986112	N:TC[T>C]GG	1	299564.0	452942534
JG0139c	2	204807659	T:TT[T>G]TA	-1	821547.0	453764081
JG0139c	2	204843114	T:CC[T>G]TC	-1	35455.0	453799536
JG0139c	2	205875750	N:AC[T>A]TA	-1	1032636.0	454832172
JG0139c	2	206750654	U:TC[T>G]TA	-1	874904.0	455707076
JG0139c	2	206917792	N:TC[T>G]TT	1	167138.0	455874214
JG0139c	2	207442495	N:TC[T>G]GA	1	524703.0	456398917
JG0139c	2	207796803	N:GG[T>G]TG	-1	354308.0	456753225
JG0139c	2	208060225	N:CC[T>G]CA	-1	263422.0	457016647
JG0139c	2	208086859	N:GC[T>C]CA	-1	26634.0	457043281
JG0139c	2	208625200	N:TA[T>G]TG	1	538341.0	457581622
JG0139c	2	208880968	N:AA[T>G]TT	-1	255768.0	457837390
JG0139c	2	209007569	N:TT[T>G]TT	-1	126601.0	457963991
JG0139c	2	209264091	N:AC[T>G]TA	1	256522.0	458220513
JG0139c	2	209558744	U:CC[T>G]TT	1	294653.0	458515166
JG0139c	2	209608179	U:AG[T>G]TA	1	49435.0	458564601
JG0139c	2	209666047	U:AA[T>G]TT	1	57868.0	458622469
JG0139c	2	209953650	U:TG[T>G]TG	1	287603.0	458910072
JG0139c	2	210289856	N:GC[T>C]TG	-1	336206.0	459246278
JG0139c	2	210325414	N:TC[T>C]CA	1	35558.0	459281836
JG0139c	2	210346584	N:TT[T>G]TT	1	21170.0	459303006
JG0139c	2	210515281	U:GC[T>G]CT	1	168697.0	459471703
JG0139c	2	210572814	T:TC[T>C]TG	-1	57533.0	459529236
JG0139c	2	211213528	N:AC[T>G]TC	-1	640714.0	460169950
JG0139c	2	211256927	N:AC[T>C]TG	-1	43399.0	460213349
JG0139c	2	211305696	N:TC[T>A]CA	-1	48769.0	460262118
JG0139c	2	211478228	U:GC[T>C]GG	-1	172532.0	460434650
JG0139c	2	211629613	U:GC[T>C]TT	-1	151385.0	460586035
JG0139c	2	211925787	U:TC[T>C]TT	-1	296174.0	460882209
JG0139c	2	212034859	U:GC[T>C]TA	-1	109072.0	460991281
JG0139c	2	212622719	N:AT[C>T]AA	1	587860.0	461579141
JG0139c	2	212641454	N:AG[T>G]CA	-1	18735.0	461597876
JG0139c	2	212654270	N:AC[T>G]CC	1	12816.0	461610692
JG0139c	2	212697408	N:CG[T>G]TT	1	43138.0	461653830
JG0139c	2	212709187	N:TC[T>G]TA	1	11779.0	461665609
JG0139c	2	213770701	T:TC[T>C]CA	-1	1061514.0	462727123
JG0139c	2	213867690	T:CC[T>C]CG	-1	96989.0	462824112
JG0139c	2	213968269	T:AC[T>A]TG	-1	100579.0	462924691
JG0139c	2	214923937	N:TC[T>C]TA	1	955668.0	463880359
JG0139c	2	215051498	U:AC[T>G]TA	-1	127561.0	464007920
JG0139c	2	215073794	U:AC[T>G]CG	-1	22296.0	464030216
JG0139c	2	215814824	N:TC[T>A]TG	-1	741030.0	464771246
JG0139c	2	216069773	T:AC[T>G]AA	1	254949.0	465026195
JG0139c	2	216192324	T:AC[T>C]CA	-1	122551.0	465148746
JG0139c	2	216322756	U:CC[T>C]CC	-1	130432.0	465279178
JG0139c	2	216486339	N:GC[T>G]CA	-1	163583.0	465442761
JG0139c	2	216618823	N:TC[T>A]TC	-1	132484.0	465575245
JG0139c	2	216757226	N:TC[T>C]TA	-1	138403.0	465713648
JG0139c	2	216931008	N:AC[T>A]CA	-1	173782.0	465887430
JG0139c	2	217120013	N:CC[T>A]TA	-1	189005.0	466076435
JG0139c	2	217123997	N:TC[T>C]TA	1	3984.0	466080419
JG0139c	2	217299662	N:AC[T>G]TT	-1	175665.0	466256084
JG0139c	2	217301229	N:TC[T>C]GC	1	1567.0	466257651
JG0139c	2	217423509	N:TC[T>C]TA	-1	122280.0	466379931
JG0139c	2	217491311	N:GC[T>G]TA	-1	67802.0	466447733
JG0139c	2	217496759	N:AC[T>C]TG	1	5448.0	466453181
JG0139c	2	217596759	N:TC[T>G]TA	-1	100000.0	466553181
JG0139c	2	217618690	N:TC[T>G]TC	1	21931.0	466575112
JG0139c	2	217639167	N:AC[T>G]TA	1	20477.0	466595589
JG0139c	2	217987183	T:TC[T>C]CA	1	348016.0	466943605
JG0139c	2	217988717	T:GA[T>G]TT	1	1534.0	466945139
JG0139c	2	218809771	T:GC[T>C]CA	-1	821054.0	467766193
JG0139c	2	219021127	T:AC[T>C]CT	1	211356.0	467977549
JG0139c	2	219744120	N:GG[T>C]TG	1	722993.0	468700542
JG0139c	2	219745591	N:AC[T>G]CA	-1	1471.0	468702013
JG0139c	2	219770074	N:CC[T>A]TA	-1	24483.0	468726496
JG0139c	2	219895266	N:TC[T>C]GC	1	125192.0	468851688
JG0139c	2	220033478	N:TT[T>G]TT	1	138212.0	468989900
JG0139c	2	220311266	N:AG[T>C]GA	1	277788.0	469267688
JG0139c	2	220377864	N:AC[T>G]TT	1	66598.0	469334286
JG0139c	2	220489155	N:GA[T>G]TA	-1	111291.0	469445577
JG0139c	2	221052550	N:AC[T>C]TG	1	563395.0	470008972
JG0139c	2	221185823	N:GC[T>C]TG	1	133273.0	470142245
JG0139c	2	221196753	N:AC[T>G]TG	1	10930.0	470153175
JG0139c	2	221215905	N:AC[T>G]CC	1	19152.0	470172327
JG0139c	2	221755814	N:AC[T>C]CT	-1	539909.0	470712236
JG0139c	2	222013934	N:AC[T>G]CA	1	258120.0	470970356
JG0139c	2	222277954	U:AC[T>A]CA	-1	264020.0	471234376
JG0139c	2	222281794	T:TC[T>C]TA	1	3840.0	471238216
JG0139c	2	222362272	N:GC[T>G]TA	-1	80478.0	471318694
JG0139c	2	222964882	N:GC[T>C]CA	1	602610.0	471921304
JG0139c	2	223091755	N:AG[T>G]TC	1	126873.0	472048177
JG0139c	2	223280078	N:GT[T>G]TA	1	188323.0	472236500
JG0139c	2	223300241	N:CC[T>G]TG	1	20163.0	472256663
JG0139c	2	223302031	N:AC[T>C]CA	1	1790.0	472258453
JG0139c	2	223338508	N:TA[T>G]TA	-1	36477.0	472294930
JG0139c	2	223345049	N:GG[T>G]GT	-1	6541.0	472301471
JG0139c	2	223357264	N:TA[T>G]TC	1	12215.0	472313686
JG0139c	2	223357613	N:TT[T>G]TA	1	349.0	472314035
JG0139c	2	223777232	T:TC[T>G]TA	1	419619.0	472733654
JG0139c	2	223811189	T:GG[T>G]TC	1	33957.0	472767611
JG0139c	2	224009675	U:TG[T>C]CA	-1	198486.0	472966097
JG0139c	2	224024922	T:AG[T>C]TG	1	15247.0	472981344
JG0139c	2	224077558	N:AC[T>C]CA	-1	52636.0	473033980
JG0139c	2	224089135	N:CC[T>C]TG	1	11577.0	473045557
JG0139c	2	224235856	N:CC[T>G]CA	1	146721.0	473192278
JG0139c	2	224267524	N:AC[T>G]TT	-1	31668.0	473223946
JG0139c	2	224280026	N:GG[T>C]CA	1	12502.0	473236448
JG0139c	2	224734781	N:AC[T>A]CA	1	454755.0	473691203
JG0139c	2	224895290	T:AA[T>G]TC	1	160509.0	473851712
JG0139c	2	225056381	N:TC[T>C]TG	-1	161091.0	474012803
JG0139c	2	225214976	N:TC[T>G]TA	1	158595.0	474171398
JG0139c	2	225776168	N:CC[T>A]TG	-1	561192.0	474732590
JG0139c	2	225872406	N:AC[T>C]CA	-1	96238.0	474828828
JG0139c	2	225928339	N:TT[T>C]GC	1	55933.0	474884761
JG0139c	2	225940935	N:TG[T>C]CA	-1	12596.0	474897357
JG0139c	2	226072274	N:GC[T>C]TA	-1	131339.0	475028696
JG0139c	2	226087662	N:AC[T>C]TA	-1	15388.0	475044084
JG0139c	2	226136848	N:TC[T>C]TG	-1	49186.0	475093270
JG0139c	2	226450148	N:AT[T>C]TT	-1	313300.0	475406570
JG0139c	2	226537380	N:AA[T>G]TA	-1	87232.0	475493802
JG0139c	2	226550504	N:TC[T>C]CA	-1	13124.0	475506926
JG0139c	2	226657754	N:CC[T>C]CA	-1	107250.0	475614176
JG0139c	2	226748875	U:AC[T>G]TG	-1	91121.0	475705297
JG0139c	2	227638787	N:AC[T>G]TT	1	889912.0	476595209
JG0139c	2	227752112	N:AC[T>G]GC	1	113325.0	476708534
JG0139c	2	227904527	U:AC[T>G]TT	1	152415.0	476860949
JG0139c	2	227959995	N:AG[T>C]TG	1	55468.0	476916417
JG0139c	2	228100426	T:TC[T>G]TA	1	140431.0	477056848
JG0139c	2	228714662	N:TC[T>A]TA	-1	614236.0	477671084
JG0139c	2	228931091	N:AC[T>G]TT	-1	216429.0	477887513
JG0139c	2	228993971	N:AC[T>A]CA	1	62880.0	477950393
JG0139c	2	229248294	U:GC[T>A]CT	-1	254323.0	478204716
JG0139c	2	229248298	T:CC[T>A]GA	1	4.0	478204720
JG0139c	2	229528757	T:TG[C>A]TT	1	280459.0	478485179
JG0139c	2	229798256	T:GC[T>G]TA	1	269499.0	478754678
JG0139c	2	229933104	U:GA[T>G]TG	1	134848.0	478889526
JG0139c	2	230318305	N:AC[T>G]TA	-1	385201.0	479274727
JG0139c	2	230342848	U:AG[T>G]TT	1	24543.0	479299270
JG0139c	2	230366833	T:AC[T>C]TG	-1	23985.0	479323255
JG0139c	2	231494120	N:TG[T>G]TC	1	1127287.0	480450542
JG0139c	2	231529015	U:AC[T>A]CC	-1	34895.0	480485437
JG0139c	2	231536483	N:GC[T>C]TG	1	7468.0	480492905
JG0139c	2	231629396	N:AC[T>C]TG	1	92913.0	480585818
JG0139c	2	231916857	N:AC[T>A]CA	-1	287461.0	480873279
JG0139c	2	233158561	U:AC[T>C]TA	1	1241704.0	482114983
JG0139c	2	234782658	N:GA[T>G]TT	1	1624097.0	483739080
JG0139c	2	235354715	N:CT[T>G]TT	-1	572057.0	484311137
JG0139c	2	235797429	T:TG[T>A]TG	-1	442714.0	484753851
JG0139c	2	236365952	T:TG[T>G]TC	1	568523.0	485322374
JG0139c	2	236436874	T:TT[T>C]GG	1	70922.0	485393296
JG0139c	2	236934332	N:AC[T>C]TA	-1	497458.0	485890754
JG0139c	2	237104185	N:GC[T>C]GG	-1	169853.0	486060607
JG0139c	2	237274611	N:AC[T>C]AG	1	170426.0	486231033
JG0139c	2	237384574	T:GC[T>C]CG	1	109963.0	486340996
JG0139c	2	237453830	N:TC[T>C]TG	1	69256.0	486410252
JG0139c	2	237618886	N:GC[T>G]CA	1	165056.0	486575308
JG0139c	2	237696053	U:TG[T>G]TT	1	77167.0	486652475
JG0139c	2	237700434	U:AC[T>G]TT	1	4381.0	486656856
JG0139c	2	237713781	U:AC[T>G]CC	1	13347.0	486670203
JG0139c	2	237820726	T:TC[T>G]TT	-1	106945.0	486777148
JG0139c	2	238181238	U:TC[T>G]TA	-1	360512.0	487137660
JG0139c	2	238371376	T:AC[T>C]TT	-1	190138.0	487327798
JG0139c	2	238456472	N:GC[T>C]CA	-1	85096.0	487412894
JG0139c	2	238703186	N:TC[T>A]CT	-1	246714.0	487659608
JG0139c	2	238712266	N:GC[T>C]CA	1	9080.0	487668688
JG0139c	2	238783018	N:AC[T>C]CA	1	70752.0	487739440
JG0139c	2	238881652	U:AG[T>G]TC	1	98634.0	487838074
JG0139c	2	239004326	N:GG[T>A]TT	-1	122674.0	487960748
JG0139c	2	239322821	U:GC[T>C]TA	-1	318495.0	488279243
JG0139c	2	239537976	N:AC[T>A]CA	1	215155.0	488494398
JG0139c	2	239686175	N:TC[T>A]TG	1	148199.0	488642597
JG0139c	2	239765136	N:AC[T>C]CT	-1	78961.0	488721558
JG0139c	2	240198078	N:AG[T>C]CC	1	432942.0	489154500
JG0139c	2	240373981	N:GC[T>C]TG	1	175903.0	489330403
JG0139c	3	101318	N:AG[T>A]TA	-1		491251269
JG0139c	3	210888	T:AC[T>G]TC	-1	109570.0	491360839
JG0139c	3	343360	T:TC[T>G]TT	-1	132472.0	491493311
JG0139c	3	443802	N:GC[T>G]TT	-1	100442.0	491593753
JG0139c	3	467848	N:TC[T>C]CA	-1	24046.0	491617799
JG0139c	3	763834	N:AG[T>C]CA	-1	295986.0	491913785
JG0139c	3	809786	N:AG[T>G]TT	-1	45952.0	491959737
JG0139c	3	955068	N:TG[T>G]TT	1	145282.0	492105019
JG0139c	3	1050499	N:AC[T>C]TA	1	95431.0	492200450
JG0139c	3	1179695	U:CC[T>C]GC	1	129196.0	492329646
JG0139c	3	1533467	N:TG[T>C]TC	1	353772.0	492683418
JG0139c	3	1741869	N:GA[T>G]TT	-1	208402.0	492891820
JG0139c	3	1980162	N:TC[T>A]TT	-1	238293.0	493130113
JG0139c	3	2079015	N:TA[T>G]TA	-1	98853.0	493228966
JG0139c	3	2087319	N:AT[T>G]TA	-1	8304.0	493237270
JG0139c	3	2256991	T:GC[T>C]TA	-1	169672.0	493406942
JG0139c	3	2493255	T:AT[T>A]AT	-1	236264.0	493643206
JG0139c	3	2934645	U:GC[T>C]CT	1	441390.0	494084596
JG0139c	3	3085754	T:CC[T>G]CA	1	151109.0	494235705
JG0139c	3	3345060	N:GC[T>G]TA	-1	259306.0	494495011
JG0139c	3	3456385	N:CC[T>G]CA	1	111325.0	494606336
JG0139c	3	3832406	T:AC[T>C]CA	-1	376021.0	494982357
JG0139c	3	3990428	N:AC[T>C]GA	1	158022.0	495140379
JG0139c	3	4079937	N:TC[T>C]TG	1	89509.0	495229888
JG0139c	3	4450402	T:TC[T>G]TA	1	370465.0	495600353
JG0139c	3	4811039	U:AC[T>G]TG	1	360637.0	495960990
JG0139c	3	5071523	N:AC[T>C]GG	1	260484.0	496221474
JG0139c	3	5110727	N:CC[T>G]TA	1	39204.0	496260678
JG0139c	3	6375739	N:TC[T>C]CT	-1	1265012.0	497525690
JG0139c	3	6855151	U:AG[T>A]TG	1	479412.0	498005102
JG0139c	3	7183544	U:GC[T>C]TG	1	328393.0	498333495
JG0139c	3	7751077	N:GC[T>C]TG	1	567533.0	498901028
JG0139c	3	7794109	N:AT[T>C]TG	1	43032.0	498944060
JG0139c	3	8337172	N:TT[T>G]TC	1	543063.0	499487123
JG0139c	3	9508573	T:TC[T>G]CG	1	1171401.0	500658524
JG0139c	3	11072818	N:TG[T>G]TA	1	1564245.0	502222769
JG0139c	3	11267279	N:AC[T>C]TG	1	194461.0	502417230
JG0139c	3	13317462	T:AC[T>C]TG	1	2050183.0	504467413
JG0139c	3	14246989	N:GC[T>C]AA	1	929527.0	505396940
JG0139c	3	14491251	T:AC[T>A]TA	1	244262.0	505641202
JG0139c	3	14506154	T:GC[T>C]GA	1	14903.0	505656105
JG0139c	3	14680547	T:TT[C>A]TA	-1	174393.0	505830498
JG0139c	3	15328541	T:GG[T>G]CA	1	647994.0	506478492
JG0139c	3	16214556	U:GT[C>A]AA	1	886015.0	507364507
JG0139c	3	16223591	U:AC[T>G]TA	1	9035.0	507373542
JG0139c	3	16387107	T:CC[T>C]TC	1	163516.0	507537058
JG0139c	3	16579562	N:AC[T>C]TA	1	192455.0	507729513
JG0139c	3	17053161	U:GC[T>G]CA	1	473599.0	508203112
JG0139c	3	17055851	U:AC[T>C]CA	1	2690.0	508205802
JG0139c	3	18256652	N:TC[T>C]CG	1	1200801.0	509406603
JG0139c	3	18978902	N:AT[C>A]TT	1	722250.0	510128853
JG0139c	3	19132522	N:AC[T>C]TA	1	153620.0	510282473
JG0139c	3	19454330	U:AC[T>G]TA	1	321808.0	510604281
JG0139c	3	19600786	N:AC[T>C]TA	1	146456.0	510750737
JG0139c	3	19690907	N:AC[T>G]TC	1	90121.0	510840858
JG0139c	3	20595909	N:TC[T>C]GT	1	905002.0	511745860
JG0139c	3	21223293	N:TG[T>C]CT	1	627384.0	512373244
JG0139c	3	21461337	T:GG[T>G]TA	1	238044.0	512611288
JG0139c	3	21485744	T:CC[T>G]TA	1	24407.0	512635695
JG0139c	3	21611467	T:AC[T>A]TT	1	125723.0	512761418
JG0139c	3	22148385	T:GC[T>G]TA	1	536918.0	513298336
JG0139c	3	22211239	T:AC[T>A]TA	1	62854.0	513361190
JG0139c	3	22346425	T:AT[T>G]TA	1	135186.0	513496376
JG0139c	3	22396256	N:GC[T>C]CT	1	49831.0	513546207
JG0139c	3	22416205	N:AC[T>G]TA	1	19949.0	513566156
JG0139c	3	22874682	N:CC[T>G]TG	1	458477.0	514024633
JG0139c	3	22943779	N:TC[T>G]TT	-1	69097.0	514093730
JG0139c	3	23058375	N:TC[T>A]TT	1	114596.0	514208326
JG0139c	3	23110684	N:AC[T>A]CA	1	52309.0	514260635
JG0139c	3	23351394	U:AC[T>A]TT	1	240710.0	514501345
JG0139c	3	23500712	T:GG[C>A]AA	-1	149318.0	514650663
JG0139c	3	23651815	N:AC[T>G]AC	1	151103.0	514801766
JG0139c	3	24939197	N:GC[T>G]TC	1	1287382.0	516089148
JG0139c	3	25386605	U:GC[T>G]TC	1	447408.0	516536556
JG0139c	3	26275387	N:TC[T>G]TA	1	888782.0	517425338
JG0139c	3	26421817	N:AC[T>G]TA	1	146430.0	517571768
JG0139c	3	26574777	N:AC[T>G]CA	1	152960.0	517724728
JG0139c	3	26625014	U:GC[T>C]CC	1	50237.0	517774965
JG0139c	3	26876348	N:CC[C>G]TG	-1	251334.0	518026299
JG0139c	3	26992001	N:AC[T>G]TA	1	115653.0	518141952
JG0139c	3	27036094	N:AC[T>C]CA	1	44093.0	518186045
JG0139c	3	27058381	N:GC[T>G]TG	1	22287.0	518208332
JG0139c	3	27804233	N:AC[T>G]TT	1	745852.0	518954184
JG0139c	3	27846155	N:TC[T>A]CA	1	41922.0	518996106
JG0139c	3	28166793	N:AG[T>C]GC	1	320638.0	519316744
JG0139c	3	28857192	U:AC[T>G]TA	1	690399.0	520007143
JG0139c	3	28971132	U:GC[T>G]TA	1	113940.0	520121083
JG0139c	3	28974401	U:TC[T>C]TA	1	3269.0	520124352
JG0139c	3	29203658	U:GC[T>G]TA	1	229257.0	520353609
JG0139c	3	29649856	U:TC[T>A]CA	1	446198.0	520799807
JG0139c	3	30581707	N:CC[T>G]CA	1	931851.0	521731658
JG0139c	3	32241841	U:TC[T>G]TG	1	1660134.0	523391792
JG0139c	3	33732269	N:TC[T>C]CA	1	1490428.0	524882220
JG0139c	3	33990029	N:TC[T>G]TC	1	257760.0	525139980
JG0139c	3	34371236	N:GC[T>C]TG	1	381207.0	525521187
JG0139c	3	35062649	N:AC[T>G]TG	1	691413.0	526212600
JG0139c	3	35558224	N:CC[T>C]GA	-1	495575.0	526708175
JG0139c	3	36319648	N:TC[T>C]TT	1	761424.0	527469599
JG0139c	3	36446497	U:AC[T>G]CA	1	126849.0	527596448
JG0139c	3	36595741	N:TG[T>G]TG	1	149244.0	527745692
JG0139c	3	36614680	N:TC[T>C]CA	1	18939.0	527764631
JG0139c	3	37661715	U:AG[T>C]GC	1	1047035.0	528811666
JG0139c	3	38038486	N:AC[T>G]CC	1	376771.0	529188437
JG0139c	3	38511844	U:AG[T>G]TG	1	473358.0	529661795
JG0139c	3	38710695	T:GC[T>C]GG	1	198851.0	529860646
JG0139c	3	38771228	T:CA[T>G]TT	1	60533.0	529921179
JG0139c	3	39146776	T:AC[T>C]TC	1	375548.0	530296727
JG0139c	3	39281287	T:GC[T>A]CC	1	134511.0	530431238
JG0139c	3	39288521	N:TC[T>C]GG	1	7234.0	530438472
JG0139c	3	39607007	N:AT[T>G]TC	1	318486.0	530756958
JG0139c	3	39655550	N:CC[T>A]CC	1	48543.0	530805501
JG0139c	3	39685231	N:CC[T>C]TA	1	29681.0	530835182
JG0139c	3	39734169	N:TC[T>C]TA	1	48938.0	530884120
JG0139c	3	39756869	N:AC[T>G]TA	1	22700.0	530906820
JG0139c	3	39777702	N:GG[T>C]CA	1	20833.0	530927653
JG0139c	3	40007560	U:CC[T>A]CA	1	229858.0	531157511
JG0139c	3	40029436	U:GC[T>C]CA	1	21876.0	531179387
JG0139c	3	40301324	N:AC[T>C]TA	-1	271888.0	531451275
JG0139c	3	40548812	N:AC[T>G]TA	1	247488.0	531698763
JG0139c	3	40570194	N:TC[T>G]TT	-1	21382.0	531720145
JG0139c	3	40884813	N:GC[T>C]TG	1	314619.0	532034764
JG0139c	3	41048202	N:TG[T>C]CA	1	163389.0	532198153
JG0139c	3	41290582	T:GG[T>C]TT	1	242380.0	532440533
JG0139c	3	41522299	T:AC[T>C]CA	1	231717.0	532672250
JG0139c	3	42003292	N:AC[T>G]TC	1	480993.0	533153243
JG0139c	3	42076645	U:AC[T>G]TA	1	73353.0	533226596
JG0139c	3	42377881	N:AC[T>A]CA	1	301236.0	533527832
JG0139c	3	43159556	N:TG[T>C]CA	1	781675.0	534309507
JG0139c	3	43194164	N:TC[T>A]CA	-1	34608.0	534344115
JG0139c	3	43365833	N:TC[T>C]CA	1	171669.0	534515784
JG0139c	3	43644670	U:TC[T>C]TG	-1	278837.0	534794621
JG0139c	3	43973730	N:TC[T>C]TT	1	329060.0	535123681
JG0139c	3	44553557	N:TC[T>A]CA	1	579827.0	535703508
JG0139c	3	44730674	U:CC[T>G]TA	1	177117.0	535880625
JG0139c	3	44897131	T:AC[T>A]CC	-1	166457.0	536047082
JG0139c	3	45028794	U:AG[T>G]TG	1	131663.0	536178745
JG0139c	3	45035032	U:GC[T>C]GG	1	6238.0	536184983
JG0139c	3	45077624	N:AC[T>G]TC	-1	42592.0	536227575
JG0139c	3	45884063	T:GC[T>A]CA	1	806439.0	537034014
JG0139c	3	46091094	N:GC[T>G]TA	1	207031.0	537241045
JG0139c	3	46487084	N:AC[T>G]TT	1	395990.0	537637035
JG0139c	3	47069008	T:AC[T>C]GG	1	581924.0	538218959
JG0139c	3	47159487	T:TC[T>G]CA	1	90479.0	538309438
JG0139c	3	47362787	N:TC[T>A]TT	1	203300.0	538512738
JG0139c	3	47374562	N:TC[T>C]GT	1	11775.0	538524513
JG0139c	3	48021415	T:TC[T>G]TG	1	646853.0	539171366
JG0139c	3	48201700	N:GC[T>G]CA	1	180285.0	539351651
JG0139c	3	48283355	U:AG[T>G]CA	1	81655.0	539433306
JG0139c	3	48336944	N:AC[T>A]CC	1	53589.0	539486895
JG0139c	3	48422839	T:TG[T>G]TA	1	85895.0	539572790
JG0139c	3	49718500	B:CC[T>C]GG	1	1295661.0	540868451
JG0139c	3	50667981	N:TA[C>G]TC	-1	949481.0	541817932
JG0139c	3	51072658	U:CC[T>G]CA	1	404677.0	542222609
JG0139c	3	51095049	U:TC[T>C]TT	1	22391.0	542245000
JG0139c	3	51841625	N:CC[T>G]CG	1	746576.0	542991576
JG0139c	3	53403231	T:AC[T>A]TG	-1	1561606.0	544553182
JG0139c	3	54875704	U:GC[T>C]TC	1	1472473.0	546025655
JG0139c	3	55083871	N:TA[C>T]AA	-1	208167.0	546233822
JG0139c	3	55274184	N:TC[T>C]CA	1	190313.0	546424135
JG0139c	3	55533076	U:TG[T>A]TG	-1	258892.0	546683027
JG0139c	3	55648136	T:AC[T>G]CG	1	115060.0	546798087
JG0139c	3	56830334	U:AC[T>G]TA	-1	1182198.0	547980285
JG0139c	3	58344001	T:GG[T>C]TA	-1	1513667.0	549493952
JG0139c	3	58453164	N:CC[T>G]TG	1	109163.0	549603115
JG0139c	3	58944049	U:GC[T>C]TT	-1	490885.0	550094000
JG0139c	3	59250095	N:AC[T>C]TG	-1	306046.0	550400046
JG0139c	3	59317661	N:GC[T>G]TG	-1	67566.0	550467612
JG0139c	3	59385932	N:GC[T>C]TG	-1	68271.0	550535883
JG0139c	3	59518405	N:AC[T>G]TA	1	132473.0	550668356
JG0139c	3	59827701	T:TC[T>C]CA	1	309296.0	550977652
JG0139c	3	59940201	T:AC[T>G]TA	1	112500.0	551090152
JG0139c	3	60016149	T:TC[T>C]TA	1	75948.0	551166100
JG0139c	3	60151656	T:TC[T>A]TT	1	135507.0	551301607
JG0139c	3	60378645	U:GT[T>A]TG	-1	226989.0	551528596
JG0139c	3	60399187	T:TC[T>G]TA	1	20542.0	551549138
JG0139c	3	61069884	U:GC[T>A]TA	-1	670697.0	552219835
JG0139c	3	61343186	N:AC[T>C]TG	1	273302.0	552493137
JG0139c	3	61539201	N:CC[T>C]CA	1	196015.0	552689152
JG0139c	3	62202899	U:CC[T>C]CA	1	663698.0	553352850
JG0139c	3	62309577	N:TC[T>G]TC	1	106678.0	553459528
JG0139c	3	62404273	T:TC[T>C]CA	1	94696.0	553554224
JG0139c	3	62562553	T:TC[T>G]CA	1	158280.0	553712504
JG0139c	3	62614498	U:GC[T>G]TG	-1	51945.0	553764449
JG0139c	3	62766677	T:CC[T>G]TG	1	152179.0	553916628
JG0139c	3	62818257	U:TC[T>C]GA	-1	51580.0	553968208
JG0139c	3	63022824	N:TG[T>A]TG	1	204567.0	554172775
JG0139c	3	63074897	N:GC[T>G]TT	1	52073.0	554224848
JG0139c	3	63087417	N:TG[T>G]TA	1	12520.0	554237368
JG0139c	3	63250934	N:AA[C>G]TA	1	163517.0	554400885
JG0139c	3	63250953	N:AC[T>G]TA	1	19.0	554400904
JG0139c	3	63410060	T:GC[T>A]TG	-1	159107.0	554560011
JG0139c	3	63495834	U:TT[T>G]TT	1	85774.0	554645785
JG0139c	3	63505275	U:AT[T>G]TT	1	9441.0	554655226
JG0139c	3	63599622	U:TT[T>C]TC	1	94347.0	554749573
JG0139c	3	63643570	N:CC[T>C]GG	1	43948.0	554793521
JG0139c	3	63728257	N:TT[T>A]AA	1	84687.0	554878208
JG0139c	3	63796699	N:AC[T>G]TA	1	68442.0	554946650
JG0139c	3	63802666	N:GC[T>G]TG	1	5967.0	554952617
JG0139c	3	64345228	U:TC[T>C]TC	-1	542562.0	555495179
JG0139c	3	64854072	N:AC[T>G]TT	1	508844.0	556004023
JG0139c	3	65074998	N:AG[C>G]TA	-1	220926.0	556224949
JG0139c	3	65182389	N:TC[T>G]TG	1	107391.0	556332340
JG0139c	3	66374417	U:AC[T>G]TA	1	1192028.0	557524368
JG0139c	3	66573836	N:GC[T>G]TA	-1	199419.0	557723787
JG0139c	3	66745105	N:TC[T>C]TA	-1	171269.0	557895056
JG0139c	3	67014493	N:AC[T>C]TC	-1	269388.0	558164444
JG0139c	3	67079276	N:GC[T>C]CA	-1	64783.0	558229227
JG0139c	3	67079735	N:AG[T>C]TT	-1	459.0	558229686
JG0139c	3	67084833	N:GC[T>G]TC	-1	5098.0	558234784
JG0139c	3	67098614	N:AC[T>A]CT	-1	13781.0	558248565
JG0139c	3	67117275	N:TC[T>A]CA	1	18661.0	558267226
JG0139c	3	67273625	N:CC[T>A]CA	1	156350.0	558423576
JG0139c	3	68064284	U:TC[T>C]GG	1	790659.0	559214235
JG0139c	3	68590797	N:AG[T>G]TA	-1	526513.0	559740748
JG0139c	3	69110449	T:CG[T>G]GA	1	519652.0	560260400
JG0139c	3	69786532	T:TC[T>C]CC	-1	676083.0	560936483
JG0139c	3	69881106	T:AC[T>G]TA	-1	94574.0	561031057
JG0139c	3	69924924	T:AC[T>C]CA	-1	43818.0	561074875
JG0139c	3	70094770	N:TC[T>C]CT	-1	169846.0	561244721
JG0139c	3	70178455	N:TC[T>A]CA	-1	83685.0	561328406
JG0139c	3	71464926	T:CC[T>C]CA	1	1286471.0	562614877
JG0139c	3	71498991	T:AG[T>G]TA	1	34065.0	562648942
JG0139c	3	71787234	N:AC[T>C]TA	1	288243.0	562937185
JG0139c	3	72411492	T:TC[T>C]TA	1	624258.0	563561443
JG0139c	3	72738566	N:TC[T>C]GA	1	327074.0	563888517
JG0139c	3	73918077	N:TC[T>C]GA	1	1179511.0	565068028
JG0139c	3	74282002	T:TC[T>G]CA	1	363925.0	565431953
JG0139c	3	74523440	N:CC[T>C]AG	-1	241438.0	565673391
JG0139c	3	74635522	N:AC[T>G]TA	1	112082.0	565785473
JG0139c	3	75012007	N:GC[C>G]TT	-1	376485.0	566161958
JG0139c	3	75152220	N:AG[T>C]GA	1	140213.0	566302171
JG0139c	3	75351780	N:CC[C>T]CC	-1	199560.0	566501731
JG0139c	3	76273682	U:AC[T>A]CA	1	921902.0	567423633
JG0139c	3	77538908	U:AC[T>G]TT	1	1265226.0	568688859
JG0139c	3	77920366	N:TC[T>G]TG	1	381458.0	569070317
JG0139c	3	79483482	U:TC[T>C]CA	-1	1563116.0	570633433
JG0139c	3	79497803	U:AC[T>C]TA	-1	14321.0	570647754
JG0139c	3	79780887	N:GG[T>G]TT	1	283084.0	570930838
JG0139c	3	80129743	N:AC[T>C]CA	-1	348856.0	571279694
JG0139c	3	80164666	N:CC[T>A]TT	-1	34923.0	571314617
JG0139c	3	80339040	N:AC[T>C]CT	1	174374.0	571488991
JG0139c	3	80394282	N:AC[T>C]GA	1	55242.0	571544233
JG0139c	3	81224108	N:CC[T>G]CT	-1	829826.0	572374059
JG0139c	3	81343305	N:AC[T>C]TG	1	119197.0	572493256
JG0139c	3	82269323	N:AC[T>C]TT	-1	926018.0	573419274
JG0139c	3	82529623	N:TC[T>G]TT	1	260300.0	573679574
JG0139c	3	82535298	N:AC[T>A]TT	-1	5675.0	573685249
JG0139c	3	82567689	N:AA[T>G]TT	1	32391.0	573717640
JG0139c	3	82615870	N:TT[T>G]TA	-1	48181.0	573765821
JG0139c	3	82802228	N:GT[T>C]TT	-1	186358.0	573952179
JG0139c	3	84156890	N:TC[T>A]CC	1	1354662.0	575306841
JG0139c	3	84477168	N:CT[T>A]AA	-1	320278.0	575627119
JG0139c	3	84621075	N:AA[T>A]TA	1	143907.0	575771026
JG0139c	3	85266049	U:TC[T>C]CA	1	644974.0	576416000
JG0139c	3	85313738	U:AC[T>C]GA	1	47689.0	576463689
JG0139c	3	85370104	U:AC[T>A]CA	1	56366.0	576520055
JG0139c	3	85371925	U:AC[T>G]TA	1	1821.0	576521876
JG0139c	3	85559532	T:AC[T>G]TA	-1	187607.0	576709483
JG0139c	3	85562053	T:AC[T>G]TT	-1	2521.0	576712004
JG0139c	3	85641710	T:CC[T>A]CG	-1	79657.0	576791661
JG0139c	3	86327886	N:AC[T>C]CA	-1	686176.0	577477837
JG0139c	3	86942273	U:CC[T>C]TT	-1	614387.0	578092224
JG0139c	3	87337073	N:AG[T>A]CA	1	394800.0	578487024
JG0139c	3	87754409	N:TC[T>G]TA	1	417336.0	578904360
JG0139c	3	87817065	N:AC[T>C]TT	-1	62656.0	578967016
JG0139c	3	87822751	N:GC[T>C]TG	-1	5686.0	578972702
JG0139c	3	87891183	N:AC[T>G]TA	1	68432.0	579041134
JG0139c	3	88210780	N:TC[T>A]TT	-1	319597.0	579360731
JG0139c	3	88276216	N:AG[T>G]TA	-1	65436.0	579426167
JG0139c	3	88279787	N:TC[T>C]CT	-1	3571.0	579429738
JG0139c	3	88280128	N:AC[T>C]TT	-1	341.0	579430079
JG0139c	3	88303536	N:AC[T>C]CC	-1	23408.0	579453487
JG0139c	3	88329865	N:AC[T>G]TA	-1	26329.0	579479816
JG0139c	3	88556296	N:AC[T>G]GA	1	226431.0	579706247
JG0139c	3	88657565	N:AC[T>A]TT	-1	101269.0	579807516
JG0139c	3	88869557	N:TC[T>C]TT	1	211992.0	580019508
JG0139c	3	89256439	T:AC[T>C]CC	-1	386882.0	580406390
JG0139c	3	89267662	T:AG[T>G]TA	-1	11223.0	580417613
JG0139c	3	89271031	T:TC[T>C]TT	-1	3369.0	580420982
JG0139c	3	89323229	U:AC[T>G]TA	1	52198.0	580473180
JG0139c	3	89891837	N:AG[T>C]TT	1	568608.0	581041788
JG0139c	3	89928941	N:TC[T>C]CT	1	37104.0	581078892
JG0139c	3	89934805	N:AG[T>C]CC	-1	5864.0	581084756
JG0139c	3	90152138	N:AC[T>C]TG	-1	217333.0	581302089
JG0139c	3	90198576	N:CC[T>G]TA	-1	46438.0	581348527
JG0139c	3	90266924	N:TC[T>A]TT	-1	68348.0	581416875
JG0139c	3	90295478	N:GC[T>C]TT	1	28554.0	581445429
JG0139c	3	90322557	N:AC[T>G]TC	-1	27079.0	581472508
JG0139c	3	90714904	N:GC[T>G]TA	-1	392347.0	581864855
JG0139c	3	91427723	N:TC[T>G]TT	1	712819.0	582577674
JG0139c	3	93804507	N:CC[T>G]TT	1	2376784.0	584954458
JG0139c	3	93922552	U:TT[C>A]GT	-1	118045.0	585072503
JG0139c	3	93951449	T:TC[T>C]TA	1	28897.0	585101400
JG0139c	3	94472128	N:CC[T>G]TC	1	520679.0	585622079
JG0139c	3	94865205	N:AG[T>C]GA	-1	393077.0	586015156
JG0139c	3	94956709	N:GC[T>G]TT	-1	91504.0	586106660
JG0139c	3	95319250	N:AC[T>G]TT	-1	362541.0	586469201
JG0139c	3	95373930	N:TG[T>G]TT	1	54680.0	586523881
JG0139c	3	95945928	N:AA[T>G]TA	-1	571998.0	587095879
JG0139c	3	95963276	N:TC[T>G]TA	-1	17348.0	587113227
JG0139c	3	96244707	N:CC[T>C]GA	1	281431.0	587394658
JG0139c	3	96513844	N:CA[T>C]AC	1	269137.0	587663795
JG0139c	3	96622876	N:TC[T>C]TT	-1	109032.0	587772827
JG0139c	3	96809714	N:AG[T>A]TA	-1	186838.0	587959665
JG0139c	3	97192671	U:AC[T>C]TA	1	382957.0	588342622
JG0139c	3	97272781	U:AG[T>G]TA	1	80110.0	588422732
JG0139c	3	97355256	U:TC[T>G]CG	1	82475.0	588505207
JG0139c	3	97356753	U:AC[T>A]TG	1	1497.0	588506704
JG0139c	3	97381551	T:CA[T>C]GT	-1	24798.0	588531502
JG0139c	3	97700467	U:AC[T>A]CC	1	318916.0	588850418
JG0139c	3	97704079	U:GC[T>G]TT	1	3612.0	588854030
JG0139c	3	97871506	U:AC[T>G]TA	1	167427.0	589021457
JG0139c	3	97872084	U:AC[T>C]TG	1	578.0	589022035
JG0139c	3	98189031	N:GC[T>C]GG	-1	316947.0	589338982
JG0139c	3	98280494	N:AC[T>C]CT	-1	91463.0	589430445
JG0139c	3	98410013	N:TC[T>C]TG	-1	129519.0	589559964
JG0139c	3	98441696	N:AC[T>C]CA	-1	31683.0	589591647
JG0139c	3	98703356	N:TT[T>G]TT	1	261660.0	589853307
JG0139c	3	98763018	T:GG[T>C]CC	-1	59662.0	589912969
JG0139c	3	98817029	U:AC[T>A]TT	-1	54011.0	589966980
JG0139c	3	98882308	U:TC[T>C]TT	-1	65279.0	590032259
JG0139c	3	98886271	T:GG[T>C]CA	1	3963.0	590036222
JG0139c	3	98967973	N:AC[T>C]TG	-1	81702.0	590117924
JG0139c	3	99043330	N:TT[T>G]TT	-1	75357.0	590193281
JG0139c	3	99100731	N:CC[T>G]TC	1	57401.0	590250682
JG0139c	3	99621169	N:TG[T>G]TC	1	520438.0	590771120
JG0139c	3	99629538	N:AT[T>A]TC	1	8369.0	590779489
JG0139c	3	99688801	T:AC[T>G]TA	-1	59263.0	590838752
JG0139c	3	99755806	T:TC[T>C]TT	-1	67005.0	590905757
JG0139c	3	99842658	B:TC[T>C]TG	1	86852.0	590992609
JG0139c	3	99849058	T:TC[T>C]TC	-1	6400.0	590999009
JG0139c	3	99934663	B:GC[T>G]TA	1	85605.0	591084614
JG0139c	3	100089877	B:TC[T>C]TG	1	155214.0	591239828
JG0139c	3	100116176	U:AA[T>G]TA	1	26299.0	591266127
JG0139c	3	100295835	T:TC[T>G]TG	-1	179659.0	591445786
JG0139c	3	100503631	U:AC[T>G]TT	1	207796.0	591653582
JG0139c	3	100541385	U:AG[T>C]CA	1	37754.0	591691336
JG0139c	3	100853389	T:TC[T>G]TA	1	312004.0	592003340
JG0139c	3	100989175	U:CC[T>G]TC	-1	135786.0	592139126
JG0139c	3	101010801	N:CA[T>G]CA	-1	21626.0	592160752
JG0139c	3	101051785	N:TC[T>C]TG	1	40984.0	592201736
JG0139c	3	101078262	N:GC[T>A]CG	1	26477.0	592228213
JG0139c	3	101428687	U:GC[T>C]TC	-1	350425.0	592578638
JG0139c	3	101683925	T:GC[T>C]GG	1	255238.0	592833876
JG0139c	3	102118263	T:TC[T>C]TC	-1	434338.0	593268214
JG0139c	3	102280167	U:TT[T>G]TC	1	161904.0	593430118
JG0139c	3	102326548	T:GC[T>G]TA	-1	46381.0	593476499
JG0139c	3	102354705	U:AT[T>G]TG	1	28157.0	593504656
JG0139c	3	102357307	U:TC[T>C]TA	1	2602.0	593507258
JG0139c	3	102461805	T:CC[T>A]GG	-1	104498.0	593611756
JG0139c	3	102723816	N:TC[T>C]CG	1	262011.0	593873767
JG0139c	3	102973230	N:AG[T>G]TA	-1	249414.0	594123181
JG0139c	3	103138279	N:AC[T>G]TT	-1	165049.0	594288230
JG0139c	3	103502632	N:GT[T>A]TC	-1	364353.0	594652583
JG0139c	3	103792717	N:AG[T>G]TT	-1	290085.0	594942668
JG0139c	3	104005232	N:AC[T>G]TG	-1	212515.0	595155183
JG0139c	3	104016490	N:TT[T>G]TA	-1	11258.0	595166441
JG0139c	3	104498145	N:AA[T>G]TA	-1	481655.0	595648096
JG0139c	3	104498281	N:AC[T>C]AC	-1	136.0	595648232
JG0139c	3	104613852	N:TC[T>C]TT	1	115571.0	595763803
JG0139c	3	104800614	N:TC[T>C]CA	-1	186762.0	595950565
JG0139c	3	104871738	N:TC[T>A]TA	-1	71124.0	596021689
JG0139c	3	105084819	N:GG[T>C]GA	-1	213081.0	596234770
JG0139c	3	105250096	N:GA[T>G]TC	-1	165277.0	596400047
JG0139c	3	105260109	N:TC[T>G]TT	-1	10013.0	596410060
JG0139c	3	105275776	N:TC[T>C]AA	1	15667.0	596425727
JG0139c	3	105838717	T:AC[T>G]CG	1	562941.0	596988668
JG0139c	3	106267552	N:AC[T>G]TA	1	428835.0	597417503
JG0139c	3	106295560	N:TC[T>C]AC	-1	28008.0	597445511
JG0139c	3	106343660	N:TC[T>C]TG	-1	48100.0	597493611
JG0139c	3	106549210	N:TC[T>G]TT	1	205550.0	597699161
JG0139c	3	106680890	N:AC[T>G]TG	1	131680.0	597830841
JG0139c	3	106907638	N:GA[T>G]TA	1	226748.0	598057589
JG0139c	3	106962428	N:GC[T>C]TA	-1	54790.0	598112379
JG0139c	3	107091489	N:TC[T>C]CT	1	129061.0	598241440
JG0139c	3	107179519	N:AG[T>C]TG	-1	88030.0	598329470
JG0139c	3	107182121	N:GG[T>G]TA	-1	2602.0	598332072
JG0139c	3	107219513	N:GC[T>C]TA	1	37392.0	598369464
JG0139c	3	107436076	N:AC[T>G]TA	1	216563.0	598586027
JG0139c	3	107826023	N:TC[T>C]CC	1	389947.0	598975974
JG0139c	3	108026970	N:AC[T>G]GA	-1	200947.0	599176921
JG0139c	3	108573356	T:TC[T>G]TC	1	546386.0	599723307
JG0139c	3	108962593	T:AC[T>G]CA	1	389237.0	600112544
JG0139c	3	109043634	U:AC[T>A]TA	-1	81041.0	600193585
JG0139c	3	109227010	N:AC[T>G]TA	-1	183376.0	600376961
JG0139c	3	109297781	U:AA[T>A]TA	-1	70771.0	600447732
JG0139c	3	109338738	N:AC[T>C]CA	-1	40957.0	600488689
JG0139c	3	109531887	N:TA[T>C]TG	-1	193149.0	600681838
JG0139c	3	109680166	N:AC[T>G]TT	1	148279.0	600830117
JG0139c	3	109844951	N:TC[T>G]TG	-1	164785.0	600994902
JG0139c	3	110134948	N:TC[T>C]TG	-1	289997.0	601284899
JG0139c	3	110154951	N:GC[T>G]TA	-1	20003.0	601304902
JG0139c	3	110326303	N:TG[T>G]TA	-1	171352.0	601476254
JG0139c	3	110367690	N:TC[T>C]CA	-1	41387.0	601517641
JG0139c	3	110406585	N:AC[T>C]CA	1	38895.0	601556536
JG0139c	3	110408517	N:AC[T>C]CA	1	1932.0	601558468
JG0139c	3	110465633	N:AC[T>G]TA	-1	57116.0	601615584
JG0139c	3	110474293	N:TC[T>C]CA	1	8660.0	601624244
JG0139c	3	110504070	N:AG[T>G]TT	-1	29777.0	601654021
JG0139c	3	110596192	N:TC[T>C]CT	1	92122.0	601746143
JG0139c	3	110611670	N:AA[T>A]TA	1	15478.0	601761621
JG0139c	3	110792080	N:AC[T>C]CA	1	180410.0	601942031
JG0139c	3	110905251	N:AC[T>G]TT	-1	113171.0	602055202
JG0139c	3	110937299	N:TC[T>A]TT	1	32048.0	602087250
JG0139c	3	111115994	T:AC[T>C]CA	-1	178695.0	602265945
JG0139c	3	111243664	T:AG[T>G]TA	-1	127670.0	602393615
JG0139c	3	111270239	T:AC[T>G]TC	-1	26575.0	602420190
JG0139c	3	111429877	T:AC[T>C]TA	-1	159638.0	602579828
JG0139c	3	111434596	T:AC[T>A]TA	-1	4719.0	602584547
JG0139c	3	111640411	U:TC[T>G]TC	1	205815.0	602790362
JG0139c	3	111716537	U:AC[T>A]TA	1	76126.0	602866488
JG0139c	3	112042448	U:TC[T>C]CA	1	325911.0	603192399
JG0139c	3	112074112	U:TC[T>C]TA	1	31664.0	603224063
JG0139c	3	112097778	T:TC[T>C]TG	-1	23666.0	603247729
JG0139c	3	112294906	N:GG[T>G]TG	1	197128.0	603444857
JG0139c	3	112379755	N:TT[T>G]TT	1	84849.0	603529706
JG0139c	3	112464578	T:AC[T>G]TA	1	84823.0	603614529
JG0139c	3	112882406	N:TC[T>G]TG	1	417828.0	604032357
JG0139c	3	112934629	U:TC[T>C]CA	-1	52223.0	604084580
JG0139c	3	113157220	N:CC[T>G]TA	1	222591.0	604307171
JG0139c	3	113199556	N:AC[T>C]TA	-1	42336.0	604349507
JG0139c	3	113269404	U:AC[T>G]TG	1	69848.0	604419355
JG0139c	3	113384228	T:TT[T>G]TT	1	114824.0	604534179
JG0139c	3	113980230	T:AC[T>G]CA	1	596002.0	605130181
JG0139c	3	114065442	U:GC[T>A]TA	1	85212.0	605215393
JG0139c	3	114608682	U:AG[T>A]TA	-1	543240.0	605758633
JG0139c	3	114988925	T:CC[T>G]TC	1	380243.0	606138876
JG0139c	3	114996004	U:AC[T>G]TC	-1	7079.0	606145955
JG0139c	3	114997291	T:CC[T>A]TT	1	1287.0	606147242
JG0139c	3	115426038	N:TC[T>G]TA	-1	428747.0	606575989
JG0139c	3	115445535	N:AC[T>C]CA	1	19497.0	606595486
JG0139c	3	115487628	N:AC[T>G]TG	-1	42093.0	606637579
JG0139c	3	115616549	N:TC[T>G]TT	-1	128921.0	606766500
JG0139c	3	115707553	T:AC[T>C]TT	-1	91004.0	606857504
JG0139c	3	115726031	N:AC[T>G]TA	1	18478.0	606875982
JG0139c	3	115726219	N:TC[T>G]CA	1	188.0	606876170
JG0139c	3	115866443	T:AG[T>G]TG	1	140224.0	607016394
JG0139c	3	115889657	U:GG[T>A]CA	-1	23214.0	607039608
JG0139c	3	115921907	U:TC[T>C]TG	-1	32250.0	607071858
JG0139c	3	115945981	T:AC[T>C]CT	1	24074.0	607095932
JG0139c	3	115959576	U:TC[T>G]TA	-1	13595.0	607109527
JG0139c	3	116043732	T:GG[T>C]CA	1	84156.0	607193683
JG0139c	3	116067638	T:TC[T>G]TG	1	23906.0	607217589
JG0139c	3	116103806	U:AC[T>G]TA	-1	36168.0	607253757
JG0139c	3	116609772	T:CC[T>G]TA	1	505966.0	607759723
JG0139c	3	116992578	T:AC[T>G]TG	1	382806.0	608142529
JG0139c	3	117034108	U:AC[T>C]TC	-1	41530.0	608184059
JG0139c	3	117396847	N:GG[T>G]TT	-1	362739.0	608546798
JG0139c	3	117491142	N:AT[T>C]TG	-1	94295.0	608641093
JG0139c	3	117593661	N:CC[T>G]TA	-1	102519.0	608743612
JG0139c	3	117745475	N:TG[T>A]TA	-1	151814.0	608895426
JG0139c	3	117840772	N:GC[T>C]AG	1	95297.0	608990723
JG0139c	3	118039538	N:AC[T>G]TC	-1	198766.0	609189489
JG0139c	3	118692564	N:TC[T>A]CA	-1	653026.0	609842515
JG0139c	3	118795715	N:CC[T>C]GT	1	103151.0	609945666
JG0139c	3	119144549	U:GG[T>A]TG	-1	348834.0	610294500
JG0139c	3	119868978	U:AC[T>C]TA	-1	724429.0	611018929
JG0139c	3	120455504	N:GC[T>C]CA	-1	586526.0	611605455
JG0139c	3	120647439	U:AC[T>C]TG	-1	191935.0	611797390
JG0139c	3	120651899	T:AC[T>A]TG	1	4460.0	611801850
JG0139c	3	120652371	T:TC[T>C]GA	1	472.0	611802322
JG0139c	3	120813624	N:GC[T>G]TA	-1	161253.0	611963575
JG0139c	3	120927399	T:CC[T>G]TG	-1	113775.0	612077350
JG0139c	3	121013536	T:AC[T>C]CC	-1	86137.0	612163487
JG0139c	3	121329937	U:AC[T>G]TA	1	316401.0	612479888
JG0139c	3	121356840	U:AT[T>G]TT	1	26903.0	612506791
JG0139c	3	121393498	U:TC[T>G]TC	1	36658.0	612543449
JG0139c	3	121465887	U:AC[T>G]TG	-1	72389.0	612615838
JG0139c	3	121525291	U:TC[T>C]TG	-1	59404.0	612675242
JG0139c	3	121605627	U:GC[T>G]TT	1	80336.0	612755578
JG0139c	3	122440255	T:AC[T>G]TA	1	834628.0	613590206
JG0139c	3	122846816	T:AC[T>C]AG	-1	406561.0	613996767
JG0139c	3	122992533	U:AC[T>C]GC	-1	145717.0	614142484
JG0139c	3	123256400	U:AC[T>G]TA	1	263867.0	614406351
JG0139c	3	124108890	U:AC[T>G]CA	1	852490.0	615258841
JG0139c	3	124124358	U:AT[C>T]TC	1	15468.0	615274309
JG0139c	3	124124359	U:TC[T>C]CA	1	1.0	615274310
JG0139c	3	124225073	U:AG[T>G]TA	1	100714.0	615375024
JG0139c	3	124449315	U:AC[T>C]TT	1	224242.0	615599266
JG0139c	3	124476204	T:AC[T>G]TC	-1	26889.0	615626155
JG0139c	3	124599902	T:AG[T>G]TG	-1	123698.0	615749853
JG0139c	3	124639206	U:TC[T>G]AG	1	39304.0	615789157
JG0139c	3	124654725	U:AC[T>C]CT	1	15519.0	615804676
JG0139c	3	124694267	T:TG[T>C]TT	-1	39542.0	615844218
JG0139c	3	124820662	T:TT[T>G]TG	1	126395.0	615970613
JG0139c	3	125911437	N:AC[T>G]CC	1	1090775.0	617061388
JG0139c	3	125988605	N:TG[T>G]TC	1	77168.0	617138556
JG0139c	3	126102958	N:TC[T>A]CA	-1	114353.0	617252909
JG0139c	3	126125833	T:GC[T>G]TC	1	22875.0	617275784
JG0139c	3	126207291	N:GC[T>G]GA	-1	81458.0	617357242
JG0139c	3	126507431	U:AC[T>C]TA	-1	300140.0	617657382
JG0139c	3	127245218	N:TC[T>A]CA	-1	737787.0	618395169
JG0139c	3	127544417	N:TC[T>G]TA	-1	299199.0	618694368
JG0139c	3	127966052	B:TC[T>C]CA	-1	421635.0	619116003
JG0139c	3	129296467	U:TC[T>G]TT	1	1330415.0	620446418
JG0139c	3	130352623	T:CC[T>C]TG	-1	1056156.0	621502574
JG0139c	3	130356517	T:AC[T>G]TT	-1	3894.0	621506468
JG0139c	3	130372362	T:AC[T>G]TA	-1	15845.0	621522313
JG0139c	3	130620061	T:AC[T>G]TG	-1	247699.0	621770012
JG0139c	3	130626524	U:GC[T>A]TT	1	6463.0	621776475
JG0139c	3	130887105	U:TC[T>G]TG	1	260581.0	622037056
JG0139c	3	131055884	U:CA[T>G]TG	1	168779.0	622205835
JG0139c	3	131443780	N:GG[T>G]CA	1	387896.0	622593731
JG0139c	3	131447662	N:AA[T>G]TC	1	3882.0	622597613
JG0139c	3	131479347	T:AC[T>G]TC	1	31685.0	622629298
JG0139c	3	131697283	U:AC[T>C]TT	-1	217936.0	622847234
JG0139c	3	131972608	U:GG[T>G]TT	-1	275325.0	623122559
JG0139c	3	132030480	U:AC[T>C]CA	-1	57872.0	623180431
JG0139c	3	132055927	U:AC[T>C]TC	-1	25447.0	623205878
JG0139c	3	132256705	T:AC[T>C]TC	1	200778.0	623406656
JG0139c	3	132294931	N:TC[T>G]GA	1	38226.0	623444882
JG0139c	3	132455555	U:AC[T>G]CA	1	160624.0	623605506
JG0139c	3	132651461	U:AC[T>C]GG	-1	195906.0	623801412
JG0139c	3	132736377	N:AC[T>G]TG	1	84916.0	623886328
JG0139c	3	132770681	N:CA[C>A]AG	1	34304.0	623920632
JG0139c	3	133156176	T:AC[T>A]TT	-1	385495.0	624306127
JG0139c	3	133239147	T:GG[T>C]GG	-1	82971.0	624389098
JG0139c	3	133482424	N:GG[T>G]TG	-1	243277.0	624632375
JG0139c	3	134121094	N:TC[T>G]TT	1	638670.0	625271045
JG0139c	3	134196368	U:AG[T>G]TG	-1	75274.0	625346319
JG0139c	3	134458411	N:AG[T>C]CA	-1	262043.0	625608362
JG0139c	3	134666048	T:TC[T>C]CA	-1	207637.0	625815999
JG0139c	3	134814131	T:TC[T>C]TG	-1	148083.0	625964082
JG0139c	3	134953572	T:AC[T>G]CA	-1	139441.0	626103523
JG0139c	3	135571732	N:TC[T>G]TA	-1	618160.0	626721683
JG0139c	3	135733517	N:AC[T>C]GA	-1	161785.0	626883468
JG0139c	3	135963376	N:TA[T>C]TT	-1	229859.0	627113327
JG0139c	3	136020984	U:TC[T>G]TG	1	57608.0	627170935
JG0139c	3	136098233	U:AC[T>C]TG	1	77249.0	627248184
JG0139c	3	136236680	N:TC[T>G]TA	-1	138447.0	627386631
JG0139c	3	136353689	U:GC[T>C]TA	-1	117009.0	627503640
JG0139c	3	136474720	U:GC[T>G]TT	-1	121031.0	627624671
JG0139c	3	136521866	U:GC[T>C]TA	-1	47146.0	627671817
JG0139c	3	136527092	U:AC[T>C]CC	-1	5226.0	627677043
JG0139c	3	137148369	N:TC[T>G]TA	-1	621277.0	628298320
JG0139c	3	137201478	N:AC[T>C]TG	-1	53109.0	628351429
JG0139c	3	137208319	N:AC[T>G]GC	1	6841.0	628358270
JG0139c	3	137273471	N:TC[T>C]GA	1	65152.0	628423422
JG0139c	3	137400519	N:TG[C>G]CC	1	127048.0	628550470
JG0139c	3	137408823	N:AC[T>C]TA	-1	8304.0	628558774
JG0139c	3	137465691	N:CC[T>C]GC	-1	56868.0	628615642
JG0139c	3	137475934	N:AC[T>A]CT	-1	10243.0	628625885
JG0139c	3	137521748	N:AC[T>C]TG	-1	45814.0	628671699
JG0139c	3	137604915	N:TG[T>G]TT	-1	83167.0	628754866
JG0139c	3	137743207	N:AC[T>G]CT	1	138292.0	628893158
JG0139c	3	137837803	N:AC[T>G]TA	-1	94596.0	628987754
JG0139c	3	137851029	N:GC[T>C]TT	-1	13226.0	629000980
JG0139c	3	137889464	N:TC[T>C]TT	-1	38435.0	629039415
JG0139c	3	137966663	N:CC[T>G]TA	1	77199.0	629116614
JG0139c	3	138031336	T:AC[T>C]CA	-1	64673.0	629181287
JG0139c	3	138161284	T:GC[T>G]TG	1	129948.0	629311235
JG0139c	3	138184750	N:AA[T>G]TC	1	23466.0	629334701
JG0139c	3	138533081	U:AG[T>A]CT	-1	348331.0	629683032
JG0139c	3	138623026	T:TC[T>C]TG	-1	89945.0	629772977
JG0139c	3	138691648	U:AC[T>C]TA	-1	68622.0	629841599
JG0139c	3	138707901	U:AG[T>G]TC	-1	16253.0	629857852
JG0139c	3	138881032	N:AC[T>G]TG	-1	173131.0	630030983
JG0139c	3	138888595	N:CC[T>C]TG	-1	7563.0	630038546
JG0139c	3	138964961	N:TC[T>C]TG	1	76366.0	630114912
JG0139c	3	139000563	N:TC[T>G]CA	1	35602.0	630150514
JG0139c	3	139481902	N:TC[T>C]TG	-1	481339.0	630631853
JG0139c	3	139599332	U:TC[T>C]CC	-1	117430.0	630749283
JG0139c	3	139611697	U:GC[T>A]CA	-1	12365.0	630761648
JG0139c	3	139776537	N:TC[T>G]TA	-1	164840.0	630926488
JG0139c	3	139779550	N:CC[T>C]CA	-1	3013.0	630929501
JG0139c	3	139782680	N:TC[T>C]CA	-1	3130.0	630932631
JG0139c	3	139789008	N:AC[T>G]TT	-1	6328.0	630938959
JG0139c	3	139789874	N:CC[T>G]TT	-1	866.0	630939825
JG0139c	3	139971239	T:TC[T>C]CC	-1	181365.0	631121190
JG0139c	3	140008461	T:TC[T>C]CA	-1	37222.0	631158412
JG0139c	3	140164440	T:TC[T>C]TG	-1	155979.0	631314391
JG0139c	3	140171334	T:TC[T>A]TG	-1	6894.0	631321285
JG0139c	3	140224579	T:AC[T>C]AA	-1	53245.0	631374530
JG0139c	3	140274639	T:GC[T>C]GG	-1	50060.0	631424590
JG0139c	3	140435087	T:AC[T>C]TA	-1	160448.0	631585038
JG0139c	3	140504034	T:TC[T>G]TA	-1	68947.0	631653985
JG0139c	3	140621813	N:GC[T>C]TA	-1	117779.0	631771764
JG0139c	3	140724950	N:TC[T>C]GA	-1	103137.0	631874901
JG0139c	3	140748465	N:CC[T>G]TG	-1	23515.0	631898416
JG0139c	3	140783281	N:TC[T>G]TT	-1	34816.0	631933232
JG0139c	3	140932637	N:AC[T>C]CC	-1	149356.0	632082588
JG0139c	3	141049242	N:AC[T>G]TT	1	116605.0	632199193
JG0139c	3	141150252	N:GC[T>A]TG	-1	101010.0	632300203
JG0139c	3	141222011	N:AG[T>C]CA	-1	71759.0	632371962
JG0139c	3	141483485	N:TC[T>C]TA	-1	261474.0	632633436
JG0139c	3	141650824	N:CC[T>G]TT	1	167339.0	632800775
JG0139c	3	141677074	N:TA[T>G]TA	1	26250.0	632827025
JG0139c	3	141796687	U:TC[T>G]TA	1	119613.0	632946638
JG0139c	3	141860161	N:TC[T>G]TT	-1	63474.0	633010112
JG0139c	3	142938381	N:TC[T>G]TG	1	1078220.0	634088332
JG0139c	3	143048286	T:AC[T>G]TA	-1	109905.0	634198237
JG0139c	3	143187824	N:TC[T>A]CA	-1	139538.0	634337775
JG0139c	3	143303519	U:AC[T>G]TA	-1	115695.0	634453470
JG0139c	3	143384810	U:GC[T>C]TC	-1	81291.0	634534761
JG0139c	3	143511119	U:AC[T>C]TG	-1	126309.0	634661070
JG0139c	3	143648195	U:TC[T>G]TG	-1	137076.0	634798146
JG0139c	3	143745540	U:GG[T>C]CA	-1	97345.0	634895491
JG0139c	3	144183114	N:TG[T>A]CA	-1	437574.0	635333065
JG0139c	3	144526714	N:GC[T>G]TA	1	343600.0	635676665
JG0139c	3	144726184	N:AC[T>A]TG	-1	199470.0	635876135
JG0139c	3	144749000	N:AG[T>C]TA	-1	22816.0	635898951
JG0139c	3	145403706	N:TG[T>G]TC	-1	654706.0	636553657
JG0139c	3	145925604	N:AC[T>G]TA	-1	521898.0	637075555
JG0139c	3	146005737	N:CC[T>G]TA	-1	80133.0	637155688
JG0139c	3	146028888	N:TC[T>A]CA	-1	23151.0	637178839
JG0139c	3	146152843	U:AC[T>G]TA	-1	123955.0	637302794
JG0139c	3	146299992	N:CA[T>G]TC	1	147149.0	637449943
JG0139c	3	146595515	U:CC[T>C]CC	-1	295523.0	637745466
JG0139c	3	146609494	N:TC[T>C]TT	-1	13979.0	637759445
JG0139c	3	147061848	N:TG[T>G]TT	1	452354.0	638211799
JG0139c	3	147082189	N:AC[T>G]TA	-1	20341.0	638232140
JG0139c	3	147211759	N:TC[T>C]TC	-1	129570.0	638361710
JG0139c	3	147309394	N:GC[T>C]TG	-1	97635.0	638459345
JG0139c	3	147441339	N:AC[T>G]TA	-1	131945.0	638591290
JG0139c	3	147589166	N:TC[T>C]TG	-1	147827.0	638739117
JG0139c	3	147971704	N:GC[T>G]TT	-1	382538.0	639121655
JG0139c	3	147982299	N:AC[T>C]CC	-1	10595.0	639132250
JG0139c	3	148150873	N:GC[T>C]TT	-1	168574.0	639300824
JG0139c	3	148162431	N:TC[T>G]TT	-1	11558.0	639312382
JG0139c	3	148188376	N:TG[T>G]TG	1	25945.0	639338327
JG0139c	3	148213177	N:AC[T>G]TA	-1	24801.0	639363128
JG0139c	3	148254471	N:TG[T>A]TT	-1	41294.0	639404422
JG0139c	3	148733630	T:TC[T>G]TT	-1	479159.0	639883581
JG0139c	3	148854110	T:AC[T>G]CT	-1	120480.0	640004061
JG0139c	3	148879798	T:TC[T>G]TT	-1	25688.0	640029749
JG0139c	3	149092703	N:GA[T>G]TA	1	212905.0	640242654
JG0139c	3	149272640	N:AC[T>G]TA	-1	179937.0	640422591
JG0139c	3	149426241	N:TC[T>A]TT	-1	153601.0	640576192
JG0139c	3	149724076	N:AC[T>G]TA	1	297835.0	640874027
JG0139c	3	150196934	N:AC[T>C]TA	-1	472858.0	641346885
JG0139c	3	151158115	U:AC[T>A]GT	1	961181.0	642308066
JG0139c	3	151257214	B:AC[T>G]TA	1	99099.0	642407165
JG0139c	3	151709262	N:TC[T>G]GT	1	452048.0	642859213
JG0139c	3	152221236	N:AC[T>G]TG	-1	511974.0	643371187
JG0139c	3	152457324	T:TC[T>C]TC	-1	236088.0	643607275
JG0139c	3	152580039	N:AC[T>G]TA	-1	122715.0	643729990
JG0139c	3	152728708	N:GC[T>C]TT	-1	148669.0	643878659
JG0139c	3	152749965	N:TC[T>A]TG	-1	21257.0	643899916
JG0139c	3	152867512	N:TT[T>G]TC	-1	117547.0	644017463
JG0139c	3	152938958	N:GC[T>G]CA	-1	71446.0	644088909
JG0139c	3	152956993	N:TC[T>G]TT	-1	18035.0	644106944
JG0139c	3	153433048	N:AG[T>G]TA	-1	476055.0	644582999
JG0139c	3	153527461	N:TC[T>C]TC	-1	94413.0	644677412
JG0139c	3	153620523	N:AC[T>A]TT	-1	93062.0	644770474
JG0139c	3	153744102	N:AC[T>C]TT	-1	123579.0	644894053
JG0139c	3	154387461	U:GC[T>G]TC	-1	643359.0	645537412
JG0139c	3	154478132	N:AG[T>G]TG	-1	90671.0	645628083
JG0139c	3	154496066	N:AC[T>G]TA	-1	17934.0	645646017
JG0139c	3	155339102	N:CC[T>C]CC	1	843036.0	646489053
JG0139c	3	156056529	T:CC[T>C]GA	-1	717427.0	647206480
JG0139c	3	156247875	U:TC[T>A]TT	1	191346.0	647397826
JG0139c	3	156573014	N:TC[T>G]TC	-1	325139.0	647722965
JG0139c	3	156725503	N:GC[T>C]CA	1	152489.0	647875454
JG0139c	3	156798026	N:AC[T>A]CA	-1	72523.0	647947977
JG0139c	3	156809702	N:AC[T>C]TG	1	11676.0	647959653
JG0139c	3	156947162	U:AC[T>G]TG	1	137460.0	648097113
JG0139c	3	156958835	U:TC[T>C]CA	1	11673.0	648108786
JG0139c	3	157428446	T:GC[T>G]TT	1	469611.0	648578397
JG0139c	3	157490158	U:TG[T>G]TA	-1	61712.0	648640109
JG0139c	3	157546746	U:TG[T>G]TT	1	56588.0	648696697
JG0139c	3	157613899	T:AC[T>C]CA	-1	67153.0	648763850
JG0139c	3	157727076	N:TG[T>C]AG	-1	113177.0	648877027
JG0139c	3	157844037	N:AC[T>G]TA	-1	116961.0	648993988
JG0139c	3	157944621	N:TC[T>C]TG	-1	100584.0	649094572
JG0139c	3	157952438	N:AC[T>A]TT	-1	7817.0	649102389
JG0139c	3	158179625	T:AC[T>C]GA	-1	227187.0	649329576
JG0139c	3	158241358	T:TC[T>A]CA	-1	61733.0	649391309
JG0139c	3	158263230	T:TC[T>A]TA	-1	21872.0	649413181
JG0139c	3	158292143	T:GC[T>A]CA	-1	28913.0	649442094
JG0139c	3	158510461	U:TC[T>G]CC	1	218318.0	649660412
JG0139c	3	158902527	N:TC[T>A]GA	-1	392066.0	650052478
JG0139c	3	159019256	N:AC[T>G]TA	-1	116729.0	650169207
JG0139c	3	159022706	N:AC[T>C]GA	-1	3450.0	650172657
JG0139c	3	159033587	N:TC[T>A]CA	-1	10881.0	650183538
JG0139c	3	159102928	T:AG[T>G]TA	-1	69341.0	650252879
JG0139c	3	159197729	T:TG[T>A]CT	-1	94801.0	650347680
JG0139c	3	159299160	U:TC[T>G]TT	1	101431.0	650449111
JG0139c	3	159374310	T:GC[T>G]TA	-1	75150.0	650524261
JG0139c	3	159670733	T:TC[T>G]TA	-1	296423.0	650820684
JG0139c	3	159902366	N:AC[T>G]TT	-1	231633.0	651052317
JG0139c	3	159936172	N:AC[T>C]TT	-1	33806.0	651086123
JG0139c	3	160232959	N:AC[T>C]CT	1	296787.0	651382910
JG0139c	3	160274870	U:TC[T>A]CG	-1	41911.0	651424821
JG0139c	3	160628991	N:TC[T>G]TA	-1	354121.0	651778942
JG0139c	3	161113666	T:AC[T>G]TG	-1	484675.0	652263617
JG0139c	3	161293295	N:CC[T>G]TA	1	179629.0	652443246
JG0139c	3	161328220	N:TC[T>C]TA	-1	34925.0	652478171
JG0139c	3	161392380	N:AC[T>G]CA	-1	64160.0	652542331
JG0139c	3	161436117	N:TC[T>G]TC	-1	43737.0	652586068
JG0139c	3	161504580	N:TC[T>G]TC	-1	68463.0	652654531
JG0139c	3	161757616	N:AC[T>C]TA	-1	253036.0	652907567
JG0139c	3	161948611	N:AC[T>G]CC	1	190995.0	653098562
JG0139c	3	162058700	N:GC[T>C]TG	-1	110089.0	653208651
JG0139c	3	162166040	N:TC[T>C]CA	-1	107340.0	653315991
JG0139c	3	162180615	N:AC[T>G]CA	-1	14575.0	653330566
JG0139c	3	162230596	N:AC[T>G]GA	-1	49981.0	653380547
JG0139c	3	162254016	N:AC[T>C]TA	-1	23420.0	653403967
JG0139c	3	162421394	N:TG[T>A]TT	-1	167378.0	653571345
JG0139c	3	163016048	N:GC[T>G]TG	-1	594654.0	654165999
JG0139c	3	163016727	N:TC[T>A]TA	-1	679.0	654166678
JG0139c	3	163343048	N:AG[T>A]TA	-1	326321.0	654492999
JG0139c	3	163351314	N:TC[T>A]TG	-1	8266.0	654501265
JG0139c	3	163407725	N:TC[T>G]TA	-1	56411.0	654557676
JG0139c	3	163523420	N:GC[T>C]CT	-1	115695.0	654673371
JG0139c	3	163788502	N:AC[T>C]CT	-1	265082.0	654938453
JG0139c	3	164020012	N:TC[T>C]CA	-1	231510.0	655169963
JG0139c	3	164188675	N:GG[T>G]TT	-1	168663.0	655338626
JG0139c	3	164534237	N:TC[T>C]CA	-1	345562.0	655684188
JG0139c	3	164649394	N:AA[T>G]TT	-1	115157.0	655799345
JG0139c	3	164934209	N:CA[C>G]TA	-1	284815.0	656084160
JG0139c	3	164951379	N:AC[T>G]TT	-1	17170.0	656101330
JG0139c	3	165104076	N:TT[C>A]TA	-1	152697.0	656254027
JG0139c	3	165908149	N:TC[T>C]GA	-1	804073.0	657058100
JG0139c	3	166147830	N:TG[T>A]TG	-1	239681.0	657297781
JG0139c	3	166158512	N:AG[T>G]TT	1	10682.0	657308463
JG0139c	3	166209810	N:AC[T>G]TA	-1	51298.0	657359761
JG0139c	3	166222008	N:CC[T>C]CA	-1	12198.0	657371959
JG0139c	3	166292405	N:TC[T>C]GA	-1	70397.0	657442356
JG0139c	3	166496330	N:TC[T>C]TA	-1	203925.0	657646281
JG0139c	3	166546572	N:CC[T>G]TC	-1	50242.0	657696523
JG0139c	3	166639871	N:AC[T>C]TA	-1	93299.0	657789822
JG0139c	3	166679541	N:AG[T>G]TT	-1	39670.0	657829492
JG0139c	3	166781651	N:AC[T>G]CT	-1	102110.0	657931602
JG0139c	3	166849765	N:AC[T>C]GC	-1	68114.0	657999716
JG0139c	3	166870196	N:AG[T>G]TG	-1	20431.0	658020147
JG0139c	3	166904336	N:AG[T>G]TC	-1	34140.0	658054287
JG0139c	3	166977220	N:TC[T>C]GA	-1	72884.0	658127171
JG0139c	3	167019263	N:TC[T>A]CT	-1	42043.0	658169214
JG0139c	3	167186327	N:AC[T>A]CT	-1	167064.0	658336278
JG0139c	3	167235930	N:AG[T>G]TC	-1	49603.0	658385881
JG0139c	3	167239303	N:GG[T>G]TA	-1	3373.0	658389254
JG0139c	3	167386729	N:AC[T>C]TT	-1	147426.0	658536680
JG0139c	3	167524348	T:TC[T>G]GT	1	137619.0	658674299
JG0139c	3	167543714	U:GG[T>G]TA	-1	19366.0	658693665
JG0139c	3	167605664	U:TC[T>C]TA	-1	61950.0	658755615
JG0139c	3	167635607	U:AC[T>C]GG	-1	29943.0	658785558
JG0139c	3	167665789	N:TC[T>C]TA	-1	30182.0	658815740
JG0139c	3	168023331	T:TC[T>G]TG	1	357542.0	659173282
JG0139c	3	168101476	N:AC[T>G]TC	1	78145.0	659251427
JG0139c	3	168127278	N:CA[T>G]TT	1	25802.0	659277229
JG0139c	3	168264326	N:AC[T>G]TT	1	137048.0	659414277
JG0139c	3	168392099	N:CT[T>A]TA	1	127773.0	659542050
JG0139c	3	169015467	N:TC[T>G]TA	1	623368.0	660165418
JG0139c	3	170087621	T:AC[T>G]TA	1	1072154.0	661237572
JG0139c	3	170430331	U:AC[T>G]TT	1	342710.0	661580282
JG0139c	3	170779714	U:CC[T>A]TA	1	349383.0	661929665
JG0139c	3	170961382	N:TC[T>C]TC	-1	181668.0	662111333
JG0139c	3	171008378	U:AC[T>G]TA	-1	46996.0	662158329
JG0139c	3	171687830	T:AC[T>G]CC	1	679452.0	662837781
JG0139c	3	171891774	N:AT[C>A]TT	1	203944.0	663041725
JG0139c	3	172849490	N:AC[T>G]TT	-1	957716.0	663999441
JG0139c	3	172861153	N:AC[T>G]TA	1	11663.0	664011104
JG0139c	3	173096950	U:AC[T>C]TG	-1	235797.0	664246901
JG0139c	3	173190195	N:TC[T>C]CA	-1	93245.0	664340146
JG0139c	3	173292972	N:AC[T>G]TC	-1	102777.0	664442923
JG0139c	3	173666288	T:AC[T>C]TA	-1	373316.0	664816239
JG0139c	3	173840057	T:TG[T>C]CG	-1	173769.0	664990008
JG0139c	3	174037457	T:AG[T>G]TT	-1	197400.0	665187408
JG0139c	3	174395388	N:GC[T>C]CA	-1	357931.0	665545339
JG0139c	3	174452990	T:TC[T>C]CA	-1	57602.0	665602941
JG0139c	3	174592144	T:TC[T>G]TT	-1	139154.0	665742095
JG0139c	3	174644231	T:GC[T>A]TG	-1	52087.0	665794182
JG0139c	3	174910721	T:AC[T>C]TG	-1	266490.0	666060672
JG0139c	3	175026094	T:GC[T>A]TA	-1	115373.0	666176045
JG0139c	3	175067146	T:TC[T>G]TC	-1	41052.0	666217097
JG0139c	3	175539232	T:TA[T>G]TT	-1	472086.0	666689183
JG0139c	3	175851597	N:AC[T>C]TG	-1	312365.0	667001548
JG0139c	3	175916472	N:GG[T>C]TT	-1	64875.0	667066423
JG0139c	3	175923991	N:AT[T>G]TG	-1	7519.0	667073942
JG0139c	3	175963126	N:AC[T>C]CT	-1	39135.0	667113077
JG0139c	3	176245290	N:AG[T>C]TA	-1	282164.0	667395241
JG0139c	3	176302079	N:AC[T>G]TA	-1	56789.0	667452030
JG0139c	3	176364656	N:TC[T>G]CA	-1	62577.0	667514607
JG0139c	3	176572843	N:CC[T>C]TA	-1	208187.0	667722794
JG0139c	3	176577275	N:AC[T>G]CT	1	4432.0	667727226
JG0139c	3	176668782	N:AC[T>A]AC	-1	91507.0	667818733
JG0139c	3	176692587	N:TC[T>C]TG	-1	23805.0	667842538
JG0139c	3	176700740	N:TC[T>C]TA	-1	8153.0	667850691
JG0139c	3	176991246	N:AG[T>G]TG	-1	290506.0	668141197
JG0139c	3	177454060	N:AC[T>G]TG	-1	462814.0	668604011
JG0139c	3	177957728	N:AC[T>C]GC	-1	503668.0	669107679
JG0139c	3	178001027	N:GC[T>C]TG	-1	43299.0	669150978
JG0139c	3	178059943	N:AC[T>C]TG	-1	58916.0	669209894
JG0139c	3	178100897	N:AC[T>C]TT	-1	40954.0	669250848
JG0139c	3	178143311	N:CC[T>C]GG	-1	42414.0	669293262
JG0139c	3	178255873	N:AG[T>G]TA	-1	112562.0	669405824
JG0139c	3	178320721	T:GA[T>G]TT	-1	64848.0	669470672
JG0139c	3	178374641	T:TG[T>A]CT	-1	53920.0	669524592
JG0139c	3	178428243	T:AC[T>G]TA	-1	53602.0	669578194
JG0139c	3	178462971	U:TC[T>G]GA	1	34728.0	669612922
JG0139c	3	178463824	T:AC[T>G]TT	-1	853.0	669613775
JG0139c	3	178488397	T:AC[T>G]TT	-1	24573.0	669638348
JG0139c	3	178629421	T:AC[T>G]TC	-1	141024.0	669779372
JG0139c	3	178678494	T:GC[T>C]TG	-1	49073.0	669828445
JG0139c	3	179181723	T:AC[T>C]TA	-1	503229.0	670331674
JG0139c	3	179780928	T:AC[T>G]TT	-1	599205.0	670930879
JG0139c	3	179993930	T:TA[T>G]TT	1	213002.0	671143881
JG0139c	3	180207072	N:TC[T>C]TA	-1	213142.0	671357023
JG0139c	3	180716773	U:AC[T>C]CT	-1	509701.0	671866724
JG0139c	3	180802218	U:AC[T>G]TG	-1	85445.0	671952169
JG0139c	3	180811546	U:CG[T>C]CA	-1	9328.0	671961497
JG0139c	3	180848426	U:AG[T>A]TT	-1	36880.0	671998377
JG0139c	3	180999846	N:TC[T>G]TA	1	151420.0	672149797
JG0139c	3	181006756	N:TC[T>G]TT	1	6910.0	672156707
JG0139c	3	181200505	N:TC[T>C]TG	-1	193749.0	672350456
JG0139c	3	181335947	N:TC[T>G]CT	1	135442.0	672485898
JG0139c	3	181356098	N:AC[T>C]GC	1	20151.0	672506049
JG0139c	3	181589726	N:TC[T>C]CT	1	233628.0	672739677
JG0139c	3	182006910	N:GC[T>G]CC	-1	417184.0	673156861
JG0139c	3	182068567	N:TG[T>G]TT	1	61657.0	673218518
JG0139c	3	182113368	N:AC[T>G]TC	-1	44801.0	673263319
JG0139c	3	182294649	N:GC[T>C]TG	-1	181281.0	673444600
JG0139c	3	182326129	N:AC[T>A]TT	-1	31480.0	673476080
JG0139c	3	182444283	N:AC[T>G]TG	-1	118154.0	673594234
JG0139c	3	182514823	N:AC[T>C]TA	-1	70540.0	673664774
JG0139c	3	182657762	N:CC[T>G]TA	-1	142939.0	673807713
JG0139c	3	182969386	U:GG[T>G]TA	-1	311624.0	674119337
JG0139c	3	183250673	U:TC[T>C]TC	-1	281287.0	674400624
JG0139c	3	184470883	N:CC[T>G]TG	-1	1220210.0	675620834
JG0139c	3	184626423	N:TC[T>C]GA	1	155540.0	675776374
JG0139c	3	184814883	U:AG[T>G]TT	1	188460.0	675964834
JG0139c	3	184971000	T:TC[T>G]TT	-1	156117.0	676120951
JG0139c	3	185013353	U:TC[T>A]CT	1	42353.0	676163304
JG0139c	3	185217134	U:CC[T>C]CA	-1	203781.0	676367085
JG0139c	3	185419170	U:AT[T>G]TT	1	202036.0	676569121
JG0139c	3	185626390	U:AC[T>G]CA	1	207220.0	676776341
JG0139c	3	185955522	N:GC[T>G]TT	-1	329132.0	677105473
JG0139c	3	185982815	N:TC[T>C]CT	-1	27293.0	677132766
JG0139c	3	186062572	U:TC[T>C]CA	-1	79757.0	677212523
JG0139c	3	186258032	U:AC[T>A]CC	-1	195460.0	677407983
JG0139c	3	186396750	N:GC[T>G]CC	1	138718.0	677546701
JG0139c	3	186537912	N:AC[T>G]TT	1	141162.0	677687863
JG0139c	3	186650782	U:AC[T>G]TT	1	112870.0	677800733
JG0139c	3	187396402	N:AC[T>G]TG	-1	745620.0	678546353
JG0139c	3	187584556	N:AC[T>C]TA	-1	188154.0	678734507
JG0139c	3	187604872	N:TC[T>G]AA	1	20316.0	678754823
JG0139c	3	187647843	N:TC[T>C]TA	-1	42971.0	678797794
JG0139c	3	188043559	N:TA[C>A]TG	1	395716.0	679193510
JG0139c	3	188076627	N:GC[T>C]TG	-1	33068.0	679226578
JG0139c	3	188235129	U:AG[T>C]GT	1	158502.0	679385080
JG0139c	3	188317551	T:AC[T>G]TA	-1	82422.0	679467502
JG0139c	3	188323035	T:TC[T>C]CA	-1	5484.0	679472986
JG0139c	3	188326604	T:AC[T>C]TT	-1	3569.0	679476555
JG0139c	3	188421593	U:GG[T>G]TA	1	94989.0	679571544
JG0139c	3	188475856	U:GA[T>G]TG	1	54263.0	679625807
JG0139c	3	189053785	T:GC[T>C]CT	-1	577929.0	680203736
JG0139c	3	189274089	U:CT[T>G]TT	1	220304.0	680424040
JG0139c	3	189331177	N:TG[T>G]TA	1	57088.0	680481128
JG0139c	3	189332423	N:TC[T>G]TG	-1	1246.0	680482374
JG0139c	3	189377009	N:TC[T>G]CA	1	44586.0	680526960
JG0139c	3	189387219	N:TC[T>G]TT	-1	10210.0	680537170
JG0139c	3	189809751	T:TC[T>A]TA	-1	422532.0	680959702
JG0139c	3	189847497	T:AC[T>C]CA	-1	37746.0	680997448
JG0139c	3	190093216	U:CG[T>C]CT	-1	245719.0	681243167
JG0139c	3	190275391	N:CC[T>G]TA	-1	182175.0	681425342
JG0139c	3	190469755	N:CC[C>G]TG	-1	194364.0	681619706
JG0139c	3	190584296	T:AC[T>G]TG	-1	114541.0	681734247
JG0139c	3	190906664	N:CC[T>C]CT	1	322368.0	682056615
JG0139c	3	190975126	N:AC[T>G]TT	-1	68462.0	682125077
JG0139c	3	191000394	N:TC[T>C]GA	-1	25268.0	682150345
JG0139c	3	191221514	U:AC[T>G]TG	1	221120.0	682371465
JG0139c	3	191666150	N:AG[T>A]CA	-1	444636.0	682816101
JG0139c	3	191678252	N:TC[T>G]TA	1	12102.0	682828203
JG0139c	3	192036738	N:TC[T>C]TA	-1	358486.0	683186689
JG0139c	3	192084376	N:TC[T>G]TT	1	47638.0	683234327
JG0139c	3	192478114	U:GG[T>C]TA	-1	393738.0	683628065
JG0139c	3	192598056	U:TC[T>G]TA	-1	119942.0	683748007
JG0139c	3	192602567	U:AC[T>G]TG	-1	4511.0	683752518
JG0139c	3	192603172	U:AC[T>C]TC	-1	605.0	683753123
JG0139c	3	192758437	U:CC[T>C]TA	-1	155265.0	683908388
JG0139c	3	192816461	U:TC[T>A]AG	-1	58024.0	683966412
JG0139c	3	192877105	U:GC[T>C]TA	-1	60644.0	684027056
JG0139c	3	192972778	N:CC[T>G]TT	-1	95673.0	684122729
JG0139c	3	193333932	U:AC[T>G]TG	-1	361154.0	684483883
JG0139c	3	193374885	U:AC[T>G]TG	-1	40953.0	684524836
JG0139c	3	193384487	N:TC[T>C]CA	-1	9602.0	684534438
JG0139c	3	193434505	T:TG[T>G]TT	1	50018.0	684584456
JG0139c	3	193473740	T:CC[T>G]GA	1	39235.0	684623691
JG0139c	3	193490062	T:AG[T>G]TA	1	16322.0	684640013
JG0139c	3	194193006	N:TC[T>G]TC	1	702944.0	685342957
JG0139c	3	194503688	N:AG[T>G]TC	1	310682.0	685653639
JG0139c	3	194506525	N:TC[T>G]TA	1	2837.0	685656476
JG0139c	3	194971356	N:GC[T>C]GG	-1	464831.0	686121307
JG0139c	3	195115224	T:GG[T>G]TA	1	143868.0	686265175
JG0139c	3	196476966	T:TC[T>G]CA	1	1361742.0	687626917
JG0139c	3	197373493	N:AC[T>C]TA	-1	896527.0	688523444
JG0139c	4	357731	T:CT[C>G]TG	-1		689803241
JG0139c	4	2567168	U:TC[T>C]CG	1	2209437.0	692012678
JG0139c	4	3671758	N:AC[T>G]CA	-1	1104590.0	693117268
JG0139c	4	3876118	N:TC[T>G]TT	1	204360.0	693321628
JG0139c	4	4414722	U:GG[T>A]CA	1	538604.0	693860232
JG0139c	4	4434060	T:AC[T>A]TA	1	19338.0	693879570
JG0139c	4	4668903	N:AC[T>C]TG	-1	234843.0	694114413
JG0139c	4	5145222	U:AC[T>G]TA	1	476319.0	694590732
JG0139c	4	5147479	T:GC[T>C]CC	-1	2257.0	694592989
JG0139c	4	5243933	U:AC[T>G]TG	1	96454.0	694689443
JG0139c	4	6258878	N:AG[T>G]CA	-1	1014945.0	695704388
JG0139c	4	6368053	U:AC[T>G]CA	-1	109175.0	695813563
JG0139c	4	6719721	N:TC[T>C]CA	-1	351668.0	696165231
JG0139c	4	7029770	T:GC[T>C]CA	-1	310049.0	696475280
JG0139c	4	7191975	N:GC[T>C]CA	-1	162205.0	696637485
JG0139c	4	7198162	T:TC[T>C]CC	-1	6187.0	696643672
JG0139c	4	7385190	T:TC[T>C]CC	-1	187028.0	696830700
JG0139c	4	7417157	T:GC[T>C]CC	-1	31967.0	696862667
JG0139c	4	7441412	T:GC[T>G]CA	-1	24255.0	696886922
JG0139c	4	7585792	U:CC[T>G]TG	1	144380.0	697031302
JG0139c	4	7683930	T:TC[T>C]CT	-1	98138.0	697129440
JG0139c	4	7771898	U:AC[T>C]CT	-1	87968.0	697217408
JG0139c	4	8139977	T:CA[T>G]TA	1	368079.0	697585487
JG0139c	4	8184000	U:CC[T>G]CA	1	44023.0	697629510
JG0139c	4	8356585	N:TC[T>C]TC	-1	172585.0	697802095
JG0139c	4	8404278	U:TC[T>C]CT	-1	47693.0	697849788
JG0139c	4	8527188	N:GC[T>C]CT	1	122910.0	697972698
JG0139c	4	8543431	N:CA[C>T]CT	1	16243.0	697988941
JG0139c	4	8577554	N:GC[T>G]TA	1	34123.0	698023064
JG0139c	4	8590543	N:TC[T>C]CT	1	12989.0	698036053
JG0139c	4	9012948	N:AC[T>C]TG	-1	422405.0	698458458
JG0139c	4	9077155	N:CC[T>A]CC	-1	64207.0	698522665
JG0139c	4	9428766	N:GC[T>C]AA	-1	351611.0	698874276
JG0139c	4	9635525	N:AC[T>G]TA	-1	206759.0	699081035
JG0139c	4	9697773	N:TC[T>C]GG	-1	62248.0	699143283
JG0139c	4	9751503	N:CC[T>C]CA	-1	53730.0	699197013
JG0139c	4	9775354	N:AT[C>T]AG	1	23851.0	699220864
JG0139c	4	9869827	U:AC[T>C]AG	-1	94473.0	699315337
JG0139c	4	10246410	N:GC[T>A]AG	-1	376583.0	699691920
JG0139c	4	10296012	N:AC[T>A]GA	-1	49602.0	699741522
JG0139c	4	10310327	N:AC[T>C]CC	-1	14315.0	699755837
JG0139c	4	10312989	N:CC[T>G]TA	-1	2662.0	699758499
JG0139c	4	10340222	N:AC[T>C]CA	-1	27233.0	699785732
JG0139c	4	10375329	N:AC[T>G]TA	-1	35107.0	699820839
JG0139c	4	10404628	N:TC[T>G]CA	-1	29299.0	699850138
JG0139c	4	11035215	N:TA[T>G]TA	-1	630587.0	700480725
JG0139c	4	11609129	N:CC[T>G]TA	-1	573914.0	701054639
JG0139c	4	11733659	N:TC[T>C]CG	-1	124530.0	701179169
JG0139c	4	11871562	N:TC[T>C]CA	-1	137903.0	701317072
JG0139c	4	11962279	N:AC[T>C]GA	-1	90717.0	701407789
JG0139c	4	12038684	N:GC[T>C]TC	-1	76405.0	701484194
JG0139c	4	12080555	N:AT[T>G]TT	-1	41871.0	701526065
JG0139c	4	12205147	N:GC[T>C]TA	-1	124592.0	701650657
JG0139c	4	13043217	N:AC[T>G]TC	1	838070.0	702488727
JG0139c	4	13046611	N:AT[T>G]TT	1	3394.0	702492121
JG0139c	4	13120690	N:TC[T>G]TA	1	74079.0	702566200
JG0139c	4	13211829	N:AG[T>G]TT	1	91139.0	702657339
JG0139c	4	13242668	N:AA[T>G]TC	1	30839.0	702688178
JG0139c	4	13616293	U:TC[T>C]TA	-1	373625.0	703061803
JG0139c	4	13707867	N:AC[T>G]CC	-1	91574.0	703153377
JG0139c	4	13731548	N:AC[T>G]TG	-1	23681.0	703177058
JG0139c	4	13751014	N:AA[T>G]TG	1	19466.0	703196524
JG0139c	4	13949972	N:AC[T>C]TT	-1	198958.0	703395482
JG0139c	4	14273797	N:CC[T>G]TA	-1	323825.0	703719307
JG0139c	4	14298317	N:AC[T>C]TG	-1	24520.0	703743827
JG0139c	4	14451852	N:TC[T>G]TC	-1	153535.0	703897362
JG0139c	4	14636276	N:GC[T>C]CC	-1	184424.0	704081786
JG0139c	4	14749872	N:CC[T>A]TA	-1	113596.0	704195382
JG0139c	4	14788615	N:AG[T>G]TT	-1	38743.0	704234125
JG0139c	4	14916099	N:TC[T>G]TG	1	127484.0	704361609
JG0139c	4	14944660	N:GG[T>A]AA	-1	28561.0	704390170
JG0139c	4	14944661	N:TA[C>T]CC	1	1.0	704390171
JG0139c	4	15347960	T:AC[T>G]TA	-1	403299.0	704793470
JG0139c	4	15554365	T:AC[T>G]TA	-1	206405.0	704999875
JG0139c	4	15620936	T:AC[T>G]TT	1	66571.0	705066446
JG0139c	4	15773687	N:AC[T>C]CA	1	152751.0	705219197
JG0139c	4	16040450	T:GC[T>G]TT	1	266763.0	705485960
JG0139c	4	16210328	U:AG[T>G]TT	-1	169878.0	705655838
JG0139c	4	16275186	N:TC[T>G]TC	1	64858.0	705720696
JG0139c	4	16591311	T:AC[T>G]TA	1	316125.0	706036821
JG0139c	4	17061650	N:AC[T>G]TT	1	470339.0	706507160
JG0139c	4	17196862	N:TC[T>G]TT	-1	135212.0	706642372
JG0139c	4	17250974	N:AG[T>G]TT	-1	54112.0	706696484
JG0139c	4	17269190	N:AC[T>A]CA	-1	18216.0	706714700
JG0139c	4	17475231	U:AG[T>G]TA	-1	206041.0	706920741
JG0139c	4	18186689	N:GT[C>A]AT	-1	711458.0	707632199
JG0139c	4	18190452	N:TC[T>A]GC	-1	3763.0	707635962
JG0139c	4	18191142	N:TC[T>C]TA	-1	690.0	707636652
JG0139c	4	18275524	N:CC[T>C]CA	-1	84382.0	707721034
JG0139c	4	18299750	N:GT[T>C]GT	1	24226.0	707745260
JG0139c	4	18777911	N:GG[T>C]TA	-1	478161.0	708223421
JG0139c	4	18785667	N:TC[T>C]CA	-1	7756.0	708231177
JG0139c	4	19065440	N:AG[T>G]AA	1	279773.0	708510950
JG0139c	4	19073154	N:CA[T>G]TT	1	7714.0	708518664
JG0139c	4	19168355	N:TC[T>C]TA	-1	95201.0	708613865
JG0139c	4	19318856	N:TC[T>C]TG	-1	150501.0	708764366
JG0139c	4	19470303	N:TC[T>C]TG	-1	151447.0	708915813
JG0139c	4	19662548	N:AC[T>G]AA	-1	192245.0	709108058
JG0139c	4	19792802	N:AG[T>G]TC	-1	130254.0	709238312
JG0139c	4	20010321	N:GG[T>G]CA	-1	217519.0	709455831
JG0139c	4	20403514	T:AC[T>C]CC	-1	393193.0	709849024
JG0139c	4	20450465	T:AC[T>G]TT	-1	46951.0	709895975
JG0139c	4	20489734	T:TC[T>A]CA	-1	39269.0	709935244
JG0139c	4	20541852	U:AC[T>G]TG	1	52118.0	709987362
JG0139c	4	20614985	T:TC[T>C]GT	-1	73133.0	710060495
JG0139c	4	20637288	N:TT[T>G]TT	-1	22303.0	710082798
JG0139c	4	21110680	U:CC[T>C]CA	-1	473392.0	710556190
JG0139c	4	21313540	U:AC[T>C]TG	-1	202860.0	710759050
JG0139c	4	21415439	U:CC[T>G]TA	-1	101899.0	710860949
JG0139c	4	21883857	U:AC[T>G]TC	-1	468418.0	711329367
JG0139c	4	21944976	T:CC[C>T]CA	1	61119.0	711390486
JG0139c	4	22050322	N:AC[T>G]CT	-1	105346.0	711495832
JG0139c	4	22532888	N:TC[T>G]TG	-1	482566.0	711978398
JG0139c	4	22989474	N:TC[T>G]TA	-1	456586.0	712434984
JG0139c	4	23142443	N:AC[T>G]TT	-1	152969.0	712587953
JG0139c	4	23239185	N:TC[T>A]CA	-1	96742.0	712684695
JG0139c	4	23440125	N:AG[T>C]CA	-1	200940.0	712885635
JG0139c	4	23542381	N:GC[T>C]GA	-1	102256.0	712987891
JG0139c	4	23797861	U:GC[T>C]CA	-1	255480.0	713243371
JG0139c	4	23815829	U:AC[T>G]TG	-1	17968.0	713261339
JG0139c	4	23860130	U:AC[T>G]TG	-1	44301.0	713305640
JG0139c	4	24131512	N:TC[T>C]TA	-1	271382.0	713577022
JG0139c	4	24341631	N:CC[T>A]CA	-1	210119.0	713787141
JG0139c	4	24437092	N:TC[T>G]TT	1	95461.0	713882602
JG0139c	4	24493030	N:TC[T>C]TT	-1	55938.0	713938540
JG0139c	4	24799060	T:CC[T>G]TC	-1	306030.0	714244570
JG0139c	4	24960092	U:AC[T>C]TT	-1	161032.0	714405602
JG0139c	4	25055111	N:TC[T>A]CA	1	95019.0	714500621
JG0139c	4	25244902	T:AC[T>C]CT	-1	189791.0	714690412
JG0139c	4	25281060	N:GG[T>G]TA	-1	36158.0	714726570
JG0139c	4	25362012	T:AC[T>A]TG	-1	80952.0	714807522
JG0139c	4	25501423	N:TC[T>G]TA	-1	139411.0	714946933
JG0139c	4	25596673	N:TC[T>G]CG	-1	95250.0	715042183
JG0139c	4	26614340	U:AT[T>G]TA	1	1017667.0	716059850
JG0139c	4	26640747	T:CC[T>C]CC	-1	26407.0	716086257
JG0139c	4	26810529	N:GC[T>G]TG	1	169782.0	716256039
JG0139c	4	26813702	N:AG[T>G]TT	1	3173.0	716259212
JG0139c	4	27173983	N:AC[T>G]TA	-1	360281.0	716619493
JG0139c	4	27407622	N:AC[T>A]CA	-1	233639.0	716853132
JG0139c	4	27583460	N:AC[T>G]TA	1	175838.0	717028970
JG0139c	4	27751820	N:TC[T>G]TA	1	168360.0	717197330
JG0139c	4	28180455	N:AC[T>C]TA	-1	428635.0	717625965
JG0139c	4	28537724	N:TC[T>G]TG	-1	357269.0	717983234
JG0139c	4	28568773	N:GG[T>G]GA	1	31049.0	718014283
JG0139c	4	28570931	N:TC[T>G]TT	-1	2158.0	718016441
JG0139c	4	28826023	N:AG[T>G]TA	-1	255092.0	718271533
JG0139c	4	28830849	N:AC[T>C]CG	-1	4826.0	718276359
JG0139c	4	28830974	N:TC[T>G]TA	1	125.0	718276484
JG0139c	4	29688803	N:GT[T>C]TG	-1	857829.0	719134313
JG0139c	4	29927317	N:TC[T>C]TG	-1	238514.0	719372827
JG0139c	4	29928392	N:AC[T>G]TA	-1	1075.0	719373902
JG0139c	4	30225892	N:TC[T>C]AA	-1	297500.0	719671402
JG0139c	4	30967759	T:TC[T>C]TA	-1	741867.0	720413269
JG0139c	4	31560810	N:TC[T>C]CT	-1	593051.0	721006320
JG0139c	4	31653485	N:TC[T>G]TA	-1	92675.0	721098995
JG0139c	4	31922115	N:AC[T>C]CA	-1	268630.0	721367625
JG0139c	4	34198491	N:AG[T>G]CC	1	2276376.0	723644001
JG0139c	4	34863460	N:TG[C>A]AA	1	664969.0	724308970
JG0139c	4	34980108	N:TG[T>G]TA	-1	116648.0	724425618
JG0139c	4	36126920	T:GC[T>C]TG	1	1146812.0	725572430
JG0139c	4	36322370	T:TC[T>C]CA	-1	195450.0	725767880
JG0139c	4	37866170	N:AG[T>G]TA	1	1543800.0	727311680
JG0139c	4	37936852	U:AC[T>G]TT	1	70682.0	727382362
JG0139c	4	38388323	N:TA[T>G]TT	1	451471.0	727833833
JG0139c	4	38815770	T:GC[T>G]TA	1	427447.0	728261280
JG0139c	4	39415546	U:GC[T>G]TG	1	599776.0	728861056
JG0139c	4	39591784	T:TC[T>G]CA	1	176238.0	729037294
JG0139c	4	39654146	N:AC[T>G]TC	1	62362.0	729099656
JG0139c	4	40100604	U:GC[T>G]CA	1	446458.0	729546114
JG0139c	4	40191565	U:AC[T>G]TT	1	90961.0	729637075
JG0139c	4	40745311	N:AA[T>G]TA	-1	553746.0	730190821
JG0139c	4	40911055	T:CC[T>G]TC	1	165744.0	730356565
JG0139c	4	41314215	N:GG[T>C]CA	1	403160.0	730759725
JG0139c	4	42032773	T:AG[T>G]TA	-1	718558.0	731478283
JG0139c	4	42814453	N:TC[T>A]TT	-1	781680.0	732259963
JG0139c	4	43128130	N:TG[T>C]GA	-1	313677.0	732573640
JG0139c	4	43682726	N:GA[T>G]TA	1	554596.0	733128236
JG0139c	4	43900081	N:AC[T>C]CA	1	217355.0	733345591
JG0139c	4	44088378	N:AG[T>G]TG	1	188297.0	733533888
JG0139c	4	44368850	U:TC[T>G]TA	-1	280472.0	733814360
JG0139c	4	44735211	N:AC[T>C]TA	-1	366361.0	734180721
JG0139c	4	45139532	N:TG[T>G]TT	1	404321.0	734585042
JG0139c	4	45160376	N:CC[T>C]GT	1	20844.0	734605886
JG0139c	4	45194255	N:AC[T>G]GC	1	33879.0	734639765
JG0139c	4	45469027	N:TA[T>G]CT	1	274772.0	734914537
JG0139c	4	45596741	N:CC[T>C]TA	1	127714.0	735042251
JG0139c	4	45603072	N:AT[T>G]TA	1	6331.0	735048582
JG0139c	4	45674091	N:AG[T>A]CA	1	71019.0	735119601
JG0139c	4	45690040	N:AC[T>C]CA	1	15949.0	735135550
JG0139c	4	45998720	N:GC[T>G]TG	1	308680.0	735444230
JG0139c	4	46284324	T:TC[T>C]AG	1	285604.0	735729834
JG0139c	4	46633908	N:GC[T>G]TA	1	349584.0	736079418
JG0139c	4	47114802	U:TC[T>G]TA	1	480894.0	736560312
JG0139c	4	47600051	T:GC[T>G]TG	1	485249.0	737045561
JG0139c	4	48803823	N:AC[T>G]TT	1	1203772.0	738249333
JG0139c	4	48895601	T:AC[T>G]TA	1	91778.0	738341111
JG0139c	4	48970691	N:TC[T>C]CA	1	75090.0	738416201
JG0139c	4	52040441	N:TC[T>C]TA	1	3069750.0	741485951
JG0139c	4	53409715	U:CC[T>C]CG	1	1369274.0	742855225
JG0139c	4	53614162	U:GG[T>A]TG	1	204447.0	743059672
JG0139c	4	55613414	T:AC[T>G]TA	1	1999252.0	745058924
JG0139c	4	55650288	N:TC[T>G]TC	1	36874.0	745095798
JG0139c	4	55852565	N:TC[T>A]TG	1	202277.0	745298075
JG0139c	4	56605550	N:AC[T>A]CA	1	752985.0	746051060
JG0139c	4	56634396	N:AC[T>C]GC	1	28846.0	746079906
JG0139c	4	56844257	N:AC[T>C]CG	1	209861.0	746289767
JG0139c	4	56970576	T:CC[T>C]CA	1	126319.0	746416086
JG0139c	4	57203009	N:TC[T>C]TG	1	232433.0	746648519
JG0139c	4	57444164	N:GC[T>C]TA	-1	241155.0	746889674
JG0139c	4	58211464	N:AT[T>G]TG	1	767300.0	747656974
JG0139c	4	58269753	N:GC[T>G]GA	1	58289.0	747715263
JG0139c	4	58674095	N:TC[T>C]GA	1	404342.0	748119605
JG0139c	4	58854758	N:AC[T>C]CT	1	180663.0	748300268
JG0139c	4	60000032	N:TT[T>A]TT	-1	1145274.0	749445542
JG0139c	4	60085948	N:AC[T>C]TG	1	85916.0	749531458
JG0139c	4	60288165	N:GC[T>G]TC	-1	202217.0	749733675
JG0139c	4	61052017	N:TC[T>G]TG	1	763852.0	750497527
JG0139c	4	61448205	T:AC[T>G]TG	-1	396188.0	750893715
JG0139c	4	61575715	T:TC[T>C]GA	-1	127510.0	751021225
JG0139c	4	62518391	N:AC[T>C]TA	-1	942676.0	751963901
JG0139c	4	62841186	N:AG[T>C]TA	1	322795.0	752286696
JG0139c	4	63544936	N:TT[T>C]CT	-1	703750.0	752990446
JG0139c	4	63739767	N:TC[T>G]TG	1	194831.0	753185277
JG0139c	4	63806055	N:TC[T>G]TG	-1	66288.0	753251565
JG0139c	4	64211746	N:TC[T>A]TG	1	405691.0	753657256
JG0139c	4	64239728	N:CG[T>G]TA	1	27982.0	753685238
JG0139c	4	65386655	T:TG[C>G]TT	1	1146927.0	754832165
JG0139c	4	65398276	T:AC[T>G]TG	1	11621.0	754843786
JG0139c	4	65763348	N:AC[T>G]TG	1	365072.0	755208858
JG0139c	4	65778494	N:GG[T>A]CA	1	15146.0	755224004
JG0139c	4	66235096	N:AC[T>G]TA	1	456602.0	755680606
JG0139c	4	66449604	N:AC[T>C]TT	-1	214508.0	755895114
JG0139c	4	66703227	N:AG[T>G]TA	1	253623.0	756148737
JG0139c	4	67722406	N:GC[T>C]CT	-1	1019179.0	757167916
JG0139c	4	67941438	U:AC[T>C]TC	-1	219032.0	757386948
JG0139c	4	67974320	N:TG[T>A]TT	1	32882.0	757419830
JG0139c	4	68083902	U:TC[T>C]CC	-1	109582.0	757529412
JG0139c	4	68261549	N:TC[T>C]CC	-1	177647.0	757707059
JG0139c	4	68398447	N:AC[T>C]CG	-1	136898.0	757843957
JG0139c	4	68695963	N:TC[T>C]TG	1	297516.0	758141473
JG0139c	4	68738457	N:GG[T>C]CA	-1	42494.0	758183967
JG0139c	4	69099310	T:AC[T>C]TG	-1	360853.0	758544820
JG0139c	4	69346588	N:AC[T>C]CA	-1	247278.0	758792098
JG0139c	4	69647134	U:CC[T>C]TG	-1	300546.0	759092644
JG0139c	4	69654865	N:AG[T>C]CA	-1	7731.0	759100375
JG0139c	4	69828754	N:GC[T>C]TA	1	173889.0	759274264
JG0139c	4	69928277	N:TC[T>G]TA	1	99523.0	759373787
JG0139c	4	70037538	N:TC[T>A]CA	-1	109261.0	759483048
JG0139c	4	70163933	T:TC[T>C]TG	-1	126395.0	759609443
JG0139c	4	70337717	N:AG[T>G]TA	1	173784.0	759783227
JG0139c	4	70653075	N:AC[T>A]TG	1	315358.0	760098585
JG0139c	4	70675381	U:AC[T>A]TT	-1	22306.0	760120891
JG0139c	4	71259031	T:CC[T>G]CA	-1	583650.0	760704541
JG0139c	4	72841798	N:AC[T>C]TA	1	1582767.0	762287308
JG0139c	4	73025753	N:AC[T>C]TG	1	183955.0	762471263
JG0139c	4	73484199	U:TC[T>A]TG	1	458446.0	762929709
JG0139c	4	73549608	N:AC[T>C]TT	-1	65409.0	762995118
JG0139c	4	73673171	N:AC[T>G]TG	-1	123563.0	763118681
JG0139c	4	74020830	N:AC[T>C]CC	1	347659.0	763466340
JG0139c	4	74114036	N:CC[T>C]CA	1	93206.0	763559546
JG0139c	4	74163760	U:AC[T>C]CA	1	49724.0	763609270
JG0139c	4	74306180	N:GC[T>C]GG	1	142420.0	763751690
JG0139c	4	75325410	N:TC[T>G]TA	-1	1019230.0	764770920
JG0139c	4	75894025	T:AC[T>C]TG	1	568615.0	765339535
JG0139c	4	76053331	U:TC[T>C]TA	1	159306.0	765498841
JG0139c	4	76081541	U:TG[T>G]TC	1	28210.0	765527051
JG0139c	4	76103555	U:AC[T>C]AA	1	22014.0	765549065
JG0139c	4	77356983	N:TC[T>C]GC	-1	1253428.0	766802493
JG0139c	4	77417156	N:AC[T>A]TA	-1	60173.0	766862666
JG0139c	4	77633158	N:CC[T>G]CT	1	216002.0	767078668
JG0139c	4	78046183	N:AC[T>A]TT	-1	413025.0	767491693
JG0139c	4	79187747	N:GC[T>A]GG	-1	1141564.0	768633257
JG0139c	4	79238856	N:TC[T>A]TG	1	51109.0	768684366
JG0139c	4	79259091	N:CC[T>C]CT	1	20235.0	768704601
JG0139c	4	79564800	N:TC[T>C]TG	1	305709.0	769010310
JG0139c	4	79565714	N:AC[T>A]TC	1	914.0	769011224
JG0139c	4	79904490	U:AG[T>C]TG	-1	338776.0	769350000
JG0139c	4	80054028	U:GA[T>G]TT	-1	149538.0	769499538
JG0139c	4	80392330	T:TT[C>T]AA	-1	338302.0	769837840
JG0139c	4	80451448	T:GA[C>A]CC	-1	59118.0	769896958
JG0139c	4	80615197	T:AA[C>G]TA	-1	163749.0	770060707
JG0139c	4	81095424	T:TC[T>C]TT	1	480227.0	770540934
JG0139c	4	81193896	T:AC[T>C]TA	1	98472.0	770639406
JG0139c	4	81194366	T:TC[T>G]TC	1	470.0	770639876
JG0139c	4	81246448	N:AC[T>G]TC	-1	52082.0	770691958
JG0139c	4	82198717	N:GG[T>A]TG	1	952269.0	771644227
JG0139c	4	82236226	N:GC[T>C]TT	1	37509.0	771681736
JG0139c	4	82722835	U:CC[T>C]CG	-1	486609.0	772168345
JG0139c	4	82908974	U:TC[T>C]TG	1	186139.0	772354484
JG0139c	4	83809574	N:AC[T>C]TG	1	900600.0	773255084
JG0139c	4	83829723	N:CC[T>G]TT	1	20149.0	773275233
JG0139c	4	84145333	N:AC[T>G]TT	1	315610.0	773590843
JG0139c	4	84209697	N:TG[T>G]TA	-1	64364.0	773655207
JG0139c	4	84263097	N:AC[T>G]TG	-1	53400.0	773708607
JG0139c	4	84771766	U:AC[T>G]TA	-1	508669.0	774217276
JG0139c	4	85074535	N:AC[T>C]TG	1	302769.0	774520045
JG0139c	4	85189035	N:AC[T>G]TT	1	114500.0	774634545
JG0139c	4	85249567	N:GG[T>C]CA	-1	60532.0	774695077
JG0139c	4	85257710	N:TC[T>A]CT	1	8143.0	774703220
JG0139c	4	85407518	N:TC[T>C]CT	1	149808.0	774853028
JG0139c	4	85574265	T:GT[T>G]TT	-1	166747.0	775019775
JG0139c	4	85597421	T:AT[C>T]AC	-1	23156.0	775042931
JG0139c	4	85780796	U:GC[T>C]TG	1	183375.0	775226306
JG0139c	4	85862501	T:GC[T>C]TA	-1	81705.0	775308011
JG0139c	4	85968803	T:AC[T>C]TA	-1	106302.0	775414313
JG0139c	4	86334121	T:AC[T>G]TC	1	365318.0	775779631
JG0139c	4	87050290	T:AC[T>G]TG	-1	716169.0	776495800
JG0139c	4	88010849	T:AC[T>G]TC	-1	960559.0	777456359
JG0139c	4	88055633	U:AC[T>C]CA	1	44784.0	777501143
JG0139c	4	88983045	U:GC[T>C]GA	-1	927412.0	778428555
JG0139c	4	89333791	N:TC[T>C]CA	-1	350746.0	778779301
JG0139c	4	89799210	U:AC[T>G]TC	-1	465419.0	779244720
JG0139c	4	89931351	U:AC[T>G]TA	1	132141.0	779376861
JG0139c	4	90982746	T:TG[T>C]GG	-1	1051395.0	780428256
JG0139c	4	91394403	T:TT[T>C]TA	-1	411657.0	780839913
JG0139c	4	91417909	U:AA[C>G]AA	1	23506.0	780863419
JG0139c	4	93494914	T:GT[T>G]GA	-1	2077005.0	782940424
JG0139c	4	93541424	T:AC[T>G]TA	-1	46510.0	782986934
JG0139c	4	93814550	N:AA[T>C]GT	-1	273126.0	783260060
JG0139c	4	93838892	N:GC[T>C]TG	-1	24342.0	783284402
JG0139c	4	94742610	N:AC[T>C]TA	-1	903718.0	784188120
JG0139c	4	96010370	N:TC[T>G]TA	-1	1267760.0	785455880
JG0139c	4	96119928	N:TC[T>A]TG	-1	109558.0	785565438
JG0139c	4	96347859	N:GC[T>G]TA	-1	227931.0	785793369
JG0139c	4	99002143	T:AC[T>G]TA	-1	2654284.0	788447653
JG0139c	4	99021976	U:AC[T>G]TT	1	19833.0	788467486
JG0139c	4	99271704	N:AC[T>G]TA	-1	249728.0	788717214
JG0139c	4	99706504	N:TC[T>C]CA	-1	434800.0	789152014
JG0139c	4	99848209	T:TC[T>G]TG	-1	141705.0	789293719
JG0139c	4	100073277	N:AG[T>G]TA	-1	225068.0	789518787
JG0139c	4	100531754	N:TT[T>G]TT	-1	458477.0	789977264
JG0139c	4	102160737	N:TC[T>G]TA	-1	1628983.0	791606247
JG0139c	4	102603862	T:AC[T>G]TG	-1	443125.0	792049372
JG0139c	4	102958381	T:GC[T>G]TC	1	354519.0	792403891
JG0139c	4	103500765	N:AG[T>G]TT	1	542384.0	792946275
JG0139c	4	104295035	N:AC[T>C]CA	1	794270.0	793740545
JG0139c	4	104398000	N:AC[T>G]TG	1	102965.0	793843510
JG0139c	4	104641800	N:AC[T>C]CA	-1	243800.0	794087310
JG0139c	4	105063936	N:TC[T>A]TG	-1	422136.0	794509446
JG0139c	4	106087907	T:AC[T>C]GG	1	1023971.0	795533417
JG0139c	4	106335489	U:AC[T>G]TA	1	247582.0	795780999
JG0139c	4	106534524	N:TG[T>G]TT	-1	199035.0	795980034
JG0139c	4	106550810	N:TC[T>G]TA	-1	16286.0	795996320
JG0139c	4	106552343	N:GC[T>A]TA	-1	1533.0	795997853
JG0139c	4	106753265	N:CC[C>A]TC	1	200922.0	796198775
JG0139c	4	107231859	U:TC[T>G]GT	-1	478594.0	796677369
JG0139c	4	107321913	N:AC[T>C]TA	-1	90054.0	796767423
JG0139c	4	107728349	N:GG[T>G]TT	-1	406436.0	797173859
JG0139c	4	108202147	N:CC[T>C]CC	-1	473798.0	797647657
JG0139c	4	108574418	N:GT[T>C]GT	1	372271.0	798019928
JG0139c	4	109437751	T:AC[T>G]CA	-1	863333.0	798883261
JG0139c	4	109679700	T:GC[T>G]TC	-1	241949.0	799125210
JG0139c	4	110524007	T:TC[T>G]TG	-1	844307.0	799969517
JG0139c	4	110629848	U:TC[T>C]TG	-1	105841.0	800075358
JG0139c	4	111242723	N:CG[T>C]CT	-1	612875.0	800688233
JG0139c	4	111270177	N:AC[T>C]TT	-1	27454.0	800715687
JG0139c	4	111469949	N:CC[T>C]TT	-1	199772.0	800915459
JG0139c	4	111842099	N:TC[T>G]TG	1	372150.0	801287609
JG0139c	4	111987157	N:TC[T>G]TA	1	145058.0	801432667
JG0139c	4	111997989	N:CC[T>G]TG	1	10832.0	801443499
JG0139c	4	112000773	N:AC[T>G]TT	1	2784.0	801446283
JG0139c	4	112034142	N:TT[T>G]TA	1	33369.0	801479652
JG0139c	4	112058079	N:CC[T>G]TG	1	23937.0	801503589
JG0139c	4	112135958	N:GG[T>C]GG	1	77879.0	801581468
JG0139c	4	112828197	U:CA[C>A]CA	1	692239.0	802273707
JG0139c	4	113158346	U:TC[T>G]TA	1	330149.0	802603856
JG0139c	4	113447847	N:AC[T>C]TT	-1	289501.0	802893357
JG0139c	4	113539287	U:GC[T>C]TT	-1	91440.0	802984797
JG0139c	4	114121223	N:GT[C>A]TA	1	581936.0	803566733
JG0139c	4	114160730	N:TC[T>A]TG	-1	39507.0	803606240
JG0139c	4	114585898	N:TG[T>C]AG	-1	425168.0	804031408
JG0139c	4	114916287	U:AC[T>G]TA	-1	330389.0	804361797
JG0139c	4	115001512	T:AC[T>G]TC	1	85225.0	804447022
JG0139c	4	115308826	N:AC[T>C]CT	1	307314.0	804754336
JG0139c	4	115428049	N:AC[T>C]TT	-1	119223.0	804873559
JG0139c	4	115481849	N:AC[T>C]TA	-1	53800.0	804927359
JG0139c	4	115602533	N:TC[T>G]TG	-1	120684.0	805048043
JG0139c	4	115715252	N:AC[T>G]TG	1	112719.0	805160762
JG0139c	4	115792601	N:AG[T>G]CG	1	77349.0	805238111
JG0139c	4	115845032	N:GC[T>A]TT	-1	52431.0	805290542
JG0139c	4	115890007	N:TG[T>C]TA	-1	44975.0	805335517
JG0139c	4	116044479	N:AC[T>G]TT	1	154472.0	805489989
JG0139c	4	116182697	N:GC[T>G]CC	-1	138218.0	805628207
JG0139c	4	116507232	N:TC[T>C]CA	-1	324535.0	805952742
JG0139c	4	116638927	N:TC[T>G]TA	1	131695.0	806084437
JG0139c	4	116678266	N:AG[T>A]CA	-1	39339.0	806123776
JG0139c	4	116728379	N:GC[T>G]TG	1	50113.0	806173889
JG0139c	4	116816247	N:AC[T>G]TC	-1	87868.0	806261757
JG0139c	4	116992838	N:GG[C>T]AA	-1	176591.0	806438348
JG0139c	4	117066944	N:AC[T>A]CA	-1	74106.0	806512454
JG0139c	4	117223043	N:GC[T>G]TG	-1	156099.0	806668553
JG0139c	4	117456879	N:AC[T>C]TG	-1	233836.0	806902389
JG0139c	4	118065242	T:AG[T>C]TT	-1	608363.0	807510752
JG0139c	4	118147284	U:AG[T>G]GT	1	82042.0	807592794
JG0139c	4	119115224	N:TC[T>G]TG	-1	967940.0	808560734
JG0139c	4	119709927	N:GC[T>G]TA	-1	594703.0	809155437
JG0139c	4	119728790	N:AC[T>G]TG	-1	18863.0	809174300
JG0139c	4	120167437	N:AC[T>G]TA	-1	438647.0	809612947
JG0139c	4	120547860	N:TC[T>A]CG	1	380423.0	809993370
JG0139c	4	120630670	N:TC[T>G]TA	-1	82810.0	810076180
JG0139c	4	120639365	N:TC[T>C]CA	-1	8695.0	810084875
JG0139c	4	120668867	N:TC[T>G]TG	-1	29502.0	810114377
JG0139c	4	120815754	U:CC[T>G]TA	-1	146887.0	810261264
JG0139c	4	120935328	N:AG[T>G]TA	1	119574.0	810380838
JG0139c	4	120990517	N:GC[T>C]TG	-1	55189.0	810436027
JG0139c	4	121077845	N:CC[T>G]TA	1	87328.0	810523355
JG0139c	4	121197231	U:TC[T>C]TA	-1	119386.0	810642741
JG0139c	4	121283620	N:GC[T>C]TA	-1	86389.0	810729130
JG0139c	4	121434428	N:AC[T>G]TC	1	150808.0	810879938
JG0139c	4	121786925	N:GG[T>G]CA	1	352497.0	811232435
JG0139c	4	122031813	N:AT[T>G]TA	1	244888.0	811477323
JG0139c	4	123170788	U:TC[T>G]TC	1	1138975.0	812616298
JG0139c	4	123720171	N:TT[T>G]TA	-1	549383.0	813165681
JG0139c	4	123780413	N:AC[T>C]TC	-1	60242.0	813225923
JG0139c	4	123833510	N:TG[T>G]TA	1	53097.0	813279020
JG0139c	4	124734485	N:AC[T>G]CC	-1	900975.0	814179995
JG0139c	4	124902010	N:AC[T>G]TA	-1	167525.0	814347520
JG0139c	4	125585456	N:TG[T>G]TC	1	683446.0	815030966
JG0139c	4	125657296	N:TC[T>A]CC	-1	71840.0	815102806
JG0139c	4	125681353	N:AG[T>C]GC	-1	24057.0	815126863
JG0139c	4	125683224	N:AT[C>A]TT	-1	1871.0	815128734
JG0139c	4	125798251	N:AA[C>T]AG	-1	115027.0	815243761
JG0139c	4	126312943	N:AC[T>C]CG	-1	514692.0	815758453
JG0139c	4	126884621	N:AC[T>G]TA	1	571678.0	816330131
JG0139c	4	127364796	N:GC[T>C]TG	-1	480175.0	816810306
JG0139c	4	128798154	N:AC[T>C]GC	-1	1433358.0	818243664
JG0139c	4	128952943	U:AG[T>G]TA	-1	154789.0	818398453
JG0139c	4	128969220	U:TC[T>C]GA	-1	16277.0	818414730
JG0139c	4	129530244	N:CT[T>C]CT	1	561024.0	818975754
JG0139c	4	129532085	N:TG[T>C]TA	-1	1841.0	818977595
JG0139c	4	129605125	N:GG[T>G]TA	1	73040.0	819050635
JG0139c	4	129818610	N:GC[T>A]TT	-1	213485.0	819264120
JG0139c	4	130176979	N:TC[T>G]TT	-1	358369.0	819622489
JG0139c	4	130267527	N:GG[C>T]AG	1	90548.0	819713037
JG0139c	4	131312527	N:AC[T>G]TT	1	1045000.0	820758037
JG0139c	4	132077561	N:AC[T>G]CC	1	765034.0	821523071
JG0139c	4	132721391	N:AC[T>C]TG	1	643830.0	822166901
JG0139c	4	132887188	N:TC[T>G]TA	-1	165797.0	822332698
JG0139c	4	133523406	N:TC[T>G]TT	1	636218.0	822968916
JG0139c	4	133629927	N:CA[T>G]TG	1	106521.0	823075437
JG0139c	4	133729495	N:AC[T>G]TG	-1	99568.0	823175005
JG0139c	4	134436608	N:TC[T>G]CC	1	707113.0	823882118
JG0139c	4	134560749	N:AG[T>G]TA	1	124141.0	824006259
JG0139c	4	135044359	N:TC[T>G]TA	1	483610.0	824489869
JG0139c	4	135780177	N:AG[T>G]TA	1	735818.0	825225687
JG0139c	4	135996338	N:AC[T>G]TA	-1	216161.0	825441848
JG0139c	4	136088033	N:TC[T>G]TA	-1	91695.0	825533543
JG0139c	4	136442423	N:CC[T>G]CA	1	354390.0	825887933
JG0139c	4	136536098	N:AC[T>G]TA	-1	93675.0	825981608
JG0139c	4	136632183	N:GC[T>G]TG	1	96085.0	826077693
JG0139c	4	136949641	N:TC[T>G]TA	1	317458.0	826395151
JG0139c	4	137395139	N:TC[T>G]CA	-1	445498.0	826840649
JG0139c	4	137699015	N:CC[T>G]CA	-1	303876.0	827144525
JG0139c	4	137962169	N:CC[T>G]TA	1	263154.0	827407679
JG0139c	4	138306340	N:TC[T>C]TA	-1	344171.0	827751850
JG0139c	4	138514157	N:TC[T>G]TA	1	207817.0	827959667
JG0139c	4	138748606	N:TT[T>G]TC	1	234449.0	828194116
JG0139c	4	138823662	N:AT[T>G]TG	1	75056.0	828269172
JG0139c	4	138914969	N:TC[T>C]CA	1	91307.0	828360479
JG0139c	4	140398117	T:TC[T>C]TG	1	1483148.0	829843627
JG0139c	4	141040281	U:TC[T>G]GA	-1	642164.0	830485791
JG0139c	4	141362051	N:AC[T>C]TA	1	321770.0	830807561
JG0139c	4	142138908	T:CC[T>G]CA	1	776857.0	831584418
JG0139c	4	142598404	U:AG[T>C]TG	-1	459496.0	832043914
JG0139c	4	143079652	N:AC[T>G]AA	1	481248.0	832525162
JG0139c	4	143122896	N:GC[T>G]TA	1	43244.0	832568406
JG0139c	4	143328839	N:TC[T>C]CA	-1	205943.0	832774349
JG0139c	4	143369561	T:AC[T>G]TT	-1	40722.0	832815071
JG0139c	4	144108542	N:AT[T>C]TG	-1	738981.0	833554052
JG0139c	4	144609573	N:TC[T>C]CT	1	501031.0	834055083
JG0139c	4	144701295	T:AC[T>G]TA	-1	91722.0	834146805
JG0139c	4	144799199	N:AC[T>C]CA	-1	97904.0	834244709
JG0139c	4	145390440	N:TA[T>G]TT	1	591241.0	834835950
JG0139c	4	146159714	N:GC[T>G]TT	1	769274.0	835605224
JG0139c	4	146718524	T:GT[C>T]TA	1	558810.0	836164034
JG0139c	4	146998801	N:TG[T>G]TC	1	280277.0	836444311
JG0139c	4	147037573	N:AC[T>G]TA	-1	38772.0	836483083
JG0139c	4	148456229	N:GC[T>G]TG	-1	1418656.0	837901739
JG0139c	4	148520214	N:TC[T>C]TA	-1	63985.0	837965724
JG0139c	4	148627669	N:CA[T>G]TG	1	107455.0	838073179
JG0139c	4	148850811	N:AC[T>C]TG	-1	223142.0	838296321
JG0139c	4	149385409	U:AC[T>C]TA	-1	534598.0	838830919
JG0139c	4	149486184	T:GC[T>A]CA	1	100775.0	838931694
JG0139c	4	149802697	U:TC[T>C]CA	-1	316513.0	839248207
JG0139c	4	149833935	N:CC[T>C]GA	1	31238.0	839279445
JG0139c	4	150234788	U:TT[T>G]TA	1	400853.0	839680298
JG0139c	4	151262040	T:AC[T>G]TA	1	1027252.0	840707550
JG0139c	4	151336634	N:CC[T>C]CA	1	74594.0	840782144
JG0139c	4	151942059	N:GC[T>G]TC	-1	605425.0	841387569
JG0139c	4	152149567	N:TC[T>C]CA	1	207508.0	841595077
JG0139c	4	152252644	N:TC[T>C]TG	1	103077.0	841698154
JG0139c	4	152920165	N:TC[T>C]TG	1	667521.0	842365675
JG0139c	4	153758200	T:TC[T>C]TA	1	838035.0	843203710
JG0139c	4	153988426	N:AC[T>C]CT	-1	230226.0	843433936
JG0139c	4	154734666	T:AG[T>G]CA	-1	746240.0	844180176
JG0139c	4	154746100	T:TC[T>C]TA	-1	11434.0	844191610
JG0139c	4	155015307	N:TG[T>C]GG	1	269207.0	844460817
JG0139c	4	155112313	N:TC[T>C]TT	-1	97006.0	844557823
JG0139c	4	155190225	N:AC[T>C]GC	1	77912.0	844635735
JG0139c	4	155347075	T:TC[T>G]TT	1	156850.0	844792585
JG0139c	4	155360766	U:AC[T>C]CA	-1	13691.0	844806276
JG0139c	4	155598959	N:TC[T>C]CG	1	238193.0	845044469
JG0139c	4	155725129	U:TC[T>C]TA	1	126170.0	845170639
JG0139c	4	155991672	N:TC[T>G]TT	-1	266543.0	845437182
JG0139c	4	156379849	N:CC[T>G]TA	1	388177.0	845825359
JG0139c	4	156424499	N:TC[T>C]TA	1	44650.0	845870009
JG0139c	4	156644873	N:AC[T>G]TA	-1	220374.0	846090383
JG0139c	4	157613041	N:AC[T>A]TT	1	968168.0	847058551
JG0139c	4	157939879	N:AC[T>G]TA	1	326838.0	847385389
JG0139c	4	159233556	T:AC[T>G]TA	-1	1293677.0	848679066
JG0139c	4	159647571	N:AC[T>G]TT	1	414015.0	849093081
JG0139c	4	159650994	N:AA[T>G]TA	1	3423.0	849096504
JG0139c	4	159669259	N:AG[T>C]TA	1	18265.0	849114769
JG0139c	4	159754852	N:GC[T>G]TG	-1	85593.0	849200362
JG0139c	4	159757125	N:AC[T>G]TG	-1	2273.0	849202635
JG0139c	4	159908199	N:AG[T>G]TG	1	151074.0	849353709
JG0139c	4	159913950	N:TC[T>C]TA	1	5751.0	849359460
JG0139c	4	160058870	N:GC[T>C]TA	1	144920.0	849504380
JG0139c	4	160232676	N:AG[T>C]TG	1	173806.0	849678186
JG0139c	4	160721001	N:AC[T>G]TA	-1	488325.0	850166511
JG0139c	4	160758021	N:TT[T>C]CT	-1	37020.0	850203531
JG0139c	4	160835298	N:AC[T>G]TC	-1	77277.0	850280808
JG0139c	4	161026546	N:GG[T>C]CA	-1	191248.0	850472056
JG0139c	4	161314790	N:AC[T>C]TA	1	288244.0	850760300
JG0139c	4	161792933	U:TC[T>C]CC	-1	478143.0	851238443
JG0139c	4	161849663	U:TC[T>C]AA	-1	56730.0	851295173
JG0139c	4	162025462	T:TC[T>G]TA	1	175799.0	851470972
JG0139c	4	162111826	T:CG[T>G]TA	1	86364.0	851557336
JG0139c	4	162151245	T:AG[C>T]AG	1	39419.0	851596755
JG0139c	4	162489544	N:TC[T>A]CA	-1	338299.0	851935054
JG0139c	4	162506878	N:AA[T>G]TA	1	17334.0	851952388
JG0139c	4	162541875	N:AG[T>G]TC	1	34997.0	851987385
JG0139c	4	162711551	N:TC[T>G]TG	1	169676.0	852157061
JG0139c	4	162946651	N:AC[T>C]AG	-1	235100.0	852392161
JG0139c	4	163364365	N:AC[T>G]CG	1	417714.0	852809875
JG0139c	4	163920116	U:AG[T>C]CA	-1	555751.0	853365626
JG0139c	4	164027877	T:AC[T>G]TA	1	107761.0	853473387
JG0139c	4	164099221	U:AC[T>G]TT	-1	71344.0	853544731
JG0139c	4	164590542	N:TC[T>C]TG	-1	491321.0	854036052
JG0139c	4	164784790	U:GC[T>C]TT	1	194248.0	854230300
JG0139c	4	165188144	T:AC[T>A]TC	1	403354.0	854633654
JG0139c	4	165530344	N:TC[T>C]TG	-1	342200.0	854975854
JG0139c	4	165590433	N:TC[T>G]TA	-1	60089.0	855035943
JG0139c	4	165766608	N:AC[T>C]CA	1	176175.0	855212118
JG0139c	4	165971841	U:GC[T>C]TG	1	205233.0	855417351
JG0139c	4	166594538	N:GC[T>A]AC	1	622697.0	856040048
JG0139c	4	167061669	T:AC[T>G]TA	1	467131.0	856507179
JG0139c	4	167178043	T:AA[C>G]TG	1	116374.0	856623553
JG0139c	4	167625651	N:TC[T>G]TC	1	447608.0	857071161
JG0139c	4	167671347	N:TC[T>C]CA	1	45696.0	857116857
JG0139c	4	167704119	N:AC[T>G]TA	1	32772.0	857149629
JG0139c	4	167797918	N:TC[T>G]TA	1	93799.0	857243428
JG0139c	4	168114506	U:TC[T>C]TG	1	316588.0	857560016
JG0139c	4	169303700	N:GC[T>C]GG	1	1189194.0	858749210
JG0139c	4	169338961	N:GC[T>G]TA	-1	35261.0	858784471
JG0139c	4	170113937	N:AC[T>C]CA	1	774976.0	859559447
JG0139c	4	170117640	N:TC[T>C]TA	-1	3703.0	859563150
JG0139c	4	170308050	N:TC[T>G]TG	1	190410.0	859753560
JG0139c	4	170490917	N:TT[C>A]TA	-1	182867.0	859936427
JG0139c	4	170561894	N:CC[T>A]CA	1	70977.0	860007404
JG0139c	4	170652575	N:TC[C>G]TA	-1	90681.0	860098085
JG0139c	4	170822688	N:AC[T>A]TT	-1	170113.0	860268198
JG0139c	4	171202035	N:CC[T>C]CA	1	379347.0	860647545
JG0139c	4	171266034	N:TC[T>G]TC	1	63999.0	860711544
JG0139c	4	171503626	N:TC[T>C]CA	-1	237592.0	860949136
JG0139c	4	171514138	N:TG[T>C]AA	-1	10512.0	860959648
JG0139c	4	171563137	N:TC[T>A]CG	1	48999.0	861008647
JG0139c	4	171680882	N:AC[T>C]TA	1	117745.0	861126392
JG0139c	4	171711291	N:AA[T>C]GT	-1	30409.0	861156801
JG0139c	4	171969989	U:TC[T>C]TG	1	258698.0	861415499
JG0139c	4	172030386	U:GC[T>C]GG	1	60397.0	861475896
JG0139c	4	172265364	T:AG[T>G]TG	-1	234978.0	861710874
JG0139c	4	172431686	U:TT[T>G]CA	1	166322.0	861877196
JG0139c	4	172434352	T:AC[T>C]TC	-1	2666.0	861879862
JG0139c	4	172483462	U:AG[T>G]TC	1	49110.0	861928972
JG0139c	4	172681713	T:CC[T>A]CA	-1	198251.0	862127223
JG0139c	4	172770432	T:AC[T>C]TT	-1	88719.0	862215942
JG0139c	4	172789842	U:TG[T>C]TT	1	19410.0	862235352
JG0139c	4	172932254	U:TC[T>C]CA	1	142412.0	862377764
JG0139c	4	173083450	N:AC[T>C]TT	1	151196.0	862528960
JG0139c	4	173742555	N:TC[T>C]TG	-1	659105.0	863188065
JG0139c	4	173744766	N:CC[T>G]TA	-1	2211.0	863190276
JG0139c	4	173803396	N:AC[T>G]TA	1	58630.0	863248906
JG0139c	4	173891897	N:AG[T>G]TA	1	88501.0	863337407
JG0139c	4	174163100	N:CC[T>C]TG	-1	271203.0	863608610
JG0139c	4	174493943	T:AG[T>G]TA	1	330843.0	863939453
JG0139c	4	175212344	N:TT[T>A]TG	1	718401.0	864657854
JG0139c	4	175732924	T:AC[T>C]GA	1	520580.0	865178434
JG0139c	4	176707989	T:TG[T>G]TA	1	975065.0	866153499
JG0139c	4	176831192	N:GC[T>G]TA	1	123203.0	866276702
JG0139c	4	177158987	N:AC[T>C]TT	-1	327795.0	866604497
JG0139c	4	177713921	N:AC[T>C]CA	-1	554934.0	867159431
JG0139c	4	177738269	N:TA[C>A]AA	-1	24348.0	867183779
JG0139c	4	177905004	N:AC[T>C]CT	1	166735.0	867350514
JG0139c	4	177947699	N:AC[T>C]CA	1	42695.0	867393209
JG0139c	4	178070801	N:AG[T>C]CC	1	123102.0	867516311
JG0139c	4	178148387	N:TG[T>G]TA	1	77586.0	867593897
JG0139c	4	178475330	N:AC[T>C]TC	1	326943.0	867920840
JG0139c	4	178751769	N:TC[T>G]CA	1	276439.0	868197279
JG0139c	4	179010471	N:TG[T>G]TT	1	258702.0	868455981
JG0139c	4	179231658	N:AC[T>C]TG	1	221187.0	868677168
JG0139c	4	179373478	N:AC[T>G]TA	1	141820.0	868818988
JG0139c	4	179755361	N:TC[T>A]CA	1	381883.0	869200871
JG0139c	4	180339703	N:TC[T>C]TA	1	584342.0	869785213
JG0139c	4	180736543	N:TG[C>A]TT	1	396840.0	870182053
JG0139c	4	180847848	N:AC[T>C]TG	-1	111305.0	870293358
JG0139c	4	180979005	N:AC[T>A]TA	1	131157.0	870424515
JG0139c	4	181268262	N:AC[T>C]TA	-1	289257.0	870713772
JG0139c	4	181328885	N:CC[T>G]TA	1	60623.0	870774395
JG0139c	4	181586119	N:AC[T>C]TG	1	257234.0	871031629
JG0139c	4	181767638	N:AC[T>C]CA	1	181519.0	871213148
JG0139c	4	181817131	N:CC[T>C]CA	1	49493.0	871262641
JG0139c	4	182124279	N:CC[T>G]TA	1	307148.0	871569789
JG0139c	4	184027681	N:TC[T>C]TT	1	1903402.0	873473191
JG0139c	4	184362069	N:TC[T>C]TG	-1	334388.0	873807579
JG0139c	4	185822758	U:TC[T>C]CC	-1	1460689.0	875268268
JG0139c	4	187024907	N:TC[T>C]CG	-1	1202149.0	876470417
JG0139c	4	187317833	N:GC[T>A]TA	1	292926.0	876763343
JG0139c	4	187531439	N:TC[T>G]TA	-1	213606.0	876976949
JG0139c	4	187656517	N:TC[T>C]TC	1	125078.0	877102027
JG0139c	4	187773543	N:AC[T>C]TG	1	117026.0	877219053
JG0139c	4	188238092	N:TC[T>A]TA	1	464549.0	877683602
JG0139c	4	188266169	N:CC[T>G]CA	1	28077.0	877711679
JG0139c	4	188292741	N:AC[T>G]TC	-1	26572.0	877738251
JG0139c	4	188321182	N:TC[T>C]TT	-1	28441.0	877766692
JG0139c	4	188413085	N:TC[T>C]CC	-1	91903.0	877858595
JG0139c	4	189856440	N:AC[T>C]CT	1	1443355.0	879301950
JG0139c	4	189882896	N:AC[T>G]TA	-1	26456.0	879328406
JG0139c	4	189917633	N:GC[T>G]TA	1	34737.0	879363143
JG0139c	5	938418	N:GC[T>G]TT	1		880598483
JG0139c	5	1773280	N:AA[T>G]TG	1	834862.0	881433345
JG0139c	5	2337660	N:GC[T>C]TT	1	564380.0	881997725
JG0139c	5	2639431	N:AC[T>C]TG	1	301771.0	882299496
JG0139c	5	2895337	N:TC[T>C]TC	1	255906.0	882555402
JG0139c	5	3134705	N:TC[T>A]TG	1	239368.0	882794770
JG0139c	5	4140940	N:TT[T>G]TT	-1	1006235.0	883801005
JG0139c	5	4597406	N:CC[T>G]TG	1	456466.0	884257471
JG0139c	5	4638087	N:AA[T>G]TA	1	40681.0	884298152
JG0139c	5	4678258	N:AC[T>C]CA	-1	40171.0	884338323
JG0139c	5	5110884	N:AG[T>C]CT	1	432626.0	884770949
JG0139c	5	5248454	U:TC[T>C]TA	1	137570.0	884908519
JG0139c	5	5462314	U:AC[T>C]CC	1	213860.0	885122379
JG0139c	5	5781046	N:GG[T>A]TT	1	318732.0	885441111
JG0139c	5	6004554	N:AA[T>C]CA	1	223508.0	885664619
JG0139c	5	6117475	N:GC[T>C]TG	1	112921.0	885777540
JG0139c	5	6391337	N:GG[T>G]GA	1	273862.0	886051402
JG0139c	5	6440115	N:GC[T>G]CA	1	48778.0	886100180
JG0139c	5	6565348	N:AA[T>G]TC	1	125233.0	886225413
JG0139c	5	7336164	N:TC[T>C]CT	-1	770816.0	886996229
JG0139c	5	7342627	N:AC[T>G]TT	1	6463.0	887002692
JG0139c	5	7447818	T:CC[T>A]CC	-1	105191.0	887107883
JG0139c	5	7835231	T:AC[T>G]TA	1	387413.0	887495296
JG0139c	5	8600475	N:AC[T>C]TA	1	765244.0	888260540
JG0139c	5	8786549	N:GG[C>T]AT	1	186074.0	888446614
JG0139c	5	9098359	U:CC[T>G]TG	-1	311810.0	888758424
JG0139c	5	9127584	T:AC[T>C]CT	1	29225.0	888787649
JG0139c	5	9309199	T:GG[C>A]TT	1	181615.0	888969264
JG0139c	5	9436103	T:AA[T>G]TT	1	126904.0	889096168
JG0139c	5	9550834	N:TC[T>A]CC	1	114731.0	889210899
JG0139c	5	9591445	N:GA[T>A]TG	1	40611.0	889251510
JG0139c	5	9653706	T:TC[T>G]TA	1	62261.0	889313771
JG0139c	5	9819486	N:AC[T>G]TA	1	165780.0	889479551
JG0139c	5	10969537	N:GG[C>A]AG	1	1150051.0	890629602
JG0139c	5	11171512	T:CC[T>C]CC	1	201975.0	890831577
JG0139c	5	11173661	T:GG[T>G]GG	1	2149.0	890833726
JG0139c	5	11308492	T:GA[T>G]TT	1	134831.0	890968557
JG0139c	5	11647154	T:CC[T>G]CT	1	338662.0	891307219
JG0139c	5	11882339	T:AG[T>C]AG	1	235185.0	891542404
JG0139c	5	12441020	N:TC[T>G]GC	1	558681.0	892101085
JG0139c	5	13045855	N:TC[T>C]TT	1	604835.0	892705920
JG0139c	5	13689222	N:AC[T>C]TT	1	643367.0	893349287
JG0139c	5	13740682	T:TC[T>G]TG	1	51460.0	893400747
JG0139c	5	13796510	T:TC[T>A]TC	1	55828.0	893456575
JG0139c	5	13797979	T:TC[T>C]CA	1	1469.0	893458044
JG0139c	5	13824147	T:AG[T>G]TA	1	26168.0	893484212
JG0139c	5	13902271	T:GC[T>G]TA	1	78124.0	893562336
JG0139c	5	14263478	U:AG[T>C]TT	1	361207.0	893923543
JG0139c	5	14333989	U:AC[T>G]TT	1	70511.0	893994054
JG0139c	5	14565447	N:AC[T>G]TA	1	231458.0	894225512
JG0139c	5	14785162	T:AC[T>G]CA	1	219715.0	894445227
JG0139c	5	14854281	T:AC[T>G]TG	1	69119.0	894514346
JG0139c	5	15053502	N:TC[T>G]TG	1	199221.0	894713567
JG0139c	5	15055250	N:TC[T>G]TC	1	1748.0	894715315
JG0139c	5	15155420	N:CG[T>C]TG	-1	100170.0	894815485
JG0139c	5	15180962	N:AC[T>C]GA	1	25542.0	894841027
JG0139c	5	15317330	N:AC[T>C]GA	1	136368.0	894977395
JG0139c	5	15635792	T:TC[T>G]GA	-1	318462.0	895295857
JG0139c	5	15961143	N:TC[T>A]CA	1	325351.0	895621208
JG0139c	5	18032844	N:AC[T>G]TT	1	2071701.0	897692909
JG0139c	5	18361285	N:TC[T>A]CA	1	328441.0	898021350
JG0139c	5	19692520	T:AC[T>G]CA	1	1331235.0	899352585
JG0139c	5	20119919	T:AC[T>G]TA	1	427399.0	899779984
JG0139c	5	20453709	T:TC[T>A]GA	1	333790.0	900113774
JG0139c	5	20565740	T:CC[T>G]CC	1	112031.0	900225805
JG0139c	5	20572396	T:TC[T>G]TA	1	6656.0	900232461
JG0139c	5	20954481	N:AC[T>A]CA	-1	382085.0	900614546
JG0139c	5	21635889	N:AC[T>G]CA	-1	681408.0	901295954
JG0139c	5	21807992	U:AT[T>G]TA	-1	172103.0	901468057
JG0139c	5	22295623	U:TG[T>G]TC	-1	487631.0	901955688
JG0139c	5	22338941	U:TC[T>G]TT	-1	43318.0	901999006
JG0139c	5	22366827	U:AC[T>G]CC	-1	27886.0	902026892
JG0139c	5	22450758	U:GC[T>C]GG	-1	83931.0	902110823
JG0139c	5	22742518	T:AC[T>C]CT	1	291760.0	902402583
JG0139c	5	22880243	N:TA[C>A]TG	1	137725.0	902540308
JG0139c	5	22880768	N:AA[T>G]TC	-1	525.0	902540833
JG0139c	5	22916976	N:TC[T>G]TT	1	36208.0	902577041
JG0139c	5	22989542	N:GC[T>G]TA	-1	72566.0	902649607
JG0139c	5	22993000	N:CC[T>C]TA	-1	3458.0	902653065
JG0139c	5	23464173	U:AC[T>C]AA	1	471173.0	903124238
JG0139c	5	23664435	N:AC[T>G]TG	-1	200262.0	903324500
JG0139c	5	23708404	N:GA[T>A]TG	1	43969.0	903368469
JG0139c	5	23832236	N:AG[T>G]TA	-1	123832.0	903492301
JG0139c	5	23896723	N:AC[T>C]TG	1	64487.0	903556788
JG0139c	5	24255575	N:AC[T>G]TT	1	358852.0	903915640
JG0139c	5	24398756	N:CC[T>G]TA	1	143181.0	904058821
JG0139c	5	24531258	T:TC[T>C]TT	1	132502.0	904191323
JG0139c	5	24678227	N:AC[T>G]TG	1	146969.0	904338292
JG0139c	5	24683508	N:AC[T>G]TG	1	5281.0	904343573
JG0139c	5	26434150	N:TC[T>C]TA	1	1750642.0	906094215
JG0139c	5	26518242	N:AG[T>G]CG	-1	84092.0	906178307
JG0139c	5	26832973	N:AC[T>A]TG	1	314731.0	906493038
JG0139c	5	26881459	T:TC[T>C]TG	1	48486.0	906541524
JG0139c	5	26975780	T:TC[T>G]TA	1	94321.0	906635845
JG0139c	5	27245032	N:TG[T>C]TA	1	269252.0	906905097
JG0139c	5	27921982	N:AC[T>G]CA	1	676950.0	907582047
JG0139c	5	27974578	N:TC[T>G]TA	1	52596.0	907634643
JG0139c	5	28014224	N:GC[T>A]CA	1	39646.0	907674289
JG0139c	5	28177841	N:AC[T>G]TG	1	163617.0	907837906
JG0139c	5	28386913	N:AC[T>C]TA	-1	209072.0	908046978
JG0139c	5	28402316	N:TG[T>G]TG	1	15403.0	908062381
JG0139c	5	28681633	N:GC[T>G]CA	1	279317.0	908341698
JG0139c	5	28924143	N:TC[T>C]AA	1	242510.0	908584208
JG0139c	5	29053019	N:TG[T>G]TA	-1	128876.0	908713084
JG0139c	5	29291746	N:TC[T>C]CA	1	238727.0	908951811
JG0139c	5	29420896	N:AC[T>G]TA	-1	129150.0	909080961
JG0139c	5	29434923	N:AG[T>G]TA	1	14027.0	909094988
JG0139c	5	29646995	N:TT[T>G]TG	1	212072.0	909307060
JG0139c	5	29782339	N:AC[T>C]CA	1	135344.0	909442404
JG0139c	5	29951512	N:GC[T>G]TA	1	169173.0	909611577
JG0139c	5	29972786	N:TC[T>G]TA	1	21274.0	909632851
JG0139c	5	30089050	N:AC[T>G]TT	-1	116264.0	909749115
JG0139c	5	30436079	N:GC[T>G]TT	1	347029.0	910096144
JG0139c	5	31354627	N:CC[T>G]TA	1	918548.0	911014692
JG0139c	5	31726588	U:AC[T>C]TG	1	371961.0	911386653
JG0139c	5	31896666	U:TC[T>C]TA	1	170078.0	911556731
JG0139c	5	32568091	T:TC[T>G]TT	-1	671425.0	912228156
JG0139c	5	32681059	N:TC[T>C]TT	-1	112968.0	912341124
JG0139c	5	32740925	U:TC[T>C]CA	1	59866.0	912400990
JG0139c	5	32774701	U:TC[T>G]TT	1	33776.0	912434766
JG0139c	5	32775913	U:TC[T>G]CA	1	1212.0	912435978
JG0139c	5	32791973	N:TC[T>C]TG	1	16060.0	912452038
JG0139c	5	32815525	N:AC[T>C]TG	1	23552.0	912475590
JG0139c	5	32933455	N:GC[T>C]GA	1	117930.0	912593520
JG0139c	5	33012284	N:AG[T>G]CA	1	78829.0	912672349
JG0139c	5	33041551	N:AT[C>T]TT	1	29267.0	912701616
JG0139c	5	33041552	N:TC[T>C]TA	1	1.0	912701617
JG0139c	5	33069510	N:TC[T>G]TT	1	27958.0	912729575
JG0139c	5	33119214	N:TC[T>G]CA	1	49704.0	912779279
JG0139c	5	33360409	N:GC[T>A]TG	1	241195.0	913020474
JG0139c	5	33456483	U:CC[T>C]GG	1	96074.0	913116548
JG0139c	5	34670807	U:GA[T>G]TG	1	1214324.0	914330872
JG0139c	5	35647524	U:AC[T>A]TA	1	976717.0	915307589
JG0139c	5	36159220	U:AC[T>C]TT	1	511696.0	915819285
JG0139c	5	36212112	T:AC[T>G]TA	1	52892.0	915872177
JG0139c	5	36442567	N:TC[T>G]TA	1	230455.0	916102632
JG0139c	5	36554535	N:AA[T>G]TT	1	111968.0	916214600
JG0139c	5	36573177	N:TC[T>C]CC	1	18642.0	916233242
JG0139c	5	36627852	U:AC[T>C]TG	1	54675.0	916287917
JG0139c	5	36627915	U:AG[T>A]TA	1	63.0	916287980
JG0139c	5	36709509	N:TC[T>A]CA	1	81594.0	916369574
JG0139c	5	36731344	N:TC[T>C]TA	1	21835.0	916391409
JG0139c	5	37048063	U:TC[T>C]TA	1	316719.0	916708128
JG0139c	5	37211296	T:GC[T>G]TG	1	163233.0	916871361
JG0139c	5	37286341	N:AC[T>C]CC	1	75045.0	916946406
JG0139c	5	37481481	U:AC[T>G]TG	1	195140.0	917141546
JG0139c	5	37533918	U:AC[T>G]TG	1	52437.0	917193983
JG0139c	5	37539073	U:GG[T>C]TT	1	5155.0	917199138
JG0139c	5	37639037	T:AC[T>A]CA	-1	99964.0	917299102
JG0139c	5	37723900	U:TG[T>G]TT	1	84863.0	917383965
JG0139c	5	37731862	U:AC[T>C]TA	1	7962.0	917391927
JG0139c	5	37840364	N:AC[T>G]TG	1	108502.0	917500429
JG0139c	5	37905748	N:TT[T>G]TA	1	65384.0	917565813
JG0139c	5	38075991	N:GT[C>T]TC	1	170243.0	917736056
JG0139c	5	38075992	N:TC[T>C]CA	1	1.0	917736057
JG0139c	5	38128024	N:CT[T>G]TG	1	52032.0	917788089
JG0139c	5	38393674	T:TC[T>A]TC	-1	265650.0	918053739
JG0139c	5	38587580	T:AC[T>C]TT	1	193906.0	918247645
JG0139c	5	38689318	N:TC[T>C]TA	1	101738.0	918349383
JG0139c	5	38756027	N:GC[T>C]TA	-1	66709.0	918416092
JG0139c	5	39015491	T:AT[T>G]TG	1	259464.0	918675556
JG0139c	5	39106868	T:AA[T>G]TT	1	91377.0	918766933
JG0139c	5	39170527	T:AC[T>G]CA	1	63659.0	918830592
JG0139c	5	39284315	T:TC[T>C]CA	1	113788.0	918944380
JG0139c	5	39383695	T:GC[T>G]TA	1	99380.0	919043760
JG0139c	5	39805276	N:AC[T>C]TA	1	421581.0	919465341
JG0139c	5	40124116	N:CA[T>C]GC	1	318840.0	919784181
JG0139c	5	40312599	N:AC[T>A]CA	1	188483.0	919972664
JG0139c	5	40429508	N:TC[T>C]TA	1	116909.0	920089573
JG0139c	5	40479809	N:AC[T>G]TT	1	50301.0	920139874
JG0139c	5	40483009	N:AC[T>G]TA	1	3200.0	920143074
JG0139c	5	40570925	T:AC[T>A]CA	1	87916.0	920230990
JG0139c	5	40711068	U:CA[T>G]TA	-1	140143.0	920371133
JG0139c	5	41034437	U:GC[T>G]TT	-1	323369.0	920694502
JG0139c	5	41201670	T:TC[T>C]GT	1	167233.0	920861735
JG0139c	5	41253500	T:AC[T>C]TG	1	51830.0	920913565
JG0139c	5	41303430	N:AT[T>G]TA	-1	49930.0	920963495
JG0139c	5	41350433	U:TG[T>G]TT	-1	47003.0	921010498
JG0139c	5	41622998	N:AC[T>C]TA	1	272565.0	921283063
JG0139c	5	41686387	N:AC[T>A]CA	1	63389.0	921346452
JG0139c	5	41915700	T:TC[T>C]TG	-1	229313.0	921575765
JG0139c	5	42134853	N:AC[T>A]TG	-1	219153.0	921794918
JG0139c	5	42173965	N:TC[T>C]CA	1	39112.0	921834030
JG0139c	5	42286320	N:TC[T>C]TT	-1	112355.0	921946385
JG0139c	5	42386776	N:TC[T>G]TA	1	100456.0	922046841
JG0139c	5	42670133	U:GC[T>G]AC	1	283357.0	922330198
JG0139c	5	42671296	T:TC[T>A]TA	-1	1163.0	922331361
JG0139c	5	42757681	U:GC[T>C]CT	1	86385.0	922417746
JG0139c	5	42905968	N:CC[T>G]TT	1	148287.0	922566033
JG0139c	5	43037990	N:GC[T>G]AC	1	132022.0	922698055
JG0139c	5	43268309	U:GG[T>G]CA	1	230319.0	922928374
JG0139c	5	43321438	N:TT[T>G]TC	1	53129.0	922981503
JG0139c	5	43349239	N:AC[T>C]CT	1	27801.0	923009304
JG0139c	5	43375057	N:TC[T>G]CA	1	25818.0	923035122
JG0139c	5	43538095	T:AC[T>G]TA	1	163038.0	923198160
JG0139c	5	43612216	U:AC[T>G]CC	1	74121.0	923272281
JG0139c	5	43649073	U:AT[T>G]TA	1	36857.0	923309138
JG0139c	5	43739743	N:TC[T>G]TT	1	90670.0	923399808
JG0139c	5	43771792	N:AG[T>G]TG	-1	32049.0	923431857
JG0139c	5	43965717	N:AC[T>G]TC	1	193925.0	923625782
JG0139c	5	44032602	N:CC[T>C]CG	1	66885.0	923692667
JG0139c	5	44151172	N:AC[T>G]TA	1	118570.0	923811237
JG0139c	5	44190951	N:AC[T>C]CA	-1	39779.0	923851016
JG0139c	5	44213402	N:AC[T>G]TA	-1	22451.0	923873467
JG0139c	5	44285672	N:TC[T>A]CC	-1	72270.0	923945737
JG0139c	5	45108202	N:AC[T>C]TT	-1	822530.0	924768267
JG0139c	5	45482842	U:AC[T>G]TA	-1	374640.0	925142907
JG0139c	5	45491982	U:GG[T>G]TA	-1	9140.0	925152047
JG0139c	5	45655456	T:AC[T>C]CT	1	163474.0	925315521
JG0139c	5	45776921	N:TC[T>A]CT	1	121465.0	925436986
JG0139c	5	45812366	N:TC[T>C]TT	-1	35445.0	925472431
JG0139c	5	45826253	N:TC[T>C]CA	1	13887.0	925486318
JG0139c	5	45874520	N:AG[T>G]TG	-1	48267.0	925534585
JG0139c	5	46247749	N:AC[T>C]CT	1	373229.0	925907814
JG0139c	5	46287296	N:TC[T>C]CA	-1	39547.0	925947361
JG0139c	5	46337078	N:GG[T>G]TG	1	49782.0	925997143
JG0139c	5	50359402	N:TC[T>A]TG	-1	4022324.0	930019467
JG0139c	5	50598164	N:TC[T>A]CA	-1	238762.0	930258229
JG0139c	5	50693981	U:GA[T>G]TA	1	95817.0	930354046
JG0139c	5	50706562	T:TC[T>C]TG	-1	12581.0	930366627
JG0139c	5	50873389	N:AC[T>G]TT	-1	166827.0	930533454
JG0139c	5	50916793	N:AC[C>A]TC	1	43404.0	930576858
JG0139c	5	51290558	N:TG[T>G]TC	-1	373765.0	930950623
JG0139c	5	51290559	N:AA[C>A]AG	1	1.0	930950624
JG0139c	5	51338952	N:TC[T>G]TA	-1	48393.0	930999017
JG0139c	5	51429204	N:GG[T>C]TA	-1	90252.0	931089269
JG0139c	5	51465864	N:GC[T>G]TA	1	36660.0	931125929
JG0139c	5	51959135	N:TG[T>G]TA	-1	493271.0	931619200
JG0139c	5	52013376	N:TC[T>C]TT	1	54241.0	931673441
JG0139c	5	52316967	N:AC[T>C]CT	1	303591.0	931977032
JG0139c	5	52407763	N:AC[T>C]TG	1	90796.0	932067828
JG0139c	5	52532800	N:AC[T>G]TA	1	125037.0	932192865
JG0139c	5	52748500	N:AA[T>G]TG	1	215700.0	932408565
JG0139c	5	52896622	U:AC[T>G]TA	1	148122.0	932556687
JG0139c	5	52908910	U:AC[T>G]TT	1	12288.0	932568975
JG0139c	5	53052046	U:TT[C>G]TC	1	143136.0	932712111
JG0139c	5	53052071	U:CC[T>G]TT	1	25.0	932712136
JG0139c	5	53103028	T:CC[T>G]TT	1	50957.0	932763093
JG0139c	5	53387284	N:AC[T>C]TT	-1	284256.0	933047349
JG0139c	5	53414866	N:AC[T>G]CA	1	27582.0	933074931
JG0139c	5	53895738	T:AC[T>C]CT	1	480872.0	933555803
JG0139c	5	54074282	T:AC[T>G]TC	1	178544.0	933734347
JG0139c	5	54205535	T:AC[T>A]TA	1	131253.0	933865600
JG0139c	5	54216225	T:AC[T>C]TT	1	10690.0	933876290
JG0139c	5	54216412	T:GC[T>C]TA	1	187.0	933876477
JG0139c	5	54266212	T:AC[T>C]GA	1	49800.0	933926277
JG0139c	5	54650598	N:AC[T>G]TA	-1	384386.0	934310663
JG0139c	5	54650648	N:TC[T>C]CT	-1	50.0	934310713
JG0139c	5	54679104	N:AT[T>G]TT	1	28456.0	934339169
JG0139c	5	54714327	N:AA[T>G]TT	-1	35223.0	934374392
JG0139c	5	54879417	N:AC[T>G]TG	1	165090.0	934539482
JG0139c	5	54937033	N:GA[T>A]CC	1	57616.0	934597098
JG0139c	5	54959247	N:AC[T>A]TT	1	22214.0	934619312
JG0139c	5	55003580	T:AA[T>G]CT	1	44333.0	934663645
JG0139c	5	55066535	N:AC[T>G]TG	1	62955.0	934726600
JG0139c	5	55148696	T:TC[T>G]CA	1	82161.0	934808761
JG0139c	5	55168803	T:AG[T>C]AG	1	20107.0	934828868
JG0139c	5	55223253	T:AC[T>G]TA	1	54450.0	934883318
JG0139c	5	56006891	N:AC[T>C]GT	1	783638.0	935666956
JG0139c	5	56083423	N:GC[T>C]CA	-1	76532.0	935743488
JG0139c	5	56092142	N:TT[T>G]TA	1	8719.0	935752207
JG0139c	5	56187528	U:GC[T>C]CA	-1	95386.0	935847593
JG0139c	5	56757119	N:TC[T>G]TC	1	569591.0	936417184
JG0139c	5	56771317	N:TC[T>G]TA	1	14198.0	936431382
JG0139c	5	56780839	N:TG[T>G]TT	1	9522.0	936440904
JG0139c	5	56969085	T:TC[T>C]TC	1	188246.0	936629150
JG0139c	5	57016401	N:TA[T>G]TA	1	47316.0	936676466
JG0139c	5	57178459	U:GC[T>A]GG	1	162058.0	936838524
JG0139c	5	57189131	U:TT[T>G]TT	1	10672.0	936849196
JG0139c	5	57263961	U:TC[T>G]TA	1	74830.0	936924026
JG0139c	5	57449998	N:GG[T>G]TA	-1	186037.0	937110063
JG0139c	5	57615089	N:AC[T>G]TA	1	165091.0	937275154
JG0139c	5	57673208	N:TC[T>C]TC	1	58119.0	937333273
JG0139c	5	57936432	N:TC[T>A]CC	-1	263224.0	937596497
JG0139c	5	57979558	N:AT[T>C]TG	-1	43126.0	937639623
JG0139c	5	58159293	N:TT[C>T]CT	1	179735.0	937819358
JG0139c	5	58159295	N:CC[T>G]CA	1	2.0	937819360
JG0139c	5	58478558	N:AG[T>G]TT	1	319263.0	938138623
JG0139c	5	58606845	T:TG[T>G]TA	-1	128287.0	938266910
JG0139c	5	58625953	T:TC[T>C]CA	-1	19108.0	938286018
JG0139c	5	58708119	U:AG[T>G]TG	1	82166.0	938368184
JG0139c	5	58737900	T:TC[T>C]TT	-1	29781.0	938397965
JG0139c	5	58763958	T:GC[T>G]TC	-1	26058.0	938424023
JG0139c	5	58826636	T:AC[T>G]TT	-1	62678.0	938486701
JG0139c	5	59080455	U:TG[T>G]TA	-1	253819.0	938740520
JG0139c	5	59121013	U:GC[T>C]TA	-1	40558.0	938781078
JG0139c	5	59122500	T:AG[T>A]TA	1	1487.0	938782565
JG0139c	5	59129291	U:TG[T>G]CT	-1	6791.0	938789356
JG0139c	5	59469703	U:GC[T>C]TG	-1	340412.0	939129768
JG0139c	5	59714929	U:AC[T>G]CA	-1	245226.0	939374994
JG0139c	5	60115178	T:TG[T>G]TA	1	400249.0	939775243
JG0139c	5	60235034	U:CT[T>G]TA	-1	119856.0	939895099
JG0139c	5	60504539	N:TG[T>G]TA	-1	269505.0	940164604
JG0139c	5	60525014	N:AC[T>G]TC	-1	20475.0	940185079
JG0139c	5	60566256	N:TC[T>C]GA	1	41242.0	940226321
JG0139c	5	60612323	T:GC[T>C]GA	1	46067.0	940272388
JG0139c	5	60823147	U:TC[T>C]CT	-1	210824.0	940483212
JG0139c	5	62737154	N:AC[T>C]TA	-1	1914007.0	942397219
JG0139c	5	63287568	N:GC[T>G]TG	-1	550414.0	942947633
JG0139c	5	63357759	N:AC[T>C]GA	-1	70191.0	943017824
JG0139c	5	63409255	N:CC[T>C]TG	1	51496.0	943069320
JG0139c	5	63414227	N:TG[T>C]TG	-1	4972.0	943074292
JG0139c	5	63573930	N:TC[T>C]TA	-1	159703.0	943233995
JG0139c	5	63586940	N:TC[T>A]TG	-1	13010.0	943247005
JG0139c	5	63587458	N:TC[T>G]TT	-1	518.0	943247523
JG0139c	5	63649290	N:TA[T>G]TG	-1	61832.0	943309355
JG0139c	5	63708604	N:GC[T>C]TT	-1	59314.0	943368669
JG0139c	5	63711374	N:CC[T>G]TG	-1	2770.0	943371439
JG0139c	5	63783381	N:TC[T>C]CC	-1	72007.0	943443446
JG0139c	5	63957578	N:AC[T>G]CA	-1	174197.0	943617643
JG0139c	5	64089387	N:AC[T>A]CT	-1	131809.0	943749452
JG0139c	5	64525626	U:AC[T>G]GA	1	436239.0	944185691
JG0139c	5	64837223	T:AC[T>G]TT	-1	311597.0	944497288
JG0139c	5	64876460	T:AC[T>C]TG	-1	39237.0	944536525
JG0139c	5	65046463	N:AC[T>C]CA	-1	170003.0	944706528
JG0139c	5	65448377	T:TC[T>G]CA	1	401914.0	945108442
JG0139c	5	66176326	T:TC[T>C]CA	-1	727949.0	945836391
JG0139c	5	66489707	N:TT[T>G]AT	1	313381.0	946149772
JG0139c	5	66775879	U:TC[T>G]TG	1	286172.0	946435944
JG0139c	5	66799544	U:AC[T>G]TA	1	23665.0	946459609
JG0139c	5	66984262	T:TC[T>C]CA	-1	184718.0	946644327
JG0139c	5	67254686	N:TC[T>C]TG	-1	270424.0	946914751
JG0139c	5	67427518	N:GT[T>C]CA	1	172832.0	947087583
JG0139c	5	67464258	N:CC[T>C]CA	-1	36740.0	947124323
JG0139c	5	67979914	N:AC[T>G]TG	1	515656.0	947639979
JG0139c	5	68056795	N:CC[T>C]TA	-1	76881.0	947716860
JG0139c	5	68152647	N:TC[T>C]TC	-1	95852.0	947812712
JG0139c	5	68529172	N:GC[T>G]TA	1	376525.0	948189237
JG0139c	5	68581878	N:AC[T>G]TA	-1	52706.0	948241943
JG0139c	5	68790700	N:AC[T>C]GA	-1	208822.0	948450765
JG0139c	5	68896653	N:GC[T>C]TG	1	105953.0	948556718
JG0139c	5	69349535	N:CC[T>G]GC	1	452882.0	949009600
JG0139c	5	69363422	U:TC[T>C]GA	-1	13887.0	949023487
JG0139c	5	72680899	N:TC[T>G]TG	1	3317477.0	952340964
JG0139c	5	72922624	N:AC[T>A]GG	1	241725.0	952582689
JG0139c	5	74138603	N:GC[T>C]CT	-1	1215979.0	953798668
JG0139c	5	74142137	N:AG[T>G]TA	1	3534.0	953802202
JG0139c	5	75411045	T:TC[T>G]TA	1	1268908.0	955071110
JG0139c	5	75438881	T:AC[T>G]AC	1	27836.0	955098946
JG0139c	5	75545408	U:AG[T>G]TG	1	106527.0	955205473
JG0139c	5	75580077	U:AC[T>G]TC	1	34669.0	955240142
JG0139c	5	76001933	N:TC[T>C]TT	1	421856.0	955661998
JG0139c	5	76140299	U:CC[T>C]TG	1	138366.0	955800364
JG0139c	5	76516480	U:AT[T>G]TT	1	376181.0	956176545
JG0139c	5	76748976	N:AC[T>C]GC	1	232496.0	956409041
JG0139c	5	77085826	T:AG[T>G]TA	1	336850.0	956745891
JG0139c	5	77251089	U:TC[T>G]CA	1	165263.0	956911154
JG0139c	5	77435169	T:AC[T>G]TG	1	184080.0	957095234
JG0139c	5	77816451	U:CC[T>G]TA	-1	381282.0	957476516
JG0139c	5	78236606	U:AC[T>G]TG	-1	420155.0	957896671
JG0139c	5	78250747	T:TC[T>A]TA	1	14141.0	957910812
JG0139c	5	78438673	T:TC[T>C]CA	-1	187926.0	958098738
JG0139c	5	78644722	T:TC[T>G]TA	1	206049.0	958304787
JG0139c	5	78784060	T:TC[T>G]TA	1	139338.0	958444125
JG0139c	5	78850821	T:TC[T>G]TC	1	66761.0	958510886
JG0139c	5	78942348	T:GC[T>G]TC	1	91527.0	958602413
JG0139c	5	79004216	T:AG[T>G]TA	1	61868.0	958664281
JG0139c	5	79732307	T:TC[T>G]TG	-1	728091.0	959392372
JG0139c	5	79914759	N:AC[T>C]TG	-1	182452.0	959574824
JG0139c	5	80030085	N:AC[T>A]TA	1	115326.0	959690150
JG0139c	5	80118624	T:GC[T>G]GA	1	88539.0	959778689
JG0139c	5	80418063	U:TC[T>G]TA	1	299439.0	960078128
JG0139c	5	80509759	U:TC[T>G]TT	1	91696.0	960169824
JG0139c	5	80865631	T:AC[T>G]TA	-1	355872.0	960525696
JG0139c	5	81529110	U:AC[T>G]TA	-1	663479.0	961189175
JG0139c	5	81720980	T:GC[T>G]TG	1	191870.0	961381045
JG0139c	5	81821809	N:TC[T>G]AC	1	100829.0	961481874
JG0139c	5	82565099	N:AC[T>C]CT	1	743290.0	962225164
JG0139c	5	82825819	N:CC[T>G]TA	1	260720.0	962485884
JG0139c	5	82879243	N:AG[T>G]TT	1	53424.0	962539308
JG0139c	5	83160989	T:GC[T>C]TG	-1	281746.0	962821054
JG0139c	5	83171147	U:AC[T>G]TC	1	10158.0	962831212
JG0139c	5	83371152	N:CC[T>G]TC	1	200005.0	963031217
JG0139c	5	83789904	N:TC[T>G]GA	-1	418752.0	963449969
JG0139c	5	83992334	U:TC[T>C]TT	-1	202430.0	963652399
JG0139c	5	84138006	U:TG[T>A]TT	-1	145672.0	963798071
JG0139c	5	84724240	N:GC[T>C]TG	-1	586234.0	964384305
JG0139c	5	84741948	N:TC[T>G]GA	-1	17708.0	964402013
JG0139c	5	84812524	N:GG[T>G]TT	-1	70576.0	964472589
JG0139c	5	84917297	N:TA[T>G]TT	-1	104773.0	964577362
JG0139c	5	85357640	N:CA[C>T]CT	1	440343.0	965017705
JG0139c	5	85580662	N:AC[T>C]TA	1	223022.0	965240727
JG0139c	5	85618380	N:AG[T>G]TA	1	37718.0	965278445
JG0139c	5	86021836	N:AT[T>G]TA	1	403456.0	965681901
JG0139c	5	86039749	N:GG[T>C]GC	-1	17913.0	965699814
JG0139c	5	86297508	N:AC[T>G]TA	-1	257759.0	965957573
JG0139c	5	86824560	N:GC[T>G]TT	-1	527052.0	966484625
JG0139c	5	86881554	N:GC[T>C]GT	-1	56994.0	966541619
JG0139c	5	87048156	N:TC[T>G]TG	1	166602.0	966708221
JG0139c	5	87048805	N:GC[T>C]GA	-1	649.0	966708870
JG0139c	5	87072040	N:AG[T>G]TA	-1	23235.0	966732105
JG0139c	5	87687875	N:CC[T>G]TA	1	615835.0	967347940
JG0139c	5	88442404	N:TA[T>G]TC	-1	754529.0	968102469
JG0139c	5	88799195	T:TC[T>A]TT	1	356791.0	968459260
JG0139c	5	89520181	N:AG[T>G]TA	-1	720986.0	969180246
JG0139c	5	89580768	N:CC[T>A]CC	1	60587.0	969240833
JG0139c	5	89998324	N:TA[T>C]CT	-1	417556.0	969658389
JG0139c	5	90061520	N:CC[T>A]TG	1	63196.0	969721585
JG0139c	5	90229093	N:AG[T>C]CA	-1	167573.0	969889158
JG0139c	5	91135447	U:AC[T>C]TA	1	906354.0	970795512
JG0139c	5	91713482	N:GA[T>G]CA	1	578035.0	971373547
JG0139c	5	92218546	N:AC[T>G]TA	-1	505064.0	971878611
JG0139c	5	92229093	N:AC[T>G]TA	-1	10547.0	971889158
JG0139c	5	92330983	N:TT[T>G]CC	1	101890.0	971991048
JG0139c	5	92410404	N:TC[T>G]TA	-1	79421.0	972070469
JG0139c	5	92423620	N:AC[T>G]CT	-1	13216.0	972083685
JG0139c	5	92635153	N:TC[T>C]TT	-1	211533.0	972295218
JG0139c	5	92752667	N:GC[T>C]TT	-1	117514.0	972412732
JG0139c	5	92771446	N:CC[T>A]TG	1	18779.0	972431511
JG0139c	5	92797927	N:AG[T>G]TA	1	26481.0	972457992
JG0139c	5	92812100	N:GC[T>G]TA	-1	14173.0	972472165
JG0139c	5	92994467	N:TT[T>C]CC	1	182367.0	972654532
JG0139c	5	93329162	N:GC[T>C]CA	1	334695.0	972989227
JG0139c	5	93542165	N:AC[T>C]CA	1	213003.0	973202230
JG0139c	5	93744326	T:AC[T>G]CA	1	202161.0	973404391
JG0139c	5	93836472	T:TG[T>G]TA	1	92146.0	973496537
JG0139c	5	93959533	U:TA[T>G]TC	-1	123061.0	973619598
JG0139c	5	94208296	U:TC[T>C]CA	-1	248763.0	973868361
JG0139c	5	95501841	U:GC[T>A]TG	-1	1293545.0	975161906
JG0139c	5	95566999	U:TG[T>G]TA	1	65158.0	975227064
JG0139c	5	95882103	N:GC[T>G]TA	-1	315104.0	975542168
JG0139c	5	96206116	N:TC[T>G]TT	1	324013.0	975866181
JG0139c	5	96423567	T:AC[T>G]CT	1	217451.0	976083632
JG0139c	5	96540944	U:CC[T>G]TG	1	117377.0	976201009
JG0139c	5	96645568	U:AC[T>C]TA	1	104624.0	976305633
JG0139c	5	96846180	N:TG[T>G]TT	1	200612.0	976506245
JG0139c	5	97094461	T:GC[T>G]TT	1	248281.0	976754526
JG0139c	5	97335381	N:CC[T>G]TG	1	240920.0	976995446
JG0139c	5	97423834	N:AC[T>G]CT	1	88453.0	977083899
JG0139c	5	97637273	N:GG[T>G]TG	-1	213439.0	977297338
JG0139c	5	97738084	N:CT[T>G]TT	1	100811.0	977398149
JG0139c	5	98026041	N:AG[T>G]TG	-1	287957.0	977686106
JG0139c	5	98183016	N:TC[T>G]TA	-1	156975.0	977843081
JG0139c	5	98259846	N:AC[T>C]TG	-1	76830.0	977919911
JG0139c	5	98305130	N:AG[T>G]CA	1	45284.0	977965195
JG0139c	5	98414339	N:TG[T>A]TG	-1	109209.0	978074404
JG0139c	5	98525697	N:CC[T>G]TT	1	111358.0	978185762
JG0139c	5	98674583	N:AC[T>G]TA	-1	148886.0	978334648
JG0139c	5	99147345	N:AC[T>G]TT	1	472762.0	978807410
JG0139c	5	99567916	N:TC[T>G]TT	1	420571.0	979227981
JG0139c	5	99571627	N:CC[T>A]TG	-1	3711.0	979231692
JG0139c	5	100723235	N:TT[T>G]TT	1	1151608.0	980383300
JG0139c	5	100995799	N:AC[T>C]TT	-1	272564.0	980655864
JG0139c	5	101567628	N:TC[T>G]TA	1	571829.0	981227693
JG0139c	5	101829312	N:AC[T>G]TA	-1	261684.0	981489377
JG0139c	5	102094067	N:AC[T>C]GT	-1	264755.0	981754132
JG0139c	5	102342725	N:TG[T>G]TA	-1	248658.0	982002790
JG0139c	5	102408763	U:GC[T>C]TT	-1	66038.0	982068828
JG0139c	5	102528470	N:TC[T>C]TA	1	119707.0	982188535
JG0139c	5	102917474	T:GG[T>G]TA	-1	389004.0	982577539
JG0139c	5	103056339	N:TC[T>C]GT	-1	138865.0	982716404
JG0139c	5	103299550	N:TC[T>G]TA	1	243211.0	982959615
JG0139c	5	103566363	N:AC[T>G]TA	-1	266813.0	983226428
JG0139c	5	104429376	N:CC[T>C]TA	1	863013.0	984089441
JG0139c	5	105065858	N:TT[T>G]TT	-1	636482.0	984725923
JG0139c	5	105201241	N:TC[T>C]TG	-1	135383.0	984861306
JG0139c	5	105661081	N:GC[T>C]CA	-1	459840.0	985321146
JG0139c	5	106723982	N:AC[T>C]CA	1	1062901.0	986384047
JG0139c	5	107704259	N:TC[T>C]TT	-1	980277.0	987364324
JG0139c	5	107741852	N:AC[T>G]TC	1	37593.0	987401917
JG0139c	5	108602366	N:AC[T>A]TA	1	860514.0	988262431
JG0139c	5	108987396	T:TC[T>C]CA	-1	385030.0	988647461
JG0139c	5	109104613	T:GC[T>C]CT	-1	117217.0	988764678
JG0139c	5	109201211	N:AC[T>C]TG	1	96598.0	988861276
JG0139c	5	109304499	N:GC[T>C]CC	-1	103288.0	988964564
JG0139c	5	109476742	N:TC[T>A]TC	-1	172243.0	989136807
JG0139c	5	109613224	N:TC[T>C]TG	1	136482.0	989273289
JG0139c	5	109964927	N:TC[T>C]TT	-1	351703.0	989624992
JG0139c	5	110085617	N:TC[T>G]AA	1	120690.0	989745682
JG0139c	5	110167319	N:TC[T>C]TG	1	81702.0	989827384
JG0139c	5	110193550	N:TC[T>C]TG	1	26231.0	989853615
JG0139c	5	110456872	U:AC[T>G]TT	-1	263322.0	990116937
JG0139c	5	110580534	T:TC[T>G]TA	1	123662.0	990240599
JG0139c	5	110825021	N:CC[T>G]GA	-1	244487.0	990485086
JG0139c	5	111138548	N:CC[T>G]TT	1	313527.0	990798613
JG0139c	5	111147724	N:TG[T>C]CC	-1	9176.0	990807789
JG0139c	5	111436722	U:AC[T>G]TC	1	288998.0	991096787
JG0139c	5	111451424	T:AC[T>A]TG	-1	14702.0	991111489
JG0139c	5	111486174	U:TC[T>G]CA	1	34750.0	991146239
JG0139c	5	111603059	N:TC[T>C]CT	-1	116885.0	991263124
JG0139c	5	114106839	U:TA[C>A]TG	1	2503780.0	993766904
JG0139c	5	114181399	U:TC[T>G]TA	1	74560.0	993841464
JG0139c	5	114183732	U:TT[T>G]TT	1	2333.0	993843797
JG0139c	5	114626132	N:AG[T>G]GA	1	442400.0	994286197
JG0139c	5	114634954	N:TC[T>G]TT	-1	8822.0	994295019
JG0139c	5	114663700	N:GG[T>C]CT	-1	28746.0	994323765
JG0139c	5	114693376	N:AC[T>G]TA	1	29676.0	994353441
JG0139c	5	114908216	N:AG[T>G]TG	1	214840.0	994568281
JG0139c	5	114914139	N:TT[T>A]TA	-1	5923.0	994574204
JG0139c	5	114970329	N:TC[T>C]TG	-1	56190.0	994630394
JG0139c	5	114988635	N:AC[T>G]TT	1	18306.0	994648700
JG0139c	5	114999077	N:TC[T>G]TC	1	10442.0	994659142
JG0139c	5	115721018	N:AC[T>G]TT	-1	721941.0	995381083
JG0139c	5	115886939	T:TG[T>G]TA	-1	165921.0	995547004
JG0139c	5	116790005	N:AC[T>G]TG	1	903066.0	996450070
JG0139c	5	117324210	N:GC[T>C]CA	-1	534205.0	996984275
JG0139c	5	118104099	N:TC[T>G]TT	-1	779889.0	997764164
JG0139c	5	118468495	N:TA[T>G]TC	1	364396.0	998128560
JG0139c	5	118861491	T:TC[T>C]AC	1	392996.0	998521556
JG0139c	5	118881391	U:TC[T>C]TA	-1	19900.0	998541456
JG0139c	5	118963299	T:CC[T>G]TG	1	81908.0	998623364
JG0139c	5	119007779	N:AC[T>G]AT	1	44480.0	998667844
JG0139c	5	119030977	N:TC[T>C]TA	1	23198.0	998691042
JG0139c	5	119644186	N:GC[T>C]GG	1	613209.0	999304251
JG0139c	5	119767892	N:AT[T>G]TT	1	123706.0	999427957
JG0139c	5	119802394	N:AC[T>G]TA	1	34502.0	999462459
JG0139c	5	119930249	N:AC[T>G]TA	1	127855.0	999590314
JG0139c	5	119988865	N:TC[T>G]TC	1	58616.0	999648930
JG0139c	5	120139619	N:AC[T>G]TA	1	150754.0	999799684
JG0139c	5	120139969	N:CC[T>G]TG	1	350.0	999800034
JG0139c	5	120226148	N:TT[T>G]TG	1	86179.0	999886213
JG0139c	5	120345447	N:TA[T>G]TA	1	119299.0	1000005512
JG0139c	5	121401724	N:TC[T>G]TT	1	1056277.0	1001061789
JG0139c	5	121736832	N:GC[T>G]TG	1	335108.0	1001396897
JG0139c	5	122416554	T:AG[T>A]CA	-1	679722.0	1002076619
JG0139c	5	123416656	T:TA[T>G]TA	1	1000102.0	1003076721
JG0139c	5	123626947	N:AA[T>G]TA	1	210291.0	1003287012
JG0139c	5	123724902	N:GC[T>C]TG	-1	97955.0	1003384967
JG0139c	5	123958434	N:GG[T>G]TT	-1	233532.0	1003618499
JG0139c	5	124072008	N:AC[T>G]TA	1	113574.0	1003732073
JG0139c	5	124313571	N:GC[T>C]CA	-1	241563.0	1003973636
JG0139c	5	124350687	N:TC[T>C]CA	1	37116.0	1004010752
JG0139c	5	124414728	N:AG[T>G]TA	1	64041.0	1004074793
JG0139c	5	124463651	N:GC[T>C]CA	1	48923.0	1004123716
JG0139c	5	125084181	N:GC[T>C]TA	-1	620530.0	1004744246
JG0139c	5	125435632	N:CC[T>G]TC	-1	351451.0	1005095697
JG0139c	5	125682107	N:TC[T>G]TA	1	246475.0	1005342172
JG0139c	5	125842117	N:AC[T>G]CC	1	160010.0	1005502182
JG0139c	5	126178104	N:TC[T>G]TA	1	335987.0	1005838169
JG0139c	5	126225916	N:AC[T>C]CA	-1	47812.0	1005885981
JG0139c	5	126286299	N:AC[T>G]TA	1	60383.0	1005946364
JG0139c	5	126361536	T:AA[T>A]CC	-1	75237.0	1006021601
JG0139c	5	126397891	U:AT[T>C]TG	1	36355.0	1006057956
JG0139c	5	126706310	N:TC[T>C]CT	1	308419.0	1006366375
JG0139c	5	126772350	N:AC[T>C]TG	-1	66040.0	1006432415
JG0139c	5	127094199	N:AC[T>G]CA	1	321849.0	1006754264
JG0139c	5	127287654	N:CC[T>G]TA	1	193455.0	1006947719
JG0139c	5	127456771	U:AT[T>G]AA	1	169117.0	1007116836
JG0139c	5	127501141	N:AA[T>G]GG	1	44370.0	1007161206
JG0139c	5	127535264	U:GC[T>G]TA	1	34123.0	1007195329
JG0139c	5	128299104	U:AC[T>C]GA	-1	763840.0	1007959169
JG0139c	5	128669910	U:AC[T>G]CC	1	370806.0	1008329975
JG0139c	5	128752369	U:TG[T>G]TG	1	82459.0	1008412434
JG0139c	5	128787042	U:AA[T>C]TT	1	34673.0	1008447107
JG0139c	5	129029350	U:TC[T>C]GT	1	242308.0	1008689415
JG0139c	5	129136323	N:AC[T>G]GG	1	106973.0	1008796388
JG0139c	5	129454530	N:TT[T>G]TA	1	318207.0	1009114595
JG0139c	5	129531236	U:CC[T>G]TT	1	76706.0	1009191301
JG0139c	5	129536541	T:GT[T>C]CA	-1	5305.0	1009196606
JG0139c	5	129892593	N:AC[T>G]TA	1	356052.0	1009552658
JG0139c	5	130446484	N:AA[T>G]TA	1	553891.0	1010106549
JG0139c	5	130573901	N:TC[T>C]CA	-1	127417.0	1010233966
JG0139c	5	130765941	N:AT[T>G]TT	1	192040.0	1010426006
JG0139c	5	130779416	N:AC[T>G]TA	1	13475.0	1010439481
JG0139c	5	130896021	N:GA[T>G]TA	1	116605.0	1010556086
JG0139c	5	131394232	U:TG[T>G]TA	1	498211.0	1011054297
JG0139c	5	131909115	U:GG[T>G]TA	-1	514883.0	1011569180
JG0139c	5	131957895	U:TC[T>C]CA	-1	48780.0	1011617960
JG0139c	5	132023085	N:GC[T>C]TG	1	65190.0	1011683150
JG0139c	5	132080188	N:AG[T>G]TA	-1	57103.0	1011740253
JG0139c	5	132104867	N:AG[T>G]TT	-1	24679.0	1011764932
JG0139c	5	132389279	U:TC[T>C]TA	1	284412.0	1012049344
JG0139c	5	132616104	U:GG[T>A]CA	1	226825.0	1012276169
JG0139c	5	132775965	T:AG[T>G]CA	1	159861.0	1012436030
JG0139c	5	132782871	T:GA[T>G]TA	1	6906.0	1012442936
JG0139c	5	133562950	T:TC[T>C]TA	1	780079.0	1013223015
JG0139c	5	133712260	N:TC[T>G]GA	1	149310.0	1013372325
JG0139c	5	133827787	N:GG[T>C]CA	1	115527.0	1013487852
JG0139c	5	133885117	N:AC[T>C]TA	1	57330.0	1013545182
JG0139c	5	133924892	N:AC[T>C]TG	1	39775.0	1013584957
JG0139c	5	134085670	N:AC[T>G]CG	1	160778.0	1013745735
JG0139c	5	135106876	N:TG[T>C]TA	-1	1021206.0	1014766941
JG0139c	5	135448528	U:AG[T>G]TA	-1	341652.0	1015108593
JG0139c	5	135495345	N:AG[C>A]AG	-1	46817.0	1015155410
JG0139c	5	135826040	T:GG[T>A]CC	-1	330695.0	1015486105
JG0139c	5	135928631	T:AC[T>C]GC	1	102591.0	1015588696
JG0139c	5	136109280	N:GG[T>G]TG	1	180649.0	1015769345
JG0139c	5	136256469	T:TC[T>C]TT	1	147189.0	1015916534
JG0139c	5	136270461	T:CC[T>C]AA	1	13992.0	1015930526
JG0139c	5	136563014	N:TG[T>G]TT	1	292553.0	1016223079
JG0139c	5	136570938	N:TA[C>T]CC	-1	7924.0	1016231003
JG0139c	5	136582951	N:AG[T>G]TT	-1	12013.0	1016243016
JG0139c	5	136726351	N:GC[T>C]CA	-1	143400.0	1016386416
JG0139c	5	137000160	U:TC[T>C]GA	-1	273809.0	1016660225
JG0139c	5	137108681	U:GC[T>G]TA	-1	108521.0	1016768746
JG0139c	5	137436415	U:GG[T>C]TT	-1	327734.0	1017096480
JG0139c	5	137835613	N:TC[T>C]TG	-1	399198.0	1017495678
JG0139c	5	138417065	U:TC[T>G]TC	1	581452.0	1018077130
JG0139c	5	138684907	U:TC[T>G]CA	1	267842.0	1018344972
JG0139c	5	138699258	U:GC[T>C]GG	1	14351.0	1018359323
JG0139c	5	138768360	T:AC[T>A]TG	-1	69102.0	1018428425
JG0139c	5	139589395	T:TG[T>G]TA	-1	821035.0	1019249460
JG0139c	5	139819004	T:AC[T>C]GG	-1	229609.0	1019479069
JG0139c	5	139925197	U:GA[T>G]TT	-1	106193.0	1019585262
JG0139c	5	139976088	T:GC[T>G]GA	1	50891.0	1019636153
JG0139c	5	140291593	T:TC[T>C]GG	1	315505.0	1019951658
JG0139c	5	140853874	U:AG[T>G]TT	1	562281.0	1020513939
JG0139c	5	141121775	N:GC[T>A]TT	-1	267901.0	1020781840
JG0139c	5	141132385	N:TA[T>C]TT	-1	10610.0	1020792450
JG0139c	5	141262323	N:CC[T>C]CA	-1	129938.0	1020922388
JG0139c	5	141275428	N:TC[T>G]TG	1	13105.0	1020935493
JG0139c	5	141400074	T:AG[T>A]GG	-1	124646.0	1021060139
JG0139c	5	141607868	T:AC[T>C]GC	1	207794.0	1021267933
JG0139c	5	142139608	T:GG[C>A]TT	-1	531740.0	1021799673
JG0139c	5	142277408	N:TC[T>G]GA	1	137800.0	1021937473
JG0139c	5	142590065	N:AG[T>G]TC	1	312657.0	1022250130
JG0139c	5	142600737	U:AC[T>A]TG	-1	10672.0	1022260802
JG0139c	5	142932776	T:AC[T>G]TC	-1	332039.0	1022592841
JG0139c	5	142968125	U:CC[T>G]TT	1	35349.0	1022628190
JG0139c	5	143780588	N:TG[T>A]TG	-1	812463.0	1023440653
JG0139c	5	143992081	N:TC[T>G]TT	-1	211493.0	1023652146
JG0139c	5	144560946	N:TG[T>G]TT	1	568865.0	1024221011
JG0139c	5	144598355	N:CC[T>G]TA	1	37409.0	1024258420
JG0139c	5	144695132	N:GC[T>A]TG	-1	96777.0	1024355197
JG0139c	5	144724327	N:TC[T>G]TC	1	29195.0	1024384392
JG0139c	5	145115755	N:CC[T>G]TC	-1	391428.0	1024775820
JG0139c	5	145343901	N:AC[T>G]GA	1	228146.0	1025003966
JG0139c	5	145405160	N:TG[T>G]TA	1	61259.0	1025065225
JG0139c	5	145427111	N:CA[T>G]CC	1	21951.0	1025087176
JG0139c	5	145522128	N:TT[T>G]TC	1	95017.0	1025182193
JG0139c	5	145726086	N:GC[T>G]TG	1	203958.0	1025386151
JG0139c	5	145770323	T:GC[T>G]TT	1	44237.0	1025430388
JG0139c	5	145950747	U:AC[T>G]GA	1	180424.0	1025610812
JG0139c	5	146263156	U:GA[T>A]TA	1	312409.0	1025923221
JG0139c	5	146515919	U:GC[T>C]TG	-1	252763.0	1026175984
JG0139c	5	147406901	U:TC[T>A]TA	-1	890982.0	1027066966
JG0139c	5	147564641	N:TC[T>G]TT	-1	157740.0	1027224706
JG0139c	5	147732499	U:AC[T>C]CT	-1	167858.0	1027392564
JG0139c	5	147852157	N:CC[T>G]TG	1	119658.0	1027512222
JG0139c	5	147985420	N:AT[T>A]TT	-1	133263.0	1027645485
JG0139c	5	148098657	T:AA[T>C]TT	-1	113237.0	1027758722
JG0139c	5	148247929	N:TC[T>C]TC	-1	149272.0	1027907994
JG0139c	5	148266565	N:AC[T>G]TT	-1	18636.0	1027926630
JG0139c	5	148327261	T:AC[T>C]GG	-1	60696.0	1027987326
JG0139c	5	148375470	N:AC[T>C]TA	-1	48209.0	1028035535
JG0139c	5	148480925	U:AA[T>G]TT	-1	105455.0	1028140990
JG0139c	5	148664318	U:GA[T>C]CG	-1	183393.0	1028324383
JG0139c	5	149176036	U:CC[T>G]GC	1	511718.0	1028836101
JG0139c	5	149198702	T:GG[T>C]TT	-1	22666.0	1028858767
JG0139c	5	149294960	U:TC[T>G]GA	1	96258.0	1028955025
JG0139c	5	149301360	U:GG[T>C]GA	1	6400.0	1028961425
JG0139c	5	149485446	N:TC[T>G]TC	1	184086.0	1029145511
JG0139c	5	149508432	T:CC[T>G]CA	1	22986.0	1029168497
JG0139c	5	149512211	T:AC[T>G]TC	1	3779.0	1029172276
JG0139c	5	150361688	U:TC[T>A]GG	1	849477.0	1030021753
JG0139c	5	150476539	N:AC[T>C]CC	-1	114851.0	1030136604
JG0139c	5	150585858	N:AC[T>G]TG	-1	109319.0	1030245923
JG0139c	5	150895059	T:TT[T>G]TA	1	309201.0	1030555124
JG0139c	5	151106943	U:CC[T>A]TT	-1	211884.0	1030767008
JG0139c	5	151614348	N:GC[T>C]TT	-1	507405.0	1031274413
JG0139c	5	151871007	U:TC[T>G]TC	-1	256659.0	1031531072
JG0139c	5	151888012	T:TC[T>A]TG	1	17005.0	1031548077
JG0139c	5	152118177	N:AG[T>C]TT	-1	230165.0	1031778242
JG0139c	5	152130957	N:CC[T>C]TG	-1	12780.0	1031791022
JG0139c	5	152376635	N:GC[T>C]TG	1	245678.0	1032036700
JG0139c	5	152418484	N:CA[T>G]GA	-1	41849.0	1032078549
JG0139c	5	152452949	N:AC[T>G]TA	-1	34465.0	1032113014
JG0139c	5	152551616	N:TA[C>T]TG	-1	98667.0	1032211681
JG0139c	5	152584118	N:AC[T>C]CA	-1	32502.0	1032244183
JG0139c	5	153434145	N:TC[T>G]TA	1	850027.0	1033094210
JG0139c	5	153627536	U:TC[T>A]TC	1	193391.0	1033287601
JG0139c	5	153636093	U:CC[T>G]TA	1	8557.0	1033296158
JG0139c	5	153692938	T:GC[T>G]TG	-1	56845.0	1033353003
JG0139c	5	154586930	N:AC[T>C]GA	1	893992.0	1034246995
JG0139c	5	155284509	N:TC[T>C]GT	1	697579.0	1034944574
JG0139c	5	155456196	N:TT[C>T]TC	-1	171687.0	1035116261
JG0139c	5	155719274	N:TG[T>A]TG	1	263078.0	1035379339
JG0139c	5	156210810	U:AT[T>G]TA	1	491536.0	1035870875
JG0139c	5	156833612	N:CC[T>G]TG	-1	622802.0	1036493677
JG0139c	5	157170989	T:TC[T>G]TG	-1	337377.0	1036831054
JG0139c	5	157221344	T:AC[T>G]TT	-1	50355.0	1036881409
JG0139c	5	157271183	U:AG[T>G]TT	1	49839.0	1036931248
JG0139c	5	157479623	T:TC[T>A]GT	1	208440.0	1037139688
JG0139c	5	157532602	U:AC[T>C]TG	-1	52979.0	1037192667
JG0139c	5	157540000	U:GC[C>T]GT	-1	7398.0	1037200065
JG0139c	5	157664820	T:AG[T>G]TA	1	124820.0	1037324885
JG0139c	5	158109325	N:AC[T>C]CA	1	444505.0	1037769390
JG0139c	5	158155671	N:GC[T>C]TG	-1	46346.0	1037815736
JG0139c	5	158274578	N:TC[T>G]TC	1	118907.0	1037934643
JG0139c	5	158398149	N:TC[T>A]CC	1	123571.0	1038058214
JG0139c	5	158992017	T:GG[T>A]TG	1	593868.0	1038652082
JG0139c	5	159518711	N:GC[T>G]TA	-1	526694.0	1039178776
JG0139c	5	159542402	N:CC[T>A]TT	1	23691.0	1039202467
JG0139c	5	159821363	N:CT[C>A]AG	1	278961.0	1039481428
JG0139c	5	160409445	U:CC[T>A]CA	-1	588082.0	1040069510
JG0139c	5	160585097	T:TC[T>A]TT	1	175652.0	1040245162
JG0139c	5	160774761	T:AC[T>G]TA	1	189664.0	1040434826
JG0139c	5	160779473	T:GC[T>G]GG	1	4712.0	1040439538
JG0139c	5	160848250	U:TC[T>G]CA	-1	68777.0	1040508315
JG0139c	5	160938446	N:GC[T>G]CA	1	90196.0	1040598511
JG0139c	5	161416105	U:AG[T>G]TA	-1	477659.0	1041076170
JG0139c	5	161575457	N:GC[T>C]CA	-1	159352.0	1041235522
JG0139c	5	161654971	N:CC[T>C]TG	-1	79514.0	1041315036
JG0139c	5	162062344	U:AC[T>G]TG	1	407373.0	1041722409
JG0139c	5	162140435	T:CC[T>G]CA	-1	78091.0	1041800500
JG0139c	5	162166541	N:TC[T>C]TC	-1	26106.0	1041826606
JG0139c	5	162305651	N:TC[T>C]TA	-1	139110.0	1041965716
JG0139c	5	162835479	N:AC[T>C]TG	-1	529828.0	1042495544
JG0139c	5	162902287	N:AC[T>G]TT	1	66808.0	1042562352
JG0139c	5	163014624	N:GA[C>A]AA	1	112337.0	1042674689
JG0139c	5	163422631	N:TT[T>C]GT	-1	408007.0	1043082696
JG0139c	5	163848735	N:CC[T>A]TT	1	426104.0	1043508800
JG0139c	5	164112639	N:AG[T>A]TG	-1	263904.0	1043772704
JG0139c	5	164170431	N:TC[T>A]CA	-1	57792.0	1043830496
JG0139c	5	164351148	N:TC[T>A]CT	-1	180717.0	1044011213
JG0139c	5	164508498	N:GA[T>G]TT	-1	157350.0	1044168563
JG0139c	5	164750610	N:TC[T>C]TA	1	242112.0	1044410675
JG0139c	5	165168567	N:AC[T>G]TA	-1	417957.0	1044828632
JG0139c	5	165193090	N:TC[T>G]TG	-1	24523.0	1044853155
JG0139c	5	165520789	N:TC[T>C]TG	1	327699.0	1045180854
JG0139c	5	166208835	N:TC[T>C]CC	1	688046.0	1045868900
JG0139c	5	166239226	N:AC[T>G]CA	1	30391.0	1045899291
JG0139c	5	167176394	N:GC[T>G]TT	1	937168.0	1046836459
JG0139c	5	167651825	U:TC[T>G]TA	1	475431.0	1047311890
JG0139c	5	167665001	T:AC[T>C]TG	-1	13176.0	1047325066
JG0139c	5	167716186	U:AC[T>A]CC	1	51185.0	1047376251
JG0139c	5	167760102	U:AC[T>C]TA	1	43916.0	1047420167
JG0139c	5	167776247	T:AC[T>C]TT	-1	16145.0	1047436312
JG0139c	5	167933786	U:CC[T>G]CA	1	157539.0	1047593851
JG0139c	5	168685346	T:AA[T>G]GA	1	751560.0	1048345411
JG0139c	5	169345171	N:TC[T>G]TC	1	659825.0	1049005236
JG0139c	5	169383298	N:AC[T>C]TC	-1	38127.0	1049043363
JG0139c	5	169412245	N:TC[T>C]GA	-1	28947.0	1049072310
JG0139c	5	169504458	N:GG[T>G]TT	1	92213.0	1049164523
JG0139c	5	169758633	U:AC[T>G]TT	1	254175.0	1049418698
JG0139c	5	169873378	B:GG[T>A]TG	1	114745.0	1049533443
JG0139c	5	169955908	B:AG[T>G]CA	1	82530.0	1049615973
JG0139c	5	170317115	N:TC[T>C]CT	1	361207.0	1049977180
JG0139c	5	170328993	N:GC[T>C]AA	-1	11878.0	1049989058
JG0139c	5	170368042	U:TG[T>G]TG	1	39049.0	1050028107
JG0139c	5	170431878	U:TC[T>C]CC	1	63836.0	1050091943
JG0139c	5	170481195	T:TC[T>C]GG	-1	49317.0	1050141260
JG0139c	5	170498556	T:CC[T>C]CA	-1	17361.0	1050158621
JG0139c	5	170522305	T:GC[T>C]CT	-1	23749.0	1050182370
JG0139c	5	170617108	T:TG[T>C]TA	-1	94803.0	1050277173
JG0139c	5	170867553	T:AC[T>C]CA	-1	250445.0	1050527618
JG0139c	5	171083879	T:GA[T>C]CA	-1	216326.0	1050743944
JG0139c	5	171371397	N:TC[T>A]CC	1	287518.0	1051031462
JG0139c	5	171383129	N:AC[T>C]CG	-1	11732.0	1051043194
JG0139c	5	171453608	T:GG[T>C]CA	-1	70479.0	1051113673
JG0139c	5	171608109	N:TC[T>C]TA	1	154501.0	1051268174
JG0139c	5	171682590	N:AC[T>C]TG	-1	74481.0	1051342655
JG0139c	5	171683814	N:TC[T>C]TA	1	1224.0	1051343879
JG0139c	5	171839345	N:TT[T>G]TC	1	155531.0	1051499410
JG0139c	5	172813119	N:GC[T>A]TA	-1	973774.0	1052473184
JG0139c	5	172948956	T:CC[T>G]CA	-1	135837.0	1052609021
JG0139c	5	173037452	N:AC[T>G]TA	1	88496.0	1052697517
JG0139c	5	173151650	T:AG[T>G]TG	-1	114198.0	1052811715
JG0139c	5	173378020	N:AG[T>G]TA	-1	226370.0	1053038085
JG0139c	5	173658734	N:CA[T>G]TC	1	280714.0	1053318799
JG0139c	5	173784701	N:AG[T>G]CA	-1	125967.0	1053444766
JG0139c	5	173881772	N:AC[T>G]TA	-1	97071.0	1053541837
JG0139c	5	174133323	T:AC[T>C]CA	-1	251551.0	1053793388
JG0139c	5	174302939	N:CC[T>C]GC	-1	169616.0	1053963004
JG0139c	5	174746251	N:GC[T>G]TA	-1	443312.0	1054406316
JG0139c	5	174843263	N:TC[T>C]CT	-1	97012.0	1054503328
JG0139c	5	175365484	N:TC[T>A]CC	1	522221.0	1055025549
JG0139c	5	175651691	N:TC[T>G]TG	-1	286207.0	1055311756
JG0139c	5	175793945	N:AT[T>G]TC	1	142254.0	1055454010
JG0139c	5	176459630	U:TC[T>C]GA	1	665685.0	1056119695
JG0139c	5	177143448	T:AC[T>G]CA	-1	683818.0	1056803513
JG0139c	5	178337192	U:AC[T>C]CA	-1	1193744.0	1057997257
JG0139c	5	179017119	N:TG[T>G]CA	1	679927.0	1058677184
JG0139c	5	179729437	U:GC[T>G]TG	1	712318.0	1059389502
JG0139c	5	180076350	N:GC[T>C]CC	1	346913.0	1059736415
JG0139c	5	180219074	N:TA[T>G]TT	1	142724.0	1059879139
JG0139c	5	180434233	N:CC[T>C]CG	1	215159.0	1060094298
JG0139c	6	167049	N:AC[T>C]CC	-1		1061365373
JG0139c	6	541453	U:TC[T>C]CG	-1	374404.0	1061739777
JG0139c	6	722162	N:GC[T>C]TG	-1	180709.0	1061920486
JG0139c	6	783396	N:GC[T>G]TG	1	61234.0	1061981720
JG0139c	6	955979	N:CC[T>G]CA	-1	172583.0	1062154303
JG0139c	6	1040892	N:CC[T>A]TA	1	84913.0	1062239216
JG0139c	6	1127493	N:TT[C>G]AC	1	86601.0	1062325817
JG0139c	6	1221615	N:TC[T>A]TA	-1	94122.0	1062419939
JG0139c	6	1226187	N:TC[T>C]CC	-1	4572.0	1062424511
JG0139c	6	1691840	T:CC[T>G]CA	1	465653.0	1062890164
JG0139c	6	1776304	U:TC[T>G]TA	-1	84464.0	1062974628
JG0139c	6	1813411	T:GG[T>G]TA	1	37107.0	1063011735
JG0139c	6	1923067	U:TC[T>C]TA	-1	109656.0	1063121391
JG0139c	6	2382523	N:CC[T>A]TA	-1	459456.0	1063580847
JG0139c	6	3450926	T:AC[T>C]CT	1	1068403.0	1064649250
JG0139c	6	3587855	N:CC[T>A]TG	-1	136929.0	1064786179
JG0139c	6	3761168	N:TG[T>C]CA	-1	173313.0	1064959492
JG0139c	6	4034931	U:TC[T>C]TG	1	273763.0	1065233255
JG0139c	6	4059153	U:GC[T>C]TA	1	24222.0	1065257477
JG0139c	6	4234748	N:TC[T>C]TA	-1	175595.0	1065433072
JG0139c	6	4480923	N:AC[T>C]CG	-1	246175.0	1065679247
JG0139c	6	5044657	N:CC[T>G]CT	1	563734.0	1066242981
JG0139c	6	5801658	N:AC[T>C]CG	-1	757001.0	1066999982
JG0139c	6	5817565	N:TC[T>G]TA	1	15907.0	1067015889
JG0139c	6	6077783	N:GC[T>C]CT	-1	260218.0	1067276107
JG0139c	6	6083799	N:AC[T>C]TG	-1	6016.0	1067282123
JG0139c	6	6158015	U:CC[T>C]TA	-1	74216.0	1067356339
JG0139c	6	6158454	U:TC[T>C]CC	-1	439.0	1067356778
JG0139c	6	6362351	N:TG[T>G]TA	-1	203897.0	1067560675
JG0139c	6	6365562	N:GC[T>C]TG	-1	3211.0	1067563886
JG0139c	6	6457250	N:TC[T>C]TG	-1	91688.0	1067655574
JG0139c	6	6606045	T:CC[T>C]GC	-1	148795.0	1067804369
JG0139c	6	6610284	T:AG[T>C]AC	-1	4239.0	1067808608
JG0139c	6	6678272	N:TG[T>G]TC	-1	67988.0	1067876596
JG0139c	6	6840231	N:AC[T>C]TG	-1	161959.0	1068038555
JG0139c	6	7322202	N:TC[T>C]CA	-1	481971.0	1068520526
JG0139c	6	7749375	T:AG[T>G]TA	-1	427173.0	1068947699
JG0139c	6	8068097	N:TC[T>C]TG	-1	318722.0	1069266421
JG0139c	6	8113644	N:TG[T>C]TA	-1	45547.0	1069311968
JG0139c	6	8115237	N:AC[T>C]GC	-1	1593.0	1069313561
JG0139c	6	8120963	N:TC[T>C]GA	-1	5726.0	1069319287
JG0139c	6	8159554	N:TC[T>C]CC	-1	38591.0	1069357878
JG0139c	6	8161838	N:TC[T>C]CT	-1	2284.0	1069360162
JG0139c	6	8197726	N:AC[T>C]TG	-1	35888.0	1069396050
JG0139c	6	8249683	N:AC[T>C]CT	-1	51957.0	1069448007
JG0139c	6	8503507	N:AG[T>G]TC	-1	253824.0	1069701831
JG0139c	6	8511651	N:GG[T>C]CA	-1	8144.0	1069709975
JG0139c	6	8633424	N:TC[T>C]CA	-1	121773.0	1069831748
JG0139c	6	8681549	N:AC[T>G]CA	1	48125.0	1069879873
JG0139c	6	8787011	N:CC[T>G]CT	-1	105462.0	1069985335
JG0139c	6	8808305	N:AC[T>C]TT	-1	21294.0	1070006629
JG0139c	6	9192138	N:TG[T>C]GT	-1	383833.0	1070390462
JG0139c	6	9234446	N:TC[T>C]TG	-1	42308.0	1070432770
JG0139c	6	9690747	N:AC[T>G]TG	1	456301.0	1070889071
JG0139c	6	9718396	N:AT[T>G]TA	-1	27649.0	1070916720
JG0139c	6	9755550	N:AC[T>G]GC	1	37154.0	1070953874
JG0139c	6	10192774	N:CC[T>C]TC	-1	437224.0	1071391098
JG0139c	6	10263318	N:TC[T>A]CA	-1	70544.0	1071461642
JG0139c	6	10476257	N:GC[T>C]AG	1	212939.0	1071674581
JG0139c	6	10503229	U:AC[T>G]TA	1	26972.0	1071701553
JG0139c	6	10982760	T:AC[T>G]TA	1	479531.0	1072181084
JG0139c	6	11279946	T:GC[T>A]CC	1	297186.0	1072478270
JG0139c	6	11348680	U:AC[T>A]CC	-1	68734.0	1072547004
JG0139c	6	11358809	T:AC[T>G]TA	1	10129.0	1072557133
JG0139c	6	11389079	N:AC[T>G]CA	1	30270.0	1072587403
JG0139c	6	11691289	N:TC[T>C]CT	-1	302210.0	1072889613
JG0139c	6	12099021	T:TC[T>C]TG	-1	407732.0	1073297345
JG0139c	6	12322778	N:GC[T>G]TC	-1	223757.0	1073521102
JG0139c	6	12478357	N:AC[T>C]CC	-1	155579.0	1073676681
JG0139c	6	12830945	U:TA[C>A]AA	1	352588.0	1074029269
JG0139c	6	12997746	T:TC[T>C]CG	-1	166801.0	1074196070
JG0139c	6	13078522	T:TC[T>C]CA	-1	80776.0	1074276846
JG0139c	6	13351501	N:AC[T>C]CT	-1	272979.0	1074549825
JG0139c	6	14239357	N:CG[T>G]TA	1	887856.0	1075437681
JG0139c	6	14276082	N:GC[T>C]CC	-1	36725.0	1075474406
JG0139c	6	14430221	N:AC[T>G]TA	-1	154139.0	1075628545
JG0139c	6	14672355	N:AC[T>C]GG	-1	242134.0	1075870679
JG0139c	6	14749421	N:AC[T>C]GC	-1	77066.0	1075947745
JG0139c	6	15802521	N:AC[T>C]CG	-1	1053100.0	1077000845
JG0139c	6	15848521	N:TC[T>G]TC	1	46000.0	1077046845
JG0139c	6	15956958	N:AG[T>C]TA	-1	108437.0	1077155282
JG0139c	6	16443914	U:TC[T>C]CG	-1	486956.0	1077642238
JG0139c	6	16659180	U:TG[T>C]TC	-1	215266.0	1077857504
JG0139c	6	16784659	N:AC[T>G]TA	1	125479.0	1077982983
JG0139c	6	17233669	N:TC[T>C]TG	-1	449010.0	1078431993
JG0139c	6	17479865	U:CC[T>G]CG	1	246196.0	1078678189
JG0139c	6	17790078	T:AC[T>G]TG	1	310213.0	1078988402
JG0139c	6	18052525	N:TC[T>C]TG	-1	262447.0	1079250849
JG0139c	6	18162272	T:TC[T>C]CA	-1	109747.0	1079360596
JG0139c	6	18164068	T:TG[T>G]TA	-1	1796.0	1079362392
JG0139c	6	18169488	T:AC[T>C]TT	-1	5420.0	1079367812
JG0139c	6	18274003	N:TC[T>C]CT	1	104515.0	1079472327
JG0139c	6	18705645	N:AC[T>C]CA	-1	431642.0	1079903969
JG0139c	6	18711875	N:GC[T>G]CA	-1	6230.0	1079910199
JG0139c	6	18722689	N:AC[T>C]CC	-1	10814.0	1079921013
JG0139c	6	18759524	N:GC[T>C]CA	-1	36835.0	1079957848
JG0139c	6	18803160	N:CA[C>A]AG	1	43636.0	1080001484
JG0139c	6	18866211	N:TC[T>C]CA	-1	63051.0	1080064535
JG0139c	6	19011071	N:TC[T>G]TT	-1	144860.0	1080209395
JG0139c	6	19013670	N:CC[T>G]TT	-1	2599.0	1080211994
JG0139c	6	19013701	N:AC[T>C]TG	-1	31.0	1080212025
JG0139c	6	19015695	N:GC[T>G]AA	-1	1994.0	1080214019
JG0139c	6	19221369	N:CC[T>C]AC	-1	205674.0	1080419693
JG0139c	6	19293783	N:GC[T>G]TT	-1	72414.0	1080492107
JG0139c	6	19324363	N:AC[T>C]GG	-1	30580.0	1080522687
JG0139c	6	19423691	N:GC[T>C]TC	-1	99328.0	1080622015
JG0139c	6	19786790	N:AG[T>G]TA	-1	363099.0	1080985114
JG0139c	6	19891948	N:AG[T>G]TT	-1	105158.0	1081090272
JG0139c	6	20444797	U:TC[T>C]TG	1	552849.0	1081643121
JG0139c	6	20541187	T:AG[T>C]CT	-1	96390.0	1081739511
JG0139c	6	22153344	N:TC[T>C]CA	-1	1612157.0	1083351668
JG0139c	6	22583653	N:TC[T>A]CA	-1	430309.0	1083781977
JG0139c	6	22653923	N:AC[T>C]TG	-1	70270.0	1083852247
JG0139c	6	22799644	N:TG[T>A]TT	-1	145721.0	1083997968
JG0139c	6	22856000	N:TC[T>G]TA	-1	56356.0	1084054324
JG0139c	6	22894188	N:AC[T>G]TA	-1	38188.0	1084092512
JG0139c	6	23082947	N:TC[T>C]CA	-1	188759.0	1084281271
JG0139c	6	23235109	N:TC[T>C]CT	-1	152162.0	1084433433
JG0139c	6	23378808	N:AG[T>A]TT	-1	143699.0	1084577132
JG0139c	6	23866758	N:TT[T>G]TA	-1	487950.0	1085065082
JG0139c	6	24011018	N:AC[T>C]CC	-1	144260.0	1085209342
JG0139c	6	24297500	U:AC[T>C]TG	-1	286482.0	1085495824
JG0139c	6	24338314	U:AC[T>C]TT	-1	40814.0	1085536638
JG0139c	6	24810887	T:AC[T>G]TC	1	472573.0	1086009211
JG0139c	6	25186143	N:GC[T>G]CT	1	375256.0	1086384467
JG0139c	6	25460594	T:GC[T>C]TA	-1	274451.0	1086658918
JG0139c	6	25618481	T:TA[T>G]TA	-1	157887.0	1086816805
JG0139c	6	26282369	U:GG[T>C]TG	-1	663888.0	1087480693
JG0139c	6	26397449	N:AC[T>G]TG	-1	115080.0	1087595773
JG0139c	6	26485580	N:GG[T>G]CA	1	88131.0	1087683904
JG0139c	6	26909781	N:AC[T>C]CG	-1	424201.0	1088108105
JG0139c	6	27254330	T:GC[T>G]CA	-1	344549.0	1088452654
JG0139c	6	27994280	N:AG[T>G]TC	-1	739950.0	1089192604
JG0139c	6	28595526	U:GC[T>A]GG	-1	601246.0	1089793850
JG0139c	6	28720872	N:TG[C>T]AA	-1	125346.0	1089919196
JG0139c	6	28965799	N:TC[T>G]CA	-1	244927.0	1090164123
JG0139c	6	29210382	N:CC[T>G]TT	-1	244583.0	1090408706
JG0139c	6	29474802	N:AA[T>A]AA	1	264420.0	1090673126
JG0139c	6	29539801	N:AC[T>G]TA	1	64999.0	1090738125
JG0139c	6	29806776	N:AC[T>C]CC	-1	266975.0	1091005100
JG0139c	6	30057125	N:TC[T>C]TC	-1	250349.0	1091255449
JG0139c	6	30191956	U:AC[T>G]TC	-1	134831.0	1091390280
JG0139c	6	32459938	N:TC[T>C]CC	1	2267982.0	1093658262
JG0139c	6	32736196	N:AG[T>G]TG	-1	276258.0	1093934520
JG0139c	6	32850677	B:CC[T>C]CG	-1	114481.0	1094049001
JG0139c	6	32919497	N:AC[T>C]CC	-1	68820.0	1094117821
JG0139c	6	33753028	N:GC[T>C]CA	1	833531.0	1094951352
JG0139c	6	34009114	N:GG[T>C]CA	-1	256086.0	1095207438
JG0139c	6	34025131	U:AC[T>G]GA	-1	16017.0	1095223455
JG0139c	6	34305682	U:AG[T>G]TC	-1	280551.0	1095504006
JG0139c	6	34621277	U:TC[T>C]TG	-1	315595.0	1095819601
JG0139c	6	34702434	N:TC[T>C]CT	1	81157.0	1095900758
JG0139c	6	35149530	N:TC[T>G]TG	1	447096.0	1096347854
JG0139c	6	35209714	N:AC[T>C]CT	-1	60184.0	1096408038
JG0139c	6	35412095	T:AA[T>G]TA	-1	202381.0	1096610419
JG0139c	6	35633969	T:AG[T>C]TG	1	221874.0	1096832293
JG0139c	6	35934410	N:CC[T>G]CA	1	300441.0	1097132734
JG0139c	6	36211889	T:AC[T>C]TA	-1	277479.0	1097410213
JG0139c	6	36296201	U:AC[T>G]TG	1	84312.0	1097494525
JG0139c	6	36656149	N:GC[T>G]CG	-1	359948.0	1097854473
JG0139c	6	37454868	T:GC[T>C]TG	-1	798719.0	1098653192
JG0139c	6	37647024	T:AC[T>G]TT	1	192156.0	1098845348
JG0139c	6	37828100	T:AC[T>G]TA	-1	181076.0	1099026424
JG0139c	6	38353348	U:CT[C>A]TA	-1	525248.0	1099551672
JG0139c	6	38763613	T:TC[T>A]CG	-1	410265.0	1099961937
JG0139c	6	39159369	N:TC[T>C]TG	-1	395756.0	1100357693
JG0139c	6	40193898	N:TA[T>G]TT	-1	1034529.0	1101392222
JG0139c	6	40330971	N:TC[T>G]TC	-1	137073.0	1101529295
JG0139c	6	40486560	U:TC[T>C]GA	-1	155589.0	1101684884
JG0139c	6	40542035	U:TC[T>C]CT	-1	55475.0	1101740359
JG0139c	6	40722571	N:CC[T>C]CA	-1	180536.0	1101920895
JG0139c	6	41110484	N:GA[T>G]TC	-1	387913.0	1102308808
JG0139c	6	41115294	N:GA[T>G]TA	-1	4810.0	1102313618
JG0139c	6	41664124	N:GC[T>G]GA	1	548830.0	1102862448
JG0139c	6	41765925	N:AC[T>C]CC	-1	101801.0	1102964249
JG0139c	6	41807549	T:TC[T>A]CC	1	41624.0	1103005873
JG0139c	6	41850238	T:AG[T>G]TC	1	42689.0	1103048562
JG0139c	6	42037922	T:AC[T>C]CA	1	187684.0	1103236246
JG0139c	6	43303362	T:CC[T>A]CA	-1	1265440.0	1104501686
JG0139c	6	44628749	N:AG[T>G]TG	-1	1325387.0	1105827073
JG0139c	6	45403451	U:TC[T>G]CG	1	774702.0	1106601775
JG0139c	6	45517922	T:AC[T>C]CG	-1	114471.0	1106716246
JG0139c	6	45922598	U:AG[T>G]TG	-1	404676.0	1107120922
JG0139c	6	45965355	U:TC[T>A]TG	-1	42757.0	1107163679
JG0139c	6	46282955	U:TC[T>G]TA	-1	317600.0	1107481279
JG0139c	6	46322094	U:TC[T>C]TA	-1	39139.0	1107520418
JG0139c	6	46349204	U:TC[T>C]TT	-1	27110.0	1107547528
JG0139c	6	46422117	U:CC[T>C]CA	-1	72913.0	1107620441
JG0139c	6	46446732	U:AC[T>C]CA	-1	24615.0	1107645056
JG0139c	6	47169019	N:TC[T>G]CC	1	722287.0	1108367343
JG0139c	6	47548083	T:AC[T>C]TT	-1	379064.0	1108746407
JG0139c	6	47635503	N:AC[T>C]CG	1	87420.0	1108833827
JG0139c	6	47645968	N:AC[T>G]CA	-1	10465.0	1108844292
JG0139c	6	47844852	N:CA[T>G]TG	1	198884.0	1109043176
JG0139c	6	47844911	N:AT[T>G]TT	1	59.0	1109043235
JG0139c	6	48015122	U:AC[T>C]TG	-1	170211.0	1109213446
JG0139c	6	48046370	U:AC[T>A]CA	-1	31248.0	1109244694
JG0139c	6	48385239	N:AG[T>C]CA	-1	338869.0	1109583563
JG0139c	6	48455304	N:GC[T>G]TA	-1	70065.0	1109653628
JG0139c	6	48465990	N:TG[T>A]TT	-1	10686.0	1109664314
JG0139c	6	48470905	N:TC[T>C]TA	-1	4915.0	1109669229
JG0139c	6	48486624	N:GC[T>G]TC	-1	15719.0	1109684948
JG0139c	6	48500029	N:CC[T>G]TG	-1	13405.0	1109698353
JG0139c	6	48506924	N:AA[T>G]TT	-1	6895.0	1109705248
JG0139c	6	48546031	N:AC[T>C]GA	-1	39107.0	1109744355
JG0139c	6	48584010	N:CC[T>C]CA	-1	37979.0	1109782334
JG0139c	6	48643982	N:TC[T>C]CA	-1	59972.0	1109842306
JG0139c	6	49176246	N:AA[T>G]TA	-1	532264.0	1110374570
JG0139c	6	49309806	N:AC[T>C]GC	-1	133560.0	1110508130
JG0139c	6	49319022	N:AC[T>C]TG	-1	9216.0	1110517346
JG0139c	6	49379790	N:TG[T>C]TG	-1	60768.0	1110578114
JG0139c	6	49590977	N:TC[T>C]GC	-1	211187.0	1110789301
JG0139c	6	49776766	N:AC[T>G]TA	-1	185789.0	1110975090
JG0139c	6	49829464	N:AG[T>G]TC	-1	52698.0	1111027788
JG0139c	6	49961833	U:GC[T>G]TA	-1	132369.0	1111160157
JG0139c	6	50309712	N:GC[T>A]CA	-1	347879.0	1111508036
JG0139c	6	50438127	N:AC[T>C]CT	-1	128415.0	1111636451
JG0139c	6	50490140	N:TC[T>A]CT	-1	52013.0	1111688464
JG0139c	6	50503688	N:AC[T>C]GA	-1	13548.0	1111702012
JG0139c	6	50826784	T:CC[T>A]TA	-1	323096.0	1112025108
JG0139c	6	50989265	N:TC[T>G]GA	1	162481.0	1112187589
JG0139c	6	51081521	N:AC[T>C]TA	-1	92256.0	1112279845
JG0139c	6	51121604	N:TC[T>C]CG	-1	40083.0	1112319928
JG0139c	6	51137449	N:GG[T>A]TA	-1	15845.0	1112335773
JG0139c	6	51164479	N:TC[T>A]TA	-1	27030.0	1112362803
JG0139c	6	51457758	N:AC[T>A]TT	1	293279.0	1112656082
JG0139c	6	51891871	U:AC[T>C]GA	-1	434113.0	1113090195
JG0139c	6	51895455	T:AC[T>G]TA	1	3584.0	1113093779
JG0139c	6	51997421	U:AC[T>C]TA	-1	101966.0	1113195745
JG0139c	6	52009926	U:GC[T>C]TG	-1	12505.0	1113208250
JG0139c	6	52028069	U:TC[T>G]TT	-1	18143.0	1113226393
JG0139c	6	52311172	N:AT[T>G]TA	-1	283103.0	1113509496
JG0139c	6	53166958	N:CC[T>C]CC	-1	855786.0	1114365282
JG0139c	6	53285537	U:TC[T>G]TA	-1	118579.0	1114483861
JG0139c	6	53287983	U:TC[T>C]TA	-1	2446.0	1114486307
JG0139c	6	53823062	U:TC[T>G]CC	1	535079.0	1115021386
JG0139c	6	54169351	T:TC[T>A]CA	-1	346289.0	1115367675
JG0139c	6	54869829	U:AC[C>A]AG	1	700478.0	1116068153
JG0139c	6	54950528	N:AG[T>C]CT	-1	80699.0	1116148852
JG0139c	6	55303434	N:GC[T>C]TT	-1	352906.0	1116501758
JG0139c	6	55314197	N:TA[T>G]TA	-1	10763.0	1116512521
JG0139c	6	55320446	N:TC[T>A]TG	1	6249.0	1116518770
JG0139c	6	55713199	N:TC[T>G]TA	-1	392753.0	1116911523
JG0139c	6	56016291	N:CC[T>C]CG	-1	303092.0	1117214615
JG0139c	6	56476165	U:AC[T>C]CA	-1	459874.0	1117674489
JG0139c	6	56520303	U:TC[T>C]CC	-1	44138.0	1117718627
JG0139c	6	57161762	U:TC[T>A]CA	1	641459.0	1118360086
JG0139c	6	57728237	N:GC[T>G]TA	-1	566475.0	1118926561
JG0139c	6	57850520	N:AC[T>C]AC	-1	122283.0	1119048844
JG0139c	6	57864404	N:TC[T>A]TT	-1	13884.0	1119062728
JG0139c	6	58006935	N:AC[T>C]GA	-1	142531.0	1119205259
JG0139c	6	58318179	N:TC[T>C]CT	-1	311244.0	1119516503
JG0139c	6	60339495	N:TC[T>C]CA	-1	2021316.0	1121537819
JG0139c	6	61019280	N:TG[T>C]AA	-1	679785.0	1122217604
JG0139c	6	61214380	N:AC[T>G]TA	-1	195100.0	1122412704
JG0139c	6	61306157	N:TC[T>C]CA	-1	91777.0	1122504481
JG0139c	6	61408056	N:AC[T>C]TA	-1	101899.0	1122606380
JG0139c	6	61552466	N:AC[T>A]AT	-1	144410.0	1122750790
JG0139c	6	61650059	N:AG[T>C]CA	-1	97593.0	1122848383
JG0139c	6	61919355	U:TC[T>A]CA	-1	269296.0	1123117679
JG0139c	6	62069492	U:TC[T>A]CA	-1	150137.0	1123267816
JG0139c	6	62076883	U:TT[T>C]TA	-1	7391.0	1123275207
JG0139c	6	62357357	N:TT[T>C]CA	-1	280474.0	1123555681
JG0139c	6	62483636	N:GA[T>G]TA	-1	126279.0	1123681960
JG0139c	6	62497151	N:GG[T>G]TT	-1	13515.0	1123695475
JG0139c	6	62531618	N:AC[T>C]CC	-1	34467.0	1123729942
JG0139c	6	62741342	N:TC[T>A]TA	-1	209724.0	1123939666
JG0139c	6	62803137	N:AC[T>G]TT	-1	61795.0	1124001461
JG0139c	6	63205940	N:AA[T>G]TA	-1	402803.0	1124404264
JG0139c	6	63389069	N:AC[T>C]TA	-1	183129.0	1124587393
JG0139c	6	63715098	T:GC[T>C]CT	-1	326029.0	1124913422
JG0139c	6	63727459	B:AG[T>G]TT	-1	12361.0	1124925783
JG0139c	6	64448539	U:TC[T>C]CA	-1	721080.0	1125646863
JG0139c	6	64498094	U:AC[T>C]TC	-1	49555.0	1125696418
JG0139c	6	64500112	T:TG[T>G]TA	1	2018.0	1125698436
JG0139c	6	64598695	U:AC[T>C]TA	-1	98583.0	1125797019
JG0139c	6	64646595	U:TC[T>C]CC	-1	47900.0	1125844919
JG0139c	6	65015065	U:CC[T>C]TT	-1	368470.0	1126213389
JG0139c	6	65200712	T:TC[T>G]TT	1	185647.0	1126399036
JG0139c	6	65225605	T:AC[T>C]CG	1	24893.0	1126423929
JG0139c	6	65499493	T:CT[T>G]TA	1	273888.0	1126697817
JG0139c	6	65604920	T:AC[T>G]GC	1	105427.0	1126803244
JG0139c	6	65606020	U:TC[T>C]GA	-1	1100.0	1126804344
JG0139c	6	65811141	N:TC[T>C]CA	-1	205121.0	1127009465
JG0139c	6	65978782	N:GC[T>G]TA	1	167641.0	1127177106
JG0139c	6	66204121	N:AC[T>C]TT	-1	225339.0	1127402445
JG0139c	6	66205081	N:TT[T>G]TA	-1	960.0	1127403405
JG0139c	6	66732896	N:AG[T>G]TG	-1	527815.0	1127931220
JG0139c	6	66755351	N:TC[T>C]TC	-1	22455.0	1127953675
JG0139c	6	67226070	N:TC[T>C]TA	1	470719.0	1128424394
JG0139c	6	67538489	N:AC[T>G]TT	-1	312419.0	1128736813
JG0139c	6	67741562	N:CC[T>A]GG	-1	203073.0	1128939886
JG0139c	6	67806195	N:TC[T>C]TT	-1	64633.0	1129004519
JG0139c	6	68085406	N:AC[T>A]TA	-1	279211.0	1129283730
JG0139c	6	68396814	N:TC[T>G]GT	1	311408.0	1129595138
JG0139c	6	68803341	T:TC[T>A]CC	-1	406527.0	1130001665
JG0139c	6	68834890	T:AC[T>G]TA	-1	31549.0	1130033214
JG0139c	6	69179808	T:GC[T>A]TG	-1	344918.0	1130378132
JG0139c	6	69299300	U:CC[T>G]TA	1	119492.0	1130497624
JG0139c	6	69329020	T:TG[T>G]TA	-1	29720.0	1130527344
JG0139c	6	69599203	N:TC[T>C]CA	-1	270183.0	1130797527
JG0139c	6	69829653	T:TC[T>G]TC	1	230450.0	1131027977
JG0139c	6	70126297	T:AC[T>A]CA	-1	296644.0	1131324621
JG0139c	6	70223239	U:AC[T>A]TT	-1	96942.0	1131421563
JG0139c	6	70926651	U:AC[T>G]TT	-1	703412.0	1132124975
JG0139c	6	71052977	N:AC[T>G]TA	-1	126326.0	1132251301
JG0139c	6	71224588	N:AC[T>C]CC	-1	171611.0	1132422912
JG0139c	6	71279736	N:TC[T>A]TA	-1	55148.0	1132478060
JG0139c	6	71449635	N:TC[T>C]CA	-1	169899.0	1132647959
JG0139c	6	71464539	N:TG[T>C]CA	-1	14904.0	1132662863
JG0139c	6	71609562	N:AT[T>A]TT	-1	145023.0	1132807886
JG0139c	6	71609919	N:TC[T>A]TG	-1	357.0	1132808243
JG0139c	6	71643207	N:TC[T>C]TA	-1	33288.0	1132841531
JG0139c	6	71661505	N:TG[T>G]TA	-1	18298.0	1132859829
JG0139c	6	71724486	N:CC[T>G]CC	1	62981.0	1132922810
JG0139c	6	71737686	N:AC[T>C]CC	-1	13200.0	1132936010
JG0139c	6	71755178	N:TC[T>A]CA	1	17492.0	1132953502
JG0139c	6	71929823	T:TC[T>G]TA	-1	174645.0	1133128147
JG0139c	6	72103234	T:AG[T>A]TT	-1	173411.0	1133301558
JG0139c	6	72193554	T:AG[T>C]TA	-1	90320.0	1133391878
JG0139c	6	72347508	U:AC[T>A]TA	1	153954.0	1133545832
JG0139c	6	72374253	U:TC[T>A]CA	1	26745.0	1133572577
JG0139c	6	72461332	N:AC[T>C]CT	1	87079.0	1133659656
JG0139c	6	72485166	N:AC[T>G]CA	1	23834.0	1133683490
JG0139c	6	72620063	N:TC[T>C]TG	-1	134897.0	1133818387
JG0139c	6	72639127	T:CC[T>G]TA	-1	19064.0	1133837451
JG0139c	6	72748358	T:AC[T>G]TT	-1	109231.0	1133946682
JG0139c	6	72820519	T:AC[T>G]TA	-1	72161.0	1134018843
JG0139c	6	72831048	T:TC[T>C]AA	-1	10529.0	1134029372
JG0139c	6	72881000	T:TC[T>G]TG	-1	49952.0	1134079324
JG0139c	6	73159383	T:AC[T>A]TT	-1	278383.0	1134357707
JG0139c	6	73165412	T:AC[T>C]CA	-1	6029.0	1134363736
JG0139c	6	74000619	N:TC[T>C]CA	-1	835207.0	1135198943
JG0139c	6	74071627	N:TC[T>G]TA	-1	71008.0	1135269951
JG0139c	6	74112861	N:AA[T>C]TC	-1	41234.0	1135311185
JG0139c	6	74207038	N:AC[T>C]TA	-1	94177.0	1135405362
JG0139c	6	74284901	N:AC[T>G]AG	1	77863.0	1135483225
JG0139c	6	74483689	N:AT[T>G]TC	-1	198788.0	1135682013
JG0139c	6	74718623	N:TC[T>G]AG	1	234934.0	1135916947
JG0139c	6	74844332	N:TG[T>G]TC	1	125709.0	1136042656
JG0139c	6	74877328	N:TC[T>G]TA	1	32996.0	1136075652
JG0139c	6	74953467	N:TC[T>G]CA	1	76139.0	1136151791
JG0139c	6	75059333	N:GA[C>G]AT	1	105866.0	1136257657
JG0139c	6	75059349	N:TC[T>C]TG	1	16.0	1136257673
JG0139c	6	75145026	T:TC[T>G]TA	1	85677.0	1136343350
JG0139c	6	75146006	T:AG[T>G]TA	1	980.0	1136344330
JG0139c	6	75207992	N:CC[T>C]TG	1	61986.0	1136406316
JG0139c	6	75331650	U:GG[T>C]TA	-1	123658.0	1136529974
JG0139c	6	75392353	U:AC[T>G]TT	-1	60703.0	1136590677
JG0139c	6	75996286	U:TC[T>C]CC	-1	603933.0	1137194610
JG0139c	6	75997852	T:AA[T>G]TC	1	1566.0	1137196176
JG0139c	6	76023172	U:AC[T>G]TT	-1	25320.0	1137221496
JG0139c	6	76168651	N:AC[T>C]TC	-1	145479.0	1137366975
JG0139c	6	76280745	N:AT[T>C]TA	-1	112094.0	1137479069
JG0139c	6	76453351	N:TG[T>C]TT	-1	172606.0	1137651675
JG0139c	6	76471239	N:TC[T>C]CA	-1	17888.0	1137669563
JG0139c	6	76570492	N:TC[T>C]TA	-1	99253.0	1137768816
JG0139c	6	76570514	N:AC[T>A]TT	-1	22.0	1137768838
JG0139c	6	76611742	N:CC[T>C]TA	-1	41228.0	1137810066
JG0139c	6	76990628	N:CC[T>G]CA	-1	378886.0	1138188952
JG0139c	6	77221788	N:TG[C>A]CC	1	231160.0	1138420112
JG0139c	6	77354277	N:TC[T>C]AC	-1	132489.0	1138552601
JG0139c	6	77407477	N:AA[T>G]TT	-1	53200.0	1138605801
JG0139c	6	78029074	N:CC[T>A]AC	-1	621597.0	1139227398
JG0139c	6	78352145	N:AC[T>C]AA	-1	323071.0	1139550469
JG0139c	6	78454019	N:AG[T>C]TT	-1	101874.0	1139652343
JG0139c	6	78685402	N:AC[T>G]TA	1	231383.0	1139883726
JG0139c	6	78704965	N:GC[T>G]CA	1	19563.0	1139903289
JG0139c	6	78763157	N:GG[T>G]TT	-1	58192.0	1139961481
JG0139c	6	79085809	N:TC[T>G]TG	1	322652.0	1140284133
JG0139c	6	79101294	N:GC[T>G]TA	-1	15485.0	1140299618
JG0139c	6	79797738	N:TC[T>C]CA	-1	696444.0	1140996062
JG0139c	6	80026893	T:AC[T>C]TA	-1	229155.0	1141225217
JG0139c	6	80425193	N:GC[T>G]TA	-1	398300.0	1141623517
JG0139c	6	80510061	N:CA[T>G]TA	-1	84868.0	1141708385
JG0139c	6	80543199	N:TA[T>G]TG	-1	33138.0	1141741523
JG0139c	6	81134707	N:TC[T>C]CA	1	591508.0	1142333031
JG0139c	6	81428511	N:AG[T>G]TA	1	293804.0	1142626835
JG0139c	6	81517351	U:TG[T>C]CA	-1	88840.0	1142715675
JG0139c	6	81911236	N:GC[T>G]TA	1	393885.0	1143109560
JG0139c	6	81970367	N:AC[T>G]TA	-1	59131.0	1143168691
JG0139c	6	82059324	N:TC[T>C]TT	-1	88957.0	1143257648
JG0139c	6	82273058	N:AC[T>G]TA	1	213734.0	1143471382
JG0139c	6	82310818	N:TC[T>G]TT	1	37760.0	1143509142
JG0139c	6	82523313	N:AC[T>G]TT	-1	212495.0	1143721637
JG0139c	6	82551881	N:AC[T>C]CC	-1	28568.0	1143750205
JG0139c	6	82820454	N:AC[T>A]TG	1	268573.0	1144018778
JG0139c	6	83061539	T:GC[T>C]TA	1	241085.0	1144259863
JG0139c	6	83180865	U:AC[T>C]TC	-1	119326.0	1144379189
JG0139c	6	83575588	U:TC[T>A]TT	-1	394723.0	1144773912
JG0139c	6	83592586	U:TC[T>G]TT	-1	16998.0	1144790910
JG0139c	6	83629565	T:TC[T>G]TT	1	36979.0	1144827889
JG0139c	6	83663178	T:CC[T>G]CA	1	33613.0	1144861502
JG0139c	6	83769180	N:AT[T>G]TA	1	106002.0	1144967504
JG0139c	6	83790138	N:TC[T>A]TA	-1	20958.0	1144988462
JG0139c	6	83937309	T:TC[T>G]TT	-1	147171.0	1145135633
JG0139c	6	84123410	N:TC[T>C]CA	-1	186101.0	1145321734
JG0139c	6	84133495	U:AC[T>C]CA	-1	10085.0	1145331819
JG0139c	6	84273038	N:CC[T>G]TC	-1	139543.0	1145471362
JG0139c	6	84286966	N:AC[T>C]TG	-1	13928.0	1145485290
JG0139c	6	84407738	N:AC[T>C]TT	1	120772.0	1145606062
JG0139c	6	84595174	N:CC[T>G]TC	-1	187436.0	1145793498
JG0139c	6	85028901	N:GC[T>G]CA	1	433727.0	1146227225
JG0139c	6	85815736	N:GG[T>G]TC	1	786835.0	1147014060
JG0139c	6	86159493	N:TC[T>A]TT	1	343757.0	1147357817
JG0139c	6	86288849	N:AC[T>G]TA	-1	129356.0	1147487173
JG0139c	6	86348182	N:AC[T>G]TG	-1	59333.0	1147546506
JG0139c	6	86468921	N:TC[T>C]TT	-1	120739.0	1147667245
JG0139c	6	86505363	N:TC[T>C]AC	1	36442.0	1147703687
JG0139c	6	86550799	N:GT[T>G]CT	1	45436.0	1147749123
JG0139c	6	86563512	N:TC[T>C]TT	1	12713.0	1147761836
JG0139c	6	86829192	N:AC[T>G]TC	-1	265680.0	1148027516
JG0139c	6	86854823	N:GC[T>C]TA	-1	25631.0	1148053147
JG0139c	6	86886257	N:TC[T>A]TG	1	31434.0	1148084581
JG0139c	6	86893156	N:TC[T>C]CA	1	6899.0	1148091480
JG0139c	6	86915275	N:GC[T>G]CA	1	22119.0	1148113599
JG0139c	6	87481503	U:AC[T>G]TC	1	566228.0	1148679827
JG0139c	6	87540344	T:AC[T>G]CG	1	58841.0	1148738668
JG0139c	6	87705177	N:AG[T>A]TT	-1	164833.0	1148903501
JG0139c	6	87970975	N:AG[T>C]TA	1	265798.0	1149169299
JG0139c	6	88076377	N:GC[T>G]TC	1	105402.0	1149274701
JG0139c	6	88077829	N:GC[T>G]CC	1	1452.0	1149276153
JG0139c	6	88316978	N:GC[T>C]CA	1	239149.0	1149515302
JG0139c	6	88840306	T:AC[T>G]TC	1	523328.0	1150038630
JG0139c	6	89093049	N:AG[T>G]TA	1	252743.0	1150291373
JG0139c	6	89397235	U:AC[T>G]TG	-1	304186.0	1150595559
JG0139c	6	90260195	T:AC[T>C]TT	1	862960.0	1151458519
JG0139c	6	90517558	U:TC[T>C]TA	-1	257363.0	1151715882
JG0139c	6	90673950	N:CC[T>G]TT	1	156392.0	1151872274
JG0139c	6	90676980	N:AG[T>G]TA	1	3030.0	1151875304
JG0139c	6	90712042	N:AC[T>G]TA	-1	35062.0	1151910366
JG0139c	6	91986428	N:AC[T>G]TC	-1	1274386.0	1153184752
JG0139c	6	92794665	N:AC[T>G]GA	1	808237.0	1153992989
JG0139c	6	92795366	N:CC[T>A]CC	1	701.0	1153993690
JG0139c	6	93436353	N:TC[T>C]CA	-1	640987.0	1154634677
JG0139c	6	93499250	N:GG[T>G]GA	1	62897.0	1154697574
JG0139c	6	93788178	N:GC[T>G]AC	1	288928.0	1154986502
JG0139c	6	94105977	N:TT[T>G]TT	-1	317799.0	1155304301
JG0139c	6	94818500	N:GG[T>G]AC	1	712523.0	1156016824
JG0139c	6	94980802	N:TC[T>G]TA	1	162302.0	1156179126
JG0139c	6	95501275	N:TC[T>C]TC	-1	520473.0	1156699599
JG0139c	6	95637813	N:TG[T>G]TC	1	136538.0	1156836137
JG0139c	6	95696486	N:AC[T>C]CA	1	58673.0	1156894810
JG0139c	6	95830245	N:GC[T>C]CT	-1	133759.0	1157028569
JG0139c	6	95852650	N:AC[T>G]TC	-1	22405.0	1157050974
JG0139c	6	95903024	N:TT[T>G]TA	-1	50374.0	1157101348
JG0139c	6	95984788	N:AA[T>G]TT	1	81764.0	1157183112
JG0139c	6	96314877	N:AC[T>G]TA	1	330089.0	1157513201
JG0139c	6	97641939	N:AC[T>C]TC	1	1327062.0	1158840263
JG0139c	6	97686578	N:AC[T>C]TA	-1	44639.0	1158884902
JG0139c	6	97718937	N:GG[T>C]CA	-1	32359.0	1158917261
JG0139c	6	97799458	N:AT[T>G]TC	-1	80521.0	1158997782
JG0139c	6	97854895	N:TC[T>C]CA	-1	55437.0	1159053219
JG0139c	6	97957004	N:AC[T>G]CA	1	102109.0	1159155328
JG0139c	6	98358889	N:CC[T>C]TG	-1	401885.0	1159557213
JG0139c	6	98486769	N:TC[T>G]AG	1	127880.0	1159685093
JG0139c	6	98649234	N:TT[T>G]TT	1	162465.0	1159847558
JG0139c	6	98742081	N:AG[T>G]TG	1	92847.0	1159940405
JG0139c	6	98762859	N:CA[T>G]TG	1	20778.0	1159961183
JG0139c	6	98972144	N:TC[T>A]CC	1	209285.0	1160170468
JG0139c	6	99180557	N:GG[T>G]CA	-1	208413.0	1160378881
JG0139c	6	99837774	N:CC[T>G]CA	1	657217.0	1161036098
JG0139c	6	99954232	T:AG[T>G]TA	1	116458.0	1161152556
JG0139c	6	100299534	N:AC[T>C]TT	1	345302.0	1161497858
JG0139c	6	102529900	N:AC[T>A]TA	1	2230366.0	1163728224
JG0139c	6	102948734	N:CT[T>A]CA	1	418834.0	1164147058
JG0139c	6	103395685	N:TC[T>A]TA	1	446951.0	1164594009
JG0139c	6	104175853	N:AT[T>G]TC	1	780168.0	1165374177
JG0139c	6	104406155	N:AC[T>G]TA	-1	230302.0	1165604479
JG0139c	6	104716590	N:GC[T>A]GA	1	310435.0	1165914914
JG0139c	6	105223768	N:AC[T>C]CT	1	507178.0	1166422092
JG0139c	6	105814467	N:TT[C>A]TA	-1	590699.0	1167012791
JG0139c	6	105984965	N:GT[C>G]TA	1	170498.0	1167183289
JG0139c	6	106888416	N:AC[T>G]CA	1	903451.0	1168086740
JG0139c	6	107024324	N:TG[T>G]TC	1	135908.0	1168222648
JG0139c	6	107057045	N:AG[T>G]TC	1	32721.0	1168255369
JG0139c	6	107203542	T:GC[T>G]CA	1	146497.0	1168401866
JG0139c	6	107507556	U:CC[T>G]CG	1	304014.0	1168705880
JG0139c	6	108210810	N:TC[T>C]TG	-1	703254.0	1169409134
JG0139c	6	109190510	N:GT[T>G]TG	1	979700.0	1170388834
JG0139c	6	109556080	T:AG[T>G]TG	1	365570.0	1170754404
JG0139c	6	110435701	T:AC[T>A]CA	1	879621.0	1171634025
JG0139c	6	110566174	N:AC[T>C]CA	1	130473.0	1171764498
JG0139c	6	110770679	T:AC[T>C]CA	1	204505.0	1171969003
JG0139c	6	111346155	U:GG[T>G]TT	-1	575476.0	1172544479
JG0139c	6	111420709	T:AC[T>G]TG	1	74554.0	1172619033
JG0139c	6	111849945	T:TC[T>G]TG	1	429236.0	1173048269
JG0139c	6	112346310	T:AC[T>C]TT	-1	496365.0	1173544634
JG0139c	6	112356971	N:TA[T>G]TT	1	10661.0	1173555295
JG0139c	6	112556517	N:GC[T>G]TC	1	199546.0	1173754841
JG0139c	6	112699514	N:AC[T>G]TC	1	142997.0	1173897838
JG0139c	6	112710722	N:TC[T>G]TA	1	11208.0	1173909046
JG0139c	6	112786694	N:TC[T>C]CA	-1	75972.0	1173985018
JG0139c	6	112852120	N:AC[T>C]TG	1	65426.0	1174050444
JG0139c	6	113136958	N:TC[T>C]TG	-1	284838.0	1174335282
JG0139c	6	113211662	N:TC[T>G]TG	1	74704.0	1174409986
JG0139c	6	113481279	N:CC[T>C]CT	-1	269617.0	1174679603
JG0139c	6	114050382	N:CC[T>C]CA	1	569103.0	1175248706
JG0139c	6	114459041	N:AC[T>G]CT	1	408659.0	1175657365
JG0139c	6	114936634	N:CT[T>G]GT	-1	477593.0	1176134958
JG0139c	6	115111890	N:GA[T>G]TC	1	175256.0	1176310214
JG0139c	6	115296860	N:TC[T>C]GG	-1	184970.0	1176495184
JG0139c	6	115398994	N:AC[T>G]TT	1	102134.0	1176597318
JG0139c	6	115478165	N:TC[T>C]TG	1	79171.0	1176676489
JG0139c	6	115500185	N:AC[T>G]TT	1	22020.0	1176698509
JG0139c	6	115760402	N:AC[T>G]AA	-1	260217.0	1176958726
JG0139c	6	115875650	N:AG[T>G]TC	-1	115248.0	1177073974
JG0139c	6	116221001	U:AT[T>G]TA	1	345351.0	1177419325
JG0139c	6	116221031	U:CC[T>G]CA	1	30.0	1177419355
JG0139c	6	116503720	T:AC[T>G]CA	1	282689.0	1177702044
JG0139c	6	116510506	T:TC[T>G]CG	1	6786.0	1177708830
JG0139c	6	116548490	U:AC[T>C]TG	1	37984.0	1177746814
JG0139c	6	117013803	N:GC[T>C]TG	1	465313.0	1178212127
JG0139c	6	117101406	N:TC[T>G]TG	1	87603.0	1178299730
JG0139c	6	117127004	N:AA[T>G]TA	1	25598.0	1178325328
JG0139c	6	117219816	N:TC[T>G]TG	1	92812.0	1178418140
JG0139c	6	117399012	T:GT[C>T]AT	1	179196.0	1178597336
JG0139c	6	117793710	N:TC[T>G]TC	1	394698.0	1178992034
JG0139c	6	118529166	T:TC[T>C]TA	1	735456.0	1179727490
JG0139c	6	118537455	T:TC[T>C]CT	1	8289.0	1179735779
JG0139c	6	119008345	T:GG[T>G]TT	1	470890.0	1180206669
JG0139c	6	119249703	U:GC[T>A]CA	-1	241358.0	1180448027
JG0139c	6	119381714	N:AC[T>G]TG	-1	132011.0	1180580038
JG0139c	6	119384763	N:AC[T>C]TG	-1	3049.0	1180583087
JG0139c	6	119405414	N:AG[T>G]TA	1	20651.0	1180603738
JG0139c	6	119415717	N:CC[T>G]TG	1	10303.0	1180614041
JG0139c	6	120484841	N:CC[T>G]CA	-1	1069124.0	1181683165
JG0139c	6	120884360	N:AT[C>T]TC	1	399519.0	1182082684
JG0139c	6	120970950	N:AC[T>C]GA	-1	86590.0	1182169274
JG0139c	6	121149924	T:TC[T>C]TA	1	178974.0	1182348248
JG0139c	6	121678516	N:AC[T>G]TA	-1	528592.0	1182876840
JG0139c	6	122099918	N:AC[T>G]TG	1	421402.0	1183298242
JG0139c	6	122870547	N:TC[T>C]GG	-1	770629.0	1184068871
JG0139c	6	123245619	T:AC[T>G]TA	1	375072.0	1184443943
JG0139c	6	123585571	U:TC[T>C]TG	-1	339952.0	1184783895
JG0139c	6	123755253	N:TC[T>G]TT	1	169682.0	1184953577
JG0139c	6	123784253	N:TG[T>G]TT	1	29000.0	1184982577
JG0139c	6	124313875	T:CC[T>G]TG	-1	529622.0	1185512199
JG0139c	6	124372541	U:AC[T>G]CA	1	58666.0	1185570865
JG0139c	6	124599127	U:TC[T>G]TC	1	226586.0	1185797451
JG0139c	6	124612414	U:TT[T>A]TA	1	13287.0	1185810738
JG0139c	6	124799988	T:TC[T>C]GC	-1	187574.0	1185998312
JG0139c	6	124971304	U:AC[T>G]TA	1	171316.0	1186169628
JG0139c	6	125615646	N:CC[T>G]TC	1	644342.0	1186813970
JG0139c	6	125615794	N:GC[T>G]TT	1	148.0	1186814118
JG0139c	6	125666448	N:AA[T>G]TG	1	50654.0	1186864772
JG0139c	6	126110333	N:AC[T>C]GA	1	443885.0	1187308657
JG0139c	6	126142700	N:GC[T>G]TA	-1	32367.0	1187341024
JG0139c	6	126157081	N:CC[T>C]CA	1	14381.0	1187355405
JG0139c	6	126254961	N:AC[T>C]GA	-1	97880.0	1187453285
JG0139c	6	126295346	N:TC[T>C]CT	-1	40385.0	1187493670
JG0139c	6	126364033	N:TC[T>G]TG	1	68687.0	1187562357
JG0139c	6	126511865	N:TC[T>G]TA	-1	147832.0	1187710189
JG0139c	6	126710047	N:AC[T>C]TT	1	198182.0	1187908371
JG0139c	6	126748823	N:TC[T>G]TA	1	38776.0	1187947147
JG0139c	6	126760761	N:AG[T>G]TT	1	11938.0	1187959085
JG0139c	6	126768144	N:TA[T>G]TT	1	7383.0	1187966468
JG0139c	6	127177559	U:AC[T>G]TA	1	409415.0	1188375883
JG0139c	6	127311863	T:TA[T>G]CA	1	134304.0	1188510187
JG0139c	6	128509931	T:AG[T>G]CA	1	1198068.0	1189708255
JG0139c	6	129307608	U:AG[T>G]CC	1	797677.0	1190505932
JG0139c	6	130103977	T:AG[T>G]TA	-1	796369.0	1191302301
JG0139c	6	130109551	U:GG[T>A]TG	1	5574.0	1191307875
JG0139c	6	130215838	T:GC[T>A]GC	1	106287.0	1191414162
JG0139c	6	130403704	T:AC[T>C]TG	-1	187866.0	1191602028
JG0139c	6	130580526	N:TT[T>G]TC	1	176822.0	1191778850
JG0139c	6	130765420	N:GA[T>G]TC	1	184894.0	1191963744
JG0139c	6	132000734	N:AC[T>G]TT	1	1235314.0	1193199058
JG0139c	6	132733888	U:AC[T>G]TA	-1	733154.0	1193932212
JG0139c	6	132971545	N:GC[T>G]TG	1	237657.0	1194169869
JG0139c	6	133106160	N:TC[T>G]TA	-1	134615.0	1194304484
JG0139c	6	133180490	N:TC[T>C]CA	1	74330.0	1194378814
JG0139c	6	133259564	U:AC[T>C]TT	1	79074.0	1194457888
JG0139c	6	133738579	N:AT[T>G]TA	1	479015.0	1194936903
JG0139c	6	134139875	N:AG[T>G]TA	1	401296.0	1195338199
JG0139c	6	134241710	T:CC[T>G]CC	1	101835.0	1195440034
JG0139c	6	134579859	N:CC[T>G]TA	1	338149.0	1195778183
JG0139c	6	134665929	N:TC[T>G]TT	1	86070.0	1195864253
JG0139c	6	135961702	U:AC[T>C]CA	1	1295773.0	1197160026
JG0139c	6	136343581	T:TC[T>G]TG	1	381879.0	1197541905
JG0139c	6	136444036	T:AC[T>C]TT	1	100455.0	1197642360
JG0139c	6	136719973	U:AC[T>G]TA	-1	275937.0	1197918297
JG0139c	6	136761182	T:GC[T>G]TA	1	41209.0	1197959506
JG0139c	6	136778993	T:CC[T>G]TG	1	17811.0	1197977317
JG0139c	6	137507486	N:AC[T>G]TG	1	728493.0	1198705810
JG0139c	6	137740319	N:AG[T>G]TA	1	232833.0	1198938643
JG0139c	6	137845274	N:TC[T>G]TT	1	104955.0	1199043598
JG0139c	6	137919603	N:TC[T>C]TT	-1	74329.0	1199117927
JG0139c	6	139807744	N:GG[T>C]CC	1	1888141.0	1201006068
JG0139c	6	140457769	N:TC[T>C]TA	1	650025.0	1201656093
JG0139c	6	140834284	N:GC[T>C]CA	1	376515.0	1202032608
JG0139c	6	141213070	N:AC[T>G]TG	-1	378786.0	1202411394
JG0139c	6	141226149	N:TC[T>C]TT	-1	13079.0	1202424473
JG0139c	6	141248654	N:TC[T>G]TG	-1	22505.0	1202446978
JG0139c	6	141293608	N:GC[T>C]TG	-1	44954.0	1202491932
JG0139c	6	141371596	N:TC[T>G]CA	1	77988.0	1202569920
JG0139c	6	141531108	N:GC[T>G]TC	1	159512.0	1202729432
JG0139c	6	141839112	N:GC[T>G]CG	-1	308004.0	1203037436
JG0139c	6	141874981	N:TC[T>G]TA	1	35869.0	1203073305
JG0139c	6	141909942	N:AC[T>A]CA	-1	34961.0	1203108266
JG0139c	6	142175258	U:TC[T>G]TA	1	265316.0	1203373582
JG0139c	6	142440382	U:TC[T>C]AC	1	265124.0	1203638706
JG0139c	6	142630163	N:AC[T>C]CA	1	189781.0	1203828487
JG0139c	6	142778021	U:AC[T>C]GA	-1	147858.0	1203976345
JG0139c	6	143049594	N:AC[T>C]GG	1	271573.0	1204247918
JG0139c	6	143188394	T:AC[T>C]TC	-1	138800.0	1204386718
JG0139c	6	144792347	T:TC[T>C]CG	-1	1603953.0	1205990671
JG0139c	6	145551546	T:TC[T>G]GA	1	759199.0	1206749870
JG0139c	6	145644313	U:GC[T>A]TG	-1	92767.0	1206842637
JG0139c	6	145821075	N:AC[T>G]TG	-1	176762.0	1207019399
JG0139c	6	145882441	T:AG[T>G]TT	1	61366.0	1207080765
JG0139c	6	146172001	T:AC[T>G]TA	-1	289560.0	1207370325
JG0139c	6	146445184	N:GG[T>G]TA	1	273183.0	1207643508
JG0139c	6	146722480	T:TC[T>A]TG	-1	277296.0	1207920804
JG0139c	6	146745053	U:TC[T>A]CA	1	22573.0	1207943377
JG0139c	6	146798472	U:AC[T>C]TA	1	53419.0	1207996796
JG0139c	6	146816500	N:AC[T>C]CC	1	18028.0	1208014824
JG0139c	6	146865658	N:AC[T>A]TT	-1	49158.0	1208063982
JG0139c	6	147320105	T:TC[C>T]CA	-1	454447.0	1208518429
JG0139c	6	147364162	U:TC[T>G]TC	1	44057.0	1208562486
JG0139c	6	147424479	N:AC[T>G]TG	1	60317.0	1208622803
JG0139c	6	148195836	N:AC[T>G]CA	1	771357.0	1209394160
JG0139c	6	148511614	T:AT[T>G]TA	-1	315778.0	1209709938
JG0139c	6	148649849	N:TC[T>G]TA	1	138235.0	1209848173
JG0139c	6	148673441	N:TC[T>C]GG	1	23592.0	1209871765
JG0139c	6	148873599	U:TC[T>C]AA	1	200158.0	1210071923
JG0139c	6	149013246	T:AG[T>G]TT	-1	139647.0	1210211570
JG0139c	6	149055645	U:TC[T>A]TA	1	42399.0	1210253969
JG0139c	6	149170460	N:TC[T>C]CA	1	114815.0	1210368784
JG0139c	6	150121631	N:CC[T>G]CA	1	951171.0	1211319955
JG0139c	6	151098876	U:TC[T>G]TA	1	977245.0	1212297200
JG0139c	6	151573244	U:GC[T>A]TG	1	474368.0	1212771568
JG0139c	6	152307373	T:TC[T>C]CA	1	734129.0	1213505697
JG0139c	6	152641958	N:GG[T>A]TG	-1	334585.0	1213840282
JG0139c	6	152730478	N:GC[T>G]TA	-1	88520.0	1213928802
JG0139c	6	152887000	N:TC[T>C]TA	-1	156522.0	1214085324
JG0139c	6	153064162	T:AC[T>G]CA	1	177162.0	1214262486
JG0139c	6	153235913	N:GG[T>G]TA	1	171751.0	1214434237
JG0139c	6	153793655	N:AC[T>C]TA	-1	557742.0	1214991979
JG0139c	6	154002102	N:AC[T>C]CT	-1	208447.0	1215200426
JG0139c	6	154024308	U:AT[T>G]TC	1	22206.0	1215222632
JG0139c	6	154036002	U:AA[T>G]TG	1	11694.0	1215234326
JG0139c	6	154463464	U:CC[T>A]TT	-1	427462.0	1215661788
JG0139c	6	154473852	T:TC[T>A]CA	1	10388.0	1215672176
JG0139c	6	154476092	T:CC[T>G]TC	1	2240.0	1215674416
JG0139c	6	154506496	T:AC[T>G]TG	1	30404.0	1215704820
JG0139c	6	155304651	U:TT[C>T]TT	-1	798155.0	1216502975
JG0139c	6	155997181	N:CG[T>G]TC	1	692530.0	1217195505
JG0139c	6	156295431	N:AC[T>C]CA	1	298250.0	1217493755
JG0139c	6	157489436	U:TG[T>G]TT	1	1194005.0	1218687760
JG0139c	6	157793716	U:TC[T>G]TC	1	304280.0	1218992040
JG0139c	6	158980311	T:TC[T>G]CA	1	1186595.0	1220178635
JG0139c	6	159220490	T:AC[T>C]CC	-1	240179.0	1220418814
JG0139c	6	159330707	N:AC[T>G]TG	1	110217.0	1220529031
JG0139c	6	159550781	N:TC[T>C]GG	1	220074.0	1220749105
JG0139c	6	159625496	N:GC[T>C]CT	-1	74715.0	1220823820
JG0139c	6	159677709	U:AG[T>C]TT	-1	52213.0	1220876033
JG0139c	6	159681895	U:AC[T>G]TC	-1	4186.0	1220880219
JG0139c	6	159769643	U:AC[T>C]CA	1	87748.0	1220967967
JG0139c	6	159936851	N:TC[T>G]CC	1	167208.0	1221135175
JG0139c	6	160497738	N:AA[T>A]TC	1	560887.0	1221696062
JG0139c	6	160655954	T:GC[T>G]TC	1	158216.0	1221854278
JG0139c	6	160744542	U:TC[T>C]TA	1	88588.0	1221942866
JG0139c	6	160891513	N:AC[T>G]TT	1	146971.0	1222089837
JG0139c	6	160904222	N:GC[T>C]TG	1	12709.0	1222102546
JG0139c	6	161051472	U:AC[T>C]TT	1	147250.0	1222249796
JG0139c	6	162040536	U:AG[T>C]TA	-1	989064.0	1223238860
JG0139c	6	162427623	T:TA[C>A]TT	1	387087.0	1223625947
JG0139c	6	162506788	T:GC[T>C]TG	1	79165.0	1223705112
JG0139c	6	163659969	N:GG[T>C]CA	1	1153181.0	1224858293
JG0139c	6	164156687	N:AG[T>G]TA	1	496718.0	1225355011
JG0139c	6	164238248	N:TC[T>C]TG	1	81561.0	1225436572
JG0139c	6	164818300	N:AC[T>A]CG	-1	580052.0	1226016624
JG0139c	6	164839017	N:AG[T>G]TT	1	20717.0	1226037341
JG0139c	6	165784300	T:AC[T>G]TC	1	945283.0	1226982624
JG0139c	6	165792705	T:TC[T>C]CT	1	8405.0	1226991029
JG0139c	6	165811921	T:TC[T>G]CA	1	19216.0	1227010245
JG0139c	6	165899029	T:TC[T>G]TT	1	87108.0	1227097353
JG0139c	6	166061764	N:AC[T>G]TT	-1	162735.0	1227260088
JG0139c	6	166467200	T:AC[T>A]CA	1	405436.0	1227665524
JG0139c	6	166619639	T:CC[T>G]TG	1	152439.0	1227817963
JG0139c	6	166839156	U:TC[T>C]GG	-1	219517.0	1228037480
JG0139c	6	166870980	T:TC[T>G]CA	1	31824.0	1228069304
JG0139c	6	167666699	N:CC[T>G]CC	1	795719.0	1228865023
JG0139c	6	168377773	N:CT[C>G]GG	1	711074.0	1229576097
JG0139c	6	168707808	N:TC[T>C]TA	-1	330035.0	1229906132
JG0139c	6	168820637	N:CT[C>G]TG	-1	112829.0	1230018961
JG0139c	6	168893838	N:AC[T>C]TT	-1	73201.0	1230092162
JG0139c	6	169494775	T:TT[T>G]TA	1	600937.0	1230693099
JG0139c	6	169513312	T:GC[T>G]TG	1	18537.0	1230711636
JG0139c	6	169571427	U:AG[C>A]TG	-1	58115.0	1230769751
JG0139c	6	169960470	N:AG[T>G]TG	1	389043.0	1231158794
JG0139c	6	170156432	N:TG[T>G]TC	1	195962.0	1231354756
JG0139c	6	170192934	N:AA[C>G]TG	1	36502.0	1231391258
JG0139c	6	170488656	N:AC[T>G]TA	1	295722.0	1231686980
JG0139c	7	316889	N:AG[T>G]TA	-1		1232321192
JG0139c	7	328868	N:TC[T>C]TA	-1	11979.0	1232333171
JG0139c	7	1134666	U:TC[T>C]CG	-1	805798.0	1233138969
JG0139c	7	1853904	U:AC[T>G]TT	-1	719238.0	1233858207
JG0139c	7	3024324	U:TT[T>G]TA	-1	1170420.0	1235028627
JG0139c	7	3073207	N:TC[T>C]CC	-1	48883.0	1235077510
JG0139c	7	3201700	N:TC[T>A]TG	-1	128493.0	1235206003
JG0139c	7	3774106	U:AC[T>G]TG	1	572406.0	1235778409
JG0139c	7	3930469	T:TC[T>C]TG	-1	156363.0	1235934772
JG0139c	7	5107875	N:CC[T>G]TG	1	1177406.0	1237112178
JG0139c	7	5774826	T:TC[T>G]CA	1	666951.0	1237779129
JG0139c	7	6833981	N:CA[T>G]TA	-1	1059155.0	1238838284
JG0139c	7	6979083	N:CC[T>G]CA	-1	145102.0	1238983386
JG0139c	7	7653046	B:AC[T>G]TA	1	673963.0	1239657349
JG0139c	7	8074323	U:AC[T>C]AA	1	421277.0	1240078626
JG0139c	7	8686956	T:GC[T>G]TT	-1	612633.0	1240691259
JG0139c	7	8838616	N:AG[T>G]GA	-1	151660.0	1240842919
JG0139c	7	9797310	N:CC[T>A]TG	-1	958694.0	1241801613
JG0139c	7	10030352	N:AC[T>C]TA	-1	233042.0	1242034655
JG0139c	7	13244604	N:AG[T>G]TA	-1	3214252.0	1245248907
JG0139c	7	13690469	N:AC[T>C]CA	-1	445865.0	1245694772
JG0139c	7	14230465	U:AC[T>G]CT	-1	539996.0	1246234768
JG0139c	7	14274246	T:CC[T>C]TG	1	43781.0	1246278549
JG0139c	7	16093382	U:TA[T>G]TT	-1	1819136.0	1248097685
JG0139c	7	16489847	T:AC[T>G]GG	1	396465.0	1248494150
JG0139c	7	16655936	U:TC[T>G]TA	1	166089.0	1248660239
JG0139c	7	17707975	N:TC[T>G]TA	1	1052039.0	1249712278
JG0139c	7	17802913	T:TC[T>G]TC	1	94938.0	1249807216
JG0139c	7	18008936	N:TC[T>C]CT	1	206023.0	1250013239
JG0139c	7	19820679	N:TC[T>G]TA	-1	1811743.0	1251824982
JG0139c	7	20545830	N:AT[T>G]CA	1	725151.0	1252550133
JG0139c	7	21162091	N:GT[T>G]TA	-1	616261.0	1253166394
JG0139c	7	21259909	N:AA[T>G]TT	-1	97818.0	1253264212
JG0139c	7	23817529	T:TG[T>C]TT	-1	2557620.0	1255821832
JG0139c	7	23858177	N:TC[T>G]GT	-1	40648.0	1255862480
JG0139c	7	23903687	N:TC[T>G]TT	-1	45510.0	1255907990
JG0139c	7	24624707	T:AC[T>C]TG	-1	721020.0	1256629010
JG0139c	7	24917234	U:CC[T>G]TA	-1	292527.0	1256921537
JG0139c	7	24931791	U:TC[T>A]CT	-1	14557.0	1256936094
JG0139c	7	25049247	N:TG[T>G]GA	-1	117456.0	1257053550
JG0139c	7	25394932	N:AC[T>C]TA	-1	345685.0	1257399235
JG0139c	7	25544249	N:GG[T>G]TA	1	149317.0	1257548552
JG0139c	7	25816280	N:AC[T>G]CA	-1	272031.0	1257820583
JG0139c	7	26271131	N:TC[T>G]TG	1	454851.0	1258275434
JG0139c	7	26434863	N:AC[T>G]TC	-1	163732.0	1258439166
JG0139c	7	26589885	N:AC[T>C]TG	-1	155022.0	1258594188
JG0139c	7	26702276	U:TC[T>A]CA	-1	112391.0	1258706579
JG0139c	7	27453774	N:CC[T>G]CA	1	751498.0	1259458077
JG0139c	7	28890940	N:AC[T>G]TC	-1	1437166.0	1260895243
JG0139c	7	28934313	N:TC[T>G]TT	-1	43373.0	1260938616
JG0139c	7	29036284	U:TC[T>C]CG	-1	101971.0	1261040587
JG0139c	7	29762240	N:GG[T>G]TA	1	725956.0	1261766543
JG0139c	7	30265264	N:AC[T>C]CC	1	503024.0	1262269567
JG0139c	7	30741925	N:TG[T>C]CA	-1	476661.0	1262746228
JG0139c	7	30764233	N:TC[T>C]CA	-1	22308.0	1262768536
JG0139c	7	30843625	T:GC[T>C]TC	-1	79392.0	1262847928
JG0139c	7	31128476	N:GC[T>G]TA	-1	284851.0	1263132779
JG0139c	7	31654697	T:CC[T>C]TA	-1	526221.0	1263659000
JG0139c	7	31705615	T:TC[T>C]TA	-1	50918.0	1263709918
JG0139c	7	31711861	N:GC[T>C]TG	-1	6246.0	1263716164
JG0139c	7	31732806	N:GG[T>G]TA	-1	20945.0	1263737109
JG0139c	7	31760059	U:CT[T>G]TG	-1	27253.0	1263764362
JG0139c	7	31805180	U:AC[T>C]CA	-1	45121.0	1263809483
JG0139c	7	31811581	U:AC[T>C]AC	-1	6401.0	1263815884
JG0139c	7	31954031	U:AG[T>G]TT	-1	142450.0	1263958334
JG0139c	7	32008588	U:GT[T>C]CA	-1	54557.0	1264012891
JG0139c	7	32163659	T:GG[C>A]AA	1	155071.0	1264167962
JG0139c	7	32518229	T:AC[T>G]TA	-1	354570.0	1264522532
JG0139c	7	32524198	T:AG[T>C]CA	-1	5969.0	1264528501
JG0139c	7	32587038	T:TC[T>G]TA	-1	62840.0	1264591341
JG0139c	7	32731733	N:AC[T>G]TC	-1	144695.0	1264736036
JG0139c	7	33262167	T:TC[T>C]CT	-1	530434.0	1265266470
JG0139c	7	33317961	T:TC[T>C]CA	-1	55794.0	1265322264
JG0139c	7	33365383	U:GC[C>T]CT	1	47422.0	1265369686
JG0139c	7	33365408	U:AA[C>A]TG	1	25.0	1265369711
JG0139c	7	33445935	T:AC[T>G]TA	-1	80527.0	1265450238
JG0139c	7	33459015	T:CC[T>G]CA	-1	13080.0	1265463318
JG0139c	7	33484545	T:TG[T>G]TG	-1	25530.0	1265488848
JG0139c	7	33669653	N:GC[T>C]TG	-1	185108.0	1265673956
JG0139c	7	33819767	N:AC[T>G]TG	-1	150114.0	1265824070
JG0139c	7	34032706	T:AC[T>C]TG	-1	212939.0	1266037009
JG0139c	7	34036940	T:AC[T>G]TA	-1	4234.0	1266041243
JG0139c	7	34068837	T:GG[T>C]CT	-1	31897.0	1266073140
JG0139c	7	34127318	T:TC[T>C]AC	-1	58481.0	1266131621
JG0139c	7	34179295	N:AG[T>C]TA	-1	51977.0	1266183598
JG0139c	7	34192576	N:AG[T>G]CA	-1	13281.0	1266196879
JG0139c	7	34379380	N:AC[T>G]CT	-1	186804.0	1266383683
JG0139c	7	34605578	N:AG[T>C]GC	-1	226198.0	1266609881
JG0139c	7	34820458	T:CC[T>C]CA	-1	214880.0	1266824761
JG0139c	7	34846017	T:GG[T>C]CT	-1	25559.0	1266850320
JG0139c	7	35080164	N:AC[T>C]TA	-1	234147.0	1267084467
JG0139c	7	35171885	N:AC[T>G]TA	-1	91721.0	1267176188
JG0139c	7	35460925	N:TC[T>C]CA	-1	289040.0	1267465228
JG0139c	7	36290461	T:TG[T>G]TA	-1	829536.0	1268294764
JG0139c	7	37381561	U:TG[T>G]TA	-1	1091100.0	1269385864
JG0139c	7	37392455	U:CC[T>C]CA	-1	10894.0	1269396758
JG0139c	7	37422330	U:AC[T>A]CA	-1	29875.0	1269426633
JG0139c	7	37464154	N:GG[T>C]TG	-1	41824.0	1269468457
JG0139c	7	37698135	T:TC[T>C]TT	-1	233981.0	1269702438
JG0139c	7	37734021	T:AC[T>C]TT	-1	35886.0	1269738324
JG0139c	7	37970356	U:AC[T>C]CA	-1	236335.0	1269974659
JG0139c	7	38024620	U:AC[T>C]TA	-1	54264.0	1270028923
JG0139c	7	38368144	N:AC[T>G]TC	-1	343524.0	1270372447
JG0139c	7	38429192	U:AC[T>G]TG	-1	61048.0	1270433495
JG0139c	7	38450991	U:TC[T>G]TG	-1	21799.0	1270455294
JG0139c	7	40262091	T:AC[T>C]GA	-1	1811100.0	1272266394
JG0139c	7	40852495	T:TC[T>G]TA	-1	590404.0	1272856798
JG0139c	7	40945029	N:AA[T>G]TA	-1	92534.0	1272949332
JG0139c	7	41040276	N:TC[T>C]CC	-1	95247.0	1273044579
JG0139c	7	41056241	N:GG[T>C]TA	-1	15965.0	1273060544
JG0139c	7	41117224	N:TC[T>C]GA	-1	60983.0	1273121527
JG0139c	7	41331324	N:TC[T>C]CA	-1	214100.0	1273335627
JG0139c	7	41423530	N:GG[T>C]CT	-1	92206.0	1273427833
JG0139c	7	41466729	N:TC[T>G]TG	-1	43199.0	1273471032
JG0139c	7	41684202	N:TC[T>C]TG	-1	217473.0	1273688505
JG0139c	7	42341908	N:AC[T>C]TA	-1	657706.0	1274346211
JG0139c	7	42350245	N:AG[T>G]CA	-1	8337.0	1274354548
JG0139c	7	42385300	N:TG[T>G]TG	-1	35055.0	1274389603
JG0139c	7	42688603	N:TG[T>C]TT	1	303303.0	1274692906
JG0139c	7	43136878	T:TC[T>G]TA	-1	448275.0	1275141181
JG0139c	7	44351340	N:AC[T>C]CC	-1	1214462.0	1276355643
JG0139c	7	44520654	U:GG[T>G]TC	-1	169314.0	1276524957
JG0139c	7	45200114	N:AC[T>C]CT	1	679460.0	1277204417
JG0139c	7	45329483	N:AC[T>G]TG	-1	129369.0	1277333786
JG0139c	7	45526173	N:CA[T>G]TT	-1	196690.0	1277530476
JG0139c	7	45606950	T:TC[T>C]CA	-1	80777.0	1277611253
JG0139c	7	45998304	N:TC[T>C]TG	-1	391354.0	1278002607
JG0139c	7	46044697	N:GC[T>C]GG	-1	46393.0	1278049000
JG0139c	7	46379575	N:AC[T>C]GA	-1	334878.0	1278383878
JG0139c	7	46380043	N:TC[T>A]TG	-1	468.0	1278384346
JG0139c	7	46542909	N:TC[T>G]TG	-1	162866.0	1278547212
JG0139c	7	46933916	N:GC[T>C]CC	-1	391007.0	1278938219
JG0139c	7	47017345	N:TC[T>C]TG	-1	83429.0	1279021648
JG0139c	7	47187921	N:GT[T>G]TA	-1	170576.0	1279192224
JG0139c	7	47194296	N:CA[T>G]TT	-1	6375.0	1279198599
JG0139c	7	47267717	N:AT[T>G]TT	-1	73421.0	1279272020
JG0139c	7	47367308	U:AC[T>G]CA	-1	99591.0	1279371611
JG0139c	7	47743477	U:TC[T>C]TG	-1	376169.0	1279747780
JG0139c	7	47757471	U:AT[T>G]TG	-1	13994.0	1279761774
JG0139c	7	47935420	U:CC[T>G]TT	-1	177949.0	1279939723
JG0139c	7	49094651	N:AC[T>C]CA	-1	1159231.0	1281098954
JG0139c	7	49109935	N:AC[T>G]TA	-1	15284.0	1281114238
JG0139c	7	49468994	N:AC[T>C]AC	-1	359059.0	1281473297
JG0139c	7	49535598	N:TC[T>G]TT	-1	66604.0	1281539901
JG0139c	7	49610545	N:TC[T>C]GT	-1	74947.0	1281614848
JG0139c	7	49784514	T:TC[T>G]TC	-1	173969.0	1281788817
JG0139c	7	49837655	T:TC[T>C]CA	-1	53141.0	1281841958
JG0139c	7	50582306	N:TC[T>G]TA	-1	744651.0	1282586609
JG0139c	7	50655301	U:AC[T>G]TA	-1	72995.0	1282659604
JG0139c	7	50835741	N:TC[T>C]TG	-1	180440.0	1282840044
JG0139c	7	51082337	U:GC[T>A]TG	-1	246596.0	1283086640
JG0139c	7	51379485	N:AG[T>G]TA	-1	297148.0	1283383788
JG0139c	7	52199265	N:AC[T>G]TA	-1	819780.0	1284203568
JG0139c	7	52199304	N:AC[T>G]TA	-1	39.0	1284203607
JG0139c	7	52882880	N:GC[T>A]CA	-1	683576.0	1284887183
JG0139c	7	53424465	N:AC[T>G]TT	-1	541585.0	1285428768
JG0139c	7	53809859	N:TC[T>G]TA	-1	385394.0	1285814162
JG0139c	7	53990217	N:TC[T>G]TA	-1	180358.0	1285994520
JG0139c	7	54020666	N:AT[C>A]AC	1	30449.0	1286024969
JG0139c	7	54643047	N:AC[T>A]TG	-1	622381.0	1286647350
JG0139c	7	55102134	T:GC[T>G]TC	-1	459087.0	1287106437
JG0139c	7	55443811	N:AA[T>G]TA	-1	341677.0	1287448114
JG0139c	7	55547559	U:GC[T>A]CC	-1	103748.0	1287551862
JG0139c	7	55600745	N:TG[T>A]CA	-1	53186.0	1287605048
JG0139c	7	55600796	N:TC[T>G]TG	-1	51.0	1287605099
JG0139c	7	55667521	N:AC[T>C]AC	-1	66725.0	1287671824
JG0139c	7	55761919	N:CC[T>G]CC	-1	94398.0	1287766222
JG0139c	7	55911334	T:AC[T>G]GT	-1	149415.0	1287915637
JG0139c	7	55949048	T:CC[T>G]CA	-1	37714.0	1287953351
JG0139c	7	56248336	N:AG[T>C]GG	-1	299288.0	1288252639
JG0139c	7	56289715	N:TT[T>G]TA	-1	41379.0	1288294018
JG0139c	7	56357859	N:AC[T>G]TA	-1	68144.0	1288362162
JG0139c	7	56504068	N:TT[T>A]AA	-1	146209.0	1288508371
JG0139c	7	56900371	N:AG[T>C]CA	-1	396303.0	1288904674
JG0139c	7	61913301	N:TG[T>A]TT	-1	5012930.0	1293917604
JG0139c	7	66064363	N:AC[T>G]TC	1	4151062.0	1298068666
JG0139c	7	66103046	U:AC[T>C]TT	1	38683.0	1298107349
JG0139c	7	66265188	T:AC[T>G]TG	-1	162142.0	1298269491
JG0139c	7	66558353	N:AC[T>C]CC	1	293165.0	1298562656
JG0139c	7	67460729	N:GC[T>C]TT	-1	902376.0	1299465032
JG0139c	7	67519322	N:AC[T>A]CC	-1	58593.0	1299523625
JG0139c	7	67707959	N:AC[T>C]TT	-1	188637.0	1299712262
JG0139c	7	68292528	N:AC[T>C]GG	-1	584569.0	1300296831
JG0139c	7	68871312	N:AC[C>A]AG	1	578784.0	1300875615
JG0139c	7	69080309	N:GG[T>C]TG	-1	208997.0	1301084612
JG0139c	7	69109552	N:AC[T>C]CG	-1	29243.0	1301113855
JG0139c	7	69131788	N:CC[T>G]CG	-1	22236.0	1301136091
JG0139c	7	69249406	N:TT[T>G]TA	-1	117618.0	1301253709
JG0139c	7	69400512	N:TC[T>C]CA	-1	151106.0	1301404815
JG0139c	7	69624452	T:TC[T>G]TC	-1	223940.0	1301628755
JG0139c	7	70081766	T:AC[T>G]TC	-1	457314.0	1302086069
JG0139c	7	70748644	T:AC[T>G]TT	-1	666878.0	1302752947
JG0139c	7	70778162	T:AG[T>G]TC	-1	29518.0	1302782465
JG0139c	7	70924897	N:CT[C>G]AG	1	146735.0	1302929200
JG0139c	7	70953655	N:TC[T>C]TT	-1	28758.0	1302957958
JG0139c	7	70965484	N:TC[T>C]GT	-1	11829.0	1302969787
JG0139c	7	70996026	N:TG[T>G]TG	1	30542.0	1303000329
JG0139c	7	71016428	N:GC[T>A]CG	-1	20402.0	1303020731
JG0139c	7	71083097	N:TC[T>C]CA	-1	66669.0	1303087400
JG0139c	7	71118762	N:TC[T>G]TA	-1	35665.0	1303123065
JG0139c	7	71144047	T:TC[T>C]TA	-1	25285.0	1303148350
JG0139c	7	71194125	T:GC[T>G]GC	-1	50078.0	1303198428
JG0139c	7	71302408	T:AC[T>G]TG	-1	108283.0	1303306711
JG0139c	7	71518954	T:TC[T>G]CC	-1	216546.0	1303523257
JG0139c	7	71726882	N:TC[T>C]CT	-1	207928.0	1303731185
JG0139c	7	72234750	U:AC[T>G]TC	-1	507868.0	1304239053
JG0139c	7	72394394	U:AC[T>C]TG	-1	159644.0	1304398697
JG0139c	7	74009553	N:AC[T>G]CA	1	1615159.0	1306013856
JG0139c	7	74102936	U:TC[T>C]TG	1	93383.0	1306107239
JG0139c	7	74631682	N:CG[T>C]GA	1	528746.0	1306635985
JG0139c	7	75010739	U:AC[T>G]TC	1	379057.0	1307015042
JG0139c	7	76137670	N:TC[T>C]TT	-1	1126931.0	1308141973
JG0139c	7	78849592	U:TC[T>A]CA	-1	2711922.0	1310853895
JG0139c	7	79685053	N:AC[T>G]TG	-1	835461.0	1311689356
JG0139c	7	80346911	N:GC[T>C]CA	-1	661858.0	1312351214
JG0139c	7	80467223	B:AC[T>G]GA	-1	120312.0	1312471526
JG0139c	7	80575821	T:AC[T>G]TA	-1	108598.0	1312580124
JG0139c	7	80588878	T:CA[T>G]TG	-1	13057.0	1312593181
JG0139c	7	80685175	N:AC[T>G]CT	-1	96297.0	1312689478
JG0139c	7	80736476	N:CC[T>G]TA	-1	51301.0	1312740779
JG0139c	7	81304912	N:TC[T>C]TA	-1	568436.0	1313309215
JG0139c	7	81325195	N:TC[T>C]TG	-1	20283.0	1313329498
JG0139c	7	81696846	N:CC[T>C]TT	-1	371651.0	1313701149
JG0139c	7	81748447	U:GC[T>C]TT	-1	51601.0	1313752750
JG0139c	7	81805775	N:TC[T>C]CA	-1	57328.0	1313810078
JG0139c	7	81811438	N:CC[T>A]CC	-1	5663.0	1313815741
JG0139c	7	82148245	U:CC[T>G]TT	-1	336807.0	1314152548
JG0139c	7	82178237	U:AT[T>G]TT	-1	29992.0	1314182540
JG0139c	7	82196025	U:AC[T>G]GA	-1	17788.0	1314200328
JG0139c	7	82589368	N:AC[T>C]TT	1	393343.0	1314593671
JG0139c	7	83169542	N:AC[T>G]TG	-1	580174.0	1315173845
JG0139c	7	83909231	N:TC[T>A]CA	-1	739689.0	1315913534
JG0139c	7	83997854	U:AC[T>G]AA	-1	88623.0	1316002157
JG0139c	7	84147854	U:GG[T>G]AA	-1	150000.0	1316152157
JG0139c	7	84393809	U:CC[T>G]TA	-1	245955.0	1316398112
JG0139c	7	84419993	U:GG[T>G]CA	-1	26184.0	1316424296
JG0139c	7	85026406	U:AC[T>G]TT	-1	606413.0	1317030709
JG0139c	7	85176718	U:CC[T>C]TA	-1	150312.0	1317181021
JG0139c	7	85181019	U:AC[T>C]CA	-1	4301.0	1317185322
JG0139c	7	85372839	N:AT[T>G]TT	-1	191820.0	1317377142
JG0139c	7	85372840	N:GA[T>A]TT	-1	1.0	1317377143
JG0139c	7	85719359	N:TG[T>A]TG	-1	346519.0	1317723662
JG0139c	7	85796447	N:AA[T>G]CT	-1	77088.0	1317800750
JG0139c	7	85821892	N:TC[T>C]TC	-1	25445.0	1317826195
JG0139c	7	86006648	N:TC[T>G]TA	-1	184756.0	1318010951
JG0139c	7	86122712	N:AC[T>G]TT	-1	116064.0	1318127015
JG0139c	7	86454068	N:TC[T>C]TG	-1	331356.0	1318458371
JG0139c	7	87053332	U:TC[T>G]TA	-1	599264.0	1319057635
JG0139c	7	87233694	N:AC[T>G]TT	-1	180362.0	1319237997
JG0139c	7	87377015	U:AC[T>G]TT	1	143321.0	1319381318
JG0139c	7	87421806	U:TC[T>C]TT	-1	44791.0	1319426109
JG0139c	7	87517957	U:TC[T>C]TA	-1	96151.0	1319522260
JG0139c	7	87526699	U:AC[T>G]TA	-1	8742.0	1319531002
JG0139c	7	87596714	U:AC[T>C]TA	-1	70015.0	1319601017
JG0139c	7	87657162	B:CC[T>A]TA	-1	60448.0	1319661465
JG0139c	7	87679674	B:GG[T>C]TC	-1	22512.0	1319683977
JG0139c	7	87842315	T:TC[T>C]CA	1	162641.0	1319846618
JG0139c	7	87957352	T:AC[T>G]TA	-1	115037.0	1319961655
JG0139c	7	88255644	N:AG[T>G]GA	-1	298292.0	1320259947
JG0139c	7	88327878	N:AC[T>G]TA	-1	72234.0	1320332181
JG0139c	7	88967652	T:TG[T>G]TA	-1	639774.0	1320971955
JG0139c	7	90375562	T:AC[T>G]TA	-1	1407910.0	1322379865
JG0139c	7	90660758	T:GC[T>G]TA	-1	285196.0	1322665061
JG0139c	7	91096731	T:CC[T>A]TT	-1	435973.0	1323101034
JG0139c	7	91171773	T:AC[T>G]TG	-1	75042.0	1323176076
JG0139c	7	91223480	N:CC[T>G]TA	-1	51707.0	1323227783
JG0139c	7	91572648	N:TA[T>G]TT	-1	349168.0	1323576951
JG0139c	7	91769085	N:AC[T>G]TA	1	196437.0	1323773388
JG0139c	7	91829394	N:AG[T>G]TA	-1	60309.0	1323833697
JG0139c	7	92015567	U:TG[T>A]TG	1	186173.0	1324019870
JG0139c	7	92668716	U:AC[T>C]TG	-1	653149.0	1324673019
JG0139c	7	93050762	N:GC[T>C]GG	-1	382046.0	1325055065
JG0139c	7	93597508	T:TC[T>G]TC	-1	546746.0	1325601811
JG0139c	7	93624323	T:TC[T>C]CA	-1	26815.0	1325628626
JG0139c	7	93763045	T:AC[T>C]GG	-1	138722.0	1325767348
JG0139c	7	93955835	N:TC[T>G]TC	-1	192790.0	1325960138
JG0139c	7	94398154	T:AC[T>G]TA	-1	442319.0	1326402457
JG0139c	7	94437411	N:TC[T>G]TG	1	39257.0	1326441714
JG0139c	7	94729432	N:GG[T>G]TA	1	292021.0	1326733735
JG0139c	7	95182785	T:TC[T>G]GA	-1	453353.0	1327187088
JG0139c	7	95535326	T:TC[T>C]CC	-1	352541.0	1327539629
JG0139c	7	96444569	N:AG[T>G]TA	1	909243.0	1328448872
JG0139c	7	96453428	N:AC[T>A]CC	1	8859.0	1328457731
JG0139c	7	97364626	N:CC[T>C]CA	-1	911198.0	1329368929
JG0139c	7	97392860	N:AC[T>G]TA	-1	28234.0	1329397163
JG0139c	7	97413652	N:CC[T>G]CA	-1	20792.0	1329417955
JG0139c	7	97434488	N:GC[T>G]TA	-1	20836.0	1329438791
JG0139c	7	97504757	N:GC[T>G]CT	-1	70269.0	1329509060
JG0139c	7	97510660	N:TG[T>G]TA	1	5903.0	1329514963
JG0139c	7	97660696	N:AC[T>G]GA	-1	150036.0	1329664999
JG0139c	7	97666297	N:GC[T>G]TT	-1	5601.0	1329670600
JG0139c	7	97676366	N:AC[T>G]TC	-1	10069.0	1329680669
JG0139c	7	97720017	N:AA[C>G]TT	-1	43651.0	1329724320
JG0139c	7	98167088	T:AC[T>G]TA	-1	447071.0	1330171391
JG0139c	7	98360145	U:AG[T>G]TC	-1	193057.0	1330364448
JG0139c	7	98428744	N:GG[T>G]GA	-1	68599.0	1330433047
JG0139c	7	98547559	N:AG[T>G]TG	-1	118815.0	1330551862
JG0139c	7	99287215	N:CC[T>G]TA	-1	739656.0	1331291518
JG0139c	7	99408885	T:TC[T>G]TA	-1	121670.0	1331413188
JG0139c	7	99739370	N:AC[T>G]TC	-1	330485.0	1331743673
JG0139c	7	101302951	N:GC[T>A]CC	-1	1563581.0	1333307254
JG0139c	7	101357872	N:TC[T>G]TG	1	54921.0	1333362175
JG0139c	7	102121854	T:GC[T>G]TT	-1	763982.0	1334126157
JG0139c	7	102197032	T:AC[T>A]TT	-1	75178.0	1334201335
JG0139c	7	102250141	T:TC[T>C]GA	-1	53109.0	1334254444
JG0139c	7	103203526	N:GC[T>A]TC	-1	953385.0	1335207829
JG0139c	7	103261928	N:TG[T>G]TT	-1	58402.0	1335266231
JG0139c	7	103329356	U:AC[T>C]TG	-1	67428.0	1335333659
JG0139c	7	103445276	U:TC[T>A]CA	-1	115920.0	1335449579
JG0139c	7	103571383	U:GC[T>A]TG	-1	126107.0	1335575686
JG0139c	7	103580835	U:TC[T>C]TG	-1	9452.0	1335585138
JG0139c	7	104435713	T:AC[T>C]TA	-1	854878.0	1336440016
JG0139c	7	104685978	T:AC[T>G]TC	-1	250265.0	1336690281
JG0139c	7	104844220	T:GG[T>C]GG	-1	158242.0	1336848523
JG0139c	7	104966679	N:AG[T>G]TC	-1	122459.0	1336970982
JG0139c	7	105628126	U:GC[T>C]CA	-1	661447.0	1337632429
JG0139c	7	105653398	U:TC[T>C]CG	-1	25272.0	1337657701
JG0139c	7	105709617	U:TC[T>C]CA	-1	56219.0	1337713920
JG0139c	7	105822223	U:AC[T>C]CA	-1	112606.0	1337826526
JG0139c	7	106423081	N:AC[T>G]TC	-1	600858.0	1338427384
JG0139c	7	106527009	N:TC[T>A]CA	-1	103928.0	1338531312
JG0139c	7	106531697	N:AC[T>C]GA	-1	4688.0	1338536000
JG0139c	7	106536115	N:AC[T>A]TG	-1	4418.0	1338540418
JG0139c	7	106624396	N:TC[T>A]CT	-1	88281.0	1338628699
JG0139c	7	106625456	N:GC[T>C]CC	-1	1060.0	1338629759
JG0139c	7	106625727	N:GG[T>C]TT	1	271.0	1338630030
JG0139c	7	106657585	U:AC[T>A]TT	-1	31858.0	1338661888
JG0139c	7	106657586	U:TA[C>A]TT	-1	1.0	1338661889
JG0139c	7	106819395	N:TC[T>C]TA	-1	161809.0	1338823698
JG0139c	7	107086698	T:AC[T>A]TG	-1	267303.0	1339091001
JG0139c	7	107339501	U:AC[T>G]TA	-1	252803.0	1339343804
JG0139c	7	108471981	U:TC[T>G]TC	-1	1132480.0	1340476284
JG0139c	7	108653514	N:AC[T>G]TT	-1	181533.0	1340657817
JG0139c	7	108667136	N:TT[C>G]TT	-1	13622.0	1340671439
JG0139c	7	108704741	N:GC[T>C]TG	-1	37605.0	1340709044
JG0139c	7	109027936	N:AC[T>G]TC	-1	323195.0	1341032239
JG0139c	7	109681634	N:TC[T>C]TT	-1	653698.0	1341685937
JG0139c	7	109740016	N:TT[T>G]TA	-1	58382.0	1341744319
JG0139c	7	109772197	N:AC[T>C]TT	1	32181.0	1341776500
JG0139c	7	109772728	N:TC[T>G]TT	-1	531.0	1341777031
JG0139c	7	109779564	N:GC[T>G]TC	-1	6836.0	1341783867
JG0139c	7	109786813	N:AC[T>C]GA	-1	7249.0	1341791116
JG0139c	7	110249132	N:AC[T>G]TT	-1	462319.0	1342253435
JG0139c	7	110643706	N:AG[T>G]TA	-1	394574.0	1342648009
JG0139c	7	110792807	U:AC[T>A]CC	-1	149101.0	1342797110
JG0139c	7	110943526	U:AC[T>G]CA	-1	150719.0	1342947829
JG0139c	7	111224371	U:AC[T>C]CA	-1	280845.0	1343228674
JG0139c	7	111445897	U:GC[T>G]TC	-1	221526.0	1343450200
JG0139c	7	111581096	N:GC[T>G]TC	-1	135199.0	1343585399
JG0139c	7	111585301	N:TG[T>C]CA	-1	4205.0	1343589604
JG0139c	7	111875894	U:AC[T>G]TA	-1	290593.0	1343880197
JG0139c	7	112375595	N:AG[T>G]TA	-1	499701.0	1344379898
JG0139c	7	112709119	N:GC[T>C]CT	-1	333524.0	1344713422
JG0139c	7	112762878	U:TC[T>G]TA	-1	53759.0	1344767181
JG0139c	7	112874465	U:TC[T>C]CA	-1	111587.0	1344878768
JG0139c	7	112954096	N:AC[T>C]TG	-1	79631.0	1344958399
JG0139c	7	113341158	N:AT[T>C]TA	-1	387062.0	1345345461
JG0139c	7	113367319	N:TT[T>C]CA	-1	26161.0	1345371622
JG0139c	7	113672879	N:GT[C>T]TT	-1	305560.0	1345677182
JG0139c	7	113683316	N:TA[T>G]TA	-1	10437.0	1345687619
JG0139c	7	113734490	N:TT[T>G]TC	-1	51174.0	1345738793
JG0139c	7	113769257	N:CC[T>G]TG	-1	34767.0	1345773560
JG0139c	7	114052195	U:TG[T>G]TT	-1	282938.0	1346056498
JG0139c	7	114064130	U:AC[T>G]TA	-1	11935.0	1346068433
JG0139c	7	114133328	T:AC[T>G]GA	-1	69198.0	1346137631
JG0139c	7	114161405	T:AC[T>C]TG	-1	28077.0	1346165708
JG0139c	7	114196783	T:AC[T>C]TG	-1	35378.0	1346201086
JG0139c	7	114205997	T:CC[T>C]TG	-1	9214.0	1346210300
JG0139c	7	114800766	N:GC[T>C]TG	-1	594769.0	1346805069
JG0139c	7	114860566	N:TC[T>G]TC	-1	59800.0	1346864869
JG0139c	7	115716417	N:GC[T>G]TA	-1	855851.0	1347720720
JG0139c	7	115785560	N:TC[T>A]AA	-1	69143.0	1347789863
JG0139c	7	115898917	N:AG[T>C]TG	-1	113357.0	1347903220
JG0139c	7	116564887	N:AG[T>G]TA	-1	665970.0	1348569190
JG0139c	7	116985502	T:AC[T>G]TC	-1	420615.0	1348989805
JG0139c	7	117158214	T:AC[T>C]TG	-1	172712.0	1349162517
JG0139c	7	117645782	T:GA[T>G]TA	-1	487568.0	1349650085
JG0139c	7	117901394	N:TG[T>G]TG	-1	255612.0	1349905697
JG0139c	7	118017612	N:TC[T>G]TA	-1	116218.0	1350021915
JG0139c	7	118176513	N:AC[T>G]GA	-1	158901.0	1350180816
JG0139c	7	118462488	N:AC[T>C]CT	-1	285975.0	1350466791
JG0139c	7	118544260	N:TC[T>G]TT	-1	81772.0	1350548563
JG0139c	7	119114619	N:TC[T>G]GA	-1	570359.0	1351118922
JG0139c	7	119370278	N:GA[T>C]CC	-1	255659.0	1351374581
JG0139c	7	119632678	N:GC[T>G]TG	-1	262400.0	1351636981
JG0139c	7	119710082	N:TC[T>C]AA	-1	77404.0	1351714385
JG0139c	7	119881085	N:TC[T>G]TA	-1	171003.0	1351885388
JG0139c	7	120287192	T:AT[T>A]TG	-1	406107.0	1352291495
JG0139c	7	120303221	T:TC[T>C]CT	-1	16029.0	1352307524
JG0139c	7	120606912	T:GC[T>C]GA	-1	303691.0	1352611215
JG0139c	7	120813529	U:AC[T>C]TA	-1	206617.0	1352817832
JG0139c	7	121053276	T:AC[T>G]CA	-1	239747.0	1353057579
JG0139c	7	121148354	U:AC[T>G]TT	1	95078.0	1353152657
JG0139c	7	121197538	T:AC[T>C]TA	-1	49184.0	1353201841
JG0139c	7	121231973	T:CC[T>G]TA	-1	34435.0	1353236276
JG0139c	7	121232571	T:TC[T>G]TA	-1	598.0	1353236874
JG0139c	7	121328498	T:GG[T>G]GA	-1	95927.0	1353332801
JG0139c	7	121765486	N:AC[T>G]TG	-1	436988.0	1353769789
JG0139c	7	121771044	N:AA[T>G]TG	-1	5558.0	1353775347
JG0139c	7	122291834	N:TC[T>G]TA	1	520790.0	1354296137
JG0139c	7	122372483	T:AC[T>G]TG	1	80649.0	1354376786
JG0139c	7	122486502	T:TC[T>G]CA	1	114019.0	1354490805
JG0139c	7	123358938	N:AC[T>A]TG	1	872436.0	1355363241
JG0139c	7	123408932	N:TT[T>G]TT	-1	49994.0	1355413235
JG0139c	7	123990855	N:GC[T>G]TT	-1	581923.0	1355995158
JG0139c	7	124044889	N:GC[T>G]TG	-1	54034.0	1356049192
JG0139c	7	124074005	N:AC[T>G]TG	-1	29116.0	1356078308
JG0139c	7	124110145	N:TC[T>C]TT	-1	36140.0	1356114448
JG0139c	7	124647204	N:AC[T>C]CC	-1	537059.0	1356651507
JG0139c	7	124673164	N:GC[T>G]TC	-1	25960.0	1356677467
JG0139c	7	124716989	N:GA[T>G]TT	-1	43825.0	1356721292
JG0139c	7	124809062	N:GC[T>G]TA	-1	92073.0	1356813365
JG0139c	7	124813820	N:TA[T>G]TG	-1	4758.0	1356818123
JG0139c	7	124846519	U:CC[T>G]CA	-1	32699.0	1356850822
JG0139c	7	124851410	U:TA[T>G]TG	-1	4891.0	1356855713
JG0139c	7	125316092	N:AC[T>G]TT	-1	464682.0	1357320395
JG0139c	7	125434527	N:GC[T>G]TC	-1	118435.0	1357438830
JG0139c	7	125439728	N:TC[T>C]TC	-1	5201.0	1357444031
JG0139c	7	126528843	U:GC[T>G]GA	-1	1089115.0	1358533146
JG0139c	7	126530265	U:TG[T>C]TT	-1	1422.0	1358534568
JG0139c	7	127215869	U:AG[T>G]TG	-1	685604.0	1359220172
JG0139c	7	127222258	U:AC[T>G]TT	-1	6389.0	1359226561
JG0139c	7	127257993	N:CC[T>G]CA	-1	35735.0	1359262296
JG0139c	7	127428675	U:AC[T>G]GG	-1	170682.0	1359432978
JG0139c	7	127465918	N:TG[T>G]GA	-1	37243.0	1359470221
JG0139c	7	127635559	N:TT[T>G]TA	-1	169641.0	1359639862
JG0139c	7	127858395	T:AC[T>G]TT	-1	222836.0	1359862698
JG0139c	7	127861994	T:TC[T>G]TA	-1	3599.0	1359866297
JG0139c	7	127912943	T:AC[T>C]TG	-1	50949.0	1359917246
JG0139c	7	128216888	N:AC[T>G]CA	1	303945.0	1360221191
JG0139c	7	129132271	N:CC[T>G]CA	1	915383.0	1361136574
JG0139c	7	129524569	N:TC[T>G]TT	1	392298.0	1361528872
JG0139c	7	129654210	U:TC[T>A]CC	1	129641.0	1361658513
JG0139c	7	129840423	U:TC[T>C]TG	-1	186213.0	1361844726
JG0139c	7	130073634	U:AC[T>C]TC	1	233211.0	1362077937
JG0139c	7	130323061	U:CC[T>G]TG	1	249427.0	1362327364
JG0139c	7	130361970	U:TC[T>C]CC	1	38909.0	1362366273
JG0139c	7	130718279	N:TC[T>G]TA	-1	356309.0	1362722582
JG0139c	7	131290884	T:GC[T>G]TT	-1	572605.0	1363295187
JG0139c	7	131399758	T:TG[T>G]TA	-1	108874.0	1363404061
JG0139c	7	131456434	T:TC[T>G]TA	-1	56676.0	1363460737
JG0139c	7	131482321	T:AC[T>G]CG	-1	25887.0	1363486624
JG0139c	7	131776087	N:AC[T>G]TG	-1	293766.0	1363780390
JG0139c	7	131883648	N:TC[T>A]CA	-1	107561.0	1363887951
JG0139c	7	131960820	N:AC[T>C]CA	-1	77172.0	1363965123
JG0139c	7	132020177	N:TC[T>C]TG	-1	59357.0	1364024480
JG0139c	7	132037297	N:AC[T>C]GG	-1	17120.0	1364041600
JG0139c	7	132124092	T:GC[T>C]CA	1	86795.0	1364128395
JG0139c	7	132137282	T:AG[T>A]CC	1	13190.0	1364141585
JG0139c	7	132148122	T:AC[T>G]TT	1	10840.0	1364152425
JG0139c	7	132187058	U:CG[T>G]TA	-1	38936.0	1364191361
JG0139c	7	132545494	U:GC[T>C]TG	-1	358436.0	1364549797
JG0139c	7	132606958	U:GC[T>A]CA	-1	61464.0	1364611261
JG0139c	7	132707517	N:TA[T>G]TA	-1	100559.0	1364711820
JG0139c	7	132888611	U:TC[T>A]TA	-1	181094.0	1364892914
JG0139c	7	133626524	T:CC[T>C]CA	-1	737913.0	1365630827
JG0139c	7	134547788	N:AC[T>G]TG	-1	921264.0	1366552091
JG0139c	7	134659704	T:TG[T>G]TA	-1	111916.0	1366664007
JG0139c	7	134782463	T:AC[T>G]TA	-1	122759.0	1366786766
JG0139c	7	134866872	T:TG[T>G]CC	-1	84409.0	1366871175
JG0139c	7	134867964	T:GC[T>G]TA	-1	1092.0	1366872267
JG0139c	7	135235660	U:TC[T>G]TG	1	367696.0	1367239963
JG0139c	7	135352780	N:AC[T>C]TT	-1	117120.0	1367357083
JG0139c	7	135458306	U:TT[T>G]TA	-1	105526.0	1367462609
JG0139c	7	136046361	N:GC[T>C]TA	-1	588055.0	1368050664
JG0139c	7	136049322	N:TC[T>G]GA	-1	2961.0	1368053625
JG0139c	7	136222373	N:GG[C>A]AA	1	173051.0	1368226676
JG0139c	7	136267721	N:AC[T>G]TC	-1	45348.0	1368272024
JG0139c	7	136297252	N:TC[T>C]TA	-1	29531.0	1368301555
JG0139c	7	136588233	N:AC[T>G]TG	-1	290981.0	1368592536
JG0139c	7	137276174	U:AC[T>C]TT	-1	687941.0	1369280477
JG0139c	7	137524006	U:TC[T>G]TG	-1	247832.0	1369528309
JG0139c	7	137524146	U:TC[T>G]GC	-1	140.0	1369528449
JG0139c	7	137562556	U:CC[T>G]TA	-1	38410.0	1369566859
JG0139c	7	137703978	U:CC[T>G]TA	-1	141422.0	1369708281
JG0139c	7	137713611	T:AC[T>C]TA	1	9633.0	1369717914
JG0139c	7	137956552	T:AC[T>G]GC	1	242941.0	1369960855
JG0139c	7	138367031	N:AC[T>A]TC	1	410479.0	1370371334
JG0139c	7	138547593	U:TC[T>G]TA	1	180562.0	1370551896
JG0139c	7	140168538	U:GC[T>G]GG	-1	1620945.0	1372172841
JG0139c	7	140367768	T:CC[T>C]CG	1	199230.0	1372372071
JG0139c	7	140463964	T:TC[T>C]CA	1	96196.0	1372468267
JG0139c	7	141078435	T:TC[T>G]TA	-1	614471.0	1373082738
JG0139c	7	141766362	T:AC[T>G]CA	-1	687927.0	1373770665
JG0139c	7	141852572	N:TC[T>C]CA	-1	86210.0	1373856875
JG0139c	7	141880386	N:AC[T>G]CA	-1	27814.0	1373884689
JG0139c	7	141996895	U:AG[T>C]CA	1	116509.0	1374001198
JG0139c	7	142120338	T:AC[T>A]GG	-1	123443.0	1374124641
JG0139c	7	142139149	T:GG[T>C]CA	-1	18811.0	1374143452
JG0139c	7	142143823	U:AG[T>C]GG	1	4674.0	1374148126
JG0139c	7	142154220	T:GG[T>G]TA	-1	10397.0	1374158523
JG0139c	7	142218004	T:GT[T>G]TA	-1	63784.0	1374222307
JG0139c	7	142442894	N:TC[T>C]TT	1	224890.0	1374447197
JG0139c	7	142453664	N:TC[T>C]TG	1	10770.0	1374457967
JG0139c	7	142529451	N:AC[T>G]TG	1	75787.0	1374533754
JG0139c	7	142666668	U:AC[T>G]TA	1	137217.0	1374670971
JG0139c	7	142728393	N:AT[T>G]TA	1	61725.0	1374732696
JG0139c	7	143098045	N:TC[T>A]TG	1	369652.0	1375102348
JG0139c	7	143099673	N:TT[T>G]TT	-1	1628.0	1375103976
JG0139c	7	143300767	U:TC[T>C]TC	1	201094.0	1375305070
JG0139c	7	143464655	N:CC[T>A]TT	1	163888.0	1375468958
JG0139c	7	143501583	N:AA[C>A]AG	-1	36928.0	1375505886
JG0139c	7	143501584	N:TG[T>G]TA	1	1.0	1375505887
JG0139c	7	143968722	N:AC[T>C]CT	1	467138.0	1375973025
JG0139c	7	144099805	N:GC[T>C]TA	1	131083.0	1376104108
JG0139c	7	144390336	N:CA[T>C]CT	1	290531.0	1376394639
JG0139c	7	144390358	N:AC[T>G]CA	1	22.0	1376394661
JG0139c	7	144404560	T:AT[T>G]TG	1	14202.0	1376408863
JG0139c	7	144512286	T:GG[T>C]TT	1	107726.0	1376516589
JG0139c	7	144626204	T:TC[T>A]CA	1	113918.0	1376630507
JG0139c	7	144875627	N:TC[T>G]TG	-1	249423.0	1376879930
JG0139c	7	145050594	N:GC[T>A]CA	-1	174967.0	1377054897
JG0139c	7	145075639	N:TC[T>A]TG	-1	25045.0	1377079942
JG0139c	7	145213010	N:GC[T>C]TT	1	137371.0	1377217313
JG0139c	7	145282440	N:AG[T>A]CA	1	69430.0	1377286743
JG0139c	7	145319977	N:AG[T>A]CA	1	37537.0	1377324280
JG0139c	7	145403516	N:TC[T>C]TG	-1	83539.0	1377407819
JG0139c	7	146498247	T:GG[T>C]CT	-1	1094731.0	1378502550
JG0139c	7	146701139	U:GC[T>A]TA	1	202892.0	1378705442
JG0139c	7	146914727	U:GA[T>G]TT	1	213588.0	1378919030
JG0139c	7	147116362	U:TG[T>C]TG	1	201635.0	1379120665
JG0139c	7	147194920	U:AG[T>G]TT	1	78558.0	1379199223
JG0139c	7	147471540	T:AC[T>C]TA	-1	276620.0	1379475843
JG0139c	7	147707019	U:TC[T>A]CA	1	235479.0	1379711322
JG0139c	7	147738271	T:GC[T>G]TT	-1	31252.0	1379742574
JG0139c	7	147762945	U:AG[T>G]TT	1	24674.0	1379767248
JG0139c	7	147792815	U:CA[T>G]CA	1	29870.0	1379797118
JG0139c	7	147819124	U:AC[T>G]TA	1	26309.0	1379823427
JG0139c	7	147958819	U:AC[T>A]CA	1	139695.0	1379963122
JG0139c	7	147994152	U:GC[T>C]TG	1	35333.0	1379998455
JG0139c	7	148013705	T:TG[T>G]AA	-1	19553.0	1380018008
JG0139c	7	148047689	U:TT[T>C]TT	1	33984.0	1380051992
JG0139c	7	148160007	T:AC[C>A]TC	-1	112318.0	1380164310
JG0139c	7	148180343	T:TC[T>A]CT	-1	20336.0	1380184646
JG0139c	7	148208609	T:AC[T>G]TC	-1	28266.0	1380212912
JG0139c	7	148254281	U:CC[T>G]TA	1	45672.0	1380258584
JG0139c	7	148257045	T:TC[T>G]TT	-1	2764.0	1380261348
JG0139c	7	148420414	U:TG[T>C]CA	1	163369.0	1380424717
JG0139c	7	148429639	N:TC[T>C]CA	-1	9225.0	1380433942
JG0139c	7	148585077	N:TC[T>C]GA	-1	155438.0	1380589380
JG0139c	7	149554309	N:GC[T>A]GC	-1	969232.0	1381558612
JG0139c	7	149750711	N:TC[T>A]TG	-1	196402.0	1381755014
JG0139c	7	149999488	N:AC[T>C]CA	1	248777.0	1382003791
JG0139c	7	150147557	N:CC[T>C]TA	1	148069.0	1382151860
JG0139c	7	150196107	N:TC[T>C]TG	1	48550.0	1382200410
JG0139c	7	150336149	U:TC[T>G]TA	1	140042.0	1382340452
JG0139c	7	150569569	T:AC[T>G]TT	-1	233420.0	1382573872
JG0139c	7	150621431	N:TC[T>C]TA	1	51862.0	1382625734
JG0139c	7	150647497	N:TG[T>G]TT	-1	26066.0	1382651800
JG0139c	7	150675320	N:AC[T>G]TG	1	27823.0	1382679623
JG0139c	7	150792349	T:AC[T>C]TA	1	117029.0	1382796652
JG0139c	7	150837357	T:AG[T>G]TG	-1	45008.0	1382841660
JG0139c	7	151118576	U:AC[T>G]CG	1	281219.0	1383122879
JG0139c	7	151326123	N:AG[T>G]TA	-1	207547.0	1383330426
JG0139c	7	151405092	U:CC[T>G]GG	-1	78969.0	1383409395
JG0139c	7	151504614	U:AT[T>G]TA	-1	99522.0	1383508917
JG0139c	7	151600937	U:CC[T>G]CA	-1	96323.0	1383605240
JG0139c	7	151617027	U:CC[T>G]CG	-1	16090.0	1383621330
JG0139c	7	151627506	U:GA[T>G]TA	-1	10479.0	1383631809
JG0139c	7	151643259	U:AC[T>A]TG	-1	15753.0	1383647562
JG0139c	7	151658296	U:GG[T>G]CA	-1	15037.0	1383662599
JG0139c	7	151771873	U:AC[T>G]GA	-1	113577.0	1383776176
JG0139c	7	151792048	T:TC[T>C]TT	1	20175.0	1383796351
JG0139c	7	151811938	U:AC[T>A]GA	-1	19890.0	1383816241
JG0139c	7	151831192	T:AG[T>G]TA	1	19254.0	1383835495
JG0139c	7	151989385	U:CC[T>A]CA	1	158193.0	1383993688
JG0139c	7	152494599	N:AT[T>G]TT	-1	505214.0	1384498902
JG0139c	7	152513403	N:CC[T>G]TG	-1	18804.0	1384517706
JG0139c	7	152513413	N:AT[T>G]AT	-1	10.0	1384517716
JG0139c	7	152558473	N:AC[T>G]TC	1	45060.0	1384562776
JG0139c	7	153006402	N:GG[T>G]TA	-1	447929.0	1385010705
JG0139c	7	153073270	N:TC[T>C]TC	-1	66868.0	1385077573
JG0139c	7	153084103	N:GG[T>C]GG	-1	10833.0	1385088406
JG0139c	7	153289003	N:AC[T>G]TT	-1	204900.0	1385293306
JG0139c	7	153409099	N:GC[T>A]TA	-1	120096.0	1385413402
JG0139c	7	153556888	N:AC[T>C]TG	1	147789.0	1385561191
JG0139c	7	153565033	N:TC[T>C]CA	1	8145.0	1385569336
JG0139c	7	153587437	N:TC[T>C]CG	-1	22404.0	1385591740
JG0139c	7	153620340	N:TC[T>C]CT	-1	32903.0	1385624643
JG0139c	7	153673191	N:TT[T>G]TT	-1	52851.0	1385677494
JG0139c	7	153803528	N:TG[T>C]CT	1	130337.0	1385807831
JG0139c	7	154176684	U:TC[T>C]CT	1	373156.0	1386180987
JG0139c	7	154203768	U:TC[T>C]AG	1	27084.0	1386208071
JG0139c	7	154403094	U:GC[T>C]CA	1	199326.0	1386407397
JG0139c	7	154646241	U:GC[T>C]CT	1	243147.0	1386650544
JG0139c	7	154796529	U:TC[T>G]CA	1	150288.0	1386800832
JG0139c	7	155023728	N:AC[T>C]TC	1	227199.0	1387028031
JG0139c	7	155242244	N:CC[T>C]CA	1	218516.0	1387246547
JG0139c	7	155314464	N:GC[T>G]TC	1	72220.0	1387318767
JG0139c	7	155526238	T:GC[T>G]TA	1	211774.0	1387530541
JG0139c	7	155528494	T:AC[T>G]TC	1	2256.0	1387532797
JG0139c	7	155575844	N:AC[T>C]TT	1	47350.0	1387580147
JG0139c	7	155714023	U:GG[C>T]GT	1	138179.0	1387718326
JG0139c	7	155857974	N:CC[T>G]TT	1	143951.0	1387862277
JG0139c	7	156007198	N:TC[T>C]CA	1	149224.0	1388011501
JG0139c	7	156159404	N:GC[T>C]TG	-1	152206.0	1388163707
JG0139c	7	156244302	N:TC[T>G]TA	1	84898.0	1388248605
JG0139c	7	156285855	N:TC[T>G]CA	-1	41553.0	1388290158
JG0139c	7	156308131	N:AC[T>C]GC	-1	22276.0	1388312434
JG0139c	7	156310486	N:GC[T>G]CT	1	2355.0	1388314789
JG0139c	7	156526876	N:TC[T>G]GA	1	216390.0	1388531179
JG0139c	7	156599069	N:GC[T>C]TA	-1	72193.0	1388603372
JG0139c	7	156603374	N:AG[T>G]TG	-1	4305.0	1388607677
JG0139c	7	156696859	U:AG[T>G]TA	-1	93485.0	1388701162
JG0139c	7	156744285	T:GC[T>C]TG	1	47426.0	1388748588
JG0139c	7	156876799	U:GG[T>G]TT	-1	132514.0	1388881102
JG0139c	7	156979778	N:TC[T>A]CA	-1	102979.0	1388984081
JG0139c	7	157132704	N:AG[T>G]TT	1	152926.0	1389137007
JG0139c	7	157399171	U:TC[T>A]TC	1	266467.0	1389403474
JG0139c	7	157496078	N:AC[T>C]TG	-1	96907.0	1389500381
JG0139c	7	157577759	U:GC[T>C]CA	-1	81681.0	1389582062
JG0139c	7	157629460	U:CC[T>G]TA	-1	51701.0	1389633763
JG0139c	7	157638287	U:CC[T>C]TG	-1	8827.0	1389642590
JG0139c	7	157643375	U:AT[T>G]TG	-1	5088.0	1389647678
JG0139c	7	157721957	T:AC[T>A]TT	1	78582.0	1389726260
JG0139c	7	158021049	T:TC[T>A]TA	1	299092.0	1390025352
JG0139c	7	158277913	T:TC[T>C]CA	1	256864.0	1390282216
JG0139c	7	158400191	U:TC[T>G]TG	-1	122278.0	1390404494
JG0139c	7	158488418	T:TC[T>C]TG	1	88227.0	1390492721
JG0139c	7	158572524	U:AC[T>C]CG	-1	84106.0	1390576827
JG0139c	7	158578987	T:AC[T>C]CC	1	6463.0	1390583290
JG0139c	7	158990261	N:TC[T>G]TT	-1	411274.0	1390994564
JG0139c	7	159109652	U:TC[T>C]TA	-1	119391.0	1391113955
JG0139c	7	159131921	U:GC[T>C]TA	-1	22269.0	1391136224
JG0139c	7	159174897	N:AC[T>C]TA	1	42976.0	1391179200
JG0139c	7	159176735	N:AC[T>G]TA	-1	1838.0	1391181038
JG0139c	8	293231	N:TC[T>C]AA	1		1391643507
JG0139c	8	394241	N:TC[T>C]CA	1	101010.0	1391744517
JG0139c	8	613323	N:GC[T>A]CT	-1	219082.0	1391963599
JG0139c	8	1277912	U:TC[T>C]TG	1	664589.0	1392628188
JG0139c	8	1347723	U:AC[T>A]CA	1	69811.0	1392697999
JG0139c	8	1366640	T:TC[T>C]CC	-1	18917.0	1392716916
JG0139c	8	1591684	T:CC[T>G]TT	-1	225044.0	1392941960
JG0139c	8	1618355	U:TC[T>C]CA	1	26671.0	1392968631
JG0139c	8	1667493	U:AC[T>C]TA	1	49138.0	1393017769
JG0139c	8	2338735	N:TG[T>G]TG	-1	671242.0	1393689011
JG0139c	8	2659078	N:GT[C>A]TT	-1	320343.0	1394009354
JG0139c	8	3088245	T:AC[T>G]TG	1	429167.0	1394438521
JG0139c	8	3834506	U:TC[T>A]CC	-1	746261.0	1395184782
JG0139c	8	4608046	U:AA[C>A]AC	-1	773540.0	1395958322
JG0139c	8	4946011	T:AG[T>C]GG	1	337965.0	1396296287
JG0139c	8	5243187	N:GG[T>G]CA	1	297176.0	1396593463
JG0139c	8	5487752	N:GA[T>G]CC	-1	244565.0	1396838028
JG0139c	8	5863509	N:TC[T>G]CA	1	375757.0	1397213785
JG0139c	8	5899776	N:TC[T>G]TA	-1	36267.0	1397250052
JG0139c	8	6081388	N:AC[T>G]CA	-1	181612.0	1397431664
JG0139c	8	6082899	N:TA[C>A]AT	1	1511.0	1397433175
JG0139c	8	6144556	N:AC[T>C]CA	1	61657.0	1397494832
JG0139c	8	6333094	N:TC[T>G]TA	1	188538.0	1397683370
JG0139c	8	6359480	N:CC[T>G]TC	1	26386.0	1397709756
JG0139c	8	6362861	N:TA[T>G]TA	-1	3381.0	1397713137
JG0139c	8	7025943	N:GG[C>T]TC	-1	663082.0	1398376219
JG0139c	8	8692586	N:AG[T>G]TA	-1	1666643.0	1400042862
JG0139c	8	9121069	N:AC[T>C]GG	-1	428483.0	1400471345
JG0139c	8	9310680	N:AC[T>G]CA	1	189611.0	1400660956
JG0139c	8	9684824	T:CG[T>G]TA	-1	374144.0	1401035100
JG0139c	8	9808305	N:TG[T>C]CA	1	123481.0	1401158581
JG0139c	8	10152690	T:CC[T>G]TC	-1	344385.0	1401502966
JG0139c	8	10347759	U:AC[T>G]CC	1	195069.0	1401698035
JG0139c	8	10868814	N:CC[T>G]TG	1	521055.0	1402219090
JG0139c	8	10900455	T:GC[T>C]CA	1	31641.0	1402250731
JG0139c	8	10915333	T:AC[T>C]TG	1	14878.0	1402265609
JG0139c	8	11028293	T:TC[T>A]TT	1	112960.0	1402378569
JG0139c	8	11058842	T:AC[T>G]TA	1	30549.0	1402409118
JG0139c	8	11271627	N:GC[T>G]CA	-1	212785.0	1402621903
JG0139c	8	11320318	U:TC[T>G]TA	1	48691.0	1402670594
JG0139c	8	11654733	N:GA[T>G]TA	1	334415.0	1403005009
JG0139c	8	12389342	N:CC[T>G]TC	-1	734609.0	1403739618
JG0139c	8	14177872	U:AC[C>T]AG	-1	1788530.0	1405528148
JG0139c	8	14288773	T:TG[T>G]TA	1	110901.0	1405639049
JG0139c	8	15455823	N:AC[T>C]CA	1	1167050.0	1406806099
JG0139c	8	16289695	U:AC[T>G]TG	-1	833872.0	1407639971
JG0139c	8	16542495	U:TT[T>G]TT	-1	252800.0	1407892771
JG0139c	8	16714693	N:AC[T>C]TC	1	172198.0	1408064969
JG0139c	8	16758490	N:TG[T>G]AA	-1	43797.0	1408108766
JG0139c	8	17240695	T:AC[T>G]TG	1	482205.0	1408590971
JG0139c	8	18101360	N:AC[T>G]TC	-1	860665.0	1409451636
JG0139c	8	18132345	N:TC[T>G]AT	-1	30985.0	1409482621
JG0139c	8	18415756	N:AG[T>G]CA	1	283411.0	1409766032
JG0139c	8	18437934	N:AC[T>G]CA	1	22178.0	1409788210
JG0139c	8	18515104	N:GC[T>G]TG	-1	77170.0	1409865380
JG0139c	8	19669118	U:AC[T>G]TT	-1	1154014.0	1411019394
JG0139c	8	19706862	U:AC[T>G]TG	-1	37744.0	1411057138
JG0139c	8	19772015	N:TC[T>G]TA	-1	65153.0	1411122291
JG0139c	8	20034603	N:GC[T>G]TA	-1	262588.0	1411384879
JG0139c	8	20217064	U:TC[T>C]TG	1	182461.0	1411567340
JG0139c	8	21140565	N:AG[C>A]AT	-1	923501.0	1412490841
JG0139c	8	21140566	N:TG[C>G]TG	1	1.0	1412490842
JG0139c	8	21800496	U:GG[T>G]TA	-1	659930.0	1413150772
JG0139c	8	22108143	U:GC[T>C]CG	-1	307647.0	1413458419
JG0139c	8	22729687	T:GC[T>C]TG	1	621544.0	1414079963
JG0139c	8	24931721	N:AC[T>C]TG	-1	2202034.0	1416281997
JG0139c	8	25634237	N:GG[T>G]GA	-1	702516.0	1416984513
JG0139c	8	25978644	U:GG[T>G]TC	-1	344407.0	1417328920
JG0139c	8	26111521	N:TC[T>G]TC	-1	132877.0	1417461797
JG0139c	8	26173919	N:AC[T>G]TG	1	62398.0	1417524195
JG0139c	8	26349682	T:TC[T>G]TG	-1	175763.0	1417699958
JG0139c	8	26763851	U:TC[T>G]TA	-1	414169.0	1418114127
JG0139c	8	27123796	N:GA[T>G]CT	-1	359945.0	1418474072
JG0139c	8	27363650	U:TC[T>C]CA	1	239854.0	1418713926
JG0139c	8	27619710	N:TC[T>C]GG	-1	256060.0	1418969986
JG0139c	8	27703675	N:GG[T>C]TT	-1	83965.0	1419053951
JG0139c	8	27887067	U:GC[T>G]TT	-1	183392.0	1419237343
JG0139c	8	28767318	N:GC[T>G]TT	-1	880251.0	1420117594
JG0139c	8	29180369	T:TC[T>G]CA	1	413051.0	1420530645
JG0139c	8	29448486	N:AC[T>G]TA	-1	268117.0	1420798762
JG0139c	8	29605040	N:TC[T>G]TA	-1	156554.0	1420955316
JG0139c	8	29840168	N:AG[T>G]GA	-1	235128.0	1421190444
JG0139c	8	29912882	N:GG[T>G]TG	-1	72714.0	1421263158
JG0139c	8	30522309	T:TC[T>G]TT	-1	609427.0	1421872585
JG0139c	8	31394658	N:TC[T>G]TA	-1	872349.0	1422744934
JG0139c	8	31448528	N:TG[T>G]TA	-1	53870.0	1422798804
JG0139c	8	31475723	N:AC[T>C]TA	-1	27195.0	1422825999
JG0139c	8	31860073	T:GC[C>A]TT	-1	384350.0	1423210349
JG0139c	8	32768832	N:GG[T>G]TA	-1	908759.0	1424119108
JG0139c	8	32815904	N:TC[T>C]TC	1	47072.0	1424166180
JG0139c	8	33012743	N:TC[T>C]TG	-1	196839.0	1424363019
JG0139c	8	33269505	N:GA[T>G]GA	-1	256762.0	1424619781
JG0139c	8	33576127	N:CC[T>G]GA	-1	306622.0	1424926403
JG0139c	8	33773767	N:GC[T>G]TA	-1	197640.0	1425124043
JG0139c	8	33773833	N:TC[T>C]CA	-1	66.0	1425124109
JG0139c	8	34396655	N:TC[T>G]CA	1	622822.0	1425746931
JG0139c	8	34665751	N:TC[T>G]TG	1	269096.0	1426016027
JG0139c	8	35225669	N:TC[T>G]TA	-1	559918.0	1426575945
JG0139c	8	36877872	U:AC[T>A]CG	1	1652203.0	1428228148
JG0139c	8	36880697	T:CC[T>G]CA	-1	2825.0	1428230973
JG0139c	8	37344204	N:AC[T>C]TG	-1	463507.0	1428694480
JG0139c	8	37496761	N:TC[T>G]TG	-1	152557.0	1428847037
JG0139c	8	37665257	N:AC[T>G]TA	1	168496.0	1429015533
JG0139c	8	38959576	T:CC[T>G]TG	-1	1294319.0	1430309852
JG0139c	8	39320046	N:AC[T>C]TT	1	360470.0	1430670322
JG0139c	8	39417144	N:AC[T>C]CA	-1	97098.0	1430767420
JG0139c	8	39556351	N:TC[T>C]CC	1	139207.0	1430906627
JG0139c	8	39760519	U:TC[T>G]TG	-1	204168.0	1431110795
JG0139c	8	39796482	U:AC[T>C]TA	-1	35963.0	1431146758
JG0139c	8	39947344	U:TC[T>G]TA	1	150862.0	1431297620
JG0139c	8	40047568	N:AG[T>G]TC	-1	100224.0	1431397844
JG0139c	8	40287715	N:TC[T>C]TA	-1	240147.0	1431637991
JG0139c	8	40464814	N:GC[T>C]TG	1	177099.0	1431815090
JG0139c	8	40509753	N:TG[T>A]TG	1	44939.0	1431860029
JG0139c	8	40621047	U:AC[T>G]TC	-1	111294.0	1431971323
JG0139c	8	40914599	N:CC[T>G]CA	-1	293552.0	1432264875
JG0139c	8	40934841	N:GC[T>G]GC	1	20242.0	1432285117
JG0139c	8	41329752	N:AC[T>C]CA	-1	394911.0	1432680028
JG0139c	8	41693538	U:GC[T>C]TG	-1	363786.0	1433043814
JG0139c	8	41766805	U:TG[T>A]TG	-1	73267.0	1433117081
JG0139c	8	42260620	N:TC[T>C]CG	-1	493815.0	1433610896
JG0139c	8	42849495	N:AC[T>C]TG	1	588875.0	1434199771
JG0139c	8	42879865	U:CC[T>G]TG	-1	30370.0	1434230141
JG0139c	8	43286613	N:AC[T>G]TC	-1	406748.0	1434636889
JG0139c	8	43305784	N:AC[T>C]TA	-1	19171.0	1434656060
JG0139c	8	43417882	N:AC[T>G]CA	-1	112098.0	1434768158
JG0139c	8	43453718	N:AC[T>C]TG	1	35836.0	1434803994
JG0139c	8	43681744	N:GC[T>C]TA	1	228026.0	1435032020
JG0139c	8	43685036	N:AG[T>G]TT	-1	3292.0	1435035312
JG0139c	8	43772723	N:AC[T>C]GG	1	87687.0	1435122999
JG0139c	8	43785447	N:TC[T>C]CA	-1	12724.0	1435135723
JG0139c	8	46075028	N:AC[T>C]TG	-1	2289581.0	1437425304
JG0139c	8	46795712	N:TC[T>G]TC	-1	720684.0	1438145988
JG0139c	8	47518978	T:TC[T>G]TC	-1	723266.0	1438869254
JG0139c	8	47662066	U:TC[T>C]CC	1	143088.0	1439012342
JG0139c	8	47753116	N:AC[T>C]CG	-1	91050.0	1439103392
JG0139c	8	48257417	N:AC[T>C]TG	-1	504301.0	1439607693
JG0139c	8	48277618	N:GC[T>G]TC	-1	20201.0	1439627894
JG0139c	8	48434101	N:CC[T>C]CA	-1	156483.0	1439784377
JG0139c	8	48444280	N:AC[T>C]CA	-1	10179.0	1439794556
JG0139c	8	48765908	N:TC[T>C]CT	1	321628.0	1440116184
JG0139c	8	48956868	N:AT[T>G]TT	1	190960.0	1440307144
JG0139c	8	49238233	N:AG[T>G]TG	-1	281365.0	1440588509
JG0139c	8	49381181	N:TC[T>C]TT	1	142948.0	1440731457
JG0139c	8	49593817	N:GG[T>C]TG	1	212636.0	1440944093
JG0139c	8	49670065	N:TA[T>G]TC	-1	76248.0	1441020341
JG0139c	8	49957807	U:AT[T>G]TT	1	287742.0	1441308083
JG0139c	8	49980904	T:TT[T>G]TT	-1	23097.0	1441331180
JG0139c	8	52339134	U:GC[T>G]TG	-1	2358230.0	1443689410
JG0139c	8	52344847	U:AC[T>G]TG	-1	5713.0	1443695123
JG0139c	8	52484586	N:TC[T>C]TA	-1	139739.0	1443834862
JG0139c	8	53002921	N:AC[T>A]TG	-1	518335.0	1444353197
JG0139c	8	53590515	N:TC[T>C]CA	-1	587594.0	1444940791
JG0139c	8	53596025	N:AC[T>G]TC	-1	5510.0	1444946301
JG0139c	8	53596030	N:TC[T>C]CA	-1	5.0	1444946306
JG0139c	8	53672314	N:TC[T>C]CA	1	76284.0	1445022590
JG0139c	8	53823394	U:TC[T>C]TA	-1	151080.0	1445173670
JG0139c	8	54310226	N:AC[T>G]GA	-1	486832.0	1445660502
JG0139c	8	54341958	N:GC[T>G]TA	-1	31732.0	1445692234
JG0139c	8	54452578	N:GG[T>A]CT	-1	110620.0	1445802854
JG0139c	8	54763390	T:AC[T>C]TG	-1	310812.0	1446113666
JG0139c	8	54922632	N:AC[T>A]CA	-1	159242.0	1446272908
JG0139c	8	54999044	N:AC[T>G]TA	-1	76412.0	1446349320
JG0139c	8	55012658	N:TA[T>G]CA	-1	13614.0	1446362934
JG0139c	8	55057707	N:AT[T>G]TA	-1	45049.0	1446407983
JG0139c	8	55255664	T:TC[T>A]TG	-1	197957.0	1446605940
JG0139c	8	55852899	N:AC[T>G]TG	1	597235.0	1447203175
JG0139c	8	56098594	N:AC[T>G]TC	-1	245695.0	1447448870
JG0139c	8	56135173	N:AC[T>G]TA	-1	36579.0	1447485449
JG0139c	8	56181148	U:TC[T>A]TC	-1	45975.0	1447531424
JG0139c	8	56196517	U:GC[T>C]TG	-1	15369.0	1447546793
JG0139c	8	56288103	N:TG[T>A]TG	-1	91586.0	1447638379
JG0139c	8	56300556	U:TC[T>G]TA	-1	12453.0	1447650832
JG0139c	8	56301844	U:TG[T>A]CA	-1	1288.0	1447652120
JG0139c	8	56307755	U:GC[T>A]CA	-1	5911.0	1447658031
JG0139c	8	56414759	N:AG[T>A]CA	-1	107004.0	1447765035
JG0139c	8	56625130	N:TC[T>G]TC	1	210371.0	1447975406
JG0139c	8	56738667	N:AT[T>G]TA	-1	113537.0	1448088943
JG0139c	8	57576792	N:TC[T>C]CG	1	838125.0	1448927068
JG0139c	8	58025778	U:TC[T>G]TA	1	448986.0	1449376054
JG0139c	8	58084457	U:TC[T>G]TG	1	58679.0	1449434733
JG0139c	8	58405863	N:TC[T>C]TG	1	321406.0	1449756139
JG0139c	8	58787257	N:TC[T>G]TG	-1	381394.0	1450137533
JG0139c	8	59490056	N:TG[T>A]CA	1	702799.0	1450840332
JG0139c	8	59717996	N:CC[T>C]TA	-1	227940.0	1451068272
JG0139c	8	59846418	N:TC[T>G]AG	-1	128422.0	1451196694
JG0139c	8	59956905	N:CC[T>G]CA	-1	110487.0	1451307181
JG0139c	8	60017971	N:TG[T>C]TA	1	61066.0	1451368247
JG0139c	8	60138886	N:CC[T>G]TA	-1	120915.0	1451489162
JG0139c	8	60439526	N:AC[T>G]AA	-1	300640.0	1451789802
JG0139c	8	60782884	T:AC[T>G]TA	-1	343358.0	1452133160
JG0139c	8	60783329	T:TC[T>G]TA	-1	445.0	1452133605
JG0139c	8	61227766	T:AC[T>A]TA	-1	444437.0	1452578042
JG0139c	8	61364581	T:TC[T>G]TA	-1	136815.0	1452714857
JG0139c	8	61373822	U:GC[T>C]TA	1	9241.0	1452724098
JG0139c	8	61429167	T:GA[T>A]TA	-1	55345.0	1452779443
JG0139c	8	61814489	N:GC[T>A]TA	-1	385322.0	1453164765
JG0139c	8	62212986	N:AG[T>G]TA	-1	398497.0	1453563262
JG0139c	8	63032160	U:AC[T>C]CA	-1	819174.0	1454382436
JG0139c	8	63083438	U:TC[T>A]CA	-1	51278.0	1454433714
JG0139c	8	63426746	N:TC[T>C]CC	-1	343308.0	1454777022
JG0139c	8	66167145	T:AG[T>C]CC	-1	2740399.0	1457517421
JG0139c	8	66981071	U:GG[T>G]CA	-1	813926.0	1458331347
JG0139c	8	67030198	N:GG[T>G]TT	-1	49127.0	1458380474
JG0139c	8	67047595	U:TC[T>G]TC	-1	17397.0	1458397871
JG0139c	8	67400821	N:GA[T>C]TA	-1	353226.0	1458751097
JG0139c	8	69308398	N:TC[T>G]AC	-1	1907577.0	1460658674
JG0139c	8	69490441	U:TT[T>G]TT	1	182043.0	1460840717
JG0139c	8	69631814	T:AG[C>T]AG	-1	141373.0	1460982090
JG0139c	8	69955905	N:GC[T>A]TG	-1	324091.0	1461306181
JG0139c	8	70453076	N:AC[T>G]TC	-1	497171.0	1461803352
JG0139c	8	71020122	N:TC[T>G]TG	1	567046.0	1462370398
JG0139c	8	71040472	N:AC[T>G]TA	-1	20350.0	1462390748
JG0139c	8	71182428	N:AC[T>C]CA	-1	141956.0	1462532704
JG0139c	8	71418784	U:AC[T>G]TC	-1	236356.0	1462769060
JG0139c	8	71524286	T:AC[T>G]TA	1	105502.0	1462874562
JG0139c	8	71798298	N:TC[T>C]CA	-1	274012.0	1463148574
JG0139c	8	71910583	N:TC[T>C]TT	1	112285.0	1463260859
JG0139c	8	72372119	N:TG[T>G]TC	-1	461536.0	1463722395
JG0139c	8	72546458	T:AC[T>G]GC	-1	174339.0	1463896734
JG0139c	8	72618658	T:CC[T>C]TT	-1	72200.0	1463968934
JG0139c	8	72632545	U:GC[T>A]GC	1	13887.0	1463982821
JG0139c	8	72660361	U:AG[T>A]CC	1	27816.0	1464010637
JG0139c	8	72784714	U:AC[T>A]CC	1	124353.0	1464134990
JG0139c	8	72904326	U:AC[T>C]TT	1	119612.0	1464254602
JG0139c	8	74073692	N:GT[C>A]TT	1	1169366.0	1465423968
JG0139c	8	74418049	N:AC[T>G]TA	-1	344357.0	1465768325
JG0139c	8	74486727	N:TC[T>G]TA	-1	68678.0	1465837003
JG0139c	8	74710148	N:GC[T>G]TA	-1	223421.0	1466060424
JG0139c	8	74940825	N:AC[T>C]CC	-1	230677.0	1466291101
JG0139c	8	75853286	N:TC[T>C]CG	1	912461.0	1467203562
JG0139c	8	76892324	N:AC[T>C]TG	-1	1039038.0	1468242600
JG0139c	8	78212076	N:AC[T>G]CA	-1	1319752.0	1469562352
JG0139c	8	78477255	N:AA[T>G]TA	-1	265179.0	1469827531
JG0139c	8	79992044	U:CC[T>C]CA	-1	1514789.0	1471342320
JG0139c	8	79999731	U:AC[T>G]TA	-1	7687.0	1471350007
JG0139c	8	80004162	U:TC[T>G]CA	-1	4431.0	1471354438
JG0139c	8	80339924	N:AC[T>C]GA	1	335762.0	1471690200
JG0139c	8	80372334	N:CC[T>G]TG	-1	32410.0	1471722610
JG0139c	8	80387387	N:AC[T>C]TG	-1	15053.0	1471737663
JG0139c	8	81492653	N:TC[T>G]TA	-1	1105266.0	1472842929
JG0139c	8	81947491	N:AC[T>C]TT	1	454838.0	1473297767
JG0139c	8	82227186	N:AC[T>A]AG	1	279695.0	1473577462
JG0139c	8	82496013	N:AC[T>C]TA	1	268827.0	1473846289
JG0139c	8	82560260	N:AC[T>A]TG	1	64247.0	1473910536
JG0139c	8	83382171	N:GC[T>G]TA	1	821911.0	1474732447
JG0139c	8	83732589	N:TC[T>G]TA	-1	350418.0	1475082865
JG0139c	8	83823849	N:TC[T>G]TC	1	91260.0	1475174125
JG0139c	8	84532263	U:AC[T>G]CA	1	708414.0	1475882539
JG0139c	8	85058008	N:TC[T>G]TT	1	525745.0	1476408284
JG0139c	8	86111658	U:AC[T>C]TA	1	1053650.0	1477461934
JG0139c	8	86664386	U:TC[T>G]TA	-1	552728.0	1478014662
JG0139c	8	86765955	N:TC[T>C]CA	1	101569.0	1478116231
JG0139c	8	86824416	N:GC[T>G]CA	1	58461.0	1478174692
JG0139c	8	87383317	U:TC[T>C]TA	1	558901.0	1478733593
JG0139c	8	87657856	N:AG[T>G]TT	-1	274539.0	1479008132
JG0139c	8	87669971	N:AG[T>G]TA	1	12115.0	1479020247
JG0139c	8	88260630	T:TA[C>T]TT	1	590659.0	1479610906
JG0139c	8	89285236	N:AC[T>G]CT	-1	1024606.0	1480635512
JG0139c	8	89492567	N:TC[T>G]CA	-1	207331.0	1480842843
JG0139c	8	90154769	N:TC[T>C]CA	-1	662202.0	1481505045
JG0139c	8	90230066	N:AC[T>G]TC	-1	75297.0	1481580342
JG0139c	8	90417628	N:AC[T>G]TA	-1	187562.0	1481767904
JG0139c	8	90788855	T:AC[T>G]TG	1	371227.0	1482139131
JG0139c	8	90874344	T:AC[T>G]TA	-1	85489.0	1482224620
JG0139c	8	90879569	U:TT[T>G]TC	1	5225.0	1482229845
JG0139c	8	91175180	U:TC[T>C]CA	1	295611.0	1482525456
JG0139c	8	91439649	N:GC[T>G]TT	-1	264469.0	1482789925
JG0139c	8	91446323	N:CA[T>G]TG	-1	6674.0	1482796599
JG0139c	8	91567046	N:TC[T>C]TA	-1	120723.0	1482917322
JG0139c	8	91691898	N:CC[T>C]TT	-1	124852.0	1483042174
JG0139c	8	91768178	N:TC[T>C]GA	-1	76280.0	1483118454
JG0139c	8	91853409	N:CC[T>G]TT	-1	85231.0	1483203685
JG0139c	8	92138372	N:AC[T>A]TT	1	284963.0	1483488648
JG0139c	8	92381416	N:GG[T>G]GA	-1	243044.0	1483731692
JG0139c	8	92389854	N:AC[T>C]TG	1	8438.0	1483740130
JG0139c	8	92440716	N:TC[T>G]TT	-1	50862.0	1483790992
JG0139c	8	93248115	N:AC[T>C]GC	1	807399.0	1484598391
JG0139c	8	93328060	N:TC[T>C]TA	1	79945.0	1484678336
JG0139c	8	93878852	N:AC[T>C]CT	-1	550792.0	1485229128
JG0139c	8	93924575	U:TC[T>A]TA	1	45723.0	1485274851
JG0139c	8	94528966	T:TC[T>A]TG	1	604391.0	1485879242
JG0139c	8	94532758	U:AC[T>C]CC	-1	3792.0	1485883034
JG0139c	8	95414119	N:TC[T>C]TA	-1	881361.0	1486764395
JG0139c	8	95460333	N:TC[T>C]TG	-1	46214.0	1486810609
JG0139c	8	95902741	N:TC[T>C]TG	1	442408.0	1487253017
JG0139c	8	95983178	N:GC[T>C]CA	1	80437.0	1487333454
JG0139c	8	96199922	N:AC[T>G]TG	1	216744.0	1487550198
JG0139c	8	96605484	T:TT[T>G]TG	-1	405562.0	1487955760
JG0139c	8	96716570	T:CG[T>G]TC	-1	111086.0	1488066846
JG0139c	8	96919242	U:AC[T>A]CA	1	202672.0	1488269518
JG0139c	8	96990330	U:AG[T>A]CC	1	71088.0	1488340606
JG0139c	8	97104671	U:TC[T>G]TG	1	114341.0	1488454947
JG0139c	8	97126187	T:GC[T>C]TT	-1	21516.0	1488476463
JG0139c	8	97185128	N:AC[T>C]CT	-1	58941.0	1488535404
JG0139c	8	97240638	N:AC[T>C]GC	1	55510.0	1488590914
JG0139c	8	97252277	N:AC[T>C]TA	1	11639.0	1488602553
JG0139c	8	97637610	N:AC[T>C]GC	-1	385333.0	1488987886
JG0139c	8	98001892	T:TC[T>G]TC	-1	364282.0	1489352168
JG0139c	8	98072846	U:CC[T>G]TT	1	70954.0	1489423122
JG0139c	8	98093779	N:TC[T>G]CA	-1	20933.0	1489444055
JG0139c	8	98320407	N:AT[T>G]TG	-1	226628.0	1489670683
JG0139c	8	98418802	N:AC[T>C]CT	1	98395.0	1489769078
JG0139c	8	98610072	T:AC[T>G]TT	1	191270.0	1489960348
JG0139c	8	98797236	T:TC[T>C]TG	1	187164.0	1490147512
JG0139c	8	98897355	U:TC[T>G]TG	-1	100119.0	1490247631
JG0139c	8	99572265	T:CA[T>G]TA	-1	674910.0	1490922541
JG0139c	8	99821292	T:CC[T>C]GG	-1	249027.0	1491171568
JG0139c	8	99824040	T:AG[T>G]TG	-1	2748.0	1491174316
JG0139c	8	99890695	T:TC[T>C]TT	1	66655.0	1491240971
JG0139c	8	100089125	U:CC[T>G]TC	-1	198430.0	1491439401
JG0139c	8	100093190	U:AT[T>G]TG	-1	4065.0	1491443466
JG0139c	8	100301000	U:AC[T>C]AG	-1	207810.0	1491651276
JG0139c	8	100431963	N:GG[T>A]TC	1	130963.0	1491782239
JG0139c	8	101032045	N:GC[T>C]TA	-1	600082.0	1492382321
JG0139c	8	101286289	N:GT[C>G]CT	-1	254244.0	1492636565
JG0139c	8	101490243	N:TC[T>C]TG	-1	203954.0	1492840519
JG0139c	8	101744085	U:CC[T>C]TG	-1	253842.0	1493094361
JG0139c	8	101894684	U:GG[T>G]GA	-1	150599.0	1493244960
JG0139c	8	102578311	N:GC[T>C]TG	-1	683627.0	1493928587
JG0139c	8	102842170	U:AC[T>G]TC	-1	263859.0	1494192446
JG0139c	8	103490305	T:TG[T>G]TT	1	648135.0	1494840581
JG0139c	8	103773113	T:TC[T>G]TG	-1	282808.0	1495123389
JG0139c	8	103790969	T:TC[T>A]CC	-1	17856.0	1495141245
JG0139c	8	103931201	T:AC[T>G]TT	-1	140232.0	1495281477
JG0139c	8	104072055	U:TC[T>C]TA	1	140854.0	1495422331
JG0139c	8	104147109	U:TC[T>G]TT	1	75054.0	1495497385
JG0139c	8	104297517	N:AC[T>C]CA	1	150408.0	1495647793
JG0139c	8	104304483	N:TC[T>C]TT	1	6966.0	1495654759
JG0139c	8	104790365	N:TC[T>G]CT	1	485882.0	1496140641
JG0139c	8	104928489	N:CA[T>A]TT	1	138124.0	1496278765
JG0139c	8	105246651	N:AG[T>C]GT	1	318162.0	1496596927
JG0139c	8	105395395	U:TC[T>C]TA	1	148744.0	1496745671
JG0139c	8	105454636	U:TC[T>C]GT	1	59241.0	1496804912
JG0139c	8	105851368	N:TC[T>C]TG	1	396732.0	1497201644
JG0139c	8	105991409	N:AT[T>G]TA	1	140041.0	1497341685
JG0139c	8	106011576	N:GT[T>G]AA	-1	20167.0	1497361852
JG0139c	8	106048361	N:TC[T>C]CC	1	36785.0	1497398637
JG0139c	8	106122074	N:TC[T>A]CC	1	73713.0	1497472350
JG0139c	8	106122128	N:GC[T>G]CC	1	54.0	1497472404
JG0139c	8	106145799	N:AC[T>G]CC	1	23671.0	1497496075
JG0139c	8	106563693	U:TC[T>C]CA	1	417894.0	1497913969
JG0139c	8	106574760	U:AC[T>C]TA	1	11067.0	1497925036
JG0139c	8	106600337	T:AC[T>C]GG	-1	25577.0	1497950613
JG0139c	8	106613688	U:AC[T>G]GA	1	13351.0	1497963964
JG0139c	8	106625312	U:AC[T>C]TG	1	11624.0	1497975588
JG0139c	8	106749906	T:AC[T>C]TA	-1	124594.0	1498100182
JG0139c	8	106779102	N:GC[T>A]TG	1	29196.0	1498129378
JG0139c	8	106915857	N:AC[T>C]CA	-1	136755.0	1498266133
JG0139c	8	106946979	N:GC[T>G]GG	-1	31122.0	1498297255
JG0139c	8	107002974	N:AG[T>G]TT	-1	55995.0	1498353250
JG0139c	8	107089389	N:GC[T>G]TG	-1	86415.0	1498439665
JG0139c	8	107096064	N:TC[T>C]TG	1	6675.0	1498446340
JG0139c	8	107230224	N:GT[C>T]CA	1	134160.0	1498580500
JG0139c	8	107626741	N:TC[T>C]TG	1	396517.0	1498977017
JG0139c	8	107675481	N:AA[T>G]TC	-1	48740.0	1499025757
JG0139c	8	107686791	N:TC[T>C]TA	1	11310.0	1499037067
JG0139c	8	107960483	U:AT[T>C]TG	-1	273692.0	1499310759
JG0139c	8	109170791	N:AC[T>A]CA	1	1210308.0	1500521067
JG0139c	8	109740795	N:GC[T>C]TA	-1	570004.0	1501091071
JG0139c	8	109798368	N:AC[T>A]CT	-1	57573.0	1501148644
JG0139c	8	109899456	N:GC[T>G]GC	-1	101088.0	1501249732
JG0139c	8	109926391	N:AC[T>C]TT	1	26935.0	1501276667
JG0139c	8	110238064	N:AC[T>C]TA	1	311673.0	1501588340
JG0139c	8	110467620	N:AC[T>G]TT	1	229556.0	1501817896
JG0139c	8	110659146	N:GG[T>C]GA	1	191526.0	1502009422
JG0139c	8	110829706	N:AA[T>G]TC	-1	170560.0	1502179982
JG0139c	8	110883717	N:AC[T>G]TA	1	54011.0	1502233993
JG0139c	8	110906168	N:AG[T>C]CA	1	22451.0	1502256444
JG0139c	8	111240017	N:CT[T>C]TA	1	333849.0	1502590293
JG0139c	8	111266756	N:AA[C>T]GG	1	26739.0	1502617032
JG0139c	8	111576701	N:AC[T>C]TT	1	309945.0	1502926977
JG0139c	8	111610890	N:TC[T>G]TA	-1	34189.0	1502961166
JG0139c	8	111765539	N:TC[T>G]TA	-1	154649.0	1503115815
JG0139c	8	112532673	U:AG[T>G]TA	-1	767134.0	1503882949
JG0139c	8	112552473	U:TC[T>C]TG	-1	19800.0	1503902749
JG0139c	8	112605792	T:AC[T>C]TG	1	53319.0	1503956068
JG0139c	8	112870676	U:AC[T>G]CA	-1	264884.0	1504220952
JG0139c	8	112931560	T:AC[T>G]TC	1	60884.0	1504281836
JG0139c	8	113597026	N:TC[T>C]TG	-1	665466.0	1504947302
JG0139c	8	114207862	N:AC[T>C]TG	1	610836.0	1505558138
JG0139c	8	114253611	N:TC[T>G]TG	-1	45749.0	1505603887
JG0139c	8	114897808	N:GC[T>G]TT	1	644197.0	1506248084
JG0139c	8	114930246	N:TC[T>G]TA	-1	32438.0	1506280522
JG0139c	8	115591257	T:AG[T>C]TG	1	661011.0	1506941533
JG0139c	8	115740398	T:TC[T>A]TG	1	149141.0	1507090674
JG0139c	8	116331409	N:CC[T>G]TT	-1	591011.0	1507681685
JG0139c	8	116435588	N:AG[T>G]TA	-1	104179.0	1507785864
JG0139c	8	116594055	N:AA[T>G]TA	-1	158467.0	1507944331
JG0139c	8	116739600	U:TC[T>G]CG	-1	145545.0	1508089876
JG0139c	8	116773517	T:AC[T>G]TA	-1	33917.0	1508123793
JG0139c	8	116968162	T:AG[T>G]TG	-1	194645.0	1508318438
JG0139c	8	117073036	U:AC[T>G]TT	1	104874.0	1508423312
JG0139c	8	117124443	U:GC[T>C]CA	1	51407.0	1508474719
JG0139c	8	117343904	N:GC[T>C]CA	1	219461.0	1508694180
JG0139c	8	117380535	N:CC[T>C]TC	1	36631.0	1508730811
JG0139c	8	117688860	N:AC[T>G]TC	-1	308325.0	1509039136
JG0139c	8	118047943	T:GC[T>G]TG	1	359083.0	1509398219
JG0139c	8	118285368	U:TC[T>G]TA	-1	237425.0	1509635644
JG0139c	8	118395189	U:CA[T>G]TG	-1	109821.0	1509745465
JG0139c	8	118510292	U:AC[T>C]TA	-1	115103.0	1509860568
JG0139c	8	118541434	U:TC[T>C]TG	-1	31142.0	1509891710
JG0139c	8	118643627	N:CC[T>G]TC	-1	102193.0	1509993903
JG0139c	8	118979067	N:GT[T>G]TA	1	335440.0	1510329343
JG0139c	8	119216449	T:CA[T>G]TA	-1	237382.0	1510566725
JG0139c	8	119713789	N:TC[T>G]CG	-1	497340.0	1511064065
JG0139c	8	119750783	T:AG[T>G]TG	1	36994.0	1511101059
JG0139c	8	119903128	U:TC[T>G]TG	1	152345.0	1511253404
JG0139c	8	120051872	N:CC[T>G]TC	1	148744.0	1511402148
JG0139c	8	120176618	T:CC[T>C]GA	-1	124746.0	1511526894
JG0139c	8	120357053	U:TC[T>C]TA	1	180435.0	1511707329
JG0139c	8	120368326	U:AC[T>C]TT	1	11273.0	1511718602
JG0139c	8	120690483	U:AG[T>G]TA	-1	322157.0	1512040759
JG0139c	8	120833897	N:AC[T>A]CC	-1	143414.0	1512184173
JG0139c	8	120936664	N:TC[T>G]TT	1	102767.0	1512286940
JG0139c	8	121179834	N:TG[T>C]TG	1	243170.0	1512530110
JG0139c	8	121317457	N:TG[T>C]CC	-1	137623.0	1512667733
JG0139c	8	121320074	N:CC[T>G]GA	-1	2617.0	1512670350
JG0139c	8	121943408	N:CC[T>C]TA	1	623334.0	1513293684
JG0139c	8	122114286	N:AA[T>G]TA	-1	170878.0	1513464562
JG0139c	8	122228419	N:AG[T>C]CA	1	114133.0	1513578695
JG0139c	8	122325363	N:AC[T>G]CA	1	96944.0	1513675639
JG0139c	8	122366116	N:GC[T>C]TA	1	40753.0	1513716392
JG0139c	8	122418471	N:GC[T>G]TG	-1	52355.0	1513768747
JG0139c	8	122487623	N:TC[T>G]TT	1	69152.0	1513837899
JG0139c	8	122495122	N:TC[T>C]TA	-1	7499.0	1513845398
JG0139c	8	122549067	N:GG[T>C]CA	1	53945.0	1513899343
JG0139c	8	122614636	N:CC[T>G]CA	1	65569.0	1513964912
JG0139c	8	122727906	N:AC[T>A]CG	-1	113270.0	1514078182
JG0139c	8	123022897	T:AC[T>G]CA	1	294991.0	1514373173
JG0139c	8	123108184	T:TC[T>G]TG	-1	85287.0	1514458460
JG0139c	8	123112802	T:AG[T>G]TA	-1	4618.0	1514463078
JG0139c	8	123213794	N:AG[T>C]TT	-1	100992.0	1514564070
JG0139c	8	123348627	U:TC[T>G]CA	-1	134833.0	1514698903
JG0139c	8	123854249	T:TC[T>A]CA	-1	505622.0	1515204525
JG0139c	8	123880282	T:AG[T>G]TA	-1	26033.0	1515230558
JG0139c	8	124080183	U:AG[T>C]TT	1	199901.0	1515430459
JG0139c	8	124080325	U:AC[T>A]TT	1	142.0	1515430601
JG0139c	8	124211871	N:AG[T>G]TG	-1	131546.0	1515562147
JG0139c	8	124518433	U:TC[T>G]CC	-1	306562.0	1515868709
JG0139c	8	124826794	N:GC[T>C]TG	1	308361.0	1516177070
JG0139c	8	125032905	U:GC[T>G]TT	-1	206111.0	1516383181
JG0139c	8	125039672	U:GC[T>G]TC	-1	6767.0	1516389948
JG0139c	8	125098289	U:TG[T>C]TG	1	58617.0	1516448565
JG0139c	8	125139849	U:AC[T>C]TT	1	41560.0	1516490125
JG0139c	8	125186753	T:TC[T>C]TT	-1	46904.0	1516537029
JG0139c	8	125603204	N:AC[T>G]TG	-1	416451.0	1516953480
JG0139c	8	125744188	N:CC[T>C]CC	-1	140984.0	1517094464
JG0139c	8	125770812	N:AC[T>G]TA	-1	26624.0	1517121088
JG0139c	8	125832098	N:AC[T>G]TC	-1	61286.0	1517182374
JG0139c	8	125941276	N:GC[T>C]CC	1	109178.0	1517291552
JG0139c	8	125970905	N:GC[T>G]TT	-1	29629.0	1517321181
JG0139c	8	126026768	N:CA[T>C]TG	1	55863.0	1517377044
JG0139c	8	126074805	N:AC[T>G]CT	-1	48037.0	1517425081
JG0139c	8	126138008	N:CC[T>A]TG	1	63203.0	1517488284
JG0139c	8	126154693	N:CC[T>G]TA	-1	16685.0	1517504969
JG0139c	8	126235889	N:AG[T>C]CA	1	81196.0	1517586165
JG0139c	8	126675031	N:TC[T>C]TG	1	439142.0	1518025307
JG0139c	8	126748254	N:TT[T>G]TT	1	73223.0	1518098530
JG0139c	8	126756248	N:TG[T>C]GA	1	7994.0	1518106524
JG0139c	8	126902277	N:TC[T>C]TT	1	146029.0	1518252553
JG0139c	8	127176486	N:TC[T>A]TC	-1	274209.0	1518526762
JG0139c	8	127497618	N:GC[T>C]CA	1	321132.0	1518847894
JG0139c	8	127562949	N:GT[T>G]TT	1	65331.0	1518913225
JG0139c	8	128200050	N:AC[T>G]TA	1	637101.0	1519550326
JG0139c	8	128396334	N:TC[T>C]TT	1	196284.0	1519746610
JG0139c	8	128408443	N:TC[T>C]TT	1	12109.0	1519758719
JG0139c	8	128712551	N:GC[T>G]TT	1	304108.0	1520062827
JG0139c	8	128792564	N:GC[T>C]GG	1	80013.0	1520142840
JG0139c	8	128920832	N:AC[T>C]TA	1	128268.0	1520271108
JG0139c	8	129354792	N:TC[T>A]CC	1	433960.0	1520705068
JG0139c	8	129422682	N:GC[T>C]CT	-1	67890.0	1520772958
JG0139c	8	129494903	N:AC[T>G]GA	-1	72221.0	1520845179
JG0139c	8	129760475	T:CC[T>A]TA	1	265572.0	1521110751
JG0139c	8	129779380	T:AC[T>G]TA	1	18905.0	1521129656
JG0139c	8	130286547	T:AC[T>G]TA	1	507167.0	1521636823
JG0139c	8	130469050	N:TC[T>G]TA	-1	182503.0	1521819326
JG0139c	8	130528513	N:AG[T>G]CA	1	59463.0	1521878789
JG0139c	8	130654496	N:GC[T>G]TA	1	125983.0	1522004772
JG0139c	8	130760943	N:GA[T>G]TA	-1	106447.0	1522111219
JG0139c	8	130774158	N:TC[T>C]AG	-1	13215.0	1522124434
JG0139c	8	130785564	U:GC[T>A]CA	-1	11406.0	1522135840
JG0139c	8	130850379	T:AC[T>C]CT	1	64815.0	1522200655
JG0139c	8	130910440	U:AC[T>G]CA	-1	60061.0	1522260716
JG0139c	8	131108741	N:TG[T>C]AA	1	198301.0	1522459017
JG0139c	8	131188220	N:AA[T>G]CT	1	79479.0	1522538496
JG0139c	8	131195228	N:TC[T>C]TC	1	7008.0	1522545504
JG0139c	8	131227709	N:AC[T>G]TA	1	32481.0	1522577985
JG0139c	8	131238603	N:TC[T>A]GG	1	10894.0	1522588879
JG0139c	8	131251100	N:CC[T>C]CA	1	12497.0	1522601376
JG0139c	8	131530356	N:TC[T>G]TA	1	279256.0	1522880632
JG0139c	8	131583351	N:GC[T>G]TG	1	52995.0	1522933627
JG0139c	8	131588438	N:TC[T>C]TT	1	5087.0	1522938714
JG0139c	8	131708093	N:AC[T>G]TT	-1	119655.0	1523058369
JG0139c	8	131738493	N:AC[T>C]TC	1	30400.0	1523088769
JG0139c	8	131758139	N:TC[T>C]CT	1	19646.0	1523108415
JG0139c	8	131935065	T:AC[T>C]TT	-1	176926.0	1523285341
JG0139c	8	132000027	T:AC[T>G]TT	-1	64962.0	1523350303
JG0139c	8	132014630	N:AG[T>G]TT	1	14603.0	1523364906
JG0139c	8	132345203	U:AC[T>G]TA	-1	330573.0	1523695479
JG0139c	8	132644261	T:AC[T>C]CA	1	299058.0	1523994537
JG0139c	8	132677121	N:GC[T>C]GA	1	32860.0	1524027397
JG0139c	8	132681608	N:TC[T>C]TT	1	4487.0	1524031884
JG0139c	8	132736722	T:AC[T>G]TG	1	55114.0	1524086998
JG0139c	8	132968567	U:TC[T>C]CT	1	231845.0	1524318843
JG0139c	8	133450964	N:TC[T>C]TA	1	482397.0	1524801240
JG0139c	8	133536483	T:TC[T>C]CT	1	85519.0	1524886759
JG0139c	8	133564942	T:TC[T>C]TC	1	28459.0	1524915218
JG0139c	8	133565032	T:CC[T>C]TA	1	90.0	1524915308
JG0139c	8	133654014	N:TC[T>G]TG	1	88982.0	1525004290
JG0139c	8	134086313	N:TC[T>C]CA	1	432299.0	1525436589
JG0139c	8	134265695	N:CC[T>G]TG	1	179382.0	1525615971
JG0139c	8	134284868	N:AG[T>C]AA	1	19173.0	1525635144
JG0139c	8	134293959	N:TC[T>C]TG	1	9091.0	1525644235
JG0139c	8	134330844	N:AC[T>C]TT	-1	36885.0	1525681120
JG0139c	8	134369476	N:GC[T>G]TA	1	38632.0	1525719752
JG0139c	8	134397400	N:TC[T>G]TT	1	27924.0	1525747676
JG0139c	8	134446456	N:TG[T>G]TC	1	49056.0	1525796732
JG0139c	8	134491907	T:TC[T>A]TG	1	45451.0	1525842183
JG0139c	8	134924282	N:AC[T>A]TT	1	432375.0	1526274558
JG0139c	8	134962105	N:AC[T>A]TT	1	37823.0	1526312381
JG0139c	8	135078592	N:GC[T>G]TT	1	116487.0	1526428868
JG0139c	8	135129112	N:CC[T>C]GC	1	50520.0	1526479388
JG0139c	8	135242686	N:GC[T>G]TC	1	113574.0	1526592962
JG0139c	8	135282830	N:AC[T>C]GG	1	40144.0	1526633106
JG0139c	8	135310459	N:TC[T>C]TA	1	27629.0	1526660735
JG0139c	8	135357419	N:AC[T>A]TA	1	46960.0	1526707695
JG0139c	8	135555840	U:CG[T>C]CA	1	198421.0	1526906116
JG0139c	8	135668961	N:AC[T>G]TT	-1	113121.0	1527019237
JG0139c	8	135719081	N:CC[T>C]CA	-1	50120.0	1527069357
JG0139c	8	135982980	N:TC[T>C]CA	-1	263899.0	1527333256
JG0139c	8	135994928	N:GC[T>C]TG	1	11948.0	1527345204
JG0139c	8	136092564	N:TA[C>A]AA	-1	97636.0	1527442840
JG0139c	8	136238013	N:TC[T>C]TA	1	145449.0	1527588289
JG0139c	8	136456741	N:AG[T>C]CT	-1	218728.0	1527807017
JG0139c	8	136919165	N:AC[T>C]CA	1	462424.0	1528269441
JG0139c	8	136930377	N:AC[T>C]GG	1	11212.0	1528280653
JG0139c	8	137200632	N:AG[T>C]AG	1	270255.0	1528550908
JG0139c	8	137244839	N:TC[T>C]CA	1	44207.0	1528595115
JG0139c	8	137420667	N:CA[C>T]CC	1	175828.0	1528770943
JG0139c	8	138017587	N:CC[T>C]CT	1	596920.0	1529367863
JG0139c	8	138117360	N:GC[T>C]CG	1	99773.0	1529467636
JG0139c	8	138227143	U:GG[T>C]CA	-1	109783.0	1529577419
JG0139c	8	138397908	T:CC[T>C]GA	1	170765.0	1529748184
JG0139c	8	139015474	N:TC[T>G]CC	-1	617566.0	1530365750
JG0139c	8	139065903	N:AC[T>C]TG	1	50429.0	1530416179
JG0139c	8	139178051	N:AC[T>A]CC	1	112148.0	1530528327
JG0139c	8	139206030	N:TC[T>C]CA	-1	27979.0	1530556306
JG0139c	8	139384701	N:TC[T>C]TA	1	178671.0	1530734977
JG0139c	8	139467663	N:AC[T>G]TA	-1	82962.0	1530817939
JG0139c	8	139537333	N:AC[T>G]TG	1	69670.0	1530887609
JG0139c	8	139549800	N:TC[T>G]TA	1	12467.0	1530900076
JG0139c	8	139561204	N:CC[T>G]TA	1	11404.0	1530911480
JG0139c	8	139652163	T:GC[T>C]TG	1	90959.0	1531002439
JG0139c	8	139745900	U:GC[T>A]CG	-1	93737.0	1531096176
JG0139c	8	139755212	U:AC[T>A]GA	-1	9312.0	1531105488
JG0139c	8	139762840	U:AC[T>C]CA	-1	7628.0	1531113116
JG0139c	8	140120028	U:TC[T>A]CA	-1	357188.0	1531470304
JG0139c	8	140198445	T:GA[T>C]CG	1	78417.0	1531548721
JG0139c	8	140954967	U:TC[T>G]TC	-1	756522.0	1532305243
JG0139c	8	141327334	N:GC[T>G]TT	-1	372367.0	1532677610
JG0139c	8	141383530	N:AC[T>C]TG	-1	56196.0	1532733806
JG0139c	8	141410958	T:CC[T>C]GA	-1	27428.0	1532761234
JG0139c	8	142278620	U:GG[T>C]GA	-1	867662.0	1533628896
JG0139c	8	142279642	U:TC[T>C]CG	-1	1022.0	1533629918
JG0139c	8	142347556	T:AC[T>A]TG	1	67914.0	1533697832
JG0139c	8	143526545	U:AC[T>C]TG	-1	1178989.0	1534876821
JG0139c	8	143574255	N:GG[T>C]CA	1	47710.0	1534924531
JG0139c	8	143619666	N:CC[T>G]CA	-1	45411.0	1534969942
JG0139c	8	144132065	N:AC[T>C]CT	-1	512399.0	1535482341
JG0139c	8	144588442	U:TC[T>C]CT	-1	456377.0	1535938718
JG0139c	8	144606377	N:AC[T>G]CA	1	17935.0	1535956653
JG0139c	9	1284308	N:GT[T>G]TG	1		1537773220
JG0139c	9	2399854	N:TA[T>G]TT	-1	1115546.0	1538888766
JG0139c	9	2435731	N:TC[T>C]CA	-1	35877.0	1538924643
JG0139c	9	2435732	N:AT[C>T]TC	-1	1.0	1538924644
JG0139c	9	3221423	U:CA[T>G]TG	-1	785691.0	1539710335
JG0139c	9	3351736	T:AC[T>G]TC	1	130313.0	1539840648
JG0139c	9	3650423	N:TG[T>G]TA	-1	298687.0	1540139335
JG0139c	9	3711403	N:TC[T>G]TT	-1	60980.0	1540200315
JG0139c	9	4040743	U:CC[T>G]CT	-1	329340.0	1540529655
JG0139c	9	4235857	U:AC[T>G]CA	-1	195114.0	1540724769
JG0139c	9	5163244	U:CC[T>G]TA	-1	927387.0	1541652156
JG0139c	9	5491789	N:GC[T>G]CA	-1	328545.0	1541980701
JG0139c	9	5550564	T:TC[T>G]TC	-1	58775.0	1542039476
JG0139c	9	5695003	U:TC[T>C]TC	1	144439.0	1542183915
JG0139c	9	5702222	T:AC[T>G]GA	-1	7219.0	1542191134
JG0139c	9	6233961	U:TC[T>G]TA	1	531739.0	1542722873
JG0139c	9	6506463	U:CC[T>G]CA	1	272502.0	1542995375
JG0139c	9	6507477	N:CG[T>C]GA	1	1014.0	1542996389
JG0139c	9	7005714	U:AC[T>A]AG	1	498237.0	1543494626
JG0139c	9	7060990	T:GA[T>G]TG	-1	55276.0	1543549902
JG0139c	9	7290553	N:AC[T>C]GG	1	229563.0	1543779465
JG0139c	9	7452629	N:GC[T>C]GA	1	162076.0	1543941541
JG0139c	9	7707346	N:AT[T>G]TA	-1	254717.0	1544196258
JG0139c	9	8117997	N:TC[T>G]TG	1	410651.0	1544606909
JG0139c	9	8332214	U:AC[T>G]GC	-1	214217.0	1544821126
JG0139c	9	8367599	T:AC[T>C]TA	1	35385.0	1544856511
JG0139c	9	8644056	U:AC[T>C]TT	-1	276457.0	1545132968
JG0139c	9	8803598	T:GG[T>C]GG	1	159542.0	1545292510
JG0139c	9	8842628	T:TC[T>C]CA	1	39030.0	1545331540
JG0139c	9	8848147	T:AT[T>A]TT	1	5519.0	1545337059
JG0139c	9	8999036	U:TC[T>G]TG	-1	150889.0	1545487948
JG0139c	9	9437926	T:TC[T>C]CA	1	438890.0	1545926838
JG0139c	9	9502429	U:AC[T>C]TG	-1	64503.0	1545991341
JG0139c	9	9613473	T:TC[T>C]TG	1	111044.0	1546102385
JG0139c	9	9952724	U:TC[T>G]TT	-1	339251.0	1546441636
JG0139c	9	10064897	T:TC[T>G]TA	1	112173.0	1546553809
JG0139c	9	10546427	T:AC[T>C]TT	1	481530.0	1547035339
JG0139c	9	10902958	N:TC[T>G]TA	1	356531.0	1547391870
JG0139c	9	11054956	N:TC[T>C]CA	1	151998.0	1547543868
JG0139c	9	11132696	N:TC[T>A]CA	1	77740.0	1547621608
JG0139c	9	11189449	N:TC[T>C]CT	1	56753.0	1547678361
JG0139c	9	11558897	N:TC[T>A]TA	1	369448.0	1548047809
JG0139c	9	11560038	N:GA[T>A]AT	-1	1141.0	1548048950
JG0139c	9	11645301	N:TC[T>C]CA	1	85263.0	1548134213
JG0139c	9	11680778	N:TG[T>C]GG	1	35477.0	1548169690
JG0139c	9	11760916	N:AC[T>G]TT	-1	80138.0	1548249828
JG0139c	9	11933425	N:AC[T>C]TG	1	172509.0	1548422337
JG0139c	9	13186580	U:TC[T>G]TA	-1	1253155.0	1549675492
JG0139c	9	13712455	N:AC[T>G]TG	1	525875.0	1550201367
JG0139c	9	13819725	N:TC[T>A]CA	1	107270.0	1550308637
JG0139c	9	14462545	N:CA[C>T]TT	-1	642820.0	1550951457
JG0139c	9	14657973	U:AG[T>G]TT	-1	195428.0	1551146885
JG0139c	9	14695365	N:TC[T>G]TA	-1	37392.0	1551184277
JG0139c	9	14930201	N:TC[T>C]CT	1	234836.0	1551419113
JG0139c	9	15074865	N:GC[T>G]TA	1	144664.0	1551563777
JG0139c	9	15189999	T:TC[T>G]TA	1	115134.0	1551678911
JG0139c	9	15391205	N:AC[T>G]TC	1	201206.0	1551880117
JG0139c	9	15618298	U:CC[T>A]CC	1	227093.0	1552107210
JG0139c	9	15805740	T:AC[T>C]CT	-1	187442.0	1552294652
JG0139c	9	15907276	T:GG[T>G]TA	-1	101536.0	1552396188
JG0139c	9	16051164	N:TG[T>G]TT	1	143888.0	1552540076
JG0139c	9	16188977	N:CC[T>C]CT	-1	137813.0	1552677889
JG0139c	9	16443572	T:AC[T>G]TA	1	254595.0	1552932484
JG0139c	9	16786130	T:AC[T>C]CT	1	342558.0	1553275042
JG0139c	9	16792914	U:AG[T>G]TA	-1	6784.0	1553281826
JG0139c	9	16806729	T:AC[T>G]AC	1	13815.0	1553295641
JG0139c	9	17650439	U:TC[T>G]TG	1	843710.0	1554139351
JG0139c	9	17687915	U:TG[T>A]TA	1	37476.0	1554176827
JG0139c	9	17800257	N:TC[T>C]TA	-1	112342.0	1554289169
JG0139c	9	17801264	N:TC[T>C]TT	1	1007.0	1554290176
JG0139c	9	17903704	N:TC[T>G]TC	1	102440.0	1554392616
JG0139c	9	17917890	U:AG[T>G]TA	1	14186.0	1554406802
JG0139c	9	18135100	U:TC[T>C]TA	1	217210.0	1554624012
JG0139c	9	18259416	U:AC[T>C]CA	1	124316.0	1554748328
JG0139c	9	19671585	T:AG[C>G]AC	1	1412169.0	1556160497
JG0139c	9	19790747	N:AA[T>G]TA	1	119162.0	1556279659
JG0139c	9	19808143	N:TC[T>G]TA	-1	17396.0	1556297055
JG0139c	9	19972364	N:CC[T>C]TA	1	164221.0	1556461276
JG0139c	9	19988480	N:CC[T>G]GG	-1	16116.0	1556477392
JG0139c	9	19996475	N:GC[T>A]TA	1	7995.0	1556485387
JG0139c	9	20146648	N:TT[T>G]TA	1	150173.0	1556635560
JG0139c	9	20285566	N:AC[T>A]CA	1	138918.0	1556774478
JG0139c	9	20923200	T:AC[T>G]TC	-1	637634.0	1557412112
JG0139c	9	20961695	U:AC[T>C]TG	1	38495.0	1557450607
JG0139c	9	21073556	N:AA[T>G]TA	-1	111861.0	1557562468
JG0139c	9	21208598	N:GC[T>C]TT	1	135042.0	1557697510
JG0139c	9	21427885	N:GC[T>A]TG	1	219287.0	1557916797
JG0139c	9	21546070	N:AC[T>G]TA	1	118185.0	1558034982
JG0139c	9	21601637	N:CC[T>C]CA	1	55567.0	1558090549
JG0139c	9	21734959	N:AC[T>G]CA	-1	133322.0	1558223871
JG0139c	9	22523515	N:GA[T>G]TA	-1	788556.0	1559012427
JG0139c	9	22602349	N:AC[T>C]CC	-1	78834.0	1559091261
JG0139c	9	22617230	N:AC[T>G]CT	-1	14881.0	1559106142
JG0139c	9	22662912	N:TC[T>G]TA	-1	45682.0	1559151824
JG0139c	9	22704643	N:GA[T>G]TT	-1	41731.0	1559193555
JG0139c	9	22711495	N:AC[T>C]TG	-1	6852.0	1559200407
JG0139c	9	22847082	N:TT[T>G]TA	-1	135587.0	1559335994
JG0139c	9	22867317	N:AC[T>G]CA	1	20235.0	1559356229
JG0139c	9	22913286	N:AC[T>G]TT	1	45969.0	1559402198
JG0139c	9	22922768	N:TC[T>G]TA	-1	9482.0	1559411680
JG0139c	9	22941896	N:TC[T>C]CC	1	19128.0	1559430808
JG0139c	9	24043266	N:AC[T>G]CA	-1	1101370.0	1560532178
JG0139c	9	24096620	N:TC[T>C]CT	1	53354.0	1560585532
JG0139c	9	24291371	N:TG[T>G]CA	-1	194751.0	1560780283
JG0139c	9	24291381	N:CT[C>G]TA	-1	10.0	1560780293
JG0139c	9	24297757	N:TC[T>C]TG	1	6376.0	1560786669
JG0139c	9	24303135	N:CA[T>G]TA	-1	5378.0	1560792047
JG0139c	9	24325609	N:AA[T>G]TT	-1	22474.0	1560814521
JG0139c	9	24359718	N:TT[T>G]TT	-1	34109.0	1560848630
JG0139c	9	24873583	N:AG[T>A]TT	1	513865.0	1561362495
JG0139c	9	25239120	N:AG[T>G]TA	-1	365537.0	1561728032
JG0139c	9	25372819	N:TC[T>C]TG	-1	133699.0	1561861731
JG0139c	9	26035391	N:GC[T>G]TG	1	662572.0	1562524303
JG0139c	9	26198528	N:TC[T>G]TT	-1	163137.0	1562687440
JG0139c	9	26391219	N:TC[T>C]CA	1	192691.0	1562880131
JG0139c	9	26475781	N:TC[T>G]TC	-1	84562.0	1562964693
JG0139c	9	27274245	N:AC[T>C]GG	1	798464.0	1563763157
JG0139c	9	27567028	U:GC[T>G]TA	-1	292783.0	1564055940
JG0139c	9	27579761	N:GA[T>A]CA	-1	12733.0	1564068673
JG0139c	9	27604873	N:CC[T>G]TA	-1	25112.0	1564093785
JG0139c	9	27741129	N:AC[T>G]TT	-1	136256.0	1564230041
JG0139c	9	27893340	N:GC[T>G]AG	-1	152211.0	1564382252
JG0139c	9	27957020	U:CC[T>G]CA	-1	63680.0	1564445932
JG0139c	9	28059889	U:TC[T>G]TC	-1	102869.0	1564548801
JG0139c	9	28220493	T:TT[T>G]TT	1	160604.0	1564709405
JG0139c	9	28421540	T:TA[C>A]CA	1	201047.0	1564910452
JG0139c	9	28521379	U:CC[T>C]GT	-1	99839.0	1565010291
JG0139c	9	29045947	N:GC[T>C]GT	1	524568.0	1565534859
JG0139c	9	29771064	N:CG[T>A]CA	-1	725117.0	1566259976
JG0139c	9	29972712	N:TC[T>G]TC	-1	201648.0	1566461624
JG0139c	9	30201462	N:CC[T>C]TG	1	228750.0	1566690374
JG0139c	9	30239672	N:CC[T>G]TT	1	38210.0	1566728584
JG0139c	9	30773391	N:AC[T>C]CG	1	533719.0	1567262303
JG0139c	9	31021276	N:GG[T>C]CA	1	247885.0	1567510188
JG0139c	9	31060291	N:GC[T>C]TG	1	39015.0	1567549203
JG0139c	9	31104711	N:GC[T>G]CA	1	44420.0	1567593623
JG0139c	9	31224605	N:TC[T>G]TT	1	119894.0	1567713517
JG0139c	9	31522582	N:TC[T>C]TA	1	297977.0	1568011494
JG0139c	9	31660814	N:AT[T>G]TA	-1	138232.0	1568149726
JG0139c	9	31831248	N:TC[T>G]TA	-1	170434.0	1568320160
JG0139c	9	33072971	T:TC[T>A]TG	1	1241723.0	1569561883
JG0139c	9	34786454	N:AC[T>G]AG	1	1713483.0	1571275366
JG0139c	9	36129810	N:TC[T>G]TC	1	1343356.0	1572618722
JG0139c	9	37304809	U:AC[T>G]TA	1	1174999.0	1573793721
JG0139c	9	38100708	N:AC[T>G]TT	-1	795899.0	1574589620
JG0139c	9	38365791	N:AA[T>G]TA	-1	265083.0	1574854703
JG0139c	9	42338924	N:GG[T>G]TA	1	3973133.0	1578827836
JG0139c	9	43142285	N:GC[T>C]GG	1	803361.0	1579631197
JG0139c	9	64045587	N:TC[T>C]TT	-1	20903302.0	1600534499
JG0139c	9	68518491	U:AG[T>G]TA	1	4472904.0	1605007403
JG0139c	9	68551446	N:TC[T>C]TG	1	32955.0	1605040358
JG0139c	9	69643382	T:AC[T>A]TA	1	1091936.0	1606132294
JG0139c	9	71295741	U:TC[T>C]CA	-1	1652359.0	1607784653
JG0139c	9	71830266	N:GC[T>G]TT	-1	534525.0	1608319178
JG0139c	9	72173059	U:GC[T>C]TA	1	342793.0	1608661971
JG0139c	9	73323774	N:AC[T>G]TG	1	1150715.0	1609812686
JG0139c	9	73586148	N:TC[T>C]TG	-1	262374.0	1610075060
JG0139c	9	73830638	N:GG[T>C]CC	1	244490.0	1610319550
JG0139c	9	74088076	N:AC[T>C]CT	1	257438.0	1610576988
JG0139c	9	74302407	N:AC[T>G]TA	1	214331.0	1610791319
JG0139c	9	74312640	N:TC[T>C]TG	1	10233.0	1610801552
JG0139c	9	74450600	N:GC[T>G]TT	1	137960.0	1610939512
JG0139c	9	75369794	N:GA[T>G]TT	1	919194.0	1611858706
JG0139c	9	78611996	N:GC[T>C]TT	1	3242202.0	1615100908
JG0139c	9	78825157	N:AC[T>G]TC	1	213161.0	1615314069
JG0139c	9	79285050	N:TC[T>C]GT	1	459893.0	1615773962
JG0139c	9	79924945	N:GC[T>C]TG	1	639895.0	1616413857
JG0139c	9	79982997	N:GC[T>G]TA	1	58052.0	1616471909
JG0139c	9	82247350	N:AA[T>G]TC	1	2264353.0	1618736262
JG0139c	9	83276129	T:TC[T>C]AT	1	1028779.0	1619765041
JG0139c	9	83608622	N:GC[T>C]TG	1	332493.0	1620097534
JG0139c	9	83629557	U:GC[T>C]TC	1	20935.0	1620118469
JG0139c	9	84272185	N:TC[T>A]TG	1	642628.0	1620761097
JG0139c	9	85351211	N:AC[T>C]CA	1	1079026.0	1621840123
JG0139c	9	86447147	N:TC[T>G]TT	-1	1095936.0	1622936059
JG0139c	9	87202528	N:AC[T>A]CG	1	755381.0	1623691440
JG0139c	9	87321581	N:AC[T>G]TG	1	119053.0	1623810493
JG0139c	9	88015786	N:AC[T>G]TG	-1	694205.0	1624504698
JG0139c	9	88022916	N:GT[C>A]AC	-1	7130.0	1624511828
JG0139c	9	88282017	N:AC[T>C]CA	1	259101.0	1624770929
JG0139c	9	89144538	T:GA[T>G]TT	1	862521.0	1625633450
JG0139c	9	89386449	T:GC[T>C]CG	1	241911.0	1625875361
JG0139c	9	89819889	N:TC[T>G]TG	1	433440.0	1626308801
JG0139c	9	90007416	N:TC[T>G]TA	1	187527.0	1626496328
JG0139c	9	90069959	N:AG[T>G]TG	1	62543.0	1626558871
JG0139c	9	90482082	N:CC[T>G]TA	1	412123.0	1626970994
JG0139c	9	90707779	N:TC[T>C]CA	1	225697.0	1627196691
JG0139c	9	90836898	U:TC[T>G]TG	1	129119.0	1627325810
JG0139c	9	91339670	T:TC[T>A]TG	1	502772.0	1627828582
JG0139c	9	91431053	N:TG[C>T]CA	-1	91383.0	1627919965
JG0139c	9	93646484	T:CC[T>C]CG	-1	2215431.0	1630135396
JG0139c	9	94987297	T:AC[T>G]TA	-1	1340813.0	1631476209
JG0139c	9	98611990	T:GG[T>A]TG	1	3624693.0	1635100902
JG0139c	9	98644041	U:TG[T>C]AA	-1	32051.0	1635132953
JG0139c	9	99658018	N:AC[T>C]TG	1	1013977.0	1636146930
JG0139c	9	101176108	U:GC[T>G]TG	1	1518090.0	1637665020
JG0139c	9	102847110	N:AC[T>C]TC	1	1671002.0	1639336022
JG0139c	9	103283423	N:TC[T>A]TA	1	436313.0	1639772335
JG0139c	9	103384149	N:AC[T>G]TT	1	100726.0	1639873061
JG0139c	9	103477699	N:TG[C>T]CT	-1	93550.0	1639966611
JG0139c	9	105602389	U:AC[T>A]TG	1	2124690.0	1642091301
JG0139c	9	106399405	N:GC[T>C]TC	-1	797016.0	1642888317
JG0139c	9	107149168	N:TC[C>A]AA	1	749763.0	1643638080
JG0139c	9	107983308	N:TC[T>A]CA	1	834140.0	1644472220
JG0139c	9	108482728	N:AG[T>C]CT	1	499420.0	1644971640
JG0139c	9	108778416	N:GC[T>C]AA	1	295688.0	1645267328
JG0139c	9	108798489	N:AC[T>G]TG	1	20073.0	1645287401
JG0139c	9	109508874	N:CC[T>G]CC	1	710385.0	1645997786
JG0139c	9	110330781	T:GA[T>C]CA	1	821907.0	1646819693
JG0139c	9	110879930	T:TG[T>G]TT	1	549149.0	1647368842
JG0139c	9	111115440	N:CC[T>C]CA	1	235510.0	1647604352
JG0139c	9	111243436	N:AC[T>A]TG	1	127996.0	1647732348
JG0139c	9	111271658	N:GC[T>A]CA	1	28222.0	1647760570
JG0139c	9	111314116	N:TC[T>A]TA	1	42458.0	1647803028
JG0139c	9	111696690	U:TT[C>T]AA	-1	382574.0	1648185602
JG0139c	9	112081083	U:TC[T>C]TG	-1	384393.0	1648569995
JG0139c	9	115128859	N:TC[T>G]TG	1	3047776.0	1651617771
JG0139c	9	117747426	U:AT[T>G]TA	1	2618567.0	1654236338
JG0139c	9	118341897	N:TC[T>A]TT	1	594471.0	1654830809
JG0139c	9	118738157	N:AA[C>A]CA	1	396260.0	1655227069
JG0139c	9	119829218	N:CT[C>A]TC	1	1091061.0	1656318130
JG0139c	9	120258096	N:AC[T>C]CA	1	428878.0	1656747008
JG0139c	9	122392451	U:CT[C>A]AA	1	2134355.0	1658881363
JG0139c	9	123869806	U:GG[C>G]TG	-1	1477355.0	1660358718
JG0139c	9	126994313	T:GG[T>G]TA	-1	3124507.0	1663483225
JG0139c	9	128806198	T:CC[T>C]GC	-1	1811885.0	1665295110
JG0139c	9	130101508	U:TC[T>C]CT	1	1295310.0	1666590420
JG0139c	9	132055616	T:AC[T>C]CA	1	1954108.0	1668544528
JG0139c	9	132182056	T:CC[T>G]TC	-1	126440.0	1668670968
JG0139c	9	132463569	T:CC[T>G]CT	-1	281513.0	1668952481
JG0139c	9	132609366	U:CC[T>G]CG	-1	145797.0	1669098278
JG0139c	9	132636351	T:TC[T>A]TA	1	26985.0	1669125263
JG0139c	9	133680268	T:GC[T>C]TC	1	1043917.0	1670169180
JG0139c	9	134098048	N:AC[T>C]TA	1	417780.0	1670586960
JG0139c	9	134423064	U:GG[T>A]TG	1	325016.0	1670911976
JG0139c	9	134710163	U:GC[T>G]TG	1	287099.0	1671199075
JG0139c	9	134737478	U:TC[T>C]GG	1	27315.0	1671226390
JG0139c	9	134740480	U:TC[T>C]CT	1	3002.0	1671229392
JG0139c	9	135171581	N:AT[T>G]TT	-1	431101.0	1671660493
JG0139c	9	135334987	N:GT[T>A]TG	1	163406.0	1671823899
JG0139c	9	135742242	T:AC[T>G]CC	-1	407255.0	1672231154
JG0139c	9	137920323	T:AC[T>G]TA	-1	2178081.0	1674409235
JG0139c	9	138115588	T:GG[T>C]GG	-1	195265.0	1674604500
JG0139c	10	109233	N:AG[T>G]TC	-1		1674992862
JG0139c	10	994724	T:AC[T>A]CT	-1	885491.0	1675878353
JG0139c	10	1193393	U:AG[T>G]CA	-1	198669.0	1676077022
JG0139c	10	1248445	U:AC[T>C]CC	-1	55052.0	1676132074
JG0139c	10	1271008	U:CC[T>G]CA	-1	22563.0	1676154637
JG0139c	10	1273311	U:AC[T>C]CC	-1	2303.0	1676156940
JG0139c	10	1285510	U:TC[T>C]CC	-1	12199.0	1676169139
JG0139c	10	1294551	U:GC[T>C]TG	-1	9041.0	1676178180
JG0139c	10	1313243	U:AC[T>A]CA	-1	18692.0	1676196872
JG0139c	10	1396542	U:AC[T>A]GC	-1	83299.0	1676280171
JG0139c	10	1445908	U:TA[T>G]TG	-1	49366.0	1676329537
JG0139c	10	1496361	U:GC[T>C]GA	-1	50453.0	1676379990
JG0139c	10	1957820	N:AC[T>G]TA	-1	461459.0	1676841449
JG0139c	10	2121148	N:TC[T>G]TA	-1	163328.0	1677004777
JG0139c	10	2249189	N:TT[T>G]TC	-1	128041.0	1677132818
JG0139c	10	2329545	N:TT[T>G]TA	-1	80356.0	1677213174
JG0139c	10	2431080	N:TC[T>C]TG	-1	101535.0	1677314709
JG0139c	10	3502337	N:AC[T>G]TT	-1	1071257.0	1678385966
JG0139c	10	3518407	N:AC[T>G]TA	-1	16070.0	1678402036
JG0139c	10	3811982	N:TG[T>G]TC	-1	293575.0	1678695611
JG0139c	10	3995701	N:AC[T>C]TA	1	183719.0	1678879330
JG0139c	10	4289565	N:TC[T>G]TG	1	293864.0	1679173194
JG0139c	10	4389082	N:AC[T>A]GA	-1	99517.0	1679272711
JG0139c	10	4542483	N:AC[T>A]TG	1	153401.0	1679426112
JG0139c	10	4645457	N:GT[C>A]CC	1	102974.0	1679529086
JG0139c	10	4645497	N:TC[T>C]AA	-1	40.0	1679529126
JG0139c	10	4852052	N:AC[T>A]CG	-1	206555.0	1679735681
JG0139c	10	5016701	U:AC[T>C]GC	-1	164649.0	1679900330
JG0139c	10	5031652	N:TC[T>G]TA	-1	14951.0	1679915281
JG0139c	10	5541102	N:GG[T>C]TT	-1	509450.0	1680424731
JG0139c	10	6429830	U:AC[T>C]TG	-1	888728.0	1681313459
JG0139c	10	6458332	U:AC[T>C]GG	-1	28502.0	1681341961
JG0139c	10	6463246	U:AC[T>A]CA	-1	4914.0	1681346875
JG0139c	10	6509457	T:GC[T>G]TC	1	46211.0	1681393086
JG0139c	10	7020512	N:GC[T>C]TT	-1	511055.0	1681904141
JG0139c	10	7144720	N:GC[T>C]CA	-1	124208.0	1682028349
JG0139c	10	7174875	U:CC[T>C]CA	-1	30155.0	1682058504
JG0139c	10	7176771	U:GC[T>C]TT	-1	1896.0	1682060400
JG0139c	10	7225789	T:AG[T>G]TA	1	49018.0	1682109418
JG0139c	10	7419266	N:TC[T>C]TG	1	193477.0	1682302895
JG0139c	10	7431703	N:AC[T>C]TA	-1	12437.0	1682315332
JG0139c	10	7712737	U:TC[T>G]TA	1	281034.0	1682596366
JG0139c	10	7748126	U:AC[T>C]TG	1	35389.0	1682631755
JG0139c	10	7759483	T:AC[T>G]TT	1	11357.0	1682643112
JG0139c	10	7967251	T:AC[T>C]TA	-1	207768.0	1682850880
JG0139c	10	8153689	N:AC[T>G]TT	-1	186438.0	1683037318
JG0139c	10	8372089	N:GC[T>C]AA	-1	218400.0	1683255718
JG0139c	10	8646372	N:GC[T>C]TG	-1	274283.0	1683530001
JG0139c	10	8714563	N:AC[T>C]TG	-1	68191.0	1683598192
JG0139c	10	8874296	N:TA[T>G]TA	-1	159733.0	1683757925
JG0139c	10	9391380	N:CC[T>G]TA	1	517084.0	1684275009
JG0139c	10	9443858	N:AC[T>G]TA	-1	52478.0	1684327487
JG0139c	10	9567295	N:TG[T>G]TT	1	123437.0	1684450924
JG0139c	10	9833809	N:TC[T>G]TA	1	266514.0	1684717438
JG0139c	10	10042289	N:AA[T>G]CT	1	208480.0	1684925918
JG0139c	10	10535517	N:TC[T>C]TG	-1	493228.0	1685419146
JG0139c	10	10550552	N:GG[T>G]TA	1	15035.0	1685434181
JG0139c	10	10731282	N:AC[T>A]TT	-1	180730.0	1685614911
JG0139c	10	10799164	T:AG[T>G]TG	-1	67882.0	1685682793
JG0139c	10	11045680	T:AC[T>G]TA	-1	246516.0	1685929309
JG0139c	10	11321890	U:AT[C>A]TC	1	276210.0	1686205519
JG0139c	10	11887833	N:TG[T>C]TC	-1	565943.0	1686771462
JG0139c	10	11963431	U:AC[T>A]TG	-1	75598.0	1686847060
JG0139c	10	12527155	T:GG[T>G]TA	-1	563724.0	1687410784
JG0139c	10	12577602	T:AC[T>A]TT	-1	50447.0	1687461231
JG0139c	10	12664143	T:AA[T>G]TC	-1	86541.0	1687547772
JG0139c	10	13483834	U:CC[T>A]CC	-1	819691.0	1688367463
JG0139c	10	13761879	T:AC[T>G]TA	1	278045.0	1688645508
JG0139c	10	13879092	U:GC[T>C]TA	-1	117213.0	1688762721
JG0139c	10	13879197	U:CT[C>G]AA	-1	105.0	1688762826
JG0139c	10	14067602	U:CC[T>C]CG	-1	188405.0	1688951231
JG0139c	10	14195550	T:TC[T>A]CC	1	127948.0	1689079179
JG0139c	10	14265154	U:AC[T>G]TA	-1	69604.0	1689148783
JG0139c	10	14276222	T:AC[T>G]GT	1	11068.0	1689159851
JG0139c	10	14380052	U:AC[T>C]CC	-1	103830.0	1689263681
JG0139c	10	14936084	U:CC[T>C]TG	-1	556032.0	1689819713
JG0139c	10	14981662	N:GG[T>G]TA	-1	45578.0	1689865291
JG0139c	10	15156471	U:TC[T>A]CA	-1	174809.0	1690040100
JG0139c	10	15262805	U:TG[T>G]TA	-1	106334.0	1690146434
JG0139c	10	15305300	T:GG[T>G]TA	1	42495.0	1690188929
JG0139c	10	15316189	U:AC[T>C]TA	-1	10889.0	1690199818
JG0139c	10	15450310	N:TC[T>C]GC	-1	134121.0	1690333939
JG0139c	10	15494595	N:CC[T>G]GA	-1	44285.0	1690378224
JG0139c	10	15506274	N:AC[T>G]TA	-1	11679.0	1690389903
JG0139c	10	15554164	U:AT[T>G]TA	-1	47890.0	1690437793
JG0139c	10	15556256	T:CC[T>G]GA	1	2092.0	1690439885
JG0139c	10	15576391	U:GC[T>G]TT	-1	20135.0	1690460020
JG0139c	10	15652285	U:CC[T>G]TA	-1	75894.0	1690535914
JG0139c	10	15939498	N:TC[T>C]TA	-1	287213.0	1690823127
JG0139c	10	15988445	N:AC[T>G]TA	1	48947.0	1690872074
JG0139c	10	16090969	N:AC[T>A]CA	-1	102524.0	1690974598
JG0139c	10	16156858	N:AC[T>G]GA	-1	65889.0	1691040487
JG0139c	10	16302280	N:GA[T>G]CA	1	145422.0	1691185909
JG0139c	10	16543470	N:GC[T>G]TT	-1	241190.0	1691427099
JG0139c	10	17000468	U:TC[T>C]TT	-1	456998.0	1691884097
JG0139c	10	17218553	N:GG[T>G]CA	1	218085.0	1692102182
JG0139c	10	17319410	T:TG[T>G]TG	1	100857.0	1692203039
JG0139c	10	17364328	T:GG[T>G]TA	1	44918.0	1692247957
JG0139c	10	17478733	N:CC[T>C]CG	-1	114405.0	1692362362
JG0139c	10	18454225	U:AA[T>G]TA	1	975492.0	1693337854
JG0139c	10	18497430	U:TC[T>G]TT	1	43205.0	1693381059
JG0139c	10	18711903	N:AC[T>G]TA	1	214473.0	1693595532
JG0139c	10	19403428	T:TG[T>G]GA	-1	691525.0	1694287057
JG0139c	10	19751885	N:TC[T>C]TT	-1	348457.0	1694635514
JG0139c	10	20270356	U:TG[T>G]TA	1	518471.0	1695153985
JG0139c	10	21752375	N:AC[T>C]CA	1	1482019.0	1696636004
JG0139c	10	23513574	N:GC[T>C]CT	1	1761199.0	1698397203
JG0139c	10	24173022	U:TG[T>G]TA	1	659448.0	1699056651
JG0139c	10	24323034	U:CC[T>C]CA	1	150012.0	1699206663
JG0139c	10	24775035	N:CG[T>A]GA	1	452001.0	1699658664
JG0139c	10	25680953	N:CC[T>A]TG	1	905918.0	1700564582
JG0139c	10	26118008	U:TA[T>G]TT	1	437055.0	1701001637
JG0139c	10	26489178	U:AC[T>G]TA	1	371170.0	1701372807
JG0139c	10	26591206	N:TC[T>A]TT	1	102028.0	1701474835
JG0139c	10	26978902	N:CC[T>C]GT	1	387696.0	1701862531
JG0139c	10	30878817	T:AC[T>A]CG	1	3899915.0	1705762446
JG0139c	10	30921622	U:AC[T>G]TT	-1	42805.0	1705805251
JG0139c	10	31590992	N:AT[C>A]TC	1	669370.0	1706474621
JG0139c	10	32495828	U:GA[T>G]GC	1	904836.0	1707379457
JG0139c	10	32925229	U:AG[C>A]TA	-1	429401.0	1707808858
JG0139c	10	33279526	T:TC[C>A]CT	1	354297.0	1708163155
JG0139c	10	34519687	T:GC[T>G]TC	1	1240161.0	1709403316
JG0139c	10	34569651	T:TC[T>A]CG	1	49964.0	1709453280
JG0139c	10	35544226	U:AC[T>C]TC	1	974575.0	1710427855
JG0139c	10	41790224	N:TC[T>G]TT	1	6245998.0	1716673853
JG0139c	10	48556480	U:AG[T>A]TG	-1	6766256.0	1723440109
JG0139c	10	49617586	U:TG[T>G]TA	1	1061106.0	1724501215
JG0139c	10	50479554	T:TC[T>A]TT	1	861968.0	1725363183
JG0139c	10	50605884	T:CC[T>C]CA	1	126330.0	1725489513
JG0139c	10	51266211	T:CT[C>T]AA	-1	660327.0	1726149840
JG0139c	10	54278717	T:AA[T>G]AT	1	3012506.0	1729162346
JG0139c	10	54360858	U:GT[C>T]AA	-1	82141.0	1729244487
JG0139c	10	57104863	N:AC[C>A]TC	1	2744005.0	1731988492
JG0139c	10	57128310	N:AC[T>C]TG	1	23447.0	1732011939
JG0139c	10	58633634	U:AC[T>G]TT	1	1505324.0	1733517263
JG0139c	10	63108168	N:AC[T>G]TT	1	4474534.0	1737991797
JG0139c	10	65017500	N:GC[T>C]GG	1	1909332.0	1739901129
JG0139c	10	65019020	N:TC[T>C]CA	1	1520.0	1739902649
JG0139c	10	65067023	N:CA[C>A]AC	1	48003.0	1739950652
JG0139c	10	65131585	N:TG[T>C]CA	1	64562.0	1740015214
JG0139c	10	66121649	U:TC[T>C]TG	-1	990064.0	1741005278
JG0139c	10	66773921	T:AC[T>G]TT	1	652272.0	1741657550
JG0139c	10	67273224	T:AC[T>G]CA	1	499303.0	1742156853
JG0139c	10	67544854	U:GT[T>A]TT	-1	271630.0	1742428483
JG0139c	10	70295522	N:AC[T>G]TG	1	2750668.0	1745179151
JG0139c	10	75335183	N:TG[T>G]TG	1	5039661.0	1750218812
JG0139c	10	76146986	U:TC[T>G]TT	1	811803.0	1751030615
JG0139c	10	76686668	N:AG[C>A]TC	1	539682.0	1751570297
JG0139c	10	78568309	N:TC[T>A]CT	1	1881641.0	1753451938
JG0139c	10	79899960	N:CC[T>G]GA	1	1331651.0	1754783589
JG0139c	10	80413837	U:AC[T>G]TC	1	513877.0	1755297466
JG0139c	10	80632911	T:GC[T>A]CT	-1	219074.0	1755516540
JG0139c	10	80652644	N:GC[T>G]GA	-1	19733.0	1755536273
JG0139c	10	80823161	N:TC[T>A]CC	-1	170517.0	1755706790
JG0139c	10	80931035	N:AA[T>G]TT	-1	107874.0	1755814664
JG0139c	10	80941634	N:TC[T>C]TG	-1	10599.0	1755825263
JG0139c	10	81554328	N:AT[T>G]TT	-1	612694.0	1756437957
JG0139c	10	82741886	T:TA[T>A]TG	-1	1187558.0	1757625515
JG0139c	10	83727538	N:TC[T>C]CA	-1	985652.0	1758611167
JG0139c	10	83824010	N:GA[T>G]TG	1	96472.0	1758707639
JG0139c	10	83932667	N:AC[T>A]TC	1	108657.0	1758816296
JG0139c	10	84037677	N:TA[T>C]CA	-1	105010.0	1758921306
JG0139c	10	84169096	N:GG[T>G]TA	1	131419.0	1759052725
JG0139c	10	84727847	N:AC[T>C]GG	-1	558751.0	1759611476
JG0139c	10	84935415	N:GG[T>G]TA	1	207568.0	1759819044
JG0139c	10	85486960	N:GC[T>C]CA	-1	551545.0	1760370589
JG0139c	10	85570816	N:CC[T>C]CA	-1	83856.0	1760454445
JG0139c	10	85606430	U:CC[T>C]AG	-1	35614.0	1760490059
JG0139c	10	85679407	U:AG[T>C]CT	-1	72977.0	1760563036
JG0139c	10	85962405	T:CC[C>A]AG	1	282998.0	1760846034
JG0139c	10	86025213	T:GC[T>G]GA	1	62808.0	1760908842
JG0139c	10	86606966	N:TC[T>C]CA	-1	581753.0	1761490595
JG0139c	10	87819500	N:AC[T>C]TG	1	1212534.0	1762703129
JG0139c	10	87858460	N:CC[T>G]TA	1	38960.0	1762742089
JG0139c	10	87858502	N:AG[T>G]TA	1	42.0	1762742131
JG0139c	10	87999323	N:GC[T>A]TG	-1	140821.0	1762882952
JG0139c	10	88202985	N:TC[T>C]TG	-1	203662.0	1763086614
JG0139c	10	88477143	T:TA[T>G]TA	1	274158.0	1763360772
JG0139c	10	90431647	N:TC[T>G]TA	1	1954504.0	1765315276
JG0139c	10	90576844	N:TC[T>G]GA	1	145197.0	1765460473
JG0139c	10	91630481	U:AC[T>G]TG	-1	1053637.0	1766514110
JG0139c	10	92187862	T:AC[T>G]AC	1	557381.0	1767071491
JG0139c	10	93348010	U:GG[T>G]TA	-1	1160148.0	1768231639
JG0139c	10	93447631	U:TC[T>A]CT	-1	99621.0	1768331260
JG0139c	10	93712445	N:GC[T>G]TA	1	264814.0	1768596074
JG0139c	10	94196494	U:AC[T>G]TA	1	484049.0	1769080123
JG0139c	10	94278518	U:TG[T>G]TA	1	82024.0	1769162147
JG0139c	10	94756790	N:AC[T>C]TG	-1	478272.0	1769640419
JG0139c	10	94861903	N:AC[T>A]TG	-1	105113.0	1769745532
JG0139c	10	94879508	N:TC[T>A]TC	1	17605.0	1769763137
JG0139c	10	94989661	N:TC[T>G]TA	1	110153.0	1769873290
JG0139c	10	95212327	U:AC[T>C]TA	1	222666.0	1770095956
JG0139c	10	95381922	U:AC[T>C]CC	-1	169595.0	1770265551
JG0139c	10	96088751	N:GC[T>G]TT	-1	706829.0	1770972380
JG0139c	10	96203903	T:TC[T>C]TG	1	115152.0	1771087532
JG0139c	10	96249928	U:AC[T>G]TC	-1	46025.0	1771133557
JG0139c	10	98630836	T:TC[T>G]CA	1	2380908.0	1773514465
JG0139c	10	98728911	U:CC[T>A]TA	-1	98075.0	1773612540
JG0139c	10	98972210	T:TG[T>G]TC	1	243299.0	1773855839
JG0139c	10	99188307	U:TC[T>C]TG	-1	216097.0	1774071936
JG0139c	10	100066593	N:AG[T>G]GA	1	878286.0	1774950222
JG0139c	10	100334743	N:TG[T>G]TC	1	268150.0	1775218372
JG0139c	10	101849603	T:CC[T>G]CG	1	1514860.0	1776733232
JG0139c	10	104189487	T:TC[T>G]CA	1	2339884.0	1779073116
JG0139c	10	104419481	T:TC[T>C]TA	-1	229994.0	1779303110
JG0139c	10	104505967	N:AC[T>G]TA	-1	86486.0	1779389596
JG0139c	10	104513639	N:GA[T>G]TC	1	7672.0	1779397268
JG0139c	10	105182402	T:CC[T>G]TG	-1	668763.0	1780066031
JG0139c	10	105929275	N:AT[T>G]TT	-1	746873.0	1780812904
JG0139c	10	105998306	N:GC[T>G]CT	-1	69031.0	1780881935
JG0139c	10	106915707	U:CC[T>G]CA	-1	917401.0	1781799336
JG0139c	10	107148676	U:TC[T>C]TA	-1	232969.0	1782032305
JG0139c	10	107450378	N:GC[T>C]TA	-1	301702.0	1782334007
JG0139c	10	107508091	N:GC[T>C]TT	1	57713.0	1782391720
JG0139c	10	108431538	N:CC[T>A]TT	-1	923447.0	1783315167
JG0139c	10	108785271	N:TC[T>C]TG	-1	353733.0	1783668900
JG0139c	10	108933630	N:GG[T>G]TG	-1	148359.0	1783817259
JG0139c	10	109402893	N:GC[T>G]TT	1	469263.0	1784286522
JG0139c	10	109646327	N:AA[T>G]CA	1	243434.0	1784529956
JG0139c	10	109848095	N:CC[T>G]CC	1	201768.0	1784731724
JG0139c	10	110273935	U:AC[T>G]TG	1	425840.0	1785157564
JG0139c	10	110329095	N:AC[T>G]TA	-1	55160.0	1785212724
JG0139c	10	110451476	N:AC[T>C]TT	-1	122381.0	1785335105
JG0139c	10	110813255	U:TC[T>C]GG	1	361779.0	1785696884
JG0139c	10	111058866	N:TC[T>A]TG	-1	245611.0	1785942495
JG0139c	10	111265971	N:AC[T>C]TG	-1	207105.0	1786149600
JG0139c	10	111441187	N:AC[T>G]TG	-1	175216.0	1786324816
JG0139c	10	111559326	N:GG[T>C]GC	-1	118139.0	1786442955
JG0139c	10	111690151	N:TC[T>C]TG	-1	130825.0	1786573780
JG0139c	10	111964504	N:AG[T>G]TT	-1	274353.0	1786848133
JG0139c	10	112038907	N:TC[T>A]CA	-1	74403.0	1786922536
JG0139c	10	112055909	N:TG[T>G]TG	-1	17002.0	1786939538
JG0139c	10	113221134	N:GC[T>G]TA	1	1165225.0	1788104763
JG0139c	10	113226922	N:GC[T>G]TG	-1	5788.0	1788110551
JG0139c	10	113278142	N:AC[T>G]TT	1	51220.0	1788161771
JG0139c	10	113481133	N:TG[T>C]TT	-1	202991.0	1788364762
JG0139c	10	113546156	N:CC[T>G]CA	1	65023.0	1788429785
JG0139c	10	113807785	N:GC[T>A]TA	-1	261629.0	1788691414
JG0139c	10	114166208	T:TT[T>C]CC	1	358423.0	1789049837
JG0139c	10	114337749	T:AC[T>G]TA	1	171541.0	1789221378
JG0139c	10	114799843	N:TC[T>G]TG	1	462094.0	1789683472
JG0139c	10	115141760	T:TC[T>C]CC	-1	341917.0	1790025389
JG0139c	10	115587508	T:AC[T>A]CC	-1	445748.0	1790471137
JG0139c	10	115905101	T:TC[T>C]CG	-1	317593.0	1790788730
JG0139c	10	115969786	N:TC[T>A]TG	-1	64685.0	1790853415
JG0139c	10	116044344	N:TC[T>C]TA	1	74558.0	1790927973
JG0139c	10	116213919	U:AG[T>C]TG	-1	169575.0	1791097548
JG0139c	10	117524300	N:CC[T>G]TG	1	1310381.0	1792407929
JG0139c	10	117824678	N:AC[T>G]GA	1	300378.0	1792708307
JG0139c	10	117923326	N:CC[T>G]TC	1	98648.0	1792806955
JG0139c	10	117942788	N:GC[T>G]TA	1	19462.0	1792826417
JG0139c	10	118119395	N:TC[T>G]CA	-1	176607.0	1793003024
JG0139c	10	119948291	N:TC[T>C]GC	1	1828896.0	1794831920
JG0139c	10	120221915	N:AC[T>C]TC	-1	273624.0	1795105544
JG0139c	10	120357870	N:TG[T>C]CG	-1	135955.0	1795241499
JG0139c	10	120513640	U:TT[C>A]TT	1	155770.0	1795397269
JG0139c	10	120603090	N:GA[C>G]AA	-1	89450.0	1795486719
JG0139c	10	120729640	N:CC[T>A]TA	1	126550.0	1795613269
JG0139c	10	120982191	N:CC[T>G]TC	1	252551.0	1795865820
JG0139c	10	121038097	N:AC[T>G]TC	-1	55906.0	1795921726
JG0139c	10	121217212	N:GC[T>C]TC	1	179115.0	1796100841
JG0139c	10	121356843	N:AG[C>A]TC	1	139631.0	1796240472
JG0139c	10	121416983	N:CC[T>G]TC	1	60140.0	1796300612
JG0139c	10	121521492	T:AC[T>C]TA	1	104509.0	1796405121
JG0139c	10	121794058	T:TT[T>G]TA	1	272566.0	1796677687
JG0139c	10	122051410	U:TC[T>C]CC	1	257352.0	1796935039
JG0139c	10	122536118	N:AG[T>G]TA	-1	484708.0	1797419747
JG0139c	10	122575218	T:TC[T>G]TC	-1	39100.0	1797458847
JG0139c	10	122762173	N:TC[T>A]TG	-1	186955.0	1797645802
JG0139c	10	123124006	N:AA[T>G]TT	1	361833.0	1798007635
JG0139c	10	123736629	U:TT[T>C]AG	-1	612623.0	1798620258
JG0139c	10	123771956	T:TT[C>A]TT	1	35327.0	1798655585
JG0139c	10	123893468	N:GC[T>A]TT	-1	121512.0	1798777097
JG0139c	10	123959942	N:GA[T>G]TT	-1	66474.0	1798843571
JG0139c	10	124142492	N:TG[T>C]GC	1	182550.0	1799026121
JG0139c	10	124267042	N:TC[T>C]CC	1	124550.0	1799150671
JG0139c	10	124346492	N:GC[T>C]GG	1	79450.0	1799230121
JG0139c	10	124548681	T:TC[T>C]TG	-1	202189.0	1799432310
JG0139c	10	125373853	N:GG[T>G]TG	1	825172.0	1800257482
JG0139c	10	125382655	N:AC[T>C]CC	-1	8802.0	1800266284
JG0139c	10	125412931	N:GC[T>C]TT	1	30276.0	1800296560
JG0139c	10	125442315	N:AC[T>A]CA	1	29384.0	1800325944
JG0139c	10	125540567	N:TC[T>G]TC	1	98252.0	1800424196
JG0139c	10	125550190	N:TC[T>G]TG	1	9623.0	1800433819
JG0139c	10	125833775	T:TC[T>C]TT	-1	283585.0	1800717404
JG0139c	10	126421035	N:AC[T>A]TG	-1	587260.0	1801304664
JG0139c	10	126428206	U:AC[T>G]TT	-1	7171.0	1801311835
JG0139c	10	126532214	T:AC[T>C]TG	1	104008.0	1801415843
JG0139c	10	126849619	N:AG[T>G]TT	1	317405.0	1801733248
JG0139c	10	127224049	T:TC[T>C]TT	-1	374430.0	1802107678
JG0139c	10	127551043	T:TC[T>A]TT	-1	326994.0	1802434672
JG0139c	10	127607861	N:GC[T>G]TG	1	56818.0	1802491490
JG0139c	10	127692842	N:GC[T>C]CT	-1	84981.0	1802576471
JG0139c	10	127708849	N:AG[C>A]AG	-1	16007.0	1802592478
JG0139c	10	128071365	T:CC[T>G]CA	-1	362516.0	1802954994
JG0139c	10	128310431	N:AC[T>G]CA	-1	239066.0	1803194060
JG0139c	10	128451057	N:CC[T>C]AG	-1	140626.0	1803334686
JG0139c	10	128489852	N:TC[T>A]AC	-1	38795.0	1803373481
JG0139c	10	129756336	T:CC[T>A]TG	-1	1266484.0	1804639965
JG0139c	10	130009367	N:AC[T>G]CA	1	253031.0	1804892996
JG0139c	10	130047666	N:CC[T>C]GT	1	38299.0	1804931295
JG0139c	10	130081204	U:GC[T>C]TA	-1	33538.0	1804964833
JG0139c	10	130127061	N:TC[T>A]CT	-1	45857.0	1805010690
JG0139c	10	130244403	N:CC[T>C]TG	-1	117342.0	1805128032
JG0139c	10	130278553	N:AC[T>C]GA	-1	34150.0	1805162182
JG0139c	10	130919549	N:AC[T>A]GA	-1	640996.0	1805803178
JG0139c	10	130941811	N:TC[T>G]TT	1	22262.0	1805825440
JG0139c	10	131976359	T:AC[T>G]TA	1	1034548.0	1806859988
JG0139c	10	132009452	N:AC[T>G]TA	1	33093.0	1806893081
JG0139c	10	132788390	N:AC[T>A]CC	1	778938.0	1807672019
JG0139c	10	132917389	U:CC[T>C]CG	-1	128999.0	1807801018
JG0139c	10	133039734	N:AC[T>G]TT	-1	122345.0	1807923363
JG0139c	10	133522789	T:CC[T>C]CA	-1	483055.0	1808406418
JG0139c	11	1185147	U:TC[T>C]GC	1		1809866198
JG0139c	11	1404789	U:TC[T>C]TA	1	219642.0	1810085840
JG0139c	11	2131230	T:AC[T>C]CA	1	726441.0	1810812281
JG0139c	11	2616753	U:AT[T>G]TT	1	485523.0	1811297804
JG0139c	11	2850276	N:CC[T>G]TG	1	233523.0	1811531327
JG0139c	11	3245911	N:AG[T>G]TG	1	395635.0	1811926962
JG0139c	11	27870887	N:CC[C>A]AA	-1	24624976.0	1836551938
JG0139c	11	28722887	N:AA[C>A]TA	1	852000.0	1837403938
JG0139c	11	31596804	U:AA[C>G]TT	1	2873917.0	1840277855
JG0139c	11	35806341	U:TT[C>T]TC	1	4209537.0	1844487392
JG0139c	11	45445667	N:TC[T>C]CA	-1	9639326.0	1854126718
JG0139c	11	50433715	N:GC[T>A]CA	1	4988048.0	1859114766
JG0139c	11	60209411	B:AC[T>C]TA	1	9775696.0	1868890462
JG0139c	11	81461373	N:TC[T>G]TC	1	21251962.0	1890142424
JG0139c	11	83394408	N:GC[T>G]TT	-1	1933035.0	1892075459
JG0139c	11	83481323	U:AC[T>C]TA	-1	86915.0	1892162374
JG0139c	11	83829830	T:TG[T>G]TG	1	348507.0	1892510881
JG0139c	11	85939779	N:TG[T>C]TG	-1	2109949.0	1894620830
JG0139c	11	85965362	T:AC[T>G]TA	1	25583.0	1894646413
JG0139c	11	85980332	T:AG[T>G]TA	1	14970.0	1894661383
JG0139c	11	86401740	T:TG[T>C]TG	-1	421408.0	1895082791
JG0139c	11	86709679	N:TC[T>C]TG	-1	307939.0	1895390730
JG0139c	11	87189664	T:GA[T>A]TA	-1	479985.0	1895870715
JG0139c	11	87372921	N:AG[T>C]CA	-1	183257.0	1896053972
JG0139c	11	87777078	N:AG[T>A]CT	-1	404157.0	1896458129
JG0139c	11	88262140	N:AC[T>C]CT	1	485062.0	1896943191
JG0139c	11	88397495	N:TC[T>G]TG	1	135355.0	1897078546
JG0139c	11	88431301	N:AC[T>C]CA	-1	33806.0	1897112352
JG0139c	11	88669150	U:AC[T>C]AG	-1	237849.0	1897350201
JG0139c	11	89238156	T:TC[T>G]TC	-1	569006.0	1897919207
JG0139c	11	89380578	U:CC[T>G]TA	-1	142422.0	1898061629
JG0139c	11	89446634	U:CA[T>A]GC	-1	66056.0	1898127685
JG0139c	11	89559858	N:TC[T>C]CA	-1	113224.0	1898240909
JG0139c	11	90414407	N:CC[T>A]TA	-1	854549.0	1899095458
JG0139c	11	90545921	N:AC[T>G]TA	-1	131514.0	1899226972
JG0139c	11	92331781	N:AC[T>C]TT	-1	1785860.0	1901012832
JG0139c	11	92855167	T:AC[T>G]TC	-1	523386.0	1901536218
JG0139c	11	92855241	T:CC[T>G]CA	-1	74.0	1901536292
JG0139c	11	93180321	U:AC[T>G]TT	-1	325080.0	1901861372
JG0139c	11	93303827	N:AG[T>G]TG	-1	123506.0	1901984878
JG0139c	11	94011376	N:GC[T>A]TA	-1	707549.0	1902692427
JG0139c	11	94275524	N:AT[T>G]TA	1	264148.0	1902956575
JG0139c	11	94953168	N:AG[T>G]TA	-1	677644.0	1903634219
JG0139c	11	95020410	N:AC[T>G]GA	-1	67242.0	1903701461
JG0139c	11	95447544	N:AC[T>G]TG	-1	427134.0	1904128595
JG0139c	11	96785275	N:CC[T>G]TA	-1	1337731.0	1905466326
JG0139c	11	96827753	N:AC[T>A]CA	-1	42478.0	1905508804
JG0139c	11	97671519	N:GC[T>G]TG	1	843766.0	1906352570
JG0139c	11	98510638	N:AC[T>G]CA	-1	839119.0	1907191689
JG0139c	11	98560278	N:GC[T>A]CC	-1	49640.0	1907241329
JG0139c	11	98565637	N:TC[T>G]TA	-1	5359.0	1907246688
JG0139c	11	98826200	N:TC[T>C]CT	-1	260563.0	1907507251
JG0139c	11	98879306	N:AC[T>G]TT	-1	53106.0	1907560357
JG0139c	11	98997416	N:GG[T>A]TT	-1	118110.0	1907678467
JG0139c	11	99509499	T:TC[T>C]CT	-1	512083.0	1908190550
JG0139c	11	99509560	T:GG[T>C]CA	-1	61.0	1908190611
JG0139c	11	99702370	U:AC[T>G]TT	1	192810.0	1908383421
JG0139c	11	99770932	T:TC[T>C]TT	-1	68562.0	1908451983
JG0139c	11	100009668	T:CC[T>C]GA	-1	238736.0	1908690719
JG0139c	11	100257132	U:AG[T>G]CG	1	247464.0	1908938183
JG0139c	11	100259839	T:GC[T>A]TT	-1	2707.0	1908940890
JG0139c	11	100782037	U:AC[T>G]TA	1	522198.0	1909463088
JG0139c	11	100783235	T:TC[T>A]CG	-1	1198.0	1909464286
JG0139c	11	101048823	U:AG[T>G]TA	-1	265588.0	1909729874
JG0139c	11	101057737	U:TC[T>C]CC	-1	8914.0	1909738788
JG0139c	11	101118268	U:AC[T>G]CA	-1	60531.0	1909799319
JG0139c	11	101450727	N:TC[T>A]TA	-1	332459.0	1910131778
JG0139c	11	101473796	U:AC[T>C]CT	-1	23069.0	1910154847
JG0139c	11	102878203	N:GG[T>C]AA	-1	1404407.0	1911559254
JG0139c	11	103772684	N:AC[T>C]CC	-1	894481.0	1912453735
JG0139c	11	104420793	N:GC[T>G]TA	1	648109.0	1913101844
JG0139c	11	105257096	U:GC[T>C]CA	-1	836303.0	1913938147
JG0139c	11	105496915	T:TC[T>G]TT	1	239819.0	1914177966
JG0139c	11	105619574	T:AC[T>C]TA	-1	122659.0	1914300625
JG0139c	11	105946365	U:TC[T>A]TG	1	326791.0	1914627416
JG0139c	11	106262249	N:TT[T>G]TG	-1	315884.0	1914943300
JG0139c	11	106385593	N:AC[T>A]CA	-1	123344.0	1915066644
JG0139c	11	106478733	N:CA[T>G]TC	1	93140.0	1915159784
JG0139c	11	106560016	N:TC[T>C]CC	-1	81283.0	1915241067
JG0139c	11	106573786	N:TC[T>C]GT	-1	13770.0	1915254837
JG0139c	11	106615727	N:AC[T>C]CT	-1	41941.0	1915296778
JG0139c	11	106817504	U:TC[T>A]CA	-1	201777.0	1915498555
JG0139c	11	106872077	U:GC[T>C]TA	-1	54573.0	1915553128
JG0139c	11	106995218	U:AC[T>C]CA	-1	123141.0	1915676269
JG0139c	11	107238380	N:CC[T>G]TC	1	243162.0	1915919431
JG0139c	11	107468245	N:GG[T>C]CT	-1	229865.0	1916149296
JG0139c	11	107690782	N:TC[T>G]CA	1	222537.0	1916371833
JG0139c	11	107700204	N:TC[T>C]CA	-1	9422.0	1916381255
JG0139c	11	108101871	T:CC[T>C]TC	-1	401667.0	1916782922
JG0139c	11	108977775	N:GC[T>G]CC	1	875904.0	1917658826
JG0139c	11	108996868	N:GT[T>G]TT	1	19093.0	1917677919
JG0139c	11	109408019	N:CC[T>A]CT	-1	411151.0	1918089070
JG0139c	11	109529247	N:TG[T>C]CC	-1	121228.0	1918210298
JG0139c	11	109845383	N:TC[T>G]TA	1	316136.0	1918526434
JG0139c	11	109993512	N:AC[T>C]CA	1	148129.0	1918674563
JG0139c	11	110039496	N:TT[T>G]TT	1	45984.0	1918720547
JG0139c	11	110044619	N:CC[T>A]TG	1	5123.0	1918725670
JG0139c	11	110534772	N:AC[T>G]CA	1	490153.0	1919215823
JG0139c	11	110786917	N:AG[T>G]CA	1	252145.0	1919467968
JG0139c	11	111407815	U:AG[T>G]TA	-1	620898.0	1920088866
JG0139c	11	111743674	U:GC[T>C]TG	-1	335859.0	1920424725
JG0139c	11	112415022	N:TG[T>G]TT	1	671348.0	1921096073
JG0139c	11	112602780	N:GG[T>G]TA	-1	187758.0	1921283831
JG0139c	11	112702207	N:TC[T>C]CA	-1	99427.0	1921383258
JG0139c	11	112710044	N:AC[T>C]CA	-1	7837.0	1921391095
JG0139c	11	112728068	N:TA[T>G]TA	-1	18024.0	1921409119
JG0139c	11	112770608	N:TC[T>G]TC	1	42540.0	1921451659
JG0139c	11	112772576	N:AT[T>G]TC	1	1968.0	1921453627
JG0139c	11	112837397	N:AC[T>G]TA	1	64821.0	1921518448
JG0139c	11	112837403	N:TC[T>C]GG	-1	6.0	1921518454
JG0139c	11	113462668	T:TC[T>A]AC	1	625265.0	1922143719
JG0139c	11	113594891	N:TT[T>G]TG	1	132223.0	1922275942
JG0139c	11	113821062	U:AT[C>A]CC	-1	226171.0	1922502113
JG0139c	11	114236273	U:GG[T>G]TG	1	415211.0	1922917324
JG0139c	11	114287003	T:TC[T>C]CA	-1	50730.0	1922968054
JG0139c	11	114310517	T:AC[T>G]TG	-1	23514.0	1922991568
JG0139c	11	114467941	N:TG[T>G]TT	-1	157424.0	1923148992
JG0139c	11	114689684	T:AC[T>G]GA	-1	221743.0	1923370735
JG0139c	11	115099426	N:CC[T>A]TT	-1	409742.0	1923780477
JG0139c	11	115220563	U:CC[T>C]TT	-1	121137.0	1923901614
JG0139c	11	115287774	U:AT[T>A]TA	-1	67211.0	1923968825
JG0139c	11	115782103	N:AC[T>C]TA	-1	494329.0	1924463154
JG0139c	11	116042214	N:AC[T>A]TG	-1	260111.0	1924723265
JG0139c	11	116117220	N:CA[T>G]TG	1	75006.0	1924798271
JG0139c	11	116583634	N:TC[T>C]TT	-1	466414.0	1925264685
JG0139c	11	117901741	U:CC[C>G]GT	-1	1318107.0	1926582792
JG0139c	11	118963721	N:AC[T>C]CC	-1	1061980.0	1927644772
JG0139c	11	119575411	N:CC[T>G]TG	-1	611690.0	1928256462
JG0139c	11	119599326	N:AC[T>G]TT	-1	23915.0	1928280377
JG0139c	11	119983449	N:AC[T>C]GA	-1	384123.0	1928664500
JG0139c	11	120061804	N:GG[T>G]TG	1	78355.0	1928742855
JG0139c	11	120241687	T:AC[T>G]TG	-1	179883.0	1928922738
JG0139c	11	120775868	U:CC[T>C]CT	1	534181.0	1929456919
JG0139c	11	121275211	N:AC[T>C]CA	-1	499343.0	1929956262
JG0139c	11	121598214	T:TC[T>C]CA	-1	323003.0	1930279265
JG0139c	11	121798741	N:AC[T>G]TC	-1	200527.0	1930479792
JG0139c	11	121978918	N:TC[T>G]TC	-1	180177.0	1930659969
JG0139c	11	122112479	N:TG[T>C]GC	-1	133561.0	1930793530
JG0139c	11	122144806	N:TT[T>G]TA	-1	32327.0	1930825857
JG0139c	11	122190476	N:AC[T>G]AA	1	45670.0	1930871527
JG0139c	11	122336304	N:AG[T>C]TT	-1	145828.0	1931017355
JG0139c	11	122629152	N:GG[T>C]CG	1	292848.0	1931310203
JG0139c	11	124259818	T:GC[T>G]TT	-1	1630666.0	1932940869
JG0139c	11	124275029	N:TG[T>C]TG	-1	15211.0	1932956080
JG0139c	11	125177734	T:GC[T>C]TG	-1	902705.0	1933858785
JG0139c	11	126028414	U:AC[T>C]CC	-1	850680.0	1934709465
JG0139c	11	126378319	U:CG[T>G]TG	1	349905.0	1935059370
JG0139c	11	126461992	U:AC[T>C]TC	-1	83673.0	1935143043
JG0139c	11	126963752	U:AG[T>G]TG	-1	501760.0	1935644803
JG0139c	11	127219617	N:GG[T>C]CA	-1	255865.0	1935900668
JG0139c	11	127254336	N:AC[T>C]CC	-1	34719.0	1935935387
JG0139c	11	127324705	N:CC[T>G]TA	-1	70369.0	1936005756
JG0139c	11	127390883	N:TC[T>A]CC	-1	66178.0	1936071934
JG0139c	11	127456935	N:TC[T>A]TA	-1	66052.0	1936137986
JG0139c	11	127498974	N:AC[T>C]TG	-1	42039.0	1936180025
JG0139c	11	127564453	N:TG[T>A]CA	-1	65479.0	1936245504
JG0139c	11	127608072	N:GC[T>C]GA	-1	43619.0	1936289123
JG0139c	11	127663254	N:TC[T>C]GA	-1	55182.0	1936344305
JG0139c	11	127788120	N:TG[T>G]TA	-1	124866.0	1936469171
JG0139c	11	127917444	N:CC[T>G]CA	1	129324.0	1936598495
JG0139c	11	127929904	N:TC[T>C]CC	-1	12460.0	1936610955
JG0139c	11	127939575	N:TC[T>G]TT	1	9671.0	1936620626
JG0139c	11	128082643	N:AT[T>G]TG	1	143068.0	1936763694
JG0139c	11	128345813	N:CC[T>G]TA	1	263170.0	1937026864
JG0139c	11	130065387	N:TA[T>G]TA	1	1719574.0	1938746438
JG0139c	11	130158435	N:TC[T>G]TG	-1	93048.0	1938839486
JG0139c	11	130476582	T:CC[T>C]TG	-1	318147.0	1939157633
JG0139c	11	130484076	N:TC[T>C]TA	-1	7494.0	1939165127
JG0139c	11	130686642	N:AG[T>G]TA	-1	202566.0	1939367693
JG0139c	11	130814963	N:AA[T>G]TT	-1	128321.0	1939496014
JG0139c	11	130869777	N:AC[T>G]TG	-1	54814.0	1939550828
JG0139c	11	130944768	N:CC[T>C]CA	-1	74991.0	1939625819
JG0139c	11	130980169	N:TC[T>C]CA	-1	35401.0	1939661220
JG0139c	11	131150430	N:GA[T>C]GG	-1	170261.0	1939831481
JG0139c	11	131213092	N:AC[T>C]TG	-1	62662.0	1939894143
JG0139c	11	131587248	T:GG[T>C]CT	-1	374156.0	1940268299
JG0139c	11	131835122	T:TT[T>G]CC	-1	247874.0	1940516173
JG0139c	11	132476833	U:AC[T>C]TT	-1	641711.0	1941157884
JG0139c	11	133040881	U:GC[T>C]TT	-1	564048.0	1941721932
JG0139c	11	133111721	U:AC[T>G]TT	-1	70840.0	1941792772
JG0139c	11	133296860	T:AA[T>G]TC	1	185139.0	1941977911
JG0139c	11	133368970	U:TC[T>G]TA	-1	72110.0	1942050021
JG0139c	11	133385477	T:GC[T>G]CA	1	16507.0	1942066528
JG0139c	11	133688337	N:TC[T>G]AA	1	302860.0	1942369388
JG0139c	11	133742429	N:AC[T>G]TG	1	54092.0	1942423480
JG0139c	11	133926577	U:AG[C>T]GT	-1	184148.0	1942607628
JG0139c	11	134637671	N:AC[T>A]CC	-1	711094.0	1943318722
JG0139c	11	134671923	N:CC[T>G]TA	1	34252.0	1943352974
JG0139c	11	134686746	N:TC[T>C]TG	-1	14823.0	1943367797
JG0139c	11	134894018	N:TC[T>G]GC	1	207272.0	1943575069
JG0139c	11	134972094	N:TC[T>C]TG	1	78076.0	1943653145
JG0139c	12	1468383	T:AG[T>C]GA	-1		1945236056
JG0139c	12	2765361	N:TG[T>G]TT	1	1296978.0	1946533034
JG0139c	12	2869669	T:CC[T>G]CA	1	104308.0	1946637342
JG0139c	12	2870791	T:TC[T>G]CT	1	1122.0	1946638464
JG0139c	12	3196024	U:TC[T>G]GA	1	325233.0	1946963697
JG0139c	12	3518611	U:GC[T>G]GA	1	322587.0	1947286284
JG0139c	12	3595419	N:CC[T>C]CC	1	76808.0	1947363092
JG0139c	12	3859454	T:AC[T>C]TG	1	264035.0	1947627127
JG0139c	12	3878636	N:TC[T>G]TA	1	19182.0	1947646309
JG0139c	12	3912269	N:CC[T>G]GT	1	33633.0	1947679942
JG0139c	12	5402260	N:AC[T>G]TG	1	1489991.0	1949169933
JG0139c	12	5498153	N:AC[T>G]TC	1	95893.0	1949265826
JG0139c	12	7327643	U:AC[T>A]GA	1	1829490.0	1951095316
JG0139c	12	7569440	N:GA[T>G]TT	1	241797.0	1951337113
JG0139c	12	7938971	N:TC[T>C]CT	1	369531.0	1951706644
JG0139c	12	8055466	U:TG[T>G]TT	1	116495.0	1951823139
JG0139c	12	8575320	N:TG[T>G]TA	1	519854.0	1952342993
JG0139c	12	8772242	U:AC[T>A]TG	1	196922.0	1952539915
JG0139c	12	9181829	T:CC[T>A]AG	1	409587.0	1952949502
JG0139c	12	9641358	N:AC[T>G]AA	1	459529.0	1953409031
JG0139c	12	9709198	N:TG[C>G]CA	1	67840.0	1953476871
JG0139c	12	9778725	N:AC[T>C]TT	1	69527.0	1953546398
JG0139c	12	10189882	U:CC[T>G]TC	1	411157.0	1953957555
JG0139c	12	10260751	U:GC[T>A]AA	1	70869.0	1954028424
JG0139c	12	10846871	T:AC[T>G]TG	1	586120.0	1954614544
JG0139c	12	12991439	T:TC[T>G]TT	1	2144568.0	1956759112
JG0139c	12	13178069	N:GT[C>A]TT	1	186630.0	1956945742
JG0139c	12	13987517	N:CC[T>G]CA	1	809448.0	1957755190
JG0139c	12	14690888	T:CC[T>G]CA	1	703371.0	1958458561
JG0139c	12	15268903	U:TT[C>G]AA	-1	578015.0	1959036576
JG0139c	12	16535589	N:AG[T>G]GG	1	1266686.0	1960303262
JG0139c	12	16933622	N:AC[T>G]TA	1	398033.0	1960701295
JG0139c	12	17765459	N:AG[T>G]TC	1	831837.0	1961533132
JG0139c	12	18010394	N:TC[T>G]CA	1	244935.0	1961778067
JG0139c	12	18695146	T:AC[T>G]TA	1	684752.0	1962462819
JG0139c	12	18755940	N:AC[T>A]TT	1	60794.0	1962523613
JG0139c	12	18825115	N:GC[T>G]AA	1	69175.0	1962592788
JG0139c	12	20377877	U:GC[T>A]TA	1	1552762.0	1964145550
JG0139c	12	20432869	U:TT[T>G]TT	1	54992.0	1964200542
JG0139c	12	20595232	U:AC[T>C]TG	1	162363.0	1964362905
JG0139c	12	20692068	N:TT[T>G]TA	1	96836.0	1964459741
JG0139c	12	21231480	U:TC[T>G]GT	1	539412.0	1964999153
JG0139c	12	21781016	N:CA[T>G]TT	1	549536.0	1965548689
JG0139c	12	21900828	T:GA[T>G]TG	1	119812.0	1965668501
JG0139c	12	22087397	N:TC[T>C]CA	1	186569.0	1965855070
JG0139c	12	23320933	N:AC[T>G]GA	1	1233536.0	1967088606
JG0139c	12	29486275	T:AC[T>G]TC	1	6165342.0	1973253948
JG0139c	12	29507849	T:AG[T>G]TC	1	21574.0	1973275522
JG0139c	12	32916563	N:TC[T>G]TT	1	3408714.0	1976684236
JG0139c	12	33216143	N:CC[T>G]TA	1	299580.0	1976983816
JG0139c	12	33545002	N:AC[T>G]TC	1	328859.0	1977312675
JG0139c	12	34544175	N:TC[T>G]TT	1	999173.0	1978311848
JG0139c	12	34648187	N:GT[T>G]TT	1	104012.0	1978415860
JG0139c	12	37944802	N:CC[T>G]AA	1	3296615.0	1981712475
JG0139c	12	39599995	T:TC[T>C]AA	1	1655193.0	1983367668
JG0139c	12	39730934	N:GC[T>G]TG	1	130939.0	1983498607
JG0139c	12	39749467	N:AT[T>G]CA	1	18533.0	1983517140
JG0139c	12	39866138	T:TA[T>G]TA	1	116671.0	1983633811
JG0139c	12	40332679	U:AG[T>G]TC	1	466541.0	1984100352
JG0139c	12	41009480	U:TG[T>G]TG	1	676801.0	1984777153
JG0139c	12	41885523	N:AC[T>G]TT	1	876043.0	1985653196
JG0139c	12	42871238	N:TC[T>G]TA	1	985715.0	1986638911
JG0139c	12	43035122	N:AT[T>G]TA	1	163884.0	1986802795
JG0139c	12	43634423	N:TC[T>A]TG	1	599301.0	1987402096
JG0139c	12	43912582	U:TG[T>G]TA	1	278159.0	1987680255
JG0139c	12	44192859	U:AG[T>G]AA	1	280277.0	1987960532
JG0139c	12	44193146	U:AC[T>G]TG	1	287.0	1987960819
JG0139c	12	44245299	U:AA[T>A]TA	1	52153.0	1988012972
JG0139c	12	44564993	T:CC[T>G]CT	1	319694.0	1988332666
JG0139c	12	44702618	T:GG[T>C]AA	1	137625.0	1988470291
JG0139c	12	45014418	N:AC[T>C]TG	1	311800.0	1988782091
JG0139c	12	45085820	N:CT[C>A]TT	-1	71402.0	1988853493
JG0139c	12	45123633	N:AC[T>G]CG	1	37813.0	1988891306
JG0139c	12	45604360	N:GC[T>G]TG	1	480727.0	1989372033
JG0139c	12	45765212	U:TC[T>G]TT	1	160852.0	1989532885
JG0139c	12	45869323	U:GC[T>G]TT	1	104111.0	1989636996
JG0139c	12	45890711	U:TT[T>G]TT	1	21388.0	1989658384
JG0139c	12	45893003	U:AC[T>G]TT	1	2292.0	1989660676
JG0139c	12	45894878	U:AC[T>G]AA	1	1875.0	1989662551
JG0139c	12	46229149	T:AC[T>A]CA	1	334271.0	1989996822
JG0139c	12	46234617	T:TT[T>G]TT	1	5468.0	1990002290
JG0139c	12	46767667	T:TC[T>G]TT	1	533050.0	1990535340
JG0139c	12	47529161	N:TT[T>G]TA	1	761494.0	1991296834
JG0139c	12	47608308	N:TC[T>C]CC	1	79147.0	1991375981
JG0139c	12	47670257	T:TC[T>A]CT	1	61949.0	1991437930
JG0139c	12	47785604	T:AC[T>G]TG	1	115347.0	1991553277
JG0139c	12	48290764	N:GG[T>G]TG	1	505160.0	1992058437
JG0139c	12	48356930	N:AC[T>G]GC	1	66166.0	1992124603
JG0139c	12	48490737	U:AG[T>G]CT	1	133807.0	1992258410
JG0139c	12	48502698	N:GC[T>G]GA	1	11961.0	1992270371
JG0139c	12	52310483	N:CC[T>G]GA	1	3807785.0	1996078156
JG0139c	12	52542102	N:AC[T>G]TA	1	231619.0	1996309775
JG0139c	12	52812524	T:CC[T>C]GA	1	270422.0	1996580197
JG0139c	12	54679611	N:CA[T>G]CT	1	1867087.0	1998447284
JG0139c	12	54913348	N:AC[T>G]AG	1	233737.0	1998681021
JG0139c	12	55056101	N:TA[T>G]TT	1	142753.0	1998823774
JG0139c	12	55181033	N:GC[T>A]CA	1	124932.0	1998948706
JG0139c	12	55248544	N:TC[T>G]GG	1	67511.0	1999016217
JG0139c	12	56896007	N:GC[T>A]CA	1	1647463.0	2000663680
JG0139c	12	57709525	U:TC[T>G]TT	1	813518.0	2001477198
JG0139c	12	59562044	N:CA[T>G]TC	1	1852519.0	2003329717
JG0139c	12	61528268	N:GC[T>C]CA	1	1966224.0	2005295941
JG0139c	12	61936026	T:TA[C>G]CA	1	407758.0	2005703699
JG0139c	12	62156421	T:AC[T>G]TG	1	220395.0	2005924094
JG0139c	12	62548776	U:AC[T>C]TA	1	392355.0	2006316449
JG0139c	12	63406079	N:GG[T>G]TG	-1	857303.0	2007173752
JG0139c	12	64827217	T:CC[T>G]CA	-1	1421138.0	2008594890
JG0139c	12	65590095	N:CC[T>G]CC	1	762878.0	2009357768
JG0139c	12	65714424	N:AG[T>G]TA	1	124329.0	2009482097
JG0139c	12	66498100	T:AC[T>A]GC	1	783676.0	2010265773
JG0139c	12	66682303	T:AG[T>G]TA	1	184203.0	2010449976
JG0139c	12	67552381	N:AA[T>G]TT	1	870078.0	2011320054
JG0139c	12	68083801	N:TC[T>G]CC	1	531420.0	2011851474
JG0139c	12	68112673	N:GC[T>A]GC	1	28872.0	2011880346
JG0139c	12	68267089	N:AG[T>G]TG	1	154416.0	2012034762
JG0139c	12	69501694	T:GC[T>C]TG	-1	1234605.0	2013269367
JG0139c	12	69956974	U:CC[T>G]TG	1	455280.0	2013724647
JG0139c	12	70040423	N:GA[T>G]TA	1	83449.0	2013808096
JG0139c	12	70157334	N:TC[T>C]TA	1	116911.0	2013925007
JG0139c	12	70636274	T:AC[T>G]TA	1	478940.0	2014403947
JG0139c	12	71019798	N:GC[T>G]GA	1	383524.0	2014787471
JG0139c	12	71261111	T:TG[T>G]TT	1	241313.0	2015028784
JG0139c	12	71591334	N:TC[T>G]TA	1	330223.0	2015359007
JG0139c	12	72091451	N:GC[T>G]TT	1	500117.0	2015859124
JG0139c	12	73045935	N:TT[C>G]TA	1	954484.0	2016813608
JG0139c	12	73528387	N:TC[T>G]TT	1	482452.0	2017296060
JG0139c	12	74605757	N:TA[T>G]TT	1	1077370.0	2018373430
JG0139c	12	75481736	U:TC[T>G]CT	1	875979.0	2019249409
JG0139c	12	77428395	U:CC[T>G]TG	1	1946659.0	2021196068
JG0139c	12	78272079	N:GC[T>G]TA	1	843684.0	2022039752
JG0139c	12	80268897	U:AC[T>G]TA	1	1996818.0	2024036570
JG0139c	12	80675241	U:TC[T>G]TG	1	406344.0	2024442914
JG0139c	12	82410854	U:CC[T>G]TG	1	1735613.0	2026178527
JG0139c	12	83148236	N:TG[T>G]TG	1	737382.0	2026915909
JG0139c	12	83347807	N:AG[T>G]TA	1	199571.0	2027115480
JG0139c	12	84300333	N:TC[T>G]CG	1	952526.0	2028068006
JG0139c	12	85205329	T:TT[T>A]CA	-1	904996.0	2028973002
JG0139c	12	85369617	N:TC[T>G]TA	1	164288.0	2029137290
JG0139c	12	85860924	N:TC[T>G]TC	1	491307.0	2029628597
JG0139c	12	86681266	T:GA[T>G]TT	1	820342.0	2030448939
JG0139c	12	86998681	N:AC[T>G]TC	1	317415.0	2030766354
JG0139c	12	87657149	N:AC[T>C]TT	1	658468.0	2031424822
JG0139c	12	87832494	N:AG[T>G]TG	1	175345.0	2031600167
JG0139c	12	88147165	U:TC[T>G]TA	1	314671.0	2031914838
JG0139c	12	88282372	N:AA[T>G]TA	1	135207.0	2032050045
JG0139c	12	88617301	N:GC[T>A]TT	1	334929.0	2032384974
JG0139c	12	89217723	N:GC[T>G]TA	1	600422.0	2032985396
JG0139c	12	89617987	T:CC[T>G]TT	1	400264.0	2033385660
JG0139c	12	90408598	N:TG[C>G]CA	1	790611.0	2034176271
JG0139c	12	90696122	N:AC[T>G]TT	1	287524.0	2034463795
JG0139c	12	91236903	N:AC[T>G]TA	1	540781.0	2035004576
JG0139c	12	92023818	N:AC[T>C]TG	1	786915.0	2035791491
JG0139c	12	95409180	N:AG[T>G]TA	1	3385362.0	2039176853
JG0139c	12	96356503	T:AC[T>A]CA	1	947323.0	2040124176
JG0139c	12	96580438	U:GG[T>C]TA	1	223935.0	2040348111
JG0139c	12	96989150	N:GG[T>A]TA	1	408712.0	2040756823
JG0139c	12	97009525	N:GC[T>C]GG	1	20375.0	2040777198
JG0139c	12	97075131	N:TC[T>G]TA	1	65606.0	2040842804
JG0139c	12	97160382	N:CC[T>C]CA	1	85251.0	2040928055
JG0139c	12	97249434	N:TC[T>C]CT	1	89052.0	2041017107
JG0139c	12	97444198	N:AC[T>C]TT	1	194764.0	2041211871
JG0139c	12	97622857	N:CC[T>C]CT	1	178659.0	2041390530
JG0139c	12	97815022	N:TC[T>C]CG	1	192165.0	2041582695
JG0139c	12	97969481	N:TG[T>G]TA	1	154459.0	2041737154
JG0139c	12	98089509	N:TC[T>C]CT	1	120028.0	2041857182
JG0139c	12	98191318	N:AC[T>G]CT	1	101809.0	2041958991
JG0139c	12	98371362	N:GC[T>A]TG	1	180044.0	2042139035
JG0139c	12	98414791	N:TC[T>C]CC	1	43429.0	2042182464
JG0139c	12	98428327	N:AC[T>G]TG	1	13536.0	2042196000
JG0139c	12	98709490	U:GG[T>G]TG	1	281163.0	2042477163
JG0139c	12	99231310	T:TC[T>C]CT	1	521820.0	2042998983
JG0139c	12	101491831	N:AC[T>G]TG	1	2260521.0	2045259504
JG0139c	12	102237202	N:TG[T>G]TA	1	745371.0	2046004875
JG0139c	12	103387060	T:TC[T>C]AG	1	1149858.0	2047154733
JG0139c	12	103535545	N:TG[T>G]TA	1	148485.0	2047303218
JG0139c	12	104502265	U:TC[T>C]TG	1	966720.0	2048269938
JG0139c	12	105751271	N:CG[T>C]GG	1	1249006.0	2049518944
JG0139c	12	107189844	N:AC[T>C]GG	1	1438573.0	2050957517
JG0139c	12	107279506	N:AA[C>A]CT	-1	89662.0	2051047179
JG0139c	12	108398690	N:CC[T>G]TG	1	1119184.0	2052166363
JG0139c	12	109756292	U:TC[T>G]TT	1	1357602.0	2053523965
JG0139c	12	110700134	U:CC[T>C]TT	-1	943842.0	2054467807
JG0139c	12	110707074	N:AT[C>G]CT	1	6940.0	2054474747
JG0139c	12	111163815	U:AC[T>C]CA	1	456741.0	2054931488
JG0139c	12	112762622	U:AC[T>C]GG	1	1598807.0	2056530295
JG0139c	12	114379976	T:CC[T>C]CA	1	1617354.0	2058147649
JG0139c	12	114542254	N:AG[T>G]TA	1	162278.0	2058309927
JG0139c	12	114920882	N:GC[T>C]TT	1	378628.0	2058688555
JG0139c	12	115353110	N:GC[T>C]TG	1	432228.0	2059120783
JG0139c	12	115844076	N:CC[T>A]CC	1	490966.0	2059611749
JG0139c	12	116481960	N:AC[T>C]TA	1	637884.0	2060249633
JG0139c	12	118456019	N:AC[T>G]TA	1	1974059.0	2062223692
JG0139c	12	118839325	N:AG[T>G]TT	1	383306.0	2062606998
JG0139c	12	118848808	N:TG[T>C]GC	1	9483.0	2062616481
JG0139c	12	118865521	N:TC[T>C]CA	1	16713.0	2062633194
JG0139c	12	119101302	T:AG[C>A]TT	-1	235781.0	2062868975
JG0139c	12	119196336	U:CC[T>A]CA	1	95034.0	2062964009
JG0139c	12	119332227	N:AC[T>G]TG	1	135891.0	2063099900
JG0139c	12	119598347	U:TC[T>C]TG	1	266120.0	2063366020
JG0139c	12	120042997	U:TC[T>C]CA	1	444650.0	2063810670
JG0139c	12	120573858	U:CC[T>G]TC	1	530861.0	2064341531
JG0139c	12	121226460	U:GC[T>A]TG	1	652602.0	2064994133
JG0139c	12	121382925	T:GC[T>G]TA	1	156465.0	2065150598
JG0139c	12	121612504	N:TC[T>C]CG	1	229579.0	2065380177
JG0139c	12	124516967	T:AC[T>C]GA	1	2904463.0	2068284640
JG0139c	12	125371438	U:GC[T>C]GA	1	854471.0	2069139111
JG0139c	12	125456451	T:TC[T>A]TG	-1	85013.0	2069224124
JG0139c	12	125460567	U:AA[T>C]CA	1	4116.0	2069228240
JG0139c	12	125619637	U:GA[T>G]TA	1	159070.0	2069387310
JG0139c	12	125768611	N:TT[T>G]TG	1	148974.0	2069536284
JG0139c	12	126084101	N:AC[T>C]TA	1	315490.0	2069851774
JG0139c	12	126467898	N:GG[C>A]GC	1	383797.0	2070235571
JG0139c	12	126769795	N:TA[T>C]CT	1	301897.0	2070537468
JG0139c	12	127152314	N:AG[T>C]CT	1	382519.0	2070919987
JG0139c	12	128232090	N:CC[C>G]AG	-1	1079776.0	2071999763
JG0139c	12	128506696	U:CC[T>A]CC	1	274606.0	2072274369
JG0139c	12	128611373	U:TC[T>G]TT	1	104677.0	2072379046
JG0139c	12	128965431	U:AC[T>G]TT	1	354058.0	2072733104
JG0139c	12	129165330	T:AC[T>C]CT	1	199899.0	2072933003
JG0139c	12	129646492	T:GC[T>C]TT	1	481162.0	2073414165
JG0139c	12	129817172	T:AG[T>A]CC	1	170680.0	2073584845
JG0139c	12	129888677	T:GC[T>C]TG	1	71505.0	2073656350
JG0139c	12	130035566	N:TC[T>A]TC	1	146889.0	2073803239
JG0139c	12	131349031	N:GC[T>C]CA	1	1313465.0	2075116704
JG0139c	12	131678024	N:AC[T>C]TG	1	328993.0	2075445697
JG0139c	13	18649551	N:TA[T>G]TA	1		2095692533
JG0139c	13	18820221	N:TA[T>G]TC	-1	170670.0	2095863203
JG0139c	13	18839675	N:AC[T>C]TT	-1	19454.0	2095882657
JG0139c	13	18862075	N:AC[T>A]CA	-1	22400.0	2095905057
JG0139c	13	19026083	N:TG[T>C]CA	-1	164008.0	2096069065
JG0139c	13	19228527	N:CC[T>G]TA	-1	202444.0	2096271509
JG0139c	13	19323520	N:AG[T>C]CA	1	94993.0	2096366502
JG0139c	13	19411373	N:AC[T>G]AT	1	87853.0	2096454355
JG0139c	13	19441360	T:CC[T>G]CA	1	29987.0	2096484342
JG0139c	13	19713444	U:GG[T>G]TA	-1	272084.0	2096756426
JG0139c	13	19994540	T:AC[T>C]CC	-1	281096.0	2097037522
JG0139c	13	21212193	N:GC[T>C]TG	-1	1217653.0	2098255175
JG0139c	13	21249104	N:CC[T>G]CA	-1	36911.0	2098292086
JG0139c	13	21430622	U:AC[T>C]CT	-1	181518.0	2098473604
JG0139c	13	21658703	N:TC[T>C]GA	-1	228081.0	2098701685
JG0139c	13	22232763	N:TC[T>C]TG	-1	574060.0	2099275745
JG0139c	13	22409416	N:AC[C>A]CA	1	176653.0	2099452398
JG0139c	13	22490158	N:GG[T>G]CA	1	80742.0	2099533140
JG0139c	13	22497023	N:GC[T>C]GG	-1	6865.0	2099540005
JG0139c	13	23279401	T:AG[T>G]TG	-1	782378.0	2100322383
JG0139c	13	24018172	U:AC[T>G]GG	1	738771.0	2101061154
JG0139c	13	24332338	N:AC[T>G]TA	1	314166.0	2101375320
JG0139c	13	24414102	N:TC[T>G]TA	1	81764.0	2101457084
JG0139c	13	25020657	N:TC[T>G]TA	1	606555.0	2102063639
JG0139c	13	25450147	T:TC[T>C]TT	-1	429490.0	2102493129
JG0139c	13	25705405	U:GC[T>G]TC	1	255258.0	2102748387
JG0139c	13	26147298	N:AC[T>G]TA	-1	441893.0	2103190280
JG0139c	13	26521640	N:GC[T>C]GG	-1	374342.0	2103564622
JG0139c	13	26568124	U:GA[C>G]TG	1	46484.0	2103611106
JG0139c	13	26581422	T:AC[T>C]CC	-1	13298.0	2103624404
JG0139c	13	26747716	N:TG[T>G]TA	1	166294.0	2103790698
JG0139c	13	27525681	N:GC[T>G]TG	-1	777965.0	2104568663
JG0139c	13	27624654	T:CC[T>C]TG	-1	98973.0	2104667636
JG0139c	13	27739752	U:GG[T>G]TA	1	115098.0	2104782734
JG0139c	13	27863110	N:TC[T>C]TG	-1	123358.0	2104906092
JG0139c	13	28028410	U:TC[T>C]CA	-1	165300.0	2105071392
JG0139c	13	28083094	T:TG[T>G]CC	1	54684.0	2105126076
JG0139c	13	28092020	U:TC[T>A]TG	-1	8926.0	2105135002
JG0139c	13	28156874	T:AC[T>C]AC	-1	64854.0	2105199856
JG0139c	13	28195188	T:AC[T>C]CA	-1	38314.0	2105238170
JG0139c	13	29293480	U:TC[T>A]TG	1	1098292.0	2106336462
JG0139c	13	29627601	N:TC[T>G]TG	-1	334121.0	2106670583
JG0139c	13	30793049	N:GC[T>G]TT	1	1165448.0	2107836031
JG0139c	13	31496599	N:TC[T>C]TG	-1	703550.0	2108539581
JG0139c	13	31558913	N:TG[T>G]TT	-1	62314.0	2108601895
JG0139c	13	31855296	T:TC[T>A]TT	-1	296383.0	2108898278
JG0139c	13	32416943	U:AC[T>C]CG	-1	561647.0	2109459925
JG0139c	13	32433718	U:AC[T>C]CC	-1	16775.0	2109476700
JG0139c	13	33604480	N:TC[T>C]AG	-1	1170762.0	2110647462
JG0139c	13	34196193	N:TT[T>A]TT	1	591713.0	2111239175
JG0139c	13	34244902	N:AG[T>G]TA	-1	48709.0	2111287884
JG0139c	13	35951657	T:TC[T>G]TC	1	1706755.0	2112994639
JG0139c	13	36340694	T:AC[T>C]CC	1	389037.0	2113383676
JG0139c	13	36728024	N:AC[T>G]TT	1	387330.0	2113771006
JG0139c	13	37813257	T:AG[T>G]GC	1	1085233.0	2114856239
JG0139c	13	38201668	N:AC[T>C]CC	-1	388411.0	2115244650
JG0139c	13	38847857	U:TA[T>G]CA	1	646189.0	2115890839
JG0139c	13	40887354	N:TG[T>C]GA	-1	2039497.0	2117930336
JG0139c	13	41309764	N:CC[T>C]CG	-1	422410.0	2118352746
JG0139c	13	41343325	T:AC[T>G]TG	-1	33561.0	2118386307
JG0139c	13	41816744	T:AC[T>C]TA	1	473419.0	2118859726
JG0139c	13	42572232	T:AC[T>G]TG	-1	755488.0	2119615214
JG0139c	13	42631885	N:CA[T>G]TA	-1	59653.0	2119674867
JG0139c	13	43374174	T:TC[T>C]TT	1	742289.0	2120417156
JG0139c	13	44643628	N:AA[T>G]TG	-1	1269454.0	2121686610
JG0139c	13	45470967	U:AC[T>G]TT	1	827339.0	2122513949
JG0139c	13	47005248	N:AA[T>G]TT	-1	1534281.0	2124048230
JG0139c	13	47047709	N:TT[T>G]TA	-1	42461.0	2124090691
JG0139c	13	47109381	N:CC[T>G]TC	1	61672.0	2124152363
JG0139c	13	47257547	N:AC[T>C]CA	-1	148166.0	2124300529
JG0139c	13	48256008	U:CC[T>G]GA	1	998461.0	2125298990
JG0139c	13	48273308	N:AG[T>G]TA	1	17300.0	2125316290
JG0139c	13	48896727	N:GC[T>C]CT	-1	623419.0	2125939709
JG0139c	13	48932406	N:CC[T>G]TC	1	35679.0	2125975388
JG0139c	13	49879611	N:AG[C>A]TT	-1	947205.0	2126922593
JG0139c	13	50249178	N:CT[T>A]TT	-1	369567.0	2127292160
JG0139c	13	50335500	N:GG[T>C]CA	-1	86322.0	2127378482
JG0139c	13	50381128	N:AC[T>G]TT	-1	45628.0	2127424110
JG0139c	13	50425260	N:GG[T>G]TT	-1	44132.0	2127468242
JG0139c	13	50538969	N:CG[T>C]TG	-1	113709.0	2127581951
JG0139c	13	50648776	N:TG[T>G]TA	1	109807.0	2127691758
JG0139c	13	50686021	N:AC[T>G]TC	1	37245.0	2127729003
JG0139c	13	51761583	U:AG[T>G]GA	1	1075562.0	2128804565
JG0139c	13	51855105	N:AG[T>G]GA	1	93522.0	2128898087
JG0139c	13	52028289	T:TC[T>G]TT	-1	173184.0	2129071271
JG0139c	13	52054056	T:AA[T>G]GC	1	25767.0	2129097038
JG0139c	13	52227741	N:AG[T>G]TC	1	173685.0	2129270723
JG0139c	13	52775337	N:AC[T>G]CT	1	547596.0	2129818319
JG0139c	13	52901485	N:CC[T>G]TC	1	126148.0	2129944467
JG0139c	13	53081622	N:TT[T>G]TG	1	180137.0	2130124604
JG0139c	13	53384468	N:AC[T>G]TA	-1	302846.0	2130427450
JG0139c	13	53685818	N:AC[T>C]TG	-1	301350.0	2130728800
JG0139c	13	54025434	N:GC[T>C]TA	-1	339616.0	2131068416
JG0139c	13	54209961	N:AC[T>G]TA	1	184527.0	2131252943
JG0139c	13	54405266	N:TG[T>A]CA	1	195305.0	2131448248
JG0139c	13	54956114	N:AC[T>C]TA	-1	550848.0	2131999096
JG0139c	13	55523317	N:AA[T>G]TT	-1	567203.0	2132566299
JG0139c	13	55628543	N:AC[T>G]TC	1	105226.0	2132671525
JG0139c	13	55734496	N:AC[T>G]TC	-1	105953.0	2132777478
JG0139c	13	56110807	N:GC[T>C]GT	-1	376311.0	2133153789
JG0139c	13	56373571	N:CA[C>G]TA	1	262764.0	2133416553
JG0139c	13	56673471	N:AC[T>C]CT	-1	299900.0	2133716453
JG0139c	13	56734880	N:TC[T>C]CA	-1	61409.0	2133777862
JG0139c	13	56753364	N:TC[T>C]CA	-1	18484.0	2133796346
JG0139c	13	56801034	N:TC[T>G]TA	-1	47670.0	2133844016
JG0139c	13	56869605	N:GA[T>G]TA	-1	68571.0	2133912587
JG0139c	13	57241883	N:GG[T>G]TA	-1	372278.0	2134284865
JG0139c	13	57305000	N:TG[T>C]CA	-1	63117.0	2134347982
JG0139c	13	57327425	N:AC[T>C]TG	-1	22425.0	2134370407
JG0139c	13	57529934	N:GG[T>G]TT	-1	202509.0	2134572916
JG0139c	13	57843118	N:AA[T>A]TA	-1	313184.0	2134886100
JG0139c	13	58063609	N:TC[T>C]TT	-1	220491.0	2135106591
JG0139c	13	58263463	N:AC[T>G]TA	1	199854.0	2135306445
JG0139c	13	59894590	U:GC[T>C]TT	-1	1631127.0	2136937572
JG0139c	13	60525490	T:TT[T>A]AA	-1	630900.0	2137568472
JG0139c	13	61076650	N:GC[T>C]TT	-1	551160.0	2138119632
JG0139c	13	61272626	N:GC[T>A]GA	-1	195976.0	2138315608
JG0139c	13	61412764	T:GG[T>G]TC	1	140138.0	2138455746
JG0139c	13	62678069	N:AA[T>G]TT	-1	1265305.0	2139721051
JG0139c	13	62926379	N:TC[T>G]TT	-1	248310.0	2139969361
JG0139c	13	62926620	N:AC[T>G]TA	-1	241.0	2139969602
JG0139c	13	62967086	N:AG[T>G]TT	1	40466.0	2140010068
JG0139c	13	62996041	N:AC[T>G]GA	1	28955.0	2140039023
JG0139c	13	63151071	N:TC[T>G]TA	-1	155030.0	2140194053
JG0139c	13	63339004	N:AG[T>C]TT	-1	187933.0	2140381986
JG0139c	13	63402856	N:TC[T>A]CA	-1	63852.0	2140445838
JG0139c	13	63429082	N:AT[T>G]TT	-1	26226.0	2140472064
JG0139c	13	63485394	N:AC[T>G]TA	1	56312.0	2140528376
JG0139c	13	63845289	N:TG[T>G]TT	-1	359895.0	2140888271
JG0139c	13	63847779	N:AC[T>G]TG	-1	2490.0	2140890761
JG0139c	13	63848155	N:GC[T>C]CA	-1	376.0	2140891137
JG0139c	13	64088245	N:AC[T>G]TT	-1	240090.0	2141131227
JG0139c	13	64359313	N:CA[T>G]CA	1	271068.0	2141402295
JG0139c	13	65716368	N:TA[T>G]TA	1	1357055.0	2142759350
JG0139c	13	66285241	N:AG[T>G]CA	1	568873.0	2143328223
JG0139c	13	66304655	T:TC[T>G]TA	1	19414.0	2143347637
JG0139c	13	66338552	U:TC[T>C]TA	-1	33897.0	2143381534
JG0139c	13	66451118	T:AC[T>G]TG	1	112566.0	2143494100
JG0139c	13	66455965	T:AA[T>G]TA	1	4847.0	2143498947
JG0139c	13	66566389	T:TG[T>G]TA	1	110424.0	2143609371
JG0139c	13	66763936	T:GA[T>G]TA	1	197547.0	2143806918
JG0139c	13	66775342	T:TG[T>G]TA	1	11406.0	2143818324
JG0139c	13	66961751	T:AC[T>C]TT	1	186409.0	2144004733
JG0139c	13	67184681	U:TC[T>C]CA	-1	222930.0	2144227663
JG0139c	13	67438047	N:TC[T>G]TA	1	253366.0	2144481029
JG0139c	13	67721362	N:GC[T>A]TG	-1	283315.0	2144764344
JG0139c	13	68157204	N:TC[T>C]GA	1	435842.0	2145200186
JG0139c	13	68199531	N:CC[T>C]CG	1	42327.0	2145242513
JG0139c	13	68255634	N:AC[T>G]TG	1	56103.0	2145298616
JG0139c	13	68538481	N:AC[T>G]CA	1	282847.0	2145581463
JG0139c	13	68817699	N:TC[T>G]TA	1	279218.0	2145860681
JG0139c	13	68853239	N:TC[T>C]TG	-1	35540.0	2145896221
JG0139c	13	69608761	N:TC[T>C]CT	-1	755522.0	2146651743
JG0139c	13	69638582	N:GC[T>G]TA	-1	29821.0	2146681564
JG0139c	13	69780150	U:AG[T>G]TT	-1	141568.0	2146823132
JG0139c	13	70191144	N:TC[T>C]TA	-1	410994.0	2147234126
JG0139c	13	70526994	N:GA[T>G]TT	1	335850.0	2147569976
JG0139c	13	71005104	N:CC[T>G]TG	1	478110.0	2148048086
JG0139c	13	71088450	N:AC[T>A]CC	1	83346.0	2148131432
JG0139c	13	71137225	N:GC[T>A]TT	1	48775.0	2148180207
JG0139c	13	71161367	N:AG[T>G]TG	1	24142.0	2148204349
JG0139c	13	71358744	N:TG[T>G]CA	-1	197377.0	2148401726
JG0139c	13	71477897	T:AT[T>G]AA	1	119153.0	2148520879
JG0139c	13	71477908	T:AC[T>G]TT	1	11.0	2148520890
JG0139c	13	72199797	N:TC[T>G]TA	1	721889.0	2149242779
JG0139c	13	72695487	N:CC[T>G]TC	1	495690.0	2149738469
JG0139c	13	72880894	U:AC[T>G]TA	1	185407.0	2149923876
JG0139c	13	73451748	N:GG[T>A]TC	1	570854.0	2150494730
JG0139c	13	73895383	U:TC[T>C]TA	-1	443635.0	2150938365
JG0139c	13	74078727	N:AC[T>G]GA	1	183344.0	2151121709
JG0139c	13	74102139	N:GG[T>G]TC	-1	23412.0	2151145121
JG0139c	13	74314335	N:AG[T>G]CC	1	212196.0	2151357317
JG0139c	13	74334417	N:AC[T>A]CC	1	20082.0	2151377399
JG0139c	13	74451688	N:TC[T>C]CT	-1	117271.0	2151494670
JG0139c	13	74627157	N:CC[T>C]CA	1	175469.0	2151670139
JG0139c	13	74767715	N:TC[T>A]GG	1	140558.0	2151810697
JG0139c	13	75049103	N:CA[T>G]CA	1	281388.0	2152092085
JG0139c	13	75126184	N:AG[T>G]TG	1	77081.0	2152169166
JG0139c	13	75315994	T:AC[T>G]TA	1	189810.0	2152358976
JG0139c	13	75392069	T:AC[T>G]TA	1	76075.0	2152435051
JG0139c	13	76010290	N:AG[T>G]TT	-1	618221.0	2153053272
JG0139c	13	76474627	N:GG[T>A]TG	-1	464337.0	2153517609
JG0139c	13	76591343	N:GC[T>C]TG	1	116716.0	2153634325
JG0139c	13	76910987	N:AC[T>C]TG	1	319644.0	2153953969
JG0139c	13	76938301	N:AC[T>C]TT	-1	27314.0	2153981283
JG0139c	13	76987618	N:TC[T>A]CC	-1	49317.0	2154030600
JG0139c	13	77546890	T:TC[T>C]TG	-1	559272.0	2154589872
JG0139c	13	77730427	U:AC[T>G]TG	1	183537.0	2154773409
JG0139c	13	77786445	N:GA[C>A]AG	-1	56018.0	2154829427
JG0139c	13	77918976	U:GC[T>G]TA	-1	132531.0	2154961958
JG0139c	13	77996563	N:TC[T>C]CC	-1	77587.0	2155039545
JG0139c	13	78218745	N:TT[C>T]TT	1	222182.0	2155261727
JG0139c	13	78443689	N:AC[T>A]TA	-1	224944.0	2155486671
JG0139c	13	78505903	N:CC[T>G]TT	-1	62214.0	2155548885
JG0139c	13	78562608	N:TG[T>C]CA	1	56705.0	2155605590
JG0139c	13	78855715	N:TC[T>C]CA	-1	293107.0	2155898697
JG0139c	13	79039864	N:AC[T>G]CA	1	184149.0	2156082846
JG0139c	13	80291007	N:TC[T>C]TT	-1	1251143.0	2157333989
JG0139c	13	80476817	N:GC[T>G]TC	-1	185810.0	2157519799
JG0139c	13	80735163	N:GC[T>C]TT	-1	258346.0	2157778145
JG0139c	13	80873868	N:CC[T>G]TG	-1	138705.0	2157916850
JG0139c	13	81138874	N:GC[T>C]CA	-1	265006.0	2158181856
JG0139c	13	81382050	N:GT[T>G]CG	-1	243176.0	2158425032
JG0139c	13	81382785	N:AC[T>G]TA	-1	735.0	2158425767
JG0139c	13	81503461	N:TT[T>C]TT	-1	120676.0	2158546443
JG0139c	13	81765909	N:AG[T>G]TC	-1	262448.0	2158808891
JG0139c	13	82791504	N:TC[T>A]CC	-1	1025595.0	2159834486
JG0139c	13	83089213	N:CC[T>G]TG	1	297709.0	2160132195
JG0139c	13	83515460	N:CC[T>A]GT	1	426247.0	2160558442
JG0139c	13	83997332	N:AG[T>G]TG	1	481872.0	2161040314
JG0139c	13	84421302	N:AC[T>C]TA	1	423970.0	2161464284
JG0139c	13	84486556	N:TC[T>C]TA	-1	65254.0	2161529538
JG0139c	13	84606456	N:TG[T>A]GG	1	119900.0	2161649438
JG0139c	13	85363578	N:TC[T>C]GG	-1	757122.0	2162406560
JG0139c	13	85708382	N:AA[T>A]TT	-1	344804.0	2162751364
JG0139c	13	85909267	N:CC[T>G]CA	-1	200885.0	2162952249
JG0139c	13	86341678	N:AG[T>A]CA	-1	432411.0	2163384660
JG0139c	13	86612127	N:AG[T>G]TA	-1	270449.0	2163655109
JG0139c	13	86658717	N:AC[T>G]TA	-1	46590.0	2163701699
JG0139c	13	86773783	N:CC[T>G]CA	-1	115066.0	2163816765
JG0139c	13	86825610	N:TG[T>G]TT	-1	51827.0	2163868592
JG0139c	13	88369552	N:AG[T>A]TG	-1	1543942.0	2165412534
JG0139c	13	88517940	N:CC[T>G]TG	-1	148388.0	2165560922
JG0139c	13	88706623	N:TA[T>A]TT	1	188683.0	2165749605
JG0139c	13	88747050	N:AC[T>C]GT	-1	40427.0	2165790032
JG0139c	13	89636916	N:AA[T>G]TG	1	889866.0	2166679898
JG0139c	13	89690817	N:GC[T>G]TA	-1	53901.0	2166733799
JG0139c	13	90641758	N:GG[T>C]CA	-1	950941.0	2167684740
JG0139c	13	91129887	N:AC[T>C]TG	-1	488129.0	2168172869
JG0139c	13	91340573	N:CC[T>C]GA	-1	210686.0	2168383555
JG0139c	13	91564545	T:TC[T>A]GC	-1	223972.0	2168607527
JG0139c	13	91837442	U:AG[T>G]TA	1	272897.0	2168880424
JG0139c	13	91858815	U:TA[T>G]TA	1	21373.0	2168901797
JG0139c	13	92133721	T:AC[T>A]CT	-1	274906.0	2169176703
JG0139c	13	92303928	T:AG[T>G]TA	-1	170207.0	2169346910
JG0139c	13	92462854	U:GA[T>C]TA	1	158926.0	2169505836
JG0139c	13	92679806	U:GC[T>G]CT	1	216952.0	2169722788
JG0139c	13	92680190	U:TG[T>G]TC	1	384.0	2169723172
JG0139c	13	92808042	T:AG[T>A]GA	-1	127852.0	2169851024
JG0139c	13	92875485	N:AC[T>G]TA	1	67443.0	2169918467
JG0139c	13	93446500	T:AC[T>A]TG	-1	571015.0	2170489482
JG0139c	13	93671952	U:AC[T>C]CA	1	225452.0	2170714934
JG0139c	13	93779811	T:TG[T>A]CA	-1	107859.0	2170822793
JG0139c	13	95103795	U:TC[T>G]TA	-1	1323984.0	2172146777
JG0139c	13	95352429	N:TC[T>A]TT	1	248634.0	2172395411
JG0139c	13	95892825	T:AC[T>G]TA	1	540396.0	2172935807
JG0139c	13	95962955	T:GC[T>C]CA	1	70130.0	2173005937
JG0139c	13	96242537	U:CC[T>G]TA	1	279582.0	2173285519
JG0139c	13	96661877	U:AA[T>G]TC	1	419340.0	2173704859
JG0139c	13	96662771	U:TC[T>A]TT	1	894.0	2173705753
JG0139c	13	96663786	U:GC[T>G]CT	1	1015.0	2173706768
JG0139c	13	96858785	N:TC[T>G]GT	1	194999.0	2173901767
JG0139c	13	97148355	N:TC[T>C]CT	-1	289570.0	2174191337
JG0139c	13	97201355	N:GC[T>G]TG	1	53000.0	2174244337
JG0139c	13	97356607	U:AT[T>G]TT	1	155252.0	2174399589
JG0139c	13	97386755	U:AC[T>G]TG	1	30148.0	2174429737
JG0139c	13	97504140	N:TA[T>G]TA	1	117385.0	2174547122
JG0139c	13	97527066	N:AC[T>G]TA	-1	22926.0	2174570048
JG0139c	13	97588503	N:TC[T>G]TA	1	61437.0	2174631485
JG0139c	13	98072782	N:AC[T>C]CA	-1	484279.0	2175115764
JG0139c	13	99021089	T:CG[T>G]TC	1	948307.0	2176064071
JG0139c	13	99145971	N:AC[T>C]TT	1	124882.0	2176188953
JG0139c	13	99164017	N:GC[T>G]TG	1	18046.0	2176206999
JG0139c	13	99321741	T:AC[T>C]TA	-1	157724.0	2176364723
JG0139c	13	99321744	U:GT[T>G]GA	1	3.0	2176364726
JG0139c	13	100257980	T:TG[T>G]TA	-1	936236.0	2177300962
JG0139c	13	100922099	N:CC[T>G]TA	1	664119.0	2177965081
JG0139c	13	101332583	U:TC[T>C]GA	-1	410484.0	2178375565
JG0139c	13	101489378	U:AC[T>G]TC	1	156795.0	2178532360
JG0139c	13	101549157	T:AC[T>G]TA	-1	59779.0	2178592139
JG0139c	13	101565379	U:TC[T>C]TG	1	16222.0	2178608361
JG0139c	13	101798297	U:AC[T>G]TA	-1	232918.0	2178841279
JG0139c	13	101877104	U:AC[T>A]CC	-1	78807.0	2178920086
JG0139c	13	101952777	T:AA[T>C]CC	1	75673.0	2178995759
JG0139c	13	102313371	T:GG[T>G]AA	1	360594.0	2179356353
JG0139c	13	102400081	T:CC[T>G]CG	1	86710.0	2179443063
JG0139c	13	102484038	N:TC[T>G]TA	1	83957.0	2179527020
JG0139c	13	102588297	N:AC[T>G]TA	1	104259.0	2179631279
JG0139c	13	102907146	N:GA[T>G]TG	1	318849.0	2179950128
JG0139c	13	103116048	N:AC[T>G]TT	1	208902.0	2180159030
JG0139c	13	103387678	N:AC[T>A]TT	-1	271630.0	2180430660
JG0139c	13	103395379	N:TC[T>C]TT	1	7701.0	2180438361
JG0139c	13	103407403	N:AG[T>G]TA	1	12024.0	2180450385
JG0139c	13	103827014	N:AT[T>G]TA	1	419611.0	2180869996
JG0139c	13	103940743	N:GC[T>C]TG	-1	113729.0	2180983725
JG0139c	13	103979618	N:TT[T>G]TT	-1	38875.0	2181022600
JG0139c	13	104321042	N:GA[T>A]TG	-1	341424.0	2181364024
JG0139c	13	104383642	N:AT[T>G]TA	1	62600.0	2181426624
JG0139c	13	105120194	N:AC[T>G]TT	1	736552.0	2182163176
JG0139c	13	105471483	T:AT[T>G]TA	-1	351289.0	2182514465
JG0139c	13	105570399	N:AC[T>G]TT	-1	98916.0	2182613381
JG0139c	13	105854390	N:AA[T>G]TT	1	283991.0	2182897372
JG0139c	13	106763281	N:AC[T>G]TC	1	908891.0	2183806263
JG0139c	13	106900528	N:TC[T>G]TA	-1	137247.0	2183943510
JG0139c	13	106953090	N:AC[T>C]CC	-1	52562.0	2183996072
JG0139c	13	106978339	N:TC[T>G]TT	-1	25249.0	2184021321
JG0139c	13	107283081	U:CA[T>A]CA	-1	304742.0	2184326063
JG0139c	13	107383900	T:TC[T>C]TA	1	100819.0	2184426882
JG0139c	13	107825676	T:CA[T>A]GA	1	441776.0	2184868658
JG0139c	13	107912850	N:GC[T>G]TG	-1	87174.0	2184955832
JG0139c	13	108517148	N:TC[T>A]TA	1	604298.0	2185560130
JG0139c	13	108527311	N:TC[T>C]GC	-1	10163.0	2185570293
JG0139c	13	108527431	N:TG[T>A]TG	-1	120.0	2185570413
JG0139c	13	108647646	U:AT[T>G]TC	1	120215.0	2185690628
JG0139c	13	108792670	T:GG[T>A]TG	-1	145024.0	2185835652
JG0139c	13	108792673	T:GC[T>C]GG	-1	3.0	2185835655
JG0139c	13	108809271	T:GC[T>C]TA	-1	16598.0	2185852253
JG0139c	13	108943985	T:AC[T>A]TC	-1	134714.0	2185986967
JG0139c	13	109037378	U:CC[T>G]TC	1	93393.0	2186080360
JG0139c	13	109038563	U:TG[T>C]GG	1	1185.0	2186081545
JG0139c	13	109074721	T:TC[T>A]CA	-1	36158.0	2186117703
JG0139c	13	109920952	N:AG[T>G]TG	1	846231.0	2186963934
JG0139c	13	109927250	N:TC[T>G]TG	-1	6298.0	2186970232
JG0139c	13	110471644	U:GC[T>C]GA	1	544394.0	2187514626
JG0139c	13	110490614	U:GC[T>A]CC	1	18970.0	2187533596
JG0139c	13	110524191	T:GC[T>C]CC	1	33577.0	2187567173
JG0139c	13	110781265	N:AA[T>G]TA	-1	257074.0	2187824247
JG0139c	13	110967666	N:AC[T>A]TT	-1	186401.0	2188010648
JG0139c	13	111146590	U:TG[T>G]TG	1	178924.0	2188189572
JG0139c	13	111212356	T:TC[T>A]TC	-1	65766.0	2188255338
JG0139c	13	111632400	N:AG[T>A]TA	-1	420044.0	2188675382
JG0139c	13	111852489	N:AC[T>A]TG	-1	220089.0	2188895471
JG0139c	13	111867076	N:CC[T>C]TT	-1	14587.0	2188910058
JG0139c	13	112031009	N:AG[T>A]CC	-1	163933.0	2189073991
JG0139c	13	112041128	N:CC[T>A]CA	-1	10119.0	2189084110
JG0139c	13	112131880	N:TC[T>C]TA	1	90752.0	2189174862
JG0139c	13	112268884	N:TT[T>G]TA	1	137004.0	2189311866
JG0139c	13	112415066	U:TC[T>C]CT	1	146182.0	2189458048
JG0139c	13	112440607	N:CC[T>A]CC	1	25541.0	2189483589
JG0139c	13	112592183	N:AG[T>G]TC	1	151576.0	2189635165
JG0139c	13	112703642	U:AG[T>G]TA	1	111459.0	2189746624
JG0139c	13	112829775	U:TC[T>G]TA	1	126133.0	2189872757
JG0139c	13	113524461	T:AC[T>C]CA	-1	694686.0	2190567443
JG0139c	14	20193185	U:TC[T>G]CA	1		2211600495
JG0139c	14	20434203	T:AC[T>C]TA	1	241018.0	2211841513
JG0139c	14	20766255	N:AC[T>G]TA	1	332052.0	2212173565
JG0139c	14	20777330	N:AC[T>G]TT	1	11075.0	2212184640
JG0139c	14	20782632	N:AC[T>C]CT	1	5302.0	2212189942
JG0139c	14	20797271	N:GG[T>G]TA	1	14639.0	2212204581
JG0139c	14	20879645	N:AC[T>G]AC	1	82374.0	2212286955
JG0139c	14	21256506	T:AC[T>G]TT	1	376861.0	2212663816
JG0139c	14	21884160	N:TT[T>G]TG	-1	627654.0	2213291470
JG0139c	14	21927493	N:GC[T>G]TA	1	43333.0	2213334803
JG0139c	14	21969457	N:CC[T>G]TA	1	41964.0	2213376767
JG0139c	14	22150732	N:AC[T>C]CG	1	181275.0	2213558042
JG0139c	14	22212954	N:TC[T>G]CA	-1	62222.0	2213620264
JG0139c	14	22225223	N:CC[T>G]CG	-1	12269.0	2213632533
JG0139c	14	22234439	N:TC[T>G]TG	1	9216.0	2213641749
JG0139c	14	22896208	T:TC[T>C]CA	1	661769.0	2214303518
JG0139c	14	23103025	U:TG[C>T]TG	-1	206817.0	2214510335
JG0139c	14	23137020	U:GC[T>A]GC	-1	33995.0	2214544330
JG0139c	14	23728223	N:AC[T>C]GC	1	591203.0	2215135533
JG0139c	14	23764953	N:TC[T>G]CA	1	36730.0	2215172263
JG0139c	14	23794638	N:AC[T>G]TA	-1	29685.0	2215201948
JG0139c	14	23817568	N:TC[T>C]GA	-1	22930.0	2215224878
JG0139c	14	23828521	N:TC[T>G]TT	-1	10953.0	2215235831
JG0139c	14	24458094	N:TC[T>G]TG	1	629573.0	2215865404
JG0139c	14	24659613	N:TC[T>A]TT	1	201519.0	2216066923
JG0139c	14	24705980	N:AC[T>G]TA	-1	46367.0	2216113290
JG0139c	14	24721839	N:TC[T>G]TT	1	15859.0	2216129149
JG0139c	14	24728225	N:TC[T>C]CC	1	6386.0	2216135535
JG0139c	14	24783711	N:TC[T>A]TC	1	55486.0	2216191021
JG0139c	14	24791319	N:GG[T>C]CA	1	7608.0	2216198629
JG0139c	14	24836088	T:AG[T>G]TA	1	44769.0	2216243398
JG0139c	14	24907344	U:AA[T>G]TT	-1	71256.0	2216314654
JG0139c	14	24919139	T:CC[T>G]TT	1	11795.0	2216326449
JG0139c	14	24959483	T:TG[T>G]TA	1	40344.0	2216366793
JG0139c	14	25321150	N:GA[T>C]AA	-1	361667.0	2216728460
JG0139c	14	25386735	N:AT[T>G]TG	1	65585.0	2216794045
JG0139c	14	25396915	N:GT[T>G]TA	1	10180.0	2216804225
JG0139c	14	25725394	N:CA[T>G]TG	1	328479.0	2217132704
JG0139c	14	25795360	N:AC[T>G]TA	1	69966.0	2217202670
JG0139c	14	25993182	N:TG[T>G]TT	-1	197822.0	2217400492
JG0139c	14	26054056	N:AC[T>C]AA	1	60874.0	2217461366
JG0139c	14	26087267	N:AC[T>G]TA	1	33211.0	2217494577
JG0139c	14	26087537	N:GC[T>G]TC	1	270.0	2217494847
JG0139c	14	26344427	N:GG[T>G]TT	1	256890.0	2217751737
JG0139c	14	26380255	N:AC[T>G]TA	1	35828.0	2217787565
JG0139c	14	26430993	N:AC[T>G]TA	1	50738.0	2217838303
JG0139c	14	26447502	T:AC[T>C]TC	1	16509.0	2217854812
JG0139c	14	26473447	T:TG[T>G]TT	1	25945.0	2217880757
JG0139c	14	26502526	T:AC[T>G]TA	1	29079.0	2217909836
JG0139c	14	26539833	T:AG[T>C]GA	1	37307.0	2217947143
JG0139c	14	26807841	N:TC[T>C]TA	1	268008.0	2218215151
JG0139c	14	26846645	N:GC[T>C]TG	1	38804.0	2218253955
JG0139c	14	27228197	N:TG[T>G]TT	-1	381552.0	2218635507
JG0139c	14	27403577	N:AA[T>G]TA	1	175380.0	2218810887
JG0139c	14	27514501	N:AG[T>C]CA	1	110924.0	2218921811
JG0139c	14	27557088	N:CC[T>C]GA	1	42587.0	2218964398
JG0139c	14	27638499	N:GC[T>G]CA	-1	81411.0	2219045809
JG0139c	14	28003458	N:AC[T>C]TT	-1	364959.0	2219410768
JG0139c	14	28104938	N:GG[T>C]TT	-1	101480.0	2219512248
JG0139c	14	28168802	N:AC[T>A]GG	1	63864.0	2219576112
JG0139c	14	28583660	N:AC[T>C]CA	1	414858.0	2219990970
JG0139c	14	28681179	N:TG[T>A]CA	1	97519.0	2220088489
JG0139c	14	28935697	N:TA[T>G]TG	1	254518.0	2220343007
JG0139c	14	29044612	N:AC[T>C]CA	1	108915.0	2220451922
JG0139c	14	29241242	N:CA[T>C]CT	1	196630.0	2220648552
JG0139c	14	29365745	N:GA[T>G]TA	-1	124503.0	2220773055
JG0139c	14	29379326	N:TG[T>C]CA	1	13581.0	2220786636
JG0139c	14	29746214	T:TC[T>G]TG	1	366888.0	2221153524
JG0139c	14	29758325	T:AC[T>A]TG	1	12111.0	2221165635
JG0139c	14	30081164	T:CC[T>A]TA	1	322839.0	2221488474
JG0139c	14	30169442	T:AC[T>C]TG	1	88278.0	2221576752
JG0139c	14	30221149	N:AG[T>G]TT	1	51707.0	2221628459
JG0139c	14	30246298	N:TC[T>C]TA	1	25149.0	2221653608
JG0139c	14	30268404	N:TC[T>C]TT	1	22106.0	2221675714
JG0139c	14	30388463	N:AC[T>C]CA	1	120059.0	2221795773
JG0139c	14	30414220	N:CC[T>G]TA	1	25757.0	2221821530
JG0139c	14	30448643	N:AC[T>A]TG	1	34423.0	2221855953
JG0139c	14	30454861	N:AC[T>C]CA	1	6218.0	2221862171
JG0139c	14	30551270	N:AC[T>C]CA	1	96409.0	2221958580
JG0139c	14	30769410	N:AC[T>G]TA	1	218140.0	2222176720
JG0139c	14	30803550	N:TC[T>A]CG	-1	34140.0	2222210860
JG0139c	14	31174195	U:GG[C>A]TT	-1	370645.0	2222581505
JG0139c	14	32192301	N:CC[T>C]TG	-1	1018106.0	2223599611
JG0139c	14	32255028	N:TG[T>C]GT	1	62727.0	2223662338
JG0139c	14	32361732	U:AC[T>G]TG	1	106704.0	2223769042
JG0139c	14	32606439	U:AC[T>C]TA	1	244707.0	2224013749
JG0139c	14	33414082	U:GG[T>G]TA	1	807643.0	2224821392
JG0139c	14	33717307	T:AC[T>A]CT	-1	303225.0	2225124617
JG0139c	14	33836475	N:TT[C>A]TT	1	119168.0	2225243785
JG0139c	14	33846244	N:AC[T>A]CC	1	9769.0	2225253554
JG0139c	14	34102420	T:TC[T>C]CA	1	256176.0	2225509730
JG0139c	14	34340190	N:AC[T>G]TA	1	237770.0	2225747500
JG0139c	14	35667682	U:CC[T>G]TA	-1	1327492.0	2227074992
JG0139c	14	35747833	U:TC[T>G]CA	-1	80151.0	2227155143
JG0139c	14	36475721	U:TA[T>G]TC	-1	727888.0	2227883031
JG0139c	14	36783819	U:AA[T>G]TT	-1	308098.0	2228191129
JG0139c	14	36839101	T:AC[T>G]TA	1	55282.0	2228246411
JG0139c	14	36874359	T:AC[T>G]TT	1	35258.0	2228281669
JG0139c	14	36922803	T:AC[T>A]TA	1	48444.0	2228330113
JG0139c	14	36987506	T:AC[T>C]TA	1	64703.0	2228394816
JG0139c	14	37149984	T:AC[T>C]TA	1	162478.0	2228557294
JG0139c	14	37186471	N:TC[T>C]CA	1	36487.0	2228593781
JG0139c	14	37414767	T:AC[T>C]TG	-1	228296.0	2228822077
JG0139c	14	37417755	U:GC[T>C]TA	1	2988.0	2228825065
JG0139c	14	37432306	U:TC[T>G]TA	1	14551.0	2228839616
JG0139c	14	37459970	U:AC[T>C]CA	1	27664.0	2228867280
JG0139c	14	37568149	N:TC[T>C]TA	1	108179.0	2228975459
JG0139c	14	37714848	U:AC[T>G]TT	1	146699.0	2229122158
JG0139c	14	37796027	T:AC[T>C]TT	-1	81179.0	2229203337
JG0139c	14	37862339	N:GC[T>A]TT	-1	66312.0	2229269649
JG0139c	14	37969838	N:AC[T>C]CT	1	107499.0	2229377148
JG0139c	14	38049220	N:TC[T>G]TT	-1	79382.0	2229456530
JG0139c	14	38209828	U:AC[T>C]GT	1	160608.0	2229617138
JG0139c	14	38238821	N:GC[T>C]TT	1	28993.0	2229646131
JG0139c	14	38361476	N:AG[C>A]TG	1	122655.0	2229768786
JG0139c	14	38414004	N:AC[T>G]CC	-1	52528.0	2229821314
JG0139c	14	38420379	N:AC[T>A]TG	1	6375.0	2229827689
JG0139c	14	38461725	N:CC[T>G]TA	1	41346.0	2229869035
JG0139c	14	38480674	N:AA[T>G]TG	1	18949.0	2229887984
JG0139c	14	38525448	N:AC[T>C]CA	1	44774.0	2229932758
JG0139c	14	38699196	N:AC[T>C]CA	1	173748.0	2230106506
JG0139c	14	38708124	N:TC[T>C]TG	1	8928.0	2230115434
JG0139c	14	38754474	N:AC[T>C]AA	1	46350.0	2230161784
JG0139c	14	38841449	N:AC[T>A]CA	1	86975.0	2230248759
JG0139c	14	38929317	N:TC[T>C]TT	1	87868.0	2230336627
JG0139c	14	38976942	N:TC[T>A]TT	1	47625.0	2230384252
JG0139c	14	38999883	N:AC[T>C]CC	1	22941.0	2230407193
JG0139c	14	39093652	T:AC[T>C]TA	1	93769.0	2230500962
JG0139c	14	39338719	U:AG[T>A]TG	1	245067.0	2230746029
JG0139c	14	39410572	T:AC[T>G]TT	1	71853.0	2230817882
JG0139c	14	39570591	N:AT[T>G]TG	-1	160019.0	2230977901
JG0139c	14	39799767	N:CA[T>A]TA	1	229176.0	2231207077
JG0139c	14	39814434	N:AC[T>C]TG	1	14667.0	2231221744
JG0139c	14	39843076	N:TG[T>C]TG	1	28642.0	2231250386
JG0139c	14	39845069	N:TT[T>G]TT	-1	1993.0	2231252379
JG0139c	14	39853990	N:TA[T>G]TT	1	8921.0	2231261300
JG0139c	14	39927496	N:AC[T>A]TA	1	73506.0	2231334806
JG0139c	14	40083904	N:TC[T>G]TA	1	156408.0	2231491214
JG0139c	14	40116489	N:TC[T>G]TG	1	32585.0	2231523799
JG0139c	14	40121486	N:TA[C>A]AA	-1	4997.0	2231528796
JG0139c	14	40538706	N:TA[C>T]CA	-1	417220.0	2231946016
JG0139c	14	40538707	N:GG[T>A]AT	1	1.0	2231946017
JG0139c	14	40654121	N:AC[T>C]TA	1	115414.0	2232061431
JG0139c	14	40779346	N:CC[C>T]AA	-1	125225.0	2232186656
JG0139c	14	40834056	N:CC[T>G]TG	1	54710.0	2232241366
JG0139c	14	40928087	N:AC[T>G]TT	1	94031.0	2232335397
JG0139c	14	41053778	N:TT[C>A]TT	-1	125691.0	2232461088
JG0139c	14	41223108	N:TT[T>A]TG	1	169330.0	2232630418
JG0139c	14	41385903	N:AA[T>A]CA	1	162795.0	2232793213
JG0139c	14	41810827	U:TC[T>A]TA	1	424924.0	2233218137
JG0139c	14	42414728	N:CC[T>C]CG	1	603901.0	2233822038
JG0139c	14	42723430	N:AC[T>G]TA	1	308702.0	2234130740
JG0139c	14	42729324	N:GG[T>G]TA	1	5894.0	2234136634
JG0139c	14	42934958	N:AC[T>C]TT	1	205634.0	2234342268
JG0139c	14	42976937	N:TC[T>A]GG	1	41979.0	2234384247
JG0139c	14	43197558	N:CC[T>G]CA	1	220621.0	2234604868
JG0139c	14	43272478	N:AC[T>G]TT	-1	74920.0	2234679788
JG0139c	14	43277614	N:GC[T>C]TG	1	5136.0	2234684924
JG0139c	14	43329073	N:AC[T>G]TA	1	51459.0	2234736383
JG0139c	14	43547865	N:GG[T>G]TA	-1	218792.0	2234955175
JG0139c	14	43924841	N:GC[T>A]TG	1	376976.0	2235332151
JG0139c	14	44085421	N:TC[T>C]CG	1	160580.0	2235492731
JG0139c	14	44097907	N:GC[T>G]TC	1	12486.0	2235505217
JG0139c	14	44281428	N:GC[T>C]GC	1	183521.0	2235688738
JG0139c	14	44487382	N:AC[T>G]TA	1	205954.0	2235894692
JG0139c	14	44581395	N:TG[T>C]AT	-1	94013.0	2235988705
JG0139c	14	44619701	N:CC[T>G]TC	-1	38306.0	2236027011
JG0139c	14	44743668	N:TC[T>C]CT	1	123967.0	2236150978
JG0139c	14	45394687	N:CC[T>G]TG	-1	651019.0	2236801997
JG0139c	14	45415638	N:TC[T>G]AA	-1	20951.0	2236822948
JG0139c	14	45434134	N:AC[T>C]TG	1	18496.0	2236841444
JG0139c	14	45457939	N:GA[T>G]TT	1	23805.0	2236865249
JG0139c	14	45523392	N:GG[T>A]TC	1	65453.0	2236930702
JG0139c	14	45572199	N:TC[T>G]TA	1	48807.0	2236979509
JG0139c	14	45578041	N:GC[T>G]TA	1	5842.0	2236985351
JG0139c	14	45777976	N:TC[T>A]TG	1	199935.0	2237185286
JG0139c	14	45812599	N:TC[T>A]CC	1	34623.0	2237219909
JG0139c	14	46274261	N:CC[T>G]CA	-1	461662.0	2237681571
JG0139c	14	46362815	N:TC[T>G]GA	1	88554.0	2237770125
JG0139c	14	46372869	N:AC[T>C]TG	-1	10054.0	2237780179
JG0139c	14	46410406	N:CC[T>G]CA	-1	37537.0	2237817716
JG0139c	14	46413437	N:CC[T>A]CA	1	3031.0	2237820747
JG0139c	14	46588577	N:GG[T>C]AC	1	175140.0	2237995887
JG0139c	14	46666446	N:AC[T>C]TG	1	77869.0	2238073756
JG0139c	14	46735908	N:AC[T>A]TA	1	69462.0	2238143218
JG0139c	14	46805100	N:TA[T>G]TA	1	69192.0	2238212410
JG0139c	14	46841100	T:TG[T>C]TT	1	36000.0	2238248410
JG0139c	14	46868300	U:AC[T>G]TT	-1	27200.0	2238275610
JG0139c	14	47080546	T:TC[T>C]CT	1	212246.0	2238487856
JG0139c	14	47297369	T:TA[T>A]TG	1	216823.0	2238704679
JG0139c	14	47306974	T:TG[T>G]TT	1	9605.0	2238714284
JG0139c	14	47333032	T:TC[T>C]TT	1	26058.0	2238740342
JG0139c	14	47364373	T:TC[T>C]CC	1	31341.0	2238771683
JG0139c	14	47387569	T:AA[T>G]TA	1	23196.0	2238794879
JG0139c	14	47844904	N:TT[T>C]TG	1	457335.0	2239252214
JG0139c	14	48043188	N:TC[T>C]TA	1	198284.0	2239450498
JG0139c	14	48130859	N:CC[T>C]GG	1	87671.0	2239538169
JG0139c	14	48178309	N:AC[T>C]TG	1	47450.0	2239585619
JG0139c	14	48369787	N:GC[T>C]GA	1	191478.0	2239777097
JG0139c	14	48523840	N:TC[T>C]TG	1	154053.0	2239931150
JG0139c	14	48671363	N:AC[T>A]CA	1	147523.0	2240078673
JG0139c	14	48794203	N:CC[T>G]TA	-1	122840.0	2240201513
JG0139c	14	48973635	N:AG[T>G]TT	-1	179432.0	2240380945
JG0139c	14	49253616	N:TC[T>C]TT	1	279981.0	2240660926
JG0139c	14	49332516	N:AC[T>A]TG	1	78900.0	2240739826
JG0139c	14	49460515	N:CC[T>G]TG	1	127999.0	2240867825
JG0139c	14	50837746	N:TC[T>G]TG	-1	1377231.0	2242245056
JG0139c	14	51887205	U:AC[T>G]TA	1	1049459.0	2243294515
JG0139c	14	52333019	N:AG[T>G]TA	1	445814.0	2243740329
JG0139c	14	52760593	T:TC[T>G]TG	-1	427574.0	2244167903
JG0139c	14	53277601	N:TC[T>C]TG	1	517008.0	2244684911
JG0139c	14	53423793	N:AC[T>C]TT	1	146192.0	2244831103
JG0139c	14	53514077	N:TC[T>C]GA	1	90284.0	2244921387
JG0139c	14	53732688	N:AC[T>A]GA	1	218611.0	2245139998
JG0139c	14	53745213	N:CC[T>G]TG	1	12525.0	2245152523
JG0139c	14	53802448	N:CC[T>C]TC	1	57235.0	2245209758
JG0139c	14	53836194	N:AC[T>G]CA	1	33746.0	2245243504
JG0139c	14	53950221	U:GC[T>G]GA	-1	114027.0	2245357531
JG0139c	14	54020058	N:TC[T>C]TG	1	69837.0	2245427368
JG0139c	14	54139711	N:GC[T>C]TA	1	119653.0	2245547021
JG0139c	14	54911194	N:AC[T>G]CA	-1	771483.0	2246318504
JG0139c	14	54933702	N:AC[T>A]CC	-1	22508.0	2246341012
JG0139c	14	55165863	U:TC[T>G]TG	-1	232161.0	2246573173
JG0139c	14	55344356	U:GG[T>C]CA	1	178493.0	2246751666
JG0139c	14	55543544	N:GC[T>C]CG	-1	199188.0	2246950854
JG0139c	14	56246419	U:TC[T>G]TC	1	702875.0	2247653729
JG0139c	14	56449673	N:AG[T>G]TG	1	203254.0	2247856983
JG0139c	14	56612541	T:GG[T>G]TA	-1	162868.0	2248019851
JG0139c	14	56721331	N:GC[T>C]TG	1	108790.0	2248128641
JG0139c	14	56729306	N:AG[T>C]TT	-1	7975.0	2248136616
JG0139c	14	56746745	N:CC[T>A]CA	-1	17439.0	2248154055
JG0139c	14	56770929	N:AC[T>C]CT	-1	24184.0	2248178239
JG0139c	14	56793597	N:AC[T>G]TG	-1	22668.0	2248200907
JG0139c	14	56955227	N:TC[T>G]TG	-1	161630.0	2248362537
JG0139c	14	57162674	N:AC[T>G]TG	-1	207447.0	2248569984
JG0139c	14	57329833	N:AC[T>C]TG	1	167159.0	2248737143
JG0139c	14	57689263	T:TC[T>G]TA	1	359430.0	2249096573
JG0139c	14	59361779	U:GC[T>A]TG	1	1672516.0	2250769089
JG0139c	14	59546062	U:GG[T>G]TG	-1	184283.0	2250953372
JG0139c	14	59613328	T:TC[T>C]CA	1	67266.0	2251020638
JG0139c	14	59637948	T:GG[T>G]TC	1	24620.0	2251045258
JG0139c	14	59952887	U:AC[T>C]TG	1	314939.0	2251360197
JG0139c	14	60003025	U:TC[T>C]TG	1	50138.0	2251410335
JG0139c	14	60113432	T:AT[T>C]GC	-1	110407.0	2251520742
JG0139c	14	60466407	T:AC[T>G]TT	1	352975.0	2251873717
JG0139c	14	60591168	N:TC[T>C]GT	1	124761.0	2251998478
JG0139c	14	60834481	U:TC[T>C]TA	1	243313.0	2252241791
JG0139c	14	60839254	U:AC[T>G]TA	1	4773.0	2252246564
JG0139c	14	61185677	N:CG[T>G]TA	-1	346423.0	2252592987
JG0139c	14	61341907	U:TC[T>A]TG	1	156230.0	2252749217
JG0139c	14	61396443	T:TG[T>G]GA	-1	54536.0	2252803753
JG0139c	14	61416782	T:AC[T>G]AT	-1	20339.0	2252824092
JG0139c	14	61451349	T:TC[T>G]TT	-1	34567.0	2252858659
JG0139c	14	61701078	T:TA[T>G]CA	-1	249729.0	2253108388
JG0139c	14	61701080	T:TT[T>C]AT	-1	2.0	2253108390
JG0139c	14	61909346	U:TC[T>A]TT	1	208266.0	2253316656
JG0139c	14	62104799	U:TC[T>C]TC	1	195453.0	2253512109
JG0139c	14	62122202	N:GC[T>G]TC	-1	17403.0	2253529512
JG0139c	14	62254345	N:AC[T>C]CG	1	132143.0	2253661655
JG0139c	14	62306002	N:AC[T>G]CA	1	51657.0	2253713312
JG0139c	14	62366705	N:TG[T>G]TA	1	60703.0	2253774015
JG0139c	14	62378469	N:AA[T>G]TA	-1	11764.0	2253785779
JG0139c	14	62388566	N:AC[T>C]TA	1	10097.0	2253795876
JG0139c	14	62528274	N:TC[T>C]TA	1	139708.0	2253935584
JG0139c	14	62632467	N:TC[T>C]TG	1	104193.0	2254039777
JG0139c	14	63071933	T:TG[T>C]CA	1	439466.0	2254479243
JG0139c	14	63196410	N:GA[T>G]TG	1	124477.0	2254603720
JG0139c	14	63238077	U:GC[T>G]TA	1	41667.0	2254645387
JG0139c	14	63353646	N:AC[T>G]TA	-1	115569.0	2254760956
JG0139c	14	64067785	U:AC[T>A]TG	1	714139.0	2255475095
JG0139c	14	64144383	B:AC[T>G]TA	1	76598.0	2255551693
JG0139c	14	65159575	N:GC[T>G]TA	-1	1015192.0	2256566885
JG0139c	14	65557144	U:AC[T>C]CG	1	397569.0	2256964454
JG0139c	14	65624853	U:GG[T>A]CA	1	67709.0	2257032163
JG0139c	14	65830964	N:GG[T>C]TA	1	206111.0	2257238274
JG0139c	14	65920117	N:GC[T>G]TA	1	89153.0	2257327427
JG0139c	14	66153892	N:TC[T>A]TT	1	233775.0	2257561202
JG0139c	14	66219681	N:AC[T>G]TT	1	65789.0	2257626991
JG0139c	14	66267323	N:CC[T>C]GC	1	47642.0	2257674633
JG0139c	14	66272785	N:GG[T>C]CA	1	5462.0	2257680095
JG0139c	14	66442042	N:TC[T>C]CA	1	169257.0	2257849352
JG0139c	14	67035225	U:AC[T>G]TA	1	593183.0	2258442535
JG0139c	14	67089291	U:AC[T>G]TT	1	54066.0	2258496601
JG0139c	14	67094226	U:TG[T>G]TA	1	4935.0	2258501536
JG0139c	14	67279691	T:AG[T>G]TA	-1	185465.0	2258687001
JG0139c	14	67301694	U:TC[T>G]TC	1	22003.0	2258709004
JG0139c	14	67897357	U:GG[T>A]TA	1	595663.0	2259304667
JG0139c	14	67983117	U:AC[T>G]CA	1	85760.0	2259390427
JG0139c	14	68381392	U:AG[T>G]TG	1	398275.0	2259788702
JG0139c	14	68386230	U:TC[T>C]GC	1	4838.0	2259793540
JG0139c	14	68409351	U:TC[T>C]TA	1	23121.0	2259816661
JG0139c	14	68444734	U:AC[T>C]GT	1	35383.0	2259852044
JG0139c	14	68533397	T:AC[T>G]TC	-1	88663.0	2259940707
JG0139c	14	68674907	U:GC[T>C]CA	1	141510.0	2260082217
JG0139c	14	68708174	U:GC[T>G]CA	1	33267.0	2260115484
JG0139c	14	68764023	N:TC[C>T]AG	-1	55849.0	2260171333
JG0139c	14	69179175	N:AC[T>C]TG	-1	415152.0	2260586485
JG0139c	14	69569976	U:AA[T>C]TG	-1	390801.0	2260977286
JG0139c	14	69928119	U:AC[T>C]TG	1	358143.0	2261335429
JG0139c	14	69950913	U:TC[T>A]TT	1	22794.0	2261358223
JG0139c	14	69956337	U:AC[T>C]TC	1	5424.0	2261363647
JG0139c	14	70030050	T:TG[T>G]TT	-1	73713.0	2261437360
JG0139c	14	70131359	T:GC[T>C]TT	1	101309.0	2261538669
JG0139c	14	70245787	N:AC[T>C]GA	1	114428.0	2261653097
JG0139c	14	70262233	N:TC[T>G]CC	1	16446.0	2261669543
JG0139c	14	70274569	N:CC[T>C]CA	1	12336.0	2261681879
JG0139c	14	70287659	N:TC[T>G]GA	1	13090.0	2261694969
JG0139c	14	70432254	N:AC[T>A]TG	1	144595.0	2261839564
JG0139c	14	70443702	N:GC[T>C]CA	1	11448.0	2261851012
JG0139c	14	70846703	N:AC[T>G]CA	-1	403001.0	2262254013
JG0139c	14	71173343	N:TC[T>G]TC	-1	326640.0	2262580653
JG0139c	14	71307266	N:AC[T>G]TA	1	133923.0	2262714576
JG0139c	14	71399956	T:AC[T>G]TG	-1	92690.0	2262807266
JG0139c	14	71488010	T:CC[T>G]TG	-1	88054.0	2262895320
JG0139c	14	71722113	U:GC[T>A]GC	1	234103.0	2263129423
JG0139c	14	72028697	U:GC[T>A]TA	1	306584.0	2263436007
JG0139c	14	72117909	T:TA[T>G]TA	-1	89212.0	2263525219
JG0139c	14	72285728	U:TC[T>G]CA	1	167819.0	2263693038
JG0139c	14	72305804	U:AC[T>C]TT	1	20076.0	2263713114
JG0139c	14	72342300	U:GC[T>C]TA	1	36496.0	2263749610
JG0139c	14	72655590	T:TC[T>G]TT	1	313290.0	2264062900
JG0139c	14	73405363	T:GC[T>C]CA	1	749773.0	2264812673
JG0139c	14	73738482	U:TC[T>G]TG	-1	333119.0	2265145792
JG0139c	14	73841315	N:TG[T>C]CA	1	102833.0	2265248625
JG0139c	14	73920572	T:GG[T>C]CA	-1	79257.0	2265327882
JG0139c	14	74038128	U:AC[T>G]TG	1	117556.0	2265445438
JG0139c	14	74181819	T:AT[T>G]TT	-1	143691.0	2265589129
JG0139c	14	74492142	T:AC[T>A]TT	1	310323.0	2265899452
JG0139c	14	75095535	U:AG[T>G]TA	-1	603393.0	2266502845
JG0139c	14	75098883	T:AG[T>C]TG	1	3348.0	2266506193
JG0139c	14	75358313	N:GA[T>A]TA	1	259430.0	2266765623
JG0139c	14	75383367	N:CC[T>C]TA	1	25054.0	2266790677
JG0139c	14	75531727	T:TG[T>G]AA	-1	148360.0	2266939037
JG0139c	14	75546065	U:CG[T>G]TG	1	14338.0	2266953375
JG0139c	14	75672560	U:TG[T>G]TG	1	126495.0	2267079870
JG0139c	14	75699872	U:TC[T>C]CA	1	27312.0	2267107182
JG0139c	14	75904510	U:AC[T>C]TG	1	204638.0	2267311820
JG0139c	14	76012600	U:CC[T>C]GC	1	108090.0	2267419910
JG0139c	14	76014436	U:AC[T>G]TA	1	1836.0	2267421746
JG0139c	14	76091914	N:TC[T>A]CA	1	77478.0	2267499224
JG0139c	14	77914242	U:AC[T>G]TT	1	1822328.0	2269321552
JG0139c	14	77975837	N:AG[T>G]TG	1	61595.0	2269383147
JG0139c	14	78069754	N:GC[T>G]TT	1	93917.0	2269477064
JG0139c	14	78159938	N:TC[T>C]TG	1	90184.0	2269567248
JG0139c	14	78386743	U:CC[T>G]TA	1	226805.0	2269794053
JG0139c	14	78412835	U:AC[T>C]CT	1	26092.0	2269820145
JG0139c	14	78511931	U:AC[T>C]TA	1	99096.0	2269919241
JG0139c	14	78527226	U:GC[T>A]CA	1	15295.0	2269934536
JG0139c	14	78543297	U:TT[T>G]TA	1	16071.0	2269950607
JG0139c	14	78670281	U:GT[T>C]CC	1	126984.0	2270077591
JG0139c	14	78749910	T:TC[T>G]TG	-1	79629.0	2270157220
JG0139c	14	78762231	U:TC[T>G]TT	1	12321.0	2270169541
JG0139c	14	78842119	U:TC[T>C]TG	1	79888.0	2270249429
JG0139c	14	78866462	U:TC[T>G]TT	1	24343.0	2270273772
JG0139c	14	78912250	U:AC[T>A]CA	1	45788.0	2270319560
JG0139c	14	78947059	U:TC[T>G]TA	1	34809.0	2270354369
JG0139c	14	78984317	T:TG[T>G]TA	-1	37258.0	2270391627
JG0139c	14	79133820	U:AC[T>C]CG	1	149503.0	2270541130
JG0139c	14	79185233	U:AC[T>C]TA	1	51413.0	2270592543
JG0139c	14	79298475	U:GG[T>C]TC	1	113242.0	2270705785
JG0139c	14	79507522	U:TC[T>C]GA	1	209047.0	2270914832
JG0139c	14	79588030	U:TC[T>C]CA	1	80508.0	2270995340
JG0139c	14	79730565	T:TC[T>G]TT	-1	142535.0	2271137875
JG0139c	14	79900853	N:TC[T>C]CA	1	170288.0	2271308163
JG0139c	14	80170807	N:AC[T>C]TG	1	269954.0	2271578117
JG0139c	14	80204528	T:AC[T>G]TC	1	33721.0	2271611838
JG0139c	14	80320281	T:AC[T>G]TA	1	115753.0	2271727591
JG0139c	14	80353628	T:TC[T>A]TA	1	33347.0	2271760938
JG0139c	14	80864385	U:AG[T>G]CA	-1	510757.0	2272271695
JG0139c	14	80923125	T:GC[T>C]TA	1	58740.0	2272330435
JG0139c	14	80963038	T:AG[T>G]TG	-1	39913.0	2272370348
JG0139c	14	81859075	N:TC[T>G]TA	-1	896037.0	2273266385
JG0139c	14	81894116	N:AG[T>G]GA	-1	35041.0	2273301426
JG0139c	14	82326198	N:TC[T>C]CC	1	432082.0	2273733508
JG0139c	14	82798503	N:GA[T>G]TT	-1	472305.0	2274205813
JG0139c	14	83387291	N:TC[T>C]TA	1	588788.0	2274794601
JG0139c	14	83749845	N:AC[T>G]TT	-1	362554.0	2275157155
JG0139c	14	83807655	N:TG[T>G]TG	1	57810.0	2275214965
JG0139c	14	83879059	N:TC[T>A]TG	1	71404.0	2275286369
JG0139c	14	84090880	N:GC[T>A]CC	1	211821.0	2275498190
JG0139c	14	84180435	N:TG[T>C]TT	1	89555.0	2275587745
JG0139c	14	84425510	N:AC[T>C]TC	1	245075.0	2275832820
JG0139c	14	84480572	N:GG[T>G]TC	-1	55062.0	2275887882
JG0139c	14	84606741	N:GG[T>C]CC	1	126169.0	2276014051
JG0139c	14	84739614	N:GA[T>G]TA	-1	132873.0	2276146924
JG0139c	14	84757658	N:TG[T>G]TG	-1	18044.0	2276164968
JG0139c	14	84778273	N:CC[T>C]TG	1	20615.0	2276185583
JG0139c	14	85292396	N:CC[T>G]TT	-1	514123.0	2276699706
JG0139c	14	85345950	N:TG[T>G]TA	-1	53554.0	2276753260
JG0139c	14	85415043	N:TC[T>C]CA	-1	69093.0	2276822353
JG0139c	14	85489680	N:TC[T>C]CC	1	74637.0	2276896990
JG0139c	14	85707652	N:AC[T>G]CA	1	217972.0	2277114962
JG0139c	14	85724555	N:TC[T>G]AT	-1	16903.0	2277131865
JG0139c	14	86206101	N:TC[T>C]TG	1	481546.0	2277613411
JG0139c	14	86260556	N:AT[T>G]TA	1	54455.0	2277667866
JG0139c	14	86301752	N:AC[T>A]CT	-1	41196.0	2277709062
JG0139c	14	86364906	N:AC[T>A]CA	1	63154.0	2277772216
JG0139c	14	86370080	N:AC[T>C]TG	1	5174.0	2277777390
JG0139c	14	86627109	N:AG[T>A]TT	1	257029.0	2278034419
JG0139c	14	87466070	N:AA[T>C]CT	1	838961.0	2278873380
JG0139c	14	87531764	N:TC[T>A]TG	1	65694.0	2278939074
JG0139c	14	87613033	N:AC[T>G]TT	1	81269.0	2279020343
JG0139c	14	87856323	N:AC[T>C]TA	1	243290.0	2279263633
JG0139c	14	88042004	N:TC[T>A]CC	1	185681.0	2279449314
JG0139c	14	88678897	T:TC[T>A]CA	1	636893.0	2280086207
JG0139c	14	88916234	N:AG[T>C]CC	1	237337.0	2280323544
JG0139c	14	89219122	T:TC[T>C]CA	1	302888.0	2280626432
JG0139c	14	89345579	T:AC[T>G]TG	1	126457.0	2280752889
JG0139c	14	89486424	U:TC[T>C]TA	-1	140845.0	2280893734
JG0139c	14	89510212	T:TC[T>A]CA	1	23788.0	2280917522
JG0139c	14	90067782	U:TC[T>G]TT	1	557570.0	2281475092
JG0139c	14	90233857	N:AC[T>C]CC	1	166075.0	2281641167
JG0139c	14	90460483	N:CC[T>G]CG	-1	226626.0	2281867793
JG0139c	14	90490456	N:GC[T>C]TG	1	29973.0	2281897766
JG0139c	14	90505726	N:CC[T>C]TG	1	15270.0	2281913036
JG0139c	14	91176120	U:TC[T>C]TG	1	670394.0	2282583430
JG0139c	14	91199566	U:TC[T>A]TA	1	23446.0	2282606876
JG0139c	14	91219082	T:TC[T>G]CA	-1	19516.0	2282626392
JG0139c	14	91342649	T:AC[T>G]TA	1	123567.0	2282749959
JG0139c	14	92083638	T:TC[T>A]CC	1	740989.0	2283490948
JG0139c	14	92182980	N:TC[T>C]TT	1	99342.0	2283590290
JG0139c	14	92624302	U:AC[T>C]CG	1	441322.0	2284031612
JG0139c	14	92825078	U:AC[T>C]CA	1	200776.0	2284232388
JG0139c	14	92971310	T:AG[T>G]TA	1	146232.0	2284378620
JG0139c	14	93124295	N:CC[T>G]CA	1	152985.0	2284531605
JG0139c	14	93202692	U:AC[T>C]TA	1	78397.0	2284610002
JG0139c	14	93207179	U:TT[T>C]TT	1	4487.0	2284614489
JG0139c	14	93399026	U:AC[T>G]TA	1	191847.0	2284806336
JG0139c	14	93518253	U:TG[T>A]TT	1	119227.0	2284925563
JG0139c	14	93605085	U:TC[T>G]TA	1	86832.0	2285012395
JG0139c	14	93817261	N:AC[T>A]CA	1	212176.0	2285224571
JG0139c	14	93901091	N:AC[T>G]TG	1	83830.0	2285308401
JG0139c	14	94069979	T:AC[T>C]CC	1	168888.0	2285477289
JG0139c	14	94339345	N:AC[T>G]TA	1	269366.0	2285746655
JG0139c	14	94596641	N:CC[T>G]CA	1	257296.0	2286003951
JG0139c	14	94777691	N:GG[T>C]TA	1	181050.0	2286185001
JG0139c	14	94932975	N:CC[T>C]CA	1	155284.0	2286340285
JG0139c	14	95265414	T:TC[T>C]CC	1	332439.0	2286672724
JG0139c	14	95274183	T:GC[T>A]TG	1	8769.0	2286681493
JG0139c	14	95347375	N:AG[T>A]GT	-1	73192.0	2286754685
JG0139c	14	95563685	N:TC[T>G]TG	-1	216310.0	2286970995
JG0139c	14	95726741	N:TC[T>G]TT	1	163056.0	2287134051
JG0139c	14	95978700	N:AC[T>A]CC	1	251959.0	2287386010
JG0139c	14	96009373	N:TC[T>G]CC	-1	30673.0	2287416683
JG0139c	14	96267107	U:TC[T>C]CA	1	257734.0	2287674417
JG0139c	14	96446737	U:GC[T>C]CA	1	179630.0	2287854047
JG0139c	14	96466711	U:GC[T>C]CA	1	19974.0	2287874021
JG0139c	14	96680498	N:AC[T>C]AC	1	213787.0	2288087808
JG0139c	14	96966975	N:AC[T>G]TA	1	286477.0	2288374285
JG0139c	14	97052471	N:GG[T>C]TT	1	85496.0	2288459781
JG0139c	14	97133552	N:TC[T>C]GA	1	81081.0	2288540862
JG0139c	14	97374479	N:GC[T>C]GG	1	240927.0	2288781789
JG0139c	14	97476361	N:TC[T>C]TG	1	101882.0	2288883671
JG0139c	14	97589329	N:AC[T>G]TT	1	112968.0	2288996639
JG0139c	14	97847525	N:TC[T>C]GG	1	258196.0	2289254835
JG0139c	14	97890852	N:GC[T>C]TC	1	43327.0	2289298162
JG0139c	14	98393213	N:AC[T>G]TA	1	502361.0	2289800523
JG0139c	14	98418374	N:AC[T>G]TA	1	25161.0	2289825684
JG0139c	14	98509518	N:TC[T>C]CA	1	91144.0	2289916828
JG0139c	14	98768073	N:AC[T>C]TA	1	258555.0	2290175383
JG0139c	14	98830268	N:AC[T>G]TT	1	62195.0	2290237578
JG0139c	14	99100028	N:GC[T>G]TA	1	269760.0	2290507338
JG0139c	14	99213379	U:CC[T>G]CA	-1	113351.0	2290620689
JG0139c	14	99359912	N:AC[T>A]CA	1	146533.0	2290767222
JG0139c	14	99878890	U:TC[T>G]TA	1	518978.0	2291286200
JG0139c	14	99930125	T:CC[T>C]CC	-1	51235.0	2291337435
JG0139c	14	100026835	T:AC[T>G]TA	-1	96710.0	2291434145
JG0139c	14	100035447	U:AC[T>C]CT	1	8612.0	2291442757
JG0139c	14	100298123	U:TC[T>C]TC	-1	262676.0	2291705433
JG0139c	14	100530290	T:AC[T>G]TA	-1	232167.0	2291937600
JG0139c	14	100639932	N:CG[T>G]TG	-1	109642.0	2292047242
JG0139c	14	100962696	N:AC[T>C]CT	1	322764.0	2292370006
JG0139c	14	101084727	N:TC[T>A]CA	1	122031.0	2292492037
JG0139c	14	101412592	N:TC[T>C]TG	1	327865.0	2292819902
JG0139c	14	101563747	N:TC[T>A]TG	1	151155.0	2292971057
JG0139c	14	101584185	N:CC[T>G]TA	-1	20438.0	2292991495
JG0139c	14	101586618	N:TC[T>G]TC	1	2433.0	2292993928
JG0139c	14	102271482	T:AC[T>G]TT	1	684864.0	2293678792
JG0139c	14	104234690	N:TC[T>G]TG	1	1963208.0	2295642000
JG0139c	14	104344232	N:CC[T>C]CC	1	109542.0	2295751542
JG0139c	14	104468161	N:GC[T>G]TA	1	123929.0	2295875471
JG0139c	14	105856454	N:CC[T>C]CA	1	1388293.0	2297263764
JG0139c	14	105894495	N:AG[T>C]TT	1	38041.0	2297301805
JG0139c	14	105925709	N:AC[T>G]GA	-1	31214.0	2297333019
JG0139c	14	106229213	N:CT[C>A]CT	1	303504.0	2297636523
JG0139c	14	106572629	N:GC[T>C]GG	1	343416.0	2297979939
JG0139c	14	106777302	N:AC[T>G]TC	-1	204673.0	2298184612
JG0139c	15	19790930	N:AC[T>G]TA	-1		2318241958
JG0139c	15	19950061	N:TC[T>G]TT	-1	159131.0	2318401089
JG0139c	15	20739772	N:TC[T>G]TG	-1	789711.0	2319190800
JG0139c	15	23395092	N:GC[T>G]TT	1	2655320.0	2321846120
JG0139c	15	23408634	N:TC[T>C]CA	-1	13542.0	2321859662
JG0139c	15	23601054	T:AG[T>C]TA	-1	192420.0	2322052082
JG0139c	15	23811052	N:GC[T>G]CT	-1	209998.0	2322262080
JG0139c	15	23817046	N:TC[T>C]CA	1	5994.0	2322268074
JG0139c	15	23818564	N:CC[T>C]TA	-1	1518.0	2322269592
JG0139c	15	23834538	N:AG[T>G]TT	1	15974.0	2322285566
JG0139c	15	23866022	N:AC[T>G]CC	1	31484.0	2322317050
JG0139c	15	23917568	N:AC[T>C]TA	-1	51546.0	2322368596
JG0139c	15	23962762	N:CC[T>C]CG	-1	45194.0	2322413790
JG0139c	15	24093969	N:AC[T>A]GG	1	131207.0	2322544997
JG0139c	15	24166635	N:AC[T>A]TA	-1	72666.0	2322617663
JG0139c	15	24479386	N:AC[T>G]TG	1	312751.0	2322930414
JG0139c	15	24682361	U:AA[T>G]TC	1	202975.0	2323133389
JG0139c	15	24785728	N:TC[T>C]CA	1	103367.0	2323236756
JG0139c	15	24850617	T:CC[T>G]TA	-1	64889.0	2323301645
JG0139c	15	24888726	U:AC[T>G]TA	1	38109.0	2323339754
JG0139c	15	24936866	T:GG[T>A]CC	-1	48140.0	2323387894
JG0139c	15	25113280	N:AG[T>C]CA	1	176414.0	2323564308
JG0139c	15	25185389	N:GC[T>C]TT	1	72109.0	2323636417
JG0139c	15	25185716	N:AC[T>G]TA	1	327.0	2323636744
JG0139c	15	25195164	N:GC[T>G]TG	1	9448.0	2323646192
JG0139c	15	25209753	N:AC[T>C]TG	1	14589.0	2323660781
JG0139c	15	25221717	N:GC[T>C]TT	1	11964.0	2323672745
JG0139c	15	25241902	N:TC[T>C]CT	-1	20185.0	2323692930
JG0139c	15	26119007	N:AC[T>G]TA	1	877105.0	2324570035
JG0139c	15	26169665	N:AA[T>A]TA	1	50658.0	2324620693
JG0139c	15	26244384	N:TC[T>C]TC	1	74719.0	2324695412
JG0139c	15	26353721	N:AC[T>C]TA	1	109337.0	2324804749
JG0139c	15	26677475	T:TC[T>C]TG	1	323754.0	2325128503
JG0139c	15	26910624	B:CC[T>G]TA	1	233149.0	2325361652
JG0139c	15	27040811	T:CC[T>G]TA	-1	130187.0	2325491839
JG0139c	15	27119057	U:CC[T>G]CA	1	78246.0	2325570085
JG0139c	15	27174735	T:CG[T>G]TA	-1	55678.0	2325625763
JG0139c	15	27321614	T:TG[T>A]TT	-1	146879.0	2325772642
JG0139c	15	27410572	U:AC[T>G]TA	1	88958.0	2325861600
JG0139c	15	27451131	T:AC[T>A]GA	-1	40559.0	2325902159
JG0139c	15	27506317	U:GA[T>G]TA	1	55186.0	2325957345
JG0139c	15	27731941	N:GC[T>C]TA	1	225624.0	2326182969
JG0139c	15	27880824	T:CC[T>A]CT	1	148883.0	2326331852
JG0139c	15	27927242	T:GA[T>G]CA	1	46418.0	2326378270
JG0139c	15	27934782	U:AC[T>C]TT	-1	7540.0	2326385810
JG0139c	15	27957174	T:TC[T>C]TG	1	22392.0	2326408202
JG0139c	15	28781336	N:GC[T>C]TC	1	824162.0	2327232364
JG0139c	15	28951483	U:TC[T>C]TG	1	170147.0	2327402511
JG0139c	15	29117403	T:GC[T>A]TG	-1	165920.0	2327568431
JG0139c	15	29133614	T:GC[T>C]TT	1	16211.0	2327584642
JG0139c	15	29136855	T:GC[T>G]TC	1	3241.0	2327587883
JG0139c	15	29321239	U:TC[T>G]TA	-1	184384.0	2327772267
JG0139c	15	29333108	U:TC[T>G]TA	-1	11869.0	2327784136
JG0139c	15	29529785	T:CC[T>G]TA	1	196677.0	2327980813
JG0139c	15	30805755	N:AC[T>A]CA	-1	1275970.0	2329256783
JG0139c	15	31516950	U:GC[T>G]TC	-1	711195.0	2329967978
JG0139c	15	32893067	T:TG[T>G]TT	1	1376117.0	2331344095
JG0139c	15	32923366	T:GC[T>C]CC	1	30299.0	2331374394
JG0139c	15	33082603	T:TC[T>C]CT	1	159237.0	2331533631
JG0139c	15	33130788	U:TC[T>A]TA	-1	48185.0	2331581816
JG0139c	15	33245408	N:TC[T>C]TC	1	114620.0	2331696436
JG0139c	15	33329846	U:GG[T>G]TA	1	84438.0	2331780874
JG0139c	15	33360106	U:AC[T>C]TA	1	30260.0	2331811134
JG0139c	15	33405732	U:AC[T>G]TG	1	45626.0	2331856760
JG0139c	15	33417591	U:TC[T>A]TT	1	11859.0	2331868619
JG0139c	15	33432514	U:GA[T>G]TC	1	14923.0	2331883542
JG0139c	15	33599937	U:GC[T>A]TT	1	167423.0	2332050965
JG0139c	15	33731220	U:AC[T>C]TA	1	131283.0	2332182248
JG0139c	15	33778893	U:GC[T>G]CA	1	47673.0	2332229921
JG0139c	15	33997951	B:TT[T>G]CC	1	219058.0	2332448979
JG0139c	15	34146550	U:TC[T>G]TC	-1	148599.0	2332597578
JG0139c	15	34374630	N:GC[T>A]CC	-1	228080.0	2332825658
JG0139c	15	35212935	N:AC[T>C]TA	1	838305.0	2333663963
JG0139c	15	35584180	N:CC[C>G]AG	1	371245.0	2334035208
JG0139c	15	36105412	N:AG[T>A]CA	-1	521232.0	2334556440
JG0139c	15	36411230	N:AC[T>G]TA	-1	305818.0	2334862258
JG0139c	15	36660791	T:AC[T>G]CA	-1	249561.0	2335111819
JG0139c	15	36860998	N:TG[T>G]TA	-1	200207.0	2335312026
JG0139c	15	37757347	N:AC[T>C]CA	1	896349.0	2336208375
JG0139c	15	37920112	N:TG[T>C]TT	1	162765.0	2336371140
JG0139c	15	37935874	U:CC[T>C]TG	1	15762.0	2336386902
JG0139c	15	38049652	N:AC[T>G]CA	1	113778.0	2336500680
JG0139c	15	38534124	T:TC[T>G]CA	1	484472.0	2336985152
JG0139c	15	38643218	N:TC[T>C]TG	1	109094.0	2337094246
JG0139c	15	38888035	N:CC[T>G]TA	-1	244817.0	2337339063
JG0139c	15	38943495	N:AC[T>G]CA	1	55460.0	2337394523
JG0139c	15	38946311	N:GC[T>C]CA	1	2816.0	2337397339
JG0139c	15	39118521	N:AC[T>C]AG	1	172210.0	2337569549
JG0139c	15	39146508	N:AC[T>C]TT	1	27987.0	2337597536
JG0139c	15	39233861	N:GG[T>G]TG	1	87353.0	2337684889
JG0139c	15	39328923	N:GG[T>G]TT	-1	95062.0	2337779951
JG0139c	15	39368708	N:AG[T>A]CA	1	39785.0	2337819736
JG0139c	15	39397817	N:CC[T>A]CC	1	29109.0	2337848845
JG0139c	15	39440358	N:GC[T>C]GG	-1	42541.0	2337891386
JG0139c	15	39448164	N:AC[T>G]TA	1	7806.0	2337899192
JG0139c	15	39489608	N:TC[T>G]TT	1	41444.0	2337940636
JG0139c	15	39536535	N:GC[T>C]GA	-1	46927.0	2337987563
JG0139c	15	39563416	N:AC[T>C]CA	1	26881.0	2338014444
JG0139c	15	39570596	N:AG[T>G]TA	-1	7180.0	2338021624
JG0139c	15	39594651	U:GC[T>G]TA	1	24055.0	2338045679
JG0139c	15	39807915	T:AC[T>C]GG	1	213264.0	2338258943
JG0139c	15	40271512	U:GC[T>C]TG	1	463597.0	2338722540
JG0139c	15	40345950	N:AC[T>C]CG	1	74438.0	2338796978
JG0139c	15	40591631	N:GC[T>C]TG	1	245681.0	2339042659
JG0139c	15	40616489	U:AC[T>C]CA	1	24858.0	2339067517
JG0139c	15	41088198	T:TC[T>C]CG	1	471709.0	2339539226
JG0139c	15	41605469	N:AC[T>C]CC	1	517271.0	2340056497
JG0139c	15	41982389	T:TC[T>G]TA	1	376920.0	2340433417
JG0139c	15	42808347	T:AC[T>C]GC	1	825958.0	2341259375
JG0139c	15	43208062	U:GC[T>C]CA	-1	399715.0	2341659090
JG0139c	15	44100693	U:CC[T>G]TG	-1	892631.0	2342551721
JG0139c	15	44699558	N:TC[T>C]CA	1	598865.0	2343150586
JG0139c	15	44894085	N:TG[T>G]TA	1	194527.0	2343345113
JG0139c	15	44917547	N:TC[T>G]TA	1	23462.0	2343368575
JG0139c	15	44952745	N:AC[T>C]TG	1	35198.0	2343403773
JG0139c	15	45047073	U:AC[T>C]CT	1	94328.0	2343498101
JG0139c	15	45172404	T:AC[T>G]TC	1	125331.0	2343623432
JG0139c	15	45338489	N:GG[T>A]TG	1	166085.0	2343789517
JG0139c	15	45429278	N:AC[T>G]TC	1	90789.0	2343880306
JG0139c	15	45503410	U:AC[T>C]CC	-1	74132.0	2343954438
JG0139c	15	45699066	N:AC[T>G]TT	1	195656.0	2344150094
JG0139c	15	45740204	N:GC[T>C]CA	1	41138.0	2344191232
JG0139c	15	45740218	N:AG[T>C]TG	1	14.0	2344191246
JG0139c	15	45841074	N:GC[T>G]GC	-1	100856.0	2344292102
JG0139c	15	45864167	N:AC[T>C]CT	-1	23093.0	2344315195
JG0139c	15	46080873	N:GC[T>G]CA	-1	216706.0	2344531901
JG0139c	15	46124076	N:TT[T>G]TA	1	43203.0	2344575104
JG0139c	15	46190341	N:AG[T>G]TA	1	66265.0	2344641369
JG0139c	15	46222944	N:AT[T>G]TT	1	32603.0	2344673972
JG0139c	15	46269290	N:AC[T>G]TG	-1	46346.0	2344720318
JG0139c	15	46277814	N:AC[T>C]CA	-1	8524.0	2344728842
JG0139c	15	46283683	N:TC[T>C]TA	-1	5869.0	2344734711
JG0139c	15	46425019	N:CC[T>A]CA	-1	141336.0	2344876047
JG0139c	15	46692236	N:GC[T>C]CT	1	267217.0	2345143264
JG0139c	15	46943775	N:TC[T>C]TG	-1	251539.0	2345394803
JG0139c	15	46953524	N:CC[T>C]TA	-1	9749.0	2345404552
JG0139c	15	47093581	N:TC[T>G]TA	1	140057.0	2345544609
JG0139c	15	47129436	N:AC[T>C]CA	1	35855.0	2345580464
JG0139c	15	47150576	N:AC[T>G]TA	1	21140.0	2345601604
JG0139c	15	47197319	U:AC[T>G]TT	1	46743.0	2345648347
JG0139c	15	47226793	U:AC[T>G]TT	1	29474.0	2345677821
JG0139c	15	47412567	U:TC[T>G]TT	1	185774.0	2345863595
JG0139c	15	47446856	T:TT[T>A]AA	-1	34289.0	2345897884
JG0139c	15	47589993	U:TT[T>G]TC	1	143137.0	2346041021
JG0139c	15	47610642	U:TC[T>C]CA	1	20649.0	2346061670
JG0139c	15	47770554	U:CC[T>G]CA	1	159912.0	2346221582
JG0139c	15	47925164	N:TG[T>G]CT	1	154610.0	2346376192
JG0139c	15	47998260	N:AC[T>G]GA	1	73096.0	2346449288
JG0139c	15	48002827	N:TC[T>C]CT	1	4567.0	2346453855
JG0139c	15	48012585	N:GC[T>C]CA	1	9758.0	2346463613
JG0139c	15	48034375	N:TC[T>G]TA	1	21790.0	2346485403
JG0139c	15	48654783	N:TC[T>C]CA	1	620408.0	2347105811
JG0139c	15	48685738	N:AC[T>C]TT	1	30955.0	2347136766
JG0139c	15	49295151	T:TC[T>G]TC	-1	609413.0	2347746179
JG0139c	15	49411313	T:TG[T>G]TG	1	116162.0	2347862341
JG0139c	15	49553465	U:TG[T>C]AG	-1	142152.0	2348004493
JG0139c	15	49652325	T:TC[T>G]TG	-1	98860.0	2348103353
JG0139c	15	49954772	T:TC[T>A]CA	1	302447.0	2348405800
JG0139c	15	50042117	T:AC[T>C]GC	1	87345.0	2348493145
JG0139c	15	50185849	U:TC[T>C]TG	1	143732.0	2348636877
JG0139c	15	50308626	T:CC[C>G]AA	1	122777.0	2348759654
JG0139c	15	50421720	N:GC[T>G]TA	1	113094.0	2348872748
JG0139c	15	50980181	T:AC[T>G]TA	-1	558461.0	2349431209
JG0139c	15	51053218	N:AC[T>C]TA	-1	73037.0	2349504246
JG0139c	15	51310580	T:TC[T>C]CA	1	257362.0	2349761608
JG0139c	15	51328423	T:TG[T>G]CA	1	17843.0	2349779451
JG0139c	15	51582871	T:TC[T>A]CA	1	254448.0	2350033899
JG0139c	15	52102409	N:AC[T>G]TG	1	519538.0	2350553437
JG0139c	15	52821714	N:GC[T>C]TA	1	719305.0	2351272742
JG0139c	15	52829840	N:GG[T>G]TG	1	8126.0	2351280868
JG0139c	15	52922364	N:GC[T>C]CC	-1	92524.0	2351373392
JG0139c	15	53018020	N:TC[T>C]CC	-1	95656.0	2351469048
JG0139c	15	53193739	N:AC[T>C]CA	1	175719.0	2351644767
JG0139c	15	53372964	N:TA[T>G]TA	1	179225.0	2351823992
JG0139c	15	53380260	N:GC[T>C]CC	-1	7296.0	2351831288
JG0139c	15	53507690	N:CC[T>C]TC	-1	127430.0	2351958718
JG0139c	15	53581358	T:TC[T>C]CA	1	73668.0	2352032386
JG0139c	15	53590327	U:TA[T>G]TG	-1	8969.0	2352041355
JG0139c	15	53668473	T:TC[T>G]TA	1	78146.0	2352119501
JG0139c	15	53832811	N:AT[T>G]TT	-1	164338.0	2352283839
JG0139c	15	53960437	N:TC[T>G]TG	1	127626.0	2352411465
JG0139c	15	54226693	T:CC[T>A]CA	-1	266256.0	2352677721
JG0139c	15	54271867	U:AC[T>C]GG	1	45174.0	2352722895
JG0139c	15	54391499	U:AC[T>G]TC	1	119632.0	2352842527
JG0139c	15	54419248	T:CC[T>C]AC	-1	27749.0	2352870276
JG0139c	15	54559722	T:TC[T>C]TT	-1	140474.0	2353010750
JG0139c	15	54603409	U:GC[T>G]TA	1	43687.0	2353054437
JG0139c	15	54657223	N:TG[T>G]TT	-1	53814.0	2353108251
JG0139c	15	54691315	N:TT[T>G]TA	-1	34092.0	2353142343
JG0139c	15	54732702	N:CC[T>G]TA	1	41387.0	2353183730
JG0139c	15	54922508	N:TC[T>C]TG	1	189806.0	2353373536
JG0139c	15	54948431	N:GC[C>G]AA	1	25923.0	2353399459
JG0139c	15	54949835	N:TC[T>G]TA	-1	1404.0	2353400863
JG0139c	15	55121560	N:TC[T>C]CA	1	171725.0	2353572588
JG0139c	15	55252386	T:AC[T>C]TG	1	130826.0	2353703414
JG0139c	15	55345544	B:CC[T>G]CA	-1	93158.0	2353796572
JG0139c	15	55538951	T:AC[T>G]TA	1	193407.0	2353989979
JG0139c	15	55860496	U:AC[T>C]TG	-1	321545.0	2354311524
JG0139c	15	55989786	U:TC[T>C]TC	-1	129290.0	2354440814
JG0139c	15	56065982	N:AC[T>G]CT	1	76196.0	2354517010
JG0139c	15	56363395	U:TC[T>G]TG	1	297413.0	2354814423
JG0139c	15	56444027	B:TC[T>G]TT	1	80632.0	2354895055
JG0139c	15	56576916	N:TT[T>G]TA	1	132889.0	2355027944
JG0139c	15	56611267	N:CC[T>C]CA	-1	34351.0	2355062295
JG0139c	15	56777152	T:CC[T>C]CA	1	165885.0	2355228180
JG0139c	15	57317463	N:CC[T>A]TG	1	540311.0	2355768491
JG0139c	15	57425178	U:AC[T>A]GC	1	107715.0	2355876206
JG0139c	15	57583838	N:CT[T>G]TG	1	158660.0	2356034866
JG0139c	15	57851754	N:AC[T>C]CT	-1	267916.0	2356302782
JG0139c	15	57874440	N:AG[T>G]TC	1	22686.0	2356325468
JG0139c	15	57876934	N:AC[T>C]TT	-1	2494.0	2356327962
JG0139c	15	58020057	T:AC[T>G]TA	1	143123.0	2356471085
JG0139c	15	58021179	T:TC[T>A]GC	1	1122.0	2356472207
JG0139c	15	58438600	B:TC[T>C]TA	-1	417421.0	2356889628
JG0139c	15	58476077	U:CC[T>G]TA	1	37477.0	2356927105
JG0139c	15	58912215	B:CC[T>G]CA	1	436138.0	2357363243
JG0139c	15	59254786	T:GC[T>G]TA	1	342571.0	2357705814
JG0139c	15	59832978	N:AC[T>A]TG	1	578192.0	2358284006
JG0139c	15	59833329	N:TC[T>G]TC	1	351.0	2358284357
JG0139c	15	59833483	N:TC[T>C]CA	1	154.0	2358284511
JG0139c	15	60133366	N:GG[T>G]GA	1	299883.0	2358584394
JG0139c	15	60152491	N:AC[T>C]CC	1	19125.0	2358603519
JG0139c	15	60347159	T:TA[T>G]TT	1	194668.0	2358798187
JG0139c	15	89350195	N:CC[T>A]CC	1	29003036.0	2387801223
JG0139c	15	89742751	U:TC[T>G]CA	1	392556.0	2388193779
JG0139c	15	89803313	U:TC[T>A]TT	-1	60562.0	2388254341
JG0139c	15	90440160	U:AC[T>G]TA	1	636847.0	2388891188
JG0139c	15	90875618	U:TC[T>C]CG	1	435458.0	2389326646
JG0139c	15	90994441	U:AC[T>C]CA	-1	118823.0	2389445469
JG0139c	15	91195914	T:TC[T>C]CA	-1	201473.0	2389646942
JG0139c	15	91206933	T:AC[T>G]TA	-1	11019.0	2389657961
JG0139c	15	91238559	T:TC[T>C]TA	-1	31626.0	2389689587
JG0139c	15	91240519	T:TC[T>C]TT	-1	1960.0	2389691547
JG0139c	15	91409006	N:TG[T>G]TG	1	168487.0	2389860034
JG0139c	15	91668049	N:TC[T>A]TG	1	259043.0	2390119077
JG0139c	15	91756187	N:CC[T>C]AC	1	88138.0	2390207215
JG0139c	15	91789590	N:AC[T>C]TT	1	33403.0	2390240618
JG0139c	15	91820628	N:TC[T>C]GA	1	31038.0	2390271656
JG0139c	15	91897490	U:GC[T>A]GG	1	76862.0	2390348518
JG0139c	15	92065135	U:AG[T>G]TC	1	167645.0	2390516163
JG0139c	15	92192322	N:GG[T>G]TG	1	127187.0	2390643350
JG0139c	15	92246435	N:AC[T>G]TA	1	54113.0	2390697463
JG0139c	15	92315635	N:AC[T>C]TT	1	69200.0	2390766663
JG0139c	15	92332207	N:CC[T>A]CC	1	16572.0	2390783235
JG0139c	15	92336113	N:TC[T>C]CT	1	3906.0	2390787141
JG0139c	15	92353804	N:AG[T>C]TT	1	17691.0	2390804832
JG0139c	15	92644864	T:TC[T>A]TG	1	291060.0	2391095892
JG0139c	15	93265234	N:AC[T>C]CA	-1	620370.0	2391716262
JG0139c	15	93349756	N:CC[T>C]TA	1	84522.0	2391800784
JG0139c	15	93356405	N:GC[T>A]CA	-1	6649.0	2391807433
JG0139c	15	93849648	N:AC[T>C]TG	-1	493243.0	2392300676
JG0139c	15	93857675	N:AT[T>G]TA	1	8027.0	2392308703
JG0139c	15	93992071	N:AA[T>G]TA	-1	134396.0	2392443099
JG0139c	15	94005466	N:TC[T>C]CC	1	13395.0	2392456494
JG0139c	15	94125908	N:AC[T>C]CA	-1	120442.0	2392576936
JG0139c	15	94319226	T:TC[T>C]TG	-1	193318.0	2392770254
JG0139c	15	94425246	T:AC[T>G]TC	-1	106020.0	2392876274
JG0139c	15	94511286	N:TC[T>A]CA	-1	86040.0	2392962314
JG0139c	15	94543300	N:TT[T>G]TT	1	32014.0	2392994328
JG0139c	15	94563314	N:TA[T>G]TC	1	20014.0	2393014342
JG0139c	15	94673368	N:CC[T>C]CA	-1	110054.0	2393124396
JG0139c	15	94707456	N:TG[T>A]GG	-1	34088.0	2393158484
JG0139c	15	94725567	N:TC[T>G]TC	-1	18111.0	2393176595
JG0139c	15	94749641	N:TC[T>C]TT	1	24074.0	2393200669
JG0139c	15	94834607	N:TC[T>A]CC	1	84966.0	2393285635
JG0139c	15	94935061	N:GA[T>G]TA	1	100454.0	2393386089
JG0139c	15	94935746	N:TC[T>A]TG	-1	685.0	2393386774
JG0139c	15	94995660	N:AC[T>G]TG	1	59914.0	2393446688
JG0139c	15	95098708	N:CC[T>C]TA	-1	103048.0	2393549736
JG0139c	15	95285977	N:TC[T>C]TA	1	187269.0	2393737005
JG0139c	15	95445193	N:TG[T>G]TG	1	159216.0	2393896221
JG0139c	15	95594054	N:TT[T>G]TC	1	148861.0	2394045082
JG0139c	15	95600664	N:GC[T>G]TA	1	6610.0	2394051692
JG0139c	15	95629971	N:CC[T>G]TT	1	29307.0	2394080999
JG0139c	15	96020897	N:AA[T>G]TA	-1	390926.0	2394471925
JG0139c	15	96032942	N:GC[T>C]TG	-1	12045.0	2394483970
JG0139c	15	96114483	N:AC[T>C]TC	1	81541.0	2394565511
JG0139c	15	96438310	N:TC[T>C]CA	-1	323827.0	2394889338
JG0139c	15	96441390	N:AC[T>C]CG	-1	3080.0	2394892418
JG0139c	15	96518634	N:TC[T>C]TT	-1	77244.0	2394969662
JG0139c	15	96521241	N:GG[T>G]TC	1	2607.0	2394972269
JG0139c	15	96522360	N:AT[C>T]TT	1	1119.0	2394973388
JG0139c	15	96522361	N:TC[T>C]TC	1	1.0	2394973389
JG0139c	15	96586385	N:GC[T>G]TC	1	64024.0	2395037413
JG0139c	15	96602903	N:AC[T>C]GA	-1	16518.0	2395053931
JG0139c	15	96677706	N:AT[T>G]TA	-1	74803.0	2395128734
JG0139c	15	96753583	N:TC[T>C]TT	1	75877.0	2395204611
JG0139c	15	96866021	N:TC[T>C]TC	-1	112438.0	2395317049
JG0139c	15	97056022	N:AC[T>C]TT	1	190001.0	2395507050
JG0139c	15	97528147	N:CC[C>G]CA	1	472125.0	2395979175
JG0139c	15	97544433	N:TC[T>C]CT	1	16286.0	2395995461
JG0139c	15	97598852	N:CC[T>C]TA	-1	54419.0	2396049880
JG0139c	15	97894173	N:GG[T>G]TC	-1	295321.0	2396345201
JG0139c	15	97979974	N:CC[T>C]TG	-1	85801.0	2396431002
JG0139c	15	98236410	N:AC[T>C]TT	1	256436.0	2396687438
JG0139c	15	98337757	N:AG[T>C]GG	1	101347.0	2396788785
JG0139c	15	98362297	N:TC[T>C]CA	1	24540.0	2396813325
JG0139c	15	98530652	N:AC[T>G]TA	1	168355.0	2396981680
JG0139c	15	98831391	U:TG[T>G]TA	1	300739.0	2397282419
JG0139c	15	99024969	N:CC[T>G]CA	1	193578.0	2397475997
JG0139c	15	99424306	N:AC[T>C]TG	1	399337.0	2397875334
JG0139c	15	99871867	N:GC[T>G]TC	1	447561.0	2398322895
JG0139c	15	100131169	U:TC[T>C]CA	-1	259302.0	2398582197
JG0139c	15	100459545	U:GC[T>G]TA	-1	328376.0	2398910573
JG0139c	15	100940835	T:GC[T>C]TT	-1	481290.0	2399391863
JG0139c	15	101826189	N:TC[T>G]TT	1	885354.0	2400277217
JG0139c	15	101842416	N:AC[T>C]CA	1	16227.0	2400293444
JG0139c	16	2087017	U:GC[T>G]TC	1		2402529234
JG0139c	16	4005072	U:TC[T>C]TT	-1	1918055.0	2404447289
JG0139c	16	4775414	N:AC[T>C]CA	-1	770342.0	2405217631
JG0139c	16	7411325	U:TC[C>A]TC	1	2635911.0	2407853542
JG0139c	16	8340702	N:AC[T>G]TA	1	929377.0	2408782919
JG0139c	16	9707241	N:AA[C>A]AA	1	1366539.0	2410149458
JG0139c	16	9866717	T:TA[C>A]TT	1	159476.0	2410308934
JG0139c	16	15035304	U:TT[C>A]AT	1	5168587.0	2415477521
JG0139c	16	20336163	T:GC[T>G]TG	1	5300859.0	2420778380
JG0139c	16	21196701	N:AC[T>C]TG	-1	860538.0	2421638918
JG0139c	16	22319022	U:GC[T>C]GG	1	1122321.0	2422761239
JG0139c	16	22906506	U:GC[T>G]TA	1	587484.0	2423348723
JG0139c	16	24572967	N:TC[T>G]TA	1	1666461.0	2425015184
JG0139c	16	25069521	N:CA[C>G]TC	1	496554.0	2425511738
JG0139c	16	27286720	N:AG[T>G]TA	-1	2217199.0	2427728937
JG0139c	16	28921527	U:CC[T>G]TG	-1	1634807.0	2429363744
JG0139c	16	29747264	N:GC[T>C]CA	-1	825737.0	2430189481
JG0139c	16	30142282	N:TC[T>C]CG	-1	395018.0	2430584499
JG0139c	16	52069490	N:GA[T>C]AA	1	21927208.0	2452511707
JG0139c	16	52130761	N:GG[T>C]GT	-1	61271.0	2452572978
JG0139c	16	52478323	T:AC[T>C]CA	1	347562.0	2452920540
JG0139c	16	52710095	N:GG[T>A]CA	1	231772.0	2453152312
JG0139c	16	52771830	N:CC[T>G]TA	1	61735.0	2453214047
JG0139c	16	52825177	N:AC[T>G]TT	1	53347.0	2453267394
JG0139c	16	53165600	U:AC[T>C]TA	1	340423.0	2453607817
JG0139c	16	53369098	N:GC[T>C]CA	1	203498.0	2453811315
JG0139c	16	54825874	N:TC[T>G]TG	1	1456776.0	2455268091
JG0139c	16	54892206	N:CG[T>C]GG	1	66332.0	2455334423
JG0139c	16	55936116	T:AC[T>A]CC	1	1043910.0	2456378333
JG0139c	16	56002452	N:AC[T>C]CC	1	66336.0	2456444669
JG0139c	16	56068912	N:AT[T>G]TA	-1	66460.0	2456511129
JG0139c	16	56104593	N:AC[T>A]CA	1	35681.0	2456546810
JG0139c	16	56173834	N:TC[T>G]TG	1	69241.0	2456616051
JG0139c	16	56382633	T:GC[T>C]TG	1	208799.0	2456824850
JG0139c	16	57208834	T:TC[T>G]TG	-1	826201.0	2457651051
JG0139c	16	57263663	T:GC[T>C]CG	1	54829.0	2457705880
JG0139c	16	57371631	N:GC[T>G]TG	-1	107968.0	2457813848
JG0139c	16	58749647	N:GC[T>C]TT	-1	1378016.0	2459191864
JG0139c	16	58975157	N:TC[T>G]TT	1	225510.0	2459417374
JG0139c	16	59036693	N:TC[T>C]TG	-1	61536.0	2459478910
JG0139c	16	59049102	N:TC[T>C]GG	-1	12409.0	2459491319
JG0139c	16	59053238	N:AC[T>C]CC	-1	4136.0	2459495455
JG0139c	16	59085207	N:AC[T>C]TG	-1	31969.0	2459527424
JG0139c	16	59515248	N:CC[T>G]TG	-1	430041.0	2459957465
JG0139c	16	59607590	N:TC[T>C]CA	1	92342.0	2460049807
JG0139c	16	59705768	N:AT[T>G]TA	-1	98178.0	2460147985
JG0139c	16	59897908	N:AC[T>G]TT	1	192140.0	2460340125
JG0139c	16	60076981	N:GC[T>G]TA	1	179073.0	2460519198
JG0139c	16	60223084	N:TC[T>G]TA	1	146103.0	2460665301
JG0139c	16	60275219	N:GC[T>C]GG	1	52135.0	2460717436
JG0139c	16	60341298	N:TC[T>C]TC	1	66079.0	2460783515
JG0139c	16	60367207	N:CC[T>C]TA	1	25909.0	2460809424
JG0139c	16	60368431	N:GC[T>C]CA	1	1224.0	2460810648
JG0139c	16	60453497	N:TC[T>C]GT	1	85066.0	2460895714
JG0139c	16	60912940	N:GA[T>G]TT	1	459443.0	2461355157
JG0139c	16	60990593	N:TC[T>C]CA	1	77653.0	2461432810
JG0139c	16	61181196	N:AC[T>C]TA	1	190603.0	2461623413
JG0139c	16	61248421	N:GC[T>C]CA	1	67225.0	2461690638
JG0139c	16	61328885	N:TC[T>G]CA	1	80464.0	2461771102
JG0139c	16	61340599	N:AG[T>G]TG	1	11714.0	2461782816
JG0139c	16	61387942	N:CC[T>G]TA	1	47343.0	2461830159
JG0139c	16	61458390	N:AG[T>G]TT	1	70448.0	2461900607
JG0139c	16	61640170	N:CA[T>A]CC	1	181780.0	2462082387
JG0139c	16	62078007	N:AC[T>G]TA	1	437837.0	2462520224
JG0139c	16	62140696	N:TC[T>G]TA	1	62689.0	2462582913
JG0139c	16	62401807	N:TC[T>C]CA	1	261111.0	2462844024
JG0139c	16	62649431	N:AC[T>G]CC	1	247624.0	2463091648
JG0139c	16	63496970	N:GG[T>G]TA	1	847539.0	2463939187
JG0139c	16	63548805	N:AC[T>C]TT	-1	51835.0	2463991022
JG0139c	16	63706628	N:AC[T>C]TG	1	157823.0	2464148845
JG0139c	16	63808690	N:TC[T>C]TA	1	102062.0	2464250907
JG0139c	16	63871703	N:GG[T>C]GA	1	63013.0	2464313920
JG0139c	16	63996183	N:TC[T>C]TG	1	124480.0	2464438400
JG0139c	16	64209324	N:GA[T>G]TA	1	213141.0	2464651541
JG0139c	16	64320063	N:TC[T>C]TA	1	110739.0	2464762280
JG0139c	16	64525501	N:TC[T>C]GC	1	205438.0	2464967718
JG0139c	16	64729067	N:TC[T>A]CA	1	203566.0	2465171284
JG0139c	16	64746573	N:AT[T>G]TA	1	17506.0	2465188790
JG0139c	16	64871360	N:AC[T>C]TA	1	124787.0	2465313577
JG0139c	16	64905636	N:GT[T>G]TC	1	34276.0	2465347853
JG0139c	16	65144869	N:AC[T>C]TC	1	239233.0	2465587086
JG0139c	16	65230063	N:AC[T>G]TT	1	85194.0	2465672280
JG0139c	16	65589554	N:TG[T>A]CA	1	359491.0	2466031771
JG0139c	16	65619943	N:AC[T>A]TC	1	30389.0	2466062160
JG0139c	16	66123644	N:TC[T>A]TG	1	503701.0	2466565861
JG0139c	16	66167603	N:GC[T>C]TA	1	43959.0	2466609820
JG0139c	16	66201912	N:CC[T>G]TG	1	34309.0	2466644129
JG0139c	16	66204231	N:CC[T>C]GC	1	2319.0	2466646448
JG0139c	16	66261467	N:TC[T>C]CT	1	57236.0	2466703684
JG0139c	16	66458296	U:AC[T>G]TG	1	196829.0	2466900513
JG0139c	16	67368467	T:TC[T>A]CC	-1	910171.0	2467810684
JG0139c	16	68768650	T:AC[T>C]TG	-1	1400183.0	2469210867
JG0139c	16	69348725	T:TC[T>C]TG	1	580075.0	2469790942
JG0139c	16	69624006	U:GC[T>G]TC	1	275281.0	2470066223
JG0139c	16	69892214	T:AC[T>C]TA	-1	268208.0	2470334431
JG0139c	16	71098083	T:AC[T>C]TA	1	1205869.0	2471540300
JG0139c	16	71313147	N:TC[T>A]TG	1	215064.0	2471755364
JG0139c	16	73337090	T:AC[T>A]CA	1	2023943.0	2473779307
JG0139c	16	73852947	T:AC[T>C]CA	1	515857.0	2474295164
JG0139c	16	75296134	U:TC[T>C]TA	-1	1443187.0	2475738351
JG0139c	16	75467104	N:AC[T>G]TT	1	170970.0	2475909321
JG0139c	16	75781621	N:AC[T>G]TT	-1	314517.0	2476223838
JG0139c	16	75816812	N:GC[T>G]TG	-1	35191.0	2476259029
JG0139c	16	75961554	N:GG[T>G]TT	1	144742.0	2476403771
JG0139c	16	76049410	N:TC[T>C]GG	1	87856.0	2476491627
JG0139c	16	76116747	N:AC[T>G]TA	1	67337.0	2476558964
JG0139c	16	76177150	N:GC[T>C]CT	-1	60403.0	2476619367
JG0139c	16	76902153	N:AA[C>A]TA	1	725003.0	2477344370
JG0139c	16	77459247	N:AT[T>C]TG	-1	557094.0	2477901464
JG0139c	16	77785316	N:AG[T>G]TG	1	326069.0	2478227533
JG0139c	16	78021110	N:AT[T>G]TA	-1	235794.0	2478463327
JG0139c	16	78021877	N:TG[T>G]TT	1	767.0	2478464094
JG0139c	16	78117167	T:TC[T>C]TA	-1	95290.0	2478559384
JG0139c	16	78193907	U:TC[T>C]CG	1	76740.0	2478636124
JG0139c	16	78282403	U:GG[T>A]CA	1	88496.0	2478724620
JG0139c	16	78481320	U:TC[T>C]CT	1	198917.0	2478923537
JG0139c	16	78687989	U:AC[T>C]TG	1	206669.0	2479130206
JG0139c	16	79216925	N:CC[T>A]CA	1	528936.0	2479659142
JG0139c	16	79662834	N:TC[T>G]TG	1	445909.0	2480105051
JG0139c	16	79749380	N:GG[T>A]AG	-1	86546.0	2480191597
JG0139c	16	80289474	N:AC[T>C]TA	-1	540094.0	2480731691
JG0139c	16	80414083	N:AG[T>G]TC	1	124609.0	2480856300
JG0139c	16	80414303	N:TG[T>C]CC	1	220.0	2480856520
JG0139c	16	80643957	T:GC[T>G]TG	1	229654.0	2481086174
JG0139c	16	81477983	T:TC[T>C]TG	-1	834026.0	2481920200
JG0139c	16	81510654	T:TC[T>G]TG	-1	32671.0	2481952871
JG0139c	16	81758611	U:CC[C>A]AC	1	247957.0	2482200828
JG0139c	16	82412741	N:AG[T>C]GA	1	654130.0	2482854958
JG0139c	16	82595628	N:TC[T>A]TT	1	182887.0	2483037845
JG0139c	16	82803828	U:AT[T>G]TA	1	208200.0	2483246045
JG0139c	16	83110117	T:AG[T>G]TG	-1	306289.0	2483552334
JG0139c	16	83131436	T:CT[C>G]TC	-1	21319.0	2483573653
JG0139c	16	83303760	U:TC[T>C]CA	1	172324.0	2483745977
JG0139c	16	83377088	U:CC[T>C]CA	1	73328.0	2483819305
JG0139c	16	83397820	U:GG[C>A]AG	1	20732.0	2483840037
JG0139c	16	83419472	U:AC[T>G]TT	1	21652.0	2483861689
JG0139c	16	83419651	U:TC[T>C]TG	1	179.0	2483861868
JG0139c	16	83521440	U:CC[T>C]TA	1	101789.0	2483963657
JG0139c	16	83559544	U:GC[T>G]TG	1	38104.0	2484001761
JG0139c	16	83577414	U:TG[T>C]TG	1	17870.0	2484019631
JG0139c	16	84297257	U:AC[T>C]TT	1	719843.0	2484739474
JG0139c	16	84429260	U:TC[T>C]CC	1	132003.0	2484871477
JG0139c	16	84804684	N:TC[T>C]TT	-1	375424.0	2485246901
JG0139c	16	86439624	N:TC[T>C]TG	1	1634940.0	2486881841
JG0139c	16	86479977	N:AC[T>C]CT	1	40353.0	2486922194
JG0139c	16	86488171	N:GC[T>C]TG	-1	8194.0	2486930388
JG0139c	16	86996923	N:TC[T>A]TA	1	508752.0	2487439140
JG0139c	16	87168944	N:TC[T>C]TT	1	172021.0	2487611161
JG0139c	16	87419521	T:TC[T>C]TG	1	250577.0	2487861738
JG0139c	16	87621441	T:CC[T>C]TG	-1	201920.0	2488063658
JG0139c	16	87695041	U:GC[T>A]TG	1	73600.0	2488137258
JG0139c	17	2487617	U:TT[C>T]AG	-1		2493268179
JG0139c	17	6134708	N:GC[C>T]TG	-1	3647091.0	2496915270
JG0139c	17	14956900	N:GG[C>A]CG	-1	8822192.0	2505737462
JG0139c	17	16143790	T:AC[T>G]TT	1	1186890.0	2506924352
JG0139c	17	17025050	N:GA[C>T]CA	-1	881260.0	2507805612
JG0139c	17	27731088	N:AG[T>G]TA	-1	10706038.0	2518511650
JG0139c	17	31796202	N:AC[T>G]TA	-1	4065114.0	2522576764
JG0139c	17	33390499	U:AC[T>C]CT	-1	1594297.0	2524171061
JG0139c	17	34922801	N:TC[T>G]CA	-1	1532302.0	2525703363
JG0139c	17	36840644	N:AC[T>G]TG	1	1917843.0	2527621206
JG0139c	17	37408853	T:AC[T>A]TT	-1	568209.0	2528189415
JG0139c	17	38599343	T:GC[T>A]TC	1	1190490.0	2529379905
JG0139c	17	39970399	U:CC[T>C]GG	1	1371056.0	2530750961
JG0139c	17	40221150	U:CC[T>C]TT	1	250751.0	2531001712
JG0139c	17	42993107	U:AC[T>G]TG	1	2771957.0	2533773669
JG0139c	17	43006301	N:TC[T>A]CC	1	13194.0	2533786863
JG0139c	17	43668792	N:TC[T>A]CG	-1	662491.0	2534449354
JG0139c	17	49558746	N:AC[T>C]CA	1	5889954.0	2540339308
JG0139c	17	50280211	T:GG[T>C]TT	-1	721465.0	2541060773
JG0139c	17	50783320	N:CA[T>G]TC	1	503109.0	2541563882
JG0139c	17	52119344	T:GC[T>C]TT	1	1336024.0	2542899906
JG0139c	17	52470826	N:AG[T>A]TA	1	351482.0	2543251388
JG0139c	17	52922361	N:TC[T>C]CC	1	451535.0	2543702923
JG0139c	17	53393733	N:TC[T>G]TA	1	471372.0	2544174295
JG0139c	17	53552329	N:GA[T>G]TA	1	158596.0	2544332891
JG0139c	17	53894923	N:GC[T>C]CA	1	342594.0	2544675485
JG0139c	17	53988833	N:TC[T>G]TG	-1	93910.0	2544769395
JG0139c	17	54056598	N:GC[T>C]CA	1	67765.0	2544837160
JG0139c	17	54067699	N:AC[T>C]TA	1	11101.0	2544848261
JG0139c	17	54143436	N:CC[T>G]TG	1	75737.0	2544923998
JG0139c	17	54686438	N:TA[T>G]TC	-1	543002.0	2545467000
JG0139c	17	55423061	N:CC[T>A]TC	1	736623.0	2546203623
JG0139c	17	55698177	N:GC[T>C]GG	1	275116.0	2546478739
JG0139c	17	55864318	N:AC[T>C]CA	-1	166141.0	2546644880
JG0139c	17	55870745	N:TC[T>C]TA	1	6427.0	2546651307
JG0139c	17	56257749	U:TG[T>C]GA	1	387004.0	2547038311
JG0139c	17	56836822	T:GC[T>G]TA	-1	579073.0	2547617384
JG0139c	17	57574220	U:AC[T>G]TA	1	737398.0	2548354782
JG0139c	17	57806342	N:CG[T>G]CA	1	232122.0	2548586904
JG0139c	17	58242258	U:GC[T>A]CA	1	435916.0	2549022820
JG0139c	17	58348694	T:AC[T>C]CC	1	106436.0	2549129256
JG0139c	17	58432797	T:CC[T>G]TA	1	84103.0	2549213359
JG0139c	17	58528055	T:GC[T>G]CA	1	95258.0	2549308617
JG0139c	17	58535866	T:AC[T>C]CA	1	7811.0	2549316428
JG0139c	17	59402521	N:TC[T>C]TG	1	866655.0	2550183083
JG0139c	17	60259165	U:AC[T>G]TA	-1	856644.0	2551039727
JG0139c	17	60856600	T:TC[T>C]CA	-1	597435.0	2551637162
JG0139c	17	61289093	U:AC[T>G]TG	1	432493.0	2552069655
JG0139c	17	61317843	T:CC[T>G]TG	-1	28750.0	2552098405
JG0139c	17	62028501	T:AC[T>C]TT	1	710658.0	2552809063
JG0139c	17	62334733	N:TG[C>G]TT	-1	306232.0	2553115295
JG0139c	17	62437275	U:AG[T>G]TA	1	102542.0	2553217837
JG0139c	17	62496739	T:CC[T>G]CG	-1	59464.0	2553277301
JG0139c	17	62976187	N:AC[T>G]TG	1	479448.0	2553756749
JG0139c	17	63190500	U:TC[T>G]TC	1	214313.0	2553971062
JG0139c	17	63207104	U:TC[T>G]TT	1	16604.0	2553987666
JG0139c	17	63888469	N:AC[T>C]TG	1	681365.0	2554669031
JG0139c	17	64458761	U:AC[T>C]CT	1	570292.0	2555239323
JG0139c	17	64969498	N:GG[T>G]CA	1	510737.0	2555750060
JG0139c	17	65129486	U:CC[T>C]GA	1	159988.0	2555910048
JG0139c	17	65379171	N:CC[T>G]CA	-1	249685.0	2556159733
JG0139c	17	65446075	N:TC[T>C]TG	-1	66904.0	2556226637
JG0139c	17	65451798	N:TC[T>G]TC	-1	5723.0	2556232360
JG0139c	17	65514422	N:CG[T>C]CA	-1	62624.0	2556294984
JG0139c	17	65823767	T:AA[T>G]TT	1	309345.0	2556604329
JG0139c	17	66574357	U:AC[T>G]TA	1	750590.0	2557354919
JG0139c	17	66782605	U:AC[T>C]TG	1	208248.0	2557563167
JG0139c	17	66817839	N:TC[T>G]TG	1	35234.0	2557598401
JG0139c	17	66818377	N:AC[T>G]TC	-1	538.0	2557598939
JG0139c	17	66847303	U:AG[T>G]CC	1	28926.0	2557627865
JG0139c	17	67007637	T:GC[T>G]TA	-1	160334.0	2557788199
JG0139c	17	67246503	N:TG[C>T]TT	1	238866.0	2558027065
JG0139c	17	67399393	U:TC[T>A]CG	1	152890.0	2558179955
JG0139c	17	67841620	U:TC[T>C]TG	1	442227.0	2558622182
JG0139c	17	68134194	N:CC[T>G]TA	1	292574.0	2558914756
JG0139c	17	68229046	N:AC[T>G]GA	1	94852.0	2559009608
JG0139c	17	68236830	N:CC[T>C]TG	1	7784.0	2559017392
JG0139c	17	68471805	N:TC[T>C]TT	1	234975.0	2559252367
JG0139c	17	68540778	U:GC[T>G]CA	1	68973.0	2559321340
JG0139c	17	68558367	T:TC[T>A]CA	1	17589.0	2559338929
JG0139c	17	68901340	U:TC[T>C]TT	-1	342973.0	2559681902
JG0139c	17	68973656	N:GC[T>C]TT	-1	72316.0	2559754218
JG0139c	17	68986313	T:CC[T>C]TT	1	12657.0	2559766875
JG0139c	17	69658142	N:TT[T>A]TA	1	671829.0	2560438704
JG0139c	17	69679561	N:TC[T>C]TA	1	21419.0	2560460123
JG0139c	17	69726375	N:TC[T>G]TG	1	46814.0	2560506937
JG0139c	17	69827828	N:TC[T>G]TA	1	101453.0	2560608390
JG0139c	17	69871182	N:CC[T>A]TT	1	43354.0	2560651744
JG0139c	17	69897136	N:TC[T>A]TA	1	25954.0	2560677698
JG0139c	17	70055202	U:AC[T>G]TT	1	158066.0	2560835764
JG0139c	17	70492021	N:TC[T>A]GG	1	436819.0	2561272583
JG0139c	17	71092760	N:TT[T>C]TT	1	600739.0	2561873322
JG0139c	17	71120030	N:AC[T>C]CC	1	27270.0	2561900592
JG0139c	17	71342140	N:TG[T>C]GG	1	222110.0	2562122702
JG0139c	17	71765634	N:AC[T>G]TT	1	423494.0	2562546196
JG0139c	17	71790331	N:AC[T>C]TG	-1	24697.0	2562570893
JG0139c	17	72752028	T:AC[T>A]CA	1	961697.0	2563532590
JG0139c	17	73175513	U:TC[T>G]TG	1	423485.0	2563956075
JG0139c	17	73327629	N:AC[T>C]TG	1	152116.0	2564108191
JG0139c	17	73454586	T:TC[T>G]TC	1	126957.0	2564235148
JG0139c	17	73827750	N:CC[T>G]TA	-1	373164.0	2564608312
JG0139c	17	73972557	N:GC[T>A]CA	1	144807.0	2564753119
JG0139c	17	74239020	U:AC[T>G]TA	1	266463.0	2565019582
JG0139c	17	74653348	N:AG[T>A]TA	1	414328.0	2565433910
JG0139c	17	74734799	T:TC[T>G]TG	-1	81451.0	2565515361
JG0139c	17	76670196	N:AC[T>C]TC	1	1935397.0	2567450758
JG0139c	17	76771934	U:AC[T>C]CG	1	101738.0	2567552496
JG0139c	17	78212194	N:CC[T>G]GG	1	1440260.0	2568992756
JG0139c	17	78395245	U:TC[T>C]TA	1	183051.0	2569175807
JG0139c	17	79324440	U:CC[T>C]TG	-1	929195.0	2570105002
JG0139c	17	79390316	T:AC[T>C]CC	1	65876.0	2570170878
JG0139c	17	79441031	T:GG[T>C]CA	1	50715.0	2570221593
JG0139c	17	79457625	U:GC[T>G]GC	-1	16594.0	2570238187
JG0139c	17	79631597	N:TC[T>C]CA	1	173972.0	2570412159
JG0139c	17	79719366	N:AC[T>C]CA	1	87769.0	2570499928
JG0139c	17	80670150	U:GG[T>C]TT	1	950784.0	2571450712
JG0139c	17	81079327	T:GG[T>C]CG	-1	409177.0	2571859889
JG0139c	17	82152305	T:CC[T>C]CC	1	1072978.0	2572932867
JG0139c	17	82967239	T:AC[T>G]TC	1	814934.0	2573747801
JG0139c	18	507162	N:TC[T>C]GA	1		2574545165
JG0139c	18	781979	U:TC[T>C]TA	-1	274817.0	2574819982
JG0139c	18	894646	N:AC[T>C]TG	-1	112667.0	2574932649
JG0139c	18	1097783	N:CC[T>A]TT	-1	203137.0	2575135786
JG0139c	18	1725577	N:TC[T>G]TG	1	627794.0	2575763580
JG0139c	18	1756784	N:AG[T>G]TA	1	31207.0	2575794787
JG0139c	18	1822297	N:AC[T>C]TA	-1	65513.0	2575860300
JG0139c	18	2024584	N:GC[T>G]TG	-1	202287.0	2576062587
JG0139c	18	2238288	N:CC[T>G]GA	1	213704.0	2576276291
JG0139c	18	2257947	N:AC[T>G]TA	1	19659.0	2576295950
JG0139c	18	2528108	N:TC[T>G]TA	1	270161.0	2576566111
JG0139c	18	3686963	U:AC[T>C]TA	-1	1158855.0	2577724966
JG0139c	18	4520827	N:TC[T>A]TG	-1	833864.0	2578558830
JG0139c	18	4996870	N:GC[T>G]TC	1	476043.0	2579034873
JG0139c	18	4997331	N:AC[T>G]TG	-1	461.0	2579035334
JG0139c	18	5000931	N:TC[T>G]TT	-1	3600.0	2579038934
JG0139c	18	5041052	N:AC[T>G]AG	1	40121.0	2579079055
JG0139c	18	5057105	N:AC[T>G]TA	-1	16053.0	2579095108
JG0139c	18	5163422	U:TG[T>G]TA	-1	106317.0	2579201425
JG0139c	18	5216013	N:AA[T>G]TA	1	52591.0	2579254016
JG0139c	18	5366223	N:CC[T>G]TG	1	150210.0	2579404226
JG0139c	18	5406954	U:AC[T>C]CA	-1	40731.0	2579444957
JG0139c	18	5427698	U:TC[T>C]CT	-1	20744.0	2579465701
JG0139c	18	5501789	T:AC[T>G]TT	1	74091.0	2579539792
JG0139c	18	5678312	N:AC[T>G]TA	-1	176523.0	2579716315
JG0139c	18	5721705	N:CC[T>C]CA	-1	43393.0	2579759708
JG0139c	18	6317060	U:TC[T>A]TG	-1	595355.0	2580355063
JG0139c	18	6317062	U:TC[T>C]CT	-1	2.0	2580355065
JG0139c	18	6427925	N:AT[T>G]TC	1	110863.0	2580465928
JG0139c	18	6448910	N:TA[T>G]TA	-1	20985.0	2580486913
JG0139c	18	6724890	N:AC[T>A]CA	-1	275980.0	2580762893
JG0139c	18	6735475	T:TC[T>C]CA	-1	10585.0	2580773478
JG0139c	18	6781049	T:TG[T>A]GG	-1	45574.0	2580819052
JG0139c	18	6783679	T:TC[T>C]CA	-1	2630.0	2580821682
JG0139c	18	6825563	T:GC[T>A]CA	-1	41884.0	2580863566
JG0139c	18	6921733	N:GC[T>A]CA	-1	96170.0	2580959736
JG0139c	18	7150096	N:AC[T>C]TG	-1	228363.0	2581188099
JG0139c	18	7231860	T:TG[T>A]TG	-1	81764.0	2581269863
JG0139c	18	7282739	N:TC[T>G]TT	-1	50879.0	2581320742
JG0139c	18	7293897	N:TG[T>G]TC	-1	11158.0	2581331900
JG0139c	18	7293982	N:GC[T>C]CG	-1	85.0	2581331985
JG0139c	18	7587144	T:AC[T>A]AC	-1	293162.0	2581625147
JG0139c	18	7683830	T:GG[C>T]TG	-1	96686.0	2581721833
JG0139c	18	7801802	T:GA[T>C]GG	-1	117972.0	2581839805
JG0139c	18	7993404	T:AC[T>C]TA	-1	191602.0	2582031407
JG0139c	18	8017109	T:GC[T>C]TA	-1	23705.0	2582055112
JG0139c	18	8089314	T:TT[T>C]TT	-1	72205.0	2582127317
JG0139c	18	8108575	T:TG[T>C]TT	-1	19261.0	2582146578
JG0139c	18	8117748	T:AC[T>C]CA	-1	9173.0	2582155751
JG0139c	18	8256019	T:CC[T>A]GG	-1	138271.0	2582294022
JG0139c	18	8495203	N:AC[T>G]TG	1	239184.0	2582533206
JG0139c	18	9627299	N:TC[T>C]TA	-1	1132096.0	2583665302
JG0139c	18	9946575	T:TC[T>G]TC	-1	319276.0	2583984578
JG0139c	18	10212719	N:TC[T>C]CA	-1	266144.0	2584250722
JG0139c	18	10219911	N:GC[T>C]CA	-1	7192.0	2584257914
JG0139c	18	10256650	N:TC[T>C]TA	-1	36739.0	2584294653
JG0139c	18	10565766	N:GG[T>C]CA	-1	309116.0	2584603769
JG0139c	18	11447337	N:TC[T>C]TT	-1	881571.0	2585485340
JG0139c	18	11874330	T:TG[T>C]TA	-1	426993.0	2585912333
JG0139c	18	12039131	N:CC[T>G]GC	1	164801.0	2586077134
JG0139c	18	12816267	T:AC[T>G]CC	1	777136.0	2586854270
JG0139c	18	13309137	T:AC[T>C]TA	-1	492870.0	2587347140
JG0139c	18	13355992	T:AC[T>A]CA	-1	46855.0	2587393995
JG0139c	18	13475326	T:CC[T>A]TG	-1	119334.0	2587513329
JG0139c	18	13770016	N:AC[T>A]TT	-1	294690.0	2587808019
JG0139c	18	13801316	N:GG[T>A]TT	1	31300.0	2587839319
JG0139c	18	13843992	N:AC[T>G]TG	-1	42676.0	2587881995
JG0139c	18	13910330	U:AC[T>A]TA	-1	66338.0	2587948333
JG0139c	18	14058693	N:AC[T>G]TT	-1	148363.0	2588096696
JG0139c	18	14084547	N:AC[T>C]TG	-1	25854.0	2588122550
JG0139c	18	14126649	U:GC[T>G]TC	-1	42102.0	2588164652
JG0139c	18	14311798	N:AC[T>C]CA	-1	185149.0	2588349801
JG0139c	18	14381969	N:AC[T>A]GA	-1	70171.0	2588419972
JG0139c	18	14472121	N:TC[T>G]CA	-1	90152.0	2588510124
JG0139c	18	14555819	N:CC[T>G]CA	-1	83698.0	2588593822
JG0139c	18	21004574	T:AG[T>G]TA	1	6448755.0	2595042577
JG0139c	18	21985979	N:TC[T>C]TG	-1	981405.0	2596023982
JG0139c	18	22225255	N:AC[T>G]TG	-1	239276.0	2596263258
JG0139c	18	22599083	N:TC[T>G]TT	1	373828.0	2596637086
JG0139c	18	22728938	N:AC[T>G]CA	1	129855.0	2596766941
JG0139c	18	23667292	N:CC[T>C]TA	-1	938354.0	2597705295
JG0139c	18	24120380	T:GC[T>A]CC	-1	453088.0	2598158383
JG0139c	18	24612224	N:GC[T>C]CA	-1	491844.0	2598650227
JG0139c	18	24699928	N:AG[T>G]TC	-1	87704.0	2598737931
JG0139c	18	24777218	N:TC[T>C]TA	-1	77290.0	2598815221
JG0139c	18	24876150	N:GC[T>G]TC	-1	98932.0	2598914153
JG0139c	18	25556960	N:AA[T>G]TA	-1	680810.0	2599594963
JG0139c	18	25577280	N:AC[T>C]GC	-1	20320.0	2599615283
JG0139c	18	25701509	N:GG[T>C]TG	-1	124229.0	2599739512
JG0139c	18	25943358	N:TC[T>A]CT	1	241849.0	2599981361
JG0139c	18	26223642	N:GA[T>G]TA	-1	280284.0	2600261645
JG0139c	18	26440315	N:CC[T>G]TC	-1	216673.0	2600478318
JG0139c	18	26691822	N:TC[T>G]TT	-1	251507.0	2600729825
JG0139c	18	26727972	N:CC[T>G]TT	1	36150.0	2600765975
JG0139c	18	26741437	N:GG[T>C]TA	-1	13465.0	2600779440
JG0139c	18	26902234	N:GC[T>C]CC	-1	160797.0	2600940237
JG0139c	18	27143448	U:GG[T>C]CC	-1	241214.0	2601181451
JG0139c	18	27370856	N:AG[T>G]TG	-1	227408.0	2601408859
JG0139c	18	27433457	N:AC[T>C]TG	-1	62601.0	2601471460
JG0139c	18	28947238	N:GC[T>C]TT	-1	1513781.0	2602985241
JG0139c	18	29036389	N:AC[T>A]TA	-1	89151.0	2603074392
JG0139c	18	29299018	N:TC[T>C]CA	-1	262629.0	2603337021
JG0139c	18	29381018	N:GC[T>C]TA	-1	82000.0	2603419021
JG0139c	18	29780784	N:GC[T>A]TA	-1	399766.0	2603818787
JG0139c	18	29793201	N:GC[T>G]CA	1	12417.0	2603831204
JG0139c	18	30350224	N:TC[T>G]TG	1	557023.0	2604388227
JG0139c	18	30423428	N:CC[T>G]TC	1	73204.0	2604461431
JG0139c	18	30649846	N:TC[T>A]CA	-1	226418.0	2604687849
JG0139c	18	30661378	N:TC[T>C]CA	1	11532.0	2604699381
JG0139c	18	30662375	N:AG[T>G]TA	-1	997.0	2604700378
JG0139c	18	30765028	N:AC[T>A]GA	-1	102653.0	2604803031
JG0139c	18	30834059	N:TT[T>C]TT	-1	69031.0	2604872062
JG0139c	18	30834068	N:AC[T>G]TC	1	9.0	2604872071
JG0139c	18	30854563	N:AT[T>G]TT	1	20495.0	2604892566
JG0139c	18	30908803	N:TA[C>A]AG	-1	54240.0	2604946806
JG0139c	18	30996833	U:AC[T>G]TA	-1	88030.0	2605034836
JG0139c	18	31159377	T:AC[T>G]TT	1	162544.0	2605197380
JG0139c	18	32051029	U:AG[T>G]TC	1	891652.0	2606089032
JG0139c	18	32225928	T:TC[T>G]TT	1	174899.0	2606263931
JG0139c	18	32246330	T:TG[T>G]TT	1	20402.0	2606284333
JG0139c	18	32311989	U:AC[T>G]TT	-1	65659.0	2606349992
JG0139c	18	32312174	U:AC[T>A]TC	-1	185.0	2606350177
JG0139c	18	32352223	U:TG[T>C]TT	-1	40049.0	2606390226
JG0139c	18	32569841	N:AC[T>C]TG	-1	217618.0	2606607844
JG0139c	18	32631654	N:TC[T>C]CA	-1	61813.0	2606669657
JG0139c	18	32918007	N:AT[T>A]TA	1	286353.0	2606956010
JG0139c	18	33381223	U:TC[T>G]TA	-1	463216.0	2607419226
JG0139c	18	33436189	U:GG[T>G]TG	-1	54966.0	2607474192
JG0139c	18	33499488	N:AC[T>C]CA	-1	63299.0	2607537491
JG0139c	18	33507601	N:AC[T>C]TT	-1	8113.0	2607545604
JG0139c	18	33723226	T:CC[T>G]TA	-1	215625.0	2607761229
JG0139c	18	34110243	U:AC[T>A]TT	-1	387017.0	2608148246
JG0139c	18	34325122	N:TC[T>G]TG	1	214879.0	2608363125
JG0139c	18	34428170	N:CC[T>G]TA	-1	103048.0	2608466173
JG0139c	18	34428286	N:TC[T>C]TA	-1	116.0	2608466289
JG0139c	18	34764095	T:CC[T>G]CC	-1	335809.0	2608802098
JG0139c	18	34847178	T:AC[T>C]TC	-1	83083.0	2608885181
JG0139c	18	35006973	T:TG[T>C]TT	-1	159795.0	2609044976
JG0139c	18	35038254	U:CC[T>G]GA	1	31281.0	2609076257
JG0139c	18	35324688	N:GG[T>A]TC	-1	286434.0	2609362691
JG0139c	18	35336030	T:AC[T>G]AC	1	11342.0	2609374033
JG0139c	18	35570809	N:TC[T>C]TG	-1	234779.0	2609608812
JG0139c	18	36267133	U:TC[T>G]TG	1	696324.0	2610305136
JG0139c	18	37027486	T:GG[T>C]TA	-1	760353.0	2611065489
JG0139c	18	37229365	T:GC[T>G]TA	-1	201879.0	2611267368
JG0139c	18	37377382	U:TC[T>A]TG	-1	148017.0	2611415385
JG0139c	18	37622767	N:TC[T>A]TT	-1	245385.0	2611660770
JG0139c	18	37638902	N:AC[T>C]TG	-1	16135.0	2611676905
JG0139c	18	37640601	N:CC[T>G]TA	-1	1699.0	2611678604
JG0139c	18	37760749	N:AG[T>G]TT	-1	120148.0	2611798752
JG0139c	18	37777478	N:AG[T>G]TT	1	16729.0	2611815481
JG0139c	18	37877276	N:AC[T>G]TC	-1	99798.0	2611915279
JG0139c	18	37960915	N:TC[T>C]CC	-1	83639.0	2611998918
JG0139c	18	38137349	N:AT[T>G]TA	-1	176434.0	2612175352
JG0139c	18	38317552	N:AG[T>G]TA	-1	180203.0	2612355555
JG0139c	18	38762387	N:AC[T>G]TG	-1	444835.0	2612800390
JG0139c	18	38848018	N:AG[T>G]TA	-1	85631.0	2612886021
JG0139c	18	39973536	N:AC[T>C]TG	-1	1125518.0	2614011539
JG0139c	18	40102918	N:AC[T>C]TA	-1	129382.0	2614140921
JG0139c	18	40197785	N:TC[T>G]CT	1	94867.0	2614235788
JG0139c	18	40221152	N:AG[T>C]GA	1	23367.0	2614259155
JG0139c	18	40570463	N:TC[T>A]CA	-1	349311.0	2614608466
JG0139c	18	40911111	N:AC[T>C]CA	-1	340648.0	2614949114
JG0139c	18	40946077	N:CT[C>G]AC	1	34966.0	2614984080
JG0139c	18	41086734	N:GG[T>G]TG	-1	140657.0	2615124737
JG0139c	18	41181906	N:AC[T>G]CA	-1	95172.0	2615219909
JG0139c	18	41273930	N:TC[T>C]CC	-1	92024.0	2615311933
JG0139c	18	41657980	N:AG[T>C]AT	-1	384050.0	2615695983
JG0139c	18	43464928	N:TG[T>G]TC	-1	1806948.0	2617502931
JG0139c	18	43556280	N:GT[T>G]GA	1	91352.0	2617594283
JG0139c	18	43781803	N:AC[T>G]CA	-1	225523.0	2617819806
JG0139c	18	43818088	N:TA[T>A]TA	-1	36285.0	2617856091
JG0139c	18	43833202	N:AC[T>C]TA	1	15114.0	2617871205
JG0139c	18	44028907	N:TC[T>C]CA	-1	195705.0	2618066910
JG0139c	18	44155475	N:GC[T>C]GG	-1	126568.0	2618193478
JG0139c	18	44159455	N:AC[T>G]TA	-1	3980.0	2618197458
JG0139c	18	45014595	T:TG[T>G]TT	-1	855140.0	2619052598
JG0139c	18	45137004	N:TC[T>G]TT	1	122409.0	2619175007
JG0139c	18	45316018	T:TC[T>C]CA	-1	179014.0	2619354021
JG0139c	18	46015885	U:TT[T>A]AA	-1	699867.0	2620053888
JG0139c	18	46046930	T:AC[T>G]TT	1	31045.0	2620084933
JG0139c	18	46211210	U:AC[T>G]TT	1	164280.0	2620249213
JG0139c	18	46492314	T:AC[T>G]GG	1	281104.0	2620530317
JG0139c	18	47417736	N:CC[T>C]CC	1	925422.0	2621455739
JG0139c	18	47658859	N:CC[T>G]CA	1	241123.0	2621696862
JG0139c	18	48333492	U:CC[T>G]TA	-1	674633.0	2622371495
JG0139c	18	48365557	U:GG[T>G]TA	-1	32065.0	2622403560
JG0139c	18	48916669	N:TT[T>G]TG	1	551112.0	2622954672
JG0139c	18	50597379	U:GC[T>G]CA	1	1680710.0	2624635382
JG0139c	18	50613856	T:AC[T>G]TA	-1	16477.0	2624651859
JG0139c	18	50782239	N:GG[T>C]GA	-1	168383.0	2624820242
JG0139c	18	51347082	N:AA[T>G]CC	-1	564843.0	2625385085
JG0139c	18	51394011	N:AA[C>G]AT	-1	46929.0	2625432014
JG0139c	18	51500549	N:TA[T>C]TT	-1	106538.0	2625538552
JG0139c	18	51508457	N:TG[T>G]TA	-1	7908.0	2625546460
JG0139c	18	51584834	N:AC[T>C]CC	-1	76377.0	2625622837
JG0139c	18	51665649	N:CA[T>G]TG	-1	80815.0	2625703652
JG0139c	18	51754333	N:GC[T>C]TA	-1	88684.0	2625792336
JG0139c	18	51851789	N:CC[T>G]TG	-1	97456.0	2625889792
JG0139c	18	51865162	N:TC[T>A]TG	-1	13373.0	2625903165
JG0139c	18	51871552	N:AC[T>A]TG	-1	6390.0	2625909555
JG0139c	18	51914512	N:TC[T>G]TA	-1	42960.0	2625952515
JG0139c	18	51976147	N:GC[T>A]TC	-1	61635.0	2626014150
JG0139c	18	52881981	T:AC[T>C]AA	-1	905834.0	2626919984
JG0139c	18	53123877	T:AC[T>A]TA	-1	241896.0	2627161880
JG0139c	18	53172822	U:CA[C>A]TA	1	48945.0	2627210825
JG0139c	18	53210318	U:TC[T>C]TC	1	37496.0	2627248321
JG0139c	18	53673385	N:CC[T>C]TA	-1	463067.0	2627711388
JG0139c	18	54096734	N:GC[T>G]AA	1	423349.0	2628134737
JG0139c	18	54730036	U:AC[T>G]CA	1	633302.0	2628768039
JG0139c	18	55001503	N:GC[T>G]TG	1	271467.0	2629039506
JG0139c	18	55464690	T:TT[T>G]TT	1	463187.0	2629502693
JG0139c	18	56134830	N:TC[T>G]GA	1	670140.0	2630172833
JG0139c	18	56180889	N:TG[T>A]CC	-1	46059.0	2630218892
JG0139c	18	56187780	N:TC[T>G]TC	1	6891.0	2630225783
JG0139c	18	56385018	N:TC[T>A]CC	-1	197238.0	2630423021
JG0139c	18	57083005	N:TG[T>G]TG	1	697987.0	2631121008
JG0139c	18	57112015	N:GC[T>C]GC	-1	29010.0	2631150018
JG0139c	18	57181806	N:TG[T>G]TT	1	69791.0	2631219809
JG0139c	18	57475200	T:CA[C>G]CT	-1	293394.0	2631513203
JG0139c	18	59157393	T:AC[T>G]TG	-1	1682193.0	2633195396
JG0139c	18	59571310	U:AC[T>C]CA	-1	413917.0	2633609313
JG0139c	18	59717895	N:GC[T>G]CA	-1	146585.0	2633755898
JG0139c	18	59750362	N:GC[T>C]CA	-1	32467.0	2633788365
JG0139c	18	59789475	N:AC[T>C]TT	-1	39113.0	2633827478
JG0139c	18	59792765	N:AC[T>G]TA	1	3290.0	2633830768
JG0139c	18	59906095	N:AC[T>C]TG	-1	113330.0	2633944098
JG0139c	18	60017564	N:TC[T>A]TA	-1	111469.0	2634055567
JG0139c	18	60142802	N:CC[T>G]CA	-1	125238.0	2634180805
JG0139c	18	60189781	N:GC[T>C]TA	-1	46979.0	2634227784
JG0139c	18	60264678	N:TC[T>G]GA	-1	74897.0	2634302681
JG0139c	18	60465982	N:AC[T>C]GA	-1	201304.0	2634503985
JG0139c	18	60567510	N:AC[T>G]TT	-1	101528.0	2634605513
JG0139c	18	61456496	U:AA[T>G]TA	1	888986.0	2635494499
JG0139c	18	61474701	T:TC[T>C]CA	-1	18205.0	2635512704
JG0139c	18	61652718	N:GC[T>G]CA	1	178017.0	2635690721
JG0139c	18	61942151	T:CC[T>G]TT	1	289433.0	2635980154
JG0139c	18	62148283	T:TC[T>C]CT	1	206132.0	2636186286
JG0139c	18	63831956	N:AC[T>G]TG	-1	1683673.0	2637869959
JG0139c	18	64060271	N:TC[T>A]TT	-1	228315.0	2638098274
JG0139c	18	64068682	N:TC[T>G]TT	1	8411.0	2638106685
JG0139c	18	64610744	N:AA[C>G]TT	-1	542062.0	2638648747
JG0139c	18	64703651	N:CC[T>G]TT	-1	92907.0	2638741654
JG0139c	18	64755151	N:CA[T>G]CA	1	51500.0	2638793154
JG0139c	18	64810013	N:TC[T>C]CC	-1	54862.0	2638848016
JG0139c	18	64816096	N:TC[T>G]TG	1	6083.0	2638854099
JG0139c	18	66346686	N:AC[T>C]TA	-1	1530590.0	2640384689
JG0139c	18	66409930	N:GC[T>C]CC	-1	63244.0	2640447933
JG0139c	18	67926628	N:TC[T>G]TC	1	1516698.0	2641964631
JG0139c	18	68381485	N:AC[T>C]CT	-1	454857.0	2642419488
JG0139c	18	68531068	N:TC[T>G]TT	1	149583.0	2642569071
JG0139c	18	68881437	U:AC[T>G]TG	1	350369.0	2642919440
JG0139c	18	69204559	N:AC[T>G]TG	1	323122.0	2643242562
JG0139c	18	69415474	U:GG[T>G]TT	1	210915.0	2643453477
JG0139c	18	69785560	U:AA[T>G]TG	1	370086.0	2643823563
JG0139c	18	69872809	T:TC[T>G]CA	1	87249.0	2643910812
JG0139c	18	70527014	N:AC[T>G]TA	-1	654205.0	2644565017
JG0139c	18	70541417	N:TC[T>G]TA	1	14403.0	2644579420
JG0139c	18	71173422	N:AT[T>A]TT	-1	632005.0	2645211425
JG0139c	18	71344764	N:TC[T>G]TG	-1	171342.0	2645382767
JG0139c	18	71449677	N:CC[T>C]CT	-1	104913.0	2645487680
JG0139c	18	71468477	N:AC[T>A]TT	-1	18800.0	2645506480
JG0139c	18	72719694	N:AT[T>G]TC	1	1251217.0	2646757697
JG0139c	18	73112616	N:TC[T>C]CA	1	392922.0	2647150619
JG0139c	18	73124497	N:GG[T>C]CC	1	11881.0	2647162500
JG0139c	18	74553410	U:TC[T>G]TT	1	1428913.0	2648591413
JG0139c	18	75443650	N:CC[T>C]GT	1	890240.0	2649481653
JG0139c	18	76272501	N:AC[T>G]TG	1	828851.0	2650310504
JG0139c	18	76301911	N:AC[T>G]CA	1	29410.0	2650339914
JG0139c	18	76305149	N:TC[T>C]TG	1	3238.0	2650343152
JG0139c	18	76853927	U:AC[T>C]TG	1	548778.0	2650891930
JG0139c	18	77536506	N:AC[T>G]GA	1	682579.0	2651574509
JG0139c	18	77660765	N:GC[T>C]CA	1	124259.0	2651698768
JG0139c	18	78467507	N:TC[T>C]CA	1	806742.0	2652505510
JG0139c	18	79023853	N:CC[T>A]CA	1	556346.0	2653061856
JG0139c	18	79121185	U:TC[T>A]CC	1	97332.0	2653159188
JG0139c	18	79182526	U:CC[T>A]GG	1	61341.0	2653220529
JG0139c	18	79318530	T:TC[T>G]TC	-1	136004.0	2653356533
JG0139c	18	79547484	N:AC[T>C]CT	1	228954.0	2653585487
JG0139c	18	79605834	N:CC[T>G]CA	1	58350.0	2653643837
JG0139c	19	2952213	N:GG[T>A]CG	1		2657363501
JG0139c	19	3213533	N:GG[T>C]CA	1	261320.0	2657624821
JG0139c	19	3282814	U:GG[T>G]TG	1	69281.0	2657694102
JG0139c	19	4177196	T:GC[T>A]TT	1	894382.0	2658588484
JG0139c	19	5401536	N:TC[T>G]CA	-1	1224340.0	2659812824
JG0139c	19	6261324	T:GC[T>A]CC	1	859788.0	2660672612
JG0139c	19	7078382	U:AC[T>C]TG	1	817058.0	2661489670
JG0139c	19	7511651	T:AG[T>G]TC	-1	433269.0	2661922939
JG0139c	19	7693867	T:TC[T>C]CG	1	182216.0	2662105155
JG0139c	19	7751231	N:TC[T>A]TT	-1	57364.0	2662162519
JG0139c	19	7856017	T:AG[T>C]CT	-1	104786.0	2662267305
JG0139c	19	8690747	N:AC[T>C]TG	-1	834730.0	2663102035
JG0139c	19	8712180	N:TC[T>G]TC	-1	21433.0	2663123468
JG0139c	19	9167679	N:CC[T>G]CT	-1	455499.0	2663578967
JG0139c	19	9375901	U:GC[T>G]TA	1	208222.0	2663787189
JG0139c	19	9420904	T:TC[T>G]TA	1	45003.0	2663832192
JG0139c	19	9629939	N:AC[T>G]TG	-1	209035.0	2664041227
JG0139c	19	11690227	N:AC[T>C]CC	-1	2060288.0	2666101515
JG0139c	19	11805529	T:TC[T>C]GC	-1	115302.0	2666216817
JG0139c	19	11855425	T:AC[T>A]TA	-1	49896.0	2666266713
JG0139c	19	12030032	U:TC[T>C]CG	-1	174607.0	2666441320
JG0139c	19	12136144	U:CC[T>C]CA	-1	106112.0	2666547432
JG0139c	19	12268099	N:AC[T>C]TT	-1	131955.0	2666679387
JG0139c	19	13400723	U:AC[T>G]TG	-1	1132624.0	2667812011
JG0139c	19	13640071	N:AC[T>C]CA	1	239348.0	2668051359
JG0139c	19	14240018	N:CC[T>G]TG	-1	599947.0	2668651306
JG0139c	19	14675900	U:TC[T>G]TG	-1	435882.0	2669087188
JG0139c	19	15067299	N:AC[T>G]TT	1	391399.0	2669478587
JG0139c	19	15697889	N:TG[T>G]TC	-1	630590.0	2670109177
JG0139c	19	15709274	N:TC[T>C]CG	-1	11385.0	2670120562
JG0139c	19	15819921	N:AC[T>G]TC	1	110647.0	2670231209
JG0139c	19	16155192	T:GC[T>A]TG	-1	335271.0	2670566480
JG0139c	19	16406167	T:TC[T>C]CC	1	250975.0	2670817455
JG0139c	19	16615107	U:AC[T>A]TG	-1	208940.0	2671026395
JG0139c	19	16645639	T:GT[C>A]AA	1	30532.0	2671056927
JG0139c	19	16753425	U:GG[T>G]TG	1	107786.0	2671164713
JG0139c	19	17633154	T:AC[T>G]TC	1	879729.0	2672044442
JG0139c	19	17862290	T:AC[T>G]TG	-1	229136.0	2672273578
JG0139c	19	19874474	T:TC[T>G]TG	-1	2012184.0	2674285762
JG0139c	19	19955559	N:TG[T>C]CT	-1	81085.0	2674366847
JG0139c	19	20117505	U:TC[T>C]TG	1	161946.0	2674528793
JG0139c	19	20168307	U:GC[T>G]GA	1	50802.0	2674579595
JG0139c	19	20297438	N:TC[T>C]TG	1	129131.0	2674708726
JG0139c	19	20445321	N:AC[T>G]CT	-1	147883.0	2674856609
JG0139c	19	20548643	T:TC[T>C]CA	1	103322.0	2674959931
JG0139c	19	20729643	N:GC[T>C]CA	1	181000.0	2675140931
JG0139c	19	21033066	U:AA[T>G]TA	1	303423.0	2675444354
JG0139c	19	21061151	N:GC[T>G]TT	-1	28085.0	2675472439
JG0139c	19	21247083	N:CC[T>C]TT	1	185932.0	2675658371
JG0139c	19	21334278	N:TC[T>C]CA	1	87195.0	2675745566
JG0139c	19	21514849	U:CC[T>C]CA	1	180571.0	2675926137
JG0139c	19	21719267	N:AC[T>C]TG	1	204418.0	2676130555
JG0139c	19	21753356	T:AC[T>C]TG	1	34089.0	2676164644
JG0139c	19	21814675	T:GC[T>C]GG	1	61319.0	2676225963
JG0139c	19	21833169	T:AA[T>G]TC	1	18494.0	2676244457
JG0139c	19	22065337	U:GA[T>A]TA	1	232168.0	2676476625
JG0139c	19	23506084	N:AC[T>C]TA	1	1440747.0	2677917372
JG0139c	19	23600883	T:TC[T>G]TA	1	94799.0	2678012171
JG0139c	19	23633078	T:TC[T>C]TG	1	32195.0	2678044366
JG0139c	19	23768945	N:GA[T>C]TG	1	135867.0	2678180233
JG0139c	19	24020348	N:TC[T>C]TG	1	251403.0	2678431636
JG0139c	19	24051284	T:AC[T>G]CA	-1	30936.0	2678462572
JG0139c	19	27254676	N:AC[T>C]CA	1	3203392.0	2681665964
JG0139c	19	27580828	N:AC[T>G]TG	-1	326152.0	2681992116
JG0139c	19	27626223	N:AC[T>G]CT	1	45395.0	2682037511
JG0139c	19	27712923	N:TC[T>C]TA	1	86700.0	2682124211
JG0139c	19	28176180	N:AC[T>G]TT	-1	463257.0	2682587468
JG0139c	19	28212248	N:GC[T>C]CA	1	36068.0	2682623536
JG0139c	19	28212962	N:AC[T>C]GA	1	714.0	2682624250
JG0139c	19	28228606	N:CC[T>C]CT	1	15644.0	2682639894
JG0139c	19	28299706	N:TC[T>G]CC	1	71100.0	2682710994
JG0139c	19	28330011	N:GC[T>C]TA	1	30305.0	2682741299
JG0139c	19	28366032	N:GC[T>C]CT	1	36021.0	2682777320
JG0139c	19	28446379	N:AC[T>C]TT	-1	80347.0	2682857667
JG0139c	19	28470628	N:CC[T>A]GG	1	24249.0	2682881916
JG0139c	19	28475712	N:TC[T>G]TG	-1	5084.0	2682887000
JG0139c	19	28782364	N:AG[T>G]TA	1	306652.0	2683193652
JG0139c	19	28899496	N:GC[T>C]CA	-1	117132.0	2683310784
JG0139c	19	28931942	N:TC[T>C]CA	1	32446.0	2683343230
JG0139c	19	29035216	N:TC[T>C]TG	1	103274.0	2683446504
JG0139c	19	29042926	N:GC[T>A]CC	1	7710.0	2683454214
JG0139c	19	29062834	N:TC[T>G]TA	-1	19908.0	2683474122
JG0139c	19	30241586	T:CC[T>G]TA	-1	1178752.0	2684652874
JG0139c	19	30738041	N:CC[T>A]CG	1	496455.0	2685149329
JG0139c	19	30888735	N:CC[T>C]CC	1	150694.0	2685300023
JG0139c	19	30897941	N:TC[T>A]CA	1	9206.0	2685309229
JG0139c	19	31025370	N:AC[T>C]CA	-1	127429.0	2685436658
JG0139c	19	31362762	N:TC[T>G]TG	-1	337392.0	2685774050
JG0139c	19	31374121	N:AC[T>C]TG	1	11359.0	2685785409
JG0139c	19	31429736	N:AC[T>G]TA	-1	55615.0	2685841024
JG0139c	19	31616598	N:TC[T>C]CT	-1	186862.0	2686027886
JG0139c	19	31623612	N:AC[T>G]TC	1	7014.0	2686034900
JG0139c	19	31639806	N:AC[T>G]TT	-1	16194.0	2686051094
JG0139c	19	31770277	N:AG[T>G]AA	-1	130471.0	2686181565
JG0139c	19	32072618	N:AC[T>C]AC	1	302341.0	2686483906
JG0139c	19	32091684	N:GC[T>G]GG	1	19066.0	2686502972
JG0139c	19	32142058	N:CC[T>G]TG	1	50374.0	2686553346
JG0139c	19	32732033	U:TC[T>C]CG	1	589975.0	2687143321
JG0139c	19	33318250	N:GC[T>C]TA	1	586217.0	2687729538
JG0139c	19	33385162	N:GC[T>G]TG	-1	66912.0	2687796450
JG0139c	19	33477285	U:AC[T>C]CG	-1	92123.0	2687888573
JG0139c	19	33770835	T:TC[T>A]TG	-1	293550.0	2688182123
JG0139c	19	34028610	N:TC[T>C]CA	1	257775.0	2688439898
JG0139c	19	34153580	N:TC[T>A]TG	1	124970.0	2688564868
JG0139c	19	34573325	N:AC[T>G]TA	-1	419745.0	2688984613
JG0139c	19	34794975	N:TT[T>C]TA	-1	221650.0	2689206263
JG0139c	19	34843356	N:TG[T>C]CT	1	48381.0	2689254644
JG0139c	19	34883421	N:AA[C>T]TT	-1	40065.0	2689294709
JG0139c	19	35196114	N:TC[T>A]CA	1	312693.0	2689607402
JG0139c	19	35419912	N:AC[T>C]GG	-1	223798.0	2689831200
JG0139c	19	35833334	T:AC[T>C]TT	1	413422.0	2690244622
JG0139c	19	35839140	U:AC[T>C]GA	-1	5806.0	2690250428
JG0139c	19	36505615	N:CC[T>G]TC	-1	666475.0	2690916903
JG0139c	19	36808696	N:GC[T>G]TA	-1	303081.0	2691219984
JG0139c	19	37415504	U:TC[T>C]TA	-1	606808.0	2691826792
JG0139c	19	37507627	T:AC[T>C]TG	-1	92123.0	2691918915
JG0139c	19	37712503	T:AC[T>C]CT	1	204876.0	2692123791
JG0139c	19	37804907	U:GC[T>C]TT	-1	92404.0	2692216195
JG0139c	19	38031867	U:GC[T>C]TG	1	226960.0	2692443155
JG0139c	19	38495930	U:AA[T>G]TT	1	464063.0	2692907218
JG0139c	19	38661295	T:TC[T>A]TG	-1	165365.0	2693072583
JG0139c	19	39355123	U:CC[T>C]TA	1	693828.0	2693766411
JG0139c	19	39790723	N:AC[T>G]TG	1	435600.0	2694202011
JG0139c	19	40526708	U:TT[C>A]TG	1	735985.0	2694937996
JG0139c	19	40882727	U:AC[T>A]TT	-1	356019.0	2695294015
JG0139c	19	40961062	N:AC[T>C]TA	-1	78335.0	2695372350
JG0139c	19	40979270	N:TC[T>G]TG	-1	18208.0	2695390558
JG0139c	19	41152817	N:CC[T>G]CG	-1	173547.0	2695564105
JG0139c	19	41308898	T:GC[T>C]TA	1	156081.0	2695720186
JG0139c	19	41484909	N:GC[T>G]GA	-1	176011.0	2695896197
JG0139c	19	41723625	U:AC[T>G]TT	1	238716.0	2696134913
JG0139c	19	42713976	N:AG[T>G]TT	1	990351.0	2697125264
JG0139c	19	42828074	T:AC[T>G]TG	1	114098.0	2697239362
JG0139c	19	42851215	T:CC[T>A]CA	1	23141.0	2697262503
JG0139c	19	43008399	U:AC[T>C]CA	-1	157184.0	2697419687
JG0139c	19	43017142	U:AC[T>C]TG	-1	8743.0	2697428430
JG0139c	19	43135013	N:AC[T>C]TG	1	117871.0	2697546301
JG0139c	19	43233512	T:GC[T>G]TA	1	98499.0	2697644800
JG0139c	19	43263070	U:TC[T>G]GC	-1	29558.0	2697674358
JG0139c	19	43315541	N:GA[T>G]TA	1	52471.0	2697726829
JG0139c	19	43403565	U:CC[C>G]TA	1	88024.0	2697814853
JG0139c	19	43721805	N:AC[T>G]TT	-1	318240.0	2698133093
JG0139c	19	44127352	U:TC[T>G]CA	1	405547.0	2698538640
JG0139c	19	44140405	N:TC[T>A]CC	1	13053.0	2698551693
JG0139c	19	44155173	T:AC[T>C]CT	-1	14768.0	2698566461
JG0139c	19	44291885	T:AC[T>G]TC	1	136712.0	2698703173
JG0139c	19	44413735	N:AC[T>C]GA	1	121850.0	2698825023
JG0139c	19	46201270	N:GC[T>C]TA	1	1787535.0	2700612558
JG0139c	19	46268367	N:AC[T>C]CA	1	67097.0	2700679655
JG0139c	19	46574109	T:AA[C>A]CA	1	305742.0	2700985397
JG0139c	19	46986356	U:AC[T>G]TA	1	412247.0	2701397644
JG0139c	19	48766789	N:CC[T>G]CG	1	1780433.0	2703178077
JG0139c	19	48971599	U:GC[T>C]TG	-1	204810.0	2703382887
JG0139c	19	49326947	N:CC[T>G]CA	-1	355348.0	2703738235
JG0139c	19	50162460	U:TC[T>C]AC	-1	835513.0	2704573748
JG0139c	19	50241886	U:TC[T>G]TC	1	79426.0	2704653174
JG0139c	19	50582659	N:TC[T>C]TA	1	340773.0	2704993947
JG0139c	19	51916298	N:TC[T>C]CC	-1	1333639.0	2706327586
JG0139c	19	51954221	N:TC[T>C]TC	-1	37923.0	2706365509
JG0139c	19	51976479	U:CC[T>C]TG	-1	22258.0	2706387767
JG0139c	19	52046322	U:TC[T>C]TG	-1	69843.0	2706457610
JG0139c	19	52133494	T:TG[T>G]TG	1	87172.0	2706544782
JG0139c	19	52150110	N:AC[T>G]TG	1	16616.0	2706561398
JG0139c	19	52383761	U:AG[T>C]CA	1	233651.0	2706795049
JG0139c	19	52707427	T:AG[T>C]CA	1	323666.0	2707118715
JG0139c	19	52793191	N:TC[T>C]TA	1	85764.0	2707204479
JG0139c	19	52813370	T:GC[T>A]TA	1	20179.0	2707224658
JG0139c	19	52912031	T:GG[T>C]CG	1	98661.0	2707323319
JG0139c	19	53083211	T:AC[T>G]TA	1	171180.0	2707494499
JG0139c	19	53093547	U:AC[T>C]TG	-1	10336.0	2707504835
JG0139c	19	53109744	T:TC[T>C]CC	1	16197.0	2707521032
JG0139c	19	53202628	N:CC[T>A]CC	1	92884.0	2707613916
JG0139c	19	53285804	N:AG[T>G]TT	1	83176.0	2707697092
JG0139c	19	53339991	U:TC[T>C]CG	1	54187.0	2707751279
JG0139c	19	53347185	U:GC[T>G]TA	1	7194.0	2707758473
JG0139c	19	53489395	T:AC[T>G]TT	-1	142210.0	2707900683
JG0139c	19	53590916	N:CC[T>A]CG	1	101521.0	2708002204
JG0139c	19	53617041	N:AC[T>C]TA	-1	26125.0	2708028329
JG0139c	19	53688535	N:GC[T>C]TT	-1	71494.0	2708099823
JG0139c	19	53951093	N:TC[T>C]TG	-1	262558.0	2708362381
JG0139c	19	54439166	N:GC[T>G]TG	1	488073.0	2708850454
JG0139c	19	54468559	T:TG[T>A]TT	1	29393.0	2708879847
JG0139c	19	54688648	N:TC[T>G]TA	-1	220089.0	2709099936
JG0139c	19	54688668	N:GC[T>C]CT	-1	20.0	2709099956
JG0139c	19	54854676	U:AC[T>G]TC	1	166008.0	2709265964
JG0139c	19	54862373	T:TC[T>G]TC	-1	7697.0	2709273661
JG0139c	19	54911717	U:AC[T>C]CC	1	49344.0	2709323005
JG0139c	19	55053390	T:GC[T>A]CA	1	141673.0	2709464678
JG0139c	19	55528046	N:GC[T>C]TC	-1	474656.0	2709939334
JG0139c	19	55722584	T:TC[T>C]CT	1	194538.0	2710133872
JG0139c	19	56130958	N:GG[T>C]AA	-1	408374.0	2710542246
JG0139c	19	56328886	T:GC[T>C]GG	1	197928.0	2710740174
JG0139c	19	56482008	N:CC[T>A]CA	-1	153122.0	2710893296
JG0139c	19	56910961	N:GT[T>G]TA	-1	428953.0	2711322249
JG0139c	19	57080907	N:AC[T>G]TG	1	169946.0	2711492195
JG0139c	19	57107263	N:AC[T>G]TC	1	26356.0	2711518551
JG0139c	19	57441700	T:TC[T>C]CC	-1	334437.0	2711852988
JG0139c	19	57694750	U:AC[T>G]TA	1	253050.0	2712106038
JG0139c	19	57890679	N:TC[T>C]TA	1	195929.0	2712301967
JG0139c	19	58045130	U:GC[T>C]CT	1	154451.0	2712456418
JG0139c	19	58058858	N:TC[T>C]TG	1	13728.0	2712470146
JG0139c	20	547258	N:CC[T>C]TG	-1		2713576162
JG0139c	20	1031002	N:TC[T>G]CC	-1	483744.0	2714059906
JG0139c	20	1058404	N:AC[T>G]GA	1	27402.0	2714087308
JG0139c	20	1062554	N:AC[T>C]TG	1	4150.0	2714091458
JG0139c	20	1071790	N:CC[T>G]TA	1	9236.0	2714100694
JG0139c	20	1638509	U:AC[T>C]TG	-1	566719.0	2714667413
JG0139c	20	2011415	N:TG[T>G]TC	-1	372906.0	2715040319
JG0139c	20	2153138	N:TC[T>C]TG	1	141723.0	2715182042
JG0139c	20	2323280	U:GC[T>G]TA	1	170142.0	2715352184
JG0139c	20	4069877	N:CC[T>A]TG	1	1746597.0	2717098781
JG0139c	20	4136254	N:AC[T>G]TA	-1	66377.0	2717165158
JG0139c	20	4278104	N:CC[T>C]GC	-1	141850.0	2717307008
JG0139c	20	4296902	N:TC[T>A]TA	-1	18798.0	2717325806
JG0139c	20	4321653	N:AC[T>C]CA	-1	24751.0	2717350557
JG0139c	20	4475782	N:TG[T>A]CA	-1	154129.0	2717504686
JG0139c	20	4600739	N:AC[T>C]TG	1	124957.0	2717629643
JG0139c	20	4628287	N:GC[T>G]TA	-1	27548.0	2717657191
JG0139c	20	5065698	N:CG[T>G]TA	-1	437411.0	2718094602
JG0139c	20	5065713	N:GC[T>C]CC	-1	15.0	2718094617
JG0139c	20	6291288	N:AC[T>C]CC	-1	1225575.0	2719320192
JG0139c	20	6482929	N:TG[T>G]TT	1	191641.0	2719511833
JG0139c	20	6651282	N:GC[T>G]TT	-1	168353.0	2719680186
JG0139c	20	6679153	N:TC[T>C]TG	1	27871.0	2719708057
JG0139c	20	6703788	N:AC[T>C]TT	1	24635.0	2719732692
JG0139c	20	6861859	N:TA[T>G]TG	1	158071.0	2719890763
JG0139c	20	6903680	N:TC[T>C]CG	-1	41821.0	2719932584
JG0139c	20	6964857	N:AG[T>G]TT	1	61177.0	2719993761
JG0139c	20	6968565	N:TC[T>C]TC	1	3708.0	2719997469
JG0139c	20	7001568	N:GC[T>C]TT	1	33003.0	2720030472
JG0139c	20	7127082	N:TC[T>G]TC	-1	125514.0	2720155986
JG0139c	20	7653897	N:TC[T>C]TA	1	526815.0	2720682801
JG0139c	20	7689515	N:GC[T>C]TG	1	35618.0	2720718419
JG0139c	20	7750374	N:TC[T>A]CA	1	60859.0	2720779278
JG0139c	20	7760241	N:AA[C>A]AT	1	9867.0	2720789145
JG0139c	20	7814006	N:AC[T>C]GC	-1	53765.0	2720842910
JG0139c	20	8282393	T:TC[T>C]TT	-1	468387.0	2721311297
JG0139c	20	8437619	U:TG[T>A]TC	1	155226.0	2721466523
JG0139c	20	8753925	T:AG[T>G]TA	-1	316306.0	2721782829
JG0139c	20	8961217	N:GG[T>C]CA	1	207292.0	2721990121
JG0139c	20	9187225	U:CC[T>C]CG	1	226008.0	2722216129
JG0139c	20	9646964	T:AC[T>G]TA	1	459739.0	2722675868
JG0139c	20	9661472	U:GG[T>A]CA	-1	14508.0	2722690376
JG0139c	20	9664235	U:AC[T>C]CT	-1	2763.0	2722693139
JG0139c	20	9683365	U:TC[T>C]GA	-1	19130.0	2722712269
JG0139c	20	9769664	T:CC[T>A]TT	1	86299.0	2722798568
JG0139c	20	9862002	N:AC[T>C]TA	-1	92338.0	2722890906
JG0139c	20	9892908	N:AA[T>G]TA	-1	30906.0	2722921812
JG0139c	20	9905794	N:AC[T>C]TA	1	12886.0	2722934698
JG0139c	20	10078717	N:GG[T>G]TA	-1	172923.0	2723107621
JG0139c	20	10213262	N:GG[T>G]TA	1	134545.0	2723242166
JG0139c	20	10445127	T:AC[T>C]TG	-1	231865.0	2723474031
JG0139c	20	10454941	U:TC[T>G]TA	1	9814.0	2723483845
JG0139c	20	10716630	N:AC[T>G]TA	-1	261689.0	2723745534
JG0139c	20	10918109	N:AC[T>G]TC	-1	201479.0	2723947013
JG0139c	20	10924156	N:TC[T>G]TG	1	6047.0	2723953060
JG0139c	20	10968038	N:TG[T>C]CT	1	43882.0	2723996942
JG0139c	20	11573116	N:AA[T>G]TG	1	605078.0	2724602020
JG0139c	20	11789482	N:TC[T>G]TA	-1	216366.0	2724818386
JG0139c	20	11811961	N:TC[T>G]TC	1	22479.0	2724840865
JG0139c	20	11868913	N:AC[T>G]TA	1	56952.0	2724897817
JG0139c	20	11937626	N:AG[T>G]TG	-1	68713.0	2724966530
JG0139c	20	11952327	N:AG[T>C]AA	1	14701.0	2724981231
JG0139c	20	12155912	N:TC[T>G]CA	-1	203585.0	2725184816
JG0139c	20	12418440	N:GG[T>G]TA	1	262528.0	2725447344
JG0139c	20	13090286	U:TC[T>C]TA	1	671846.0	2726119190
JG0139c	20	13104821	U:TC[T>A]TA	1	14535.0	2726133725
JG0139c	20	13132274	U:GC[T>A]CA	1	27453.0	2726161178
JG0139c	20	13197604	N:TG[T>A]CC	1	65330.0	2726226508
JG0139c	20	13272334	U:TC[T>C]CA	1	74730.0	2726301238
JG0139c	20	13400328	U:AC[T>C]TG	-1	127994.0	2726429232
JG0139c	20	13898126	T:AC[T>C]TC	1	497798.0	2726927030
JG0139c	20	13996783	T:GT[T>G]TT	-1	98657.0	2727025687
JG0139c	20	14106550	U:GC[T>C]GA	1	109767.0	2727135454
JG0139c	20	14110059	T:CC[T>A]TG	-1	3509.0	2727138963
JG0139c	20	14612166	T:AC[T>C]TG	-1	502107.0	2727641070
JG0139c	20	14856501	U:TG[T>G]TT	1	244335.0	2727885405
JG0139c	20	15128152	T:TC[T>C]TT	-1	271651.0	2728157056
JG0139c	20	15826811	U:AC[T>G]TC	1	698659.0	2728855715
JG0139c	20	16075270	N:GA[T>G]TA	1	248459.0	2729104174
JG0139c	20	16361358	U:TC[T>G]TT	-1	286088.0	2729390262
JG0139c	20	16592385	N:AG[T>G]TG	-1	231027.0	2729621289
JG0139c	20	17283412	U:TC[T>G]TA	1	691027.0	2730312316
JG0139c	20	17770828	N:GG[T>C]GT	1	487416.0	2730799732
JG0139c	20	17798590	N:AC[T>G]TA	1	27762.0	2730827494
JG0139c	20	18823542	N:GA[T>G]CA	-1	1024952.0	2731852446
JG0139c	20	18906579	N:TA[T>G]TA	1	83037.0	2731935483
JG0139c	20	18985302	N:GC[C>T]TT	-1	78723.0	2732014206
JG0139c	20	20135554	T:CC[T>G]CA	-1	1150252.0	2733164458
JG0139c	20	20434005	U:GC[T>C]TA	-1	298451.0	2733462909
JG0139c	20	20643276	T:AC[T>A]CT	1	209271.0	2733672180
JG0139c	20	21949254	N:TC[T>C]TA	-1	1305978.0	2734978158
JG0139c	20	22102343	N:TC[T>G]TC	-1	153089.0	2735131247
JG0139c	20	22488973	N:TG[T>G]TT	1	386630.0	2735517877
JG0139c	20	24035538	N:GC[T>G]TC	1	1546565.0	2737064442
JG0139c	20	24372072	N:GG[C>A]AG	-1	336534.0	2737400976
JG0139c	20	24699981	N:CC[T>C]CT	-1	327909.0	2737728885
JG0139c	20	24777745	N:GC[T>G]CA	1	77764.0	2737806649
JG0139c	20	25274650	T:AC[T>C]CA	-1	496905.0	2738303554
JG0139c	20	30988059	N:AC[T>C]TG	1	5713409.0	2744016963
JG0139c	20	31270487	N:GC[T>G]TA	-1	282428.0	2744299391
JG0139c	20	31273059	N:AA[T>G]TG	1	2572.0	2744301963
JG0139c	20	31329184	N:TT[T>G]TT	1	56125.0	2744358088
JG0139c	20	32902674	U:AA[T>G]TG	1	1573490.0	2745931578
JG0139c	20	32934997	U:TC[T>G]TT	1	32323.0	2745963901
JG0139c	20	32967245	N:GC[T>C]TG	-1	32248.0	2745996149
JG0139c	20	33116045	N:TC[T>G]CA	-1	148800.0	2746144949
JG0139c	20	33353691	N:CC[T>G]TG	-1	237646.0	2746382595
JG0139c	20	33857140	N:AC[T>C]CA	1	503449.0	2746886044
JG0139c	20	34833831	N:TC[T>C]TG	1	976691.0	2747862735
JG0139c	20	34845977	T:GC[T>C]TG	1	12146.0	2747874881
JG0139c	20	35182731	U:AC[T>C]TT	1	336754.0	2748211635
JG0139c	20	35746776	N:AC[T>A]CT	1	564045.0	2748775680
JG0139c	20	37546974	N:CC[T>G]TG	1	1800198.0	2750575878
JG0139c	20	37589197	N:TG[T>G]TG	-1	42223.0	2750618101
JG0139c	20	38285813	N:GG[T>C]GG	-1	696616.0	2751314717
JG0139c	20	38589606	N:TC[T>G]TC	1	303793.0	2751618510
JG0139c	20	40052390	N:AA[T>G]CA	-1	1462784.0	2753081294
JG0139c	20	40066298	N:GC[T>C]TG	1	13908.0	2753095202
JG0139c	20	40491814	N:GC[T>C]TT	1	425516.0	2753520718
JG0139c	20	40707070	N:GG[T>C]CC	1	215256.0	2753735974
JG0139c	20	40818756	N:TC[T>G]TG	-1	111686.0	2753847660
JG0139c	20	40874839	N:TC[T>C]TC	-1	56083.0	2753903743
JG0139c	20	40938456	N:TA[C>A]TC	-1	63617.0	2753967360
JG0139c	20	40990213	N:AC[T>G]GC	1	51757.0	2754019117
JG0139c	20	41669271	N:AC[T>C]CC	-1	679058.0	2754698175
JG0139c	20	42075783	U:GC[T>A]CT	-1	406512.0	2755104687
JG0139c	20	42139798	U:TC[T>C]GG	-1	64015.0	2755168702
JG0139c	20	42313022	U:TC[T>A]TG	-1	173224.0	2755341926
JG0139c	20	42590590	U:GT[T>C]TG	-1	277568.0	2755619494
JG0139c	20	43270849	N:CC[T>G]GA	-1	680259.0	2756299753
JG0139c	20	43439339	N:AG[T>A]TG	-1	168490.0	2756468243
JG0139c	20	43602445	T:GC[T>C]CA	-1	163106.0	2756631349
JG0139c	20	43676095	T:CC[T>A]TG	-1	73650.0	2756704999
JG0139c	20	44180289	U:AC[T>C]AA	-1	504194.0	2757209193
JG0139c	20	44355555	N:CC[T>G]GA	-1	175266.0	2757384459
JG0139c	20	44412302	U:GG[C>A]AG	1	56747.0	2757441206
JG0139c	20	44455394	N:TC[T>G]TT	1	43092.0	2757484298
JG0139c	20	44549351	U:CG[T>G]TT	1	93957.0	2757578255
JG0139c	20	45386617	N:CC[T>C]GG	-1	837266.0	2758415521
JG0139c	20	45484154	N:TC[T>A]TA	-1	97537.0	2758513058
JG0139c	20	46757622	N:AC[T>G]GA	1	1273468.0	2759786526
JG0139c	20	46861463	N:TC[T>A]TG	1	103841.0	2759890367
JG0139c	20	46989309	T:CC[T>C]CG	-1	127846.0	2760018213
JG0139c	20	47764370	T:GC[T>G]TA	1	775061.0	2760793274
JG0139c	20	47964729	N:GA[T>G]TT	1	200359.0	2760993633
JG0139c	20	49506613	U:AC[T>C]TG	-1	1541884.0	2762535517
JG0139c	20	49577595	N:GG[T>C]TT	-1	70982.0	2762606499
JG0139c	20	50307891	N:TC[T>G]TG	1	730296.0	2763336795
JG0139c	20	50774065	N:AC[T>C]CC	-1	466174.0	2763802969
JG0139c	20	51034876	N:GT[T>G]TG	1	260811.0	2764063780
JG0139c	20	51058938	N:AC[T>G]AT	1	24062.0	2764087842
JG0139c	20	51233686	N:GC[T>C]TT	1	174748.0	2764262590
JG0139c	20	52036390	N:TC[T>C]TG	-1	802704.0	2765065294
JG0139c	20	52449234	N:CC[T>G]TT	1	412844.0	2765478138
JG0139c	20	52781998	N:TC[T>C]TA	-1	332764.0	2765810902
JG0139c	20	52793500	N:CC[T>C]CT	-1	11502.0	2765822404
JG0139c	20	52922993	N:AC[T>C]TA	-1	129493.0	2765951897
JG0139c	20	53057932	T:TC[T>G]AA	-1	134939.0	2766086836
JG0139c	20	53136557	T:AA[T>G]TA	-1	78625.0	2766165461
JG0139c	20	53230916	T:AC[T>G]TG	-1	94359.0	2766259820
JG0139c	20	53376595	U:GC[T>G]TG	1	145679.0	2766405499
JG0139c	20	53629313	N:TC[T>C]CG	1	252718.0	2766658217
JG0139c	20	53632801	N:GC[T>C]CT	-1	3488.0	2766661705
JG0139c	20	53881655	N:AC[T>C]TG	-1	248854.0	2766910559
JG0139c	20	54038382	U:GC[T>A]TA	-1	156727.0	2767067286
JG0139c	20	54199004	N:AC[T>C]CA	-1	160622.0	2767227908
JG0139c	20	54587789	T:TC[T>G]TC	-1	388785.0	2767616693
JG0139c	20	54924349	N:GG[C>A]AC	1	336560.0	2767953253
JG0139c	20	54977941	N:GC[T>G]TA	-1	53592.0	2768006845
JG0139c	20	55091551	N:AA[T>G]CA	-1	113610.0	2768120455
JG0139c	20	55418480	N:CC[T>C]TA	-1	326929.0	2768447384
JG0139c	20	55645933	N:CC[T>C]TG	-1	227453.0	2768674837
JG0139c	20	55854922	N:AG[T>G]TA	-1	208989.0	2768883826
JG0139c	20	56287207	N:AC[T>C]AC	1	432285.0	2769316111
JG0139c	20	56520539	U:AC[T>A]TT	-1	233332.0	2769549443
JG0139c	20	56680567	N:GC[T>C]GA	-1	160028.0	2769709471
JG0139c	20	56886883	N:TC[T>A]TA	-1	206316.0	2769915787
JG0139c	20	56963075	N:AC[T>C]TA	-1	76192.0	2769991979
JG0139c	20	57017072	N:TC[T>C]CA	-1	53997.0	2770045976
JG0139c	20	57064970	N:AT[T>A]TG	-1	47898.0	2770093874
JG0139c	20	57242542	U:AC[T>C]GG	-1	177572.0	2770271446
JG0139c	20	57304155	N:TC[T>C]CA	-1	61613.0	2770333059
JG0139c	20	57874195	N:AG[T>G]CC	-1	570040.0	2770903099
JG0139c	20	58337668	T:AC[T>G]TC	-1	463473.0	2771366572
JG0139c	20	58545349	N:AC[T>G]TG	-1	207681.0	2771574253
JG0139c	20	60031400	T:TC[T>C]TG	-1	1486051.0	2773060304
JG0139c	20	60128077	N:CG[T>G]CT	-1	96677.0	2773156981
JG0139c	20	60152438	N:GC[T>G]TT	-1	24361.0	2773181342
JG0139c	20	60591402	N:AT[T>G]TA	1	438964.0	2773620306
JG0139c	20	60662127	N:TC[T>G]TC	-1	70725.0	2773691031
JG0139c	20	60860871	N:CC[T>G]CA	-1	198744.0	2773889775
JG0139c	20	61061165	N:GC[T>G]TT	-1	200294.0	2774090069
JG0139c	20	61280866	T:AC[T>C]CG	-1	219701.0	2774309770
JG0139c	20	61293693	T:GC[T>C]GT	-1	12827.0	2774322597
JG0139c	20	62008687	U:TC[T>C]TA	-1	714994.0	2775037591
JG0139c	20	63189935	N:TC[T>G]TG	1	1181248.0	2776218839
JG0139c	20	64140847	T:CC[T>G]TG	-1	950912.0	2777169751
JG0139c	21	15101541	N:AC[T>G]TT	-1		2792574612
JG0139c	21	15286392	N:TC[T>C]CC	-1	184851.0	2792759463
JG0139c	21	15904193	N:GA[T>G]TT	-1	617801.0	2793377264
JG0139c	21	15953048	N:AC[T>G]TA	-1	48855.0	2793426119
JG0139c	21	16482927	N:CC[T>A]CT	-1	529879.0	2793955998
JG0139c	21	16490162	N:AC[T>G]TG	-1	7235.0	2793963233
JG0139c	21	16751984	N:GC[T>C]GA	-1	261822.0	2794225055
JG0139c	21	16997560	N:CC[T>G]CT	-1	245576.0	2794470631
JG0139c	21	17116904	N:GC[T>G]TT	-1	119344.0	2794589975
JG0139c	21	17297289	N:CC[T>G]TC	-1	180385.0	2794770360
JG0139c	21	19527809	N:AC[C>T]AA	-1	2230520.0	2797000880
JG0139c	21	20554100	N:TG[T>G]TA	-1	1026291.0	2798027171
JG0139c	21	20618464	N:AC[T>G]GA	-1	64364.0	2798091535
JG0139c	21	22664527	N:AC[T>G]TT	-1	2046063.0	2800137598
JG0139c	21	25214841	N:AG[T>G]TG	-1	2550314.0	2802687912
JG0139c	21	25236759	N:GG[T>G]TG	-1	21918.0	2802709830
JG0139c	21	26052346	U:TT[T>G]TG	-1	815587.0	2803525417
JG0139c	21	26375714	N:TC[T>A]TA	-1	323368.0	2803848785
JG0139c	21	26488355	U:AC[T>G]TG	-1	112641.0	2803961426
JG0139c	21	26496320	U:TC[T>G]TT	-1	7965.0	2803969391
JG0139c	21	26596405	N:TC[T>G]CA	-1	100085.0	2804069476
JG0139c	21	26617132	N:CC[T>G]CA	-1	20727.0	2804090203
JG0139c	21	26643805	N:TT[T>G]TC	-1	26673.0	2804116876
JG0139c	21	27183206	N:TC[T>G]AA	-1	539401.0	2804656277
JG0139c	21	28087286	N:CC[T>G]TA	-1	904080.0	2805560357
JG0139c	21	28302595	N:AC[T>A]CA	-1	215309.0	2805775666
JG0139c	21	29488360	T:TC[T>G]CA	-1	1185765.0	2806961431
JG0139c	21	31646103	N:AC[T>C]CA	-1	2157743.0	2809119174
JG0139c	21	33099488	N:TC[T>G]TT	-1	1453385.0	2810572559
JG0139c	21	33616521	U:GG[T>A]CG	-1	517033.0	2811089592
JG0139c	21	34220331	N:AC[T>G]CT	-1	603810.0	2811693402
JG0139c	21	35366737	U:GC[T>C]TT	-1	1146406.0	2812839808
JG0139c	21	35479956	U:TC[T>G]TA	-1	113219.0	2812953027
JG0139c	21	35564259	U:GG[T>A]CA	-1	84303.0	2813037330
JG0139c	21	36510557	U:AC[T>G]GC	-1	946298.0	2813983628
JG0139c	21	36702889	T:AC[T>G]TG	-1	192332.0	2814175960
JG0139c	21	38827337	N:AC[T>G]TT	-1	2124448.0	2816300408
JG0139c	21	38981535	N:AC[T>C]TT	-1	154198.0	2816454606
JG0139c	21	40750938	U:GA[C>A]TG	-1	1769403.0	2818224009
JG0139c	21	40901772	N:AA[C>A]CA	-1	150834.0	2818374843
JG0139c	21	40936531	N:TT[C>T]TC	-1	34759.0	2818409602
JG0139c	21	41636734	N:TG[T>C]CA	1	700203.0	2819109805
JG0139c	21	42046491	N:GC[T>C]CA	1	409757.0	2819519562
JG0139c	21	42226761	T:TC[T>C]GA	-1	180270.0	2819699832
JG0139c	21	43743039	U:CC[T>A]CG	1	1516278.0	2821216110
JG0139c	21	43918860	T:GC[T>C]CA	-1	175821.0	2821391931
JG0139c	21	44984708	N:AC[T>G]CC	1	1065848.0	2822457779
JG0139c	21	45792276	T:TC[T>A]TG	-1	807568.0	2823265347
JG0139c	21	46053376	N:CG[T>C]CC	-1	261100.0	2823526447
JG0139c	22	16123808	N:CC[T>C]CT	1		2840306862
JG0139c	22	16752073	N:AC[T>C]TT	1	628265.0	2840935127
JG0139c	22	16851644	N:CC[T>G]CA	1	99571.0	2841034698
JG0139c	22	17001907	T:TC[T>A]CA	1	150263.0	2841184961
JG0139c	22	17127962	N:CC[T>A]CG	1	126055.0	2841311016
JG0139c	22	17519724	U:GG[T>G]TT	1	391762.0	2841702778
JG0139c	22	17940905	T:AC[T>C]CC	1	421181.0	2842123959
JG0139c	22	20590011	N:GC[T>G]TG	1	2649106.0	2844773065
JG0139c	22	20905962	N:TC[T>C]GG	1	315951.0	2845089016
JG0139c	22	21108315	N:TC[T>G]TT	1	202353.0	2845291369
JG0139c	22	22190536	N:AC[T>G]TA	1	1082221.0	2846373590
JG0139c	22	22207600	N:AC[T>G]TA	-1	17064.0	2846390654
JG0139c	22	22380044	N:AC[T>G]TT	1	172444.0	2846563098
JG0139c	22	22792218	N:AC[T>G]GA	1	412174.0	2846975272
JG0139c	22	22894090	U:TC[T>C]GA	1	101872.0	2847077144
JG0139c	22	23126677	T:AC[T>C]CA	1	232587.0	2847309731
JG0139c	22	23278145	U:CC[T>G]TG	1	151468.0	2847461199
JG0139c	22	24642172	N:CG[T>A]CC	-1	1364027.0	2848825226
JG0139c	22	25747366	U:GC[T>A]CA	1	1105194.0	2849930420
JG0139c	22	26354079	U:CC[T>G]TG	1	606713.0	2850537133
JG0139c	22	26860961	N:AC[T>C]TG	-1	506882.0	2851044015
JG0139c	22	27220482	N:GC[T>C]TG	-1	359521.0	2851403536
JG0139c	22	27453593	N:GC[T>A]AT	1	233111.0	2851636647
JG0139c	22	29562582	T:AC[T>C]TG	1	2108989.0	2853745636
JG0139c	22	30785458	U:AC[T>C]CA	1	1222876.0	2854968512
JG0139c	22	31606554	U:AC[T>C]TT	1	821096.0	2855789608
JG0139c	22	32130094	N:TC[T>C]TG	1	523540.0	2856313148
JG0139c	22	32439672	T:AG[T>C]GG	1	309578.0	2856622726
JG0139c	22	32439682	T:TC[T>C]TG	1	10.0	2856622736
JG0139c	22	32914505	T:TC[T>C]CG	1	474823.0	2857097559
JG0139c	22	32923639	T:AC[T>A]TG	1	9134.0	2857106693
JG0139c	22	33193709	T:AC[T>G]CA	1	270070.0	2857376763
JG0139c	22	33233840	T:AC[T>G]TG	1	40131.0	2857416894
JG0139c	22	33311360	T:TC[T>C]TG	1	77520.0	2857494414
JG0139c	22	33522143	U:CC[T>C]CA	-1	210783.0	2857705197
JG0139c	22	34170468	N:TC[T>C]CA	1	648325.0	2858353522
JG0139c	22	34943765	N:TC[T>C]CA	1	773297.0	2859126819
JG0139c	22	34950486	N:TC[T>G]TA	1	6721.0	2859133540
JG0139c	22	34955035	N:AC[T>C]CA	1	4549.0	2859138089
JG0139c	22	34974491	N:GC[T>G]TG	1	19456.0	2859157545
JG0139c	22	35222167	N:TG[T>A]TG	1	247676.0	2859405221
JG0139c	22	35224590	N:TC[T>C]CG	1	2423.0	2859407644
JG0139c	22	35285140	U:GC[T>G]CA	1	60550.0	2859468194
JG0139c	22	35770366	T:AG[T>G]TA	1	485226.0	2859953420
JG0139c	22	37313278	U:AC[T>G]TA	1	1542912.0	2861496332
JG0139c	22	37839124	T:AC[T>G]TC	1	525846.0	2862022178
JG0139c	22	38115304	T:AC[T>G]TA	1	276180.0	2862298358
JG0139c	22	38513769	N:TG[T>G]TG	1	398465.0	2862696823
JG0139c	22	38974679	U:AC[T>C]CT	1	460910.0	2863157733
JG0139c	22	41402970	N:CG[T>A]GG	1	2428291.0	2865586024
JG0139c	22	42306124	T:CC[T>C]CG	1	903154.0	2866489178
JG0139c	22	43580810	T:AG[T>A]TA	1	1274686.0	2867763864
JG0139c	22	44354939	N:CC[T>G]CA	1	774129.0	2868537993
JG0139c	22	44804609	T:CC[T>C]GA	-1	449670.0	2868987663
JG0139c	22	46309286	U:CC[T>C]TG	1	1504677.0	2870492340
JG0139c	22	46814872	U:TC[T>C]CG	1	505586.0	2870997926
JG0139c	22	47493283	N:CC[T>A]CT	1	678411.0	2871676337
JG0139c	22	47547519	N:CC[T>A]CC	1	54236.0	2871730573
JG0139c	22	47724329	N:AC[T>C]TA	-1	176810.0	2871907383
JG0139c	22	47754311	N:AA[T>G]TG	1	29982.0	2871937365
JG0139c	22	49113666	N:AC[T>C]CA	1	1359355.0	2873296720
JG0139c	22	49131967	N:AC[T>A]CA	1	18301.0	2873315021
JG0139c	22	49169905	N:TC[T>A]CA	1	37938.0	2873352959
JG0139c	22	49211972	N:TC[T>C]CA	1	42067.0	2873395026
JG0139c	22	49241419	N:TC[T>C]CG	1	29447.0	2873424473
JG0139c	22	49476420	N:TC[T>C]TG	1	235001.0	2873659474
JG0139c	22	49527771	N:GC[T>G]TA	-1	51351.0	2873710825
JG0139c	22	50452218	U:GC[C>T]TT	-1	924447.0	2874635272
JG0139c	X	559062	N:GC[T>G]TA	-1		2875560584
JG0139c	X	559063	N:AG[C>A]TT	-1	1.0	2875560585
JG0139c	X	920753	N:CA[C>A]TC	-1	361690.0	2875922275
JG0139c	X	986427	N:CC[T>C]TA	1	65674.0	2875987949
JG0139c	X	1113128	N:CC[T>C]CA	1	126701.0	2876114650
JG0139c	X	1224766	N:AC[C>T]TC	-1	111638.0	2876226288
JG0139c	X	2396009	T:TC[T>G]CA	1	1171243.0	2877397531
JG0139c	X	3168277	N:AG[T>C]AG	1	772268.0	2878169799
JG0139c	X	3169983	N:AC[T>G]CT	-1	1706.0	2878171505
JG0139c	X	3424744	N:TC[T>C]TT	1	254761.0	2878426266
JG0139c	X	3727933	N:TC[T>C]TT	1	303189.0	2878729455
JG0139c	X	3795807	N:AG[T>G]TT	1	67874.0	2878797329
JG0139c	X	4173080	N:GA[T>G]TG	-1	377273.0	2879174602
JG0139c	X	4188383	N:AT[T>G]TA	-1	15303.0	2879189905
JG0139c	X	4270301	N:TC[T>G]CA	-1	81918.0	2879271823
JG0139c	X	4410480	N:AG[T>C]CC	1	140179.0	2879412002
JG0139c	X	4424516	N:GC[T>G]TG	1	14036.0	2879426038
JG0139c	X	4568689	N:AT[T>G]TA	1	144173.0	2879570211
JG0139c	X	4609824	N:AG[T>G]AC	-1	41135.0	2879611346
JG0139c	X	4633819	N:AA[T>G]TT	1	23995.0	2879635341
JG0139c	X	4716203	N:TC[T>G]TA	1	82384.0	2879717725
JG0139c	X	4733535	N:AC[T>G]TA	1	17332.0	2879735057
JG0139c	X	4818575	N:GA[T>A]TG	1	85040.0	2879820097
JG0139c	X	5237429	N:AG[T>G]CA	1	418854.0	2880238951
JG0139c	X	5415268	N:TG[T>C]GC	1	177839.0	2880416790
JG0139c	X	5442995	N:TC[T>A]TG	1	27727.0	2880444517
JG0139c	X	5610893	N:AC[T>G]TA	-1	167898.0	2880612415
JG0139c	X	5718962	N:GC[T>C]TA	1	108069.0	2880720484
JG0139c	X	6050870	T:TC[T>G]TC	1	331908.0	2881052392
JG0139c	X	6181226	T:CC[T>C]CA	1	130356.0	2881182748
JG0139c	X	6255055	N:TC[T>G]TA	1	73829.0	2881256577
JG0139c	X	6382624	N:TC[T>C]TT	1	127569.0	2881384146
JG0139c	X	6545398	N:CC[T>C]CA	1	162774.0	2881546920
JG0139c	X	6558671	N:TC[T>G]TA	1	13273.0	2881560193
JG0139c	X	6561572	N:CT[T>C]CT	1	2901.0	2881563094
JG0139c	X	6618148	N:TG[T>C]CA	1	56576.0	2881619670
JG0139c	X	6794778	N:TC[T>G]CA	1	176630.0	2881796300
JG0139c	X	7116241	T:AC[T>C]AG	1	321463.0	2882117763
JG0139c	X	7204036	N:AC[T>C]TG	1	87795.0	2882205558
JG0139c	X	7426520	N:TC[T>C]TT	1	222484.0	2882428042
JG0139c	X	7547175	N:TC[T>C]CA	1	120655.0	2882548697
JG0139c	X	7617768	N:AC[T>A]TA	1	70593.0	2882619290
JG0139c	X	7736333	N:GC[T>A]CA	-1	118565.0	2882737855
JG0139c	X	7745813	N:AG[T>G]TA	1	9480.0	2882747335
JG0139c	X	8060129	N:CA[C>A]TT	1	314316.0	2883061651
JG0139c	X	8060130	N:AC[T>A]TA	1	1.0	2883061652
JG0139c	X	8142593	N:TC[T>G]CA	-1	82463.0	2883144115
JG0139c	X	8150899	N:TC[T>G]TC	-1	8306.0	2883152421
JG0139c	X	9026961	T:TC[T>G]CA	1	876062.0	2884028483
JG0139c	X	9110982	N:GC[T>C]GT	1	84021.0	2884112504
JG0139c	X	9117507	N:AC[T>C]GT	1	6525.0	2884119029
JG0139c	X	9224610	N:TC[T>G]TG	1	107103.0	2884226132
JG0139c	X	9250328	N:TC[T>C]CA	1	25718.0	2884251850
JG0139c	X	9349269	N:AG[T>C]TG	1	98941.0	2884350791
JG0139c	X	9372291	N:TC[T>C]CA	1	23022.0	2884373813
JG0139c	X	9524878	T:AC[T>G]TG	-1	152587.0	2884526400
JG0139c	X	9792776	T:AC[T>G]GC	-1	267898.0	2884794298
JG0139c	X	9805368	U:TG[T>C]TA	1	12592.0	2884806890
JG0139c	X	9995619	N:TC[T>C]GA	1	190251.0	2884997141
JG0139c	X	10527079	U:AG[T>G]CA	-1	531460.0	2885528601
JG0139c	X	10614101	U:AG[T>G]TA	-1	87022.0	2885615623
JG0139c	X	10672963	U:AC[T>G]TG	-1	58862.0	2885674485
JG0139c	X	10713857	T:TC[T>C]TG	1	40894.0	2885715379
JG0139c	X	11089137	N:AC[T>C]TA	1	375280.0	2886090659
JG0139c	X	11092127	N:AC[T>G]TT	1	2990.0	2886093649
JG0139c	X	11167623	T:AC[T>G]TT	1	75496.0	2886169145
JG0139c	X	11286366	T:AC[T>G]TC	1	118743.0	2886287888
JG0139c	X	11697318	N:TC[T>C]TA	1	410952.0	2886698840
JG0139c	X	12289574	U:TC[T>C]TG	1	592256.0	2887291096
JG0139c	X	12688306	U:TC[T>C]TA	1	398732.0	2887689828
JG0139c	X	13130931	N:TC[T>C]CA	-1	442625.0	2888132453
JG0139c	X	13800925	T:CC[T>C]TA	1	669994.0	2888802447
JG0139c	X	14179551	N:AC[T>G]TA	1	378626.0	2889181073
JG0139c	X	14342277	N:TG[T>C]TG	1	162726.0	2889343799
JG0139c	X	14441240	N:AC[T>G]TT	1	98963.0	2889442762
JG0139c	X	14652402	U:TC[T>C]CA	1	211162.0	2889653924
JG0139c	X	14673501	U:GG[T>A]TT	1	21099.0	2889675023
JG0139c	X	15101906	N:CC[T>A]TG	1	428405.0	2890103428
JG0139c	X	15341378	N:TC[T>C]TA	1	239472.0	2890342900
JG0139c	X	16035741	N:AC[T>C]TT	1	694363.0	2891037263
JG0139c	X	16143578	U:CC[T>G]TT	1	107837.0	2891145100
JG0139c	X	16293647	N:TC[T>G]TC	1	150069.0	2891295169
JG0139c	X	16518554	N:AC[T>C]GC	1	224907.0	2891520076
JG0139c	X	16628316	T:GC[T>C]TT	1	109762.0	2891629838
JG0139c	X	17335153	N:CC[T>C]TA	1	706837.0	2892336675
JG0139c	X	17835325	T:GG[T>A]TA	1	500172.0	2892836847
JG0139c	X	18024811	N:AC[T>C]CA	1	189486.0	2893026333
JG0139c	X	18861875	N:CC[T>G]TG	-1	837064.0	2893863397
JG0139c	X	18930957	U:GC[T>G]GG	-1	69082.0	2893932479
JG0139c	X	18959244	U:GC[T>G]TG	-1	28287.0	2893960766
JG0139c	X	19216579	N:TC[T>C]TA	1	257335.0	2894218101
JG0139c	X	19321791	N:TC[T>G]TA	1	105212.0	2894323313
JG0139c	X	19329057	N:AC[T>G]AA	-1	7266.0	2894330579
JG0139c	X	19390784	T:TC[T>C]TG	1	61727.0	2894392306
JG0139c	X	20461429	N:AG[T>G]TT	-1	1070645.0	2895462951
JG0139c	X	20733965	N:GG[T>G]TC	-1	272536.0	2895735487
JG0139c	X	20746944	N:GG[T>C]TA	1	12979.0	2895748466
JG0139c	X	21367834	N:AA[T>G]TG	-1	620890.0	2896369356
JG0139c	X	21394186	U:TC[T>A]GA	1	26352.0	2896395708
JG0139c	X	21471940	U:TC[T>A]TA	1	77754.0	2896473462
JG0139c	X	22209030	T:GG[T>C]CT	-1	737090.0	2897210552
JG0139c	X	22215834	T:TC[T>G]TC	-1	6804.0	2897217356
JG0139c	X	22337994	N:AC[T>G]TG	1	122160.0	2897339516
JG0139c	X	22382890	N:GG[T>G]CA	-1	44896.0	2897384412
JG0139c	X	22404737	N:AC[T>C]TG	1	21847.0	2897406259
JG0139c	X	22501511	N:GG[T>G]TT	1	96774.0	2897503033
JG0139c	X	22594680	N:TC[T>C]TT	1	93169.0	2897596202
JG0139c	X	22636029	N:TC[T>C]AT	1	41349.0	2897637551
JG0139c	X	23170283	N:TC[T>C]TA	1	534254.0	2898171805
JG0139c	X	23174531	N:TA[T>G]TT	1	4248.0	2898176053
JG0139c	X	23420943	N:CC[T>C]CT	-1	246412.0	2898422465
JG0139c	X	23448357	N:GA[T>A]TG	-1	27414.0	2898449879
JG0139c	X	23567115	N:AG[T>C]CA	1	118758.0	2898568637
JG0139c	X	25293319	N:AG[T>G]TC	1	1726204.0	2900294841
JG0139c	X	25728278	N:TC[T>G]TG	1	434959.0	2900729800
JG0139c	X	25732433	N:TC[T>A]TT	1	4155.0	2900733955
JG0139c	X	25793713	N:AG[T>G]TG	1	61280.0	2900795235
JG0139c	X	25964958	N:TC[T>G]TA	1	171245.0	2900966480
JG0139c	X	26131139	N:AC[T>C]AG	1	166181.0	2901132661
JG0139c	X	26244441	N:TC[T>G]TA	1	113302.0	2901245963
JG0139c	X	26288898	N:AC[T>C]TG	1	44457.0	2901290420
JG0139c	X	26406758	N:AC[T>C]GA	1	117860.0	2901408280
JG0139c	X	26411697	N:TC[T>A]TA	1	4939.0	2901413219
JG0139c	X	26779689	N:TC[T>C]TA	1	367992.0	2901781211
JG0139c	X	26878345	N:AC[T>G]CA	1	98656.0	2901879867
JG0139c	X	27276062	N:TT[T>G]TC	1	397717.0	2902277584
JG0139c	X	27913395	N:TC[T>C]TT	1	637333.0	2902914917
JG0139c	X	28153332	N:AC[T>A]CG	1	239937.0	2903154854
JG0139c	X	28158264	N:GC[T>G]TT	1	4932.0	2903159786
JG0139c	X	28181103	N:AA[C>G]TG	1	22839.0	2903182625
JG0139c	X	28263438	N:AG[T>C]TT	1	82335.0	2903264960
JG0139c	X	29147762	U:AG[T>G]TT	1	884324.0	2904149284
JG0139c	X	29296509	U:TC[T>G]TG	1	148747.0	2904298031
JG0139c	X	29715142	U:TC[T>G]TA	1	418633.0	2904716664
JG0139c	X	30243679	U:TC[T>G]TC	1	528537.0	2905245201
JG0139c	X	30271029	N:TC[T>C]TT	1	27350.0	2905272551
JG0139c	X	30322142	N:TT[T>G]TA	-1	51113.0	2905323664
JG0139c	X	30356227	N:GT[T>G]CA	-1	34085.0	2905357749
JG0139c	X	30462330	N:TT[T>G]TA	1	106103.0	2905463852
JG0139c	X	30550592	N:GG[T>A]AC	-1	88262.0	2905552114
JG0139c	X	30550599	N:AT[T>A]TA	1	7.0	2905552121
JG0139c	X	30897350	T:AC[T>G]TA	1	346751.0	2905898872
JG0139c	X	31078641	N:AA[T>G]AA	-1	181291.0	2906080163
JG0139c	X	31496739	T:GA[T>G]TA	1	418098.0	2906498261
JG0139c	X	31712864	T:GC[T>C]CC	1	216125.0	2906714386
JG0139c	X	31793302	T:GC[T>C]TG	1	80438.0	2906794824
JG0139c	X	31927216	T:AA[T>G]TA	1	133914.0	2906928738
JG0139c	X	32035847	U:TG[T>G]TT	-1	108631.0	2907037369
JG0139c	X	32073882	T:TC[T>C]TA	1	38035.0	2907075404
JG0139c	X	32398169	U:TT[T>G]TT	-1	324287.0	2907399691
JG0139c	X	32421142	T:AC[T>C]CC	1	22973.0	2907422664
JG0139c	X	32998128	U:TC[T>G]CA	-1	576986.0	2907999650
JG0139c	X	33380773	N:CA[C>A]TT	1	382645.0	2908382295
JG0139c	X	33380774	N:AC[T>G]TG	1	1.0	2908382296
JG0139c	X	33393361	N:AC[T>C]GA	1	12587.0	2908394883
JG0139c	X	33429174	N:AC[T>C]GC	1	35813.0	2908430696
JG0139c	X	33490840	N:AC[T>C]CA	1	61666.0	2908492362
JG0139c	X	33514261	N:AC[T>C]TT	-1	23421.0	2908515783
JG0139c	X	33637655	N:CC[T>G]TA	1	123394.0	2908639177
JG0139c	X	33750694	N:AT[T>G]TC	1	113039.0	2908752216
JG0139c	X	33832709	N:TT[T>A]TG	1	82015.0	2908834231
JG0139c	X	33891314	N:AC[T>C]TA	1	58605.0	2908892836
JG0139c	X	33933949	N:AT[T>C]TA	1	42635.0	2908935471
JG0139c	X	33954956	N:TT[T>G]TT	1	21007.0	2908956478
JG0139c	X	34041761	N:TC[T>G]TT	1	86805.0	2909043283
JG0139c	X	34069678	N:TT[T>G]TC	1	27917.0	2909071200
JG0139c	X	34101073	N:AG[T>G]TT	1	31395.0	2909102595
JG0139c	X	34123073	N:CC[T>C]AG	1	22000.0	2909124595
JG0139c	X	34188177	N:TG[T>G]TG	1	65104.0	2909189699
JG0139c	X	34263659	N:AC[T>A]TA	1	75482.0	2909265181
JG0139c	X	34428151	N:AC[T>C]TT	1	164492.0	2909429673
JG0139c	X	34526868	N:TC[T>G]TA	1	98717.0	2909528390
JG0139c	X	35181641	N:AC[T>C]TA	1	654773.0	2910183163
JG0139c	X	35806363	N:TC[T>A]AG	1	624722.0	2910807885
JG0139c	X	35998126	U:TC[T>C]AC	1	191763.0	2910999648
JG0139c	X	36168645	U:TC[T>C]CG	1	170519.0	2911170167
JG0139c	X	36438264	N:AC[T>G]TG	-1	269619.0	2911439786
JG0139c	X	36554916	N:GC[T>C]CC	1	116652.0	2911556438
JG0139c	X	36651687	N:AT[T>G]TC	1	96771.0	2911653209
JG0139c	X	36809688	N:AC[T>G]TT	1	158001.0	2911811210
JG0139c	X	37082899	N:AC[T>G]GA	1	273211.0	2912084421
JG0139c	X	37450214	U:TG[T>A]CT	1	367315.0	2912451736
JG0139c	X	37535634	U:AC[T>C]CT	1	85420.0	2912537156
JG0139c	X	37731419	U:AC[T>G]TA	1	195785.0	2912732941
JG0139c	X	37913955	U:CC[T>C]TG	1	182536.0	2912915477
JG0139c	X	38125290	U:TC[T>A]CA	1	211335.0	2913126812
JG0139c	X	38422954	U:TC[T>G]TC	1	297664.0	2913424476
JG0139c	X	38541024	U:AC[T>C]TT	1	118070.0	2913542546
JG0139c	X	38580697	U:TC[T>C]TG	1	39673.0	2913582219
JG0139c	X	38679605	T:GG[T>G]TA	-1	98908.0	2913681127
JG0139c	X	38742636	N:AC[T>G]TG	1	63031.0	2913744158
JG0139c	X	38889019	N:GG[T>C]GG	1	146383.0	2913890541
JG0139c	X	39114143	N:AC[T>C]CC	1	225124.0	2914115665
JG0139c	X	39212346	N:GC[T>C]TG	1	98203.0	2914213868
JG0139c	X	39404126	N:TC[T>C]CA	1	191780.0	2914405648
JG0139c	X	39461816	N:AC[T>C]GC	1	57690.0	2914463338
JG0139c	X	39547654	N:AT[T>G]TT	1	85838.0	2914549176
JG0139c	X	39556925	N:TC[T>C]CT	1	9271.0	2914558447
JG0139c	X	39566791	N:TC[T>C]CT	1	9866.0	2914568313
JG0139c	X	39630582	N:GA[T>G]TT	-1	63791.0	2914632104
JG0139c	X	39684709	N:GC[T>G]TA	1	54127.0	2914686231
JG0139c	X	39871484	N:GC[T>G]TG	1	186775.0	2914873006
JG0139c	X	39973328	N:CC[T>C]GG	1	101844.0	2914974850
JG0139c	X	41569976	T:GC[T>G]TT	1	1596648.0	2916571498
JG0139c	X	41803529	T:GG[C>G]TG	1	233553.0	2916805051
JG0139c	X	41803530	T:GC[T>G]GC	1	1.0	2916805052
JG0139c	X	42137976	N:CC[T>G]CA	-1	334446.0	2917139498
JG0139c	X	42360992	N:AG[T>C]GA	1	223016.0	2917362514
JG0139c	X	42950262	N:GC[T>C]TA	1	589270.0	2917951784
JG0139c	X	43430822	N:TC[T>G]TA	1	480560.0	2918432344
JG0139c	X	43462393	N:GC[T>G]TA	1	31571.0	2918463915
JG0139c	X	43501274	N:CC[T>C]CT	1	38881.0	2918502796
JG0139c	X	43506606	N:CC[T>C]TG	1	5332.0	2918508128
JG0139c	X	43770359	T:GC[T>G]TC	1	263753.0	2918771881
JG0139c	X	43771598	T:TG[T>G]TG	1	1239.0	2918773120
JG0139c	X	44196881	U:CA[T>G]TC	-1	425283.0	2919198403
JG0139c	X	44231991	T:CC[T>C]TA	1	35110.0	2919233513
JG0139c	X	44453947	N:AC[T>C]TA	1	221956.0	2919455469
JG0139c	X	44480010	N:TC[T>C]TG	-1	26063.0	2919481532
JG0139c	X	44821088	N:AC[T>G]TA	-1	341078.0	2919822610
JG0139c	X	45390683	N:AC[T>A]TA	1	569595.0	2920392205
JG0139c	X	45456935	N:CC[T>C]CA	1	66252.0	2920458457
JG0139c	X	45459165	N:TA[T>G]TT	1	2230.0	2920460687
JG0139c	X	45867855	N:TC[T>G]TT	1	408690.0	2920869377
JG0139c	X	45867937	N:GC[T>C]TC	1	82.0	2920869459
JG0139c	X	45897188	N:AC[T>G]TC	-1	29251.0	2920898710
JG0139c	X	45904604	N:AC[T>G]TA	1	7416.0	2920906126
JG0139c	X	46022600	N:GG[T>G]TG	1	117996.0	2921024122
JG0139c	X	46299483	N:TC[T>G]TA	1	276883.0	2921301005
JG0139c	X	46353455	N:CC[T>G]TG	1	53972.0	2921354977
JG0139c	X	46443428	N:CC[T>G]CA	-1	89973.0	2921444950
JG0139c	X	46855739	U:GA[T>A]TA	1	412311.0	2921857261
JG0139c	X	47355396	N:GG[T>G]TG	1	499657.0	2922356918
JG0139c	X	47729604	N:TG[T>G]TG	1	374208.0	2922731126
JG0139c	X	47769730	N:AC[T>C]TT	1	40126.0	2922771252
JG0139c	X	47777327	N:TC[T>G]TT	-1	7597.0	2922778849
JG0139c	X	48111787	N:TC[T>G]CA	1	334460.0	2923113309
JG0139c	X	48214400	N:TG[T>A]TG	1	102613.0	2923215922
JG0139c	X	48218490	N:TC[T>A]CT	1	4090.0	2923220012
JG0139c	X	48273170	N:CC[T>A]CC	1	54680.0	2923274692
JG0139c	X	48280505	N:CC[T>A]TG	1	7335.0	2923282027
JG0139c	X	48559284	U:TC[T>A]CC	1	278779.0	2923560806
JG0139c	X	49632584	N:AG[T>G]TT	1	1073300.0	2924634106
JG0139c	X	49723133	N:CC[T>A]CC	1	90549.0	2924724655
JG0139c	X	49823277	N:TC[T>C]TG	1	100144.0	2924824799
JG0139c	X	49954179	U:TC[T>C]CA	1	130902.0	2924955701
JG0139c	X	50101956	N:TG[T>A]CC	1	147777.0	2925103478
JG0139c	X	50298857	U:TC[T>C]TG	1	196901.0	2925300379
JG0139c	X	50305386	U:TC[T>C]CA	1	6529.0	2925306908
JG0139c	X	50326350	U:CC[T>C]TA	1	20964.0	2925327872
JG0139c	X	50496100	N:CC[T>C]TA	1	169750.0	2925497622
JG0139c	X	50603663	T:TG[T>C]CT	1	107563.0	2925605185
JG0139c	X	50638929	U:TC[T>G]TA	-1	35266.0	2925640451
JG0139c	X	50650190	T:TC[T>C]TA	1	11261.0	2925651712
JG0139c	X	50901091	N:TC[T>C]TA	1	250901.0	2925902613
JG0139c	X	51271158	N:TC[T>G]TA	1	370067.0	2926272680
JG0139c	X	51447887	N:AC[T>G]TA	-1	176729.0	2926449409
JG0139c	X	51459994	N:GC[T>G]TA	-1	12107.0	2926461516
JG0139c	X	51935549	N:TC[T>G]TC	1	475555.0	2926937071
JG0139c	X	51944022	N:AC[T>G]TT	-1	8473.0	2926945544
JG0139c	X	51982013	N:AT[T>C]CA	1	37991.0	2926983535
JG0139c	X	52011200	N:AC[T>G]TG	-1	29187.0	2927012722
JG0139c	X	52238347	N:AG[T>G]TA	-1	227147.0	2927239869
JG0139c	X	52293448	N:AG[T>G]TG	-1	55101.0	2927294970
JG0139c	X	52336866	N:AA[T>G]TC	-1	43418.0	2927338388
JG0139c	X	52574642	N:TC[T>C]TT	1	237776.0	2927576164
JG0139c	X	52638532	N:TC[T>C]CA	1	63890.0	2927640054
JG0139c	X	53347352	N:TC[T>C]TT	-1	708820.0	2928348874
JG0139c	X	53645233	U:TG[T>G]TA	-1	297881.0	2928646755
JG0139c	X	54465420	U:AC[T>G]TC	-1	820187.0	2929466942
JG0139c	X	54906790	N:TA[T>G]TA	1	441370.0	2929908312
JG0139c	X	54961282	T:AC[T>G]CC	1	54492.0	2929962804
JG0139c	X	54978815	U:TC[T>C]CA	-1	17533.0	2929980337
JG0139c	X	54996534	T:CC[T>C]GG	1	17719.0	2929998056
JG0139c	X	55169892	N:AC[T>G]GG	-1	173358.0	2930171414
JG0139c	X	55440971	N:TC[T>A]CC	1	271079.0	2930442493
JG0139c	X	55659940	N:AC[T>G]TC	-1	218969.0	2930661462
JG0139c	X	55660120	N:TC[T>G]TT	-1	180.0	2930661642
JG0139c	X	56059072	N:TG[T>C]GA	1	398952.0	2931060594
JG0139c	X	56279083	U:CT[T>G]TC	1	220011.0	2931280605
JG0139c	X	56401956	N:TC[T>A]CA	1	122873.0	2931403478
JG0139c	X	56493678	N:AC[T>C]TA	1	91722.0	2931495200
JG0139c	X	56594399	N:TG[T>G]TA	1	100721.0	2931595921
JG0139c	X	56710474	N:TA[T>G]TA	1	116075.0	2931711996
JG0139c	X	56710585	N:GT[T>G]TT	1	111.0	2931712107
JG0139c	X	56962952	N:TC[T>A]CA	-1	252367.0	2931964474
JG0139c	X	57367972	U:TC[T>C]TG	1	405020.0	2932369494
JG0139c	X	57402115	U:TG[T>G]GA	1	34143.0	2932403637
JG0139c	X	57421554	U:GC[T>C]CA	1	19439.0	2932423076
JG0139c	X	57425886	U:AC[T>C]TA	1	4332.0	2932427408
JG0139c	X	57481957	U:AC[T>C]GA	1	56071.0	2932483479
JG0139c	X	57563302	N:AC[T>C]TA	-1	81345.0	2932564824
JG0139c	X	57739412	N:AC[T>A]CC	1	176110.0	2932740934
JG0139c	X	57793647	N:GC[T>C]TG	1	54235.0	2932795169
JG0139c	X	58142558	N:GG[T>C]CA	-1	348911.0	2933144080
JG0139c	X	58203661	N:AC[T>C]TA	1	61103.0	2933205183
JG0139c	X	58318868	N:TC[T>A]CA	1	115207.0	2933320390
JG0139c	X	62663660	N:AC[T>C]TG	1	4344792.0	2937665182
JG0139c	X	62712482	N:TC[T>C]TA	1	48822.0	2937714004
JG0139c	X	62855671	N:AC[T>A]TG	1	143189.0	2937857193
JG0139c	X	63192572	N:TG[T>G]GG	-1	336901.0	2938194094
JG0139c	X	63384252	N:CC[T>A]CC	1	191680.0	2938385774
JG0139c	X	63756122	T:TC[T>C]CA	1	371870.0	2938757644
JG0139c	X	63831367	N:GC[T>C]CA	-1	75245.0	2938832889
JG0139c	X	63924151	N:AC[T>C]TC	1	92784.0	2938925673
JG0139c	X	63970627	N:TG[T>G]TA	1	46476.0	2938972149
JG0139c	X	64012277	N:GC[T>G]TA	-1	41650.0	2939013799
JG0139c	X	64270314	U:AC[T>C]TT	-1	258037.0	2939271836
JG0139c	X	64328760	T:AC[T>A]TA	1	58446.0	2939330282
JG0139c	X	64344110	T:AC[T>C]CC	1	15350.0	2939345632
JG0139c	X	64489477	N:GG[T>C]TA	1	145367.0	2939490999
JG0139c	X	64760550	N:GC[T>C]CT	1	271073.0	2939762072
JG0139c	X	64763743	N:TG[T>G]TG	1	3193.0	2939765265
JG0139c	X	64860261	N:AC[T>G]TA	-1	96518.0	2939861783
JG0139c	X	65075381	N:CC[T>G]CA	-1	215120.0	2940076903
JG0139c	X	65332687	N:AA[T>G]TG	1	257306.0	2940334209
JG0139c	X	65336173	N:TG[T>A]AC	-1	3486.0	2940337695
JG0139c	X	65473245	N:GG[T>C]CA	-1	137072.0	2940474767
JG0139c	X	65478170	N:CT[T>A]AC	-1	4925.0	2940479692
JG0139c	X	65585672	N:TC[T>C]CA	-1	107502.0	2940587194
JG0139c	X	65739163	T:TC[T>C]CT	-1	153491.0	2940740685
JG0139c	X	65843920	N:TC[T>C]GG	1	104757.0	2940845442
JG0139c	X	65848294	N:GC[T>C]TA	-1	4374.0	2940849816
JG0139c	X	65956052	N:AC[T>C]TA	-1	107758.0	2940957574
JG0139c	X	65957825	N:TC[T>G]TT	1	1773.0	2940959347
JG0139c	X	66000828	N:CC[T>A]TT	1	43003.0	2941002350
JG0139c	X	66008511	N:AC[T>G]TA	-1	7683.0	2941010033
JG0139c	X	66104498	N:AC[T>C]CT	-1	95987.0	2941106020
JG0139c	X	66157249	N:GG[T>G]TC	1	52751.0	2941158771
JG0139c	X	66215694	U:TC[T>G]TT	1	58445.0	2941217216
JG0139c	X	66287429	N:GG[T>C]CA	-1	71735.0	2941288951
JG0139c	X	66332792	N:TC[T>C]TG	1	45363.0	2941334314
JG0139c	X	66459129	N:AC[T>A]TA	1	126337.0	2941460651
JG0139c	X	66617536	T:TC[T>C]CA	1	158407.0	2941619058
JG0139c	X	66729608	N:TC[T>G]TA	1	112072.0	2941731130
JG0139c	X	66825262	N:TC[T>G]TG	1	95654.0	2941826784
JG0139c	X	66833742	N:AC[T>C]CT	1	8480.0	2941835264
JG0139c	X	66876724	N:TC[T>C]CA	1	42982.0	2941878246
JG0139c	X	66886032	N:AC[T>G]AA	1	9308.0	2941887554
JG0139c	X	66910598	N:GC[T>G]TC	1	24566.0	2941912120
JG0139c	X	66939029	N:TC[T>A]TA	-1	28431.0	2941940551
JG0139c	X	66984827	N:TC[T>C]CT	-1	45798.0	2941986349
JG0139c	X	67147380	N:GC[T>C]CC	-1	162553.0	2942148902
JG0139c	X	67293255	N:AG[T>G]TG	1	145875.0	2942294777
JG0139c	X	67354583	N:GA[T>G]TG	-1	61328.0	2942356105
JG0139c	X	67445870	N:AT[T>C]AT	1	91287.0	2942447392
JG0139c	X	67613209	U:TC[T>C]GG	1	167339.0	2942614731
JG0139c	X	67714630	T:TG[T>G]TT	-1	101421.0	2942716152
JG0139c	X	67749417	N:GC[T>G]TA	1	34787.0	2942750939
JG0139c	X	67810916	N:AC[T>G]TA	1	61499.0	2942812438
JG0139c	X	67860328	N:AA[T>G]TT	1	49412.0	2942861850
JG0139c	X	67980585	N:CC[T>G]TG	1	120257.0	2942982107
JG0139c	X	68184413	T:GC[T>C]TG	1	203828.0	2943185935
JG0139c	X	68366572	T:TC[T>G]CA	1	182159.0	2943368094
JG0139c	X	69342897	N:GC[T>C]GA	-1	976325.0	2944344419
JG0139c	X	69530236	T:CC[T>G]CC	-1	187339.0	2944531758
JG0139c	X	69700012	U:GG[T>A]TG	1	169776.0	2944701534
JG0139c	X	69959790	T:CC[T>G]TG	-1	259778.0	2944961312
JG0139c	X	70004835	U:CA[C>A]AC	1	45045.0	2945006357
JG0139c	X	70416298	T:TG[T>C]GA	-1	411463.0	2945417820
JG0139c	X	70689298	U:TC[T>G]GA	-1	273000.0	2945690820
JG0139c	X	71813322	N:AG[T>C]TT	1	1124024.0	2946814844
JG0139c	X	72025881	U:TC[T>C]TG	1	212559.0	2947027403
JG0139c	X	72032065	T:AG[T>G]TC	-1	6184.0	2947033587
JG0139c	X	72350319	U:AG[T>G]TT	-1	318254.0	2947351841
JG0139c	X	72497757	T:AC[T>C]TG	1	147438.0	2947499279
JG0139c	X	72725975	N:AC[T>G]TG	1	228218.0	2947727497
JG0139c	X	73020436	N:GC[T>A]TG	1	294461.0	2948021958
JG0139c	X	73045929	N:TC[T>G]GG	1	25493.0	2948047451
JG0139c	X	73189980	N:TG[T>G]TG	-1	144051.0	2948191502
JG0139c	X	73375672	N:AC[T>C]TT	-1	185692.0	2948377194
JG0139c	X	73438504	N:AC[T>A]TA	1	62832.0	2948440026
JG0139c	X	73586387	U:TC[T>A]TT	1	147883.0	2948587909
JG0139c	X	74040707	N:AG[T>G]TG	-1	454320.0	2949042229
JG0139c	X	74138726	N:GC[T>C]TA	-1	98019.0	2949140248
JG0139c	X	74151791	N:CC[T>C]CG	-1	13065.0	2949153313
JG0139c	X	74414435	N:TC[T>C]CT	1	262644.0	2949415957
JG0139c	X	74465667	T:GC[T>G]TC	-1	51232.0	2949467189
JG0139c	X	74530766	T:AC[T>G]CA	-1	65099.0	2949532288
JG0139c	X	74543522	N:GG[T>G]TG	-1	12756.0	2949545044
JG0139c	X	74549673	N:TC[T>C]TT	-1	6151.0	2949551195
JG0139c	X	75111341	T:TC[T>C]CA	1	561668.0	2950112863
JG0139c	X	75311549	N:AA[T>G]TG	-1	200208.0	2950313071
JG0139c	X	75841923	N:CC[T>G]TT	1	530374.0	2950843445
JG0139c	X	76351554	N:AC[T>G]TA	1	509631.0	2951353076
JG0139c	X	76640959	N:GG[T>G]GC	1	289405.0	2951642481
JG0139c	X	76780497	N:AC[T>G]GA	-1	139538.0	2951782019
JG0139c	X	76852485	N:TC[T>C]TG	1	71988.0	2951854007
JG0139c	X	76899576	N:GC[T>C]TA	-1	47091.0	2951901098
JG0139c	X	77177790	N:CC[T>C]AG	-1	278214.0	2952179312
JG0139c	X	77193893	N:TG[T>G]TG	1	16103.0	2952195415
JG0139c	X	77425650	N:AC[T>C]GC	-1	231757.0	2952427172
JG0139c	X	77660635	U:AC[T>G]TG	-1	234985.0	2952662157
JG0139c	X	77745804	U:TC[T>G]TG	-1	85169.0	2952747326
JG0139c	X	77944265	U:CC[T>G]TC	1	198461.0	2952945787
JG0139c	X	78259247	N:AC[T>G]AG	-1	314982.0	2953260769
JG0139c	X	78326762	U:AA[T>G]TT	-1	67515.0	2953328284
JG0139c	X	78331399	N:AC[T>C]GC	1	4637.0	2953332921
JG0139c	X	78369258	N:AC[T>G]TA	-1	37859.0	2953370780
JG0139c	X	78388763	N:AC[T>G]TG	-1	19505.0	2953390285
JG0139c	X	78426218	N:AC[T>G]TA	-1	37455.0	2953427740
JG0139c	X	78430441	N:AT[T>A]TA	-1	4223.0	2953431963
JG0139c	X	78498201	N:AT[T>G]TA	-1	67760.0	2953499723
JG0139c	X	78558447	N:AC[T>G]TT	-1	60246.0	2953559969
JG0139c	X	78565163	N:GC[T>C]GG	1	6716.0	2953566685
JG0139c	X	78578113	N:AC[T>C]CT	-1	12950.0	2953579635
JG0139c	X	78741030	N:AC[T>C]CA	1	162917.0	2953742552
JG0139c	X	78755774	U:TC[T>G]GA	1	14744.0	2953757296
JG0139c	X	78756202	U:GC[T>C]TG	1	428.0	2953757724
JG0139c	X	78778083	N:TC[T>C]TA	1	21881.0	2953779605
JG0139c	X	78870434	N:GA[T>G]TA	1	92351.0	2953871956
JG0139c	X	78886504	N:GG[T>C]GA	1	16070.0	2953888026
JG0139c	X	78897697	N:TC[T>G]TA	1	11193.0	2953899219
JG0139c	X	78905672	N:TC[T>C]TA	1	7975.0	2953907194
JG0139c	X	78911376	N:TC[T>A]TA	1	5704.0	2953912898
JG0139c	X	78957155	U:GC[T>A]TG	1	45779.0	2953958677
JG0139c	X	78984217	N:AC[T>C]TT	1	27062.0	2953985739
JG0139c	X	79015123	N:AT[T>G]TA	1	30906.0	2954016645
JG0139c	X	79037494	N:CC[T>C]CA	1	22371.0	2954039016
JG0139c	X	79070234	N:AG[T>C]CT	1	32740.0	2954071756
JG0139c	X	79084445	N:AG[T>G]TG	1	14211.0	2954085967
JG0139c	X	79124396	N:AG[T>G]TA	1	39951.0	2954125918
JG0139c	X	79615647	N:GC[T>G]TC	1	491251.0	2954617169
JG0139c	X	79629817	N:CC[T>G]TA	1	14170.0	2954631339
JG0139c	X	79939947	N:AT[T>G]TA	1	310130.0	2954941469
JG0139c	X	79972202	N:AC[T>C]TG	1	32255.0	2954973724
JG0139c	X	80041130	N:AC[T>G]TT	-1	68928.0	2955042652
JG0139c	X	80068687	N:TC[T>G]TC	1	27557.0	2955070209
JG0139c	X	80122295	N:AC[T>C]TA	1	53608.0	2955123817
JG0139c	X	80377545	U:TG[T>A]CC	1	255250.0	2955379067
JG0139c	X	80405536	U:CG[C>A]TT	1	27991.0	2955407058
JG0139c	X	80456666	N:GC[T>G]TA	1	51130.0	2955458188
JG0139c	X	80490290	N:GG[T>G]CA	1	33624.0	2955491812
JG0139c	X	80626522	N:AG[T>G]TA	1	136232.0	2955628044
JG0139c	X	80953654	N:TC[T>C]CT	1	327132.0	2955955176
JG0139c	X	80958110	N:TC[T>G]TA	1	4456.0	2955959632
JG0139c	X	80982597	N:CC[T>C]TG	1	24487.0	2955984119
JG0139c	X	81017506	N:AC[T>G]TT	1	34909.0	2956019028
JG0139c	X	81059864	N:AC[T>G]TC	1	42358.0	2956061386
JG0139c	X	81125933	U:CC[T>G]CA	-1	66069.0	2956127455
JG0139c	X	81132453	T:AC[T>G]TC	1	6520.0	2956133975
JG0139c	X	81194608	T:CC[T>G]TA	1	62155.0	2956196130
JG0139c	X	81340355	N:TG[T>C]CT	1	145747.0	2956341877
JG0139c	X	81438413	N:AC[T>C]TA	1	98058.0	2956439935
JG0139c	X	81483913	N:GG[T>A]TA	1	45500.0	2956485435
JG0139c	X	81558043	N:TC[T>C]TT	-1	74130.0	2956559565
JG0139c	X	81566889	N:AC[T>C]TT	-1	8846.0	2956568411
JG0139c	X	81636785	N:AG[T>G]TT	-1	69896.0	2956638307
JG0139c	X	81770311	N:TC[T>C]TA	-1	133526.0	2956771833
JG0139c	X	81774467	N:GG[T>C]GA	-1	4156.0	2956775989
JG0139c	X	81998182	N:TG[T>G]TA	1	223715.0	2956999704
JG0139c	X	82047902	N:GG[T>G]TA	1	49720.0	2957049424
JG0139c	X	82047931	N:CA[T>G]TA	1	29.0	2957049453
JG0139c	X	82098148	N:AC[T>C]TT	1	50217.0	2957099670
JG0139c	X	82191325	N:TC[T>G]TA	1	93177.0	2957192847
JG0139c	X	82221411	N:TC[T>A]TT	1	30086.0	2957222933
JG0139c	X	82382288	N:TC[T>C]TG	1	160877.0	2957383810
JG0139c	X	82472419	N:AC[T>G]CA	1	90131.0	2957473941
JG0139c	X	82587574	N:GA[T>C]CC	-1	115155.0	2957589096
JG0139c	X	82690313	N:TA[T>G]TA	1	102739.0	2957691835
JG0139c	X	82706843	N:GC[T>C]TA	1	16530.0	2957708365
JG0139c	X	82727151	N:GC[T>C]CA	1	20308.0	2957728673
JG0139c	X	82758129	N:GG[T>A]TA	-1	30978.0	2957759651
JG0139c	X	82860291	N:TC[T>G]TA	1	102162.0	2957861813
JG0139c	X	83166903	N:TC[T>C]TT	1	306612.0	2958168425
JG0139c	X	83175529	N:TG[T>C]GA	1	8626.0	2958177051
JG0139c	X	83183515	N:AC[T>C]TT	1	7986.0	2958185037
JG0139c	X	83379277	N:AG[T>G]TG	1	195762.0	2958380799
JG0139c	X	83404581	N:TC[T>A]CA	1	25304.0	2958406103
JG0139c	X	83496249	N:CC[T>A]CA	1	91668.0	2958497771
JG0139c	X	83624133	N:AT[T>A]TT	1	127884.0	2958625655
JG0139c	X	83680486	N:AC[T>G]TT	1	56353.0	2958682008
JG0139c	X	83744034	N:TC[T>G]TA	1	63548.0	2958745556
JG0139c	X	84005275	N:AC[T>G]TC	-1	261241.0	2959006797
JG0139c	X	84011453	N:TG[T>G]TA	-1	6178.0	2959012975
JG0139c	X	84311685	N:AG[T>G]TT	-1	300232.0	2959313207
JG0139c	X	84564328	N:TA[T>G]TT	-1	252643.0	2959565850
JG0139c	X	85674052	N:GC[T>C]CA	-1	1109724.0	2960675574
JG0139c	X	85780046	N:AG[T>G]TG	-1	105994.0	2960781568
JG0139c	X	85941864	U:GC[T>C]GC	-1	161818.0	2960943386
JG0139c	X	86122463	N:GC[T>G]TG	1	180599.0	2961123985
JG0139c	X	86545399	U:AC[T>C]TG	1	422936.0	2961546921
JG0139c	X	86592589	U:TG[T>G]TG	1	47190.0	2961594111
JG0139c	X	86595571	U:TC[T>G]TT	1	2982.0	2961597093
JG0139c	X	86726005	U:AC[T>G]TT	1	130434.0	2961727527
JG0139c	X	87017337	N:GC[T>G]TC	1	291332.0	2962018859
JG0139c	X	87357781	N:TC[T>C]GG	-1	340444.0	2962359303
JG0139c	X	87901698	N:GC[T>G]TA	-1	543917.0	2962903220
JG0139c	X	88048829	N:AC[T>G]TT	1	147131.0	2963050351
JG0139c	X	88156672	N:AC[T>G]TA	-1	107843.0	2963158194
JG0139c	X	88281367	N:AA[T>G]TT	1	124695.0	2963282889
JG0139c	X	88331617	N:CC[T>C]CA	1	50250.0	2963333139
JG0139c	X	88374071	N:GC[T>G]TA	1	42454.0	2963375593
JG0139c	X	88512512	N:TC[T>C]TA	1	138441.0	2963514034
JG0139c	X	88602428	N:TC[T>G]TT	1	89916.0	2963603950
JG0139c	X	88670276	N:TG[C>A]TT	-1	67848.0	2963671798
JG0139c	X	88764622	N:TG[T>G]TG	-1	94346.0	2963766144
JG0139c	X	88913484	N:TC[T>C]TA	1	148862.0	2963915006
JG0139c	X	89212794	N:AG[T>G]TA	-1	299310.0	2964214316
JG0139c	X	90118575	N:AC[T>G]TT	1	905781.0	2965120097
JG0139c	X	90254373	N:CA[T>G]TG	1	135798.0	2965255895
JG0139c	X	90372847	N:CC[T>G]TT	-1	118474.0	2965374369
JG0139c	X	90625214	N:AC[T>C]CA	1	252367.0	2965626736
JG0139c	X	90630899	N:GG[T>C]CA	-1	5685.0	2965632421
JG0139c	X	91206351	N:GG[T>C]TA	-1	575452.0	2966207873
JG0139c	X	91423351	N:GC[T>C]TG	1	217000.0	2966424873
JG0139c	X	91743691	N:TG[T>C]GA	-1	320340.0	2966745213
JG0139c	X	92276623	U:TC[T>C]CA	1	532932.0	2967278145
JG0139c	X	92318414	T:AC[T>C]GA	-1	41791.0	2967319936
JG0139c	X	93201998	N:AC[T>G]TC	1	883584.0	2968203520
JG0139c	X	93377728	N:AC[T>C]TA	1	175730.0	2968379250
JG0139c	X	93565792	N:AC[T>A]TG	1	188064.0	2968567314
JG0139c	X	93749463	N:TC[T>C]TA	1	183671.0	2968750985
JG0139c	X	93973677	N:TC[T>G]TG	1	224214.0	2968975199
JG0139c	X	94137535	N:CC[T>A]TT	-1	163858.0	2969139057
JG0139c	X	94174150	N:TC[T>C]TC	-1	36615.0	2969175672
JG0139c	X	94432692	N:CT[C>A]TC	1	258542.0	2969434214
JG0139c	X	94693437	N:AG[T>G]TT	-1	260745.0	2969694959
JG0139c	X	94874984	N:AC[T>G]TA	1	181547.0	2969876506
JG0139c	X	94971966	N:TC[T>C]TA	1	96982.0	2969973488
JG0139c	X	94993532	N:AA[T>G]TG	-1	21566.0	2969995054
JG0139c	X	95044448	N:GC[T>G]CA	-1	50916.0	2970045970
JG0139c	X	95278761	N:GC[T>G]TA	-1	234313.0	2970280283
JG0139c	X	95447728	N:GC[T>C]TG	1	168967.0	2970449250
JG0139c	X	95895037	N:AC[T>G]TA	-1	447309.0	2970896559
JG0139c	X	96150133	N:TC[T>G]TG	1	255096.0	2971151655
JG0139c	X	96222116	N:GG[T>A]TG	1	71983.0	2971223638
JG0139c	X	96240831	N:AC[T>G]TA	1	18715.0	2971242353
JG0139c	X	96363115	N:AC[T>C]GA	-1	122284.0	2971364637
JG0139c	X	96367932	N:AC[T>G]TA	1	4817.0	2971369454
JG0139c	X	96821726	T:TC[T>C]TA	-1	453794.0	2971823248
JG0139c	X	96966724	T:TC[T>G]TA	-1	144998.0	2971968246
JG0139c	X	96977799	U:CC[T>A]CA	1	11075.0	2971979321
JG0139c	X	97162166	U:TC[T>C]CT	1	184367.0	2972163688
JG0139c	X	97380540	T:TC[T>G]TA	-1	218374.0	2972382062
JG0139c	X	97428782	T:CC[T>C]GC	-1	48242.0	2972430304
JG0139c	X	97787529	N:GC[T>G]TC	-1	358747.0	2972789051
JG0139c	X	97822881	N:AC[T>G]TG	-1	35352.0	2972824403
JG0139c	X	97978922	N:GC[T>C]GC	-1	156041.0	2972980444
JG0139c	X	98032663	N:TC[T>A]TC	-1	53741.0	2973034185
JG0139c	X	98088069	N:AC[T>G]TC	-1	55406.0	2973089591
JG0139c	X	98130184	N:AC[T>C]GT	-1	42115.0	2973131706
JG0139c	X	98156448	N:AG[T>G]TA	-1	26264.0	2973157970
JG0139c	X	98319219	N:AC[T>G]TG	-1	162771.0	2973320741
JG0139c	X	98366358	N:TC[T>C]TT	-1	47139.0	2973367880
JG0139c	X	98719809	N:AC[T>G]TA	-1	353451.0	2973721331
JG0139c	X	98923267	N:TC[T>C]AA	1	203458.0	2973924789
JG0139c	X	98980531	N:AC[T>C]TG	1	57264.0	2973982053
JG0139c	X	98986751	N:CC[T>G]TT	1	6220.0	2973988273
JG0139c	X	99025806	N:AC[T>G]TT	1	39055.0	2974027328
JG0139c	X	99094415	N:AC[T>A]TG	1	68609.0	2974095937
JG0139c	X	99327160	N:TC[T>G]TA	1	232745.0	2974328682
JG0139c	X	99401446	N:TC[T>G]TA	1	74286.0	2974402968
JG0139c	X	99426491	N:AC[T>C]TA	1	25045.0	2974428013
JG0139c	X	99457484	N:TG[T>G]TG	-1	30993.0	2974459006
JG0139c	X	99652188	N:TC[T>G]TT	1	194704.0	2974653710
JG0139c	X	99701558	N:AC[T>C]TT	-1	49370.0	2974703080
JG0139c	X	99848939	N:AG[T>C]AA	1	147381.0	2974850461
JG0139c	X	100037637	N:AC[T>A]TA	1	188698.0	2975039159
JG0139c	X	100491956	N:AC[T>G]TA	-1	454319.0	2975493478
JG0139c	X	100680913	T:AC[T>G]TT	1	188957.0	2975682435
JG0139c	X	100793686	N:GC[T>A]TC	-1	112773.0	2975795208
JG0139c	X	100830860	T:AC[T>A]CG	-1	37174.0	2975832382
JG0139c	X	101324470	N:GC[T>C]GA	-1	493610.0	2976325992
JG0139c	X	101762895	N:AC[T>G]TG	-1	438425.0	2976764417
JG0139c	X	101817986	N:AC[T>C]AC	-1	55091.0	2976819508
JG0139c	X	101848446	N:GC[T>C]CC	1	30460.0	2976849968
JG0139c	X	102093203	N:GC[T>C]TT	1	244757.0	2977094725
JG0139c	X	102131908	N:CC[T>A]TG	-1	38705.0	2977133430
JG0139c	X	102175448	N:TC[T>C]TA	1	43540.0	2977176970
JG0139c	X	102590188	N:AC[T>C]GG	1	414740.0	2977591710
JG0139c	X	102744724	T:GC[T>C]TT	-1	154536.0	2977746246
JG0139c	X	102913028	N:CC[T>A]TA	1	168304.0	2977914550
JG0139c	X	102995149	N:AG[T>G]TC	-1	82121.0	2977996671
JG0139c	X	103094985	N:GC[T>G]TC	1	99836.0	2978096507
JG0139c	X	103114858	N:AC[T>C]CT	1	19873.0	2978116380
JG0139c	X	103124546	N:AC[T>C]CT	1	9688.0	2978126068
JG0139c	X	103392875	N:AC[T>G]TA	1	268329.0	2978394397
JG0139c	X	103773615	N:TC[T>C]TG	1	380740.0	2978775137
JG0139c	X	103933263	U:TC[T>C]GT	1	159648.0	2978934785
JG0139c	X	104206354	N:AC[T>G]TG	1	273091.0	2979207876
JG0139c	X	104383886	N:AC[T>A]CT	-1	177532.0	2979385408
JG0139c	X	104686390	U:AC[T>C]TG	1	302504.0	2979687912
JG0139c	X	104696722	T:CA[T>G]TT	-1	10332.0	2979698244
JG0139c	X	105340613	U:TC[T>C]TC	1	643891.0	2980342135
JG0139c	X	105375828	T:AC[T>G]AG	-1	35215.0	2980377350
JG0139c	X	105430201	T:GC[T>G]TG	-1	54373.0	2980431723
JG0139c	X	105464676	T:TC[T>G]TA	-1	34475.0	2980466198
JG0139c	X	105611003	T:TC[T>G]TA	-1	146327.0	2980612525
JG0139c	X	105801547	N:TT[T>G]TG	-1	190544.0	2980803069
JG0139c	X	105879641	U:AA[T>G]TA	1	78094.0	2980881163
JG0139c	X	105905048	U:AC[T>C]TG	1	25407.0	2980906570
JG0139c	X	105932104	U:GC[T>G]TA	1	27056.0	2980933626
JG0139c	X	105939316	T:TC[T>C]TA	-1	7212.0	2980940838
JG0139c	X	105977890	N:TC[T>C]TG	1	38574.0	2980979412
JG0139c	X	106208290	U:GC[T>C]CC	1	230400.0	2981209812
JG0139c	X	106239316	N:TC[T>A]TA	1	31026.0	2981240838
JG0139c	X	106256913	N:CC[T>G]TA	1	17597.0	2981258435
JG0139c	X	106425888	N:TC[T>C]GG	1	168975.0	2981427410
JG0139c	X	106462979	N:AG[T>C]TG	-1	37091.0	2981464501
JG0139c	X	106483775	N:GC[T>G]TC	1	20796.0	2981485297
JG0139c	X	106612378	U:TC[T>A]CA	1	128603.0	2981613900
JG0139c	X	106678262	U:AG[T>G]TA	1	65884.0	2981679784
JG0139c	X	106728371	U:AC[T>C]TA	1	50109.0	2981729893
JG0139c	X	106728434	U:AC[T>G]TA	1	63.0	2981729956
JG0139c	X	107010457	N:CC[T>G]TC	-1	282023.0	2982011979
JG0139c	X	107575308	U:TC[T>G]TA	1	564851.0	2982576830
JG0139c	X	107620765	N:AC[T>G]CA	1	45457.0	2982622287
JG0139c	X	107626246	N:AC[T>C]CG	-1	5481.0	2982627768
JG0139c	X	107939528	N:TC[T>G]TA	1	313282.0	2982941050
JG0139c	X	107996298	N:GC[T>C]TG	1	56770.0	2982997820
JG0139c	X	108043327	N:TC[T>A]TG	1	47029.0	2983044849
JG0139c	X	108088053	T:TC[T>C]CA	1	44726.0	2983089575
JG0139c	X	108467119	U:AG[T>G]TA	1	379066.0	2983468641
JG0139c	X	108600852	T:AC[T>C]CT	-1	133733.0	2983602374
JG0139c	X	108794376	N:AG[T>G]CA	-1	193524.0	2983795898
JG0139c	X	108827869	N:CC[T>G]TA	-1	33493.0	2983829391
JG0139c	X	108958748	N:TG[T>C]TA	1	130879.0	2983960270
JG0139c	X	109342465	N:TA[T>G]TG	-1	383717.0	2984343987
JG0139c	X	109363672	N:TC[T>C]TA	1	21207.0	2984365194
JG0139c	X	109403822	T:AC[T>G]TA	1	40150.0	2984405344
JG0139c	X	110072218	U:AC[T>C]TG	1	668396.0	2985073740
JG0139c	X	110179175	N:TC[T>A]CC	-1	106957.0	2985180697
JG0139c	X	110329397	T:TC[T>C]CA	1	150222.0	2985330919
JG0139c	X	110686909	U:TA[T>G]TT	-1	357512.0	2985688431
JG0139c	X	110756969	U:AG[T>G]TA	-1	70060.0	2985758491
JG0139c	X	110906208	N:TC[T>A]TC	-1	149239.0	2985907730
JG0139c	X	111097863	T:AC[T>G]TG	-1	191655.0	2986099385
JG0139c	X	111332465	U:GC[T>G]CA	-1	234602.0	2986333987
JG0139c	X	111491723	N:GC[T>G]TG	-1	159258.0	2986493245
JG0139c	X	111534340	N:GC[T>C]GA	1	42617.0	2986535862
JG0139c	X	111542688	N:CC[T>C]TG	-1	8348.0	2986544210
JG0139c	X	111731459	U:AC[T>C]CT	1	188771.0	2986732981
JG0139c	X	112007460	U:AC[T>A]TG	-1	276001.0	2987008982
JG0139c	X	112039964	U:AC[T>A]CG	-1	32504.0	2987041486
JG0139c	X	112143835	N:TG[T>G]TA	-1	103871.0	2987145357
JG0139c	X	112380172	N:AC[T>A]CC	-1	236337.0	2987381694
JG0139c	X	112426815	N:GC[T>C]TT	1	46643.0	2987428337
JG0139c	X	112539747	N:AC[T>A]TG	1	112932.0	2987541269
JG0139c	X	112978817	N:TC[T>G]TT	-1	439070.0	2987980339
JG0139c	X	113267746	N:GC[T>G]GA	-1	288929.0	2988269268
JG0139c	X	113493927	N:GC[T>G]TT	1	226181.0	2988495449
JG0139c	X	113745932	N:AC[T>G]TT	-1	252005.0	2988747454
JG0139c	X	113819796	N:AC[T>G]TA	1	73864.0	2988821318
JG0139c	X	115000302	N:GC[T>G]AA	-1	1180506.0	2990001824
JG0139c	X	115299618	U:CC[T>A]TG	1	299316.0	2990301140
JG0139c	X	115511463	N:TC[T>C]CA	-1	211845.0	2990512985
JG0139c	X	115536009	N:AC[T>A]CA	-1	24546.0	2990537531
JG0139c	X	116263995	N:GC[T>C]GG	-1	727986.0	2991265517
JG0139c	X	116289747	N:AG[T>G]TG	-1	25752.0	2991291269
JG0139c	X	116332187	N:AC[T>C]GA	1	42440.0	2991333709
JG0139c	X	116656439	N:TG[T>A]TA	1	324252.0	2991657961
JG0139c	X	117110587	N:AC[T>C]CT	-1	454148.0	2992112109
JG0139c	X	117371760	N:GC[T>C]CA	-1	261173.0	2992373282
JG0139c	X	117419331	N:TC[T>G]CA	1	47571.0	2992420853
JG0139c	X	117463076	N:AC[T>G]TA	-1	43745.0	2992464598
JG0139c	X	117484724	N:AC[T>C]CG	1	21648.0	2992486246
JG0139c	X	117793230	N:CC[T>G]TT	-1	308506.0	2992794752
JG0139c	X	117840063	N:AC[T>G]TG	1	46833.0	2992841585
JG0139c	X	117844135	N:CC[T>G]TT	-1	4072.0	2992845657
JG0139c	X	117881708	N:TC[T>G]TA	-1	37573.0	2992883230
JG0139c	X	117911670	T:TG[T>G]TA	1	29962.0	2992913192
JG0139c	X	118121748	N:AT[T>G]TA	-1	210078.0	2993123270
JG0139c	X	118135495	N:AT[T>G]TA	-1	13747.0	2993137017
JG0139c	X	119035409	N:AC[T>C]TG	-1	899914.0	2994036931
JG0139c	X	119046871	N:CC[T>G]CA	-1	11462.0	2994048393
JG0139c	X	120223555	N:CC[T>G]CA	1	1176684.0	2995225077
JG0139c	X	120475497	N:TC[T>G]TA	1	251942.0	2995477019
JG0139c	X	121131877	N:AC[T>C]TG	1	656380.0	2996133399
JG0139c	X	121145998	N:AC[T>G]TA	1	14121.0	2996147520
JG0139c	X	121836841	N:TT[T>G]TA	-1	690843.0	2996838363
JG0139c	X	121867908	N:CC[T>G]TA	-1	31067.0	2996869430
JG0139c	X	121931454	N:AC[T>G]TA	1	63546.0	2996932976
JG0139c	X	121996695	N:TC[T>C]CC	-1	65241.0	2996998217
JG0139c	X	122104103	N:GC[T>G]TA	1	107408.0	2997105625
JG0139c	X	122248535	N:AC[T>G]TA	1	144432.0	2997250057
JG0139c	X	122314773	N:TC[T>C]TG	1	66238.0	2997316295
JG0139c	X	122549001	N:AA[C>A]TG	1	234228.0	2997550523
JG0139c	X	122583283	N:GC[T>G]TA	1	34282.0	2997584805
JG0139c	X	122853905	N:CC[T>G]TT	-1	270622.0	2997855427
JG0139c	X	122861824	N:TC[T>C]TG	-1	7919.0	2997863346
JG0139c	X	122865361	N:TC[T>A]TG	1	3537.0	2997866883
JG0139c	X	122959859	N:TC[T>C]CA	1	94498.0	2997961381
JG0139c	X	123089862	N:GC[T>G]TC	-1	130003.0	2998091384
JG0139c	X	123134642	N:GC[T>G]TA	-1	44780.0	2998136164
JG0139c	X	123374637	U:AC[T>C]CA	1	239995.0	2998376159
JG0139c	X	124180272	N:AG[T>G]TA	-1	805635.0	2999181794
JG0139c	X	124195980	N:TC[T>A]CA	1	15708.0	2999197502
JG0139c	X	124309958	N:TC[C>A]AT	1	113978.0	2999311480
JG0139c	X	124617500	U:GC[T>G]GC	-1	307542.0	2999619022
JG0139c	X	124688519	T:GG[T>C]TG	1	71019.0	2999690041
JG0139c	X	124724039	U:GC[T>G]TA	-1	35520.0	2999725561
JG0139c	X	124744649	U:AC[T>G]AA	-1	20610.0	2999746171
JG0139c	X	124834272	U:GC[T>C]TG	-1	89623.0	2999835794
JG0139c	X	125021158	N:AC[T>A]TT	1	186886.0	3000022680
JG0139c	X	125181493	N:AC[T>G]TA	1	160335.0	3000183015
JG0139c	X	125318408	N:GC[T>G]CG	-1	136915.0	3000319930
JG0139c	X	125968644	N:GG[T>G]TA	1	650236.0	3000970166
JG0139c	X	126214529	N:AC[T>G]TT	-1	245885.0	3001216051
JG0139c	X	126272630	N:TC[T>C]TT	1	58101.0	3001274152
JG0139c	X	126379633	N:TG[T>G]TA	1	107003.0	3001381155
JG0139c	X	126516415	N:TC[T>C]CC	-1	136782.0	3001517937
JG0139c	X	127417423	N:CG[T>G]TC	-1	901008.0	3002418945
JG0139c	X	128074725	N:AT[T>G]CA	-1	657302.0	3003076247
JG0139c	X	128852696	N:CC[T>G]TC	-1	777971.0	3003854218
JG0139c	X	129239017	N:TA[T>C]TG	-1	386321.0	3004240539
JG0139c	X	129397580	N:AC[T>G]TT	-1	158563.0	3004399102
JG0139c	X	130975418	N:TC[T>C]CA	1	1577838.0	3005976940
JG0139c	X	131363585	T:AC[T>A]CC	1	388167.0	3006365107
JG0139c	X	131405583	T:AC[T>G]TA	1	41998.0	3006407105
JG0139c	X	131578002	U:AC[T>G]TC	-1	172419.0	3006579524
JG0139c	X	131654859	N:TG[T>G]TA	1	76857.0	3006656381
JG0139c	X	132813065	U:AC[T>G]TG	-1	1158206.0	3007814587
JG0139c	X	132978565	N:AC[T>G]CG	-1	165500.0	3007980087
JG0139c	X	133097230	N:CC[T>G]GT	-1	118665.0	3008098752
JG0139c	X	134149131	N:TG[T>G]TT	1	1051901.0	3009150653
JG0139c	X	136185075	T:GA[T>G]TT	-1	2035944.0	3011186597
JG0139c	X	137215188	N:GG[T>G]TA	-1	1030113.0	3012216710
JG0139c	X	137400013	N:GG[T>C]GA	-1	184825.0	3012401535
JG0139c	X	137472633	N:AC[T>C]GG	1	72620.0	3012474155
JG0139c	X	137657556	N:AC[T>G]TA	1	184923.0	3012659078
JG0139c	X	138228009	N:GG[T>G]GA	-1	570453.0	3013229531
JG0139c	X	138564993	N:AC[T>C]TG	-1	336984.0	3013566515
JG0139c	X	138903029	U:AT[C>G]TA	-1	338036.0	3013904551
JG0139c	X	138967834	U:CC[T>G]TA	-1	64805.0	3013969356
JG0139c	X	139198259	T:AC[T>C]GG	1	230425.0	3014199781
JG0139c	X	139470607	N:AG[T>G]TA	-1	272348.0	3014472129
JG0139c	X	140329527	N:CA[C>T]AT	1	858920.0	3015331049
JG0139c	X	140473993	N:AC[T>C]TT	-1	144466.0	3015475515
JG0139c	X	140831499	N:TC[T>C]CA	-1	357506.0	3015833021
JG0139c	X	141163140	N:AC[T>C]TA	-1	331641.0	3016164662
JG0139c	X	141205649	N:AC[T>C]CT	-1	42509.0	3016207171
JG0139c	X	141320000	N:AG[T>G]TT	-1	114351.0	3016321522
JG0139c	X	141382649	N:GA[T>A]TG	-1	62649.0	3016384171
JG0139c	X	141419354	N:TC[T>G]TG	-1	36705.0	3016420876
JG0139c	X	141776500	N:AC[T>C]TA	-1	357146.0	3016778022
JG0139c	X	142297401	N:TC[T>G]TG	-1	520901.0	3017298923
JG0139c	X	143348606	N:TG[T>G]TT	-1	1051205.0	3018350128
JG0139c	X	145128653	N:AA[T>G]CA	-1	1780047.0	3020130175
JG0139c	X	145455468	N:AC[T>C]CT	1	326815.0	3020456990
JG0139c	X	146561738	N:AC[T>G]TT	-1	1106270.0	3021563260
JG0139c	X	147227343	N:GG[T>A]TG	-1	665605.0	3022228865
JG0139c	X	147807979	N:AC[T>C]CC	-1	580636.0	3022809501
JG0139c	X	147828508	N:AC[T>C]TG	-1	20529.0	3022830030
JG0139c	X	148418077	N:AC[T>G]TC	-1	589569.0	3023419599
JG0139c	X	148849288	T:AC[T>C]TA	-1	431211.0	3023850810
JG0139c	X	149216092	N:AC[T>G]TA	-1	366804.0	3024217614
JG0139c	X	149757042	N:TC[T>G]TT	-1	540950.0	3024758564
JG0139c	X	149823091	N:AC[T>G]AA	-1	66049.0	3024824613
JG0139c	X	149826380	N:AC[T>G]TG	1	3289.0	3024827902
JG0139c	X	150313053	N:CC[T>G]TA	-1	486673.0	3025314575
JG0139c	X	151137214	N:TC[T>A]CA	1	824161.0	3026138736
JG0139c	X	151211276	N:AT[T>C]TT	-1	74062.0	3026212798
JG0139c	X	151259843	N:AC[T>A]TG	-1	48567.0	3026261365
JG0139c	X	151706384	N:AC[T>A]TT	-1	446541.0	3026707906
JG0139c	X	152245777	U:AC[T>C]TG	-1	539393.0	3027247299
JG0139c	X	152369178	U:TC[T>G]TA	-1	123401.0	3027370700
JG0139c	X	152443461	T:TC[T>G]TT	1	74283.0	3027444983
JG0139c	X	152528706	N:AC[T>G]CT	-1	85245.0	3027530228
JG0139c	X	152628803	N:AC[T>C]CA	-1	100097.0	3027630325
JG0139c	X	152635611	N:AG[T>C]TT	-1	6808.0	3027637133
JG0139c	X	152730786	T:AC[T>G]TA	1	95175.0	3027732308
JG0139c	X	152979485	N:GG[C>T]CA	1	248699.0	3027981007
JG0139c	X	153018735	N:TT[T>A]AA	-1	39250.0	3028020257
JG0139c	X	153101252	N:AC[T>G]GA	-1	82517.0	3028102774
JG0139c	X	153384847	N:AC[T>C]CT	1	283595.0	3028386369
JG0139c	X	153480761	U:AC[T>A]GG	-1	95914.0	3028482283
JG0139c	X	154545628	B:AC[T>A]CC	-1	1064867.0	3029547150
JG0139c	X	155417486	N:TC[T>C]GA	-1	871858.0	3030419008
JG0139c	X	155543877	U:AC[T>C]CC	-1	126391.0	3030545399
JG0139c	X	155980562	N:GC[T>G]TG	-1	436685.0	3030982084
