sample	chr	start	mutation	strand	dist_to_previous	start_cumulative
JG0139d	1	2371522	U:AC[T>G]TG	-1		2371522
JG0139d	1	2495432	U:CG[C>A]CA	1	123910.0	2495432
JG0139d	1	2953203	N:GG[C>A]CA	1	457771.0	2953203
JG0139d	1	3140635	U:GC[T>C]CA	1	187432.0	3140635
JG0139d	1	3277908	U:AC[T>C]CA	1	137273.0	3277908
JG0139d	1	3364018	U:CC[T>C]CA	1	86110.0	3364018
JG0139d	1	3410453	U:TG[C>T]AT	1	46435.0	3410453
JG0139d	1	3556091	T:CC[T>C]TG	1	145638.0	3556091
JG0139d	1	4036061	N:TT[T>G]TT	-1	479970.0	4036061
JG0139d	1	4106953	N:GC[T>G]TC	-1	70892.0	4106953
JG0139d	1	4169758	N:AG[T>G]CT	1	62805.0	4169758
JG0139d	1	4207898	N:GC[T>C]CA	1	38140.0	4207898
JG0139d	1	4208440	N:GC[T>G]TG	1	542.0	4208440
JG0139d	1	4275581	N:GC[T>C]AA	1	67141.0	4275581
JG0139d	1	4389413	N:GA[T>A]CA	1	113832.0	4389413
JG0139d	1	4561771	N:TC[T>A]TA	1	172358.0	4561771
JG0139d	1	4672847	U:CC[T>A]CA	1	111076.0	4672847
JG0139d	1	4912366	N:TC[T>G]TG	1	239519.0	4912366
JG0139d	1	5088041	N:CA[T>G]TT	-1	175675.0	5088041
JG0139d	1	5099851	N:AC[T>C]GC	1	11810.0	5099851
JG0139d	1	5147291	N:TT[T>G]CA	-1	47440.0	5147291
JG0139d	1	5151738	N:TC[T>A]CT	1	4447.0	5151738
JG0139d	1	5256426	N:TA[T>C]TT	1	104688.0	5256426
JG0139d	1	5292540	N:CC[T>C]CA	1	36114.0	5292540
JG0139d	1	5354626	N:TC[T>C]CC	1	62086.0	5354626
JG0139d	1	5382503	N:AC[T>G]CA	1	27877.0	5382503
JG0139d	1	5476817	N:GC[T>C]CC	1	94314.0	5476817
JG0139d	1	5625548	N:AC[T>A]CG	1	148731.0	5625548
JG0139d	1	5725635	N:AC[T>G]CA	1	100087.0	5725635
JG0139d	1	5901002	T:AC[T>C]CC	1	175367.0	5901002
JG0139d	1	5914427	T:TC[T>G]TC	1	13425.0	5914427
JG0139d	1	6707242	N:TC[T>G]TG	1	792815.0	6707242
JG0139d	1	6960263	T:TC[T>C]CT	-1	253021.0	6960263
JG0139d	1	7105390	T:TC[T>G]GC	-1	145127.0	7105390
JG0139d	1	7504712	U:TG[T>C]TT	1	399322.0	7504712
JG0139d	1	7571471	T:GA[T>G]CA	-1	66759.0	7571471
JG0139d	1	7623100	U:TT[T>G]TA	1	51629.0	7623100
JG0139d	1	7725718	U:CC[T>A]TG	1	102618.0	7725718
JG0139d	1	7991230	N:GC[T>G]TA	1	265512.0	7991230
JG0139d	1	8000427	N:TC[T>G]TT	1	9197.0	8000427
JG0139d	1	8313625	N:AC[T>G]TA	-1	313198.0	8313625
JG0139d	1	8338502	T:CC[T>G]CG	-1	24877.0	8338502
JG0139d	1	9175189	N:AC[T>C]CC	1	836687.0	9175189
JG0139d	1	9211800	N:GC[T>A]GG	1	36611.0	9211800
JG0139d	1	9735889	U:CG[T>G]GC	-1	524089.0	9735889
JG0139d	1	10011747	U:TC[T>G]TC	1	275858.0	10011747
JG0139d	1	11309305	N:CA[C>T]AT	-1	1297558.0	11309305
JG0139d	1	11335365	N:CC[T>G]CC	1	26060.0	11335365
JG0139d	1	12057616	N:TC[C>G]AG	-1	722251.0	12057616
JG0139d	1	12131775	T:TC[T>G]CG	-1	74159.0	12131775
JG0139d	1	12131776	T:CT[C>A]TC	-1	1.0	12131776
JG0139d	1	12210206	N:AC[T>G]GA	-1	78430.0	12210206
JG0139d	1	12641157	N:TG[T>A]TG	1	430951.0	12641157
JG0139d	1	12797586	N:GG[T>G]CA	1	156429.0	12797586
JG0139d	1	12837476	N:CC[T>G]GA	-1	39890.0	12837476
JG0139d	1	13385144	N:GC[T>C]TG	1	547668.0	13385144
JG0139d	1	13428992	N:CC[T>G]GA	1	43848.0	13428992
JG0139d	1	13546806	N:CC[T>G]TT	-1	117814.0	13546806
JG0139d	1	13668803	N:AC[T>C]TG	1	121997.0	13668803
JG0139d	1	13871465	N:TC[T>G]TT	1	202662.0	13871465
JG0139d	1	13897439	U:TC[T>C]CA	1	25974.0	13897439
JG0139d	1	14107743	U:AC[T>C]CA	1	210304.0	14107743
JG0139d	1	14130418	U:TT[T>G]TT	1	22675.0	14130418
JG0139d	1	14224643	T:TC[T>G]TA	-1	94225.0	14224643
JG0139d	1	14274607	U:GG[T>A]GA	1	49964.0	14274607
JG0139d	1	14309625	T:GA[T>G]CA	-1	35018.0	14309625
JG0139d	1	14320379	U:TC[T>G]TA	1	10754.0	14320379
JG0139d	1	14322384	U:AC[T>C]TG	1	2005.0	14322384
JG0139d	1	14361173	U:GC[T>C]TT	1	38789.0	14361173
JG0139d	1	14436079	T:AA[T>G]TT	-1	74906.0	14436079
JG0139d	1	14490073	U:TC[T>C]CA	1	53994.0	14490073
JG0139d	1	14520415	T:AG[T>C]GC	-1	30342.0	14520415
JG0139d	1	14647999	T:CC[T>G]TG	-1	127584.0	14647999
JG0139d	1	14668680	T:TT[T>G]TA	-1	20681.0	14668680
JG0139d	1	14818117	U:CC[T>C]CA	1	149437.0	14818117
JG0139d	1	14850631	U:AC[T>C]TG	1	32514.0	14850631
JG0139d	1	14851986	U:AC[T>C]TT	1	1355.0	14851986
JG0139d	1	14899849	U:AC[T>A]CT	1	47863.0	14899849
JG0139d	1	14936993	U:TG[T>G]TA	1	37144.0	14936993
JG0139d	1	14940559	U:TC[T>C]TG	1	3566.0	14940559
JG0139d	1	17661048	T:GG[T>C]GG	-1	2720489.0	17661048
JG0139d	1	17771579	T:CC[T>G]TC	-1	110531.0	17771579
JG0139d	1	17808490	U:TC[T>G]TG	1	36911.0	17808490
JG0139d	1	17869138	N:GC[T>A]CC	1	60648.0	17869138
JG0139d	1	17937833	N:CC[T>C]TG	1	68695.0	17937833
JG0139d	1	17972581	N:AC[T>C]AC	1	34748.0	17972581
JG0139d	1	18257168	T:CC[T>G]CA	-1	284587.0	18257168
JG0139d	1	18386796	N:GC[T>C]TG	1	129628.0	18386796
JG0139d	1	18499094	N:TC[T>C]GA	1	112298.0	18499094
JG0139d	1	18550643	N:AC[T>G]TA	1	51549.0	18550643
JG0139d	1	18745719	U:TC[T>G]TA	1	195076.0	18745719
JG0139d	1	18789531	N:TC[T>G]TA	1	43812.0	18789531
JG0139d	1	18807699	N:CC[T>G]GA	1	18168.0	18807699
JG0139d	1	18849761	T:GC[T>C]CT	1	42062.0	18849761
JG0139d	1	18887509	U:TT[C>T]TC	-1	37748.0	18887509
JG0139d	1	19298568	N:AC[T>C]CC	1	411059.0	19298568
JG0139d	1	19462091	U:GC[T>G]CA	-1	163523.0	19462091
JG0139d	1	20045919	N:GA[T>G]CT	-1	583828.0	20045919
JG0139d	1	20050518	N:TG[T>G]TA	-1	4599.0	20050518
JG0139d	1	20133384	N:CC[T>A]CA	1	82866.0	20133384
JG0139d	1	20156933	N:AC[T>A]CC	1	23549.0	20156933
JG0139d	1	20182060	N:AC[T>G]TG	1	25127.0	20182060
JG0139d	1	20193609	U:TC[T>A]CA	1	11549.0	20193609
JG0139d	1	20197217	N:GC[T>A]TG	1	3608.0	20197217
JG0139d	1	20248951	N:AC[T>G]TG	1	51734.0	20248951
JG0139d	1	20269876	N:AC[T>G]TC	1	20925.0	20269876
JG0139d	1	20274449	N:GG[T>G]TG	1	4573.0	20274449
JG0139d	1	20302290	U:TC[T>A]CA	1	27841.0	20302290
JG0139d	1	22036184	U:GC[T>G]CA	1	1733894.0	22036184
JG0139d	1	22370794	N:GC[T>G]CT	-1	334610.0	22370794
JG0139d	1	22514187	U:GC[T>G]TT	1	143393.0	22514187
JG0139d	1	22795379	U:CC[T>G]TA	1	281192.0	22795379
JG0139d	1	23009975	N:AC[T>G]TG	1	214596.0	23009975
JG0139d	1	23419102	T:GG[C>A]AG	1	409127.0	23419102
JG0139d	1	24307803	N:TT[T>G]TC	-1	888701.0	24307803
JG0139d	1	24955246	T:GC[T>A]TA	1	647443.0	24955246
JG0139d	1	25083016	N:AC[T>G]TG	1	127770.0	25083016
JG0139d	1	26072724	N:TC[T>C]CT	-1	989708.0	26072724
JG0139d	1	26331441	U:GC[T>G]GC	-1	258717.0	26331441
JG0139d	1	26336392	U:TC[T>C]CG	-1	4951.0	26336392
JG0139d	1	27076949	N:AC[T>G]CA	1	740557.0	27076949
JG0139d	1	27451656	U:AC[T>G]TC	-1	374707.0	27451656
JG0139d	1	28046020	U:AG[T>G]CA	-1	594364.0	28046020
JG0139d	1	29439329	N:GA[T>G]TA	1	1393309.0	29439329
JG0139d	1	29557062	N:TG[C>A]AG	-1	117733.0	29557062
JG0139d	1	29604037	N:TC[T>A]TA	1	46975.0	29604037
JG0139d	1	29671939	N:TG[T>G]TG	1	67902.0	29671939
JG0139d	1	29965553	N:GC[T>G]CT	1	293614.0	29965553
JG0139d	1	30060218	N:AC[T>C]CA	1	94665.0	30060218
JG0139d	1	30188260	N:CG[T>C]CA	1	128042.0	30188260
JG0139d	1	30220462	N:CC[T>A]TG	1	32202.0	30220462
JG0139d	1	30361807	N:GC[T>C]GG	1	141345.0	30361807
JG0139d	1	30585060	N:CC[T>G]AG	-1	223253.0	30585060
JG0139d	1	30678367	N:AG[T>G]TA	1	93307.0	30678367
JG0139d	1	33781990	U:TC[T>G]TC	-1	3103623.0	33781990
JG0139d	1	34232112	N:AC[T>A]TA	-1	450122.0	34232112
JG0139d	1	34235648	N:TC[T>G]TG	1	3536.0	34235648
JG0139d	1	34286875	N:GC[T>G]CT	-1	51227.0	34286875
JG0139d	1	34419039	N:GG[T>A]CT	1	132164.0	34419039
JG0139d	1	34459029	N:AC[T>G]TA	1	39990.0	34459029
JG0139d	1	34466088	N:GC[T>A]TG	1	7059.0	34466088
JG0139d	1	34548229	N:CC[T>G]CA	-1	82141.0	34548229
JG0139d	1	36524248	N:AC[T>G]GA	-1	1976019.0	36524248
JG0139d	1	36566859	N:TG[T>G]TA	1	42611.0	36566859
JG0139d	1	36615382	N:AC[T>C]CC	1	48523.0	36615382
JG0139d	1	36867472	T:GG[T>C]GA	1	252090.0	36867472
JG0139d	1	36903585	U:AC[T>A]CA	-1	36113.0	36903585
JG0139d	1	37263912	N:TC[T>A]CA	1	360327.0	37263912
JG0139d	1	37283641	N:CC[T>G]TG	-1	19729.0	37283641
JG0139d	1	38041493	N:AC[T>G]TG	-1	757852.0	38041493
JG0139d	1	38130360	N:GC[T>G]TG	-1	88867.0	38130360
JG0139d	1	38220238	N:TA[T>G]TC	1	89878.0	38220238
JG0139d	1	38377740	N:GC[C>A]AT	1	157502.0	38377740
JG0139d	1	39459677	U:TG[T>G]TA	1	1081937.0	39459677
JG0139d	1	40123094	N:TC[T>G]CA	1	663417.0	40123094
JG0139d	1	40437385	N:CA[T>G]TG	-1	314291.0	40437385
JG0139d	1	41705697	T:AA[T>G]GC	1	1268312.0	41705697
JG0139d	1	41816588	U:CC[T>G]CA	-1	110891.0	41816588
JG0139d	1	42472039	T:CC[T>A]CA	-1	655451.0	42472039
JG0139d	1	43331438	N:AG[T>G]CT	-1	859399.0	43331438
JG0139d	1	43797105	U:AC[T>G]TG	1	465667.0	43797105
JG0139d	1	44154525	N:AC[T>G]TT	-1	357420.0	44154525
JG0139d	1	44989827	N:GC[T>G]TG	-1	835302.0	44989827
JG0139d	1	45924780	T:TC[T>G]CA	-1	934953.0	45924780
JG0139d	1	46613967	U:AC[T>G]CA	-1	689187.0	46613967
JG0139d	1	46647226	U:TC[T>G]TG	-1	33259.0	46647226
JG0139d	1	46788661	N:AA[T>G]TT	-1	141435.0	46788661
JG0139d	1	47402400	N:TC[T>A]TA	-1	613739.0	47402400
JG0139d	1	47472314	N:TC[T>A]CA	-1	69914.0	47472314
JG0139d	1	47838617	U:AC[T>G]TG	-1	366303.0	47838617
JG0139d	1	47930674	U:CC[T>C]TG	-1	92057.0	47930674
JG0139d	1	48000957	N:CC[T>G]TC	-1	70283.0	48000957
JG0139d	1	48021244	N:AC[T>A]TG	1	20287.0	48021244
JG0139d	1	48022287	N:AA[T>G]AC	1	1043.0	48022287
JG0139d	1	48771172	T:AC[T>G]TA	1	748885.0	48771172
JG0139d	1	48850027	T:TC[T>C]TT	1	78855.0	48850027
JG0139d	1	48856775	T:TT[T>G]TT	1	6748.0	48856775
JG0139d	1	48868681	T:GC[T>A]CT	1	11906.0	48868681
JG0139d	1	48891712	U:TG[C>G]TT	-1	23031.0	48891712
JG0139d	1	48955431	T:CC[T>C]CT	1	63719.0	48955431
JG0139d	1	49135949	T:AA[T>A]TG	1	180518.0	49135949
JG0139d	1	49446641	U:GA[C>A]AA	-1	310692.0	49446641
JG0139d	1	49640595	U:GC[T>G]TT	-1	193954.0	49640595
JG0139d	1	49775732	U:TC[T>C]AT	-1	135137.0	49775732
JG0139d	1	49809610	U:TA[T>G]TA	-1	33878.0	49809610
JG0139d	1	49859403	T:TC[T>C]TG	1	49793.0	49859403
JG0139d	1	49873031	T:CC[T>A]GT	1	13628.0	49873031
JG0139d	1	49921437	T:TC[T>C]CC	1	48406.0	49921437
JG0139d	1	49965578	T:AC[T>G]TA	1	44141.0	49965578
JG0139d	1	50033346	N:AC[T>C]TA	1	67768.0	50033346
JG0139d	1	52857071	T:GC[T>G]TT	-1	2823725.0	52857071
JG0139d	1	53061439	N:GC[T>G]TC	1	204368.0	53061439
JG0139d	1	53087579	T:CC[T>G]GG	1	26140.0	53087579
JG0139d	1	53175157	N:AG[T>C]GA	-1	87578.0	53175157
JG0139d	1	53483900	N:AT[T>G]GG	-1	308743.0	53483900
JG0139d	1	54231907	T:GC[T>C]GG	1	748007.0	54231907
JG0139d	1	54336086	U:TG[T>G]TT	-1	104179.0	54336086
JG0139d	1	54488398	N:GG[T>C]GC	-1	152312.0	54488398
JG0139d	1	54816140	T:CA[T>G]CA	-1	327742.0	54816140
JG0139d	1	55226823	N:AG[C>A]TA	-1	410683.0	55226823
JG0139d	1	55409249	N:TC[T>G]AC	-1	182426.0	55409249
JG0139d	1	55904691	N:TC[T>C]CA	1	495442.0	55904691
JG0139d	1	55991594	N:AG[T>G]AA	-1	86903.0	55991594
JG0139d	1	56122149	N:TC[T>A]TT	1	130555.0	56122149
JG0139d	1	56260222	N:TC[T>A]TG	1	138073.0	56260222
JG0139d	1	56582323	N:AC[T>C]GG	-1	322101.0	56582323
JG0139d	1	56708466	U:AC[T>G]TA	1	126143.0	56708466
JG0139d	1	56708638	U:TG[T>C]TA	1	172.0	56708638
JG0139d	1	56872602	T:GC[T>G]TA	-1	163964.0	56872602
JG0139d	1	56903402	T:AC[T>A]CA	-1	30800.0	56903402
JG0139d	1	56933768	T:AC[T>C]CA	1	30366.0	56933768
JG0139d	1	56954040	T:TC[T>A]CA	1	20272.0	56954040
JG0139d	1	57151556	T:TC[T>C]CA	1	197516.0	57151556
JG0139d	1	57370302	T:AG[T>G]TG	1	218746.0	57370302
JG0139d	1	57422107	U:CG[T>G]TG	-1	51805.0	57422107
JG0139d	1	57474954	N:TC[T>C]TT	-1	52847.0	57474954
JG0139d	1	58072715	N:TC[T>C]CT	1	597761.0	58072715
JG0139d	1	58196975	N:TC[T>G]TA	1	124260.0	58196975
JG0139d	1	58197489	N:TC[T>A]CA	1	514.0	58197489
JG0139d	1	58301637	N:TC[T>G]TT	1	104148.0	58301637
JG0139d	1	58359985	N:CC[T>A]TG	1	58348.0	58359985
JG0139d	1	58565513	N:CC[T>A]TC	1	205528.0	58565513
JG0139d	1	58565514	N:CT[T>C]CC	1	1.0	58565514
JG0139d	1	58835536	N:TC[T>C]TG	1	270022.0	58835536
JG0139d	1	58926175	N:TC[T>C]TA	1	90639.0	58926175
JG0139d	1	58948656	N:CC[T>A]CA	1	22481.0	58948656
JG0139d	1	59060145	N:TC[T>G]TT	-1	111489.0	59060145
JG0139d	1	59320873	U:AC[T>C]TG	1	260728.0	59320873
JG0139d	1	59358612	U:GC[T>A]TT	1	37739.0	59358612
JG0139d	1	59850165	U:TC[T>G]TC	1	491553.0	59850165
JG0139d	1	60044313	U:GC[T>C]CA	-1	194148.0	60044313
JG0139d	1	60044314	U:GG[C>G]TC	-1	1.0	60044314
JG0139d	1	60391854	N:AA[T>G]TC	-1	347540.0	60391854
JG0139d	1	60482960	N:AT[T>G]CA	1	91106.0	60482960
JG0139d	1	62101140	T:TC[T>C]CT	-1	1618180.0	62101140
JG0139d	1	62328593	N:TA[T>G]TA	-1	227453.0	62328593
JG0139d	1	62330823	N:AC[T>G]TA	1	2230.0	62330823
JG0139d	1	62507323	T:TC[T>G]TC	1	176500.0	62507323
JG0139d	1	62557475	T:AC[T>G]TA	1	50152.0	62557475
JG0139d	1	62707019	N:CG[T>G]GG	-1	149544.0	62707019
JG0139d	1	63666547	N:TC[T>G]AG	-1	959528.0	63666547
JG0139d	1	63669988	N:GG[T>C]CT	-1	3441.0	63669988
JG0139d	1	63799936	T:TC[T>G]AA	-1	129948.0	63799936
JG0139d	1	63882824	U:TG[T>G]TA	1	82888.0	63882824
JG0139d	1	63975130	U:AC[T>C]TA	1	92306.0	63975130
JG0139d	1	64018149	U:TC[T>C]TT	1	43019.0	64018149
JG0139d	1	64207825	T:AG[T>G]TT	-1	189676.0	64207825
JG0139d	1	64569171	U:CC[T>A]CA	1	361346.0	64569171
JG0139d	1	65019056	N:TC[T>G]CG	1	449885.0	65019056
JG0139d	1	65161761	T:TC[T>G]CC	-1	142705.0	65161761
JG0139d	1	65349817	T:AC[T>G]CA	-1	188056.0	65349817
JG0139d	1	65362099	T:TG[T>C]CA	-1	12282.0	65362099
JG0139d	1	65754632	N:AC[T>C]TT	1	392533.0	65754632
JG0139d	1	65803499	T:AC[T>C]TA	-1	48867.0	65803499
JG0139d	1	65921854	U:AC[T>C]GA	1	118355.0	65921854
JG0139d	1	65928824	U:TC[T>G]TT	1	6970.0	65928824
JG0139d	1	65956986	U:AC[T>C]GA	1	28162.0	65956986
JG0139d	1	65982123	U:AC[T>G]TA	1	25137.0	65982123
JG0139d	1	66519312	N:GG[T>C]CT	-1	537189.0	66519312
JG0139d	1	66957717	U:TC[T>G]TA	1	438405.0	66957717
JG0139d	1	67786367	U:TC[T>G]TA	-1	828650.0	67786367
JG0139d	1	67859000	N:TC[T>G]TA	1	72633.0	67859000
JG0139d	1	68525953	N:TC[T>G]TC	-1	666953.0	68525953
JG0139d	1	68744130	N:TC[T>A]CT	1	218177.0	68744130
JG0139d	1	68786692	N:TC[T>G]TG	1	42562.0	68786692
JG0139d	1	68822231	N:AC[T>G]CG	-1	35539.0	68822231
JG0139d	1	68859232	N:GG[T>G]TA	1	37001.0	68859232
JG0139d	1	68996738	N:GG[T>C]TT	1	137506.0	68996738
JG0139d	1	69198675	N:AC[T>G]TA	1	201937.0	69198675
JG0139d	1	69392885	N:AC[T>G]TA	-1	194210.0	69392885
JG0139d	1	69517132	N:AC[T>C]CG	1	124247.0	69517132
JG0139d	1	69622096	U:TC[T>G]TC	1	104964.0	69622096
JG0139d	1	69637748	U:AC[T>G]TA	1	15652.0	69637748
JG0139d	1	69726954	U:AC[T>C]CC	1	89206.0	69726954
JG0139d	1	69738832	U:AC[T>G]TA	1	11878.0	69738832
JG0139d	1	69824735	T:AC[T>A]TT	-1	85903.0	69824735
JG0139d	1	69847829	U:TC[T>G]TA	1	23094.0	69847829
JG0139d	1	69986412	T:TA[T>G]TT	-1	138583.0	69986412
JG0139d	1	70062341	T:AG[T>C]GC	-1	75929.0	70062341
JG0139d	1	70781523	N:AC[T>G]TA	1	719182.0	70781523
JG0139d	1	71143436	N:GC[T>G]GT	1	361913.0	71143436
JG0139d	1	71339252	N:TC[T>G]AA	-1	195816.0	71339252
JG0139d	1	71508192	T:AC[T>C]TG	1	168940.0	71508192
JG0139d	1	72149597	U:AC[T>G]TG	-1	641405.0	72149597
JG0139d	1	72205343	U:TC[T>G]TG	-1	55746.0	72205343
JG0139d	1	74458974	T:AC[T>C]TT	-1	2253631.0	74458974
JG0139d	1	74523262	T:TG[T>G]TT	-1	64288.0	74523262
JG0139d	1	74528301	T:CC[T>C]CC	-1	5039.0	74528301
JG0139d	1	75038217	N:AC[T>C]TG	-1	509916.0	75038217
JG0139d	1	75187195	N:TC[T>G]TA	1	148978.0	75187195
JG0139d	1	75188673	N:CC[T>G]TA	1	1478.0	75188673
JG0139d	1	75821877	U:TG[T>G]TG	1	633204.0	75821877
JG0139d	1	76343626	U:TG[T>A]CC	1	521749.0	76343626
JG0139d	1	76605745	T:AA[T>G]TA	-1	262119.0	76605745
JG0139d	1	76705251	N:GC[T>G]TA	1	99506.0	76705251
JG0139d	1	76937538	T:GC[T>G]TC	-1	232287.0	76937538
JG0139d	1	77304278	U:TG[T>G]CT	1	366740.0	77304278
JG0139d	1	77932131	U:TG[T>G]TA	1	627853.0	77932131
JG0139d	1	77951341	U:TC[T>G]TA	-1	19210.0	77951341
JG0139d	1	78138719	N:TC[C>T]AG	1	187378.0	78138719
JG0139d	1	78193488	N:AT[T>G]TA	1	54769.0	78193488
JG0139d	1	78738955	N:AG[T>C]CT	-1	545467.0	78738955
JG0139d	1	78738956	N:GA[C>A]TG	1	1.0	78738956
JG0139d	1	79531790	N:CC[T>G]TC	1	792834.0	79531790
JG0139d	1	80015130	N:CC[T>C]AT	1	483340.0	80015130
JG0139d	1	80237393	N:TT[T>G]TT	-1	222263.0	80237393
JG0139d	1	80249979	N:AC[T>C]GC	-1	12586.0	80249979
JG0139d	1	80868329	N:AT[T>G]TG	-1	618350.0	80868329
JG0139d	1	82923467	N:TC[T>G]TA	-1	2055138.0	82923467
JG0139d	1	84012102	N:AC[T>G]CG	1	1088635.0	84012102
JG0139d	1	84366504	U:CC[T>G]TG	1	354402.0	84366504
JG0139d	1	85785012	T:TG[T>C]GA	1	1418508.0	85785012
JG0139d	1	86256891	N:AC[T>G]TG	-1	471879.0	86256891
JG0139d	1	86359455	U:CT[C>T]GA	-1	102564.0	86359455
JG0139d	1	86404183	N:GC[T>C]GA	-1	44728.0	86404183
JG0139d	1	86404184	N:AG[C>T]TG	-1	1.0	86404184
JG0139d	1	86499842	T:AT[C>A]AA	-1	95658.0	86499842
JG0139d	1	86990311	U:AT[T>G]TG	1	490469.0	86990311
JG0139d	1	87732273	N:GC[T>G]TT	-1	741962.0	87732273
JG0139d	1	88362378	N:TT[T>G]TA	1	630105.0	88362378
JG0139d	1	89377105	U:GC[T>G]TT	1	1014727.0	89377105
JG0139d	1	89432963	N:TT[T>G]TT	-1	55858.0	89432963
JG0139d	1	89657112	U:AT[T>G]TT	1	224149.0	89657112
JG0139d	1	90791613	N:AA[T>G]TC	-1	1134501.0	90791613
JG0139d	1	90937318	U:AC[T>C]CA	-1	145705.0	90937318
JG0139d	1	91266724	T:CC[T>A]CA	1	329406.0	91266724
JG0139d	1	92128854	U:TA[T>G]TG	1	862130.0	92128854
JG0139d	1	93631107	U:CC[T>G]CC	-1	1502253.0	93631107
JG0139d	1	93669167	U:GC[T>G]CA	-1	38060.0	93669167
JG0139d	1	93763011	U:TC[T>G]TT	-1	93844.0	93763011
JG0139d	1	94541906	N:AC[T>A]CG	-1	778895.0	94541906
JG0139d	1	95164953	T:AC[T>G]CA	-1	623047.0	95164953
JG0139d	1	95633927	N:AG[T>G]TG	1	468974.0	95633927
JG0139d	1	95945616	N:TC[T>G]TC	1	311689.0	95945616
JG0139d	1	95987489	N:TT[T>A]TG	-1	41873.0	95987489
JG0139d	1	97461125	U:CC[T>G]TA	-1	1473636.0	97461125
JG0139d	1	97866921	U:TT[T>C]TC	-1	405796.0	97866921
JG0139d	1	99374224	N:AC[T>G]TA	-1	1507303.0	99374224
JG0139d	1	100621762	N:TA[T>G]TA	1	1247538.0	100621762
JG0139d	1	100797220	N:AT[T>C]TT	-1	175458.0	100797220
JG0139d	1	101346600	N:AG[T>G]TT	1	549380.0	101346600
JG0139d	1	102514405	N:TC[T>G]TC	-1	1167805.0	102514405
JG0139d	1	102659059	N:TG[T>G]TA	1	144654.0	102659059
JG0139d	1	104625634	N:GA[C>A]AG	-1	1966575.0	104625634
JG0139d	1	107004397	N:TT[T>C]TG	-1	2378763.0	107004397
JG0139d	1	107189037	U:AA[T>A]TT	1	184640.0	107189037
JG0139d	1	107316656	U:AC[T>C]GA	1	127619.0	107316656
JG0139d	1	107957622	U:TC[T>G]TT	-1	640966.0	107957622
JG0139d	1	108050275	N:AC[T>G]TG	-1	92653.0	108050275
JG0139d	1	108073033	N:AC[T>G]TG	-1	22758.0	108073033
JG0139d	1	108079232	N:TC[T>G]TG	-1	6199.0	108079232
JG0139d	1	108087129	N:AC[T>C]TT	-1	7897.0	108087129
JG0139d	1	108116968	N:AT[T>G]TA	-1	29839.0	108116968
JG0139d	1	108149651	U:TC[T>G]GA	-1	32683.0	108149651
JG0139d	1	108174006	U:AC[T>C]TT	-1	24355.0	108174006
JG0139d	1	109125289	U:TC[T>C]CG	1	951283.0	109125289
JG0139d	1	109415067	U:AC[T>A]CA	-1	289778.0	109415067
JG0139d	1	109491675	T:CC[T>C]GG	-1	76608.0	109491675
JG0139d	1	110073189	N:AC[T>G]TA	1	581514.0	110073189
JG0139d	1	110605911	U:GC[T>G]TC	-1	532722.0	110605911
JG0139d	1	110616207	U:AC[T>C]TG	-1	10296.0	110616207
JG0139d	1	110710350	N:TC[T>G]TA	-1	94143.0	110710350
JG0139d	1	110714422	N:AC[T>G]TG	-1	4072.0	110714422
JG0139d	1	110749142	N:GC[T>G]TT	-1	34720.0	110749142
JG0139d	1	110838460	N:AC[T>G]TT	-1	89318.0	110838460
JG0139d	1	110892701	T:AG[T>C]CA	-1	54241.0	110892701
JG0139d	1	111036602	N:GC[T>C]TT	-1	143901.0	111036602
JG0139d	1	111526365	U:CA[T>G]TA	-1	489763.0	111526365
JG0139d	1	111839794	U:GC[T>G]TT	-1	313429.0	111839794
JG0139d	1	112021596	N:GA[T>A]TC	-1	181802.0	112021596
JG0139d	1	112098761	N:AC[T>C]TC	-1	77165.0	112098761
JG0139d	1	113558138	T:GC[T>G]TT	-1	1459377.0	113558138
JG0139d	1	113560419	T:TT[T>G]TT	-1	2281.0	113560419
JG0139d	1	114859432	T:TC[T>A]CA	-1	1299013.0	114859432
JG0139d	1	114956753	T:AC[T>A]TG	-1	97321.0	114956753
JG0139d	1	114962537	T:AC[T>C]TA	-1	5784.0	114962537
JG0139d	1	114993851	T:GG[T>C]TT	-1	31314.0	114993851
JG0139d	1	115057486	U:GC[T>C]TA	-1	63635.0	115057486
JG0139d	1	115348144	N:AC[T>A]TG	-1	290658.0	115348144
JG0139d	1	115484487	N:AC[T>G]TG	-1	136343.0	115484487
JG0139d	1	116381322	T:AT[T>A]CA	-1	896835.0	116381322
JG0139d	1	116840791	N:TC[T>G]TC	-1	459469.0	116840791
JG0139d	1	117325267	N:AG[T>G]TG	-1	484476.0	117325267
JG0139d	1	117444819	T:AC[T>G]TA	-1	119552.0	117444819
JG0139d	1	117477367	T:TG[T>G]TC	-1	32548.0	117477367
JG0139d	1	117489971	T:AC[T>G]GA	-1	12604.0	117489971
JG0139d	1	117496646	T:AC[T>G]TT	-1	6675.0	117496646
JG0139d	1	117526124	T:TC[T>C]TT	-1	29478.0	117526124
JG0139d	1	117591558	N:GC[T>G]GA	-1	65434.0	117591558
JG0139d	1	117713577	N:TC[T>C]TT	-1	122019.0	117713577
JG0139d	1	118108475	U:AC[T>G]TG	-1	394898.0	118108475
JG0139d	1	118380923	N:AG[T>G]TG	-1	272448.0	118380923
JG0139d	1	118481813	N:AC[T>G]TA	-1	100890.0	118481813
JG0139d	1	118515402	N:AC[T>A]CC	-1	33589.0	118515402
JG0139d	1	118837855	N:TA[C>A]TA	-1	322453.0	118837855
JG0139d	1	118906794	U:TC[T>G]TG	-1	68939.0	118906794
JG0139d	1	118952290	U:TG[T>C]TG	-1	45496.0	118952290
JG0139d	1	119930681	U:CC[T>G]CA	-1	978391.0	119930681
JG0139d	1	121467594	N:AG[T>G]TT	-1	1536913.0	121467594
JG0139d	1	121487969	N:CC[T>C]CG	-1	20375.0	121487969
JG0139d	1	121496051	N:CC[T>C]TG	-1	8082.0	121496051
JG0139d	1	121506715	N:TC[T>G]TG	-1	10664.0	121506715
JG0139d	1	146621746	N:TC[T>G]TT	1	25115031.0	146621746
JG0139d	1	147037936	N:CT[T>G]GA	1	416190.0	147037936
JG0139d	1	147784418	N:GG[T>G]TC	1	746482.0	147784418
JG0139d	1	147787312	N:AG[T>G]TA	1	2894.0	147787312
JG0139d	1	150203259	N:AA[T>G]TA	-1	2415947.0	150203259
JG0139d	1	151818555	U:GC[T>C]AC	-1	1615296.0	151818555
JG0139d	1	152026295	N:AC[T>G]TA	-1	207740.0	152026295
JG0139d	1	152225001	N:AT[T>A]AG	-1	198706.0	152225001
JG0139d	1	152262782	N:AC[T>A]CA	-1	37781.0	152262782
JG0139d	1	152275815	N:AC[T>C]AC	-1	13033.0	152275815
JG0139d	1	152279780	N:AG[T>G]TG	-1	3965.0	152279780
JG0139d	1	152300112	N:TC[T>C]CA	-1	20332.0	152300112
JG0139d	1	152421227	N:CT[T>A]GC	1	121115.0	152421227
JG0139d	1	152423478	N:AC[T>C]TG	-1	2251.0	152423478
JG0139d	1	152510135	N:AC[T>C]CG	-1	86657.0	152510135
JG0139d	1	152623908	N:CC[T>G]TG	-1	113773.0	152623908
JG0139d	1	152953341	N:AG[T>A]CA	-1	329433.0	152953341
JG0139d	1	153106252	N:CA[T>G]TT	-1	152911.0	153106252
JG0139d	1	153106260	N:AT[C>A]AA	1	8.0	153106260
JG0139d	1	153221134	N:GC[T>G]GT	-1	114874.0	153221134
JG0139d	1	153237670	N:AC[T>G]TA	-1	16536.0	153237670
JG0139d	1	153295211	N:TC[T>G]TT	-1	57541.0	153295211
JG0139d	1	154442136	T:TC[T>C]CA	-1	1146925.0	154442136
JG0139d	1	156824915	T:AC[T>G]CT	-1	2382779.0	156824915
JG0139d	1	157522192	U:TC[T>C]TA	-1	697277.0	157522192
JG0139d	1	157651128	N:GA[T>G]CT	-1	128936.0	157651128
JG0139d	1	157727055	N:GG[T>A]TG	-1	75927.0	157727055
JG0139d	1	157825570	N:AG[T>A]CC	-1	98515.0	157825570
JG0139d	1	157988394	N:CC[T>G]CA	-1	162824.0	157988394
JG0139d	1	158132998	N:TC[T>A]CA	-1	144604.0	158132998
JG0139d	1	158176618	N:TC[T>C]GC	-1	43620.0	158176618
JG0139d	1	158188105	N:AC[T>C]CC	-1	11487.0	158188105
JG0139d	1	158245607	N:AC[T>G]TG	-1	57502.0	158245607
JG0139d	1	158305832	N:GC[T>G]TA	-1	60225.0	158305832
JG0139d	1	158356595	T:GC[T>A]CA	-1	50763.0	158356595
JG0139d	1	158425703	U:AC[T>A]CA	-1	69108.0	158425703
JG0139d	1	158490199	N:TC[T>C]TA	-1	64496.0	158490199
JG0139d	1	158628041	U:TC[T>A]CA	-1	137842.0	158628041
JG0139d	1	158860096	N:TC[T>A]TG	-1	232055.0	158860096
JG0139d	1	158975265	T:AT[T>G]TA	-1	115169.0	158975265
JG0139d	1	159383962	N:TC[T>G]TA	-1	408697.0	159383962
JG0139d	1	159388675	N:TC[T>G]TT	-1	4713.0	159388675
JG0139d	1	159431315	N:AG[T>G]CA	-1	42640.0	159431315
JG0139d	1	159533118	N:GG[T>G]CC	-1	101803.0	159533118
JG0139d	1	159723321	N:GC[T>C]TA	-1	190203.0	159723321
JG0139d	1	159803887	T:AC[T>C]TA	-1	80566.0	159803887
JG0139d	1	159814334	T:AC[T>G]TC	-1	10447.0	159814334
JG0139d	1	159866461	N:AG[C>G]AG	-1	52127.0	159866461
JG0139d	1	159868830	N:TC[T>G]TG	-1	2369.0	159868830
JG0139d	1	162245205	T:TT[T>G]TA	-1	2376375.0	162245205
JG0139d	1	162424781	N:GC[T>G]GC	-1	179576.0	162424781
JG0139d	1	163256421	U:AC[T>G]TT	-1	831640.0	163256421
JG0139d	1	164308148	N:TC[T>G]CA	-1	1051727.0	164308148
JG0139d	1	164347411	N:GC[T>G]TG	-1	39263.0	164347411
JG0139d	1	164460772	N:GG[T>G]GA	-1	113361.0	164460772
JG0139d	1	164928912	N:TC[T>C]CT	-1	468140.0	164928912
JG0139d	1	165196547	N:AG[T>G]TA	-1	267635.0	165196547
JG0139d	1	165991026	N:TC[T>G]TA	-1	794479.0	165991026
JG0139d	1	166043996	N:AC[T>A]TA	-1	52970.0	166043996
JG0139d	1	166044023	N:TC[T>C]TT	-1	27.0	166044023
JG0139d	1	166171153	N:TC[T>C]TG	-1	127130.0	166171153
JG0139d	1	166289065	N:TC[T>C]CA	-1	117912.0	166289065
JG0139d	1	166587009	N:AC[T>G]TA	-1	297944.0	166587009
JG0139d	1	166739123	N:AC[T>G]TC	-1	152114.0	166739123
JG0139d	1	168611685	N:AT[T>G]TG	-1	1872562.0	168611685
JG0139d	1	168612987	N:AC[T>A]CC	-1	1302.0	168612987
JG0139d	1	168615004	N:AC[T>G]TA	-1	2017.0	168615004
JG0139d	1	168638274	N:AC[T>G]TG	-1	23270.0	168638274
JG0139d	1	168723300	U:CC[T>G]TG	-1	85026.0	168723300
JG0139d	1	168770830	N:TC[T>G]GA	-1	47530.0	168770830
JG0139d	1	168846336	N:AC[T>G]TC	-1	75506.0	168846336
JG0139d	1	168932769	N:AC[T>G]TA	-1	86433.0	168932769
JG0139d	1	169086840	N:TC[T>G]TG	-1	154071.0	169086840
JG0139d	1	169739398	U:AC[T>C]CG	-1	652558.0	169739398
JG0139d	1	170154518	T:TC[T>G]TA	-1	415120.0	170154518
JG0139d	1	170785290	N:AC[T>G]TG	-1	630772.0	170785290
JG0139d	1	170986329	T:TT[T>G]TT	-1	201039.0	170986329
JG0139d	1	171055044	T:TT[T>G]TT	-1	68715.0	171055044
JG0139d	1	171157777	N:AC[T>A]TA	-1	102733.0	171157777
JG0139d	1	171376165	N:AC[T>C]TC	-1	218388.0	171376165
JG0139d	1	171413961	N:CA[T>G]TA	-1	37796.0	171413961
JG0139d	1	171468401	N:AC[T>C]GA	-1	54440.0	171468401
JG0139d	1	172079365	T:AC[T>C]TA	-1	610964.0	172079365
JG0139d	1	172809131	N:AC[T>C]CT	-1	729766.0	172809131
JG0139d	1	172834898	N:GC[T>C]TT	-1	25767.0	172834898
JG0139d	1	173150270	N:AC[T>G]TA	-1	315372.0	173150270
JG0139d	1	173251831	N:CA[T>G]TG	-1	101561.0	173251831
JG0139d	1	173271315	N:AA[T>G]TC	-1	19484.0	173271315
JG0139d	1	173383172	N:AG[T>G]TA	-1	111857.0	173383172
JG0139d	1	173627259	U:GT[T>G]TC	-1	244087.0	173627259
JG0139d	1	174221015	T:TC[T>C]CT	-1	593756.0	174221015
JG0139d	1	175232509	N:GG[T>G]TG	-1	1011494.0	175232509
JG0139d	1	175326377	U:AC[T>C]CA	-1	93868.0	175326377
JG0139d	1	175366135	U:AC[T>C]TG	-1	39758.0	175366135
JG0139d	1	175613900	U:TC[T>C]CT	-1	247765.0	175613900
JG0139d	1	176017070	U:CC[T>A]TA	-1	403170.0	176017070
JG0139d	1	176147648	U:AC[T>G]TT	-1	130578.0	176147648
JG0139d	1	176512566	T:TG[T>G]TG	-1	364918.0	176512566
JG0139d	1	176669528	T:GC[T>A]GC	-1	156962.0	176669528
JG0139d	1	176840210	T:GG[T>C]TG	-1	170682.0	176840210
JG0139d	1	176914572	U:AT[T>G]CC	-1	74362.0	176914572
JG0139d	1	177155522	U:TC[T>G]TT	-1	240950.0	177155522
JG0139d	1	177376459	N:TC[T>C]TC	-1	220937.0	177376459
JG0139d	1	177411076	N:AC[T>G]CC	-1	34617.0	177411076
JG0139d	1	177621509	N:CC[T>G]TA	-1	210433.0	177621509
JG0139d	1	177674009	N:TC[T>C]CA	-1	52500.0	177674009
JG0139d	1	177893355	N:TC[T>C]TG	-1	219346.0	177893355
JG0139d	1	178087666	N:TC[T>G]TA	-1	194311.0	178087666
JG0139d	1	178364762	T:TC[T>A]TG	-1	277096.0	178364762
JG0139d	1	178550080	N:AC[T>G]TA	-1	185318.0	178550080
JG0139d	1	179023370	N:AC[T>G]GC	-1	473290.0	179023370
JG0139d	1	179464022	T:TC[T>G]CA	-1	440652.0	179464022
JG0139d	1	179707326	N:GA[T>G]TA	-1	243304.0	179707326
JG0139d	1	179902152	T:GC[T>A]TG	-1	194826.0	179902152
JG0139d	1	180343163	U:TA[T>G]TA	-1	441011.0	180343163
JG0139d	1	181338212	T:AC[T>G]TG	-1	995049.0	181338212
JG0139d	1	181397351	T:AC[T>C]CC	-1	59139.0	181397351
JG0139d	1	181400634	T:CC[T>G]TG	-1	3283.0	181400634
JG0139d	1	181721821	T:GC[T>C]GA	-1	321187.0	181721821
JG0139d	1	181908561	N:TT[T>G]TT	-1	186740.0	181908561
JG0139d	1	181975839	N:AG[T>G]TT	-1	67278.0	181975839
JG0139d	1	181989242	N:GG[T>C]GC	-1	13403.0	181989242
JG0139d	1	182108149	N:TC[T>C]TG	-1	118907.0	182108149
JG0139d	1	182405950	N:AC[T>G]TA	-1	297801.0	182405950
JG0139d	1	182406040	N:AT[T>G]TA	-1	90.0	182406040
JG0139d	1	182414761	T:TC[T>G]CC	-1	8721.0	182414761
JG0139d	1	182416153	T:GC[T>G]GA	-1	1392.0	182416153
JG0139d	1	183875899	T:AC[T>C]CA	-1	1459746.0	183875899
JG0139d	1	184188551	N:GT[T>G]TA	-1	312652.0	184188551
JG0139d	1	184367965	N:TC[T>G]GA	-1	179414.0	184367965
JG0139d	1	186051868	T:AC[T>G]TA	-1	1683903.0	186051868
JG0139d	1	186124919	T:AC[T>G]TG	-1	73051.0	186124919
JG0139d	1	186239477	N:TC[T>G]TC	-1	114558.0	186239477
JG0139d	1	186420326	T:AC[T>G]GA	-1	180849.0	186420326
JG0139d	1	186515924	N:TC[T>C]GT	-1	95598.0	186515924
JG0139d	1	186554348	N:AC[T>G]CT	-1	38424.0	186554348
JG0139d	1	186735108	N:CC[T>C]CC	-1	180760.0	186735108
JG0139d	1	186833668	T:AC[T>C]TA	-1	98560.0	186833668
JG0139d	1	186926851	T:AC[T>C]GA	-1	93183.0	186926851
JG0139d	1	186929112	T:GG[T>C]CA	-1	2261.0	186929112
JG0139d	1	187055099	N:GG[T>G]TC	-1	125987.0	187055099
JG0139d	1	187359605	N:AT[C>A]TT	-1	304506.0	187359605
JG0139d	1	187493577	N:TC[T>A]TG	-1	133972.0	187493577
JG0139d	1	187706357	N:AC[T>G]CT	-1	212780.0	187706357
JG0139d	1	187902981	N:AC[T>A]TT	-1	196624.0	187902981
JG0139d	1	187963190	N:CC[T>G]TG	-1	60209.0	187963190
JG0139d	1	188147260	N:TC[T>G]TC	-1	184070.0	188147260
JG0139d	1	188186231	N:AC[T>C]CA	-1	38971.0	188186231
JG0139d	1	188193813	N:CC[T>G]TA	-1	7582.0	188193813
JG0139d	1	188460092	N:AC[T>G]TT	-1	266279.0	188460092
JG0139d	1	188495426	N:TG[T>A]CC	-1	35334.0	188495426
JG0139d	1	188532254	N:AC[T>G]TT	-1	36828.0	188532254
JG0139d	1	188535393	N:AC[T>G]TA	-1	3139.0	188535393
JG0139d	1	188547425	N:GC[T>C]TA	-1	12032.0	188547425
JG0139d	1	188556859	N:CC[T>G]CA	-1	9434.0	188556859
JG0139d	1	188907866	N:AC[T>G]TG	-1	351007.0	188907866
JG0139d	1	188998386	N:AG[T>G]TA	-1	90520.0	188998386
JG0139d	1	189007094	N:TC[T>C]TA	-1	8708.0	189007094
JG0139d	1	189063780	N:TC[T>A]TA	-1	56686.0	189063780
JG0139d	1	189346863	N:CG[T>C]AA	-1	283083.0	189346863
JG0139d	1	189515120	N:AC[T>G]TG	-1	168257.0	189515120
JG0139d	1	189616310	N:AC[T>C]CA	-1	101190.0	189616310
JG0139d	1	189629894	N:AC[T>C]GC	-1	13584.0	189629894
JG0139d	1	190077342	N:AC[T>C]TC	-1	447448.0	190077342
JG0139d	1	190142494	U:AC[T>G]TA	-1	65152.0	190142494
JG0139d	1	190190418	U:GG[T>C]TG	-1	47924.0	190190418
JG0139d	1	190337128	U:AC[T>A]TG	-1	146710.0	190337128
JG0139d	1	190402379	U:AG[T>C]TA	-1	65251.0	190402379
JG0139d	1	190532165	N:GC[T>G]TC	-1	129786.0	190532165
JG0139d	1	190552519	N:AC[T>G]CA	-1	20354.0	190552519
JG0139d	1	190639908	N:AC[T>G]TA	-1	87389.0	190639908
JG0139d	1	190765767	N:TC[T>A]TG	-1	125859.0	190765767
JG0139d	1	190768929	N:TC[T>C]TT	-1	3162.0	190768929
JG0139d	1	191027549	N:AG[T>G]TA	-1	258620.0	191027549
JG0139d	1	191053837	N:TC[T>A]CT	-1	26288.0	191053837
JG0139d	1	191099353	N:AC[T>C]TT	-1	45516.0	191099353
JG0139d	1	191205402	N:AT[T>G]TC	-1	106049.0	191205402
JG0139d	1	191247477	N:TC[T>C]CA	-1	42075.0	191247477
JG0139d	1	191342861	N:AC[T>A]TT	-1	95384.0	191342861
JG0139d	1	191345445	N:TG[T>A]TG	-1	2584.0	191345445
JG0139d	1	191386493	N:GC[T>G]TC	-1	41048.0	191386493
JG0139d	1	191555662	N:AT[C>A]TG	1	169169.0	191555662
JG0139d	1	191584669	N:AC[T>G]TC	-1	29007.0	191584669
JG0139d	1	191729480	N:GC[T>C]TG	-1	144811.0	191729480
JG0139d	1	191733998	N:CC[T>G]TA	-1	4518.0	191733998
JG0139d	1	191811510	N:TC[T>C]CA	-1	77512.0	191811510
JG0139d	1	192061683	N:GG[T>C]CA	-1	250173.0	192061683
JG0139d	1	192928476	N:AC[T>C]CA	-1	866793.0	192928476
JG0139d	1	192935836	N:AC[T>G]TA	-1	7360.0	192935836
JG0139d	1	193949163	N:TC[T>C]CA	-1	1013327.0	193949163
JG0139d	1	194011579	N:AC[T>G]TA	-1	62416.0	194011579
JG0139d	1	194019672	N:AC[T>G]TT	-1	8093.0	194019672
JG0139d	1	194208108	N:GT[T>G]TT	-1	188436.0	194208108
JG0139d	1	194401384	N:TC[T>C]CC	-1	193276.0	194401384
JG0139d	1	195097602	N:GC[T>G]TG	-1	696218.0	195097602
JG0139d	1	195190016	N:CC[T>C]CC	-1	92414.0	195190016
JG0139d	1	195559192	N:GA[T>G]TA	-1	369176.0	195559192
JG0139d	1	195600717	N:AA[T>C]TG	1	41525.0	195600717
JG0139d	1	195738935	N:AC[T>C]TG	-1	138218.0	195738935
JG0139d	1	195917268	N:TC[T>C]TA	-1	178333.0	195917268
JG0139d	1	196018499	N:AC[T>G]TA	-1	101231.0	196018499
JG0139d	1	196557085	U:TC[T>G]TG	-1	538586.0	196557085
JG0139d	1	196825205	U:GG[T>A]TT	1	268120.0	196825205
JG0139d	1	196825208	U:TT[T>A]AT	1	3.0	196825208
JG0139d	1	196868168	N:GG[T>G]TA	-1	42960.0	196868168
JG0139d	1	197058699	U:TC[T>G]TA	-1	190531.0	197058699
JG0139d	1	197524634	U:TC[T>G]TA	-1	465935.0	197524634
JG0139d	1	198637158	N:AT[T>G]TG	-1	1112524.0	198637158
JG0139d	1	198690061	T:TC[T>C]CA	-1	52903.0	198690061
JG0139d	1	199077994	N:CC[T>G]TT	-1	387933.0	199077994
JG0139d	1	199309206	N:CA[T>A]AA	-1	231212.0	199309206
JG0139d	1	200048385	T:GG[T>G]TC	-1	739179.0	200048385
JG0139d	1	200648429	U:GC[T>G]TT	-1	600044.0	200648429
JG0139d	1	202014576	T:GC[T>G]CA	-1	1366147.0	202014576
JG0139d	1	202196019	T:GC[T>G]CA	-1	181443.0	202196019
JG0139d	1	202243232	T:GC[T>C]CA	-1	47213.0	202243232
JG0139d	1	202818783	N:TG[T>G]TT	-1	575551.0	202818783
JG0139d	1	203648308	T:TC[T>G]TG	-1	829525.0	203648308
JG0139d	1	203931895	N:TC[T>G]CA	-1	283587.0	203931895
JG0139d	1	204677581	U:CC[T>G]TT	-1	745686.0	204677581
JG0139d	1	205510068	T:TC[T>G]TG	-1	832487.0	205510068
JG0139d	1	206692079	T:AC[T>G]TG	-1	1182011.0	206692079
JG0139d	1	206768101	U:CC[T>G]CA	-1	76022.0	206768101
JG0139d	1	206793333	N:GC[T>G]CA	-1	25232.0	206793333
JG0139d	1	206928935	U:TC[T>C]CA	-1	135602.0	206928935
JG0139d	1	206965854	U:TC[T>G]TC	-1	36919.0	206965854
JG0139d	1	207241242	N:AC[T>C]CG	-1	275388.0	207241242
JG0139d	1	207295409	N:AC[T>C]TG	-1	54167.0	207295409
JG0139d	1	207406149	N:AC[T>G]TG	-1	110740.0	207406149
JG0139d	1	208144206	U:AC[T>G]TG	-1	738057.0	208144206
JG0139d	1	208379943	N:TC[T>C]GA	-1	235737.0	208379943
JG0139d	1	208395033	N:GC[T>C]CA	-1	15090.0	208395033
JG0139d	1	208420264	N:TC[T>C]TT	-1	25231.0	208420264
JG0139d	1	208503255	N:GC[T>A]CT	-1	82991.0	208503255
JG0139d	1	208667686	N:TC[T>A]TG	-1	164431.0	208667686
JG0139d	1	208687053	N:TC[T>A]CA	-1	19367.0	208687053
JG0139d	1	208738634	N:AC[T>C]CC	-1	51581.0	208738634
JG0139d	1	208995694	N:GA[T>G]TT	-1	257060.0	208995694
JG0139d	1	209057862	N:AC[T>G]TA	-1	62168.0	209057862
JG0139d	1	209119144	N:TC[T>G]TA	-1	61282.0	209119144
JG0139d	1	209162621	N:TC[T>C]TT	-1	43477.0	209162621
JG0139d	1	209216865	N:GG[T>C]CA	-1	54244.0	209216865
JG0139d	1	209460814	N:GC[T>G]TA	-1	243949.0	209460814
JG0139d	1	209470394	N:TG[T>C]GC	-1	9580.0	209470394
JG0139d	1	209477490	N:GG[T>C]TA	-1	7096.0	209477490
JG0139d	1	209507758	N:CC[T>G]CA	-1	30268.0	209507758
JG0139d	1	209543142	N:TC[T>A]CC	-1	35384.0	209543142
JG0139d	1	209786084	U:TC[T>G]TC	-1	242942.0	209786084
JG0139d	1	209801834	U:AC[T>G]TA	-1	15750.0	209801834
JG0139d	1	209807498	N:GG[T>C]GA	-1	5664.0	209807498
JG0139d	1	209812937	N:AT[T>C]TT	-1	5439.0	209812937
JG0139d	1	209832834	T:TC[T>G]TG	-1	19897.0	209832834
JG0139d	1	210437544	T:TC[T>C]CA	-1	604710.0	210437544
JG0139d	1	210882292	U:GC[T>C]TG	-1	444748.0	210882292
JG0139d	1	210998090	U:TC[T>A]TC	-1	115798.0	210998090
JG0139d	1	211002671	U:GG[T>G]TA	-1	4581.0	211002671
JG0139d	1	211035879	U:AT[C>G]TT	-1	33208.0	211035879
JG0139d	1	211163665	U:GC[T>G]CA	-1	127786.0	211163665
JG0139d	1	211637763	N:TC[T>G]TA	-1	474098.0	211637763
JG0139d	1	212037723	T:AC[T>G]TG	-1	399960.0	212037723
JG0139d	1	213346046	N:TG[T>G]TA	-1	1308323.0	213346046
JG0139d	1	213823869	N:TC[T>G]TA	-1	477823.0	213823869
JG0139d	1	213908464	N:TC[T>G]TA	-1	84595.0	213908464
JG0139d	1	214223657	N:GC[T>G]TG	-1	315193.0	214223657
JG0139d	1	215251383	N:TA[T>G]TT	-1	1027726.0	215251383
JG0139d	1	215581487	T:CC[T>G]TA	-1	330104.0	215581487
JG0139d	1	216033316	U:TG[T>C]TA	-1	451829.0	216033316
JG0139d	1	216209564	U:AG[T>G]TC	-1	176248.0	216209564
JG0139d	1	217307903	N:AT[T>C]AG	1	1098339.0	217307903
JG0139d	1	218322310	T:CC[T>G]TA	-1	1014407.0	218322310
JG0139d	1	218683085	N:TC[T>G]TC	-1	360775.0	218683085
JG0139d	1	218745757	N:GC[T>A]TG	-1	62672.0	218745757
JG0139d	1	218881741	N:CC[T>G]GA	-1	135984.0	218881741
JG0139d	1	219677090	N:TG[T>G]TC	-1	795349.0	219677090
JG0139d	1	219726780	N:AG[T>G]TT	-1	49690.0	219726780
JG0139d	1	219963824	N:TT[T>C]TG	-1	237044.0	219963824
JG0139d	1	220492984	N:AT[T>G]TA	-1	529160.0	220492984
JG0139d	1	222339990	N:TC[T>C]TG	-1	1847006.0	222339990
JG0139d	1	222415987	N:CC[T>G]CA	-1	75997.0	222415987
JG0139d	1	223152457	N:TC[T>C]TC	-1	736470.0	223152457
JG0139d	1	223248308	U:AG[C>G]CA	-1	95851.0	223248308
JG0139d	1	223880612	N:CC[T>G]CC	-1	632304.0	223880612
JG0139d	1	224818614	N:AC[T>C]TT	-1	938002.0	224818614
JG0139d	1	225078132	T:AC[T>G]TG	-1	259518.0	225078132
JG0139d	1	225231935	T:TG[T>G]TA	-1	153803.0	225231935
JG0139d	1	226570914	T:TC[T>G]TT	-1	1338979.0	226570914
JG0139d	1	226708018	U:TC[T>G]TA	-1	137104.0	226708018
JG0139d	1	226762106	N:TC[T>G]GC	-1	54088.0	226762106
JG0139d	1	227432780	N:TC[T>G]TG	-1	670674.0	227432780
JG0139d	1	227824310	T:TC[T>C]CA	-1	391530.0	227824310
JG0139d	1	227834150	T:CC[T>G]TC	-1	9840.0	227834150
JG0139d	1	228256144	T:TC[T>A]TG	-1	421994.0	228256144
JG0139d	1	228811458	N:TT[T>G]TG	-1	555314.0	228811458
JG0139d	1	229275429	T:TC[T>C]GG	-1	463971.0	229275429
JG0139d	1	229455363	U:GC[T>C]GG	-1	179934.0	229455363
JG0139d	1	229476804	U:GA[T>G]TA	-1	21441.0	229476804
JG0139d	1	229577583	N:CC[T>A]CA	-1	100779.0	229577583
JG0139d	1	229723435	N:TC[T>G]TA	-1	145852.0	229723435
JG0139d	1	230198799	T:AC[T>G]TC	-1	475364.0	230198799
JG0139d	1	230264099	T:GC[T>G]GG	-1	65300.0	230264099
JG0139d	1	230347059	U:AC[T>G]TA	-1	82960.0	230347059
JG0139d	1	231035641	U:TG[T>G]CA	-1	688582.0	231035641
JG0139d	1	231468130	N:AC[T>G]GA	-1	432489.0	231468130
JG0139d	1	231653923	T:AC[T>C]CT	-1	185793.0	231653923
JG0139d	1	232684017	N:GC[T>G]TA	-1	1030094.0	232684017
JG0139d	1	233199494	U:TG[T>C]TA	-1	515477.0	233199494
JG0139d	1	233427438	N:TC[T>G]TC	-1	227944.0	233427438
JG0139d	1	233520024	N:AC[T>G]CA	-1	92586.0	233520024
JG0139d	1	233583816	N:TC[T>A]CC	-1	63792.0	233583816
JG0139d	1	233775475	N:AG[T>G]TA	-1	191659.0	233775475
JG0139d	1	234363578	N:TC[T>G]TA	-1	588103.0	234363578
JG0139d	1	236069619	N:TC[T>G]CG	-1	1706041.0	236069619
JG0139d	1	237099778	T:AC[T>G]CA	-1	1030159.0	237099778
JG0139d	1	238941826	N:AC[T>G]TG	-1	1842048.0	238941826
JG0139d	1	239054581	N:GC[T>G]TG	-1	112755.0	239054581
JG0139d	1	239574300	N:GG[T>A]TT	1	519719.0	239574300
JG0139d	1	239826610	T:AC[T>C]TT	-1	252310.0	239826610
JG0139d	1	241060720	U:AC[T>C]GC	-1	1234110.0	241060720
JG0139d	1	241253856	U:TG[T>C]CT	-1	193136.0	241253856
JG0139d	1	243452549	T:AC[T>C]CA	-1	2198693.0	243452549
JG0139d	1	244270452	N:AC[T>G]TT	-1	817903.0	244270452
JG0139d	1	245851856	U:AC[T>A]CC	-1	1581404.0	245851856
JG0139d	1	245902695	T:CA[C>G]TA	1	50839.0	245902695
JG0139d	1	245917664	U:TC[T>C]TA	-1	14969.0	245917664
JG0139d	1	245968733	U:AC[T>C]TG	-1	51069.0	245968733
JG0139d	1	246033587	U:GG[T>C]CT	-1	64854.0	246033587
JG0139d	1	246183691	U:TC[T>A]TT	-1	150104.0	246183691
JG0139d	1	246518186	N:CC[T>C]GG	-1	334495.0	246518186
JG0139d	1	247195567	N:TC[T>C]TA	-1	677381.0	247195567
JG0139d	1	247820781	U:AG[T>G]TC	-1	625214.0	247820781
JG0139d	1	247843711	N:TC[T>C]TA	-1	22930.0	247843711
JG0139d	1	248002320	N:GC[T>C]TA	-1	158609.0	248002320
JG0139d	1	248027908	N:CC[T>G]CA	-1	25588.0	248027908
JG0139d	1	248527948	N:TC[T>G]TA	-1	500040.0	248527948
JG0139d	1	248755870	N:TC[T>G]GA	-1	227922.0	248755870
JG0139d	1	248826069	U:CC[T>C]GA	-1	70199.0	248826069
JG0139d	2	33960	N:AC[T>G]TG	-1		248990382
JG0139d	2	74834	N:CA[C>A]AG	-1	40874.0	249031256
JG0139d	2	162942	N:AG[T>G]TT	-1	88108.0	249119364
JG0139d	2	256550	U:TC[T>A]GG	-1	93608.0	249212972
JG0139d	2	363177	N:CC[T>C]CA	-1	106627.0	249319599
JG0139d	2	413285	N:AC[T>C]CT	1	50108.0	249369707
JG0139d	2	440817	N:TC[T>G]CC	1	27532.0	249397239
JG0139d	2	817281	N:CC[T>C]TG	-1	376464.0	249773703
JG0139d	2	1049392	T:TC[T>C]GA	-1	232111.0	250005814
JG0139d	2	1100362	U:GT[C>G]TC	1	50970.0	250056784
JG0139d	2	1867389	T:CC[T>A]TG	1	767027.0	250823811
JG0139d	2	2097923	U:AC[T>C]CA	-1	230534.0	251054345
JG0139d	2	2188217	T:AC[T>C]CA	1	90294.0	251144639
JG0139d	2	2207724	T:TC[T>C]CT	1	19507.0	251164146
JG0139d	2	2620741	N:TC[T>A]TG	1	413017.0	251577163
JG0139d	2	2687833	N:CC[C>T]AG	1	67092.0	251644255
JG0139d	2	2884906	N:TG[T>C]TG	1	197073.0	251841328
JG0139d	2	3280614	U:AC[T>G]TA	-1	395708.0	252237036
JG0139d	2	3306517	T:AC[T>G]TA	1	25903.0	252262939
JG0139d	2	3402150	U:AG[T>C]TT	1	95633.0	252358572
JG0139d	2	3422392	U:GC[T>C]CC	1	20242.0	252378814
JG0139d	2	3576162	U:AC[T>G]TA	1	153770.0	252532584
JG0139d	2	3741819	U:TC[T>G]CA	1	165657.0	252698241
JG0139d	2	3916938	N:AA[T>C]GC	1	175119.0	252873360
JG0139d	2	3966364	N:TG[T>C]AG	1	49426.0	252922786
JG0139d	2	4067477	N:GA[T>G]TA	-1	101113.0	253023899
JG0139d	2	4124260	N:GT[C>G]AC	-1	56783.0	253080682
JG0139d	2	4544902	N:TA[C>T]TA	-1	420642.0	253501324
JG0139d	2	4544903	N:AG[T>G]AA	1	1.0	253501325
JG0139d	2	5195004	N:GT[C>A]TT	1	650101.0	254151426
JG0139d	2	7213680	N:TT[T>G]TC	1	2018676.0	256170102
JG0139d	2	7437949	N:AC[T>C]AG	1	224269.0	256394371
JG0139d	2	7567297	N:GC[T>C]CC	1	129348.0	256523719
JG0139d	2	7804319	N:AG[T>G]TA	1	237022.0	256760741
JG0139d	2	7952527	N:CC[T>C]CG	1	148208.0	256908949
JG0139d	2	7989129	N:AC[T>G]TT	1	36602.0	256945551
JG0139d	2	8052284	N:CC[T>C]TT	1	63155.0	257008706
JG0139d	2	8377445	N:AC[T>C]TA	1	325161.0	257333867
JG0139d	2	8442072	N:AG[T>C]GG	1	64627.0	257398494
JG0139d	2	8573910	N:GC[T>C]TG	1	131838.0	257530332
JG0139d	2	8915993	T:AC[T>C]TA	1	342083.0	257872415
JG0139d	2	11235404	T:AA[T>G]TA	1	2319411.0	260191826
JG0139d	2	11795876	U:AC[T>G]TG	1	560472.0	260752298
JG0139d	2	11918574	N:AC[T>C]AC	1	122698.0	260874996
JG0139d	2	11985413	N:AG[T>C]AT	1	66839.0	260941835
JG0139d	2	12791000	N:TC[T>A]TT	1	805587.0	261747422
JG0139d	2	13647915	N:TT[T>C]TG	-1	856915.0	262604337
JG0139d	2	13707276	N:AC[T>G]TC	1	59361.0	262663698
JG0139d	2	15151406	N:GC[T>G]TG	1	1444130.0	264107828
JG0139d	2	15303575	T:TG[C>A]AG	1	152169.0	264259997
JG0139d	2	16251349	N:GG[T>C]AC	1	947774.0	265207771
JG0139d	2	16374389	N:GG[T>G]TA	1	123040.0	265330811
JG0139d	2	17029229	N:GC[T>G]TA	1	654840.0	265985651
JG0139d	2	18752513	N:TC[T>A]CA	1	1723284.0	267708935
JG0139d	2	20515335	N:AC[T>C]TA	1	1762822.0	269471757
JG0139d	2	21565301	N:TC[T>C]TG	1	1049966.0	270521723
JG0139d	2	22001952	N:TC[T>G]TG	1	436651.0	270958374
JG0139d	2	23029078	N:GC[T>G]CA	1	1027126.0	271985500
JG0139d	2	23301278	N:GC[T>C]AG	1	272200.0	272257700
JG0139d	2	23468892	U:AC[T>G]TG	1	167614.0	272425314
JG0139d	2	24697126	U:TC[T>C]CA	1	1228234.0	273653548
JG0139d	2	29285405	T:CC[T>G]TG	1	4588279.0	278241827
JG0139d	2	31034263	T:GA[T>G]TA	1	1748858.0	279990685
JG0139d	2	32606794	U:AG[T>G]CA	1	1572531.0	281563216
JG0139d	2	32875215	N:GC[T>C]CT	1	268421.0	281831637
JG0139d	2	33126585	U:AC[T>G]TA	1	251370.0	282083007
JG0139d	2	33688752	N:TC[T>G]TG	1	562167.0	282645174
JG0139d	2	34488753	N:CC[T>C]CA	1	800001.0	283445175
JG0139d	2	35862445	N:AC[T>C]TG	1	1373692.0	284818867
JG0139d	2	36986411	T:AC[T>C]TT	1	1123966.0	285942833
JG0139d	2	41031184	N:AC[T>C]TA	1	4044773.0	289987606
JG0139d	2	41857989	N:AC[T>C]TT	1	826805.0	290814411
JG0139d	2	43689811	U:AC[T>C]CA	1	1831822.0	292646233
JG0139d	2	45311040	N:CC[C>A]CT	1	1621229.0	294267462
JG0139d	2	53485828	N:TC[T>C]CA	-1	8174788.0	302442250
JG0139d	2	56937644	N:TC[T>C]CA	-1	3451816.0	305894066
JG0139d	2	57143888	N:AC[T>A]TA	-1	206244.0	306100310
JG0139d	2	57372489	N:AC[T>C]AG	-1	228601.0	306328911
JG0139d	2	57372848	N:AC[T>G]TA	-1	359.0	306329270
JG0139d	2	57388164	N:TC[T>A]TT	-1	15316.0	306344586
JG0139d	2	57583022	N:AC[T>G]TC	-1	194858.0	306539444
JG0139d	2	59501965	N:TC[T>G]TT	-1	1918943.0	308458387
JG0139d	2	59549224	N:AG[T>C]CA	-1	47259.0	308505646
JG0139d	2	59646799	N:AC[T>G]TT	-1	97575.0	308603221
JG0139d	2	59647453	N:GC[T>C]TA	-1	654.0	308603875
JG0139d	2	59872399	N:TC[T>G]TC	-1	224946.0	308828821
JG0139d	2	63691795	N:AC[T>C]TT	-1	3819396.0	312648217
JG0139d	2	64152083	N:AG[T>C]CT	1	460288.0	313108505
JG0139d	2	65614129	N:TC[T>C]TT	-1	1462046.0	314570551
JG0139d	2	65957506	N:GG[T>G]CC	-1	343377.0	314913928
JG0139d	2	66001163	N:GA[T>G]CA	-1	43657.0	314957585
JG0139d	2	66002042	N:AC[T>G]TG	-1	879.0	314958464
JG0139d	2	66331016	N:TC[T>G]TG	-1	328974.0	315287438
JG0139d	2	66667202	N:GC[T>G]TG	-1	336186.0	315623624
JG0139d	2	66990829	N:TC[T>G]TG	-1	323627.0	315947251
JG0139d	2	67169303	N:TC[T>A]TG	-1	178474.0	316125725
JG0139d	2	70942197	B:AC[T>C]AA	-1	3772894.0	319898619
JG0139d	2	71061200	N:TC[T>C]TC	1	119003.0	320017622
JG0139d	2	71593714	T:TC[T>A]TA	-1	532514.0	320550136
JG0139d	2	71996807	N:AC[T>G]TA	-1	403093.0	320953229
JG0139d	2	72194702	U:TC[T>G]TG	-1	197895.0	321151124
JG0139d	2	72403964	U:TC[T>A]TT	-1	209262.0	321360386
JG0139d	2	76532222	N:AG[T>G]TG	-1	4128258.0	325488644
JG0139d	2	76564403	N:TC[T>G]TG	-1	32181.0	325520825
JG0139d	2	76972512	U:AC[T>C]CA	-1	408109.0	325928934
JG0139d	2	77032679	U:GG[T>C]CT	-1	60167.0	325989101
JG0139d	2	77374042	U:TC[T>C]TA	-1	341363.0	326330464
JG0139d	2	77414716	U:AC[T>C]AC	-1	40674.0	326371138
JG0139d	2	77441828	U:AG[T>G]CA	-1	27112.0	326398250
JG0139d	2	77474827	U:TA[T>G]TA	-1	32999.0	326431249
JG0139d	2	77484866	U:AC[T>G]TA	-1	10039.0	326441288
JG0139d	2	77509254	U:TG[T>G]TT	-1	24388.0	326465676
JG0139d	2	77600366	N:TC[T>C]CA	-1	91112.0	326556788
JG0139d	2	77714257	N:AC[T>A]CA	-1	113891.0	326670679
JG0139d	2	77840459	N:AC[T>C]CT	-1	126202.0	326796881
JG0139d	2	77909861	N:CC[T>A]CA	-1	69402.0	326866283
JG0139d	2	77967075	N:GG[T>A]TG	-1	57214.0	326923497
JG0139d	2	78244141	N:TC[T>C]TG	1	277066.0	327200563
JG0139d	2	78283028	N:AC[T>G]TA	-1	38887.0	327239450
JG0139d	2	78325026	N:AC[T>C]CT	-1	41998.0	327281448
JG0139d	2	78435305	N:TG[T>C]CA	-1	110279.0	327391727
JG0139d	2	78557163	N:AC[T>A]TG	-1	121858.0	327513585
JG0139d	2	78806458	N:GC[T>G]TA	-1	249295.0	327762880
JG0139d	2	79039652	N:TC[T>G]TA	-1	233194.0	327996074
JG0139d	2	79058822	N:GC[T>G]TT	-1	19170.0	328015244
JG0139d	2	79254029	T:TC[T>G]GA	-1	195207.0	328210451
JG0139d	2	79497838	T:AT[T>A]TA	-1	243809.0	328454260
JG0139d	2	79691255	T:AA[T>C]TA	-1	193417.0	328647677
JG0139d	2	80213820	T:AC[T>C]TT	-1	522565.0	329170242
JG0139d	2	80619810	T:CC[T>A]TG	-1	405990.0	329576232
JG0139d	2	80648664	T:CC[T>G]TC	-1	28854.0	329605086
JG0139d	2	82976373	N:AC[T>G]TA	-1	2327709.0	331932795
JG0139d	2	103322289	N:AC[T>C]TG	-1	20345916.0	352278711
JG0139d	2	104264886	N:GA[C>T]AT	1	942597.0	353221308
JG0139d	2	107261992	N:CT[C>T]TG	-1	2997106.0	356218414
JG0139d	2	117864268	N:TC[T>C]GA	1	10602276.0	366820690
JG0139d	2	123793960	N:TT[C>T]AT	1	5929692.0	372750382
JG0139d	2	126262798	N:TC[T>G]TG	-1	2468838.0	375219220
JG0139d	2	133099485	T:AC[T>C]CA	1	6836687.0	382055907
JG0139d	2	133158114	T:AC[T>C]TG	1	58629.0	382114536
JG0139d	2	134071372	N:CC[T>C]CA	1	913258.0	383027794
JG0139d	2	137452046	U:AC[T>C]TG	1	3380674.0	386408468
JG0139d	2	137716000	N:GC[T>C]TG	1	263954.0	386672422
JG0139d	2	140825564	T:AG[T>A]CC	1	3109564.0	389781986
JG0139d	2	141335886	T:TG[T>G]TG	1	510322.0	390292308
JG0139d	2	141677332	T:AA[T>G]TA	1	341446.0	390633754
JG0139d	2	145096819	N:GG[T>C]TG	1	3419487.0	394053241
JG0139d	2	146100724	N:AG[T>C]GA	1	1003905.0	395057146
JG0139d	2	147842033	N:AC[T>C]TG	1	1741309.0	396798455
JG0139d	2	148404847	U:AC[T>G]TA	1	562814.0	397361269
JG0139d	2	151390198	N:AT[C>G]TC	-1	2985351.0	400346620
JG0139d	2	154265692	U:AC[T>C]CT	1	2875494.0	403222114
JG0139d	2	154427991	U:AG[T>G]TA	1	162299.0	403384413
JG0139d	2	154906268	N:TT[C>T]CA	1	478277.0	403862690
JG0139d	2	155090592	N:AC[T>G]TC	1	184324.0	404047014
JG0139d	2	156895658	N:TC[T>G]TA	1	1805066.0	405852080
JG0139d	2	162892804	N:AG[T>C]TA	1	5997146.0	411849226
JG0139d	2	163380299	N:AC[T>G]GA	1	487495.0	412336721
JG0139d	2	165324605	U:TC[T>C]TA	1	1944306.0	414281027
JG0139d	2	166203113	T:AC[T>G]TC	1	878508.0	415159535
JG0139d	2	167286092	N:CT[C>G]TA	1	1082979.0	416242514
JG0139d	2	170158639	N:CC[T>C]CT	1	2872547.0	419115061
JG0139d	2	175351821	N:CC[T>C]GA	1	5193182.0	424308243
JG0139d	2	176988997	N:GG[T>G]CA	1	1637176.0	425945419
JG0139d	2	177954186	T:TC[T>C]TA	1	965189.0	426910608
JG0139d	2	180017381	N:CC[T>C]TG	1	2063195.0	428973803
JG0139d	2	181634458	U:TG[C>G]TA	-1	1617077.0	430590880
JG0139d	2	184345758	N:AT[T>A]TC	-1	2711300.0	433302180
JG0139d	2	185024182	N:AA[T>C]TA	1	678424.0	433980604
JG0139d	2	187560010	U:CT[T>G]TA	-1	2535828.0	436516432
JG0139d	2	190591187	N:AC[T>G]TA	1	3031177.0	439547609
JG0139d	2	191693480	U:GC[T>G]GA	1	1102293.0	440649902
JG0139d	2	194647475	N:AC[T>A]CT	1	2953995.0	443603897
JG0139d	2	195037330	N:TG[T>C]CA	-1	389855.0	443993752
JG0139d	2	195280892	N:AC[T>G]TA	-1	243562.0	444237314
JG0139d	2	195314466	N:TC[T>A]TA	-1	33574.0	444270888
JG0139d	2	195319807	N:AC[T>G]TA	-1	5341.0	444276229
JG0139d	2	195400465	N:AC[T>G]TA	-1	80658.0	444356887
JG0139d	2	195402166	N:AG[T>C]TT	-1	1701.0	444358588
JG0139d	2	195629761	U:TC[T>C]CG	1	227595.0	444586183
JG0139d	2	196043103	U:TG[T>G]CA	-1	413342.0	444999525
JG0139d	2	196083323	N:GC[T>C]GC	-1	40220.0	445039745
JG0139d	2	196110930	N:AC[T>G]CA	-1	27607.0	445067352
JG0139d	2	196239814	U:AC[T>C]CC	-1	128884.0	445196236
JG0139d	2	196320811	U:AG[T>A]CA	-1	80997.0	445277233
JG0139d	2	196332262	U:AC[T>C]TA	-1	11451.0	445288684
JG0139d	2	197625136	T:AC[C>T]AC	1	1292874.0	446581558
JG0139d	2	197878555	T:GC[T>C]TA	-1	253419.0	446834977
JG0139d	2	198153525	N:TC[T>C]CC	-1	274970.0	447109947
JG0139d	2	198460409	N:AC[T>C]TA	-1	306884.0	447416831
JG0139d	2	198547516	N:AA[T>G]TC	-1	87107.0	447503938
JG0139d	2	198591473	N:AC[T>G]TG	-1	43957.0	447547895
JG0139d	2	198716042	N:TC[T>C]TC	-1	124569.0	447672464
JG0139d	2	199151598	N:GC[T>G]CA	-1	435556.0	448108020
JG0139d	2	199255469	N:TC[T>G]TA	-1	103871.0	448211891
JG0139d	2	199802068	T:GC[T>A]CC	1	546599.0	448758490
JG0139d	2	200025706	N:CC[T>C]GA	-1	223638.0	448982128
JG0139d	2	200031407	N:CC[T>C]TG	-1	5701.0	448987829
JG0139d	2	200036558	N:GC[T>C]TG	-1	5151.0	448992980
JG0139d	2	200047775	N:GC[T>G]TC	-1	11217.0	449004197
JG0139d	2	200529052	T:TC[T>C]GC	-1	481277.0	449485474
JG0139d	2	200635815	U:GG[T>C]CA	1	106763.0	449592237
JG0139d	2	201185455	T:TC[T>C]CA	-1	549640.0	450141877
JG0139d	2	201379666	U:CT[T>G]GG	-1	194211.0	450336088
JG0139d	2	201792628	T:GA[T>G]TA	-1	412962.0	450749050
JG0139d	2	201981140	N:GG[C>T]GC	-1	188512.0	450937562
JG0139d	2	201983093	N:GC[T>A]TG	1	1953.0	450939515
JG0139d	2	203077438	U:AG[T>G]TA	1	1094345.0	452033860
JG0139d	2	203715356	U:GG[T>C]AT	1	637918.0	452671778
JG0139d	2	203736267	T:TC[T>C]TG	-1	20911.0	452692689
JG0139d	2	203861552	N:TC[T>G]TT	1	125285.0	452817974
JG0139d	2	204305900	N:AG[T>G]TG	-1	444348.0	453262322
JG0139d	2	204617820	T:AC[T>G]TA	-1	311920.0	453574242
JG0139d	2	204741349	T:AC[T>A]CA	-1	123529.0	453697771
JG0139d	2	204997513	T:AC[T>A]TT	-1	256164.0	453953935
JG0139d	2	205223600	U:TC[T>G]TT	1	226087.0	454180022
JG0139d	2	205478373	U:GG[T>G]TG	1	254773.0	454434795
JG0139d	2	207512694	N:AG[T>G]TA	1	2034321.0	456469116
JG0139d	2	208208280	N:TC[T>C]TC	-1	695586.0	457164702
JG0139d	2	208258388	U:TC[T>C]TG	-1	50108.0	457214810
JG0139d	2	208436958	T:AC[T>G]TC	-1	178570.0	457393380
JG0139d	2	208485484	T:AC[T>C]GA	-1	48526.0	457441906
JG0139d	2	208852492	N:AC[T>G]TG	-1	367008.0	457808914
JG0139d	2	208857233	N:TC[T>G]TA	-1	4741.0	457813655
JG0139d	2	208901524	N:TC[T>C]GG	-1	44291.0	457857946
JG0139d	2	208984321	N:TG[T>G]TC	-1	82797.0	457940743
JG0139d	2	209007351	N:AG[T>G]TC	-1	23030.0	457963773
JG0139d	2	209192778	N:AC[T>C]TG	-1	185427.0	458149200
JG0139d	2	209729415	T:AC[T>G]TA	-1	536637.0	458685837
JG0139d	2	209859173	T:AC[T>C]TA	-1	129758.0	458815595
JG0139d	2	209970049	T:CC[T>C]TG	-1	110876.0	458926471
JG0139d	2	209976575	T:TC[T>A]TT	-1	6526.0	458932997
JG0139d	2	210219723	U:GC[T>C]TT	-1	243148.0	459176145
JG0139d	2	210246813	N:AC[T>A]TG	-1	27090.0	459203235
JG0139d	2	210275292	N:AC[T>G]TC	-1	28479.0	459231714
JG0139d	2	210346870	N:CC[T>C]GA	-1	71578.0	459303292
JG0139d	2	210375358	N:AC[T>G]TC	-1	28488.0	459331780
JG0139d	2	210605367	T:TG[T>G]TA	-1	230009.0	459561789
JG0139d	2	210698979	N:AG[T>C]CA	-1	93612.0	459655401
JG0139d	2	210743175	N:GG[T>C]GA	-1	44196.0	459699597
JG0139d	2	210751634	N:AC[T>G]TA	-1	8459.0	459708056
JG0139d	2	210771215	N:TC[T>G]TA	-1	19581.0	459727637
JG0139d	2	210834385	N:TC[T>A]GA	1	63170.0	459790807
JG0139d	2	210866857	N:TC[T>G]TT	-1	32472.0	459823279
JG0139d	2	210951401	N:TC[T>C]TA	-1	84544.0	459907823
JG0139d	2	210964152	N:TC[T>G]TA	-1	12751.0	459920574
JG0139d	2	211029022	N:GG[T>G]TA	-1	64870.0	459985444
JG0139d	2	211043545	N:GC[T>C]CA	-1	14523.0	459999967
JG0139d	2	211564587	U:AC[T>G]TG	-1	521042.0	460521009
JG0139d	2	212045582	U:GC[T>C]TG	-1	480995.0	461002004
JG0139d	2	212092433	U:AC[T>G]TG	-1	46851.0	461048855
JG0139d	2	212247813	U:AT[T>G]TT	-1	155380.0	461204235
JG0139d	2	212381539	U:GC[T>C]TG	-1	133726.0	461337961
JG0139d	2	212414025	U:AC[T>G]CA	-1	32486.0	461370447
JG0139d	2	212578682	N:TC[T>C]TA	-1	164657.0	461535104
JG0139d	2	212596614	N:AC[T>G]CA	1	17932.0	461553036
JG0139d	2	212717154	N:AC[T>G]TA	-1	120540.0	461673576
JG0139d	2	212729884	N:TC[T>C]CA	-1	12730.0	461686306
JG0139d	2	212769115	N:AC[T>G]TG	-1	39231.0	461725537
JG0139d	2	212844967	N:GC[T>C]TA	-1	75852.0	461801389
JG0139d	2	212922153	N:AC[T>G]TC	-1	77186.0	461878575
JG0139d	2	212926461	N:CC[T>C]GA	-1	4308.0	461882883
JG0139d	2	212954605	N:GA[T>A]AA	-1	28144.0	461911027
JG0139d	2	213038745	U:AC[T>C]TA	-1	84140.0	461995167
JG0139d	2	213067810	T:AT[T>G]TA	1	29065.0	462024232
JG0139d	2	213131071	U:TC[T>G]TA	-1	63261.0	462087493
JG0139d	2	213168577	N:TA[C>A]AC	-1	37506.0	462124999
JG0139d	2	213437206	T:TC[T>G]CA	-1	268629.0	462393628
JG0139d	2	213503365	T:TG[T>C]CA	-1	66159.0	462459787
JG0139d	2	213539866	T:AC[T>G]TA	-1	36501.0	462496288
JG0139d	2	213792167	T:TC[T>C]TA	-1	252301.0	462748589
JG0139d	2	214080344	T:GA[T>A]TA	-1	288177.0	463036766
JG0139d	2	214183391	T:TC[T>C]TG	-1	103047.0	463139813
JG0139d	2	214221581	T:TC[T>C]CT	-1	38190.0	463178003
JG0139d	2	214280686	T:GC[T>C]CA	-1	59105.0	463237108
JG0139d	2	214378625	T:GC[T>C]CC	-1	97939.0	463335047
JG0139d	2	214487232	U:AC[T>G]TT	1	108607.0	463443654
JG0139d	2	214489344	T:AC[T>G]TT	-1	2112.0	463445766
JG0139d	2	214890029	N:TG[T>A]CA	-1	400685.0	463846451
JG0139d	2	214913585	N:AC[T>G]TA	1	23556.0	463870007
JG0139d	2	214942824	U:AC[T>C]AG	-1	29239.0	463899246
JG0139d	2	215004228	T:TT[C>G]AA	1	61404.0	463960650
JG0139d	2	215108427	U:TC[T>G]TA	-1	104199.0	464064849
JG0139d	2	215142874	N:TA[T>C]TG	-1	34447.0	464099296
JG0139d	2	215149876	N:AC[T>G]TG	-1	7002.0	464106298
JG0139d	2	215213773	N:GC[T>C]CA	-1	63897.0	464170195
JG0139d	2	215218122	N:TC[T>C]CC	1	4349.0	464174544
JG0139d	2	215270429	N:AC[T>A]CC	-1	52307.0	464226851
JG0139d	2	215327277	T:TC[T>G]TG	-1	56848.0	464283699
JG0139d	2	215328109	T:AC[T>G]TG	-1	832.0	464284531
JG0139d	2	215384873	U:AC[T>G]TA	-1	56764.0	464341295
JG0139d	2	215468603	N:TC[T>C]CG	-1	83730.0	464425025
JG0139d	2	215538921	N:TC[T>C]TT	-1	70318.0	464495343
JG0139d	2	215736642	N:AG[T>C]TA	1	197721.0	464693064
JG0139d	2	216089263	T:CA[C>A]CA	-1	352621.0	465045685
JG0139d	2	216578893	U:TC[T>C]AC	1	489630.0	465535315
JG0139d	2	216593406	N:GC[T>G]TC	1	14513.0	465549828
JG0139d	2	216780906	N:GC[T>C]CC	-1	187500.0	465737328
JG0139d	2	216885027	N:TC[T>C]GG	-1	104121.0	465841449
JG0139d	2	216949717	N:AC[T>C]TG	-1	64690.0	465906139
JG0139d	2	216975332	N:CC[T>A]TC	-1	25615.0	465931754
JG0139d	2	217121957	N:TC[T>C]CC	-1	146625.0	466078379
JG0139d	2	217214233	N:GC[T>G]TG	-1	92276.0	466170655
JG0139d	2	217262421	N:AC[T>G]TG	1	48188.0	466218843
JG0139d	2	217335822	N:GG[T>A]CA	1	73401.0	466292244
JG0139d	2	217377199	N:AC[T>C]TA	-1	41377.0	466333621
JG0139d	2	217426096	N:CC[T>A]TT	-1	48897.0	466382518
JG0139d	2	217448644	N:TC[T>G]TG	-1	22548.0	466405066
JG0139d	2	217506760	N:AC[T>G]TG	-1	58116.0	466463182
JG0139d	2	217525097	N:TC[T>G]TA	-1	18337.0	466481519
JG0139d	2	217591080	N:GC[T>G]TG	-1	65983.0	466547502
JG0139d	2	217642694	N:AC[T>G]TC	-1	51614.0	466599116
JG0139d	2	217673235	N:TC[T>G]TA	-1	30541.0	466629657
JG0139d	2	218029070	T:TC[T>G]TC	1	355835.0	466985492
JG0139d	2	219474891	U:TC[T>A]TG	1	1445821.0	468431313
JG0139d	2	219831505	N:AC[T>C]TG	-1	356614.0	468787927
JG0139d	2	219846867	N:AC[T>A]TT	1	15362.0	468803289
JG0139d	2	219850642	N:TC[T>A]CT	1	3775.0	468807064
JG0139d	2	219972315	N:TT[T>C]TA	-1	121673.0	468928737
JG0139d	2	220045758	N:AC[T>C]TG	-1	73443.0	469002180
JG0139d	2	220192990	N:AC[C>A]TA	1	147232.0	469149412
JG0139d	2	220271480	N:AC[T>C]TG	-1	78490.0	469227902
JG0139d	2	220326240	N:TT[T>G]CA	-1	54760.0	469282662
JG0139d	2	220341531	N:GT[C>A]TT	-1	15291.0	469297953
JG0139d	2	220414067	N:TC[T>C]TA	-1	72536.0	469370489
JG0139d	2	220440410	N:AG[T>G]TA	-1	26343.0	469396832
JG0139d	2	220472337	N:AC[T>G]TG	-1	31927.0	469428759
JG0139d	2	220567065	N:AG[T>A]CC	-1	94728.0	469523487
JG0139d	2	220605826	N:AC[T>G]TG	-1	38761.0	469562248
JG0139d	2	220749611	N:TC[T>C]GA	-1	143785.0	469706033
JG0139d	2	220941550	N:AC[T>A]TG	-1	191939.0	469897972
JG0139d	2	220983931	N:AC[T>G]TT	-1	42381.0	469940353
JG0139d	2	221025535	N:AC[T>G]TA	-1	41604.0	469981957
JG0139d	2	221109768	N:AC[T>G]TG	-1	84233.0	470066190
JG0139d	2	222202365	U:CG[T>C]CG	-1	1092597.0	471158787
JG0139d	2	222839113	N:GC[T>G]TG	-1	636748.0	471795535
JG0139d	2	223037887	N:AC[T>G]TG	-1	198774.0	471994309
JG0139d	2	223181629	N:TC[T>A]TG	-1	143742.0	472138051
JG0139d	2	223197301	N:TC[T>G]TG	-1	15672.0	472153723
JG0139d	2	223214662	N:AC[T>C]TG	-1	17361.0	472171084
JG0139d	2	223639914	N:TC[T>C]TG	-1	425252.0	472596336
JG0139d	2	224136095	N:AC[T>G]TA	-1	496181.0	473092517
JG0139d	2	224140016	N:AC[T>C]CG	1	3921.0	473096438
JG0139d	2	224145442	N:CA[T>C]TA	1	5426.0	473101864
JG0139d	2	224145451	N:TT[T>C]TT	1	9.0	473101873
JG0139d	2	224263963	N:AC[T>G]TA	-1	118512.0	473220385
JG0139d	2	224270662	N:AC[T>A]CA	-1	6699.0	473227084
JG0139d	2	224281147	N:AG[T>C]CC	-1	10485.0	473237569
JG0139d	2	225036375	U:AC[T>G]TA	-1	755228.0	473992797
JG0139d	2	225110423	N:TC[T>A]TT	-1	74048.0	474066845
JG0139d	2	225124767	N:TC[T>C]CA	-1	14344.0	474081189
JG0139d	2	225144175	N:AC[T>G]TA	-1	19408.0	474100597
JG0139d	2	225378228	N:TG[T>C]GA	1	234053.0	474334650
JG0139d	2	225454123	T:TC[T>C]CA	-1	75895.0	474410545
JG0139d	2	225494964	U:AC[T>C]TT	1	40841.0	474451386
JG0139d	2	225601081	T:AC[T>C]TC	-1	106117.0	474557503
JG0139d	2	225665712	N:AC[C>T]TC	-1	64631.0	474622134
JG0139d	2	225684249	N:AC[T>G]TT	-1	18537.0	474640671
JG0139d	2	225856748	N:TC[T>C]CG	1	172499.0	474813170
JG0139d	2	225899972	N:AG[T>C]CA	-1	43224.0	474856394
JG0139d	2	226051826	N:AC[T>C]TT	1	151854.0	475008248
JG0139d	2	226257053	N:TC[T>A]CG	-1	205227.0	475213475
JG0139d	2	226296290	N:GC[T>A]TA	-1	39237.0	475252712
JG0139d	2	226565377	N:TG[T>G]TA	1	269087.0	475521799
JG0139d	2	226586540	N:AC[T>G]TA	1	21163.0	475542962
JG0139d	2	226640361	N:TA[T>G]TC	1	53821.0	475596783
JG0139d	2	226763934	T:AC[T>G]TA	1	123573.0	475720356
JG0139d	2	227816963	T:TC[T>C]CA	-1	1053029.0	476773385
JG0139d	2	227828923	N:TC[T>C]TA	-1	11960.0	476785345
JG0139d	2	228088098	U:TC[T>G]TC	-1	259175.0	477044520
JG0139d	2	228119583	U:TC[T>C]CA	-1	31485.0	477076005
JG0139d	2	228355593	N:TC[T>C]TG	-1	236010.0	477312015
JG0139d	2	229053611	T:TC[T>C]TG	1	698018.0	478010033
JG0139d	2	229624087	T:TT[T>G]AT	1	570476.0	478580509
JG0139d	2	229955620	U:GG[T>A]TT	1	331533.0	478912042
JG0139d	2	230241495	U:TA[T>C]CA	1	285875.0	479197917
JG0139d	2	230247016	T:TC[T>G]CA	-1	5521.0	479203438
JG0139d	2	230350970	T:AC[T>C]TC	-1	103954.0	479307392
JG0139d	2	230447627	T:TC[T>G]TG	-1	96657.0	479404049
JG0139d	2	230462705	U:AC[T>C]TA	1	15078.0	479419127
JG0139d	2	230473931	U:TG[T>G]CA	1	11226.0	479430353
JG0139d	2	230496072	U:GG[T>G]TA	1	22141.0	479452494
JG0139d	2	230640525	N:AC[T>C]CG	1	144453.0	479596947
JG0139d	2	230872808	T:AC[T>G]GA	-1	232283.0	479829230
JG0139d	2	230996583	U:AG[T>G]TC	1	123775.0	479953005
JG0139d	2	232538513	N:GC[T>G]TC	1	1541930.0	481494935
JG0139d	2	232584112	N:AC[T>G]TA	1	45599.0	481540534
JG0139d	2	232665882	U:GG[T>G]TT	1	81770.0	481622304
JG0139d	2	234307834	N:GC[T>C]CC	1	1641952.0	483264256
JG0139d	2	234435944	N:GC[T>C]TG	1	128110.0	483392366
JG0139d	2	235003690	T:TG[T>A]CA	-1	567746.0	483960112
JG0139d	2	235127606	N:GC[T>A]CA	-1	123916.0	484084028
JG0139d	2	235226542	N:TC[T>A]TG	-1	98936.0	484182964
JG0139d	2	235329185	N:GC[T>G]TC	-1	102643.0	484285607
JG0139d	2	235329842	N:TC[T>G]TT	-1	657.0	484286264
JG0139d	2	235666935	T:AC[T>G]TA	-1	337093.0	484623357
JG0139d	2	235989976	T:TC[T>G]TA	-1	323041.0	484946398
JG0139d	2	235992170	T:AC[T>G]CG	-1	2194.0	484948592
JG0139d	2	236003171	T:AC[T>G]TG	-1	11001.0	484959593
JG0139d	2	236265776	N:TG[T>A]TG	-1	262605.0	485222198
JG0139d	2	236316888	N:GC[T>G]CG	-1	51112.0	485273310
JG0139d	2	236383226	U:AG[T>G]TG	-1	66338.0	485339648
JG0139d	2	236964814	N:AC[T>G]TA	1	581588.0	485921236
JG0139d	2	237056035	N:AC[T>C]TA	-1	91221.0	486012457
JG0139d	2	237143683	N:TC[T>G]TA	1	87648.0	486100105
JG0139d	2	237144859	N:GC[T>G]TA	-1	1176.0	486101281
JG0139d	2	237163391	N:TG[T>C]CA	-1	18532.0	486119813
JG0139d	2	237439662	N:TC[T>G]TG	1	276271.0	486396084
JG0139d	2	238805578	N:AC[T>C]TG	-1	1365916.0	487762000
JG0139d	2	238920876	N:AC[T>G]TG	1	115298.0	487877298
JG0139d	2	238948646	N:GG[T>A]CA	-1	27770.0	487905068
JG0139d	2	239021640	N:AC[T>C]TG	1	72994.0	487978062
JG0139d	2	239052463	U:GC[T>C]TG	-1	30823.0	488008885
JG0139d	2	239884337	N:CT[C>T]GT	-1	831874.0	488840759
JG0139d	2	240647509	N:GG[T>C]GA	1	763172.0	489603931
JG0139d	2	241250077	T:CC[T>G]TA	1	602568.0	490206499
JG0139d	2	242077611	N:AC[T>C]TG	1	827534.0	491034033
JG0139d	3	87263	N:CC[T>G]CA	-1		491237214
JG0139d	3	375569	T:TC[T>C]CC	-1	288306.0	491525520
JG0139d	3	833993	N:TT[T>G]TA	-1	458424.0	491983944
JG0139d	3	1379655	T:AT[T>C]TA	-1	545662.0	492529606
JG0139d	3	1580872	N:CC[T>G]TC	-1	201217.0	492730823
JG0139d	3	2259724	T:GG[T>C]GG	-1	678852.0	493409675
JG0139d	3	2302817	T:GA[T>G]TG	-1	43093.0	493452768
JG0139d	3	2475666	T:GC[T>C]TA	-1	172849.0	493625617
JG0139d	3	3607629	N:AC[C>A]TT	-1	1131963.0	494757580
JG0139d	3	3774264	N:AC[T>G]TA	-1	166635.0	494924215
JG0139d	3	4125160	N:GC[T>G]GT	1	350896.0	495275111
JG0139d	3	4915420	N:GG[T>G]TA	-1	790260.0	496065371
JG0139d	3	4934538	N:TG[T>C]CT	-1	19118.0	496084489
JG0139d	3	5269812	N:GC[T>G]TG	-1	335274.0	496419763
JG0139d	3	5403111	N:AA[T>G]TT	1	133299.0	496553062
JG0139d	3	5456562	N:AG[T>A]TG	-1	53451.0	496606513
JG0139d	3	5476410	N:TC[T>G]TA	-1	19848.0	496626361
JG0139d	3	6194452	N:TT[T>C]GA	1	718042.0	497344403
JG0139d	3	6333103	N:AA[T>C]GA	-1	138651.0	497483054
JG0139d	3	6931394	U:CC[T>G]TG	1	598291.0	498081345
JG0139d	3	7027014	T:CA[T>G]TT	-1	95620.0	498176965
JG0139d	3	7715668	T:AC[T>C]CT	-1	688654.0	498865619
JG0139d	3	7756361	N:AC[T>G]TA	-1	40693.0	498906312
JG0139d	3	7780746	N:TC[T>G]TG	-1	24385.0	498930697
JG0139d	3	9465908	T:CC[T>C]CT	-1	1685162.0	500615859
JG0139d	3	9579204	N:AA[T>G]TG	-1	113296.0	500729155
JG0139d	3	9621592	N:GC[T>G]GA	-1	42388.0	500771543
JG0139d	3	10536582	U:AC[T>C]GC	-1	914990.0	501686533
JG0139d	3	10555533	U:CA[T>C]CA	-1	18951.0	501705484
JG0139d	3	10670128	U:GC[T>G]TT	-1	114595.0	501820079
JG0139d	3	10726208	N:GG[T>G]TG	-1	56080.0	501876159
JG0139d	3	11029070	U:GG[T>G]CA	1	302862.0	502179021
JG0139d	3	12101227	T:GT[T>G]TG	-1	1072157.0	503251178
JG0139d	3	12210995	N:AC[T>G]GA	1	109768.0	503360946
JG0139d	3	13258044	U:AG[T>G]CA	-1	1047049.0	504407995
JG0139d	3	13902243	N:CC[T>G]CA	1	644199.0	505052194
JG0139d	3	14362175	N:GC[T>C]CA	-1	459932.0	505512126
JG0139d	3	14362183	N:TT[C>T]AC	-1	8.0	505512134
JG0139d	3	14795720	N:TC[T>G]TA	1	433537.0	505945671
JG0139d	3	14806354	N:GG[T>C]GC	-1	10634.0	505956305
JG0139d	3	14816336	T:GC[T>G]TC	-1	9982.0	505966287
JG0139d	3	14944552	N:TC[T>G]TT	-1	128216.0	506094503
JG0139d	3	15087789	T:AT[T>A]TT	1	143237.0	506237740
JG0139d	3	15511161	U:CC[T>A]CA	-1	423372.0	506661112
JG0139d	3	15557616	N:GG[T>G]TA	-1	46455.0	506707567
JG0139d	3	15800064	U:CC[T>G]TT	-1	242448.0	506950015
JG0139d	3	15806543	U:TG[T>C]CT	-1	6479.0	506956494
JG0139d	3	16482065	T:TC[T>G]TG	1	675522.0	507632016
JG0139d	3	17180523	U:AC[T>G]TA	-1	698458.0	508330474
JG0139d	3	17771702	N:AG[T>G]TT	-1	591179.0	508921653
JG0139d	3	17869389	N:CT[C>A]CT	-1	97687.0	509019340
JG0139d	3	17949284	N:AG[T>C]GA	-1	79895.0	509099235
JG0139d	3	18157975	N:AC[T>G]TA	-1	208691.0	509307926
JG0139d	3	18274067	N:CC[T>C]TG	-1	116092.0	509424018
JG0139d	3	18468832	N:AG[T>A]TG	-1	194765.0	509618783
JG0139d	3	18493018	N:AC[T>C]TT	-1	24186.0	509642969
JG0139d	3	18506454	N:TC[T>C]CC	-1	13436.0	509656405
JG0139d	3	19061020	N:AC[T>A]TA	-1	554566.0	510210971
JG0139d	3	19416208	T:AC[T>C]GA	-1	355188.0	510566159
JG0139d	3	19668061	N:GG[T>G]TG	-1	251853.0	510818012
JG0139d	3	19737595	N:AC[T>C]TT	-1	69534.0	510887546
JG0139d	3	19795643	N:TC[T>G]TA	-1	58048.0	510945594
JG0139d	3	20259741	N:TC[T>G]TA	-1	464098.0	511409692
JG0139d	3	20409359	N:TC[T>G]TC	-1	149618.0	511559310
JG0139d	3	20512811	N:AG[T>G]TA	-1	103452.0	511662762
JG0139d	3	21135614	N:AC[T>G]TG	-1	622803.0	512285565
JG0139d	3	21156103	N:TC[T>G]TA	-1	20489.0	512306054
JG0139d	3	21168415	N:TC[T>C]CA	-1	12312.0	512318366
JG0139d	3	21201116	N:AC[T>C]TA	-1	32701.0	512351067
JG0139d	3	21524622	U:AA[T>C]TT	-1	323506.0	512674573
JG0139d	3	21793845	U:AC[T>A]CA	-1	269223.0	512943796
JG0139d	3	22023169	U:AC[T>G]TC	-1	229324.0	513173120
JG0139d	3	22184054	U:AG[T>C]GA	-1	160885.0	513334005
JG0139d	3	22242183	U:GG[T>G]TA	-1	58129.0	513392134
JG0139d	3	22436947	N:AC[T>C]GC	-1	194764.0	513586898
JG0139d	3	23014151	N:TA[T>G]TT	-1	577204.0	514164102
JG0139d	3	23240692	T:GC[T>G]TA	-1	226541.0	514390643
JG0139d	3	23269943	T:TG[T>G]TT	-1	29251.0	514419894
JG0139d	3	23599168	N:AG[T>G]TG	-1	329225.0	514749119
JG0139d	3	23645817	N:AC[T>G]CG	1	46649.0	514795768
JG0139d	3	24140611	U:TC[T>C]CT	-1	494794.0	515290562
JG0139d	3	24236741	U:GG[T>G]TA	-1	96130.0	515386692
JG0139d	3	24361549	T:TG[T>G]TA	1	124808.0	515511500
JG0139d	3	24573929	N:TG[T>G]TA	-1	212380.0	515723880
JG0139d	3	25297165	T:AC[T>A]TG	-1	723236.0	516447116
JG0139d	3	25297525	T:TC[T>A]TA	-1	360.0	516447476
JG0139d	3	26888008	N:TC[T>G]CA	-1	1590483.0	518037959
JG0139d	3	27027687	N:GC[T>C]CT	-1	139679.0	518177638
JG0139d	3	27223604	T:TT[T>C]TT	1	195917.0	518373555
JG0139d	3	27464595	U:CC[T>G]CA	-1	240991.0	518614546
JG0139d	3	27618326	N:TG[T>G]TA	-1	153731.0	518768277
JG0139d	3	27895595	N:TT[T>G]TA	1	277269.0	519045546
JG0139d	3	28323964	B:AC[T>C]GA	-1	428369.0	519473915
JG0139d	3	28592542	U:AC[T>G]TA	1	268578.0	519742493
JG0139d	3	29265308	T:GG[T>C]CT	-1	672766.0	520415259
JG0139d	3	29320998	T:AC[T>C]CG	-1	55690.0	520470949
JG0139d	3	29702945	T:TC[T>C]TT	-1	381947.0	520852896
JG0139d	3	30284580	N:TC[T>G]CT	-1	581635.0	521434531
JG0139d	3	30367044	N:GC[T>G]CA	-1	82464.0	521516995
JG0139d	3	30795219	U:AC[T>C]TG	-1	428175.0	521945170
JG0139d	3	31269292	N:AC[T>C]TG	-1	474073.0	522419243
JG0139d	3	32968394	N:GG[T>G]TT	-1	1699102.0	524118345
JG0139d	3	33012057	T:TC[T>G]TC	1	43663.0	524162008
JG0139d	3	33252790	N:TC[T>G]CA	-1	240733.0	524402741
JG0139d	3	34032444	N:AC[T>A]GG	-1	779654.0	525182395
JG0139d	3	34220089	N:TC[T>C]CC	-1	187645.0	525370040
JG0139d	3	34249348	N:AC[T>G]TA	1	29259.0	525399299
JG0139d	3	34368731	N:AC[T>C]CA	-1	119383.0	525518682
JG0139d	3	34398481	N:CC[T>G]TT	-1	29750.0	525548432
JG0139d	3	34511592	N:GC[T>G]TA	1	113111.0	525661543
JG0139d	3	34694071	N:CC[T>G]TA	-1	182479.0	525844022
JG0139d	3	35327491	N:TC[T>G]TG	-1	633420.0	526477442
JG0139d	3	35548246	N:AC[T>C]CA	-1	220755.0	526698197
JG0139d	3	35578557	N:AC[T>G]TT	-1	30311.0	526728508
JG0139d	3	35955516	N:AT[T>G]TC	-1	376959.0	527105467
JG0139d	3	36051540	N:CC[T>G]TT	1	96024.0	527201491
JG0139d	3	36113847	N:AC[T>C]CT	-1	62307.0	527263798
JG0139d	3	36517093	T:AA[T>G]TT	-1	403246.0	527667044
JG0139d	3	36720342	U:AG[T>G]TG	-1	203249.0	527870293
JG0139d	3	36753900	U:GC[T>G]TG	-1	33558.0	527903851
JG0139d	3	37090802	U:TT[T>G]TT	-1	336902.0	528240753
JG0139d	3	37135677	U:AC[T>G]TA	-1	44875.0	528285628
JG0139d	3	37595968	T:AC[T>C]GA	-1	460291.0	528745919
JG0139d	3	37648878	T:AC[T>C]TA	-1	52910.0	528798829
JG0139d	3	37851436	N:CC[T>G]TC	-1	202558.0	529001387
JG0139d	3	37851449	N:AC[T>C]TG	-1	13.0	529001400
JG0139d	3	38526145	N:AC[T>G]CA	-1	674696.0	529676096
JG0139d	3	38532580	N:GC[T>C]GG	-1	6435.0	529682531
JG0139d	3	38539959	N:TC[T>A]CA	-1	7379.0	529689910
JG0139d	3	38635652	T:TC[T>A]TA	1	95693.0	529785603
JG0139d	3	38953872	N:GT[T>G]TC	-1	318220.0	530103823
JG0139d	3	39332329	U:CC[T>G]TG	1	378457.0	530482280
JG0139d	3	39376576	N:GG[T>G]TA	-1	44247.0	530526527
JG0139d	3	39810788	T:AC[T>G]TA	-1	434212.0	530960739
JG0139d	3	39992534	T:AC[T>G]TT	-1	181746.0	531142485
JG0139d	3	40025033	T:CC[T>A]TG	-1	32499.0	531174984
JG0139d	3	40031502	T:TC[T>C]TG	-1	6469.0	531181453
JG0139d	3	40086974	T:TG[T>C]CC	-1	55472.0	531236925
JG0139d	3	40335353	N:CC[T>G]TG	-1	248379.0	531485304
JG0139d	3	41299287	U:GC[T>C]GG	-1	963934.0	532449238
JG0139d	3	41316547	U:AC[T>G]TA	-1	17260.0	532466498
JG0139d	3	41319057	U:AC[T>A]CA	-1	2510.0	532469008
JG0139d	3	41421878	U:GC[T>G]TA	-1	102821.0	532571829
JG0139d	3	41609268	U:AC[T>G]AA	-1	187390.0	532759219
JG0139d	3	42418334	N:TT[T>G]TA	1	809066.0	533568285
JG0139d	3	42498035	T:GC[T>A]CC	-1	79701.0	533647986
JG0139d	3	42527571	U:GG[C>G]CC	1	29536.0	533677522
JG0139d	3	42862911	B:TC[T>C]TC	-1	335340.0	534012862
JG0139d	3	42909935	T:AG[T>G]GA	-1	47024.0	534059886
JG0139d	3	42923380	T:AC[T>G]CC	-1	13445.0	534073331
JG0139d	3	42957244	T:AC[T>G]TA	-1	33864.0	534107195
JG0139d	3	43250117	N:CA[T>G]TG	-1	292873.0	534400068
JG0139d	3	43532588	U:AA[T>G]TT	-1	282471.0	534682539
JG0139d	3	43576516	U:GG[T>G]TA	-1	43928.0	534726467
JG0139d	3	44515883	N:TC[T>G]CA	-1	939367.0	535665834
JG0139d	3	44615898	T:GC[T>G]CA	-1	100015.0	535765849
JG0139d	3	45962106	U:TC[T>G]CA	-1	1346208.0	537112057
JG0139d	3	46071251	N:AC[T>G]TG	-1	109145.0	537221202
JG0139d	3	46106942	N:AC[T>G]TA	1	35691.0	537256893
JG0139d	3	46167675	T:AA[T>G]TG	-1	60733.0	537317626
JG0139d	3	46285714	N:CC[T>C]CT	-1	118039.0	537435665
JG0139d	3	48201639	N:TC[T>C]CA	-1	1915925.0	539351590
JG0139d	3	48201640	N:AT[C>T]TC	-1	1.0	539351591
JG0139d	3	48329683	N:GT[C>T]TC	-1	128043.0	539479634
JG0139d	3	50983491	T:GG[T>C]CA	-1	2653808.0	542133442
JG0139d	3	51021493	T:TC[T>G]TA	-1	38002.0	542171444
JG0139d	3	51182533	U:TC[T>G]TT	1	161040.0	542332484
JG0139d	3	51216828	U:CC[T>G]TA	1	34295.0	542366779
JG0139d	3	51222551	U:TC[T>G]TG	1	5723.0	542372502
JG0139d	3	53526283	T:AC[T>G]TG	-1	2303732.0	544676234
JG0139d	3	53534316	T:AT[T>G]TG	-1	8033.0	544684267
JG0139d	3	53600520	T:AC[T>G]TT	-1	66204.0	544750471
JG0139d	3	53651478	T:CA[T>G]TT	-1	50958.0	544801429
JG0139d	3	54082710	N:GC[T>G]CA	-1	431232.0	545232661
JG0139d	3	54205409	T:GC[T>G]TT	-1	122699.0	545355360
JG0139d	3	54360098	U:CC[T>G]TT	1	154689.0	545510049
JG0139d	3	54495624	U:AC[T>G]TG	1	135526.0	545645575
JG0139d	3	54504426	U:TC[T>A]CA	1	8802.0	545654377
JG0139d	3	54831436	T:GG[T>G]TG	-1	327010.0	545981387
JG0139d	3	55163877	N:TA[T>G]CT	-1	332441.0	546313828
JG0139d	3	56068865	T:TC[T>G]TA	1	904988.0	547218816
JG0139d	3	56095409	U:TC[T>G]TT	-1	26544.0	547245360
JG0139d	3	56448439	U:TC[T>A]AA	-1	353030.0	547598390
JG0139d	3	56522980	N:AT[T>G]TA	1	74541.0	547672931
JG0139d	3	56965146	T:AC[T>G]CA	1	442166.0	548115097
JG0139d	3	57086858	N:GC[T>G]CA	-1	121712.0	548236809
JG0139d	3	57142251	U:AC[T>G]GA	-1	55393.0	548292202
JG0139d	3	58073413	T:GG[T>G]TA	-1	931162.0	549223364
JG0139d	3	58706174	N:AC[T>G]TA	-1	632761.0	549856125
JG0139d	3	58911738	T:CC[T>G]TC	1	205564.0	550061689
JG0139d	3	58972293	T:AC[T>C]TA	1	60555.0	550122244
JG0139d	3	59261715	N:CC[T>G]GT	1	289422.0	550411666
JG0139d	3	59290710	N:AG[T>C]TA	-1	28995.0	550440661
JG0139d	3	59658969	N:GG[T>G]AG	-1	368259.0	550808920
JG0139d	3	59877918	T:AC[T>G]CA	1	218949.0	551027869
JG0139d	3	59951317	T:AC[T>G]TT	1	73399.0	551101268
JG0139d	3	59989438	T:AC[T>A]CA	1	38121.0	551139389
JG0139d	3	60113029	U:TG[T>G]TA	-1	123591.0	551262980
JG0139d	3	60169680	U:TC[T>A]TC	-1	56651.0	551319631
JG0139d	3	60390871	U:AC[T>G]TA	-1	221191.0	551540822
JG0139d	3	60580331	U:TT[T>G]TT	-1	189460.0	551730282
JG0139d	3	60665933	T:AC[T>G]TC	1	85602.0	551815884
JG0139d	3	60787915	U:TC[T>C]TT	-1	121982.0	551937866
JG0139d	3	60824060	T:GC[T>G]TT	1	36145.0	551974011
JG0139d	3	60912334	U:GA[T>G]TC	-1	88274.0	552062285
JG0139d	3	61901683	U:GC[T>A]TT	1	989349.0	553051634
JG0139d	3	63334438	T:GC[T>A]AT	-1	1432755.0	554484389
JG0139d	3	63421917	U:TG[T>C]TT	1	87479.0	554571868
JG0139d	3	63657922	U:AC[T>G]TC	1	236005.0	554807873
JG0139d	3	64217402	U:AC[T>G]TC	-1	559480.0	555367353
JG0139d	3	64738750	N:AC[T>C]GT	-1	521348.0	555888701
JG0139d	3	65260210	N:AC[T>C]TA	-1	521460.0	556410161
JG0139d	3	65319060	N:TC[T>A]TG	-1	58850.0	556469011
JG0139d	3	65459708	U:GC[T>C]CA	-1	140648.0	556609659
JG0139d	3	65459709	U:GG[C>T]TC	-1	1.0	556609660
JG0139d	3	65474152	T:AG[T>G]TA	1	14443.0	556624103
JG0139d	3	66427198	U:CC[T>G]TG	-1	953046.0	557577149
JG0139d	3	66972591	N:TC[T>C]GT	1	545393.0	558122542
JG0139d	3	66991089	N:AG[T>G]TC	1	18498.0	558141040
JG0139d	3	67106630	N:TC[T>G]TC	1	115541.0	558256581
JG0139d	3	67700540	N:GC[T>G]TG	1	593910.0	558850491
JG0139d	3	67830572	N:GG[T>G]TC	-1	130032.0	558980523
JG0139d	3	68220945	T:TC[T>G]TG	-1	390373.0	559370896
JG0139d	3	68331745	T:GG[T>C]CT	-1	110800.0	559481696
JG0139d	3	68464934	U:CC[T>G]TA	1	133189.0	559614885
JG0139d	3	68525780	U:CC[T>C]GA	1	60846.0	559675731
JG0139d	3	68598809	N:TC[T>G]TT	-1	73029.0	559748760
JG0139d	3	68683392	N:CC[T>G]CA	-1	84583.0	559833343
JG0139d	3	68698484	N:TC[T>C]TT	1	15092.0	559848435
JG0139d	3	68703233	N:GC[T>C]TT	1	4749.0	559853184
JG0139d	3	68852055	U:TC[T>G]TT	-1	148822.0	560002006
JG0139d	3	68910631	U:TG[T>G]TG	-1	58576.0	560060582
JG0139d	3	69133728	N:AC[C>T]AT	1	223097.0	560283679
JG0139d	3	69153739	N:AC[T>C]GG	1	20011.0	560303690
JG0139d	3	69275534	U:AC[C>T]CA	-1	121795.0	560425485
JG0139d	3	69527238	U:AG[T>G]TC	-1	251704.0	560677189
JG0139d	3	70922613	N:CC[T>C]TG	-1	1395375.0	562072564
JG0139d	3	71853241	N:GC[T>G]TA	-1	930628.0	563003192
JG0139d	3	71925307	N:AC[T>G]TG	-1	72066.0	563075258
JG0139d	3	71949634	N:AC[T>A]CC	-1	24327.0	563099585
JG0139d	3	72192153	N:AC[T>G]TT	-1	242519.0	563342104
JG0139d	3	74045940	N:TC[T>A]TA	1	1853787.0	565195891
JG0139d	3	74329557	U:AC[T>G]TA	-1	283617.0	565479508
JG0139d	3	74588709	N:AC[T>C]AC	1	259152.0	565738660
JG0139d	3	74668967	N:AG[T>G]CA	1	80258.0	565818918
JG0139d	3	74728822	N:CC[T>G]CT	-1	59855.0	565878773
JG0139d	3	75139610	N:TC[T>C]TT	-1	410788.0	566289561
JG0139d	3	75708641	N:TC[T>G]TC	-1	569031.0	566858592
JG0139d	3	76130674	T:TC[T>G]TA	-1	422033.0	567280625
JG0139d	3	76288719	U:AC[T>G]CA	1	158045.0	567438670
JG0139d	3	76546465	T:CC[T>G]TA	-1	257746.0	567696416
JG0139d	3	76685943	U:AC[T>G]TT	1	139478.0	567835894
JG0139d	3	77240507	U:CC[T>G]CG	1	554564.0	568390458
JG0139d	3	77255955	U:AC[T>G]TC	1	15448.0	568405906
JG0139d	3	77412888	T:TC[T>G]GC	-1	156933.0	568562839
JG0139d	3	77600680	T:AC[T>G]TT	-1	187792.0	568750631
JG0139d	3	77682342	N:AG[T>G]TT	-1	81662.0	568832293
JG0139d	3	77688093	N:TC[T>G]AA	-1	5751.0	568838044
JG0139d	3	77758443	N:TG[T>A]TT	-1	70350.0	568908394
JG0139d	3	78312968	N:TT[C>T]CA	-1	554525.0	569462919
JG0139d	3	78352311	N:AC[T>C]TG	1	39343.0	569502262
JG0139d	3	78472842	N:CT[C>A]AT	-1	120531.0	569622793
JG0139d	3	79497836	U:AC[T>G]AC	-1	1024994.0	570647787
JG0139d	3	79625853	T:AG[T>G]TT	1	128017.0	570775804
JG0139d	3	79631672	U:TC[T>C]TT	-1	5819.0	570781623
JG0139d	3	79951154	N:CC[T>G]TG	-1	319482.0	571101105
JG0139d	3	81472746	N:TG[T>G]TC	1	1521592.0	572622697
JG0139d	3	81485058	N:GC[T>G]TC	1	12312.0	572635009
JG0139d	3	81782449	N:AC[T>G]TA	-1	297391.0	572932400
JG0139d	3	81854179	N:AG[T>G]TG	-1	71730.0	573004130
JG0139d	3	81993807	N:AG[T>C]TA	-1	139628.0	573143758
JG0139d	3	83027403	N:AC[T>A]TT	-1	1033596.0	574177354
JG0139d	3	83427347	N:TG[T>A]TA	-1	399944.0	574577298
JG0139d	3	83802812	N:AC[T>G]TG	1	375465.0	574952763
JG0139d	3	83881803	N:TT[T>G]AT	-1	78991.0	575031754
JG0139d	3	83971650	N:AC[T>G]TA	-1	89847.0	575121601
JG0139d	3	84446704	N:CG[T>G]TC	-1	475054.0	575596655
JG0139d	3	84789762	N:AG[T>G]GA	-1	343058.0	575939713
JG0139d	3	84844438	N:GC[T>A]GC	-1	54676.0	575994389
JG0139d	3	84880023	N:TC[T>A]CA	1	35585.0	576029974
JG0139d	3	85127392	T:CC[T>A]TA	-1	247369.0	576277343
JG0139d	3	85223902	U:GC[T>G]TC	1	96510.0	576373853
JG0139d	3	85671524	T:AC[T>G]TC	-1	447622.0	576821475
JG0139d	3	86193811	N:GC[T>A]TG	1	522287.0	577343762
JG0139d	3	86405585	N:TG[T>C]GT	-1	211774.0	577555536
JG0139d	3	86482874	N:AC[T>C]CC	1	77289.0	577632825
JG0139d	3	86827804	N:GG[T>G]GA	1	344930.0	577977755
JG0139d	3	87057769	N:AC[T>C]GG	1	229965.0	578207720
JG0139d	3	87144646	N:AC[T>C]CA	1	86877.0	578294597
JG0139d	3	87331988	N:AT[T>G]TA	1	187342.0	578481939
JG0139d	3	87668102	N:GC[T>C]TA	-1	336114.0	578818053
JG0139d	3	89667750	N:CC[T>G]TG	-1	1999648.0	580817701
JG0139d	3	89747535	N:TT[T>G]TA	1	79785.0	580897486
JG0139d	3	89813927	N:TC[T>A]TG	-1	66392.0	580963878
JG0139d	3	90198761	N:AC[T>G]TG	-1	384834.0	581348712
JG0139d	3	90318524	N:GC[T>C]TC	1	119763.0	581468475
JG0139d	3	93767415	N:GC[T>C]TT	-1	3448891.0	584917366
JG0139d	3	93897603	U:AC[T>G]TG	-1	130188.0	585047554
JG0139d	3	94015427	B:AC[T>C]CA	-1	117824.0	585165378
JG0139d	3	94281724	N:TC[T>C]GA	1	266297.0	585431675
JG0139d	3	94316380	N:AC[T>C]TG	-1	34656.0	585466331
JG0139d	3	94652368	N:AC[T>A]TC	-1	335988.0	585802319
JG0139d	3	94662973	N:TC[T>A]TT	1	10605.0	585812924
JG0139d	3	94757215	N:CC[T>C]AA	1	94242.0	585907166
JG0139d	3	94785115	N:AC[T>C]TG	1	27900.0	585935066
JG0139d	3	94931699	N:TC[T>G]TT	1	146584.0	586081650
JG0139d	3	94973735	N:GA[T>G]TA	-1	42036.0	586123686
JG0139d	3	95227456	N:AC[T>G]CA	-1	253721.0	586377407
JG0139d	3	95503117	N:GC[T>A]CA	1	275661.0	586653068
JG0139d	3	95660232	N:AA[T>G]TG	-1	157115.0	586810183
JG0139d	3	95667287	N:GC[T>C]TA	1	7055.0	586817238
JG0139d	3	95760716	N:TC[T>G]GA	-1	93429.0	586910667
JG0139d	3	96263667	N:AG[T>G]CT	-1	502951.0	587413618
JG0139d	3	96420448	N:TT[T>G]TC	-1	156781.0	587570399
JG0139d	3	96472388	N:AG[T>G]TA	1	51940.0	587622339
JG0139d	3	96608482	N:AA[T>G]TT	1	136094.0	587758433
JG0139d	3	96628156	N:AG[T>G]TA	1	19674.0	587778107
JG0139d	3	97231211	T:TC[T>A]TT	-1	603055.0	588381162
JG0139d	3	97333589	U:CC[T>C]CA	1	102378.0	588483540
JG0139d	3	97387901	U:AC[T>G]TA	1	54312.0	588537852
JG0139d	3	97401001	U:TC[T>A]TA	1	13100.0	588550952
JG0139d	3	97414910	U:GG[T>G]TG	1	13909.0	588564861
JG0139d	3	97507667	U:GC[T>C]GG	1	92757.0	588657618
JG0139d	3	97523347	U:TC[T>C]CC	1	15680.0	588673298
JG0139d	3	97615769	T:AG[T>G]TG	-1	92422.0	588765720
JG0139d	3	97872753	T:TT[T>G]TC	-1	256984.0	589022704
JG0139d	3	97935302	T:TG[T>G]CA	-1	62549.0	589085253
JG0139d	3	98046602	N:AG[T>A]TG	-1	111300.0	589196553
JG0139d	3	98253049	N:AC[T>C]TA	1	206447.0	589403000
JG0139d	3	98406608	N:AT[T>G]TG	-1	153559.0	589556559
JG0139d	3	98430994	N:AG[T>G]TA	1	24386.0	589580945
JG0139d	3	98436599	N:AC[T>G]CA	-1	5605.0	589586550
JG0139d	3	98451923	N:TT[T>G]TT	-1	15324.0	589601874
JG0139d	3	98533708	N:GC[T>G]TT	1	81785.0	589683659
JG0139d	3	98642208	N:GC[T>A]TG	1	108500.0	589792159
JG0139d	3	98831523	T:AC[T>G]TT	1	189315.0	589981474
JG0139d	3	98939568	N:TG[T>C]TA	-1	108045.0	590089519
JG0139d	3	99005782	N:AC[T>G]TA	-1	66214.0	590155733
JG0139d	3	99049143	N:GC[T>C]TG	-1	43361.0	590199094
JG0139d	3	99170846	N:TC[T>C]TC	1	121703.0	590320797
JG0139d	3	99446456	N:GC[T>A]CT	1	275610.0	590596407
JG0139d	3	99596824	N:TC[T>G]TG	1	150368.0	590746775
JG0139d	3	99625499	N:AC[T>C]CT	1	28675.0	590775450
JG0139d	3	99632956	N:TC[T>C]TG	-1	7457.0	590782907
JG0139d	3	99666851	U:TC[T>A]CA	1	33895.0	590816802
JG0139d	3	99683690	U:AC[T>C]CA	1	16839.0	590833641
JG0139d	3	99736408	U:AG[T>G]TT	1	52718.0	590886359
JG0139d	3	99796845	U:AC[T>G]TT	1	60437.0	590946796
JG0139d	3	99888478	U:TC[T>A]CC	1	91633.0	591038429
JG0139d	3	99994758	B:TC[T>G]TA	1	106280.0	591144709
JG0139d	3	100038815	B:AC[T>G]GA	1	44057.0	591188766
JG0139d	3	100208073	N:TA[T>C]CC	-1	169258.0	591358024
JG0139d	3	100374409	T:TC[T>C]CC	1	166336.0	591524360
JG0139d	3	100456687	N:AG[T>G]TC	1	82278.0	591606638
JG0139d	3	100577814	N:TC[T>C]TA	1	121127.0	591727765
JG0139d	3	100612384	U:AC[T>A]TA	1	34570.0	591762335
JG0139d	3	100654728	U:AC[T>G]TA	1	42344.0	591804679
JG0139d	3	100667710	U:GG[T>C]CA	1	12982.0	591817661
JG0139d	3	100846338	T:AC[T>G]TT	1	178628.0	591996289
JG0139d	3	100910092	U:AC[T>G]CA	-1	63754.0	592060043
JG0139d	3	100950581	U:AC[T>G]TT	-1	40489.0	592100532
JG0139d	3	100967738	T:AG[T>G]TT	1	17157.0	592117689
JG0139d	3	101094146	N:AC[T>A]TG	1	126408.0	592244097
JG0139d	3	101167236	N:TC[T>A]CA	1	73090.0	592317187
JG0139d	3	101297722	T:TC[T>C]TA	1	130486.0	592447673
JG0139d	3	101364937	U:TC[T>G]TA	-1	67215.0	592514888
JG0139d	3	102285312	T:TC[T>A]TG	-1	920375.0	593435263
JG0139d	3	102336346	U:AC[T>G]TC	1	51034.0	593486297
JG0139d	3	102388908	T:AC[T>C]CT	-1	52562.0	593538859
JG0139d	3	102431404	T:TC[T>C]TG	-1	42496.0	593581355
JG0139d	3	102469620	T:AT[T>C]TA	-1	38216.0	593619571
JG0139d	3	102521936	N:AC[T>G]TT	-1	52316.0	593671887
JG0139d	3	102573746	N:TC[T>C]TT	-1	51810.0	593723697
JG0139d	3	102634585	N:GA[T>G]TC	-1	60839.0	593784536
JG0139d	3	102682074	N:GC[T>C]TT	1	47489.0	593832025
JG0139d	3	102759699	N:AG[T>C]GG	1	77625.0	593909650
JG0139d	3	102942021	N:CT[T>G]TA	1	182322.0	594091972
JG0139d	3	103058874	N:TC[T>G]GT	1	116853.0	594208825
JG0139d	3	103603347	N:TC[T>C]TA	-1	544473.0	594753298
JG0139d	3	103731860	N:AC[T>G]GT	1	128513.0	594881811
JG0139d	3	103809781	N:AC[T>G]TG	-1	77921.0	594959732
JG0139d	3	104122860	N:TC[T>A]AG	-1	313079.0	595272811
JG0139d	3	104170552	N:AC[T>C]TT	1	47692.0	595320503
JG0139d	3	104255274	N:CC[T>G]TA	1	84722.0	595405225
JG0139d	3	104309673	N:AC[T>G]TC	1	54399.0	595459624
JG0139d	3	104706134	N:AG[T>G]TA	-1	396461.0	595856085
JG0139d	3	104808332	N:AC[T>G]TC	-1	102198.0	595958283
JG0139d	3	104919421	N:TC[T>C]TG	-1	111089.0	596069372
JG0139d	3	105233721	N:TT[C>A]AT	1	314300.0	596383672
JG0139d	3	105237181	N:AC[T>G]CA	1	3460.0	596387132
JG0139d	3	105323071	N:AC[T>G]CC	1	85890.0	596473022
JG0139d	3	105641142	N:AG[T>G]TA	1	318071.0	596791093
JG0139d	3	105682117	T:AA[T>G]TC	1	40975.0	596832068
JG0139d	3	105990632	N:TG[T>G]GA	1	308515.0	597140583
JG0139d	3	105995674	N:GC[T>C]TT	-1	5042.0	597145625
JG0139d	3	106060360	N:TA[C>A]AG	1	64686.0	597210311
JG0139d	3	106197710	N:TT[T>G]TC	1	137350.0	597347661
JG0139d	3	106561416	N:TC[T>C]CT	-1	363706.0	597711367
JG0139d	3	106613792	N:AC[T>C]AA	-1	52376.0	597763743
JG0139d	3	106657024	N:AA[T>G]TT	1	43232.0	597806975
JG0139d	3	106701849	N:AC[T>G]AC	-1	44825.0	597851800
JG0139d	3	106702272	N:AC[T>G]TT	-1	423.0	597852223
JG0139d	3	106954732	N:CC[T>G]TA	-1	252460.0	598104683
JG0139d	3	108781434	N:GG[T>C]CT	-1	1826702.0	599931385
JG0139d	3	109142168	T:TC[T>C]TA	-1	360734.0	600292119
JG0139d	3	109428420	N:GA[T>G]TA	-1	286252.0	600578371
JG0139d	3	109468979	N:TT[T>G]TC	1	40559.0	600618930
JG0139d	3	110154358	N:TC[T>G]TA	-1	685379.0	601304309
JG0139d	3	110162345	N:GG[T>G]TA	1	7987.0	601312296
JG0139d	3	110824023	N:CC[T>C]CA	1	661678.0	601973974
JG0139d	3	111087603	T:TC[T>C]CC	-1	263580.0	602237554
JG0139d	3	111912610	T:TC[T>G]TC	-1	825007.0	603062561
JG0139d	3	112020607	N:GC[T>C]GG	-1	107997.0	603170558
JG0139d	3	112386780	N:GC[T>C]GT	-1	366173.0	603536731
JG0139d	3	112941889	T:AC[T>G]TC	1	555109.0	604091840
JG0139d	3	113618230	U:CC[T>G]CC	1	676341.0	604768181
JG0139d	3	113659901	U:CC[T>G]CC	-1	41671.0	604809852
JG0139d	3	113659913	U:TC[C>G]TT	-1	12.0	604809864
JG0139d	3	113679664	T:TC[T>G]TG	1	19751.0	604829615
JG0139d	3	113914154	U:AC[T>G]TC	1	234490.0	605064105
JG0139d	3	114001632	U:GC[T>C]TG	-1	87478.0	605151583
JG0139d	3	114287820	T:TA[T>G]TA	-1	286188.0	605437771
JG0139d	3	114455456	U:AC[T>C]AG	-1	167636.0	605605407
JG0139d	3	114660097	T:AC[T>G]TG	1	204641.0	605810048
JG0139d	3	114893798	U:AG[T>G]CA	-1	233701.0	606043749
JG0139d	3	115244211	N:GG[T>G]TA	1	350413.0	606394162
JG0139d	3	116258350	T:AC[T>G]TA	1	1014139.0	607408301
JG0139d	3	116590118	T:AC[T>G]AA	1	331768.0	607740069
JG0139d	3	117101858	U:TC[T>G]TA	-1	511740.0	608251809
JG0139d	3	117423834	N:AC[T>G]TA	1	321976.0	608573785
JG0139d	3	117462234	N:AG[T>G]TT	1	38400.0	608612185
JG0139d	3	117691825	N:AG[T>G]TG	1	229591.0	608841776
JG0139d	3	117794955	N:AC[T>A]CT	-1	103130.0	608944906
JG0139d	3	117806848	N:CC[T>G]TA	1	11893.0	608956799
JG0139d	3	118060028	N:AG[T>A]TA	1	253180.0	609209979
JG0139d	3	118334256	N:TG[T>G]TA	1	274228.0	609484207
JG0139d	3	118519378	N:GC[T>G]GA	-1	185122.0	609669329
JG0139d	3	119073292	U:AC[T>G]TT	-1	553914.0	610223243
JG0139d	3	119573988	N:GA[T>A]TG	-1	500696.0	610723939
JG0139d	3	119945536	U:AC[T>C]TA	-1	371548.0	611095487
JG0139d	3	120378716	N:AA[T>C]TT	1	433180.0	611528667
JG0139d	3	120536470	N:GA[T>G]TT	-1	157754.0	611686421
JG0139d	3	120886227	N:AG[T>C]TG	-1	349757.0	612036178
JG0139d	3	121470576	U:CC[T>G]GG	-1	584349.0	612620527
JG0139d	3	121472707	U:CC[T>G]TA	-1	2131.0	612622658
JG0139d	3	121528780	T:CC[T>C]CA	1	56073.0	612678731
JG0139d	3	121613768	T:AG[T>G]CA	-1	84988.0	612763719
JG0139d	3	121613792	T:GT[C>G]TG	-1	24.0	612763743
JG0139d	3	121716365	U:AG[T>A]TA	-1	102573.0	612866316
JG0139d	3	121805931	U:AG[T>G]TG	-1	89566.0	612955882
JG0139d	3	122020211	U:GC[T>G]TA	-1	214280.0	613170162
JG0139d	3	122125501	N:AG[T>G]TA	-1	105290.0	613275452
JG0139d	3	122310853	N:TG[T>G]TG	-1	185352.0	613460804
JG0139d	3	123003758	T:CC[T>G]TG	1	692905.0	614153709
JG0139d	3	123021003	T:CC[T>C]CA	1	17245.0	614170954
JG0139d	3	123098965	T:AC[T>G]TA	-1	77962.0	614248916
JG0139d	3	123115987	U:AG[T>G]CC	1	17022.0	614265938
JG0139d	3	123428915	U:GC[T>C]CG	-1	312928.0	614578866
JG0139d	3	123946365	T:TC[T>A]CA	1	517450.0	615096316
JG0139d	3	124065436	N:AC[T>G]CA	-1	119071.0	615215387
JG0139d	3	124646281	U:TC[T>G]CT	1	580845.0	615796232
JG0139d	3	124891065	U:CC[T>C]TT	-1	244784.0	616041016
JG0139d	3	126163640	T:GT[T>A]GA	1	1272575.0	617313591
JG0139d	3	127124865	N:CC[T>A]CC	-1	961225.0	618274816
JG0139d	3	127211850	N:TC[T>C]CA	-1	86985.0	618361801
JG0139d	3	127299194	N:TC[T>G]TT	-1	87344.0	618449145
JG0139d	3	127447769	N:AC[T>G]TC	1	148575.0	618597720
JG0139d	3	128080141	U:TC[T>C]CT	-1	632372.0	619230092
JG0139d	3	128166651	U:CC[T>A]TA	1	86510.0	619316602
JG0139d	3	129979109	N:CC[T>G]TG	-1	1812458.0	621129060
JG0139d	3	130637696	U:AC[T>C]CC	1	658587.0	621787647
JG0139d	3	131265281	U:TC[T>G]TG	1	627585.0	622415232
JG0139d	3	131651951	T:GC[T>G]TC	1	386670.0	622801902
JG0139d	3	131732744	T:AC[T>G]TT	1	80793.0	622882695
JG0139d	3	133069362	U:AC[T>C]AA	1	1336618.0	624219313
JG0139d	3	133920920	N:TC[T>G]CA	-1	851558.0	625070871
JG0139d	3	134510171	T:GG[T>G]TT	-1	589251.0	625660122
JG0139d	3	134616776	B:AC[T>C]CT	-1	106605.0	625766727
JG0139d	3	134657420	T:AC[T>G]TT	-1	40644.0	625807371
JG0139d	3	134685284	T:AG[T>G]TC	-1	27864.0	625835235
JG0139d	3	134883538	T:GC[T>C]TG	-1	198254.0	626033489
JG0139d	3	135114807	T:GC[T>G]TA	-1	231269.0	626264758
JG0139d	3	135568899	N:TG[T>C]CT	1	454092.0	626718850
JG0139d	3	135635079	N:TC[T>G]CA	-1	66180.0	626785030
JG0139d	3	135914100	N:AC[T>G]TC	1	279021.0	627064051
JG0139d	3	136416877	U:AG[T>G]GA	-1	502777.0	627566828
JG0139d	3	136608986	T:GC[T>G]CA	1	192109.0	627758937
JG0139d	3	137426089	N:TC[T>G]TC	1	817103.0	628576040
JG0139d	3	137614076	N:TG[T>G]TC	1	187987.0	628764027
JG0139d	3	137706079	N:AC[T>G]TT	1	92003.0	628856030
JG0139d	3	137811272	N:AG[T>G]TG	-1	105193.0	628961223
JG0139d	3	137830715	N:AG[T>G]TG	1	19443.0	628980666
JG0139d	3	137893901	N:TC[T>G]TG	1	63186.0	629043852
JG0139d	3	138041320	N:CG[T>G]TA	-1	147419.0	629191271
JG0139d	3	138110883	T:AC[T>G]TT	1	69563.0	629260834
JG0139d	3	138300432	U:TC[T>G]TC	-1	189549.0	629450383
JG0139d	3	138402378	U:AC[T>G]TG	1	101946.0	629552329
JG0139d	3	138679548	U:AC[T>G]TT	-1	277170.0	629829499
JG0139d	3	138925258	N:GA[T>G]TA	-1	245710.0	630075209
JG0139d	3	139062175	U:TC[T>C]TG	1	136917.0	630212126
JG0139d	3	139154087	T:GC[T>G]TG	-1	91912.0	630304038
JG0139d	3	139187512	T:AC[T>C]AG	-1	33425.0	630337463
JG0139d	3	139291190	U:TC[T>G]TC	1	103678.0	630441141
JG0139d	3	139436351	N:TG[T>G]TT	1	145161.0	630586302
JG0139d	3	139512616	N:TC[T>G]TT	-1	76265.0	630662567
JG0139d	3	139548387	N:AG[T>G]TA	1	35771.0	630698338
JG0139d	3	139714154	N:CC[T>G]TA	-1	165767.0	630864105
JG0139d	3	139911132	N:AT[T>G]TA	1	196978.0	631061083
JG0139d	3	139952109	T:AC[T>G]TA	-1	40977.0	631102060
JG0139d	3	140149685	U:TC[T>C]TG	1	197576.0	631299636
JG0139d	3	140464167	U:TA[T>G]TC	1	314482.0	631614118
JG0139d	3	140685590	U:AC[T>G]GC	1	221423.0	631835541
JG0139d	3	140750686	N:AC[T>C]TA	-1	65096.0	631900637
JG0139d	3	140910800	N:GG[T>G]TA	1	160114.0	632060751
JG0139d	3	141548146	U:TC[T>C]TT	1	637346.0	632698097
JG0139d	3	141649092	N:TC[T>G]CA	1	100946.0	632799043
JG0139d	3	141654805	N:CC[T>G]CA	1	5713.0	632804756
JG0139d	3	141973439	U:AC[T>G]TG	-1	318634.0	633123390
JG0139d	3	142040318	T:GG[C>T]GC	1	66879.0	633190269
JG0139d	3	143175676	N:TC[T>G]TA	-1	1135358.0	634325627
JG0139d	3	143492084	U:TC[T>A]CC	-1	316408.0	634642035
JG0139d	3	143627091	T:TC[T>C]TG	1	135007.0	634777042
JG0139d	3	144285189	N:GC[T>G]TA	1	658098.0	635435140
JG0139d	3	144458504	N:CC[T>C]TA	-1	173315.0	635608455
JG0139d	3	145780722	N:TC[T>C]CG	1	1322218.0	636930673
JG0139d	3	146434289	U:TA[T>G]CT	-1	653567.0	637584240
JG0139d	3	146841846	N:TC[T>G]TC	-1	407557.0	637991797
JG0139d	3	146952828	N:AG[T>G]TA	-1	110982.0	638102779
JG0139d	3	147000470	N:AC[T>G]TT	1	47642.0	638150421
JG0139d	3	147044140	N:TG[T>G]TT	-1	43670.0	638194091
JG0139d	3	147336755	N:AC[T>G]TT	-1	292615.0	638486706
JG0139d	3	147405955	B:CC[T>A]CG	-1	69200.0	638555906
JG0139d	3	147581869	N:TC[T>G]CA	-1	175914.0	638731820
JG0139d	3	147641270	N:GC[T>C]AA	-1	59401.0	638791221
JG0139d	3	147996651	N:TC[T>C]GG	1	355381.0	639146602
JG0139d	3	148382542	N:TC[T>G]TG	1	385891.0	639532493
JG0139d	3	148437549	N:TG[T>G]CC	-1	55007.0	639587500
JG0139d	3	148477154	N:TC[T>G]TC	1	39605.0	639627105
JG0139d	3	148598021	N:GA[T>G]TC	-1	120867.0	639747972
JG0139d	3	148614515	N:AT[T>A]AT	-1	16494.0	639764466
JG0139d	3	148646145	N:AC[T>G]TG	-1	31630.0	639796096
JG0139d	3	148948608	N:CC[T>A]CA	1	302463.0	640098559
JG0139d	3	149287346	N:AA[T>G]TA	-1	338738.0	640437297
JG0139d	3	149893892	T:AC[T>A]GT	-1	606546.0	641043843
JG0139d	3	150250287	N:TC[T>G]CA	-1	356395.0	641400238
JG0139d	3	151733409	N:TC[T>G]TA	-1	1483122.0	642883360
JG0139d	3	152037101	N:TT[T>G]TG	-1	303692.0	643187052
JG0139d	3	152186957	N:AC[T>G]TA	1	149856.0	643336908
JG0139d	3	152720137	N:TC[T>C]TG	-1	533180.0	643870088
JG0139d	3	152747652	N:CC[T>G]TG	1	27515.0	643897603
JG0139d	3	154462938	N:GG[T>G]TA	1	1715286.0	645612889
JG0139d	3	154525599	N:GG[T>G]TT	-1	62661.0	645675550
JG0139d	3	154536657	N:GA[T>G]AA	-1	11058.0	645686608
JG0139d	3	155093244	U:AC[T>G]CA	1	556587.0	646243195
JG0139d	3	155252243	N:AC[T>G]TA	-1	158999.0	646402194
JG0139d	3	155264561	N:TC[T>G]TC	-1	12318.0	646414512
JG0139d	3	155688868	T:GC[T>G]TA	1	424307.0	646838819
JG0139d	3	155898939	T:AC[T>G]TT	-1	210071.0	647048890
JG0139d	3	156079117	U:TC[T>G]TT	1	180178.0	647229068
JG0139d	3	156220707	T:AG[C>G]TT	-1	141590.0	647370658
JG0139d	3	156220896	T:CC[T>G]TA	-1	189.0	647370847
JG0139d	3	156510658	U:GC[T>C]TG	1	289762.0	647660609
JG0139d	3	156792276	N:TG[T>G]TA	-1	281618.0	647942227
JG0139d	3	157028975	T:AG[T>G]TC	-1	236699.0	648178926
JG0139d	3	157131450	N:AG[T>G]TC	-1	102475.0	648281401
JG0139d	3	157410194	U:CC[T>G]TA	-1	278744.0	648560145
JG0139d	3	157662494	T:AC[T>G]TT	-1	252300.0	648812445
JG0139d	3	157970179	N:AC[T>C]AT	-1	307685.0	649120130
JG0139d	3	158091121	N:CC[T>G]TT	-1	120942.0	649241072
JG0139d	3	158248579	U:AC[T>G]TG	1	157458.0	649398530
JG0139d	3	159423072	T:CC[T>A]CC	-1	1174493.0	650573023
JG0139d	3	159624742	T:TC[T>A]TA	-1	201670.0	650774693
JG0139d	3	159935298	N:TC[T>G]TA	1	310556.0	651085249
JG0139d	3	159950377	N:CC[T>C]TG	1	15079.0	651100328
JG0139d	3	160061190	N:GC[T>G]GA	1	110813.0	651211141
JG0139d	3	160080847	N:CC[T>G]TT	1	19657.0	651230798
JG0139d	3	161050313	T:TG[T>C]CA	-1	969466.0	652200264
JG0139d	3	161774357	N:AC[T>C]AA	-1	724044.0	652924308
JG0139d	3	162218748	N:AC[T>G]AA	-1	444391.0	653368699
JG0139d	3	162341529	N:AC[T>C]TT	-1	122781.0	653491480
JG0139d	3	162489594	N:TC[T>C]TG	1	148065.0	653639545
JG0139d	3	162669497	N:AG[T>G]TT	-1	179903.0	653819448
JG0139d	3	162948552	N:GC[T>G]GA	-1	279055.0	654098503
JG0139d	3	163494046	N:CC[T>A]CA	-1	545494.0	654643997
JG0139d	3	163521907	N:GG[T>G]CA	-1	27861.0	654671858
JG0139d	3	163695892	N:CC[T>A]TG	1	173985.0	654845843
JG0139d	3	163723944	N:AC[T>A]TT	1	28052.0	654873895
JG0139d	3	163754175	N:TC[T>C]AG	1	30231.0	654904126
JG0139d	3	163804755	N:TG[T>G]TG	-1	50580.0	654954706
JG0139d	3	163913903	N:AC[T>G]CA	1	109148.0	655063854
JG0139d	3	163940695	N:GG[T>G]TA	1	26792.0	655090646
JG0139d	3	163972368	N:TC[T>C]GC	-1	31673.0	655122319
JG0139d	3	164033593	N:CC[T>G]CA	-1	61225.0	655183544
JG0139d	3	164096079	N:AC[T>G]CA	-1	62486.0	655246030
JG0139d	3	164207813	N:AC[T>C]TA	-1	111734.0	655357764
JG0139d	3	164384231	N:GC[T>G]TA	-1	176418.0	655534182
JG0139d	3	164752698	N:GC[T>C]TA	-1	368467.0	655902649
JG0139d	3	164854015	N:TT[T>C]TA	-1	101317.0	656003966
JG0139d	3	165779333	U:GC[T>C]TT	-1	925318.0	656929284
JG0139d	3	165858246	N:TG[T>C]TA	1	78913.0	657008197
JG0139d	3	165960887	N:TC[T>A]CA	-1	102641.0	657110838
JG0139d	3	165972911	N:CC[T>G]TA	-1	12024.0	657122862
JG0139d	3	166368724	N:TC[T>C]CA	-1	395813.0	657518675
JG0139d	3	166404937	N:AC[T>C]TT	-1	36213.0	657554888
JG0139d	3	166704084	N:GC[T>C]TT	-1	299147.0	657854035
JG0139d	3	166905740	N:AC[T>G]CT	-1	201656.0	658055691
JG0139d	3	166997936	N:AG[T>G]TC	-1	92196.0	658147887
JG0139d	3	167158026	N:AC[T>G]TG	-1	160090.0	658307977
JG0139d	3	167502032	U:AA[T>G]CC	-1	344006.0	658651983
JG0139d	3	167537757	U:GA[T>G]CA	-1	35725.0	658687708
JG0139d	3	167600521	T:TG[T>G]TA	1	62764.0	658750472
JG0139d	3	168322981	N:CC[T>A]TA	-1	722460.0	659472932
JG0139d	3	169911725	T:GG[T>G]TG	-1	1588744.0	661061676
JG0139d	3	170851840	T:GG[T>G]TC	-1	940115.0	662001791
JG0139d	3	170963910	N:TT[T>G]TA	-1	112070.0	662113861
JG0139d	3	171825059	N:AC[T>A]CC	-1	861149.0	662975010
JG0139d	3	172108739	U:AC[T>C]CA	1	283680.0	663258690
JG0139d	3	172223900	T:GC[T>G]TA	-1	115161.0	663373851
JG0139d	3	172886172	N:AC[T>C]TG	-1	662272.0	664036123
JG0139d	3	173137430	U:CA[T>C]CG	-1	251258.0	664287381
JG0139d	3	174314459	N:AC[T>G]TT	1	1177029.0	665464410
JG0139d	3	175064312	U:TC[T>C]TA	1	749853.0	666214263
JG0139d	3	175257782	T:TC[T>G]TT	-1	193470.0	666407733
JG0139d	3	176061987	N:TC[T>C]CC	1	804205.0	667211938
JG0139d	3	176347427	N:TG[T>C]GA	-1	285440.0	667497378
JG0139d	3	176358399	N:AG[T>G]TT	-1	10972.0	667508350
JG0139d	3	176372389	N:CC[T>G]TG	-1	13990.0	667522340
JG0139d	3	176750248	N:TC[T>G]TA	-1	377859.0	667900199
JG0139d	3	176978944	N:AC[T>C]TG	-1	228696.0	668128895
JG0139d	3	176983114	N:TC[T>C]GA	-1	4170.0	668133065
JG0139d	3	177558894	N:GC[T>A]CG	-1	575780.0	668708845
JG0139d	3	177927054	N:CC[T>G]CA	1	368160.0	669077005
JG0139d	3	178081208	N:AC[T>C]CT	1	154154.0	669231159
JG0139d	3	178136901	N:AC[T>G]TA	-1	55693.0	669286852
JG0139d	3	178148542	N:TC[T>C]TC	-1	11641.0	669298493
JG0139d	3	178784110	T:CT[C>A]TT	-1	635568.0	669934061
JG0139d	3	178801658	T:CC[T>G]CT	-1	17548.0	669951609
JG0139d	3	178929009	N:AC[T>G]TA	-1	127351.0	670078960
JG0139d	3	179259989	T:CC[T>C]TG	1	330980.0	670409940
JG0139d	3	179579570	U:AC[T>G]TG	1	319581.0	670729521
JG0139d	3	179732254	T:AC[T>C]CC	-1	152684.0	670882205
JG0139d	3	179913248	U:CC[T>G]TG	-1	180994.0	671063199
JG0139d	3	180031002	T:TC[T>G]TA	1	117754.0	671180953
JG0139d	3	180222070	N:AC[T>G]TA	-1	191068.0	671372021
JG0139d	3	180238932	N:TG[T>G]TA	1	16862.0	671388883
JG0139d	3	180269640	N:TG[T>G]TT	1	30708.0	671419591
JG0139d	3	180494050	N:AC[T>G]TT	1	224410.0	671644001
JG0139d	3	180533263	N:TC[T>C]TT	-1	39213.0	671683214
JG0139d	3	180763526	U:TG[T>G]CC	-1	230263.0	671913477
JG0139d	3	180764449	U:CT[T>G]TT	-1	923.0	671914400
JG0139d	3	181450358	N:GC[T>G]CC	1	685909.0	672600309
JG0139d	3	181510329	N:TC[T>A]CT	-1	59971.0	672660280
JG0139d	3	181731024	N:CC[T>G]TG	-1	220695.0	672880975
JG0139d	3	181774162	N:TG[T>G]TG	-1	43138.0	672924113
JG0139d	3	181909886	N:AC[T>C]TG	1	135724.0	673059837
JG0139d	3	182329402	N:TC[T>G]TG	-1	419516.0	673479353
JG0139d	3	183197900	U:TC[T>A]AA	-1	868498.0	674347851
JG0139d	3	183299745	U:AC[T>G]TT	-1	101845.0	674449696
JG0139d	3	183402505	U:TC[T>A]TA	-1	102760.0	674552456
JG0139d	3	183748642	T:GC[T>C]GA	-1	346137.0	674898593
JG0139d	3	183982938	U:TG[T>G]TA	-1	234296.0	675132889
JG0139d	3	184457229	N:TC[T>G]TA	1	474291.0	675607180
JG0139d	3	184614672	N:GG[T>C]CA	1	157443.0	675764623
JG0139d	3	185030395	U:TC[T>C]GC	1	415723.0	676180346
JG0139d	3	185225324	U:AG[T>G]GA	-1	194929.0	676375275
JG0139d	3	185311983	T:AC[T>G]TA	-1	86659.0	676461934
JG0139d	3	185577440	N:TC[T>C]CA	-1	265457.0	676727391
JG0139d	3	186118529	N:GC[T>C]CT	-1	541089.0	677268480
JG0139d	3	186149188	T:AC[T>A]CA	1	30659.0	677299139
JG0139d	3	186253850	T:GC[T>G]GA	1	104662.0	677403801
JG0139d	3	186338120	U:TC[T>G]TG	-1	84270.0	677488071
JG0139d	3	187059912	T:TC[T>A]CC	-1	721792.0	678209863
JG0139d	3	187312099	N:CC[T>A]CC	-1	252187.0	678462050
JG0139d	3	187365425	N:GC[T>G]CT	-1	53326.0	678515376
JG0139d	3	187605861	N:CG[T>G]GA	1	240436.0	678755812
JG0139d	3	187701482	T:AC[T>C]TA	1	95621.0	678851433
JG0139d	3	188163943	U:AC[T>C]CT	1	462461.0	679313894
JG0139d	3	188530569	T:CC[T>C]TG	-1	366626.0	679680520
JG0139d	3	188715589	T:AC[T>C]GT	-1	185020.0	679865540
JG0139d	3	189663645	T:GC[T>A]GA	-1	948056.0	680813596
JG0139d	3	190341688	N:GC[T>C]TG	1	678043.0	681491639
JG0139d	3	190377553	N:AC[T>G]TT	-1	35865.0	681527504
JG0139d	3	190434755	U:TG[T>A]CT	-1	57202.0	681584706
JG0139d	3	190610654	T:TG[T>C]TA	-1	175899.0	681760605
JG0139d	3	190946947	N:GC[T>G]CG	-1	336293.0	682096898
JG0139d	3	191325859	U:AG[T>G]CC	-1	378912.0	682475810
JG0139d	3	191970257	N:TC[T>C]TG	-1	644398.0	683120208
JG0139d	3	192387558	U:TG[T>G]TA	-1	417301.0	683537509
JG0139d	3	192389313	U:TC[T>G]TC	-1	1755.0	683539264
JG0139d	3	192647410	T:GG[T>C]TA	1	258097.0	683797361
JG0139d	3	192669300	U:AC[T>G]TT	-1	21890.0	683819251
JG0139d	3	192702560	U:CC[T>G]CA	-1	33260.0	683852511
JG0139d	3	192852771	U:TC[T>G]AG	-1	150211.0	684002722
JG0139d	3	193033021	N:AC[T>C]AT	-1	180250.0	684182972
JG0139d	3	193121098	N:AC[T>G]TG	-1	88077.0	684271049
JG0139d	3	193490548	T:AC[T>G]TC	1	369450.0	684640499
JG0139d	3	193705582	N:TC[T>C]TA	-1	215034.0	684855533
JG0139d	3	194330140	N:AC[T>C]TA	-1	624558.0	685480091
JG0139d	3	194549367	N:GA[T>G]TA	-1	219227.0	685699318
JG0139d	3	194852741	N:AC[T>G]CG	-1	303374.0	686002692
JG0139d	3	197426832	N:TC[T>C]CA	1	2574091.0	688576783
JG0139d	3	197851407	T:TC[T>G]TC	-1	424575.0	689001358
JG0139d	4	249467	N:TC[T>G]TA	-1		689694977
JG0139d	4	488710	U:GA[T>C]TA	-1	239243.0	689934220
JG0139d	4	592044	N:TC[T>G]TG	1	103334.0	690037554
JG0139d	4	1023489	U:GA[T>G]TC	1	431445.0	690468999
JG0139d	4	2375274	U:AC[T>C]TA	-1	1351785.0	691820784
JG0139d	4	3296282	N:GC[T>C]TG	-1	921008.0	692741792
JG0139d	4	3486049	T:AG[C>A]TG	-1	189767.0	692931559
JG0139d	4	3513888	U:AG[T>G]TA	-1	27839.0	692959398
JG0139d	4	3876072	N:AC[T>C]TT	-1	362184.0	693321582
JG0139d	4	3895843	N:AC[T>G]TG	-1	19771.0	693341353
JG0139d	4	4663447	N:AC[T>G]CC	-1	767604.0	694108957
JG0139d	4	4683304	N:AC[T>C]CA	-1	19857.0	694128814
JG0139d	4	4695446	N:AC[T>G]TG	-1	12142.0	694140956
JG0139d	4	4765755	N:AC[T>C]CT	-1	70309.0	694211265
JG0139d	4	4883742	N:AC[T>G]CA	-1	117987.0	694329252
JG0139d	4	5178248	T:GC[T>G]TA	-1	294506.0	694623758
JG0139d	4	5343849	T:AC[T>G]TT	-1	165601.0	694789359
JG0139d	4	5355923	T:AC[T>A]GC	-1	12074.0	694801433
JG0139d	4	5462527	T:TC[T>C]CA	-1	106604.0	694908037
JG0139d	4	5503214	N:TC[T>C]TA	-1	40687.0	694948724
JG0139d	4	5551512	N:AC[T>G]TG	-1	48298.0	694997022
JG0139d	4	5595652	T:AC[T>G]GC	1	44140.0	695041162
JG0139d	4	5831515	U:AC[T>G]TT	-1	235863.0	695277025
JG0139d	4	6296421	T:TG[T>C]CA	-1	464906.0	695741931
JG0139d	4	6350913	T:GG[T>G]TG	1	54492.0	695796423
JG0139d	4	6390115	T:GA[T>G]GC	1	39202.0	695835625
JG0139d	4	6424479	U:CC[T>A]CA	-1	34364.0	695869989
JG0139d	4	6545545	U:CC[T>G]TG	-1	121066.0	695991055
JG0139d	4	8364487	N:GG[T>G]TC	-1	1818942.0	697809997
JG0139d	4	8381122	U:GC[T>C]TG	-1	16635.0	697826632
JG0139d	4	8446679	T:CC[T>G]TA	-1	65557.0	697892189
JG0139d	4	8461488	T:GC[T>C]TA	-1	14809.0	697906998
JG0139d	4	8476870	N:AC[T>G]TG	-1	15382.0	697922380
JG0139d	4	8665532	N:AC[T>A]TC	-1	188662.0	698111042
JG0139d	4	8674124	N:AG[T>G]TG	-1	8592.0	698119634
JG0139d	4	8682316	N:AC[T>C]CA	-1	8192.0	698127826
JG0139d	4	8957461	N:AC[T>G]TC	-1	275145.0	698402971
JG0139d	4	8976503	N:AC[T>G]TG	-1	19042.0	698422013
JG0139d	4	9104427	N:AC[T>C]TG	-1	127924.0	698549937
JG0139d	4	9144520	N:GC[T>C]TC	-1	40093.0	698590030
JG0139d	4	9146166	N:TC[T>G]TC	-1	1646.0	698591676
JG0139d	4	9663280	N:CG[T>A]CA	-1	517114.0	699108790
JG0139d	4	9751392	N:GC[T>A]TT	-1	88112.0	699196902
JG0139d	4	9906510	U:TC[T>C]GA	-1	155118.0	699352020
JG0139d	4	9949575	U:GC[T>C]CT	-1	43065.0	699395085
JG0139d	4	10012215	U:AC[T>C]AG	-1	62640.0	699457725
JG0139d	4	10187010	N:AC[T>G]TG	-1	174795.0	699632520
JG0139d	4	10190760	N:AC[T>C]TG	-1	3750.0	699636270
JG0139d	4	10255117	N:AC[T>C]CA	-1	64357.0	699700627
JG0139d	4	10390054	N:CC[T>G]TG	-1	134937.0	699835564
JG0139d	4	10500582	U:CC[T>C]CA	-1	110528.0	699946092
JG0139d	4	10764331	N:GG[T>C]CA	-1	263749.0	700209841
JG0139d	4	11110328	N:AT[T>A]CA	-1	345997.0	700555838
JG0139d	4	11126418	N:TC[T>G]TT	-1	16090.0	700571928
JG0139d	4	11197429	N:AC[T>G]TC	-1	71011.0	700642939
JG0139d	4	11364656	N:AC[T>A]TT	-1	167227.0	700810166
JG0139d	4	11547986	N:AG[T>A]TC	-1	183330.0	700993496
JG0139d	4	11808732	N:GC[T>C]GA	-1	260746.0	701254242
JG0139d	4	11878144	N:GC[T>G]TC	-1	69412.0	701323654
JG0139d	4	11905377	N:TC[T>C]CA	-1	27233.0	701350887
JG0139d	4	12155907	N:GG[T>G]CA	-1	250530.0	701601417
JG0139d	4	12194558	N:TC[T>C]CA	-1	38651.0	701640068
JG0139d	4	12440994	N:AC[T>G]TT	-1	246436.0	701886504
JG0139d	4	12942753	N:TC[T>C]TA	1	501759.0	702388263
JG0139d	4	12952156	N:TC[T>A]CA	-1	9403.0	702397666
JG0139d	4	12956322	N:TC[T>G]TA	1	4166.0	702401832
JG0139d	4	12956368	N:TC[T>C]TT	-1	46.0	702401878
JG0139d	4	12959415	N:AC[T>G]TA	-1	3047.0	702404925
JG0139d	4	13076994	N:AC[T>G]TA	-1	117579.0	702522504
JG0139d	4	13563739	N:TC[T>G]TA	1	486745.0	703009249
JG0139d	4	13889778	N:TC[T>C]CA	-1	326039.0	703335288
JG0139d	4	13922757	N:TC[T>C]CT	-1	32979.0	703368267
JG0139d	4	13971100	N:AC[T>A]TG	-1	48343.0	703416610
JG0139d	4	14000591	N:AC[T>G]CA	-1	29491.0	703446101
JG0139d	4	14138971	N:TC[T>G]TG	-1	138380.0	703584481
JG0139d	4	14185536	N:AC[T>C]TG	-1	46565.0	703631046
JG0139d	4	14247921	N:GC[T>G]TA	-1	62385.0	703693431
JG0139d	4	14251574	N:CC[T>G]TA	-1	3653.0	703697084
JG0139d	4	14284150	N:AG[T>G]TA	-1	32576.0	703729660
JG0139d	4	14800676	N:GC[T>C]TG	1	516526.0	704246186
JG0139d	4	14815612	N:AC[T>A]CA	-1	14936.0	704261122
JG0139d	4	14912287	N:TC[T>A]CA	-1	96675.0	704357797
JG0139d	4	14938270	N:TC[T>G]TC	-1	25983.0	704383780
JG0139d	4	15189894	N:TC[T>C]CA	-1	251624.0	704635404
JG0139d	4	15393179	T:TC[T>C]TA	-1	203285.0	704838689
JG0139d	4	15399851	T:GC[T>C]TC	-1	6672.0	704845361
JG0139d	4	15435768	T:AC[T>C]TG	-1	35917.0	704881278
JG0139d	4	15523844	T:AG[T>C]TG	-1	88076.0	704969354
JG0139d	4	15587475	T:AC[T>C]TA	-1	63631.0	705032985
JG0139d	4	15626549	U:GC[T>G]CC	-1	39074.0	705072059
JG0139d	4	16750835	U:TC[T>G]TA	-1	1124286.0	706196345
JG0139d	4	17181982	N:AC[T>G]TA	1	431147.0	706627492
JG0139d	4	17238437	N:AC[T>G]TA	-1	56455.0	706683947
JG0139d	4	17284125	N:GG[T>C]TA	-1	45688.0	706729635
JG0139d	4	17419925	N:AG[T>G]TA	-1	135800.0	706865435
JG0139d	4	17429044	N:TC[T>C]GC	-1	9119.0	706874554
JG0139d	4	17574134	N:AC[T>G]TA	-1	145090.0	707019644
JG0139d	4	18063556	N:AC[T>G]GA	-1	489422.0	707509066
JG0139d	4	18152129	N:TC[T>G]TA	-1	88573.0	707597639
JG0139d	4	18195244	N:AG[T>G]TC	-1	43115.0	707640754
JG0139d	4	18237461	N:GG[T>G]TT	-1	42217.0	707682971
JG0139d	4	18251054	N:AC[T>G]TG	-1	13593.0	707696564
JG0139d	4	18342905	N:AC[T>A]CC	-1	91851.0	707788415
JG0139d	4	18367626	N:TC[T>G]TG	-1	24721.0	707813136
JG0139d	4	18377938	N:TC[T>A]AC	-1	10312.0	707823448
JG0139d	4	18544631	N:AG[T>C]TG	-1	166693.0	707990141
JG0139d	4	18668905	N:GC[T>A]CC	-1	124274.0	708114415
JG0139d	4	18785972	N:AT[T>A]TT	-1	117067.0	708231482
JG0139d	4	18911070	N:AC[T>G]TC	-1	125098.0	708356580
JG0139d	4	19177172	N:TC[T>C]CA	-1	266102.0	708622682
JG0139d	4	19292411	N:TC[T>G]CA	-1	115239.0	708737921
JG0139d	4	19490929	N:TC[T>G]TC	-1	198518.0	708936439
JG0139d	4	19510609	N:TC[T>G]TG	-1	19680.0	708956119
JG0139d	4	19587949	N:TC[T>C]TT	-1	77340.0	709033459
JG0139d	4	19649072	N:AC[T>G]TA	-1	61123.0	709094582
JG0139d	4	19719730	N:TC[T>C]TG	-1	70658.0	709165240
JG0139d	4	19782987	N:AC[T>C]GG	-1	63257.0	709228497
JG0139d	4	19939012	N:TC[T>G]TA	-1	156025.0	709384522
JG0139d	4	20070924	N:TC[T>C]CA	-1	131912.0	709516434
JG0139d	4	20158756	N:TC[T>C]CA	-1	87832.0	709604266
JG0139d	4	20164246	N:GA[T>G]TC	-1	5490.0	709609756
JG0139d	4	20244503	N:GC[T>C]TA	-1	80257.0	709690013
JG0139d	4	20828257	T:TG[T>C]CT	1	583754.0	710273767
JG0139d	4	20836655	U:GC[T>G]CA	-1	8398.0	710282165
JG0139d	4	20903834	U:TC[T>A]CA	-1	67179.0	710349344
JG0139d	4	20915218	U:AC[T>C]CA	-1	11384.0	710360728
JG0139d	4	21142942	U:TC[T>C]CT	-1	227724.0	710588452
JG0139d	4	21219234	U:GG[T>A]CA	-1	76292.0	710664744
JG0139d	4	21293419	U:AC[T>C]TA	-1	74185.0	710738929
JG0139d	4	21368904	U:TC[T>A]TG	-1	75485.0	710814414
JG0139d	4	21457741	U:AG[T>C]GA	-1	88837.0	710903251
JG0139d	4	21616802	T:CC[T>A]AC	1	159061.0	711062312
JG0139d	4	21723608	U:TC[T>G]TT	-1	106806.0	711169118
JG0139d	4	21779857	U:TC[T>C]TG	-1	56249.0	711225367
JG0139d	4	21883140	U:AC[T>G]TT	-1	103283.0	711328650
JG0139d	4	22028743	N:AG[T>C]TA	-1	145603.0	711474253
JG0139d	4	22063378	N:AC[T>A]TA	-1	34635.0	711508888
JG0139d	4	22072087	N:GG[T>C]CA	-1	8709.0	711517597
JG0139d	4	22244674	N:TC[T>A]CA	-1	172587.0	711690184
JG0139d	4	22277937	N:AG[T>A]CA	-1	33263.0	711723447
JG0139d	4	22550799	N:AC[T>G]TG	-1	272862.0	711996309
JG0139d	4	22658439	N:TC[T>C]CA	1	107640.0	712103949
JG0139d	4	22784769	N:AC[T>C]TA	-1	126330.0	712230279
JG0139d	4	22841112	N:AC[T>G]TG	-1	56343.0	712286622
JG0139d	4	22847924	N:GC[T>C]CA	-1	6812.0	712293434
JG0139d	4	22856726	N:TC[T>G]TA	-1	8802.0	712302236
JG0139d	4	22870696	N:TC[T>C]CA	-1	13970.0	712316206
JG0139d	4	22990071	N:GC[T>C]TG	-1	119375.0	712435581
JG0139d	4	23058845	N:TC[T>G]TC	-1	68774.0	712504355
JG0139d	4	23073885	N:CC[T>G]TA	-1	15040.0	712519395
JG0139d	4	23195960	N:TC[T>A]CA	-1	122075.0	712641470
JG0139d	4	23206766	N:AC[T>G]CA	-1	10806.0	712652276
JG0139d	4	23412487	N:TC[T>C]CA	-1	205721.0	712857997
JG0139d	4	23470418	N:AC[T>G]TC	-1	57931.0	712915928
JG0139d	4	23605024	N:AC[T>C]GA	-1	134606.0	713050534
JG0139d	4	23981319	N:TC[T>G]TC	-1	376295.0	713426829
JG0139d	4	24224163	N:CC[T>A]CC	-1	242844.0	713669673
JG0139d	4	24719437	N:TG[T>G]TA	-1	495274.0	714164947
JG0139d	4	24863577	U:AC[T>C]TT	-1	144140.0	714309087
JG0139d	4	25337013	T:AG[T>G]TA	-1	473436.0	714782523
JG0139d	4	25650066	U:AG[T>G]TA	1	313053.0	715095576
JG0139d	4	25668724	T:GG[T>G]TG	-1	18658.0	715114234
JG0139d	4	26022293	N:AC[T>G]TG	1	353569.0	715467803
JG0139d	4	26486713	U:TC[T>A]CA	-1	464420.0	715932223
JG0139d	4	27061088	N:AC[T>C]TG	1	574375.0	716506598
JG0139d	4	27232603	N:CC[T>G]TG	1	171515.0	716678113
JG0139d	4	27276452	N:TG[T>G]TT	-1	43849.0	716721962
JG0139d	4	27285764	N:GC[T>G]TA	-1	9312.0	716731274
JG0139d	4	27322032	N:TC[T>G]TG	-1	36268.0	716767542
JG0139d	4	27358839	N:TC[T>C]TA	-1	36807.0	716804349
JG0139d	4	27394837	N:TC[T>C]TG	-1	35998.0	716840347
JG0139d	4	27400080	N:AC[T>A]CC	-1	5243.0	716845590
JG0139d	4	27427898	N:AG[T>G]CA	-1	27818.0	716873408
JG0139d	4	27598462	N:TC[T>A]CA	1	170564.0	717043972
JG0139d	4	27640921	N:CC[T>G]TA	-1	42459.0	717086431
JG0139d	4	27717411	N:TC[T>G]TA	-1	76490.0	717162921
JG0139d	4	27821893	N:GG[T>A]CA	-1	104482.0	717267403
JG0139d	4	28095855	N:AC[T>A]GA	-1	273962.0	717541365
JG0139d	4	28103125	N:GC[T>C]TA	-1	7270.0	717548635
JG0139d	4	28348099	N:AT[T>G]TA	1	244974.0	717793609
JG0139d	4	28413360	N:TG[T>A]TA	-1	65261.0	717858870
JG0139d	4	28717787	N:TC[T>A]CT	-1	304427.0	718163297
JG0139d	4	29323803	N:TC[T>G]TA	-1	606016.0	718769313
JG0139d	4	29874024	N:TC[T>A]TA	-1	550221.0	719319534
JG0139d	4	29994225	N:GC[T>G]CA	-1	120201.0	719439735
JG0139d	4	30071582	N:AC[T>G]TG	-1	77357.0	719517092
JG0139d	4	30399962	N:GG[T>C]TC	-1	328380.0	719845472
JG0139d	4	30572794	N:TC[T>C]CA	-1	172832.0	720018304
JG0139d	4	31360194	N:AC[T>C]TT	-1	787400.0	720805704
JG0139d	4	31461882	N:AC[T>G]TA	-1	101688.0	720907392
JG0139d	4	31593686	N:AC[T>A]CA	-1	131804.0	721039196
JG0139d	4	31697483	N:TC[T>A]TA	-1	103797.0	721142993
JG0139d	4	31706213	N:TC[T>A]CA	-1	8730.0	721151723
JG0139d	4	31911210	N:AC[T>C]TG	-1	204997.0	721356720
JG0139d	4	32484848	N:AC[T>C]TT	-1	573638.0	721930358
JG0139d	4	32526807	N:GC[T>A]TA	-1	41959.0	721972317
JG0139d	4	32710388	N:AC[T>G]TT	-1	183581.0	722155898
JG0139d	4	32769894	N:AC[T>G]TG	-1	59506.0	722215404
JG0139d	4	32825168	N:TA[T>G]TA	-1	55274.0	722270678
JG0139d	4	32978781	N:GG[T>G]TG	-1	153613.0	722424291
JG0139d	4	33664048	N:TC[T>G]CA	-1	685267.0	723109558
JG0139d	4	33684163	N:AG[T>A]TA	-1	20115.0	723129673
JG0139d	4	34682417	N:AC[T>G]TT	-1	998254.0	724127927
JG0139d	4	34725886	N:GC[T>G]CA	-1	43469.0	724171396
JG0139d	4	34728680	N:GC[T>C]TG	-1	2794.0	724174190
JG0139d	4	34750806	N:TC[T>C]TG	-1	22126.0	724196316
JG0139d	4	34765050	N:TC[T>G]TA	-1	14244.0	724210560
JG0139d	4	34838686	N:AC[T>C]CA	-1	73636.0	724284196
JG0139d	4	34866394	N:TC[T>C]CT	-1	27708.0	724311904
JG0139d	4	34868432	N:AC[T>G]TA	-1	2038.0	724313942
JG0139d	4	35384326	N:AC[T>G]CA	-1	515894.0	724829836
JG0139d	4	35400688	N:AC[T>G]TA	-1	16362.0	724846198
JG0139d	4	35569485	N:TC[T>C]GA	-1	168797.0	725014995
JG0139d	4	35724983	N:AC[T>C]TG	-1	155498.0	725170493
JG0139d	4	35822405	N:AC[T>G]TT	-1	97422.0	725267915
JG0139d	4	36044549	N:AG[T>G]TG	-1	222144.0	725490059
JG0139d	4	36336887	T:GG[T>G]TC	-1	292338.0	725782397
JG0139d	4	36361179	N:TC[T>C]CA	-1	24292.0	725806689
JG0139d	4	36374917	N:CC[T>C]GA	-1	13738.0	725820427
JG0139d	4	36455141	N:GC[T>G]TG	-1	80224.0	725900651
JG0139d	4	36521771	N:TC[T>C]TT	-1	66630.0	725967281
JG0139d	4	36722487	N:AG[T>G]TG	-1	200716.0	726167997
JG0139d	4	36727358	N:GC[T>C]TG	-1	4871.0	726172868
JG0139d	4	36817003	N:AC[T>C]TT	-1	89645.0	726262513
JG0139d	4	36961722	N:TC[T>C]TA	-1	144719.0	726407232
JG0139d	4	37000761	N:CC[T>G]TA	-1	39039.0	726446271
JG0139d	4	37080419	N:AC[T>C]GC	-1	79658.0	726525929
JG0139d	4	37221203	N:TC[T>C]TA	-1	140784.0	726666713
JG0139d	4	37257622	T:TC[T>C]CA	-1	36419.0	726703132
JG0139d	4	38115810	T:AC[T>C]TC	-1	858188.0	727561320
JG0139d	4	38193315	N:AC[T>G]TC	1	77505.0	727638825
JG0139d	4	38317536	N:TC[T>G]TA	-1	124221.0	727763046
JG0139d	4	38388782	N:TT[C>T]AT	1	71246.0	727834292
JG0139d	4	38420546	N:TC[T>A]TT	-1	31764.0	727866056
JG0139d	4	38474259	N:GC[T>G]TA	-1	53713.0	727919769
JG0139d	4	38506623	N:TC[T>C]CA	-1	32364.0	727952133
JG0139d	4	38568586	N:TC[T>C]CC	-1	61963.0	728014096
JG0139d	4	38837157	T:AC[T>C]AC	1	268571.0	728282667
JG0139d	4	40015745	N:CC[T>G]CG	1	1178588.0	729461255
JG0139d	4	40582333	U:TC[T>C]TG	-1	566588.0	730027843
JG0139d	4	41726560	N:CC[T>C]CA	-1	1144227.0	731172070
JG0139d	4	42971214	T:AC[T>A]TG	-1	1244654.0	732416724
JG0139d	4	43016547	T:AC[T>C]TA	-1	45333.0	732462057
JG0139d	4	43026617	T:AA[T>G]TA	-1	10070.0	732472127
JG0139d	4	43076241	N:TC[T>C]TG	-1	49624.0	732521751
JG0139d	4	43082721	N:TC[T>G]TA	-1	6480.0	732528231
JG0139d	4	43102240	N:AC[T>A]TT	-1	19519.0	732547750
JG0139d	4	43124481	N:AC[T>C]TG	-1	22241.0	732569991
JG0139d	4	43281199	N:GC[T>A]CA	-1	156718.0	732726709
JG0139d	4	43396299	N:TC[T>C]CA	-1	115100.0	732841809
JG0139d	4	43406315	N:AC[T>C]TG	-1	10016.0	732851825
JG0139d	4	43530512	N:TC[T>C]CT	-1	124197.0	732976022
JG0139d	4	44027673	N:TC[T>C]GA	-1	497161.0	733473183
JG0139d	4	44031500	N:AC[T>C]TA	-1	3827.0	733477010
JG0139d	4	44173261	N:TC[T>A]CA	-1	141761.0	733618771
JG0139d	4	44173803	N:AC[T>G]TA	-1	542.0	733619313
JG0139d	4	44221548	U:AC[T>G]TG	-1	47745.0	733667058
JG0139d	4	44231443	U:TG[T>G]TA	-1	9895.0	733676953
JG0139d	4	44235069	U:AC[T>A]TA	-1	3626.0	733680579
JG0139d	4	44348375	U:CC[T>G]TA	-1	113306.0	733793885
JG0139d	4	44370643	U:TC[T>A]TG	-1	22268.0	733816153
JG0139d	4	44438068	U:TC[T>C]CC	-1	67425.0	733883578
JG0139d	4	44591294	N:AC[T>A]CA	-1	153226.0	734036804
JG0139d	4	44772886	N:TC[T>A]CA	-1	181592.0	734218396
JG0139d	4	44782190	N:AC[T>C]TT	-1	9304.0	734227700
JG0139d	4	44888502	N:TC[T>C]CT	-1	106312.0	734334012
JG0139d	4	44927129	N:AC[T>G]TG	-1	38627.0	734372639
JG0139d	4	45200078	N:AC[T>C]GA	-1	272949.0	734645588
JG0139d	4	45340033	N:CC[T>G]TA	-1	139955.0	734785543
JG0139d	4	45578623	N:GC[T>C]TA	-1	238590.0	735024133
JG0139d	4	45686332	N:TC[T>G]TC	-1	107709.0	735131842
JG0139d	4	45845946	N:AT[T>G]TA	-1	159614.0	735291456
JG0139d	4	45924946	N:GC[T>G]TG	-1	79000.0	735370456
JG0139d	4	45979665	N:AC[T>G]TA	-1	54719.0	735425175
JG0139d	4	46462574	U:GC[T>G]CA	-1	482909.0	735908084
JG0139d	4	46604379	N:AA[T>G]TC	-1	141805.0	736049889
JG0139d	4	46755398	T:GT[T>A]CT	1	151019.0	736200908
JG0139d	4	47408600	T:TC[T>C]TG	-1	653202.0	736854110
JG0139d	4	48764476	U:GC[T>A]CA	-1	1355876.0	738209986
JG0139d	4	52058585	U:CC[C>T]AC	1	3294109.0	741504095
JG0139d	4	52218244	N:AC[T>G]TA	-1	159659.0	741663754
JG0139d	4	52257233	N:TG[T>G]TA	-1	38989.0	741702743
JG0139d	4	52427006	N:AC[T>G]CT	-1	169773.0	741872516
JG0139d	4	52988223	U:AC[T>C]CG	-1	561217.0	742433733
JG0139d	4	53168221	U:TC[T>C]CC	-1	179998.0	742613731
JG0139d	4	54649348	N:AC[T>C]TC	-1	1481127.0	744094858
JG0139d	4	54750802	N:AC[T>C]CA	-1	101454.0	744196312
JG0139d	4	54797802	N:TG[T>G]TC	-1	47000.0	744243312
JG0139d	4	54854453	N:AC[T>C]TT	-1	56651.0	744299963
JG0139d	4	54854480	N:CA[C>G]AA	-1	27.0	744299990
JG0139d	4	54928282	N:GC[T>C]TG	-1	73802.0	744373792
JG0139d	4	54956825	N:CC[T>C]TA	-1	28543.0	744402335
JG0139d	4	55039228	N:CC[T>A]CA	-1	82403.0	744484738
JG0139d	4	55056697	N:AC[T>C]TG	-1	17469.0	744502207
JG0139d	4	55235990	N:AG[T>G]TT	-1	179293.0	744681500
JG0139d	4	55562983	U:GG[T>C]TG	-1	326993.0	745008493
JG0139d	4	56136005	T:AC[T>G]CC	-1	573022.0	745581515
JG0139d	4	56148942	T:AC[T>C]TG	-1	12937.0	745594452
JG0139d	4	56165707	T:TG[T>G]TA	-1	16765.0	745611217
JG0139d	4	56362154	T:GC[T>G]TA	1	196447.0	745807664
JG0139d	4	56716941	N:GC[T>C]TG	-1	354787.0	746162451
JG0139d	4	57352871	N:GC[T>G]TA	-1	635930.0	746798381
JG0139d	4	57376249	N:AC[T>C]CA	-1	23378.0	746821759
JG0139d	4	57544208	N:TG[T>G]TC	-1	167959.0	746989718
JG0139d	4	57600412	N:GG[T>C]TT	-1	56204.0	747045922
JG0139d	4	58015233	N:AC[T>C]GC	-1	414821.0	747460743
JG0139d	4	58031850	N:TC[T>G]AC	1	16617.0	747477360
JG0139d	4	58081451	N:TC[T>A]TG	-1	49601.0	747526961
JG0139d	4	58093385	N:TC[T>C]CC	-1	11934.0	747538895
JG0139d	4	58110618	N:AC[T>C]GC	-1	17233.0	747556128
JG0139d	4	58165971	N:GC[T>C]TA	-1	55353.0	747611481
JG0139d	4	58173464	N:GG[T>C]TC	-1	7493.0	747618974
JG0139d	4	58181700	N:GC[T>G]TA	-1	8236.0	747627210
JG0139d	4	58382823	N:TC[T>G]TA	1	201123.0	747828333
JG0139d	4	58666239	N:TC[T>G]TC	-1	283416.0	748111749
JG0139d	4	58763470	N:TC[T>A]TC	-1	97231.0	748208980
JG0139d	4	59016069	N:GA[T>G]AC	-1	252599.0	748461579
JG0139d	4	59363018	N:AG[T>C]GG	-1	346949.0	748808528
JG0139d	4	59464817	N:AC[T>G]TA	-1	101799.0	748910327
JG0139d	4	59527479	N:AC[T>G]TA	-1	62662.0	748972989
JG0139d	4	59801415	N:AG[T>G]TA	1	273936.0	749246925
JG0139d	4	59883259	N:TC[T>G]TA	-1	81844.0	749328769
JG0139d	4	59913260	N:TC[T>C]CC	-1	30001.0	749358770
JG0139d	4	60235264	N:AC[T>C]TT	-1	322004.0	749680774
JG0139d	4	60597923	N:TC[T>A]TG	-1	362659.0	750043433
JG0139d	4	60940460	N:AT[T>G]TA	1	342537.0	750385970
JG0139d	4	61164212	N:TC[T>C]TT	-1	223752.0	750609722
JG0139d	4	61406452	T:AC[T>C]TA	-1	242240.0	750851962
JG0139d	4	61460782	T:TC[T>C]GA	-1	54330.0	750906292
JG0139d	4	61631489	T:TC[T>C]TA	-1	170707.0	751076999
JG0139d	4	61848601	T:AG[T>C]CC	-1	217112.0	751294111
JG0139d	4	62235737	N:AC[T>C]GA	-1	387136.0	751681247
JG0139d	4	62381253	N:AC[T>G]TA	-1	145516.0	751826763
JG0139d	4	62823903	N:AG[T>A]TG	-1	442650.0	752269413
JG0139d	4	63038762	N:AC[T>G]TG	-1	214859.0	752484272
JG0139d	4	63268956	N:TC[T>C]TG	-1	230194.0	752714466
JG0139d	4	63393262	N:TC[T>G]TA	-1	124306.0	752838772
JG0139d	4	63541037	N:TC[T>C]CT	-1	147775.0	752986547
JG0139d	4	63542283	N:GG[T>G]TT	-1	1246.0	752987793
JG0139d	4	63624123	N:TC[T>G]TG	-1	81840.0	753069633
JG0139d	4	63882836	N:AG[T>G]TA	-1	258713.0	753328346
JG0139d	4	64623213	N:AC[T>A]CA	-1	740377.0	754068723
JG0139d	4	64961724	N:TC[T>A]TG	-1	338511.0	754407234
JG0139d	4	64962623	N:AG[T>G]TA	-1	899.0	754408133
JG0139d	4	64976509	N:TC[T>A]TA	-1	13886.0	754422019
JG0139d	4	64997967	N:TA[T>G]TT	-1	21458.0	754443477
JG0139d	4	65154774	N:GG[T>G]TG	-1	156807.0	754600284
JG0139d	4	65589859	U:CG[T>G]TT	-1	435085.0	755035369
JG0139d	4	65681761	N:AC[T>G]CA	1	91902.0	755127271
JG0139d	4	65926842	N:GC[T>G]TT	-1	245081.0	755372352
JG0139d	4	66039194	N:AC[T>G]TT	-1	112352.0	755484704
JG0139d	4	66158573	N:AC[T>C]TA	-1	119379.0	755604083
JG0139d	4	66212784	N:TC[T>C]TT	-1	54211.0	755658294
JG0139d	4	66494965	N:GG[T>C]TA	-1	282181.0	755940475
JG0139d	4	66611132	N:AC[T>C]TA	-1	116167.0	756056642
JG0139d	4	66686934	N:AC[T>G]TA	-1	75802.0	756132444
JG0139d	4	66735408	N:GC[T>A]TA	-1	48474.0	756180918
JG0139d	4	66846802	N:AC[T>G]TC	-1	111394.0	756292312
JG0139d	4	67116663	N:GG[C>A]AA	1	269861.0	756562173
JG0139d	4	67225811	N:TT[C>A]TA	-1	109148.0	756671321
JG0139d	4	67262773	N:TC[T>C]TC	-1	36962.0	756708283
JG0139d	4	67280359	N:AC[T>A]TT	-1	17586.0	756725869
JG0139d	4	67285488	N:AC[T>C]CT	-1	5129.0	756730998
JG0139d	4	67325768	N:TC[T>C]TA	-1	40280.0	756771278
JG0139d	4	67637752	U:TC[T>C]TG	-1	311984.0	757083262
JG0139d	4	67643436	U:AC[T>C]TA	-1	5684.0	757088946
JG0139d	4	67680207	U:TA[T>A]TA	-1	36771.0	757125717
JG0139d	4	67751575	T:TC[T>G]TT	1	71368.0	757197085
JG0139d	4	67759867	N:TC[T>G]TG	-1	8292.0	757205377
JG0139d	4	68079900	U:AC[T>G]TG	-1	320033.0	757525410
JG0139d	4	68134910	N:TC[T>A]CA	-1	55010.0	757580420
JG0139d	4	68392897	N:TG[T>G]TT	1	257987.0	757838407
JG0139d	4	68638329	N:TC[T>A]CA	-1	245432.0	758083839
JG0139d	4	68641304	N:AC[T>A]TC	-1	2975.0	758086814
JG0139d	4	68669464	U:CC[T>C]CA	-1	28160.0	758114974
JG0139d	4	68701513	N:TC[T>C]CA	-1	32049.0	758147023
JG0139d	4	69033992	N:TC[T>G]TC	-1	332479.0	758479502
JG0139d	4	69634034	U:CC[T>C]GA	-1	600042.0	759079544
JG0139d	4	69757928	U:AC[T>G]TG	-1	123894.0	759203438
JG0139d	4	69759364	U:AC[T>C]CT	-1	1436.0	759204874
JG0139d	4	69782384	U:GC[T>G]TG	-1	23020.0	759227894
JG0139d	4	69806153	N:AC[T>G]TA	-1	23769.0	759251663
JG0139d	4	69869982	N:GC[T>C]TA	-1	63829.0	759315492
JG0139d	4	69885633	N:TC[T>C]TG	-1	15651.0	759331143
JG0139d	4	70189007	N:TC[T>A]TG	-1	303374.0	759634517
JG0139d	4	70724868	U:AG[T>G]TA	1	535861.0	760170378
JG0139d	4	71147465	T:GG[T>A]TG	-1	422597.0	760592975
JG0139d	4	71188463	T:AC[T>C]TT	-1	40998.0	760633973
JG0139d	4	71281166	T:AC[T>A]CA	-1	92703.0	760726676
JG0139d	4	71769649	U:AC[T>G]TA	-1	488483.0	761215159
JG0139d	4	71792777	U:AC[T>C]CT	-1	23128.0	761238287
JG0139d	4	72462257	T:CC[T>G]CA	1	669480.0	761907767
JG0139d	4	75173772	N:TC[T>A]TG	1	2711515.0	764619282
JG0139d	4	75176035	N:GG[C>A]TT	1	2263.0	764621545
JG0139d	4	75420672	N:GC[T>G]TT	1	244637.0	764866182
JG0139d	4	75452887	N:CC[T>G]CG	1	32215.0	764898397
JG0139d	4	75755337	U:TA[T>G]TA	1	302450.0	765200847
JG0139d	4	76744948	U:TC[T>G]CT	1	989611.0	766190458
JG0139d	4	76826807	N:TC[T>G]TA	1	81859.0	766272317
JG0139d	4	77648095	N:AC[T>G]TA	1	821288.0	767093605
JG0139d	4	77744385	T:AT[T>G]TA	1	96290.0	767189895
JG0139d	4	78452656	U:TA[C>T]TC	1	708271.0	767898166
JG0139d	4	78489277	U:AC[T>G]TA	1	36621.0	767934787
JG0139d	4	79553429	N:AA[T>A]TT	1	1064152.0	768998939
JG0139d	4	79689570	N:CA[T>C]AG	-1	136141.0	769135080
JG0139d	4	80618581	U:TC[T>G]TA	1	929011.0	770064091
JG0139d	4	83306505	T:AC[T>A]CC	1	2687924.0	772752015
JG0139d	4	86591117	T:GG[T>C]CT	1	3284612.0	776036627
JG0139d	4	87427037	U:GC[T>G]TG	1	835920.0	776872547
JG0139d	4	90116442	N:AC[T>G]TT	1	2689405.0	779561952
JG0139d	4	90769756	U:GA[T>A]TA	1	653314.0	780215266
JG0139d	4	90808520	U:TA[C>A]AA	1	38764.0	780254030
JG0139d	4	92466391	U:TG[C>A]AA	1	1657871.0	781911901
JG0139d	4	93924732	N:TA[T>G]TA	1	1458341.0	783370242
JG0139d	4	96227734	N:TC[T>C]CC	1	2303002.0	785673244
JG0139d	4	97062836	N:GA[T>G]TA	1	835102.0	786508346
JG0139d	4	97983472	T:AG[T>G]TA	1	920636.0	787428982
JG0139d	4	98612422	T:CC[T>G]TC	1	628950.0	788057932
JG0139d	4	99948640	U:AC[T>G]TG	-1	1336218.0	789394150
JG0139d	4	100402174	U:CC[T>G]TC	-1	453534.0	789847684
JG0139d	4	100553287	N:AC[T>C]TA	-1	151113.0	789998797
JG0139d	4	100644906	N:AC[T>A]TG	-1	91619.0	790090416
JG0139d	4	100712258	N:TC[T>G]CA	-1	67352.0	790157768
JG0139d	4	100916361	N:AC[T>G]TA	1	204103.0	790361871
JG0139d	4	101084593	U:TC[T>C]CG	-1	168232.0	790530103
JG0139d	4	101646185	T:CC[T>G]CA	-1	561592.0	791091695
JG0139d	4	102094417	N:GC[T>C]TG	-1	448232.0	791539927
JG0139d	4	102427259	N:AC[T>G]TA	1	332842.0	791872769
JG0139d	4	103338049	N:AC[T>G]TC	-1	910790.0	792783559
JG0139d	4	103409075	N:AC[T>G]TA	-1	71026.0	792854585
JG0139d	4	103664731	U:TC[T>A]CA	-1	255656.0	793110241
JG0139d	4	103717182	T:AC[T>G]TT	1	52451.0	793162692
JG0139d	4	103816265	N:AG[T>G]TG	1	99083.0	793261775
JG0139d	4	104057323	N:AC[T>G]TG	-1	241058.0	793502833
JG0139d	4	104440274	N:TC[T>G]TC	-1	382951.0	793885784
JG0139d	4	104529481	N:TC[T>G]TA	-1	89207.0	793974991
JG0139d	4	104863041	N:TC[T>G]TC	-1	333560.0	794308551
JG0139d	4	104936315	N:AC[T>G]TA	-1	73274.0	794381825
JG0139d	4	105117582	N:TC[T>C]CG	-1	181267.0	794563092
JG0139d	4	105117735	N:TC[T>G]CG	-1	153.0	794563245
JG0139d	4	105382583	U:GC[T>G]TA	-1	264848.0	794828093
JG0139d	4	106092535	U:GC[T>G]CG	-1	709952.0	795538045
JG0139d	4	106392520	N:AC[T>C]CA	-1	299985.0	795838030
JG0139d	4	106448089	N:AC[T>G]TA	-1	55569.0	795893599
JG0139d	4	106460001	N:AC[T>C]TT	-1	11912.0	795905511
JG0139d	4	106486305	N:AC[T>C]TA	-1	26304.0	795931815
JG0139d	4	106561700	N:AC[T>G]TT	-1	75395.0	796007210
JG0139d	4	106588060	N:GC[T>C]TG	-1	26360.0	796033570
JG0139d	4	106699873	N:GC[T>C]CA	-1	111813.0	796145383
JG0139d	4	106835857	N:GC[T>A]CA	-1	135984.0	796281367
JG0139d	4	106940738	U:TC[T>C]TA	-1	104881.0	796386248
JG0139d	4	106999483	U:AG[T>A]CC	-1	58745.0	796444993
JG0139d	4	107261563	U:AC[T>C]TT	-1	262080.0	796707073
JG0139d	4	107315664	N:AC[T>G]TT	-1	54101.0	796761174
JG0139d	4	107576931	N:AA[T>G]TT	-1	261267.0	797022441
JG0139d	4	107615625	U:AC[T>G]TA	-1	38694.0	797061135
JG0139d	4	108368412	N:GC[T>G]CA	-1	752787.0	797813922
JG0139d	4	109280396	U:CC[T>G]TA	-1	911984.0	798725906
JG0139d	4	111097915	N:GC[T>A]CC	-1	1817519.0	800543425
JG0139d	4	111173769	N:AC[T>C]TG	-1	75854.0	800619279
JG0139d	4	111316984	N:CC[T>A]CA	-1	143215.0	800762494
JG0139d	4	111437344	N:AC[T>G]TA	-1	120360.0	800882854
JG0139d	4	111515451	N:TG[T>G]TA	-1	78107.0	800960961
JG0139d	4	111565875	N:AG[T>C]GG	-1	50424.0	801011385
JG0139d	4	111927664	N:CC[T>C]CT	1	361789.0	801373174
JG0139d	4	112754552	N:AC[T>C]CA	-1	826888.0	802200062
JG0139d	4	112908729	U:GC[T>C]GA	1	154177.0	802354239
JG0139d	4	112947276	U:TT[T>G]TA	1	38547.0	802392786
JG0139d	4	112970588	U:CC[T>G]TG	1	23312.0	802416098
JG0139d	4	113247882	U:TG[T>G]TA	1	277294.0	802693392
JG0139d	4	114060760	N:AC[T>C]TG	-1	812878.0	803506270
JG0139d	4	114238114	N:AC[T>C]CT	-1	177354.0	803683624
JG0139d	4	114613525	T:AC[T>G]TT	-1	375411.0	804059035
JG0139d	4	114722897	N:AC[T>G]TG	-1	109372.0	804168407
JG0139d	4	114827022	N:GA[T>G]TC	1	104125.0	804272532
JG0139d	4	115022539	T:TC[T>G]CA	1	195517.0	804468049
JG0139d	4	115276910	N:TC[T>G]TA	-1	254371.0	804722420
JG0139d	4	115595565	N:AC[T>G]TG	-1	318655.0	805041075
JG0139d	4	115928670	N:TC[T>C]TA	-1	333105.0	805374180
JG0139d	4	116357072	N:AC[T>C]CC	-1	428402.0	805802582
JG0139d	4	116371404	N:AC[T>G]TA	-1	14332.0	805816914
JG0139d	4	116588823	N:TC[T>C]CA	-1	217419.0	806034333
JG0139d	4	117078973	N:CC[T>G]CA	-1	490150.0	806524483
JG0139d	4	117119719	N:CC[T>G]TC	1	40746.0	806565229
JG0139d	4	117143430	N:TC[T>A]TG	-1	23711.0	806588940
JG0139d	4	117175682	N:TC[T>C]CA	-1	32252.0	806621192
JG0139d	4	117391120	N:AC[T>C]TG	-1	215438.0	806836630
JG0139d	4	117497965	N:TC[T>A]CC	-1	106845.0	806943475
JG0139d	4	118243779	U:TC[T>G]TA	1	745814.0	807689289
JG0139d	4	118834878	U:TC[T>C]TG	-1	591099.0	808280388
JG0139d	4	118968531	T:TC[T>G]TA	-1	133653.0	808414041
JG0139d	4	119307000	N:AC[T>G]TA	1	338469.0	808752510
JG0139d	4	120491323	N:AC[T>A]TT	-1	1184323.0	809936833
JG0139d	4	120539182	N:AC[T>G]TG	-1	47859.0	809984692
JG0139d	4	120657064	N:AG[T>C]GG	-1	117882.0	810102574
JG0139d	4	120658553	N:AC[T>G]TA	-1	1489.0	810104063
JG0139d	4	120676541	N:TC[T>G]TA	-1	17988.0	810122051
JG0139d	4	120691566	N:AC[T>C]TG	-1	15025.0	810137076
JG0139d	4	120751675	T:CC[T>G]GG	1	60109.0	810197185
JG0139d	4	120792113	U:AG[T>G]TT	-1	40438.0	810237623
JG0139d	4	121074645	N:AC[T>A]GC	-1	282532.0	810520155
JG0139d	4	122294584	T:GC[T>G]TT	-1	1219939.0	811740094
JG0139d	4	122371675	N:CC[T>A]CA	1	77091.0	811817185
JG0139d	4	122637418	N:TC[T>C]TG	-1	265743.0	812082928
JG0139d	4	125284265	N:GC[T>C]TA	-1	2646847.0	814729775
JG0139d	4	125495819	N:GC[T>C]CA	-1	211554.0	814941329
JG0139d	4	125511366	N:AC[T>C]CA	-1	15547.0	814956876
JG0139d	4	127973969	U:CC[T>G]TG	1	2462603.0	817419479
JG0139d	4	129294797	N:AC[T>C]CA	-1	1320828.0	818740307
JG0139d	4	129516241	N:TC[T>A]CA	1	221444.0	818961751
JG0139d	4	129676188	N:CC[T>G]TA	-1	159947.0	819121698
JG0139d	4	129776097	N:AC[T>G]TA	-1	99909.0	819221607
JG0139d	4	129816216	N:GG[T>A]CT	1	40119.0	819261726
JG0139d	4	129921245	N:AC[T>G]TC	-1	105029.0	819366755
JG0139d	4	130153706	N:AG[T>G]TG	1	232461.0	819599216
JG0139d	4	130233832	N:CC[T>A]CA	-1	80126.0	819679342
JG0139d	4	130438019	N:AC[T>G]TC	-1	204187.0	819883529
JG0139d	4	130985029	N:AC[T>C]TA	-1	547010.0	820430539
JG0139d	4	131065852	N:TC[T>A]TG	1	80823.0	820511362
JG0139d	4	131131335	N:TC[T>C]CC	1	65483.0	820576845
JG0139d	4	131300293	N:TC[T>G]TC	1	168958.0	820745803
JG0139d	4	132419082	N:TG[T>G]TT	-1	1118789.0	821864592
JG0139d	4	132480829	N:AC[T>G]TT	1	61747.0	821926339
JG0139d	4	132879496	N:TC[T>A]TG	-1	398667.0	822325006
JG0139d	4	133135213	N:TT[C>A]TC	1	255717.0	822580723
JG0139d	4	133173119	U:TC[T>G]TT	1	37906.0	822618629
JG0139d	4	133620162	N:AT[C>T]CT	1	447043.0	823065672
JG0139d	4	133749364	N:AC[T>G]TG	-1	129202.0	823194874
JG0139d	4	133814715	N:AC[T>G]TG	-1	65351.0	823260225
JG0139d	4	133840867	N:TC[T>G]TA	-1	26152.0	823286377
JG0139d	4	134197237	U:AC[T>G]TG	-1	356370.0	823642747
JG0139d	4	134217174	N:TC[T>C]GA	-1	19937.0	823662684
JG0139d	4	134259363	N:TC[T>C]CA	-1	42189.0	823704873
JG0139d	4	134265295	N:AC[T>G]GA	-1	5932.0	823710805
JG0139d	4	134304830	N:AC[T>A]TG	-1	39535.0	823750340
JG0139d	4	134345954	N:AC[T>C]CG	-1	41124.0	823791464
JG0139d	4	134372916	N:AC[T>C]TA	-1	26962.0	823818426
JG0139d	4	134393449	N:TC[T>C]TG	-1	20533.0	823838959
JG0139d	4	134462808	N:AC[T>G]TG	-1	69359.0	823908318
JG0139d	4	134691058	N:AG[T>A]TT	-1	228250.0	824136568
JG0139d	4	134930350	N:AG[T>G]TG	1	239292.0	824375860
JG0139d	4	135003109	N:TC[T>C]TA	-1	72759.0	824448619
JG0139d	4	135041221	N:CT[T>G]TA	-1	38112.0	824486731
JG0139d	4	135137374	N:GC[T>G]TA	-1	96153.0	824582884
JG0139d	4	135329889	N:TC[T>A]TC	-1	192515.0	824775399
JG0139d	4	135344938	N:GC[T>C]CA	-1	15049.0	824790448
JG0139d	4	135967315	N:AC[T>G]TA	-1	622377.0	825412825
JG0139d	4	136092163	N:TC[T>G]GT	1	124848.0	825537673
JG0139d	4	136230316	N:AC[T>G]CA	1	138153.0	825675826
JG0139d	4	136275648	N:TG[T>C]TA	-1	45332.0	825721158
JG0139d	4	136570360	N:TC[T>A]CA	-1	294712.0	826015870
JG0139d	4	136593881	N:TC[T>C]TT	-1	23521.0	826039391
JG0139d	4	136697816	N:AG[T>G]GA	1	103935.0	826143326
JG0139d	4	136723043	N:AC[T>C]TA	-1	25227.0	826168553
JG0139d	4	136837135	N:TC[T>G]TG	1	114092.0	826282645
JG0139d	4	136961642	N:TG[T>G]GA	-1	124507.0	826407152
JG0139d	4	136995451	N:TC[T>C]CT	-1	33809.0	826440961
JG0139d	4	137181034	N:CC[T>A]TT	1	185583.0	826626544
JG0139d	4	137273663	N:AG[T>G]TG	1	92629.0	826719173
JG0139d	4	137325356	N:GC[T>C]CC	-1	51693.0	826770866
JG0139d	4	137612994	N:AC[T>G]TA	1	287638.0	827058504
JG0139d	4	138035900	N:TC[T>G]CA	1	422906.0	827481410
JG0139d	4	138283529	N:AC[T>A]TT	1	247629.0	827729039
JG0139d	4	138352598	N:TC[T>C]TA	-1	69069.0	827798108
JG0139d	4	138775130	N:GC[T>C]CT	1	422532.0	828220640
JG0139d	4	139332188	U:AG[T>C]AG	1	557058.0	828777698
JG0139d	4	139359377	U:GC[T>C]CG	1	27189.0	828804887
JG0139d	4	139511691	T:CC[T>G]TC	1	152314.0	828957201
JG0139d	4	139548381	U:GC[T>C]GG	-1	36690.0	828993891
JG0139d	4	140219157	N:GC[T>C]TT	-1	670776.0	829664667
JG0139d	4	141584380	N:AC[T>C]GA	-1	1365223.0	831029890
JG0139d	4	141617258	N:TC[T>G]TT	-1	32878.0	831062768
JG0139d	4	141701692	U:AG[C>T]CT	1	84434.0	831147202
JG0139d	4	141849134	N:GG[T>C]GA	1	147442.0	831294644
JG0139d	4	141944829	N:AG[C>A]TC	1	95695.0	831390339
JG0139d	4	142316671	U:TC[T>A]GA	-1	371842.0	831762181
JG0139d	4	142364308	T:AC[T>C]TT	1	47637.0	831809818
JG0139d	4	142379238	U:TC[T>C]TA	-1	14930.0	831824748
JG0139d	4	142777756	T:TC[T>G]TG	1	398518.0	832223266
JG0139d	4	142829648	U:GC[T>G]TC	-1	51892.0	832275158
JG0139d	4	142932242	N:TC[T>G]TA	-1	102594.0	832377752
JG0139d	4	142957779	N:TC[T>C]TG	-1	25537.0	832403289
JG0139d	4	143030430	N:AC[T>G]TC	-1	72651.0	832475940
JG0139d	4	143047948	N:TC[T>C]CA	-1	17518.0	832493458
JG0139d	4	143086767	N:CC[T>C]TA	-1	38819.0	832532277
JG0139d	4	143124775	N:GC[T>C]CA	1	38008.0	832570285
JG0139d	4	143164162	N:TG[T>G]TA	1	39387.0	832609672
JG0139d	4	143555219	U:GC[T>G]TC	1	391057.0	833000729
JG0139d	4	143686042	U:TC[T>C]TA	-1	130823.0	833131552
JG0139d	4	143738207	N:GC[T>G]TA	-1	52165.0	833183717
JG0139d	4	143760119	N:AG[T>G]TT	-1	21912.0	833205629
JG0139d	4	143792600	N:TC[T>C]TA	1	32481.0	833238110
JG0139d	4	143954480	N:AC[T>C]TG	1	161880.0	833399990
JG0139d	4	143986768	N:CT[T>A]TA	1	32288.0	833432278
JG0139d	4	144103764	N:CC[T>G]GA	1	116996.0	833549274
JG0139d	4	144203896	N:TC[T>G]TA	-1	100132.0	833649406
JG0139d	4	144251565	N:TC[T>A]CC	-1	47669.0	833697075
JG0139d	4	144279589	N:AC[T>C]TA	-1	28024.0	833725099
JG0139d	4	144301275	N:GC[T>C]TA	1	21686.0	833746785
JG0139d	4	144301444	N:GC[T>C]GG	-1	169.0	833746954
JG0139d	4	144336870	N:GG[T>A]TG	-1	35426.0	833782380
JG0139d	4	144350522	N:TC[T>C]TA	1	13652.0	833796032
JG0139d	4	144365015	N:AC[T>C]TG	-1	14493.0	833810525
JG0139d	4	144386097	N:TC[T>G]TG	-1	21082.0	833831607
JG0139d	4	144892667	N:AC[T>G]TA	-1	506570.0	834338177
JG0139d	4	144908699	N:TC[T>C]TA	-1	16032.0	834354209
JG0139d	4	144909200	N:AC[T>C]TG	-1	501.0	834354710
JG0139d	4	144914954	N:CC[T>A]TC	-1	5754.0	834360464
JG0139d	4	144919681	N:AC[T>G]TA	-1	4727.0	834365191
JG0139d	4	144933248	N:AC[T>G]TG	-1	13567.0	834378758
JG0139d	4	145040500	T:GC[T>G]CC	1	107252.0	834486010
JG0139d	4	145333458	N:TC[T>G]TG	-1	292958.0	834778968
JG0139d	4	145400140	N:AC[T>A]AC	-1	66682.0	834845650
JG0139d	4	145543700	T:AC[T>G]TA	-1	143560.0	834989210
JG0139d	4	145585727	N:TC[T>A]TA	-1	42027.0	835031237
JG0139d	4	145586288	N:AC[T>C]TA	-1	561.0	835031798
JG0139d	4	145760927	U:TC[T>C]CA	-1	174639.0	835206437
JG0139d	4	145832215	U:TC[T>C]CC	-1	71288.0	835277725
JG0139d	4	145866158	U:GC[T>C]TA	-1	33943.0	835311668
JG0139d	4	146282454	U:AC[T>A]CA	-1	416296.0	835727964
JG0139d	4	146288478	U:AC[T>G]TA	-1	6024.0	835733988
JG0139d	4	146291385	U:AC[T>G]TA	-1	2907.0	835736895
JG0139d	4	146324421	U:TC[T>C]CA	-1	33036.0	835769931
JG0139d	4	146522915	N:AG[T>C]GG	1	198494.0	835968425
JG0139d	4	146534619	N:AC[T>G]CA	-1	11704.0	835980129
JG0139d	4	146540964	N:AC[T>C]GG	-1	6345.0	835986474
JG0139d	4	146550238	N:TC[T>C]CA	-1	9274.0	835995748
JG0139d	4	146550239	N:GT[C>T]TC	-1	1.0	835995749
JG0139d	4	146565548	N:TC[T>C]CA	-1	15309.0	836011058
JG0139d	4	146565549	N:GT[C>T]TC	-1	1.0	836011059
JG0139d	4	146647608	N:AC[T>C]TA	-1	82059.0	836093118
JG0139d	4	147075498	N:TG[T>C]CA	1	427890.0	836521008
JG0139d	4	147276114	N:AT[T>G]TG	-1	200616.0	836721624
JG0139d	4	147281949	N:AC[T>G]TT	-1	5835.0	836727459
JG0139d	4	147369098	N:TT[T>G]TA	1	87149.0	836814608
JG0139d	4	147461853	N:AC[T>G]TG	-1	92755.0	836907363
JG0139d	4	147814520	T:AC[T>G]TA	-1	352667.0	837260030
JG0139d	4	148129126	U:AC[T>A]TG	-1	314606.0	837574636
JG0139d	4	148184098	U:TC[T>C]TA	-1	54972.0	837629608
JG0139d	4	148265652	U:GC[T>C]TT	-1	81554.0	837711162
JG0139d	4	148371872	U:AC[T>A]CA	-1	106220.0	837817382
JG0139d	4	148374475	U:TC[T>A]TA	-1	2603.0	837819985
JG0139d	4	148589258	N:AC[T>G]TA	-1	214783.0	838034768
JG0139d	4	148594928	N:AG[T>C]CA	-1	5670.0	838040438
JG0139d	4	148823441	N:GC[T>G]TT	-1	228513.0	838268951
JG0139d	4	148953477	N:AC[T>G]TG	-1	130036.0	838398987
JG0139d	4	148963644	N:AC[T>C]TG	-1	10167.0	838409154
JG0139d	4	148985384	N:TC[T>C]TG	-1	21740.0	838430894
JG0139d	4	149077011	N:AC[T>G]TA	-1	91627.0	838522521
JG0139d	4	149138968	N:TC[T>G]TA	-1	61957.0	838584478
JG0139d	4	149560945	U:TG[T>G]TG	-1	421977.0	839006455
JG0139d	4	149591734	U:TC[T>G]CA	-1	30789.0	839037244
JG0139d	4	149629346	T:TG[T>G]CA	1	37612.0	839074856
JG0139d	4	149681016	U:CC[T>G]CA	-1	51670.0	839126526
JG0139d	4	149699272	U:AC[T>G]TG	-1	18256.0	839144782
JG0139d	4	149733491	U:AC[T>G]TC	-1	34219.0	839179001
JG0139d	4	149876794	N:AC[T>A]TT	-1	143303.0	839322304
JG0139d	4	149959682	N:AC[T>G]AA	1	82888.0	839405192
JG0139d	4	150008104	N:AA[T>G]TA	-1	48422.0	839453614
JG0139d	4	150275142	U:AC[T>G]TT	-1	267038.0	839720652
JG0139d	4	150505836	U:TC[T>C]TG	-1	230694.0	839951346
JG0139d	4	150536258	U:TC[T>C]TT	-1	30422.0	839981768
JG0139d	4	150567865	U:AC[T>A]TG	-1	31607.0	840013375
JG0139d	4	150725349	U:TC[T>C]TT	-1	157484.0	840170859
JG0139d	4	151769829	N:TC[T>G]TA	-1	1044480.0	841215339
JG0139d	4	151893701	N:CC[T>G]TA	1	123872.0	841339211
JG0139d	4	152068902	N:GT[T>G]TA	1	175201.0	841514412
JG0139d	4	153870219	N:TC[T>C]TT	1	1801317.0	843315729
JG0139d	4	154145459	N:AC[T>C]CC	-1	275240.0	843590969
JG0139d	4	154235237	U:AC[T>G]CA	-1	89778.0	843680747
JG0139d	4	154467321	T:TC[T>G]TT	1	232084.0	843912831
JG0139d	4	154852808	N:GC[T>C]TA	-1	385487.0	844298318
JG0139d	4	154913357	N:TC[T>C]CA	-1	60549.0	844358867
JG0139d	4	154926116	N:TT[T>G]TA	-1	12759.0	844371626
JG0139d	4	154941498	N:CC[T>G]TG	-1	15382.0	844387008
JG0139d	4	155029702	N:TC[T>C]TG	1	88204.0	844475212
JG0139d	4	155075059	N:GG[T>G]TT	-1	45357.0	844520569
JG0139d	4	155104772	N:TC[T>A]TT	-1	29713.0	844550282
JG0139d	4	155363070	U:AC[T>G]TA	-1	258298.0	844808580
JG0139d	4	155990283	N:AC[T>G]TA	-1	627213.0	845435793
JG0139d	4	156031464	N:CT[T>C]TG	-1	41181.0	845476974
JG0139d	4	156172677	N:TC[T>G]CA	1	141213.0	845618187
JG0139d	4	156376249	N:AC[T>G]TT	1	203572.0	845821759
JG0139d	4	157312436	U:TA[T>G]TT	1	936187.0	846757946
JG0139d	4	157397359	N:AC[T>C]TT	-1	84923.0	846842869
JG0139d	4	157430732	N:TC[T>G]TA	-1	33373.0	846876242
JG0139d	4	158015925	N:AC[T>G]TG	-1	585193.0	847461435
JG0139d	4	158236736	T:AC[T>C]CC	-1	220811.0	847682246
JG0139d	4	158478954	U:CA[T>G]TA	1	242218.0	847924464
JG0139d	4	158597859	U:AC[T>G]TA	1	118905.0	848043369
JG0139d	4	158938244	T:GC[T>G]TA	1	340385.0	848383754
JG0139d	4	159473705	N:GG[T>G]TT	1	535461.0	848919215
JG0139d	4	159478216	N:AC[T>C]TG	1	4511.0	848923726
JG0139d	4	159574781	N:AC[T>C]TA	-1	96565.0	849020291
JG0139d	4	159575635	N:AC[T>C]TA	-1	854.0	849021145
JG0139d	4	159578809	N:AC[T>A]CA	-1	3174.0	849024319
JG0139d	4	159586792	N:GC[T>C]TG	-1	7983.0	849032302
JG0139d	4	159603354	N:AC[T>G]TA	-1	16562.0	849048864
JG0139d	4	159703054	N:AC[T>C]CA	1	99700.0	849148564
JG0139d	4	159722685	N:GC[T>C]CC	-1	19631.0	849168195
JG0139d	4	159749551	N:AG[T>G]TT	1	26866.0	849195061
JG0139d	4	159779345	N:GC[T>G]CT	1	29794.0	849224855
JG0139d	4	159906624	N:AC[T>G]TA	-1	127279.0	849352134
JG0139d	4	159975104	N:TG[T>C]GT	1	68480.0	849420614
JG0139d	4	160053150	N:GC[T>C]CC	-1	78046.0	849498660
JG0139d	4	160090837	N:AC[T>G]CA	-1	37687.0	849536347
JG0139d	4	160142593	N:AC[T>G]CA	-1	51756.0	849588103
JG0139d	4	160234463	N:AC[T>C]AC	1	91870.0	849679973
JG0139d	4	160377288	N:AC[T>C]TT	-1	142825.0	849822798
JG0139d	4	160448485	N:AC[T>C]TG	-1	71197.0	849893995
JG0139d	4	160459147	N:AC[T>C]AA	-1	10662.0	849904657
JG0139d	4	160801341	N:AC[T>C]TA	1	342194.0	850246851
JG0139d	4	160873830	N:TC[T>G]TA	-1	72489.0	850319340
JG0139d	4	160934010	N:AC[T>G]TA	-1	60180.0	850379520
JG0139d	4	160953446	N:AC[T>A]TT	-1	19436.0	850398956
JG0139d	4	160981629	N:AC[T>C]TA	-1	28183.0	850427139
JG0139d	4	161003829	N:TC[T>C]CA	-1	22200.0	850449339
JG0139d	4	161492594	U:AC[T>C]TG	-1	488765.0	850938104
JG0139d	4	161617480	U:AC[T>A]TG	-1	124886.0	851062990
JG0139d	4	161712494	U:TC[T>C]TG	-1	95014.0	851158004
JG0139d	4	161724382	T:TG[T>G]TC	1	11888.0	851169892
JG0139d	4	162238856	N:TC[T>C]TA	-1	514474.0	851684366
JG0139d	4	162255978	N:GC[T>G]TC	-1	17122.0	851701488
JG0139d	4	162322976	N:TC[T>C]GG	1	66998.0	851768486
JG0139d	4	162777570	N:TC[T>C]CA	-1	454594.0	852223080
JG0139d	4	162812893	N:TC[T>G]TG	-1	35323.0	852258403
JG0139d	4	162863026	N:TC[T>G]TT	1	50133.0	852308536
JG0139d	4	163231062	N:AC[T>G]TG	-1	368036.0	852676572
JG0139d	4	163449750	N:TC[T>G]TG	1	218688.0	852895260
JG0139d	4	163800068	U:AC[T>G]TA	-1	350318.0	853245578
JG0139d	4	164044917	U:AG[T>G]TA	-1	244849.0	853490427
JG0139d	4	164281907	T:AC[T>G]CA	1	236990.0	853727417
JG0139d	4	164887147	T:AG[T>G]TT	-1	605240.0	854332657
JG0139d	4	165197759	U:AG[T>G]TG	-1	310612.0	854643269
JG0139d	4	165565778	N:AC[T>A]CC	-1	368019.0	855011288
JG0139d	4	165884603	T:TC[T>C]CA	-1	318825.0	855330113
JG0139d	4	165913981	U:AC[T>C]CC	1	29378.0	855359491
JG0139d	4	166004786	U:AC[T>G]TA	1	90805.0	855450296
JG0139d	4	166513479	N:GC[T>A]GA	1	508693.0	855958989
JG0139d	4	166630727	N:AC[T>G]TC	-1	117248.0	856076237
JG0139d	4	166683696	N:AC[T>C]CA	-1	52969.0	856129206
JG0139d	4	167012455	T:AC[T>C]TA	1	328759.0	856457965
JG0139d	4	167101342	U:AC[T>C]AA	-1	88887.0	856546852
JG0139d	4	167101593	U:AG[T>G]TC	-1	251.0	856547103
JG0139d	4	167365632	N:AG[T>G]TA	1	264039.0	856811142
JG0139d	4	167371412	N:GC[T>G]TA	-1	5780.0	856816922
JG0139d	4	167408436	N:TC[T>G]TA	-1	37024.0	856853946
JG0139d	4	167489015	N:TC[T>C]CA	-1	80579.0	856934525
JG0139d	4	167903998	N:GG[T>G]TA	1	414983.0	857349508
JG0139d	4	168040995	N:TG[T>C]TT	1	136997.0	857486505
JG0139d	4	168079290	N:AC[T>G]TT	-1	38295.0	857524800
JG0139d	4	168203877	N:TG[T>G]TG	-1	124587.0	857649387
JG0139d	4	168239028	T:AT[T>G]TG	1	35151.0	857684538
JG0139d	4	168989293	U:AC[T>G]TA	-1	750265.0	858434803
JG0139d	4	169269612	T:TC[T>G]TA	1	280319.0	858715122
JG0139d	4	169355798	N:AC[T>G]TA	-1	86186.0	858801308
JG0139d	4	169773014	N:AG[T>G]TA	-1	417216.0	859218524
JG0139d	4	170084491	T:AC[T>C]AG	1	311477.0	859530001
JG0139d	4	170091085	T:CC[T>G]CG	1	6594.0	859536595
JG0139d	4	170249595	N:AC[T>C]TA	-1	158510.0	859695105
JG0139d	4	170252297	N:TC[T>G]TG	-1	2702.0	859697807
JG0139d	4	170253247	N:AC[T>C]TG	-1	950.0	859698757
JG0139d	4	170315864	N:TC[T>A]CA	-1	62617.0	859761374
JG0139d	4	170345059	N:AG[T>G]TT	-1	29195.0	859790569
JG0139d	4	170449814	N:AC[T>C]GT	1	104755.0	859895324
JG0139d	4	170800334	N:AC[T>G]CA	-1	350520.0	860245844
JG0139d	4	170985185	N:AC[T>G]TG	-1	184851.0	860430695
JG0139d	4	171000525	N:AC[T>G]TT	-1	15340.0	860446035
JG0139d	4	171112617	N:TC[T>A]TT	1	112092.0	860558127
JG0139d	4	171316033	N:AC[T>G]TG	-1	203416.0	860761543
JG0139d	4	171330985	N:GG[T>A]TG	-1	14952.0	860776495
JG0139d	4	171334905	N:TG[T>G]TA	-1	3920.0	860780415
JG0139d	4	171370498	N:TG[T>C]TG	1	35593.0	860816008
JG0139d	4	171407996	N:AC[T>G]TC	-1	37498.0	860853506
JG0139d	4	171741773	N:TC[T>G]CA	-1	333777.0	861187283
JG0139d	4	171742748	N:GG[T>C]CA	-1	975.0	861188258
JG0139d	4	171864106	U:TC[T>G]TT	1	121358.0	861309616
JG0139d	4	172037999	T:GA[T>G]TA	-1	173893.0	861483509
JG0139d	4	172249779	T:TC[T>G]TG	-1	211780.0	861695289
JG0139d	4	172252533	T:TC[T>A]TT	-1	2754.0	861698043
JG0139d	4	172602093	U:AC[T>G]TA	1	349560.0	862047603
JG0139d	4	172851948	T:TC[T>C]TT	-1	249855.0	862297458
JG0139d	4	173362115	N:CC[T>G]TG	1	510167.0	862807625
JG0139d	4	173758704	N:AC[T>G]TA	-1	396589.0	863204214
JG0139d	4	173792196	N:TC[T>A]CT	-1	33492.0	863237706
JG0139d	4	173948680	N:GG[T>G]TT	-1	156484.0	863394190
JG0139d	4	174235661	N:TC[T>G]TA	-1	286981.0	863681171
JG0139d	4	174807472	U:TC[T>C]CT	-1	571811.0	864252982
JG0139d	4	174818923	U:TC[T>G]TA	-1	11451.0	864264433
JG0139d	4	174823558	U:AC[T>G]TA	-1	4635.0	864269068
JG0139d	4	174826244	U:TG[T>C]TG	-1	2686.0	864271754
JG0139d	4	175032894	N:GC[T>G]TG	-1	206650.0	864478404
JG0139d	4	175035964	N:AC[T>C]TT	1	3070.0	864481474
JG0139d	4	175069071	N:AC[T>G]TA	-1	33107.0	864514581
JG0139d	4	175070312	N:AC[T>G]TC	1	1241.0	864515822
JG0139d	4	175178791	N:GG[T>G]TG	-1	108479.0	864624301
JG0139d	4	175205673	N:AC[T>G]TG	-1	26882.0	864651183
JG0139d	4	175217243	N:AC[T>C]TT	1	11570.0	864662753
JG0139d	4	175268659	N:AA[T>G]TA	-1	51416.0	864714169
JG0139d	4	175352099	N:TC[T>G]TA	1	83440.0	864797609
JG0139d	4	175410742	N:TC[T>A]TG	-1	58643.0	864856252
JG0139d	4	175441800	N:AC[T>C]TG	1	31058.0	864887310
JG0139d	4	175445545	N:TC[T>C]CC	1	3745.0	864891055
JG0139d	4	175474202	N:TC[T>G]TT	1	28657.0	864919712
JG0139d	4	175475185	N:GC[T>G]TA	1	983.0	864920695
JG0139d	4	175660397	U:AC[T>C]TC	-1	185212.0	865105907
JG0139d	4	176117721	U:GC[T>G]TT	1	457324.0	865563231
JG0139d	4	176162808	U:TC[T>G]TA	1	45087.0	865608318
JG0139d	4	176647855	N:AC[T>G]TG	-1	485047.0	866093365
JG0139d	4	176670235	N:TC[T>G]CA	-1	22380.0	866115745
JG0139d	4	176675220	N:TC[T>C]TG	-1	4985.0	866120730
JG0139d	4	176731724	U:TC[T>C]TG	-1	56504.0	866177234
JG0139d	4	177639439	N:CT[T>C]TA	1	907715.0	867084949
JG0139d	4	178395047	N:TC[T>A]TA	1	755608.0	867840557
JG0139d	4	178407462	N:TC[T>G]TA	1	12415.0	867852972
JG0139d	4	178676707	N:AC[T>G]TT	1	269245.0	868122217
JG0139d	4	178971817	N:TC[T>C]CA	1	295110.0	868417327
JG0139d	4	179367792	N:AC[T>G]TT	1	395975.0	868813302
JG0139d	4	179644750	N:GG[T>G]TA	1	276958.0	869090260
JG0139d	4	179828250	N:GA[T>G]CA	1	183500.0	869273760
JG0139d	4	179911712	N:AC[T>G]TA	1	83462.0	869357222
JG0139d	4	181897042	N:GC[T>G]TT	1	1985330.0	871342552
JG0139d	4	182291977	U:AC[T>A]TG	1	394935.0	871737487
JG0139d	4	182658261	U:AC[T>G]TT	1	366284.0	872103771
JG0139d	4	183634944	N:TC[T>G]TG	1	976683.0	873080454
JG0139d	4	184927572	N:CC[T>C]CA	1	1292628.0	874373082
JG0139d	4	187043472	N:TC[T>A]GA	1	2115900.0	876488982
JG0139d	4	187403324	N:AC[T>G]CA	-1	359852.0	876848834
JG0139d	4	188888856	N:TT[T>G]TC	1	1485532.0	878334366
JG0139d	5	803998	T:GG[T>A]TT	1		880464063
JG0139d	5	1382416	N:AG[T>G]TA	1	578418.0	881042481
JG0139d	5	1734177	N:GC[T>G]CA	-1	351761.0	881394242
JG0139d	5	2054291	N:GC[T>C]GG	-1	320114.0	881714356
JG0139d	5	2110647	N:TC[T>G]TC	-1	56356.0	881770712
JG0139d	5	2202044	N:AC[T>C]TC	1	91397.0	881862109
JG0139d	5	2215434	N:CC[C>A]TT	1	13390.0	881875499
JG0139d	5	2238359	N:TA[C>A]CA	1	22925.0	881898424
JG0139d	5	2257398	N:CC[T>G]TA	-1	19039.0	881917463
JG0139d	5	2399079	N:GC[T>C]TC	1	141681.0	882059144
JG0139d	5	2517670	N:AC[T>C]CG	-1	118591.0	882177735
JG0139d	5	3043483	N:GT[T>G]CA	1	525813.0	882703548
JG0139d	5	3110385	N:CC[T>A]CA	1	66902.0	882770450
JG0139d	5	3135092	N:AC[T>C]CA	-1	24707.0	882795157
JG0139d	5	3193454	N:AC[T>G]CA	1	58362.0	882853519
JG0139d	5	3357196	N:AC[T>C]CT	-1	163742.0	883017261
JG0139d	5	3399730	N:AC[T>A]CA	-1	42534.0	883059795
JG0139d	5	3532421	N:GG[T>C]TC	-1	132691.0	883192486
JG0139d	5	3631549	N:TC[T>G]TA	1	99128.0	883291614
JG0139d	5	3633872	N:GA[C>A]AA	-1	2323.0	883293937
JG0139d	5	3928114	N:GC[T>G]TT	1	294242.0	883588179
JG0139d	5	4146041	N:AC[T>G]TA	-1	217927.0	883806106
JG0139d	5	4403679	N:GC[T>C]TT	1	257638.0	884063744
JG0139d	5	4669660	N:GC[T>C]TC	1	265981.0	884329725
JG0139d	5	4887108	N:TC[T>C]GT	1	217448.0	884547173
JG0139d	5	4900908	N:AG[T>C]TG	-1	13800.0	884560973
JG0139d	5	4959846	N:TG[T>C]CC	-1	58938.0	884619911
JG0139d	5	5123138	N:TC[T>C]TG	-1	163292.0	884783203
JG0139d	5	5218216	U:AC[T>G]TT	1	95078.0	884878281
JG0139d	5	5256588	T:GC[T>C]TC	-1	38372.0	884916653
JG0139d	5	5350714	N:TC[T>A]CG	1	94126.0	885010779
JG0139d	5	5473747	T:CC[T>G]TA	-1	123033.0	885133812
JG0139d	5	5798013	N:AC[T>C]TA	-1	324266.0	885458078
JG0139d	5	5925955	N:TC[T>C]CA	-1	127942.0	885586020
JG0139d	5	6147349	N:TC[T>A]TA	-1	221394.0	885807414
JG0139d	5	6228124	N:AG[T>G]TG	-1	80775.0	885888189
JG0139d	5	6265129	N:CC[T>G]CA	1	37005.0	885925194
JG0139d	5	6287513	N:TG[T>A]TT	-1	22384.0	885947578
JG0139d	5	6398045	N:AC[T>C]GG	1	110532.0	886058110
JG0139d	5	6587218	N:AG[T>G]TG	1	189173.0	886247283
JG0139d	5	6647148	U:TG[T>G]TA	1	59930.0	886307213
JG0139d	5	6718575	U:GC[T>A]TG	1	71427.0	886378640
JG0139d	5	6740866	U:AC[T>G]TA	1	22291.0	886400931
JG0139d	5	6901878	N:AC[T>G]TG	1	161012.0	886561943
JG0139d	5	6931187	N:CC[T>C]CA	-1	29309.0	886591252
JG0139d	5	6994401	N:TC[T>A]TG	1	63214.0	886654466
JG0139d	5	7016318	N:CC[T>G]CA	-1	21917.0	886676383
JG0139d	5	7134134	N:AG[T>A]TT	1	117816.0	886794199
JG0139d	5	7367087	N:TC[T>G]TT	-1	232953.0	887027152
JG0139d	5	7747288	U:TC[T>C]GT	1	380201.0	887407353
JG0139d	5	8205933	N:TC[T>G]TC	-1	458645.0	887865998
JG0139d	5	8338178	N:TA[C>G]TA	-1	132245.0	887998243
JG0139d	5	8617045	N:AC[T>C]TC	1	278867.0	888277110
JG0139d	5	8827186	N:TC[T>A]CC	1	210141.0	888487251
JG0139d	5	9218140	U:GG[T>A]TT	-1	390954.0	888878205
JG0139d	5	9439868	T:GC[T>G]TC	1	221728.0	889099933
JG0139d	5	9541014	T:TC[T>G]TA	1	101146.0	889201079
JG0139d	5	9642794	U:TC[T>C]TG	-1	101780.0	889302859
JG0139d	5	9889755	N:AC[T>C]TC	-1	246961.0	889549820
JG0139d	5	9955432	N:AG[T>G]TA	-1	65677.0	889615497
JG0139d	5	10454537	T:TC[T>G]TA	-1	499105.0	890114602
JG0139d	5	10692220	U:TT[T>G]TA	-1	237683.0	890352285
JG0139d	5	10862322	N:AC[T>C]TG	-1	170102.0	890522387
JG0139d	5	10938836	N:GC[T>C]CA	-1	76514.0	890598901
JG0139d	5	10939048	N:TC[T>C]CT	-1	212.0	890599113
JG0139d	5	10978109	U:GC[T>C]TG	-1	39061.0	890638174
JG0139d	5	10984011	T:CC[T>G]CA	1	5902.0	890644076
JG0139d	5	11147061	T:AC[T>C]CA	1	163050.0	890807126
JG0139d	5	11764524	T:TC[C>A]CT	1	617463.0	891424589
JG0139d	5	11900938	U:CC[T>G]TG	-1	136414.0	891561003
JG0139d	5	11950198	N:CC[T>A]CA	-1	49260.0	891610263
JG0139d	5	11950201	N:CA[C>T]CC	-1	3.0	891610266
JG0139d	5	11957825	N:GC[T>G]TG	1	7624.0	891617890
JG0139d	5	12077695	N:TC[T>C]TG	-1	119870.0	891737760
JG0139d	5	12876887	N:TC[T>G]TC	-1	799192.0	892536952
JG0139d	5	12910621	N:TC[T>C]CC	-1	33734.0	892570686
JG0139d	5	12958192	N:AC[T>G]TT	1	47571.0	892618257
JG0139d	5	13102953	N:AC[T>C]TG	-1	144761.0	892763018
JG0139d	5	13161292	N:TC[T>C]TG	-1	58339.0	892821357
JG0139d	5	13352694	N:AC[T>G]TG	-1	191402.0	893012759
JG0139d	5	13568273	N:GG[T>A]TG	-1	215579.0	893228338
JG0139d	5	13767536	T:AG[T>C]TA	1	199263.0	893427601
JG0139d	5	13822735	U:AC[T>C]TG	-1	55199.0	893482800
JG0139d	5	14033812	N:TG[T>G]TG	-1	211077.0	893693877
JG0139d	5	14460410	U:GC[T>G]TT	1	426598.0	894120475
JG0139d	5	16106635	T:AT[T>A]TT	1	1646225.0	895766700
JG0139d	5	16194028	N:CC[T>G]TT	-1	87393.0	895854093
JG0139d	5	16383183	N:AC[T>G]TT	-1	189155.0	896043248
JG0139d	5	16393089	N:AG[T>G]TA	-1	9906.0	896053154
JG0139d	5	16490316	T:AA[T>G]TG	1	97227.0	896150381
JG0139d	5	16493241	T:AC[T>G]CA	1	2925.0	896153306
JG0139d	5	16657278	N:AC[T>G]TT	1	164037.0	896317343
JG0139d	5	19474864	T:GC[T>C]TT	1	2817586.0	899134929
JG0139d	5	19866333	T:AC[T>G]CA	1	391469.0	899526398
JG0139d	5	20021597	T:TC[T>C]GA	1	155264.0	899681662
JG0139d	5	21014997	N:TC[T>G]TA	1	993400.0	900675062
JG0139d	5	21100273	N:TC[T>C]TA	1	85276.0	900760338
JG0139d	5	21646389	N:GG[T>G]TG	1	546116.0	901306454
JG0139d	5	21876672	T:TC[T>G]TA	1	230283.0	901536737
JG0139d	5	23302317	N:TC[T>G]TG	1	1425645.0	902962382
JG0139d	5	23749003	N:TC[T>G]GA	-1	446686.0	903409068
JG0139d	5	24211524	N:AC[T>G]TA	1	462521.0	903871589
JG0139d	5	24600540	T:TC[T>G]TT	1	389016.0	904260605
JG0139d	5	25156293	N:TG[T>G]TC	-1	555753.0	904816358
JG0139d	5	25675344	N:TC[T>C]TA	-1	519051.0	905335409
JG0139d	5	26007157	N:AA[T>C]TT	-1	331813.0	905667222
JG0139d	5	26374071	N:TC[T>G]TC	-1	366914.0	906034136
JG0139d	5	28491180	N:TC[T>C]TA	1	2117109.0	908151245
JG0139d	5	28578237	N:TG[T>G]TT	-1	87057.0	908238302
JG0139d	5	29403827	N:TG[T>C]CT	1	825590.0	909063892
JG0139d	5	29456421	N:AC[T>G]TA	1	52594.0	909116486
JG0139d	5	30478852	N:TC[T>A]TT	1	1022431.0	910138917
JG0139d	5	30574035	N:GC[T>C]TT	-1	95183.0	910234100
JG0139d	5	32140331	T:CC[T>G]TA	1	1566296.0	911800396
JG0139d	5	32692120	T:TC[T>C]CA	-1	551789.0	912352185
JG0139d	5	32815250	N:GG[T>G]AT	1	123130.0	912475315
JG0139d	5	32889423	N:GC[T>G]CA	-1	74173.0	912549488
JG0139d	5	32929319	N:AC[T>G]TA	1	39896.0	912589384
JG0139d	5	33350186	N:AC[T>C]TC	1	420867.0	913010251
JG0139d	5	33494623	N:GA[T>G]TG	-1	144437.0	913154688
JG0139d	5	33705184	T:AC[T>A]TA	1	210561.0	913365249
JG0139d	5	34537843	N:CA[T>G]CC	-1	832659.0	914197908
JG0139d	5	35528310	N:AC[T>C]CT	1	990467.0	915188375
JG0139d	5	36755706	N:GC[T>C]TG	1	1227396.0	916415771
JG0139d	5	37141848	T:CC[T>C]CA	1	386142.0	916801913
JG0139d	5	38978198	T:AC[T>G]TA	1	1836350.0	918638263
JG0139d	5	42231954	N:AG[T>G]TG	1	3253756.0	921892019
JG0139d	5	42499249	U:TC[T>G]TG	1	267295.0	922159314
JG0139d	5	42523913	T:AA[T>G]GA	-1	24664.0	922183978
JG0139d	5	43323726	N:AC[T>A]TT	1	799813.0	922983791
JG0139d	5	44312287	T:TG[T>G]TA	1	988561.0	923972352
JG0139d	5	44593066	N:TC[T>A]CC	1	280779.0	924253131
JG0139d	5	44848190	N:TC[T>C]TG	1	255124.0	924508255
JG0139d	5	45257802	T:AG[T>G]TA	1	409612.0	924917867
JG0139d	5	45992203	N:TT[C>A]AG	1	734401.0	925652268
JG0139d	5	54008332	T:TC[T>C]TT	1	8016129.0	933668397
JG0139d	5	56037210	N:GA[T>G]TA	1	2028878.0	935697275
JG0139d	5	56329098	N:TC[T>G]CA	1	291888.0	935989163
JG0139d	5	56953453	T:AA[T>G]TA	1	624355.0	936613518
JG0139d	5	57194719	U:GA[T>G]TT	1	241266.0	936854784
JG0139d	5	57421757	N:TC[T>C]TT	-1	227038.0	937081822
JG0139d	5	57558461	N:GG[T>A]CT	1	136704.0	937218526
JG0139d	5	57644859	N:GG[T>G]TA	1	86398.0	937304924
JG0139d	5	57958518	N:GC[T>C]CA	1	313659.0	937618583
JG0139d	5	58836179	U:TA[T>A]TA	1	877661.0	938496244
JG0139d	5	58858320	U:AA[T>A]TT	1	22141.0	938518385
JG0139d	5	58862833	N:CC[T>C]CC	-1	4513.0	938522898
JG0139d	5	59203799	T:AC[T>C]TA	1	340966.0	938863864
JG0139d	5	59725286	T:AC[T>A]TG	1	521487.0	939385351
JG0139d	5	59774615	T:AG[T>G]CA	1	49329.0	939434680
JG0139d	5	60052811	T:TC[T>C]CC	1	278196.0	939712876
JG0139d	5	60222250	T:TC[T>C]GG	1	169439.0	939882315
JG0139d	5	60535347	N:TC[T>C]CT	1	313097.0	940195412
JG0139d	5	60807890	T:AC[T>G]TG	1	272543.0	940467955
JG0139d	5	63007114	N:TC[T>G]TC	1	2199224.0	942667179
JG0139d	5	63302153	N:AG[T>G]CA	1	295039.0	942962218
JG0139d	5	63520165	N:AG[T>C]AG	1	218012.0	943180230
JG0139d	5	63800712	N:AC[T>C]CA	1	280547.0	943460777
JG0139d	5	63812784	N:CC[T>C]TA	1	12072.0	943472849
JG0139d	5	63815560	N:TC[T>G]TG	-1	2776.0	943475625
JG0139d	5	63956207	N:TC[T>C]CT	1	140647.0	943616272
JG0139d	5	64021510	N:TC[T>C]CA	1	65303.0	943681575
JG0139d	5	64110313	N:TT[T>C]CA	-1	88803.0	943770378
JG0139d	5	64168065	U:AC[T>G]TA	1	57752.0	943828130
JG0139d	5	64172324	U:GC[T>C]GG	1	4259.0	943832389
JG0139d	5	64323609	U:TG[T>C]TT	1	151285.0	943983674
JG0139d	5	64368598	U:AC[T>C]CA	1	44989.0	944028663
JG0139d	5	64399053	N:GC[T>C]TA	1	30455.0	944059118
JG0139d	5	64402600	N:GG[T>C]CA	1	3547.0	944062665
JG0139d	5	64449378	N:TC[T>A]TT	1	46778.0	944109443
JG0139d	5	64597471	U:GC[T>C]CT	1	148093.0	944257536
JG0139d	5	64953223	U:GC[T>C]TG	1	355752.0	944613288
JG0139d	5	65323792	T:AC[T>G]TT	1	370569.0	944983857
JG0139d	5	66261560	N:TC[T>G]TT	1	937768.0	945921625
JG0139d	5	66785335	U:TC[T>C]CT	1	523775.0	946445400
JG0139d	5	67726614	N:AC[T>G]TT	1	941279.0	947386679
JG0139d	5	68051488	N:GA[T>G]TT	1	324874.0	947711553
JG0139d	5	68337047	N:GC[T>G]TC	1	285559.0	947997112
JG0139d	5	68781581	N:AC[T>G]TG	1	444534.0	948441646
JG0139d	5	68919478	N:GC[T>G]TT	1	137897.0	948579543
JG0139d	5	71559178	U:TC[T>G]TA	1	2639700.0	951219243
JG0139d	5	73823025	U:AC[T>G]TG	1	2263847.0	953483090
JG0139d	5	74084948	N:TC[T>G]CA	1	261923.0	953745013
JG0139d	5	74357209	N:TC[T>G]TG	1	272261.0	954017274
JG0139d	5	75169164	T:TC[T>G]TA	1	811955.0	954829229
JG0139d	5	75859895	N:TC[T>C]CA	1	690731.0	955519960
JG0139d	5	75860047	N:AG[T>G]TA	-1	152.0	955520112
JG0139d	5	76026242	N:AC[T>G]TC	1	166195.0	955686307
JG0139d	5	76419433	U:AG[T>G]TC	1	393191.0	956079498
JG0139d	5	76914232	U:AG[T>G]TG	1	494799.0	956574297
JG0139d	5	77218726	U:TG[T>C]CA	1	304494.0	956878791
JG0139d	5	77564559	T:AC[T>G]TC	1	345833.0	957224624
JG0139d	5	77659076	N:TC[T>A]CC	1	94517.0	957319141
JG0139d	5	78060746	T:GC[T>G]TA	1	401670.0	957720811
JG0139d	5	78330984	N:AA[T>G]TT	-1	270238.0	957991049
JG0139d	5	78673694	N:AC[T>G]TT	1	342710.0	958333759
JG0139d	5	78766704	N:GA[T>A]GC	1	93010.0	958426769
JG0139d	5	79240378	U:TC[T>G]CA	1	473674.0	958900443
JG0139d	5	79541201	N:TC[T>G]TA	1	300823.0	959201266
JG0139d	5	80047590	U:AC[T>A]TG	1	506389.0	959707655
JG0139d	5	80421848	U:GC[T>G]TG	1	374258.0	960081913
JG0139d	5	80672536	U:TG[T>G]TA	1	250688.0	960332601
JG0139d	5	80737773	U:AC[T>G]TA	1	65237.0	960397838
JG0139d	5	80984270	U:GG[T>C]CA	1	246497.0	960644335
JG0139d	5	81923356	N:AG[T>G]TT	1	939086.0	961583421
JG0139d	5	82521394	N:TC[T>A]TT	1	598038.0	962181459
JG0139d	5	82619007	N:TC[T>C]CA	1	97613.0	962279072
JG0139d	5	82690899	N:AA[T>A]AT	1	71892.0	962350964
JG0139d	5	82984364	N:AC[T>A]TG	1	293465.0	962644429
JG0139d	5	83042551	N:AC[T>G]TG	1	58187.0	962702616
JG0139d	5	83293722	U:AC[T>G]TA	1	251171.0	962953787
JG0139d	5	83424904	N:AC[T>C]TT	1	131182.0	963084969
JG0139d	5	84093707	T:GC[T>C]GG	1	668803.0	963753772
JG0139d	5	84190971	U:TC[T>C]AA	-1	97264.0	963851036
JG0139d	5	84283322	T:GG[T>G]TC	1	92351.0	963943387
JG0139d	5	84648982	N:AC[T>C]TG	1	365660.0	964309047
JG0139d	5	85133323	N:AA[T>G]TT	1	484341.0	964793388
JG0139d	5	85179611	N:AC[T>C]TG	1	46288.0	964839676
JG0139d	5	85385519	N:AC[T>C]TA	1	205908.0	965045584
JG0139d	5	85696272	N:TC[T>C]TT	1	310753.0	965356337
JG0139d	5	85871473	N:GG[T>G]TT	1	175201.0	965531538
JG0139d	5	86052058	N:AC[T>C]GC	-1	180585.0	965712123
JG0139d	5	86533255	N:TA[T>G]TT	-1	481197.0	966193320
JG0139d	5	86673460	N:TC[T>C]CC	-1	140205.0	966333525
JG0139d	5	86769897	N:TC[T>G]TA	1	96437.0	966429962
JG0139d	5	86861263	N:AC[T>C]TC	-1	91366.0	966521328
JG0139d	5	86885178	N:AG[T>G]TT	1	23915.0	966545243
JG0139d	5	86922759	N:TC[T>C]TG	1	37581.0	966582824
JG0139d	5	87106239	N:CC[T>G]TG	1	183480.0	966766304
JG0139d	5	88048161	N:TC[T>C]TG	1	941922.0	967708226
JG0139d	5	89486975	N:AG[T>G]GC	1	1438814.0	969147040
JG0139d	5	89661682	N:CC[T>C]CA	1	174707.0	969321747
JG0139d	5	91603747	N:AC[T>G]TG	1	1942065.0	971263812
JG0139d	5	91666042	N:TC[T>G]TA	1	62295.0	971326107
JG0139d	5	92221008	N:AC[T>A]TG	1	554966.0	971881073
JG0139d	5	92223183	N:AC[C>T]CC	1	2175.0	971883248
JG0139d	5	92286224	N:GC[T>G]TG	1	63041.0	971946289
JG0139d	5	92426268	N:TC[T>C]CA	1	140044.0	972086333
JG0139d	5	92445090	N:TG[T>G]TT	1	18822.0	972105155
JG0139d	5	93965221	T:AC[T>C]CA	1	1520131.0	973625286
JG0139d	5	93966131	T:AG[T>G]TA	1	910.0	973626196
JG0139d	5	96071676	N:TG[T>C]TT	1	2105545.0	975731741
JG0139d	5	96339003	N:AC[T>G]TG	1	267327.0	975999068
JG0139d	5	96411737	T:AC[T>A]TT	1	72734.0	976071802
JG0139d	5	96943616	U:GC[T>G]TT	1	531879.0	976603681
JG0139d	5	97434187	N:TC[T>G]TA	1	490571.0	977094252
JG0139d	5	98269010	N:TC[T>C]CG	-1	834823.0	977929075
JG0139d	5	99863519	N:GC[T>G]TA	1	1594509.0	979523584
JG0139d	5	100084230	N:AC[T>A]GT	1	220711.0	979744295
JG0139d	5	100086814	N:CG[T>G]TC	1	2584.0	979746879
JG0139d	5	100245718	N:AT[T>A]GG	1	158904.0	979905783
JG0139d	5	100411813	N:TG[T>G]CC	1	166095.0	980071878
JG0139d	5	100497350	N:TC[T>G]TA	1	85537.0	980157415
JG0139d	5	100898676	T:TG[T>C]TT	1	401326.0	980558741
JG0139d	5	100992023	N:GC[T>C]TG	-1	93347.0	980652088
JG0139d	5	101147833	N:TG[T>C]CG	1	155810.0	980807898
JG0139d	5	101344120	N:CC[T>C]TA	1	196287.0	981004185
JG0139d	5	101412548	N:AC[T>C]TA	1	68428.0	981072613
JG0139d	5	102402544	T:TC[T>G]GA	1	989996.0	982062609
JG0139d	5	102513685	N:AG[T>G]TG	1	111141.0	982173750
JG0139d	5	102776454	U:CG[T>C]TT	1	262769.0	982436519
JG0139d	5	102910136	U:AC[T>G]TA	1	133682.0	982570201
JG0139d	5	104265752	N:GC[T>C]TC	1	1355616.0	983925817
JG0139d	5	104687658	N:AC[T>C]CC	1	421906.0	984347723
JG0139d	5	105004321	N:GG[T>A]TA	1	316663.0	984664386
JG0139d	5	105211668	N:GC[T>G]CA	1	207347.0	984871733
JG0139d	5	105810306	N:AC[T>C]CA	-1	598638.0	985470371
JG0139d	5	105820509	N:TC[T>G]TT	1	10203.0	985480574
JG0139d	5	106742677	N:TC[T>C]TA	1	922168.0	986402742
JG0139d	5	106951602	N:TC[T>G]CA	1	208925.0	986611667
JG0139d	5	107011872	N:CC[T>G]TA	1	60270.0	986671937
JG0139d	5	107638246	T:TC[T>G]TA	1	626374.0	987298311
JG0139d	5	109874906	N:TC[T>C]TA	-1	2236660.0	989534971
JG0139d	5	110582867	U:TG[T>G]TA	-1	707961.0	990242932
JG0139d	5	110945216	N:AT[C>T]TC	-1	362349.0	990605281
JG0139d	5	114594592	N:TC[T>G]TC	1	3649376.0	994254657
JG0139d	5	114680156	N:CC[T>G]TA	1	85564.0	994340221
JG0139d	5	115024818	N:AC[T>G]GA	1	344662.0	994684883
JG0139d	5	117055070	N:CG[T>A]GA	1	2030252.0	996715135
JG0139d	5	117119647	N:GC[T>C]TG	1	64577.0	996779712
JG0139d	5	117268366	N:GG[T>C]GG	1	148719.0	996928431
JG0139d	5	118319907	N:AC[T>G]CA	1	1051541.0	997979972
JG0139d	5	118749540	N:GG[C>A]AA	-1	429633.0	998409605
JG0139d	5	119217904	U:AC[T>G]TA	1	468364.0	998877969
JG0139d	5	119336008	U:AC[T>C]TT	1	118104.0	998996073
JG0139d	5	119388536	T:TC[C>T]CT	-1	52528.0	999048601
JG0139d	5	119487851	U:TG[T>C]TT	1	99315.0	999147916
JG0139d	5	121991828	T:GT[C>G]AT	-1	2503977.0	1001651893
JG0139d	5	125280397	N:AC[C>T]CA	-1	3288569.0	1004940462
JG0139d	5	126749379	N:TC[T>C]TG	1	1468982.0	1006409444
JG0139d	5	126820922	U:TC[T>C]CC	1	71543.0	1006480987
JG0139d	5	128911029	U:AC[T>G]TA	1	2090107.0	1008571094
JG0139d	5	128999390	U:TC[T>C]TG	1	88361.0	1008659455
JG0139d	5	129396464	N:TC[T>C]TT	1	397074.0	1009056529
JG0139d	5	129635881	U:AC[T>C]TA	1	239417.0	1009295946
JG0139d	5	130941375	N:AC[T>G]CA	1	1305494.0	1010601440
JG0139d	5	131246550	N:AC[T>G]TT	1	305175.0	1010906615
JG0139d	5	132061460	U:TG[T>G]TC	1	814910.0	1011721525
JG0139d	5	138916527	U:GC[T>G]TG	1	6855067.0	1018576592
JG0139d	5	139029871	T:AC[T>A]CA	1	113344.0	1018689936
JG0139d	5	142365968	N:AC[T>G]TA	1	3336097.0	1022026033
JG0139d	5	142470952	N:GA[C>A]AA	1	104984.0	1022131017
JG0139d	5	142714055	N:GA[C>A]AA	-1	243103.0	1022374120
JG0139d	5	143710151	N:AC[T>C]TA	1	996096.0	1023370216
JG0139d	5	144510830	N:AT[T>A]AT	1	800679.0	1024170895
JG0139d	5	145022954	N:AG[T>G]TT	1	512124.0	1024683019
JG0139d	5	145323415	N:AC[T>G]TG	1	300461.0	1024983480
JG0139d	5	145396124	N:GC[T>G]TA	1	72709.0	1025056189
JG0139d	5	145678577	N:AC[T>G]TA	1	282453.0	1025338642
JG0139d	5	145755058	N:CC[T>C]GA	1	76481.0	1025415123
JG0139d	5	145777038	T:TC[T>C]GG	1	21980.0	1025437103
JG0139d	5	146289563	U:TC[T>C]TG	1	512525.0	1025949628
JG0139d	5	146550404	N:TC[T>C]TG	1	260841.0	1026210469
JG0139d	5	147492881	T:AG[T>G]TA	1	942477.0	1027152946
JG0139d	5	147709790	U:AC[T>G]TT	-1	216909.0	1027369855
JG0139d	5	147908451	N:TC[T>C]TG	1	198661.0	1027568516
JG0139d	5	148545956	T:AA[T>G]TA	1	637505.0	1028206021
JG0139d	5	149173461	U:TG[T>A]CC	1	627505.0	1028833526
JG0139d	5	149207369	U:TC[T>A]CC	1	33908.0	1028867434
JG0139d	5	149740713	U:TC[T>G]TC	1	533344.0	1029400778
JG0139d	5	150873666	N:AC[T>C]CA	1	1132953.0	1030533731
JG0139d	5	151987086	N:AC[T>G]TA	1	1113420.0	1031647151
JG0139d	5	154274614	U:TC[T>G]TG	1	2287528.0	1033934679
JG0139d	5	154506210	N:GC[T>C]TC	1	231596.0	1034166275
JG0139d	5	155185111	N:AC[T>G]TC	1	678901.0	1034845176
JG0139d	5	155223273	N:AC[T>G]TA	1	38162.0	1034883338
JG0139d	5	155676324	N:TC[T>C]TT	1	453051.0	1035336389
JG0139d	5	155692057	N:TG[T>G]TA	1	15733.0	1035352122
JG0139d	5	155904062	T:AG[T>C]GA	-1	212005.0	1035564127
JG0139d	5	157236266	U:AC[T>C]TG	1	1332204.0	1036896331
JG0139d	5	158340790	N:AC[T>C]GG	1	1104524.0	1038000855
JG0139d	5	158693371	N:AC[T>C]TT	1	352581.0	1038353436
JG0139d	5	158756359	T:AC[T>C]GG	1	62988.0	1038416424
JG0139d	5	159296894	N:AC[T>C]CA	-1	540535.0	1038956959
JG0139d	5	159490831	N:AG[T>C]CA	1	193937.0	1039150896
JG0139d	5	159697530	N:TC[T>A]TA	1	206699.0	1039357595
JG0139d	5	159973707	N:TC[T>G]TT	1	276177.0	1039633772
JG0139d	5	160318446	N:GG[T>A]TA	1	344739.0	1039978511
JG0139d	5	162345881	N:AC[T>C]CC	1	2027435.0	1042005946
JG0139d	5	162859514	N:TC[T>G]TA	1	513633.0	1042519579
JG0139d	5	163028278	N:AC[T>C]CA	-1	168764.0	1042688343
JG0139d	5	163304428	N:TC[T>C]TA	1	276150.0	1042964493
JG0139d	5	163557183	N:AC[T>G]TA	-1	252755.0	1043217248
JG0139d	5	163559637	N:GA[T>G]TA	1	2454.0	1043219702
JG0139d	5	164366511	N:TC[T>A]TA	-1	806874.0	1044026576
JG0139d	5	164500436	N:AG[T>A]TA	-1	133925.0	1044160501
JG0139d	5	164573616	N:AC[T>C]CA	-1	73180.0	1044233681
JG0139d	5	164911667	N:CC[T>G]TC	1	338051.0	1044571732
JG0139d	5	165158404	N:TC[T>G]TG	-1	246737.0	1044818469
JG0139d	5	166209489	N:TC[T>C]AC	1	1051085.0	1045869554
JG0139d	5	166243841	N:AC[T>G]TG	1	34352.0	1045903906
JG0139d	5	167098388	N:AC[T>C]TG	-1	854547.0	1046758453
JG0139d	5	167550451	T:AC[T>G]TA	-1	452063.0	1047210516
JG0139d	5	167601996	T:CC[C>A]TT	-1	51545.0	1047262061
JG0139d	5	167622104	U:AC[T>G]TG	1	20108.0	1047282169
JG0139d	5	167639341	U:TC[T>G]TA	1	17237.0	1047299406
JG0139d	5	167950326	T:GC[T>G]TG	-1	310985.0	1047610391
JG0139d	5	168409358	U:TC[T>G]TA	1	459032.0	1048069423
JG0139d	5	169045984	T:AC[T>A]CA	1	636626.0	1048706049
JG0139d	5	169833002	U:GC[T>A]GG	1	787018.0	1049493067
JG0139d	5	170215976	N:CC[T>C]GC	1	382974.0	1049876041
JG0139d	5	170906469	T:GC[T>C]TC	-1	690493.0	1050566534
JG0139d	5	171726052	N:TA[T>G]TG	-1	819583.0	1051386117
JG0139d	5	171752180	N:AC[T>C]TG	1	26128.0	1051412245
JG0139d	5	172387396	U:AG[T>G]TA	-1	635216.0	1052047461
JG0139d	5	172476801	N:AC[T>G]CT	1	89405.0	1052136866
JG0139d	5	172630552	N:CC[T>A]TA	1	153751.0	1052290617
JG0139d	5	172646298	T:TC[C>T]CA	-1	15746.0	1052306363
JG0139d	5	172851909	U:AC[T>C]CA	1	205611.0	1052511974
JG0139d	5	173474358	N:CT[C>A]AG	-1	622449.0	1053134423
JG0139d	5	173805726	N:TC[T>G]CT	1	331368.0	1053465791
JG0139d	5	173858125	N:AC[T>G]TA	1	52399.0	1053518190
JG0139d	5	174120676	U:CC[T>C]GG	1	262551.0	1053780741
JG0139d	5	174198714	T:CC[T>G]TA	-1	78038.0	1053858779
JG0139d	5	174541169	N:CC[T>G]CA	1	342455.0	1054201234
JG0139d	5	174706294	N:GC[T>C]TG	1	165125.0	1054366359
JG0139d	5	175689808	T:GC[T>G]TG	-1	983514.0	1055349873
JG0139d	5	176733218	N:CC[T>G]TA	-1	1043410.0	1056393283
JG0139d	5	176788901	N:AC[T>G]TT	1	55683.0	1056448966
JG0139d	5	177017622	T:AC[T>G]TG	1	228721.0	1056677687
JG0139d	5	178531814	T:CC[T>G]CG	1	1514192.0	1058191879
JG0139d	5	178645038	N:AC[T>C]TC	1	113224.0	1058305103
JG0139d	5	178948229	U:TC[T>G]TA	1	303191.0	1058608294
JG0139d	5	178988857	U:CC[T>C]CA	-1	40628.0	1058648922
JG0139d	5	178990755	U:GC[T>C]CC	-1	1898.0	1058650820
JG0139d	6	439473	N:AT[T>G]TA	-1		1061637797
JG0139d	6	1041938	N:TC[T>A]TG	1	602465.0	1062240262
JG0139d	6	4385192	N:TG[T>C]TA	1	3343254.0	1065583516
JG0139d	6	4456156	N:TC[T>C]GC	1	70964.0	1065654480
JG0139d	6	5907814	N:AC[T>C]TG	1	1451658.0	1067106138
JG0139d	6	6262757	T:TC[T>C]TC	1	354943.0	1067461081
JG0139d	6	6554620	N:AC[T>A]GA	1	291863.0	1067752944
JG0139d	6	7036469	N:GG[T>C]GA	1	481849.0	1068234793
JG0139d	6	7237337	U:CC[T>G]CG	1	200868.0	1068435661
JG0139d	6	8786799	N:CC[T>C]TG	1	1549462.0	1069985123
JG0139d	6	9047317	N:AC[T>G]TG	1	260518.0	1070245641
JG0139d	6	9203304	N:GC[T>G]TC	1	155987.0	1070401628
JG0139d	6	9207021	N:GC[T>C]CA	1	3717.0	1070405345
JG0139d	6	9387711	N:AC[T>G]TA	1	180690.0	1070586035
JG0139d	6	9717126	N:AC[T>G]TC	1	329415.0	1070915450
JG0139d	6	9846466	N:TC[T>C]TG	1	129340.0	1071044790
JG0139d	6	9888563	N:CC[T>G]CA	1	42097.0	1071086887
JG0139d	6	9961146	N:AG[T>C]CA	1	72583.0	1071159470
JG0139d	6	10206188	N:AC[T>G]TA	1	245042.0	1071404512
JG0139d	6	10689188	T:TC[T>C]CA	1	483000.0	1071887512
JG0139d	6	11844223	N:TT[T>C]CT	1	1155035.0	1073042547
JG0139d	6	12927866	U:TC[T>C]CA	1	1083643.0	1074126190
JG0139d	6	13445591	T:TC[T>C]TA	1	517725.0	1074643915
JG0139d	6	13603168	U:AC[T>C]CG	1	157577.0	1074801492
JG0139d	6	15066435	N:AG[C>A]TC	1	1463267.0	1076264759
JG0139d	6	15287414	T:GA[C>T]CC	-1	220979.0	1076485738
JG0139d	6	18309304	N:TC[T>G]TT	1	3021890.0	1079507628
JG0139d	6	18801149	N:GC[T>G]TA	1	491845.0	1079999473
JG0139d	6	19150691	N:TC[T>C]TG	1	349542.0	1080349015
JG0139d	6	19379825	N:TC[T>C]CA	1	229134.0	1080578149
JG0139d	6	19429916	N:CC[T>C]TC	1	50091.0	1080628240
JG0139d	6	20349462	N:CC[T>G]TA	1	919546.0	1081547786
JG0139d	6	22063459	N:AC[T>A]TG	1	1713997.0	1083261783
JG0139d	6	22927537	N:TT[T>G]TG	1	864078.0	1084125861
JG0139d	6	23350844	N:TC[T>A]TA	1	423307.0	1084549168
JG0139d	6	23727460	N:TG[T>G]TA	1	376616.0	1084925784
JG0139d	6	23800032	N:GC[T>C]TG	1	72572.0	1084998356
JG0139d	6	23826305	N:TC[T>G]TT	1	26273.0	1085024629
JG0139d	6	24139562	U:AC[T>C]CT	1	313257.0	1085337886
JG0139d	6	25306330	U:CC[T>A]GA	1	1166768.0	1086504654
JG0139d	6	27877740	N:GC[C>A]AG	-1	2571410.0	1089076064
JG0139d	6	28939053	N:GA[C>T]AT	-1	1061313.0	1090137377
JG0139d	6	29296973	N:AC[T>C]TA	1	357920.0	1090495297
JG0139d	6	29576311	T:CC[T>G]CA	1	279338.0	1090774635
JG0139d	6	30421036	N:AC[T>G]TG	1	844725.0	1091619360
JG0139d	6	30483275	N:TC[T>A]CT	1	62239.0	1091681599
JG0139d	6	30677978	T:TC[T>G]CG	1	194703.0	1091876302
JG0139d	6	30784769	N:GA[T>A]CA	1	106791.0	1091983093
JG0139d	6	33668268	U:CC[T>G]CG	1	2883499.0	1094866592
JG0139d	6	34091532	T:CC[T>C]GA	1	423264.0	1095289856
JG0139d	6	36647096	N:GC[T>G]TT	1	2555564.0	1097845420
JG0139d	6	36660206	N:CC[T>G]TT	1	13110.0	1097858530
JG0139d	6	37208437	N:GG[T>G]CT	1	548231.0	1098406761
JG0139d	6	38346718	T:GC[T>G]TT	1	1138281.0	1099545042
JG0139d	6	38486903	T:AC[T>G]AT	1	140185.0	1099685227
JG0139d	6	39797011	U:AC[T>G]TA	1	1310108.0	1100995335
JG0139d	6	39803006	U:TG[T>C]TG	1	5995.0	1101001330
JG0139d	6	40142316	N:AG[T>G]TA	1	339310.0	1101340640
JG0139d	6	40297402	N:AC[T>G]TG	1	155086.0	1101495726
JG0139d	6	40669559	N:TC[T>C]CT	1	372157.0	1101867883
JG0139d	6	40803345	N:AC[T>G]TG	1	133786.0	1102001669
JG0139d	6	40803452	N:TC[T>C]TT	1	107.0	1102001776
JG0139d	6	45029992	T:CC[T>G]TG	1	4226540.0	1106228316
JG0139d	6	45321329	T:CT[T>G]AA	1	291337.0	1106519653
JG0139d	6	45960650	U:GC[T>C]TA	-1	639321.0	1107158974
JG0139d	6	46198221	N:TC[T>C]TC	1	237571.0	1107396545
JG0139d	6	46425446	T:GG[T>G]TA	1	227225.0	1107623770
JG0139d	6	46432031	T:AA[T>G]TA	1	6585.0	1107630355
JG0139d	6	46473467	U:TA[T>C]TG	-1	41436.0	1107671791
JG0139d	6	46737443	N:GC[T>G]AG	1	263976.0	1107935767
JG0139d	6	47000726	T:AC[T>C]TG	1	263283.0	1108199050
JG0139d	6	47043690	N:AC[T>G]TA	1	42964.0	1108242014
JG0139d	6	47085133	N:TC[T>G]CA	1	41443.0	1108283457
JG0139d	6	47313804	N:GG[T>G]TT	1	228671.0	1108512128
JG0139d	6	48291405	N:AG[T>A]CT	1	977601.0	1109489729
JG0139d	6	48498553	N:GC[T>G]CG	1	207148.0	1109696877
JG0139d	6	48662477	N:AC[T>A]TG	1	163924.0	1109860801
JG0139d	6	48768835	N:AC[T>A]TT	1	106358.0	1109967159
JG0139d	6	48853051	N:AC[T>C]GT	1	84216.0	1110051375
JG0139d	6	48878732	N:AC[T>G]TC	1	25681.0	1110077056
JG0139d	6	48921669	N:TC[T>A]CA	-1	42937.0	1110119993
JG0139d	6	49152229	N:TG[T>G]TA	1	230560.0	1110350553
JG0139d	6	50319177	N:TC[T>G]TA	1	1166948.0	1111517501
JG0139d	6	50456974	N:CC[T>C]CA	1	137797.0	1111655298
JG0139d	6	50514500	N:GC[C>A]AG	1	57526.0	1111712824
JG0139d	6	50529432	N:TG[T>C]TT	1	14932.0	1111727756
JG0139d	6	51114496	N:TT[T>G]TA	-1	585064.0	1112312820
JG0139d	6	51261966	N:AT[T>C]TA	1	147470.0	1112460290
JG0139d	6	51487137	N:AG[T>G]TG	-1	225171.0	1112685461
JG0139d	6	51732524	U:TG[T>A]TA	-1	245387.0	1112930848
JG0139d	6	52024413	U:TG[T>G]TA	-1	291889.0	1113222737
JG0139d	6	52654569	N:AC[T>G]AA	1	630156.0	1113852893
JG0139d	6	52721043	N:TT[T>C]CG	-1	66474.0	1113919367
JG0139d	6	52756827	T:AC[T>C]TG	1	35784.0	1113955151
JG0139d	6	53015041	T:TC[T>G]TT	1	258214.0	1114213365
JG0139d	6	53161913	N:CC[T>C]AA	1	146872.0	1114360237
JG0139d	6	53414805	N:TC[T>G]TC	1	252892.0	1114613129
JG0139d	6	53423175	N:TC[T>G]TA	-1	8370.0	1114621499
JG0139d	6	53746460	N:AT[C>A]TG	-1	323285.0	1114944784
JG0139d	6	54059179	U:TC[T>G]TC	1	312719.0	1115257503
JG0139d	6	54649054	N:AC[T>C]CA	1	589875.0	1115847378
JG0139d	6	54960639	N:GT[C>G]TC	1	311585.0	1116158963
JG0139d	6	55058892	N:TC[T>G]TG	1	98253.0	1116257216
JG0139d	6	55286270	N:AC[T>A]AT	1	227378.0	1116484594
JG0139d	6	55999597	N:AG[T>C]TA	1	713327.0	1117197921
JG0139d	6	56175670	T:GA[T>G]TG	1	176073.0	1117373994
JG0139d	6	56788881	T:AC[T>G]TT	1	613211.0	1117987205
JG0139d	6	58173956	N:TC[T>A]TT	1	1385075.0	1119372280
JG0139d	6	60500205	N:TT[T>C]TA	-1	2326249.0	1121698529
JG0139d	6	60549637	N:TC[T>C]TG	1	49432.0	1121747961
JG0139d	6	60884560	N:TC[T>C]TT	1	334923.0	1122082884
JG0139d	6	61602440	N:TG[T>A]CC	1	717880.0	1122800764
JG0139d	6	61933379	T:GC[T>G]TG	1	330939.0	1123131703
JG0139d	6	61941669	U:CC[T>G]TC	-1	8290.0	1123139993
JG0139d	6	62094528	T:GC[T>G]TT	1	152859.0	1123292852
JG0139d	6	62151003	T:TC[T>C]CA	1	56475.0	1123349327
JG0139d	6	62259247	T:AC[T>C]TT	1	108244.0	1123457571
JG0139d	6	63107619	N:TC[T>G]TC	1	848372.0	1124305943
JG0139d	6	63154713	N:GC[T>G]CA	1	47094.0	1124353037
JG0139d	6	63212207	T:AC[T>C]TG	-1	57494.0	1124410531
JG0139d	6	63709906	U:TC[T>C]CT	1	497699.0	1124908230
JG0139d	6	63840487	T:CG[T>G]CA	1	130581.0	1125038811
JG0139d	6	64044323	T:TG[T>G]TC	1	203836.0	1125242647
JG0139d	6	64120062	T:TC[T>C]TT	1	75739.0	1125318386
JG0139d	6	64135282	U:TC[T>A]TG	-1	15220.0	1125333606
JG0139d	6	64182824	T:AC[T>C]TT	1	47542.0	1125381148
JG0139d	6	64357781	U:AC[T>G]TT	-1	174957.0	1125556105
JG0139d	6	64692860	T:TT[T>A]CA	1	335079.0	1125891184
JG0139d	6	64756975	T:GC[T>C]CA	1	64115.0	1125955299
JG0139d	6	64867332	T:AC[T>G]TA	1	110357.0	1126065656
JG0139d	6	65748389	N:TC[T>G]TA	1	881057.0	1126946713
JG0139d	6	66013909	N:AC[T>G]TG	1	265520.0	1127212233
JG0139d	6	67778568	N:TC[T>G]TA	1	1764659.0	1128976892
JG0139d	6	67942956	N:AT[T>G]TA	1	164388.0	1129141280
JG0139d	6	69097442	U:AT[T>A]AA	1	1154486.0	1130295766
JG0139d	6	71523335	N:TC[T>C]CA	1	2425893.0	1132721659
JG0139d	6	71854028	N:TA[T>A]TT	-1	330693.0	1133052352
JG0139d	6	71914917	T:GC[T>G]TG	-1	60889.0	1133113241
JG0139d	6	71947922	U:TC[T>G]TA	1	33005.0	1133146246
JG0139d	6	71986048	T:AC[T>C]TA	-1	38126.0	1133184372
JG0139d	6	72087143	U:GC[T>C]TG	1	101095.0	1133285467
JG0139d	6	72544315	N:AC[T>C]TA	1	457172.0	1133742639
JG0139d	6	72811717	U:TC[T>C]TG	1	267402.0	1134010041
JG0139d	6	72947054	U:AC[T>G]AA	1	135337.0	1134145378
JG0139d	6	73974155	N:TC[T>G]TG	-1	1027101.0	1135172479
JG0139d	6	73986879	N:TG[T>C]GC	1	12724.0	1135185203
JG0139d	6	74291540	N:TC[T>A]TA	1	304661.0	1135489864
JG0139d	6	74524276	N:TC[T>C]TT	1	232736.0	1135722600
JG0139d	6	74558818	N:AC[T>G]TA	1	34542.0	1135757142
JG0139d	6	74639356	N:TC[T>G]CT	1	80538.0	1135837680
JG0139d	6	76210709	N:TA[T>A]TG	-1	1571353.0	1137409033
JG0139d	6	76554858	N:AC[T>C]AC	1	344149.0	1137753182
JG0139d	6	76567734	N:TC[T>C]TT	1	12876.0	1137766058
JG0139d	6	76934688	N:AC[T>G]TA	1	366954.0	1138133012
JG0139d	6	77096049	N:TC[T>C]CT	1	161361.0	1138294373
JG0139d	6	77245574	N:AC[T>G]TA	1	149525.0	1138443898
JG0139d	6	78457970	N:CC[T>C]TG	1	1212396.0	1139656294
JG0139d	6	78526195	N:AA[T>G]TG	1	68225.0	1139724519
JG0139d	6	78580455	N:TC[T>C]CT	-1	54260.0	1139778779
JG0139d	6	80205194	T:TC[T>G]TC	-1	1624739.0	1141403518
JG0139d	6	80423960	N:AC[T>A]TG	1	218766.0	1141622284
JG0139d	6	80898035	N:TC[T>C]TA	-1	474075.0	1142096359
JG0139d	6	81067571	N:AG[T>A]TA	-1	169536.0	1142265895
JG0139d	6	81396791	N:TC[T>G]TG	1	329220.0	1142595115
JG0139d	6	81724506	T:TC[T>G]TA	1	327715.0	1142922830
JG0139d	6	82051524	N:TC[T>G]TT	1	327018.0	1143249848
JG0139d	6	82072602	N:GG[T>G]TT	-1	21078.0	1143270926
JG0139d	6	82117375	N:CC[T>C]TT	-1	44773.0	1143315699
JG0139d	6	82164484	N:AC[T>A]CC	-1	47109.0	1143362808
JG0139d	6	82518090	N:TT[T>G]TA	-1	353606.0	1143716414
JG0139d	6	82543294	N:TC[T>A]CA	-1	25204.0	1143741618
JG0139d	6	82680895	N:TC[T>G]TA	1	137601.0	1143879219
JG0139d	6	82824960	N:GC[T>C]TA	1	144065.0	1144023284
JG0139d	6	83559931	T:AC[T>C]TT	1	734971.0	1144758255
JG0139d	6	83792078	N:CT[C>G]TT	-1	232147.0	1144990402
JG0139d	6	84311290	N:TC[T>C]TA	-1	519212.0	1145509614
JG0139d	6	84495852	N:AC[T>G]CA	-1	184562.0	1145694176
JG0139d	6	84714901	U:TC[T>G]CA	-1	219049.0	1145913225
JG0139d	6	84897057	N:AC[T>G]TC	-1	182156.0	1146095381
JG0139d	6	85255727	N:CC[T>C]CC	1	358670.0	1146454051
JG0139d	6	85327411	N:TC[T>G]TG	1	71684.0	1146525735
JG0139d	6	85425099	N:GC[T>C]GT	1	97688.0	1146623423
JG0139d	6	85452733	U:TA[T>G]TG	1	27634.0	1146651057
JG0139d	6	85590660	T:TC[T>G]CC	1	137927.0	1146788984
JG0139d	6	85631830	U:AC[T>C]TG	-1	41170.0	1146830154
JG0139d	6	85933588	N:AA[T>G]TT	1	301758.0	1147131912
JG0139d	6	85938420	N:TC[T>C]CA	1	4832.0	1147136744
JG0139d	6	85990574	N:CC[T>G]TG	1	52154.0	1147188898
JG0139d	6	86333136	N:AG[T>G]TA	1	342562.0	1147531460
JG0139d	6	86675069	N:AC[T>C]TG	-1	341933.0	1147873393
JG0139d	6	87030941	N:TC[T>A]TG	-1	355872.0	1148229265
JG0139d	6	87466470	N:TC[T>C]CA	-1	435529.0	1148664794
JG0139d	6	89718892	T:CC[C>G]GA	1	2252422.0	1150917216
JG0139d	6	90992039	N:AC[T>G]TC	1	1273147.0	1152190363
JG0139d	6	91235044	N:GA[T>G]TG	1	243005.0	1152433368
JG0139d	6	91682848	N:CC[T>A]TG	1	447804.0	1152881172
JG0139d	6	92008211	N:AC[T>C]TA	1	325363.0	1153206535
JG0139d	6	92729198	N:AC[T>G]TT	1	720987.0	1153927522
JG0139d	6	94919691	N:GC[T>C]TG	1	2190493.0	1156118015
JG0139d	6	94924032	N:GG[T>C]CA	1	4341.0	1156122356
JG0139d	6	94979545	N:TG[T>A]TT	1	55513.0	1156177869
JG0139d	6	95078961	N:GC[T>G]TA	1	99416.0	1156277285
JG0139d	6	95113964	N:GC[T>C]CT	1	35003.0	1156312288
JG0139d	6	95277257	N:AC[T>G]CA	1	163293.0	1156475581
JG0139d	6	95698912	N:TC[T>G]TC	1	421655.0	1156897236
JG0139d	6	95735806	N:AC[T>C]TC	1	36894.0	1156934130
JG0139d	6	96401204	N:TG[T>A]CA	1	665398.0	1157599528
JG0139d	6	96486093	N:CC[T>C]GA	1	84889.0	1157684417
JG0139d	6	96633668	N:TC[T>G]TG	1	147575.0	1157831992
JG0139d	6	100187540	N:TC[T>G]TA	1	3553872.0	1161385864
JG0139d	6	102133941	N:AC[T>C]TA	1	1946401.0	1163332265
JG0139d	6	103081251	N:AT[T>G]TA	1	947310.0	1164279575
JG0139d	6	103272221	N:TC[T>C]CA	1	190970.0	1164470545
JG0139d	6	103426224	N:CT[C>G]CC	-1	154003.0	1164624548
JG0139d	6	103611760	N:AT[T>G]TA	1	185536.0	1164810084
JG0139d	6	103728671	N:AC[T>G]TA	1	116911.0	1164926995
JG0139d	6	103769241	N:TC[T>G]CT	1	40570.0	1164967565
JG0139d	6	103892600	N:TG[T>C]TA	1	123359.0	1165090924
JG0139d	6	103959196	N:AC[T>C]TT	1	66596.0	1165157520
JG0139d	6	104828906	T:GC[T>A]TA	1	869710.0	1166027230
JG0139d	6	104928313	N:GG[T>A]CA	1	99407.0	1166126637
JG0139d	6	104971603	U:GG[T>A]TA	1	43290.0	1166169927
JG0139d	6	104978339	U:TC[T>C]CA	1	6736.0	1166176663
JG0139d	6	105204798	N:AC[T>G]TA	1	226459.0	1166403122
JG0139d	6	105389473	T:AA[T>G]TA	1	184675.0	1166587797
JG0139d	6	106829008	N:GC[T>G]TG	1	1439535.0	1168027332
JG0139d	6	106941649	N:AC[T>G]TA	1	112641.0	1168139973
JG0139d	6	107013788	N:AG[T>C]TA	1	72139.0	1168212112
JG0139d	6	107037320	U:CC[T>C]CA	1	23532.0	1168235644
JG0139d	6	108025027	N:AG[T>G]TG	1	987707.0	1169223351
JG0139d	6	109002462	T:TG[T>G]TT	1	977435.0	1170200786
JG0139d	6	109306553	N:GA[T>G]TC	1	304091.0	1170504877
JG0139d	6	109497565	T:TC[T>A]GG	1	191012.0	1170695889
JG0139d	6	110339798	T:GC[T>G]TC	1	842233.0	1171538122
JG0139d	6	111235924	N:AC[T>C]TG	1	896126.0	1172434248
JG0139d	6	111343743	T:GC[T>C]GG	1	107819.0	1172542067
JG0139d	6	111683503	T:TA[T>G]TG	1	339760.0	1172881827
JG0139d	6	111953750	N:AC[T>G]TA	1	270247.0	1173152074
JG0139d	6	113354115	N:AC[T>G]TA	1	1400365.0	1174552439
JG0139d	6	113502754	N:TG[T>G]TG	1	148639.0	1174701078
JG0139d	6	114042195	N:GC[T>C]CT	1	539441.0	1175240519
JG0139d	6	114737914	N:TC[T>G]TT	1	695719.0	1175936238
JG0139d	6	115275396	N:AC[T>G]TT	1	537482.0	1176473720
JG0139d	6	115978534	U:AC[T>C]GA	-1	703138.0	1177176858
JG0139d	6	116582575	U:AG[T>G]TA	1	604041.0	1177780899
JG0139d	6	116851025	N:GC[T>G]TG	1	268450.0	1178049349
JG0139d	6	117773437	N:TC[T>G]TC	1	922412.0	1178971761
JG0139d	6	118345277	N:GC[T>G]CA	1	571840.0	1179543601
JG0139d	6	118442982	N:GT[T>G]TA	1	97705.0	1179641306
JG0139d	6	118683646	T:AC[T>G]TT	1	240664.0	1179881970
JG0139d	6	119414016	N:GA[T>G]TA	1	730370.0	1180612340
JG0139d	6	119999932	N:AC[T>G]TG	1	585916.0	1181198256
JG0139d	6	120007274	N:CC[T>A]TT	1	7342.0	1181205598
JG0139d	6	120153082	N:GA[T>G]GG	1	145808.0	1181351406
JG0139d	6	120221719	N:AC[T>C]CT	1	68637.0	1181420043
JG0139d	6	120568061	N:TC[T>C]TG	1	346342.0	1181766385
JG0139d	6	120888748	N:AA[T>C]TT	1	320687.0	1182087072
JG0139d	6	120901923	N:CC[T>C]TA	1	13175.0	1182100247
JG0139d	6	121246281	T:AC[T>C]AA	1	344358.0	1182444605
JG0139d	6	121323931	T:AC[T>C]CC	1	77650.0	1182522255
JG0139d	6	121768361	N:CC[T>G]TC	1	444430.0	1182966685
JG0139d	6	121830012	N:AG[T>G]TT	1	61651.0	1183028336
JG0139d	6	121902576	N:AC[T>G]TT	1	72564.0	1183100900
JG0139d	6	122007361	N:AC[T>G]TC	1	104785.0	1183205685
JG0139d	6	122107143	N:AT[T>G]TG	1	99782.0	1183305467
JG0139d	6	122112566	N:GC[T>C]TG	1	5423.0	1183310890
JG0139d	6	122369480	N:AA[T>G]TA	1	256914.0	1183567804
JG0139d	6	122446919	T:AC[T>G]TC	1	77439.0	1183645243
JG0139d	6	123332510	T:AC[T>G]TA	1	885591.0	1184530834
JG0139d	6	123524839	U:AC[T>G]TT	-1	192329.0	1184723163
JG0139d	6	123807682	U:AT[T>G]TA	1	282843.0	1185006006
JG0139d	6	124262370	T:TC[T>G]AA	-1	454688.0	1185460694
JG0139d	6	124418004	T:CC[T>C]TG	-1	155634.0	1185616328
JG0139d	6	124561537	U:CC[T>A]CA	1	143533.0	1185759861
JG0139d	6	125193815	U:GG[T>C]TT	1	632278.0	1186392139
JG0139d	6	125390449	N:GG[T>G]TA	1	196634.0	1186588773
JG0139d	6	125740549	N:AC[T>C]AA	1	350100.0	1186938873
JG0139d	6	126328351	N:GG[T>C]TA	1	587802.0	1187526675
JG0139d	6	127108159	N:CC[T>G]CA	1	779808.0	1188306483
JG0139d	6	128413449	T:CT[C>G]CA	1	1305290.0	1189611773
JG0139d	6	128621694	N:CC[T>G]TA	1	208245.0	1189820018
JG0139d	6	128817942	N:AC[T>G]TG	1	196248.0	1190016266
JG0139d	6	129220876	U:AC[T>G]GA	1	402934.0	1190419200
JG0139d	6	130573188	N:TC[T>G]CA	1	1352312.0	1191771512
JG0139d	6	130855755	U:AC[T>C]CT	-1	282567.0	1192054079
JG0139d	6	131483083	N:TC[T>C]TG	1	627328.0	1192681407
JG0139d	6	131575938	B:GC[T>C]TT	1	92855.0	1192774262
JG0139d	6	132636537	N:AG[T>G]TG	-1	1060599.0	1193834861
JG0139d	6	132956039	N:CC[T>G]TC	1	319502.0	1194154363
JG0139d	6	133320691	U:TC[T>C]TT	1	364652.0	1194519015
JG0139d	6	133744801	N:AG[T>G]TG	-1	424110.0	1194943125
JG0139d	6	133807747	N:TC[T>G]TA	1	62946.0	1195006071
JG0139d	6	134013038	T:TC[T>C]TT	1	205291.0	1195211362
JG0139d	6	134606774	N:TC[T>G]CT	1	593736.0	1195805098
JG0139d	6	134863759	N:TA[T>G]TA	1	256985.0	1196062083
JG0139d	6	135170012	N:AC[T>A]CT	1	306253.0	1196368336
JG0139d	6	135303241	T:TA[T>G]TT	1	133229.0	1196501565
JG0139d	6	135602134	N:TC[T>C]TT	1	298893.0	1196800458
JG0139d	6	135645035	N:CC[T>C]CG	-1	42901.0	1196843359
JG0139d	6	135645046	N:GA[T>A]CA	1	11.0	1196843370
JG0139d	6	135657835	N:AT[T>G]TG	1	12789.0	1196856159
JG0139d	6	135847017	N:TC[T>G]CA	1	189182.0	1197045341
JG0139d	6	135926937	U:GC[T>G]TG	1	79920.0	1197125261
JG0139d	6	135983689	U:CA[T>G]TT	1	56752.0	1197182013
JG0139d	6	136393484	T:TC[T>C]CA	1	409795.0	1197591808
JG0139d	6	136640292	U:TG[C>T]TT	-1	246808.0	1197838616
JG0139d	6	137003152	T:AA[T>G]CA	1	362860.0	1198201476
JG0139d	6	137090256	N:TG[T>G]GA	1	87104.0	1198288580
JG0139d	6	137194146	N:GC[T>C]GG	1	103890.0	1198392470
JG0139d	6	137390609	N:GC[T>C]TT	1	196463.0	1198588933
JG0139d	6	137763415	N:TC[T>G]TC	1	372806.0	1198961739
JG0139d	6	138273491	U:TC[T>G]TA	1	510076.0	1199471815
JG0139d	6	138603659	T:AC[T>G]TA	1	330168.0	1199801983
JG0139d	6	138907253	T:GC[T>C]TG	1	303594.0	1200105577
JG0139d	6	138943171	T:AC[T>A]TA	1	35918.0	1200141495
JG0139d	6	139179686	U:TC[T>A]TA	1	236515.0	1200378010
JG0139d	6	139510809	N:AC[T>G]TA	1	331123.0	1200709133
JG0139d	6	139971313	N:TG[T>G]TA	1	460504.0	1201169637
JG0139d	6	139971358	N:GC[T>C]TA	1	45.0	1201169682
JG0139d	6	140069915	N:CC[T>G]TT	1	98557.0	1201268239
JG0139d	6	140377930	N:TC[T>G]TC	1	308015.0	1201576254
JG0139d	6	140398783	N:AC[T>C]CA	1	20853.0	1201597107
JG0139d	6	140420659	N:GC[T>G]TA	1	21876.0	1201618983
JG0139d	6	140513131	N:TC[T>A]TT	1	92472.0	1201711455
JG0139d	6	140715104	N:TC[T>C]CT	1	201973.0	1201913428
JG0139d	6	141458455	N:TC[T>G]TA	1	743351.0	1202656779
JG0139d	6	143722905	U:AG[T>G]TC	1	2264450.0	1204921229
JG0139d	6	144210084	N:GC[T>C]GC	1	487179.0	1205408408
JG0139d	6	144351905	U:AC[T>A]CT	1	141821.0	1205550229
JG0139d	6	145561113	U:AC[T>G]TA	-1	1209208.0	1206759437
JG0139d	6	146309942	U:CT[T>G]AT	1	748829.0	1207508266
JG0139d	6	146468181	N:TA[T>G]TA	-1	158239.0	1207666505
JG0139d	6	146986412	N:AC[T>C]CC	-1	518231.0	1208184736
JG0139d	6	147257609	T:AC[T>G]TG	-1	271197.0	1208455933
JG0139d	6	147467628	N:TC[T>A]TA	1	210019.0	1208665952
JG0139d	6	147793034	N:AC[T>G]TA	-1	325406.0	1208991358
JG0139d	6	147793068	N:AC[T>C]TT	-1	34.0	1208991392
JG0139d	6	147928926	N:AC[T>C]TT	-1	135858.0	1209127250
JG0139d	6	148018704	N:TT[T>G]AA	1	89778.0	1209217028
JG0139d	6	148275274	N:AT[T>A]CT	1	256570.0	1209473598
JG0139d	6	148490842	U:TC[T>C]AT	1	215568.0	1209689166
JG0139d	6	148826510	U:AC[T>G]TT	1	335668.0	1210024834
JG0139d	6	149081776	N:AC[T>G]CA	1	255266.0	1210280100
JG0139d	6	149126862	N:AC[T>G]AT	1	45086.0	1210325186
JG0139d	6	149164485	N:TC[T>C]CC	1	37623.0	1210362809
JG0139d	6	149781327	T:GC[T>C]TG	-1	616842.0	1210979651
JG0139d	6	149947180	U:TG[T>G]CA	1	165853.0	1211145504
JG0139d	6	150948873	U:CC[T>G]CA	1	1001693.0	1212147197
JG0139d	6	151639938	N:AC[T>G]TT	1	691065.0	1212838262
JG0139d	6	151897574	U:CC[T>G]TA	1	257636.0	1213095898
JG0139d	6	152152225	T:TC[T>C]GG	1	254651.0	1213350549
JG0139d	6	152237049	T:AG[T>G]TA	1	84824.0	1213435373
JG0139d	6	152716638	T:TC[T>C]TG	-1	479589.0	1213914962
JG0139d	6	152772774	N:TC[T>G]TG	1	56136.0	1213971098
JG0139d	6	152959371	N:GC[T>G]TT	1	186597.0	1214157695
JG0139d	6	153202489	N:AG[T>G]CA	1	243118.0	1214400813
JG0139d	6	153404458	N:TC[T>C]CA	-1	201969.0	1214602782
JG0139d	6	153514846	N:AC[T>C]CA	-1	110388.0	1214713170
JG0139d	6	153618701	N:GA[C>A]TT	1	103855.0	1214817025
JG0139d	6	153631782	N:GG[T>C]GG	-1	13081.0	1214830106
JG0139d	6	154697418	N:GA[T>A]CT	1	1065636.0	1215895742
JG0139d	6	154721924	N:AC[T>C]TG	1	24506.0	1215920248
JG0139d	6	154816827	U:AC[T>G]TT	1	94903.0	1216015151
JG0139d	6	155619102	N:TC[T>G]TA	-1	802275.0	1216817426
JG0139d	6	155816690	N:AC[T>C]TG	-1	197588.0	1217015014
JG0139d	6	155945737	N:CC[T>A]CC	-1	129047.0	1217144061
JG0139d	6	156124649	N:TG[T>G]TT	-1	178912.0	1217322973
JG0139d	6	156164511	N:AC[T>A]TG	1	39862.0	1217362835
JG0139d	6	156547007	N:AG[T>G]TG	1	382496.0	1217745331
JG0139d	6	156941913	U:AC[T>C]CA	1	394906.0	1218140237
JG0139d	6	157308920	T:AC[T>G]CA	1	367007.0	1218507244
JG0139d	6	157372137	N:TT[T>G]TA	1	63217.0	1218570461
JG0139d	6	157709971	U:AC[T>C]GC	1	337834.0	1218908295
JG0139d	6	157723597	U:TC[T>G]TC	1	13626.0	1218921921
JG0139d	6	159057952	N:AA[T>G]TT	1	1334355.0	1220256276
JG0139d	6	159182810	U:AC[T>G]GA	1	124858.0	1220381134
JG0139d	6	159204004	U:AG[T>G]TT	1	21194.0	1220402328
JG0139d	6	159515259	N:GT[T>G]TT	1	311255.0	1220713583
JG0139d	6	159557005	N:TC[T>G]CC	-1	41746.0	1220755329
JG0139d	6	159563371	N:GC[T>C]TG	1	6366.0	1220761695
JG0139d	6	159613657	N:TC[T>G]TA	1	50286.0	1220811981
JG0139d	6	159624459	N:AT[T>G]TC	1	10802.0	1220822783
JG0139d	6	159787982	T:AG[T>G]CA	1	163523.0	1220986306
JG0139d	6	159956301	N:GA[C>A]CC	-1	168319.0	1221154625
JG0139d	6	160085947	U:TA[T>G]TG	1	129646.0	1221284271
JG0139d	6	160123812	T:TC[T>A]CA	-1	37865.0	1221322136
JG0139d	6	160183363	N:TC[T>C]TT	-1	59551.0	1221381687
JG0139d	6	160183365	N:AC[T>C]CT	-1	2.0	1221381689
JG0139d	6	160421515	T:AC[T>C]TT	-1	238150.0	1221619839
JG0139d	6	160595842	T:AC[T>G]TG	1	174327.0	1221794166
JG0139d	6	160747400	T:AG[T>C]CT	-1	151558.0	1221945724
JG0139d	6	160829881	N:AC[T>C]CT	1	82481.0	1222028205
JG0139d	6	160906483	N:AG[T>G]TA	1	76602.0	1222104807
JG0139d	6	160914348	N:TC[T>G]TG	-1	7865.0	1222112672
JG0139d	6	161143310	U:AC[T>C]TG	-1	228962.0	1222341634
JG0139d	6	161151845	U:GC[T>C]CG	-1	8535.0	1222350169
JG0139d	6	161230916	T:AG[T>G]CA	1	79071.0	1222429240
JG0139d	6	161239386	T:TC[T>G]GA	1	8470.0	1222437710
JG0139d	6	161254280	U:TC[T>C]TA	-1	14894.0	1222452604
JG0139d	6	161267672	U:TC[T>C]TG	-1	13392.0	1222465996
JG0139d	6	161286422	N:AG[T>G]TA	-1	18750.0	1222484746
JG0139d	6	161304929	N:CG[T>G]CA	-1	18507.0	1222503253
JG0139d	6	161526021	U:GC[T>G]TA	-1	221092.0	1222724345
JG0139d	6	161539608	U:AC[T>G]TA	-1	13587.0	1222737932
JG0139d	6	161691241	U:GG[T>C]TG	-1	151633.0	1222889565
JG0139d	6	161869601	T:AC[T>G]CA	1	178360.0	1223067925
JG0139d	6	161979555	U:TC[T>C]TG	-1	109954.0	1223177879
JG0139d	6	162208633	U:AC[T>G]TT	-1	229078.0	1223406957
JG0139d	6	162294689	U:AC[T>G]TA	-1	86056.0	1223493013
JG0139d	6	162847463	T:TA[T>G]CG	-1	552774.0	1224045787
JG0139d	6	162919991	T:GG[T>C]CA	-1	72528.0	1224118315
JG0139d	6	163090516	U:TC[T>G]TT	1	170525.0	1224288840
JG0139d	6	163332787	N:AC[T>C]CA	1	242271.0	1224531111
JG0139d	6	163588012	N:AC[T>C]CA	1	255225.0	1224786336
JG0139d	6	163752178	N:AC[T>G]TT	1	164166.0	1224950502
JG0139d	6	163794213	N:AC[T>G]TA	-1	42035.0	1224992537
JG0139d	6	163871572	N:AC[T>G]TA	-1	77359.0	1225069896
JG0139d	6	163902252	N:AC[T>C]TT	-1	30680.0	1225100576
JG0139d	6	164031455	N:TG[T>G]TT	-1	129203.0	1225229779
JG0139d	6	164034587	N:TC[T>C]CT	-1	3132.0	1225232911
JG0139d	6	164179959	N:AC[T>A]CA	-1	145372.0	1225378283
JG0139d	6	164246802	N:TC[T>A]CA	-1	66843.0	1225445126
JG0139d	6	164249575	N:GC[T>C]GC	-1	2773.0	1225447899
JG0139d	6	164436379	N:AC[T>G]TG	1	186804.0	1225634703
JG0139d	6	164913171	N:AC[T>G]TT	1	476792.0	1226111495
JG0139d	6	164918929	N:TC[T>G]TA	-1	5758.0	1226117253
JG0139d	6	165092793	N:TC[T>C]CA	-1	173864.0	1226291117
JG0139d	6	165098761	N:CC[T>A]TT	-1	5968.0	1226297085
JG0139d	6	165133910	N:TC[T>G]TA	-1	35149.0	1226332234
JG0139d	6	165222611	N:TC[T>C]TG	1	88701.0	1226420935
JG0139d	6	165240647	N:GC[T>C]TA	-1	18036.0	1226438971
JG0139d	6	165250342	N:TT[T>G]TA	1	9695.0	1226448666
JG0139d	6	165361096	U:TC[T>G]TC	-1	110754.0	1226559420
JG0139d	6	165446691	U:TC[T>A]CA	-1	85595.0	1226645015
JG0139d	6	165589878	U:AT[T>G]TT	-1	143187.0	1226788202
JG0139d	6	165702058	T:GG[T>C]CA	1	112180.0	1226900382
JG0139d	6	165738814	T:TT[T>G]TG	1	36756.0	1226937138
JG0139d	6	165749877	U:AC[T>C]GT	-1	11063.0	1226948201
JG0139d	6	165830098	T:TA[T>A]CT	1	80221.0	1227028422
JG0139d	6	165918365	U:TG[T>G]TA	-1	88267.0	1227116689
JG0139d	6	165962888	U:AT[T>C]TG	-1	44523.0	1227161212
JG0139d	6	166100960	N:TC[T>G]TG	1	138072.0	1227299284
JG0139d	6	166208783	N:TC[T>C]TG	1	107823.0	1227407107
JG0139d	6	167064488	N:TC[T>A]CC	1	855705.0	1228262812
JG0139d	6	167345624	N:AG[T>G]TG	1	281136.0	1228543948
JG0139d	6	167511663	N:CC[T>G]TG	1	166039.0	1228709987
JG0139d	6	167795503	N:GC[T>C]CG	1	283840.0	1228993827
JG0139d	6	167973444	N:TC[T>C]CA	-1	177941.0	1229171768
JG0139d	6	167998218	T:AC[T>C]CC	-1	24774.0	1229196542
JG0139d	6	168200728	N:AG[T>A]TA	1	202510.0	1229399052
JG0139d	6	168262188	N:CC[T>C]CG	1	61460.0	1229460512
JG0139d	6	168263417	N:GC[T>G]TG	-1	1229.0	1229461741
JG0139d	6	168536498	U:CC[T>A]CA	1	273081.0	1229734822
JG0139d	6	168820989	N:GC[T>G]CA	-1	284491.0	1230019313
JG0139d	6	169084746	N:AG[T>G]TA	-1	263757.0	1230283070
JG0139d	6	169222478	U:CG[T>A]TG	-1	137732.0	1230420802
JG0139d	6	169401755	N:TC[T>C]TA	1	179277.0	1230600079
JG0139d	6	169446806	U:TG[T>A]TA	-1	45051.0	1230645130
JG0139d	6	169466107	U:TC[T>C]CG	-1	19301.0	1230664431
JG0139d	6	169530048	U:AG[T>G]TG	-1	63941.0	1230728372
JG0139d	6	169795004	N:GC[T>C]TG	-1	264956.0	1230993328
JG0139d	6	169851164	N:AC[T>C]CA	-1	56160.0	1231049488
JG0139d	6	169867541	N:AC[T>G]TG	-1	16377.0	1231065865
JG0139d	6	169936105	N:CC[T>C]GC	-1	68564.0	1231134429
JG0139d	6	170189012	N:GA[T>G]TG	-1	252907.0	1231387336
JG0139d	6	170196726	N:TG[T>C]TT	-1	7714.0	1231395050
JG0139d	6	170453663	N:TC[T>C]CG	-1	256937.0	1231651987
JG0139d	7	270633	N:CC[C>G]TA	-1		1232274936
JG0139d	7	344748	N:GC[T>A]CA	1	74115.0	1232349051
JG0139d	7	387334	N:GG[T>C]CC	1	42586.0	1232391637
JG0139d	7	569045	T:AC[T>C]TT	1	181711.0	1232573348
JG0139d	7	630763	T:AC[T>G]CA	1	61718.0	1232635066
JG0139d	7	631465	T:CC[T>C]TG	1	702.0	1232635768
JG0139d	7	754065	U:CG[T>C]GT	1	122600.0	1232758368
JG0139d	7	1713915	U:GT[T>G]TA	1	959850.0	1233718218
JG0139d	7	1714972	U:CC[T>G]CA	1	1057.0	1233719275
JG0139d	7	1777269	N:GA[T>G]CT	1	62297.0	1233781572
JG0139d	7	2005108	T:GC[T>C]CG	1	227839.0	1234009411
JG0139d	7	2405336	U:AC[T>G]TA	1	400228.0	1234409639
JG0139d	7	2430144	U:TC[T>C]CA	1	24808.0	1234434447
JG0139d	7	2637859	U:CC[T>G]GA	1	207715.0	1234642162
JG0139d	7	2771142	T:AA[T>G]TA	1	133283.0	1234775445
JG0139d	7	2981423	T:TT[C>T]CC	1	210281.0	1234985726
JG0139d	7	3061454	N:AG[T>G]AG	1	80031.0	1235065757
JG0139d	7	3067268	N:TC[T>G]TG	1	5814.0	1235071571
JG0139d	7	3083679	N:AC[T>G]TT	1	16411.0	1235087982
JG0139d	7	3403147	U:GC[T>G]GG	1	319468.0	1235407450
JG0139d	7	3419229	U:GC[T>C]TA	1	16082.0	1235423532
JG0139d	7	3469530	U:GC[T>C]TG	1	50301.0	1235473833
JG0139d	7	3507210	U:AG[T>G]TC	1	37680.0	1235511513
JG0139d	7	3574184	U:TC[T>C]CG	1	66974.0	1235578487
JG0139d	7	3586858	U:AC[T>C]TG	1	12674.0	1235591161
JG0139d	7	3707201	U:AC[T>G]TT	1	120343.0	1235711504
JG0139d	7	3913280	U:TC[T>C]CT	1	206079.0	1235917583
JG0139d	7	3934281	U:TC[T>C]TT	1	21001.0	1235938584
JG0139d	7	4172801	U:AC[T>C]CC	1	238520.0	1236177104
JG0139d	7	4200087	U:AC[T>C]CC	1	27286.0	1236204390
JG0139d	7	4240598	U:TC[T>C]TG	1	40511.0	1236244901
JG0139d	7	4244834	U:TC[T>A]TG	1	4236.0	1236249137
JG0139d	7	4273603	N:TC[T>C]CA	1	28769.0	1236277906
JG0139d	7	4300474	N:CC[T>G]CG	1	26871.0	1236304777
JG0139d	7	4382291	N:CC[T>C]CA	1	81817.0	1236386594
JG0139d	7	4395920	N:CA[T>G]TT	1	13629.0	1236400223
JG0139d	7	4455642	N:AC[T>G]TA	1	59722.0	1236459945
JG0139d	7	4567819	N:AG[T>A]CT	-1	112177.0	1236572122
JG0139d	7	4741980	U:TC[T>G]TT	1	174161.0	1236746283
JG0139d	7	4896105	N:TG[T>C]TG	1	154125.0	1236900408
JG0139d	7	5104740	N:AC[T>G]GA	1	208635.0	1237109043
JG0139d	7	5520012	N:TC[T>G]TA	1	415272.0	1237524315
JG0139d	7	5571836	N:AC[T>G]TT	1	51824.0	1237576139
JG0139d	7	5908364	U:AC[T>G]TA	1	336528.0	1237912667
JG0139d	7	6313359	N:CC[T>G]CA	1	404995.0	1238317662
JG0139d	7	6324134	N:TC[T>C]CC	1	10775.0	1238328437
JG0139d	7	6352358	N:TC[T>G]TG	1	28224.0	1238356661
JG0139d	7	6400899	U:AC[T>C]CC	1	48541.0	1238405202
JG0139d	7	7051145	N:TT[T>G]TT	1	650246.0	1239055448
JG0139d	7	7084540	N:GG[T>G]TT	1	33395.0	1239088843
JG0139d	7	7375694	T:AC[T>G]TA	1	291154.0	1239379997
JG0139d	7	7418071	T:AC[T>A]TA	1	42377.0	1239422374
JG0139d	7	7781011	U:CC[T>G]TA	1	362940.0	1239785314
JG0139d	7	8164227	T:AC[T>G]TG	1	383216.0	1240168530
JG0139d	7	8250934	T:GC[T>A]CA	1	86707.0	1240255237
JG0139d	7	8459335	U:AG[T>G]TC	1	208401.0	1240463638
JG0139d	7	8512205	T:TC[T>G]TA	-1	52870.0	1240516508
JG0139d	7	8637151	U:TC[T>G]TT	1	124946.0	1240641454
JG0139d	7	8967514	N:TC[T>C]TG	1	330363.0	1240971817
JG0139d	7	9423940	N:TC[T>C]AG	1	456426.0	1241428243
JG0139d	7	9621697	N:AC[T>G]GC	1	197757.0	1241626000
JG0139d	7	9734559	N:AC[T>G]GA	1	112862.0	1241738862
JG0139d	7	9788053	N:AC[T>C]TG	1	53494.0	1241792356
JG0139d	7	9802150	N:AC[T>G]TT	1	14097.0	1241806453
JG0139d	7	9995188	N:AG[T>G]TG	1	193038.0	1241999491
JG0139d	7	9996120	N:AC[T>G]TG	1	932.0	1242000423
JG0139d	7	10180300	N:AC[T>C]TG	1	184180.0	1242184603
JG0139d	7	10223778	N:TC[T>C]CC	1	43478.0	1242228081
JG0139d	7	10328459	N:AC[T>G]TA	1	104681.0	1242332762
JG0139d	7	10745251	N:AC[T>G]AC	1	416792.0	1242749554
JG0139d	7	10837718	N:TA[T>A]CT	1	92467.0	1242842021
JG0139d	7	10839089	N:GT[T>G]TT	1	1371.0	1242843392
JG0139d	7	12122096	N:CG[T>G]TT	1	1283007.0	1244126399
JG0139d	7	12133397	N:TC[T>G]TT	1	11301.0	1244137700
JG0139d	7	12191530	N:AC[T>G]TA	1	58133.0	1244195833
JG0139d	7	12381192	T:AG[T>G]TA	1	189662.0	1244385495
JG0139d	7	12442880	N:AC[T>C]CT	1	61688.0	1244447183
JG0139d	7	12449581	N:AC[T>C]AA	1	6701.0	1244453884
JG0139d	7	12759166	N:AC[T>G]TC	1	309585.0	1244763469
JG0139d	7	12900407	N:AC[T>G]TA	1	141241.0	1244904710
JG0139d	7	13144668	N:AT[T>G]TA	1	244261.0	1245148971
JG0139d	7	13193297	N:TC[T>C]CC	1	48629.0	1245197600
JG0139d	7	13345540	N:TA[T>G]TC	1	152243.0	1245349843
JG0139d	7	13645711	N:AG[T>A]TG	1	300171.0	1245650014
JG0139d	7	13855785	N:AC[T>G]TG	1	210074.0	1245860088
JG0139d	7	13993881	N:TC[T>C]CA	1	138096.0	1245998184
JG0139d	7	14117046	N:TC[T>C]TA	1	123165.0	1246121349
JG0139d	7	14127644	N:TC[T>G]TA	1	10598.0	1246131947
JG0139d	7	14162495	T:TC[T>A]CA	1	34851.0	1246166798
JG0139d	7	14164486	T:AG[T>G]TA	1	1991.0	1246168789
JG0139d	7	14173451	T:AC[T>C]TG	1	8965.0	1246177754
JG0139d	7	14200421	T:AC[T>G]CA	1	26970.0	1246204724
JG0139d	7	14443178	T:AC[T>C]TG	1	242757.0	1246447481
JG0139d	7	14833622	T:AC[T>G]TT	1	390444.0	1246837925
JG0139d	7	14976350	N:TC[T>C]CA	1	142728.0	1246980653
JG0139d	7	15359563	T:TC[T>G]TA	1	383213.0	1247363866
JG0139d	7	15480302	T:TC[T>A]TC	1	120739.0	1247484605
JG0139d	7	15537850	T:TC[T>A]CC	1	57548.0	1247542153
JG0139d	7	15651016	T:AC[T>A]TA	1	113166.0	1247655319
JG0139d	7	15864296	N:TC[T>C]TG	1	213280.0	1247868599
JG0139d	7	15866126	N:AC[T>G]CA	1	1830.0	1247870429
JG0139d	7	16191640	T:TC[T>G]TA	1	325514.0	1248195943
JG0139d	7	16331762	T:TC[T>G]GA	1	140122.0	1248336065
JG0139d	7	16773804	U:TC[T>A]TA	1	442042.0	1248778107
JG0139d	7	17201597	U:TC[T>C]TC	1	427793.0	1249205900
JG0139d	7	17253736	U:TC[T>C]TG	1	52139.0	1249258039
JG0139d	7	17322599	U:TC[T>C]TA	1	68863.0	1249326902
JG0139d	7	17489958	N:TC[T>G]TT	1	167359.0	1249494261
JG0139d	7	17537806	N:TC[T>G]TA	1	47848.0	1249542109
JG0139d	7	17646385	N:AA[T>C]GG	-1	108579.0	1249650688
JG0139d	7	17804488	T:TC[T>G]TA	1	158103.0	1249808791
JG0139d	7	18191092	U:AC[T>G]CC	1	386604.0	1250195395
JG0139d	7	18317846	U:AC[T>G]TA	1	126754.0	1250322149
JG0139d	7	18871998	U:AC[C>G]TT	1	554152.0	1250876301
JG0139d	7	19772010	T:AC[T>G]TC	1	900012.0	1251776313
JG0139d	7	20921190	N:TC[T>C]GG	1	1149180.0	1252925493
JG0139d	7	20923396	N:GC[T>C]TT	1	2206.0	1252927699
JG0139d	7	21132044	N:AC[T>G]TA	1	208648.0	1253136347
JG0139d	7	21325009	N:TC[T>G]TA	1	192965.0	1253329312
JG0139d	7	21505462	U:AC[T>C]TT	1	180453.0	1253509765
JG0139d	7	21586289	U:TC[T>G]TG	1	80827.0	1253590592
JG0139d	7	21696753	U:GC[T>C]TG	1	110464.0	1253701056
JG0139d	7	21752507	U:TC[T>C]CA	1	55754.0	1253756810
JG0139d	7	21769552	U:TC[T>C]CG	1	17045.0	1253773855
JG0139d	7	21788850	U:AA[T>C]AT	1	19298.0	1253793153
JG0139d	7	21898601	U:AC[T>G]TA	1	109751.0	1253902904
JG0139d	7	21922878	T:AC[T>G]TT	1	24277.0	1253927181
JG0139d	7	23560325	N:GG[T>G]TA	1	1637447.0	1255564628
JG0139d	7	23891087	N:CC[T>A]CA	1	330762.0	1255895390
JG0139d	7	24282144	N:TT[C>T]TC	1	391057.0	1256286447
JG0139d	7	24517942	N:AC[T>C]GA	1	235798.0	1256522245
JG0139d	7	25024669	N:TC[T>C]GG	1	506727.0	1257028972
JG0139d	7	25162909	T:GA[T>G]TA	1	138240.0	1257167212
JG0139d	7	25254965	N:TC[T>C]CA	1	92056.0	1257259268
JG0139d	7	25540599	N:CC[T>C]CA	1	285634.0	1257544902
JG0139d	7	25554107	N:CC[T>C]CG	1	13508.0	1257558410
JG0139d	7	25578244	N:CC[T>G]CA	1	24137.0	1257582547
JG0139d	7	25969706	N:AC[T>G]TG	1	391462.0	1257974009
JG0139d	7	26517476	N:AC[T>G]TC	1	547770.0	1258521779
JG0139d	7	26638537	N:CC[T>G]TA	1	121061.0	1258642840
JG0139d	7	26689173	T:AC[T>G]TC	1	50636.0	1258693476
JG0139d	7	26959173	T:AC[T>G]CA	1	270000.0	1258963476
JG0139d	7	27403655	N:CC[T>G]CC	1	444482.0	1259407958
JG0139d	7	27646914	T:TC[T>G]TG	1	243259.0	1259651217
JG0139d	7	28084788	T:TG[T>G]TG	1	437874.0	1260089091
JG0139d	7	28328872	U:GC[T>C]CT	1	244084.0	1260333175
JG0139d	7	28796525	U:TC[T>C]CA	1	467653.0	1260800828
JG0139d	7	28841178	N:TC[T>G]TT	1	44653.0	1260845481
JG0139d	7	29650414	N:GC[T>A]CA	1	809236.0	1261654717
JG0139d	7	29717926	N:AC[T>G]TT	1	67512.0	1261722229
JG0139d	7	29976384	T:AC[T>C]CA	1	258458.0	1261980687
JG0139d	7	30094303	U:TC[T>G]TG	1	117919.0	1262098606
JG0139d	7	30176242	N:AA[T>G]TT	1	81939.0	1262180545
JG0139d	7	30230924	N:AC[T>G]GG	1	54682.0	1262235227
JG0139d	7	30390175	N:TC[T>C]TA	1	159251.0	1262394478
JG0139d	7	31023736	N:AG[T>G]CA	1	633561.0	1263028039
JG0139d	7	31026088	N:CC[T>C]CA	1	2352.0	1263030391
JG0139d	7	31106044	U:AC[T>G]TT	1	79956.0	1263110347
JG0139d	7	31313192	N:AA[T>C]TG	1	207148.0	1263317495
JG0139d	7	31397167	N:AC[T>C]TT	1	83975.0	1263401470
JG0139d	7	31516100	U:AC[T>A]TG	1	118933.0	1263520403
JG0139d	7	31614306	U:AG[T>G]TC	1	98206.0	1263618609
JG0139d	7	31683208	N:AG[T>A]TT	1	68902.0	1263687511
JG0139d	7	31685628	N:GG[T>C]TG	1	2420.0	1263689931
JG0139d	7	31710040	N:AC[T>C]CA	1	24412.0	1263714343
JG0139d	7	31790137	T:CC[T>G]TC	1	80097.0	1263794440
JG0139d	7	31846203	T:TG[T>G]TA	1	56066.0	1263850506
JG0139d	7	31862190	T:GC[T>G]TT	1	15987.0	1263866493
JG0139d	7	31884646	T:GC[T>G]TA	1	22456.0	1263888949
JG0139d	7	32135225	T:TC[T>C]CA	1	250579.0	1264139528
JG0139d	7	32142373	T:TG[T>A]CA	1	7148.0	1264146676
JG0139d	7	32188321	T:AT[T>G]TT	1	45948.0	1264192624
JG0139d	7	32325441	N:TC[T>C]CA	1	137120.0	1264329744
JG0139d	7	32358458	N:GC[T>G]CC	1	33017.0	1264362761
JG0139d	7	32379147	N:GC[T>C]CA	1	20689.0	1264383450
JG0139d	7	32424602	N:AC[T>G]TG	1	45455.0	1264428905
JG0139d	7	33567503	U:CC[T>G]TG	1	1142901.0	1265571806
JG0139d	7	33652622	N:TT[T>G]TA	1	85119.0	1265656925
JG0139d	7	33657570	N:TC[T>C]TG	1	4948.0	1265661873
JG0139d	7	33681860	N:TC[T>A]TA	1	24290.0	1265686163
JG0139d	7	33765070	N:AC[T>C]CT	1	83210.0	1265769373
JG0139d	7	33811175	N:GC[T>C]GA	1	46105.0	1265815478
JG0139d	7	33886261	N:GC[T>A]AG	-1	75086.0	1265890564
JG0139d	7	34076355	T:TA[C>A]TT	-1	190094.0	1266080658
JG0139d	7	34573910	N:CC[T>G]CC	1	497555.0	1266578213
JG0139d	7	34613090	N:AC[T>G]TG	1	39180.0	1266617393
JG0139d	7	34871379	U:TC[T>C]CC	1	258289.0	1266875682
JG0139d	7	34966030	T:TC[T>C]TT	1	94651.0	1266970333
JG0139d	7	35108919	N:TC[T>A]CA	1	142889.0	1267113222
JG0139d	7	35194689	N:AC[T>G]TG	1	85770.0	1267198992
JG0139d	7	35367908	N:AA[T>G]TG	1	173219.0	1267372211
JG0139d	7	35372411	N:GC[T>A]TG	1	4503.0	1267376714
JG0139d	7	36056775	N:CC[T>G]TA	1	684364.0	1268061078
JG0139d	7	36494150	N:TC[T>C]TT	1	437375.0	1268498453
JG0139d	7	36595654	T:AC[T>G]TA	1	101504.0	1268599957
JG0139d	7	36622697	T:GG[C>A]CT	1	27043.0	1268627000
JG0139d	7	36771022	N:TC[T>G]TG	1	148325.0	1268775325
JG0139d	7	37086525	T:AC[T>G]TG	1	315503.0	1269090828
JG0139d	7	37172255	T:TC[T>A]CA	1	85730.0	1269176558
JG0139d	7	37288075	T:CC[T>G]CA	1	115820.0	1269292378
JG0139d	7	37568651	N:TC[T>C]TA	1	280576.0	1269572954
JG0139d	7	37601400	N:AC[T>C]AA	1	32749.0	1269605703
JG0139d	7	37640789	N:TC[T>C]TG	1	39389.0	1269645092
JG0139d	7	37721289	U:TC[T>A]TG	1	80500.0	1269725592
JG0139d	7	37723991	U:AC[T>C]CA	1	2702.0	1269728294
JG0139d	7	37732334	U:AG[T>C]CA	1	8343.0	1269736637
JG0139d	7	37750026	U:GC[T>A]TA	1	17692.0	1269754329
JG0139d	7	37859795	U:TC[T>A]TG	1	109769.0	1269864098
JG0139d	7	37958278	T:GC[T>G]TA	1	98483.0	1269962581
JG0139d	7	38102457	N:CC[T>G]TG	1	144179.0	1270106760
JG0139d	7	38120595	N:AC[T>G]TA	1	18138.0	1270124898
JG0139d	7	38122811	N:AC[T>G]CA	1	2216.0	1270127114
JG0139d	7	38409092	T:GG[T>G]TT	1	286281.0	1270413395
JG0139d	7	38673962	N:CG[T>G]GA	1	264870.0	1270678265
JG0139d	7	38888596	T:AC[T>C]GT	1	214634.0	1270892899
JG0139d	7	39478799	N:AC[T>G]TT	1	590203.0	1271483102
JG0139d	7	39481039	N:GG[T>G]AT	1	2240.0	1271485342
JG0139d	7	39720716	N:AG[T>C]TT	1	239677.0	1271725019
JG0139d	7	39825055	N:AC[T>G]GA	1	104339.0	1271829358
JG0139d	7	39838152	N:TC[T>C]CA	1	13097.0	1271842455
JG0139d	7	39912669	N:TG[T>G]TA	1	74517.0	1271916972
JG0139d	7	40344147	U:TA[T>G]GG	1	431478.0	1272348450
JG0139d	7	40434890	U:AC[T>G]TG	1	90743.0	1272439193
JG0139d	7	40439662	U:TC[T>C]CA	1	4772.0	1272443965
JG0139d	7	40458459	U:AC[T>G]TC	1	18797.0	1272462762
JG0139d	7	40506853	U:AC[T>C]TT	1	48394.0	1272511156
JG0139d	7	40518816	U:AG[T>G]TA	1	11963.0	1272523119
JG0139d	7	40522325	U:AG[T>G]TT	1	3509.0	1272526628
JG0139d	7	40537266	U:AG[T>G]TC	1	14941.0	1272541569
JG0139d	7	40539648	U:TC[T>A]TT	1	2382.0	1272543951
JG0139d	7	40603313	U:TC[T>C]TT	1	63665.0	1272607616
JG0139d	7	40841155	U:AC[T>G]TA	1	237842.0	1272845458
JG0139d	7	40901169	N:TC[T>C]CA	1	60014.0	1272905472
JG0139d	7	40993908	N:AC[T>G]TT	1	92739.0	1272998211
JG0139d	7	41059340	N:TC[T>C]CT	1	65432.0	1273063643
JG0139d	7	41138934	N:AC[T>G]TG	1	79594.0	1273143237
JG0139d	7	41283171	N:TG[T>A]TG	1	144237.0	1273287474
JG0139d	7	41507510	N:GG[T>A]TA	1	224339.0	1273511813
JG0139d	7	41617764	N:GC[T>C]TG	1	110254.0	1273622067
JG0139d	7	41654285	N:AC[T>C]TC	-1	36521.0	1273658588
JG0139d	7	41669749	N:AG[T>A]TG	1	15464.0	1273674052
JG0139d	7	41728747	N:TC[T>G]TG	1	58998.0	1273733050
JG0139d	7	41770081	N:AC[T>G]TG	1	41334.0	1273774384
JG0139d	7	41780676	N:AC[T>G]CT	1	10595.0	1273784979
JG0139d	7	41784121	N:AC[T>C]TG	1	3445.0	1273788424
JG0139d	7	41824975	N:CC[T>G]TG	1	40854.0	1273829278
JG0139d	7	41895245	N:AC[T>G]TC	1	70270.0	1273899548
JG0139d	7	41904537	N:TC[T>A]CA	1	9292.0	1273908840
JG0139d	7	41929414	N:TC[T>G]TA	1	24877.0	1273933717
JG0139d	7	41945359	N:AC[T>C]TA	1	15945.0	1273949662
JG0139d	7	41994774	T:AC[T>C]TA	1	49415.0	1273999077
JG0139d	7	42008429	T:AC[T>C]TC	1	13655.0	1274012732
JG0139d	7	42059026	T:TC[T>C]CA	1	50597.0	1274063329
JG0139d	7	42075019	T:TC[T>A]TG	1	15993.0	1274079322
JG0139d	7	42128441	T:AC[T>C]TT	1	53422.0	1274132744
JG0139d	7	42399627	N:TC[T>C]GG	1	271186.0	1274403930
JG0139d	7	42400969	N:AG[T>C]TG	1	1342.0	1274405272
JG0139d	7	42408337	N:AC[T>C]TA	1	7368.0	1274412640
JG0139d	7	42695086	N:CC[T>C]TG	1	286749.0	1274699389
JG0139d	7	42728239	N:CC[T>G]TG	1	33153.0	1274732542
JG0139d	7	42743552	N:AC[T>G]CA	1	15313.0	1274747855
JG0139d	7	42745452	N:TC[T>A]TA	1	1900.0	1274749755
JG0139d	7	42790117	N:AC[T>G]CC	1	44665.0	1274794420
JG0139d	7	42790381	N:AC[T>G]TT	1	264.0	1274794684
JG0139d	7	42863224	N:TC[T>C]TT	1	72843.0	1274867527
JG0139d	7	42871043	N:GC[T>C]CA	1	7819.0	1274875346
JG0139d	7	42894615	N:AC[T>G]TA	1	23572.0	1274898918
JG0139d	7	42974372	N:AC[T>C]GC	1	79757.0	1274978675
JG0139d	7	43038086	N:GC[T>C]CA	1	63714.0	1275042389
JG0139d	7	43263428	U:TC[T>G]TG	1	225342.0	1275267731
JG0139d	7	43284209	U:TT[T>G]TC	1	20781.0	1275288512
JG0139d	7	43284212	U:TC[T>A]TT	1	3.0	1275288515
JG0139d	7	43326980	U:TG[T>G]TA	1	42768.0	1275331283
JG0139d	7	43365031	T:AG[T>C]GG	-1	38051.0	1275369334
JG0139d	7	43484203	U:TC[T>A]CA	1	119172.0	1275488506
JG0139d	7	44161258	T:GC[T>G]TC	1	677055.0	1276165561
JG0139d	7	44529733	T:AC[T>G]CA	1	368475.0	1276534036
JG0139d	7	44874242	N:AC[T>G]TA	1	344509.0	1276878545
JG0139d	7	45692165	T:GG[T>G]CC	-1	817923.0	1277696468
JG0139d	7	45917352	T:AC[T>G]TG	1	225187.0	1277921655
JG0139d	7	46102409	N:CT[C>A]CT	-1	185057.0	1278106712
JG0139d	7	46165548	N:CC[T>G]CA	1	63139.0	1278169851
JG0139d	7	46282859	N:TC[T>C]CA	-1	117311.0	1278287162
JG0139d	7	46361670	N:CA[T>C]CT	-1	78811.0	1278365973
JG0139d	7	46541440	N:AC[T>G]TA	1	179770.0	1278545743
JG0139d	7	46563744	N:AC[T>C]TA	1	22304.0	1278568047
JG0139d	7	46620172	N:TT[T>G]TC	1	56428.0	1278624475
JG0139d	7	46670603	N:CC[T>C]CA	-1	50431.0	1278674906
JG0139d	7	46683622	N:AC[T>A]TT	1	13019.0	1278687925
JG0139d	7	46810530	N:TC[T>A]TA	1	126908.0	1278814833
JG0139d	7	46885211	N:GC[T>C]TG	1	74681.0	1278889514
JG0139d	7	46953467	N:CC[T>C]AA	1	68256.0	1278957770
JG0139d	7	47031054	N:CC[T>G]CA	1	77587.0	1279035357
JG0139d	7	47060492	N:TC[T>G]CA	1	29438.0	1279064795
JG0139d	7	47174822	N:AG[T>G]TC	1	114330.0	1279179125
JG0139d	7	47186531	N:TC[T>C]TT	1	11709.0	1279190834
JG0139d	7	47374373	T:GC[T>C]CA	1	187842.0	1279378676
JG0139d	7	47431785	T:TC[T>G]TT	1	57412.0	1279436088
JG0139d	7	47633748	N:TC[T>G]CG	1	201963.0	1279638051
JG0139d	7	48119956	N:GG[C>T]AC	1	486208.0	1280124259
JG0139d	7	48155987	N:AC[T>C]TC	1	36031.0	1280160290
JG0139d	7	48276338	U:GC[T>C]TG	1	120351.0	1280280641
JG0139d	7	48418574	U:TG[T>G]TA	1	142236.0	1280422877
JG0139d	7	48447213	U:AC[T>G]TT	1	28639.0	1280451516
JG0139d	7	48627398	U:AC[T>G]TC	1	180185.0	1280631701
JG0139d	7	48668511	N:TA[T>G]TT	1	41113.0	1280672814
JG0139d	7	48963815	N:AG[T>G]TA	1	295304.0	1280968118
JG0139d	7	49093588	N:TG[T>C]CA	1	129773.0	1281097891
JG0139d	7	49179303	N:AC[T>A]TT	1	85715.0	1281183606
JG0139d	7	49208145	N:TC[T>A]TT	1	28842.0	1281212448
JG0139d	7	49216388	N:AC[T>C]TG	1	8243.0	1281220691
JG0139d	7	49338791	N:AC[T>A]AA	-1	122403.0	1281343094
JG0139d	7	49345730	N:AC[T>G]TC	1	6939.0	1281350033
JG0139d	7	49583674	N:TC[T>G]CA	1	237944.0	1281587977
JG0139d	7	49723099	N:AC[T>G]TG	1	139425.0	1281727402
JG0139d	7	49728430	N:AG[T>C]CT	1	5331.0	1281732733
JG0139d	7	49821036	U:GC[T>C]TG	1	92606.0	1281825339
JG0139d	7	49843263	U:TC[T>C]GG	1	22227.0	1281847566
JG0139d	7	49866426	U:TC[T>C]CA	1	23163.0	1281870729
JG0139d	7	49948035	U:CC[T>G]TT	-1	81609.0	1281952338
JG0139d	7	50100973	B:TC[T>G]TT	1	152938.0	1282105276
JG0139d	7	50262769	N:GC[T>C]TG	1	161796.0	1282267072
JG0139d	7	50308486	U:TC[T>G]TT	1	45717.0	1282312789
JG0139d	7	50352780	U:TT[T>C]TA	1	44294.0	1282357083
JG0139d	7	50373631	U:TC[T>C]CA	1	20851.0	1282377934
JG0139d	7	50427107	N:GC[T>G]TT	1	53476.0	1282431410
JG0139d	7	50508256	T:GC[T>A]CT	1	81149.0	1282512559
JG0139d	7	50509687	T:TC[T>C]TA	1	1431.0	1282513990
JG0139d	7	50513195	T:TC[T>A]CC	1	3508.0	1282517498
JG0139d	7	50667401	T:CC[T>G]TG	1	154206.0	1282671704
JG0139d	7	50689546	T:AC[T>C]TG	1	22145.0	1282693849
JG0139d	7	50765209	T:AC[T>C]CT	1	75663.0	1282769512
JG0139d	7	51034922	U:AC[T>G]TA	-1	269713.0	1283039225
JG0139d	7	51240775	T:CC[T>A]CA	1	205853.0	1283245078
JG0139d	7	51534048	N:AC[T>G]TA	1	293273.0	1283538351
JG0139d	7	51547338	N:GC[T>C]TA	1	13290.0	1283551641
JG0139d	7	51672296	N:AA[T>G]TT	1	124958.0	1283676599
JG0139d	7	52409928	N:TC[T>G]TA	1	737632.0	1284414231
JG0139d	7	52755845	N:GC[T>C]CA	1	345917.0	1284760148
JG0139d	7	52856445	N:AC[T>C]TA	1	100600.0	1284860748
JG0139d	7	52902025	N:AC[T>G]TT	1	45580.0	1284906328
JG0139d	7	53091064	N:TC[T>G]CA	1	189039.0	1285095367
JG0139d	7	53133100	N:AC[T>G]GT	1	42036.0	1285137403
JG0139d	7	53135711	N:GC[T>C]CC	-1	2611.0	1285140014
JG0139d	7	53162948	N:AC[T>G]TG	1	27237.0	1285167251
JG0139d	7	53177989	N:AC[T>G]TA	-1	15041.0	1285182292
JG0139d	7	53276330	N:GC[T>A]CA	1	98341.0	1285280633
JG0139d	7	53350634	N:GC[T>C]TG	1	74304.0	1285354937
JG0139d	7	53430176	N:AC[T>A]CA	1	79542.0	1285434479
JG0139d	7	53629828	N:AA[C>A]AA	-1	199652.0	1285634131
JG0139d	7	53629829	N:TG[T>G]TG	1	1.0	1285634132
JG0139d	7	53635740	N:GC[T>C]GA	1	5911.0	1285640043
JG0139d	7	53713889	N:CC[T>G]TC	1	78149.0	1285718192
JG0139d	7	53786190	N:GC[T>C]TG	1	72301.0	1285790493
JG0139d	7	54015917	N:AA[T>G]TG	1	229727.0	1286020220
JG0139d	7	54081321	N:AC[T>G]TT	1	65404.0	1286085624
JG0139d	7	54455667	N:GC[T>C]CG	1	374346.0	1286459970
JG0139d	7	54483310	N:AC[T>G]AA	-1	27643.0	1286487613
JG0139d	7	54620214	N:GC[T>C]TC	1	136904.0	1286624517
JG0139d	7	54662056	N:TC[T>G]TA	1	41842.0	1286666359
JG0139d	7	54793764	N:GG[T>G]GA	1	131708.0	1286798067
JG0139d	7	54885585	N:AC[T>C]CA	1	91821.0	1286889888
JG0139d	7	55063860	T:TC[T>C]TT	-1	178275.0	1287068163
JG0139d	7	55093832	U:GC[T>C]GC	1	29972.0	1287098135
JG0139d	7	55112063	U:CC[T>G]CA	1	18231.0	1287116366
JG0139d	7	55122841	U:TG[T>A]CA	1	10778.0	1287127144
JG0139d	7	55175668	U:AC[T>C]TA	1	52827.0	1287179971
JG0139d	7	55202059	U:AG[T>C]CT	1	26391.0	1287206362
JG0139d	7	55238805	N:GC[T>G]TT	1	36746.0	1287243108
JG0139d	7	55389076	U:CC[T>A]CC	1	150271.0	1287393379
JG0139d	7	55518008	T:CC[T>C]CG	1	128932.0	1287522311
JG0139d	7	55934620	U:CC[T>G]CA	1	416612.0	1287938923
JG0139d	7	56092206	T:TC[T>C]AC	1	157586.0	1288096509
JG0139d	7	56158633	N:TG[T>G]TA	1	66427.0	1288162936
JG0139d	7	56203649	N:AG[T>G]TA	1	45016.0	1288207952
JG0139d	7	56214526	N:AC[T>C]TT	1	10877.0	1288218829
JG0139d	7	56214944	N:GC[T>A]TG	1	418.0	1288219247
JG0139d	7	56225880	N:CC[T>A]CA	1	10936.0	1288230183
JG0139d	7	56255323	N:TC[T>C]TG	1	29443.0	1288259626
JG0139d	7	56583242	N:TC[T>A]CA	1	327919.0	1288587545
JG0139d	7	56593194	N:AC[T>G]TC	1	9952.0	1288597497
JG0139d	7	56627653	N:AC[T>A]CT	1	34459.0	1288631956
JG0139d	7	56673297	N:AC[T>G]TT	1	45644.0	1288677600
JG0139d	7	56810958	N:GG[T>A]CC	-1	137661.0	1288815261
JG0139d	7	56922585	N:CC[T>C]TT	1	111627.0	1288926888
JG0139d	7	57176454	N:TC[T>A]CA	1	253869.0	1289180757
JG0139d	7	57193992	N:TC[T>A]TG	-1	17538.0	1289198295
JG0139d	7	57685932	N:TC[T>C]GA	-1	491940.0	1289690235
JG0139d	7	57731446	N:TT[T>G]TA	-1	45514.0	1289735749
JG0139d	7	57816512	N:AC[T>C]TT	-1	85066.0	1289820815
JG0139d	7	57854868	N:CC[T>C]CA	1	38356.0	1289859171
JG0139d	7	61082361	N:TG[T>G]TA	-1	3227493.0	1293086664
JG0139d	7	61088263	N:TC[T>C]CA	-1	5902.0	1293092566
JG0139d	7	61094064	N:TC[T>G]TA	-1	5801.0	1293098367
JG0139d	7	61835736	N:TA[T>A]CC	1	741672.0	1293840039
JG0139d	7	61907973	N:AC[T>C]TT	1	72237.0	1293912276
JG0139d	7	62585842	N:TC[T>G]TT	-1	677869.0	1294590145
JG0139d	7	62665186	N:TC[T>A]CA	1	79344.0	1294669489
JG0139d	7	62746869	N:TG[T>C]TA	1	81683.0	1294751172
JG0139d	7	62765746	N:CC[T>A]TC	1	18877.0	1294770049
JG0139d	7	63031192	N:GC[T>C]CT	1	265446.0	1295035495
JG0139d	7	63082583	N:GC[T>C]TT	1	51391.0	1295086886
JG0139d	7	63849610	N:AA[T>G]TA	-1	767027.0	1295853913
JG0139d	7	63908862	N:TC[T>C]CC	1	59252.0	1295913165
JG0139d	7	64118529	N:GC[T>G]CA	1	209667.0	1296122832
JG0139d	7	64141447	N:TC[T>G]TG	1	22918.0	1296145750
JG0139d	7	64436579	N:AC[T>A]TG	1	295132.0	1296440882
JG0139d	7	64595627	N:GC[T>G]TG	1	159048.0	1296599930
JG0139d	7	64736562	N:AC[T>G]TG	1	140935.0	1296740865
JG0139d	7	64759417	N:AA[T>G]TA	1	22855.0	1296763720
JG0139d	7	64770447	N:AC[T>C]TG	1	11030.0	1296774750
JG0139d	7	64862693	N:CC[T>C]TG	1	92246.0	1296866996
JG0139d	7	64884007	N:GA[T>A]TG	1	21314.0	1296888310
JG0139d	7	64887330	N:TC[T>C]CA	1	3323.0	1296891633
JG0139d	7	64955741	N:GG[T>G]TA	1	68411.0	1296960044
JG0139d	7	66824675	N:AG[T>G]CA	1	1868934.0	1298828978
JG0139d	7	67699942	N:AC[T>C]TA	1	875267.0	1299704245
JG0139d	7	67797485	N:TC[T>C]TA	1	97543.0	1299801788
JG0139d	7	67854807	N:TC[T>A]TA	1	57322.0	1299859110
JG0139d	7	67861784	N:GC[T>C]CA	1	6977.0	1299866087
JG0139d	7	67910416	N:AA[T>G]TG	1	48632.0	1299914719
JG0139d	7	67931280	N:AC[T>C]CC	1	20864.0	1299935583
JG0139d	7	68028328	N:TG[T>G]CA	1	97048.0	1300032631
JG0139d	7	68073912	N:CC[T>G]CA	1	45584.0	1300078215
JG0139d	7	68150468	N:TG[T>G]TG	1	76556.0	1300154771
JG0139d	7	68187605	N:AA[C>T]AA	-1	37137.0	1300191908
JG0139d	7	68241814	N:AC[T>A]TT	1	54209.0	1300246117
JG0139d	7	68257533	N:AC[T>C]GT	1	15719.0	1300261836
JG0139d	7	68262023	N:AT[T>G]TC	1	4490.0	1300266326
JG0139d	7	68316520	N:AA[T>G]TT	-1	54497.0	1300320823
JG0139d	7	68533256	N:GG[T>A]GT	1	216736.0	1300537559
JG0139d	7	68622179	N:TC[T>A]CC	1	88923.0	1300626482
JG0139d	7	68685371	N:TC[T>C]TG	1	63192.0	1300689674
JG0139d	7	68747053	N:TC[T>C]CC	1	61682.0	1300751356
JG0139d	7	68797136	N:TC[T>C]GA	1	50083.0	1300801439
JG0139d	7	68852468	N:TC[T>A]CA	1	55332.0	1300856771
JG0139d	7	68883370	N:TT[T>C]TA	1	30902.0	1300887673
JG0139d	7	68918195	N:CC[T>C]CA	1	34825.0	1300922498
JG0139d	7	69036425	N:CC[T>C]TA	1	118230.0	1301040728
JG0139d	7	69067516	N:GC[T>G]CC	1	31091.0	1301071819
JG0139d	7	69080843	N:TC[T>C]TG	1	13327.0	1301085146
JG0139d	7	69093021	N:AC[T>G]TG	1	12178.0	1301097324
JG0139d	7	69098100	N:GG[T>A]CC	1	5079.0	1301102403
JG0139d	7	69162907	N:GT[T>A]TA	1	64807.0	1301167210
JG0139d	7	69179533	N:AC[T>G]TC	1	16626.0	1301183836
JG0139d	7	69340740	N:TC[T>C]CG	1	161207.0	1301345043
JG0139d	7	69386764	N:TC[T>C]CG	1	46024.0	1301391067
JG0139d	7	69390182	N:AC[T>G]TG	1	3418.0	1301394485
JG0139d	7	69411372	N:GC[T>G]GG	1	21190.0	1301415675
JG0139d	7	69474428	N:AC[T>G]TT	1	63056.0	1301478731
JG0139d	7	69805604	U:TC[T>G]TA	1	331176.0	1301809907
JG0139d	7	69949444	U:AC[T>C]TA	1	143840.0	1301953747
JG0139d	7	70145752	U:GC[T>G]TG	1	196308.0	1302150055
JG0139d	7	70146072	U:TC[T>A]TA	1	320.0	1302150375
JG0139d	7	70212334	U:AC[T>G]CA	1	66262.0	1302216637
JG0139d	7	70345696	U:CC[T>G]TA	1	133362.0	1302349999
JG0139d	7	70379009	U:TC[T>G]TA	1	33313.0	1302383312
JG0139d	7	70537633	U:TC[T>C]CA	1	158624.0	1302541936
JG0139d	7	70677078	U:TC[T>G]TT	1	139445.0	1302681381
JG0139d	7	70908734	N:CG[T>G]TG	1	231656.0	1302913037
JG0139d	7	70935826	N:GC[T>C]CA	1	27092.0	1302940129
JG0139d	7	71073249	N:AC[T>C]CT	1	137423.0	1303077552
JG0139d	7	71130180	N:GG[T>C]CA	1	56931.0	1303134483
JG0139d	7	71154178	U:GC[T>C]TC	1	23998.0	1303158481
JG0139d	7	71210932	U:AC[T>C]CA	1	56754.0	1303215235
JG0139d	7	71363934	U:GG[T>G]TA	1	153002.0	1303368237
JG0139d	7	71413192	U:GC[T>C]CA	1	49258.0	1303417495
JG0139d	7	71424078	U:GC[T>G]CA	1	10886.0	1303428381
JG0139d	7	71528051	U:AC[T>G]TA	1	103973.0	1303532354
JG0139d	7	71610379	U:AC[T>C]CA	1	82328.0	1303614682
JG0139d	7	71636157	U:TC[T>C]TT	1	25778.0	1303640460
JG0139d	7	71653657	U:CC[T>C]TG	1	17500.0	1303657960
JG0139d	7	71658157	U:CC[T>A]CA	1	4500.0	1303662460
JG0139d	7	71713733	N:TC[T>C]TG	1	55576.0	1303718036
JG0139d	7	71762966	N:TC[T>C]TA	1	49233.0	1303767269
JG0139d	7	71781143	T:AC[T>C]CC	1	18177.0	1303785446
JG0139d	7	71787998	T:CC[T>C]CA	1	6855.0	1303792301
JG0139d	7	71818588	T:AC[T>G]TG	1	30590.0	1303822891
JG0139d	7	71833035	T:GG[T>C]TT	1	14447.0	1303837338
JG0139d	7	71857356	T:AA[T>G]TC	1	24321.0	1303861659
JG0139d	7	71859528	T:CC[T>C]TG	1	2172.0	1303863831
JG0139d	7	71881065	T:AC[T>G]TG	1	21537.0	1303885368
JG0139d	7	71888688	T:TC[T>C]AG	1	7623.0	1303892991
JG0139d	7	72059565	U:TC[T>C]TT	-1	170877.0	1304063868
JG0139d	7	72085156	T:TC[T>G]CA	1	25591.0	1304089459
JG0139d	7	72091997	U:TT[T>G]TT	-1	6841.0	1304096300
JG0139d	7	72137115	T:GC[T>G]TG	1	45118.0	1304141418
JG0139d	7	72141819	T:TC[T>A]TG	1	4704.0	1304146122
JG0139d	7	72283313	T:TG[T>C]CA	1	141494.0	1304287616
JG0139d	7	72406432	T:TC[T>A]CA	1	123119.0	1304410735
JG0139d	7	72406560	T:AG[T>C]CT	1	128.0	1304410863
JG0139d	7	72523230	N:TC[T>A]TA	1	116670.0	1304527533
JG0139d	7	72580090	T:AC[T>A]TG	1	56860.0	1304584393
JG0139d	7	73502161	T:GA[T>G]TA	1	922071.0	1305506464
JG0139d	7	74042783	U:CC[T>G]CA	1	540622.0	1306047086
JG0139d	7	76788747	N:TC[T>G]TC	1	2745964.0	1308793050
JG0139d	7	77195772	B:CC[T>G]CA	1	407025.0	1309200075
JG0139d	7	77460386	N:GC[T>G]TA	1	264614.0	1309464689
JG0139d	7	77521199	N:AC[T>G]CA	1	60813.0	1309525502
JG0139d	7	77828593	U:AC[T>G]TG	1	307394.0	1309832896
JG0139d	7	77906673	U:AC[T>G]TC	1	78080.0	1309910976
JG0139d	7	77980380	N:AC[T>G]TT	1	73707.0	1309984683
JG0139d	7	78005435	N:AC[T>G]TG	1	25055.0	1310009738
JG0139d	7	78254570	T:AG[T>C]AC	1	249135.0	1310258873
JG0139d	7	78323357	U:AA[T>G]TG	-1	68787.0	1310327660
JG0139d	7	78341116	U:CC[T>C]GA	-1	17759.0	1310345419
JG0139d	7	78581738	T:GC[T>G]TA	1	240622.0	1310586041
JG0139d	7	78657937	T:GC[T>G]CA	1	76199.0	1310662240
JG0139d	7	78676943	T:AC[T>G]CA	1	19006.0	1310681246
JG0139d	7	78849129	T:AC[T>G]TC	1	172186.0	1310853432
JG0139d	7	78961772	T:GC[T>G]TA	1	112643.0	1310966075
JG0139d	7	79044980	T:AC[T>A]TG	1	83208.0	1311049283
JG0139d	7	79180706	T:AC[T>C]CA	1	135726.0	1311185009
JG0139d	7	79212360	T:TC[T>G]TA	1	31654.0	1311216663
JG0139d	7	79244976	T:CC[T>G]CT	1	32616.0	1311249279
JG0139d	7	79904512	U:AG[T>G]TA	1	659536.0	1311908815
JG0139d	7	80066790	U:TG[T>G]CC	1	162278.0	1312071093
JG0139d	7	80295043	N:AC[T>G]TA	1	228253.0	1312299346
JG0139d	7	80845154	U:TC[T>G]TA	-1	550111.0	1312849457
JG0139d	7	80943805	N:AA[T>G]TG	1	98651.0	1312948108
JG0139d	7	81207845	N:AG[T>G]CT	1	264040.0	1313212148
JG0139d	7	81317748	N:AA[T>G]TA	1	109903.0	1313322051
JG0139d	7	81331883	N:TC[T>C]GC	1	14135.0	1313336186
JG0139d	7	81372939	N:GC[T>C]TA	1	41056.0	1313377242
JG0139d	7	81594517	N:TC[T>C]CA	1	221578.0	1313598820
JG0139d	7	81889623	N:AC[T>G]TC	1	295106.0	1313893926
JG0139d	7	82687529	N:AC[T>C]GT	1	797906.0	1314691832
JG0139d	7	83034413	T:AC[T>A]CC	1	346884.0	1315038716
JG0139d	7	83061331	T:GC[T>C]TA	1	26918.0	1315065634
JG0139d	7	83120821	T:TC[T>G]TA	1	59490.0	1315125124
JG0139d	7	83709440	N:AC[T>G]TA	1	588619.0	1315713743
JG0139d	7	84328158	T:TC[T>G]TT	1	618718.0	1316332461
JG0139d	7	84563816	N:AC[T>G]TA	1	235658.0	1316568119
JG0139d	7	84613197	N:AC[T>G]TG	1	49381.0	1316617500
JG0139d	7	84737741	N:AT[T>G]TA	1	124544.0	1316742044
JG0139d	7	84874267	N:AC[T>A]TG	1	136526.0	1316878570
JG0139d	7	84961139	N:TC[T>C]TC	1	86872.0	1316965442
JG0139d	7	85246556	N:TT[T>G]TA	-1	285417.0	1317250859
JG0139d	7	85249060	N:CC[T>G]CT	-1	2504.0	1317253363
JG0139d	7	85318764	N:TC[T>C]CA	1	69704.0	1317323067
JG0139d	7	85369585	N:TC[T>A]CA	1	50821.0	1317373888
JG0139d	7	85687479	N:AC[T>G]TA	1	317894.0	1317691782
JG0139d	7	85687806	N:GC[T>G]TA	1	327.0	1317692109
JG0139d	7	85762636	N:TC[T>A]GT	1	74830.0	1317766939
JG0139d	7	85995358	N:AG[T>G]TT	1	232722.0	1317999661
JG0139d	7	86053655	N:GC[T>G]TG	1	58297.0	1318057958
JG0139d	7	86242628	N:TC[T>G]TA	1	188973.0	1318246931
JG0139d	7	86313077	N:CC[T>G]TG	1	70449.0	1318317380
JG0139d	7	86495637	N:TG[T>A]TA	1	182560.0	1318499940
JG0139d	7	86532113	N:TC[T>G]TG	1	36476.0	1318536416
JG0139d	7	86662757	U:CC[T>G]TC	1	130644.0	1318667060
JG0139d	7	86791367	U:AC[T>A]TC	1	128610.0	1318795670
JG0139d	7	86791561	U:GC[T>C]CG	1	194.0	1318795864
JG0139d	7	86798772	U:TC[T>C]CA	1	7211.0	1318803075
JG0139d	7	86815692	U:AC[T>G]TA	1	16920.0	1318819995
JG0139d	7	86821385	U:AC[T>G]CA	1	5693.0	1318825688
JG0139d	7	86831363	U:AC[T>G]TA	1	9978.0	1318835666
JG0139d	7	87245706	N:GC[T>C]CG	1	414343.0	1319250009
JG0139d	7	87296991	N:AG[T>G]TA	1	51285.0	1319301294
JG0139d	7	87463986	T:TC[T>G]TA	1	166995.0	1319468289
JG0139d	7	87585579	T:TC[T>A]CC	1	121593.0	1319589882
JG0139d	7	87795095	T:GC[T>A]TG	-1	209516.0	1319799398
JG0139d	7	87892994	U:TC[T>G]GC	1	97899.0	1319897297
JG0139d	7	88718725	N:TC[T>C]TG	1	825731.0	1320723028
JG0139d	7	88763317	T:TC[T>C]CA	-1	44592.0	1320767620
JG0139d	7	89056452	U:TC[T>A]TA	1	293135.0	1321060755
JG0139d	7	89109859	U:AC[T>G]AG	1	53407.0	1321114162
JG0139d	7	89182224	U:AA[T>G]TG	1	72365.0	1321186527
JG0139d	7	89605381	N:CC[T>G]TA	1	423157.0	1321609684
JG0139d	7	89694515	N:CT[T>G]GA	1	89134.0	1321698818
JG0139d	7	89704850	N:AC[T>G]GA	1	10335.0	1321709153
JG0139d	7	90428487	N:TC[T>C]CG	1	723637.0	1322432790
JG0139d	7	90536769	U:GG[T>G]TT	1	108282.0	1322541072
JG0139d	7	90714918	T:TC[T>G]TA	-1	178149.0	1322719221
JG0139d	7	90814806	U:AC[T>G]TA	1	99888.0	1322819109
JG0139d	7	90850508	U:AC[T>G]TA	1	35702.0	1322854811
JG0139d	7	90884634	U:TC[T>C]TA	1	34126.0	1322888937
JG0139d	7	90930930	U:AC[T>G]TG	1	46296.0	1322935233
JG0139d	7	91045901	U:TC[T>C]TG	1	114971.0	1323050204
JG0139d	7	91069894	U:AC[T>A]CA	1	23993.0	1323074197
JG0139d	7	91098809	U:TC[T>G]TC	1	28915.0	1323103112
JG0139d	7	91565095	N:TC[T>C]TA	-1	466286.0	1323569398
JG0139d	7	91714862	N:AC[T>C]CA	1	149767.0	1323719165
JG0139d	7	91867678	N:AC[T>C]CA	1	152816.0	1323871981
JG0139d	7	92426988	N:TC[T>G]TA	1	559310.0	1324431291
JG0139d	7	92758455	T:CC[T>A]CA	1	331467.0	1324762758
JG0139d	7	92780244	T:GA[T>G]TA	1	21789.0	1324784547
JG0139d	7	92852415	N:TC[T>G]CA	1	72171.0	1324856718
JG0139d	7	92907593	N:AT[T>G]TT	1	55178.0	1324911896
JG0139d	7	92909946	N:GC[T>G]TA	1	2353.0	1324914249
JG0139d	7	92987136	N:AC[T>G]TC	1	77190.0	1324991439
JG0139d	7	93015942	N:TC[T>A]TC	1	28806.0	1325020245
JG0139d	7	93129359	N:AC[T>G]TC	1	113417.0	1325133662
JG0139d	7	93448144	T:AC[T>G]TA	1	318785.0	1325452447
JG0139d	7	93457227	T:CC[T>G]TG	1	9083.0	1325461530
JG0139d	7	93845456	U:CC[T>C]GA	1	388229.0	1325849759
JG0139d	7	93850408	U:AC[T>C]CA	1	4952.0	1325854711
JG0139d	7	93926260	U:TG[T>G]TT	1	75852.0	1325930563
JG0139d	7	93939304	N:AC[T>C]CA	1	13044.0	1325943607
JG0139d	7	93965041	N:TC[T>A]CA	1	25737.0	1325969344
JG0139d	7	94016870	N:TC[C>A]TA	1	51829.0	1326021173
JG0139d	7	94051890	N:TC[T>A]CA	1	35020.0	1326056193
JG0139d	7	94071562	N:TC[T>G]TA	1	19672.0	1326075865
JG0139d	7	94243110	N:GG[T>G]TA	1	171548.0	1326247413
JG0139d	7	94981715	U:TC[T>C]TG	1	738605.0	1326986018
JG0139d	7	95132251	U:CC[T>C]TA	1	150536.0	1327136554
JG0139d	7	95813450	U:AC[T>G]TG	1	681199.0	1327817753
JG0139d	7	95969063	U:GC[T>C]GT	1	155613.0	1327973366
JG0139d	7	95972581	U:GG[T>C]TT	1	3518.0	1327976884
JG0139d	7	96257437	T:AC[T>G]TC	1	284856.0	1328261740
JG0139d	7	96618171	N:TG[T>G]TG	1	360734.0	1328622474
JG0139d	7	96731055	N:CC[T>A]CT	1	112884.0	1328735358
JG0139d	7	96820815	N:GG[T>G]AA	1	89760.0	1328825118
JG0139d	7	97310884	N:TG[T>G]TA	-1	490069.0	1329315187
JG0139d	7	97489937	N:AG[T>C]TA	1	179053.0	1329494240
JG0139d	7	97540907	N:AC[T>G]TT	1	50970.0	1329545210
JG0139d	7	97692733	N:AC[T>C]TT	1	151826.0	1329697036
JG0139d	7	97694813	N:AT[T>G]TA	1	2080.0	1329699116
JG0139d	7	97743676	N:AC[T>G]TA	1	48863.0	1329747979
JG0139d	7	97774208	N:TC[T>A]CC	1	30532.0	1329778511
JG0139d	7	97781669	N:GC[T>G]TA	1	7461.0	1329785972
JG0139d	7	97784157	N:TC[T>G]TA	1	2488.0	1329788460
JG0139d	7	97835756	N:GC[T>G]CA	1	51599.0	1329840059
JG0139d	7	97873772	N:GC[T>G]TG	1	38016.0	1329878075
JG0139d	7	97923372	N:AC[T>C]TG	1	49600.0	1329927675
JG0139d	7	98055202	N:GC[T>C]TA	1	131830.0	1330059505
JG0139d	7	98096342	N:AT[T>G]TA	1	41140.0	1330100645
JG0139d	7	98710885	N:GC[T>C]TG	1	614543.0	1330715188
JG0139d	7	98741757	N:TC[T>C]CA	1	30872.0	1330746060
JG0139d	7	98855367	T:GA[T>A]TG	1	113610.0	1330859670
JG0139d	7	98858315	U:CC[T>C]CC	-1	2948.0	1330862618
JG0139d	7	99003571	U:CC[T>G]CA	1	145256.0	1331007874
JG0139d	7	99938958	N:TC[T>G]TA	1	935387.0	1331943261
JG0139d	7	100168307	T:TC[C>T]CC	1	229349.0	1332172610
JG0139d	7	100573402	T:GC[T>C]GG	1	405095.0	1332577705
JG0139d	7	100941432	N:AC[T>A]GG	-1	368030.0	1332945735
JG0139d	7	101164308	T:TC[T>G]CC	1	222876.0	1333168611
JG0139d	7	101223873	U:AC[T>C]CC	1	59565.0	1333228176
JG0139d	7	101366132	T:CC[C>T]CA	-1	142259.0	1333370435
JG0139d	7	101559778	N:CC[T>G]CA	1	193646.0	1333564081
JG0139d	7	101930592	U:AG[T>G]GA	1	370814.0	1333934895
JG0139d	7	102020191	U:AC[T>G]TG	1	89599.0	1334024494
JG0139d	7	102869279	T:TC[T>G]TC	1	849088.0	1334873582
JG0139d	7	103708300	T:TC[T>C]TG	1	839021.0	1335712603
JG0139d	7	104347559	U:AC[T>G]CA	1	639259.0	1336351862
JG0139d	7	104468909	U:CC[T>C]CT	1	121350.0	1336473212
JG0139d	7	104532411	U:AC[T>G]TG	1	63502.0	1336536714
JG0139d	7	105308853	T:TC[T>A]CT	1	776442.0	1337313156
JG0139d	7	105407989	N:CC[T>G]CG	1	99136.0	1337412292
JG0139d	7	106383062	N:CC[T>G]CA	1	975073.0	1338387365
JG0139d	7	106548262	N:TC[T>C]TG	1	165200.0	1338552565
JG0139d	7	106677078	N:AC[T>G]TT	1	128816.0	1338681381
JG0139d	7	107282549	T:GG[T>A]TT	1	605471.0	1339286852
JG0139d	7	108261134	T:AC[T>C]TG	1	978585.0	1340265437
JG0139d	7	108409990	T:AC[T>G]TA	1	148856.0	1340414293
JG0139d	7	108970187	N:AC[T>A]TA	1	560197.0	1340974490
JG0139d	7	109104462	N:GC[T>G]TT	1	134275.0	1341108765
JG0139d	7	109196151	N:GG[T>G]TT	-1	91689.0	1341200454
JG0139d	7	109238200	N:TG[T>C]TG	1	42049.0	1341242503
JG0139d	7	109306883	N:TC[T>G]TG	1	68683.0	1341311186
JG0139d	7	109593950	N:AC[T>C]TG	-1	287067.0	1341598253
JG0139d	7	109837614	N:AC[T>G]TG	1	243664.0	1341841917
JG0139d	7	109861367	N:AC[T>G]TA	1	23753.0	1341865670
JG0139d	7	110003408	N:TC[T>C]CA	-1	142041.0	1342007711
JG0139d	7	110004795	N:AG[T>G]TT	1	1387.0	1342009098
JG0139d	7	110016047	N:AC[T>C]TA	1	11252.0	1342020350
JG0139d	7	110120027	N:GC[T>C]TG	1	103980.0	1342124330
JG0139d	7	110131921	N:AC[T>G]TA	1	11894.0	1342136224
JG0139d	7	110171619	N:TC[T>C]TA	1	39698.0	1342175922
JG0139d	7	110333229	N:AC[T>G]CA	1	161610.0	1342337532
JG0139d	7	110375926	N:AC[T>G]TG	1	42697.0	1342380229
JG0139d	7	111181846	T:TC[T>G]TA	1	805920.0	1343186149
JG0139d	7	111629290	N:TC[T>G]TT	1	447444.0	1343633593
JG0139d	7	111660112	N:AC[T>G]TG	1	30822.0	1343664415
JG0139d	7	111683523	N:AC[T>G]TA	1	23411.0	1343687826
JG0139d	7	111739004	T:TC[T>G]TC	1	55481.0	1343743307
JG0139d	7	111777937	T:TC[T>C]CA	1	38933.0	1343782240
JG0139d	7	111820266	T:AG[T>G]TC	1	42329.0	1343824569
JG0139d	7	112011082	T:GC[T>C]CA	1	190816.0	1344015385
JG0139d	7	112052017	T:AG[T>G]TC	1	40935.0	1344056320
JG0139d	7	112701247	N:AC[T>C]CA	1	649230.0	1344705550
JG0139d	7	112762649	T:AC[T>C]TC	1	61402.0	1344766952
JG0139d	7	112878294	U:CC[T>C]TG	-1	115645.0	1344882597
JG0139d	7	113020626	N:AC[T>C]TC	1	142332.0	1345024929
JG0139d	7	113100660	N:AC[T>G]TG	1	80034.0	1345104963
JG0139d	7	113225031	N:TC[T>C]AC	1	124371.0	1345229334
JG0139d	7	113239969	N:TC[T>A]TG	1	14938.0	1345244272
JG0139d	7	113305720	N:CC[T>C]TA	1	65751.0	1345310023
JG0139d	7	113520002	N:TG[T>G]TA	1	214282.0	1345524305
JG0139d	7	113533445	N:GG[T>G]TC	1	13443.0	1345537748
JG0139d	7	113691876	N:AT[T>G]TA	-1	158431.0	1345696179
JG0139d	7	113721477	N:TC[T>G]TG	1	29601.0	1345725780
JG0139d	7	114276206	U:GC[T>C]GG	1	554729.0	1346280509
JG0139d	7	114279461	U:AC[T>A]TG	1	3255.0	1346283764
JG0139d	7	114523976	U:AC[T>G]TT	1	244515.0	1346528279
JG0139d	7	114590978	U:TC[T>C]TA	1	67002.0	1346595281
JG0139d	7	114795927	N:CT[T>C]CT	1	204949.0	1346800230
JG0139d	7	115036658	N:AC[T>C]TT	1	240731.0	1347040961
JG0139d	7	115190540	N:TC[T>G]GT	-1	153882.0	1347194843
JG0139d	7	115223380	N:GC[T>G]TA	1	32840.0	1347227683
JG0139d	7	115347328	N:TC[T>G]TA	1	123948.0	1347351631
JG0139d	7	115351644	N:AC[T>G]TA	1	4316.0	1347355947
JG0139d	7	115357948	N:AG[T>G]TG	1	6304.0	1347362251
JG0139d	7	115506772	N:GC[T>A]GT	1	148824.0	1347511075
JG0139d	7	115570672	N:AC[T>G]TA	1	63900.0	1347574975
JG0139d	7	115586197	N:GC[T>G]TT	1	15525.0	1347590500
JG0139d	7	115692622	N:AG[T>G]CA	1	106425.0	1347696925
JG0139d	7	115813761	N:AC[T>G]CA	1	121139.0	1347818064
JG0139d	7	115900621	N:AC[T>C]AC	1	86860.0	1347904924
JG0139d	7	116009822	T:GC[T>G]TA	1	109201.0	1348014125
JG0139d	7	116207610	N:AC[T>C]CT	1	197788.0	1348211913
JG0139d	7	116759331	U:TC[T>C]TA	1	551721.0	1348763634
JG0139d	7	117339445	N:GC[T>G]TA	1	580114.0	1349343748
JG0139d	7	117447266	N:AC[T>G]TT	1	107821.0	1349451569
JG0139d	7	117447632	N:GC[T>G]TT	1	366.0	1349451935
JG0139d	7	117472905	N:AA[C>A]AG	1	25273.0	1349477208
JG0139d	7	117523170	U:AC[T>C]CA	1	50265.0	1349527473
JG0139d	7	117606743	T:AG[T>G]CA	-1	83573.0	1349611046
JG0139d	7	118105163	N:TC[T>G]TA	1	498420.0	1350109466
JG0139d	7	118459947	N:AA[T>G]TC	1	354784.0	1350464250
JG0139d	7	118523892	N:AC[T>G]TA	1	63945.0	1350528195
JG0139d	7	118599290	N:AC[T>G]TG	1	75398.0	1350603593
JG0139d	7	118720966	N:AC[T>A]CC	1	121676.0	1350725269
JG0139d	7	119957712	N:TC[T>C]GG	-1	1236746.0	1351962015
JG0139d	7	120009531	N:AC[T>C]CT	1	51819.0	1352013834
JG0139d	7	120901795	N:TC[T>A]TA	1	892264.0	1352906098
JG0139d	7	120914628	N:TC[T>C]TG	1	12833.0	1352918931
JG0139d	7	121039906	U:TC[T>C]TG	1	125278.0	1353044209
JG0139d	7	121078271	U:TC[T>G]TG	1	38365.0	1353082574
JG0139d	7	122421002	U:GA[T>C]AT	-1	1342731.0	1354425305
JG0139d	7	122933020	N:AT[T>G]TT	1	512018.0	1354937323
JG0139d	7	123049928	N:AA[T>C]CA	1	116908.0	1355054231
JG0139d	7	123059386	N:AC[T>C]CT	1	9458.0	1355063689
JG0139d	7	123186542	T:AC[T>C]CC	1	127156.0	1355190845
JG0139d	7	123359406	N:AG[T>G]CA	1	172864.0	1355363709
JG0139d	7	123411238	N:GC[T>A]TG	-1	51832.0	1355415541
JG0139d	7	123522547	T:AC[T>A]TA	1	111309.0	1355526850
JG0139d	7	124235740	N:TC[T>G]TT	1	713193.0	1356240043
JG0139d	7	124398868	N:TC[T>C]TC	1	163128.0	1356403171
JG0139d	7	124420999	N:CC[T>G]TT	1	22131.0	1356425302
JG0139d	7	124430535	N:TG[T>G]TA	1	9536.0	1356434838
JG0139d	7	124457788	N:TT[T>G]TT	1	27253.0	1356462091
JG0139d	7	124565523	N:TC[T>G]GA	1	107735.0	1356569826
JG0139d	7	124798458	N:TC[T>G]TA	1	232935.0	1356802761
JG0139d	7	124864584	T:TC[T>C]TA	1	66126.0	1356868887
JG0139d	7	125072449	N:GG[T>G]TG	1	207865.0	1357076752
JG0139d	7	125912005	N:TC[T>G]CA	1	839556.0	1357916308
JG0139d	7	126227650	N:AC[T>G]TT	1	315645.0	1358231953
JG0139d	7	126746322	U:TG[T>G]TA	-1	518672.0	1358750625
JG0139d	7	126931908	T:AC[T>G]TA	1	185586.0	1358936211
JG0139d	7	127011356	T:AC[T>C]TG	1	79448.0	1359015659
JG0139d	7	127075205	T:TC[T>C]TA	1	63849.0	1359079508
JG0139d	7	127542794	N:CC[T>G]TC	1	467589.0	1359547097
JG0139d	7	128236455	N:AT[T>C]TA	1	693661.0	1360240758
JG0139d	7	128434112	N:CC[T>G]TC	1	197657.0	1360438415
JG0139d	7	128672684	U:GC[T>C]AG	1	238572.0	1360676987
JG0139d	7	128962952	T:AC[T>G]GA	1	290268.0	1360967255
JG0139d	7	129603679	N:AC[T>G]TG	1	640727.0	1361607982
JG0139d	7	130240137	N:TC[T>C]CG	1	636458.0	1362244440
JG0139d	7	130358884	U:GC[T>C]TG	1	118747.0	1362363187
JG0139d	7	131766755	N:CC[T>G]TA	1	1407871.0	1363771058
JG0139d	7	131791847	N:TT[T>G]TG	1	25092.0	1363796150
JG0139d	7	131926897	N:AC[T>A]CA	1	135050.0	1363931200
JG0139d	7	132061401	N:AC[T>G]TA	1	134504.0	1364065704
JG0139d	7	132168273	T:GC[T>A]GG	1	106872.0	1364172576
JG0139d	7	132213540	T:TC[T>G]TA	1	45267.0	1364217843
JG0139d	7	132247853	T:TC[T>A]CT	1	34313.0	1364252156
JG0139d	7	132505687	T:AC[T>C]CA	1	257834.0	1364509990
JG0139d	7	132512796	T:TC[T>G]TG	1	7109.0	1364517099
JG0139d	7	132520083	T:GG[T>C]GG	1	7287.0	1364524386
JG0139d	7	133255946	U:TG[T>G]TT	1	735863.0	1365260249
JG0139d	7	133383728	U:CC[T>G]TA	1	127782.0	1365388031
JG0139d	7	134131202	U:AG[T>G]TA	1	747474.0	1366135505
JG0139d	7	134234143	U:AG[T>G]TA	1	102941.0	1366238446
JG0139d	7	134471909	N:TC[T>G]TT	1	237766.0	1366476212
JG0139d	7	134591356	N:AC[T>G]TA	1	119447.0	1366595659
JG0139d	7	135330779	N:GT[C>T]CT	1	739423.0	1367335082
JG0139d	7	135330781	N:CC[T>C]TT	1	2.0	1367335084
JG0139d	7	136092415	N:TC[T>A]CT	1	761634.0	1368096718
JG0139d	7	136305257	N:AT[T>G]TT	1	212842.0	1368309560
JG0139d	7	136665451	N:TC[T>C]TG	1	360194.0	1368669754
JG0139d	7	136681799	N:TC[T>G]TG	-1	16348.0	1368686102
JG0139d	7	136759154	N:TT[T>G]CG	-1	77355.0	1368763457
JG0139d	7	136862386	N:TC[T>G]TA	1	103232.0	1368866689
JG0139d	7	137019156	U:GC[T>C]TG	1	156770.0	1369023459
JG0139d	7	137110118	N:TC[T>C]GC	1	90962.0	1369114421
JG0139d	7	137216350	N:AC[T>A]TT	1	106232.0	1369220653
JG0139d	7	137377568	N:TC[T>G]TG	1	161218.0	1369381871
JG0139d	7	137404116	T:AC[T>C]TG	1	26548.0	1369408419
JG0139d	7	137537798	T:TC[T>G]CA	1	133682.0	1369542101
JG0139d	7	137560644	T:TC[T>A]TA	1	22846.0	1369564947
JG0139d	7	137795932	T:AC[T>G]TT	1	235288.0	1369800235
JG0139d	7	138076597	U:AC[T>G]CA	1	280665.0	1370080900
JG0139d	7	138313317	N:TC[T>G]GG	1	236720.0	1370317620
JG0139d	7	138441117	N:TC[T>C]CG	1	127800.0	1370445420
JG0139d	7	138816223	T:AA[T>G]TT	-1	375106.0	1370820526
JG0139d	7	141034557	N:AC[T>G]AA	1	2218334.0	1373038860
JG0139d	7	141179660	T:AC[T>G]TA	-1	145103.0	1373183963
JG0139d	7	141298234	U:AG[T>G]TC	1	118574.0	1373302537
JG0139d	7	141434009	U:TG[T>G]TA	1	135775.0	1373438312
JG0139d	7	141474163	U:AC[T>C]TT	1	40154.0	1373478466
JG0139d	7	141484537	N:AC[T>G]TC	1	10374.0	1373488840
JG0139d	7	141686601	T:AC[T>G]TG	1	202064.0	1373690904
JG0139d	7	141792498	N:AC[T>G]GT	1	105897.0	1373796801
JG0139d	7	141811360	N:GC[T>C]CC	1	18862.0	1373815663
JG0139d	7	141886712	N:CC[T>G]GA	1	75352.0	1373891015
JG0139d	7	142009435	U:AC[T>C]CA	1	122723.0	1374013738
JG0139d	7	142059771	U:AG[T>G]TC	1	50336.0	1374064074
JG0139d	7	142153949	U:GC[T>C]CT	1	94178.0	1374158252
JG0139d	7	142161012	U:AC[T>C]CA	1	7063.0	1374165315
JG0139d	7	142184596	U:AG[T>G]TA	1	23584.0	1374188899
JG0139d	7	142329855	N:AG[T>G]TA	1	145259.0	1374334158
JG0139d	7	142336398	N:TC[T>C]TG	1	6543.0	1374340701
JG0139d	7	142460973	N:TC[T>G]TA	1	124575.0	1374465276
JG0139d	7	142464127	N:CT[T>A]AC	1	3154.0	1374468430
JG0139d	7	142544970	N:AG[T>G]TG	1	80843.0	1374549273
JG0139d	7	142588713	N:TC[T>C]TA	1	43743.0	1374593016
JG0139d	7	142609728	N:AC[T>G]TA	1	21015.0	1374614031
JG0139d	7	142803225	N:AG[T>C]TG	1	193497.0	1374807528
JG0139d	7	142906205	N:AC[T>C]AA	-1	102980.0	1374910508
JG0139d	7	142952132	U:TA[C>T]GC	-1	45927.0	1374956435
JG0139d	7	143083755	N:TG[T>G]TT	1	131623.0	1375088058
JG0139d	7	143141769	N:TC[T>C]CG	1	58014.0	1375146072
JG0139d	7	143195375	N:AC[T>G]TC	1	53606.0	1375199678
JG0139d	7	143217285	N:CC[T>G]TT	1	21910.0	1375221588
JG0139d	7	143233357	N:TT[T>G]TA	1	16072.0	1375237660
JG0139d	7	143257117	U:GC[T>G]TG	1	23760.0	1375261420
JG0139d	7	143300444	T:AC[T>G]TA	-1	43327.0	1375304747
JG0139d	7	143305772	U:CG[T>A]TG	1	5328.0	1375310075
JG0139d	7	143433352	N:AC[T>G]TT	1	127580.0	1375437655
JG0139d	7	143493313	N:TC[T>C]CA	-1	59961.0	1375497616
JG0139d	7	143493416	N:CC[T>G]TG	-1	103.0	1375497719
JG0139d	7	143952502	N:TA[T>G]TA	1	459086.0	1375956805
JG0139d	7	144548918	U:GT[T>G]TG	-1	596416.0	1376553221
JG0139d	7	144574956	T:AC[T>G]CA	1	26038.0	1376579259
JG0139d	7	144669018	T:AC[T>C]TA	1	94062.0	1376673321
JG0139d	7	144795200	T:TC[T>C]TA	1	126182.0	1376799503
JG0139d	7	144868182	N:TC[T>C]CT	1	72982.0	1376872485
JG0139d	7	144876560	N:AC[T>A]TG	1	8378.0	1376880863
JG0139d	7	144968544	N:AC[T>G]TT	1	91984.0	1376972847
JG0139d	7	145094256	N:TC[T>C]GC	1	125712.0	1377098559
JG0139d	7	145108533	N:GG[T>G]TC	1	14277.0	1377112836
JG0139d	7	145112298	N:AG[T>A]TA	1	3765.0	1377116601
JG0139d	7	145179602	N:AC[T>G]GA	1	67304.0	1377183905
JG0139d	7	145701623	N:AC[T>C]TA	-1	522021.0	1377705926
JG0139d	7	146283251	T:AC[T>G]TG	-1	581628.0	1378287554
JG0139d	7	146672270	U:CC[T>G]TT	1	389019.0	1378676573
JG0139d	7	147291406	T:TT[T>C]TA	-1	619136.0	1379295709
JG0139d	7	147620052	U:GA[T>G]TC	1	328646.0	1379624355
JG0139d	7	148153605	U:TC[T>A]TA	1	533553.0	1380157908
JG0139d	7	148154652	U:AC[T>C]CA	1	1047.0	1380158955
JG0139d	7	148184430	U:AC[T>G]TT	1	29778.0	1380188733
JG0139d	7	148270256	T:GC[T>G]CA	-1	85826.0	1380274559
JG0139d	7	148316411	T:TG[C>A]TC	-1	46155.0	1380320714
JG0139d	7	148416066	U:CC[T>G]TA	1	99655.0	1380420369
JG0139d	7	148421669	N:GC[T>A]TA	1	5603.0	1380425972
JG0139d	7	148473134	N:AC[T>G]TA	1	51465.0	1380477437
JG0139d	7	148673994	N:TC[T>G]TA	1	200860.0	1380678297
JG0139d	7	149515302	N:TC[T>C]TG	1	841308.0	1381519605
JG0139d	7	149687101	N:TC[T>C]CT	-1	171799.0	1381691404
JG0139d	7	149836920	N:CC[T>G]TC	1	149819.0	1381841223
JG0139d	7	150233121	N:AC[T>G]TC	1	396201.0	1382237424
JG0139d	7	150287887	T:AC[T>G]TA	1	54766.0	1382292190
JG0139d	7	150316645	T:GC[T>C]CA	1	28758.0	1382320948
JG0139d	7	150510883	N:TC[T>G]TA	1	194238.0	1382515186
JG0139d	7	150891830	N:GG[T>C]TT	1	380947.0	1382896133
JG0139d	7	151175073	N:AC[T>C]CT	1	283243.0	1383179376
JG0139d	7	151412908	N:AC[T>G]TA	1	237835.0	1383417211
JG0139d	7	151498022	T:AC[T>C]TG	1	85114.0	1383502325
JG0139d	7	151701745	U:CC[T>G]CA	-1	203723.0	1383706048
JG0139d	7	151799528	T:AC[T>G]CC	1	97783.0	1383803831
JG0139d	7	152944316	N:AG[C>A]AG	-1	1144788.0	1384948619
JG0139d	7	153091410	N:GG[T>A]CA	1	147094.0	1385095713
JG0139d	7	153167458	N:GC[T>A]CC	-1	76048.0	1385171761
JG0139d	7	153302045	N:AC[T>G]CC	-1	134587.0	1385306348
JG0139d	7	153302102	N:AT[T>G]AG	-1	57.0	1385306405
JG0139d	7	153372871	N:TC[T>G]TT	-1	70769.0	1385377174
JG0139d	7	153463867	N:AC[T>A]CA	-1	90996.0	1385468170
JG0139d	7	153470350	N:AC[T>G]CA	1	6483.0	1385474653
JG0139d	7	153827512	N:GG[T>A]TT	1	357162.0	1385831815
JG0139d	7	154193658	U:CC[T>C]CT	1	366146.0	1386197961
JG0139d	7	154218241	U:GA[T>C]CA	1	24583.0	1386222544
JG0139d	7	154482197	U:GC[T>G]TG	1	263956.0	1386486500
JG0139d	7	154506116	U:AG[T>C]TG	1	23919.0	1386510419
JG0139d	7	154517059	T:GC[T>G]TT	-1	10943.0	1386521362
JG0139d	7	154585711	U:GC[T>G]TA	1	68652.0	1386590014
JG0139d	7	154656049	U:AG[T>G]TG	1	70338.0	1386660352
JG0139d	7	154790259	U:AC[T>G]TA	1	134210.0	1386794562
JG0139d	7	155826184	N:TG[T>G]TT	-1	1035925.0	1387830487
JG0139d	7	155881168	N:AC[T>G]TA	1	54984.0	1387885471
JG0139d	7	155882717	N:TC[T>A]CC	1	1549.0	1387887020
JG0139d	7	155917488	N:AC[T>G]TA	1	34771.0	1387921791
JG0139d	7	156102086	N:TC[T>G]TA	1	184598.0	1388106389
JG0139d	7	156121958	N:AC[T>C]CA	1	19872.0	1388126261
JG0139d	7	156248838	N:GC[T>C]TC	1	126880.0	1388253141
JG0139d	7	156298569	N:TC[T>C]GA	1	49731.0	1388302872
JG0139d	7	156443799	N:GC[T>A]GC	1	145230.0	1388448102
JG0139d	7	156484262	N:CC[T>C]CA	1	40463.0	1388488565
JG0139d	7	156605259	N:GC[T>C]TC	1	120997.0	1388609562
JG0139d	7	156730164	T:AC[T>G]TG	1	124905.0	1388734467
JG0139d	7	156757898	T:AC[T>C]CG	1	27734.0	1388762201
JG0139d	7	156774880	T:GC[T>C]GG	1	16982.0	1388779183
JG0139d	7	156777754	T:AC[T>C]TA	1	2874.0	1388782057
JG0139d	7	156873921	T:AC[T>A]CA	1	96167.0	1388878224
JG0139d	7	157173994	U:TG[T>C]TA	1	300073.0	1389178297
JG0139d	7	157176798	U:GC[T>C]CT	1	2804.0	1389181101
JG0139d	7	157185782	U:TC[T>C]CA	1	8984.0	1389190085
JG0139d	7	157186310	U:AC[T>C]TG	1	528.0	1389190613
JG0139d	7	157536427	N:TC[T>C]GT	1	350117.0	1389540730
JG0139d	7	157606879	T:AC[T>C]CC	1	70452.0	1389611182
JG0139d	7	157613537	T:CC[T>C]CA	1	6658.0	1389617840
JG0139d	7	157674305	U:CC[C>G]TC	-1	60768.0	1389678608
JG0139d	7	157767544	T:GC[T>G]CT	1	93239.0	1389771847
JG0139d	7	157962465	T:TC[T>C]CA	1	194921.0	1389966768
JG0139d	7	158098116	U:CC[T>G]TA	-1	135651.0	1390102419
JG0139d	7	158154508	T:AC[T>C]CC	1	56392.0	1390158811
JG0139d	7	158221683	T:AC[T>G]TA	1	67175.0	1390225986
JG0139d	7	158279698	T:GC[T>A]CC	1	58015.0	1390284001
JG0139d	7	158289750	T:TG[T>A]TG	1	10052.0	1390294053
JG0139d	7	158560366	T:CC[T>G]CA	1	270616.0	1390564669
JG0139d	7	158601537	N:AC[T>G]TC	1	41171.0	1390605840
JG0139d	7	158625728	N:AG[T>G]CA	1	24191.0	1390630031
JG0139d	7	158871907	U:TG[T>G]TT	1	246179.0	1390876210
JG0139d	7	159220475	N:CC[T>C]TC	1	348568.0	1391224778
JG0139d	8	456239	U:TC[T>G]TG	1		1391806515
JG0139d	8	475706	T:TC[T>A]CA	-1	19467.0	1391825982
JG0139d	8	569587	N:GG[T>G]CA	-1	93881.0	1391919863
JG0139d	8	570242	N:TC[T>G]TA	-1	655.0	1391920518
JG0139d	8	783775	T:AC[T>C]CC	-1	213533.0	1392134051
JG0139d	8	924467	T:GC[T>G]TA	-1	140692.0	1392274743
JG0139d	8	1013405	T:AG[T>G]CA	-1	88938.0	1392363681
JG0139d	8	1389599	U:GC[T>A]CA	1	376194.0	1392739875
JG0139d	8	1413847	T:TC[T>C]TC	-1	24248.0	1392764123
JG0139d	8	1414979	T:GC[T>A]CG	-1	1132.0	1392765255
JG0139d	8	1452794	U:GC[T>G]TC	1	37815.0	1392803070
JG0139d	8	1582787	T:TC[T>C]TG	-1	129993.0	1392933063
JG0139d	8	1597891	T:TG[T>G]TC	-1	15104.0	1392948167
JG0139d	8	2052514	T:TC[T>G]TG	-1	454623.0	1393402790
JG0139d	8	2113592	T:AG[T>A]CG	-1	61078.0	1393463868
JG0139d	8	2232314	N:AC[T>C]TA	-1	118722.0	1393582590
JG0139d	8	2362322	N:CC[T>C]CA	1	130008.0	1393712598
JG0139d	8	2568173	N:GC[T>C]CA	-1	205851.0	1393918449
JG0139d	8	2866710	N:CC[T>G]GA	1	298537.0	1394216986
JG0139d	8	3087375	T:GG[C>A]TT	1	220665.0	1394437651
JG0139d	8	3093466	U:TC[T>G]CA	-1	6091.0	1394443742
JG0139d	8	3172284	T:TC[T>C]TT	1	78818.0	1394522560
JG0139d	8	3347958	T:AC[T>C]TG	1	175674.0	1394698234
JG0139d	8	3457181	T:CC[T>A]CA	1	109223.0	1394807457
JG0139d	8	3478275	U:TC[T>G]TT	-1	21094.0	1394828551
JG0139d	8	3478638	U:TG[T>G]TG	-1	363.0	1394828914
JG0139d	8	3685204	U:GC[T>G]TC	-1	206566.0	1395035480
JG0139d	8	3969146	U:CC[T>C]CT	-1	283942.0	1395319422
JG0139d	8	4155133	T:CC[C>T]AT	1	185987.0	1395505409
JG0139d	8	4541618	U:GC[T>C]TG	-1	386485.0	1395891894
JG0139d	8	5232320	N:AC[T>G]TA	-1	690702.0	1396582596
JG0139d	8	5405664	N:GC[T>C]TG	-1	173344.0	1396755940
JG0139d	8	5908046	N:TC[T>A]TC	1	502382.0	1397258322
JG0139d	8	6360518	N:AC[T>G]TG	1	452472.0	1397710794
JG0139d	8	6376500	N:GA[C>A]TG	-1	15982.0	1397726776
JG0139d	8	6951878	N:CA[T>G]CA	-1	575378.0	1398302154
JG0139d	8	6957878	N:TC[T>G]TA	1	6000.0	1398308154
JG0139d	8	7316817	N:TT[T>G]TT	1	358939.0	1398667093
JG0139d	8	8914333	N:AC[T>G]CA	-1	1597516.0	1400264609
JG0139d	8	9551871	N:GC[T>A]CA	-1	637538.0	1400902147
JG0139d	8	9616397	T:AC[T>G]CA	-1	64526.0	1400966673
JG0139d	8	9743320	T:GC[T>G]AG	-1	126923.0	1401093596
JG0139d	8	9774724	U:AC[T>C]CA	1	31404.0	1401125000
JG0139d	8	12905124	N:AT[T>G]TA	-1	3130400.0	1404255400
JG0139d	8	14146579	T:TC[T>C]TA	1	1241455.0	1405496855
JG0139d	8	14146580	T:CT[T>A]AT	1	1.0	1405496856
JG0139d	8	14539691	T:CC[T>G]CC	1	393111.0	1405889967
JG0139d	8	15034606	U:AC[C>A]TT	-1	494915.0	1406384882
JG0139d	8	15324065	N:GC[T>G]TG	1	289459.0	1406674341
JG0139d	8	15519588	N:CC[T>G]CA	-1	195523.0	1406869864
JG0139d	8	16240916	T:CA[T>G]GC	1	721328.0	1407591192
JG0139d	8	16689108	N:AC[T>A]CA	1	448192.0	1408039384
JG0139d	8	16721404	N:TC[T>C]CA	1	32296.0	1408071680
JG0139d	8	17320492	U:TC[T>G]CA	-1	599088.0	1408670768
JG0139d	8	17967854	U:GC[T>G]TT	1	647362.0	1409318130
JG0139d	8	17983745	U:AA[T>A]AC	1	15891.0	1409334021
JG0139d	8	18388966	N:GC[T>G]TG	-1	405221.0	1409739242
JG0139d	8	19665038	U:AC[T>C]CC	-1	1276072.0	1411015314
JG0139d	8	19939975	U:GC[T>C]CA	1	274937.0	1411290251
JG0139d	8	19943111	U:AC[T>C]CA	1	3136.0	1411293387
JG0139d	8	21212623	N:TC[T>C]GA	1	1269512.0	1412562899
JG0139d	8	21673178	N:AC[T>C]TA	1	460555.0	1413023454
JG0139d	8	22738572	U:CC[T>G]TG	-1	1065394.0	1414088848
JG0139d	8	25135439	N:AC[T>C]CT	1	2396867.0	1416485715
JG0139d	8	25207814	U:AA[T>G]TT	1	72375.0	1416558090
JG0139d	8	25365280	T:AC[T>G]TA	-1	157466.0	1416715556
JG0139d	8	25521218	N:TC[T>C]TA	1	155938.0	1416871494
JG0139d	8	25775987	N:AG[T>G]TG	-1	254769.0	1417126263
JG0139d	8	25904747	T:TC[T>G]TA	1	128760.0	1417255023
JG0139d	8	25980356	T:CC[T>G]TC	1	75609.0	1417330632
JG0139d	8	26902257	N:AC[T>G]TC	1	921901.0	1418252533
JG0139d	8	27470870	T:TC[T>A]GA	1	568613.0	1418821146
JG0139d	8	29033129	U:AC[T>C]CT	1	1562259.0	1420383405
JG0139d	8	29144118	T:AA[T>G]TT	1	110989.0	1420494394
JG0139d	8	29552659	N:TC[T>C]CT	1	408541.0	1420902935
JG0139d	8	30991838	N:TA[C>T]AC	-1	1439179.0	1422342114
JG0139d	8	31563308	N:CT[T>G]TG	-1	571470.0	1422913584
JG0139d	8	31637120	N:TG[T>C]GC	-1	73812.0	1422987396
JG0139d	8	31659757	T:GG[T>G]TC	-1	22637.0	1423010033
JG0139d	8	32403506	T:AG[T>G]GA	-1	743749.0	1423753782
JG0139d	8	32458686	U:CC[T>G]TC	1	55180.0	1423808962
JG0139d	8	32468747	T:AC[T>C]TC	-1	10061.0	1423819023
JG0139d	8	32478826	T:AC[T>A]TA	-1	10079.0	1423829102
JG0139d	8	32551132	U:TC[T>G]TA	1	72306.0	1423901408
JG0139d	8	32637234	U:AC[T>C]TT	1	86102.0	1423987510
JG0139d	8	32685669	T:TC[T>C]TG	-1	48435.0	1424035945
JG0139d	8	32688290	T:GC[T>G]TA	-1	2621.0	1424038566
JG0139d	8	32876687	N:TT[C>G]TA	1	188397.0	1424226963
JG0139d	8	33295476	N:TC[T>C]TG	-1	418789.0	1424645752
JG0139d	8	33371997	U:TC[T>G]TT	-1	76521.0	1424722273
JG0139d	8	33585616	N:TC[T>C]GA	-1	213619.0	1424935892
JG0139d	8	33595065	U:AC[T>C]CC	-1	9449.0	1424945341
JG0139d	8	33663571	N:TC[T>C]CA	-1	68506.0	1425013847
JG0139d	8	33670043	N:TA[T>G]TT	-1	6472.0	1425020319
JG0139d	8	33719865	N:TC[T>G]CA	1	49822.0	1425070141
JG0139d	8	33721327	N:CC[T>C]GC	-1	1462.0	1425071603
JG0139d	8	33722284	N:AC[T>A]CC	-1	957.0	1425072560
JG0139d	8	33814616	N:AG[T>G]TA	-1	92332.0	1425164892
JG0139d	8	33872223	N:TT[T>G]CA	-1	57607.0	1425222499
JG0139d	8	33873989	N:CC[T>G]GT	-1	1766.0	1425224265
JG0139d	8	33948601	N:AT[T>G]TA	1	74612.0	1425298877
JG0139d	8	34196922	N:GG[T>C]TA	-1	248321.0	1425547198
JG0139d	8	34247738	N:TC[T>C]CG	1	50816.0	1425598014
JG0139d	8	34626631	N:TC[T>C]CT	1	378893.0	1425976907
JG0139d	8	34632544	N:AG[T>G]TG	-1	5913.0	1425982820
JG0139d	8	34652441	N:AA[T>G]CT	1	19897.0	1426002717
JG0139d	8	35802329	N:TC[T>C]CT	-1	1149888.0	1427152605
JG0139d	8	35987640	N:AG[T>G]TT	1	185311.0	1427337916
JG0139d	8	36060888	N:CC[T>G]CT	-1	73248.0	1427411164
JG0139d	8	36092043	N:CA[T>G]TT	1	31155.0	1427442319
JG0139d	8	36288601	N:TC[T>C]CT	1	196558.0	1427638877
JG0139d	8	36307454	N:TC[T>G]CG	-1	18853.0	1427657730
JG0139d	8	36594396	N:TC[T>C]TA	-1	286942.0	1427944672
JG0139d	8	36885743	T:TC[T>C]TG	-1	291347.0	1428236019
JG0139d	8	36921853	U:CC[C>T]TA	1	36110.0	1428272129
JG0139d	8	36963278	N:AC[T>C]TT	-1	41425.0	1428313554
JG0139d	8	37216260	N:AC[T>G]TA	-1	252982.0	1428566536
JG0139d	8	37243730	N:TA[T>G]TA	1	27470.0	1428594006
JG0139d	8	37265684	N:AC[T>C]TC	1	21954.0	1428615960
JG0139d	8	38081040	N:AC[T>G]TG	-1	815356.0	1429431316
JG0139d	8	38497140	N:GA[T>A]TG	-1	416100.0	1429847416
JG0139d	8	38604550	N:GT[T>G]TC	-1	107410.0	1429954826
JG0139d	8	38828673	T:CC[T>G]TC	-1	224123.0	1430178949
JG0139d	8	39356086	N:TC[T>G]TT	-1	527413.0	1430706362
JG0139d	8	39417752	N:AC[T>C]TT	-1	61666.0	1430768028
JG0139d	8	39716999	U:AC[T>C]TA	1	299247.0	1431067275
JG0139d	8	39790983	U:GA[T>G]TT	-1	73984.0	1431141259
JG0139d	8	40485575	N:CC[T>G]TC	-1	694592.0	1431835851
JG0139d	8	40554708	U:AC[T>C]CC	-1	69133.0	1431904984
JG0139d	8	40587666	U:TC[T>C]AA	-1	32958.0	1431937942
JG0139d	8	40606104	T:AC[T>C]TG	1	18438.0	1431956380
JG0139d	8	40723046	U:TT[T>C]CA	-1	116942.0	1432073322
JG0139d	8	40732489	U:GC[T>C]CA	-1	9443.0	1432082765
JG0139d	8	40866952	U:TC[T>C]TA	-1	134463.0	1432217228
JG0139d	8	41249653	N:TC[T>A]CC	1	382701.0	1432599929
JG0139d	8	41258834	N:CC[T>G]CA	1	9181.0	1432609110
JG0139d	8	41591967	T:TC[T>G]TA	-1	333133.0	1432942243
JG0139d	8	41738921	U:TT[T>G]TG	-1	146954.0	1433089197
JG0139d	8	41740899	U:TG[T>G]TA	-1	1978.0	1433091175
JG0139d	8	41854393	U:TA[T>A]TT	-1	113494.0	1433204669
JG0139d	8	41987930	U:TC[T>G]TG	-1	133537.0	1433338206
JG0139d	8	42093390	N:CC[T>G]CA	1	105460.0	1433443666
JG0139d	8	42171196	N:AC[T>G]TA	-1	77806.0	1433521472
JG0139d	8	43175352	T:AC[T>C]TG	-1	1004156.0	1434525628
JG0139d	8	43271826	N:AG[T>G]TG	1	96474.0	1434622102
JG0139d	8	43538802	N:AC[T>A]TG	-1	266976.0	1434889078
JG0139d	8	43698688	N:AC[T>G]TT	-1	159886.0	1435048964
JG0139d	8	46092213	N:GC[T>C]GG	1	2393525.0	1437442489
JG0139d	8	46168042	N:AG[T>G]TA	-1	75829.0	1437518318
JG0139d	8	46235121	N:TC[T>A]GG	-1	67079.0	1437585397
JG0139d	8	46235124	N:GC[T>C]TC	-1	3.0	1437585400
JG0139d	8	46262598	N:GC[T>C]TC	-1	27474.0	1437612874
JG0139d	8	46389754	N:GC[T>A]CC	-1	127156.0	1437740030
JG0139d	8	46437438	N:AT[C>T]CC	-1	47684.0	1437787714
JG0139d	8	46577709	N:AG[T>G]TA	-1	140271.0	1437927985
JG0139d	8	46606490	N:GC[T>C]CA	-1	28781.0	1437956766
JG0139d	8	46620133	N:TC[T>C]AC	-1	13643.0	1437970409
JG0139d	8	46747840	N:GC[T>C]TA	-1	127707.0	1438098116
JG0139d	8	46759517	N:AC[T>A]GT	1	11677.0	1438109793
JG0139d	8	46794526	N:CC[T>G]TT	1	35009.0	1438144802
JG0139d	8	46812863	N:AT[T>G]TT	-1	18337.0	1438163139
JG0139d	8	46903001	N:TC[T>C]TC	-1	90138.0	1438253277
JG0139d	8	46958669	N:AG[T>G]TC	-1	55668.0	1438308945
JG0139d	8	47032664	N:AG[T>C]CT	-1	73995.0	1438382940
JG0139d	8	47530487	T:TT[T>G]TT	-1	497823.0	1438880763
JG0139d	8	47614407	T:TC[C>G]AC	-1	83920.0	1438964683
JG0139d	8	47991876	N:GC[T>G]TT	1	377469.0	1439342152
JG0139d	8	48229503	N:CC[T>C]GA	1	237627.0	1439579779
JG0139d	8	48280937	N:TC[T>C]TA	-1	51434.0	1439631213
JG0139d	8	48434563	N:AC[T>G]TA	-1	153626.0	1439784839
JG0139d	8	48687847	N:AC[T>C]CG	-1	253284.0	1440038123
JG0139d	8	48802168	N:AC[T>A]TG	-1	114321.0	1440152444
JG0139d	8	48835167	N:TC[T>C]CA	-1	32999.0	1440185443
JG0139d	8	48905421	N:TC[T>G]TA	-1	70254.0	1440255697
JG0139d	8	49025388	N:AT[T>A]TG	1	119967.0	1440375664
JG0139d	8	49191559	N:AC[T>C]GA	1	166171.0	1440541835
JG0139d	8	49579410	N:AC[T>G]AG	1	387851.0	1440929686
JG0139d	8	49684843	N:CC[T>G]TA	1	105433.0	1441035119
JG0139d	8	49819120	N:AG[T>C]TA	1	134277.0	1441169396
JG0139d	8	49856966	N:TT[T>G]TA	-1	37846.0	1441207242
JG0139d	8	50395781	T:AT[C>A]CC	-1	538815.0	1441746057
JG0139d	8	51066967	N:AT[T>A]TT	-1	671186.0	1442417243
JG0139d	8	51668296	T:CC[T>C]CC	1	601329.0	1443018572
JG0139d	8	51710841	T:AC[T>C]CA	1	42545.0	1443061117
JG0139d	8	52352368	U:TC[T>G]TT	-1	641527.0	1443702644
JG0139d	8	54009068	T:TC[T>G]TG	1	1656700.0	1445359344
JG0139d	8	54493584	N:TG[T>G]TG	1	484516.0	1445843860
JG0139d	8	55190220	U:GC[T>G]TG	1	696636.0	1446540496
JG0139d	8	55291641	U:TC[T>C]CA	1	101421.0	1446641917
JG0139d	8	55542044	U:AC[T>C]TG	1	250403.0	1446892320
JG0139d	8	55632516	N:AC[T>C]CA	1	90472.0	1446982792
JG0139d	8	56119421	N:AC[T>G]TT	1	486905.0	1447469697
JG0139d	8	56597189	N:AC[T>A]CA	1	477768.0	1447947465
JG0139d	8	56718779	N:AC[T>A]CA	1	121590.0	1448069055
JG0139d	8	56731435	N:GT[C>A]TT	1	12656.0	1448081711
JG0139d	8	56778056	N:TC[T>A]TG	1	46621.0	1448128332
JG0139d	8	57338412	N:CC[T>A]CA	1	560356.0	1448688688
JG0139d	8	57628458	N:TC[T>C]CC	1	290046.0	1448978734
JG0139d	8	57712333	N:TC[T>C]TG	1	83875.0	1449062609
JG0139d	8	57737671	N:TC[T>G]TT	1	25338.0	1449087947
JG0139d	8	58017714	T:GC[T>G]TG	-1	280043.0	1449367990
JG0139d	8	58062726	U:TC[T>C]TG	1	45012.0	1449413002
JG0139d	8	58142660	U:TC[T>C]TT	1	79934.0	1449492936
JG0139d	8	58430941	U:CC[T>C]TT	1	288281.0	1449781217
JG0139d	8	59152832	N:GC[T>A]CA	-1	721891.0	1450503108
JG0139d	8	59722358	N:AC[T>G]TA	-1	569526.0	1451072634
JG0139d	8	59850941	N:TG[T>G]TA	1	128583.0	1451201217
JG0139d	8	59947142	N:TG[T>C]TA	1	96201.0	1451297418
JG0139d	8	60955713	N:AT[T>G]TA	1	1008571.0	1452305989
JG0139d	8	61232414	U:TC[T>A]TA	1	276701.0	1452582690
JG0139d	8	61415084	T:CC[T>G]TG	-1	182670.0	1452765360
JG0139d	8	61608918	U:CG[T>G]CT	-1	193834.0	1452959194
JG0139d	8	62183283	N:AG[T>G]TC	1	574365.0	1453533559
JG0139d	8	62793116	T:AC[T>G]CA	-1	609833.0	1454143392
JG0139d	8	63159851	N:AC[T>G]TG	-1	366735.0	1454510127
JG0139d	8	63189928	T:AT[T>G]TA	-1	30077.0	1454540204
JG0139d	8	63518696	N:CC[T>G]TC	-1	328768.0	1454868972
JG0139d	8	63929873	N:AC[T>G]TT	-1	411177.0	1455280149
JG0139d	8	64135214	N:GC[T>G]TA	1	205341.0	1455485490
JG0139d	8	64259049	N:AC[T>C]CA	-1	123835.0	1455609325
JG0139d	8	64494941	N:AC[T>G]TA	-1	235892.0	1455845217
JG0139d	8	64518241	N:CC[T>G]TG	-1	23300.0	1455868517
JG0139d	8	64535862	N:TG[T>G]TG	-1	17621.0	1455886138
JG0139d	8	64655187	T:AC[T>C]TA	1	119325.0	1456005463
JG0139d	8	64687944	U:CC[T>A]CA	-1	32757.0	1456038220
JG0139d	8	64738456	T:TT[C>T]TC	1	50512.0	1456088732
JG0139d	8	65101162	N:TT[T>A]AA	1	362706.0	1456451438
JG0139d	8	65207938	N:GC[T>G]TA	-1	106776.0	1456558214
JG0139d	8	65266291	N:AC[T>G]TC	-1	58353.0	1456616567
JG0139d	8	65287676	N:AC[T>G]TT	1	21385.0	1456637952
JG0139d	8	65288476	N:CC[T>C]GC	-1	800.0	1456638752
JG0139d	8	65373914	N:AC[T>G]TA	-1	85438.0	1456724190
JG0139d	8	65407354	N:TA[T>C]TT	-1	33440.0	1456757630
JG0139d	8	65473329	N:TT[T>G]GA	1	65975.0	1456823605
JG0139d	8	65649125	T:AG[T>C]CA	-1	175796.0	1456999401
JG0139d	8	65652150	T:AC[T>C]CC	-1	3025.0	1457002426
JG0139d	8	65701367	U:CC[T>A]TT	1	49217.0	1457051643
JG0139d	8	66105786	N:TC[T>C]CA	1	404419.0	1457456062
JG0139d	8	66116945	N:CC[T>G]TT	-1	11159.0	1457467221
JG0139d	8	66133507	U:AC[T>G]TC	1	16562.0	1457483783
JG0139d	8	66511089	T:TC[T>G]TA	-1	377582.0	1457861365
JG0139d	8	66741467	U:GC[T>C]TG	1	230378.0	1458091743
JG0139d	8	67129934	T:AG[T>C]TG	-1	388467.0	1458480210
JG0139d	8	67494985	U:TC[T>G]CA	-1	365051.0	1458845261
JG0139d	8	67570775	U:TC[T>G]TC	-1	75790.0	1458921051
JG0139d	8	67611310	T:AC[T>C]TG	1	40535.0	1458961586
JG0139d	8	68106559	T:GT[C>T]TT	-1	495249.0	1459456835
JG0139d	8	68168925	U:AC[T>G]TA	1	62366.0	1459519201
JG0139d	8	68376251	T:TC[T>C]TT	-1	207326.0	1459726527
JG0139d	8	68674773	T:CA[T>G]TG	-1	298522.0	1460025049
JG0139d	8	68848904	N:GG[T>C]CT	-1	174131.0	1460199180
JG0139d	8	68883157	N:CC[T>C]CA	-1	34253.0	1460233433
JG0139d	8	69096123	N:GC[T>C]CA	1	212966.0	1460446399
JG0139d	8	69126668	N:GC[T>G]TT	-1	30545.0	1460476944
JG0139d	8	69391882	N:AT[C>G]TC	1	265214.0	1460742158
JG0139d	8	69391897	N:AC[T>G]TA	1	15.0	1460742173
JG0139d	8	69393371	N:CC[T>C]GC	1	1474.0	1460743647
JG0139d	8	69594799	U:AC[T>G]TA	1	201428.0	1460945075
JG0139d	8	70037104	N:TC[T>C]GA	1	442305.0	1461387380
JG0139d	8	70052343	U:AG[T>G]TG	-1	15239.0	1461402619
JG0139d	8	70082571	N:AC[T>G]GC	1	30228.0	1461432847
JG0139d	8	70258229	T:TC[T>G]TG	1	175658.0	1461608505
JG0139d	8	70402219	U:CG[T>G]CT	-1	143990.0	1461752495
JG0139d	8	70415923	N:TC[T>G]TC	1	13704.0	1461766199
JG0139d	8	70506646	N:AG[T>G]TA	-1	90723.0	1461856922
JG0139d	8	70758103	N:AG[T>G]TT	1	251457.0	1462108379
JG0139d	8	70898864	N:TC[T>G]GA	1	140761.0	1462249140
JG0139d	8	70964898	N:AC[T>G]TT	-1	66034.0	1462315174
JG0139d	8	70973609	N:AC[T>G]TT	1	8711.0	1462323885
JG0139d	8	71679101	N:AC[T>C]TG	-1	705492.0	1463029377
JG0139d	8	71822465	N:AC[T>A]CT	-1	143364.0	1463172741
JG0139d	8	71927293	N:AC[T>C]TT	-1	104828.0	1463277569
JG0139d	8	71929355	N:TC[T>A]CT	1	2062.0	1463279631
JG0139d	8	71966192	N:AC[T>C]TA	-1	36837.0	1463316468
JG0139d	8	72126300	N:TC[T>C]CA	-1	160108.0	1463476576
JG0139d	8	72324757	N:GC[T>G]TA	1	198457.0	1463675033
JG0139d	8	72369097	N:GC[T>C]TT	-1	44340.0	1463719373
JG0139d	8	72490775	N:AC[T>G]TG	1	121678.0	1463841051
JG0139d	8	72616445	U:AG[T>A]CA	1	125670.0	1463966721
JG0139d	8	72632713	T:AC[T>A]TC	-1	16268.0	1463982989
JG0139d	8	72645365	U:TC[T>G]TC	1	12652.0	1463995641
JG0139d	8	72753202	U:TC[T>G]TC	1	107837.0	1464103478
JG0139d	8	72778539	T:GG[T>G]CT	-1	25337.0	1464128815
JG0139d	8	72820512	U:AG[T>C]TA	1	41973.0	1464170788
JG0139d	8	72834705	T:CC[T>G]TT	-1	14193.0	1464184981
JG0139d	8	73348702	N:CC[T>A]CT	-1	513997.0	1464698978
JG0139d	8	73366542	N:CC[T>A]GA	1	17840.0	1464716818
JG0139d	8	73507426	U:TC[T>C]TT	-1	140884.0	1464857702
JG0139d	8	73666188	T:TC[T>G]TA	1	158762.0	1465016464
JG0139d	8	73785911	T:TC[T>G]TT	1	119723.0	1465136187
JG0139d	8	74194261	N:AC[T>C]TG	-1	408350.0	1465544537
JG0139d	8	74605895	N:AG[T>C]TA	1	411634.0	1465956171
JG0139d	8	75136468	N:AC[T>G]TA	1	530573.0	1466486744
JG0139d	8	75392649	N:AC[T>G]TT	1	256181.0	1466742925
JG0139d	8	75554905	T:GC[T>G]TG	-1	162256.0	1466905181
JG0139d	8	75570953	N:AG[T>G]AG	1	16048.0	1466921229
JG0139d	8	75773961	N:AC[T>G]TG	-1	203008.0	1467124237
JG0139d	8	76062565	N:TG[T>G]TT	-1	288604.0	1467412841
JG0139d	8	76593208	N:TC[T>G]TA	-1	530643.0	1467943484
JG0139d	8	76718823	T:AC[T>G]TA	-1	125615.0	1468069099
JG0139d	8	76852541	T:AC[T>G]TA	-1	133718.0	1468202817
JG0139d	8	77262276	N:AC[T>A]TT	-1	409735.0	1468612552
JG0139d	8	77499588	N:CA[T>G]TG	-1	237312.0	1468849864
JG0139d	8	77701850	N:TC[T>C]TC	-1	202262.0	1469052126
JG0139d	8	77744605	N:GC[T>C]TG	-1	42755.0	1469094881
JG0139d	8	77762817	N:TC[T>G]TA	-1	18212.0	1469113093
JG0139d	8	78773682	U:CC[T>G]TA	-1	1010865.0	1470123958
JG0139d	8	78802082	U:TC[T>A]CC	-1	28400.0	1470152358
JG0139d	8	78862540	N:GC[T>A]TA	-1	60458.0	1470212816
JG0139d	8	79004160	N:AG[T>C]CA	1	141620.0	1470354436
JG0139d	8	79214271	N:AC[T>C]TA	-1	210111.0	1470564547
JG0139d	8	79306078	N:AC[T>G]TT	1	91807.0	1470656354
JG0139d	8	79322028	N:AC[T>C]GG	-1	15950.0	1470672304
JG0139d	8	79649105	U:AC[T>C]TA	1	327077.0	1470999381
JG0139d	8	79985037	T:CC[T>C]CA	1	335932.0	1471335313
JG0139d	8	80063014	U:AG[T>G]TC	-1	77977.0	1471413290
JG0139d	8	81016639	T:AG[T>C]TT	1	953625.0	1472366915
JG0139d	8	81402869	N:TC[T>C]CT	-1	386230.0	1472753145
JG0139d	8	81445194	U:AC[T>G]TT	-1	42325.0	1472795470
JG0139d	8	81537034	N:TC[T>G]TT	1	91840.0	1472887310
JG0139d	8	81648815	N:TC[T>C]TG	-1	111781.0	1472999091
JG0139d	8	81657778	N:AC[T>G]TA	1	8963.0	1473008054
JG0139d	8	81762531	N:TC[T>C]TG	1	104753.0	1473112807
JG0139d	8	81853794	N:AC[T>G]TT	1	91263.0	1473204070
JG0139d	8	81857539	N:AG[T>G]TA	1	3745.0	1473207815
JG0139d	8	81930313	N:TC[T>C]CT	1	72774.0	1473280589
JG0139d	8	81947950	N:AC[T>G]TA	1	17637.0	1473298226
JG0139d	8	82010012	N:AC[T>G]TA	-1	62062.0	1473360288
JG0139d	8	82010038	N:TC[T>C]GA	-1	26.0	1473360314
JG0139d	8	82010346	N:AC[T>C]TG	1	308.0	1473360622
JG0139d	8	82010731	N:AC[T>C]TT	-1	385.0	1473361007
JG0139d	8	82237897	N:GG[T>A]CA	-1	227166.0	1473588173
JG0139d	8	82350275	N:AC[T>G]TC	-1	112378.0	1473700551
JG0139d	8	82550266	N:GC[T>G]TA	1	199991.0	1473900542
JG0139d	8	82653971	N:TC[T>A]CA	-1	103705.0	1474004247
JG0139d	8	82711115	N:TC[T>A]CT	-1	57144.0	1474061391
JG0139d	8	82758991	N:TC[T>C]CA	-1	47876.0	1474109267
JG0139d	8	83155360	N:TC[T>A]TG	-1	396369.0	1474505636
JG0139d	8	83601588	N:TC[T>C]CA	1	446228.0	1474951864
JG0139d	8	83785480	N:CC[T>G]TC	-1	183892.0	1475135756
JG0139d	8	83863925	N:TC[T>G]TT	-1	78445.0	1475214201
JG0139d	8	84034474	N:TC[T>G]TT	1	170549.0	1475384750
JG0139d	8	84091361	N:TC[T>C]TA	-1	56887.0	1475441637
JG0139d	8	84203427	T:AC[T>G]TA	-1	112066.0	1475553703
JG0139d	8	84572455	T:AG[T>C]TC	-1	369028.0	1475922731
JG0139d	8	84585964	T:CC[T>A]CG	-1	13509.0	1475936240
JG0139d	8	84595515	U:AC[T>G]TA	1	9551.0	1475945791
JG0139d	8	84693209	U:TC[T>A]CA	1	97694.0	1476043485
JG0139d	8	84747982	U:AT[T>G]TC	1	54773.0	1476098258
JG0139d	8	84750573	T:AG[T>G]AC	-1	2591.0	1476100849
JG0139d	8	84804772	U:AC[T>G]TG	1	54199.0	1476155048
JG0139d	8	84858791	T:GC[T>C]TT	-1	54019.0	1476209067
JG0139d	8	84891460	U:GC[T>A]TA	1	32669.0	1476241736
JG0139d	8	85078224	N:AC[T>A]TG	-1	186764.0	1476428500
JG0139d	8	85379718	T:TC[T>C]TT	-1	301494.0	1476729994
JG0139d	8	85414948	T:AG[T>G]TT	-1	35230.0	1476765224
JG0139d	8	85534934	N:TC[T>C]CA	-1	119986.0	1476885210
JG0139d	8	85641195	N:AG[T>G]TA	-1	106261.0	1476991471
JG0139d	8	85835208	N:TC[T>C]CC	-1	194013.0	1477185484
JG0139d	8	86011894	U:AC[T>C]CC	1	176686.0	1477362170
JG0139d	8	86722169	U:GG[T>G]TA	-1	710275.0	1478072445
JG0139d	8	86733501	U:AC[T>C]TA	-1	11332.0	1478083777
JG0139d	8	86826264	N:AC[T>C]CA	-1	92763.0	1478176540
JG0139d	8	87110002	T:TC[T>C]CA	-1	283738.0	1478460278
JG0139d	8	87125860	T:GC[T>C]TT	-1	15858.0	1478476136
JG0139d	8	87270794	U:TC[T>G]TT	1	144934.0	1478621070
JG0139d	8	87376396	U:AC[T>G]TG	1	105602.0	1478726672
JG0139d	8	87502025	U:GC[T>C]TA	1	125629.0	1478852301
JG0139d	8	87743716	N:GC[T>G]TC	1	241691.0	1479093992
JG0139d	8	88555012	N:TC[T>A]TT	1	811296.0	1479905288
JG0139d	8	89073400	N:TC[T>C]CA	-1	518388.0	1480423676
JG0139d	8	89213340	N:AC[T>G]TC	1	139940.0	1480563616
JG0139d	8	90472327	N:AC[T>G]TT	1	1258987.0	1481822603
JG0139d	8	90477966	N:AC[T>G]TC	-1	5639.0	1481828242
JG0139d	8	90634695	T:TC[T>G]TG	1	156729.0	1481984971
JG0139d	8	91626758	N:TC[T>G]TA	-1	992063.0	1482977034
JG0139d	8	91884708	N:GC[T>C]TA	1	257950.0	1483234984
JG0139d	8	92143025	N:AC[T>G]TA	1	258317.0	1483493301
JG0139d	8	92313793	N:GC[T>G]TT	1	170768.0	1483664069
JG0139d	8	92661413	N:GC[T>C]GA	-1	347620.0	1484011689
JG0139d	8	93988443	N:AG[T>G]TG	-1	1327030.0	1485338719
JG0139d	8	94503144	T:TA[T>C]CT	1	514701.0	1485853420
JG0139d	8	94546779	T:GC[T>C]TC	1	43635.0	1485897055
JG0139d	8	94763456	U:CC[T>C]CA	1	216677.0	1486113732
JG0139d	8	95401398	N:GG[T>C]CA	1	637942.0	1486751674
JG0139d	8	95526066	N:AC[T>C]TA	-1	124668.0	1486876342
JG0139d	8	95545278	N:AC[T>G]TA	1	19212.0	1486895554
JG0139d	8	95618045	N:TC[T>C]TA	-1	72767.0	1486968321
JG0139d	8	95619333	N:AC[T>G]TA	-1	1288.0	1486969609
JG0139d	8	95752883	N:TC[T>C]TG	1	133550.0	1487103159
JG0139d	8	95867943	N:AC[T>G]CA	1	115060.0	1487218219
JG0139d	8	95933429	N:GG[T>G]TC	-1	65486.0	1487283705
JG0139d	8	95981696	N:AC[T>G]TA	1	48267.0	1487331972
JG0139d	8	95985437	N:AC[T>G]TA	1	3741.0	1487335713
JG0139d	8	96019272	N:AC[T>C]CT	1	33835.0	1487369548
JG0139d	8	96019471	N:CC[T>G]CA	1	199.0	1487369747
JG0139d	8	96030044	N:TC[T>C]TA	1	10573.0	1487380320
JG0139d	8	96089007	N:AC[T>A]CA	1	58963.0	1487439283
JG0139d	8	96474801	N:AC[T>G]TC	1	385794.0	1487825077
JG0139d	8	96558287	U:GC[T>G]CA	1	83486.0	1487908563
JG0139d	8	98579691	T:TC[T>C]CG	1	2021404.0	1489929967
JG0139d	8	98700022	T:AG[T>G]TG	1	120331.0	1490050298
JG0139d	8	99111695	U:GC[T>C]TG	1	411673.0	1490461971
JG0139d	8	99235134	T:AC[T>G]TC	-1	123439.0	1490585410
JG0139d	8	99364533	T:AC[T>A]TG	-1	129399.0	1490714809
JG0139d	8	99389683	U:TC[T>G]TG	1	25150.0	1490739959
JG0139d	8	99409736	T:TG[T>G]TA	-1	20053.0	1490760012
JG0139d	8	99448827	U:GC[T>G]TT	1	39091.0	1490799103
JG0139d	8	99455745	U:GC[T>A]TC	1	6918.0	1490806021
JG0139d	8	99475989	U:TG[T>G]TA	1	20244.0	1490826265
JG0139d	8	99566257	T:TC[T>C]TA	-1	90268.0	1490916533
JG0139d	8	99572226	U:AC[T>G]TG	1	5969.0	1490922502
JG0139d	8	99629233	T:AC[T>C]TA	-1	57007.0	1490979509
JG0139d	8	99727098	T:TC[T>C]TG	-1	97865.0	1491077374
JG0139d	8	99894432	N:TC[T>C]GA	1	167334.0	1491244708
JG0139d	8	100265973	U:AG[T>C]TT	-1	371541.0	1491616249
JG0139d	8	101645063	U:TC[T>A]CA	1	1379090.0	1492995339
JG0139d	8	101666503	T:TC[T>C]CG	-1	21440.0	1493016779
JG0139d	8	101866675	U:TC[T>C]CA	-1	200172.0	1493216951
JG0139d	8	101900168	T:CC[T>G]TA	1	33493.0	1493250444
JG0139d	8	102218895	U:TC[T>G]TT	-1	318727.0	1493569171
JG0139d	8	102547620	N:AC[T>A]TT	-1	328725.0	1493897896
JG0139d	8	102582988	N:GC[T>C]CG	1	35368.0	1493933264
JG0139d	8	102641041	N:CC[T>G]CA	1	58053.0	1493991317
JG0139d	8	102663057	N:AG[T>G]TT	-1	22016.0	1494013333
JG0139d	8	102674388	N:GC[T>C]CG	1	11331.0	1494024664
JG0139d	8	103536710	T:TC[T>C]CA	-1	862322.0	1494886986
JG0139d	8	103562243	U:TC[T>C]CA	1	25533.0	1494912519
JG0139d	8	103791331	T:AC[T>C]TA	-1	229088.0	1495141607
JG0139d	8	104085256	T:TC[T>G]TA	-1	293925.0	1495435532
JG0139d	8	104136845	T:AC[T>C]CA	-1	51589.0	1495487121
JG0139d	8	104209636	T:GC[T>C]CA	-1	72791.0	1495559912
JG0139d	8	104263354	N:TC[T>G]TA	1	53718.0	1495613630
JG0139d	8	104663837	N:GC[T>C]TT	-1	400483.0	1496014113
JG0139d	8	104675398	N:TC[T>A]TG	-1	11561.0	1496025674
JG0139d	8	104775998	N:AC[T>C]CC	-1	100600.0	1496126274
JG0139d	8	104954814	N:TC[T>G]TG	-1	178816.0	1496305090
JG0139d	8	105281541	N:AC[T>G]TA	-1	326727.0	1496631817
JG0139d	8	105549460	U:AC[T>C]TG	1	267919.0	1496899736
JG0139d	8	105651908	T:TG[T>G]TA	-1	102448.0	1497002184
JG0139d	8	105674054	U:TG[T>G]TT	1	22146.0	1497024330
JG0139d	8	105858390	N:AC[T>G]TA	-1	184336.0	1497208666
JG0139d	8	106013949	N:CC[T>C]CA	-1	155559.0	1497364225
JG0139d	8	106120745	N:TC[T>C]TT	-1	106796.0	1497471021
JG0139d	8	106206902	N:TA[T>G]TG	1	86157.0	1497557178
JG0139d	8	106280427	N:AC[T>G]AG	-1	73525.0	1497630703
JG0139d	8	106526761	U:GG[T>C]CT	1	246334.0	1497877037
JG0139d	8	106526795	U:TC[T>C]GC	1	34.0	1497877071
JG0139d	8	106536111	U:AC[T>G]CG	1	9316.0	1497886387
JG0139d	8	106554091	T:TG[T>G]TA	-1	17980.0	1497904367
JG0139d	8	107729884	N:CC[T>G]CA	1	1175793.0	1499080160
JG0139d	8	107758529	N:TC[T>C]TC	1	28645.0	1499108805
JG0139d	8	107767199	N:TC[T>C]TA	-1	8670.0	1499117475
JG0139d	8	107811024	N:AC[T>G]CA	-1	43825.0	1499161300
JG0139d	8	107990359	T:TC[T>G]CA	1	179335.0	1499340635
JG0139d	8	108089318	N:AC[T>A]TG	1	98959.0	1499439594
JG0139d	8	108107540	N:TC[T>C]TG	-1	18222.0	1499457816
JG0139d	8	108245234	U:CC[T>G]TG	-1	137694.0	1499595510
JG0139d	8	108254492	N:TC[T>C]CA	-1	9258.0	1499604768
JG0139d	8	108284738	N:AC[T>G]TA	-1	30246.0	1499635014
JG0139d	8	108302995	N:AC[T>A]CA	1	18257.0	1499653271
JG0139d	8	108382821	N:TG[T>C]TG	-1	79826.0	1499733097
JG0139d	8	108436925	N:CG[T>G]TG	-1	54104.0	1499787201
JG0139d	8	108541693	N:AC[T>C]TG	-1	104768.0	1499891969
JG0139d	8	108594880	N:TC[T>C]GT	-1	53187.0	1499945156
JG0139d	8	108842715	N:TC[T>C]GT	1	247835.0	1500192991
JG0139d	8	108956893	N:AC[T>G]TA	-1	114178.0	1500307169
JG0139d	8	108958670	N:AC[T>G]AA	1	1777.0	1500308946
JG0139d	8	108959139	N:AC[T>A]TG	-1	469.0	1500309415
JG0139d	8	109016630	N:TC[T>G]TG	-1	57491.0	1500366906
JG0139d	8	109026076	N:AC[T>G]TA	1	9446.0	1500376352
JG0139d	8	109099466	T:GC[T>C]CC	-1	73390.0	1500449742
JG0139d	8	109221346	N:TC[T>C]TG	1	121880.0	1500571622
JG0139d	8	109393750	U:TC[T>C]TA	1	172404.0	1500744026
JG0139d	8	109483795	T:TC[T>G]TA	-1	90045.0	1500834071
JG0139d	8	109506702	U:AC[T>G]TG	1	22907.0	1500856978
JG0139d	8	109795194	N:TC[T>C]CT	-1	288492.0	1501145470
JG0139d	8	109825661	N:CC[T>G]TG	-1	30467.0	1501175937
JG0139d	8	109875984	N:GC[T>A]CA	-1	50323.0	1501226260
JG0139d	8	109903748	N:TC[T>A]TA	-1	27764.0	1501254024
JG0139d	8	109984566	N:AC[T>C]TA	-1	80818.0	1501334842
JG0139d	8	110091790	N:AC[T>C]CA	1	107224.0	1501442066
JG0139d	8	110103034	N:GC[T>C]TA	-1	11244.0	1501453310
JG0139d	8	110350996	N:TC[T>A]TT	-1	247962.0	1501701272
JG0139d	8	110697865	N:CC[T>G]TT	1	346869.0	1502048141
JG0139d	8	110812414	N:AC[T>A]TA	-1	114549.0	1502162690
JG0139d	8	110814816	N:GG[T>G]TA	1	2402.0	1502165092
JG0139d	8	110977291	N:AC[T>C]CG	1	162475.0	1502327567
JG0139d	8	112557677	T:GG[T>C]GA	1	1580386.0	1503907953
JG0139d	8	112677557	T:AA[T>C]TG	1	119880.0	1504027833
JG0139d	8	112861686	U:AC[T>C]TG	-1	184129.0	1504211962
JG0139d	8	113048716	U:TC[T>G]TA	-1	187030.0	1504398992
JG0139d	8	113174930	U:CC[T>A]TG	-1	126214.0	1504525206
JG0139d	8	113630765	N:AG[T>G]CA	1	455835.0	1504981041
JG0139d	8	114063432	N:GG[T>G]TG	1	432667.0	1505413708
JG0139d	8	114429721	N:AC[T>G]TA	1	366289.0	1505779997
JG0139d	8	114742162	N:AC[T>A]TG	-1	312441.0	1506092438
JG0139d	8	114957415	N:TG[C>T]AC	-1	215253.0	1506307691
JG0139d	8	115574274	U:AC[T>C]TG	-1	616859.0	1506924550
JG0139d	8	116375243	N:AG[T>G]TC	1	800969.0	1507725519
JG0139d	8	116994523	T:TC[T>C]TT	-1	619280.0	1508344799
JG0139d	8	117028337	U:AC[T>C]TT	1	33814.0	1508378613
JG0139d	8	117144448	T:AC[T>G]TG	-1	116111.0	1508494724
JG0139d	8	117205905	N:GC[T>C]CA	-1	61457.0	1508556181
JG0139d	8	117349566	N:CC[T>C]CA	-1	143661.0	1508699842
JG0139d	8	117511799	N:CC[T>A]CG	-1	162233.0	1508862075
JG0139d	8	117597378	N:GC[T>C]CA	-1	85579.0	1508947654
JG0139d	8	117912100	U:TG[T>A]CT	-1	314722.0	1509262376
JG0139d	8	117983021	T:AC[T>G]TC	1	70921.0	1509333297
JG0139d	8	118106546	U:TC[T>C]TT	-1	123525.0	1509456822
JG0139d	8	118114157	N:AC[T>C]TT	-1	7611.0	1509464433
JG0139d	8	118205306	T:TG[T>C]TT	1	91149.0	1509555582
JG0139d	8	118323445	T:TC[T>A]TG	1	118139.0	1509673721
JG0139d	8	118331424	T:TC[T>C]AA	1	7979.0	1509681700
JG0139d	8	118331442	T:CT[C>T]AA	1	18.0	1509681718
JG0139d	8	118477422	T:AG[C>T]AA	1	145980.0	1509827698
JG0139d	8	118608350	T:GC[T>C]TG	1	130928.0	1509958626
JG0139d	8	118778769	N:TC[T>G]TT	1	170419.0	1510129045
JG0139d	8	118836912	N:AG[T>C]CC	1	58143.0	1510187188
JG0139d	8	118840346	N:AC[T>G]TC	1	3434.0	1510190622
JG0139d	8	118933622	U:CC[T>C]GC	-1	93276.0	1510283898
JG0139d	8	118981844	N:TC[T>C]CA	1	48222.0	1510332120
JG0139d	8	119085180	T:TC[T>A]GC	-1	103336.0	1510435456
JG0139d	8	119109506	N:AC[T>C]CA	-1	24326.0	1510459782
JG0139d	8	119408922	N:TC[T>G]TA	1	299416.0	1510759198
JG0139d	8	119467602	N:TG[T>C]TT	-1	58680.0	1510817878
JG0139d	8	119509167	N:TC[T>G]TG	-1	41565.0	1510859443
JG0139d	8	119536914	N:GC[T>G]TC	-1	27747.0	1510887190
JG0139d	8	119947537	U:GG[T>A]TT	1	410623.0	1511297813
JG0139d	8	119988258	T:CC[T>G]TA	-1	40721.0	1511338534
JG0139d	8	120520402	T:TC[T>A]TA	-1	532144.0	1511870678
JG0139d	8	120533123	N:AC[T>G]TA	-1	12721.0	1511883399
JG0139d	8	120579272	T:TC[T>G]TG	1	46149.0	1511929548
JG0139d	8	120579817	T:AC[T>G]TA	1	545.0	1511930093
JG0139d	8	120623634	T:TC[T>C]CA	1	43817.0	1511973910
JG0139d	8	120673391	U:GC[T>G]TG	-1	49757.0	1512023667
JG0139d	8	120720895	U:AC[T>A]TG	-1	47504.0	1512071171
JG0139d	8	120933785	N:TC[T>C]CA	-1	212890.0	1512284061
JG0139d	8	121151324	N:AC[T>G]TA	-1	217539.0	1512501600
JG0139d	8	121165364	N:TC[T>C]GA	-1	14040.0	1512515640
JG0139d	8	121187025	N:TC[T>G]TA	-1	21661.0	1512537301
JG0139d	8	121342415	N:TG[T>C]TG	-1	155390.0	1512692691
JG0139d	8	121356660	N:AC[T>A]CA	1	14245.0	1512706936
JG0139d	8	121452730	N:AC[T>G]TA	-1	96070.0	1512803006
JG0139d	8	121661230	N:TC[T>A]TT	1	208500.0	1513011506
JG0139d	8	121680795	N:CC[T>G]CA	-1	19565.0	1513031071
JG0139d	8	121773577	N:GG[T>C]GG	1	92782.0	1513123853
JG0139d	8	122199255	N:AC[T>C]TT	-1	425678.0	1513549531
JG0139d	8	122308419	N:TG[T>C]GT	-1	109164.0	1513658695
JG0139d	8	122321117	N:GC[T>C]TG	1	12698.0	1513671393
JG0139d	8	122369695	N:CC[T>G]CA	1	48578.0	1513719971
JG0139d	8	122374124	N:AA[T>G]TA	-1	4429.0	1513724400
JG0139d	8	122375826	N:AC[T>C]TA	1	1702.0	1513726102
JG0139d	8	122415728	N:TC[C>A]TC	-1	39902.0	1513766004
JG0139d	8	122888261	U:TC[T>G]TT	1	472533.0	1514238537
JG0139d	8	122960569	T:TC[T>C]TC	-1	72308.0	1514310845
JG0139d	8	123309443	N:TG[T>A]TG	-1	348874.0	1514659719
JG0139d	8	123531830	U:TC[T>C]TG	-1	222387.0	1514882106
JG0139d	8	123600056	N:AC[T>C]TA	-1	68226.0	1514950332
JG0139d	8	123624969	N:AC[T>G]TA	-1	24913.0	1514975245
JG0139d	8	123968923	T:TC[T>G]TT	-1	343954.0	1515319199
JG0139d	8	124043484	T:TC[T>C]TA	-1	74561.0	1515393760
JG0139d	8	124117403	T:GC[T>G]TC	-1	73919.0	1515467679
JG0139d	8	124239854	N:GT[C>T]TG	1	122451.0	1515590130
JG0139d	8	124239855	N:TC[T>C]GC	1	1.0	1515590131
JG0139d	8	124258317	N:AC[T>G]TG	1	18462.0	1515608593
JG0139d	8	124273523	N:AC[T>G]CA	-1	15206.0	1515623799
JG0139d	8	124519755	T:GC[T>C]TT	1	246232.0	1515870031
JG0139d	8	124595592	U:TC[T>G]CA	-1	75837.0	1515945868
JG0139d	8	124651333	U:GC[T>C]CA	-1	55741.0	1516001609
JG0139d	8	124734247	N:CC[T>G]TT	-1	82914.0	1516084523
JG0139d	8	125056243	T:GC[T>C]TG	1	321996.0	1516406519
JG0139d	8	125288559	U:TT[T>G]TC	1	232316.0	1516638835
JG0139d	8	125668556	N:AC[T>C]CA	-1	379997.0	1517018832
JG0139d	8	125669818	N:AC[T>G]TC	-1	1262.0	1517020094
JG0139d	8	125762893	N:TT[T>C]TA	-1	93075.0	1517113169
JG0139d	8	125789036	N:AC[T>G]CG	1	26143.0	1517139312
JG0139d	8	125789512	N:AC[T>C]TG	-1	476.0	1517139788
JG0139d	8	125812838	N:AC[T>G]GA	-1	23326.0	1517163114
JG0139d	8	125814137	N:GC[T>C]CT	-1	1299.0	1517164413
JG0139d	8	125830488	N:AT[T>G]TA	-1	16351.0	1517180764
JG0139d	8	125836997	N:AC[T>A]TG	-1	6509.0	1517187273
JG0139d	8	125862630	N:GA[T>A]TA	-1	25633.0	1517212906
JG0139d	8	125941389	N:CC[T>A]TG	-1	78759.0	1517291665
JG0139d	8	125952505	N:AG[T>G]TA	-1	11116.0	1517302781
JG0139d	8	125972569	N:AC[T>C]CA	-1	20064.0	1517322845
JG0139d	8	126004383	N:AG[T>C]CA	-1	31814.0	1517354659
JG0139d	8	126016362	N:GG[T>G]TA	1	11979.0	1517366638
JG0139d	8	126036272	N:GC[T>G]CA	1	19910.0	1517386548
JG0139d	8	126375807	N:GC[T>C]GA	1	339535.0	1517726083
JG0139d	8	126485022	N:TC[T>G]TC	1	109215.0	1517835298
JG0139d	8	126765258	N:AC[T>C]CA	1	280236.0	1518115534
JG0139d	8	126784450	N:AC[T>G]TA	1	19192.0	1518134726
JG0139d	8	126809176	N:AG[T>G]TA	1	24726.0	1518159452
JG0139d	8	127304900	N:TC[T>A]TG	1	495724.0	1518655176
JG0139d	8	127331118	U:AC[T>G]TC	1	26218.0	1518681394
JG0139d	8	127390037	U:CC[T>G]TC	1	58919.0	1518740313
JG0139d	8	127429862	N:AG[T>A]CA	-1	39825.0	1518780138
JG0139d	8	127580346	N:GT[T>G]TG	1	150484.0	1518930622
JG0139d	8	127958062	N:CC[T>G]TC	-1	377716.0	1519308338
JG0139d	8	127977615	N:GG[T>C]TA	-1	19553.0	1519327891
JG0139d	8	128046047	N:TC[T>C]TG	-1	68432.0	1519396323
JG0139d	8	128215049	N:AC[T>C]TT	1	169002.0	1519565325
JG0139d	8	128305918	N:GG[T>C]TG	-1	90869.0	1519656194
JG0139d	8	128366906	N:AC[T>C]CA	1	60988.0	1519717182
JG0139d	8	128659018	N:TC[T>C]TG	1	292112.0	1520009294
JG0139d	8	128662967	N:GC[T>G]TG	-1	3949.0	1520013243
JG0139d	8	128777956	N:AG[T>G]CA	1	114989.0	1520128232
JG0139d	8	129001846	N:TC[T>C]TG	-1	223890.0	1520352122
JG0139d	8	129061479	N:AC[T>C]CT	-1	59633.0	1520411755
JG0139d	8	129070007	N:TC[T>C]TT	-1	8528.0	1520420283
JG0139d	8	129121837	N:AA[T>G]TT	-1	51830.0	1520472113
JG0139d	8	129638826	N:GC[T>G]TG	1	516989.0	1520989102
JG0139d	8	130097883	T:TC[T>C]CT	1	459057.0	1521448159
JG0139d	8	130719890	N:AG[T>G]TC	1	622007.0	1522070166
JG0139d	8	130758319	N:AC[T>G]TG	-1	38429.0	1522108595
JG0139d	8	130806521	U:TC[T>C]TA	-1	48202.0	1522156797
JG0139d	8	130806590	U:TC[T>C]TC	-1	69.0	1522156866
JG0139d	8	130818192	U:AC[T>G]TC	-1	11602.0	1522168468
JG0139d	8	130848517	T:AC[T>G]TA	1	30325.0	1522198793
JG0139d	8	130856184	U:GG[T>C]GA	-1	7667.0	1522206460
JG0139d	8	130917357	U:CC[T>C]TG	-1	61173.0	1522267633
JG0139d	8	130924976	U:TC[T>G]CA	-1	7619.0	1522275252
JG0139d	8	130928172	U:AC[T>C]TG	-1	3196.0	1522278448
JG0139d	8	130950469	U:AC[T>C]GC	-1	22297.0	1522300745
JG0139d	8	130975674	U:AC[T>G]TT	-1	25205.0	1522325950
JG0139d	8	131008751	T:AG[T>G]TT	1	33077.0	1522359027
JG0139d	8	131075551	N:GC[T>G]TA	-1	66800.0	1522425827
JG0139d	8	131149073	N:TG[T>G]TC	1	73522.0	1522499349
JG0139d	8	131157370	N:AC[T>G]TA	-1	8297.0	1522507646
JG0139d	8	131238176	N:TC[T>C]CT	-1	80806.0	1522588452
JG0139d	8	131283713	N:AA[T>G]TA	1	45537.0	1522633989
JG0139d	8	131757099	N:TC[T>C]CT	1	473386.0	1523107375
JG0139d	8	131760644	N:GG[T>G]TG	1	3545.0	1523110920
JG0139d	8	132185462	U:TC[T>C]CA	-1	424818.0	1523535738
JG0139d	8	132218007	U:AC[T>C]TG	-1	32545.0	1523568283
JG0139d	8	132285270	T:GG[T>C]TA	1	67263.0	1523635546
JG0139d	8	132431049	U:GC[T>C]CT	-1	145779.0	1523781325
JG0139d	8	132529715	N:AC[T>C]TA	1	98666.0	1523879991
JG0139d	8	132534757	N:TC[T>G]CA	1	5042.0	1523885033
JG0139d	8	132597470	T:GC[T>C]AG	1	62713.0	1523947746
JG0139d	8	132610479	T:AG[T>C]GA	1	13009.0	1523960755
JG0139d	8	132742325	U:TC[T>G]TG	-1	131846.0	1524092601
JG0139d	8	132964194	U:AC[T>G]TT	1	221869.0	1524314470
JG0139d	8	132991252	U:AC[T>C]CT	1	27058.0	1524341528
JG0139d	8	133100303	B:CC[T>G]TC	1	109051.0	1524450579
JG0139d	8	133220328	U:CC[T>G]TC	1	120025.0	1524570604
JG0139d	8	133515185	U:GC[T>C]CT	-1	294857.0	1524865461
JG0139d	8	133656727	N:TC[T>C]GG	-1	141542.0	1525007003
JG0139d	8	133944077	N:TC[T>A]TT	-1	287350.0	1525294353
JG0139d	8	134035789	N:TC[T>G]TT	-1	91712.0	1525386065
JG0139d	8	134176600	N:TC[T>C]AA	-1	140811.0	1525526876
JG0139d	8	134250503	N:GG[T>C]CT	1	73903.0	1525600779
JG0139d	8	134401724	N:GG[T>A]TG	-1	151221.0	1525752000
JG0139d	8	134484823	T:GG[T>C]CT	1	83099.0	1525835099
JG0139d	8	134576879	T:TC[T>C]TA	1	92056.0	1525927155
JG0139d	8	134598209	T:AA[C>T]GA	1	21330.0	1525948485
JG0139d	8	134674333	U:GC[T>G]TG	-1	76124.0	1526024609
JG0139d	8	134742189	N:AC[T>A]TA	-1	67856.0	1526092465
JG0139d	8	134778236	N:GG[T>A]TT	-1	36047.0	1526128512
JG0139d	8	134942797	N:AC[T>A]TA	-1	164561.0	1526293073
JG0139d	8	135064098	N:CC[T>C]CA	-1	121301.0	1526414374
JG0139d	8	135075422	N:GC[T>G]TC	-1	11324.0	1526425698
JG0139d	8	135075768	N:AC[T>C]GG	-1	346.0	1526426044
JG0139d	8	135103923	N:AC[T>G]TT	1	28155.0	1526454199
JG0139d	8	135157075	N:AG[T>G]TA	1	53152.0	1526507351
JG0139d	8	135183867	N:CC[T>G]TA	-1	26792.0	1526534143
JG0139d	8	135183887	N:TT[T>C]CA	-1	20.0	1526534163
JG0139d	8	135185723	N:CC[C>A]AT	-1	1836.0	1526535999
JG0139d	8	135322391	N:TC[T>C]CA	1	136668.0	1526672667
JG0139d	8	135505385	U:CC[T>C]TG	1	182994.0	1526855661
JG0139d	8	135581947	T:AC[T>C]CC	-1	76562.0	1526932223
JG0139d	8	135621260	T:TC[T>A]CA	-1	39313.0	1526971536
JG0139d	8	135697703	N:CC[T>G]TG	1	76443.0	1527047979
JG0139d	8	135713499	N:TG[T>C]TC	-1	15796.0	1527063775
JG0139d	8	135713558	N:GC[T>C]CC	-1	59.0	1527063834
JG0139d	8	136033661	N:AC[T>G]TT	1	320103.0	1527383937
JG0139d	8	136314630	N:AC[T>C]AG	1	280969.0	1527664906
JG0139d	8	136552672	N:TC[T>C]GA	1	238042.0	1527902948
JG0139d	8	136692506	N:AG[T>G]TT	1	139834.0	1528042782
JG0139d	8	137146228	N:GA[C>G]AC	-1	453722.0	1528496504
JG0139d	8	137586207	N:GT[C>A]TC	-1	439979.0	1528936483
JG0139d	8	137783868	N:TT[T>C]CT	1	197661.0	1529134144
JG0139d	8	138113763	N:TC[T>G]CC	-1	329895.0	1529464039
JG0139d	8	138277965	T:TG[T>A]TA	1	164202.0	1529628241
JG0139d	8	138746517	U:AG[T>C]GC	-1	468552.0	1530096793
JG0139d	8	138816364	T:CC[T>G]CC	1	69847.0	1530166640
JG0139d	8	138941989	N:GC[T>A]TG	-1	125625.0	1530292265
JG0139d	8	139025798	N:AG[T>G]AA	1	83809.0	1530376074
JG0139d	8	139034509	N:GC[T>C]AT	-1	8711.0	1530384785
JG0139d	8	139097115	N:CC[T>C]CA	-1	62606.0	1530447391
JG0139d	8	139128303	N:AG[T>A]CT	1	31188.0	1530478579
JG0139d	8	139156942	N:CC[T>A]TG	-1	28639.0	1530507218
JG0139d	8	139252553	N:TC[T>A]TT	1	95611.0	1530602829
JG0139d	8	139326150	N:AG[T>G]CA	1	73597.0	1530676426
JG0139d	8	139454037	N:AC[T>C]GA	1	127887.0	1530804313
JG0139d	8	139514909	N:TC[T>C]TG	1	60872.0	1530865185
JG0139d	8	139632857	T:GC[T>A]GC	1	117948.0	1530983133
JG0139d	8	139634456	T:AT[C>A]CG	1	1599.0	1530984732
JG0139d	8	139690979	T:TC[T>C]GT	1	56523.0	1531041255
JG0139d	8	139774183	U:AC[T>G]TC	-1	83204.0	1531124459
JG0139d	8	139782711	T:TG[T>A]TC	1	8528.0	1531132987
JG0139d	8	139876911	U:TC[T>C]CA	-1	94200.0	1531227187
JG0139d	8	139946398	T:CG[T>A]CA	1	69487.0	1531296674
JG0139d	8	140546756	T:TG[T>G]TA	1	600358.0	1531897032
JG0139d	8	141402452	T:AC[T>G]CA	-1	855696.0	1532752728
JG0139d	8	141406578	U:AC[T>C]CT	1	4126.0	1532756854
JG0139d	8	141572708	N:TC[T>A]TC	-1	166130.0	1532922984
JG0139d	8	141681862	N:GC[T>A]TA	-1	109154.0	1533032138
JG0139d	8	141696148	N:TC[T>C]CA	-1	14286.0	1533046424
JG0139d	8	141949166	N:AA[T>A]TT	-1	253018.0	1533299442
JG0139d	8	142030773	N:GC[T>G]TA	-1	81607.0	1533381049
JG0139d	8	142046881	N:TC[T>C]CA	1	16108.0	1533397157
JG0139d	8	142073851	N:GG[T>A]TG	-1	26970.0	1533424127
JG0139d	8	142252769	T:GC[T>C]GC	1	178918.0	1533603045
JG0139d	8	142547865	N:TC[T>C]CA	-1	295096.0	1533898141
JG0139d	8	143028346	N:AC[T>C]TG	-1	480481.0	1534378622
JG0139d	8	143126072	N:AC[T>G]TT	-1	97726.0	1534476348
JG0139d	8	143155879	N:AC[T>C]TG	1	29807.0	1534506155
JG0139d	9	260970	T:AG[T>G]TT	-1		1536749882
JG0139d	9	267441	T:AC[T>A]TG	-1	6471.0	1536756353
JG0139d	9	952282	U:AG[T>G]TT	1	684841.0	1537441194
JG0139d	9	1140704	N:AG[T>C]CC	1	188422.0	1537629616
JG0139d	9	1216041	N:AC[T>C]TA	1	75337.0	1537704953
JG0139d	9	1270301	N:TC[T>C]GA	1	54260.0	1537759213
JG0139d	9	1419981	N:TC[T>G]TG	1	149680.0	1537908893
JG0139d	9	1523510	N:CC[T>A]TG	1	103529.0	1538012422
JG0139d	9	1529525	N:CC[T>G]TA	1	6015.0	1538018437
JG0139d	9	1853120	N:GC[T>G]TC	1	323595.0	1538342032
JG0139d	9	1978033	N:AC[T>A]CT	1	124913.0	1538466945
JG0139d	9	2041985	U:AC[T>G]TA	1	63952.0	1538530897
JG0139d	9	2353697	N:TG[T>C]TT	1	311712.0	1538842609
JG0139d	9	2358169	N:TC[T>C]CA	1	4472.0	1538847081
JG0139d	9	2610978	N:CC[T>G]TC	1	252809.0	1539099890
JG0139d	9	2779813	N:AC[T>G]TA	1	168835.0	1539268725
JG0139d	9	2799240	N:AC[T>C]CA	1	19427.0	1539288152
JG0139d	9	3375920	U:AG[T>A]GG	-1	576680.0	1539864832
JG0139d	9	3413106	T:TG[T>C]CA	1	37186.0	1539902018
JG0139d	9	3501829	T:AA[T>G]TA	1	88723.0	1539990741
JG0139d	9	3992603	U:AC[T>A]CC	-1	490774.0	1540481515
JG0139d	9	4160732	T:AC[T>C]CT	1	168129.0	1540649644
JG0139d	9	4799786	U:GG[T>C]TG	1	639054.0	1541288698
JG0139d	9	5298449	N:GG[T>C]TT	-1	498663.0	1541787361
JG0139d	9	5810121	U:GA[C>A]AG	-1	511672.0	1542299033
JG0139d	9	6087464	N:TG[T>G]TA	1	277343.0	1542576376
JG0139d	9	6327211	N:AC[T>G]TT	1	239747.0	1542816123
JG0139d	9	6361083	N:TC[T>C]AC	1	33872.0	1542849995
JG0139d	9	6398647	N:TC[T>C]CA	1	37564.0	1542887559
JG0139d	9	7002187	U:AC[T>C]TG	1	603540.0	1543491099
JG0139d	9	7131798	U:TC[T>A]TG	1	129611.0	1543620710
JG0139d	9	7153675	U:AC[T>C]AG	1	21877.0	1543642587
JG0139d	9	8268793	N:GC[T>G]TA	1	1115118.0	1544757705
JG0139d	9	8473868	T:GC[T>C]TC	1	205075.0	1544962780
JG0139d	9	8517874	T:TG[T>G]CA	1	44006.0	1545006786
JG0139d	9	8641978	T:CC[T>C]TA	1	124104.0	1545130890
JG0139d	9	8728416	T:TC[T>C]TG	1	86438.0	1545217328
JG0139d	9	8812028	T:CC[T>G]TA	1	83612.0	1545300940
JG0139d	9	10109781	T:AC[T>C]CA	1	1297753.0	1546598693
JG0139d	9	10325794	U:TC[T>G]TC	-1	216013.0	1546814706
JG0139d	9	10588812	T:AA[T>C]TG	1	263018.0	1547077724
JG0139d	9	10750021	N:TC[T>A]TG	1	161209.0	1547238933
JG0139d	9	10768515	N:TC[T>C]CT	-1	18494.0	1547257427
JG0139d	9	10843953	N:AC[T>C]CA	-1	75438.0	1547332865
JG0139d	9	10903044	N:TC[T>C]AA	-1	59091.0	1547391956
JG0139d	9	11098495	N:TC[T>A]TA	1	195451.0	1547587407
JG0139d	9	11288417	N:AC[T>C]TT	1	189922.0	1547777329
JG0139d	9	11429849	N:AC[T>C]CC	1	141432.0	1547918761
JG0139d	9	11555436	N:TC[T>G]TA	1	125587.0	1548044348
JG0139d	9	11579569	N:TC[T>A]TC	1	24133.0	1548068481
JG0139d	9	11635692	N:AC[T>G]TT	1	56123.0	1548124604
JG0139d	9	11811360	N:TC[T>C]GA	1	175668.0	1548300272
JG0139d	9	12549034	N:CC[T>C]CC	1	737674.0	1549037946
JG0139d	9	12800676	U:TG[T>C]CT	1	251642.0	1549289588
JG0139d	9	13538273	N:TC[T>G]TA	-1	737597.0	1550027185
JG0139d	9	14385012	T:GC[T>G]TG	1	846739.0	1550873924
JG0139d	9	14935582	N:TG[T>C]GG	-1	550570.0	1551424494
JG0139d	9	15110214	N:GC[T>C]CA	1	174632.0	1551599126
JG0139d	9	16049627	N:CC[T>G]TG	1	939413.0	1552538539
JG0139d	9	16154652	N:AC[T>G]TG	1	105025.0	1552643564
JG0139d	9	16176900	N:TC[T>G]TT	1	22248.0	1552665812
JG0139d	9	16458277	T:AG[T>G]TA	1	281377.0	1552947189
JG0139d	9	16521058	U:TC[T>A]TA	-1	62781.0	1553009970
JG0139d	9	17029828	N:AC[T>C]TA	-1	508770.0	1553518740
JG0139d	9	17642103	U:TG[T>G]TA	1	612275.0	1554131015
JG0139d	9	17727344	T:TC[T>C]TA	-1	85241.0	1554216256
JG0139d	9	18413415	U:CC[T>G]CA	1	686071.0	1554902327
JG0139d	9	18542463	U:TG[T>A]GG	1	129048.0	1555031375
JG0139d	9	18859961	B:AC[T>C]TA	1	317498.0	1555348873
JG0139d	9	18966290	T:CC[T>G]TC	1	106329.0	1555455202
JG0139d	9	19104343	N:AC[T>C]CG	1	138053.0	1555593255
JG0139d	9	19160614	N:CC[T>C]GG	1	56271.0	1555649526
JG0139d	9	19353476	T:TC[T>C]TT	-1	192862.0	1555842388
JG0139d	9	20138698	N:TC[T>C]CA	1	785222.0	1556627610
JG0139d	9	20261171	N:CC[T>G]TA	1	122473.0	1556750083
JG0139d	9	20997602	N:AG[T>G]TA	1	736431.0	1557486514
JG0139d	9	22268252	N:AG[T>G]TA	-1	1270650.0	1558757164
JG0139d	9	22318831	N:AC[T>G]TG	-1	50579.0	1558807743
JG0139d	9	22432446	N:TG[T>C]CC	1	113615.0	1558921358
JG0139d	9	23460706	N:AC[T>C]TC	1	1028260.0	1559949618
JG0139d	9	24367902	N:TC[T>C]CT	1	907196.0	1560856814
JG0139d	9	24568937	N:AT[T>G]TG	1	201035.0	1561057849
JG0139d	9	26041262	N:TC[T>C]TG	-1	1472325.0	1562530174
JG0139d	9	26401795	N:AC[T>C]TC	1	360533.0	1562890707
JG0139d	9	27179634	U:TG[T>G]TA	1	777839.0	1563668546
JG0139d	9	27425785	T:CC[T>A]TT	1	246151.0	1563914697
JG0139d	9	27739500	N:TC[T>A]CA	-1	313715.0	1564228412
JG0139d	9	27743176	N:AT[T>G]TG	1	3676.0	1564232088
JG0139d	9	28051326	U:AC[T>G]TT	-1	308150.0	1564540238
JG0139d	9	28212201	U:TC[T>G]TC	-1	160875.0	1564701113
JG0139d	9	28933986	N:AT[T>G]TA	1	721785.0	1565422898
JG0139d	9	29302259	N:TG[T>G]TT	-1	368273.0	1565791171
JG0139d	9	29476254	N:TC[T>C]CT	1	173995.0	1565965166
JG0139d	9	29523624	N:TC[T>A]CA	-1	47370.0	1566012536
JG0139d	9	31360340	N:AT[C>T]TA	-1	1836716.0	1567849252
JG0139d	9	32051674	N:AC[T>G]CA	1	691334.0	1568540586
JG0139d	9	32140178	N:CC[T>G]TA	-1	88504.0	1568629090
JG0139d	9	34620179	T:GC[T>G]TA	1	2480001.0	1571109091
JG0139d	9	34766445	N:CA[T>A]TC	1	146266.0	1571255357
JG0139d	9	35005581	N:CC[T>G]TC	1	239136.0	1571494493
JG0139d	9	35112403	U:GC[T>C]CA	-1	106822.0	1571601315
JG0139d	9	35365611	T:GC[T>C]TA	-1	253208.0	1571854523
JG0139d	9	36016585	N:CC[T>A]CA	-1	650974.0	1572505497
JG0139d	9	36740256	N:CC[T>G]GA	1	723671.0	1573229168
JG0139d	9	37670188	U:TT[T>G]TA	1	929932.0	1574159100
JG0139d	9	37670239	U:TG[T>G]TA	1	51.0	1574159151
JG0139d	9	38317767	N:TC[T>G]TT	1	647528.0	1574806679
JG0139d	9	61621968	N:AC[T>G]TG	1	23304201.0	1598110880
JG0139d	9	69600319	T:TC[T>C]CT	1	7978351.0	1606089231
JG0139d	9	71401341	U:CT[C>G]TA	-1	1801022.0	1607890253
JG0139d	9	72963227	T:AC[T>C]TT	1	1561886.0	1609452139
JG0139d	9	74604537	U:AC[T>G]CA	1	1641310.0	1611093449
JG0139d	9	75404533	N:AG[T>G]CA	1	799996.0	1611893445
JG0139d	9	75477532	N:GA[T>G]TG	1	72999.0	1611966444
JG0139d	9	75749129	N:AC[T>G]TG	1	271597.0	1612238041
JG0139d	9	75750502	N:AC[T>C]CT	1	1373.0	1612239414
JG0139d	9	75768067	N:TA[T>C]CA	-1	17565.0	1612256979
JG0139d	9	76154349	U:AC[T>G]TA	1	386282.0	1612643261
JG0139d	9	76189512	T:TC[T>C]TT	-1	35163.0	1612678424
JG0139d	9	76996306	N:GC[T>C]TT	1	806794.0	1613485218
JG0139d	9	77499654	T:AC[T>G]AG	1	503348.0	1613988566
JG0139d	9	77829783	U:TG[T>G]TA	-1	330129.0	1614318695
JG0139d	9	77979323	T:AC[T>C]CC	1	149540.0	1614468235
JG0139d	9	78594001	N:AG[T>G]AA	1	614678.0	1615082913
JG0139d	9	78790636	N:TC[T>C]TT	-1	196635.0	1615279548
JG0139d	9	78952193	N:GC[T>C]CA	1	161557.0	1615441105
JG0139d	9	79581373	U:TG[T>A]TT	1	629180.0	1616070285
JG0139d	9	80929907	N:TC[T>A]TG	-1	1348534.0	1617418819
JG0139d	9	81250475	N:AG[T>C]GA	-1	320568.0	1617739387
JG0139d	9	81323922	N:AT[C>T]CT	1	73447.0	1617812834
JG0139d	9	82807782	N:CC[T>C]GA	-1	1483860.0	1619296694
JG0139d	9	83255675	U:AC[T>G]TT	-1	447893.0	1619744587
JG0139d	9	84330198	U:TC[T>C]TC	-1	1074523.0	1620819110
JG0139d	9	84455133	N:GA[T>G]TT	1	124935.0	1620944045
JG0139d	9	84751146	U:AC[T>A]CA	1	296013.0	1621240058
JG0139d	9	85867312	N:AG[T>G]TA	1	1116166.0	1622356224
JG0139d	9	85885869	N:TA[T>G]TA	1	18557.0	1622374781
JG0139d	9	86940269	N:CC[T>C]TT	-1	1054400.0	1623429181
JG0139d	9	88936784	N:AC[T>A]TG	1	1996515.0	1625425696
JG0139d	9	90684893	N:AC[T>G]TA	-1	1748109.0	1627173805
JG0139d	9	91017820	N:TC[T>C]CC	-1	332927.0	1627506732
JG0139d	9	91017863	N:AA[C>G]TA	-1	43.0	1627506775
JG0139d	9	91850548	U:GG[T>G]TC	-1	832685.0	1628339460
JG0139d	9	92029843	N:AC[T>C]TT	1	179295.0	1628518755
JG0139d	9	93015818	U:TC[T>G]CA	1	985975.0	1629504730
JG0139d	9	93595433	U:AC[T>G]TT	1	579615.0	1630084345
JG0139d	9	93620836	U:TC[T>G]TA	1	25403.0	1630109748
JG0139d	9	94164879	N:AC[T>G]TG	1	544043.0	1630653791
JG0139d	9	95114634	U:AC[T>C]CA	-1	949755.0	1631603546
JG0139d	9	95256907	T:AC[T>G]TT	1	142273.0	1631745819
JG0139d	9	95337723	N:CC[T>G]TT	1	80816.0	1631826635
JG0139d	9	96495626	N:GC[T>C]GG	1	1157903.0	1632984538
JG0139d	9	96589438	T:AT[T>G]TT	1	93812.0	1633078350
JG0139d	9	96680719	N:CC[T>G]TT	1	91281.0	1633169631
JG0139d	9	97110735	N:GC[T>G]TT	-1	430016.0	1633599647
JG0139d	9	97531461	T:AA[T>G]TT	-1	420726.0	1634020373
JG0139d	9	98183371	U:GC[T>G]TG	-1	651910.0	1634672283
JG0139d	9	98435042	U:GC[T>A]TT	-1	251671.0	1634923954
JG0139d	9	98956920	T:GG[T>G]TT	-1	521878.0	1635445832
JG0139d	9	99859073	T:AC[T>G]TT	-1	902153.0	1636347985
JG0139d	9	101205824	U:AC[T>G]TA	1	1346751.0	1637694736
JG0139d	9	101398731	N:AC[T>C]AC	-1	192907.0	1637887643
JG0139d	9	101430185	U:CC[T>C]GA	-1	31454.0	1637919097
JG0139d	9	101727833	T:AC[T>G]AG	1	297648.0	1638216745
JG0139d	9	101787767	N:AC[T>G]TG	1	59934.0	1638276679
JG0139d	9	102011057	N:AC[T>C]CA	1	223290.0	1638499969
JG0139d	9	102089144	N:AA[T>G]TA	1	78087.0	1638578056
JG0139d	9	102114799	N:TC[T>C]TG	1	25655.0	1638603711
JG0139d	9	102299306	N:TC[T>A]GG	1	184507.0	1638788218
JG0139d	9	102300610	N:AT[T>G]TA	1	1304.0	1638789522
JG0139d	9	102945633	N:TG[T>G]TA	1	645023.0	1639434545
JG0139d	9	103573558	N:GA[T>C]TA	1	627925.0	1640062470
JG0139d	9	103602874	N:TC[T>C]GT	1	29316.0	1640091786
JG0139d	9	103651202	N:GC[T>C]CA	1	48328.0	1640140114
JG0139d	9	104016581	N:AC[T>C]CT	1	365379.0	1640505493
JG0139d	9	104443914	N:TC[T>A]TA	-1	427333.0	1640932826
JG0139d	9	104713616	N:AA[T>G]TA	1	269702.0	1641202528
JG0139d	9	104869220	U:AC[T>G]TC	-1	155604.0	1641358132
JG0139d	9	104975372	N:AG[T>C]GA	-1	106152.0	1641464284
JG0139d	9	105943741	N:TG[T>C]TT	-1	968369.0	1642432653
JG0139d	9	106386904	N:TC[T>C]AG	1	443163.0	1642875816
JG0139d	9	106645325	N:AA[C>A]AA	-1	258421.0	1643134237
JG0139d	9	106750092	N:TC[T>C]TA	1	104767.0	1643239004
JG0139d	9	107090193	N:TC[T>A]TT	-1	340101.0	1643579105
JG0139d	9	107657700	N:GA[T>A]TA	-1	567507.0	1644146612
JG0139d	9	107982540	N:TC[T>C]CT	1	324840.0	1644471452
JG0139d	9	108075804	N:GG[T>C]GA	-1	93264.0	1644564716
JG0139d	9	108164161	N:GG[T>A]AG	-1	88357.0	1644653073
JG0139d	9	108448655	N:TC[T>C]TG	-1	284494.0	1644937567
JG0139d	9	108501552	N:GC[T>G]TG	1	52897.0	1644990464
JG0139d	9	108530235	N:GC[T>C]CA	1	28683.0	1645019147
JG0139d	9	108715131	N:CC[T>C]CA	1	184896.0	1645204043
JG0139d	9	108951884	U:TC[T>G]TT	-1	236753.0	1645440796
JG0139d	9	110205463	U:AC[T>A]TG	-1	1253579.0	1646694375
JG0139d	9	110210747	N:GG[C>A]AA	1	5284.0	1646699659
JG0139d	9	110447459	U:TC[T>C]GA	-1	236712.0	1646936371
JG0139d	9	110587539	N:CA[T>G]TC	1	140080.0	1647076451
JG0139d	9	110692608	U:TC[T>C]TG	1	105069.0	1647181520
JG0139d	9	110723783	T:AC[T>A]CG	-1	31175.0	1647212695
JG0139d	9	110765599	T:AC[T>C]CT	-1	41816.0	1647254511
JG0139d	9	110846537	N:TT[T>G]TC	-1	80938.0	1647335449
JG0139d	9	110846734	N:TC[T>G]TA	-1	197.0	1647335646
JG0139d	9	110971018	T:TC[T>C]CA	1	124284.0	1647459930
JG0139d	9	111085723	N:TG[T>G]AA	1	114705.0	1647574635
JG0139d	9	111088237	N:GC[T>C]TG	-1	2514.0	1647577149
JG0139d	9	112205179	N:AC[T>C]TA	1	1116942.0	1648694091
JG0139d	9	112840298	T:GC[T>C]TA	-1	635119.0	1649329210
JG0139d	9	113024239	T:CC[T>C]CT	1	183941.0	1649513151
JG0139d	9	113096320	N:TC[T>G]TG	-1	72081.0	1649585232
JG0139d	9	113580570	T:AC[T>G]TT	-1	484250.0	1650069482
JG0139d	9	113756283	N:TC[T>C]CA	1	175713.0	1650245195
JG0139d	9	113761266	N:AC[T>C]GA	1	4983.0	1650250178
JG0139d	9	115163116	N:TG[T>C]CA	1	1401850.0	1651652028
JG0139d	9	115454510	N:TC[T>C]TA	1	291394.0	1651943422
JG0139d	9	115547704	N:TA[T>A]TA	1	93194.0	1652036616
JG0139d	9	115606371	N:TC[T>A]TG	1	58667.0	1652095283
JG0139d	9	115726083	N:TC[T>G]CA	1	119712.0	1652214995
JG0139d	9	115833950	N:TC[T>C]TA	1	107867.0	1652322862
JG0139d	9	115873208	N:AC[T>A]GG	-1	39258.0	1652362120
JG0139d	9	115986422	N:AC[T>G]TC	-1	113214.0	1652475334
JG0139d	9	116016299	N:TC[T>G]TA	1	29877.0	1652505211
JG0139d	9	116052625	N:AG[T>G]TA	1	36326.0	1652541537
JG0139d	9	116086842	N:GC[T>C]GG	-1	34217.0	1652575754
JG0139d	9	116173227	U:AG[T>G]TA	1	86385.0	1652662139
JG0139d	9	116320096	U:AC[T>G]TA	1	146869.0	1652809008
JG0139d	9	116327955	U:AC[T>C]TG	1	7859.0	1652816867
JG0139d	9	116558038	T:TC[T>A]TT	1	230083.0	1653046950
JG0139d	9	116562997	U:TC[T>C]CC	-1	4959.0	1653051909
JG0139d	9	116563825	U:TC[T>C]GG	-1	828.0	1653052737
JG0139d	9	116633568	U:AC[T>C]TG	-1	69743.0	1653122480
JG0139d	9	116926567	U:GG[T>G]CA	-1	292999.0	1653415479
JG0139d	9	117242818	U:AC[T>G]TT	-1	316251.0	1653731730
JG0139d	9	118076933	N:GC[T>C]AA	1	834115.0	1654565845
JG0139d	9	118701856	N:TC[T>G]CA	1	624923.0	1655190768
JG0139d	9	118954083	N:AC[T>C]AA	-1	252227.0	1655442995
JG0139d	9	119280712	U:TC[T>C]CA	-1	326629.0	1655769624
JG0139d	9	119873443	N:TC[T>C]CA	-1	592731.0	1656362355
JG0139d	9	119949543	N:AC[T>A]TA	1	76100.0	1656438455
JG0139d	9	120061603	N:TC[T>G]CA	1	112060.0	1656550515
JG0139d	9	120345564	N:AG[T>C]CA	1	283961.0	1656834476
JG0139d	9	120938033	N:TC[T>C]CA	1	592469.0	1657426945
JG0139d	9	120992987	T:AT[T>G]TA	1	54954.0	1657481899
JG0139d	9	121142242	U:TC[T>C]GG	1	149255.0	1657631154
JG0139d	9	121286040	U:GC[T>G]TG	1	143798.0	1657774952
JG0139d	9	122624779	N:TC[T>G]TT	-1	1338739.0	1659113691
JG0139d	9	122633040	N:AC[T>C]TA	1	8261.0	1659121952
JG0139d	9	122796356	N:AC[T>G]TG	1	163316.0	1659285268
JG0139d	9	122917679	T:AC[T>C]CT	1	121323.0	1659406591
JG0139d	9	123282854	N:GC[T>G]CA	1	365175.0	1659771766
JG0139d	9	123533565	T:TC[T>A]GG	1	250711.0	1660022477
JG0139d	9	123666437	T:CC[T>C]CA	1	132872.0	1660155349
JG0139d	9	125567769	U:GG[T>G]TT	-1	1901332.0	1662056681
JG0139d	9	125783447	U:GC[T>G]TG	1	215678.0	1662272359
JG0139d	9	126301229	N:TC[T>G]TT	1	517782.0	1662790141
JG0139d	9	126315228	N:TC[T>C]CA	1	13999.0	1662804140
JG0139d	9	126852710	N:GC[T>C]CC	1	537482.0	1663341622
JG0139d	9	127006860	U:AT[C>T]TT	1	154150.0	1663495772
JG0139d	9	127006861	U:TC[T>G]TA	1	1.0	1663495773
JG0139d	9	127037008	U:AC[T>G]TA	1	30147.0	1663525920
JG0139d	9	127689907	T:AC[T>G]TG	-1	652899.0	1664178819
JG0139d	9	127910930	U:TC[T>G]TT	-1	221023.0	1664399842
JG0139d	9	128798056	U:AC[T>C]AG	1	887126.0	1665286968
JG0139d	9	129190153	N:TG[T>G]TG	-1	392097.0	1665679065
JG0139d	9	129582693	N:TC[T>G]CG	1	392540.0	1666071605
JG0139d	9	129673186	T:GC[T>G]TG	-1	90493.0	1666162098
JG0139d	9	130852473	U:TG[T>G]TC	1	1179287.0	1667341385
JG0139d	9	130986067	N:AC[T>C]TA	1	133594.0	1667474979
JG0139d	9	131573200	N:CC[T>G]CA	-1	587133.0	1668062112
JG0139d	9	131726222	U:TG[T>C]CC	-1	153022.0	1668215134
JG0139d	9	131833176	N:AC[T>G]TA	-1	106954.0	1668322088
JG0139d	9	132217089	U:GC[T>C]TC	1	383913.0	1668706001
JG0139d	9	132221824	U:TA[T>G]TA	1	4735.0	1668710736
JG0139d	9	132229837	U:GC[T>C]CC	1	8013.0	1668718749
JG0139d	9	132375100	N:TC[T>C]CT	-1	145263.0	1668864012
JG0139d	9	132387207	T:CC[T>C]CC	1	12107.0	1668876119
JG0139d	9	132501635	U:CC[T>C]CA	1	114428.0	1668990547
JG0139d	9	133013099	N:TC[T>A]CA	-1	511464.0	1669502011
JG0139d	9	133395422	U:TC[T>G]TC	1	382323.0	1669884334
JG0139d	9	133737006	T:TC[T>G]GA	1	341584.0	1670225918
JG0139d	9	133927948	T:GC[T>G]CA	1	190942.0	1670416860
JG0139d	9	134009567	N:TC[T>G]TG	-1	81619.0	1670498479
JG0139d	9	134425838	T:AC[T>C]CA	-1	416271.0	1670914750
JG0139d	9	134806627	T:CT[T>C]CG	-1	380789.0	1671295539
JG0139d	9	134840250	T:CC[T>A]GG	-1	33623.0	1671329162
JG0139d	9	135192462	N:TC[T>C]TG	-1	352212.0	1671681374
JG0139d	9	135416471	N:TC[T>C]CT	1	224009.0	1671905383
JG0139d	9	136271962	U:TC[T>A]TG	-1	855491.0	1672760874
JG0139d	9	136283887	T:GG[T>G]CT	1	11925.0	1672772799
JG0139d	9	136802409	T:GC[T>G]CT	-1	518522.0	1673291321
JG0139d	9	136956311	N:GC[T>C]CC	-1	153902.0	1673445223
JG0139d	9	137036396	N:GG[T>C]GA	-1	80085.0	1673525308
JG0139d	9	137126973	N:AC[T>A]TG	-1	90577.0	1673615885
JG0139d	9	138004238	T:AC[T>G]TA	-1	877265.0	1674493150
JG0139d	10	84800	N:AC[T>C]GA	-1		1674968429
JG0139d	10	278488	U:TC[T>A]TA	-1	193688.0	1675162117
JG0139d	10	457774	T:TC[T>A]CG	1	179286.0	1675341403
JG0139d	10	570944	T:CG[T>G]TA	1	113170.0	1675454573
JG0139d	10	622046	T:AC[T>C]GA	1	51102.0	1675505675
JG0139d	10	745078	N:AA[T>G]TA	1	123032.0	1675628707
JG0139d	10	1213389	U:AC[T>C]TG	-1	468311.0	1676097018
JG0139d	10	1354234	U:GC[T>C]CA	-1	140845.0	1676237863
JG0139d	10	1540233	U:TC[T>C]CA	-1	185999.0	1676423862
JG0139d	10	1596398	T:CA[T>G]TA	1	56165.0	1676480027
JG0139d	10	1724023	T:TC[T>A]CT	1	127625.0	1676607652
JG0139d	10	2280368	N:TA[T>G]TT	1	556345.0	1677163997
JG0139d	10	2537718	N:GC[T>G]TA	1	257350.0	1677421347
JG0139d	10	2570850	N:TT[C>A]AT	1	33132.0	1677454479
JG0139d	10	2685884	N:CA[T>C]TT	-1	115034.0	1677569513
JG0139d	10	2945396	N:TC[T>G]TA	-1	259512.0	1677829025
JG0139d	10	2985413	N:CC[T>G]TC	-1	40017.0	1677869042
JG0139d	10	3369750	N:AA[T>G]TA	1	384337.0	1678253379
JG0139d	10	3394330	N:AC[T>G]TT	1	24580.0	1678277959
JG0139d	10	3429613	N:TC[T>G]TA	1	35283.0	1678313242
JG0139d	10	3641917	N:AC[T>G]TT	-1	212304.0	1678525546
JG0139d	10	3647068	N:TC[T>A]TT	-1	5151.0	1678530697
JG0139d	10	3813444	N:CC[T>C]CA	-1	166376.0	1678697073
JG0139d	10	3912766	N:GC[T>C]CA	-1	99322.0	1678796395
JG0139d	10	3962280	N:TC[T>G]CA	1	49514.0	1678845909
JG0139d	10	3990754	N:TA[C>A]CT	1	28474.0	1678874383
JG0139d	10	4184118	N:GC[T>C]TG	-1	193364.0	1679067747
JG0139d	10	5097670	T:GG[T>G]TC	-1	913552.0	1679981299
JG0139d	10	6198487	U:AA[T>C]AA	1	1100817.0	1681082116
JG0139d	10	6291685	N:GC[T>G]TA	-1	93198.0	1681175314
JG0139d	10	6300942	N:TC[T>G]TG	1	9257.0	1681184571
JG0139d	10	6321628	N:AG[T>G]TA	-1	20686.0	1681205257
JG0139d	10	6513039	U:TC[T>A]CA	-1	191411.0	1681396668
JG0139d	10	6638980	N:AC[T>C]TG	-1	125941.0	1681522609
JG0139d	10	6785217	N:TC[T>C]CA	1	146237.0	1681668846
JG0139d	10	6870587	N:AG[T>G]TA	-1	85370.0	1681754216
JG0139d	10	7097588	N:TC[T>C]GG	-1	227001.0	1681981217
JG0139d	10	7137233	N:CC[T>G]TA	-1	39645.0	1682020862
JG0139d	10	7245072	U:AC[T>A]TG	-1	107839.0	1682128701
JG0139d	10	7451764	N:GC[T>C]TG	1	206692.0	1682335393
JG0139d	10	7541437	N:AC[T>C]CT	-1	89673.0	1682425066
JG0139d	10	7543542	N:AC[T>G]CA	1	2105.0	1682427171
JG0139d	10	7556689	N:TC[T>C]CA	-1	13147.0	1682440318
JG0139d	10	7580795	U:GC[T>G]CC	-1	24106.0	1682464424
JG0139d	10	7632949	U:AC[T>C]TA	-1	52154.0	1682516578
JG0139d	10	7777332	U:TC[T>C]CC	-1	144383.0	1682660961
JG0139d	10	8082591	N:CC[T>G]AA	1	305259.0	1682966220
JG0139d	10	8096621	N:TC[T>C]TG	-1	14030.0	1682980250
JG0139d	10	8119463	N:GC[T>C]CA	-1	22842.0	1683003092
JG0139d	10	8179120	N:AC[T>C]CT	-1	59657.0	1683062749
JG0139d	10	8251000	N:CC[T>A]CA	-1	71880.0	1683134629
JG0139d	10	8263871	N:AG[T>A]TG	1	12871.0	1683147500
JG0139d	10	8400240	N:AC[T>C]GT	1	136369.0	1683283869
JG0139d	10	8440476	N:AC[T>A]CA	-1	40236.0	1683324105
JG0139d	10	8450801	N:AC[T>C]CA	-1	10325.0	1683334430
JG0139d	10	8458416	N:AA[C>A]TC	-1	7615.0	1683342045
JG0139d	10	8467175	N:GC[T>G]TT	1	8759.0	1683350804
JG0139d	10	8538355	N:AC[T>C]TA	-1	71180.0	1683421984
JG0139d	10	8551733	N:AC[T>C]TA	-1	13378.0	1683435362
JG0139d	10	8569717	N:AG[T>C]TA	-1	17984.0	1683453346
JG0139d	10	8589618	N:TC[T>C]CA	-1	19901.0	1683473247
JG0139d	10	8817653	N:AC[T>A]CA	-1	228035.0	1683701282
JG0139d	10	8848500	N:GA[T>A]TA	-1	30847.0	1683732129
JG0139d	10	8880453	N:GA[T>G]TA	-1	31953.0	1683764082
JG0139d	10	9084808	N:TG[T>G]TT	1	204355.0	1683968437
JG0139d	10	9257525	N:TC[T>G]TA	-1	172717.0	1684141154
JG0139d	10	9297281	N:TC[T>C]TG	-1	39756.0	1684180910
JG0139d	10	9376346	N:GC[T>C]TT	-1	79065.0	1684259975
JG0139d	10	9417294	N:TC[T>C]CA	-1	40948.0	1684300923
JG0139d	10	9417297	N:AT[T>A]TC	-1	3.0	1684300926
JG0139d	10	9459791	N:TC[T>G]TA	-1	42494.0	1684343420
JG0139d	10	9501630	N:AC[T>G]CT	-1	41839.0	1684385259
JG0139d	10	9651860	N:TC[T>G]TT	1	150230.0	1684535489
JG0139d	10	9992831	N:GC[T>C]TG	-1	340971.0	1684876460
JG0139d	10	10142049	N:TC[T>A]TG	-1	149218.0	1685025678
JG0139d	10	10162806	N:TG[T>G]TA	-1	20757.0	1685046435
JG0139d	10	10389868	N:TC[T>A]CG	-1	227062.0	1685273497
JG0139d	10	10405128	N:CC[T>C]CT	-1	15260.0	1685288757
JG0139d	10	10410911	N:AT[T>G]TA	1	5783.0	1685294540
JG0139d	10	10411478	N:TC[T>G]TA	-1	567.0	1685295107
JG0139d	10	10440307	N:CT[T>A]CT	-1	28829.0	1685323936
JG0139d	10	10647904	N:AC[C>A]TC	-1	207597.0	1685531533
JG0139d	10	10842494	U:TC[T>G]TA	1	194590.0	1685726123
JG0139d	10	10912869	U:CC[T>G]TG	1	70375.0	1685796498
JG0139d	10	10944853	U:CC[T>G]CA	1	31984.0	1685828482
JG0139d	10	11208227	T:TC[T>C]TG	-1	263374.0	1686091856
JG0139d	10	11819377	N:TC[T>C]TG	1	611150.0	1686703006
JG0139d	10	12424009	U:TC[T>A]CG	1	604632.0	1687307638
JG0139d	10	12816518	U:GC[T>G]TC	1	392509.0	1687700147
JG0139d	10	13407361	N:CG[T>G]TC	-1	590843.0	1688290990
JG0139d	10	13702198	U:AC[T>G]TA	-1	294837.0	1688585827
JG0139d	10	13710123	U:CC[T>G]TA	-1	7925.0	1688593752
JG0139d	10	13727850	U:GC[T>G]TA	-1	17727.0	1688611479
JG0139d	10	13739152	U:AC[T>A]CA	-1	11302.0	1688622781
JG0139d	10	13744073	U:CC[T>G]TG	-1	4921.0	1688627702
JG0139d	10	13898275	U:TC[T>C]CC	-1	154202.0	1688781904
JG0139d	10	13936128	U:GG[T>C]AA	-1	37853.0	1688819757
JG0139d	10	13936327	U:AC[T>C]GG	-1	199.0	1688819956
JG0139d	10	14089053	U:GC[T>A]CA	-1	152726.0	1688972682
JG0139d	10	14116461	T:AG[C>A]AG	1	27408.0	1689000090
JG0139d	10	14162330	U:TG[T>G]TA	-1	45869.0	1689045959
JG0139d	10	14242244	U:TC[T>G]TC	-1	79914.0	1689125873
JG0139d	10	14309961	U:GG[T>A]TC	-1	67717.0	1689193590
JG0139d	10	14373185	U:CC[T>C]GG	-1	63224.0	1689256814
JG0139d	10	14489499	N:AC[T>C]TA	-1	116314.0	1689373128
JG0139d	10	14661348	U:AC[T>A]CA	-1	171849.0	1689544977
JG0139d	10	14676788	U:GG[T>A]GA	-1	15440.0	1689560417
JG0139d	10	14711979	T:AC[T>G]TT	1	35191.0	1689595608
JG0139d	10	14967047	U:TC[T>C]TA	1	255068.0	1689850676
JG0139d	10	15081585	U:AC[T>C]CA	-1	114538.0	1689965214
JG0139d	10	15399221	N:GC[T>G]TG	1	317636.0	1690282850
JG0139d	10	15700052	T:TC[T>C]TT	1	300831.0	1690583681
JG0139d	10	15817942	U:AC[T>C]CA	-1	117890.0	1690701571
JG0139d	10	15869984	N:CC[T>C]TG	-1	52042.0	1690753613
JG0139d	10	15946518	N:GG[T>C]TT	-1	76534.0	1690830147
JG0139d	10	16002105	N:TC[T>A]TT	-1	55587.0	1690885734
JG0139d	10	16004443	N:TC[T>C]AA	-1	2338.0	1690888072
JG0139d	10	16067284	N:TC[T>G]CA	-1	62841.0	1690950913
JG0139d	10	16087761	N:GC[T>G]TA	-1	20477.0	1690971390
JG0139d	10	16435175	N:TC[T>G]TA	1	347414.0	1691318804
JG0139d	10	16453634	T:AC[T>C]TA	-1	18459.0	1691337263
JG0139d	10	16914472	T:AA[T>G]TG	1	460838.0	1691798101
JG0139d	10	18320486	T:AC[T>C]TA	-1	1406014.0	1693204115
JG0139d	10	18439884	U:GA[T>G]TA	1	119398.0	1693323513
JG0139d	10	18676396	T:AC[T>C]TT	-1	236512.0	1693560025
JG0139d	10	18730511	N:AC[T>A]TT	-1	54115.0	1693614140
JG0139d	10	18875835	N:AC[T>C]CT	-1	145324.0	1693759464
JG0139d	10	18925155	N:GT[T>G]CA	-1	49320.0	1693808784
JG0139d	10	19061516	T:TC[T>C]TA	-1	136361.0	1693945145
JG0139d	10	19167767	U:GG[T>A]TA	1	106251.0	1694051396
JG0139d	10	19184264	T:AC[T>C]TG	-1	16497.0	1694067893
JG0139d	10	19279403	U:AC[T>G]TT	1	95139.0	1694163032
JG0139d	10	19283932	T:TC[T>A]CC	-1	4529.0	1694167561
JG0139d	10	19449593	T:TT[T>G]TA	-1	165661.0	1694333222
JG0139d	10	19449761	T:TA[T>G]TT	-1	168.0	1694333390
JG0139d	10	19563623	T:AC[T>C]TG	-1	113862.0	1694447252
JG0139d	10	19634780	U:AC[T>C]TA	1	71157.0	1694518409
JG0139d	10	19764830	N:AC[T>A]CC	1	130050.0	1694648459
JG0139d	10	19936831	U:CC[T>G]CA	1	172001.0	1694820460
JG0139d	10	19995789	U:AC[T>G]CA	1	58958.0	1694879418
JG0139d	10	20382514	N:TC[T>C]CA	-1	386725.0	1695266143
JG0139d	10	20394711	N:AC[T>C]GG	-1	12197.0	1695278340
JG0139d	10	20504398	N:AC[T>A]TG	-1	109687.0	1695388027
JG0139d	10	20622382	N:TC[T>A]TT	-1	117984.0	1695506011
JG0139d	10	20633390	N:TC[T>G]TA	1	11008.0	1695517019
JG0139d	10	20635500	N:GC[T>G]TG	-1	2110.0	1695519129
JG0139d	10	20636875	N:GG[T>A]AA	1	1375.0	1695520504
JG0139d	10	20805798	U:GC[T>C]CA	-1	168923.0	1695689427
JG0139d	10	20830153	U:AG[T>C]CA	-1	24355.0	1695713782
JG0139d	10	21199977	N:TC[T>C]CA	1	369824.0	1696083606
JG0139d	10	21760359	T:CC[T>G]CA	1	560382.0	1696643988
JG0139d	10	21794664	T:AG[T>G]TC	1	34305.0	1696678293
JG0139d	10	21798134	U:AC[T>C]TG	-1	3470.0	1696681763
JG0139d	10	21893394	U:CC[T>C]TG	-1	95260.0	1696777023
JG0139d	10	22204667	N:TC[T>C]TG	1	311273.0	1697088296
JG0139d	10	22519833	N:AC[T>C]TG	-1	315166.0	1697403462
JG0139d	10	22697643	T:AC[T>G]TG	1	177810.0	1697581272
JG0139d	10	22790856	N:TC[T>A]TG	1	93213.0	1697674485
JG0139d	10	22890941	N:TG[T>A]TG	1	100085.0	1697774570
JG0139d	10	23176043	N:AC[T>G]TT	-1	285102.0	1698059672
JG0139d	10	23391007	N:TG[T>G]TA	-1	214964.0	1698274636
JG0139d	10	23510789	N:GC[T>G]TA	-1	119782.0	1698394418
JG0139d	10	23684828	N:TG[T>C]GG	1	174039.0	1698568457
JG0139d	10	23686479	N:GC[T>C]TT	1	1651.0	1698570108
JG0139d	10	23780748	U:TC[T>G]CA	1	94269.0	1698664377
JG0139d	10	23819801	T:TC[T>A]CC	-1	39053.0	1698703430
JG0139d	10	23985751	T:AC[T>G]TG	-1	165950.0	1698869380
JG0139d	10	24010763	U:TC[T>A]TT	1	25012.0	1698894392
JG0139d	10	24097819	T:AA[T>C]TA	-1	87056.0	1698981448
JG0139d	10	24255084	T:GG[T>A]CA	-1	157265.0	1699138713
JG0139d	10	24323943	T:AC[T>G]TA	-1	68859.0	1699207572
JG0139d	10	24355325	U:AC[T>C]TG	1	31382.0	1699238954
JG0139d	10	24360283	T:AC[T>G]TG	-1	4958.0	1699243912
JG0139d	10	24662806	T:TC[T>G]TA	1	302523.0	1699546435
JG0139d	10	25573057	U:AC[T>C]TT	1	910251.0	1700456686
JG0139d	10	25605158	N:TC[T>C]TA	-1	32101.0	1700488787
JG0139d	10	25743343	N:AC[T>G]TC	-1	138185.0	1700626972
JG0139d	10	25831707	N:TC[T>A]CA	-1	88364.0	1700715336
JG0139d	10	26109278	T:AC[T>C]CT	-1	277571.0	1700992907
JG0139d	10	26185477	U:GA[T>G]TA	1	76199.0	1701069106
JG0139d	10	26234091	T:CC[T>G]CA	-1	48614.0	1701117720
JG0139d	10	27652557	N:GC[T>G]TG	-1	1418466.0	1702536186
JG0139d	10	28200178	U:AC[T>C]GG	-1	547621.0	1703083807
JG0139d	10	28240288	U:AC[T>G]TA	-1	40110.0	1703123917
JG0139d	10	28539653	T:AC[T>C]CA	-1	299365.0	1703423282
JG0139d	10	28806323	N:TC[T>A]CT	1	266670.0	1703689952
JG0139d	10	29198128	N:AC[T>G]TG	1	391805.0	1704081757
JG0139d	10	29567784	U:CC[T>G]CG	-1	369656.0	1704451413
JG0139d	10	29794669	N:GC[T>G]TA	1	226885.0	1704678298
JG0139d	10	29960584	N:GC[T>G]TG	1	165915.0	1704844213
JG0139d	10	30049534	T:TG[T>C]CC	1	88950.0	1704933163
JG0139d	10	30077491	N:AC[T>G]TA	-1	27957.0	1704961120
JG0139d	10	30201983	N:CC[T>G]CA	1	124492.0	1705085612
JG0139d	10	30282657	N:TA[T>G]TA	1	80674.0	1705166286
JG0139d	10	30516716	N:CC[T>C]CA	1	234059.0	1705400345
JG0139d	10	30546887	N:TC[T>G]TG	-1	30171.0	1705430516
JG0139d	10	30738952	N:TC[T>C]CA	-1	192065.0	1705622581
JG0139d	10	30739571	N:GC[T>A]CA	-1	619.0	1705623200
JG0139d	10	30853945	U:TC[T>C]CA	-1	114374.0	1705737574
JG0139d	10	30854229	U:TC[T>C]CC	-1	284.0	1705737858
JG0139d	10	30991427	T:AC[T>G]TG	1	137198.0	1705875056
JG0139d	10	31663382	N:AC[T>G]TA	-1	671955.0	1706547011
JG0139d	10	31679719	N:GC[T>G]TA	-1	16337.0	1706563348
JG0139d	10	32060211	N:AC[T>G]CA	1	380492.0	1706943840
JG0139d	10	32405384	N:CC[T>G]CA	1	345173.0	1707289013
JG0139d	10	32534782	U:AC[T>G]TG	1	129398.0	1707418411
JG0139d	10	32617172	U:TC[T>A]TG	1	82390.0	1707500801
JG0139d	10	32634424	U:AG[T>G]CT	1	17252.0	1707518053
JG0139d	10	32687394	U:GC[T>G]TG	1	52970.0	1707571023
JG0139d	10	32775136	U:AC[T>C]GC	1	87742.0	1707658765
JG0139d	10	32800378	T:AC[T>C]TA	-1	25242.0	1707684007
JG0139d	10	33969786	N:AC[T>A]CC	1	1169408.0	1708853415
JG0139d	10	34256591	T:CC[T>G]TG	1	286805.0	1709140220
JG0139d	10	34341561	U:GC[T>G]TA	-1	84970.0	1709225190
JG0139d	10	34397643	T:TC[T>G]TA	1	56082.0	1709281272
JG0139d	10	34399160	U:AC[T>G]TA	-1	1517.0	1709282789
JG0139d	10	34418283	T:CC[T>C]CC	1	19123.0	1709301912
JG0139d	10	34565502	U:AC[T>G]TG	-1	147219.0	1709449131
JG0139d	10	34571044	U:AG[T>A]TA	-1	5542.0	1709454673
JG0139d	10	34571751	U:AC[T>C]TG	-1	707.0	1709455380
JG0139d	10	34647951	T:AG[T>G]GA	1	76200.0	1709531580
JG0139d	10	34725804	T:AC[T>C]GA	1	77853.0	1709609433
JG0139d	10	35744435	N:GT[T>G]TC	-1	1018631.0	1710628064
JG0139d	10	35904322	N:GG[T>C]CA	1	159887.0	1710787951
JG0139d	10	35933316	N:AC[T>G]TG	1	28994.0	1710816945
JG0139d	10	35985243	N:AT[T>G]TT	1	51927.0	1710868872
JG0139d	10	36027936	N:TA[T>G]TC	1	42693.0	1710911565
JG0139d	10	36071896	N:CG[T>C]CA	1	43960.0	1710955525
JG0139d	10	36100661	N:AG[T>C]GT	1	28765.0	1710984290
JG0139d	10	36112119	N:TC[T>A]TT	-1	11458.0	1710995748
JG0139d	10	36122228	N:TG[T>G]TT	1	10109.0	1711005857
JG0139d	10	36215803	N:AA[T>G]TC	1	93575.0	1711099432
JG0139d	10	36246722	N:TA[T>G]AA	1	30919.0	1711130351
JG0139d	10	36468578	N:AC[T>A]CC	-1	221856.0	1711352207
JG0139d	10	36601782	N:CC[T>C]TA	1	133204.0	1711485411
JG0139d	10	36863164	N:AC[T>C]GG	1	261382.0	1711746793
JG0139d	10	36925377	N:TC[T>G]TA	1	62213.0	1711809006
JG0139d	10	37313705	U:AC[T>A]CA	1	388328.0	1712197334
JG0139d	10	37342855	U:AA[T>G]TT	1	29150.0	1712226484
JG0139d	10	37445453	N:TC[T>G]TA	1	102598.0	1712329082
JG0139d	10	37466946	N:GC[T>C]CA	1	21493.0	1712350575
JG0139d	10	37598244	N:AC[T>G]CA	-1	131298.0	1712481873
JG0139d	10	37627100	N:TG[T>A]TA	-1	28856.0	1712510729
JG0139d	10	37664647	N:TC[T>C]TG	-1	37547.0	1712548276
JG0139d	10	37750373	N:AC[T>C]TG	-1	85726.0	1712634002
JG0139d	10	37750374	N:TA[C>A]TT	-1	1.0	1712634003
JG0139d	10	37951429	T:AC[T>G]TG	1	201055.0	1712835058
JG0139d	10	38060361	T:AC[T>C]TA	-1	108932.0	1712943990
JG0139d	10	38072526	N:TC[T>A]CT	-1	12165.0	1712956155
JG0139d	10	38317845	N:AC[T>C]CC	1	245319.0	1713201474
JG0139d	10	38831541	N:AG[T>C]GT	1	513696.0	1713715170
JG0139d	10	39047131	N:TC[T>A]TA	1	215590.0	1713930760
JG0139d	10	39099809	N:TC[T>C]CA	1	52678.0	1713983438
JG0139d	10	39116610	N:TT[T>G]TA	1	16801.0	1714000239
JG0139d	10	39192445	N:AC[T>C]AG	1	75835.0	1714076074
JG0139d	10	39195165	N:CG[T>A]TT	1	2720.0	1714078794
JG0139d	10	39379759	N:AC[T>C]TC	-1	184594.0	1714263388
JG0139d	10	39416101	N:AG[T>G]TG	1	36342.0	1714299730
JG0139d	10	41836186	N:AC[T>C]CA	-1	2420085.0	1716719815
JG0139d	10	42327299	N:AC[T>C]CC	-1	491113.0	1717210928
JG0139d	10	42345629	N:GG[T>C]CA	1	18330.0	1717229258
JG0139d	10	42424995	N:GG[T>A]TT	1	79366.0	1717308624
JG0139d	10	42458789	N:AC[T>G]TT	-1	33794.0	1717342418
JG0139d	10	42476375	N:GC[T>C]CA	-1	17586.0	1717360004
JG0139d	10	42590891	T:TC[T>C]CT	1	114516.0	1717474520
JG0139d	10	42598371	T:TT[C>A]AT	1	7480.0	1717482000
JG0139d	10	42719725	N:TC[T>G]CA	1	121354.0	1717603354
JG0139d	10	43431557	N:TC[T>C]TG	-1	711832.0	1718315186
JG0139d	10	43523816	N:AC[T>C]CG	-1	92259.0	1718407445
JG0139d	10	43534735	N:TC[T>A]TG	1	10919.0	1718418364
JG0139d	10	43580984	N:GG[T>C]CT	1	46249.0	1718464613
JG0139d	10	43621887	N:CC[T>G]GA	1	40903.0	1718505516
JG0139d	10	43653249	N:AA[T>A]TA	1	31362.0	1718536878
JG0139d	10	43693223	N:AC[T>G]TA	1	39974.0	1718576852
JG0139d	10	43713215	N:TC[T>G]CA	-1	19992.0	1718596844
JG0139d	10	43861538	N:AG[T>C]CA	1	148323.0	1718745167
JG0139d	10	43899150	N:TG[T>C]GC	1	37612.0	1718782779
JG0139d	10	44006127	N:TC[T>G]TG	1	106977.0	1718889756
JG0139d	10	44032245	N:TC[T>C]TA	-1	26118.0	1718915874
JG0139d	10	44194833	N:AC[T>A]CC	1	162588.0	1719078462
JG0139d	10	44362261	N:TC[T>G]GT	1	167428.0	1719245890
JG0139d	10	44391631	N:TC[T>A]TG	1	29370.0	1719275260
JG0139d	10	44424617	N:CC[T>G]TA	1	32986.0	1719308246
JG0139d	10	44435554	N:AC[T>C]TT	1	10937.0	1719319183
JG0139d	10	44477143	N:CC[T>C]AG	1	41589.0	1719360772
JG0139d	10	44554840	N:AC[T>C]GA	-1	77697.0	1719438469
JG0139d	10	44568907	N:TT[T>G]TT	1	14067.0	1719452536
JG0139d	10	44574791	N:GC[T>G]CC	-1	5884.0	1719458420
JG0139d	10	44652315	N:TC[T>C]CA	-1	77524.0	1719535944
JG0139d	10	44669703	N:AG[T>C]TT	-1	17388.0	1719553332
JG0139d	10	44701735	N:TC[T>C]TG	1	32032.0	1719585364
JG0139d	10	44708972	N:AC[T>C]TT	-1	7237.0	1719592601
JG0139d	10	44747184	N:TC[T>C]TC	1	38212.0	1719630813
JG0139d	10	44751882	N:AC[T>C]TG	1	4698.0	1719635511
JG0139d	10	44761472	N:TC[T>A]TG	1	9590.0	1719645101
JG0139d	10	44830132	N:GC[T>G]TA	-1	68660.0	1719713761
JG0139d	10	44845481	N:GG[T>G]TA	-1	15349.0	1719729110
JG0139d	10	46180982	N:TC[T>G]TT	1	1335501.0	1721064611
JG0139d	10	46797201	N:TC[T>C]TT	-1	616219.0	1721680830
JG0139d	10	46890346	N:AT[T>A]TA	1	93145.0	1721773975
JG0139d	10	47036881	N:CC[T>C]GC	1	146535.0	1721920510
JG0139d	10	47056042	N:TC[T>G]CA	-1	19161.0	1721939671
JG0139d	10	47097485	N:TC[T>C]CC	-1	41443.0	1721981114
JG0139d	10	47145864	N:AC[T>A]TT	1	48379.0	1722029493
JG0139d	10	47159432	N:GG[T>G]GG	1	13568.0	1722043061
JG0139d	10	47216163	N:TC[T>A]TA	-1	56731.0	1722099792
JG0139d	10	47251475	N:AC[T>G]TA	-1	35312.0	1722135104
JG0139d	10	47347591	N:CC[T>A]CT	1	96116.0	1722231220
JG0139d	10	48211401	T:GC[T>C]CA	1	863810.0	1723095030
JG0139d	10	48298522	N:TC[T>C]TG	-1	87121.0	1723182151
JG0139d	10	48477130	T:TC[T>G]TA	1	178608.0	1723360759
JG0139d	10	48634254	T:AG[T>G]CC	1	157124.0	1723517883
JG0139d	10	48777815	T:AG[T>C]TG	-1	143561.0	1723661444
JG0139d	10	48954425	U:TC[T>G]TG	1	176610.0	1723838054
JG0139d	10	48963919	T:GC[T>C]GG	-1	9494.0	1723847548
JG0139d	10	49024636	T:GG[T>A]CT	1	60717.0	1723908265
JG0139d	10	49174417	T:CC[T>G]CC	1	149781.0	1724058046
JG0139d	10	49224154	N:GC[T>C]CA	1	49737.0	1724107783
JG0139d	10	49293905	N:TG[T>C]GA	1	69751.0	1724177534
JG0139d	10	49307912	U:CC[T>C]CA	1	14007.0	1724191541
JG0139d	10	49333228	N:AC[T>C]GA	1	25316.0	1724216857
JG0139d	10	49572657	N:CC[T>G]TA	1	239429.0	1724456286
JG0139d	10	49620740	T:TC[T>C]CG	-1	48083.0	1724504369
JG0139d	10	49690911	T:TC[T>C]GC	-1	70171.0	1724574540
JG0139d	10	50033335	N:AC[T>C]TG	-1	342424.0	1724916964
JG0139d	10	50207049	U:TC[T>C]GC	-1	173714.0	1725090678
JG0139d	10	50478912	U:CC[T>G]TG	-1	271863.0	1725362541
JG0139d	10	50524673	U:GC[T>G]CA	-1	45761.0	1725408302
JG0139d	10	50540662	U:AG[T>A]TT	-1	15989.0	1725424291
JG0139d	10	50554366	U:GC[T>C]TT	-1	13704.0	1725437995
JG0139d	10	50921379	N:GC[T>A]TG	-1	367013.0	1725805008
JG0139d	10	51149432	T:TC[T>A]TA	-1	228053.0	1726033061
JG0139d	10	51152661	T:AC[T>G]TA	-1	3229.0	1726036290
JG0139d	10	51304890	T:TC[T>C]GG	-1	152229.0	1726188519
JG0139d	10	51423892	T:AT[T>C]TA	-1	119002.0	1726307521
JG0139d	10	51563441	T:TC[T>C]CC	-1	139549.0	1726447070
JG0139d	10	51578540	T:TC[T>C]CA	-1	15099.0	1726462169
JG0139d	10	52350829	N:TC[T>G]CA	-1	772289.0	1727234458
JG0139d	10	52370906	N:CC[T>G]TG	1	20077.0	1727254535
JG0139d	10	52493877	N:GA[T>G]TG	1	122971.0	1727377506
JG0139d	10	52676880	N:GC[T>C]TA	-1	183003.0	1727560509
JG0139d	10	52888589	N:AC[T>G]TA	1	211709.0	1727772218
JG0139d	10	53057955	N:AC[T>G]TA	-1	169366.0	1727941584
JG0139d	10	53088941	N:AC[T>C]CA	-1	30986.0	1727972570
JG0139d	10	53487072	N:AC[T>G]TC	1	398131.0	1728370701
JG0139d	10	53721708	N:AG[T>G]TT	-1	234636.0	1728605337
JG0139d	10	53870423	T:TG[T>C]CA	1	148715.0	1728754052
JG0139d	10	54070033	T:AC[T>C]TA	1	199610.0	1728953662
JG0139d	10	54095769	T:AC[T>G]TC	1	25736.0	1728979398
JG0139d	10	54252701	T:CA[T>G]TA	1	156932.0	1729136330
JG0139d	10	54279636	U:TC[T>C]CC	-1	26935.0	1729163265
JG0139d	10	54610322	T:TC[T>G]TA	1	330686.0	1729493951
JG0139d	10	54650169	U:AC[T>G]TA	-1	39847.0	1729533798
JG0139d	10	54832898	T:AC[T>G]TC	1	182729.0	1729716527
JG0139d	10	55107686	T:GG[T>A]TT	1	274788.0	1729991315
JG0139d	10	55120060	T:AT[T>G]TA	1	12374.0	1730003689
JG0139d	10	55218871	U:TC[T>G]TA	-1	98811.0	1730102500
JG0139d	10	55274787	T:TC[T>C]CA	1	55916.0	1730158416
JG0139d	10	55304561	T:TC[T>C]AC	1	29774.0	1730188190
JG0139d	10	55324649	T:AC[T>C]GA	1	20088.0	1730208278
JG0139d	10	55337411	T:TG[T>G]TA	1	12762.0	1730221040
JG0139d	10	55407526	T:TC[T>G]TA	1	70115.0	1730291155
JG0139d	10	55565555	U:AC[T>G]TT	-1	158029.0	1730449184
JG0139d	10	55618688	T:AC[T>G]GA	1	53133.0	1730502317
JG0139d	10	55704214	N:AC[T>C]GA	-1	85526.0	1730587843
JG0139d	10	56048808	N:AG[T>G]TT	1	344594.0	1730932437
JG0139d	10	56108825	N:TC[T>C]TC	1	60017.0	1730992454
JG0139d	10	56156825	N:AC[T>G]TA	-1	48000.0	1731040454
JG0139d	10	56375251	N:TG[T>A]CA	1	218426.0	1731258880
JG0139d	10	56471769	N:CC[T>G]TG	1	96518.0	1731355398
JG0139d	10	56688088	N:GC[T>C]TA	-1	216319.0	1731571717
JG0139d	10	56888314	N:GC[T>G]TT	-1	200226.0	1731771943
JG0139d	10	56935302	N:CC[T>G]TA	-1	46988.0	1731818931
JG0139d	10	57080877	N:AC[T>C]CA	-1	145575.0	1731964506
JG0139d	10	57195601	N:GA[T>G]TA	1	114724.0	1732079230
JG0139d	10	57453762	N:GC[T>C]CA	-1	258161.0	1732337391
JG0139d	10	57883516	N:TG[T>G]TA	-1	429754.0	1732767145
JG0139d	10	57955059	N:GC[T>G]CA	1	71543.0	1732838688
JG0139d	10	57962993	N:TC[T>G]TC	-1	7934.0	1732846622
JG0139d	10	57977117	N:TC[T>G]TA	1	14124.0	1732860746
JG0139d	10	58073706	N:TC[T>G]CA	1	96589.0	1732957335
JG0139d	10	58081454	N:TG[T>C]GA	1	7748.0	1732965083
JG0139d	10	58443595	N:AC[T>G]TT	1	362141.0	1733327224
JG0139d	10	58624424	U:TG[T>G]TA	1	180829.0	1733508053
JG0139d	10	59724489	T:GT[T>G]TG	1	1100065.0	1734608118
JG0139d	10	59747664	T:AC[T>C]TG	1	23175.0	1734631293
JG0139d	10	59766953	N:CC[T>G]TT	1	19289.0	1734650582
JG0139d	10	59950278	N:AG[T>G]TA	-1	183325.0	1734833907
JG0139d	10	60514833	U:AC[T>G]TT	-1	564555.0	1735398462
JG0139d	10	60875617	T:AG[T>C]GA	1	360784.0	1735759246
JG0139d	10	60934759	T:TC[T>C]CA	1	59142.0	1735818388
JG0139d	10	61466258	N:TC[T>A]CA	1	531499.0	1736349887
JG0139d	10	62279771	N:GT[T>G]CC	1	813513.0	1737163400
JG0139d	10	62406415	U:AC[T>G]TG	1	126644.0	1737290044
JG0139d	10	62450269	T:AC[T>G]TA	-1	43854.0	1737333898
JG0139d	10	62785272	N:AG[T>C]TA	1	335003.0	1737668901
JG0139d	10	62878550	N:AC[T>G]TA	1	93278.0	1737762179
JG0139d	10	64062872	N:TG[T>A]TG	1	1184322.0	1738946501
JG0139d	10	64396649	N:AC[T>G]TG	1	333777.0	1739280278
JG0139d	10	64485713	N:AG[T>G]CA	-1	89064.0	1739369342
JG0139d	10	64515472	N:AC[T>C]TG	1	29759.0	1739399101
JG0139d	10	64557147	N:TC[T>A]CA	1	41675.0	1739440776
JG0139d	10	64591659	N:TC[T>C]TG	1	34512.0	1739475288
JG0139d	10	64632496	N:AC[T>A]TG	1	40837.0	1739516125
JG0139d	10	64648880	N:TC[T>C]CA	1	16384.0	1739532509
JG0139d	10	64780549	N:GC[T>C]AA	1	131669.0	1739664178
JG0139d	10	64960846	N:CC[T>G]TA	1	180297.0	1739844475
JG0139d	10	65062692	N:AC[T>G]CA	1	101846.0	1739946321
JG0139d	10	65233492	N:AC[T>G]TA	1	170800.0	1740117121
JG0139d	10	65489442	N:AC[T>G]TA	1	255950.0	1740373071
JG0139d	10	65512121	N:AC[T>G]TA	-1	22679.0	1740395750
JG0139d	10	66000379	U:AG[T>G]TA	-1	488258.0	1740884008
JG0139d	10	66253350	T:TC[T>C]TT	1	252971.0	1741136979
JG0139d	10	66593763	T:TC[T>C]TG	1	340413.0	1741477392
JG0139d	10	66862882	T:AG[T>G]TG	1	269119.0	1741746511
JG0139d	10	67142439	T:GG[T>G]TA	1	279557.0	1742026068
JG0139d	10	67199803	T:AT[T>G]TT	1	57364.0	1742083432
JG0139d	10	68182108	T:AC[T>A]TT	-1	982305.0	1743065737
JG0139d	10	68223883	N:GC[T>G]TG	1	41775.0	1743107512
JG0139d	10	68258502	N:TA[T>G]TT	1	34619.0	1743142131
JG0139d	10	69077973	N:TC[T>C]TG	1	819471.0	1743961602
JG0139d	10	69886168	U:GC[T>C]CA	1	808195.0	1744769797
JG0139d	10	69931414	U:TC[T>C]TA	1	45246.0	1744815043
JG0139d	10	69985870	N:TT[T>G]TA	1	54456.0	1744869499
JG0139d	10	71223116	U:GG[T>C]TG	1	1237246.0	1746106745
JG0139d	10	71730965	U:CC[T>C]GC	1	507849.0	1746614594
JG0139d	10	72798770	U:AC[T>G]TT	1	1067805.0	1747682399
JG0139d	10	73088903	U:AC[T>G]TA	-1	290133.0	1747972532
JG0139d	10	73225052	U:TG[T>G]TT	1	136149.0	1748108681
JG0139d	10	73320009	T:TC[T>C]CT	1	94957.0	1748203638
JG0139d	10	73602200	T:AT[T>G]TA	1	282191.0	1748485829
JG0139d	10	74476827	U:AG[T>G]TA	1	874627.0	1749360456
JG0139d	10	74538629	U:TG[T>G]TA	1	61802.0	1749422258
JG0139d	10	75115850	T:TC[T>C]CC	-1	577221.0	1749999479
JG0139d	10	75355390	N:GC[T>G]TG	-1	239540.0	1750239019
JG0139d	10	75513310	U:TC[T>C]TG	1	157920.0	1750396939
JG0139d	10	76132745	U:AC[T>C]TA	1	619435.0	1751016374
JG0139d	10	76353547	U:GC[T>A]TG	1	220802.0	1751237176
JG0139d	10	76442340	U:TC[T>G]CA	1	88793.0	1751325969
JG0139d	10	76736036	N:AC[T>C]CA	1	293696.0	1751619665
JG0139d	10	76749828	N:GC[T>G]TA	1	13792.0	1751633457
JG0139d	10	76794762	N:AC[T>G]TG	1	44934.0	1751678391
JG0139d	10	76882847	T:AC[T>C]TC	1	88085.0	1751766476
JG0139d	10	76979156	T:AC[T>G]TA	1	96309.0	1751862785
JG0139d	10	77118714	T:AC[T>A]CA	1	139558.0	1752002343
JG0139d	10	77193881	T:AC[T>C]CC	1	75167.0	1752077510
JG0139d	10	77453170	T:GC[T>G]TG	1	259289.0	1752336799
JG0139d	10	77508847	T:TG[T>A]CT	1	55677.0	1752392476
JG0139d	10	77518695	T:AC[T>G]TA	1	9848.0	1752402324
JG0139d	10	77704668	N:AG[T>G]TC	1	185973.0	1752588297
JG0139d	10	77865752	U:GC[T>G]TC	-1	161084.0	1752749381
JG0139d	10	78766849	N:AC[T>G]TC	1	901097.0	1753650478
JG0139d	10	80459008	U:AC[T>G]TT	1	1692159.0	1755342637
JG0139d	10	80475655	U:TC[T>C]TG	1	16647.0	1755359284
JG0139d	10	80581659	U:AC[T>G]TT	1	106004.0	1755465288
JG0139d	10	80815204	N:AC[T>C]CT	1	233545.0	1755698833
JG0139d	10	80947989	N:AG[T>G]TG	1	132785.0	1755831618
JG0139d	10	80966533	N:TC[T>C]TG	1	18544.0	1755850162
JG0139d	10	81046862	N:TG[T>C]GG	1	80329.0	1755930491
JG0139d	10	81224703	N:GC[T>G]TA	1	177841.0	1756108332
JG0139d	10	81233636	N:AC[T>C]TT	1	8933.0	1756117265
JG0139d	10	81572411	N:AC[T>G]TA	1	338775.0	1756456040
JG0139d	10	81588705	N:TC[T>G]TA	1	16294.0	1756472334
JG0139d	10	81590335	N:CC[T>G]CT	1	1630.0	1756473964
JG0139d	10	81602890	N:AC[T>G]TT	1	12555.0	1756486519
JG0139d	10	81614613	N:AC[T>C]CC	1	11723.0	1756498242
JG0139d	10	82224962	U:AT[T>G]TA	1	610349.0	1757108591
JG0139d	10	82356736	U:CC[T>A]TG	1	131774.0	1757240365
JG0139d	10	82949342	U:GG[T>G]TA	1	592606.0	1757832971
JG0139d	10	83374384	N:CC[T>A]CA	1	425042.0	1758258013
JG0139d	10	83541167	N:TC[T>G]TG	1	166783.0	1758424796
JG0139d	10	83803544	N:AC[T>C]CA	1	262377.0	1758687173
JG0139d	10	83881244	N:TC[T>C]CA	1	77700.0	1758764873
JG0139d	10	83918798	N:TC[T>A]CA	1	37554.0	1758802427
JG0139d	10	83991378	N:AC[T>A]CA	1	72580.0	1758875007
JG0139d	10	84041881	N:TC[T>C]CA	1	50503.0	1758925510
JG0139d	10	84042524	N:TC[T>A]TT	1	643.0	1758926153
JG0139d	10	84171888	N:AG[T>C]TC	1	129364.0	1759055517
JG0139d	10	84495516	U:TC[T>C]TG	1	323628.0	1759379145
JG0139d	10	84525338	N:AG[T>G]TA	-1	29822.0	1759408967
JG0139d	10	84738755	N:AG[T>G]TT	1	213417.0	1759622384
JG0139d	10	84962963	N:AA[T>G]TA	1	224208.0	1759846592
JG0139d	10	85086699	N:TC[T>C]CA	1	123736.0	1759970328
JG0139d	10	85289702	N:TG[T>G]TA	1	203003.0	1760173331
JG0139d	10	85295642	N:TC[T>A]TG	1	5940.0	1760179271
JG0139d	10	85320186	N:TC[T>C]GC	1	24544.0	1760203815
JG0139d	10	85444848	N:TC[T>C]GC	1	124662.0	1760328477
JG0139d	10	85509724	N:AC[T>G]TA	1	64876.0	1760393353
JG0139d	10	85759434	T:TC[T>C]TA	1	249710.0	1760643063
JG0139d	10	85836940	T:GC[T>A]GC	1	77506.0	1760720569
JG0139d	10	85849991	T:CC[T>A]CA	1	13051.0	1760733620
JG0139d	10	85867211	T:AC[T>G]TT	1	17220.0	1760750840
JG0139d	10	86740938	N:TC[T>G]TA	-1	873727.0	1761624567
JG0139d	10	87696724	T:TT[C>T]GT	-1	955786.0	1762580353
JG0139d	10	87808304	U:TC[T>G]TT	-1	111580.0	1762691933
JG0139d	10	87953602	U:AA[T>G]TA	1	145298.0	1762837231
JG0139d	10	88320578	T:AG[T>C]CT	1	366976.0	1763204207
JG0139d	10	88432597	T:CC[T>G]AT	1	112019.0	1763316226
JG0139d	10	88705516	N:AC[T>C]AA	-1	272919.0	1763589145
JG0139d	10	88726479	U:GC[T>G]GA	1	20963.0	1763610108
JG0139d	10	89337757	B:CC[T>A]CT	1	611278.0	1764221386
JG0139d	10	90473200	N:TC[T>C]TT	1	1135443.0	1765356829
JG0139d	10	90630881	N:TC[T>G]TT	-1	157681.0	1765514510
JG0139d	10	91106804	N:TT[C>T]CT	1	475923.0	1765990433
JG0139d	10	91106806	N:CC[T>G]TG	1	2.0	1765990435
JG0139d	10	91220540	U:GG[T>C]GG	1	113734.0	1766104169
JG0139d	10	91249702	T:CC[T>G]TG	-1	29162.0	1766133331
JG0139d	10	91977499	U:TC[T>G]TG	1	727797.0	1766861128
JG0139d	10	92116603	T:TC[T>G]TG	1	139104.0	1767000232
JG0139d	10	92138600	T:GC[T>G]CA	1	21997.0	1767022229
JG0139d	10	93031210	U:TC[C>T]TG	1	892610.0	1767914839
JG0139d	10	93151668	N:GC[T>G]TA	1	120458.0	1768035297
JG0139d	10	93312002	T:TC[T>A]GG	1	160334.0	1768195631
JG0139d	10	93412480	T:TC[T>G]TA	1	100478.0	1768296109
JG0139d	10	93755865	N:TG[T>G]TT	-1	343385.0	1768639494
JG0139d	10	94606139	T:AC[T>G]TG	-1	850274.0	1769489768
JG0139d	10	95026711	N:TC[T>C]TG	1	420572.0	1769910340
JG0139d	10	95080931	N:TC[T>G]TA	1	54220.0	1769964560
JG0139d	10	95126939	N:TC[T>G]TC	1	46008.0	1770010568
JG0139d	10	95129612	N:AG[T>G]TC	1	2673.0	1770013241
JG0139d	10	95321728	T:AG[T>G]TA	1	192116.0	1770205357
JG0139d	10	95555807	T:AC[T>C]CA	1	234079.0	1770439436
JG0139d	10	95973044	U:CC[T>G]TC	1	417237.0	1770856673
JG0139d	10	96315917	U:GG[T>G]TA	1	342873.0	1771199546
JG0139d	10	96319184	U:AC[T>G]AC	1	3267.0	1771202813
JG0139d	10	96868508	U:AC[T>C]CG	1	549324.0	1771752137
JG0139d	10	98862644	T:GC[T>A]TT	1	1994136.0	1773746273
JG0139d	10	99087545	T:TC[T>C]TA	1	224901.0	1773971174
JG0139d	10	99129287	T:AC[T>G]TA	1	41742.0	1774012916
JG0139d	10	99280983	N:AC[T>C]TA	1	151696.0	1774164612
JG0139d	10	99307683	N:TG[T>G]TA	1	26700.0	1774191312
JG0139d	10	99473587	N:TC[T>C]TG	1	165904.0	1774357216
JG0139d	10	99948277	T:TG[T>C]CA	1	474690.0	1774831906
JG0139d	10	100121147	N:GA[T>G]TT	1	172870.0	1775004776
JG0139d	10	100133066	N:TC[T>G]CA	1	11919.0	1775016695
JG0139d	10	100691089	N:AT[T>G]TG	1	558023.0	1775574718
JG0139d	10	100789420	U:TC[T>C]CT	1	98331.0	1775673049
JG0139d	10	101202059	N:GG[T>C]GT	1	412639.0	1776085688
JG0139d	10	101865937	T:TC[T>C]TG	1	663878.0	1776749566
JG0139d	10	101939503	T:TC[T>C]AG	1	73566.0	1776823132
JG0139d	10	102990814	U:CC[T>G]TG	1	1051311.0	1777874443
JG0139d	10	103464023	N:GC[T>G]TG	1	473209.0	1778347652
JG0139d	10	103471589	N:TC[T>G]TC	1	7566.0	1778355218
JG0139d	10	103541438	U:TC[T>G]AA	1	69849.0	1778425067
JG0139d	10	103892242	T:TC[T>C]TA	1	350804.0	1778775871
JG0139d	10	104017457	U:TC[T>G]TA	1	125215.0	1778901086
JG0139d	10	104385452	T:TC[T>G]TT	-1	367995.0	1779269081
JG0139d	10	104583232	N:CA[T>G]CA	1	197780.0	1779466861
JG0139d	10	104691006	U:GC[T>C]CA	1	107774.0	1779574635
JG0139d	10	104835609	U:TC[T>C]GA	1	144603.0	1779719238
JG0139d	10	104867479	U:TT[T>C]TT	1	31870.0	1779751108
JG0139d	10	105045512	U:GC[T>G]TA	1	178033.0	1779929141
JG0139d	10	105281195	N:TC[T>G]TT	1	235683.0	1780164824
JG0139d	10	105462864	N:TC[T>G]TC	1	181669.0	1780346493
JG0139d	10	105559201	N:AC[T>C]CT	1	96337.0	1780442830
JG0139d	10	105601370	N:GC[T>C]TC	1	42169.0	1780484999
JG0139d	10	105608910	N:TC[T>G]TT	-1	7540.0	1780492539
JG0139d	10	106170563	N:CC[T>G]TA	1	561653.0	1781054192
JG0139d	10	106387496	N:AC[T>A]AA	1	216933.0	1781271125
JG0139d	10	106482436	N:TC[T>C]TA	1	94940.0	1781366065
JG0139d	10	106666924	U:GC[T>G]TT	-1	184488.0	1781550553
JG0139d	10	106704563	T:GC[T>C]CC	1	37639.0	1781588192
JG0139d	10	106805533	T:AC[T>C]GA	1	100970.0	1781689162
JG0139d	10	106825236	T:AC[T>C]CA	1	19703.0	1781708865
JG0139d	10	107065731	T:GC[T>C]GG	1	240495.0	1781949360
JG0139d	10	107097904	T:CC[T>G]TG	1	32173.0	1781981533
JG0139d	10	107165283	N:TC[T>C]CG	1	67379.0	1782048912
JG0139d	10	107277619	N:GG[T>C]CC	1	112336.0	1782161248
JG0139d	10	107477498	N:CC[T>A]TA	1	199879.0	1782361127
JG0139d	10	107629864	N:TC[T>C]CA	1	152366.0	1782513493
JG0139d	10	107698436	N:AC[T>G]TG	-1	68572.0	1782582065
JG0139d	10	107732327	N:AC[T>A]CT	1	33891.0	1782615956
JG0139d	10	107743304	N:TC[T>C]CA	1	10977.0	1782626933
JG0139d	10	107967120	N:AG[C>A]TG	-1	223816.0	1782850749
JG0139d	10	107967122	N:GC[T>C]CT	1	2.0	1782850751
JG0139d	10	108024845	N:GC[T>C]TC	1	57723.0	1782908474
JG0139d	10	108200010	N:TC[T>A]TA	1	175165.0	1783083639
JG0139d	10	108220171	N:AA[T>G]TA	1	20161.0	1783103800
JG0139d	10	108842208	N:TT[T>G]TT	1	622037.0	1783725837
JG0139d	10	108967646	N:AC[T>A]CA	1	125438.0	1783851275
JG0139d	10	109393447	N:GG[C>A]TG	-1	425801.0	1784277076
JG0139d	10	109590116	N:GC[T>C]CT	1	196669.0	1784473745
JG0139d	10	109637160	N:AC[T>C]TG	1	47044.0	1784520789
JG0139d	10	109712403	N:AT[T>G]CA	-1	75243.0	1784596032
JG0139d	10	110282775	U:TG[T>C]GG	1	570372.0	1785166404
JG0139d	10	110744923	U:CC[T>C]TG	1	462148.0	1785628552
JG0139d	10	111240186	N:AG[T>G]CG	1	495263.0	1786123815
JG0139d	10	111250084	N:TC[T>C]AG	1	9898.0	1786133713
JG0139d	10	111250280	N:AG[T>G]TT	1	196.0	1786133909
JG0139d	10	111334857	N:TG[T>A]TA	1	84577.0	1786218486
JG0139d	10	111536631	N:AA[T>G]CT	1	201774.0	1786420260
JG0139d	10	111791252	N:TC[T>C]CA	1	254621.0	1786674881
JG0139d	10	111860049	N:CC[T>C]CA	1	68797.0	1786743678
JG0139d	10	111966910	N:TC[T>A]TG	1	106861.0	1786850539
JG0139d	10	112243102	N:AC[T>A]CA	1	276192.0	1787126731
JG0139d	10	112331467	N:TC[T>G]GT	1	88365.0	1787215096
JG0139d	10	112399312	U:TG[T>G]TA	1	67845.0	1787282941
JG0139d	10	112438568	T:TC[T>C]TA	1	39256.0	1787322197
JG0139d	10	113674295	N:TG[T>G]TC	-1	1235727.0	1788557924
JG0139d	10	114601444	T:TC[T>G]TA	1	927149.0	1789485073
JG0139d	10	114651333	T:AC[T>G]TG	1	49889.0	1789534962
JG0139d	10	114851387	T:AA[T>G]TA	-1	200054.0	1789735016
JG0139d	10	115322332	U:TC[T>G]TT	1	470945.0	1790205961
JG0139d	10	115429630	U:AC[T>G]TA	1	107298.0	1790313259
JG0139d	10	115722560	T:AC[T>G]TA	-1	292930.0	1790606189
JG0139d	10	115786331	U:GC[T>C]TA	1	63771.0	1790669960
JG0139d	10	115930392	U:AC[T>A]TC	1	144061.0	1790814021
JG0139d	10	115934792	U:GA[T>G]TA	1	4400.0	1790818421
JG0139d	10	116231348	T:TC[T>G]TA	1	296556.0	1791114977
JG0139d	10	116270683	T:TG[T>G]CC	1	39335.0	1791154312
JG0139d	10	116288317	N:TC[T>G]TG	1	17634.0	1791171946
JG0139d	10	116311998	N:CC[T>G]TT	1	23681.0	1791195627
JG0139d	10	116408693	N:TC[T>C]AA	1	96695.0	1791292322
JG0139d	10	116442646	U:AC[T>C]TG	1	33953.0	1791326275
JG0139d	10	116476563	U:TC[T>C]CT	1	33917.0	1791360192
JG0139d	10	116483471	N:TC[T>A]CA	1	6908.0	1791367100
JG0139d	10	116651375	N:CC[T>C]GA	1	167904.0	1791535004
JG0139d	10	116691967	T:TC[T>C]TG	1	40592.0	1791575596
JG0139d	10	118633876	N:AC[T>G]TG	1	1941909.0	1793517505
JG0139d	10	118650054	N:TG[T>C]CT	1	16178.0	1793533683
JG0139d	10	118794096	N:TG[T>G]TA	1	144042.0	1793677725
JG0139d	10	118881258	N:CC[T>G]CA	1	87162.0	1793764887
JG0139d	10	118988498	N:GG[T>G]CA	1	107240.0	1793872127
JG0139d	10	120205278	N:TC[T>G]TG	1	1216780.0	1795088907
JG0139d	10	120245318	N:GC[T>G]TC	1	40040.0	1795128947
JG0139d	10	120374753	N:TT[T>G]TC	1	129435.0	1795258382
JG0139d	10	120512358	U:GC[T>C]TA	1	137605.0	1795395987
JG0139d	10	120559886	U:AC[T>C]TG	1	47528.0	1795443515
JG0139d	10	120776064	N:AC[T>G]TA	1	216178.0	1795659693
JG0139d	10	121316547	N:TG[C>A]CA	1	540483.0	1796200176
JG0139d	10	121677051	N:AC[T>G]CA	1	360504.0	1796560680
JG0139d	10	122364205	N:GC[T>G]TC	1	687154.0	1797247834
JG0139d	10	122639612	U:TC[T>C]TC	1	275407.0	1797523241
JG0139d	10	123195498	N:GC[T>C]CA	1	555886.0	1798079127
JG0139d	10	123223306	N:TC[T>C]CC	1	27808.0	1798106935
JG0139d	10	123226459	N:TC[T>A]CT	1	3153.0	1798110088
JG0139d	10	123381772	N:AC[T>C]TT	-1	155313.0	1798265401
JG0139d	10	123567897	N:GC[T>C]GC	1	186125.0	1798451526
JG0139d	10	123579089	N:GC[T>G]TC	-1	11192.0	1798462718
JG0139d	10	123651610	N:CC[T>A]GC	-1	72521.0	1798535239
JG0139d	10	123916965	N:AG[T>G]TG	1	265355.0	1798800594
JG0139d	10	123983017	N:CC[T>G]TG	1	66052.0	1798866646
JG0139d	10	124090522	T:TC[T>G]CA	1	107505.0	1798974151
JG0139d	10	124635317	T:AC[T>C]CC	1	544795.0	1799518946
JG0139d	10	125486782	N:TC[T>A]TT	1	851465.0	1800370411
JG0139d	10	125665899	T:TC[T>C]TA	1	179117.0	1800549528
JG0139d	10	125884296	T:GA[T>C]CT	1	218397.0	1800767925
JG0139d	10	126133537	T:CC[T>G]CC	1	249241.0	1801017166
JG0139d	10	126262410	T:AC[T>A]CA	1	128873.0	1801146039
JG0139d	10	126501328	T:TC[T>G]TG	1	238918.0	1801384957
JG0139d	10	126614994	T:TC[T>C]GG	1	113666.0	1801498623
JG0139d	10	126627977	T:AC[T>C]TG	1	12983.0	1801511606
JG0139d	10	126694316	N:TC[T>G]TC	1	66339.0	1801577945
JG0139d	10	126703186	N:AG[T>C]CA	1	8870.0	1801586815
JG0139d	10	126704696	N:TC[T>G]CG	1	1510.0	1801588325
JG0139d	10	126754454	N:AG[T>G]TT	1	49758.0	1801638083
JG0139d	10	126945172	T:AG[C>A]TA	-1	190718.0	1801828801
JG0139d	10	127310436	U:GC[T>C]TT	1	365264.0	1802194065
JG0139d	10	127412558	U:GC[T>G]TC	1	102122.0	1802296187
JG0139d	10	127622990	N:TT[T>G]TT	1	210432.0	1802506619
JG0139d	10	127624937	N:AG[T>G]CT	1	1947.0	1802508566
JG0139d	10	127625047	N:AC[T>G]TA	1	110.0	1802508676
JG0139d	10	127705824	N:TC[T>C]TA	1	80777.0	1802589453
JG0139d	10	127725245	N:AC[T>C]GG	1	19421.0	1802608874
JG0139d	10	127797204	N:TT[T>G]TC	1	71959.0	1802680833
JG0139d	10	127798838	N:CT[C>A]TT	-1	1634.0	1802682467
JG0139d	10	127824830	N:CC[T>C]CC	1	25992.0	1802708459
JG0139d	10	127825008	N:GC[T>G]TA	1	178.0	1802708637
JG0139d	10	127825060	N:GC[T>C]TA	1	52.0	1802708689
JG0139d	10	127882373	T:GC[T>G]TA	1	57313.0	1802766002
JG0139d	10	128327208	N:CC[T>G]GG	1	444835.0	1803210837
JG0139d	10	128417108	N:GC[T>G]TA	1	89900.0	1803300737
JG0139d	10	128561789	N:TC[T>A]CA	1	144681.0	1803445418
JG0139d	10	128740398	N:TT[T>G]CA	-1	178609.0	1803624027
JG0139d	10	129100160	N:TC[T>C]CA	1	359762.0	1803983789
JG0139d	10	129142663	N:TC[T>C]TA	1	42503.0	1804026292
JG0139d	10	129340272	N:AG[T>C]GC	1	197609.0	1804223901
JG0139d	10	129479831	U:CC[T>C]TG	1	139559.0	1804363460
JG0139d	10	129508127	U:TC[T>C]CA	1	28296.0	1804391756
JG0139d	10	129596670	U:GA[T>G]TG	1	88543.0	1804480299
JG0139d	10	129838372	U:CC[T>G]TG	-1	241702.0	1804722001
JG0139d	10	130014510	N:GT[T>G]TG	-1	176138.0	1804898139
JG0139d	10	130072640	T:TC[T>G]TC	1	58130.0	1804956269
JG0139d	10	130125149	N:TC[T>C]CA	1	52509.0	1805008778
JG0139d	10	130244395	N:AC[T>G]TG	1	119246.0	1805128024
JG0139d	10	130917040	N:GG[T>C]TT	1	672645.0	1805800669
JG0139d	10	131555264	N:TG[T>G]CA	-1	638224.0	1806438893
JG0139d	10	131651508	N:GG[T>C]CT	1	96244.0	1806535137
JG0139d	10	131703521	N:TG[T>G]TA	1	52013.0	1806587150
JG0139d	10	132034892	N:CC[T>G]TG	1	331371.0	1806918521
JG0139d	10	132371226	T:GC[T>C]CC	-1	336334.0	1807254855
JG0139d	10	132719297	U:GG[T>G]TC	1	348071.0	1807602926
JG0139d	10	132893102	U:TG[C>T]CT	-1	173805.0	1807776731
JG0139d	10	132956410	N:CC[T>C]GC	1	63308.0	1807840039
JG0139d	11	1093474	N:TC[T>G]TG	-1		1809774525
JG0139d	11	2978727	T:TC[T>A]TA	1	1885253.0	1811659778
JG0139d	11	3676406	U:GC[T>C]CA	-1	697679.0	1812357457
JG0139d	11	3721265	T:AC[T>C]TG	1	44859.0	1812402316
JG0139d	11	3728909	T:AC[T>G]TA	1	7644.0	1812409960
JG0139d	11	4413622	N:TC[T>C]CA	1	684713.0	1813094673
JG0139d	11	4439890	N:AC[T>C]TT	1	26268.0	1813120941
JG0139d	11	4676542	N:TC[T>G]TA	1	236652.0	1813357593
JG0139d	11	4870655	U:AA[T>G]TT	1	194113.0	1813551706
JG0139d	11	4985706	U:TC[T>C]TA	1	115051.0	1813666757
JG0139d	11	5222257	N:CC[T>G]CA	1	236551.0	1813903308
JG0139d	11	5266287	T:TC[T>G]TG	1	44030.0	1813947338
JG0139d	11	5385390	B:TC[T>C]CA	1	119103.0	1814066441
JG0139d	11	5394327	T:AG[T>C]TT	1	8937.0	1814075378
JG0139d	11	5438998	T:AC[T>C]TC	1	44671.0	1814120049
JG0139d	11	5801858	T:AC[T>C]TG	1	362860.0	1814482909
JG0139d	11	5811446	T:AG[T>G]TG	1	9588.0	1814492497
JG0139d	11	5932635	T:CA[C>A]CT	1	121189.0	1814613686
JG0139d	11	6004145	U:AC[T>A]CC	-1	71510.0	1814685196
JG0139d	11	6052168	N:GC[T>G]TA	1	48023.0	1814733219
JG0139d	11	6157689	N:TC[T>G]TA	1	105521.0	1814838740
JG0139d	11	6449228	U:TC[T>C]CA	-1	291539.0	1815130279
JG0139d	11	6690075	N:TC[T>G]CA	-1	240847.0	1815371126
JG0139d	11	7253968	U:TG[T>A]CT	1	563893.0	1815935019
JG0139d	11	7473009	N:GC[T>G]TG	1	219041.0	1816154060
JG0139d	11	7721865	N:TT[T>G]TA	1	248856.0	1816402916
JG0139d	11	8117289	T:AC[T>C]CC	1	395424.0	1816798340
JG0139d	11	8123865	U:CC[T>A]GT	-1	6576.0	1816804916
JG0139d	11	8339738	N:GG[T>C]CG	1	215873.0	1817020789
JG0139d	11	8852771	U:GC[T>C]GC	-1	513033.0	1817533822
JG0139d	11	10012759	T:AT[T>G]TG	1	1159988.0	1818693810
JG0139d	11	10425033	T:AG[C>A]AG	-1	412274.0	1819106084
JG0139d	11	10888966	N:TC[T>A]CT	-1	463933.0	1819570017
JG0139d	11	11852510	U:TC[T>G]TA	1	963544.0	1820533561
JG0139d	11	11978692	T:AC[T>C]TG	1	126182.0	1820659743
JG0139d	11	12765653	U:AC[T>C]TG	1	786961.0	1821446704
JG0139d	11	13226391	N:GC[T>G]TG	-1	460738.0	1821907442
JG0139d	11	14072897	U:TC[T>C]CC	1	846506.0	1822753948
JG0139d	11	14801633	T:AC[T>G]AC	-1	728736.0	1823482684
JG0139d	11	15069936	U:GC[T>G]TA	1	268303.0	1823750987
JG0139d	11	15129535	U:AC[T>G]TA	1	59599.0	1823810586
JG0139d	11	15135670	U:TC[T>A]TC	1	6135.0	1823816721
JG0139d	11	15136618	U:AC[T>G]TC	1	948.0	1823817669
JG0139d	11	15455762	N:AG[T>A]TT	1	319144.0	1824136813
JG0139d	11	15464176	N:TC[T>G]TC	1	8414.0	1824145227
JG0139d	11	15496837	N:AC[T>A]TA	1	32661.0	1824177888
JG0139d	11	15522055	N:AT[T>G]TA	1	25218.0	1824203106
JG0139d	11	15562292	N:GC[T>A]CA	1	40237.0	1824243343
JG0139d	11	15887440	N:CC[T>A]GC	-1	325148.0	1824568491
JG0139d	11	15934323	N:AG[T>G]TG	1	46883.0	1824615374
JG0139d	11	16045073	T:AC[T>C]TC	1	110750.0	1824726124
JG0139d	11	18988836	N:AC[T>G]CA	1	2943763.0	1827669887
JG0139d	11	19420580	U:AC[T>C]AA	1	431744.0	1828101631
JG0139d	11	19797323	U:GG[T>C]TT	1	376743.0	1828478374
JG0139d	11	19913892	T:AG[T>G]TG	-1	116569.0	1828594943
JG0139d	11	20466307	T:AG[T>G]TC	-1	552415.0	1829147358
JG0139d	11	20781187	U:AC[T>G]TA	1	314880.0	1829462238
JG0139d	11	20998171	U:TC[T>A]CA	1	216984.0	1829679222
JG0139d	11	21313118	U:TG[T>C]CA	1	314947.0	1829994169
JG0139d	11	21350688	U:AA[T>G]TT	1	37570.0	1830031739
JG0139d	11	21382408	U:TG[T>G]TA	1	31720.0	1830063459
JG0139d	11	21448179	U:GC[T>G]TT	1	65771.0	1830129230
JG0139d	11	21517186	U:TC[T>C]CA	1	69007.0	1830198237
JG0139d	11	21545851	U:AC[T>G]TG	1	28665.0	1830226902
JG0139d	11	21685312	N:AC[T>C]GA	1	139461.0	1830366363
JG0139d	11	21776045	N:GG[T>G]TC	1	90733.0	1830457096
JG0139d	11	21936632	N:AC[T>C]TG	1	160587.0	1830617683
JG0139d	11	22044440	N:GC[T>C]TG	1	107808.0	1830725491
JG0139d	11	22283371	N:AC[T>C]CA	1	238931.0	1830964422
JG0139d	11	22298630	N:AC[T>G]TA	1	15259.0	1830979681
JG0139d	11	22322794	N:GA[T>G]TC	1	24164.0	1831003845
JG0139d	11	22430414	N:AC[T>A]TA	1	107620.0	1831111465
JG0139d	11	22451157	N:AC[T>G]TG	1	20743.0	1831132208
JG0139d	11	22475270	N:AA[C>G]TT	1	24113.0	1831156321
JG0139d	11	22475291	N:AC[T>G]CT	1	21.0	1831156342
JG0139d	11	22562798	N:AC[T>C]CA	1	87507.0	1831243849
JG0139d	11	22576576	N:TG[T>G]TA	1	13778.0	1831257627
JG0139d	11	22658185	U:GC[T>G]CA	1	81609.0	1831339236
JG0139d	11	22670069	U:TC[T>C]CT	1	11884.0	1831351120
JG0139d	11	23181107	N:AA[C>T]AC	1	511038.0	1831862158
JG0139d	11	23225323	N:AC[T>G]TG	1	44216.0	1831906374
JG0139d	11	23349635	N:TC[T>A]TG	1	124312.0	1832030686
JG0139d	11	24985358	U:TC[T>C]TT	1	1635723.0	1833666409
JG0139d	11	25020382	T:TC[T>G]GG	-1	35024.0	1833701433
JG0139d	11	25197624	N:TC[T>G]TA	1	177242.0	1833878675
JG0139d	11	26160881	N:TC[T>C]CT	1	963257.0	1834841932
JG0139d	11	26191454	N:AG[T>G]TA	-1	30573.0	1834872505
JG0139d	11	26556869	U:CC[T>C]TA	1	365415.0	1835237920
JG0139d	11	26593377	U:AC[T>C]TA	1	36508.0	1835274428
JG0139d	11	26617834	U:TT[C>T]TC	1	24457.0	1835298885
JG0139d	11	26620774	U:AC[T>G]TT	1	2940.0	1835301825
JG0139d	11	26669673	T:TC[T>G]TT	1	48899.0	1835350724
JG0139d	11	26891314	N:GC[T>G]TT	-1	221641.0	1835572365
JG0139d	11	26997508	N:AC[T>G]CA	1	106194.0	1835678559
JG0139d	11	27064924	T:TT[T>G]TT	-1	67416.0	1835745975
JG0139d	11	27575549	N:AG[T>G]AA	-1	510625.0	1836256600
JG0139d	11	28076518	T:TT[T>G]CT	1	500969.0	1836757569
JG0139d	11	28549396	N:AG[T>C]CA	1	472878.0	1837230447
JG0139d	11	28627145	N:CC[T>G]TG	1	77749.0	1837308196
JG0139d	11	28890038	N:AC[T>G]TA	1	262893.0	1837571089
JG0139d	11	28913942	N:TT[T>C]TT	1	23904.0	1837594993
JG0139d	11	29671242	N:TC[T>A]TG	1	757300.0	1838352293
JG0139d	11	29781043	N:AC[T>G]TA	1	109801.0	1838462094
JG0139d	11	29921726	N:CC[T>A]CC	1	140683.0	1838602777
JG0139d	11	30003599	N:TC[T>C]TG	1	81873.0	1838684650
JG0139d	11	30205721	N:AC[T>C]CG	1	202122.0	1838886772
JG0139d	11	30216818	N:TC[T>G]TC	1	11097.0	1838897869
JG0139d	11	31019475	T:GG[T>G]TA	1	802657.0	1839700526
JG0139d	11	31134777	T:AC[T>A]TG	1	115302.0	1839815828
JG0139d	11	31239578	T:AC[T>G]TA	1	104801.0	1839920629
JG0139d	11	31612815	U:AC[T>C]TA	1	373237.0	1840293866
JG0139d	11	31981151	T:TC[T>C]GA	-1	368336.0	1840662202
JG0139d	11	32077629	U:TC[T>A]TC	1	96478.0	1840758680
JG0139d	11	32288387	N:TG[T>G]TA	1	210758.0	1840969438
JG0139d	11	32307068	N:AC[T>C]CA	1	18681.0	1840988119
JG0139d	11	32311844	N:AC[T>G]TG	1	4776.0	1840992895
JG0139d	11	32621054	T:TC[T>C]CA	1	309210.0	1841302105
JG0139d	11	33536479	U:GC[T>G]CA	1	915425.0	1842217530
JG0139d	11	33606498	U:GT[C>T]CT	1	70019.0	1842287549
JG0139d	11	33676898	N:GC[T>G]TA	1	70400.0	1842357949
JG0139d	11	34171699	T:CC[C>A]AC	1	494801.0	1842852750
JG0139d	11	34307979	U:GC[T>A]CA	-1	136280.0	1842989030
JG0139d	11	35149609	U:AC[T>G]TC	1	841630.0	1843830660
JG0139d	11	35307150	T:TG[T>G]TT	1	157541.0	1843988201
JG0139d	11	35498972	T:AC[T>C]GT	1	191822.0	1844180023
JG0139d	11	35567565	N:CC[T>C]TG	1	68593.0	1844248616
JG0139d	11	35646187	N:AG[T>G]TC	1	78622.0	1844327238
JG0139d	11	35774696	U:AG[T>A]TT	1	128509.0	1844455747
JG0139d	11	35887277	N:TC[T>C]TG	1	112581.0	1844568328
JG0139d	11	35949772	U:AC[T>A]TA	1	62495.0	1844630823
JG0139d	11	36124643	U:TC[T>C]CC	1	174871.0	1844805694
JG0139d	11	36316109	U:AC[T>G]TT	1	191466.0	1844997160
JG0139d	11	36323504	U:AG[T>G]TG	1	7395.0	1845004555
JG0139d	11	36326992	U:AC[T>C]TA	1	3488.0	1845008043
JG0139d	11	36431246	U:AC[T>C]TG	1	104254.0	1845112297
JG0139d	11	36455064	U:AC[T>G]TC	1	23818.0	1845136115
JG0139d	11	36639245	U:GC[T>G]CA	1	184181.0	1845320296
JG0139d	11	36730372	N:TG[T>G]TA	1	91127.0	1845411423
JG0139d	11	37412796	N:AC[T>G]TG	1	682424.0	1846093847
JG0139d	11	37913646	N:TC[T>G]TG	-1	500850.0	1846594697
JG0139d	11	38210674	N:GC[T>C]CT	1	297028.0	1846891725
JG0139d	11	39338810	N:TC[T>A]TG	1	1128136.0	1848019861
JG0139d	11	40023284	N:AC[T>C]CA	1	684474.0	1848704335
JG0139d	11	40528002	T:CC[T>C]CC	1	504718.0	1849209053
JG0139d	11	40965936	T:CC[T>G]TG	1	437934.0	1849646987
JG0139d	11	41173690	T:TC[T>G]TT	1	207754.0	1849854741
JG0139d	11	41407561	T:CC[T>C]AA	1	233871.0	1850088612
JG0139d	11	41473713	N:AC[T>A]TG	1	66152.0	1850154764
JG0139d	11	41541208	N:AG[T>G]GA	1	67495.0	1850222259
JG0139d	11	42058907	N:AC[T>C]TG	1	517699.0	1850739958
JG0139d	11	42583757	N:AC[T>C]TG	1	524850.0	1851264808
JG0139d	11	42973475	N:TC[T>C]TA	1	389718.0	1851654526
JG0139d	11	43091816	N:TG[T>G]TA	1	118341.0	1851772867
JG0139d	11	43266735	N:AC[T>C]TA	1	174919.0	1851947786
JG0139d	11	43958820	N:AC[T>G]CA	1	692085.0	1852639871
JG0139d	11	44553110	N:AG[T>C]AC	1	594290.0	1853234161
JG0139d	11	45496379	N:TG[T>G]TA	1	943269.0	1854177430
JG0139d	11	45565080	N:GC[T>G]TA	1	68701.0	1854246131
JG0139d	11	46064068	U:AG[T>G]TC	-1	498988.0	1854745119
JG0139d	11	46320305	U:GC[T>A]TA	1	256237.0	1855001356
JG0139d	11	46322981	N:TC[T>C]GC	-1	2676.0	1855004032
JG0139d	11	46713054	N:AC[T>G]GA	-1	390073.0	1855394105
JG0139d	11	47017275	T:GC[T>G]TG	-1	304221.0	1855698326
JG0139d	11	47236195	T:AC[T>C]TT	-1	218920.0	1855917246
JG0139d	11	47383363	N:GG[T>C]CT	1	147168.0	1856064414
JG0139d	11	47714966	U:TC[T>C]CA	-1	331603.0	1856396017
JG0139d	11	48382319	N:AG[T>C]GC	1	667353.0	1857063370
JG0139d	11	48403162	N:GG[T>C]TC	1	20843.0	1857084213
JG0139d	11	48507418	N:CC[T>G]GA	-1	104256.0	1857188469
JG0139d	11	48636977	N:TT[C>A]TT	1	129559.0	1857318028
JG0139d	11	49128369	N:AC[T>C]AA	1	491392.0	1857809420
JG0139d	11	49244118	N:AC[T>C]CA	1	115749.0	1857925169
JG0139d	11	49985361	N:TC[T>G]TA	1	741243.0	1858666412
JG0139d	11	50113043	N:GA[T>G]TG	1	127682.0	1858794094
JG0139d	11	50145711	N:TG[T>C]TT	-1	32668.0	1858826762
JG0139d	11	50190581	N:TC[T>A]GG	-1	44870.0	1858871632
JG0139d	11	55159716	N:TT[T>C]CA	1	4969135.0	1863840767
JG0139d	11	55631064	N:GC[T>C]TG	1	471348.0	1864312115
JG0139d	11	55955057	N:TC[T>C]GA	1	323993.0	1864636108
JG0139d	11	56152178	N:GC[T>A]TG	1	197121.0	1864833229
JG0139d	11	56636597	N:AC[T>G]TA	1	484419.0	1865317648
JG0139d	11	57057985	N:TC[T>C]GA	1	421388.0	1865739036
JG0139d	11	57149859	N:AC[T>C]TG	1	91874.0	1865830910
JG0139d	11	57532420	N:GG[T>C]GA	-1	382561.0	1866213471
JG0139d	11	57589386	N:CC[T>C]AG	-1	56966.0	1866270437
JG0139d	11	57923953	N:AA[T>G]AA	-1	334567.0	1866605004
JG0139d	11	57969698	N:GG[T>G]TC	-1	45745.0	1866650749
JG0139d	11	58607414	U:GA[T>G]TG	1	637716.0	1867288465
JG0139d	11	59392958	N:TC[T>G]TA	-1	785544.0	1868074009
JG0139d	11	59444009	U:TC[T>C]AT	1	51051.0	1868125060
JG0139d	11	60192405	T:TC[T>G]AA	-1	748396.0	1868873456
JG0139d	11	60217166	B:TC[T>G]TA	-1	24761.0	1868898217
JG0139d	11	60306878	U:AT[C>T]AT	1	89712.0	1868987929
JG0139d	11	60346040	N:AC[T>G]GT	-1	39162.0	1869027091
JG0139d	11	60601427	N:TA[T>G]TG	-1	255387.0	1869282478
JG0139d	11	60744706	N:GC[T>C]TG	1	143279.0	1869425757
JG0139d	11	60752865	N:AC[T>G]TA	-1	8159.0	1869433916
JG0139d	11	60763405	T:CC[T>G]TC	-1	10540.0	1869444456
JG0139d	11	61037138	N:TC[T>A]GG	-1	273733.0	1869718189
JG0139d	11	61165568	N:CC[T>C]CA	1	128430.0	1869846619
JG0139d	11	61657429	N:AA[T>A]TT	-1	491861.0	1870338480
JG0139d	11	61919971	T:GC[T>G]TC	1	262542.0	1870601022
JG0139d	11	62008049	N:CC[T>C]CA	-1	88078.0	1870689100
JG0139d	11	62093562	N:GA[T>G]TA	-1	85513.0	1870774613
JG0139d	11	62836378	U:AG[T>G]TG	-1	742816.0	1871517429
JG0139d	11	63061964	N:TA[T>G]TT	1	225586.0	1871743015
JG0139d	11	63189058	U:CC[T>G]AA	-1	127094.0	1871870109
JG0139d	11	63457668	N:TC[T>G]TT	-1	268610.0	1872138719
JG0139d	11	63576544	U:GG[T>A]TC	-1	118876.0	1872257595
JG0139d	11	63635357	U:AC[T>G]TG	-1	58813.0	1872316408
JG0139d	11	64718563	U:AC[T>G]GT	-1	1083206.0	1873399614
JG0139d	11	64993770	U:CC[T>C]CA	-1	275207.0	1873674821
JG0139d	11	65384738	N:AG[T>G]GA	-1	390968.0	1874065789
JG0139d	11	67065946	T:CC[T>A]TT	-1	1681208.0	1875746997
JG0139d	11	67189809	T:GC[T>G]GG	-1	123863.0	1875870860
JG0139d	11	67253312	U:TC[T>C]TT	1	63503.0	1875934363
JG0139d	11	67891224	N:TG[T>C]AG	-1	637912.0	1876572275
JG0139d	11	68927612	U:GC[T>C]TA	1	1036388.0	1877608663
JG0139d	11	69112267	T:GC[T>C]TA	-1	184655.0	1877793318
JG0139d	11	69155584	U:GG[T>G]TG	1	43317.0	1877836635
JG0139d	11	69304376	N:CC[T>G]CT	-1	148792.0	1877985427
JG0139d	11	69329585	N:CC[T>G]CA	-1	25209.0	1878010636
JG0139d	11	69360978	N:TC[T>C]GG	-1	31393.0	1878042029
JG0139d	11	69386869	N:TC[T>C]TC	1	25891.0	1878067920
JG0139d	11	69436402	N:CC[T>A]CA	1	49533.0	1878117453
JG0139d	11	70683851	T:TC[T>G]TG	1	1247449.0	1879364902
JG0139d	11	70800574	T:GG[T>G]TA	1	116723.0	1879481625
JG0139d	11	70929276	T:CC[T>C]CG	1	128702.0	1879610327
JG0139d	11	71209632	T:CC[T>A]TG	1	280356.0	1879890683
JG0139d	11	71244557	N:TC[T>C]CC	1	34925.0	1879925608
JG0139d	11	71960346	T:GC[T>G]TA	-1	715789.0	1880641397
JG0139d	11	72358400	U:GG[T>C]CA	-1	398054.0	1881039451
JG0139d	11	72945416	T:AC[T>C]TA	1	587016.0	1881626467
JG0139d	11	73035553	T:AG[T>C]CA	1	90137.0	1881716604
JG0139d	11	73537788	U:CC[T>G]TG	-1	502235.0	1882218839
JG0139d	11	73869217	N:GC[T>G]GG	-1	331429.0	1882550268
JG0139d	11	74156124	U:AA[T>G]TT	-1	286907.0	1882837175
JG0139d	11	74486616	N:TC[T>G]CA	-1	330492.0	1883167667
JG0139d	11	74801665	T:GC[T>G]TA	-1	315049.0	1883482716
JG0139d	11	74984529	N:TT[T>G]TA	-1	182864.0	1883665580
JG0139d	11	75123827	T:TG[T>G]TC	-1	139298.0	1883804878
JG0139d	11	75200578	T:TC[T>G]TA	-1	76751.0	1883881629
JG0139d	11	75228513	N:TC[T>G]TA	1	27935.0	1883909564
JG0139d	11	75293613	U:AA[T>G]CA	-1	65100.0	1883974664
JG0139d	11	75316713	T:GG[T>C]CA	1	23100.0	1883997764
JG0139d	11	75479173	T:CC[T>A]GA	1	162460.0	1884160224
JG0139d	11	75486974	U:AC[T>G]TG	-1	7801.0	1884168025
JG0139d	11	75782785	T:GC[T>C]CT	-1	295811.0	1884463836
JG0139d	11	76638144	N:AC[T>G]AA	-1	855359.0	1885319195
JG0139d	11	76717160	N:GG[C>A]TG	-1	79016.0	1885398211
JG0139d	11	77229675	U:CC[T>G]TA	-1	512515.0	1885910726
JG0139d	11	79215291	T:TC[T>C]TA	1	1985616.0	1887896342
JG0139d	11	79249110	T:TC[T>G]TA	1	33819.0	1887930161
JG0139d	11	79482702	N:AC[T>G]TA	-1	233592.0	1888163753
JG0139d	11	80199433	N:AC[T>G]TT	-1	716731.0	1888880484
JG0139d	11	80361631	N:AC[T>C]TA	1	162198.0	1889042682
JG0139d	11	80388935	N:AC[T>A]TA	1	27304.0	1889069986
JG0139d	11	81152656	N:AC[T>A]GA	-1	763721.0	1889833707
JG0139d	11	81155658	N:TC[T>A]CA	1	3002.0	1889836709
JG0139d	11	81328835	N:CC[T>A]TG	1	173177.0	1890009886
JG0139d	11	81434654	N:TC[T>C]CT	1	105819.0	1890115705
JG0139d	11	81571801	N:AC[T>G]TG	1	137147.0	1890252852
JG0139d	11	81777839	N:TC[T>G]TT	1	206038.0	1890458890
JG0139d	11	81880585	N:AC[T>G]TA	1	102746.0	1890561636
JG0139d	11	81882654	N:TC[T>G]TT	1	2069.0	1890563705
JG0139d	11	82024114	N:TC[T>A]TT	1	141460.0	1890705165
JG0139d	11	82033588	N:AC[T>G]TC	1	9474.0	1890714639
JG0139d	11	82184362	N:AC[T>C]CA	1	150774.0	1890865413
JG0139d	11	82207436	N:GC[T>A]TA	1	23074.0	1890888487
JG0139d	11	82411244	N:AC[T>G]TT	1	203808.0	1891092295
JG0139d	11	82418668	N:AC[T>C]TG	1	7424.0	1891099719
JG0139d	11	82497662	N:TC[T>C]GG	1	78994.0	1891178713
JG0139d	11	82521049	N:TG[T>C]CT	1	23387.0	1891202100
JG0139d	11	82612558	N:CC[T>C]CG	1	91509.0	1891293609
JG0139d	11	82797630	N:AC[T>G]TT	-1	185072.0	1891478681
JG0139d	11	83049961	U:TC[T>C]CT	-1	252331.0	1891731012
JG0139d	11	83879122	U:AA[T>G]TT	-1	829161.0	1892560173
JG0139d	11	84045134	T:AC[T>G]TT	1	166012.0	1892726185
JG0139d	11	84101042	T:AC[T>G]TA	1	55908.0	1892782093
JG0139d	11	85731417	U:TC[T>C]GA	-1	1630375.0	1894412468
JG0139d	11	85870602	U:AC[T>G]TG	1	139185.0	1894551653
JG0139d	11	86436772	N:AA[T>C]TT	1	566170.0	1895117823
JG0139d	11	86628101	T:TC[T>G]TT	1	191329.0	1895309152
JG0139d	11	86729982	N:GG[T>A]CA	1	101881.0	1895411033
JG0139d	11	86730776	N:AA[T>G]TT	-1	794.0	1895411827
JG0139d	11	87951191	N:GC[T>G]TC	1	1220415.0	1896632242
JG0139d	11	88020603	N:AC[T>G]TA	1	69412.0	1896701654
JG0139d	11	88140329	T:TT[C>G]TG	1	119726.0	1896821380
JG0139d	11	88261413	N:TC[T>G]TC	1	121084.0	1896942464
JG0139d	11	88345550	N:TC[T>C]CA	1	84137.0	1897026601
JG0139d	11	88642710	T:AC[T>C]TG	1	297160.0	1897323761
JG0139d	11	88900876	U:CA[T>C]CA	-1	258166.0	1897581927
JG0139d	11	89051677	T:AC[T>C]CC	1	150801.0	1897732728
JG0139d	11	89097945	N:AC[T>C]TG	1	46268.0	1897778996
JG0139d	11	89707545	N:GG[T>C]CC	1	609600.0	1898388596
JG0139d	11	89737533	N:AC[T>C]GA	1	29988.0	1898418584
JG0139d	11	90195942	N:AC[T>G]TG	1	458409.0	1898876993
JG0139d	11	92508625	U:GC[T>G]TT	1	2312683.0	1901189676
JG0139d	11	92782256	U:GG[T>G]TC	1	273631.0	1901463307
JG0139d	11	93450170	N:AG[C>A]AT	-1	667914.0	1902131221
JG0139d	11	93872130	N:GC[T>G]TT	-1	421960.0	1902553181
JG0139d	11	95079313	N:TC[T>C]TA	1	1207183.0	1903760364
JG0139d	11	95136990	N:TC[T>G]TA	1	57677.0	1903818041
JG0139d	11	95639934	N:CC[T>C]TG	1	502944.0	1904320985
JG0139d	11	96003269	U:TC[T>G]TA	-1	363335.0	1904684320
JG0139d	11	96013111	U:TC[T>C]CT	-1	9842.0	1904694162
JG0139d	11	96173207	T:TC[T>G]TG	1	160096.0	1904854258
JG0139d	11	96175033	U:GC[T>G]TG	-1	1826.0	1904856084
JG0139d	11	96418862	N:GG[T>G]TA	-1	243829.0	1905099913
JG0139d	11	96578259	N:AC[T>C]CT	-1	159397.0	1905259310
JG0139d	11	96644330	N:GG[T>G]TG	-1	66071.0	1905325381
JG0139d	11	97098506	N:TC[T>G]CA	-1	454176.0	1905779557
JG0139d	11	97457939	N:CC[T>C]TG	1	359433.0	1906138990
JG0139d	11	97566844	N:AC[C>A]TC	-1	108905.0	1906247895
JG0139d	11	98357727	N:TC[T>C]CA	1	790883.0	1907038778
JG0139d	11	98553680	N:AC[T>G]TT	1	195953.0	1907234731
JG0139d	11	98808626	N:TC[T>C]TT	1	254946.0	1907489677
JG0139d	11	98823519	N:CC[T>C]CA	1	14893.0	1907504570
JG0139d	11	98978919	N:AC[T>G]CA	1	155400.0	1907659970
JG0139d	11	99261406	U:GC[T>C]TT	1	282487.0	1907942457
JG0139d	11	99651982	U:AC[T>G]TG	1	390576.0	1908333033
JG0139d	11	99663775	U:CC[T>C]GA	1	11793.0	1908344826
JG0139d	11	99906003	U:AG[T>C]TT	1	242228.0	1908587054
JG0139d	11	100000965	U:AG[T>A]GG	1	94962.0	1908682016
JG0139d	11	100206114	T:GC[T>G]TC	-1	205149.0	1908887165
JG0139d	11	100213948	U:GC[T>G]TG	1	7834.0	1908894999
JG0139d	11	100244997	U:TC[T>C]CA	1	31049.0	1908926048
JG0139d	11	100254112	U:TC[T>C]TG	1	9115.0	1908935163
JG0139d	11	100401304	N:AC[T>G]TG	1	147192.0	1909082355
JG0139d	11	100417409	N:AA[T>G]TG	1	16105.0	1909098460
JG0139d	11	100471700	N:CC[T>C]CT	1	54291.0	1909152751
JG0139d	11	100523141	N:AT[T>G]TT	1	51441.0	1909204192
JG0139d	11	100575588	N:TC[T>A]TG	1	52447.0	1909256639
JG0139d	11	100733344	U:GC[T>C]TA	1	157756.0	1909414395
JG0139d	11	100931264	U:AC[T>A]TT	1	197920.0	1909612315
JG0139d	11	100960846	T:AC[T>G]CA	-1	29582.0	1909641897
JG0139d	11	101029220	N:CC[T>G]TA	1	68374.0	1909710271
JG0139d	11	101165809	N:CC[T>C]CT	1	136589.0	1909846860
JG0139d	11	101169979	N:TC[T>A]TG	1	4170.0	1909851030
JG0139d	11	101565502	T:TC[T>C]TT	1	395523.0	1910246553
JG0139d	11	101574657	T:TC[T>G]TA	1	9155.0	1910255708
JG0139d	11	101582913	T:TC[T>A]CT	1	8256.0	1910263964
JG0139d	11	101594311	N:CC[T>G]TC	-1	11398.0	1910275362
JG0139d	11	102194177	U:TC[T>G]TA	1	599866.0	1910875228
JG0139d	11	102670116	N:AC[T>C]TT	1	475939.0	1911351167
JG0139d	11	102816220	N:AC[T>C]TG	1	146104.0	1911497271
JG0139d	11	102946121	U:AG[T>G]GC	-1	129901.0	1911627172
JG0139d	11	103112781	T:TC[T>G]TT	-1	166660.0	1911793832
JG0139d	11	103164525	U:AC[T>G]TT	1	51744.0	1911845576
JG0139d	11	103272994	U:TC[T>G]TG	1	108469.0	1911954045
JG0139d	11	103799066	N:GC[T>C]CC	1	526072.0	1912480117
JG0139d	11	103809592	N:AC[T>C]TT	1	10526.0	1912490643
JG0139d	11	103858065	N:GC[T>G]TA	1	48473.0	1912539116
JG0139d	11	103956776	T:TC[T>C]CA	1	98711.0	1912637827
JG0139d	11	104020228	T:CC[T>A]TG	1	63452.0	1912701279
JG0139d	11	104237065	N:AC[T>G]TT	1	216837.0	1912918116
JG0139d	11	104757286	N:AG[T>G]TC	1	520221.0	1913438337
JG0139d	11	104831496	N:GC[T>G]TT	1	74210.0	1913512547
JG0139d	11	104926555	N:AC[T>A]TC	1	95059.0	1913607606
JG0139d	11	104976010	N:AC[T>G]TA	1	49455.0	1913657061
JG0139d	11	105084625	T:TC[T>G]TC	1	108615.0	1913765676
JG0139d	11	105255360	T:AC[T>C]TG	1	170735.0	1913936411
JG0139d	11	105526535	N:GC[T>C]TA	1	271175.0	1914207586
JG0139d	11	105638750	U:TC[T>C]TT	1	112215.0	1914319801
JG0139d	11	105706949	U:TG[T>C]GA	1	68199.0	1914388000
JG0139d	11	105826294	U:AC[T>C]TG	1	119345.0	1914507345
JG0139d	11	105840204	U:AC[T>A]TT	1	13910.0	1914521255
JG0139d	11	105863862	U:GC[T>C]GG	1	23658.0	1914544913
JG0139d	11	105982616	N:AG[T>G]TG	1	118754.0	1914663667
JG0139d	11	106395867	N:CC[T>C]GA	1	413251.0	1915076918
JG0139d	11	106512034	N:GG[T>G]TG	1	116167.0	1915193085
JG0139d	11	106608050	N:AC[T>G]TG	1	96016.0	1915289101
JG0139d	11	106738786	T:GG[T>G]TA	1	130736.0	1915419837
JG0139d	11	106759514	T:TC[T>C]CA	1	20728.0	1915440565
JG0139d	11	106787861	T:TC[T>C]CT	1	28347.0	1915468912
JG0139d	11	106880864	T:AC[T>C]CA	1	93003.0	1915561915
JG0139d	11	106892476	T:AT[T>A]GA	1	11612.0	1915573527
JG0139d	11	106892477	U:AT[C>T]AA	-1	1.0	1915573528
JG0139d	11	106923637	U:AT[T>G]AA	-1	31160.0	1915604688
JG0139d	11	107080785	N:GC[T>C]TA	1	157148.0	1915761836
JG0139d	11	107101005	N:GG[T>G]TA	1	20220.0	1915782056
JG0139d	11	107120303	N:GC[T>G]TC	1	19298.0	1915801354
JG0139d	11	107321021	N:GC[T>G]TA	1	200718.0	1916002072
JG0139d	11	107389304	T:AC[T>C]CT	1	68283.0	1916070355
JG0139d	11	107403874	T:CC[T>C]CC	1	14570.0	1916084925
JG0139d	11	107418225	T:TC[T>C]TG	1	14351.0	1916099276
JG0139d	11	107473727	N:AC[T>G]TA	1	55502.0	1916154778
JG0139d	11	107882812	T:CC[T>G]TA	1	409085.0	1916563863
JG0139d	11	107974723	N:CC[T>G]CA	1	91911.0	1916655774
JG0139d	11	107982956	N:AG[T>G]TA	1	8233.0	1916664007
JG0139d	11	108680590	U:AC[T>C]TC	1	697634.0	1917361641
JG0139d	11	108812615	U:AC[T>G]TG	1	132025.0	1917493666
JG0139d	11	108951850	N:CC[T>C]GA	-1	139235.0	1917632901
JG0139d	11	109048332	N:TG[T>G]TT	1	96482.0	1917729383
JG0139d	11	109343654	N:AT[T>G]TA	-1	295322.0	1918024705
JG0139d	11	109365715	N:TC[T>A]CA	1	22061.0	1918046766
JG0139d	11	109370368	N:AG[T>G]TG	1	4653.0	1918051419
JG0139d	11	109407664	N:TG[C>A]AA	-1	37296.0	1918088715
JG0139d	11	109658967	N:CC[T>A]CA	1	251303.0	1918340018
JG0139d	11	109663943	N:AC[T>C]TA	1	4976.0	1918344994
JG0139d	11	109755698	N:GG[T>A]TG	1	91755.0	1918436749
JG0139d	11	109824552	N:AC[T>C]CA	1	68854.0	1918505603
JG0139d	11	109965815	N:GC[T>G]GT	-1	141263.0	1918646866
JG0139d	11	110629365	T:TC[T>G]TT	1	663550.0	1919310416
JG0139d	11	110663771	T:TG[T>G]TA	1	34406.0	1919344822
JG0139d	11	110768138	N:TC[T>C]TA	1	104367.0	1919449189
JG0139d	11	110843527	N:TA[T>G]TT	1	75389.0	1919524578
JG0139d	11	110882029	N:AC[T>G]TG	1	38502.0	1919563080
JG0139d	11	110986288	N:TT[C>G]TA	-1	104259.0	1919667339
JG0139d	11	111058186	N:AT[T>C]TG	1	71898.0	1919739237
JG0139d	11	111102757	N:GA[T>G]TT	1	44571.0	1919783808
JG0139d	11	111133991	N:CC[T>C]CT	1	31234.0	1919815042
JG0139d	11	111198604	N:GC[T>A]CA	1	64613.0	1919879655
JG0139d	11	111238820	N:AC[T>G]TA	1	40216.0	1919919871
JG0139d	11	111729947	B:CC[T>G]TC	1	491127.0	1920410998
JG0139d	11	111989906	T:GC[T>G]GA	-1	259959.0	1920670957
JG0139d	11	112328179	N:TC[T>G]GA	-1	338273.0	1921009230
JG0139d	11	112428585	N:AC[T>C]CA	1	100406.0	1921109636
JG0139d	11	112429200	N:TC[T>G]CA	1	615.0	1921110251
JG0139d	11	112465969	N:TC[T>G]TT	1	36769.0	1921147020
JG0139d	11	112506003	N:TC[T>C]TA	1	40034.0	1921187054
JG0139d	11	112563852	N:TC[T>A]CA	1	57849.0	1921244903
JG0139d	11	112666858	N:CC[T>G]TT	1	103006.0	1921347909
JG0139d	11	112691217	N:AC[T>C]TA	1	24359.0	1921372268
JG0139d	11	112768996	N:GC[T>C]GA	1	77779.0	1921450047
JG0139d	11	112802072	N:AC[T>A]CA	1	33076.0	1921483123
JG0139d	11	112887202	N:CC[T>A]CA	1	85130.0	1921568253
JG0139d	11	112970602	U:TC[T>G]TT	1	83400.0	1921651653
JG0139d	11	113015877	U:TG[T>C]CA	1	45275.0	1921696928
JG0139d	11	113125073	U:AC[T>A]TA	1	109196.0	1921806124
JG0139d	11	113236132	U:CC[T>G]TC	1	111059.0	1921917183
JG0139d	11	113283982	N:CC[T>A]CA	1	47850.0	1921965033
JG0139d	11	113352196	U:GC[T>C]TG	1	68214.0	1922033247
JG0139d	11	113396464	U:CC[T>A]GA	1	44268.0	1922077515
JG0139d	11	113434840	T:GC[T>G]GA	1	38376.0	1922115891
JG0139d	11	113469277	T:AC[T>C]TC	1	34437.0	1922150328
JG0139d	11	113469351	T:TC[T>G]TC	1	74.0	1922150402
JG0139d	11	113484028	N:AG[T>G]TA	1	14677.0	1922165079
JG0139d	11	113484635	N:TC[T>C]TA	1	607.0	1922165686
JG0139d	11	113522184	N:TC[T>C]TA	1	37549.0	1922203235
JG0139d	11	113650690	N:AC[T>G]TC	1	128506.0	1922331741
JG0139d	11	114034849	N:AC[T>C]TT	1	384159.0	1922715900
JG0139d	11	114211276	U:AC[T>A]TG	1	176427.0	1922892327
JG0139d	11	114212281	U:AC[T>C]TT	1	1005.0	1922893332
JG0139d	11	114231611	U:GC[T>C]TG	1	19330.0	1922912662
JG0139d	11	114365030	N:AC[T>G]CA	1	133419.0	1923046081
JG0139d	11	114616774	N:CC[T>A]CT	1	251744.0	1923297825
JG0139d	11	114695909	U:AC[T>A]CA	1	79135.0	1923376960
JG0139d	11	114704521	U:AC[T>G]TT	1	8612.0	1923385572
JG0139d	11	114813598	N:CC[T>G]TG	1	109077.0	1923494649
JG0139d	11	114888458	N:AG[T>G]TA	1	74860.0	1923569509
JG0139d	11	114917850	N:CC[T>C]CA	1	29392.0	1923598901
JG0139d	11	114927044	N:TT[T>G]TT	-1	9194.0	1923608095
JG0139d	11	114996159	N:TC[T>C]AC	1	69115.0	1923677210
JG0139d	11	115068865	N:TT[C>G]AA	-1	72706.0	1923749916
JG0139d	11	115186535	T:AC[C>A]AA	1	117670.0	1923867586
JG0139d	11	115357554	T:AC[T>G]TA	1	171019.0	1924038605
JG0139d	11	115595792	N:AC[T>C]TG	1	238238.0	1924276843
JG0139d	11	115682518	N:AC[T>G]TA	1	86726.0	1924363569
JG0139d	11	115972834	N:TC[T>A]CA	1	290316.0	1924653885
JG0139d	11	115973975	N:AG[T>C]CA	1	1141.0	1924655026
JG0139d	11	115991525	N:GC[T>C]CA	1	17550.0	1924672576
JG0139d	11	116080989	N:AC[T>C]TG	1	89464.0	1924762040
JG0139d	11	116201266	N:TC[T>C]TT	1	120277.0	1924882317
JG0139d	11	116219145	N:GC[T>G]TG	1	17879.0	1924900196
JG0139d	11	116270299	N:TC[T>C]CA	1	51154.0	1924951350
JG0139d	11	116363155	N:AC[T>C]TG	1	92856.0	1925044206
JG0139d	11	116381043	N:AT[T>G]TC	1	17888.0	1925062094
JG0139d	11	116387291	N:CC[T>C]TA	1	6248.0	1925068342
JG0139d	11	116444332	N:TC[T>C]TT	1	57041.0	1925125383
JG0139d	11	117179435	T:GG[T>C]CA	-1	735103.0	1925860486
JG0139d	11	117562226	T:GC[T>C]CA	1	382791.0	1926243277
JG0139d	11	117727519	T:GC[T>C]TT	1	165293.0	1926408570
JG0139d	11	118510725	T:AC[T>G]TA	-1	783206.0	1927191776
JG0139d	11	118511139	T:GC[T>C]TA	-1	414.0	1927192190
JG0139d	11	119701626	T:TC[T>A]TC	1	1190487.0	1928382677
JG0139d	11	119791153	N:GC[T>C]TT	1	89527.0	1928472204
JG0139d	11	120292271	U:GC[T>G]TA	1	501118.0	1928973322
JG0139d	11	120555611	U:TC[T>C]TA	1	263340.0	1929236662
JG0139d	11	120746331	U:AC[T>C]CA	1	190720.0	1929427382
JG0139d	11	120821053	U:AC[T>A]TG	1	74722.0	1929502104
JG0139d	11	120992484	N:AC[T>G]TG	-1	171431.0	1929673535
JG0139d	11	121441000	N:TC[T>C]GC	1	448516.0	1930122051
JG0139d	11	121486547	U:TC[T>C]TG	1	45547.0	1930167598
JG0139d	11	121521621	U:AC[T>C]CT	1	35074.0	1930202672
JG0139d	11	121600754	U:TC[T>A]TT	1	79133.0	1930281805
JG0139d	11	121602570	U:TC[T>C]CT	1	1816.0	1930283621
JG0139d	11	121606234	U:AG[T>G]TT	1	3664.0	1930287285
JG0139d	11	121632073	U:GC[T>G]TG	1	25839.0	1930313124
JG0139d	11	121662048	N:AG[T>G]TG	1	29975.0	1930343099
JG0139d	11	121731107	N:AT[T>G]TC	1	69059.0	1930412158
JG0139d	11	121741965	N:AC[T>G]TG	1	10858.0	1930423016
JG0139d	11	121947570	N:AC[T>G]GA	-1	205605.0	1930628621
JG0139d	11	122029307	N:AC[T>C]CT	1	81737.0	1930710358
JG0139d	11	122071175	N:AC[T>A]TG	1	41868.0	1930752226
JG0139d	11	122132155	N:GG[T>G]TT	1	60980.0	1930813206
JG0139d	11	122151562	N:AA[T>G]TA	1	19407.0	1930832613
JG0139d	11	122185229	N:GA[T>G]TA	1	33667.0	1930866280
JG0139d	11	122205492	N:AC[T>G]TT	1	20263.0	1930886543
JG0139d	11	122304220	N:TC[T>C]TC	1	98728.0	1930985271
JG0139d	11	122317552	N:TC[T>C]TT	1	13332.0	1930998603
JG0139d	11	122400854	N:TC[T>C]CA	1	83302.0	1931081905
JG0139d	11	122532221	N:GC[T>G]CA	1	131367.0	1931213272
JG0139d	11	122544879	N:TC[T>C]TG	1	12658.0	1931225930
JG0139d	11	122547625	N:CC[T>G]TA	1	2746.0	1931228676
JG0139d	11	122580067	N:AC[T>G]TT	1	32442.0	1931261118
JG0139d	11	122585053	N:CC[T>C]CT	1	4986.0	1931266104
JG0139d	11	122784184	U:CC[T>C]CG	1	199131.0	1931465235
JG0139d	11	123103674	U:CC[T>G]TA	-1	319490.0	1931784725
JG0139d	11	123249704	N:GG[T>G]TG	1	146030.0	1931930755
JG0139d	11	123778242	N:TC[T>A]CG	1	528538.0	1932459293
JG0139d	11	123810593	N:TT[T>G]TA	1	32351.0	1932491644
JG0139d	11	123882261	N:AG[T>G]TG	1	71668.0	1932563312
JG0139d	11	124009803	N:TC[T>C]CA	1	127542.0	1932690854
JG0139d	11	124156910	N:GC[T>C]TG	1	147107.0	1932837961
JG0139d	11	124205798	N:GG[T>A]TG	1	48888.0	1932886849
JG0139d	11	124266892	N:CC[T>G]TA	1	61094.0	1932947943
JG0139d	11	124422414	N:AC[T>G]TA	1	155522.0	1933103465
JG0139d	11	124487498	N:AC[T>G]CC	1	65084.0	1933168549
JG0139d	11	124512040	N:GC[T>C]TA	1	24542.0	1933193091
JG0139d	11	124530804	N:AC[T>G]TG	1	18764.0	1933211855
JG0139d	11	124586750	N:GC[T>G]TG	1	55946.0	1933267801
JG0139d	11	124670452	T:AC[T>A]TA	1	83702.0	1933351503
JG0139d	11	124807869	N:CC[T>C]TA	1	137417.0	1933488920
JG0139d	11	125026325	U:TG[T>G]TA	1	218456.0	1933707376
JG0139d	11	125051232	N:TC[T>C]CC	-1	24907.0	1933732283
JG0139d	11	125243060	T:TC[C>T]TC	-1	191828.0	1933924111
JG0139d	11	125324249	U:GC[T>G]TA	1	81189.0	1934005300
JG0139d	11	125810925	N:AC[T>C]AG	-1	486676.0	1934491976
JG0139d	11	125889159	T:TA[T>A]TA	-1	78234.0	1934570210
JG0139d	11	125989753	T:GC[T>C]TT	1	100594.0	1934670804
JG0139d	11	126006547	U:AC[T>C]AC	-1	16794.0	1934687598
JG0139d	11	126294948	N:AT[T>G]TT	-1	288401.0	1934975999
JG0139d	11	126314161	T:CG[T>G]TG	-1	19213.0	1934995212
JG0139d	11	126351456	N:GG[T>G]GA	-1	37295.0	1935032507
JG0139d	11	126374197	T:GA[T>G]TA	-1	22741.0	1935055248
JG0139d	11	126393580	T:GC[T>G]GA	-1	19383.0	1935074631
JG0139d	11	126402358	T:CC[T>G]CA	-1	8778.0	1935083409
JG0139d	11	126513117	T:TC[T>C]CT	1	110759.0	1935194168
JG0139d	11	126570140	U:GC[T>C]AA	-1	57023.0	1935251191
JG0139d	11	126622725	T:AC[T>A]TC	1	52585.0	1935303776
JG0139d	11	126698942	T:TC[T>G]TA	1	76217.0	1935379993
JG0139d	11	126705275	T:TG[T>C]GA	1	6333.0	1935386326
JG0139d	11	126717348	T:AC[T>C]CA	1	12073.0	1935398399
JG0139d	11	126737555	T:TG[T>A]TT	1	20207.0	1935418606
JG0139d	11	126834184	T:AC[T>C]TT	1	96629.0	1935515235
JG0139d	11	126938061	T:TG[T>G]TA	1	103877.0	1935619112
JG0139d	11	127076599	N:AC[T>C]TA	1	138538.0	1935757650
JG0139d	11	127362967	N:AC[T>C]CC	1	286368.0	1936044018
JG0139d	11	127363002	N:TC[T>C]CA	1	35.0	1936044053
JG0139d	11	127374165	N:AT[T>G]TC	1	11163.0	1936055216
JG0139d	11	127422379	N:AC[C>A]AA	-1	48214.0	1936103430
JG0139d	11	127933422	N:AC[T>C]CA	1	511043.0	1936614473
JG0139d	11	127937989	N:CC[T>A]CA	1	4567.0	1936619040
JG0139d	11	127946607	N:TC[T>C]TT	1	8618.0	1936627658
JG0139d	11	127978050	N:AC[T>C]AG	1	31443.0	1936659101
JG0139d	11	128221231	N:AC[T>C]CA	1	243181.0	1936902282
JG0139d	11	128322549	N:TC[T>C]TA	1	101318.0	1937003600
JG0139d	11	128323627	N:AC[T>C]TA	1	1078.0	1937004678
JG0139d	11	128340770	N:GC[T>A]GG	1	17143.0	1937021821
JG0139d	11	128395144	N:AC[T>C]CA	1	54374.0	1937076195
JG0139d	11	128403824	N:TC[T>C]TA	1	8680.0	1937084875
JG0139d	11	128537206	T:TC[T>C]CC	1	133382.0	1937218257
JG0139d	11	128566349	T:TC[T>G]TT	1	29143.0	1937247400
JG0139d	11	128754534	U:AA[T>G]TG	1	188185.0	1937435585
JG0139d	11	129132800	T:AC[T>G]TT	1	378266.0	1937813851
JG0139d	11	129260121	T:AC[T>G]TT	1	127321.0	1937941172
JG0139d	11	129277176	T:AC[T>A]TG	1	17055.0	1937958227
JG0139d	11	129282916	N:AC[T>C]TT	1	5740.0	1937963967
JG0139d	11	129495058	N:TC[T>A]TC	1	212142.0	1938176109
JG0139d	11	129550087	N:AC[T>G]CA	1	55029.0	1938231138
JG0139d	11	129551197	N:AC[T>C]CA	1	1110.0	1938232248
JG0139d	11	129614825	N:AC[T>G]TG	1	63628.0	1938295876
JG0139d	11	129614966	N:CC[T>G]TC	1	141.0	1938296017
JG0139d	11	129635871	N:AA[T>G]CT	1	20905.0	1938316922
JG0139d	11	129675102	N:GC[T>C]GG	1	39231.0	1938356153
JG0139d	11	129731385	N:AC[T>G]TA	1	56283.0	1938412436
JG0139d	11	129761145	N:AC[T>G]CA	1	29760.0	1938442196
JG0139d	11	129763934	N:CC[T>C]CC	1	2789.0	1938444985
JG0139d	11	130331812	N:AC[T>G]TT	-1	567878.0	1939012863
JG0139d	11	130700018	N:AC[T>A]TA	1	368206.0	1939381069
JG0139d	11	130711626	N:GG[T>A]TA	1	11608.0	1939392677
JG0139d	11	131129799	N:AC[T>G]TA	1	418173.0	1939810850
JG0139d	11	131175435	N:AC[T>G]TA	1	45636.0	1939856486
JG0139d	11	131264310	N:AC[T>G]TC	1	88875.0	1939945361
JG0139d	11	131323749	N:AC[T>C]AA	1	59439.0	1940004800
JG0139d	11	131392193	U:CA[T>A]TG	1	68444.0	1940073244
JG0139d	11	131462300	U:TC[T>G]TA	1	70107.0	1940143351
JG0139d	11	131592134	U:AC[T>A]TA	1	129834.0	1940273185
JG0139d	11	131744131	U:GA[T>G]TT	1	151997.0	1940425182
JG0139d	11	131923695	T:CA[C>A]TT	-1	179564.0	1940604746
JG0139d	11	132031233	U:TC[T>G]TA	1	107538.0	1940712284
JG0139d	11	132078415	T:CC[C>A]AG	-1	47182.0	1940759466
JG0139d	11	132114065	U:TC[T>C]CT	1	35650.0	1940795116
JG0139d	11	132744861	T:AC[T>C]AA	1	630796.0	1941425912
JG0139d	11	133065484	U:TG[T>G]TT	-1	320623.0	1941746535
JG0139d	11	133073529	T:AC[T>G]TG	1	8045.0	1941754580
JG0139d	11	133174237	T:AC[T>C]CC	1	100708.0	1941855288
JG0139d	11	133261579	T:GC[T>A]TT	1	87342.0	1941942630
JG0139d	11	133319496	T:GC[T>A]TC	1	57917.0	1942000547
JG0139d	11	133360930	T:GG[T>G]TC	1	41434.0	1942041981
JG0139d	11	133396056	T:TG[T>A]CT	1	35126.0	1942077107
JG0139d	11	133548022	N:TC[T>C]TG	1	151966.0	1942229073
JG0139d	11	133560757	N:TC[T>C]CA	1	12735.0	1942241808
JG0139d	11	133596502	N:GC[T>C]TG	1	35745.0	1942277553
JG0139d	11	133634689	N:GC[T>C]CT	1	38187.0	1942315740
JG0139d	11	133657031	N:GA[T>G]TG	1	22342.0	1942338082
JG0139d	11	133664839	N:AG[T>G]TA	1	7808.0	1942345890
JG0139d	11	133666226	N:TC[T>A]CA	1	1387.0	1942347277
JG0139d	11	133680480	N:TG[T>G]CC	1	14254.0	1942361531
JG0139d	11	133756524	N:AC[T>C]CT	1	76044.0	1942437575
JG0139d	11	133778423	N:GC[T>C]GC	1	21899.0	1942459474
JG0139d	11	133785287	N:TG[T>C]CA	1	6864.0	1942466338
JG0139d	11	133793614	N:TC[T>C]AG	1	8327.0	1942474665
JG0139d	11	133807848	N:GC[T>G]TT	1	14234.0	1942488899
JG0139d	11	134244598	U:GC[T>G]TA	1	436750.0	1942925649
JG0139d	11	134796064	N:CC[T>C]CA	1	551466.0	1943477115
JG0139d	11	134799413	N:TC[T>G]TT	1	3349.0	1943480464
JG0139d	11	135060673	N:GC[T>C]CA	1	261260.0	1943741724
JG0139d	12	518241	U:TC[T>G]TA	1		1944285914
JG0139d	12	2318244	U:AC[T>G]CA	1	1800003.0	1946085917
JG0139d	12	2994699	U:TC[T>A]TC	1	676455.0	1946762372
JG0139d	12	3934298	N:TC[T>A]TT	-1	939599.0	1947701971
JG0139d	12	4843231	T:AC[T>C]CC	-1	908933.0	1948610904
JG0139d	12	4879227	N:GC[T>C]TG	-1	35996.0	1948646900
JG0139d	12	5712099	T:TC[T>C]CA	1	832872.0	1949479772
JG0139d	12	5740617	U:GC[T>G]TT	-1	28518.0	1949508290
JG0139d	12	5976408	T:GC[T>G]TA	1	235791.0	1949744081
JG0139d	12	6474802	N:TC[T>C]TT	1	498394.0	1950242475
JG0139d	12	9040934	N:AC[T>C]TG	-1	2566132.0	1952808607
JG0139d	12	10310149	U:TG[T>C]CG	1	1269215.0	1954077822
JG0139d	12	10479068	N:TG[T>C]TC	1	168919.0	1954246741
JG0139d	12	12029578	N:AC[T>G]TG	1	1550510.0	1955797251
JG0139d	12	14845477	N:TT[T>G]TC	-1	2815899.0	1958613150
JG0139d	12	14891934	N:GC[T>C]GG	-1	46457.0	1958659607
JG0139d	12	14901812	N:AC[T>G]TC	-1	9878.0	1958669485
JG0139d	12	14904579	N:GC[T>G]TG	-1	2767.0	1958672252
JG0139d	12	14938373	U:TG[T>C]TA	-1	33794.0	1958706046
JG0139d	12	14938707	U:AC[T>A]TT	-1	334.0	1958706380
JG0139d	12	15047731	N:TC[T>G]TT	-1	109024.0	1958815404
JG0139d	12	15114794	T:GC[T>C]CA	1	67063.0	1958882467
JG0139d	12	15388815	T:AT[T>G]TC	-1	274021.0	1959156488
JG0139d	12	16015588	U:TC[T>C]TT	1	626773.0	1959783261
JG0139d	12	18124012	N:TC[T>C]TT	1	2108424.0	1961891685
JG0139d	12	19920116	N:TC[T>G]TC	1	1796104.0	1963687789
JG0139d	12	20134884	N:CC[T>G]TA	1	214768.0	1963902557
JG0139d	12	20359503	N:AC[T>G]TT	-1	224619.0	1964127176
JG0139d	12	20894183	T:AG[T>G]TA	-1	534680.0	1964661856
JG0139d	12	20945805	T:AC[T>G]TA	-1	51622.0	1964713478
JG0139d	12	20972576	T:CC[T>G]TT	-1	26771.0	1964740249
JG0139d	12	21190142	T:TC[T>C]TG	-1	217566.0	1964957815
JG0139d	12	21337953	U:TG[T>C]GA	-1	147811.0	1965105626
JG0139d	12	21779656	N:AC[T>C]TG	-1	441703.0	1965547329
JG0139d	12	22333158	U:AC[T>A]CA	-1	553502.0	1966100831
JG0139d	12	24747867	N:GC[T>G]TT	1	2414709.0	1968515540
JG0139d	12	24903385	T:CC[T>G]CG	1	155518.0	1968671058
JG0139d	12	25731849	N:GC[T>G]TG	1	828464.0	1969499522
JG0139d	12	25818173	N:AC[T>G]TA	1	86324.0	1969585846
JG0139d	12	25840517	N:TC[T>C]TA	-1	22344.0	1969608190
JG0139d	12	26082848	N:GC[T>G]TA	1	242331.0	1969850521
JG0139d	12	28110357	N:AC[T>G]TA	1	2027509.0	1971878030
JG0139d	12	28779322	N:TG[T>G]TA	1	668965.0	1972546995
JG0139d	12	29023625	N:TC[T>G]GA	1	244303.0	1972791298
JG0139d	12	29068516	N:TC[T>C]CC	1	44891.0	1972836189
JG0139d	12	29291673	U:AG[T>G]TC	1	223157.0	1973059346
JG0139d	12	29292621	T:AC[T>C]TG	-1	948.0	1973060294
JG0139d	12	29340321	B:TC[T>G]TT	1	47700.0	1973107994
JG0139d	12	30052139	N:AC[T>G]TG	-1	711818.0	1973819812
JG0139d	12	30576582	N:AC[T>A]TA	-1	524443.0	1974344255
JG0139d	12	30729770	T:CC[T>G]TA	1	153188.0	1974497443
JG0139d	12	30983376	U:AC[T>C]TG	1	253606.0	1974751049
JG0139d	12	31330445	N:GG[T>C]TA	1	347069.0	1975098118
JG0139d	12	31479386	T:AT[T>G]TC	1	148941.0	1975247059
JG0139d	12	33290187	N:TC[T>G]CA	-1	1810801.0	1977057860
JG0139d	12	33344795	N:AG[T>G]TC	1	54608.0	1977112468
JG0139d	12	33371731	N:AT[T>C]TT	-1	26936.0	1977139404
JG0139d	12	33532612	N:GC[T>C]TT	1	160881.0	1977300285
JG0139d	12	33771229	N:CC[T>C]TG	-1	238617.0	1977538902
JG0139d	12	34126244	N:AC[T>C]TT	1	355015.0	1977893917
JG0139d	12	34440676	N:CC[T>C]CT	-1	314432.0	1978208349
JG0139d	12	34625379	N:GC[T>A]CA	1	184703.0	1978393052
JG0139d	12	37457540	N:GC[T>C]TG	-1	2832161.0	1981225213
JG0139d	12	38972152	N:TG[T>G]TA	1	1514612.0	1982739825
JG0139d	12	39625640	N:TG[T>G]TA	1	653488.0	1983393313
JG0139d	12	40115243	N:GC[T>G]TG	1	489603.0	1983882916
JG0139d	12	40475223	N:AC[T>C]TG	1	359980.0	1984242896
JG0139d	12	40500335	N:AC[T>A]CC	1	25112.0	1984268008
JG0139d	12	40823740	U:TC[T>C]GG	1	323405.0	1984591413
JG0139d	12	40986793	U:TC[T>G]TG	1	163053.0	1984754466
JG0139d	12	41070791	U:TC[T>G]TA	1	83998.0	1984838464
JG0139d	12	41228715	T:TC[T>C]CT	-1	157924.0	1984996388
JG0139d	12	41257017	U:GC[T>G]TA	1	28302.0	1985024690
JG0139d	12	43541150	U:TG[T>G]TC	-1	2284133.0	1987308823
JG0139d	12	43597083	N:TG[T>G]TA	1	55933.0	1987364756
JG0139d	12	44894275	T:GC[T>G]TG	1	1297192.0	1988661948
JG0139d	12	45570205	N:AC[T>C]TA	1	675930.0	1989337878
JG0139d	12	45615248	N:CC[T>G]TT	1	45043.0	1989382921
JG0139d	12	45754223	T:AC[T>A]CA	-1	138975.0	1989521896
JG0139d	12	46168818	N:GG[T>G]CA	1	414595.0	1989936491
JG0139d	12	46189059	U:TC[T>C]TG	-1	20241.0	1989956732
JG0139d	12	47075477	N:CC[T>G]TA	-1	886418.0	1990843150
JG0139d	12	47725234	T:GC[T>G]TT	1	649757.0	1991492907
JG0139d	12	47866994	T:TC[T>G]CA	1	141760.0	1991634667
JG0139d	12	47903965	T:AC[T>C]CT	1	36971.0	1991671638
JG0139d	12	47957455	N:GC[T>G]GC	1	53490.0	1991725128
JG0139d	12	48494319	U:TC[T>G]CA	1	536864.0	1992261992
JG0139d	12	51589120	N:TT[T>A]AA	-1	3094801.0	1995356793
JG0139d	12	51721714	U:TC[T>G]TC	1	132594.0	1995489387
JG0139d	12	51756608	U:AC[T>C]TC	1	34894.0	1995524281
JG0139d	12	52168271	N:AC[T>G]TG	1	411663.0	1995935944
JG0139d	12	52333568	N:AA[T>C]TG	1	165297.0	1996101241
JG0139d	12	52488029	U:AC[T>C]CT	-1	154461.0	1996255702
JG0139d	12	52493811	N:CC[T>G]TT	1	5782.0	1996261484
JG0139d	12	52741320	N:AC[T>G]TA	1	247509.0	1996508993
JG0139d	12	53063812	U:GC[T>C]TG	1	322492.0	1996831485
JG0139d	12	53818308	N:AA[T>G]TG	1	754496.0	1997585981
JG0139d	12	53865598	N:GC[T>G]TA	1	47290.0	1997633271
JG0139d	12	53895972	N:GC[T>G]TT	1	30374.0	1997663645
JG0139d	12	54631093	U:TC[T>G]CA	-1	735121.0	1998398766
JG0139d	12	54717729	N:GA[T>G]TG	1	86636.0	1998485402
JG0139d	12	54781364	N:AA[T>G]TG	1	63635.0	1998549037
JG0139d	12	55454101	N:TC[T>A]TG	-1	672737.0	1999221774
JG0139d	12	55544416	N:TG[T>G]TA	1	90315.0	1999312089
JG0139d	12	56200025	N:GG[T>C]CC	1	655609.0	1999967698
JG0139d	12	57566637	U:CC[T>G]GA	1	1366612.0	2001334310
JG0139d	12	57616182	U:CA[T>G]TG	1	49545.0	2001383855
JG0139d	12	58263699	N:AC[T>G]TT	1	647517.0	2002031372
JG0139d	12	58575888	N:AG[T>A]TA	-1	312189.0	2002343561
JG0139d	12	59411301	N:AC[T>G]CT	1	835413.0	2003178974
JG0139d	12	59462126	N:CA[C>G]TA	1	50825.0	2003229799
JG0139d	12	60243299	N:AC[T>A]CA	1	781173.0	2004010972
JG0139d	12	60759310	N:CC[T>C]CA	-1	516011.0	2004526983
JG0139d	12	61328255	N:GC[T>G]TC	1	568945.0	2005095928
JG0139d	12	61605152	N:TA[T>G]TT	-1	276897.0	2005372825
JG0139d	12	62321801	U:AC[T>G]TG	1	716649.0	2006089474
JG0139d	12	62548952	U:TC[T>C]TT	1	227151.0	2006316625
JG0139d	12	63012819	N:AC[T>C]TA	-1	463867.0	2006780492
JG0139d	12	63422941	N:AA[T>G]CC	-1	410122.0	2007190614
JG0139d	12	63885931	T:GC[T>A]TT	-1	462990.0	2007653604
JG0139d	12	64079008	U:AG[T>C]CG	1	193077.0	2007846681
JG0139d	12	64516146	U:TC[T>C]TG	1	437138.0	2008283819
JG0139d	12	65063112	U:AG[T>G]TA	-1	546966.0	2008830785
JG0139d	12	65396797	U:TC[T>G]TG	1	333685.0	2009164470
JG0139d	12	65535968	N:AC[T>G]CC	-1	139171.0	2009303641
JG0139d	12	66264244	N:TC[T>A]CA	1	728276.0	2010031917
JG0139d	12	66280158	N:TC[T>C]CA	1	15914.0	2010047831
JG0139d	12	66348852	T:AC[T>G]TG	1	68694.0	2010116525
JG0139d	12	66376236	U:AT[T>G]TT	-1	27384.0	2010143909
JG0139d	12	67138894	N:GC[T>A]GA	-1	762658.0	2010906567
JG0139d	12	67250964	N:TC[T>G]TA	-1	112070.0	2011018637
JG0139d	12	67314064	T:TG[T>G]GA	-1	63100.0	2011081737
JG0139d	12	67603128	N:TC[T>G]TT	1	289064.0	2011370801
JG0139d	12	67672293	N:CC[T>G]TA	1	69165.0	2011439966
JG0139d	12	67790486	N:GG[T>C]TT	1	118193.0	2011558159
JG0139d	12	68147792	N:AC[T>G]TA	-1	357306.0	2011915465
JG0139d	12	68554805	N:TC[T>G]TG	-1	407013.0	2012322478
JG0139d	12	69169566	N:GC[T>C]GG	1	614761.0	2012937239
JG0139d	12	70313619	U:AC[T>C]TT	1	1144053.0	2014081292
JG0139d	12	71350501	U:TA[T>G]TA	-1	1036882.0	2015118174
JG0139d	12	71613707	T:AC[T>G]TG	1	263206.0	2015381380
JG0139d	12	71855176	U:CC[T>G]TG	1	241469.0	2015622849
JG0139d	12	72150047	N:TG[C>A]CA	1	294871.0	2015917720
JG0139d	12	72161698	N:TG[T>G]TG	1	11651.0	2015929371
JG0139d	12	72559186	T:TC[T>C]CA	-1	397488.0	2016326859
JG0139d	12	72806956	N:CC[T>G]CA	1	247770.0	2016574629
JG0139d	12	72854962	N:AG[T>G]TG	1	48006.0	2016622635
JG0139d	12	73137523	N:AT[T>G]TA	1	282561.0	2016905196
JG0139d	12	73248593	N:AC[T>A]TT	-1	111070.0	2017016266
JG0139d	12	73334575	N:AC[T>C]TA	1	85982.0	2017102248
JG0139d	12	74223400	N:GA[T>G]TT	1	888825.0	2017991073
JG0139d	12	74244496	N:TC[T>C]CA	-1	21096.0	2018012169
JG0139d	12	74457518	N:CT[T>G]TT	-1	213022.0	2018225191
JG0139d	12	75238234	N:TG[T>G]GA	-1	780716.0	2019005907
JG0139d	12	75283642	T:CC[T>G]GT	1	45408.0	2019051315
JG0139d	12	76483633	U:GG[T>G]TG	-1	1199991.0	2020251306
JG0139d	12	77274080	N:CC[T>C]CT	-1	790447.0	2021041753
JG0139d	12	78140433	U:AC[T>G]TG	1	866353.0	2021908106
JG0139d	12	78933311	T:TC[T>C]TA	-1	792878.0	2022700984
JG0139d	12	79409546	U:GC[T>G]TC	1	476235.0	2023177219
JG0139d	12	79504770	N:AC[T>G]GT	1	95224.0	2023272443
JG0139d	12	80282227	U:CA[T>G]TT	1	777457.0	2024049900
JG0139d	12	80337719	T:AC[T>G]TC	-1	55492.0	2024105392
JG0139d	12	80347691	U:AA[T>G]TG	1	9972.0	2024115364
JG0139d	12	81320278	U:AC[T>C]TA	-1	972587.0	2025087951
JG0139d	12	81975081	N:GG[T>G]TC	1	654803.0	2025742754
JG0139d	12	82316643	T:CC[T>G]CA	1	341562.0	2026084316
JG0139d	12	82569787	N:AG[C>G]CA	1	253144.0	2026337460
JG0139d	12	83379021	N:GC[T>G]TT	1	809234.0	2027146694
JG0139d	12	83520130	N:AC[T>G]TG	1	141109.0	2027287803
JG0139d	12	84421713	N:AA[T>G]TA	1	901583.0	2028189386
JG0139d	12	84965623	N:AG[T>G]TT	1	543910.0	2028733296
JG0139d	12	85123045	T:AC[T>A]TA	-1	157422.0	2028890718
JG0139d	12	85134640	U:AA[T>G]TA	1	11595.0	2028902313
JG0139d	12	85353591	N:GC[T>G]TT	1	218951.0	2029121264
JG0139d	12	85366276	N:GC[T>C]GG	1	12685.0	2029133949
JG0139d	12	85583318	N:CA[T>G]TC	1	217042.0	2029350991
JG0139d	12	85597289	N:AC[T>A]TG	-1	13971.0	2029364962
JG0139d	12	85660770	N:AC[T>G]CA	-1	63481.0	2029428443
JG0139d	12	86891796	N:GA[T>G]TG	1	1231026.0	2030659469
JG0139d	12	87240404	N:AA[T>G]TA	-1	348608.0	2031008077
JG0139d	12	88194426	U:AC[T>G]CA	1	954022.0	2031962099
JG0139d	12	88544561	T:GC[T>C]AA	1	350135.0	2032312234
JG0139d	12	89092927	N:TG[T>G]TA	-1	548366.0	2032860600
JG0139d	12	89375301	N:GC[T>A]CA	-1	282374.0	2033142974
JG0139d	12	90490378	N:TG[T>A]CA	-1	1115077.0	2034258051
JG0139d	12	90577252	N:CC[T>G]TC	1	86874.0	2034344925
JG0139d	12	90824865	N:AC[T>C]CA	1	247613.0	2034592538
JG0139d	12	91167288	U:AA[C>A]TC	-1	342423.0	2034934961
JG0139d	12	91251588	N:AG[T>G]CA	1	84300.0	2035019261
JG0139d	12	91257783	N:TC[T>C]CA	-1	6195.0	2035025456
JG0139d	12	91257792	N:AC[T>A]CA	-1	9.0	2035025465
JG0139d	12	91509712	N:CG[T>G]TC	-1	251920.0	2035277385
JG0139d	12	91660699	N:AC[T>C]CA	-1	150987.0	2035428372
JG0139d	12	92171993	N:GG[T>G]TT	1	511294.0	2035939666
JG0139d	12	93410235	U:TC[T>A]TT	-1	1238242.0	2037177908
JG0139d	12	93519047	N:AG[T>G]TC	1	108812.0	2037286720
JG0139d	12	93873408	U:TC[T>A]TG	1	354361.0	2037641081
JG0139d	12	94391462	U:TC[T>C]TG	-1	518054.0	2038159135
JG0139d	12	95345188	N:GC[T>G]CA	1	953726.0	2039112861
JG0139d	12	95587333	N:AT[T>G]TA	1	242145.0	2039355006
JG0139d	12	96112845	N:CC[T>G]TG	1	525512.0	2039880518
JG0139d	12	96219979	U:AG[T>C]CA	1	107134.0	2039987652
JG0139d	12	96261408	U:TG[T>C]TG	1	41429.0	2040029081
JG0139d	12	96293257	T:TC[T>A]TA	1	31849.0	2040060930
JG0139d	12	96297472	T:AC[T>C]GA	1	4215.0	2040065145
JG0139d	12	96554596	U:AC[T>A]TG	1	257124.0	2040322269
JG0139d	12	96746988	U:AA[T>G]TG	1	192392.0	2040514661
JG0139d	12	96841220	T:AC[T>G]TG	-1	94232.0	2040608893
JG0139d	12	97440244	N:GC[T>G]CA	1	599024.0	2041207917
JG0139d	12	97965842	N:GG[T>C]GA	-1	525598.0	2041733515
JG0139d	12	98379214	N:TC[T>G]TG	1	413372.0	2042146887
JG0139d	12	98487828	N:AC[T>A]TA	1	108614.0	2042255501
JG0139d	12	98926999	U:GA[T>A]TA	-1	439171.0	2042694672
JG0139d	12	99042628	T:AC[T>G]TG	1	115629.0	2042810301
JG0139d	12	99347706	U:AC[T>C]TG	-1	305078.0	2043115379
JG0139d	12	99470086	T:AC[T>C]CC	1	122380.0	2043237759
JG0139d	12	99589028	T:AC[T>G]CT	1	118942.0	2043356701
JG0139d	12	99870720	T:TC[T>G]TT	1	281692.0	2043638393
JG0139d	12	99951101	T:AG[T>G]TT	1	80381.0	2043718774
JG0139d	12	100522834	T:AG[T>G]GA	-1	571733.0	2044290507
JG0139d	12	100753142	T:GC[T>C]TG	-1	230308.0	2044520815
JG0139d	12	100865569	U:AC[T>C]GG	1	112427.0	2044633242
JG0139d	12	102320725	N:AA[T>G]CG	1	1455156.0	2046088398
JG0139d	12	102386920	N:GC[T>C]CC	-1	66195.0	2046154593
JG0139d	12	103110959	N:TC[T>G]CA	1	724039.0	2046878632
JG0139d	12	103217173	N:GT[T>A]AT	1	106214.0	2046984846
JG0139d	12	103246439	N:AT[T>A]TA	1	29266.0	2047014112
JG0139d	12	103310290	U:AG[T>C]GA	-1	63851.0	2047077963
JG0139d	12	103360382	T:CC[T>A]CA	1	50092.0	2047128055
JG0139d	12	103522035	N:CC[T>G]TG	1	161653.0	2047289708
JG0139d	12	104437256	N:CC[T>C]GA	1	915221.0	2048204929
JG0139d	12	104561763	U:GG[T>C]CT	1	124507.0	2048329436
JG0139d	12	104654124	U:GG[T>C]GA	1	92361.0	2048421797
JG0139d	12	105059463	U:CC[T>C]AG	1	405339.0	2048827136
JG0139d	12	105373204	U:GA[T>G]TA	1	313741.0	2049140877
JG0139d	12	106152104	N:AC[T>G]GA	1	778900.0	2049919777
JG0139d	12	106326556	U:AC[T>G]GT	1	174452.0	2050094229
JG0139d	12	106570400	N:TC[T>C]TG	1	243844.0	2050338073
JG0139d	12	107420997	U:AC[T>G]TT	1	850597.0	2051188670
JG0139d	12	107421075	U:TC[T>G]TT	1	78.0	2051188748
JG0139d	12	108100003	N:GC[T>G]CA	-1	678928.0	2051867676
JG0139d	12	108332207	T:GG[T>G]TA	1	232204.0	2052099880
JG0139d	12	108414325	N:GG[T>C]GT	-1	82118.0	2052181998
JG0139d	12	108470695	N:TC[T>C]TG	-1	56370.0	2052238368
JG0139d	12	109033156	T:AC[T>G]TA	-1	562461.0	2052800829
JG0139d	12	109618771	N:AC[T>G]CC	1	585615.0	2053386444
JG0139d	12	109651159	N:GG[T>A]CA	1	32388.0	2053418832
JG0139d	12	109671409	N:GC[T>G]CT	1	20250.0	2053439082
JG0139d	12	109688375	N:AG[T>C]AA	1	16966.0	2053456048
JG0139d	12	110945314	N:AC[T>C]TT	1	1256939.0	2054712987
JG0139d	12	111015955	N:AA[T>G]TA	1	70641.0	2054783628
JG0139d	12	111247457	U:AC[T>G]TG	1	231502.0	2055015130
JG0139d	12	111483818	T:TC[T>C]TT	1	236361.0	2055251491
JG0139d	12	112695242	T:TC[T>G]TA	-1	1211424.0	2056462915
JG0139d	12	112697774	T:TC[T>C]TA	-1	2532.0	2056465447
JG0139d	12	113463652	U:CT[C>G]TC	-1	765878.0	2057231325
JG0139d	12	113569116	N:GA[T>G]TT	1	105464.0	2057336789
JG0139d	12	113654939	N:GT[T>G]TA	1	85823.0	2057422612
JG0139d	12	113762123	N:TC[T>C]GT	1	107184.0	2057529796
JG0139d	12	114114184	N:TC[T>C]AA	1	352061.0	2057881857
JG0139d	12	114282710	N:GT[T>C]TA	1	168526.0	2058050383
JG0139d	12	114336227	N:AC[T>A]GG	1	53517.0	2058103900
JG0139d	12	114421555	N:TG[C>G]TC	1	85328.0	2058189228
JG0139d	12	114941105	N:GG[T>G]TA	1	519550.0	2058708778
JG0139d	12	114978775	N:TC[T>G]TG	-1	37670.0	2058746448
JG0139d	12	115208267	N:TC[T>C]TA	-1	229492.0	2058975940
JG0139d	12	115221364	N:AC[T>G]CA	1	13097.0	2058989037
JG0139d	12	115343421	N:AC[T>G]CA	1	122057.0	2059111094
JG0139d	12	115949965	N:TG[C>A]TG	1	606544.0	2059717638
JG0139d	12	116213929	T:CG[T>G]AC	1	263964.0	2059981602
JG0139d	12	116470065	N:CC[T>C]CA	-1	256136.0	2060237738
JG0139d	12	117396416	N:CC[T>C]TA	-1	926351.0	2061164089
JG0139d	12	117463695	U:TC[T>G]AA	-1	67279.0	2061231368
JG0139d	12	117617073	T:CC[T>G]TG	1	153378.0	2061384746
JG0139d	12	117664716	T:AC[T>C]TG	1	47643.0	2061432389
JG0139d	12	117679815	U:TC[T>G]TC	-1	15099.0	2061447488
JG0139d	12	118145693	N:AC[T>G]TG	1	465878.0	2061913366
JG0139d	12	118540578	N:TC[T>C]GG	1	394885.0	2062308251
JG0139d	12	118620749	N:TC[T>G]CA	1	80171.0	2062388422
JG0139d	12	118878051	N:AC[T>C]GT	-1	257302.0	2062645724
JG0139d	12	119031596	T:AT[T>G]TA	-1	153545.0	2062799269
JG0139d	12	119281971	N:TC[T>G]TA	1	250375.0	2063049644
JG0139d	12	119473795	U:TT[T>G]TA	1	191824.0	2063241468
JG0139d	12	119607432	T:AC[T>G]TT	-1	133637.0	2063375105
JG0139d	12	120018099	U:TC[T>C]CA	1	410667.0	2063785772
JG0139d	12	120448579	U:TC[T>A]TC	1	430480.0	2064216252
JG0139d	12	120922096	N:CG[T>C]GA	1	473517.0	2064689769
JG0139d	12	121149133	U:AC[T>C]CA	1	227037.0	2064916806
JG0139d	12	121156719	U:TC[T>G]TA	1	7586.0	2064924392
JG0139d	12	122122928	T:AC[T>G]TG	-1	966209.0	2065890601
JG0139d	12	124263748	U:TC[T>G]TT	1	2140820.0	2068031421
JG0139d	12	124587624	N:TC[T>C]CA	-1	323876.0	2068355297
JG0139d	12	125158564	N:GC[T>G]CA	1	570940.0	2068926237
JG0139d	12	125672174	N:GA[T>A]TT	-1	513610.0	2069439847
JG0139d	12	126079149	N:CC[T>G]TA	-1	406975.0	2069846822
JG0139d	12	126146227	N:AC[T>C]CA	1	67078.0	2069913900
JG0139d	12	126677097	N:CT[C>T]TC	1	530870.0	2070444770
JG0139d	12	126731259	N:GC[T>G]TT	-1	54162.0	2070498932
JG0139d	12	127043231	N:CT[C>A]AT	1	311972.0	2070810904
JG0139d	12	127420553	N:TG[T>A]TG	-1	377322.0	2071188226
JG0139d	12	128323940	T:TG[T>C]CT	-1	903387.0	2072091613
JG0139d	12	128520701	T:TC[T>A]TG	-1	196761.0	2072288374
JG0139d	12	129208454	U:CC[T>G]TA	-1	687753.0	2072976127
JG0139d	12	129496453	U:TC[T>G]TT	-1	287999.0	2073264126
JG0139d	12	130003737	N:AG[T>G]TT	-1	507284.0	2073771410
JG0139d	12	130246796	N:GC[T>C]TG	-1	243059.0	2074014469
JG0139d	12	130289230	N:TG[T>G]CA	-1	42434.0	2074056903
JG0139d	12	131324459	N:TC[T>C]CT	-1	1035229.0	2075092132
JG0139d	12	131397686	N:TC[T>A]AT	1	73227.0	2075165359
JG0139d	12	131549943	N:TG[T>G]TG	1	152257.0	2075317616
JG0139d	12	132192598	N:TG[T>G]TT	1	642655.0	2075960271
JG0139d	12	132486813	N:CC[T>C]CA	1	294215.0	2076254486
JG0139d	12	132526076	U:AT[T>G]TT	1	39263.0	2076293749
JG0139d	12	132809958	T:TC[T>G]TC	1	283882.0	2076577631
JG0139d	12	132972037	N:TC[T>C]TT	1	162079.0	2076739710
JG0139d	13	20283044	N:AC[T>C]GA	1		2097326026
JG0139d	13	21445643	T:TC[T>C]CC	1	1162599.0	2098488625
JG0139d	13	21678503	U:AC[T>A]AA	1	232860.0	2098721485
JG0139d	13	22253225	N:TG[T>G]TA	1	574722.0	2099296207
JG0139d	13	22708697	N:GC[T>G]TG	1	455472.0	2099751679
JG0139d	13	25908636	U:AC[T>C]TG	1	3199939.0	2102951618
JG0139d	13	26146556	N:CC[C>A]TA	-1	237920.0	2103189538
JG0139d	13	26411050	N:AC[T>A]TG	1	264494.0	2103454032
JG0139d	13	27535195	N:TC[T>C]GC	1	1124145.0	2104578177
JG0139d	13	28206067	U:TC[T>G]TA	1	670872.0	2105249049
JG0139d	13	28790605	N:CC[T>G]TG	1	584538.0	2105833587
JG0139d	13	29005798	T:GG[C>T]GC	-1	215193.0	2106048780
JG0139d	13	29230702	U:AG[T>G]TA	1	224904.0	2106273684
JG0139d	13	29831848	T:TC[T>G]TT	1	601146.0	2106874830
JG0139d	13	31399404	N:TC[T>C]CA	1	1567556.0	2108442386
JG0139d	13	32145961	U:TG[T>A]CA	1	746557.0	2109188943
JG0139d	13	32211168	U:GC[T>G]TA	1	65207.0	2109254150
JG0139d	13	32866972	N:AC[T>C]TA	1	655804.0	2109909954
JG0139d	13	33114685	T:AC[T>G]TT	1	247713.0	2110157667
JG0139d	13	33662153	N:AC[T>C]CG	1	547468.0	2110705135
JG0139d	13	34052886	N:AG[T>G]TT	1	390733.0	2111095868
JG0139d	13	35603214	U:TC[T>C]TA	1	1550328.0	2112646196
JG0139d	13	37162256	N:TG[T>C]TA	1	1559042.0	2114205238
JG0139d	13	37165068	N:AG[T>A]TG	1	2812.0	2114208050
JG0139d	13	38560880	N:AC[T>G]TA	1	1395812.0	2115603862
JG0139d	13	41487892	N:GC[T>C]AG	1	2927012.0	2118530874
JG0139d	13	41512938	N:AC[T>C]AC	1	25046.0	2118555920
JG0139d	13	44706884	N:AC[T>C]TG	1	3193946.0	2121749866
JG0139d	13	46384805	T:AC[T>C]TT	1	1677921.0	2123427787
JG0139d	13	46384812	T:GC[T>A]CA	1	7.0	2123427794
JG0139d	13	47252791	N:TC[T>G]TC	1	867979.0	2124295773
JG0139d	13	47299484	N:TT[T>C]TC	1	46693.0	2124342466
JG0139d	13	49802743	N:AC[T>C]CT	1	2503259.0	2126845725
JG0139d	13	49827690	N:AC[T>G]TA	1	24947.0	2126870672
JG0139d	13	51882828	N:CC[T>G]TG	1	2055138.0	2128925810
JG0139d	13	52472163	U:TC[T>A]CC	1	589335.0	2129515145
JG0139d	13	52637419	N:AC[T>G]GA	1	165256.0	2129680401
JG0139d	13	53594938	N:GG[T>G]TT	1	957519.0	2130637920
JG0139d	13	54529476	N:AG[T>G]TC	1	934538.0	2131572458
JG0139d	13	56330014	N:AG[C>A]AG	-1	1800538.0	2133372996
JG0139d	13	56702541	N:TC[T>G]TT	1	372527.0	2133745523
JG0139d	13	57200025	N:TT[C>G]TT	1	497484.0	2134243007
JG0139d	13	57278383	N:CA[C>G]TT	-1	78358.0	2134321365
JG0139d	13	57318523	N:TG[T>G]TG	1	40140.0	2134361505
JG0139d	13	57936230	N:AC[T>G]TT	1	617707.0	2134979212
JG0139d	13	58337962	N:TC[T>G]TA	1	401732.0	2135380944
JG0139d	13	58528722	N:CC[T>G]TA	1	190760.0	2135571704
JG0139d	13	60975393	N:AG[T>G]TA	1	2446671.0	2138018375
JG0139d	13	62104879	N:AC[T>G]TA	1	1129486.0	2139147861
JG0139d	13	62775473	N:TC[T>G]TA	1	670594.0	2139818455
JG0139d	13	63107374	N:GG[T>G]TG	1	331901.0	2140150356
JG0139d	13	64717628	N:TC[T>C]TA	1	1610254.0	2141760610
JG0139d	13	64848565	N:AG[T>G]TC	1	130937.0	2141891547
JG0139d	13	65153904	N:AC[T>G]TA	1	305339.0	2142196886
JG0139d	13	65249535	N:AC[T>C]TA	1	95631.0	2142292517
JG0139d	13	65689764	N:TC[T>A]TT	1	440229.0	2142732746
JG0139d	13	66439345	U:AG[C>G]TA	-1	749581.0	2143482327
JG0139d	13	66845754	T:AC[T>G]TT	1	406409.0	2143888736
JG0139d	13	67984997	N:AC[T>C]CA	1	1139243.0	2145027979
JG0139d	13	68455293	N:AT[T>A]GG	1	470296.0	2145498275
JG0139d	13	69167502	N:TC[T>C]TA	1	712209.0	2146210484
JG0139d	13	70520460	N:AC[T>A]TA	1	1352958.0	2147563442
JG0139d	13	70572358	N:TC[T>C]CT	1	51898.0	2147615340
JG0139d	13	74465158	N:CC[T>G]TG	1	3892800.0	2151508140
JG0139d	13	76172652	N:AC[T>A]CC	1	1707494.0	2153215634
JG0139d	13	76530644	N:GC[T>C]GT	1	357992.0	2153573626
JG0139d	13	76835380	N:GC[T>A]GC	1	304736.0	2153878362
JG0139d	13	77980647	N:AA[T>G]TA	1	1145267.0	2155023629
JG0139d	13	78097835	N:AG[C>T]AC	1	117188.0	2155140817
JG0139d	13	78145839	N:GC[T>G]TG	1	48004.0	2155188821
JG0139d	13	80069485	N:AG[T>G]TA	1	1923646.0	2157112467
JG0139d	13	80482405	N:AT[C>A]GC	1	412920.0	2157525387
JG0139d	13	81573266	N:CA[T>A]AT	1	1090861.0	2158616248
JG0139d	13	81823850	N:GC[T>G]CT	1	250584.0	2158866832
JG0139d	13	81868668	N:CC[T>A]TG	1	44818.0	2158911650
JG0139d	13	82044599	N:TC[T>A]CA	1	175931.0	2159087581
JG0139d	13	82514967	N:AG[T>A]TA	1	470368.0	2159557949
JG0139d	13	82518681	N:AT[T>G]TA	1	3714.0	2159561663
JG0139d	13	83812946	N:TC[T>C]TT	1	1294265.0	2160855928
JG0139d	13	84491449	N:TG[T>C]TT	1	678503.0	2161534431
JG0139d	13	85554463	N:TG[T>C]GT	1	1063014.0	2162597445
JG0139d	13	85803130	T:AG[T>G]TT	1	248667.0	2162846112
JG0139d	13	85853651	N:CC[T>A]CG	1	50521.0	2162896633
JG0139d	13	85953297	N:CT[T>G]GA	1	99646.0	2162996279
JG0139d	13	88093361	N:TC[T>G]TG	1	2140064.0	2165136343
JG0139d	13	88482495	N:GC[T>A]CA	1	389134.0	2165525477
JG0139d	13	89003211	N:GC[T>C]CT	1	520716.0	2166046193
JG0139d	13	89031921	N:AG[C>T]CT	-1	28710.0	2166074903
JG0139d	13	89275746	N:AG[T>C]CA	1	243825.0	2166318728
JG0139d	13	89828038	N:GC[T>C]TA	1	552292.0	2166871020
JG0139d	13	89925448	N:AC[T>C]AA	1	97410.0	2166968430
JG0139d	13	89929021	N:TC[T>C]CT	1	3573.0	2166972003
JG0139d	13	89933419	N:AC[T>G]GA	1	4398.0	2166976401
JG0139d	13	90276507	N:GG[T>C]CA	1	343088.0	2167319489
JG0139d	13	90726383	N:AG[T>G]TA	1	449876.0	2167769365
JG0139d	13	90825474	N:GG[T>C]CT	1	99091.0	2167868456
JG0139d	13	90910727	N:AC[T>C]CA	1	85253.0	2167953709
JG0139d	13	91152386	N:GG[T>A]GA	1	241659.0	2168195368
JG0139d	13	91327790	N:TC[T>G]TA	1	175404.0	2168370772
JG0139d	13	91334131	N:TC[T>C]TT	1	6341.0	2168377113
JG0139d	13	91587253	U:GC[T>G]TT	1	253122.0	2168630235
JG0139d	13	91726854	U:TC[T>C]GA	1	139601.0	2168769836
JG0139d	13	91884257	U:AC[T>A]CA	1	157403.0	2168927239
JG0139d	13	92794383	U:TC[T>A]CA	1	910126.0	2169837365
JG0139d	13	93316096	U:TC[T>G]TC	1	521713.0	2170359078
JG0139d	13	93572349	U:GC[T>G]TG	1	256253.0	2170615331
JG0139d	13	93716928	U:AC[T>C]TG	1	144579.0	2170759910
JG0139d	13	94534236	N:AC[T>A]TT	1	817308.0	2171577218
JG0139d	13	95979319	T:AC[T>G]TG	1	1445083.0	2173022301
JG0139d	13	96022660	U:GC[T>C]TT	-1	43341.0	2173065642
JG0139d	13	96318678	U:CC[T>A]TG	1	296018.0	2173361660
JG0139d	13	96615253	U:AC[T>C]GA	1	296575.0	2173658235
JG0139d	13	96617982	U:AC[T>G]TA	1	2729.0	2173660964
JG0139d	13	97505452	N:TC[T>G]TC	1	887470.0	2174548434
JG0139d	13	97520305	N:AC[T>C]TG	1	14853.0	2174563287
JG0139d	13	97857416	N:AG[T>C]TT	1	337111.0	2174900398
JG0139d	13	98565424	T:GC[T>G]TG	1	708008.0	2175608406
JG0139d	13	100473872	U:TC[T>C]TG	1	1908448.0	2177516854
JG0139d	13	101084463	T:CC[T>G]TA	1	610591.0	2178127445
JG0139d	13	101494879	U:TC[T>C]AC	1	410416.0	2178537861
JG0139d	13	101776147	T:AC[T>C]TC	1	281268.0	2178819129
JG0139d	13	101819194	T:AC[T>G]TA	1	43047.0	2178862176
JG0139d	13	101828362	T:AG[T>G]CA	1	9168.0	2178871344
JG0139d	13	101838072	T:CC[T>A]TG	1	9710.0	2178881054
JG0139d	13	102228038	T:TC[T>C]TA	1	389966.0	2179271020
JG0139d	13	102717749	N:AT[T>G]TA	1	489711.0	2179760731
JG0139d	13	102736933	T:TG[T>G]TC	1	19184.0	2179779915
JG0139d	13	102767125	T:TC[T>C]CA	1	30192.0	2179810107
JG0139d	13	102861261	U:GA[T>C]TA	1	94136.0	2179904243
JG0139d	13	103420734	N:AC[T>G]TC	1	559473.0	2180463716
JG0139d	13	103790214	N:AC[T>A]CA	1	369480.0	2180833196
JG0139d	13	103897540	N:AA[T>G]CT	1	107326.0	2180940522
JG0139d	13	104030467	N:AT[T>G]TG	1	132927.0	2181073449
JG0139d	13	104442190	N:AC[T>C]TG	1	411723.0	2181485172
JG0139d	13	104725035	N:AC[T>C]TA	1	282845.0	2181768017
JG0139d	13	105278263	N:AG[T>C]TA	1	553228.0	2182321245
JG0139d	13	105281713	N:GG[T>C]CT	1	3450.0	2182324695
JG0139d	13	105542014	N:GG[T>C]TA	1	260301.0	2182584996
JG0139d	13	105603062	N:CG[T>C]TG	1	61048.0	2182646044
JG0139d	13	105708043	N:TT[T>G]TC	1	104981.0	2182751025
JG0139d	13	106510414	T:AC[T>C]TG	1	802371.0	2183553396
JG0139d	13	107080747	N:CC[T>C]CA	1	570333.0	2184123729
JG0139d	13	107310347	T:GG[T>G]TA	1	229600.0	2184353329
JG0139d	13	107459813	T:AC[T>G]CA	1	149466.0	2184502795
JG0139d	13	107477596	T:GC[T>G]TG	1	17783.0	2184520578
JG0139d	13	107807600	T:AC[T>A]CA	1	330004.0	2184850582
JG0139d	13	108302597	U:CC[C>A]TT	1	494997.0	2185345579
JG0139d	13	108618740	U:AG[T>C]TA	1	316143.0	2185661722
JG0139d	13	108629895	U:GC[T>C]CA	1	11155.0	2185672877
JG0139d	13	108869459	U:GC[T>A]CA	1	239564.0	2185912441
JG0139d	13	108965624	U:TC[T>C]TG	1	96165.0	2186008606
JG0139d	13	108966375	U:AC[T>G]TC	1	751.0	2186009357
JG0139d	13	108986276	U:AG[T>C]GC	1	19901.0	2186029258
JG0139d	13	109121913	U:TC[T>C]TT	1	135637.0	2186164895
JG0139d	13	109221934	N:AC[T>G]TG	1	100021.0	2186264916
JG0139d	13	109339810	N:AC[T>C]AC	1	117876.0	2186382792
JG0139d	13	109714921	N:GG[T>C]CT	1	375111.0	2186757903
JG0139d	13	110064590	N:CC[T>C]CA	1	349669.0	2187107572
JG0139d	13	110224002	T:AC[T>G]TA	1	159412.0	2187266984
JG0139d	13	110341159	U:GC[T>C]GC	1	117157.0	2187384141
JG0139d	13	110401607	U:AG[T>C]CA	1	60448.0	2187444589
JG0139d	13	110404448	U:TC[T>C]CA	1	2841.0	2187447430
JG0139d	13	110408317	U:GC[T>G]CA	1	3869.0	2187451299
JG0139d	13	110413098	U:GG[T>C]GA	1	4781.0	2187456080
JG0139d	13	110440156	U:AC[T>A]TG	1	27058.0	2187483138
JG0139d	13	110694062	T:TC[T>A]TG	1	253906.0	2187737044
JG0139d	13	110756827	N:TC[T>G]TT	1	62765.0	2187799809
JG0139d	13	110915736	N:TG[C>T]GG	1	158909.0	2187958718
JG0139d	13	110984968	N:GG[T>G]TG	1	69232.0	2188027950
JG0139d	13	111275809	U:AC[T>G]TT	1	290841.0	2188318791
JG0139d	13	111599517	N:TC[T>C]TC	1	323708.0	2188642499
JG0139d	13	111847479	N:CC[T>G]CA	1	247962.0	2188890461
JG0139d	13	112071623	N:AC[T>C]CA	1	224144.0	2189114605
JG0139d	13	112256002	N:AA[T>C]TG	1	184379.0	2189298984
JG0139d	13	112566299	T:AC[T>G]TA	1	310297.0	2189609281
JG0139d	13	112626788	N:AC[T>G]TG	1	60489.0	2189669770
JG0139d	13	112966459	U:CC[T>G]TA	1	339671.0	2190009441
JG0139d	14	20005878	N:TC[T>C]CA	1		2211413188
JG0139d	14	20017228	T:TC[T>G]CA	1	11350.0	2211424538
JG0139d	14	20047465	N:TC[T>C]TT	1	30237.0	2211454775
JG0139d	14	20194375	U:AG[T>C]GA	1	146910.0	2211601685
JG0139d	14	20201324	N:CC[T>C]CC	1	6949.0	2211608634
JG0139d	14	20765094	N:GG[T>G]TC	1	563770.0	2212172404
JG0139d	14	21715154	N:GC[T>C]GG	-1	950060.0	2213122464
JG0139d	14	21921233	N:AG[T>C]CA	1	206079.0	2213328543
JG0139d	14	22372450	N:AC[T>G]GA	-1	451217.0	2213779760
JG0139d	14	23311221	U:TC[T>G]TA	1	938771.0	2214718531
JG0139d	14	23317832	T:CC[T>G]CA	-1	6611.0	2214725142
JG0139d	14	23671759	N:CC[T>G]TA	1	353927.0	2215079069
JG0139d	14	23708179	N:TC[T>A]CA	1	36420.0	2215115489
JG0139d	14	24664067	N:AC[T>G]CA	-1	955888.0	2216071377
JG0139d	14	24664086	N:AC[T>C]TA	-1	19.0	2216071396
JG0139d	14	24669838	N:TC[T>G]TT	1	5752.0	2216077148
JG0139d	14	24899489	U:AC[T>C]CA	-1	229651.0	2216306799
JG0139d	14	24901582	T:AC[T>G]TT	1	2093.0	2216308892
JG0139d	14	24941352	T:CC[T>C]CA	1	39770.0	2216348662
JG0139d	14	24963750	U:TC[T>G]TA	-1	22398.0	2216371060
JG0139d	14	24969844	T:TC[T>C]CA	1	6094.0	2216377154
JG0139d	14	24975674	T:AC[T>C]CA	1	5830.0	2216382984
JG0139d	14	25104656	N:GC[T>A]TG	-1	128982.0	2216511966
JG0139d	14	25185903	N:AC[T>C]TG	-1	81247.0	2216593213
JG0139d	14	25212476	N:TC[T>C]TA	1	26573.0	2216619786
JG0139d	14	25247315	N:AA[T>G]TG	1	34839.0	2216654625
JG0139d	14	25344735	N:TC[T>A]TC	-1	97420.0	2216752045
JG0139d	14	25380753	N:AG[T>G]TT	-1	36018.0	2216788063
JG0139d	14	25539243	N:AG[T>C]GA	1	158490.0	2216946553
JG0139d	14	25645391	N:CC[T>C]CC	1	106148.0	2217052701
JG0139d	14	25681501	N:AG[T>G]TA	1	36110.0	2217088811
JG0139d	14	25977737	N:AC[T>C]TG	1	296236.0	2217385047
JG0139d	14	27158374	N:AC[T>G]TA	1	1180637.0	2218565684
JG0139d	14	27234873	N:TC[T>A]TT	1	76499.0	2218642183
JG0139d	14	27622682	N:AC[T>C]TT	1	387809.0	2219029992
JG0139d	14	28020756	N:AG[T>C]CT	1	398074.0	2219428066
JG0139d	14	28123944	N:TC[T>G]CA	1	103188.0	2219531254
JG0139d	14	28161114	N:TC[T>G]TG	1	37170.0	2219568424
JG0139d	14	28371818	N:AC[T>A]TA	1	210704.0	2219779128
JG0139d	14	28391027	N:TC[T>G]TC	1	19209.0	2219798337
JG0139d	14	28410628	N:TC[T>C]TA	1	19601.0	2219817938
JG0139d	14	28436310	N:AT[T>G]TG	1	25682.0	2219843620
JG0139d	14	28565360	N:TC[T>C]CA	1	129050.0	2219972670
JG0139d	14	28583094	N:TC[T>A]TA	1	17734.0	2219990404
JG0139d	14	28596556	N:TC[T>A]TG	1	13462.0	2220003866
JG0139d	14	28637361	N:TC[T>G]CC	1	40805.0	2220044671
JG0139d	14	29036565	N:TC[T>C]TT	-1	399204.0	2220443875
JG0139d	14	29168715	N:AC[T>G]CA	-1	132150.0	2220576025
JG0139d	14	29227969	N:AC[T>C]TA	1	59254.0	2220635279
JG0139d	14	29371998	N:AC[T>C]GG	1	144029.0	2220779308
JG0139d	14	29417919	N:AA[T>G]TT	1	45921.0	2220825229
JG0139d	14	29772090	T:AC[T>G]TT	1	354171.0	2221179400
JG0139d	14	30100278	T:AC[T>C]CA	1	328188.0	2221507588
JG0139d	14	30521403	N:GC[T>A]CA	1	421125.0	2221928713
JG0139d	14	30725898	T:GC[T>C]TG	-1	204495.0	2222133208
JG0139d	14	30838619	N:TC[T>C]TA	1	112721.0	2222245929
JG0139d	14	31723832	T:TC[T>G]TA	-1	885213.0	2223131142
JG0139d	14	31729063	U:AC[T>C]TG	1	5231.0	2223136373
JG0139d	14	31780780	U:TG[T>C]AA	1	51717.0	2223188090
JG0139d	14	31938771	N:TC[T>C]CA	1	157991.0	2223346081
JG0139d	14	32046706	N:CC[T>G]TA	1	107935.0	2223454016
JG0139d	14	32115769	T:TC[T>G]CG	-1	69063.0	2223523079
JG0139d	14	33073995	T:AC[T>G]TT	-1	958226.0	2224481305
JG0139d	14	34121191	U:TG[T>G]TT	-1	1047196.0	2225528501
JG0139d	14	34601527	T:AC[T>G]TC	1	480336.0	2226008837
JG0139d	14	34770742	U:AC[T>G]TT	-1	169215.0	2226178052
JG0139d	14	35679344	T:CC[T>C]TG	1	908602.0	2227086654
JG0139d	14	35781405	T:GC[T>G]TA	1	102061.0	2227188715
JG0139d	14	35875807	U:AC[T>G]TA	1	94402.0	2227283117
JG0139d	14	35969224	N:TG[T>G]TA	-1	93417.0	2227376534
JG0139d	14	36701231	T:TG[T>G]TT	1	732007.0	2228108541
JG0139d	14	36863871	T:AG[T>A]GG	1	162640.0	2228271181
JG0139d	14	36919510	T:TC[T>C]CT	1	55639.0	2228326820
JG0139d	14	36926007	T:GA[C>A]CA	1	6497.0	2228333317
JG0139d	14	37009502	T:AC[T>C]TA	1	83495.0	2228416812
JG0139d	14	37132763	T:AC[T>C]CT	1	123261.0	2228540073
JG0139d	14	37139469	T:AC[T>C]CT	1	6706.0	2228546779
JG0139d	14	37224551	U:TC[T>C]TG	1	85082.0	2228631861
JG0139d	14	37417878	U:AC[T>G]TG	1	193327.0	2228825188
JG0139d	14	37459096	U:CC[T>G]CA	1	41218.0	2228866406
JG0139d	14	37642250	U:GC[T>C]CA	1	183154.0	2229049560
JG0139d	14	37685223	T:AC[T>A]TT	-1	42973.0	2229092533
JG0139d	14	37697474	U:TC[T>G]TC	1	12251.0	2229104784
JG0139d	14	37874837	N:CC[T>C]CT	1	177363.0	2229282147
JG0139d	14	37914657	N:GG[T>G]TT	1	39820.0	2229321967
JG0139d	14	38020529	N:AC[T>G]TC	1	105872.0	2229427839
JG0139d	14	38078220	N:TC[T>C]TG	1	57691.0	2229485530
JG0139d	14	38201127	N:TC[T>A]GA	-1	122907.0	2229608437
JG0139d	14	38213355	N:AC[T>C]CT	1	12228.0	2229620665
JG0139d	14	38257940	N:TC[T>C]TA	1	44585.0	2229665250
JG0139d	14	38267352	N:AC[T>C]TT	1	9412.0	2229674662
JG0139d	14	38270927	N:GT[T>G]TT	1	3575.0	2229678237
JG0139d	14	38274894	N:GG[T>C]CA	1	3967.0	2229682204
JG0139d	14	38401362	N:GC[T>C]TG	1	126468.0	2229808672
JG0139d	14	38476389	N:TC[T>C]TA	1	75027.0	2229883699
JG0139d	14	38573652	N:TC[T>C]TA	1	97263.0	2229980962
JG0139d	14	39588122	N:GC[T>C]TG	1	1014470.0	2230995432
JG0139d	14	40046295	N:AC[T>G]TT	-1	458173.0	2231453605
JG0139d	14	40553194	N:TC[T>C]TT	-1	506899.0	2231960504
JG0139d	14	40577121	N:TG[T>C]TT	1	23927.0	2231984431
JG0139d	14	41126941	N:AC[T>G]TT	1	549820.0	2232534251
JG0139d	14	41746323	U:AC[T>C]CA	1	619382.0	2233153633
JG0139d	14	41763126	T:TG[T>G]TA	-1	16803.0	2233170436
JG0139d	14	41815087	U:GG[T>A]CC	1	51961.0	2233222397
JG0139d	14	41842290	U:AA[T>G]TG	1	27203.0	2233249600
JG0139d	14	41888063	U:AT[T>C]TG	1	45773.0	2233295373
JG0139d	14	41918396	N:AT[T>G]TA	-1	30333.0	2233325706
JG0139d	14	41947228	N:AC[T>C]TA	1	28832.0	2233354538
JG0139d	14	42057271	N:AG[T>C]GT	-1	110043.0	2233464581
JG0139d	14	42825557	N:TC[T>C]TG	1	768286.0	2234232867
JG0139d	14	42832456	N:AC[T>C]TA	1	6899.0	2234239766
JG0139d	14	42921204	N:AC[T>A]CT	1	88748.0	2234328514
JG0139d	14	43016728	N:TC[T>G]TA	1	95524.0	2234424038
JG0139d	14	43018133	N:AC[T>G]TT	1	1405.0	2234425443
JG0139d	14	43094554	N:GG[T>C]GG	1	76421.0	2234501864
JG0139d	14	43195358	N:TC[T>C]CA	1	100804.0	2234602668
JG0139d	14	43241091	N:AC[T>G]TA	1	45733.0	2234648401
JG0139d	14	43415918	N:AC[T>C]TA	1	174827.0	2234823228
JG0139d	14	43418635	N:TC[T>C]CA	1	2717.0	2234825945
JG0139d	14	43582138	N:AG[T>G]TA	1	163503.0	2234989448
JG0139d	14	43695223	N:TC[T>C]TT	1	113085.0	2235102533
JG0139d	14	45320084	N:CC[T>C]GC	1	1624861.0	2236727394
JG0139d	14	45580811	N:AC[T>A]CG	-1	260727.0	2236988121
JG0139d	14	45871783	N:TC[T>C]TA	1	290972.0	2237279093
JG0139d	14	45875042	N:AC[T>C]AA	1	3259.0	2237282352
JG0139d	14	46118749	N:GC[T>G]TA	1	243707.0	2237526059
JG0139d	14	46368837	N:TC[T>G]CC	1	250088.0	2237776147
JG0139d	14	46368883	N:TG[T>C]TT	1	46.0	2237776193
JG0139d	14	46429817	N:CG[T>C]CT	1	60934.0	2237837127
JG0139d	14	46498476	N:TC[T>G]TT	1	68659.0	2237905786
JG0139d	14	46520104	N:TC[T>C]TT	1	21628.0	2237927414
JG0139d	14	47053226	T:TC[T>A]CC	1	533122.0	2238460536
JG0139d	14	47242516	T:GC[T>C]TG	1	189290.0	2238649826
JG0139d	14	47299313	U:TG[T>G]TG	-1	56797.0	2238706623
JG0139d	14	47634422	U:GC[T>G]TA	-1	335109.0	2239041732
JG0139d	14	47650356	T:CC[T>C]TG	1	15934.0	2239057666
JG0139d	14	47659288	U:AG[T>G]TA	-1	8932.0	2239066598
JG0139d	14	47719009	N:TC[T>C]TG	1	59721.0	2239126319
JG0139d	14	47957663	N:TC[T>G]TT	1	238654.0	2239364973
JG0139d	14	48109131	N:AT[T>G]TG	1	151468.0	2239516441
JG0139d	14	48313819	N:TC[T>C]GA	-1	204688.0	2239721129
JG0139d	14	48408459	N:TC[T>C]CA	-1	94640.0	2239815769
JG0139d	14	48417232	N:TC[T>C]CA	1	8773.0	2239824542
JG0139d	14	48523953	N:GC[T>G]TT	-1	106721.0	2239931263
JG0139d	14	48667738	N:TC[T>C]TA	1	143785.0	2240075048
JG0139d	14	48695809	N:TC[T>A]CC	1	28071.0	2240103119
JG0139d	14	48845257	N:TC[T>G]TA	1	149448.0	2240252567
JG0139d	14	48912009	N:AC[T>C]TT	1	66752.0	2240319319
JG0139d	14	49188392	N:TC[T>A]CA	1	276383.0	2240595702
JG0139d	14	49250009	N:TC[T>C]TA	1	61617.0	2240657319
JG0139d	14	50443210	T:GG[T>G]TG	1	1193201.0	2241850520
JG0139d	14	51323323	N:TC[T>C]TC	-1	880113.0	2242730633
JG0139d	14	53232434	N:AC[T>A]TA	-1	1909111.0	2244639744
JG0139d	14	53604972	N:AC[T>G]TG	1	372538.0	2245012282
JG0139d	14	53620285	N:TC[T>G]TA	-1	15313.0	2245027595
JG0139d	14	53695441	N:AC[T>G]TT	1	75156.0	2245102751
JG0139d	14	53844143	N:TG[T>G]TA	1	148702.0	2245251453
JG0139d	14	53927877	N:AC[T>C]CA	1	83734.0	2245335187
JG0139d	14	54214190	N:AC[T>G]GA	1	286313.0	2245621500
JG0139d	14	55260621	N:TC[T>G]TT	-1	1046431.0	2246667931
JG0139d	14	55829621	N:AC[T>G]TG	-1	569000.0	2247236931
JG0139d	14	57606186	U:AC[T>G]TA	-1	1776565.0	2249013496
JG0139d	14	57927052	N:AC[T>G]TA	1	320866.0	2249334362
JG0139d	14	58063896	T:TC[T>A]TA	1	136844.0	2249471206
JG0139d	14	58078625	T:AC[T>G]TT	1	14729.0	2249485935
JG0139d	14	58378763	N:AA[T>G]TA	1	300138.0	2249786073
JG0139d	14	58575586	N:TC[T>A]CA	1	196823.0	2249982896
JG0139d	14	58780708	N:AC[T>C]TG	-1	205122.0	2250188018
JG0139d	14	58787721	N:AC[T>G]GG	-1	7013.0	2250195031
JG0139d	14	59231598	U:AG[T>G]TG	1	443877.0	2250638908
JG0139d	14	60028634	U:AC[T>A]CT	1	797036.0	2251435944
JG0139d	14	60132505	U:AC[T>G]TA	1	103871.0	2251539815
JG0139d	14	60149081	B:TC[T>C]CA	1	16576.0	2251556391
JG0139d	14	60172086	N:AC[T>C]TA	1	23005.0	2251579396
JG0139d	14	60842281	T:AC[T>G]CT	-1	670195.0	2252249591
JG0139d	14	60905839	T:TC[T>G]TA	-1	63558.0	2252313149
JG0139d	14	61097603	N:TG[T>A]TG	1	191764.0	2252504913
JG0139d	14	61118399	N:GG[T>C]TT	-1	20796.0	2252525709
JG0139d	14	61389085	U:TC[T>A]TT	1	270686.0	2252796395
JG0139d	14	61477235	U:TC[T>G]TA	1	88150.0	2252884545
JG0139d	14	61943355	T:TC[T>G]TT	-1	466120.0	2253350665
JG0139d	14	61956678	T:AC[T>C]TA	-1	13323.0	2253363988
JG0139d	14	61982969	U:TC[T>G]TG	1	26291.0	2253390279
JG0139d	14	62041379	U:AC[T>C]TT	1	58410.0	2253448689
JG0139d	14	62072101	U:GG[T>G]TA	1	30722.0	2253479411
JG0139d	14	62072180	U:AG[T>G]TA	1	79.0	2253479490
JG0139d	14	62243206	N:TG[T>C]CA	1	171026.0	2253650516
JG0139d	14	62298033	N:TC[T>C]TG	1	54827.0	2253705343
JG0139d	14	62474874	N:TC[T>G]TG	-1	176841.0	2253882184
JG0139d	14	62698500	N:TC[T>C]TT	1	223626.0	2254105810
JG0139d	14	63104869	N:TC[T>G]TC	1	406369.0	2254512179
JG0139d	14	63173988	N:AC[T>C]TG	1	69119.0	2254581298
JG0139d	14	63328178	N:GC[T>C]CA	1	154190.0	2254735488
JG0139d	14	63960031	T:TT[C>A]AA	-1	631853.0	2255367341
JG0139d	14	65168124	N:TC[T>C]TA	-1	1208093.0	2256575434
JG0139d	14	65276346	N:CC[T>G]TC	1	108222.0	2256683656
JG0139d	14	65355112	N:CC[T>C]AC	-1	78766.0	2256762422
JG0139d	14	66068267	N:TT[T>G]TT	1	713155.0	2257475577
JG0139d	14	66219323	N:AC[T>A]TA	1	151056.0	2257626633
JG0139d	14	66609946	U:AT[C>G]TG	1	390623.0	2258017256
JG0139d	14	67348455	T:CC[T>G]CA	1	738509.0	2258755765
JG0139d	14	67371969	U:GT[C>T]AT	1	23514.0	2258779279
JG0139d	14	67512226	U:CC[T>G]TA	-1	140257.0	2258919536
JG0139d	14	68309009	U:AG[T>C]TA	1	796783.0	2259716319
JG0139d	14	68326621	U:GC[T>A]TG	1	17612.0	2259733931
JG0139d	14	68803558	N:AC[T>G]TA	-1	476937.0	2260210868
JG0139d	14	71232112	N:TC[T>A]CT	-1	2428554.0	2262639422
JG0139d	14	71342556	T:AC[T>G]TG	-1	110444.0	2262749866
JG0139d	14	71793522	N:TC[T>A]TG	1	450966.0	2263200832
JG0139d	14	72213383	U:CC[T>A]CT	1	419861.0	2263620693
JG0139d	14	72438290	U:CC[T>C]CT	1	224907.0	2263845600
JG0139d	14	72589544	N:GC[T>C]GT	1	151254.0	2263996854
JG0139d	14	72692380	T:AG[T>G]CA	1	102836.0	2264099690
JG0139d	14	72742485	T:TC[T>C]TG	1	50105.0	2264149795
JG0139d	14	74205636	N:AC[T>C]TG	1	1463151.0	2265612946
JG0139d	14	74260137	T:TC[T>A]CA	-1	54501.0	2265667447
JG0139d	14	74618645	N:TC[T>A]CT	1	358508.0	2266025955
JG0139d	14	75165488	U:AC[T>G]TT	-1	546843.0	2266572798
JG0139d	14	75379052	N:GC[T>C]CA	1	213564.0	2266786362
JG0139d	14	75671239	U:AC[T>C]TT	1	292187.0	2267078549
JG0139d	14	75831342	U:TC[T>C]CA	1	160103.0	2267238652
JG0139d	14	75855036	U:TC[T>C]TG	1	23694.0	2267262346
JG0139d	14	75984902	N:AC[T>G]TG	1	129866.0	2267392212
JG0139d	14	76133902	N:AC[T>C]TT	1	149000.0	2267541212
JG0139d	14	77472563	N:GG[T>G]TT	-1	1338661.0	2268879873
JG0139d	14	77887385	U:GA[T>G]TA	1	414822.0	2269294695
JG0139d	14	77923584	T:TC[T>C]CG	-1	36199.0	2269330894
JG0139d	14	78181675	U:AC[T>C]TG	1	258091.0	2269588985
JG0139d	14	78208758	U:GA[T>G]TA	1	27083.0	2269616068
JG0139d	14	78216230	U:TC[T>C]TT	1	7472.0	2269623540
JG0139d	14	78249859	T:TC[T>G]TA	-1	33629.0	2269657169
JG0139d	14	78318980	T:TC[T>A]TA	-1	69121.0	2269726290
JG0139d	14	78387568	U:AC[T>C]AG	1	68588.0	2269794878
JG0139d	14	78405823	U:TC[T>C]TG	1	18255.0	2269813133
JG0139d	14	78677370	T:AG[T>A]CA	-1	271547.0	2270084680
JG0139d	14	78706124	U:CC[T>C]CC	1	28754.0	2270113434
JG0139d	14	78784568	U:AC[T>A]TG	1	78444.0	2270191878
JG0139d	14	78916037	U:TC[T>C]CA	1	131469.0	2270323347
JG0139d	14	78924005	U:AC[T>G]TT	1	7968.0	2270331315
JG0139d	14	79156422	T:TC[T>C]TA	-1	232417.0	2270563732
JG0139d	14	79244994	U:GG[T>C]TA	1	88572.0	2270652304
JG0139d	14	79262895	U:TA[T>G]CA	1	17901.0	2270670205
JG0139d	14	79463236	U:TC[T>A]TG	1	200341.0	2270870546
JG0139d	14	79544780	U:AC[T>G]TG	1	81544.0	2270952090
JG0139d	14	79778981	U:TC[T>G]CT	1	234201.0	2271186291
JG0139d	14	79896757	N:TC[T>G]TG	1	117776.0	2271304067
JG0139d	14	80025400	N:AC[T>G]TA	1	128643.0	2271432710
JG0139d	14	80164858	N:AG[T>G]TT	1	139458.0	2271572168
JG0139d	14	80164864	N:TG[T>G]TA	1	6.0	2271572174
JG0139d	14	80218082	T:AC[T>G]TA	1	53218.0	2271625392
JG0139d	14	80256002	T:AG[T>G]TA	1	37920.0	2271663312
JG0139d	14	80523834	T:TC[T>G]TC	1	267832.0	2271931144
JG0139d	14	80676784	U:GA[T>G]TA	-1	152950.0	2272084094
JG0139d	14	81891199	N:AC[T>A]CT	1	1214415.0	2273298509
JG0139d	14	82174829	N:AC[T>G]TG	1	283630.0	2273582139
JG0139d	14	82187124	N:AC[T>G]TA	1	12295.0	2273594434
JG0139d	14	83146703	N:CC[T>G]TG	1	959579.0	2274554013
JG0139d	14	83235632	N:AC[T>C]TG	1	88929.0	2274642942
JG0139d	14	83243002	N:AC[T>C]TA	-1	7370.0	2274650312
JG0139d	14	83255666	N:AC[T>G]TT	1	12664.0	2274662976
JG0139d	14	83279200	N:AC[T>C]TA	-1	23534.0	2274686510
JG0139d	14	83352300	N:CC[T>C]CA	1	73100.0	2274759610
JG0139d	14	83486145	N:AC[T>C]TG	1	133845.0	2274893455
JG0139d	14	83553709	N:TC[T>G]TA	1	67564.0	2274961019
JG0139d	14	83728453	N:AG[T>G]TA	1	174744.0	2275135763
JG0139d	14	83773325	N:TC[T>C]TA	1	44872.0	2275180635
JG0139d	14	83960719	N:GA[T>C]GT	-1	187394.0	2275368029
JG0139d	14	83965875	N:AA[T>G]TA	1	5156.0	2275373185
JG0139d	14	84132500	N:AC[T>C]TT	1	166625.0	2275539810
JG0139d	14	84139979	N:AC[T>A]CA	1	7479.0	2275547289
JG0139d	14	84793086	N:AC[T>C]TT	1	653107.0	2276200396
JG0139d	14	84822648	N:GC[T>C]CA	1	29562.0	2276229958
JG0139d	14	85079998	N:TT[T>G]TC	1	257350.0	2276487308
JG0139d	14	85400607	N:TG[T>G]CA	1	320609.0	2276807917
JG0139d	14	85600324	U:AT[T>G]TC	1	199717.0	2277007634
JG0139d	14	85765645	N:AC[T>C]TG	1	165321.0	2277172955
JG0139d	14	85967725	N:TC[T>G]TA	1	202080.0	2277375035
JG0139d	14	85990287	N:TC[T>G]TG	-1	22562.0	2277397597
JG0139d	14	86262662	N:GC[T>C]TA	1	272375.0	2277669972
JG0139d	14	86712183	N:TC[T>C]TG	-1	449521.0	2278119493
JG0139d	14	86739968	N:CC[T>G]CA	1	27785.0	2278147278
JG0139d	14	86810848	N:TG[T>A]TG	1	70880.0	2278218158
JG0139d	14	86894158	N:AC[T>C]TA	-1	83310.0	2278301468
JG0139d	14	87103839	N:TC[T>G]TA	1	209681.0	2278511149
JG0139d	14	87408455	N:AC[T>A]TT	1	304616.0	2278815765
JG0139d	14	87483128	N:AC[T>C]TG	1	74673.0	2278890438
JG0139d	14	87739028	N:TC[T>G]TC	1	255900.0	2279146338
JG0139d	14	87887966	N:TC[T>C]CC	1	148938.0	2279295276
JG0139d	14	88014320	U:AC[T>G]TT	1	126354.0	2279421630
JG0139d	14	88120026	N:TC[T>G]TC	1	105706.0	2279527336
JG0139d	14	88222967	T:TC[T>C]TA	1	102941.0	2279630277
JG0139d	14	89039852	N:TC[T>G]CG	1	816885.0	2280447162
JG0139d	14	89084922	N:GG[T>G]CA	1	45070.0	2280492232
JG0139d	14	89089035	N:TC[T>G]GA	-1	4113.0	2280496345
JG0139d	14	89153117	U:TC[T>A]TG	-1	64082.0	2280560427
JG0139d	14	89477661	T:AC[T>C]GG	1	324544.0	2280884971
JG0139d	14	89976755	U:TC[T>A]CA	1	499094.0	2281384065
JG0139d	14	90044562	U:CC[T>G]TA	1	67807.0	2281451872
JG0139d	14	90156584	T:AG[T>G]TG	-1	112022.0	2281563894
JG0139d	14	90239541	N:GC[T>C]CA	-1	82957.0	2281646851
JG0139d	14	90420096	N:TC[T>A]TT	1	180555.0	2281827406
JG0139d	14	90680520	T:TC[T>A]TG	1	260424.0	2282087830
JG0139d	14	90795273	U:TG[T>C]TC	-1	114753.0	2282202583
JG0139d	14	90946639	U:TG[T>G]TA	-1	151366.0	2282353949
JG0139d	14	91025212	T:AA[T>G]TT	1	78573.0	2282432522
JG0139d	14	91585094	T:CC[T>G]TA	1	559882.0	2282992404
JG0139d	14	91709956	T:GC[T>G]CA	1	124862.0	2283117266
JG0139d	14	91832281	T:AC[T>G]CA	1	122325.0	2283239591
JG0139d	14	92326768	T:GC[T>C]TG	-1	494487.0	2283734078
JG0139d	14	92643000	U:GC[T>C]TG	1	316232.0	2284050310
JG0139d	14	92694286	N:GC[T>C]GC	1	51286.0	2284101596
JG0139d	14	92828937	T:TC[T>C]CA	-1	134651.0	2284236247
JG0139d	14	92904614	N:AA[T>C]CA	1	75677.0	2284311924
JG0139d	14	92968893	T:GC[T>C]TG	1	64279.0	2284376203
JG0139d	14	93898233	N:TC[T>C]GG	-1	929340.0	2285305543
JG0139d	14	94222997	U:AT[T>C]CA	1	324764.0	2285630307
JG0139d	14	94644450	N:TC[T>C]GT	1	421453.0	2286051760
JG0139d	14	95211381	T:AG[T>C]CA	1	566931.0	2286618691
JG0139d	14	95445602	T:TC[T>A]TA	1	234221.0	2286852912
JG0139d	14	95715715	N:TT[C>T]TG	-1	270113.0	2287123025
JG0139d	14	95899278	U:TG[T>C]CC	1	183563.0	2287306588
JG0139d	14	96214101	T:AC[T>C]GG	-1	314823.0	2287621411
JG0139d	14	96627074	N:TC[T>G]TA	1	412973.0	2288034384
JG0139d	14	97036801	N:AC[T>G]TG	1	409727.0	2288444111
JG0139d	14	97144857	N:AC[T>C]TA	-1	108056.0	2288552167
JG0139d	14	97278916	N:TC[T>A]CT	1	134059.0	2288686226
JG0139d	14	97391051	N:GC[T>G]CA	1	112135.0	2288798361
JG0139d	14	97723472	N:AC[T>G]TT	1	332421.0	2289130782
JG0139d	14	97784977	N:GC[T>A]CA	1	61505.0	2289192287
JG0139d	14	97807345	N:GT[T>C]CA	1	22368.0	2289214655
JG0139d	14	97807444	N:GC[T>C]TT	1	99.0	2289214754
JG0139d	14	97871619	N:TC[T>G]CA	1	64175.0	2289278929
JG0139d	14	97871649	N:TC[T>A]CA	1	30.0	2289278959
JG0139d	14	97919896	N:CC[T>G]TG	-1	48247.0	2289327206
JG0139d	14	97971259	N:AG[T>A]TT	1	51363.0	2289378569
JG0139d	14	98233126	N:AC[T>C]CA	1	261867.0	2289640436
JG0139d	14	98341028	N:TA[T>C]CT	1	107902.0	2289748338
JG0139d	14	98477304	N:GC[T>G]TG	1	136276.0	2289884614
JG0139d	14	98515281	N:TC[T>A]TG	1	37977.0	2289922591
JG0139d	14	98624711	N:AC[T>C]CA	1	109430.0	2290032021
JG0139d	14	98962994	N:GG[T>C]TT	-1	338283.0	2290370304
JG0139d	14	99806466	U:GC[T>G]CC	1	843472.0	2291213776
JG0139d	14	100440018	U:AT[C>G]CA	1	633552.0	2291847328
JG0139d	14	100682707	N:GC[T>C]CT	-1	242689.0	2292090017
JG0139d	14	100705404	N:GC[T>C]TG	1	22697.0	2292112714
JG0139d	14	100845449	N:TC[T>C]TG	1	140045.0	2292252759
JG0139d	14	101024272	N:AC[T>C]GA	1	178823.0	2292431582
JG0139d	14	101289313	N:AC[T>G]CA	1	265041.0	2292696623
JG0139d	14	101388078	N:TC[T>G]TA	1	98765.0	2292795388
JG0139d	14	101394467	N:AC[T>G]CA	1	6389.0	2292801777
JG0139d	14	101452382	N:TC[T>G]TG	1	57915.0	2292859692
JG0139d	14	101495469	N:AC[T>C]CA	1	43087.0	2292902779
JG0139d	14	101600168	N:AC[T>C]CT	-1	104699.0	2293007478
JG0139d	14	101824182	U:AC[T>G]TA	1	224014.0	2293231492
JG0139d	14	104339722	N:TC[T>C]CA	1	2515540.0	2295747032
JG0139d	14	104411081	N:TC[T>C]CC	1	71359.0	2295818391
JG0139d	14	104488277	U:AG[T>G]TT	-1	77196.0	2295895587
JG0139d	14	104595220	T:AG[T>G]CG	1	106943.0	2296002530
JG0139d	14	104637980	N:TC[T>G]TT	1	42760.0	2296045290
JG0139d	14	105447605	T:GC[T>G]CG	-1	809625.0	2296854915
JG0139d	14	106596622	N:TC[T>C]TG	1	1149017.0	2298003932
JG0139d	14	106647556	N:AG[T>G]TT	1	50934.0	2298054866
JG0139d	15	24124889	N:TC[T>C]AA	-1		2322575917
JG0139d	15	24287500	N:AT[T>G]TA	-1	162611.0	2322738528
JG0139d	15	26662343	U:TC[T>C]GC	-1	2374843.0	2325113371
JG0139d	15	27125981	T:TC[T>C]TC	-1	463638.0	2325577009
JG0139d	15	29113287	T:TC[T>C]CA	-1	1987306.0	2327564315
JG0139d	15	29545915	U:TC[T>G]TC	-1	432628.0	2327996943
JG0139d	15	29648147	N:CC[T>G]TT	-1	102232.0	2328099175
JG0139d	15	29998547	N:TC[T>A]TG	-1	350400.0	2328449575
JG0139d	15	35121559	N:GC[T>C]TC	-1	5123012.0	2333572587
JG0139d	15	35147046	N:AC[T>G]TT	-1	25487.0	2333598074
JG0139d	15	36938163	U:GC[T>C]TG	-1	1791117.0	2335389191
JG0139d	15	39553573	N:GC[T>G]TG	-1	2615410.0	2338004601
JG0139d	15	41504865	U:TA[T>G]TA	-1	1951292.0	2339955893
JG0139d	15	45155223	T:TC[T>C]CA	-1	3650358.0	2343606251
JG0139d	15	45652354	T:TC[T>C]CA	-1	497131.0	2344103382
JG0139d	15	45928867	N:AA[T>G]TA	-1	276513.0	2344379895
JG0139d	15	46079561	N:CA[T>G]TT	-1	150694.0	2344530589
JG0139d	15	47527534	T:TC[T>C]CA	-1	1447973.0	2345978562
JG0139d	15	52659517	U:GA[T>G]TT	-1	5131983.0	2351110545
JG0139d	15	54491913	T:GG[T>G]TG	-1	1832396.0	2352942941
JG0139d	15	57453253	T:TG[T>G]TA	-1	2961340.0	2355904281
JG0139d	15	57905225	N:AC[T>G]TG	-1	451972.0	2356356253
JG0139d	15	60522884	U:TG[T>G]TG	-1	2617659.0	2358973912
JG0139d	15	89902391	U:TC[T>C]TA	-1	29379507.0	2388353419
JG0139d	15	89959006	N:CC[T>G]TC	-1	56615.0	2388410034
JG0139d	15	89979977	N:TC[T>C]CG	1	20971.0	2388431005
JG0139d	15	90066373	T:TC[T>C]AA	-1	86396.0	2388517401
JG0139d	15	90859495	N:TC[T>C]GG	1	793122.0	2389310523
JG0139d	15	90984058	U:GC[T>G]GA	-1	124563.0	2389435086
JG0139d	15	91382244	N:AC[T>G]TA	1	398186.0	2389833272
JG0139d	15	91611143	N:GG[T>C]CT	-1	228899.0	2390062171
JG0139d	15	91734143	N:AC[T>C]TT	-1	123000.0	2390185171
JG0139d	15	91833691	N:CT[C>A]TA	1	99548.0	2390284719
JG0139d	15	91903492	T:CC[T>G]TT	-1	69801.0	2390354520
JG0139d	15	91959132	T:GC[T>C]CC	-1	55640.0	2390410160
JG0139d	15	92210847	N:GG[T>G]TT	-1	251715.0	2390661875
JG0139d	15	93164158	N:TC[T>C]CG	-1	953311.0	2391615186
JG0139d	15	93280781	N:CC[T>G]TG	-1	116623.0	2391731809
JG0139d	15	93376710	N:TG[T>G]TG	-1	95929.0	2391827738
JG0139d	15	93527880	N:TC[T>G]TC	-1	151170.0	2391978908
JG0139d	15	94227253	N:AC[T>C]AG	-1	699373.0	2392678281
JG0139d	15	94228581	N:CT[T>C]CA	-1	1328.0	2392679609
JG0139d	15	94429089	T:AC[T>A]TA	-1	200508.0	2392880117
JG0139d	15	94814994	N:GA[T>C]TT	-1	385905.0	2393266022
JG0139d	15	94879240	N:CC[T>C]GA	1	64246.0	2393330268
JG0139d	15	94912978	N:CC[T>G]TT	-1	33738.0	2393364006
JG0139d	15	95011718	N:AC[T>C]TG	1	98740.0	2393462746
JG0139d	15	95242277	N:TG[T>G]CA	-1	230559.0	2393693305
JG0139d	15	95263535	N:AC[T>C]TA	1	21258.0	2393714563
JG0139d	15	95382505	N:AC[T>G]TT	1	118970.0	2393833533
JG0139d	15	95411487	N:TC[T>G]TT	-1	28982.0	2393862515
JG0139d	15	95537169	N:TC[T>G]TC	-1	125682.0	2393988197
JG0139d	15	96556270	N:GC[T>G]TT	1	1019101.0	2395007298
JG0139d	15	96818397	N:CC[T>G]TA	1	262127.0	2395269425
JG0139d	15	96841564	N:GG[T>C]TG	1	23167.0	2395292592
JG0139d	15	96887754	N:GG[T>G]TC	1	46190.0	2395338782
JG0139d	15	97133195	N:TC[T>A]CA	1	245441.0	2395584223
JG0139d	15	97321191	N:AA[T>G]TC	1	187996.0	2395772219
JG0139d	15	97384695	N:GC[T>G]TA	1	63504.0	2395835723
JG0139d	15	97396582	N:TC[T>C]CA	1	11887.0	2395847610
JG0139d	15	97461040	N:AC[T>A]TG	1	64458.0	2395912068
JG0139d	15	97837531	N:CC[T>A]CA	-1	376491.0	2396288559
JG0139d	15	98257878	N:TC[T>A]TG	1	420347.0	2396708906
JG0139d	15	98265186	N:AC[T>C]CA	1	7308.0	2396716214
JG0139d	15	98957913	T:TT[T>G]TG	-1	692727.0	2397408941
JG0139d	15	99100761	T:AG[T>G]GA	-1	142848.0	2397551789
JG0139d	15	99727114	N:CG[T>C]CT	1	626353.0	2398178142
JG0139d	15	101649955	T:AC[T>G]TA	1	1922841.0	2400100983
JG0139d	15	101775704	N:TG[T>G]CA	-1	125749.0	2400226732
JG0139d	15	101808606	N:AC[T>C]TA	1	32902.0	2400259634
JG0139d	16	1305234	N:TC[T>C]CA	-1		2401747451
JG0139d	16	1412566	U:AC[T>G]TG	-1	107332.0	2401854783
JG0139d	16	1479314	N:CG[T>C]CC	-1	66748.0	2401921531
JG0139d	16	1802328	T:GC[T>A]TG	1	323014.0	2402244545
JG0139d	16	1903301	N:AA[T>G]TC	-1	100973.0	2402345518
JG0139d	16	1938527	U:TC[T>C]CG	-1	35226.0	2402380744
JG0139d	16	2086514	T:GC[T>C]CG	-1	147987.0	2402528731
JG0139d	16	2463119	T:TC[T>A]TG	-1	376605.0	2402905336
JG0139d	16	2760076	T:AC[T>A]CA	-1	296957.0	2403202293
JG0139d	16	3041871	N:TC[T>A]TG	-1	281795.0	2403484088
JG0139d	16	4296684	N:AC[T>G]TT	-1	1254813.0	2404738901
JG0139d	16	4325774	T:TT[T>G]TA	-1	29090.0	2404767991
JG0139d	16	4724281	U:TC[T>A]GT	-1	398507.0	2405166498
JG0139d	16	4844328	U:TG[T>G]TA	-1	120047.0	2405286545
JG0139d	16	5144050	N:AC[T>A]GA	-1	299722.0	2405586267
JG0139d	16	5219724	N:AC[T>G]TG	-1	75674.0	2405661941
JG0139d	16	5395094	T:GC[T>G]TG	-1	175370.0	2405837311
JG0139d	16	5493616	T:TC[T>G]TA	-1	98522.0	2405935833
JG0139d	16	5905702	T:TG[T>C]CT	-1	412086.0	2406347919
JG0139d	16	6650836	T:TC[T>A]CA	-1	745134.0	2407093053
JG0139d	16	6650845	T:TG[T>C]TG	-1	9.0	2407093062
JG0139d	16	6894169	U:GT[C>G]TG	1	243324.0	2407336386
JG0139d	16	7019077	T:AC[T>G]CA	-1	124908.0	2407461294
JG0139d	16	7252188	T:CC[T>C]TC	-1	233111.0	2407694405
JG0139d	16	7838271	N:GC[T>G]TG	-1	586083.0	2408280488
JG0139d	16	8237844	N:GA[T>A]TA	-1	399573.0	2408680061
JG0139d	16	8742655	T:CC[T>G]GA	-1	504811.0	2409184872
JG0139d	16	8993897	N:GA[T>G]TA	1	251242.0	2409436114
JG0139d	16	9244241	N:AG[T>G]TA	1	250344.0	2409686458
JG0139d	16	9507732	N:AC[T>G]AA	1	263491.0	2409949949
JG0139d	16	9739361	N:AT[T>G]TG	-1	231629.0	2410181578
JG0139d	16	9799577	U:CG[T>G]TT	-1	60216.0	2410241794
JG0139d	16	10025036	U:CC[T>C]CT	-1	225459.0	2410467253
JG0139d	16	10085271	T:AC[T>G]TC	1	60235.0	2410527488
JG0139d	16	10628559	U:GC[T>G]TA	-1	543288.0	2411070776
JG0139d	16	10683084	U:TG[T>A]TT	-1	54525.0	2411125301
JG0139d	16	12331450	T:CC[T>C]CA	-1	1648366.0	2412773667
JG0139d	16	12507083	T:AC[T>C]TA	-1	175633.0	2412949300
JG0139d	16	12521531	U:TC[T>G]CC	1	14448.0	2412963748
JG0139d	16	12976309	U:TC[T>G]TG	1	454778.0	2413418526
JG0139d	16	13501769	N:CC[T>A]CG	-1	525460.0	2413943986
JG0139d	16	13799673	N:AT[T>G]TC	-1	297904.0	2414241890
JG0139d	16	13823915	N:AC[T>G]CT	1	24242.0	2414266132
JG0139d	16	15462009	U:AC[T>C]TT	1	1638094.0	2415904226
JG0139d	16	15579810	T:GC[T>C]CA	-1	117801.0	2416022027
JG0139d	16	15602214	B:TC[T>G]TT	-1	22404.0	2416044431
JG0139d	16	15610515	B:AG[T>G]TA	-1	8301.0	2416052732
JG0139d	16	16965454	N:AG[C>A]AA	-1	1354939.0	2417407671
JG0139d	16	17382845	U:CT[C>A]CT	-1	417391.0	2417825062
JG0139d	16	17717014	N:TC[T>A]TA	1	334169.0	2418159231
JG0139d	16	17790112	N:TC[T>C]GA	1	73098.0	2418232329
JG0139d	16	17799760	N:AC[T>G]TT	1	9648.0	2418241977
JG0139d	16	17856621	N:AG[T>C]TA	1	56861.0	2418298838
JG0139d	16	17909718	N:GG[T>A]GG	-1	53097.0	2418351935
JG0139d	16	17992752	N:TC[T>A]GT	1	83034.0	2418434969
JG0139d	16	18159914	N:GC[T>G]TA	1	167162.0	2418602131
JG0139d	16	18233447	N:TC[T>G]TC	1	73533.0	2418675664
JG0139d	16	19543855	U:GC[T>A]CT	1	1310408.0	2419986072
JG0139d	16	19633454	T:GC[T>C]TA	-1	89599.0	2420075671
JG0139d	16	20219996	N:GC[T>G]TG	1	586542.0	2420662213
JG0139d	16	20257107	N:GC[T>C]TA	1	37111.0	2420699324
JG0139d	16	20297376	N:AC[T>C]TG	1	40269.0	2420739593
JG0139d	16	20661741	B:TC[T>C]GA	-1	364365.0	2421103958
JG0139d	16	20707215	U:TC[T>A]CA	1	45474.0	2421149432
JG0139d	16	21093230	T:TC[T>G]TA	1	386015.0	2421535447
JG0139d	16	21140209	U:AG[T>G]TA	-1	46979.0	2421582426
JG0139d	16	22049630	U:CC[T>C]TT	1	909421.0	2422491847
JG0139d	16	22193944	N:TC[T>C]TG	1	144314.0	2422636161
JG0139d	16	22768478	N:TC[T>A]CG	1	574534.0	2423210695
JG0139d	16	22963413	N:TC[T>G]TA	1	194935.0	2423405630
JG0139d	16	23366585	U:AA[T>G]TA	1	403172.0	2423808802
JG0139d	16	23463561	T:AT[T>G]TT	1	96976.0	2423905778
JG0139d	16	23529749	T:TC[T>C]CA	1	66188.0	2423971966
JG0139d	16	23678800	N:GA[T>G]TT	1	149051.0	2424121017
JG0139d	16	23721221	N:AC[T>G]TG	-1	42421.0	2424163438
JG0139d	16	23851552	U:TG[T>A]CT	1	130331.0	2424293769
JG0139d	16	24009060	U:CA[T>G]CA	1	157508.0	2424451277
JG0139d	16	24015410	U:TC[T>C]CA	1	6350.0	2424457627
JG0139d	16	24216244	U:AG[T>G]CA	1	200834.0	2424658461
JG0139d	16	25509344	N:AC[T>C]TT	1	1293100.0	2425951561
JG0139d	16	25569122	N:TC[T>A]CC	1	59778.0	2426011339
JG0139d	16	25744550	U:TT[T>G]TC	1	175428.0	2426186767
JG0139d	16	25881148	T:TC[T>C]TG	-1	136598.0	2426323365
JG0139d	16	26060791	T:TC[T>C]CC	-1	179643.0	2426503008
JG0139d	16	26409188	N:TC[T>G]TT	1	348397.0	2426851405
JG0139d	16	26409253	N:AC[T>A]TG	1	65.0	2426851470
JG0139d	16	26546811	N:AC[T>G]GA	1	137558.0	2426989028
JG0139d	16	26767741	N:CC[T>G]TG	1	220930.0	2427209958
JG0139d	16	26786106	N:TC[T>C]TA	-1	18365.0	2427228323
JG0139d	16	26915790	N:TT[T>C]CC	-1	129684.0	2427358007
JG0139d	16	26952265	N:TC[T>C]GA	1	36475.0	2427394482
JG0139d	16	26954445	N:TC[C>A]CC	1	2180.0	2427396662
JG0139d	16	27046385	N:TC[T>C]CC	1	91940.0	2427488602
JG0139d	16	27061794	N:GC[T>G]GA	1	15409.0	2427504011
JG0139d	16	27133556	N:AT[T>G]TG	1	71762.0	2427575773
JG0139d	16	28845506	T:TC[T>C]CA	1	1711950.0	2429287723
JG0139d	16	29790479	N:GC[T>C]CA	-1	944973.0	2430232696
JG0139d	16	30118884	U:GA[T>G]TA	-1	328405.0	2430561101
JG0139d	16	30493948	T:TC[T>C]GA	-1	375064.0	2430936165
JG0139d	16	30516156	U:TG[T>C]GT	1	22208.0	2430958373
JG0139d	16	30703806	T:TC[T>C]CC	-1	187650.0	2431146023
JG0139d	16	31019983	N:AC[T>C]TT	1	316177.0	2431462200
JG0139d	16	31880667	U:TC[T>G]TG	1	860684.0	2432322884
JG0139d	16	33771418	N:CC[T>C]CA	1	1890751.0	2434213635
JG0139d	16	35248195	N:CA[T>C]CA	-1	1476777.0	2435690412
JG0139d	16	35372530	N:TC[T>C]GC	-1	124335.0	2435814747
JG0139d	16	35484283	N:TC[T>C]TG	-1	111753.0	2435926500
JG0139d	16	35905646	N:AC[T>C]CT	-1	421363.0	2436347863
JG0139d	16	35907322	N:TC[T>C]CA	-1	1676.0	2436349539
JG0139d	16	35919281	N:AC[T>C]CT	-1	11959.0	2436361498
JG0139d	16	35921206	N:GG[T>A]TA	-1	1925.0	2436363423
JG0139d	16	47574215	U:TC[T>C]CA	1	11653009.0	2448016432
JG0139d	16	47594951	U:TC[T>G]CA	1	20736.0	2448037168
JG0139d	16	48042012	N:AG[T>C]TG	-1	447061.0	2448484229
JG0139d	16	48862068	N:TC[T>C]TA	-1	820056.0	2449304285
JG0139d	16	49075056	N:TG[T>G]TT	1	212988.0	2449517273
JG0139d	16	49318324	N:TC[T>C]TC	1	243268.0	2449760541
JG0139d	16	49325167	N:TT[T>G]TA	-1	6843.0	2449767384
JG0139d	16	49335481	N:AC[T>G]TA	1	10314.0	2449777698
JG0139d	16	49564446	T:AC[T>C]CA	1	228965.0	2450006663
JG0139d	16	49628688	T:AC[T>C]CC	1	64242.0	2450070905
JG0139d	16	49633466	T:TC[T>A]CC	1	4778.0	2450075683
JG0139d	16	49672220	T:AC[T>G]TG	1	38754.0	2450114437
JG0139d	16	49802419	U:TG[T>G]TA	-1	130199.0	2450244636
JG0139d	16	50532151	N:AG[T>G]TT	-1	729732.0	2450974368
JG0139d	16	51178519	N:AT[T>G]CT	1	646368.0	2451620736
JG0139d	16	51429455	N:TC[T>C]CA	-1	250936.0	2451871672
JG0139d	16	52168927	N:AC[T>C]CA	1	739472.0	2452611144
JG0139d	16	52595972	N:AC[T>C]TT	-1	427045.0	2453038189
JG0139d	16	53844179	T:AG[T>A]CA	-1	1248207.0	2454286396
JG0139d	16	53857432	T:TC[T>C]CA	-1	13253.0	2454299649
JG0139d	16	53889079	T:CC[T>G]TA	-1	31647.0	2454331296
JG0139d	16	54161445	N:GC[T>C]TA	-1	272366.0	2454603662
JG0139d	16	54365501	N:AC[T>G]TG	1	204056.0	2454807718
JG0139d	16	54385384	N:CC[T>G]TA	1	19883.0	2454827601
JG0139d	16	54443526	N:TC[T>G]TC	-1	58142.0	2454885743
JG0139d	16	54539688	N:TC[T>C]GG	-1	96162.0	2454981905
JG0139d	16	54758215	N:GC[T>A]TG	1	218527.0	2455200432
JG0139d	16	55704830	U:AG[T>G]TG	1	946615.0	2456147047
JG0139d	16	55981410	N:TG[T>C]CA	-1	276580.0	2456423627
JG0139d	16	56004473	N:TC[T>A]TA	-1	23063.0	2456446690
JG0139d	16	56011079	N:GC[T>C]TG	-1	6606.0	2456453296
JG0139d	16	56310247	U:GC[T>A]TG	1	299168.0	2456752464
JG0139d	16	56339515	U:CC[T>G]CT	1	29268.0	2456781732
JG0139d	16	56485725	T:AC[T>C]CT	1	146210.0	2456927942
JG0139d	16	57380988	U:GC[T>G]TA	1	895263.0	2457823205
JG0139d	16	57555503	U:TC[T>G]TC	1	174515.0	2457997720
JG0139d	16	57557941	T:TG[T>G]TG	-1	2438.0	2458000158
JG0139d	16	57623172	T:AC[T>G]TG	-1	65231.0	2458065389
JG0139d	16	57700073	T:CC[T>G]TG	-1	76901.0	2458142290
JG0139d	16	57844281	T:AA[T>G]TA	1	144208.0	2458286498
JG0139d	16	57901974	T:AC[T>G]TC	1	57693.0	2458344191
JG0139d	16	58086675	N:GC[T>C]CT	-1	184701.0	2458528892
JG0139d	16	58953541	N:GC[T>G]GG	1	866866.0	2459395758
JG0139d	16	58964373	N:CC[C>T]CA	-1	10832.0	2459406590
JG0139d	16	59044495	N:GC[T>C]CT	-1	80122.0	2459486712
JG0139d	16	59232071	N:TC[T>C]TG	-1	187576.0	2459674288
JG0139d	16	59240078	N:GC[T>C]CA	-1	8007.0	2459682295
JG0139d	16	59314877	N:TG[T>C]CA	-1	74799.0	2459757094
JG0139d	16	59327220	N:AA[T>C]TT	-1	12343.0	2459769437
JG0139d	16	59329435	N:TC[T>C]GA	-1	2215.0	2459771652
JG0139d	16	59387912	N:TC[T>C]TT	-1	58477.0	2459830129
JG0139d	16	59530664	N:AC[T>G]TA	-1	142752.0	2459972881
JG0139d	16	59837597	N:AC[T>C]CA	1	306933.0	2460279814
JG0139d	16	59945121	N:GG[T>C]TA	-1	107524.0	2460387338
JG0139d	16	59996304	N:GC[T>G]TT	-1	51183.0	2460438521
JG0139d	16	60073884	N:AG[T>G]TA	-1	77580.0	2460516101
JG0139d	16	60371805	N:AC[T>A]CT	-1	297921.0	2460814022
JG0139d	16	60383414	N:TT[T>G]TA	-1	11609.0	2460825631
JG0139d	16	60590781	N:TC[T>A]CA	1	207367.0	2461032998
JG0139d	16	60591961	N:TC[T>A]CT	-1	1180.0	2461034178
JG0139d	16	60610776	N:AC[T>G]TG	-1	18815.0	2461052993
JG0139d	16	60655039	N:AC[T>C]CA	-1	44263.0	2461097256
JG0139d	16	60666247	N:TC[T>A]CT	-1	11208.0	2461108464
JG0139d	16	60764485	N:GC[T>C]TA	-1	98238.0	2461206702
JG0139d	16	60867018	N:AG[T>C]GC	-1	102533.0	2461309235
JG0139d	16	60943755	N:TA[T>G]TG	-1	76737.0	2461385972
JG0139d	16	61387830	N:GC[T>G]TG	-1	444075.0	2461830047
JG0139d	16	61455164	N:AC[T>A]CT	1	67334.0	2461897381
JG0139d	16	61489716	N:AC[T>C]TA	1	34552.0	2461931933
JG0139d	16	61661883	T:TC[T>G]TA	1	172167.0	2462104100
JG0139d	16	61727899	T:CC[T>G]CA	1	66016.0	2462170116
JG0139d	16	61739390	U:GC[T>G]TT	-1	11491.0	2462181607
JG0139d	16	61846374	U:AC[T>G]TG	-1	106984.0	2462288591
JG0139d	16	61900486	T:TC[T>G]TA	1	54112.0	2462342703
JG0139d	16	62003345	U:TC[T>G]TT	-1	102859.0	2462445562
JG0139d	16	62070852	N:AG[T>G]TC	-1	67507.0	2462513069
JG0139d	16	62275478	N:TC[T>A]TA	-1	204626.0	2462717695
JG0139d	16	62386460	N:AG[T>G]TA	-1	110982.0	2462828677
JG0139d	16	62886422	N:AA[T>G]TG	-1	499962.0	2463328639
JG0139d	16	62914692	N:TC[T>G]CA	1	28270.0	2463356909
JG0139d	16	63095497	N:GC[T>G]TC	-1	180805.0	2463537714
JG0139d	16	63351162	N:TC[T>G]TT	-1	255665.0	2463793379
JG0139d	16	63490654	N:CC[T>G]TG	-1	139492.0	2463932871
JG0139d	16	63497588	N:TC[T>G]GA	-1	6934.0	2463939805
JG0139d	16	63675739	N:CC[T>C]CG	-1	178151.0	2464117956
JG0139d	16	63685768	N:GG[T>G]TT	-1	10029.0	2464127985
JG0139d	16	63708200	N:TC[T>G]CA	-1	22432.0	2464150417
JG0139d	16	63818123	N:GG[T>G]TG	1	109923.0	2464260340
JG0139d	16	63841853	N:AC[T>C]TT	-1	23730.0	2464284070
JG0139d	16	63922183	N:AG[T>C]GA	-1	80330.0	2464364400
JG0139d	16	64042673	N:AC[T>C]CT	-1	120490.0	2464484890
JG0139d	16	64131889	N:TC[T>C]GG	-1	89216.0	2464574106
JG0139d	16	64132099	N:GC[T>C]CA	-1	210.0	2464574316
JG0139d	16	64207056	N:AG[T>C]CA	-1	74957.0	2464649273
JG0139d	16	64221564	N:CC[T>C]TT	-1	14508.0	2464663781
JG0139d	16	64232184	N:AC[T>C]TA	-1	10620.0	2464674401
JG0139d	16	64330159	N:CC[T>G]TA	-1	97975.0	2464772376
JG0139d	16	64388114	N:TC[T>C]CA	-1	57955.0	2464830331
JG0139d	16	64634966	N:CC[T>C]TG	1	246852.0	2465077183
JG0139d	16	64906885	N:TG[T>C]TT	-1	271919.0	2465349102
JG0139d	16	65046901	U:GC[T>C]CC	-1	140016.0	2465489118
JG0139d	16	65066527	U:AG[T>G]TA	-1	19626.0	2465508744
JG0139d	16	65125995	N:CC[T>C]CA	1	59468.0	2465568212
JG0139d	16	65162157	N:AC[T>C]GG	1	36162.0	2465604374
JG0139d	16	65177603	N:TC[T>G]TA	-1	15446.0	2465619820
JG0139d	16	65207573	N:TC[T>C]GA	-1	29970.0	2465649790
JG0139d	16	65406892	N:AA[T>G]TA	1	199319.0	2465849109
JG0139d	16	65470346	N:TT[T>C]TG	1	63454.0	2465912563
JG0139d	16	65512884	N:TC[T>G]TG	1	42538.0	2465955101
JG0139d	16	65541133	N:GC[T>C]TT	1	28249.0	2465983350
JG0139d	16	65770125	N:TC[T>A]CG	-1	228992.0	2466212342
JG0139d	16	65972870	N:AC[T>G]TA	-1	202745.0	2466415087
JG0139d	16	66004281	N:AC[T>C]TT	-1	31411.0	2466446498
JG0139d	16	66073947	N:GC[T>G]TT	1	69666.0	2466516164
JG0139d	16	66167268	N:GC[T>C]CA	1	93321.0	2466609485
JG0139d	16	66192320	N:AC[T>G]TT	1	25052.0	2466634537
JG0139d	16	66759838	U:TC[T>G]TT	-1	567518.0	2467202055
JG0139d	16	66848793	B:TG[T>A]GG	-1	88955.0	2467291010
JG0139d	16	68392512	T:AG[T>G]TT	1	1543719.0	2468834729
JG0139d	16	70298787	T:AC[T>C]TG	-1	1906275.0	2470741004
JG0139d	16	72277021	N:AT[T>G]TA	1	1978234.0	2472719238
JG0139d	16	72307840	N:GC[T>C]TG	-1	30819.0	2472750057
JG0139d	16	72695602	N:TC[T>C]TG	-1	387762.0	2473137819
JG0139d	16	73104939	U:GG[T>A]CC	-1	409337.0	2473547156
JG0139d	16	73145770	T:TA[T>A]TG	1	40831.0	2473587987
JG0139d	16	73674827	U:TG[T>G]TT	-1	529057.0	2474117044
JG0139d	16	73766013	T:AA[T>G]TA	1	91186.0	2474208230
JG0139d	16	73910595	N:AG[T>G]TG	-1	144582.0	2474352812
JG0139d	16	73997687	N:CC[T>A]CC	-1	87092.0	2474439904
JG0139d	16	74000751	N:TT[T>G]TA	1	3064.0	2474442968
JG0139d	16	74456554	U:AC[T>C]CT	-1	455803.0	2474898771
JG0139d	16	74777227	N:TT[T>G]TA	1	320673.0	2475219444
JG0139d	16	75288005	N:GC[T>C]CT	-1	510778.0	2475730222
JG0139d	16	75291909	N:TC[T>A]CA	-1	3904.0	2475734126
JG0139d	16	75713101	T:GC[T>G]TT	-1	421192.0	2476155318
JG0139d	16	75946842	N:AC[T>C]TG	-1	233741.0	2476389059
JG0139d	16	75980732	N:TC[T>G]TG	-1	33890.0	2476422949
JG0139d	16	76099590	N:AC[T>G]TG	-1	118858.0	2476541807
JG0139d	16	76118093	N:TC[T>A]TA	1	18503.0	2476560310
JG0139d	16	76168109	N:TC[T>C]CT	-1	50016.0	2476610326
JG0139d	16	76228423	N:AC[T>G]TT	1	60314.0	2476670640
JG0139d	16	76358645	T:TC[T>C]CA	-1	130222.0	2476800862
JG0139d	16	76430950	T:TC[T>C]TT	-1	72305.0	2476873167
JG0139d	16	76452621	U:AC[T>C]TT	1	21671.0	2476894838
JG0139d	16	76633422	N:GC[T>C]CG	-1	180801.0	2477075639
JG0139d	16	76749359	N:TC[T>A]CA	-1	115937.0	2477191576
JG0139d	16	76799694	N:TC[T>G]CA	-1	50335.0	2477241911
JG0139d	16	76802682	N:CC[T>C]CC	-1	2988.0	2477244899
JG0139d	16	76873341	N:TC[T>C]CT	1	70659.0	2477315558
JG0139d	16	76912574	N:AC[T>G]TA	1	39233.0	2477354791
JG0139d	16	76967882	N:TC[T>G]TC	-1	55308.0	2477410099
JG0139d	16	77000878	N:AG[T>G]TA	-1	32996.0	2477443095
JG0139d	16	77068161	N:CC[T>C]GG	1	67283.0	2477510378
JG0139d	16	77223004	N:AC[T>C]TG	1	154843.0	2477665221
JG0139d	16	77226190	N:TC[T>G]TA	-1	3186.0	2477668407
JG0139d	16	77233991	N:TC[T>A]TG	1	7801.0	2477676208
JG0139d	16	77234937	N:GC[T>C]TA	-1	946.0	2477677154
JG0139d	16	77272701	T:AC[T>G]TA	1	37764.0	2477714918
JG0139d	16	77418115	U:AA[T>C]TT	-1	145414.0	2477860332
JG0139d	16	77618333	N:AC[T>G]TA	1	200218.0	2478060550
JG0139d	16	77766650	N:AC[T>A]TG	1	148317.0	2478208867
JG0139d	16	77871684	T:TC[T>C]GA	-1	105034.0	2478313901
JG0139d	16	77959177	T:GC[T>C]GC	-1	87493.0	2478401394
JG0139d	16	77963258	U:AC[T>C]TG	1	4081.0	2478405475
JG0139d	16	78019935	N:AC[T>A]AC	-1	56677.0	2478462152
JG0139d	16	78055582	N:GC[T>C]TG	-1	35647.0	2478497799
JG0139d	16	78079059	N:TC[T>G]CC	-1	23477.0	2478521276
JG0139d	16	79044832	U:AC[T>G]TA	1	965773.0	2479487049
JG0139d	16	79107659	U:GA[C>T]AT	1	62827.0	2479549876
JG0139d	16	79223840	N:TG[T>G]TA	-1	116181.0	2479666057
JG0139d	16	79266353	N:CC[T>A]TA	-1	42513.0	2479708570
JG0139d	16	79326668	N:AC[T>C]GC	-1	60315.0	2479768885
JG0139d	16	79473617	N:AC[T>C]CA	-1	146949.0	2479915834
JG0139d	16	79617203	N:CC[T>A]CC	-1	143586.0	2480059420
JG0139d	16	79665028	N:AC[T>A]TG	-1	47825.0	2480107245
JG0139d	16	79667785	N:TC[T>C]CT	-1	2757.0	2480110002
JG0139d	16	80064102	N:TC[T>C]TT	-1	396317.0	2480506319
JG0139d	16	80181472	N:AC[T>G]TA	1	117370.0	2480623689
JG0139d	16	80208715	N:GC[T>G]TA	1	27243.0	2480650932
JG0139d	16	80335307	N:CC[T>G]TG	-1	126592.0	2480777524
JG0139d	16	80412630	N:AC[T>C]TG	-1	77323.0	2480854847
JG0139d	16	80609120	U:TC[T>C]CT	-1	196490.0	2481051337
JG0139d	16	80610194	U:TC[T>A]CA	-1	1074.0	2481052411
JG0139d	16	80721877	T:AC[T>G]CA	1	111683.0	2481164094
JG0139d	16	80821076	N:CC[T>G]CA	-1	99199.0	2481263293
JG0139d	16	80972185	T:AC[T>C]TA	1	151109.0	2481414402
JG0139d	16	81228045	N:TC[T>G]TA	1	255860.0	2481670262
JG0139d	16	81465952	T:TC[T>G]TC	-1	237907.0	2481908169
JG0139d	16	81530968	T:GC[T>C]CA	-1	65016.0	2481973185
JG0139d	16	81962587	T:TC[T>G]CT	-1	431619.0	2482404804
JG0139d	16	82040460	T:AC[T>G]TA	-1	77873.0	2482482677
JG0139d	16	82216670	N:AC[T>A]CT	-1	176210.0	2482658887
JG0139d	16	82255368	N:TG[T>G]GA	1	38698.0	2482697585
JG0139d	16	82321201	N:AG[T>C]TA	-1	65833.0	2482763418
JG0139d	16	82364222	N:TC[T>C]TA	-1	43021.0	2482806439
JG0139d	16	82410939	N:TC[T>C]CT	-1	46717.0	2482853156
JG0139d	16	82459609	N:AC[T>G]CC	-1	48670.0	2482901826
JG0139d	16	82718455	T:AG[T>G]TG	-1	258846.0	2483160672
JG0139d	16	82735019	T:TC[T>C]CA	-1	16564.0	2483177236
JG0139d	16	82888678	T:AC[T>G]TG	-1	153659.0	2483330895
JG0139d	16	82890700	T:TC[T>C]AG	-1	2022.0	2483332917
JG0139d	16	82961850	U:GC[T>C]TC	1	71150.0	2483404067
JG0139d	16	83168172	U:AC[T>G]TG	1	206322.0	2483610389
JG0139d	16	83269014	U:CC[T>G]TA	1	100842.0	2483711231
JG0139d	16	83418757	T:AC[T>C]TA	-1	149743.0	2483860974
JG0139d	16	83514714	T:AC[T>G]TT	-1	95957.0	2483956931
JG0139d	16	83607706	U:GT[T>G]TT	1	92992.0	2484049923
JG0139d	16	84334025	N:CC[T>G]TA	1	726319.0	2484776242
JG0139d	16	84492159	T:GA[T>G]TT	1	158134.0	2484934376
JG0139d	16	84503700	T:TC[T>G]TA	1	11541.0	2484945917
JG0139d	16	84904291	T:TC[T>C]CT	-1	400591.0	2485346508
JG0139d	16	85702095	U:TC[T>A]GC	-1	797804.0	2486144312
JG0139d	16	85730152	U:GC[T>C]CT	-1	28057.0	2486172369
JG0139d	16	85733788	U:TC[T>C]CC	-1	3636.0	2486176005
JG0139d	16	85986476	N:TC[T>C]TA	-1	252688.0	2486428693
JG0139d	16	86030951	N:CC[T>C]AG	-1	44475.0	2486473168
JG0139d	16	86044727	N:AG[T>G]GG	1	13776.0	2486486944
JG0139d	16	86098177	N:AC[T>C]TA	-1	53450.0	2486540394
JG0139d	16	86160933	N:TG[T>A]TA	-1	62756.0	2486603150
JG0139d	16	86170551	N:GG[T>G]TG	-1	9618.0	2486612768
JG0139d	16	86386083	N:TG[T>G]GG	1	215532.0	2486828300
JG0139d	16	86960792	N:CC[T>G]TG	1	574709.0	2487403009
JG0139d	16	87009457	N:AC[T>C]TG	-1	48665.0	2487451674
JG0139d	16	87082912	N:AG[T>G]TA	1	73455.0	2487525129
JG0139d	16	87192694	N:TC[T>C]TG	-1	109782.0	2487634911
JG0139d	16	87213322	N:GC[T>G]CT	1	20628.0	2487655539
JG0139d	16	87239680	N:GC[T>G]TA	1	26358.0	2487681897
JG0139d	16	87277718	N:AC[T>G]TG	1	38038.0	2487719935
JG0139d	16	87290362	N:AC[T>A]GA	1	12644.0	2487732579
JG0139d	16	88204791	N:GA[T>A]TT	1	914429.0	2488647008
JG0139d	16	88300171	N:GG[T>G]CA	1	95380.0	2488742388
JG0139d	16	88393978	N:TC[T>G]AC	1	93807.0	2488836195
JG0139d	16	88471745	U:AC[T>G]TA	1	77767.0	2488913962
JG0139d	16	88837086	U:TC[T>A]TG	-1	365341.0	2489279303
JG0139d	17	151630	T:GC[T>G]CC	1		2490932192
JG0139d	17	348477	T:GG[T>G]TA	1	196847.0	2491129039
JG0139d	17	3270827	N:GG[T>G]TA	-1	2922350.0	2494051389
JG0139d	17	3309119	T:GC[T>G]GG	1	38292.0	2494089681
JG0139d	17	3436390	N:TC[T>G]GA	1	127271.0	2494216952
JG0139d	17	5594628	U:TC[T>C]TG	-1	2158238.0	2496375190
JG0139d	17	5596558	T:GC[T>G]TT	1	1930.0	2496377120
JG0139d	17	5733722	N:TC[T>A]GC	-1	137164.0	2496514284
JG0139d	17	5808147	U:TT[T>G]TT	1	74425.0	2496588709
JG0139d	17	5867638	U:CC[T>G]GA	1	59491.0	2496648200
JG0139d	17	5876385	T:GC[T>C]CA	-1	8747.0	2496656947
JG0139d	17	6693794	U:TC[T>C]CT	-1	817409.0	2497474356
JG0139d	17	7729238	U:AC[T>G]TG	1	1035444.0	2498509800
JG0139d	17	7868710	T:GC[T>A]AG	1	139472.0	2498649272
JG0139d	17	8597921	T:AC[T>G]CT	1	729211.0	2499378483
JG0139d	17	8822588	T:CC[T>G]TC	1	224667.0	2499603150
JG0139d	17	8991226	N:GA[T>G]TA	1	168638.0	2499771788
JG0139d	17	9189489	U:GA[T>G]TA	1	198263.0	2499970051
JG0139d	17	9265241	U:AC[T>C]CT	-1	75752.0	2500045803
JG0139d	17	9585518	T:TT[T>G]TT	-1	320277.0	2500366080
JG0139d	17	9711900	T:TC[T>C]CA	-1	126382.0	2500492462
JG0139d	17	10050153	U:TT[T>G]TA	-1	338253.0	2500830715
JG0139d	17	10630895	U:TC[T>C]CA	-1	580742.0	2501411457
JG0139d	17	10930135	N:TC[T>A]CC	-1	299240.0	2501710697
JG0139d	17	11090171	N:CC[T>G]TC	-1	160036.0	2501870733
JG0139d	17	11204602	N:CC[T>A]CA	-1	114431.0	2501985164
JG0139d	17	11278938	T:GC[T>C]GG	-1	74336.0	2502059500
JG0139d	17	11416933	T:AC[T>G]TA	-1	137995.0	2502197495
JG0139d	17	11551274	T:AC[T>G]TA	-1	134341.0	2502331836
JG0139d	17	11791663	T:AA[T>C]CT	-1	240389.0	2502572225
JG0139d	17	11798568	T:GG[T>G]TA	-1	6905.0	2502579130
JG0139d	17	12216023	N:TC[T>G]CA	-1	417455.0	2502996585
JG0139d	17	12349187	N:TG[T>C]CC	-1	133164.0	2503129749
JG0139d	17	12464764	N:AG[T>G]TG	1	115577.0	2503245326
JG0139d	17	13111803	N:TC[T>C]TG	-1	647039.0	2503892365
JG0139d	17	13276727	N:AC[T>G]TG	-1	164924.0	2504057289
JG0139d	17	13546884	U:TC[T>A]CA	-1	270157.0	2504327446
JG0139d	17	13575036	U:AC[T>G]GA	-1	28152.0	2504355598
JG0139d	17	13641424	N:AT[T>C]CA	-1	66388.0	2504421986
JG0139d	17	14297926	N:AC[T>C]CT	-1	656502.0	2505078488
JG0139d	17	14365899	N:CC[T>A]CC	-1	67973.0	2505146461
JG0139d	17	14439059	N:TC[T>C]CA	-1	73160.0	2505219621
JG0139d	17	15370627	N:GA[C>A]CG	1	931568.0	2506151189
JG0139d	17	16050920	U:AG[T>A]TG	-1	680293.0	2506831482
JG0139d	17	16102821	T:CC[T>G]GA	1	51901.0	2506883383
JG0139d	17	17089246	U:AC[T>G]TA	1	986425.0	2507869808
JG0139d	17	17604232	N:AC[T>G]CA	-1	514986.0	2508384794
JG0139d	17	18859970	U:AC[T>C]CC	1	1255738.0	2509640532
JG0139d	17	19623798	N:TC[T>C]CA	-1	763828.0	2510404360
JG0139d	17	19837710	T:TC[T>C]AT	1	213912.0	2510618272
JG0139d	17	19868923	N:AC[T>C]TA	1	31213.0	2510649485
JG0139d	17	20887815	T:AC[T>A]TG	1	1018892.0	2511668377
JG0139d	17	21597085	N:CA[T>A]CA	1	709270.0	2512377647
JG0139d	17	22087620	N:CC[T>G]TA	1	490535.0	2512868182
JG0139d	17	22312355	N:AC[T>G]TT	-1	224735.0	2513092917
JG0139d	17	22413006	N:GC[T>C]CC	-1	100651.0	2513193568
JG0139d	17	22448025	N:AC[T>G]TT	-1	35019.0	2513228587
JG0139d	17	22648168	N:AC[T>C]TA	-1	200143.0	2513428730
JG0139d	17	27246462	N:GG[T>C]CA	-1	4598294.0	2518027024
JG0139d	17	27624284	T:AC[T>C]TT	-1	377822.0	2518404846
JG0139d	17	28464806	N:GC[T>A]TC	-1	840522.0	2519245368
JG0139d	17	28479769	U:TC[T>C]TG	1	14963.0	2519260331
JG0139d	17	29963042	T:AC[T>G]TG	-1	1483273.0	2520743604
JG0139d	17	31693929	N:AC[T>G]TG	1	1730887.0	2522474491
JG0139d	17	32443407	N:AC[T>G]CA	1	749478.0	2523223969
JG0139d	17	33052694	U:GC[T>C]CA	-1	609287.0	2523833256
JG0139d	17	33112816	U:CC[T>G]TA	-1	60122.0	2523893378
JG0139d	17	33230347	U:GC[T>A]TC	-1	117531.0	2524010909
JG0139d	17	33271788	U:TC[T>C]GA	-1	41441.0	2524052350
JG0139d	17	33489579	T:AT[C>A]TG	1	217791.0	2524270141
JG0139d	17	33532959	U:CT[T>C]TG	-1	43380.0	2524313521
JG0139d	17	33633997	U:CC[T>G]GA	-1	101038.0	2524414559
JG0139d	17	33721761	U:AC[T>C]TC	-1	87764.0	2524502323
JG0139d	17	33769873	U:TC[T>C]CC	-1	48112.0	2524550435
JG0139d	17	33830235	T:CC[T>G]CA	1	60362.0	2524610797
JG0139d	17	34148498	U:TT[T>G]TC	-1	318263.0	2524929060
JG0139d	17	34622169	U:AC[T>G]GA	1	473671.0	2525402731
JG0139d	17	35506203	U:AC[T>G]TG	-1	884034.0	2526286765
JG0139d	17	35536538	T:GC[T>A]CA	1	30335.0	2526317100
JG0139d	17	35709096	U:AT[T>G]TG	1	172558.0	2526489658
JG0139d	17	36032860	N:GA[T>A]TA	1	323764.0	2526813422
JG0139d	17	36113210	N:TC[T>C]GG	-1	80350.0	2526893772
JG0139d	17	36152707	N:TC[T>C]AC	-1	39497.0	2526933269
JG0139d	17	37789604	N:GG[T>C]CC	-1	1636897.0	2528570166
JG0139d	17	38383272	U:AG[T>G]TA	1	593668.0	2529163834
JG0139d	17	38549564	T:AG[T>G]TA	1	166292.0	2529330126
JG0139d	17	39204233	T:TC[T>C]CA	-1	654669.0	2529984795
JG0139d	17	40885422	N:TC[T>A]TG	1	1681189.0	2531665984
JG0139d	17	41985718	U:AC[T>G]TA	-1	1100296.0	2532766280
JG0139d	17	42373007	U:AG[T>C]TT	-1	387289.0	2533153569
JG0139d	17	43478498	N:AG[T>C]GG	1	1105491.0	2534259060
JG0139d	17	43493311	U:TA[T>G]TG	1	14813.0	2534273873
JG0139d	17	43531807	B:AA[T>G]CC	1	38496.0	2534312369
JG0139d	17	43650726	T:AC[T>G]TT	1	118919.0	2534431288
JG0139d	17	44932240	U:CC[T>G]TC	-1	1281514.0	2535712802
JG0139d	17	45705532	U:TC[T>C]TG	1	773292.0	2536486094
JG0139d	17	46212621	T:TC[T>G]CA	1	507089.0	2536993183
JG0139d	17	47205710	N:GT[T>G]TC	1	993089.0	2537986272
JG0139d	17	47375617	U:AC[T>G]AA	1	169907.0	2538156179
JG0139d	17	47427623	U:AG[T>C]TA	1	52006.0	2538208185
JG0139d	17	49070228	N:CC[T>C]TG	-1	1642605.0	2539850790
JG0139d	17	49151987	T:TC[T>C]GA	-1	81759.0	2539932549
JG0139d	17	49199123	N:GG[T>G]GA	1	47136.0	2539979685
JG0139d	17	49276645	N:GA[T>G]TC	-1	77522.0	2540057207
JG0139d	17	49598670	N:AG[T>G]CT	1	322025.0	2540379232
JG0139d	17	49725627	U:CC[T>C]TT	-1	126957.0	2540506189
JG0139d	17	50010165	N:CC[C>A]AG	-1	284538.0	2540790727
JG0139d	17	50470367	U:GC[T>G]CA	1	460202.0	2541250929
JG0139d	17	50868656	N:TC[T>C]CT	1	398289.0	2541649218
JG0139d	17	50927015	N:TC[T>G]TT	1	58359.0	2541707577
JG0139d	17	51258425	U:CC[T>G]TA	-1	331410.0	2542038987
JG0139d	17	51468930	N:TC[T>C]CG	-1	210505.0	2542249492
JG0139d	17	51488174	N:AC[T>G]CA	-1	19244.0	2542268736
JG0139d	17	51507187	N:TC[T>G]TT	1	19013.0	2542287749
JG0139d	17	51582993	N:CC[T>C]TA	-1	75806.0	2542363555
JG0139d	17	51674655	T:GC[T>G]TT	1	91662.0	2542455217
JG0139d	17	51997492	U:CC[T>C]GA	-1	322837.0	2542778054
JG0139d	17	52427911	N:AA[T>G]TA	-1	430419.0	2543208473
JG0139d	17	52523410	N:GG[T>G]TA	-1	95499.0	2543303972
JG0139d	17	52707218	N:AG[T>C]AC	-1	183808.0	2543487780
JG0139d	17	52941995	N:TC[T>G]TG	-1	234777.0	2543722557
JG0139d	17	53009515	N:GG[T>A]TT	-1	67520.0	2543790077
JG0139d	17	53265957	N:TC[T>C]TC	-1	256442.0	2544046519
JG0139d	17	53276943	N:TC[T>A]TA	-1	10986.0	2544057505
JG0139d	17	53687661	N:GG[T>G]TA	-1	410718.0	2544468223
JG0139d	17	55221658	N:TC[T>G]TA	1	1533997.0	2546002220
JG0139d	17	55252322	N:CC[T>G]TG	-1	30664.0	2546032884
JG0139d	17	55382095	N:AG[T>C]CA	-1	129773.0	2546162657
JG0139d	17	55887006	T:GC[T>C]GA	-1	504911.0	2546667568
JG0139d	17	55979170	T:GC[T>A]CA	-1	92164.0	2546759732
JG0139d	17	56089682	T:TC[T>A]TT	-1	110512.0	2546870244
JG0139d	17	57730897	N:GC[T>C]TA	-1	1641215.0	2548511459
JG0139d	17	58267405	U:AG[T>G]TG	1	536508.0	2549047967
JG0139d	17	58343840	N:GC[T>G]CA	-1	76435.0	2549124402
JG0139d	17	58365373	U:GG[T>C]CT	-1	21533.0	2549145935
JG0139d	17	59460456	N:GC[T>C]GC	1	1095083.0	2550241018
JG0139d	17	59470123	N:TA[T>C]CA	1	9667.0	2550250685
JG0139d	17	60482843	T:AT[T>G]TG	1	1012720.0	2551263405
JG0139d	17	60650333	U:AC[T>G]TG	1	167490.0	2551430895
JG0139d	17	60653902	U:AA[T>G]TT	1	3569.0	2551434464
JG0139d	17	60831082	T:AG[T>G]TC	-1	177180.0	2551611644
JG0139d	17	61051639	U:AC[T>G]CA	1	220557.0	2551832201
JG0139d	17	61165666	T:TG[T>C]TA	-1	114027.0	2551946228
JG0139d	17	61174462	T:GC[T>A]TG	-1	8796.0	2551955024
JG0139d	17	61260498	U:CC[T>G]TG	1	86036.0	2552041060
JG0139d	17	61548255	N:TC[T>G]TA	1	287757.0	2552328817
JG0139d	17	61562776	N:AG[T>G]TG	1	14521.0	2552343338
JG0139d	17	61932131	N:TT[T>G]TA	1	369355.0	2552712693
JG0139d	17	62826369	N:AA[T>G]TA	1	894238.0	2553606931
JG0139d	17	63088464	T:TC[T>A]TG	-1	262095.0	2553869026
JG0139d	17	63168268	T:AC[T>G]TA	-1	79804.0	2553948830
JG0139d	17	63366694	U:AC[T>G]CA	1	198426.0	2554147256
JG0139d	17	63451251	N:CG[T>G]GA	1	84557.0	2554231813
JG0139d	17	63460865	N:CC[T>C]GC	1	9614.0	2554241427
JG0139d	17	64870158	T:TC[T>G]TG	1	1409293.0	2555650720
JG0139d	17	65077290	N:GG[T>C]CT	-1	207132.0	2555857852
JG0139d	17	65281260	N:CC[T>G]TA	-1	203970.0	2556061822
JG0139d	17	65388785	N:TC[T>G]TT	-1	107525.0	2556169347
JG0139d	17	65607721	N:TG[C>A]TG	-1	218936.0	2556388283
JG0139d	17	66408687	T:TC[T>C]TT	-1	800966.0	2557189249
JG0139d	17	66785091	T:AC[T>G]CA	-1	376404.0	2557565653
JG0139d	17	66797978	U:CC[T>G]AC	1	12887.0	2557578540
JG0139d	17	68863495	N:AC[T>G]TA	-1	2065517.0	2559644057
JG0139d	17	68874738	U:CC[T>G]TA	-1	11243.0	2559655300
JG0139d	17	69001024	U:TC[T>G]CA	-1	126286.0	2559781586
JG0139d	17	69004185	U:TC[T>C]CC	-1	3161.0	2559784747
JG0139d	17	69106392	U:TC[T>G]TG	-1	102207.0	2559886954
JG0139d	17	69197253	U:TA[T>G]TA	-1	90861.0	2559977815
JG0139d	17	69257007	U:AC[T>G]TC	-1	59754.0	2560037569
JG0139d	17	69746179	N:TT[T>G]TA	-1	489172.0	2560526741
JG0139d	17	69777491	N:TT[T>C]TA	1	31312.0	2560558053
JG0139d	17	69979758	N:GC[T>A]TG	-1	202267.0	2560760320
JG0139d	17	70105962	T:TT[T>A]TA	-1	126204.0	2560886524
JG0139d	17	70238290	N:AC[T>A]TA	-1	132328.0	2561018852
JG0139d	17	70971946	N:AC[T>C]CA	-1	733656.0	2561752508
JG0139d	17	71509510	N:AG[T>C]AA	-1	537564.0	2562290072
JG0139d	17	71741926	N:TG[T>C]CT	-1	232416.0	2562522488
JG0139d	17	72104895	N:AG[T>G]TC	-1	362969.0	2562885457
JG0139d	17	72167502	N:GA[T>C]CT	-1	62607.0	2562948064
JG0139d	17	72309804	N:AC[T>G]TC	-1	142302.0	2563090366
JG0139d	17	72333327	N:TA[T>G]TT	-1	23523.0	2563113889
JG0139d	17	72685953	T:GC[T>G]TG	1	352626.0	2563466515
JG0139d	17	73071722	U:AG[T>C]TG	-1	385769.0	2563852284
JG0139d	17	73319772	N:AC[T>C]GG	1	248050.0	2564100334
JG0139d	17	73324685	N:CC[T>C]GG	1	4913.0	2564105247
JG0139d	17	74280271	U:TC[T>A]GA	1	955586.0	2565060833
JG0139d	17	74402817	N:CC[T>C]AT	-1	122546.0	2565183379
JG0139d	17	74490896	N:GC[T>C]CG	-1	88079.0	2565271458
JG0139d	17	74594236	N:TC[T>G]TG	1	103340.0	2565374798
JG0139d	17	74626659	N:CC[T>G]TG	1	32423.0	2565407221
JG0139d	17	74832815	U:TC[T>C]AG	1	206156.0	2565613377
JG0139d	17	75466152	T:TC[T>C]TT	-1	633337.0	2566246714
JG0139d	17	76543986	U:CT[T>C]TT	-1	1077834.0	2567324548
JG0139d	17	77023277	N:CC[T>A]CA	-1	479291.0	2567803839
JG0139d	17	77437283	U:CC[T>G]GA	1	414006.0	2568217845
JG0139d	17	77598260	N:CC[T>A]CA	-1	160977.0	2568378822
JG0139d	17	77626707	N:GA[T>G]TC	1	28447.0	2568407269
JG0139d	17	77665255	N:TT[C>T]CC	-1	38548.0	2568445817
JG0139d	17	77711542	N:TC[T>G]TT	1	46287.0	2568492104
JG0139d	17	77747719	N:TA[T>G]TT	1	36177.0	2568528281
JG0139d	17	78988836	N:GG[C>T]AC	-1	1241117.0	2569769398
JG0139d	17	79269094	T:TC[T>G]GA	1	280258.0	2570049656
JG0139d	17	79313180	T:CC[T>G]TG	1	44086.0	2570093742
JG0139d	17	79605593	N:TG[T>G]TC	1	292413.0	2570386155
JG0139d	17	80693082	T:GA[T>G]TC	-1	1087489.0	2571473644
JG0139d	18	161953	T:AG[T>G]TA	-1		2574199956
JG0139d	18	295058	N:AC[T>G]TC	1	133105.0	2574333061
JG0139d	18	399212	U:TC[T>G]CA	-1	104154.0	2574437215
JG0139d	18	1173345	N:TC[T>C]AG	-1	774133.0	2575211348
JG0139d	18	2088907	N:AC[T>G]TA	1	915562.0	2576126910
JG0139d	18	2363307	N:TG[T>G]CG	1	274400.0	2576401310
JG0139d	18	2415720	N:AC[T>G]TT	-1	52413.0	2576453723
JG0139d	18	3464472	N:GC[T>G]TT	1	1048752.0	2577502475
JG0139d	18	3900571	U:TG[T>A]TT	-1	436099.0	2577938574
JG0139d	18	4117042	U:AC[T>C]CA	-1	216471.0	2578155045
JG0139d	18	4268528	T:CC[T>G]TA	1	151486.0	2578306531
JG0139d	18	4429789	T:TC[T>G]TC	1	161261.0	2578467792
JG0139d	18	4604764	N:GC[T>G]TC	-1	174975.0	2578642767
JG0139d	18	4604789	N:TT[C>T]CC	-1	25.0	2578642792
JG0139d	18	4636232	N:AG[T>G]TA	1	31443.0	2578674235
JG0139d	18	5096318	N:AC[T>G]TA	-1	460086.0	2579134321
JG0139d	18	5112549	N:AC[T>G]TA	-1	16231.0	2579150552
JG0139d	18	5122682	N:AC[T>C]TA	-1	10133.0	2579160685
JG0139d	18	5165946	U:AG[T>A]CA	-1	43264.0	2579203949
JG0139d	18	5215048	N:GC[T>C]TA	-1	49102.0	2579253051
JG0139d	18	5216022	N:AC[T>C]TG	-1	974.0	2579254025
JG0139d	18	5216491	N:AC[T>G]TG	-1	469.0	2579254494
JG0139d	18	5278800	N:TC[T>C]CA	-1	62309.0	2579316803
JG0139d	18	5562008	U:TC[T>A]TC	-1	283208.0	2579600011
JG0139d	18	5656143	N:CA[T>G]AA	-1	94135.0	2579694146
JG0139d	18	5658033	N:GC[T>G]TG	-1	1890.0	2579696036
JG0139d	18	5791811	N:TC[T>G]CT	1	133778.0	2579829814
JG0139d	18	5794888	N:AC[T>C]TT	1	3077.0	2579832891
JG0139d	18	5831236	N:TC[T>C]TA	-1	36348.0	2579869239
JG0139d	18	5868812	N:AC[T>C]CA	1	37576.0	2579906815
JG0139d	18	5869146	N:TC[T>G]TA	1	334.0	2579907149
JG0139d	18	5931006	N:GG[T>C]TG	-1	61860.0	2579969009
JG0139d	18	5988544	U:AG[T>G]TA	-1	57538.0	2580026547
JG0139d	18	6052781	U:CC[T>C]AC	-1	64237.0	2580090784
JG0139d	18	6229044	T:AC[T>C]CT	1	176263.0	2580267047
JG0139d	18	6426329	N:TC[T>C]CA	-1	197285.0	2580464332
JG0139d	18	6460705	N:AC[T>C]CT	1	34376.0	2580498708
JG0139d	18	6511459	N:TC[T>C]CA	1	50754.0	2580549462
JG0139d	18	6536137	N:CC[T>C]TA	1	24678.0	2580574140
JG0139d	18	6766528	T:AG[T>A]CA	-1	230391.0	2580804531
JG0139d	18	6791826	U:TT[T>G]TT	1	25298.0	2580829829
JG0139d	18	6816280	T:AC[T>A]TG	-1	24454.0	2580854283
JG0139d	18	6851130	T:AC[T>G]TA	-1	34850.0	2580889133
JG0139d	18	6899690	U:CC[T>G]TC	1	48560.0	2580937693
JG0139d	18	6906760	T:TC[T>G]TA	-1	7070.0	2580944763
JG0139d	18	6925098	N:TG[T>G]TA	-1	18338.0	2580963101
JG0139d	18	7000244	U:AC[T>G]TA	-1	75146.0	2581038247
JG0139d	18	7237571	N:GC[T>C]GG	1	237327.0	2581275574
JG0139d	18	7270451	N:AT[T>G]TT	1	32880.0	2581308454
JG0139d	18	7379510	N:TC[T>C]CT	1	109059.0	2581417513
JG0139d	18	7391657	N:GC[T>G]TT	-1	12147.0	2581429660
JG0139d	18	7558009	N:CC[T>G]TC	1	166352.0	2581596012
JG0139d	18	7562515	N:CA[T>C]AA	1	4506.0	2581600518
JG0139d	18	7632459	U:AT[T>G]TG	1	69944.0	2581670462
JG0139d	18	7800850	T:AT[T>G]CA	-1	168391.0	2581838853
JG0139d	18	7829757	T:TC[T>G]CA	-1	28907.0	2581867760
JG0139d	18	7856020	U:GC[T>C]TG	1	26263.0	2581894023
JG0139d	18	7992786	U:CC[T>A]TC	1	136766.0	2582030789
JG0139d	18	8014681	U:AA[T>A]TA	1	21895.0	2582052684
JG0139d	18	8117112	U:CC[T>C]TT	1	102431.0	2582155115
JG0139d	18	8163105	U:GC[T>G]CA	1	45993.0	2582201108
JG0139d	18	8186214	U:GC[T>C]AC	1	23109.0	2582224217
JG0139d	18	8236123	U:CC[T>A]TA	1	49909.0	2582274126
JG0139d	18	8240874	U:TG[T>C]GG	1	4751.0	2582278877
JG0139d	18	8330675	U:CC[T>C]TG	1	89801.0	2582368678
JG0139d	18	8407973	N:AC[T>G]TA	-1	77298.0	2582445976
JG0139d	18	8531982	N:CC[T>G]TA	-1	124009.0	2582569985
JG0139d	18	8581349	N:AC[T>C]GC	-1	49367.0	2582619352
JG0139d	18	8641106	N:GA[T>G]TA	1	59757.0	2582679109
JG0139d	18	8725265	U:AC[T>G]TC	1	84159.0	2582763268
JG0139d	18	9712368	U:CA[C>T]CT	1	987103.0	2583750371
JG0139d	18	10157371	N:AG[T>G]TG	-1	445003.0	2584195374
JG0139d	18	10189632	N:CC[T>A]CT	-1	32261.0	2584227635
JG0139d	18	10311907	N:AC[T>G]TC	-1	122275.0	2584349910
JG0139d	18	10339317	N:AC[T>G]TC	-1	27410.0	2584377320
JG0139d	18	10340882	N:TC[T>C]GA	1	1565.0	2584378885
JG0139d	18	10382818	N:AC[T>C]CA	-1	41936.0	2584420821
JG0139d	18	10456782	U:GT[T>G]TG	1	73964.0	2584494785
JG0139d	18	10513254	N:TC[T>G]TA	-1	56472.0	2584551257
JG0139d	18	10601476	N:AC[T>G]AA	1	88222.0	2584639479
JG0139d	18	10657992	N:TC[T>C]TA	-1	56516.0	2584695995
JG0139d	18	10674249	T:AG[T>C]CA	1	16257.0	2584712252
JG0139d	18	10725528	U:CC[T>G]TC	-1	51279.0	2584763531
JG0139d	18	10897526	T:AC[T>G]TG	1	171998.0	2584935529
JG0139d	18	10934010	U:AC[T>C]TG	-1	36484.0	2584972013
JG0139d	18	11081978	T:TC[T>C]CG	1	147968.0	2585119981
JG0139d	18	11128402	T:TG[T>A]TA	1	46424.0	2585166405
JG0139d	18	11138123	T:TT[C>G]AA	1	9721.0	2585176126
JG0139d	18	11187590	N:GT[T>C]CT	-1	49467.0	2585225593
JG0139d	18	11272496	N:GC[T>G]CA	-1	84906.0	2585310499
JG0139d	18	11399560	N:TC[T>C]TA	-1	127064.0	2585437563
JG0139d	18	11410914	N:AG[T>G]TG	-1	11354.0	2585448917
JG0139d	18	11492421	N:TC[T>C]AT	-1	81507.0	2585530424
JG0139d	18	11548473	N:GC[T>G]TT	-1	56052.0	2585586476
JG0139d	18	11555330	N:AC[T>G]TA	-1	6857.0	2585593333
JG0139d	18	12933187	N:TC[T>G]TC	-1	1377857.0	2586971190
JG0139d	18	13130864	N:TC[T>C]GG	1	197677.0	2587168867
JG0139d	18	13184040	N:GC[T>G]TG	1	53176.0	2587222043
JG0139d	18	13278387	U:GG[T>C]GA	1	94347.0	2587316390
JG0139d	18	13371243	T:TC[T>C]CA	-1	92856.0	2587409246
JG0139d	18	13390492	T:CC[T>G]CA	-1	19249.0	2587428495
JG0139d	18	13404780	U:AC[T>C]GA	1	14288.0	2587442783
JG0139d	18	13416440	U:AC[T>G]TA	1	11660.0	2587454443
JG0139d	18	13425432	U:AC[T>G]TT	1	8992.0	2587463435
JG0139d	18	13493019	U:GC[T>C]GA	1	67587.0	2587531022
JG0139d	18	13496597	U:AC[T>G]CA	1	3578.0	2587534600
JG0139d	18	13559814	T:CC[T>C]CC	-1	63217.0	2587597817
JG0139d	18	13586669	U:AC[T>G]TA	1	26855.0	2587624672
JG0139d	18	13698152	U:TC[T>C]CG	-1	111483.0	2587736155
JG0139d	18	13854923	N:TC[T>C]CA	1	156771.0	2587892926
JG0139d	18	14023082	N:AG[T>A]CA	-1	168159.0	2588061085
JG0139d	18	14060737	N:AA[T>A]TT	-1	37655.0	2588098740
JG0139d	18	14161466	N:TC[T>G]CA	-1	100729.0	2588199469
JG0139d	18	14964982	N:CC[T>A]CA	1	803516.0	2589002985
JG0139d	18	15078990	N:CC[T>G]CA	-1	114008.0	2589116993
JG0139d	18	21030710	U:TC[T>G]TA	-1	5951720.0	2595068713
JG0139d	18	21227968	N:GC[T>C]GA	-1	197258.0	2595265971
JG0139d	18	21911554	N:CC[T>G]TG	-1	683586.0	2595949557
JG0139d	18	22057704	N:GC[T>A]GA	-1	146150.0	2596095707
JG0139d	18	22116323	N:TC[T>G]TA	-1	58619.0	2596154326
JG0139d	18	22147672	N:GG[T>C]GG	-1	31349.0	2596185675
JG0139d	18	22199455	T:GC[T>A]TT	-1	51783.0	2596237458
JG0139d	18	22357948	N:AC[T>G]TG	-1	158493.0	2596395951
JG0139d	18	22408832	N:CC[T>A]CA	-1	50884.0	2596446835
JG0139d	18	22415418	T:AC[T>G]TA	1	6586.0	2596453421
JG0139d	18	22433595	N:AC[T>C]TT	-1	18177.0	2596471598
JG0139d	18	22608753	N:GC[T>C]TA	-1	175158.0	2596646756
JG0139d	18	22663577	N:TA[T>G]TT	-1	54824.0	2596701580
JG0139d	18	22698544	N:GC[T>C]TT	-1	34967.0	2596736547
JG0139d	18	22776862	N:CC[T>G]CC	1	78318.0	2596814865
JG0139d	18	22888846	U:CT[C>A]TG	1	111984.0	2596926849
JG0139d	18	22910401	T:TC[T>C]TC	-1	21555.0	2596948404
JG0139d	18	23025597	T:TC[T>G]CC	-1	115196.0	2597063600
JG0139d	18	23280636	N:CC[T>G]CA	1	255039.0	2597318639
JG0139d	18	24563687	N:AG[T>C]AG	1	1283051.0	2598601690
JG0139d	18	24602358	N:GC[T>A]TA	1	38671.0	2598640361
JG0139d	18	24709707	N:GG[T>G]TG	-1	107349.0	2598747710
JG0139d	18	24817187	N:TT[C>T]TT	-1	107480.0	2598855190
JG0139d	18	24823255	N:GC[T>C]CA	-1	6068.0	2598861258
JG0139d	18	24963991	N:TC[T>A]CA	1	140736.0	2599001994
JG0139d	18	24964539	N:AC[T>C]CC	-1	548.0	2599002542
JG0139d	18	25085922	T:GC[T>G]TA	1	121383.0	2599123925
JG0139d	18	25126212	T:TC[T>C]CA	1	40290.0	2599164215
JG0139d	18	25151294	T:AC[T>C]CA	1	25082.0	2599189297
JG0139d	18	25428832	N:AC[T>G]TG	1	277538.0	2599466835
JG0139d	18	25515244	N:TC[T>G]TG	1	86412.0	2599553247
JG0139d	18	25576379	N:GC[T>G]TA	-1	61135.0	2599614382
JG0139d	18	25717719	N:TA[T>G]TA	1	141340.0	2599755722
JG0139d	18	25730845	N:TC[T>C]GG	-1	13126.0	2599768848
JG0139d	18	25822597	N:AC[T>C]TG	1	91752.0	2599860600
JG0139d	18	25907556	N:AC[T>C]TA	1	84959.0	2599945559
JG0139d	18	27069497	U:GC[T>C]TT	-1	1161941.0	2601107500
JG0139d	18	27838179	N:GC[T>G]TA	1	768682.0	2601876182
JG0139d	18	28314082	N:GC[T>G]GG	-1	475903.0	2602352085
JG0139d	18	28501408	N:TC[T>G]TT	1	187326.0	2602539411
JG0139d	18	28542669	N:TC[T>C]TA	-1	41261.0	2602580672
JG0139d	18	28610744	N:AA[T>G]TC	1	68075.0	2602648747
JG0139d	18	29045986	N:AC[T>G]TA	1	435242.0	2603083989
JG0139d	18	29222205	N:AC[T>G]TC	1	176219.0	2603260208
JG0139d	18	29499223	N:AC[T>G]TA	-1	277018.0	2603537226
JG0139d	18	29520366	N:AC[T>G]TG	-1	21143.0	2603558369
JG0139d	18	29533316	N:CC[T>G]TG	-1	12950.0	2603571319
JG0139d	18	29681426	N:GC[T>C]TT	-1	148110.0	2603719429
JG0139d	18	29816778	N:TC[T>G]TC	-1	135352.0	2603854781
JG0139d	18	29833539	N:TC[T>G]TC	-1	16761.0	2603871542
JG0139d	18	30250339	N:TC[T>G]TG	1	416800.0	2604288342
JG0139d	18	30498566	N:TC[T>A]GT	-1	248227.0	2604536569
JG0139d	18	30757299	N:AC[T>A]CA	1	258733.0	2604795302
JG0139d	18	31036919	U:AC[T>A]CA	-1	279620.0	2605074922
JG0139d	18	31855969	T:AC[T>G]TC	1	819050.0	2605893972
JG0139d	18	32297110	U:AC[T>G]CA	-1	441141.0	2606335113
JG0139d	18	32379954	T:AC[T>G]TA	1	82844.0	2606417957
JG0139d	18	32393749	T:TC[T>C]TT	1	13795.0	2606431752
JG0139d	18	32616055	N:AC[T>A]CT	-1	222306.0	2606654058
JG0139d	18	32649483	N:TT[T>A]TG	1	33428.0	2606687486
JG0139d	18	32678849	T:TC[T>C]CA	1	29366.0	2606716852
JG0139d	18	32727907	T:AG[T>G]TA	1	49058.0	2606765910
JG0139d	18	32918954	N:TC[T>G]TT	1	191047.0	2606956957
JG0139d	18	32932312	N:TC[T>A]CA	1	13358.0	2606970315
JG0139d	18	32934889	N:AT[T>C]TG	-1	2577.0	2606972892
JG0139d	18	33090024	U:TC[T>C]TG	-1	155135.0	2607128027
JG0139d	18	33090385	T:AA[T>G]TC	1	361.0	2607128388
JG0139d	18	33164591	T:TC[T>A]TC	1	74206.0	2607202594
JG0139d	18	33342788	U:AC[T>G]CA	-1	178197.0	2607380791
JG0139d	18	33358594	T:AA[T>G]TA	1	15806.0	2607396597
JG0139d	18	33377036	T:TC[C>G]AT	1	18442.0	2607415039
JG0139d	18	33444617	N:AC[T>C]TC	-1	67581.0	2607482620
JG0139d	18	33460447	N:TC[T>C]TC	-1	15830.0	2607498450
JG0139d	18	33487150	N:AA[C>A]CA	1	26703.0	2607525153
JG0139d	18	33685009	U:AC[T>C]TT	1	197859.0	2607723012
JG0139d	18	33706446	U:TC[T>C]CA	1	21437.0	2607744449
JG0139d	18	33811959	N:AC[T>C]TA	-1	105513.0	2607849962
JG0139d	18	33827926	N:GG[T>G]TA	-1	15967.0	2607865929
JG0139d	18	33852994	U:GC[T>C]CA	-1	25068.0	2607890997
JG0139d	18	33900560	U:AC[T>C]CT	-1	47566.0	2607938563
JG0139d	18	33961679	T:AC[T>C]TG	1	61119.0	2607999682
JG0139d	18	33970182	U:GC[T>C]CA	-1	8503.0	2608008185
JG0139d	18	34006431	T:GC[T>C]GA	1	36249.0	2608044434
JG0139d	18	34027207	U:TC[T>A]TT	-1	20776.0	2608065210
JG0139d	18	34045669	T:AC[T>G]TA	1	18462.0	2608083672
JG0139d	18	34076339	U:CC[T>C]GG	-1	30670.0	2608114342
JG0139d	18	34130972	U:AC[T>G]TA	-1	54633.0	2608168975
JG0139d	18	34314431	N:AC[T>C]TG	-1	183459.0	2608352434
JG0139d	18	34566536	T:CC[T>A]CA	-1	252105.0	2608604539
JG0139d	18	34733858	T:GG[T>G]TA	-1	167322.0	2608771861
JG0139d	18	34738989	T:TC[T>G]CA	-1	5131.0	2608776992
JG0139d	18	34779398	T:GC[T>G]TG	-1	40409.0	2608817401
JG0139d	18	35051359	T:AC[T>G]TA	-1	271961.0	2609089362
JG0139d	18	35094583	T:AG[T>G]TA	-1	43224.0	2609132586
JG0139d	18	35204444	N:AG[T>G]TG	1	109861.0	2609242447
JG0139d	18	35267076	T:GT[T>G]TG	1	62632.0	2609305079
JG0139d	18	35889402	N:GG[T>G]TG	1	622326.0	2609927405
JG0139d	18	36382167	U:TG[T>G]GC	1	492765.0	2610420170
JG0139d	18	36641723	T:TC[T>C]CG	-1	259556.0	2610679726
JG0139d	18	36714616	T:TC[T>C]CC	-1	72893.0	2610752619
JG0139d	18	36785986	U:CG[T>G]TA	-1	71370.0	2610823989
JG0139d	18	37102830	U:AC[T>G]TA	1	316844.0	2611140833
JG0139d	18	37128268	T:TC[T>C]TA	-1	25438.0	2611166271
JG0139d	18	37251048	T:AC[T>C]TG	1	122780.0	2611289051
JG0139d	18	37445539	U:AC[T>G]CA	-1	194491.0	2611483542
JG0139d	18	37533127	U:AC[T>C]CA	-1	87588.0	2611571130
JG0139d	18	37537579	T:AT[T>G]TC	1	4452.0	2611575582
JG0139d	18	37628872	N:TG[T>G]TC	1	91293.0	2611666875
JG0139d	18	37957233	N:TC[T>C]CC	1	328361.0	2611995236
JG0139d	18	38028044	N:TC[T>A]GT	-1	70811.0	2612066047
JG0139d	18	38158926	N:TA[T>C]GG	-1	130882.0	2612196929
JG0139d	18	38287680	N:TG[T>A]CT	-1	128754.0	2612325683
JG0139d	18	38507761	N:AC[T>A]CA	1	220081.0	2612545764
JG0139d	18	39178024	N:AC[T>C]TG	-1	670263.0	2613216027
JG0139d	18	39231429	N:GC[T>G]TG	1	53405.0	2613269432
JG0139d	18	39424484	N:AC[T>C]GA	-1	193055.0	2613462487
JG0139d	18	39462095	N:CC[T>G]CG	-1	37611.0	2613500098
JG0139d	18	39906958	N:TC[T>C]TC	-1	444863.0	2613944961
JG0139d	18	40408599	N:AC[T>G]TA	-1	501641.0	2614446602
JG0139d	18	40563623	N:AA[C>A]AG	1	155024.0	2614601626
JG0139d	18	40610809	N:AC[T>G]TT	1	47186.0	2614648812
JG0139d	18	40682269	N:AC[T>G]TT	1	71460.0	2614720272
JG0139d	18	40698601	N:GG[T>G]TT	-1	16332.0	2614736604
JG0139d	18	40731120	N:TT[T>G]TC	1	32519.0	2614769123
JG0139d	18	41044967	N:AC[T>C]AT	1	313847.0	2615082970
JG0139d	18	41399192	N:GC[T>C]TA	-1	354225.0	2615437195
JG0139d	18	41451552	N:AC[T>C]CC	1	52360.0	2615489555
JG0139d	18	42186954	N:GC[T>G]TC	-1	735402.0	2616224957
JG0139d	18	42383101	N:AC[T>G]TT	-1	196147.0	2616421104
JG0139d	18	42886870	T:AC[T>A]CA	1	503769.0	2616924873
JG0139d	18	43116544	N:TC[T>G]TA	-1	229674.0	2617154547
JG0139d	18	43121068	N:AC[T>G]CA	1	4524.0	2617159071
JG0139d	18	43122664	N:AC[T>G]TG	-1	1596.0	2617160667
JG0139d	18	43152287	N:AC[T>G]TG	-1	29623.0	2617190290
JG0139d	18	43198851	N:AC[T>G]TA	-1	46564.0	2617236854
JG0139d	18	43233444	N:AT[T>G]TA	1	34593.0	2617271447
JG0139d	18	43249991	N:TC[T>G]TT	-1	16547.0	2617287994
JG0139d	18	43295151	N:GC[T>C]TG	-1	45160.0	2617333154
JG0139d	18	43355490	N:CC[T>G]TA	-1	60339.0	2617393493
JG0139d	18	43406646	N:TC[T>G]TG	1	51156.0	2617444649
JG0139d	18	43412225	N:GC[T>G]TG	1	5579.0	2617450228
JG0139d	18	43496438	N:TG[T>A]CG	1	84213.0	2617534441
JG0139d	18	43501207	N:TC[T>C]CA	-1	4769.0	2617539210
JG0139d	18	43570734	N:TC[T>G]TA	-1	69527.0	2617608737
JG0139d	18	43680778	N:AC[T>C]TG	-1	110044.0	2617718781
JG0139d	18	43687984	N:TC[T>G]TT	-1	7206.0	2617725987
JG0139d	18	43719129	N:GC[T>C]TG	-1	31145.0	2617757132
JG0139d	18	43792285	N:TC[T>G]TG	-1	73156.0	2617830288
JG0139d	18	43866811	N:AC[T>G]TA	-1	74526.0	2617904814
JG0139d	18	43889469	N:GG[T>G]TT	-1	22658.0	2617927472
JG0139d	18	44174681	N:GC[T>A]CA	1	285212.0	2618212684
JG0139d	18	44322168	N:TC[T>C]TG	-1	147487.0	2618360171
JG0139d	18	44340514	N:AC[T>G]CA	-1	18346.0	2618378517
JG0139d	18	44456006	N:AC[T>G]CC	-1	115492.0	2618494009
JG0139d	18	45005773	T:AC[T>A]TG	-1	549767.0	2619043776
JG0139d	18	45011456	T:CC[T>G]TA	-1	5683.0	2619049459
JG0139d	18	45063106	T:GC[T>C]TG	-1	51650.0	2619101109
JG0139d	18	45457887	T:TC[T>C]CC	-1	394781.0	2619495890
JG0139d	18	45912021	U:AC[T>C]TC	-1	454134.0	2619950024
JG0139d	18	45988385	U:TC[T>C]CA	-1	76364.0	2620026388
JG0139d	18	46019591	U:CC[T>C]GA	-1	31206.0	2620057594
JG0139d	18	46065265	U:AC[T>G]TT	-1	45674.0	2620103268
JG0139d	18	46149463	N:AG[T>C]CT	-1	84198.0	2620187466
JG0139d	18	46158891	N:AC[T>A]TG	-1	9428.0	2620196894
JG0139d	18	46312128	N:GC[T>C]CA	-1	153237.0	2620350131
JG0139d	18	46375495	T:AC[T>G]GC	-1	63367.0	2620413498
JG0139d	18	46585995	U:AC[T>A]TT	-1	210500.0	2620623998
JG0139d	18	46603170	U:TC[T>G]GA	-1	17175.0	2620641173
JG0139d	18	46662360	N:GC[T>G]TG	-1	59190.0	2620700363
JG0139d	18	46739436	U:CC[T>G]TA	-1	77076.0	2620777439
JG0139d	18	46753729	U:GG[T>C]TG	-1	14293.0	2620791732
JG0139d	18	47098959	T:TC[T>G]CA	-1	345230.0	2621136962
JG0139d	18	47167208	U:GC[T>C]TG	-1	68249.0	2621205211
JG0139d	18	47178070	N:GG[T>C]TG	-1	10862.0	2621216073
JG0139d	18	47189291	N:AC[T>C]CC	-1	11221.0	2621227294
JG0139d	18	47214509	U:TC[T>G]CA	-1	25218.0	2621252512
JG0139d	18	47217592	U:TC[T>C]CA	-1	3083.0	2621255595
JG0139d	18	47321698	N:TC[T>G]TA	-1	104106.0	2621359701
JG0139d	18	47326567	N:AC[T>C]TG	-1	4869.0	2621364570
JG0139d	18	48055012	U:AC[T>C]TA	-1	728445.0	2622093015
JG0139d	18	48288800	T:TC[T>C]TA	1	233788.0	2622326803
JG0139d	18	48327374	T:AC[T>G]TG	1	38574.0	2622365377
JG0139d	18	48687834	T:AC[T>C]CA	-1	360460.0	2622725837
JG0139d	18	50153877	U:TC[T>C]TA	-1	1466043.0	2624191880
JG0139d	18	50426112	N:GC[T>C]TT	-1	272235.0	2624464115
JG0139d	18	51190192	U:CC[T>C]TG	-1	764080.0	2625228195
JG0139d	18	51231798	N:TC[T>G]TA	-1	41606.0	2625269801
JG0139d	18	51272112	N:AC[T>G]TA	-1	40314.0	2625310115
JG0139d	18	51349804	N:TG[T>G]TA	-1	77692.0	2625387807
JG0139d	18	51354377	N:AG[T>C]CG	-1	4573.0	2625392380
JG0139d	18	51518332	N:GC[T>G]TA	-1	163955.0	2625556335
JG0139d	18	51536262	N:AC[T>C]TG	-1	17930.0	2625574265
JG0139d	18	51568663	N:TC[T>C]GT	-1	32401.0	2625606666
JG0139d	18	51570889	N:TC[T>G]TA	-1	2226.0	2625608892
JG0139d	18	51633211	N:AG[T>C]TT	1	62322.0	2625671214
JG0139d	18	51853084	N:TC[T>C]TG	1	219873.0	2625891087
JG0139d	18	51879044	N:AC[T>G]TT	1	25960.0	2625917047
JG0139d	18	51896316	N:TG[T>C]TT	1	17272.0	2625934319
JG0139d	18	51954571	N:TC[T>C]CA	-1	58255.0	2625992574
JG0139d	18	51965974	N:TC[T>G]TT	1	11403.0	2626003977
JG0139d	18	52088623	N:AC[T>C]TA	-1	122649.0	2626126626
JG0139d	18	52126255	N:AC[T>C]CC	-1	37632.0	2626164258
JG0139d	18	52313553	N:GC[T>C]TG	1	187298.0	2626351556
JG0139d	18	52336513	N:AG[T>G]TA	1	22960.0	2626374516
JG0139d	18	52389285	U:AC[T>C]TA	1	52772.0	2626427288
JG0139d	18	52398165	U:AC[T>A]GA	1	8880.0	2626436168
JG0139d	18	52564055	T:AC[T>C]GG	-1	165890.0	2626602058
JG0139d	18	52719681	T:TC[T>C]CA	-1	155626.0	2626757684
JG0139d	18	52727282	U:AC[T>C]GA	1	7601.0	2626765285
JG0139d	18	52907802	T:TC[T>G]TT	-1	180520.0	2626945805
JG0139d	18	52952099	U:TC[T>C]CT	1	44297.0	2626990102
JG0139d	18	52965005	U:TC[T>G]TA	1	12906.0	2627003008
JG0139d	18	52975245	U:TC[T>G]TG	1	10240.0	2627013248
JG0139d	18	53052548	U:AC[T>C]TG	1	77303.0	2627090551
JG0139d	18	53095979	U:GC[T>C]GA	1	43431.0	2627133982
JG0139d	18	53188093	T:GG[T>A]AC	-1	92114.0	2627226096
JG0139d	18	53200591	U:GC[T>C]TA	1	12498.0	2627238594
JG0139d	18	53326142	T:TC[T>G]CA	-1	125551.0	2627364145
JG0139d	18	53336346	U:TG[T>G]TA	1	10204.0	2627374349
JG0139d	18	53544763	N:AC[T>G]TA	1	208417.0	2627582766
JG0139d	18	53558741	N:AC[T>C]TG	1	13978.0	2627596744
JG0139d	18	53602402	N:GC[T>C]CT	-1	43661.0	2627640405
JG0139d	18	53634498	N:AG[T>C]TT	-1	32096.0	2627672501
JG0139d	18	53636915	N:AC[T>G]TT	-1	2417.0	2627674918
JG0139d	18	53646732	N:TT[T>A]TG	-1	9817.0	2627684735
JG0139d	18	53709102	N:AC[T>C]TG	-1	62370.0	2627747105
JG0139d	18	53861714	N:CC[T>G]TA	1	152612.0	2627899717
JG0139d	18	53932979	N:GC[T>C]TT	-1	71265.0	2627970982
JG0139d	18	54072415	N:CC[T>C]TA	1	139436.0	2628110418
JG0139d	18	55174563	N:TC[T>C]TA	-1	1102148.0	2629212566
JG0139d	18	55328712	U:TC[T>G]CA	-1	154149.0	2629366715
JG0139d	18	55358462	U:AC[T>G]TA	-1	29750.0	2629396465
JG0139d	18	55431043	U:TC[T>C]TT	-1	72581.0	2629469046
JG0139d	18	55444044	U:AC[T>C]CT	-1	13001.0	2629482047
JG0139d	18	55453233	U:GC[T>G]TC	-1	9189.0	2629491236
JG0139d	18	55839067	N:AG[T>C]CA	-1	385834.0	2629877070
JG0139d	18	56468899	N:TC[T>A]CC	-1	629832.0	2630506902
JG0139d	18	56486480	N:AG[T>A]CA	-1	17581.0	2630524483
JG0139d	18	56811075	U:CG[T>G]TA	1	324595.0	2630849078
JG0139d	18	56842468	U:GA[T>G]TA	1	31393.0	2630880471
JG0139d	18	57010410	T:AC[T>C]TA	-1	167942.0	2631048413
JG0139d	18	57699621	U:GC[T>C]TC	-1	689211.0	2631737624
JG0139d	18	58488835	T:AA[C>T]GG	1	789214.0	2632526838
JG0139d	18	58776698	N:GG[C>T]TA	-1	287863.0	2632814701
JG0139d	18	59180809	N:AC[T>G]TT	-1	404111.0	2633218812
JG0139d	18	59504584	U:TC[T>G]TT	-1	323775.0	2633542587
JG0139d	18	59530157	U:TC[T>G]CA	-1	25573.0	2633568160
JG0139d	18	59535567	U:TC[T>C]CA	-1	5410.0	2633573570
JG0139d	18	59554907	U:TC[T>A]GA	-1	19340.0	2633592910
JG0139d	18	59620666	U:TC[T>A]TG	-1	65759.0	2633658669
JG0139d	18	59656838	U:TC[T>G]TG	-1	36172.0	2633694841
JG0139d	18	59843638	N:AC[T>C]CA	-1	186800.0	2633881641
JG0139d	18	59883084	N:TC[T>G]CA	1	39446.0	2633921087
JG0139d	18	59902734	U:AC[T>C]CT	1	19650.0	2633940737
JG0139d	18	59945734	N:GG[T>C]TA	-1	43000.0	2633983737
JG0139d	18	60054935	N:CC[T>G]CA	-1	109201.0	2634092938
JG0139d	18	60122357	N:TC[T>G]TT	1	67422.0	2634160360
JG0139d	18	60139767	N:AC[T>A]TA	-1	17410.0	2634177770
JG0139d	18	60182231	N:GT[T>G]TC	1	42464.0	2634220234
JG0139d	18	60192052	N:AG[T>G]TG	1	9821.0	2634230055
JG0139d	18	60645995	N:AC[T>C]TT	-1	453943.0	2634683998
JG0139d	18	60662396	N:AG[T>G]CA	1	16401.0	2634700399
JG0139d	18	60789174	N:AC[T>G]CA	-1	126778.0	2634827177
JG0139d	18	60833413	N:TC[T>G]TG	1	44239.0	2634871416
JG0139d	18	60885761	N:GC[T>A]TT	-1	52348.0	2634923764
JG0139d	18	60914742	N:CC[T>G]TA	-1	28981.0	2634952745
JG0139d	18	60984563	N:AC[T>G]TA	-1	69821.0	2635022566
JG0139d	18	61487778	T:TC[T>C]GA	-1	503215.0	2635525781
JG0139d	18	63554893	N:TG[T>G]TC	1	2067115.0	2637592896
JG0139d	18	63950024	T:AC[T>A]TG	-1	395131.0	2637988027
JG0139d	18	64138742	N:AC[T>G]TA	1	188718.0	2638176745
JG0139d	18	64547647	N:AC[T>G]TG	-1	408905.0	2638585650
JG0139d	18	65034852	N:CC[T>G]TG	1	487205.0	2639072855
JG0139d	18	65363995	N:CC[T>G]TG	-1	329143.0	2639401998
JG0139d	18	65427536	N:TC[T>C]TC	-1	63541.0	2639465539
JG0139d	18	65441547	N:TC[T>C]AA	-1	14011.0	2639479550
JG0139d	18	65633119	N:CC[T>G]TA	-1	191572.0	2639671122
JG0139d	18	66099327	N:GC[T>C]CA	1	466208.0	2640137330
JG0139d	18	66208870	N:CT[C>G]TC	-1	109543.0	2640246873
JG0139d	18	66283242	N:AC[T>G]TA	-1	74372.0	2640321245
JG0139d	18	67329362	N:AG[T>G]TA	1	1046120.0	2641367365
JG0139d	18	67344397	N:CC[T>A]TT	-1	15035.0	2641382400
JG0139d	18	67511314	U:TC[T>C]TG	-1	166917.0	2641549317
JG0139d	18	67760543	N:GC[T>C]TC	-1	249229.0	2641798546
JG0139d	18	68033051	N:CC[T>G]CA	-1	272508.0	2642071054
JG0139d	18	68130145	N:TC[T>A]TA	-1	97094.0	2642168148
JG0139d	18	68467182	N:AC[T>C]GT	-1	337037.0	2642505185
JG0139d	18	68718249	T:GC[T>G]TT	-1	251067.0	2642756252
JG0139d	18	68725181	U:CC[T>G]TG	1	6932.0	2642763184
JG0139d	18	68769565	T:GC[T>A]TT	-1	44384.0	2642807568
JG0139d	18	68853276	T:TC[T>A]TA	-1	83711.0	2642891279
JG0139d	18	68880210	T:AC[T>C]GG	-1	26934.0	2642918213
JG0139d	18	68959494	T:GG[T>C]CA	-1	79284.0	2642997497
JG0139d	18	69158072	N:AC[T>G]TC	-1	198578.0	2643196075
JG0139d	18	69268659	N:AC[T>G]TA	-1	110587.0	2643306662
JG0139d	18	69467176	T:TC[T>C]TA	-1	198517.0	2643505179
JG0139d	18	69897751	U:TC[T>C]CT	-1	430575.0	2643935754
JG0139d	18	69907367	U:AC[T>G]CC	-1	9616.0	2643945370
JG0139d	18	69938015	U:TC[T>G]TA	-1	30648.0	2643976018
JG0139d	18	70030798	U:TC[T>C]TT	-1	92783.0	2644068801
JG0139d	18	70421592	N:AG[T>C]CA	-1	390794.0	2644459595
JG0139d	18	70469167	N:GG[T>A]TG	-1	47575.0	2644507170
JG0139d	18	70675291	N:AC[T>C]GA	-1	206124.0	2644713294
JG0139d	18	70809161	N:AC[T>A]CC	-1	133870.0	2644847164
JG0139d	18	70907768	N:TC[C>T]TG	1	98607.0	2644945771
JG0139d	18	71007637	N:AC[T>C]TA	-1	99869.0	2645045640
JG0139d	18	71108444	N:TC[T>C]CA	1	100807.0	2645146447
JG0139d	18	71124883	N:TC[T>C]TA	1	16439.0	2645162886
JG0139d	18	71325156	N:TG[T>A]GT	1	200273.0	2645363159
JG0139d	18	71378672	N:TC[T>G]TT	1	53516.0	2645416675
JG0139d	18	71400354	N:AC[T>G]TA	1	21682.0	2645438357
JG0139d	18	71469003	N:GA[T>G]TA	1	68649.0	2645507006
JG0139d	18	71795200	N:TT[T>G]TA	1	326197.0	2645833203
JG0139d	18	71849883	N:CC[T>C]TG	1	54683.0	2645887886
JG0139d	18	71946485	N:TG[T>G]TA	1	96602.0	2645984488
JG0139d	18	71966812	N:GC[T>C]GA	1	20327.0	2646004815
JG0139d	18	72077044	N:TC[T>C]TG	-1	110232.0	2646115047
JG0139d	18	72093324	N:AC[T>G]TT	1	16280.0	2646131327
JG0139d	18	72097409	N:TC[T>G]TT	1	4085.0	2646135412
JG0139d	18	72227253	N:CA[T>A]AT	-1	129844.0	2646265256
JG0139d	18	72367859	N:AG[T>G]CA	-1	140606.0	2646405862
JG0139d	18	72372563	N:GC[T>A]TG	1	4704.0	2646410566
JG0139d	18	72440178	N:AT[T>G]TA	1	67615.0	2646478181
JG0139d	18	72453638	N:TC[T>C]CA	1	13460.0	2646491641
JG0139d	18	72606767	U:AC[T>G]TA	-1	153129.0	2646644770
JG0139d	18	72698003	N:TT[T>C]CT	1	91236.0	2646736006
JG0139d	18	74076934	T:TC[T>A]CT	1	1378931.0	2648114937
JG0139d	18	74105983	T:TC[T>G]TT	1	29049.0	2648143986
JG0139d	18	74648600	T:TC[T>C]CT	-1	542617.0	2648686603
JG0139d	18	74685991	T:AC[T>C]TT	-1	37391.0	2648723994
JG0139d	18	74952644	U:TC[T>C]CT	1	266653.0	2648990647
JG0139d	18	74953484	U:CC[T>G]TA	1	840.0	2648991487
JG0139d	18	75290027	N:TT[T>G]TG	-1	336543.0	2649328030
JG0139d	18	75313618	N:TC[T>G]TA	-1	23591.0	2649351621
JG0139d	18	75351789	N:GC[T>C]GG	-1	38171.0	2649389792
JG0139d	18	75424406	U:AG[T>A]TA	-1	72617.0	2649462409
JG0139d	18	75476962	N:AC[T>C]GG	-1	52556.0	2649514965
JG0139d	18	75535710	N:AG[T>A]TT	-1	58748.0	2649573713
JG0139d	18	75574987	N:TC[T>A]TT	-1	39277.0	2649612990
JG0139d	18	75576962	N:TC[T>G]CA	-1	1975.0	2649614965
JG0139d	18	75666586	N:AC[T>G]TG	1	89624.0	2649704589
JG0139d	18	75704848	N:AC[T>G]TA	1	38262.0	2649742851
JG0139d	18	75737684	N:TC[T>C]TA	-1	32836.0	2649775687
JG0139d	18	75857674	N:AC[T>A]TG	-1	119990.0	2649895677
JG0139d	18	76141281	N:TC[T>G]TC	1	283607.0	2650179284
JG0139d	18	76225177	N:AC[T>G]TA	1	83896.0	2650263180
JG0139d	18	76711375	N:CC[T>G]GA	-1	486198.0	2650749378
JG0139d	18	76984257	U:TC[T>C]CA	-1	272882.0	2651022260
JG0139d	18	77240280	N:AC[T>A]TG	-1	256023.0	2651278283
JG0139d	18	77260970	U:GG[T>G]TT	1	20690.0	2651298973
JG0139d	18	77289847	N:AC[T>C]CC	-1	28877.0	2651327850
JG0139d	18	77398760	N:AC[T>G]TT	-1	108913.0	2651436763
JG0139d	18	77463800	N:GC[T>A]TA	1	65040.0	2651501803
JG0139d	18	77602998	N:TG[T>G]CA	-1	139198.0	2651641001
JG0139d	18	77747038	N:AC[T>A]CT	1	144040.0	2651785041
JG0139d	18	77885947	N:TC[T>A]TG	1	138909.0	2651923950
JG0139d	18	78346760	N:TC[T>A]CA	-1	460813.0	2652384763
JG0139d	18	78349442	N:AC[T>C]CA	-1	2682.0	2652387445
JG0139d	18	78548604	N:TC[T>G]CA	-1	199162.0	2652586607
JG0139d	18	78677182	N:AG[T>A]CA	1	128578.0	2652715185
JG0139d	18	78904395	N:GC[T>A]GG	-1	227213.0	2652942398
JG0139d	18	79078525	T:GC[T>A]CC	-1	174130.0	2653116528
JG0139d	18	79390803	N:AC[T>G]CA	1	312278.0	2653428806
JG0139d	18	79438884	U:CT[T>G]TG	1	48081.0	2653476887
JG0139d	18	79530911	N:AC[T>G]TG	-1	92027.0	2653568914
JG0139d	18	79688802	T:AC[T>C]TA	-1	157891.0	2653726805
JG0139d	19	2024971	T:AC[T>C]TG	1		2656436259
JG0139d	19	2916510	T:TC[T>G]TG	-1	891539.0	2657327798
JG0139d	19	3571793	U:GC[T>G]TA	-1	655283.0	2657983081
JG0139d	19	5987536	N:AG[C>A]AG	1	2415743.0	2660398824
JG0139d	19	6922530	T:AG[C>A]GA	-1	934994.0	2661333818
JG0139d	19	8373267	U:CG[T>C]GG	1	1450737.0	2662784555
JG0139d	19	8628813	N:CC[T>C]CA	1	255546.0	2663040101
JG0139d	19	8802917	N:CC[T>G]TA	1	174104.0	2663214205
JG0139d	19	8966096	T:AC[T>A]TC	1	163179.0	2663377384
JG0139d	19	9261936	N:AC[T>C]GA	1	295840.0	2663673224
JG0139d	19	9350235	T:AC[T>C]TG	-1	88299.0	2663761523
JG0139d	19	9394242	N:GC[T>C]TG	1	44007.0	2663805530
JG0139d	19	9490361	T:AC[T>G]TA	1	96119.0	2663901649
JG0139d	19	9541267	N:AC[T>C]GG	-1	50906.0	2663952555
JG0139d	19	10013014	N:CC[T>C]CA	-1	471747.0	2664424302
JG0139d	19	11349091	U:GC[T>A]CA	1	1336077.0	2665760379
JG0139d	19	12011974	N:TA[T>G]AA	-1	662883.0	2666423262
JG0139d	19	12028220	U:AC[T>G]TG	-1	16246.0	2666439508
JG0139d	19	12056504	N:TC[T>A]GC	1	28284.0	2666467792
JG0139d	19	12286453	U:CA[T>G]CA	-1	229949.0	2666697741
JG0139d	19	13665003	N:TC[T>C]CA	-1	1378550.0	2668076291
JG0139d	19	13904767	U:CC[T>G]TA	-1	239764.0	2668316055
JG0139d	19	14232848	N:CC[T>G]CA	-1	328081.0	2668644136
JG0139d	19	14251340	N:CC[T>G]CA	1	18492.0	2668662628
JG0139d	19	14297921	N:CA[T>G]TA	-1	46581.0	2668709209
JG0139d	19	14542200	T:AC[T>C]TG	-1	244279.0	2668953488
JG0139d	19	14612225	N:TG[T>A]TG	1	70025.0	2669023513
JG0139d	19	14754072	U:GC[T>G]TA	-1	141847.0	2669165360
JG0139d	19	14756613	U:TT[T>G]GA	-1	2541.0	2669167901
JG0139d	19	14834841	U:AG[T>G]GA	-1	78228.0	2669246129
JG0139d	19	14977525	U:GA[T>G]TG	-1	142684.0	2669388813
JG0139d	19	15029050	N:CC[T>G]GG	-1	51525.0	2669440338
JG0139d	19	15607976	N:TC[T>G]TG	-1	578926.0	2670019264
JG0139d	19	15731476	N:AC[T>C]CA	-1	123500.0	2670142764
JG0139d	19	15767074	N:AC[T>A]CA	-1	35598.0	2670178362
JG0139d	19	16823836	N:AT[T>G]TG	-1	1056762.0	2671235124
JG0139d	19	16853154	T:TG[T>G]CA	-1	29318.0	2671264442
JG0139d	19	16866161	T:CC[T>A]CC	-1	13007.0	2671277449
JG0139d	19	17674003	T:GC[T>G]CT	1	807842.0	2672085291
JG0139d	19	17837951	T:GC[T>G]TG	1	163948.0	2672249239
JG0139d	19	18231151	T:AC[T>G]CA	1	393200.0	2672642439
JG0139d	19	18626593	N:GA[T>G]TT	1	395442.0	2673037881
JG0139d	19	18975511	N:TT[T>G]TT	-1	348918.0	2673386799
JG0139d	19	19229936	T:CC[T>C]GG	-1	254425.0	2673641224
JG0139d	19	19242332	U:AG[T>G]GA	1	12396.0	2673653620
JG0139d	19	19615432	U:TG[T>G]TG	-1	373100.0	2674026720
JG0139d	19	19628583	T:TC[T>C]TC	1	13151.0	2674039871
JG0139d	19	19660988	U:TG[T>G]TC	-1	32405.0	2674072276
JG0139d	19	19870342	T:TC[T>G]CA	-1	209354.0	2674281630
JG0139d	19	19950396	N:TC[T>G]TA	1	80054.0	2674361684
JG0139d	19	20777056	T:AC[T>C]GC	-1	826660.0	2675188344
JG0139d	19	20786659	U:AG[T>G]TA	1	9603.0	2675197947
JG0139d	19	20965902	N:TC[T>C]CT	1	179243.0	2675377190
JG0139d	19	21135351	N:TC[T>C]TA	1	169449.0	2675546639
JG0139d	19	21593886	N:AC[T>G]TA	1	458535.0	2676005174
JG0139d	19	21598293	N:AC[T>G]TA	-1	4407.0	2676009581
JG0139d	19	21668515	N:GC[T>G]TC	-1	70222.0	2676079803
JG0139d	19	21911580	N:TC[T>C]TA	-1	243065.0	2676322868
JG0139d	19	22039024	N:AC[T>G]CA	1	127444.0	2676450312
JG0139d	19	22090032	T:AC[T>G]TG	-1	51008.0	2676501320
JG0139d	19	22140806	N:TG[T>G]TT	-1	50774.0	2676552094
JG0139d	19	22728627	N:CC[T>G]TA	-1	587821.0	2677139915
JG0139d	19	22799568	N:AC[T>C]CT	-1	70941.0	2677210856
JG0139d	19	22816017	N:GG[T>G]TA	1	16449.0	2677227305
JG0139d	19	22851455	T:CC[T>C]CA	-1	35438.0	2677262743
JG0139d	19	23057197	N:TC[T>C]CA	1	205742.0	2677468485
JG0139d	19	23114944	U:GC[T>G]TG	1	57747.0	2677526232
JG0139d	19	23163062	N:GC[T>C]TA	1	48118.0	2677574350
JG0139d	19	23491837	N:AC[T>G]TA	1	328775.0	2677903125
JG0139d	19	23519144	N:AC[T>C]TT	1	27307.0	2677930432
JG0139d	19	23670748	U:GC[T>G]TC	-1	151604.0	2678082036
JG0139d	19	24091627	T:TC[T>C]CA	-1	420879.0	2678502915
JG0139d	19	27272815	N:TC[T>G]TA	-1	3181188.0	2681684103
JG0139d	19	27286918	N:CC[T>G]TC	1	14103.0	2681698206
JG0139d	19	27500475	N:TT[T>G]TC	-1	213557.0	2681911763
JG0139d	19	27622553	N:TC[T>C]TT	-1	122078.0	2682033841
JG0139d	19	27651925	N:TC[T>C]AA	-1	29372.0	2682063213
JG0139d	19	27717224	N:TC[T>G]TA	1	65299.0	2682128512
JG0139d	19	28386100	N:TG[T>G]TA	1	668876.0	2682797388
JG0139d	19	28538587	N:TC[T>A]TT	-1	152487.0	2682949875
JG0139d	19	28813726	N:AC[T>G]TT	-1	275139.0	2683225014
JG0139d	19	28972557	N:GA[T>G]TT	-1	158831.0	2683383845
JG0139d	19	29051162	N:TC[T>C]TA	1	78605.0	2683462450
JG0139d	19	29053716	N:GC[T>C]CA	-1	2554.0	2683465004
JG0139d	19	29059142	N:GC[T>G]AA	-1	5426.0	2683470430
JG0139d	19	29100286	N:GC[T>A]CC	-1	41144.0	2683511574
JG0139d	19	29118011	N:AG[T>C]CA	1	17725.0	2683529299
JG0139d	19	29120886	N:GG[T>A]CT	-1	2875.0	2683532174
JG0139d	19	29121570	N:AC[T>C]GA	1	684.0	2683532858
JG0139d	19	29250941	N:TC[T>G]GA	-1	129371.0	2683662229
JG0139d	19	29301268	N:AC[T>C]GC	1	50327.0	2683712556
JG0139d	19	29311297	N:AC[T>C]TA	1	10029.0	2683722585
JG0139d	19	29342024	N:AG[T>G]CA	1	30727.0	2683753312
JG0139d	19	29405230	N:CC[T>G]CC	1	63206.0	2683816518
JG0139d	19	29406009	N:GC[T>C]CA	1	779.0	2683817297
JG0139d	19	29413282	N:CC[T>C]TG	1	7273.0	2683824570
JG0139d	19	29419880	N:GC[T>C]GG	1	6598.0	2683831168
JG0139d	19	29452898	N:AC[T>C]CA	1	33018.0	2683864186
JG0139d	19	29550010	U:TC[T>C]TG	1	97112.0	2683961298
JG0139d	19	29671997	U:AC[T>C]TA	1	121987.0	2684083285
JG0139d	19	30687842	U:TT[T>A]AA	1	1015845.0	2685099130
JG0139d	19	30699808	T:GC[T>C]GC	-1	11966.0	2685111096
JG0139d	19	30759005	N:TC[T>G]TC	-1	59197.0	2685170293
JG0139d	19	30773801	N:CC[T>C]CA	-1	14796.0	2685185089
JG0139d	19	30847971	N:CC[T>C]CG	-1	74170.0	2685259259
JG0139d	19	30858293	N:GC[T>C]GC	-1	10322.0	2685269581
JG0139d	19	31029745	N:AC[T>G]CA	-1	171452.0	2685441033
JG0139d	19	31114135	N:AC[T>A]TG	1	84390.0	2685525423
JG0139d	19	31155659	N:GC[T>G]TA	1	41524.0	2685566947
JG0139d	19	31309614	U:TC[T>G]TA	-1	153955.0	2685720902
JG0139d	19	31599191	N:AG[T>C]TC	-1	289577.0	2686010479
JG0139d	19	31698419	N:TG[C>T]AA	-1	99228.0	2686109707
JG0139d	19	32003536	N:AC[T>G]TA	1	305117.0	2686414824
JG0139d	19	32125735	N:CC[T>C]TA	-1	122199.0	2686537023
JG0139d	19	32184713	N:AC[T>G]CA	1	58978.0	2686596001
JG0139d	19	32251494	N:TC[T>C]TA	1	66781.0	2686662782
JG0139d	19	32415366	T:TC[T>C]AG	-1	163872.0	2686826654
JG0139d	19	32568179	N:GC[T>C]CA	1	152813.0	2686979467
JG0139d	19	32575673	N:AC[T>C]TA	1	7494.0	2686986961
JG0139d	19	32671325	T:GC[T>G]TA	1	95652.0	2687082613
JG0139d	19	32804290	U:GG[T>G]TT	1	132965.0	2687215578
JG0139d	19	32951841	U:TC[T>A]TT	-1	147551.0	2687363129
JG0139d	19	33185526	U:CC[T>C]TG	1	233685.0	2687596814
JG0139d	19	33604028	N:AC[T>G]TA	-1	418502.0	2688015316
JG0139d	19	34111062	N:CC[T>G]TA	-1	507034.0	2688522350
JG0139d	19	35224677	N:AA[T>G]TA	1	1113615.0	2689635965
JG0139d	19	35374396	N:AC[T>C]AG	-1	149719.0	2689785684
JG0139d	19	35417053	N:GC[T>G]CA	-1	42657.0	2689828341
JG0139d	19	36323380	N:CC[T>G]CA	-1	906327.0	2690734668
JG0139d	19	36435229	N:GT[C>G]TC	-1	111849.0	2690846517
JG0139d	19	36880402	T:AT[T>G]TT	-1	445173.0	2691291690
JG0139d	19	37022618	T:TT[T>G]TT	-1	142216.0	2691433906
JG0139d	19	37303630	N:GC[T>C]CA	1	281012.0	2691714918
JG0139d	19	38191189	U:GC[T>C]TG	1	887559.0	2692602477
JG0139d	19	38370562	U:TC[T>C]AC	1	179373.0	2692781850
JG0139d	19	38483692	T:CC[T>C]GG	-1	113130.0	2692894980
JG0139d	19	38786959	N:AG[T>G]TA	-1	303267.0	2693198247
JG0139d	19	39143059	T:TC[T>G]GA	-1	356100.0	2693554347
JG0139d	19	39253262	N:AC[T>G]TG	-1	110203.0	2693664550
JG0139d	19	39324548	N:TC[T>G]TC	-1	71286.0	2693735836
JG0139d	19	39366842	U:CC[T>C]CA	1	42294.0	2693778130
JG0139d	19	39368137	U:AC[T>A]CA	1	1295.0	2693779425
JG0139d	19	39507647	U:CC[T>C]TG	1	139510.0	2693918935
JG0139d	19	39915055	U:CC[T>G]TT	-1	407408.0	2694326343
JG0139d	19	40659226	N:TC[T>G]TA	1	744171.0	2695070514
JG0139d	19	40891544	N:CA[T>G]TT	-1	232318.0	2695302832
JG0139d	19	41010374	T:CC[T>G]TA	-1	118830.0	2695421662
JG0139d	19	41014957	T:GT[T>C]CA	-1	4583.0	2695426245
JG0139d	19	41320330	B:TC[T>C]CC	1	305373.0	2695731618
JG0139d	19	41437298	U:CC[T>G]CA	-1	116968.0	2695848586
JG0139d	19	42382608	N:CC[T>A]CA	1	945310.0	2696793896
JG0139d	19	42699000	N:TC[T>C]TT	1	316392.0	2697110288
JG0139d	19	42973041	N:CA[T>G]TG	-1	274041.0	2697384329
JG0139d	19	43011312	T:AT[T>G]TA	1	38271.0	2697422600
JG0139d	19	43450374	N:AT[C>T]GC	1	439062.0	2697861662
JG0139d	19	43658006	T:AC[T>C]AG	1	207632.0	2698069294
JG0139d	19	43764347	N:GG[T>C]CA	-1	106341.0	2698175635
JG0139d	19	43982243	T:CA[C>T]CC	-1	217896.0	2698393531
JG0139d	19	44388525	T:GA[T>G]TG	1	406282.0	2698799813
JG0139d	19	44558453	N:GA[T>A]TA	-1	169928.0	2698969741
JG0139d	19	44717471	N:GC[T>C]CG	1	159018.0	2699128759
JG0139d	19	45084870	U:GC[T>G]TC	1	367399.0	2699496158
JG0139d	19	45197408	T:GG[T>G]TC	-1	112538.0	2699608696
JG0139d	19	45453544	T:AT[T>G]TT	1	256136.0	2699864832
JG0139d	19	45807918	T:CC[T>G]TC	1	354374.0	2700219206
JG0139d	19	45810442	T:GG[T>G]TA	1	2524.0	2700221730
JG0139d	19	45913414	U:CC[T>G]CC	-1	102972.0	2700324702
JG0139d	19	46526184	T:TC[T>G]CA	1	612770.0	2700937472
JG0139d	19	46795421	N:CC[T>C]CA	1	269237.0	2701206709
JG0139d	19	46871519	N:AC[T>G]TT	1	76098.0	2701282807
JG0139d	19	47043213	U:GC[T>G]TG	1	171694.0	2701454501
JG0139d	19	47591417	N:AG[T>G]CG	-1	548204.0	2702002705
JG0139d	19	48667830	T:CC[T>C]GG	1	1076413.0	2703079118
JG0139d	19	48914479	U:GC[T>G]TT	1	246649.0	2703325767
JG0139d	19	49035542	T:CC[T>G]GA	1	121063.0	2703446830
JG0139d	19	49173585	U:GC[T>G]TG	1	138043.0	2703584873
JG0139d	19	49303925	U:AT[T>G]TT	-1	130340.0	2703715213
JG0139d	19	50248551	U:AC[T>C]GA	1	944626.0	2704659839
JG0139d	19	50252084	U:AG[T>G]TT	1	3533.0	2704663372
JG0139d	19	50259228	U:GC[T>G]TC	1	7144.0	2704670516
JG0139d	19	50275334	U:AC[T>A]CC	1	16106.0	2704686622
JG0139d	19	50367075	U:CC[T>C]CG	1	91741.0	2704778363
JG0139d	19	50712084	U:AC[T>G]AC	-1	345009.0	2705123372
JG0139d	19	50926658	N:CC[T>G]TG	1	214574.0	2705337946
JG0139d	19	51006890	U:CC[T>G]CG	-1	80232.0	2705418178
JG0139d	19	51009779	N:GC[T>G]TG	1	2889.0	2705421067
JG0139d	19	51092656	N:TT[T>C]GC	1	82877.0	2705503944
JG0139d	19	51113021	N:CC[T>C]CA	1	20365.0	2705524309
JG0139d	19	51220766	N:TC[T>C]GC	1	107745.0	2705632054
JG0139d	19	51242866	N:AC[T>C]GG	1	22100.0	2705654154
JG0139d	19	51251477	U:CC[T>C]CA	1	8611.0	2705662765
JG0139d	19	51367644	T:CC[T>G]TC	1	116167.0	2705778932
JG0139d	19	51526598	U:TC[T>A]TT	-1	158954.0	2705937886
JG0139d	19	51526843	U:TC[T>A]TA	-1	245.0	2705938131
JG0139d	19	51529422	U:TC[T>C]CA	-1	2579.0	2705940710
JG0139d	19	51768674	B:TC[T>A]CC	1	239252.0	2706179962
JG0139d	19	51839349	N:GG[T>C]GA	-1	70675.0	2706250637
JG0139d	19	52131709	T:GG[T>G]TG	1	292360.0	2706542997
JG0139d	19	52251424	N:TC[T>C]CA	1	119715.0	2706662712
JG0139d	19	52283986	U:CC[T>G]TG	1	32562.0	2706695274
JG0139d	19	52429079	N:GC[T>A]CA	-1	145093.0	2706840367
JG0139d	19	52455120	U:TC[T>C]GA	1	26041.0	2706866408
JG0139d	19	52570079	N:GG[T>A]CA	-1	114959.0	2706981367
JG0139d	19	52817929	U:TC[T>C]CG	-1	247850.0	2707229217
JG0139d	19	52894480	T:TC[T>C]GA	1	76551.0	2707305768
JG0139d	19	52905685	U:AC[T>A]TG	-1	11205.0	2707316973
JG0139d	19	52952866	U:AC[T>A]TT	-1	47181.0	2707364154
JG0139d	19	52972317	N:AA[T>G]TC	-1	19451.0	2707383605
JG0139d	19	53124522	U:CC[T>C]GG	-1	152205.0	2707535810
JG0139d	19	53178333	T:TC[T>A]TG	1	53811.0	2707589621
JG0139d	19	53178357	U:TT[C>A]TT	-1	24.0	2707589645
JG0139d	19	53296453	N:TC[T>C]TA	-1	118096.0	2707707741
JG0139d	19	53362740	N:AC[T>C]TA	-1	66287.0	2707774028
JG0139d	19	53706365	N:TC[T>C]TG	1	343625.0	2708117653
JG0139d	19	53743030	N:TC[T>A]CA	1	36665.0	2708154318
JG0139d	19	53744779	N:CC[T>C]CG	1	1749.0	2708156067
JG0139d	19	53776432	N:GA[T>C]TA	1	31653.0	2708187720
JG0139d	19	53824215	U:TC[T>G]CA	-1	47783.0	2708235503
JG0139d	19	53829359	N:CC[T>A]CG	1	5144.0	2708240647
JG0139d	19	53857175	N:GC[T>A]CA	-1	27816.0	2708268463
JG0139d	19	53904847	U:AC[T>G]TC	1	47672.0	2708316135
JG0139d	19	54085235	N:CC[T>G]TT	-1	180388.0	2708496523
JG0139d	19	54274590	T:AC[T>C]GG	1	189355.0	2708685878
JG0139d	19	54299507	N:TC[T>C]CC	1	24917.0	2708710795
JG0139d	19	54393532	N:AC[T>C]TG	1	94025.0	2708804820
JG0139d	19	54497880	U:GC[T>G]TC	1	104348.0	2708909168
JG0139d	19	54637695	N:TC[T>C]TG	1	139815.0	2709048983
JG0139d	19	54769255	N:TC[T>C]TG	1	131560.0	2709180543
JG0139d	19	54927040	U:TC[T>A]TG	-1	157785.0	2709338328
JG0139d	19	55264182	T:GC[T>C]GG	1	337142.0	2709675470
JG0139d	19	55687155	U:TC[T>C]TG	1	422973.0	2710098443
JG0139d	19	55813127	U:TC[T>C]CG	-1	125972.0	2710224415
JG0139d	19	55843642	T:TC[T>G]TA	-1	30515.0	2710254930
JG0139d	19	55935399	N:GA[T>G]TA	1	91757.0	2710346687
JG0139d	19	55936317	N:TC[T>G]AG	-1	918.0	2710347605
JG0139d	19	55941737	N:CC[T>A]CG	1	5420.0	2710353025
JG0139d	19	56034831	U:GG[T>C]TG	1	93094.0	2710446119
JG0139d	19	56130724	N:CC[T>C]CG	1	95893.0	2710542012
JG0139d	19	56144940	U:TC[T>G]TG	1	14216.0	2710556228
JG0139d	19	56171613	N:GA[T>G]TA	1	26673.0	2710582901
JG0139d	19	56232511	U:CC[T>C]CT	-1	60898.0	2710643799
JG0139d	19	56365098	T:GC[T>G]TT	1	132587.0	2710776386
JG0139d	19	56369162	N:GC[T>G]TA	-1	4064.0	2710780450
JG0139d	19	56413929	U:AG[T>C]TG	1	44767.0	2710825217
JG0139d	19	56428233	N:GC[T>C]TA	1	14304.0	2710839521
JG0139d	19	56455734	T:AC[T>G]TT	1	27501.0	2710867022
JG0139d	19	56468650	U:TC[T>G]CA	-1	12916.0	2710879938
JG0139d	19	56484279	N:TG[T>G]TC	1	15629.0	2710895567
JG0139d	19	56767417	N:TG[T>A]GA	-1	283138.0	2711178705
JG0139d	19	56900543	N:GC[T>C]TC	1	133126.0	2711311831
JG0139d	19	57111742	N:AC[T>G]TT	-1	211199.0	2711523030
JG0139d	19	57147451	N:TT[T>G]GT	-1	35709.0	2711558739
JG0139d	19	57170815	N:GC[T>G]TA	1	23364.0	2711582103
JG0139d	19	57481968	N:GC[T>G]TG	1	311153.0	2711893256
JG0139d	19	57616911	U:TC[T>C]TG	1	134943.0	2712028199
JG0139d	19	57714911	U:AC[T>C]TG	1	98000.0	2712126199
JG0139d	19	57816609	U:AG[T>C]TT	1	101698.0	2712227897
JG0139d	19	58036245	U:AC[T>G]TT	1	219636.0	2712447533
JG0139d	20	767198	T:TC[T>G]TG	1		2713796102
JG0139d	20	913271	U:TC[T>G]TC	-1	146073.0	2713942175
JG0139d	20	1084174	N:AC[C>G]TA	1	170903.0	2714113078
JG0139d	20	1084468	N:TC[T>G]TG	1	294.0	2714113372
JG0139d	20	1857820	N:GC[C>A]AG	-1	773352.0	2714886724
JG0139d	20	3879870	N:AC[T>G]TA	-1	2022050.0	2716908774
JG0139d	20	4258466	N:AT[C>T]AC	1	378596.0	2717287370
JG0139d	20	4402832	N:TC[T>G]TG	1	144366.0	2717431736
JG0139d	20	4544699	N:AC[T>G]CA	1	141867.0	2717573603
JG0139d	20	5038667	N:GC[T>C]CA	1	493968.0	2718067571
JG0139d	20	5188276	U:AG[T>G]CC	1	149609.0	2718217180
JG0139d	20	6400673	N:AC[T>G]TC	1	1212397.0	2719429577
JG0139d	20	6515623	N:TC[T>C]GA	1	114950.0	2719544527
JG0139d	20	6585652	N:TG[T>G]CA	1	70029.0	2719614556
JG0139d	20	6648653	N:CC[T>G]TA	1	63001.0	2719677557
JG0139d	20	7837702	N:AT[T>G]TT	1	1189049.0	2720866606
JG0139d	20	8587828	T:CT[T>G]TA	-1	750126.0	2721616732
JG0139d	20	9043504	N:AG[T>C]GC	-1	455676.0	2722072408
JG0139d	20	9963412	N:GC[T>G]TC	1	919908.0	2722992316
JG0139d	20	9974119	N:TG[T>G]TT	-1	10707.0	2723003023
JG0139d	20	10125082	N:AC[T>A]CC	1	150963.0	2723153986
JG0139d	20	11045182	N:AC[T>G]TA	1	920100.0	2724074086
JG0139d	20	11128198	N:TC[T>G]GA	-1	83016.0	2724157102
JG0139d	20	11448989	N:AA[T>G]CA	1	320791.0	2724477893
JG0139d	20	11660697	N:AA[T>G]TG	1	211708.0	2724689601
JG0139d	20	11712554	N:TA[T>G]TC	1	51857.0	2724741458
JG0139d	20	12478076	N:AG[C>A]AG	1	765522.0	2725506980
JG0139d	20	12551725	N:CA[T>G]TA	1	73649.0	2725580629
JG0139d	20	13099659	T:GC[T>G]TC	-1	547934.0	2726128563
JG0139d	20	14097280	U:GA[T>G]TT	1	997621.0	2727126184
JG0139d	20	14195288	T:AG[T>G]TT	-1	98008.0	2727224192
JG0139d	20	14709703	U:TC[T>G]TA	1	514415.0	2727738607
JG0139d	20	14727145	U:AC[T>C]CT	1	17442.0	2727756049
JG0139d	20	15080678	U:AC[T>C]CA	1	353533.0	2728109582
JG0139d	20	16197264	N:TC[T>C]CA	1	1116586.0	2729226168
JG0139d	20	17692500	N:GC[T>G]TG	-1	1495236.0	2730721404
JG0139d	20	18793905	N:AC[T>A]TA	1	1101405.0	2731822809
JG0139d	20	19718372	U:TT[T>A]AG	1	924467.0	2732747276
JG0139d	20	20536628	T:AC[T>C]TG	1	818256.0	2733565532
JG0139d	20	20582145	T:AC[T>C]TA	1	45517.0	2733611049
JG0139d	20	20864017	N:GC[T>G]TA	-1	281872.0	2733892921
JG0139d	20	20924579	N:GG[T>G]TT	-1	60562.0	2733953483
JG0139d	20	21713784	U:AC[T>G]TA	1	789205.0	2734742688
JG0139d	20	21779970	N:TG[T>G]AA	1	66186.0	2734808874
JG0139d	20	22485926	N:CT[T>C]GA	-1	705956.0	2735514830
JG0139d	20	22746052	N:TG[T>G]TA	1	260126.0	2735774956
JG0139d	20	22787570	N:TC[T>C]CC	1	41518.0	2735816474
JG0139d	20	24477158	U:TC[T>G]TG	1	1689588.0	2737506062
JG0139d	20	24595911	U:TC[T>C]GG	1	118753.0	2737624815
JG0139d	20	25037875	T:AC[T>G]GT	1	441964.0	2738066779
JG0139d	20	25048389	T:CC[T>G]GC	1	10514.0	2738077293
JG0139d	20	25934804	N:TT[T>G]TT	1	886415.0	2738963708
JG0139d	20	29205119	N:GC[T>G]CA	-1	3270315.0	2742234023
JG0139d	20	30669898	N:GG[T>G]TT	1	1464779.0	2743698802
JG0139d	20	31303545	U:CC[T>G]TA	-1	633647.0	2744332449
JG0139d	20	31400103	N:TC[T>G]CA	-1	96558.0	2744429007
JG0139d	20	31530126	U:AT[T>A]CA	1	130023.0	2744559030
JG0139d	20	31883313	U:CC[T>G]CA	1	353187.0	2744912217
JG0139d	20	31955779	N:AC[T>G]GC	1	72466.0	2744984683
JG0139d	20	32034953	N:TC[T>C]AG	1	79174.0	2745063857
JG0139d	20	32426236	U:TT[T>G]TC	1	391283.0	2745455140
JG0139d	20	32595952	N:TC[T>G]TA	-1	169716.0	2745624856
JG0139d	20	32595953	N:CT[C>A]TT	-1	1.0	2745624857
JG0139d	20	33211235	N:AC[T>G]TA	1	615282.0	2746240139
JG0139d	20	33667736	B:TC[T>C]CA	1	456501.0	2746696640
JG0139d	20	33706833	U:AA[C>A]AT	-1	39097.0	2746735737
JG0139d	20	33706834	T:TG[T>G]TA	1	1.0	2746735738
JG0139d	20	35807575	T:AG[T>G]TC	-1	2100741.0	2748836479
JG0139d	20	38318700	U:CC[T>G]CA	1	2511125.0	2751347604
JG0139d	20	38596956	N:TC[T>G]CT	-1	278256.0	2751625860
JG0139d	20	39322528	N:AC[T>G]TT	1	725572.0	2752351432
JG0139d	20	39387935	N:AG[T>C]GT	1	65407.0	2752416839
JG0139d	20	40031992	N:TC[T>G]TA	1	644057.0	2753060896
JG0139d	20	40627553	N:TC[T>C]TG	1	595561.0	2753656457
JG0139d	20	40787430	N:TC[T>A]TG	1	159877.0	2753816334
JG0139d	20	41652371	N:AC[T>G]CA	1	864941.0	2754681275
JG0139d	20	41694514	N:TC[T>G]TG	-1	42143.0	2754723418
JG0139d	20	41780198	N:AC[T>G]TT	-1	85684.0	2754809102
JG0139d	20	42044241	N:AG[T>G]CA	-1	264043.0	2755073145
JG0139d	20	42144298	U:CA[C>G]TT	-1	100057.0	2755173202
JG0139d	20	42303909	T:AC[T>C]TT	1	159611.0	2755332813
JG0139d	20	42466105	T:TC[T>C]CA	1	162196.0	2755495009
JG0139d	20	42603749	T:GC[T>C]TC	1	137644.0	2755632653
JG0139d	20	42729763	T:AC[T>C]TG	1	126014.0	2755758667
JG0139d	20	42848624	T:TC[T>G]TT	1	118861.0	2755877528
JG0139d	20	42907493	T:AC[T>C]TG	1	58869.0	2755936397
JG0139d	20	43073147	T:GC[T>C]CA	1	165654.0	2756102051
JG0139d	20	43167232	T:TC[T>G]TA	1	94085.0	2756196136
JG0139d	20	43574277	U:TC[T>G]TC	1	407045.0	2756603181
JG0139d	20	44186386	T:CC[T>C]CA	1	612109.0	2757215290
JG0139d	20	44454907	N:AC[T>G]CC	1	268521.0	2757483811
JG0139d	20	45504835	N:TC[T>A]CC	1	1049928.0	2758533739
JG0139d	20	45552342	T:AC[T>G]TG	1	47507.0	2758581246
JG0139d	20	46379019	T:AG[T>G]TT	1	826677.0	2759407923
JG0139d	20	46502200	T:CC[T>C]TA	1	123181.0	2759531104
JG0139d	20	46642346	T:CC[T>C]TG	1	140146.0	2759671250
JG0139d	20	46732178	U:GC[T>G]CA	1	89832.0	2759761082
JG0139d	20	48016947	N:TC[T>A]TA	1	1284769.0	2761045851
JG0139d	20	48272939	N:AC[T>G]CC	1	255992.0	2761301843
JG0139d	20	48999874	U:TC[T>A]CA	1	726935.0	2762028778
JG0139d	20	49066824	U:AG[T>G]TT	1	66950.0	2762095728
JG0139d	20	49144600	T:TC[T>C]CT	1	77776.0	2762173504
JG0139d	20	49511121	T:CC[T>G]TG	1	366521.0	2762540025
JG0139d	20	49528031	T:AC[T>G]TG	1	16910.0	2762556935
JG0139d	20	50304456	N:GC[T>A]TG	1	776425.0	2763333360
JG0139d	20	50344146	N:TC[T>G]CA	1	39690.0	2763373050
JG0139d	20	50408150	N:TC[T>C]CG	1	64004.0	2763437054
JG0139d	20	51193785	N:CC[T>A]TA	1	785635.0	2764222689
JG0139d	20	51399759	U:GC[T>G]GC	-1	205974.0	2764428663
JG0139d	20	51426369	T:AC[T>G]TG	1	26610.0	2764455273
JG0139d	20	51427555	T:CC[T>C]TG	1	1186.0	2764456459
JG0139d	20	51514738	T:GG[T>G]GG	1	87183.0	2764543642
JG0139d	20	51831159	N:AT[T>C]TA	1	316421.0	2764860063
JG0139d	20	51832506	N:AC[T>A]CC	1	1347.0	2764861410
JG0139d	20	51940785	N:CC[T>C]CA	1	108279.0	2764969689
JG0139d	20	52005968	N:GC[T>G]TT	1	65183.0	2765034872
JG0139d	20	52243918	N:TA[T>G]TT	1	237950.0	2765272822
JG0139d	20	52510525	N:AA[T>G]TC	1	266607.0	2765539429
JG0139d	20	52719660	N:TC[T>A]CA	1	209135.0	2765748564
JG0139d	20	52809411	N:TC[T>C]TG	1	89751.0	2765838315
JG0139d	20	52864756	N:CC[T>C]CA	1	55345.0	2765893660
JG0139d	20	53019535	U:TG[T>G]TG	1	154779.0	2766048439
JG0139d	20	53241543	U:TG[T>G]TA	1	222008.0	2766270447
JG0139d	20	53248603	U:AC[T>G]TT	1	7060.0	2766277507
JG0139d	20	53401623	U:AC[T>G]TA	1	153020.0	2766430527
JG0139d	20	53589827	T:AT[T>G]TA	1	188204.0	2766618731
JG0139d	20	53630910	N:TC[T>G]TG	1	41083.0	2766659814
JG0139d	20	53851660	N:AC[T>A]TT	1	220750.0	2766880564
JG0139d	20	54505407	U:AG[T>G]TA	1	653747.0	2767534311
JG0139d	20	54532779	U:GC[T>A]CA	1	27372.0	2767561683
JG0139d	20	54727420	N:TC[T>G]TC	1	194641.0	2767756324
JG0139d	20	54729992	N:GC[T>G]TA	1	2572.0	2767758896
JG0139d	20	55253108	N:TC[T>G]TG	-1	523116.0	2768282012
JG0139d	20	55290087	N:AC[T>G]TG	1	36979.0	2768318991
JG0139d	20	55361982	N:AT[C>A]TA	-1	71895.0	2768390886
JG0139d	20	55513703	N:AC[T>G]TG	1	151721.0	2768542607
JG0139d	20	55664326	N:TC[T>C]CA	1	150623.0	2768693230
JG0139d	20	55677985	N:AC[T>G]CC	1	13659.0	2768706889
JG0139d	20	55961054	N:TC[T>C]TT	1	283069.0	2768989958
JG0139d	20	56133154	N:AC[T>C]CA	1	172100.0	2769162058
JG0139d	20	56476567	U:TC[T>A]CA	1	343413.0	2769505471
JG0139d	20	56711372	N:CC[T>G]TG	1	234805.0	2769740276
JG0139d	20	57806638	N:CC[T>C]TC	1	1095266.0	2770835542
JG0139d	20	57885350	N:TC[T>C]TT	1	78712.0	2770914254
JG0139d	20	57990144	N:AC[T>G]TA	1	104794.0	2771019048
JG0139d	20	58057387	N:TC[T>C]CA	1	67243.0	2771086291
JG0139d	20	58075159	N:AC[T>C]GC	1	17772.0	2771104063
JG0139d	20	58201648	N:GC[T>C]CG	1	126489.0	2771230552
JG0139d	20	58598226	N:TC[T>G]TA	1	396578.0	2771627130
JG0139d	20	58626641	N:TC[T>C]CC	1	28415.0	2771655545
JG0139d	20	58649144	N:TC[T>A]CG	1	22503.0	2771678048
JG0139d	20	58669040	U:AC[T>C]CA	1	19896.0	2771697944
JG0139d	20	59052146	N:AC[T>G]GA	1	383106.0	2772081050
JG0139d	20	59120344	N:TC[T>G]TT	1	68198.0	2772149248
JG0139d	20	59195720	U:AC[T>C]TC	1	75376.0	2772224624
JG0139d	20	59368939	N:TC[T>A]TC	1	173219.0	2772397843
JG0139d	20	59374733	N:AC[T>G]TT	1	5794.0	2772403637
JG0139d	20	59425157	N:TG[T>C]CC	1	50424.0	2772454061
JG0139d	20	59439454	N:GC[T>C]CT	1	14297.0	2772468358
JG0139d	20	59452749	N:GC[T>C]CG	1	13295.0	2772481653
JG0139d	20	59657486	U:TC[T>A]TT	1	204737.0	2772686390
JG0139d	20	59788253	U:AT[C>T]TC	1	130767.0	2772817157
JG0139d	20	59788254	U:TC[T>C]CA	1	1.0	2772817158
JG0139d	20	59976396	U:AC[T>A]CA	1	188142.0	2773005300
JG0139d	20	59982235	U:CG[T>G]TG	1	5839.0	2773011139
JG0139d	20	60147505	N:GG[T>C]TG	1	165270.0	2773176409
JG0139d	20	60286417	N:CC[T>A]TC	1	138912.0	2773315321
JG0139d	20	60479167	N:CC[T>A]CA	1	192750.0	2773508071
JG0139d	20	60610350	N:TT[C>G]TT	1	131183.0	2773639254
JG0139d	20	60610351	N:TC[T>C]TT	1	1.0	2773639255
JG0139d	20	61158955	N:TC[T>C]TA	1	548604.0	2774187859
JG0139d	20	61318264	T:AC[T>G]TC	-1	159309.0	2774347168
JG0139d	20	61609764	U:AC[T>C]TG	1	291500.0	2774638668
JG0139d	20	61696395	U:AC[T>C]TG	1	86631.0	2774725299
JG0139d	20	61820080	U:AC[T>A]CG	1	123685.0	2774848984
JG0139d	20	61863893	U:CC[T>C]TA	1	43813.0	2774892797
JG0139d	20	61904434	U:TC[T>A]TT	1	40541.0	2774933338
JG0139d	20	62376788	N:GC[T>C]CA	1	472354.0	2775405692
JG0139d	20	62399812	T:TC[T>A]CG	1	23024.0	2775428716
JG0139d	20	62554951	N:CC[T>C]CC	1	155139.0	2775583855
JG0139d	20	62629377	N:AC[T>G]TT	1	74426.0	2775658281
JG0139d	20	62695911	N:AC[T>A]TG	1	66534.0	2775724815
JG0139d	20	62745808	U:GC[T>G]TG	1	49897.0	2775774712
JG0139d	20	62787033	N:TC[T>G]TA	1	41225.0	2775815937
JG0139d	20	62858123	T:GC[T>A]CA	1	71090.0	2775887027
JG0139d	20	63180605	N:GC[T>C]CA	1	322482.0	2776209509
JG0139d	21	8606865	N:TC[T>C]AC	-1		2786079936
JG0139d	21	13523012	N:AC[T>C]CT	1	4916147.0	2790996083
JG0139d	21	13868949	N:TG[T>G]TA	1	345937.0	2791342020
JG0139d	21	14416354	N:TT[C>A]TG	1	547405.0	2791889425
JG0139d	21	14645898	U:TG[C>A]TA	-1	229544.0	2792118969
JG0139d	21	14822934	N:AC[T>C]CA	1	177036.0	2792296005
JG0139d	21	15139479	N:AA[T>A]TA	1	316545.0	2792612550
JG0139d	21	15270581	N:AC[T>G]TG	1	131102.0	2792743652
JG0139d	21	15318963	N:TC[T>C]CA	1	48382.0	2792792034
JG0139d	21	15381771	N:AC[T>C]TT	1	62808.0	2792854842
JG0139d	21	15537451	N:AC[T>G]TT	1	155680.0	2793010522
JG0139d	21	15579175	N:TT[T>G]TC	-1	41724.0	2793052246
JG0139d	21	16609865	N:AC[T>G]TA	1	1030690.0	2794082936
JG0139d	21	16777993	N:TG[T>C]TA	-1	168128.0	2794251064
JG0139d	21	17670923	N:TC[C>T]GG	-1	892930.0	2795143994
JG0139d	21	17713034	N:AC[T>G]TT	1	42111.0	2795186105
JG0139d	21	17742373	N:TC[T>C]TA	1	29339.0	2795215444
JG0139d	21	17835354	N:GC[T>C]TA	1	92981.0	2795308425
JG0139d	21	17841325	N:AG[T>G]TA	1	5971.0	2795314396
JG0139d	21	18486007	N:AC[T>A]TG	1	644682.0	2795959078
JG0139d	21	19063734	N:AC[T>G]TT	1	577727.0	2796536805
JG0139d	21	19316401	N:TC[T>A]TT	-1	252667.0	2796789472
JG0139d	21	19435996	N:TC[T>C]CC	1	119595.0	2796909067
JG0139d	21	20163444	N:CC[T>G]TG	1	727448.0	2797636515
JG0139d	21	20615334	N:TC[T>A]CA	1	451890.0	2798088405
JG0139d	21	21199934	T:AC[T>G]TA	-1	584600.0	2798673005
JG0139d	21	21277650	U:AC[T>G]TG	1	77716.0	2798750721
JG0139d	21	21379519	U:AG[T>G]TA	1	101869.0	2798852590
JG0139d	21	21415744	U:AC[T>G]AA	1	36225.0	2798888815
JG0139d	21	21522698	U:TC[T>A]CG	1	106954.0	2798995769
JG0139d	21	21580141	N:AC[T>G]CC	1	57443.0	2799053212
JG0139d	21	21601841	N:TC[T>G]TC	1	21700.0	2799074912
JG0139d	21	21626836	N:TC[T>C]TG	1	24995.0	2799099907
JG0139d	21	21864313	N:AG[T>C]TG	1	237477.0	2799337384
JG0139d	21	22195093	N:TG[T>C]CC	1	330780.0	2799668164
JG0139d	21	22210742	N:GG[T>C]CA	1	15649.0	2799683813
JG0139d	21	22352462	N:CC[T>A]TG	1	141720.0	2799825533
JG0139d	21	22487596	N:AC[C>A]AT	1	135134.0	2799960667
JG0139d	21	22649863	N:TC[T>C]GA	1	162267.0	2800122934
JG0139d	21	22768910	N:AC[T>G]TC	1	119047.0	2800241981
JG0139d	21	23094704	N:TC[T>C]CT	1	325794.0	2800567775
JG0139d	21	23103186	N:TC[T>A]TT	1	8482.0	2800576257
JG0139d	21	23250764	N:GC[T>G]TG	1	147578.0	2800723835
JG0139d	21	23271943	N:GC[T>C]CT	1	21179.0	2800745014
JG0139d	21	23274269	N:TT[T>G]TA	-1	2326.0	2800747340
JG0139d	21	23917636	N:GC[T>C]GT	1	643367.0	2801390707
JG0139d	21	24255931	N:GG[C>T]AT	1	338295.0	2801729002
JG0139d	21	24265890	N:AC[T>C]AA	1	9959.0	2801738961
JG0139d	21	24307815	N:GC[T>C]CA	1	41925.0	2801780886
JG0139d	21	24653357	N:AG[T>C]GT	1	345542.0	2802126428
JG0139d	21	24686775	N:TC[T>A]CA	1	33418.0	2802159846
JG0139d	21	24759042	N:TC[T>C]CT	1	72267.0	2802232113
JG0139d	21	25067334	N:GC[T>C]CT	1	308292.0	2802540405
JG0139d	21	25260710	N:AC[T>G]TC	1	193376.0	2802733781
JG0139d	21	25294215	N:GC[T>C]GT	1	33505.0	2802767286
JG0139d	21	26342467	N:AC[T>C]TA	1	1048252.0	2803815538
JG0139d	21	27197476	N:TC[T>G]TG	1	855009.0	2804670547
JG0139d	21	27486957	N:AA[C>A]AT	-1	289481.0	2804960028
JG0139d	21	27496254	N:AC[T>G]TA	1	9297.0	2804969325
JG0139d	21	27506762	N:CA[T>C]TG	-1	10508.0	2804979833
JG0139d	21	27602516	N:GC[T>C]TT	1	95754.0	2805075587
JG0139d	21	27662141	N:CG[T>G]AA	1	59625.0	2805135212
JG0139d	21	27675577	N:AC[T>C]CC	1	13436.0	2805148648
JG0139d	21	27804140	N:AC[T>G]TA	1	128563.0	2805277211
JG0139d	21	28055350	N:TC[T>G]TG	1	251210.0	2805528421
JG0139d	21	28506987	N:TG[T>C]GA	-1	451637.0	2805980058
JG0139d	21	28605413	N:TG[T>G]CA	1	98426.0	2806078484
JG0139d	21	28638824	N:GC[T>G]TG	1	33411.0	2806111895
JG0139d	21	28900313	N:AC[T>G]GC	1	261489.0	2806373384
JG0139d	21	28987103	T:TG[T>C]TG	1	86790.0	2806460174
JG0139d	21	28992957	N:CT[T>G]CC	1	5854.0	2806466028
JG0139d	21	29455653	T:TG[C>A]TC	-1	462696.0	2806928724
JG0139d	21	29583472	B:TC[T>C]TA	-1	127819.0	2807056543
JG0139d	21	30398828	N:TG[T>G]TC	1	815356.0	2807871899
JG0139d	21	30556439	N:TA[T>A]TG	1	157611.0	2808029510
JG0139d	21	30674578	N:AA[T>G]TA	1	118139.0	2808147649
JG0139d	21	30677603	N:TC[T>G]TT	-1	3025.0	2808150674
JG0139d	21	30736068	N:AC[T>G]TG	1	58465.0	2808209139
JG0139d	21	30792126	N:AC[T>C]CT	1	56058.0	2808265197
JG0139d	21	30805274	N:TG[T>G]TA	1	13148.0	2808278345
JG0139d	21	31046348	N:TC[T>C]CA	1	241074.0	2808519419
JG0139d	21	31054162	N:CC[T>C]TG	1	7814.0	2808527233
JG0139d	21	31181707	T:AC[T>C]TA	1	127545.0	2808654778
JG0139d	21	31191907	T:AC[T>G]TG	1	10200.0	2808664978
JG0139d	21	31193470	T:TC[T>A]CA	1	1563.0	2808666541
JG0139d	21	31233384	T:AC[T>G]TA	1	39914.0	2808706455
JG0139d	21	31271302	T:AC[T>G]CA	1	37918.0	2808744373
JG0139d	21	31328700	T:TC[T>A]CC	1	57398.0	2808801771
JG0139d	21	31371382	T:AC[T>G]CA	1	42682.0	2808844453
JG0139d	21	32287529	N:GC[C>G]TG	-1	916147.0	2809760600
JG0139d	21	33181520	N:AC[T>C]GC	1	893991.0	2810654591
JG0139d	21	35044320	T:CC[T>C]CC	1	1862800.0	2812517391
JG0139d	21	35541743	U:AC[T>C]CT	-1	497423.0	2813014814
JG0139d	21	35576209	T:AC[T>G]TC	1	34466.0	2813049280
JG0139d	21	35613809	T:AC[T>G]TC	1	37600.0	2813086880
JG0139d	21	35656742	T:TC[T>A]GG	1	42933.0	2813129813
JG0139d	21	35822859	T:GC[T>C]GA	1	166117.0	2813295930
JG0139d	21	35840677	U:AC[T>G]TA	-1	17818.0	2813313748
JG0139d	21	35853379	T:TC[T>G]CA	1	12702.0	2813326450
JG0139d	21	35996970	T:TC[T>G]TA	1	143591.0	2813470041
JG0139d	21	37337033	N:GG[T>C]CG	1	1340063.0	2814810104
JG0139d	21	37359396	N:CC[T>C]CC	-1	22363.0	2814832467
JG0139d	21	38056981	U:GG[C>A]CC	-1	697585.0	2815530052
JG0139d	21	38218274	U:TC[T>C]CA	1	161293.0	2815691345
JG0139d	21	38233384	U:AC[T>G]TA	1	15110.0	2815706455
JG0139d	21	38335523	N:GC[T>C]TG	1	102139.0	2815808594
JG0139d	21	39194235	T:AC[T>G]TA	1	858712.0	2816667306
JG0139d	21	39203786	T:TC[T>G]TT	1	9551.0	2816676857
JG0139d	21	39246221	T:CC[C>A]AA	1	42435.0	2816719292
JG0139d	21	39794290	T:GC[T>C]CC	-1	548069.0	2817267361
JG0139d	21	39940390	N:AC[T>G]TT	1	146100.0	2817413461
JG0139d	21	39961379	N:CC[T>C]CA	1	20989.0	2817434450
JG0139d	21	39967491	N:AC[T>G]TC	1	6112.0	2817440562
JG0139d	21	40007349	N:AC[T>G]TT	1	39858.0	2817480420
JG0139d	21	40048094	U:AC[T>C]TG	-1	40745.0	2817521165
JG0139d	21	40116660	T:AC[T>A]TG	1	68566.0	2817589731
JG0139d	21	40121473	T:AC[T>C]TC	1	4813.0	2817594544
JG0139d	21	40219105	T:GC[T>G]GT	1	97632.0	2817692176
JG0139d	21	40236639	T:GG[T>C]CA	1	17534.0	2817709710
JG0139d	21	40339954	T:TC[T>G]TC	1	103315.0	2817813025
JG0139d	21	40666554	T:GC[T>C]GC	1	326600.0	2818139625
JG0139d	21	40798280	U:TC[T>C]TT	-1	131726.0	2818271351
JG0139d	21	40860038	N:TC[T>G]CC	1	61758.0	2818333109
JG0139d	21	41103598	N:GA[T>G]TG	1	243560.0	2818576669
JG0139d	21	41115723	N:TG[T>G]TA	1	12125.0	2818588794
JG0139d	21	41263278	U:TC[T>G]TA	1	147555.0	2818736349
JG0139d	21	41277721	T:GC[T>C]CC	-1	14443.0	2818750792
JG0139d	21	41498397	T:GG[T>G]TA	1	220676.0	2818971468
JG0139d	21	41808661	T:CC[T>G]CA	1	310264.0	2819281732
JG0139d	21	42727413	U:CC[T>C]CC	1	918752.0	2820200484
JG0139d	21	45619419	N:GC[T>A]TG	1	2892006.0	2823092490
JG0139d	21	46182925	U:GG[T>C]GG	-1	563506.0	2823655996
JG0139d	21	46300559	U:TC[T>C]TG	-1	117634.0	2823773630
JG0139d	21	46612061	N:TC[T>G]TG	1	311502.0	2824085132
JG0139d	22	16210878	N:GG[T>G]TT	-1		2840393932
JG0139d	22	16590467	N:CC[T>A]CC	-1	379589.0	2840773521
JG0139d	22	16904977	N:TT[T>G]TA	1	314510.0	2841088031
JG0139d	22	17594768	U:TC[T>G]TC	-1	689791.0	2841777822
JG0139d	22	17612015	T:TG[T>G]TG	1	17247.0	2841795069
JG0139d	22	18955823	N:CC[T>A]CC	-1	1343808.0	2843138877
JG0139d	22	19226622	U:GC[T>G]TG	-1	270799.0	2843409676
JG0139d	22	20584275	T:CC[T>C]CA	-1	1357653.0	2844767329
JG0139d	22	20685615	N:GG[T>A]CT	-1	101340.0	2844868669
JG0139d	22	20765188	T:AC[T>C]TA	1	79573.0	2844948242
JG0139d	22	20961317	N:TT[T>G]TT	-1	196129.0	2845144371
JG0139d	22	21023635	U:CT[C>A]CC	1	62318.0	2845206689
JG0139d	22	21659528	N:AA[T>G]TT	-1	635893.0	2845842582
JG0139d	22	22118114	N:TC[T>A]CC	-1	458586.0	2846301168
JG0139d	22	22774780	N:AC[T>C]TG	-1	656666.0	2846957834
JG0139d	22	22858977	N:AC[T>G]TC	-1	84197.0	2847042031
JG0139d	22	23266505	U:TC[T>C]CA	1	407528.0	2847449559
JG0139d	22	23868635	U:GC[T>C]GG	1	602130.0	2848051689
JG0139d	22	23896993	N:GC[T>G]TG	1	28358.0	2848080047
JG0139d	22	23897700	N:CC[T>A]CC	1	707.0	2848080754
JG0139d	22	23993598	N:TT[T>G]TC	1	95898.0	2848176652
JG0139d	22	24309011	T:AC[T>G]TA	-1	315413.0	2848492065
JG0139d	22	24989782	T:AA[T>C]TG	-1	680771.0	2849172836
JG0139d	22	25729893	N:TC[T>C]TG	1	740111.0	2849912947
JG0139d	22	25937511	T:TC[T>C]TA	-1	207618.0	2850120565
JG0139d	22	25998817	T:TC[T>C]CA	-1	61306.0	2850181871
JG0139d	22	26101895	N:GA[C>A]AA	-1	103078.0	2850284949
JG0139d	22	26242526	T:AC[T>G]TT	-1	140631.0	2850425580
JG0139d	22	26326735	U:AG[T>G]CA	1	84209.0	2850509789
JG0139d	22	26378885	U:TG[T>G]TA	1	52150.0	2850561939
JG0139d	22	26859471	N:TT[C>A]CC	1	480586.0	2851042525
JG0139d	22	27073267	N:TG[T>G]CA	-1	213796.0	2851256321
JG0139d	22	27778168	U:GC[T>C]GG	-1	704901.0	2851961222
JG0139d	22	28132370	T:TC[T>C]CA	1	354202.0	2852315424
JG0139d	22	29026299	U:TC[T>G]CC	1	893929.0	2853209353
JG0139d	22	29130959	U:AC[T>C]GC	1	104660.0	2853314013
JG0139d	22	29479901	N:CC[T>C]CT	1	348942.0	2853662955
JG0139d	22	29668207	U:AC[T>C]CT	1	188306.0	2853851261
JG0139d	22	29686782	U:AC[T>G]AG	1	18575.0	2853869836
JG0139d	22	29768877	U:CC[T>G]TA	1	82095.0	2853951931
JG0139d	22	30331377	N:TG[T>C]TG	1	562500.0	2854514431
JG0139d	22	30339323	T:GC[T>G]TT	1	7946.0	2854522377
JG0139d	22	30395316	T:GC[T>G]TC	1	55993.0	2854578370
JG0139d	22	30463383	T:TC[T>G]CT	1	68067.0	2854646437
JG0139d	22	30610940	U:GC[T>G]TT	1	147557.0	2854793994
JG0139d	22	31071731	U:TC[T>C]GA	1	460791.0	2855254785
JG0139d	22	31703491	T:AG[T>G]TG	1	631760.0	2855886545
JG0139d	22	32797867	U:CC[T>C]CT	-1	1094376.0	2856980921
JG0139d	22	33461393	T:AC[T>A]CA	1	663526.0	2857644447
JG0139d	22	33487098	T:AG[C>A]TT	1	25705.0	2857670152
JG0139d	22	33773578	T:TC[T>G]TG	1	286480.0	2857956632
JG0139d	22	34269654	N:TC[T>A]CA	1	496076.0	2858452708
JG0139d	22	34387808	N:TG[T>G]TC	1	118154.0	2858570862
JG0139d	22	34465390	N:AC[T>C]TG	1	77582.0	2858648444
JG0139d	22	34509431	N:AG[T>C]TG	1	44041.0	2858692485
JG0139d	22	34653497	N:TC[T>A]CA	1	144066.0	2858836551
JG0139d	22	34778216	N:TC[T>C]TA	1	124719.0	2858961270
JG0139d	22	34972567	N:GC[T>C]CT	-1	194351.0	2859155621
JG0139d	22	35184229	N:AC[T>C]TT	-1	211662.0	2859367283
JG0139d	22	35446067	N:TC[T>C]CT	1	261838.0	2859629121
JG0139d	22	36122856	N:TG[T>G]TT	-1	676789.0	2860305910
JG0139d	22	37676722	U:TC[T>C]GC	1	1553866.0	2861859776
JG0139d	22	38421359	N:GG[T>C]TT	1	744637.0	2862604413
JG0139d	22	39373975	U:CC[T>C]TG	1	952616.0	2863557029
JG0139d	22	39857902	T:TC[T>C]TT	1	483927.0	2864040956
JG0139d	22	40909890	U:AC[T>C]CT	1	1051988.0	2865092944
JG0139d	22	40999296	N:TG[T>G]TT	1	89406.0	2865182350
JG0139d	22	41480849	U:GC[T>C]CT	1	481553.0	2865663903
JG0139d	22	43378828	N:TC[T>G]TA	-1	1897979.0	2867561882
JG0139d	22	44202933	T:CC[T>C]CC	-1	824105.0	2868385987
JG0139d	22	44515952	N:TC[T>G]TT	1	313019.0	2868699006
JG0139d	22	44619032	N:GC[T>C]CC	-1	103080.0	2868802086
JG0139d	22	44631135	N:CC[T>G]GG	1	12103.0	2868814189
JG0139d	22	44868591	N:CA[C>A]TG	-1	237456.0	2869051645
JG0139d	22	44916779	U:TC[T>C]CA	-1	48188.0	2869099833
JG0139d	22	45536597	U:TC[T>C]CT	1	619818.0	2869719651
JG0139d	22	45544337	U:CC[T>G]CG	1	7740.0	2869727391
JG0139d	22	46318176	U:TC[T>A]TG	1	773839.0	2870501230
JG0139d	22	46826326	T:AC[T>G]TG	-1	508150.0	2871009380
JG0139d	22	47086400	T:GC[T>C]CA	-1	260074.0	2871269454
JG0139d	22	47171775	U:GC[T>G]TT	1	85375.0	2871354829
JG0139d	22	47240101	N:AC[T>A]TT	1	68326.0	2871423155
JG0139d	22	47705389	N:TC[T>C]CC	1	465288.0	2871888443
JG0139d	22	48241377	N:TG[T>G]TC	-1	535988.0	2872424431
JG0139d	22	48256326	N:CC[T>A]CT	1	14949.0	2872439380
JG0139d	22	48609318	T:TC[T>G]TA	-1	352992.0	2872792372
JG0139d	22	48708856	U:CC[T>G]TC	1	99538.0	2872891910
JG0139d	22	48711752	T:TC[T>C]GA	-1	2896.0	2872894806
JG0139d	22	48777536	T:TC[T>C]TT	-1	65784.0	2872960590
JG0139d	22	48886126	N:GC[T>C]GA	1	108590.0	2873069180
JG0139d	22	48886185	N:TC[T>G]CG	1	59.0	2873069239
JG0139d	22	48933492	N:GG[T>A]TT	1	47307.0	2873116546
JG0139d	22	49678764	N:CC[T>G]TC	-1	745272.0	2873861818
JG0139d	22	50145174	U:TC[T>C]CA	1	466410.0	2874328228
JG0139d	X	3259936	N:AT[C>G]CA	1		2878261458
JG0139d	X	4039331	N:TC[T>G]TA	1	779395.0	2879040853
JG0139d	X	4148274	N:GC[T>A]TG	-1	108943.0	2879149796
JG0139d	X	5316385	N:CC[C>A]AT	-1	1168111.0	2880317907
JG0139d	X	6565239	N:TC[T>C]CA	1	1248854.0	2881566761
JG0139d	X	7436947	N:AC[T>A]CG	1	871708.0	2882438469
JG0139d	X	7457278	N:AC[T>G]TA	1	20331.0	2882458800
JG0139d	X	7632722	N:AC[T>A]TC	-1	175444.0	2882634244
JG0139d	X	7889414	N:GC[T>G]TC	1	256692.0	2882890936
JG0139d	X	7899255	U:AC[T>C]CT	-1	9841.0	2882900777
JG0139d	X	7923377	T:CC[T>C]CC	1	24122.0	2882924899
JG0139d	X	8122757	N:CC[T>G]CA	1	199380.0	2883124279
JG0139d	X	8172051	N:TC[T>G]CC	1	49294.0	2883173573
JG0139d	X	8941621	N:AC[T>C]GA	1	769570.0	2883943143
JG0139d	X	9078112	N:GC[T>A]GG	1	136491.0	2884079634
JG0139d	X	9090337	N:TC[T>G]TC	1	12225.0	2884091859
JG0139d	X	9140871	N:AC[T>C]TA	1	50534.0	2884142393
JG0139d	X	9179812	N:AA[C>A]TC	1	38941.0	2884181334
JG0139d	X	9827883	U:GC[T>C]TT	1	648071.0	2884829405
JG0139d	X	10418517	N:GC[T>G]TT	1	590634.0	2885420039
JG0139d	X	11047035	N:GC[T>G]TC	1	628518.0	2886048557
JG0139d	X	11667655	N:TG[T>G]TG	1	620620.0	2886669177
JG0139d	X	11864670	N:AC[T>C]TC	1	197015.0	2886866192
JG0139d	X	11887796	N:AC[T>G]TT	1	23126.0	2886889318
JG0139d	X	12152558	T:TT[T>C]CA	-1	264762.0	2887154080
JG0139d	X	12602229	U:TC[T>C]TC	1	449671.0	2887603751
JG0139d	X	13102454	N:AT[C>A]TC	1	500225.0	2888103976
JG0139d	X	13203312	N:CC[T>C]CA	-1	100858.0	2888204834
JG0139d	X	13631737	T:TC[T>A]CA	-1	428425.0	2888633259
JG0139d	X	14225933	N:GC[T>C]TC	1	594196.0	2889227455
JG0139d	X	14381725	N:AC[T>G]TG	1	155792.0	2889383247
JG0139d	X	14501322	N:GG[T>C]GG	1	119597.0	2889502844
JG0139d	X	14506580	N:TC[T>C]CC	1	5258.0	2889508102
JG0139d	X	14579843	U:AC[T>G]TG	1	73263.0	2889581365
JG0139d	X	14677549	U:AC[T>A]CC	1	97706.0	2889679071
JG0139d	X	14805928	N:CC[T>G]TG	1	128379.0	2889807450
JG0139d	X	14931640	N:TC[T>C]TG	1	125712.0	2889933162
JG0139d	X	14945231	N:TC[T>C]CA	1	13591.0	2889946753
JG0139d	X	15961193	N:AG[T>G]TG	1	1015962.0	2890962715
JG0139d	X	16663617	U:AC[T>A]CC	-1	702424.0	2891665139
JG0139d	X	18820921	U:AC[T>G]TA	1	2157304.0	2893822443
JG0139d	X	19350516	U:CC[T>C]TG	1	529595.0	2894352038
JG0139d	X	20797432	N:AC[T>C]TT	1	1446916.0	2895798954
JG0139d	X	21245592	N:AC[T>G]TA	1	448160.0	2896247114
JG0139d	X	21468158	U:TC[T>C]CT	1	222566.0	2896469680
JG0139d	X	21480491	U:AG[T>C]CA	1	12333.0	2896482013
JG0139d	X	21548245	U:CA[C>A]TG	1	67754.0	2896549767
JG0139d	X	21612104	U:CC[T>G]TA	1	63859.0	2896613626
JG0139d	X	21811622	N:GC[C>A]TA	-1	199518.0	2896813144
JG0139d	X	22216587	U:TC[T>G]CA	1	404965.0	2897218109
JG0139d	X	22380923	N:GG[T>A]TT	1	164336.0	2897382445
JG0139d	X	22478077	N:AA[T>G]TA	1	97154.0	2897479599
JG0139d	X	22569744	N:AC[T>G]TG	1	91667.0	2897571266
JG0139d	X	22604000	N:AC[T>C]TG	1	34256.0	2897605522
JG0139d	X	22622871	N:TC[T>G]TA	1	18871.0	2897624393
JG0139d	X	22673124	N:GT[C>A]TA	-1	50253.0	2897674646
JG0139d	X	22890233	N:TA[T>G]TT	1	217109.0	2897891755
JG0139d	X	22921709	N:AC[T>G]TT	1	31476.0	2897923231
JG0139d	X	22970250	N:TT[T>G]TA	1	48541.0	2897971772
JG0139d	X	22988429	N:AC[T>C]CA	1	18179.0	2897989951
JG0139d	X	23068064	N:TC[T>G]TG	1	79635.0	2898069586
JG0139d	X	23158426	N:TC[T>C]CG	1	90362.0	2898159948
JG0139d	X	23183526	N:AG[T>A]TT	1	25100.0	2898185048
JG0139d	X	23197322	N:CC[T>G]TT	1	13796.0	2898198844
JG0139d	X	23297520	N:GC[T>C]CA	1	100198.0	2898299042
JG0139d	X	25322453	N:AC[T>G]TT	1	2024933.0	2900323975
JG0139d	X	25325805	N:AG[T>G]TG	1	3352.0	2900327327
JG0139d	X	25378836	N:AC[T>G]TG	1	53031.0	2900380358
JG0139d	X	25849651	N:TC[T>C]CT	1	470815.0	2900851173
JG0139d	X	26199238	N:AC[T>C]GA	1	349587.0	2901200760
JG0139d	X	26238898	N:TC[T>C]TG	1	39660.0	2901240420
JG0139d	X	26568124	N:GC[T>C]CA	1	329226.0	2901569646
JG0139d	X	26603480	N:TC[T>C]CA	1	35356.0	2901605002
JG0139d	X	26846228	N:AG[T>C]TG	1	242748.0	2901847750
JG0139d	X	27318014	N:CA[C>A]AT	1	471786.0	2902319536
JG0139d	X	27318015	N:GA[T>A]GT	-1	1.0	2902319537
JG0139d	X	27440517	N:GC[T>C]TC	1	122502.0	2902442039
JG0139d	X	29485343	U:AC[T>G]TG	1	2044826.0	2904486865
JG0139d	X	30044788	N:CA[C>G]TC	1	559445.0	2905046310
JG0139d	X	30234395	U:AC[T>G]TC	1	189607.0	2905235917
JG0139d	X	30344957	N:AG[T>G]TT	1	110562.0	2905346479
JG0139d	X	31505389	T:AC[T>C]TG	1	1160432.0	2906506911
JG0139d	X	31786532	T:CC[T>G]CA	1	281143.0	2906788054
JG0139d	X	31847078	T:AG[T>C]CA	1	60546.0	2906848600
JG0139d	X	32120323	T:TC[T>A]GG	1	273245.0	2907121845
JG0139d	X	32927216	T:AC[T>C]CT	1	806893.0	2907928738
JG0139d	X	33015441	T:AC[T>G]TA	1	88225.0	2908016963
JG0139d	X	33334116	T:GA[T>G]TA	1	318675.0	2908335638
JG0139d	X	33545681	N:AC[T>G]CA	1	211565.0	2908547203
JG0139d	X	33558470	N:AC[T>C]GT	1	12789.0	2908559992
JG0139d	X	33581126	N:TC[T>C]CT	1	22656.0	2908582648
JG0139d	X	33653302	N:TC[T>C]TA	1	72176.0	2908654824
JG0139d	X	33710027	N:AC[T>C]TT	1	56725.0	2908711549
JG0139d	X	33783949	N:TC[T>A]TA	1	73922.0	2908785471
JG0139d	X	33824090	N:TC[T>G]TA	1	40141.0	2908825612
JG0139d	X	34268699	N:GC[T>G]TT	1	444609.0	2909270221
JG0139d	X	34294844	N:TC[T>A]CC	1	26145.0	2909296366
JG0139d	X	35343947	N:TC[T>G]TC	1	1049103.0	2910345469
JG0139d	X	35414965	N:TG[T>C]CT	1	71018.0	2910416487
JG0139d	X	35638545	N:AC[T>G]CT	1	223580.0	2910640067
JG0139d	X	38435815	U:TC[T>A]TA	1	2797270.0	2913437337
JG0139d	X	38532282	U:AC[T>C]CT	1	96467.0	2913533804
JG0139d	X	38554261	U:TC[T>A]CA	1	21979.0	2913555783
JG0139d	X	38704524	N:TG[T>C]GG	1	150263.0	2913706046
JG0139d	X	38808667	N:TT[C>T]TT	1	104143.0	2913810189
JG0139d	X	39433655	N:AC[T>G]CA	1	624988.0	2914435177
JG0139d	X	40507595	N:GC[T>C]TC	-1	1073940.0	2915509117
JG0139d	X	41311321	N:TT[T>C]TT	-1	803726.0	2916312843
JG0139d	X	47077147	N:CC[T>C]CA	-1	5765826.0	2922078669
JG0139d	X	48998112	U:TC[T>A]TG	-1	1920965.0	2923999634
JG0139d	X	49027309	N:AC[T>C]CC	-1	29197.0	2924028831
JG0139d	X	49698175	N:AC[T>G]TG	1	670866.0	2924699697
JG0139d	X	50201258	N:TG[T>G]TG	1	503083.0	2925202780
JG0139d	X	50810553	U:AC[T>G]TG	-1	609295.0	2925812075
JG0139d	X	51339421	N:TC[T>C]TA	1	528868.0	2926340943
JG0139d	X	51444085	N:TC[T>C]TA	1	104664.0	2926445607
JG0139d	X	52231193	N:AC[T>G]CG	1	787108.0	2927232715
JG0139d	X	52279798	N:TC[T>C]TG	1	48605.0	2927281320
JG0139d	X	53013314	N:TC[T>A]CA	-1	733516.0	2928014836
JG0139d	X	53057184	T:CC[T>C]CA	-1	43870.0	2928058706
JG0139d	X	54175083	T:AC[T>C]CC	1	1117899.0	2929176605
JG0139d	X	54481469	U:GA[T>A]CA	-1	306386.0	2929482991
JG0139d	X	55096610	N:AC[T>G]TA	1	615141.0	2930098132
JG0139d	X	55373996	N:TC[T>A]TG	1	277386.0	2930375518
JG0139d	X	55602040	N:CC[T>G]AC	-1	228044.0	2930603562
JG0139d	X	55641534	N:GA[T>C]TA	1	39494.0	2930643056
JG0139d	X	55711681	N:TC[T>A]TA	1	70147.0	2930713203
JG0139d	X	55851979	N:AC[T>G]TA	1	140298.0	2930853501
JG0139d	X	56054033	N:TC[T>C]GC	1	202054.0	2931055555
JG0139d	X	56125402	N:AC[T>C]TT	1	71369.0	2931126924
JG0139d	X	56252123	U:TC[T>A]TG	1	126721.0	2931253645
JG0139d	X	56351575	N:AC[T>G]TC	1	99452.0	2931353097
JG0139d	X	56802183	U:GG[T>G]CA	1	450608.0	2931803705
JG0139d	X	56821545	N:AC[T>C]TG	1	19362.0	2931823067
JG0139d	X	57398455	U:TC[T>C]TA	1	576910.0	2932399977
JG0139d	X	57430380	T:AT[C>G]TT	-1	31925.0	2932431902
JG0139d	X	57440956	U:AC[T>G]TG	1	10576.0	2932442478
JG0139d	X	57551431	N:AC[T>G]TA	1	110475.0	2932552953
JG0139d	X	57636639	N:AC[T>C]CT	1	85208.0	2932638161
JG0139d	X	57676314	N:TC[T>A]CA	1	39675.0	2932677836
JG0139d	X	57840988	N:AG[T>C]CT	1	164674.0	2932842510
JG0139d	X	58044930	N:GG[T>G]TA	1	203942.0	2933046452
JG0139d	X	58085510	N:TC[T>G]CA	1	40580.0	2933087032
JG0139d	X	58387840	N:AC[T>C]TT	1	302330.0	2933389362
JG0139d	X	62552131	N:AC[T>A]TG	1	4164291.0	2937553653
JG0139d	X	62684990	N:TC[T>C]CA	1	132859.0	2937686512
JG0139d	X	62798367	N:AC[T>C]CA	1	113377.0	2937799889
JG0139d	X	62911543	N:TC[T>G]TA	1	113176.0	2937913065
JG0139d	X	63066938	N:AC[T>G]CA	1	155395.0	2938068460
JG0139d	X	63076578	N:TC[T>C]CA	1	9640.0	2938078100
JG0139d	X	63662206	U:TC[T>C]TG	-1	585628.0	2938663728
JG0139d	X	63737926	T:GG[C>A]TA	1	75720.0	2938739448
JG0139d	X	64741374	N:CC[T>C]CC	1	1003448.0	2939742896
JG0139d	X	65167341	N:GA[T>G]CA	1	425967.0	2940168863
JG0139d	X	65374861	N:TC[T>A]TG	1	207520.0	2940376383
JG0139d	X	65820284	N:TC[T>A]CA	1	445423.0	2940821806
JG0139d	X	65999361	N:CC[T>C]CA	1	179077.0	2941000883
JG0139d	X	66195042	U:CC[T>G]TC	1	195681.0	2941196564
JG0139d	X	66326076	N:CC[T>G]TC	1	131034.0	2941327598
JG0139d	X	66356149	N:TA[C>T]TA	1	30073.0	2941357671
JG0139d	X	66432993	N:CC[T>C]CA	1	76844.0	2941434515
JG0139d	X	66942903	N:TC[T>G]CA	1	509910.0	2941944425
JG0139d	X	67900004	N:TC[T>G]TA	1	957101.0	2942901526
JG0139d	X	68030905	N:AC[T>G]TG	-1	130901.0	2943032427
JG0139d	X	68459258	N:TG[T>G]TA	-1	428353.0	2943460780
JG0139d	X	69973833	U:GC[T>C]TA	1	1514575.0	2944975355
JG0139d	X	71009278	N:GG[C>A]TT	1	1035445.0	2946010800
JG0139d	X	71243077	U:GC[T>C]GG	-1	233799.0	2946244599
JG0139d	X	71530381	N:TC[T>C]TG	-1	287304.0	2946531903
JG0139d	X	72250892	T:GG[T>C]GG	-1	720511.0	2947252414
JG0139d	X	72382744	U:TC[T>C]CC	-1	131852.0	2947384266
JG0139d	X	73325725	N:TC[T>C]TT	1	942981.0	2948327247
JG0139d	X	73365708	N:TC[T>G]TG	1	39983.0	2948367230
JG0139d	X	75615762	N:TC[T>C]TA	1	2250054.0	2950617284
JG0139d	X	75711379	N:GC[T>G]TT	1	95617.0	2950712901
JG0139d	X	75751563	N:TC[T>A]GC	1	40184.0	2950753085
JG0139d	X	75755714	N:AC[T>G]AG	1	4151.0	2950757236
JG0139d	X	75759720	N:AC[T>C]TC	1	4006.0	2950761242
JG0139d	X	75949510	N:GG[C>A]AA	1	189790.0	2950951032
JG0139d	X	76061650	N:TC[T>C]CA	1	112140.0	2951063172
JG0139d	X	76841240	N:AC[T>C]TA	1	779590.0	2951842762
JG0139d	X	76934031	N:GC[T>C]CA	1	92791.0	2951935553
JG0139d	X	76940745	N:GT[C>A]TT	-1	6714.0	2951942267
JG0139d	X	76942992	N:AC[T>A]TA	1	2247.0	2951944514
JG0139d	X	76959281	N:GC[T>C]CT	1	16289.0	2951960803
JG0139d	X	77727078	U:TG[T>G]TT	-1	767797.0	2952728600
JG0139d	X	78687829	N:AC[T>G]CA	1	960751.0	2953689351
JG0139d	X	80248124	N:GG[T>C]CA	1	1560295.0	2955249646
JG0139d	X	80283425	N:CC[T>A]TG	1	35301.0	2955284947
JG0139d	X	80470392	N:TC[T>G]TA	1	186967.0	2955471914
JG0139d	X	80631628	N:GC[T>G]TA	1	161236.0	2955633150
JG0139d	X	80913676	N:AC[T>G]TC	1	282048.0	2955915198
JG0139d	X	80913878	N:TC[T>A]TA	1	202.0	2955915400
JG0139d	X	80967109	N:TC[T>A]TT	1	53231.0	2955968631
JG0139d	X	81336295	N:CC[T>C]TT	1	369186.0	2956337817
JG0139d	X	81612936	N:AC[T>G]TA	1	276641.0	2956614458
JG0139d	X	82011007	N:TC[T>G]TA	1	398071.0	2957012529
JG0139d	X	82152410	N:TC[T>C]CG	1	141403.0	2957153932
JG0139d	X	82828655	N:TT[T>G]TC	1	676245.0	2957830177
JG0139d	X	83331622	N:AT[T>A]TT	-1	502967.0	2958333144
JG0139d	X	83386702	N:AC[T>G]CC	1	55080.0	2958388224
JG0139d	X	83617543	N:CT[C>G]AA	-1	230841.0	2958619065
JG0139d	X	83628082	N:GC[T>G]TA	1	10539.0	2958629604
JG0139d	X	83791537	N:TT[T>G]TA	1	163455.0	2958793059
JG0139d	X	83875263	U:AC[T>C]TA	1	83726.0	2958876785
JG0139d	X	84107256	T:GC[T>C]TA	1	231993.0	2959108778
JG0139d	X	85466698	N:TC[T>G]TA	1	1359442.0	2960468220
JG0139d	X	86357367	U:AG[T>G]TT	1	890669.0	2961358889
JG0139d	X	86403110	U:TC[T>G]TA	1	45743.0	2961404632
JG0139d	X	86486035	U:AC[T>C]TA	1	82925.0	2961487557
JG0139d	X	87042236	N:AC[T>G]TA	1	556201.0	2962043758
JG0139d	X	87755336	N:TC[T>G]TA	-1	713100.0	2962756858
JG0139d	X	87994888	N:TC[T>G]TT	1	239552.0	2962996410
JG0139d	X	88007197	N:TC[T>A]CT	1	12309.0	2963008719
JG0139d	X	88007351	N:TC[T>G]TT	1	154.0	2963008873
JG0139d	X	88493849	N:CC[T>C]CA	1	486498.0	2963495371
JG0139d	X	88630816	N:AC[T>C]TA	1	136967.0	2963632338
JG0139d	X	89626137	N:TG[T>A]GC	-1	995321.0	2964627659
JG0139d	X	90013874	N:AC[T>C]TA	1	387737.0	2965015396
JG0139d	X	90209961	N:TC[T>C]CA	1	196087.0	2965211483
JG0139d	X	91141296	N:TC[T>A]TT	1	931335.0	2966142818
JG0139d	X	91337133	N:TC[T>C]GG	1	195837.0	2966338655
JG0139d	X	91661806	N:TC[T>C]CT	1	324673.0	2966663328
JG0139d	X	92043826	U:TC[T>C]TG	1	382020.0	2967045348
JG0139d	X	92133399	U:AC[T>C]CT	1	89573.0	2967134921
JG0139d	X	92224964	U:TC[T>C]TT	1	91565.0	2967226486
JG0139d	X	92467899	U:TC[T>A]TG	1	242935.0	2967469421
JG0139d	X	92954189	N:GG[T>A]TG	1	486290.0	2967955711
JG0139d	X	93010729	N:TC[T>C]TG	1	56540.0	2968012251
JG0139d	X	93260594	N:TC[T>C]CC	1	249865.0	2968262116
JG0139d	X	93335527	N:GC[T>G]CA	-1	74933.0	2968337049
JG0139d	X	93335620	N:TG[T>A]TG	1	93.0	2968337142
JG0139d	X	93435126	N:GC[T>G]TA	1	99506.0	2968436648
JG0139d	X	93483938	N:AC[T>C]AA	1	48812.0	2968485460
JG0139d	X	93499426	N:AC[T>A]TA	1	15488.0	2968500948
JG0139d	X	93509728	N:AG[T>G]TA	-1	10302.0	2968511250
JG0139d	X	93562315	N:GG[T>A]GG	1	52587.0	2968563837
JG0139d	X	93565861	N:GC[T>G]TA	1	3546.0	2968567383
JG0139d	X	93664892	N:AC[T>A]TA	1	99031.0	2968666414
JG0139d	X	93863857	N:AC[T>G]TA	1	198965.0	2968865379
JG0139d	X	93866755	N:GC[T>C]CA	1	2898.0	2968868277
JG0139d	X	93968695	N:AC[T>G]GA	1	101940.0	2968970217
JG0139d	X	94675851	N:AC[T>C]CA	1	707156.0	2969677373
JG0139d	X	94786974	N:AC[T>A]CT	1	111123.0	2969788496
JG0139d	X	94854700	N:GC[T>A]CA	1	67726.0	2969856222
JG0139d	X	95141296	N:TA[T>G]GA	-1	286596.0	2970142818
JG0139d	X	95370309	N:TC[T>G]TA	1	229013.0	2970371831
JG0139d	X	97025927	U:AC[T>C]CT	1	1655618.0	2972027449
JG0139d	X	97097387	U:GC[T>C]TA	1	71460.0	2972098909
JG0139d	X	97111855	U:AC[T>C]TA	1	14468.0	2972113377
JG0139d	X	97151425	U:GC[T>C]GT	1	39570.0	2972152947
JG0139d	X	97630410	N:AC[T>G]TT	1	478985.0	2972631932
JG0139d	X	99210528	N:TC[T>C]TA	1	1580118.0	2974212050
JG0139d	X	99445600	N:CC[T>C]CA	1	235072.0	2974447122
JG0139d	X	99641876	N:GC[T>G]TT	1	196276.0	2974643398
JG0139d	X	99738484	N:AG[T>G]TG	1	96608.0	2974740006
JG0139d	X	99831973	N:AC[T>G]TA	1	93489.0	2974833495
JG0139d	X	99956281	N:TT[T>G]TT	-1	124308.0	2974957803
JG0139d	X	100150859	N:TC[T>C]CA	1	194578.0	2975152381
JG0139d	X	102075906	N:GC[T>G]TG	-1	1925047.0	2977077428
JG0139d	X	102546908	N:TC[T>G]TT	1	471002.0	2977548430
JG0139d	X	102726493	U:CC[T>G]TC	1	179585.0	2977728015
JG0139d	X	102933333	N:GC[T>C]CA	1	206840.0	2977934855
JG0139d	X	103254061	U:GG[T>A]CT	-1	320728.0	2978255583
JG0139d	X	103944165	U:AC[T>C]TA	1	690104.0	2978945687
JG0139d	X	104616338	T:GC[T>C]TG	-1	672173.0	2979617860
JG0139d	X	105160361	U:TC[T>A]TC	1	544023.0	2980161883
JG0139d	X	105219935	B:TC[T>G]TA	1	59574.0	2980221457
JG0139d	X	105745713	U:TC[T>C]CA	1	525778.0	2980747235
JG0139d	X	106009895	N:GC[T>C]CA	1	264182.0	2981011417
JG0139d	X	106175684	U:AC[T>A]TT	1	165789.0	2981177206
JG0139d	X	106384091	N:AT[C>G]CT	1	208407.0	2981385613
JG0139d	X	106531742	N:TC[T>A]TG	1	147651.0	2981533264
JG0139d	X	107124610	T:GC[T>G]TT	1	592868.0	2982126132
JG0139d	X	107619201	N:TC[T>A]CA	1	494591.0	2982620723
JG0139d	X	107651574	N:TC[T>C]AG	-1	32373.0	2982653096
JG0139d	X	107768923	U:AC[T>G]TT	-1	117349.0	2982770445
JG0139d	X	107904564	U:AC[T>C]TA	1	135641.0	2982906086
JG0139d	X	108419057	U:TC[T>G]TA	-1	514493.0	2983420579
JG0139d	X	109686608	T:GC[T>A]TT	1	1267551.0	2984688130
JG0139d	X	113233510	N:TC[T>A]CA	1	3546902.0	2988235032
JG0139d	X	113425453	N:TT[C>A]TC	1	191943.0	2988426975
JG0139d	X	113968627	N:TC[T>C]GA	1	543174.0	2988970149
JG0139d	X	115368765	N:AC[T>G]TA	-1	1400138.0	2990370287
JG0139d	X	115569987	T:AC[T>C]CC	-1	201222.0	2990571509
JG0139d	X	116538160	N:AG[T>G]TA	1	968173.0	2991539682
JG0139d	X	117957325	T:GC[T>C]TG	1	1419165.0	2992958847
JG0139d	X	119068906	N:AC[T>G]AT	-1	1111581.0	2994070428
JG0139d	X	119146804	U:AC[T>A]CA	-1	77898.0	2994148326
JG0139d	X	119261481	N:AC[T>G]CT	1	114677.0	2994263003
JG0139d	X	119660720	U:TA[T>G]TG	-1	399239.0	2994662242
JG0139d	X	119761365	N:TC[T>C]AG	-1	100645.0	2994762887
JG0139d	X	120234326	N:TC[T>C]GA	1	472961.0	2995235848
JG0139d	X	120239773	N:AC[T>G]CC	-1	5447.0	2995241295
JG0139d	X	120290593	U:CC[T>G]AA	-1	50820.0	2995292115
JG0139d	X	120330976	N:AC[T>G]CT	-1	40383.0	2995332498
JG0139d	X	120412308	N:GC[T>G]TC	-1	81332.0	2995413830
JG0139d	X	120431644	U:GG[T>G]TA	-1	19336.0	2995433166
JG0139d	X	120431953	U:AC[T>G]TA	-1	309.0	2995433475
JG0139d	X	120677205	N:CC[T>G]TA	1	245252.0	2995678727
JG0139d	X	121278591	N:AC[T>C]CA	1	601386.0	2996280113
JG0139d	X	122187921	N:AG[T>G]TA	1	909330.0	2997189443
JG0139d	X	123048300	N:TC[T>G]CG	-1	860379.0	2998049822
JG0139d	X	123332484	T:AG[T>A]CT	-1	284184.0	2998334006
JG0139d	X	123488634	T:TC[T>G]TG	-1	156150.0	2998490156
JG0139d	X	124704967	U:TC[T>G]TG	-1	1216333.0	2999706489
JG0139d	X	125888268	N:TT[T>A]AA	1	1183301.0	3000889790
JG0139d	X	126502062	N:TC[T>G]TG	1	613794.0	3001503584
JG0139d	X	128888900	N:TA[C>A]CC	-1	2386838.0	3003890422
JG0139d	X	128964309	N:AC[T>G]TT	1	75409.0	3003965831
JG0139d	X	129277280	N:TC[T>A]AA	-1	312971.0	3004278802
JG0139d	X	129295679	N:TG[T>G]TG	-1	18399.0	3004297201
JG0139d	X	129875343	N:TC[T>C]CT	-1	579664.0	3004876865
JG0139d	X	130495739	N:CC[T>G]GG	-1	620396.0	3005497261
JG0139d	X	131393537	T:GC[T>G]TT	1	897798.0	3006395059
JG0139d	X	132989051	N:AC[T>G]TT	-1	1595514.0	3007990573
JG0139d	X	133251283	N:GC[T>C]TT	-1	262232.0	3008252805
JG0139d	X	133364638	U:AA[T>G]TA	-1	113355.0	3008366160
JG0139d	X	134078491	N:TC[T>C]CT	-1	713853.0	3009080013
JG0139d	X	134234771	N:AC[T>C]CA	1	156280.0	3009236293
JG0139d	X	134708001	N:GT[T>G]CA	-1	473230.0	3009709523
JG0139d	X	134807752	T:CC[T>G]CC	-1	99751.0	3009809274
JG0139d	X	134985616	N:CG[T>G]TA	-1	177864.0	3009987138
JG0139d	X	135360051	T:AA[T>G]TT	-1	374435.0	3010361573
JG0139d	X	135362496	T:CC[T>G]TG	-1	2445.0	3010364018
JG0139d	X	135660364	N:GG[T>A]TG	1	297868.0	3010661886
JG0139d	X	136517458	N:CC[T>G]TG	-1	857094.0	3011518980
JG0139d	X	136599539	N:AC[T>G]CA	-1	82081.0	3011601061
JG0139d	X	136663972	N:AG[T>G]TA	1	64433.0	3011665494
JG0139d	X	136888534	N:CC[T>G]CA	-1	224562.0	3011890056
JG0139d	X	136908487	N:AC[T>C]CA	-1	19953.0	3011910009
JG0139d	X	136949428	N:CC[T>G]TC	-1	40941.0	3011950950
JG0139d	X	137151302	N:AC[T>C]CT	-1	201874.0	3012152824
JG0139d	X	137214559	N:TC[T>C]TG	-1	63257.0	3012216081
JG0139d	X	140146567	N:AC[T>G]TG	-1	2932008.0	3015148089
JG0139d	X	140383443	N:AT[T>G]TA	-1	236876.0	3015384965
JG0139d	X	144846124	N:AC[T>C]TT	1	4462681.0	3019847646
JG0139d	X	144937914	N:GT[T>A]CA	1	91790.0	3019939436
JG0139d	X	145168524	N:AC[T>G]TA	1	230610.0	3020170046
JG0139d	X	145175164	N:AA[T>C]TG	1	6640.0	3020176686
JG0139d	X	145206178	N:AG[T>G]TC	-1	31014.0	3020207700
JG0139d	X	146860451	N:GT[C>A]TT	-1	1654273.0	3021861973
JG0139d	X	148036860	N:CA[T>G]TG	-1	1176409.0	3023038382
JG0139d	X	148254855	N:GC[T>G]TG	-1	217995.0	3023256377
JG0139d	X	148436858	N:GC[T>G]TA	-1	182003.0	3023438380
JG0139d	X	151105428	N:GC[T>G]TT	-1	2668570.0	3026106950
JG0139d	X	151232408	N:GA[T>G]CT	-1	126980.0	3026233930
JG0139d	X	151376703	N:TC[T>C]GT	1	144295.0	3026378225
JG0139d	X	151683343	N:TG[T>C]TG	1	306640.0	3026684865
JG0139d	X	151896939	N:AC[T>C]GT	1	213596.0	3026898461
JG0139d	X	152149828	N:CC[T>C]TG	1	252889.0	3027151350
JG0139d	X	152435331	U:AG[T>G]CT	-1	285503.0	3027436853
JG0139d	X	155450798	N:TC[T>C]AG	-1	3015467.0	3030452320
JG0139d	X	155795550	N:CC[T>A]GA	1	344752.0	3030797072
