sample	chr	start	mutation	strand	dist_to_previous	start_cumulative
JG0139b	1	2054159	U:CC[T>G]TG	1		2054159
JG0139b	1	2089477	T:CC[T>G]TC	-1	35318.0	2089477
JG0139b	1	2794370	T:TC[T>C]TA	1	704893.0	2794370
JG0139b	1	3232574	U:GC[T>G]TG	1	438204.0	3232574
JG0139b	1	4119767	N:AC[T>C]TG	1	887193.0	4119767
JG0139b	1	4132201	N:TG[T>G]TC	1	12434.0	4132201
JG0139b	1	4142854	N:AC[T>A]TG	1	10653.0	4142854
JG0139b	1	4279451	N:AG[T>G]TC	1	136597.0	4279451
JG0139b	1	4320224	N:AC[T>C]AA	1	40773.0	4320224
JG0139b	1	4340537	N:GC[T>A]TT	1	20313.0	4340537
JG0139b	1	4377198	N:GG[T>A]TG	1	36661.0	4377198
JG0139b	1	4423783	N:TC[T>G]TT	1	46585.0	4423783
JG0139b	1	4477780	N:AC[T>G]CA	1	53997.0	4477780
JG0139b	1	4492009	N:GC[T>C]TC	1	14229.0	4492009
JG0139b	1	4653158	N:AC[T>G]TC	1	161149.0	4653158
JG0139b	1	4796453	N:AG[T>A]GG	1	143295.0	4796453
JG0139b	1	4919410	N:TG[T>G]TA	1	122957.0	4919410
JG0139b	1	5160146	N:AC[T>C]CA	1	240736.0	5160146
JG0139b	1	5242401	N:TC[T>A]CA	1	82255.0	5242401
JG0139b	1	5342105	N:GC[T>C]CA	1	99704.0	5342105
JG0139b	1	5427826	N:GG[C>A]TC	-1	85721.0	5427826
JG0139b	1	5538113	N:AC[T>G]TA	-1	110287.0	5538113
JG0139b	1	5582478	N:CC[T>G]TG	1	44365.0	5582478
JG0139b	1	6799168	T:AC[T>G]TG	-1	1216690.0	6799168
JG0139b	1	6883345	T:GC[T>G]TT	-1	84177.0	6883345
JG0139b	1	7017043	U:AC[T>G]TC	1	133698.0	7017043
JG0139b	1	7060050	U:AC[T>G]TT	1	43007.0	7060050
JG0139b	1	7288988	U:TC[T>A]TG	1	228938.0	7288988
JG0139b	1	7296139	U:GC[T>C]TG	1	7151.0	7296139
JG0139b	1	7518422	U:GG[T>G]CA	1	222283.0	7518422
JG0139b	1	7578607	U:TC[T>C]TA	1	60185.0	7578607
JG0139b	1	7640695	U:GC[T>C]TA	1	62088.0	7640695
JG0139b	1	7692546	T:AC[T>C]CA	-1	51851.0	7692546
JG0139b	1	7803884	U:TC[T>C]CT	1	111338.0	7803884
JG0139b	1	7838658	U:TC[T>C]CA	1	34774.0	7838658
JG0139b	1	9433567	N:AC[T>G]TG	1	1594909.0	9433567
JG0139b	1	9461435	N:AC[T>C]TT	1	27868.0	9461435
JG0139b	1	10171649	T:CC[T>G]CG	-1	710214.0	10171649
JG0139b	1	10314508	U:AC[T>C]TC	1	142859.0	10314508
JG0139b	1	10482864	U:CG[T>C]TT	1	168356.0	10482864
JG0139b	1	10521564	T:AC[T>G]GC	-1	38700.0	10521564
JG0139b	1	10899476	N:CC[T>G]CA	-1	377912.0	10899476
JG0139b	1	11664897	T:CC[T>G]TC	-1	765421.0	11664897
JG0139b	1	11759258	N:AC[T>C]CC	1	94361.0	11759258
JG0139b	1	12338880	T:AC[T>G]TA	-1	579622.0	12338880
JG0139b	1	12535876	N:GC[T>A]TG	1	196996.0	12535876
JG0139b	1	12811701	N:TC[T>C]CT	1	275825.0	12811701
JG0139b	1	13393829	N:CC[T>A]CA	1	582128.0	13393829
JG0139b	1	13805787	T:TT[T>C]TC	-1	411958.0	13805787
JG0139b	1	14006170	U:TC[T>G]TA	1	200383.0	14006170
JG0139b	1	14111964	U:AC[T>C]CC	1	105794.0	14111964
JG0139b	1	14192950	U:GG[T>G]TA	1	80986.0	14192950
JG0139b	1	14206010	U:AC[T>C]TA	1	13060.0	14206010
JG0139b	1	14291299	U:TC[T>C]AC	1	85289.0	14291299
JG0139b	1	14376920	T:GC[T>G]TT	-1	85621.0	14376920
JG0139b	1	14855437	U:AC[T>A]CC	1	478517.0	14855437
JG0139b	1	15062036	U:AG[T>A]TG	1	206599.0	15062036
JG0139b	1	15147750	N:GC[T>A]TT	1	85714.0	15147750
JG0139b	1	15522226	T:AC[T>C]TG	1	374476.0	15522226
JG0139b	1	17810915	U:GG[T>C]TG	1	2288689.0	17810915
JG0139b	1	17872406	N:TG[T>G]TC	-1	61491.0	17872406
JG0139b	1	18025732	N:AC[T>A]TC	1	153326.0	18025732
JG0139b	1	18040530	N:TA[T>G]TC	1	14798.0	18040530
JG0139b	1	18324518	U:GC[T>G]TC	1	283988.0	18324518
JG0139b	1	18547136	N:TC[T>G]TA	1	222618.0	18547136
JG0139b	1	18850471	T:AC[T>C]CT	1	303335.0	18850471
JG0139b	1	19190932	T:AC[T>C]TG	1	340461.0	19190932
JG0139b	1	19350918	U:AC[T>G]TT	-1	159986.0	19350918
JG0139b	1	19866999	N:GC[T>G]GA	-1	516081.0	19866999
JG0139b	1	20048636	N:AG[T>G]TA	1	181637.0	20048636
JG0139b	1	20686863	U:CT[C>A]TT	-1	638227.0	20686863
JG0139b	1	24981138	N:CC[T>G]TG	-1	4294275.0	24981138
JG0139b	1	25084246	N:TC[T>A]CA	1	103108.0	25084246
JG0139b	1	25175060	N:TC[T>C]TC	1	90814.0	25175060
JG0139b	1	25216380	N:CC[T>G]TG	1	41320.0	25216380
JG0139b	1	25386933	U:CC[T>G]CA	-1	170553.0	25386933
JG0139b	1	25392247	T:AC[T>C]TG	1	5314.0	25392247
JG0139b	1	25653605	T:AC[T>C]GA	-1	261358.0	25653605
JG0139b	1	26119299	U:AC[T>C]TG	1	465694.0	26119299
JG0139b	1	26444958	T:TC[T>G]CT	-1	325659.0	26444958
JG0139b	1	27120234	T:TC[T>C]CC	1	675276.0	27120234
JG0139b	1	27498132	N:AG[C>A]AC	-1	377898.0	27498132
JG0139b	1	28057669	U:TG[T>G]TT	-1	559537.0	28057669
JG0139b	1	29373946	N:TC[T>C]TT	1	1316277.0	29373946
JG0139b	1	29661976	N:AC[T>C]TG	1	288030.0	29661976
JG0139b	1	29812018	N:GG[T>C]CC	1	150042.0	29812018
JG0139b	1	29848286	N:TC[T>C]TA	1	36268.0	29848286
JG0139b	1	30039074	N:TG[T>C]TG	1	190788.0	30039074
JG0139b	1	30046656	N:TC[T>C]CA	1	7582.0	30046656
JG0139b	1	30129834	N:GC[T>G]CT	-1	83178.0	30129834
JG0139b	1	30192552	N:TC[T>C]GC	1	62718.0	30192552
JG0139b	1	30238773	N:TC[T>G]TG	1	46221.0	30238773
JG0139b	1	30267226	N:GC[T>C]GA	1	28453.0	30267226
JG0139b	1	30320660	N:CC[T>G]TG	1	53434.0	30320660
JG0139b	1	30582713	N:GC[T>G]TA	1	262053.0	30582713
JG0139b	1	31293363	U:GC[T>G]TC	-1	710650.0	31293363
JG0139b	1	31365344	N:GC[T>A]CT	-1	71981.0	31365344
JG0139b	1	31526138	N:AC[T>A]TT	1	160794.0	31526138
JG0139b	1	32585114	U:CC[T>C]CA	1	1058976.0	32585114
JG0139b	1	33411643	N:AC[T>G]TC	1	826529.0	33411643
JG0139b	1	33547296	T:AT[T>G]TC	1	135653.0	33547296
JG0139b	1	33736724	T:CC[T>G]TC	1	189428.0	33736724
JG0139b	1	33763059	T:AC[T>C]TA	1	26335.0	33763059
JG0139b	1	33945092	T:TC[T>C]CC	1	182033.0	33945092
JG0139b	1	34167260	U:TC[T>C]TG	1	222168.0	34167260
JG0139b	1	34258453	N:AC[T>C]TC	1	91193.0	34258453
JG0139b	1	34410819	N:AG[T>C]AA	1	152366.0	34410819
JG0139b	1	34445182	N:TC[T>C]TA	1	34363.0	34445182
JG0139b	1	34453240	N:AC[T>C]TA	1	8058.0	34453240
JG0139b	1	34713494	N:AC[T>G]CA	1	260254.0	34713494
JG0139b	1	34735972	N:TC[T>C]TT	1	22478.0	34735972
JG0139b	1	34736748	N:GC[T>C]CC	1	776.0	34736748
JG0139b	1	34746560	N:AC[T>C]CG	1	9812.0	34746560
JG0139b	1	34758870	N:GG[T>C]TG	1	12310.0	34758870
JG0139b	1	34760709	U:TC[T>C]TG	1	1839.0	34760709
JG0139b	1	35225259	N:GA[T>G]TA	-1	464550.0	35225259
JG0139b	1	36240386	T:CC[T>G]TA	-1	1015127.0	36240386
JG0139b	1	36272360	U:AC[T>G]TA	1	31974.0	36272360
JG0139b	1	37022875	T:AC[T>C]TA	1	750515.0	37022875
JG0139b	1	37140754	N:TC[T>G]TC	1	117879.0	37140754
JG0139b	1	37275005	N:AT[T>A]TA	1	134251.0	37275005
JG0139b	1	37471728	N:GG[C>G]CA	1	196723.0	37471728
JG0139b	1	37512196	U:CT[T>G]TA	-1	40468.0	37512196
JG0139b	1	37629753	T:GG[T>C]CA	1	117557.0	37629753
JG0139b	1	38344452	N:AG[T>G]CT	1	714699.0	38344452
JG0139b	1	38499695	N:AC[T>C]TA	1	155243.0	38499695
JG0139b	1	38658664	N:TC[T>C]CC	1	158969.0	38658664
JG0139b	1	38671123	N:TC[T>A]GG	1	12459.0	38671123
JG0139b	1	39413110	T:TG[C>T]GA	-1	741987.0	39413110
JG0139b	1	39489467	N:GA[T>G]TT	-1	76357.0	39489467
JG0139b	1	40016456	N:TC[T>G]TA	1	526989.0	40016456
JG0139b	1	40418160	U:AC[T>G]TA	1	401704.0	40418160
JG0139b	1	40424599	N:TC[T>A]CT	-1	6439.0	40424599
JG0139b	1	40743583	U:TC[T>G]TT	1	318984.0	40743583
JG0139b	1	41137775	U:CC[T>G]CC	-1	394192.0	41137775
JG0139b	1	42414663	U:AC[T>C]TA	1	1276888.0	42414663
JG0139b	1	42568616	U:AC[T>A]TA	1	153953.0	42568616
JG0139b	1	43306799	U:CC[T>C]CA	1	738183.0	43306799
JG0139b	1	43837064	T:CC[T>G]TG	-1	530265.0	43837064
JG0139b	1	44466133	T:AT[T>G]TA	-1	629069.0	44466133
JG0139b	1	45211021	N:TC[T>C]TG	1	744888.0	45211021
JG0139b	1	45933645	U:AC[T>C]CG	1	722624.0	45933645
JG0139b	1	45940354	U:AC[T>G]TC	1	6709.0	45940354
JG0139b	1	46455101	N:TC[T>C]TA	1	514747.0	46455101
JG0139b	1	46718020	T:TC[T>C]TG	1	262919.0	46718020
JG0139b	1	47059973	N:TC[T>A]CC	1	341953.0	47059973
JG0139b	1	47329970	N:TC[T>G]CG	-1	269997.0	47329970
JG0139b	1	47503833	N:AC[T>A]CC	-1	173863.0	47503833
JG0139b	1	47574892	N:TC[T>G]CC	-1	71059.0	47574892
JG0139b	1	47912200	T:TC[T>G]TG	1	337308.0	47912200
JG0139b	1	47917981	T:AG[T>G]TA	1	5781.0	47917981
JG0139b	1	48042676	N:GG[T>C]GA	1	124695.0	48042676
JG0139b	1	48095906	N:TC[T>C]GA	1	53230.0	48095906
JG0139b	1	48128466	N:GC[T>C]TG	1	32560.0	48128466
JG0139b	1	48225772	U:TC[T>C]CA	1	97306.0	48225772
JG0139b	1	48446040	T:AG[T>G]TA	1	220268.0	48446040
JG0139b	1	49493942	U:TG[T>G]TA	-1	1047902.0	49493942
JG0139b	1	49493943	T:AA[C>A]AA	1	1.0	49493943
JG0139b	1	49848072	T:TC[T>G]TA	1	354129.0	49848072
JG0139b	1	51167451	N:CA[T>C]GG	-1	1319379.0	51167451
JG0139b	1	53513898	U:CC[T>G]CC	-1	2346447.0	53513898
JG0139b	1	54603845	T:CC[T>G]TG	-1	1089947.0	54603845
JG0139b	1	55364304	N:CC[T>C]TC	-1	760459.0	55364304
JG0139b	1	55442419	N:AC[T>A]TG	1	78115.0	55442419
JG0139b	1	55482867	N:AC[T>G]TT	1	40448.0	55482867
JG0139b	1	55510209	N:AC[T>G]TG	1	27342.0	55510209
JG0139b	1	55597941	N:TC[T>C]TT	1	87732.0	55597941
JG0139b	1	55720012	N:AC[T>C]CG	1	122071.0	55720012
JG0139b	1	55809164	N:AC[T>G]TG	-1	89152.0	55809164
JG0139b	1	56490606	N:AG[T>G]CT	-1	681442.0	56490606
JG0139b	1	57344480	U:CC[T>G]CA	-1	853874.0	57344480
JG0139b	1	57360822	T:AC[T>A]TG	1	16342.0	57360822
JG0139b	1	58026372	N:TC[T>G]TA	-1	665550.0	58026372
JG0139b	1	58188955	N:GA[T>G]TA	-1	162583.0	58188955
JG0139b	1	58878042	N:CC[T>A]CA	-1	689087.0	58878042
JG0139b	1	58955001	N:TC[T>A]CC	1	76959.0	58955001
JG0139b	1	59232637	N:AG[T>A]GC	-1	277636.0	59232637
JG0139b	1	59336185	U:AG[T>G]TC	1	103548.0	59336185
JG0139b	1	59469345	T:GG[C>G]CC	-1	133160.0	59469345
JG0139b	1	59638027	U:AC[T>C]CC	1	168682.0	59638027
JG0139b	1	59708979	U:GC[T>C]CA	1	70952.0	59708979
JG0139b	1	59743217	T:AC[T>G]GA	-1	34238.0	59743217
JG0139b	1	60050839	T:TC[T>C]TA	1	307622.0	60050839
JG0139b	1	60284177	N:CC[T>G]TC	-1	233338.0	60284177
JG0139b	1	60403280	N:AC[T>C]CA	1	119103.0	60403280
JG0139b	1	60528835	N:AG[T>C]CA	1	125555.0	60528835
JG0139b	1	60989204	T:TG[T>A]GA	-1	460369.0	60989204
JG0139b	1	61071794	T:AC[T>G]GC	-1	82590.0	61071794
JG0139b	1	61435728	T:GG[T>A]CA	-1	363934.0	61435728
JG0139b	1	61532025	N:TC[T>A]TG	1	96297.0	61532025
JG0139b	1	61843287	U:GC[T>C]TA	1	311262.0	61843287
JG0139b	1	62599510	B:AC[T>C]CA	1	756223.0	62599510
JG0139b	1	62599713	B:GC[T>G]TC	-1	203.0	62599713
JG0139b	1	62663649	T:TC[T>C]CA	1	63936.0	62663649
JG0139b	1	62919123	N:TC[T>G]TA	-1	255474.0	62919123
JG0139b	1	63178889	N:TC[T>C]TA	1	259766.0	63178889
JG0139b	1	63267470	N:AC[T>G]TG	1	88581.0	63267470
JG0139b	1	64223108	U:AC[T>G]TA	1	955638.0	64223108
JG0139b	1	64387604	N:AC[T>G]TC	-1	164496.0	64387604
JG0139b	1	64733715	N:TG[T>G]TA	1	346111.0	64733715
JG0139b	1	64799879	T:TC[T>G]TA	-1	66164.0	64799879
JG0139b	1	65128318	N:TA[T>G]TA	-1	328439.0	65128318
JG0139b	1	65279832	U:AC[T>G]TC	1	151514.0	65279832
JG0139b	1	65313948	T:AC[T>G]TT	-1	34116.0	65313948
JG0139b	1	65348461	U:AC[T>C]TA	1	34513.0	65348461
JG0139b	1	65375040	U:AC[T>C]GC	1	26579.0	65375040
JG0139b	1	65477401	U:GC[T>C]TA	1	102361.0	65477401
JG0139b	1	65909623	U:AC[T>A]AT	1	432222.0	65909623
JG0139b	1	66023273	U:TG[T>G]TA	1	113650.0	66023273
JG0139b	1	66477423	N:AC[T>C]TG	1	454150.0	66477423
JG0139b	1	67297376	N:AC[T>G]TG	-1	819953.0	67297376
JG0139b	1	67400176	N:AC[T>C]CA	1	102800.0	67400176
JG0139b	1	67582285	N:TC[T>C]GC	1	182109.0	67582285
JG0139b	1	67633986	N:AC[T>G]TA	-1	51701.0	67633986
JG0139b	1	67813330	U:TC[T>G]TA	-1	179344.0	67813330
JG0139b	1	67997941	N:GC[T>C]CG	1	184611.0	67997941
JG0139b	1	68326737	N:CC[T>G]TG	-1	328796.0	68326737
JG0139b	1	68418198	N:TC[T>G]CC	-1	91461.0	68418198
JG0139b	1	68505776	N:TC[T>C]GA	-1	87578.0	68505776
JG0139b	1	68741780	N:AC[T>A]TT	1	236004.0	68741780
JG0139b	1	69341807	N:TC[T>G]CA	-1	600027.0	69341807
JG0139b	1	70317353	U:AC[T>G]CA	-1	975546.0	70317353
JG0139b	1	70810290	N:AG[T>G]TA	-1	492937.0	70810290
JG0139b	1	72016617	T:TC[T>C]TG	1	1206327.0	72016617
JG0139b	1	72448048	N:AC[T>C]TT	-1	431431.0	72448048
JG0139b	1	72950701	N:TC[T>A]CC	1	502653.0	72950701
JG0139b	1	73268530	N:AG[T>G]CA	1	317829.0	73268530
JG0139b	1	73322537	N:CT[C>G]TT	1	54007.0	73322537
JG0139b	1	73445521	N:AT[C>A]CC	1	122984.0	73445521
JG0139b	1	74893805	N:TG[T>G]TC	-1	1448284.0	74893805
JG0139b	1	75138013	U:CC[T>C]GG	1	244208.0	75138013
JG0139b	1	75214159	T:AC[T>C]TA	1	76146.0	75214159
JG0139b	1	75490386	T:TC[T>G]TT	1	276227.0	75490386
JG0139b	1	76474039	T:TC[T>A]CA	-1	983653.0	76474039
JG0139b	1	76528237	U:GC[T>C]AA	1	54198.0	76528237
JG0139b	1	76760842	N:AG[T>G]TG	1	232605.0	76760842
JG0139b	1	77365933	U:TC[T>C]TT	1	605091.0	77365933
JG0139b	1	77435991	U:AG[T>C]TT	1	70058.0	77435991
JG0139b	1	77529744	U:AG[T>C]CA	1	93753.0	77529744
JG0139b	1	77609241	T:AC[T>A]TT	1	79497.0	77609241
JG0139b	1	78042599	N:AA[T>G]TC	-1	433358.0	78042599
JG0139b	1	78290372	N:GC[T>C]TG	1	247773.0	78290372
JG0139b	1	78587204	N:AC[T>A]CT	1	296832.0	78587204
JG0139b	1	80805103	N:GC[T>A]CA	1	2217899.0	80805103
JG0139b	1	81589481	U:TC[T>A]TG	1	784378.0	81589481
JG0139b	1	82046193	N:AG[T>G]TA	1	456712.0	82046193
JG0139b	1	82889477	N:TG[T>G]GC	-1	843284.0	82889477
JG0139b	1	83603023	N:TT[T>G]TG	-1	713546.0	83603023
JG0139b	1	85002832	U:AC[T>C]CA	1	1399809.0	85002832
JG0139b	1	85814336	U:CC[T>G]TA	-1	811504.0	85814336
JG0139b	1	86111987	T:AC[T>G]CA	1	297651.0	86111987
JG0139b	1	88041009	N:AC[T>G]TC	-1	1929022.0	88041009
JG0139b	1	88158128	N:AC[T>A]TG	1	117119.0	88158128
JG0139b	1	89184738	T:AA[C>A]CT	1	1026610.0	89184738
JG0139b	1	90438108	N:AC[T>G]TC	1	1253370.0	90438108
JG0139b	1	90452543	N:AC[T>G]TA	1	14435.0	90452543
JG0139b	1	90467040	N:TC[T>C]GG	1	14497.0	90467040
JG0139b	1	90535953	N:AC[T>C]TA	1	68913.0	90535953
JG0139b	1	90548692	N:AC[T>C]CT	1	12739.0	90548692
JG0139b	1	90601896	N:GG[T>C]TG	1	53204.0	90601896
JG0139b	1	90624878	N:TC[T>C]TA	1	22982.0	90624878
JG0139b	1	91048271	N:AC[T>A]CC	1	423393.0	91048271
JG0139b	1	91144720	N:GC[T>A]TT	1	96449.0	91144720
JG0139b	1	91161866	N:AC[T>A]GC	1	17146.0	91161866
JG0139b	1	91312917	T:TC[T>C]CA	1	151051.0	91312917
JG0139b	1	91340223	T:AC[T>A]GG	1	27306.0	91340223
JG0139b	1	91815933	T:GC[T>C]CA	1	475710.0	91815933
JG0139b	1	92219233	U:AC[T>G]CA	1	403300.0	92219233
JG0139b	1	92321074	U:AC[T>A]TT	1	101841.0	92321074
JG0139b	1	92359252	U:AC[T>C]GA	1	38178.0	92359252
JG0139b	1	93171504	T:AC[T>G]CA	1	812252.0	93171504
JG0139b	1	94415207	N:AC[T>C]CA	1	1243703.0	94415207
JG0139b	1	94704451	N:GG[C>T]AT	-1	289244.0	94704451
JG0139b	1	95605470	N:TC[T>G]TC	1	901019.0	95605470
JG0139b	1	95615254	N:TC[T>C]TA	1	9784.0	95615254
JG0139b	1	95665761	N:CC[T>G]TG	1	50507.0	95665761
JG0139b	1	97295149	T:AC[T>G]TG	1	1629388.0	97295149
JG0139b	1	98298354	N:TC[T>C]CA	1	1003205.0	98298354
JG0139b	1	98570420	N:AG[T>G]TT	-1	272066.0	98570420
JG0139b	1	99595857	N:TC[T>C]TC	1	1025437.0	99595857
JG0139b	1	99921992	T:TC[T>G]TT	-1	326135.0	99921992
JG0139b	1	101220303	N:AC[T>G]TC	1	1298311.0	101220303
JG0139b	1	101503982	N:GG[T>G]TA	1	283679.0	101503982
JG0139b	1	102988303	T:TC[T>A]CA	1	1484321.0	102988303
JG0139b	1	103021459	U:TC[T>C]CA	-1	33156.0	103021459
JG0139b	1	104436258	N:TC[T>C]TG	1	1414799.0	104436258
JG0139b	1	105744647	N:TC[T>A]TA	1	1308389.0	105744647
JG0139b	1	108329307	N:AT[T>C]CA	1	2584660.0	108329307
JG0139b	1	108357557	N:GC[T>C]CC	1	28250.0	108357557
JG0139b	1	110551732	N:GC[T>G]TC	1	2194175.0	110551732
JG0139b	1	110561063	N:TG[T>C]GC	1	9331.0	110561063
JG0139b	1	110738276	N:AC[T>G]CA	-1	177213.0	110738276
JG0139b	1	110832949	N:AC[T>G]TA	1	94673.0	110832949
JG0139b	1	111658994	U:TC[T>A]TC	1	826045.0	111658994
JG0139b	1	112058826	N:CC[T>C]CA	1	399832.0	112058826
JG0139b	1	112283093	N:CC[T>C]TG	1	224267.0	112283093
JG0139b	1	112528747	B:AC[T>G]TG	1	245654.0	112528747
JG0139b	1	112618134	T:TC[T>C]TG	1	89387.0	112618134
JG0139b	1	113186827	N:CC[T>G]TG	-1	568693.0	113186827
JG0139b	1	113570102	U:TC[T>C]CA	1	383275.0	113570102
JG0139b	1	114232845	N:GC[T>G]GA	1	662743.0	114232845
JG0139b	1	114250515	N:TC[T>G]TT	1	17670.0	114250515
JG0139b	1	114642234	U:GC[T>G]CA	-1	391719.0	114642234
JG0139b	1	115594550	N:AC[T>C]CG	1	952316.0	115594550
JG0139b	1	115612608	N:AC[T>A]TC	1	18058.0	115612608
JG0139b	1	115691457	U:TC[T>C]TT	1	78849.0	115691457
JG0139b	1	115795756	N:AC[T>C]TA	1	104299.0	115795756
JG0139b	1	115804567	N:AT[T>A]TG	1	8811.0	115804567
JG0139b	1	115861741	N:GC[T>G]TA	1	57174.0	115861741
JG0139b	1	115862337	N:AC[T>C]TG	1	596.0	115862337
JG0139b	1	116061331	U:GC[T>C]TA	1	198994.0	116061331
JG0139b	1	116078087	N:GC[T>A]TG	1	16756.0	116078087
JG0139b	1	116146576	N:GG[T>A]CG	1	68489.0	116146576
JG0139b	1	116157325	N:TG[T>A]CC	1	10749.0	116157325
JG0139b	1	116179664	N:AG[T>G]TT	1	22339.0	116179664
JG0139b	1	116180070	N:AC[T>G]TT	1	406.0	116180070
JG0139b	1	116187976	N:TC[T>C]CA	1	7906.0	116187976
JG0139b	1	116211524	N:AC[T>G]TA	1	23548.0	116211524
JG0139b	1	116230341	N:TC[T>G]TT	1	18817.0	116230341
JG0139b	1	116263744	N:AC[T>C]TG	1	33403.0	116263744
JG0139b	1	116292972	N:TC[T>A]GG	1	29228.0	116292972
JG0139b	1	116297997	N:AC[T>A]GG	1	5025.0	116297997
JG0139b	1	116338934	N:TC[T>C]CA	1	40937.0	116338934
JG0139b	1	116470257	N:TC[T>C]TT	1	131323.0	116470257
JG0139b	1	117337622	N:AC[T>C]TG	1	867365.0	117337622
JG0139b	1	117482065	U:GC[T>C]TA	1	144443.0	117482065
JG0139b	1	117591378	N:TG[T>A]TG	1	109313.0	117591378
JG0139b	1	117596392	N:GC[T>C]CA	1	5014.0	117596392
JG0139b	1	117612640	U:AC[T>C]CC	1	16248.0	117612640
JG0139b	1	117746502	N:GC[T>C]CA	1	133862.0	117746502
JG0139b	1	117788337	N:TC[T>C]TG	1	41835.0	117788337
JG0139b	1	117790841	N:AC[T>G]TT	1	2504.0	117790841
JG0139b	1	117803148	N:CC[T>C]CA	1	12307.0	117803148
JG0139b	1	117811583	N:AC[T>C]TG	1	8435.0	117811583
JG0139b	1	118045494	T:GC[T>C]TG	1	233911.0	118045494
JG0139b	1	118209225	N:AC[T>C]TA	1	163731.0	118209225
JG0139b	1	118316178	N:TC[T>A]TC	1	106953.0	118316178
JG0139b	1	118768202	N:CC[T>C]CA	1	452024.0	118768202
JG0139b	1	119146514	N:AC[T>A]CT	1	378312.0	119146514
JG0139b	1	119211759	N:TC[T>A]CA	1	65245.0	119211759
JG0139b	1	119772800	N:AC[T>A]TA	1	561041.0	119772800
JG0139b	1	121346952	U:AC[T>C]CA	1	1574152.0	121346952
JG0139b	1	147108954	N:AC[T>C]CT	-1	25762002.0	147108954
JG0139b	1	147228434	N:AC[T>A]TG	-1	119480.0	147228434
JG0139b	1	150008222	T:AC[T>C]TA	1	2779788.0	150008222
JG0139b	1	152294723	N:AC[C>A]CA	1	2286501.0	152294723
JG0139b	1	152588416	N:GG[C>A]AT	1	293693.0	152588416
JG0139b	1	152718050	N:TG[T>C]GC	1	129634.0	152718050
JG0139b	1	152889800	N:GC[T>G]TC	1	171750.0	152889800
JG0139b	1	152951397	N:AC[T>G]TA	1	61597.0	152951397
JG0139b	1	152996588	N:TC[T>A]CA	1	45191.0	152996588
JG0139b	1	153019138	N:TC[T>C]TT	1	22550.0	153019138
JG0139b	1	153168339	N:TC[T>C]TA	1	149201.0	153168339
JG0139b	1	153691679	U:AC[T>A]TG	1	523340.0	153691679
JG0139b	1	153691680	U:CT[T>G]GA	1	1.0	153691680
JG0139b	1	153711869	N:AC[T>G]TA	1	20189.0	153711869
JG0139b	1	154725074	T:TC[T>C]CG	1	1013205.0	154725074
JG0139b	1	154815792	T:TC[T>C]TT	1	90718.0	154815792
JG0139b	1	156493586	U:GC[T>C]CT	-1	1677794.0	156493586
JG0139b	1	158296251	N:GC[T>C]CA	1	1802665.0	158296251
JG0139b	1	158412225	N:AC[T>C]TA	1	115974.0	158412225
JG0139b	1	159162704	N:GC[T>G]TA	1	750479.0	159162704
JG0139b	1	159271245	N:TC[T>G]TC	1	108541.0	159271245
JG0139b	1	159631372	N:TG[T>A]TG	1	360127.0	159631372
JG0139b	1	159801467	U:TC[T>C]CA	1	170095.0	159801467
JG0139b	1	159831052	U:CC[T>C]CC	1	29585.0	159831052
JG0139b	1	159832863	U:AC[T>G]TT	1	1811.0	159832863
JG0139b	1	159865524	N:TC[T>C]CA	1	32661.0	159865524
JG0139b	1	159934606	T:CC[T>C]TG	1	69082.0	159934606
JG0139b	1	160598875	N:CC[T>G]TC	1	664269.0	160598875
JG0139b	1	160674202	N:AC[T>C]TG	1	75327.0	160674202
JG0139b	1	160756864	N:AC[T>C]CA	1	82662.0	160756864
JG0139b	1	160815352	T:TG[T>G]TT	-1	58488.0	160815352
JG0139b	1	161050070	T:TC[T>G]TA	1	234718.0	161050070
JG0139b	1	161375268	T:AC[T>A]TC	-1	325198.0	161375268
JG0139b	1	162191170	U:TG[T>G]TG	1	815902.0	162191170
JG0139b	1	162218432	U:GG[T>G]TA	1	27262.0	162218432
JG0139b	1	162284024	U:GC[T>G]TC	1	65592.0	162284024
JG0139b	1	162572519	T:TC[T>C]CA	-1	288495.0	162572519
JG0139b	1	162968313	N:TC[T>C]CC	1	395794.0	162968313
JG0139b	1	163039438	N:AC[T>A]TT	1	71125.0	163039438
JG0139b	1	163061881	N:AC[T>G]TT	1	22443.0	163061881
JG0139b	1	163063802	N:TG[T>G]TT	1	1921.0	163063802
JG0139b	1	163589826	N:AC[T>C]TA	1	526024.0	163589826
JG0139b	1	163629590	N:TC[T>G]TG	-1	39764.0	163629590
JG0139b	1	164069801	N:AC[T>A]GA	1	440211.0	164069801
JG0139b	1	164410662	N:AC[T>A]TG	1	340861.0	164410662
JG0139b	1	164505100	N:GC[T>G]TA	1	94438.0	164505100
JG0139b	1	164800484	U:AC[T>G]TG	1	295384.0	164800484
JG0139b	1	164816507	U:CC[T>G]TA	1	16023.0	164816507
JG0139b	1	164853046	N:TC[T>C]CA	1	36539.0	164853046
JG0139b	1	164864329	N:TC[T>C]CC	1	11283.0	164864329
JG0139b	1	164909200	N:AC[T>G]TA	1	44871.0	164909200
JG0139b	1	164918753	N:GC[T>G]TG	1	9553.0	164918753
JG0139b	1	164981311	N:TC[T>C]TC	1	62558.0	164981311
JG0139b	1	165375182	N:AC[T>A]TG	1	393871.0	165375182
JG0139b	1	165422885	T:TC[T>A]CA	1	47703.0	165422885
JG0139b	1	165429392	T:AC[T>A]CA	1	6507.0	165429392
JG0139b	1	165550251	U:AC[T>A]CT	1	120859.0	165550251
JG0139b	1	165575228	N:AG[T>G]TA	1	24977.0	165575228
JG0139b	1	165585514	N:AC[T>A]CA	1	10286.0	165585514
JG0139b	1	165621648	N:AC[T>C]TA	1	36134.0	165621648
JG0139b	1	166063038	N:CC[T>A]CA	1	441390.0	166063038
JG0139b	1	166079748	T:AC[T>C]TA	1	16710.0	166079748
JG0139b	1	166096264	T:TC[T>C]AC	1	16516.0	166096264
JG0139b	1	166231710	N:AC[T>C]TG	1	135446.0	166231710
JG0139b	1	166303518	N:AC[T>G]AA	-1	71808.0	166303518
JG0139b	1	166345112	N:TC[T>G]TC	1	41594.0	166345112
JG0139b	1	166658862	N:AC[T>G]TC	1	313750.0	166658862
JG0139b	1	166718953	N:AC[T>C]TT	1	60091.0	166718953
JG0139b	1	166745511	N:AC[T>C]TC	1	26558.0	166745511
JG0139b	1	166780232	N:TC[T>C]TA	1	34721.0	166780232
JG0139b	1	166820158	N:CC[T>G]TT	1	39926.0	166820158
JG0139b	1	166945863	T:AC[T>A]TT	1	125705.0	166945863
JG0139b	1	167138350	T:AC[T>C]CA	1	192487.0	167138350
JG0139b	1	168415430	N:AC[T>C]TA	1	1277080.0	168415430
JG0139b	1	168702382	T:TC[T>C]TG	1	286952.0	168702382
JG0139b	1	168772837	N:AC[T>G]CC	1	70455.0	168772837
JG0139b	1	168869410	N:AC[T>C]TA	1	96573.0	168869410
JG0139b	1	168993755	N:GG[T>C]TT	1	124345.0	168993755
JG0139b	1	169159113	T:GG[T>G]GA	1	165358.0	169159113
JG0139b	1	169634585	N:GG[T>G]TT	-1	475472.0	169634585
JG0139b	1	169684055	N:GC[T>G]TG	1	49470.0	169684055
JG0139b	1	169896190	N:GC[T>A]TA	1	212135.0	169896190
JG0139b	1	169897404	N:CC[T>C]TG	1	1214.0	169897404
JG0139b	1	169961681	T:TC[T>C]CC	1	64277.0	169961681
JG0139b	1	170100867	N:AT[T>A]TA	1	139186.0	170100867
JG0139b	1	170329845	N:TC[T>C]CA	1	228978.0	170329845
JG0139b	1	170752965	N:TC[T>C]CA	1	423120.0	170752965
JG0139b	1	170794904	N:AC[T>C]TA	1	41939.0	170794904
JG0139b	1	171029528	U:CC[T>G]TT	1	234624.0	171029528
JG0139b	1	171257107	U:AC[T>C]TG	1	227579.0	171257107
JG0139b	1	171271327	U:AC[T>C]TC	1	14220.0	171271327
JG0139b	1	171415251	N:TC[T>A]CA	1	143924.0	171415251
JG0139b	1	172099505	U:AC[T>A]TG	1	684254.0	172099505
JG0139b	1	172926246	N:GC[T>C]TA	1	826741.0	172926246
JG0139b	1	172935687	N:TC[T>C]TC	1	9441.0	172935687
JG0139b	1	173987689	T:TC[T>G]TA	1	1052002.0	173987689
JG0139b	1	174287554	U:AC[T>C]TG	1	299865.0	174287554
JG0139b	1	174290464	U:AC[T>G]TA	1	2910.0	174290464
JG0139b	1	174293377	U:GC[T>C]CA	1	2913.0	174293377
JG0139b	1	174314442	U:AC[T>G]TT	1	21065.0	174314442
JG0139b	1	174477549	T:AG[C>G]AA	-1	163107.0	174477549
JG0139b	1	174493958	U:AC[T>C]TA	1	16409.0	174493958
JG0139b	1	174672918	U:TC[T>A]CA	1	178960.0	174672918
JG0139b	1	174678048	U:AC[T>A]TT	1	5130.0	174678048
JG0139b	1	174685785	U:AC[T>A]CC	1	7737.0	174685785
JG0139b	1	175188765	T:GG[T>C]TG	1	502980.0	175188765
JG0139b	1	175238200	N:CC[T>C]TG	1	49435.0	175238200
JG0139b	1	175270025	N:AC[T>C]TA	1	31825.0	175270025
JG0139b	1	175274853	N:AC[T>A]TG	1	4828.0	175274853
JG0139b	1	175275540	N:TC[T>C]TA	1	687.0	175275540
JG0139b	1	175319834	T:AC[T>C]TA	1	44294.0	175319834
JG0139b	1	175331893	T:TC[T>C]TT	1	12059.0	175331893
JG0139b	1	175519593	T:TC[T>C]TG	1	187700.0	175519593
JG0139b	1	175656556	T:GC[T>C]TG	1	136963.0	175656556
JG0139b	1	175667769	T:CC[T>G]TC	1	11213.0	175667769
JG0139b	1	175820531	N:AC[T>C]TG	1	152762.0	175820531
JG0139b	1	175923349	N:GC[T>A]TG	1	102818.0	175923349
JG0139b	1	175986087	T:TC[T>C]TG	1	62738.0	175986087
JG0139b	1	176079023	T:GC[T>C]TA	1	92936.0	176079023
JG0139b	1	176106281	T:CC[T>C]TG	1	27258.0	176106281
JG0139b	1	176177747	T:AC[T>G]TA	1	71466.0	176177747
JG0139b	1	176957097	T:GG[T>C]CT	1	779350.0	176957097
JG0139b	1	177043411	T:AG[C>A]CC	1	86314.0	177043411
JG0139b	1	177115427	T:AC[T>C]TT	1	72016.0	177115427
JG0139b	1	177220959	U:TC[T>C]AA	1	105532.0	177220959
JG0139b	1	177491611	N:GC[T>G]TC	1	270652.0	177491611
JG0139b	1	177621437	N:TC[T>G]TT	1	129826.0	177621437
JG0139b	1	177675573	N:TC[T>C]TT	1	54136.0	177675573
JG0139b	1	177752612	N:TC[T>C]TG	1	77039.0	177752612
JG0139b	1	177799204	N:CC[T>C]TG	1	46592.0	177799204
JG0139b	1	177810363	N:AC[T>C]TA	1	11159.0	177810363
JG0139b	1	177913215	N:AC[T>C]GC	1	102852.0	177913215
JG0139b	1	178018628	N:AC[T>C]CG	1	105413.0	178018628
JG0139b	1	179594870	U:AC[T>A]TG	1	1576242.0	179594870
JG0139b	1	179622125	U:AC[T>C]TA	1	27255.0	179622125
JG0139b	1	179723841	N:CC[T>C]CA	1	101716.0	179723841
JG0139b	1	181261768	N:AC[T>G]TA	-1	1537927.0	181261768
JG0139b	1	181415155	U:AC[T>C]TG	1	153387.0	181415155
JG0139b	1	181477499	U:TT[T>G]AT	1	62344.0	181477499
JG0139b	1	181579770	U:GC[T>C]GG	1	102271.0	181579770
JG0139b	1	181972877	N:GC[T>C]CA	1	393107.0	181972877
JG0139b	1	182032867	N:TG[T>C]TG	1	59990.0	182032867
JG0139b	1	182073262	N:AC[T>G]TT	1	40395.0	182073262
JG0139b	1	182193472	N:TC[T>C]TG	1	120210.0	182193472
JG0139b	1	182250547	N:TC[T>A]CC	1	57075.0	182250547
JG0139b	1	182276908	N:GG[T>C]TT	1	26361.0	182276908
JG0139b	1	182433766	U:AC[T>C]TG	1	156858.0	182433766
JG0139b	1	182686702	N:AC[T>G]CC	-1	252936.0	182686702
JG0139b	1	182695261	N:AC[T>C]TT	1	8559.0	182695261
JG0139b	1	182889111	N:AG[T>A]TG	1	193850.0	182889111
JG0139b	1	183933109	T:AC[T>C]TA	1	1043998.0	183933109
JG0139b	1	184080336	T:AC[T>G]TA	-1	147227.0	184080336
JG0139b	1	184093798	U:AC[T>G]TG	1	13462.0	184093798
JG0139b	1	184127794	N:AC[T>C]CC	1	33996.0	184127794
JG0139b	1	184130341	N:TG[T>G]TG	1	2547.0	184130341
JG0139b	1	184672203	N:TC[T>C]TT	1	541862.0	184672203
JG0139b	1	184764954	N:TC[T>C]AA	1	92751.0	184764954
JG0139b	1	185167016	U:TC[T>A]CC	1	402062.0	185167016
JG0139b	1	185269718	U:TC[T>C]CA	1	102702.0	185269718
JG0139b	1	185318717	N:TC[T>A]TA	1	48999.0	185318717
JG0139b	1	185323807	N:AC[T>C]TG	1	5090.0	185323807
JG0139b	1	185328110	N:TC[T>C]CA	1	4303.0	185328110
JG0139b	1	185395165	N:AC[T>G]TG	1	67055.0	185395165
JG0139b	1	185700410	N:AC[T>A]CT	1	305245.0	185700410
JG0139b	1	185764706	U:CC[T>C]CC	1	64296.0	185764706
JG0139b	1	185781125	U:AG[T>G]TT	1	16419.0	185781125
JG0139b	1	186165788	U:AC[T>A]TG	1	384663.0	186165788
JG0139b	1	186227789	N:TC[T>A]TG	1	62001.0	186227789
JG0139b	1	186484419	N:TC[T>C]TA	1	256630.0	186484419
JG0139b	1	186593099	N:AG[T>G]TA	1	108680.0	186593099
JG0139b	1	186665851	N:TG[T>C]TC	1	72752.0	186665851
JG0139b	1	186804885	N:AC[T>G]TT	1	139034.0	186804885
JG0139b	1	187128958	N:TC[T>C]TA	1	324073.0	187128958
JG0139b	1	187143870	N:AC[T>G]TA	1	14912.0	187143870
JG0139b	1	187167778	N:TC[T>C]TT	1	23908.0	187167778
JG0139b	1	188018336	N:GC[T>C]CA	1	850558.0	188018336
JG0139b	1	188046384	N:TT[C>A]TG	1	28048.0	188046384
JG0139b	1	188162368	N:GC[T>C]TG	1	115984.0	188162368
JG0139b	1	188314645	N:AC[T>A]TG	1	152277.0	188314645
JG0139b	1	189094537	N:TC[T>C]TC	1	779892.0	189094537
JG0139b	1	189273134	N:AC[T>A]TG	1	178597.0	189273134
JG0139b	1	190424349	T:GG[C>A]CC	1	1151215.0	190424349
JG0139b	1	191055676	N:GA[C>T]AT	1	631327.0	191055676
JG0139b	1	193999992	N:AC[T>C]TG	-1	2944316.0	193999992
JG0139b	1	199415259	N:TC[T>A]GC	-1	5415267.0	199415259
JG0139b	1	204628516	U:GG[C>A]AG	-1	5213257.0	204628516
JG0139b	1	205195662	U:AC[T>G]TT	-1	567146.0	205195662
JG0139b	1	207906927	U:TC[T>G]TC	-1	2711265.0	207906927
JG0139b	1	211164815	U:CC[T>C]TA	-1	3257888.0	211164815
JG0139b	1	217140339	N:TC[T>G]TT	-1	5975524.0	217140339
JG0139b	1	217600030	U:TC[T>G]TT	-1	459691.0	217600030
JG0139b	1	218083575	N:CC[T>G]CA	-1	483545.0	218083575
JG0139b	1	218439785	T:CT[C>A]CC	-1	356210.0	218439785
JG0139b	1	219367348	N:AT[C>T]CG	1	927563.0	219367348
JG0139b	1	219506193	N:AC[T>G]TC	-1	138845.0	219506193
JG0139b	1	222472732	N:TC[T>G]TC	-1	2966539.0	222472732
JG0139b	1	224626976	U:TC[T>C]CC	1	2154244.0	224626976
JG0139b	1	225798562	N:CC[T>G]CA	-1	1171586.0	225798562
JG0139b	1	226875068	T:AC[T>A]TA	-1	1076506.0	226875068
JG0139b	1	227705236	N:TA[T>C]TT	-1	830168.0	227705236
JG0139b	1	228727090	N:GC[T>G]TA	-1	1021854.0	228727090
JG0139b	1	231263640	T:AA[T>G]TA	-1	2536550.0	231263640
JG0139b	1	232132910	N:AC[T>G]TA	-1	869270.0	232132910
JG0139b	1	232255712	N:CC[T>C]TG	-1	122802.0	232255712
JG0139b	1	232601254	N:CC[T>G]TG	-1	345542.0	232601254
JG0139b	1	234725385	N:TC[T>G]TG	-1	2124131.0	234725385
JG0139b	1	236431310	T:GC[T>C]TA	-1	1705925.0	236431310
JG0139b	1	236444721	T:GG[T>C]CA	-1	13411.0	236444721
JG0139b	1	236823546	T:AC[T>G]TT	-1	378825.0	236823546
JG0139b	1	237602652	T:CC[T>C]TA	-1	779106.0	237602652
JG0139b	1	242913038	N:TC[T>C]GA	-1	5310386.0	242913038
JG0139b	1	244413900	U:TC[T>C]TA	-1	1500862.0	244413900
JG0139b	1	247931548	T:TC[T>G]TA	-1	3517648.0	247931548
JG0139b	2	132984	N:TC[T>C]AA	1		249089406
JG0139b	2	1395219	N:TT[C>A]TG	-1	1262235.0	250351641
JG0139b	2	1395220	N:CT[T>A]CT	-1	1.0	250351642
JG0139b	2	2586850	N:GC[C>G]AT	1	1191630.0	251543272
JG0139b	2	2779429	N:TC[T>C]CT	1	192579.0	251735851
JG0139b	2	3078426	N:GT[T>G]TT	1	298997.0	252034848
JG0139b	2	3078456	N:CC[C>T]AC	1	30.0	252034878
JG0139b	2	3573774	N:AC[T>G]TA	1	495318.0	252530196
JG0139b	2	3767287	U:AG[T>C]AA	1	193513.0	252723709
JG0139b	2	3880943	N:TG[T>C]TG	1	113656.0	252837365
JG0139b	2	4156758	N:AG[T>G]TG	-1	275815.0	253113180
JG0139b	2	5419955	N:TC[T>A]AC	1	1263197.0	254376377
JG0139b	2	6892720	U:CC[T>G]TG	1	1472765.0	255849142
JG0139b	2	7958391	N:GA[T>A]AT	1	1065671.0	256914813
JG0139b	2	7967120	N:AC[T>C]CC	1	8729.0	256923542
JG0139b	2	8348348	N:AG[T>C]TA	1	381228.0	257304770
JG0139b	2	9109366	N:AC[T>G]TG	1	761018.0	258065788
JG0139b	2	9657986	N:TC[T>G]TA	1	548620.0	258614408
JG0139b	2	9795429	N:GG[T>G]TA	1	137443.0	258751851
JG0139b	2	10558161	N:CC[T>G]CG	1	762732.0	259514583
JG0139b	2	11266040	U:GG[C>T]GT	-1	707879.0	260222462
JG0139b	2	11630584	U:AC[T>G]CA	1	364544.0	260587006
JG0139b	2	11840745	N:AC[T>C]TG	1	210161.0	260797167
JG0139b	2	11911922	N:AG[C>G]TG	1	71177.0	260868344
JG0139b	2	12168805	N:AA[T>G]TG	1	256883.0	261125227
JG0139b	2	12199951	N:TC[T>C]GT	-1	31146.0	261156373
JG0139b	2	13018746	N:AC[T>C]CC	1	818795.0	261975168
JG0139b	2	13509803	N:TC[T>G]GG	1	491057.0	262466225
JG0139b	2	14435571	N:TG[T>A]TG	1	925768.0	263391993
JG0139b	2	14505016	N:AC[T>G]TT	1	69445.0	263461438
JG0139b	2	14885529	N:AC[T>C]CG	-1	380513.0	263841951
JG0139b	2	14939162	N:GC[T>C]CT	1	53633.0	263895584
JG0139b	2	15308129	T:AG[T>G]TC	1	368967.0	264264551
JG0139b	2	15518845	T:GC[T>G]TG	1	210716.0	264475267
JG0139b	2	15762665	N:AC[T>A]CC	1	243820.0	264719087
JG0139b	2	15766835	N:TC[T>A]TC	1	4170.0	264723257
JG0139b	2	16050364	N:AC[T>G]TC	1	283529.0	265006786
JG0139b	2	16221470	N:TC[T>G]TC	1	171106.0	265177892
JG0139b	2	16309078	N:GC[T>C]CA	1	87608.0	265265500
JG0139b	2	16397115	N:GG[T>A]GG	1	88037.0	265353537
JG0139b	2	16565898	T:CC[T>C]AA	1	168783.0	265522320
JG0139b	2	16820620	N:TC[T>G]TA	1	254722.0	265777042
JG0139b	2	16989925	N:AG[T>C]CA	-1	169305.0	265946347
JG0139b	2	17087282	N:TC[T>C]CT	1	97357.0	266043704
JG0139b	2	17299632	N:AC[T>G]TA	1	212350.0	266256054
JG0139b	2	17342649	N:CC[T>G]TA	1	43017.0	266299071
JG0139b	2	17364703	N:CC[T>G]TG	1	22054.0	266321125
JG0139b	2	17713728	T:TC[T>C]CT	1	349025.0	266670150
JG0139b	2	17804984	N:AC[T>G]TC	1	91256.0	266761406
JG0139b	2	18966321	N:TC[T>C]CT	1	1161337.0	267922743
JG0139b	2	19033024	N:AC[T>G]CA	1	66703.0	267989446
JG0139b	2	19346255	N:AC[T>C]CA	1	313231.0	268302677
JG0139b	2	19476150	N:AC[T>G]CT	1	129895.0	268432572
JG0139b	2	19672116	N:TC[T>C]CA	1	195966.0	268628538
JG0139b	2	20011963	T:CC[T>G]TC	1	339847.0	268968385
JG0139b	2	20925849	N:AC[T>C]TA	1	913886.0	269882271
JG0139b	2	21020405	T:AG[T>G]TG	1	94556.0	269976827
JG0139b	2	21377417	N:AC[T>C]CA	1	357012.0	270333839
JG0139b	2	21450096	N:TC[T>C]TA	1	72679.0	270406518
JG0139b	2	21642619	N:CC[T>A]CA	1	192523.0	270599041
JG0139b	2	21811463	N:TC[T>A]CA	1	168844.0	270767885
JG0139b	2	21817532	N:TC[T>C]CA	1	6069.0	270773954
JG0139b	2	21974835	N:TC[T>G]CA	1	157303.0	270931257
JG0139b	2	22018229	N:TG[T>A]TG	1	43394.0	270974651
JG0139b	2	22149972	N:TC[T>C]TA	1	131743.0	271106394
JG0139b	2	22379882	N:TC[T>G]TA	1	229910.0	271336304
JG0139b	2	22463059	N:AC[T>C]CT	1	83177.0	271419481
JG0139b	2	22591030	N:TC[T>C]TA	-1	127971.0	271547452
JG0139b	2	22831003	N:AC[T>G]TG	1	239973.0	271787425
JG0139b	2	22903096	N:TC[C>A]AT	-1	72093.0	271859518
JG0139b	2	23220558	N:TG[T>G]TA	1	317462.0	272176980
JG0139b	2	23261960	N:GC[T>C]GG	1	41402.0	272218382
JG0139b	2	23283034	N:TC[T>C]GA	1	21074.0	272239456
JG0139b	2	23342275	N:TC[T>G]TC	1	59241.0	272298697
JG0139b	2	23626485	U:TC[T>A]TG	1	284210.0	272582907
JG0139b	2	23691180	U:AC[T>C]TG	1	64695.0	272647602
JG0139b	2	23716912	N:TC[T>G]TC	1	25732.0	272673334
JG0139b	2	23932860	U:AC[T>G]TG	1	215948.0	272889282
JG0139b	2	24307419	T:TC[T>G]TA	1	374559.0	273263841
JG0139b	2	24615280	U:AC[T>C]TA	1	307861.0	273571702
JG0139b	2	24794799	U:AC[T>G]TT	1	179519.0	273751221
JG0139b	2	25677916	N:TC[T>G]TA	1	883117.0	274634338
JG0139b	2	25800089	T:AG[T>G]TC	1	122173.0	274756511
JG0139b	2	28188884	U:AC[T>A]TT	1	2388795.0	277145306
JG0139b	2	28214584	U:TC[T>G]TG	1	25700.0	277171006
JG0139b	2	28476982	U:GG[T>C]CT	1	262398.0	277433404
JG0139b	2	28787350	U:AC[T>A]CG	1	310368.0	277743772
JG0139b	2	29249732	T:TC[T>C]CC	1	462382.0	278206154
JG0139b	2	29554686	T:AC[T>G]CC	1	304954.0	278511108
JG0139b	2	29811348	T:AC[T>C]TA	1	256662.0	278767770
JG0139b	2	29818801	T:GC[T>G]TG	1	7453.0	278775223
JG0139b	2	29897780	T:CC[T>G]CA	1	78979.0	278854202
JG0139b	2	30050011	N:TC[T>G]TA	1	152231.0	279006433
JG0139b	2	30058918	N:TC[T>C]CA	1	8907.0	279015340
JG0139b	2	30099077	N:AC[T>G]TT	1	40159.0	279055499
JG0139b	2	30176519	N:GC[T>A]CC	1	77442.0	279132941
JG0139b	2	30345074	N:AG[T>C]GA	1	168555.0	279301496
JG0139b	2	30542451	U:AC[T>C]TA	1	197377.0	279498873
JG0139b	2	30935350	T:AC[T>A]CA	1	392899.0	279891772
JG0139b	2	31290069	N:AC[T>A]TG	1	354719.0	280246491
JG0139b	2	31433151	N:TC[T>C]TA	1	143082.0	280389573
JG0139b	2	31584613	N:GC[T>C]TG	1	151462.0	280541035
JG0139b	2	31632504	N:AC[T>C]GA	1	47891.0	280588926
JG0139b	2	31638787	N:AC[T>C]TT	1	6283.0	280595209
JG0139b	2	31660457	N:TG[T>G]TA	1	21670.0	280616879
JG0139b	2	31904633	T:AC[T>C]CA	1	244176.0	280861055
JG0139b	2	32182153	U:TC[T>C]TG	1	277520.0	281138575
JG0139b	2	32837862	N:GC[T>A]CC	1	655709.0	281794284
JG0139b	2	32908964	N:TC[T>C]CA	1	71102.0	281865386
JG0139b	2	32981295	U:AC[T>G]TA	1	72331.0	281937717
JG0139b	2	33535108	U:AT[T>G]TT	1	553813.0	282491530
JG0139b	2	33591922	T:CC[T>C]CA	1	56814.0	282548344
JG0139b	2	33816417	N:AG[T>G]TC	1	224495.0	282772839
JG0139b	2	35661546	N:AC[T>C]TG	1	1845129.0	284617968
JG0139b	2	35909583	N:GA[T>G]TA	1	248037.0	284866005
JG0139b	2	36057688	N:GC[T>G]TA	1	148105.0	285014110
JG0139b	2	36138681	N:TC[T>A]TG	1	80993.0	285095103
JG0139b	2	38079380	T:TC[T>C]TA	1	1940699.0	287035802
JG0139b	2	38145569	N:TC[T>A]TG	1	66189.0	287101991
JG0139b	2	38235055	N:AG[T>A]GC	1	89486.0	287191477
JG0139b	2	38262496	N:AC[T>G]GA	1	27441.0	287218918
JG0139b	2	38644325	N:TC[T>A]CC	1	381829.0	287600747
JG0139b	2	38679403	U:AG[T>C]TA	1	35078.0	287635825
JG0139b	2	39618686	N:AC[T>G]TA	1	939283.0	288575108
JG0139b	2	39702821	U:AC[T>G]TG	1	84135.0	288659243
JG0139b	2	39884720	N:TG[T>G]TA	1	181899.0	288841142
JG0139b	2	39890484	N:TC[T>G]TA	1	5764.0	288846906
JG0139b	2	40551340	T:AC[T>G]TG	1	660856.0	289507762
JG0139b	2	41177414	N:AC[C>T]AC	1	626074.0	290133836
JG0139b	2	41589347	N:AC[T>C]TG	1	411933.0	290545769
JG0139b	2	41596665	N:AC[T>C]TT	1	7318.0	290553087
JG0139b	2	41640727	N:AC[T>C]CT	1	44062.0	290597149
JG0139b	2	41706710	N:GC[T>C]CA	1	65983.0	290663132
JG0139b	2	42098367	N:GC[T>C]CT	1	391657.0	291054789
JG0139b	2	42146655	N:TG[T>C]TA	1	48288.0	291103077
JG0139b	2	42183532	U:TG[T>G]TA	1	36877.0	291139954
JG0139b	2	44208108	U:TC[T>C]TG	1	2024576.0	293164530
JG0139b	2	44290447	U:GC[T>C]TG	1	82339.0	293246869
JG0139b	2	45017704	N:TC[T>C]CA	1	727257.0	293974126
JG0139b	2	45535454	T:TC[T>G]TA	1	517750.0	294491876
JG0139b	2	46005345	U:CG[T>C]GA	1	469891.0	294961767
JG0139b	2	46080712	T:AG[C>A]TC	-1	75367.0	295037134
JG0139b	2	46143674	U:GC[T>A]GG	1	62962.0	295100096
JG0139b	2	46173514	U:TC[T>A]CA	1	29840.0	295129936
JG0139b	2	46340530	U:AC[T>C]TT	1	167016.0	295296952
JG0139b	2	46923648	B:TC[T>A]TG	1	583118.0	295880070
JG0139b	2	47032828	U:AA[T>G]TG	1	109180.0	295989250
JG0139b	2	48053719	N:TT[T>G]TG	1	1020891.0	297010141
JG0139b	2	49045219	T:TC[T>G]CT	1	991500.0	298001641
JG0139b	2	49355141	N:AC[T>C]TG	1	309922.0	298311563
JG0139b	2	49593409	N:AC[T>G]TA	1	238268.0	298549831
JG0139b	2	49733525	N:CC[T>C]CA	1	140116.0	298689947
JG0139b	2	49829677	N:GC[T>A]TT	1	96152.0	298786099
JG0139b	2	49963125	T:TC[T>C]TA	1	133448.0	298919547
JG0139b	2	50636451	T:GG[T>G]TC	1	673326.0	299592873
JG0139b	2	50742499	T:AC[T>C]TG	1	106048.0	299698921
JG0139b	2	51166325	N:AC[T>C]GG	1	423826.0	300122747
JG0139b	2	51532071	N:TC[T>C]CA	1	365746.0	300488493
JG0139b	2	51632799	N:AC[T>G]TA	1	100728.0	300589221
JG0139b	2	51912711	N:GC[T>C]CT	1	279912.0	300869133
JG0139b	2	52337845	N:AC[T>C]GA	1	425134.0	301294267
JG0139b	2	52397886	N:AG[T>G]TT	1	60041.0	301354308
JG0139b	2	52710652	N:TG[T>C]TA	1	312766.0	301667074
JG0139b	2	52827526	N:TC[T>A]CA	1	116874.0	301783948
JG0139b	2	52848189	N:GG[T>C]CT	1	20663.0	301804611
JG0139b	2	53264422	N:TC[T>C]GA	1	416233.0	302220844
JG0139b	2	53383136	N:AC[T>C]TA	1	118714.0	302339558
JG0139b	2	53626449	T:AC[T>C]TG	1	243313.0	302582871
JG0139b	2	54377784	U:TG[T>A]TG	1	751335.0	303334206
JG0139b	2	54630648	U:GC[T>C]TT	1	252864.0	303587070
JG0139b	2	54726029	U:TC[T>C]TG	1	95381.0	303682451
JG0139b	2	55366595	T:AC[T>C]TG	1	640566.0	304323017
JG0139b	2	55824936	N:CC[T>C]TA	1	458341.0	304781358
JG0139b	2	55933598	N:TC[T>C]CC	1	108662.0	304890020
JG0139b	2	56087701	N:GC[T>G]TT	1	154103.0	305044123
JG0139b	2	56207674	U:AC[T>G]TT	1	119973.0	305164096
JG0139b	2	56335669	U:TC[T>C]GG	1	127995.0	305292091
JG0139b	2	56531168	N:TT[C>A]TT	-1	195499.0	305487590
JG0139b	2	56560150	N:TC[T>C]TA	1	28982.0	305516572
JG0139b	2	58027987	T:TT[C>A]TC	-1	1467837.0	306984409
JG0139b	2	58284988	N:AC[T>G]TA	1	257001.0	307241410
JG0139b	2	58438689	N:TT[T>G]TA	1	153701.0	307395111
JG0139b	2	58533687	N:AC[T>C]CA	1	94998.0	307490109
JG0139b	2	58644464	N:TA[T>G]TT	-1	110777.0	307600886
JG0139b	2	58938171	N:AG[T>G]TA	1	293707.0	307894593
JG0139b	2	59298387	N:AC[T>A]CC	1	360216.0	308254809
JG0139b	2	59544670	N:TC[T>G]TT	1	246283.0	308501092
JG0139b	2	59891542	N:AG[T>G]TC	1	346872.0	308847964
JG0139b	2	59898807	N:AC[T>G]GA	1	7265.0	308855229
JG0139b	2	60008296	N:GC[T>A]TG	1	109489.0	308964718
JG0139b	2	60048557	N:AC[T>G]GA	1	40261.0	309004979
JG0139b	2	60260780	N:TC[T>G]TG	1	212223.0	309217202
JG0139b	2	60281749	N:TC[T>C]CA	1	20969.0	309238171
JG0139b	2	60303233	N:AC[T>C]TG	1	21484.0	309259655
JG0139b	2	60672109	N:AC[T>C]TA	1	368876.0	309628531
JG0139b	2	60720908	N:AC[T>G]TA	1	48799.0	309677330
JG0139b	2	60731945	N:CC[T>G]TG	1	11037.0	309688367
JG0139b	2	60753225	N:AC[T>C]TC	1	21280.0	309709647
JG0139b	2	60854629	N:GG[T>G]TG	1	101404.0	309811051
JG0139b	2	60903781	U:CC[T>G]CA	1	49152.0	309860203
JG0139b	2	60938935	N:CC[T>C]AC	1	35154.0	309895357
JG0139b	2	61900388	N:TG[T>G]TG	1	961453.0	310856810
JG0139b	2	62483058	N:AG[T>C]TA	1	582670.0	311439480
JG0139b	2	62996734	U:GG[T>G]GG	1	513676.0	311953156
JG0139b	2	63290167	T:TC[T>C]TT	1	293433.0	312246589
JG0139b	2	63364250	T:AC[T>A]TA	1	74083.0	312320672
JG0139b	2	63368112	T:AC[T>A]TT	1	3862.0	312324534
JG0139b	2	63390117	T:AC[T>G]TA	1	22005.0	312346539
JG0139b	2	63392924	T:AC[T>C]TT	1	2807.0	312349346
JG0139b	2	63442318	T:AC[T>C]TT	1	49394.0	312398740
JG0139b	2	63455547	T:AC[T>G]TT	1	13229.0	312411969
JG0139b	2	63854042	U:GG[T>G]TA	1	398495.0	312810464
JG0139b	2	64163805	N:AC[T>C]TG	1	309763.0	313120227
JG0139b	2	64183217	N:AC[T>G]TT	1	19412.0	313139639
JG0139b	2	64841292	N:AG[T>G]GC	1	658075.0	313797714
JG0139b	2	64912046	N:CC[T>G]TG	1	70754.0	313868468
JG0139b	2	65581975	N:AG[T>C]GA	1	669929.0	314538397
JG0139b	2	65893704	N:CC[T>A]CC	1	311729.0	314850126
JG0139b	2	65968293	N:GT[C>T]CT	-1	74589.0	314924715
JG0139b	2	66003271	N:TC[T>C]AG	1	34978.0	314959693
JG0139b	2	66126780	N:AC[T>C]CA	1	123509.0	315083202
JG0139b	2	66304327	N:AC[T>A]TA	1	177547.0	315260749
JG0139b	2	66365266	N:TC[T>C]TT	1	60939.0	315321688
JG0139b	2	66636853	N:TC[T>G]TG	1	271587.0	315593275
JG0139b	2	67287940	N:AC[T>G]TA	1	651087.0	316244362
JG0139b	2	67773058	N:AC[T>A]CA	1	485118.0	316729480
JG0139b	2	67818605	N:AC[T>G]TA	1	45547.0	316775027
JG0139b	2	67827384	N:GC[T>C]CT	1	8779.0	316783806
JG0139b	2	67855873	N:CC[T>C]TG	1	28489.0	316812295
JG0139b	2	68027188	N:AG[C>A]AC	-1	171315.0	316983610
JG0139b	2	68057085	T:GC[T>G]TA	1	29897.0	317013507
JG0139b	2	68095552	N:AC[T>G]TG	1	38467.0	317051974
JG0139b	2	68257149	N:GG[T>G]TG	1	161597.0	317213571
JG0139b	2	68958672	N:TC[T>C]CG	1	701523.0	317915094
JG0139b	2	68986860	N:TA[T>G]TC	1	28188.0	317943282
JG0139b	2	69270034	N:TT[T>G]TT	1	283174.0	318226456
JG0139b	2	69273053	N:AG[T>A]TG	1	3019.0	318229475
JG0139b	2	69279602	N:AC[T>C]CA	1	6549.0	318236024
JG0139b	2	69347586	T:TC[T>G]CC	1	67984.0	318304008
JG0139b	2	69375703	T:AC[T>G]TT	1	28117.0	318332125
JG0139b	2	69634160	T:AC[T>G]CT	1	258457.0	318590582
JG0139b	2	69865571	U:AC[T>C]CG	1	231411.0	318821993
JG0139b	2	70380480	N:CC[T>G]CA	1	514909.0	319336902
JG0139b	2	70550088	T:AC[T>C]TA	1	169608.0	319506510
JG0139b	2	70566903	N:CC[T>G]TG	1	16815.0	319523325
JG0139b	2	70615328	N:AC[T>G]TG	1	48425.0	319571750
JG0139b	2	70716625	T:GC[T>G]GA	1	101297.0	319673047
JG0139b	2	70979074	B:GC[T>G]TC	1	262449.0	319935496
JG0139b	2	71062930	N:TC[T>C]TA	1	83856.0	320019352
JG0139b	2	71116379	T:AC[T>G]TT	1	53449.0	320072801
JG0139b	2	71730393	N:TG[T>G]TA	1	614014.0	320686815
JG0139b	2	72032401	N:CC[T>C]TA	1	302008.0	320988823
JG0139b	2	72315782	T:TT[T>G]TA	1	283381.0	321272204
JG0139b	2	72768359	T:TC[T>G]CG	1	452577.0	321724781
JG0139b	2	72854362	N:TC[T>A]CA	1	86003.0	321810784
JG0139b	2	73007348	T:TC[T>A]TG	1	152986.0	321963770
JG0139b	2	73057388	T:CC[T>G]CA	1	50040.0	322013810
JG0139b	2	73094473	T:CA[T>G]CG	1	37085.0	322050895
JG0139b	2	73341524	N:TC[T>G]TG	1	247051.0	322297946
JG0139b	2	73833287	U:GG[T>G]TA	1	491763.0	322789709
JG0139b	2	73880966	N:AC[T>G]TA	1	47679.0	322837388
JG0139b	2	74052341	U:GC[T>G]TA	1	171375.0	323008763
JG0139b	2	74600550	T:GC[T>C]TA	1	548209.0	323556972
JG0139b	2	74828253	N:AC[T>G]CT	1	227703.0	323784675
JG0139b	2	75550262	T:TT[T>G]CA	1	722009.0	324506684
JG0139b	2	75585767	N:GC[T>G]CA	1	35505.0	324542189
JG0139b	2	75831271	N:TC[T>C]TA	1	245504.0	324787693
JG0139b	2	76059372	N:AC[T>C]TA	1	228101.0	325015794
JG0139b	2	76316177	N:AC[T>C]TG	1	256805.0	325272599
JG0139b	2	76651661	N:GC[T>C]TT	1	335484.0	325608083
JG0139b	2	76998018	T:GC[T>G]TC	1	346357.0	325954440
JG0139b	2	77098217	T:AG[T>G]TA	1	100199.0	326054639
JG0139b	2	77218914	T:GC[T>G]CA	1	120697.0	326175336
JG0139b	2	78481580	N:TG[C>A]AA	-1	1262666.0	327438002
JG0139b	2	79157748	T:TC[T>C]TC	1	676168.0	328114170
JG0139b	2	79231906	U:TC[T>A]TG	1	74158.0	328188328
JG0139b	2	79737240	U:AC[T>G]CG	1	505334.0	328693662
JG0139b	2	79846346	U:AG[T>C]CT	1	109106.0	328802768
JG0139b	2	79848808	U:TC[T>C]TG	1	2462.0	328805230
JG0139b	2	79864610	U:GC[T>A]GG	1	15802.0	328821032
JG0139b	2	80037303	U:TC[T>A]CA	1	172693.0	328993725
JG0139b	2	80159467	T:AC[T>G]GA	-1	122164.0	329115889
JG0139b	2	80696262	N:AC[T>G]TA	1	536795.0	329652684
JG0139b	2	81317320	N:AC[T>A]CA	1	621058.0	330273742
JG0139b	2	81322906	N:AG[T>G]GA	1	5586.0	330279328
JG0139b	2	81564332	N:AC[T>C]CC	1	241426.0	330520754
JG0139b	2	81692801	N:AC[T>C]TG	1	128469.0	330649223
JG0139b	2	81817112	N:AC[T>G]AA	1	124311.0	330773534
JG0139b	2	81971395	N:TG[T>G]TA	1	154283.0	330927817
JG0139b	2	81976157	N:GC[T>C]TG	1	4762.0	330932579
JG0139b	2	82183404	N:GA[T>G]TT	1	207247.0	331139826
JG0139b	2	82248653	N:TC[T>G]TA	1	65249.0	331205075
JG0139b	2	82521819	N:TC[T>G]TG	1	273166.0	331478241
JG0139b	2	82568125	N:TC[T>G]TA	1	46306.0	331524547
JG0139b	2	82712313	N:TT[T>G]TA	1	144188.0	331668735
JG0139b	2	82857667	N:CC[T>G]TG	1	145354.0	331814089
JG0139b	2	83393517	N:AC[T>C]CA	1	535850.0	332349939
JG0139b	2	84101700	N:TC[T>C]TA	1	708183.0	333058122
JG0139b	2	84125338	N:AC[T>C]GA	1	23638.0	333081760
JG0139b	2	84301073	N:AC[T>G]TA	1	175735.0	333257495
JG0139b	2	84305423	N:GC[T>C]CA	1	4350.0	333261845
JG0139b	2	84375471	N:GC[T>G]TA	1	70048.0	333331893
JG0139b	2	84733612	U:GC[T>G]TA	1	358141.0	333690034
JG0139b	2	85780048	U:CC[T>C]TG	1	1046436.0	334736470
JG0139b	2	86315554	T:AC[T>C]CA	1	535506.0	335271976
JG0139b	2	86559476	T:AC[T>G]TC	1	243922.0	335515898
JG0139b	2	86672922	T:AC[T>C]AC	1	113446.0	335629344
JG0139b	2	86823303	T:TC[T>C]CA	1	150381.0	335779725
JG0139b	2	88123939	T:AC[T>C]CT	1	1300636.0	337080361
JG0139b	2	88172926	U:AA[T>C]TG	1	48987.0	337129348
JG0139b	2	88186915	N:GA[T>G]TG	1	13989.0	337143337
JG0139b	2	88281682	N:GC[T>C]CC	1	94767.0	337238104
JG0139b	2	88403856	N:AC[T>A]TG	1	122174.0	337360278
JG0139b	2	88405315	N:AC[T>C]TG	1	1459.0	337361737
JG0139b	2	88409325	N:AC[T>G]TT	1	4010.0	337365747
JG0139b	2	88423475	N:TC[T>C]TG	1	14150.0	337379897
JG0139b	2	88439771	N:TC[T>C]TC	1	16296.0	337396193
JG0139b	2	91771744	N:GC[T>C]CT	1	3331973.0	340728166
JG0139b	2	95029810	U:GG[T>A]CC	1	3258066.0	343986232
JG0139b	2	95056177	N:AC[T>C]GA	1	26367.0	344012599
JG0139b	2	95085849	N:AC[T>C]TG	1	29672.0	344042271
JG0139b	2	95257527	U:AC[T>G]TG	1	171678.0	344213949
JG0139b	2	95311065	T:TC[T>C]CG	-1	53538.0	344267487
JG0139b	2	95381869	U:GC[T>C]CG	1	70804.0	344338291
JG0139b	2	95513476	N:TC[T>G]CA	-1	131607.0	344469898
JG0139b	2	95584060	N:CC[T>C]CA	-1	70584.0	344540482
JG0139b	2	95715789	N:AT[T>G]TA	1	131729.0	344672211
JG0139b	2	95724363	N:CT[T>A]CC	1	8574.0	344680785
JG0139b	2	96156894	N:AG[T>G]TG	1	432531.0	345113316
JG0139b	2	96481360	N:GC[T>A]TT	1	324466.0	345437782
JG0139b	2	96642160	N:TC[T>C]CA	1	160800.0	345598582
JG0139b	2	97032712	N:TC[T>C]GG	1	390552.0	345989134
JG0139b	2	97050437	N:TG[T>G]TA	1	17725.0	346006859
JG0139b	2	97929934	T:AC[T>C]TA	1	879497.0	346886356
JG0139b	2	98191477	U:AG[T>G]TA	1	261543.0	347147899
JG0139b	2	98383976	U:CC[T>A]CC	1	192499.0	347340398
JG0139b	2	98752383	N:GA[T>A]TT	1	368407.0	347708805
JG0139b	2	98878366	T:AC[T>G]TA	1	125983.0	347834788
JG0139b	2	99089686	U:GA[T>G]TA	-1	211320.0	348046108
JG0139b	2	99159751	U:GG[T>G]TA	1	70065.0	348116173
JG0139b	2	99279517	N:TC[T>C]CA	1	119766.0	348235939
JG0139b	2	99298859	T:AC[T>C]CA	1	19342.0	348255281
JG0139b	2	99521833	N:TG[T>C]TG	1	222974.0	348478255
JG0139b	2	99590643	T:AC[T>C]GC	1	68810.0	348547065
JG0139b	2	99869789	T:AG[T>C]TA	1	279146.0	348826211
JG0139b	2	99935651	T:CC[T>C]TG	1	65862.0	348892073
JG0139b	2	100046649	T:TG[T>G]TA	1	110998.0	349003071
JG0139b	2	100250415	N:GG[T>A]CA	1	203766.0	349206837
JG0139b	2	100927660	U:TA[T>A]TG	1	677245.0	349884082
JG0139b	2	101015479	B:AC[T>C]TT	1	87819.0	349971901
JG0139b	2	101449474	U:AC[T>C]TT	-1	433995.0	350405896
JG0139b	2	101926874	N:TC[C>T]CA	-1	477400.0	350883296
JG0139b	2	102272546	N:TC[T>A]TG	1	345672.0	351228968
JG0139b	2	102308564	N:AC[T>C]TG	1	36018.0	351264986
JG0139b	2	102418342	N:TA[T>G]TG	1	109778.0	351374764
JG0139b	2	102587687	N:AC[T>A]TG	1	169345.0	351544109
JG0139b	2	102630037	U:AC[T>A]TG	1	42350.0	351586459
JG0139b	2	103128766	N:AG[C>A]AT	-1	498729.0	352085188
JG0139b	2	103212306	N:GC[T>C]TT	1	83540.0	352168728
JG0139b	2	103232469	N:CC[T>C]CT	1	20163.0	352188891
JG0139b	2	103243691	N:TC[T>C]CA	-1	11222.0	352200113
JG0139b	2	103731250	N:AA[T>A]AA	-1	487559.0	352687672
JG0139b	2	103876835	N:TC[T>C]TA	-1	145585.0	352833257
JG0139b	2	104323255	N:GC[T>C]CT	1	446420.0	353279677
JG0139b	2	105375529	T:AC[T>A]TG	1	1052274.0	354331951
JG0139b	2	105622655	N:AC[T>C]TG	1	247126.0	354579077
JG0139b	2	105711553	N:AC[T>G]TT	1	88898.0	354667975
JG0139b	2	105897633	N:GG[T>G]TA	1	186080.0	354854055
JG0139b	2	105898773	N:TC[T>C]TT	1	1140.0	354855195
JG0139b	2	105911032	N:AC[T>G]TA	1	12259.0	354867454
JG0139b	2	105940310	N:TC[T>G]TG	1	29278.0	354896732
JG0139b	2	105952866	N:TC[T>A]TG	1	12556.0	354909288
JG0139b	2	106068341	U:AG[T>A]CC	1	115475.0	355024763
JG0139b	2	106114454	T:AC[T>A]TG	1	46113.0	355070876
JG0139b	2	106731191	N:TC[T>C]GA	1	616737.0	355687613
JG0139b	2	106861727	T:GG[T>A]TC	1	130536.0	355818149
JG0139b	2	107470065	N:TA[T>G]TG	1	608338.0	356426487
JG0139b	2	107566635	N:AG[T>C]CA	1	96570.0	356523057
JG0139b	2	107684722	N:TC[T>G]CT	1	118087.0	356641144
JG0139b	2	107982620	N:GC[T>G]TC	1	297898.0	356939042
JG0139b	2	108208614	N:TC[T>G]CA	1	225994.0	357165036
JG0139b	2	108240091	N:CC[T>A]CA	1	31477.0	357196513
JG0139b	2	108268748	N:TG[T>A]TG	1	28657.0	357225170
JG0139b	2	108312060	N:CC[T>A]CC	1	43312.0	357268482
JG0139b	2	108326592	N:GC[T>A]CT	1	14532.0	357283014
JG0139b	2	108350911	N:GA[T>G]TA	1	24319.0	357307333
JG0139b	2	108558429	U:TC[T>C]CG	1	207518.0	357514851
JG0139b	2	108700340	N:AC[T>G]TG	1	141911.0	357656762
JG0139b	2	109117782	N:GC[T>G]TC	1	417442.0	358074204
JG0139b	2	109318751	U:TC[T>C]CA	1	200969.0	358275173
JG0139b	2	109353300	U:CC[T>G]TA	1	34549.0	358309722
JG0139b	2	109392598	U:GC[T>C]CC	1	39298.0	358349020
JG0139b	2	109414852	U:TC[T>G]TG	1	22254.0	358371274
JG0139b	2	109417791	U:GC[T>C]CT	1	2939.0	358374213
JG0139b	2	109470043	U:TC[T>C]GA	1	52252.0	358426465
JG0139b	2	109490888	U:GC[T>A]GT	1	20845.0	358447310
JG0139b	2	109497287	U:GC[T>C]CA	1	6399.0	358453709
JG0139b	2	109498570	U:AC[T>C]CA	1	1283.0	358454992
JG0139b	2	109586276	T:AC[T>C]TA	1	87706.0	358542698
JG0139b	2	111112920	U:CC[T>G]TG	1	1526644.0	360069342
JG0139b	2	112145878	U:AC[T>G]TA	1	1032958.0	361102300
JG0139b	2	112162092	U:AG[T>G]TC	1	16214.0	361118514
JG0139b	2	112287382	U:AC[T>C]TA	1	125290.0	361243804
JG0139b	2	112651731	U:AC[T>C]TG	1	364349.0	361608153
JG0139b	2	112730003	T:AT[T>G]TA	-1	78272.0	361686425
JG0139b	2	112889450	N:GC[T>C]GC	1	159447.0	361845872
JG0139b	2	113049846	T:AC[T>A]CA	1	160396.0	362006268
JG0139b	2	113759821	N:AC[T>C]CT	1	709975.0	362716243
JG0139b	2	114046595	N:CC[T>G]TG	1	286774.0	363003017
JG0139b	2	114226375	N:CC[T>A]CC	1	179780.0	363182797
JG0139b	2	114452457	U:AC[T>G]TT	1	226082.0	363408879
JG0139b	2	114490437	U:TT[T>C]CC	1	37980.0	363446859
JG0139b	2	114555925	U:AC[T>C]TG	1	65488.0	363512347
JG0139b	2	115011731	U:AC[T>G]TT	1	455806.0	363968153
JG0139b	2	115271557	T:AC[T>G]TA	-1	259826.0	364227979
JG0139b	2	115343607	T:TC[T>A]GG	-1	72050.0	364300029
JG0139b	2	115373185	U:GC[T>G]TG	1	29578.0	364329607
JG0139b	2	115469154	U:TC[T>G]TA	1	95969.0	364425576
JG0139b	2	115750583	T:GC[T>C]TA	-1	281429.0	364707005
JG0139b	2	115805511	U:TC[T>G]TC	1	54928.0	364761933
JG0139b	2	115941412	N:GC[T>C]GG	-1	135901.0	364897834
JG0139b	2	116770716	N:TG[T>G]TA	1	829304.0	365727138
JG0139b	2	116877525	N:TT[T>G]TT	-1	106809.0	365833947
JG0139b	2	117146745	N:AG[T>G]TA	1	269220.0	366103167
JG0139b	2	117390144	N:TC[T>G]CC	1	243399.0	366346566
JG0139b	2	117408485	N:TC[T>C]CT	1	18341.0	366364907
JG0139b	2	117681065	N:AC[T>C]CA	1	272580.0	366637487
JG0139b	2	117688240	N:TC[T>C]CA	1	7175.0	366644662
JG0139b	2	117698590	N:GG[T>C]CC	1	10350.0	366655012
JG0139b	2	117790204	N:AC[T>G]TA	1	91614.0	366746626
JG0139b	2	117801462	N:AC[T>C]AA	1	11258.0	366757884
JG0139b	2	118025920	N:TC[T>C]CG	1	224458.0	366982342
JG0139b	2	118953309	U:AG[T>C]TA	1	927389.0	367909731
JG0139b	2	119147026	N:AG[C>A]TG	1	193717.0	368103448
JG0139b	2	119154328	N:TC[T>G]CA	1	7302.0	368110750
JG0139b	2	119469588	T:GC[T>C]CA	1	315260.0	368426010
JG0139b	2	119743886	N:TC[T>C]TG	1	274298.0	368700308
JG0139b	2	119777727	U:GC[T>G]CA	1	33841.0	368734149
JG0139b	2	119885063	T:TA[T>G]TT	-1	107336.0	368841485
JG0139b	2	119991976	N:GC[T>G]TA	1	106913.0	368948398
JG0139b	2	120075684	U:AC[T>C]TG	1	83708.0	369032106
JG0139b	2	120122294	U:GG[T>C]TT	1	46610.0	369078716
JG0139b	2	120685790	N:TC[T>C]CA	1	563496.0	369642212
JG0139b	2	121027930	N:TC[T>G]CA	1	342140.0	369984352
JG0139b	2	121157420	N:AC[T>A]CA	-1	129490.0	370113842
JG0139b	2	121165393	N:CC[T>G]TG	1	7973.0	370121815
JG0139b	2	121618522	T:AC[T>G]TA	1	453129.0	370574944
JG0139b	2	121985306	N:TC[T>A]TG	1	366784.0	370941728
JG0139b	2	122039674	N:TC[T>G]TG	-1	54368.0	370996096
JG0139b	2	122085247	N:TC[T>A]TA	1	45573.0	371041669
JG0139b	2	122419138	N:AC[T>G]GT	1	333891.0	371375560
JG0139b	2	122503264	N:AC[T>G]TT	1	84126.0	371459686
JG0139b	2	122686725	N:AC[T>A]TA	1	183461.0	371643147
JG0139b	2	122769173	N:AC[T>C]CA	-1	82448.0	371725595
JG0139b	2	122879366	N:TC[T>G]TG	1	110193.0	371835788
JG0139b	2	122991845	N:AA[T>G]TA	1	112479.0	371948267
JG0139b	2	123021010	N:TC[T>A]TG	1	29165.0	371977432
JG0139b	2	123048394	N:TC[T>A]CA	1	27384.0	372004816
JG0139b	2	123133574	N:GC[T>C]TG	1	85180.0	372089996
JG0139b	2	123975458	N:GC[T>C]AA	-1	841884.0	372931880
JG0139b	2	125678759	N:TC[T>C]TG	1	1703301.0	374635181
JG0139b	2	125854058	N:GT[T>G]TG	1	175299.0	374810480
JG0139b	2	126490970	N:GA[T>G]TA	-1	636912.0	375447392
JG0139b	2	126538403	N:TC[T>C]CC	-1	47433.0	375494825
JG0139b	2	126930087	N:GC[T>G]TT	1	391684.0	375886509
JG0139b	2	127735247	T:TC[T>C]CA	1	805160.0	376691669
JG0139b	2	127972221	T:GC[T>C]CA	1	236974.0	376928643
JG0139b	2	128078983	N:GC[T>G]CA	1	106762.0	377035405
JG0139b	2	128155144	U:GG[T>G]TG	1	76161.0	377111566
JG0139b	2	128352506	N:CC[T>G]TA	-1	197362.0	377308928
JG0139b	2	128507939	N:TC[T>G]TT	1	155433.0	377464361
JG0139b	2	128739861	N:TC[T>C]CC	1	231922.0	377696283
JG0139b	2	129122102	N:TC[T>C]TT	1	382241.0	378078524
JG0139b	2	130163892	T:AC[T>C]CG	1	1041790.0	379120314
JG0139b	2	130240906	N:GC[T>A]GG	-1	77014.0	379197328
JG0139b	2	130254033	N:AC[T>A]GG	1	13127.0	379210455
JG0139b	2	132043651	N:GC[T>G]AG	-1	1789618.0	381000073
JG0139b	2	133897403	N:CC[C>G]AG	1	1853752.0	382853825
JG0139b	2	133992496	N:TC[T>G]TC	1	95093.0	382948918
JG0139b	2	134274438	T:GT[T>G]CA	-1	281942.0	383230860
JG0139b	2	134481617	T:CG[T>C]GA	1	207179.0	383438039
JG0139b	2	134658665	T:TC[T>G]TG	1	177048.0	383615087
JG0139b	2	134924453	U:TC[T>G]TT	1	265788.0	383880875
JG0139b	2	135061296	U:AG[T>A]AA	1	136843.0	384017718
JG0139b	2	135190245	U:AC[T>C]CT	-1	128949.0	384146667
JG0139b	2	135401133	T:AC[T>G]TA	1	210888.0	384357555
JG0139b	2	135539584	T:GG[T>G]TG	-1	138451.0	384496006
JG0139b	2	135798161	U:GC[T>C]GT	-1	258577.0	384754583
JG0139b	2	135852377	U:GA[T>G]TG	-1	54216.0	384808799
JG0139b	2	135957697	T:AC[T>G]CA	1	105320.0	384914119
JG0139b	2	136098742	N:TC[T>A]CT	1	141045.0	385055164
JG0139b	2	136101352	N:TG[T>G]TA	-1	2610.0	385057774
JG0139b	2	136149370	N:TC[T>A]TG	-1	48018.0	385105792
JG0139b	2	136257449	N:AC[T>G]TC	1	108079.0	385213871
JG0139b	2	136261103	N:GC[T>C]TT	1	3654.0	385217525
JG0139b	2	136288635	N:AC[T>A]CA	-1	27532.0	385245057
JG0139b	2	136351322	N:TC[T>G]TT	1	62687.0	385307744
JG0139b	2	136440202	N:CC[T>C]CT	-1	88880.0	385396624
JG0139b	2	136464655	N:TC[T>G]GA	-1	24453.0	385421077
JG0139b	2	136838742	T:CC[T>C]CA	-1	374087.0	385795164
JG0139b	2	137016471	T:AC[T>G]TA	-1	177729.0	385972893
JG0139b	2	137265846	T:GC[T>C]TA	-1	249375.0	386222268
JG0139b	2	137448650	U:AA[T>G]TA	1	182804.0	386405072
JG0139b	2	137491811	T:TT[T>G]TT	-1	43161.0	386448233
JG0139b	2	137568813	T:TC[T>C]CA	-1	77002.0	386525235
JG0139b	2	137617353	U:GG[T>C]CT	1	48540.0	386573775
JG0139b	2	137642523	T:GG[T>C]TG	-1	25170.0	386598945
JG0139b	2	137655073	T:GG[T>G]TG	-1	12550.0	386611495
JG0139b	2	138221642	N:GA[T>G]TT	1	566569.0	387178064
JG0139b	2	138476347	N:TA[T>G]TA	1	254705.0	387432769
JG0139b	2	138645136	N:TC[T>G]TT	1	168789.0	387601558
JG0139b	2	138649405	N:AC[T>G]TA	1	4269.0	387605827
JG0139b	2	138818477	N:AC[T>C]CA	-1	169072.0	387774899
JG0139b	2	138928951	N:TC[T>G]TA	-1	110474.0	387885373
JG0139b	2	139143650	N:AT[T>G]TA	-1	214699.0	388100072
JG0139b	2	139259098	N:AT[T>G]TT	1	115448.0	388215520
JG0139b	2	139418002	N:AA[T>C]TT	-1	158904.0	388374424
JG0139b	2	139800552	N:TC[T>G]TA	1	382550.0	388756974
JG0139b	2	139822009	N:TG[T>G]TA	1	21457.0	388778431
JG0139b	2	140352391	T:TG[T>G]TC	1	530382.0	389308813
JG0139b	2	140454780	U:CA[C>G]TT	-1	102389.0	389411202
JG0139b	2	140806355	T:CC[T>G]TA	1	351575.0	389762777
JG0139b	2	141007240	U:TC[T>C]TA	-1	200885.0	389963662
JG0139b	2	141089705	T:AG[T>G]TG	1	82465.0	390046127
JG0139b	2	141529157	U:AC[T>C]TA	-1	439452.0	390485579
JG0139b	2	141591758	U:GC[T>C]TA	-1	62601.0	390548180
JG0139b	2	141628952	U:TG[T>A]TC	-1	37194.0	390585374
JG0139b	2	141662122	U:GC[T>G]TG	-1	33170.0	390618544
JG0139b	2	141981759	U:AC[T>G]TA	-1	319637.0	390938181
JG0139b	2	142315223	N:GG[T>C]TG	-1	333464.0	391271645
JG0139b	2	142321147	N:GC[T>C]GA	-1	5924.0	391277569
JG0139b	2	142373153	N:GG[T>C]CT	-1	52006.0	391329575
JG0139b	2	142397675	N:TC[T>G]TG	-1	24522.0	391354097
JG0139b	2	142462349	N:AC[T>C]TG	-1	64674.0	391418771
JG0139b	2	142531356	N:CC[T>C]GG	-1	69007.0	391487778
JG0139b	2	142645823	N:TG[T>A]TG	-1	114467.0	391602245
JG0139b	2	142813107	N:AC[T>G]TC	1	167284.0	391769529
JG0139b	2	142835477	N:AC[T>C]TC	1	22370.0	391791899
JG0139b	2	143141925	T:AC[T>G]TA	-1	306448.0	392098347
JG0139b	2	143174420	U:AC[T>A]AA	1	32495.0	392130842
JG0139b	2	143198228	T:AC[T>G]TA	-1	23808.0	392154650
JG0139b	2	143211589	U:AG[T>G]TA	1	13361.0	392168011
JG0139b	2	143698545	T:TC[T>C]CA	-1	486956.0	392654967
JG0139b	2	144465674	U:AC[T>A]TG	-1	767129.0	393422096
JG0139b	2	144690206	N:AC[T>C]CT	-1	224532.0	393646628
JG0139b	2	145025514	N:GC[T>A]CT	-1	335308.0	393981936
JG0139b	2	145080198	N:AC[T>G]TG	-1	54684.0	394036620
JG0139b	2	145102106	N:AC[C>A]AA	-1	21908.0	394058528
JG0139b	2	145208864	N:CC[T>G]TG	-1	106758.0	394165286
JG0139b	2	145286096	N:AC[T>G]CA	1	77232.0	394242518
JG0139b	2	145999229	N:TC[T>C]TC	-1	713133.0	394955651
JG0139b	2	145999323	N:AC[T>G]TC	-1	94.0	394955745
JG0139b	2	146070482	N:TC[T>C]TA	-1	71159.0	395026904
JG0139b	2	146139992	N:AC[T>G]TG	-1	69510.0	395096414
JG0139b	2	146305670	N:TC[T>A]TA	-1	165678.0	395262092
JG0139b	2	146374760	N:AC[T>G]TA	1	69090.0	395331182
JG0139b	2	146564888	N:GC[T>C]TA	-1	190128.0	395521310
JG0139b	2	146904011	N:GC[T>A]TC	-1	339123.0	395860433
JG0139b	2	147540460	N:TC[T>C]CT	-1	636449.0	396496882
JG0139b	2	148133357	T:TC[T>A]TG	-1	592897.0	397089779
JG0139b	2	148140892	T:TC[T>C]TA	-1	7535.0	397097314
JG0139b	2	148201566	U:TC[T>C]GC	1	60674.0	397157988
JG0139b	2	148429347	T:TG[T>A]TG	-1	227781.0	397385769
JG0139b	2	150008903	N:AC[T>C]CA	-1	1579556.0	398965325
JG0139b	2	150116601	N:CC[T>G]TC	1	107698.0	399073023
JG0139b	2	150251999	N:TC[T>C]CA	1	135398.0	399208421
JG0139b	2	150377617	N:TT[C>G]CA	-1	125618.0	399334039
JG0139b	2	150552280	N:TC[T>G]TT	1	174663.0	399508702
JG0139b	2	150953608	N:GG[T>A]TG	-1	401328.0	399910030
JG0139b	2	151045673	N:GC[T>C]GA	-1	92065.0	400002095
JG0139b	2	151225097	N:AC[T>G]TG	1	179424.0	400181519
JG0139b	2	151296268	N:GC[T>C]CG	-1	71171.0	400252690
JG0139b	2	151386725	N:TG[T>C]CA	-1	90457.0	400343147
JG0139b	2	151420690	U:TC[T>A]CA	1	33965.0	400377112
JG0139b	2	151550496	U:GT[C>T]AA	-1	129806.0	400506918
JG0139b	2	151877813	U:AG[T>A]TT	-1	327317.0	400834235
JG0139b	2	152052903	U:GG[T>G]TC	-1	175090.0	401009325
JG0139b	2	152227461	N:TC[T>G]TA	-1	174558.0	401183883
JG0139b	2	152505979	T:AC[T>C]TA	-1	278518.0	401462401
JG0139b	2	152703702	T:AC[T>G]TA	1	197723.0	401660124
JG0139b	2	153124632	N:AC[T>C]GA	-1	420930.0	402081054
JG0139b	2	153131927	N:TC[T>G]TC	-1	7295.0	402088349
JG0139b	2	153382287	N:GC[T>G]TA	-1	250360.0	402338709
JG0139b	2	153749666	N:AC[T>C]TA	1	367379.0	402706088
JG0139b	2	153794003	N:AC[T>G]TT	1	44337.0	402750425
JG0139b	2	154277655	U:AC[T>C]GT	1	483652.0	403234077
JG0139b	2	154397969	U:CC[T>G]CA	1	120314.0	403354391
JG0139b	2	154420035	T:TC[T>C]GG	-1	22066.0	403376457
JG0139b	2	154596161	N:AA[T>A]TT	1	176126.0	403552583
JG0139b	2	154596165	N:TC[T>A]GA	1	4.0	403552587
JG0139b	2	154640704	N:TG[T>C]TC	-1	44539.0	403597126
JG0139b	2	154784104	T:TG[T>G]TG	-1	143400.0	403740526
JG0139b	2	154872866	N:TA[T>G]TG	-1	88762.0	403829288
JG0139b	2	155101663	N:CC[T>G]TG	1	228797.0	404058085
JG0139b	2	155204194	N:AC[T>G]TA	1	102531.0	404160616
JG0139b	2	155277433	N:CC[T>C]TG	-1	73239.0	404233855
JG0139b	2	155293926	N:TC[T>C]TG	-1	16493.0	404250348
JG0139b	2	155386307	N:TC[T>C]GA	1	92381.0	404342729
JG0139b	2	155665674	N:GG[T>G]TA	-1	279367.0	404622096
JG0139b	2	155691453	N:TC[T>G]TT	1	25779.0	404647875
JG0139b	2	155877346	N:GC[T>G]TT	-1	185893.0	404833768
JG0139b	2	155933334	N:TC[T>C]AA	1	55988.0	404889756
JG0139b	2	156006124	N:AC[T>C]TG	-1	72790.0	404962546
JG0139b	2	156226199	N:GC[T>C]TT	-1	220075.0	405182621
JG0139b	2	156273029	N:GG[T>C]TA	-1	46830.0	405229451
JG0139b	2	156323879	N:TC[T>A]TT	-1	50850.0	405280301
JG0139b	2	156492906	T:AC[T>C]TT	-1	169027.0	405449328
JG0139b	2	156599923	N:AC[T>G]GA	-1	107017.0	405556345
JG0139b	2	156787130	N:TT[T>G]TT	1	187207.0	405743552
JG0139b	2	156879262	N:CC[T>G]TT	1	92132.0	405835684
JG0139b	2	156918558	N:AG[T>A]AC	-1	39296.0	405874980
JG0139b	2	156932561	N:AC[T>A]TG	1	14003.0	405888983
JG0139b	2	157024630	N:TC[T>A]CT	1	92069.0	405981052
JG0139b	2	157067374	N:TC[T>G]TC	-1	42744.0	406023796
JG0139b	2	157080599	N:TG[T>C]TA	-1	13225.0	406037021
JG0139b	2	157102743	N:CC[T>G]TA	-1	22144.0	406059165
JG0139b	2	157160802	N:AC[T>A]TA	-1	58059.0	406117224
JG0139b	2	157171688	N:AC[T>G]TG	-1	10886.0	406128110
JG0139b	2	157176229	N:TC[T>C]TG	-1	4541.0	406132651
JG0139b	2	157199887	N:GC[T>C]TT	-1	23658.0	406156309
JG0139b	2	157431179	U:AC[T>C]TT	-1	231292.0	406387601
JG0139b	2	157474092	U:AC[T>C]TA	-1	42913.0	406430514
JG0139b	2	157482360	U:AC[T>G]TG	-1	8268.0	406438782
JG0139b	2	157495345	N:GC[T>C]CA	-1	12985.0	406451767
JG0139b	2	157573647	U:AC[T>C]GG	-1	78302.0	406530069
JG0139b	2	157574230	U:AC[T>G]TC	-1	583.0	406530652
JG0139b	2	157578590	U:AC[T>G]TC	-1	4360.0	406535012
JG0139b	2	157646620	N:AC[T>C]AG	-1	68030.0	406603042
JG0139b	2	158042649	T:TC[T>C]TG	-1	396029.0	406999071
JG0139b	2	158062271	T:TC[T>G]TA	-1	19622.0	407018693
JG0139b	2	158101769	T:GC[T>C]CT	-1	39498.0	407058191
JG0139b	2	158194488	U:GC[T>C]TT	-1	92719.0	407150910
JG0139b	2	158242992	T:TC[T>A]GA	1	48504.0	407199414
JG0139b	2	158258243	U:AC[T>G]TA	-1	15251.0	407214665
JG0139b	2	158284990	U:TC[T>A]TA	-1	26747.0	407241412
JG0139b	2	158331911	U:TC[T>C]CT	-1	46921.0	407288333
JG0139b	2	158388445	U:AC[T>C]TG	-1	56534.0	407344867
JG0139b	2	158390416	U:TC[T>A]CA	-1	1971.0	407346838
JG0139b	2	158416671	U:AC[T>C]TG	-1	26255.0	407373093
JG0139b	2	158501308	T:AG[T>C]TG	-1	84637.0	407457730
JG0139b	2	158502501	T:AC[T>A]CA	-1	1193.0	407458923
JG0139b	2	158671138	T:GC[T>A]TA	-1	168637.0	407627560
JG0139b	2	158721540	N:TC[T>C]TC	-1	50402.0	407677962
JG0139b	2	158761342	N:AC[T>G]TT	1	39802.0	407717764
JG0139b	2	159298207	N:GC[T>A]TG	-1	536865.0	408254629
JG0139b	2	159443796	T:TC[T>G]CC	1	145589.0	408400218
JG0139b	2	159650325	N:TC[T>C]GG	1	206529.0	408606747
JG0139b	2	160076602	N:TC[T>G]TA	-1	426277.0	409033024
JG0139b	2	160149940	U:TC[T>C]TG	-1	73338.0	409106362
JG0139b	2	161126734	N:TC[T>G]TT	1	976794.0	410083156
JG0139b	2	161137568	T:AC[T>G]TA	-1	10834.0	410093990
JG0139b	2	161608187	N:GC[T>G]TA	-1	470619.0	410564609
JG0139b	2	161694730	T:GG[T>C]TA	-1	86543.0	410651152
JG0139b	2	161908573	T:AG[T>G]TT	-1	213843.0	410864995
JG0139b	2	162087000	N:AC[T>G]TG	-1	178427.0	411043422
JG0139b	2	162264167	N:TC[T>G]TA	1	177167.0	411220589
JG0139b	2	162279547	U:TC[T>A]TA	-1	15380.0	411235969
JG0139b	2	162283561	T:AG[T>C]TT	1	4014.0	411239983
JG0139b	2	162359347	U:AG[T>G]TT	1	75786.0	411315769
JG0139b	2	162601016	T:TC[T>A]TT	1	241669.0	411557438
JG0139b	2	162617400	U:GG[T>G]TC	-1	16384.0	411573822
JG0139b	2	163070809	N:TC[T>C]TA	1	453409.0	412027231
JG0139b	2	163073445	N:AC[T>G]TA	-1	2636.0	412029867
JG0139b	2	163341404	N:AC[T>G]TA	-1	267959.0	412297826
JG0139b	2	163811272	N:AC[T>C]GA	1	469868.0	412767694
JG0139b	2	164192306	N:GC[T>C]CA	-1	381034.0	413148728
JG0139b	2	164750742	T:GC[T>G]TG	1	558436.0	413707164
JG0139b	2	164777410	T:TC[T>G]TT	1	26668.0	413733832
JG0139b	2	165461222	N:TA[T>C]TA	-1	683812.0	414417644
JG0139b	2	165559956	T:GC[T>A]TG	-1	98734.0	414516378
JG0139b	2	165637594	T:AC[T>A]TA	-1	77638.0	414594016
JG0139b	2	165772290	U:TC[T>G]TA	-1	134696.0	414728712
JG0139b	2	165847706	N:AC[T>C]CT	-1	75416.0	414804128
JG0139b	2	165874144	U:GC[T>C]TG	-1	26438.0	414830566
JG0139b	2	165885709	U:AC[T>C]CA	-1	11565.0	414842131
JG0139b	2	166116151	U:AG[T>G]TA	-1	230442.0	415072573
JG0139b	2	166244104	T:AC[T>G]CG	1	127953.0	415200526
JG0139b	2	166424251	T:TG[T>G]TA	1	180147.0	415380673
JG0139b	2	166559773	N:CA[T>G]TA	-1	135522.0	415516195
JG0139b	2	166601342	N:AC[T>G]TT	-1	41569.0	415557764
JG0139b	2	166724687	N:GC[T>C]TG	-1	123345.0	415681109
JG0139b	2	166750714	N:AC[T>C]TA	-1	26027.0	415707136
JG0139b	2	166767340	N:TG[T>C]CA	-1	16626.0	415723762
JG0139b	2	166800865	N:TG[T>G]TT	-1	33525.0	415757287
JG0139b	2	167035369	T:CC[T>A]TT	-1	234504.0	415991791
JG0139b	2	167059419	T:AG[T>C]TA	-1	24050.0	416015841
JG0139b	2	167059959	T:TC[T>A]CT	-1	540.0	416016381
JG0139b	2	167065028	U:AC[T>C]TG	1	5069.0	416021450
JG0139b	2	167124912	T:TC[T>C]GG	-1	59884.0	416081334
JG0139b	2	167460110	N:AC[T>G]TG	1	335198.0	416416532
JG0139b	2	167462611	N:TC[T>C]TC	-1	2501.0	416419033
JG0139b	2	167485878	N:CC[T>A]GA	-1	23267.0	416442300
JG0139b	2	167496053	N:AC[T>A]TG	-1	10175.0	416452475
JG0139b	2	167681197	N:AG[T>G]TA	-1	185144.0	416637619
JG0139b	2	167757305	N:AG[T>A]TG	-1	76108.0	416713727
JG0139b	2	167811311	N:AC[T>G]CA	1	54006.0	416767733
JG0139b	2	167898810	N:AC[T>G]TA	-1	87499.0	416855232
JG0139b	2	168075630	U:GC[T>A]CA	-1	176820.0	417032052
JG0139b	2	168264847	N:AC[T>A]TG	-1	189217.0	417221269
JG0139b	2	168507924	U:CC[T>G]TA	1	243077.0	417464346
JG0139b	2	168677766	T:TC[T>C]CA	-1	169842.0	417634188
JG0139b	2	168692447	T:TC[T>C]CA	-1	14681.0	417648869
JG0139b	2	168697246	U:GC[T>G]TG	1	4799.0	417653668
JG0139b	2	168706951	T:TC[T>G]TA	-1	9705.0	417663373
JG0139b	2	168713273	T:AC[T>C]GA	-1	6322.0	417669695
JG0139b	2	168795014	U:AG[T>G]TG	1	81741.0	417751436
JG0139b	2	168821973	T:AC[T>C]TA	-1	26959.0	417778395
JG0139b	2	168977814	U:TC[T>C]CA	-1	155841.0	417934236
JG0139b	2	169009134	U:AC[T>G]TT	-1	31320.0	417965556
JG0139b	2	169092035	T:TG[T>C]TA	-1	82901.0	418048457
JG0139b	2	169106254	N:GC[T>C]CG	-1	14219.0	418062676
JG0139b	2	169111216	N:AC[T>G]CG	-1	4962.0	418067638
JG0139b	2	169124200	N:TC[T>C]TG	-1	12984.0	418080622
JG0139b	2	169141220	U:AC[T>C]GA	-1	17020.0	418097642
JG0139b	2	169275007	U:GC[T>G]TG	-1	133787.0	418231429
JG0139b	2	169773765	T:AG[T>G]TT	-1	498758.0	418730187
JG0139b	2	170200288	T:TC[T>G]TA	-1	426523.0	419156710
JG0139b	2	170775260	N:TC[T>C]CT	1	574972.0	419731682
JG0139b	2	171015627	T:AC[T>G]TT	1	240367.0	419972049
JG0139b	2	171020129	U:AC[T>A]TT	-1	4502.0	419976551
JG0139b	2	171081612	T:TC[T>C]GA	1	61483.0	420038034
JG0139b	2	171096132	U:TC[T>C]TC	-1	14520.0	420052554
JG0139b	2	171921863	N:GC[T>G]AA	1	825731.0	420878285
JG0139b	2	172346342	N:AC[T>G]AA	1	424479.0	421302764
JG0139b	2	172704444	N:GC[T>C]TA	1	358102.0	421660866
JG0139b	2	172896752	T:GC[T>G]TG	-1	192308.0	421853174
JG0139b	2	173237526	U:GG[T>G]TG	1	340774.0	422193948
JG0139b	2	173264813	T:AC[T>G]TC	-1	27287.0	422221235
JG0139b	2	173501360	N:GC[T>A]TT	1	236547.0	422457782
JG0139b	2	173999229	N:AC[T>A]CA	-1	497869.0	422955651
JG0139b	2	174047373	N:TC[T>A]CA	-1	48144.0	423003795
JG0139b	2	174204366	T:GC[T>A]CT	1	156993.0	423160788
JG0139b	2	174957117	T:TC[T>C]AA	1	752751.0	423913539
JG0139b	2	175341473	N:TA[T>G]TA	1	384356.0	424297895
JG0139b	2	175349942	N:GG[T>C]CA	-1	8469.0	424306364
JG0139b	2	175401576	N:AC[T>G]TA	-1	51634.0	424357998
JG0139b	2	175526935	N:GC[T>C]TA	-1	125359.0	424483357
JG0139b	2	175532888	N:TC[T>C]TT	-1	5953.0	424489310
JG0139b	2	175548138	N:TC[T>C]TG	-1	15250.0	424504560
JG0139b	2	175587030	N:AC[T>C]GA	-1	38892.0	424543452
JG0139b	2	175627981	N:AC[T>G]CA	-1	40951.0	424584403
JG0139b	2	176190686	T:AC[T>C]CA	-1	562705.0	425147108
JG0139b	2	176270875	T:TC[T>A]CA	-1	80189.0	425227297
JG0139b	2	176343037	N:AG[T>A]TA	-1	72162.0	425299459
JG0139b	2	176379590	N:TC[T>C]TG	-1	36553.0	425336012
JG0139b	2	176781620	N:AC[T>C]CA	-1	402030.0	425738042
JG0139b	2	179096752	N:AG[T>G]CC	1	2315132.0	428053174
JG0139b	2	179409959	N:AC[T>G]TA	1	313207.0	428366381
JG0139b	2	180207993	N:AC[T>G]TA	-1	798034.0	429164415
JG0139b	2	180483024	N:AG[T>A]TG	1	275031.0	429439446
JG0139b	2	181439794	N:TC[T>G]TC	1	956770.0	430396216
JG0139b	2	181532624	U:GC[T>G]TA	1	92830.0	430489046
JG0139b	2	181617223	T:TG[T>G]TA	1	84599.0	430573645
JG0139b	2	182123479	T:AC[T>C]TT	-1	506256.0	431079901
JG0139b	2	182187202	U:AC[T>G]TT	-1	63723.0	431143624
JG0139b	2	182246828	U:TC[T>C]CC	-1	59626.0	431203250
JG0139b	2	183208490	N:AA[T>G]GA	1	961662.0	432164912
JG0139b	2	183323443	N:AG[T>G]TA	1	114953.0	432279865
JG0139b	2	183553684	N:TC[T>C]TG	-1	230241.0	432510106
JG0139b	2	183774328	N:TC[T>C]TG	-1	220644.0	432730750
JG0139b	2	183892126	N:CC[T>A]CG	-1	117798.0	432848548
JG0139b	2	183910178	N:TC[T>A]CA	-1	18052.0	432866600
JG0139b	2	183933597	N:TC[T>C]TG	-1	23419.0	432890019
JG0139b	2	184257472	N:TG[T>G]TA	-1	323875.0	433213894
JG0139b	2	184311195	N:TC[T>G]TC	-1	53723.0	433267617
JG0139b	2	184475885	N:AC[T>C]CA	-1	164690.0	433432307
JG0139b	2	184639911	T:TC[T>C]CC	-1	164026.0	433596333
JG0139b	2	184877357	T:AA[T>G]TT	-1	237446.0	433833779
JG0139b	2	184912574	T:AG[T>C]TA	-1	35217.0	433868996
JG0139b	2	185058955	N:AG[T>A]CC	-1	146381.0	434015377
JG0139b	2	185160978	N:TC[T>G]TA	1	102023.0	434117400
JG0139b	2	185407846	N:AC[T>C]CC	-1	246868.0	434364268
JG0139b	2	185410273	N:AC[T>G]TC	-1	2427.0	434366695
JG0139b	2	185415959	N:GC[T>C]GG	-1	5686.0	434372381
JG0139b	2	185461032	N:AC[T>C]TT	-1	45073.0	434417454
JG0139b	2	185569959	N:AC[T>A]CA	-1	108927.0	434526381
JG0139b	2	185639430	N:AG[T>G]TA	-1	69471.0	434595852
JG0139b	2	185975257	N:AC[T>G]TA	-1	335827.0	434931679
JG0139b	2	186151767	N:TC[T>G]TA	-1	176510.0	435108189
JG0139b	2	186262706	N:AC[T>C]TA	-1	110939.0	435219128
JG0139b	2	186276289	N:TC[T>C]TA	-1	13583.0	435232711
JG0139b	2	186375355	N:TC[T>A]GC	-1	99066.0	435331777
JG0139b	2	186821121	N:TC[T>G]TC	-1	445766.0	435777543
JG0139b	2	187079618	N:CC[T>C]CA	-1	258497.0	436036040
JG0139b	2	187168417	N:AC[T>A]TG	-1	88799.0	436124839
JG0139b	2	187182740	N:AC[T>A]CA	-1	14323.0	436139162
JG0139b	2	187260638	N:TC[T>C]TA	-1	77898.0	436217060
JG0139b	2	187328211	N:TC[T>C]CT	-1	67573.0	436284633
JG0139b	2	187403134	U:AC[T>C]TG	-1	74923.0	436359556
JG0139b	2	188456952	T:TC[T>G]TA	-1	1053818.0	437413374
JG0139b	2	188547413	U:GG[T>G]CC	1	90461.0	437503835
JG0139b	2	188738577	T:AC[T>G]TT	1	191164.0	437694999
JG0139b	2	188887509	N:TC[T>G]TC	-1	148932.0	437843931
JG0139b	2	189583316	U:AC[T>G]TA	-1	695807.0	438539738
JG0139b	2	189638786	N:AG[T>A]GG	-1	55470.0	438595208
JG0139b	2	189823477	T:AC[T>A]TG	-1	184691.0	438779899
JG0139b	2	189940047	N:CC[T>C]CG	-1	116570.0	438896469
JG0139b	2	189966192	N:CC[T>C]TT	-1	26145.0	438922614
JG0139b	2	190019117	N:GC[T>G]CA	1	52925.0	438975539
JG0139b	2	190388102	N:AC[T>A]TA	-1	368985.0	439344524
JG0139b	2	190750498	N:GC[T>C]TA	-1	362396.0	439706920
JG0139b	2	190868279	N:AC[T>G]CA	-1	117781.0	439824701
JG0139b	2	190948526	T:TT[T>G]TG	-1	80247.0	439904948
JG0139b	2	190982295	U:TG[T>G]TA	-1	33769.0	439938717
JG0139b	2	191193456	N:AC[T>G]TA	-1	211161.0	440149878
JG0139b	2	191717494	N:AA[T>G]TG	1	524038.0	440673916
JG0139b	2	191802239	N:TC[T>G]TC	1	84745.0	440758661
JG0139b	2	192026758	U:AC[T>C]TC	-1	224519.0	440983180
JG0139b	2	192746232	N:GC[T>G]TA	-1	719474.0	441702654
JG0139b	2	193190208	N:AC[T>A]TG	-1	443976.0	442146630
JG0139b	2	193228558	N:GC[T>C]TG	-1	38350.0	442184980
JG0139b	2	193361931	N:AC[T>G]TC	-1	133373.0	442318353
JG0139b	2	193464702	N:AA[T>G]TA	-1	102771.0	442421124
JG0139b	2	193613885	N:AC[T>G]TG	-1	149183.0	442570307
JG0139b	2	193721609	N:AA[T>A]TT	1	107724.0	442678031
JG0139b	2	194030062	N:AC[T>G]CA	1	308453.0	442986484
JG0139b	2	194031870	N:TC[T>C]TT	-1	1808.0	442988292
JG0139b	2	194110850	N:AC[T>G]TG	1	78980.0	443067272
JG0139b	2	194199153	N:TC[T>C]TG	-1	88303.0	443155575
JG0139b	2	194255208	N:GC[T>C]GC	-1	56055.0	443211630
JG0139b	2	194594267	N:GC[T>C]TA	-1	339059.0	443550689
JG0139b	2	194647308	N:TC[T>C]CA	-1	53041.0	443603730
JG0139b	2	194800373	N:AC[T>G]TA	-1	153065.0	443756795
JG0139b	2	194864767	N:CC[T>C]TG	-1	64394.0	443821189
JG0139b	2	194894490	N:CC[T>G]TC	-1	29723.0	443850912
JG0139b	2	194900499	N:AC[T>A]TA	-1	6009.0	443856921
JG0139b	2	194935835	N:AG[T>G]TA	-1	35336.0	443892257
JG0139b	2	195143947	N:TC[T>G]TG	-1	208112.0	444100369
JG0139b	2	195197361	N:AC[T>A]TT	-1	53414.0	444153783
JG0139b	2	195359682	N:CC[T>G]CG	-1	162321.0	444316104
JG0139b	2	195431887	N:AC[T>G]TG	-1	72205.0	444388309
JG0139b	2	195486886	N:AC[T>A]TA	-1	54999.0	444443308
JG0139b	2	195804229	T:TC[T>G]TC	1	317343.0	444760651
JG0139b	2	195807237	U:GG[T>G]TG	-1	3008.0	444763659
JG0139b	2	195901197	U:AC[T>G]TA	-1	93960.0	444857619
JG0139b	2	195943411	U:AC[T>C]CA	-1	42214.0	444899833
JG0139b	2	195976326	U:TC[T>A]TA	-1	32915.0	444932748
JG0139b	2	196023957	U:TC[T>C]GA	-1	47631.0	444980379
JG0139b	2	196034981	U:TC[T>A]CA	-1	11024.0	444991403
JG0139b	2	196081484	N:CC[T>C]TA	-1	46503.0	445037906
JG0139b	2	196122934	N:AC[T>G]TC	1	41450.0	445079356
JG0139b	2	196140347	U:GC[T>C]CA	-1	17413.0	445096769
JG0139b	2	196197619	U:TC[T>A]TA	-1	57272.0	445154041
JG0139b	2	196244592	T:TG[T>G]TA	1	46973.0	445201014
JG0139b	2	196375470	T:AC[T>G]TT	1	130878.0	445331892
JG0139b	2	196449401	U:AC[T>C]TC	-1	73931.0	445405823
JG0139b	2	196512757	T:TC[T>C]CA	1	63356.0	445469179
JG0139b	2	196566599	T:TC[T>C]TG	1	53842.0	445523021
JG0139b	2	196567301	U:GC[T>C]TA	-1	702.0	445523723
JG0139b	2	196569919	T:AC[T>G]TG	1	2618.0	445526341
JG0139b	2	196570422	T:TG[T>G]TT	1	503.0	445526844
JG0139b	2	196596394	N:AC[T>C]GC	-1	25972.0	445552816
JG0139b	2	196811828	N:GC[T>C]CA	-1	215434.0	445768250
JG0139b	2	196881669	T:TC[T>G]TT	1	69841.0	445838091
JG0139b	2	196921678	U:GC[T>G]TT	-1	40009.0	445878100
JG0139b	2	197196220	T:TG[T>G]TA	1	274542.0	446152642
JG0139b	2	197215832	T:AC[T>G]TA	1	19612.0	446172254
JG0139b	2	197507307	T:GG[T>G]TA	1	291475.0	446463729
JG0139b	2	197905941	T:AC[T>C]TA	-1	398634.0	446862363
JG0139b	2	198003962	T:AC[T>C]TT	-1	98021.0	446960384
JG0139b	2	198170349	N:CC[T>G]TA	-1	166387.0	447126771
JG0139b	2	198648002	N:TC[T>G]TA	-1	477653.0	447604424
JG0139b	2	198764723	N:TC[T>A]CA	1	116721.0	447721145
JG0139b	2	198798713	N:TT[T>G]TA	-1	33990.0	447755135
JG0139b	2	199037824	N:GC[T>C]TA	1	239111.0	447994246
JG0139b	2	199126231	N:TC[T>G]TT	1	88407.0	448082653
JG0139b	2	199140254	N:TC[T>G]TG	1	14023.0	448096676
JG0139b	2	199220969	N:AC[T>G]TA	-1	80715.0	448177391
JG0139b	2	199545031	N:TC[T>C]TG	1	324062.0	448501453
JG0139b	2	200122103	N:AC[T>C]CT	-1	577072.0	449078525
JG0139b	2	200390040	T:AC[T>C]TG	-1	267937.0	449346462
JG0139b	2	200432859	T:AC[T>C]TG	-1	42819.0	449389281
JG0139b	2	200540199	T:AC[T>G]GA	-1	107340.0	449496621
JG0139b	2	200652810	T:GA[T>G]TA	-1	112611.0	449609232
JG0139b	2	200686062	N:CC[T>C]TG	-1	33252.0	449642484
JG0139b	2	201371016	N:TC[T>A]GC	-1	684954.0	450327438
JG0139b	2	201420712	B:TG[T>C]TT	-1	49696.0	450377134
JG0139b	2	201550114	U:GC[T>C]TA	-1	129402.0	450506536
JG0139b	2	201565150	U:CC[T>C]CA	-1	15036.0	450521572
JG0139b	2	202009670	N:TG[T>G]CT	1	444520.0	450966092
JG0139b	2	202165954	U:GC[T>G]CT	1	156284.0	451122376
JG0139b	2	202630546	N:AA[C>G]TC	1	464592.0	451586968
JG0139b	2	202703813	T:AC[T>C]GA	-1	73267.0	451660235
JG0139b	2	202805451	U:TC[T>C]TT	-1	101638.0	451761873
JG0139b	2	202943236	U:GC[T>G]CA	1	137785.0	451899658
JG0139b	2	203029112	T:AC[T>C]CA	-1	85876.0	451985534
JG0139b	2	203583288	N:AC[T>G]TA	-1	554176.0	452539710
JG0139b	2	203720010	T:GC[T>C]TG	-1	136722.0	452676432
JG0139b	2	203738977	N:TC[T>A]CC	-1	18967.0	452695399
JG0139b	2	203896301	N:AC[T>G]TA	-1	157324.0	452852723
JG0139b	2	204003134	N:AC[T>C]TG	-1	106833.0	452959556
JG0139b	2	204019979	N:AC[T>C]TA	-1	16845.0	452976401
JG0139b	2	204195952	N:CC[T>G]TA	1	175973.0	453152374
JG0139b	2	204360851	N:AG[T>C]TT	-1	164899.0	453317273
JG0139b	2	204836737	T:AC[T>G]TA	-1	475886.0	453793159
JG0139b	2	205227710	U:AC[T>C]CT	1	390973.0	454184132
JG0139b	2	205337941	T:AC[T>A]CT	-1	110231.0	454294363
JG0139b	2	205688339	U:AC[T>G]GT	1	350398.0	454644761
JG0139b	2	205760794	U:AC[T>G]TA	1	72455.0	454717216
JG0139b	2	206070972	T:CC[T>G]TT	1	310178.0	455027394
JG0139b	2	206332012	N:TA[T>G]TA	-1	261040.0	455288434
JG0139b	2	206379658	N:AG[T>G]TA	1	47646.0	455336080
JG0139b	2	206529912	T:GC[T>A]TG	-1	150254.0	455486334
JG0139b	2	206550873	U:GA[T>G]TA	1	20961.0	455507295
JG0139b	2	206739123	U:AC[T>C]TT	-1	188250.0	455695545
JG0139b	2	206821836	N:AG[T>G]TG	-1	82713.0	455778258
JG0139b	2	206965738	U:AG[T>G]TG	1	143902.0	455922160
JG0139b	2	208115087	N:TC[T>G]TG	-1	1149349.0	457071509
JG0139b	2	208423678	T:TC[T>C]CA	-1	308591.0	457380100
JG0139b	2	208597822	N:AC[T>C]TC	-1	174144.0	457554244
JG0139b	2	208598984	N:CC[T>C]TG	-1	1162.0	457555406
JG0139b	2	208715632	N:AC[T>C]TG	-1	116648.0	457672054
JG0139b	2	208747322	N:AC[T>G]TT	1	31690.0	457703744
JG0139b	2	208752762	N:AC[T>C]TA	-1	5440.0	457709184
JG0139b	2	208936670	N:TG[T>C]CT	-1	183908.0	457893092
JG0139b	2	209074059	N:AT[T>G]GA	1	137389.0	458030481
JG0139b	2	209074060	N:CT[C>A]AA	-1	1.0	458030482
JG0139b	2	209365734	N:AG[T>C]TG	-1	291674.0	458322156
JG0139b	2	209370526	N:TC[T>A]CC	-1	4792.0	458326948
JG0139b	2	209399504	N:TC[T>G]TT	-1	28978.0	458355926
JG0139b	2	209490880	T:TC[T>G]TA	-1	91376.0	458447302
JG0139b	2	209685609	T:AC[T>G]TC	-1	194729.0	458642031
JG0139b	2	209785613	T:TC[T>G]TA	-1	100004.0	458742035
JG0139b	2	209963384	T:TC[T>C]TT	-1	177771.0	458919806
JG0139b	2	209981078	T:AC[T>A]TA	-1	17694.0	458937500
JG0139b	2	210051286	U:AC[T>G]TA	-1	70208.0	459007708
JG0139b	2	210213470	U:GC[T>C]GG	-1	162184.0	459169892
JG0139b	2	210234588	N:AC[T>G]AG	-1	21118.0	459191010
JG0139b	2	210241867	N:AC[T>G]TT	-1	7279.0	459198289
JG0139b	2	210243212	N:GG[T>G]TC	-1	1345.0	459199634
JG0139b	2	210276096	N:AC[T>G]TC	-1	32884.0	459232518
JG0139b	2	210400254	N:AC[T>C]CA	-1	124158.0	459356676
JG0139b	2	210580083	U:AC[T>G]TT	1	179829.0	459536505
JG0139b	2	210714524	N:AC[T>C]TA	-1	134441.0	459670946
JG0139b	2	210780662	N:AC[T>G]TA	-1	66138.0	459737084
JG0139b	2	210790948	N:TC[T>C]TA	-1	10286.0	459747370
JG0139b	2	210799460	N:AC[T>C]TA	1	8512.0	459755882
JG0139b	2	210882559	N:AC[T>A]CT	-1	83099.0	459838981
JG0139b	2	210968168	N:AC[T>G]TT	-1	85609.0	459924590
JG0139b	2	210987608	N:AC[T>G]TA	1	19440.0	459944030
JG0139b	2	211106004	N:AC[T>C]CA	-1	118396.0	460062426
JG0139b	2	211197348	N:TC[T>A]CA	-1	91344.0	460153770
JG0139b	2	211313535	N:AC[T>G]TG	-1	116187.0	460269957
JG0139b	2	211412384	T:GC[T>G]CC	1	98849.0	460368806
JG0139b	2	211494272	U:TC[T>C]CA	-1	81888.0	460450694
JG0139b	2	211693874	T:GC[T>C]TC	1	199602.0	460650296
JG0139b	2	211713251	U:TC[T>A]TA	-1	19377.0	460669673
JG0139b	2	212160767	T:AC[C>G]AA	1	447516.0	461117189
JG0139b	2	212627690	N:AC[T>G]TA	1	466923.0	461584112
JG0139b	2	212725151	N:TC[T>C]TT	-1	97461.0	461681573
JG0139b	2	212781679	N:TC[T>C]TA	-1	56528.0	461738101
JG0139b	2	212803871	N:TC[T>C]GC	-1	22192.0	461760293
JG0139b	2	212825169	N:TC[T>A]CT	-1	21298.0	461781591
JG0139b	2	212834199	N:GC[T>C]TA	-1	9030.0	461790621
JG0139b	2	213041692	T:TC[T>G]TA	1	207493.0	461998114
JG0139b	2	213336077	T:TC[T>C]TG	-1	294385.0	462292499
JG0139b	2	213417121	T:GA[T>C]CA	-1	81044.0	462373543
JG0139b	2	213566559	T:AC[T>G]TA	-1	149438.0	462522981
JG0139b	2	214085101	T:TC[T>C]TG	-1	518542.0	463041523
JG0139b	2	214114467	U:GC[T>C]TT	1	29366.0	463070889
JG0139b	2	214146024	T:GG[T>G]TA	-1	31557.0	463102446
JG0139b	2	214467345	U:TC[T>C]GA	1	321321.0	463423767
JG0139b	2	214481585	T:TC[T>C]TG	-1	14240.0	463438007
JG0139b	2	214567167	T:TC[T>G]TT	-1	85582.0	463523589
JG0139b	2	214580819	N:GC[T>C]TG	-1	13652.0	463537241
JG0139b	2	214784247	U:TC[T>G]TC	-1	203428.0	463740669
JG0139b	2	215478069	N:TC[T>C]CC	1	693822.0	464434491
JG0139b	2	215603861	N:AC[T>A]TG	-1	125792.0	464560283
JG0139b	2	215644938	N:TC[T>A]TA	-1	41077.0	464601360
JG0139b	2	215659826	N:AC[T>C]CA	-1	14888.0	464616248
JG0139b	2	215662760	N:AC[T>C]TT	-1	2934.0	464619182
JG0139b	2	215665167	N:AC[T>A]TC	-1	2407.0	464621589
JG0139b	2	215847362	N:GC[T>G]AA	1	182195.0	464803784
JG0139b	2	216152533	T:TG[T>G]TT	-1	305171.0	465108955
JG0139b	2	216870315	N:TC[T>C]TG	-1	717782.0	465826737
JG0139b	2	216881672	N:TC[T>G]TG	-1	11357.0	465838094
JG0139b	2	216931383	N:TC[T>C]TG	-1	49711.0	465887805
JG0139b	2	217070905	N:AC[T>C]TA	-1	139522.0	466027327
JG0139b	2	217284444	N:CA[T>G]TA	-1	213539.0	466240866
JG0139b	2	217643901	N:AC[T>A]TA	1	359457.0	466600323
JG0139b	2	217811503	U:TC[T>A]TG	-1	167602.0	466767925
JG0139b	2	217815190	T:GG[T>G]GT	1	3687.0	466771612
JG0139b	2	217815192	T:TG[T>G]CC	1	2.0	466771614
JG0139b	2	217881116	U:TC[T>G]TT	-1	65924.0	466837538
JG0139b	2	218117913	N:CC[T>C]CA	-1	236797.0	467074335
JG0139b	2	218680204	T:AC[T>C]CT	-1	562291.0	467636626
JG0139b	2	218993915	N:GC[T>G]CA	1	313711.0	467950337
JG0139b	2	219708718	N:AC[T>G]TA	-1	714803.0	468665140
JG0139b	2	219727470	N:AC[T>C]TA	-1	18752.0	468683892
JG0139b	2	219851273	N:AG[T>C]CC	-1	123803.0	468807695
JG0139b	2	219911423	N:TC[T>C]CA	-1	60150.0	468867845
JG0139b	2	219943013	N:TC[T>G]CA	-1	31590.0	468899435
JG0139b	2	220003730	N:CC[T>G]TG	-1	60717.0	468960152
JG0139b	2	220016257	N:CC[T>G]TA	-1	12527.0	468972679
JG0139b	2	220020897	N:GC[T>C]TA	-1	4640.0	468977319
JG0139b	2	220036823	N:GG[T>A]TA	-1	15926.0	468993245
JG0139b	2	220369401	N:TC[T>C]CT	-1	332578.0	469325823
JG0139b	2	220847907	N:GC[T>C]CC	1	478506.0	469804329
JG0139b	2	221116122	N:AG[C>A]AG	1	268215.0	470072544
JG0139b	2	221141118	N:TC[T>C]TA	-1	24996.0	470097540
JG0139b	2	221653091	N:CC[T>G]TA	1	511973.0	470609513
JG0139b	2	221906294	N:CC[T>C]CC	-1	253203.0	470862716
JG0139b	2	221906296	N:AT[C>T]CT	-1	2.0	470862718
JG0139b	2	222185040	N:AC[T>C]CA	-1	278744.0	471141462
JG0139b	2	222229983	U:TC[T>C]TG	-1	44943.0	471186405
JG0139b	2	222330797	N:TC[T>C]TA	-1	100814.0	471287219
JG0139b	2	222624201	T:TC[T>C]CG	1	293404.0	471580623
JG0139b	2	222667846	N:TC[T>G]TA	1	43645.0	471624268
JG0139b	2	223061460	N:AC[T>A]TT	-1	393614.0	472017882
JG0139b	2	223079537	N:AC[T>G]TT	-1	18077.0	472035959
JG0139b	2	223237716	N:TT[T>G]CT	-1	158179.0	472194138
JG0139b	2	223241742	N:TC[T>C]CA	1	4026.0	472198164
JG0139b	2	223319699	N:AC[T>C]CA	1	77957.0	472276121
JG0139b	2	224062977	N:GC[T>C]TG	-1	743278.0	473019399
JG0139b	2	224072891	N:GC[T>C]TC	-1	9914.0	473029313
JG0139b	2	224211004	N:TC[T>C]CT	1	138113.0	473167426
JG0139b	2	224216012	N:AC[T>C]GA	-1	5008.0	473172434
JG0139b	2	224264268	N:AC[T>C]TG	-1	48256.0	473220690
JG0139b	2	224274597	N:TC[T>G]TC	-1	10329.0	473231019
JG0139b	2	224275415	N:TG[T>G]TA	-1	818.0	473231837
JG0139b	2	224366882	N:GC[T>G]TG	-1	91467.0	473323304
JG0139b	2	224389098	U:CA[T>G]TA	-1	22216.0	473345520
JG0139b	2	224413525	N:TC[T>A]TG	-1	24427.0	473369947
JG0139b	2	224703158	N:GC[T>C]CA	-1	289633.0	473659580
JG0139b	2	224780850	U:AC[T>A]TG	-1	77692.0	473737272
JG0139b	2	224847970	U:GC[T>C]CA	-1	67120.0	473804392
JG0139b	2	224892602	U:TC[T>C]CC	-1	44632.0	473849024
JG0139b	2	225023815	U:AC[T>C]TT	-1	131213.0	473980237
JG0139b	2	225094977	N:GC[T>C]TC	-1	71162.0	474051399
JG0139b	2	225101145	N:TT[T>G]TA	-1	6168.0	474057567
JG0139b	2	225132388	N:TC[T>G]TA	-1	31243.0	474088810
JG0139b	2	225245065	N:TC[T>A]TG	-1	112677.0	474201487
JG0139b	2	225301028	N:AC[T>C]CA	1	55963.0	474257450
JG0139b	2	225319949	N:AA[T>G]TG	-1	18921.0	474276371
JG0139b	2	225572867	T:CC[T>G]TA	-1	252918.0	474529289
JG0139b	2	225573927	U:TC[T>C]TA	1	1060.0	474530349
JG0139b	2	225695238	N:CC[T>G]TG	-1	121311.0	474651660
JG0139b	2	225734424	N:AC[T>C]TC	-1	39186.0	474690846
JG0139b	2	225735848	N:TC[T>C]TA	-1	1424.0	474692270
JG0139b	2	225853308	N:TA[C>A]AT	1	117460.0	474809730
JG0139b	2	225924382	N:TC[T>C]TA	-1	71074.0	474880804
JG0139b	2	225945380	N:TC[T>A]TG	-1	20998.0	474901802
JG0139b	2	225966512	N:TC[T>C]TA	-1	21132.0	474922934
JG0139b	2	226262160	N:AT[T>G]TA	-1	295648.0	475218582
JG0139b	2	226291117	N:GC[T>C]TA	-1	28957.0	475247539
JG0139b	2	226292049	N:AC[T>C]CT	-1	932.0	475248471
JG0139b	2	226387098	N:GT[T>G]CA	-1	95049.0	475343520
JG0139b	2	226428150	N:GA[C>A]AA	1	41052.0	475384572
JG0139b	2	226503608	N:CG[T>G]TT	-1	75458.0	475460030
JG0139b	2	226607203	N:AC[T>C]TT	-1	103595.0	475563625
JG0139b	2	226630667	N:TC[T>C]TA	-1	23464.0	475587089
JG0139b	2	226647120	N:CC[T>C]GC	-1	16453.0	475603542
JG0139b	2	226647602	N:TC[T>C]CA	-1	482.0	475604024
JG0139b	2	226703673	N:AC[T>A]TT	-1	56071.0	475660095
JG0139b	2	226876925	U:TT[T>C]TT	1	173252.0	475833347
JG0139b	2	227026678	T:AC[T>G]TC	1	149753.0	475983100
JG0139b	2	227206906	T:TC[T>C]AG	-1	180228.0	476163328
JG0139b	2	227978067	N:AC[T>C]TA	-1	771161.0	476934489
JG0139b	2	228011160	U:GC[T>G]TA	-1	33093.0	476967582
JG0139b	2	228112819	U:AG[T>G]TA	-1	101659.0	477069241
JG0139b	2	228372576	N:CT[T>G]TA	-1	259757.0	477328998
JG0139b	2	228528894	N:GC[T>C]TA	-1	156318.0	477485316
JG0139b	2	228793099	N:GC[T>C]GA	-1	264205.0	477749521
JG0139b	2	229364393	U:GC[T>A]TT	-1	571294.0	478320815
JG0139b	2	229444438	T:TC[T>C]CG	1	80045.0	478400860
JG0139b	2	229512086	U:TC[T>G]TA	-1	67648.0	478468508
JG0139b	2	229571567	U:TC[T>C]TC	-1	59481.0	478527989
JG0139b	2	229675879	U:AC[T>A]CC	-1	104312.0	478632301
JG0139b	2	229675979	U:AC[T>C]GC	-1	100.0	478632401
JG0139b	2	229817694	U:AC[T>G]TG	-1	141715.0	478774116
JG0139b	2	230059652	U:TA[C>G]TA	-1	241958.0	479016074
JG0139b	2	230066630	U:GC[T>C]TG	-1	6978.0	479023052
JG0139b	2	230445511	T:TC[T>A]TG	-1	378881.0	479401933
JG0139b	2	231004244	T:TC[T>C]TG	-1	558733.0	479960666
JG0139b	2	231553814	N:GC[T>G]TA	-1	549570.0	480510236
JG0139b	2	232343030	T:TC[T>C]CA	-1	789216.0	481299452
JG0139b	2	233052471	N:AC[T>G]AA	1	709441.0	482008893
JG0139b	2	233158500	T:AC[T>A]CC	-1	106029.0	482114922
JG0139b	2	233202991	T:AC[T>A]CA	-1	44491.0	482159413
JG0139b	2	233774523	N:TC[T>G]TC	-1	571532.0	482730945
JG0139b	2	233914620	N:TG[C>G]CC	1	140097.0	482871042
JG0139b	2	233914630	N:CA[T>G]CA	1	10.0	482871052
JG0139b	2	234122246	N:GC[T>A]CA	-1	207616.0	483078668
JG0139b	2	234137528	N:TG[T>G]TG	-1	15282.0	483093950
JG0139b	2	234189790	N:AC[T>C]CA	-1	52262.0	483146212
JG0139b	2	234283860	N:GG[T>G]TG	-1	94070.0	483240282
JG0139b	2	234503797	N:GC[T>A]TA	-1	219937.0	483460219
JG0139b	2	234704146	N:GC[T>C]TG	-1	200349.0	483660568
JG0139b	2	235064738	N:GC[T>C]CA	-1	360592.0	484021160
JG0139b	2	235091979	N:TC[T>C]TT	-1	27241.0	484048401
JG0139b	2	235167853	N:CC[T>G]TG	-1	75874.0	484124275
JG0139b	2	235189226	N:AC[T>A]CA	-1	21373.0	484145648
JG0139b	2	235452596	N:AG[T>G]TG	-1	263370.0	484409018
JG0139b	2	235563397	T:TC[T>A]CA	-1	110801.0	484519819
JG0139b	2	235727856	T:AC[T>A]TC	-1	164459.0	484684278
JG0139b	2	235745701	T:TC[T>C]CA	-1	17845.0	484702123
JG0139b	2	235920636	T:GC[T>A]TG	-1	174935.0	484877058
JG0139b	2	236341370	U:CC[T>G]CC	-1	420734.0	485297792
JG0139b	2	236633101	N:TC[T>C]CA	-1	291731.0	485589523
JG0139b	2	236658073	N:AC[T>A]CA	-1	24972.0	485614495
JG0139b	2	236704961	N:CC[T>C]CC	-1	46888.0	485661383
JG0139b	2	236830789	N:GC[T>G]TC	-1	125828.0	485787211
JG0139b	2	237007438	N:TC[T>C]CC	-1	176649.0	485963860
JG0139b	2	237431503	N:AC[T>G]TA	-1	424065.0	486387925
JG0139b	2	237433152	N:TC[T>C]CG	-1	1649.0	486389574
JG0139b	2	237477614	N:AC[T>A]GT	-1	44462.0	486434036
JG0139b	2	237635640	T:AC[T>C]TT	-1	158026.0	486592062
JG0139b	2	237839929	U:GC[T>C]CA	1	204289.0	486796351
JG0139b	2	238032168	T:TC[T>G]TT	-1	192239.0	486988590
JG0139b	2	238508393	N:GC[T>C]TG	-1	476225.0	487464815
JG0139b	2	238530366	N:GG[T>G]TA	1	21973.0	487486788
JG0139b	2	238540746	N:AC[T>G]CA	-1	10380.0	487497168
JG0139b	2	238541038	N:TC[T>C]TG	-1	292.0	487497460
JG0139b	2	238548127	N:TC[T>C]TG	-1	7089.0	487504549
JG0139b	2	238873698	U:AG[T>G]TG	1	325571.0	487830120
JG0139b	2	239216923	U:TG[T>C]CA	-1	343225.0	488173345
JG0139b	2	239404348	N:TG[C>T]GA	-1	187425.0	488360770
JG0139b	2	239787881	N:TC[T>G]TA	-1	383533.0	488744303
JG0139b	2	240426073	N:AC[T>G]TA	1	638192.0	489382495
JG0139b	2	240814385	T:AC[T>G]TA	1	388312.0	489770807
JG0139b	2	241595437	U:TC[T>C]TG	-1	781052.0	490551859
JG0139b	2	241999015	N:CC[T>G]GA	1	403578.0	490955437
JG0139b	3	45855	N:TG[T>C]CA	-1		491195806
JG0139b	3	851913	N:AG[T>C]CT	-1	806058.0	492001864
JG0139b	3	989985	N:TG[T>G]TA	1	138072.0	492139936
JG0139b	3	2570176	T:AA[T>G]TA	-1	1580191.0	493720127
JG0139b	3	2590125	U:AA[C>A]AT	1	19949.0	493740076
JG0139b	3	3423790	N:CA[T>G]TA	-1	833665.0	494573741
JG0139b	3	4075151	N:AC[T>G]TG	-1	651361.0	495225102
JG0139b	3	5484027	N:TC[T>A]AC	-1	1408876.0	496633978
JG0139b	3	6405452	N:TG[T>G]TA	1	921425.0	497555403
JG0139b	3	6480250	N:GT[T>G]TC	1	74798.0	497630201
JG0139b	3	6880821	T:TC[T>C]CC	-1	400571.0	498030772
JG0139b	3	7886023	N:CC[T>G]TA	-1	1005202.0	499035974
JG0139b	3	9050399	U:AT[T>G]TG	-1	1164376.0	500200350
JG0139b	3	9424122	T:TC[T>G]TC	-1	373723.0	500574073
JG0139b	3	9434476	T:TG[T>A]CA	-1	10354.0	500584427
JG0139b	3	10454206	U:TC[T>C]TC	-1	1019730.0	501604157
JG0139b	3	10702020	U:TG[T>G]TA	-1	247814.0	501851971
JG0139b	3	10863833	T:AC[T>G]AC	-1	161813.0	502013784
JG0139b	3	11166267	U:AA[T>G]TA	1	302434.0	502316218
JG0139b	3	11521550	U:GG[T>G]TT	1	355283.0	502671501
JG0139b	3	11611450	T:AC[T>G]TC	1	89900.0	502761401
JG0139b	3	12283317	N:AT[T>G]TG	-1	671867.0	503433268
JG0139b	3	13613839	T:CC[T>G]CT	-1	1330522.0	504763790
JG0139b	3	13902982	N:AG[T>G]TT	-1	289143.0	505052933
JG0139b	3	13929817	N:CC[T>G]TG	-1	26835.0	505079768
JG0139b	3	14130368	T:AG[C>A]CT	-1	200551.0	505280319
JG0139b	3	15151443	N:AT[C>G]TA	-1	1021075.0	506301394
JG0139b	3	16418753	U:TC[T>G]TT	-1	1267310.0	507568704
JG0139b	3	16857155	N:TC[T>C]TG	-1	438402.0	508007106
JG0139b	3	17370891	U:CA[T>G]TA	-1	513736.0	508520842
JG0139b	3	17697070	U:AG[T>G]TT	-1	326179.0	508847021
JG0139b	3	17697075	T:CT[C>A]AA	1	5.0	508847026
JG0139b	3	17750640	N:AC[T>C]TG	-1	53565.0	508900591
JG0139b	3	17893882	N:TC[T>G]TG	1	143242.0	509043833
JG0139b	3	18732409	N:GC[T>A]CA	-1	838527.0	509882360
JG0139b	3	18761841	N:AC[T>G]CA	-1	29432.0	509911792
JG0139b	3	18782332	N:TC[T>G]TA	-1	20491.0	509932283
JG0139b	3	18923535	N:TC[T>C]TG	-1	141203.0	510073486
JG0139b	3	19073432	N:AC[T>A]TT	-1	149897.0	510223383
JG0139b	3	19195004	T:GC[T>C]CA	-1	121572.0	510344955
JG0139b	3	19242222	T:TC[T>G]TT	-1	47218.0	510392173
JG0139b	3	19539818	N:GC[T>G]TA	-1	297596.0	510689769
JG0139b	3	19599975	N:TT[T>G]TA	-1	60157.0	510749926
JG0139b	3	19644108	N:AA[T>G]CT	-1	44133.0	510794059
JG0139b	3	19688028	N:CG[T>G]TC	-1	43920.0	510837979
JG0139b	3	19726818	N:AC[T>G]TT	-1	38790.0	510876769
JG0139b	3	20109798	T:TC[T>A]TA	-1	382980.0	511259749
JG0139b	3	20277740	N:AG[T>G]TG	-1	167942.0	511427691
JG0139b	3	20691803	N:AC[T>C]CA	-1	414063.0	511841754
JG0139b	3	20797472	N:GG[C>A]AA	1	105669.0	511947423
JG0139b	3	20985221	N:AC[T>G]TG	-1	187749.0	512135172
JG0139b	3	21452357	U:TC[T>C]TG	-1	467136.0	512602308
JG0139b	3	21900774	U:AC[T>A]GA	-1	448417.0	513050725
JG0139b	3	22253359	U:TT[T>A]TT	-1	352585.0	513403310
JG0139b	3	22390513	N:GC[T>C]AG	1	137154.0	513540464
JG0139b	3	22438135	N:AC[T>C]AA	-1	47622.0	513588086
JG0139b	3	22706409	N:TC[T>G]TA	-1	268274.0	513856360
JG0139b	3	22774143	N:AC[T>G]TA	-1	67734.0	513924094
JG0139b	3	22793669	N:AC[T>G]TC	-1	19526.0	513943620
JG0139b	3	22902162	N:GG[T>A]CA	-1	108493.0	514052113
JG0139b	3	22956834	N:AC[T>C]TT	-1	54672.0	514106785
JG0139b	3	23252290	T:AC[T>C]CA	-1	295456.0	514402241
JG0139b	3	24835808	N:TG[T>G]TT	-1	1583518.0	515985759
JG0139b	3	25430292	U:AC[T>G]GG	1	594484.0	516580243
JG0139b	3	25685113	N:TC[T>G]TA	-1	254821.0	516835064
JG0139b	3	26052279	N:GC[T>C]CA	-1	367166.0	517202230
JG0139b	3	26108468	N:GG[T>G]AA	-1	56189.0	517258419
JG0139b	3	26137671	N:TC[T>C]CC	-1	29203.0	517287622
JG0139b	3	26244902	N:GC[T>C]TA	-1	107231.0	517394853
JG0139b	3	26373571	N:TC[T>G]CA	-1	128669.0	517523522
JG0139b	3	26595620	N:TC[T>C]CA	-1	222049.0	517745571
JG0139b	3	26613503	N:TC[T>G]TC	-1	17883.0	517763454
JG0139b	3	26804660	N:TG[T>G]GA	-1	191157.0	517954611
JG0139b	3	26805415	N:AC[T>C]TT	-1	755.0	517955366
JG0139b	3	26949746	N:GC[T>G]TA	-1	144331.0	518099697
JG0139b	3	27296585	U:AC[T>G]TA	-1	346839.0	518446536
JG0139b	3	27558697	N:AC[T>G]TG	-1	262112.0	518708648
JG0139b	3	27577186	N:TC[T>C]TG	-1	18489.0	518727137
JG0139b	3	27685924	N:CC[T>G]TA	-1	108738.0	518835875
JG0139b	3	27778820	N:AC[T>C]TG	-1	92896.0	518928771
JG0139b	3	27852910	N:TG[T>G]TA	-1	74090.0	519002861
JG0139b	3	27975352	N:AC[T>G]TA	-1	122442.0	519125303
JG0139b	3	28014549	N:AC[T>C]CC	-1	39197.0	519164500
JG0139b	3	28270626	T:AC[T>G]TA	-1	256077.0	519420577
JG0139b	3	28283426	T:TC[T>C]TG	-1	12800.0	519433377
JG0139b	3	28490942	T:TC[T>C]CA	-1	207516.0	519640893
JG0139b	3	28637446	U:TA[T>C]CT	1	146504.0	519787397
JG0139b	3	28645519	T:TC[T>C]TA	-1	8073.0	519795470
JG0139b	3	29053148	T:AC[T>G]TT	-1	407629.0	520203099
JG0139b	3	29062334	T:AC[T>G]TT	-1	9186.0	520212285
JG0139b	3	29840444	T:TG[T>G]CA	-1	778110.0	520990395
JG0139b	3	29853672	T:AC[T>G]TA	-1	13228.0	521003623
JG0139b	3	30427810	N:TA[T>G]TC	1	574138.0	521577761
JG0139b	3	30714475	N:TC[T>G]TC	-1	286665.0	521864426
JG0139b	3	31030295	N:TC[T>G]GA	-1	315820.0	522180246
JG0139b	3	31106557	N:TC[T>G]TG	1	76262.0	522256508
JG0139b	3	31740180	U:AG[T>A]CC	-1	633623.0	522890131
JG0139b	3	31871964	U:TC[T>C]TA	-1	131784.0	523021915
JG0139b	3	33737337	N:AC[T>C]TA	-1	1865373.0	524887288
JG0139b	3	33761095	N:TC[T>C]TG	-1	23758.0	524911046
JG0139b	3	33988030	N:AC[T>G]TC	-1	226935.0	525137981
JG0139b	3	34033258	N:CC[T>G]CA	-1	45228.0	525183209
JG0139b	3	34130069	N:AC[T>C]AG	-1	96811.0	525280020
JG0139b	3	34143657	N:AA[T>G]TG	-1	13588.0	525293608
JG0139b	3	34192667	N:AG[T>G]TA	-1	49010.0	525342618
JG0139b	3	34268728	N:TC[T>C]CT	-1	76061.0	525418679
JG0139b	3	34477518	N:TG[T>G]TC	-1	208790.0	525627469
JG0139b	3	34506613	N:AC[T>C]TT	-1	29095.0	525656564
JG0139b	3	34832722	N:TA[T>G]CT	-1	326109.0	525982673
JG0139b	3	35024760	N:AC[T>G]TA	-1	192038.0	526174711
JG0139b	3	35085397	N:AC[T>G]TG	-1	60637.0	526235348
JG0139b	3	35243111	N:AG[T>C]CC	-1	157714.0	526393062
JG0139b	3	36813505	N:GC[T>G]TA	-1	1570394.0	527963456
JG0139b	3	37505820	T:AG[T>A]CA	-1	692315.0	528655771
JG0139b	3	37539387	T:TC[T>C]GT	-1	33567.0	528689338
JG0139b	3	37878199	T:AC[T>G]TC	-1	338812.0	529028150
JG0139b	3	38686953	N:AC[T>G]CA	-1	808754.0	529836904
JG0139b	3	38711618	U:AC[T>C]CT	-1	24665.0	529861569
JG0139b	3	38757204	U:CC[T>A]TG	-1	45586.0	529907155
JG0139b	3	38793228	U:TC[T>C]TA	-1	36024.0	529943179
JG0139b	3	38793248	U:TG[T>C]CT	-1	20.0	529943199
JG0139b	3	38805007	U:AC[T>G]TA	-1	11759.0	529954958
JG0139b	3	38946331	U:TC[T>C]TG	-1	141324.0	530096282
JG0139b	3	38969845	N:AC[T>G]TT	-1	23514.0	530119796
JG0139b	3	38977044	N:AG[T>A]TG	-1	7199.0	530126995
JG0139b	3	39388747	T:TC[T>C]CC	-1	411703.0	530538698
JG0139b	3	39454180	N:CC[T>G]CC	1	65433.0	530604131
JG0139b	3	39563610	N:TC[T>G]TA	-1	109430.0	530713561
JG0139b	3	39604153	N:AC[T>G]TA	-1	40543.0	530754104
JG0139b	3	39615023	N:AC[T>G]TA	-1	10870.0	530764974
JG0139b	3	39773536	N:TC[T>C]TG	-1	158513.0	530923487
JG0139b	3	39831435	U:TC[T>G]TA	1	57899.0	530981386
JG0139b	3	39841529	T:CC[T>C]CT	-1	10094.0	530991480
JG0139b	3	40027873	T:TC[T>C]GA	-1	186344.0	531177824
JG0139b	3	40115706	T:TC[T>C]CT	-1	87833.0	531265657
JG0139b	3	40148879	T:AT[T>G]TA	-1	33173.0	531298830
JG0139b	3	40150920	T:CC[T>G]TG	-1	2041.0	531300871
JG0139b	3	40182634	T:TC[T>C]CA	-1	31714.0	531332585
JG0139b	3	40266314	N:GG[T>C]TT	-1	83680.0	531416265
JG0139b	3	40404928	T:AC[T>A]CA	-1	138614.0	531554879
JG0139b	3	40649578	N:CC[T>G]CA	-1	244650.0	531799529
JG0139b	3	40657200	N:AC[T>C]CA	-1	7622.0	531807151
JG0139b	3	40750077	N:TC[T>C]CA	-1	92877.0	531900028
JG0139b	3	40895208	N:TC[T>G]TG	-1	145131.0	532045159
JG0139b	3	41026182	N:TG[T>A]TT	-1	130974.0	532176133
JG0139b	3	41181318	N:AG[T>G]AA	-1	155136.0	532331269
JG0139b	3	41495963	U:GC[T>G]TC	-1	314645.0	532645914
JG0139b	3	41678043	U:GC[T>A]TG	-1	182080.0	532827994
JG0139b	3	42127978	T:TC[T>C]CA	-1	449935.0	533277929
JG0139b	3	42147936	T:TC[T>C]TA	-1	19958.0	533297887
JG0139b	3	42272103	N:AC[T>G]TT	-1	124167.0	533422054
JG0139b	3	42372630	N:AC[T>G]TC	-1	100527.0	533522581
JG0139b	3	42837164	T:TC[T>C]CA	-1	464534.0	533987115
JG0139b	3	42911816	T:AC[T>G]CA	-1	74652.0	534061767
JG0139b	3	43074200	N:TC[T>G]CA	-1	162384.0	534224151
JG0139b	3	43156374	N:TC[T>C]TG	-1	82174.0	534306325
JG0139b	3	43247137	N:GG[T>A]TG	-1	90763.0	534397088
JG0139b	3	43347782	T:AC[T>G]TG	-1	100645.0	534497733
JG0139b	3	43352532	N:AC[T>G]TG	-1	4750.0	534502483
JG0139b	3	43375239	U:AC[T>A]CC	-1	22707.0	534525190
JG0139b	3	43745358	N:AC[T>G]TG	-1	370119.0	534895309
JG0139b	3	43926380	N:CC[T>G]TA	-1	181022.0	535076331
JG0139b	3	43952689	N:AC[T>C]TG	-1	26309.0	535102640
JG0139b	3	43962577	N:CC[T>G]CA	-1	9888.0	535112528
JG0139b	3	44040008	N:TC[T>C]TG	-1	77431.0	535189959
JG0139b	3	44043416	N:TC[T>C]TC	-1	3408.0	535193367
JG0139b	3	44043419	N:GC[T>C]TC	-1	3.0	535193370
JG0139b	3	45245215	N:AC[T>C]TG	-1	1201796.0	536395166
JG0139b	3	45823457	U:TG[T>G]TA	-1	578242.0	536973408
JG0139b	3	45828259	U:TC[T>C]TT	-1	4802.0	536978210
JG0139b	3	45926905	U:AC[T>C]GC	-1	98646.0	537076856
JG0139b	3	46048967	N:TG[C>A]AA	1	122062.0	537198918
JG0139b	3	46059651	N:TT[T>G]TG	-1	10684.0	537209602
JG0139b	3	46781004	U:TC[T>G]TC	-1	721353.0	537930955
JG0139b	3	46857609	N:CC[T>G]TC	-1	76605.0	538007560
JG0139b	3	47965698	T:TC[T>G]TT	1	1108089.0	539115649
JG0139b	3	48293307	B:CA[C>G]TG	-1	327609.0	539443258
JG0139b	3	48506192	N:GG[T>G]TG	-1	212885.0	539656143
JG0139b	3	48632818	U:AC[T>G]AG	-1	126626.0	539782769
JG0139b	3	50654988	N:CC[T>G]TG	-1	2022170.0	541804939
JG0139b	3	50944310	T:AG[T>G]CA	-1	289322.0	542094261
JG0139b	3	50959350	T:TC[T>C]CA	-1	15040.0	542109301
JG0139b	3	51164594	T:GC[T>G]GG	-1	205244.0	542314545
JG0139b	3	51575075	U:AG[T>G]TT	1	410481.0	542725026
JG0139b	3	51708849	T:GC[T>A]CC	-1	133774.0	542858800
JG0139b	3	51815885	T:AC[T>G]GA	-1	107036.0	542965836
JG0139b	3	53322739	U:CC[T>G]TC	-1	1506854.0	544472690
JG0139b	3	53799132	T:CC[T>G]CA	-1	476393.0	544949083
JG0139b	3	53823510	U:AC[T>G]TC	-1	24378.0	544973461
JG0139b	3	53844834	U:GC[T>G]TA	-1	21324.0	544994785
JG0139b	3	54387743	T:AC[T>C]CA	-1	542909.0	545537694
JG0139b	3	54415292	T:CC[T>G]GG	-1	27549.0	545565243
JG0139b	3	54682939	T:AC[T>C]CA	-1	267647.0	545832890
JG0139b	3	54859888	T:AT[C>A]TT	-1	176949.0	546009839
JG0139b	3	55891946	U:TG[T>G]TA	-1	1032058.0	547041897
JG0139b	3	56264679	U:AC[T>C]TA	-1	372733.0	547414630
JG0139b	3	56337275	U:TG[T>A]TA	-1	72596.0	547487226
JG0139b	3	56795506	U:GA[T>G]TG	-1	458231.0	547945457
JG0139b	3	56818083	U:TC[T>C]CG	-1	22577.0	547968034
JG0139b	3	56893751	U:GC[T>A]CA	-1	75668.0	548043702
JG0139b	3	56936671	U:TG[T>A]CA	-1	42920.0	548086622
JG0139b	3	57375694	U:TC[T>A]TT	-1	439023.0	548525645
JG0139b	3	58378917	U:TA[T>G]TA	1	1003223.0	549528868
JG0139b	3	58533371	U:GC[T>A]TT	-1	154454.0	549683322
JG0139b	3	58633072	N:AC[T>G]AA	-1	99701.0	549783023
JG0139b	3	59024453	U:TC[T>C]CA	-1	391381.0	550174404
JG0139b	3	59308071	N:TC[T>G]TC	-1	283618.0	550458022
JG0139b	3	59337047	N:TC[T>G]TA	-1	28976.0	550486998
JG0139b	3	59711650	N:AC[T>G]TA	-1	374603.0	550861601
JG0139b	3	59752131	U:CC[T>G]TC	-1	40481.0	550902082
JG0139b	3	61041422	U:TC[T>C]TA	-1	1289291.0	552191373
JG0139b	3	61164770	T:AG[T>G]TA	1	123348.0	552314721
JG0139b	3	61297672	N:AC[T>C]TA	-1	132902.0	552447623
JG0139b	3	61319991	N:GG[T>A]TG	-1	22319.0	552469942
JG0139b	3	61337025	N:AC[T>G]TA	-1	17034.0	552486976
JG0139b	3	61528596	N:CC[T>G]CG	1	191571.0	552678547
JG0139b	3	61947004	T:AC[T>G]TA	-1	418408.0	553096955
JG0139b	3	62122951	T:AC[T>C]GA	-1	175947.0	553272902
JG0139b	3	62431627	U:AC[T>C]TG	-1	308676.0	553581578
JG0139b	3	62494515	U:TC[T>C]TG	-1	62888.0	553644466
JG0139b	3	62550674	U:AC[T>C]CA	-1	56159.0	553700625
JG0139b	3	62561303	U:AC[T>C]TC	-1	10629.0	553711254
JG0139b	3	62679616	U:AG[T>G]TA	-1	118313.0	553829567
JG0139b	3	62852739	U:AC[T>A]GA	-1	173123.0	554002690
JG0139b	3	63093558	N:TC[T>G]CT	-1	240819.0	554243509
JG0139b	3	63269212	N:AC[T>G]TG	-1	175654.0	554419163
JG0139b	3	63289456	T:GC[T>C]CC	-1	20244.0	554439407
JG0139b	3	63301314	T:AC[T>G]TA	-1	11858.0	554451265
JG0139b	3	63307658	T:AC[T>C]TT	-1	6344.0	554457609
JG0139b	3	63311244	U:TT[T>G]TA	1	3586.0	554461195
JG0139b	3	63357914	T:AC[T>C]CC	-1	46670.0	554507865
JG0139b	3	63528624	T:TC[T>G]TA	-1	170710.0	554678575
JG0139b	3	63795898	N:AC[T>G]TG	-1	267274.0	554945849
JG0139b	3	63805666	N:TC[T>C]CA	-1	9768.0	554955617
JG0139b	3	64961234	N:TC[T>C]TG	-1	1155568.0	556111185
JG0139b	3	65045045	N:AG[T>G]GA	-1	83811.0	556194996
JG0139b	3	65557093	U:TC[T>C]TG	-1	512048.0	556707044
JG0139b	3	65587717	U:GC[T>G]TG	-1	30624.0	556737668
JG0139b	3	65661003	U:TC[T>A]TG	-1	73286.0	556810954
JG0139b	3	66877266	N:CC[T>C]CC	-1	1216263.0	558027217
JG0139b	3	67351389	N:AC[T>G]TC	-1	474123.0	558501340
JG0139b	3	67492700	U:AC[T>G]CA	-1	141311.0	558642651
JG0139b	3	67846468	N:AC[T>A]AA	-1	353768.0	558996419
JG0139b	3	67920495	N:TC[T>C]TG	-1	74027.0	559070446
JG0139b	3	67972864	N:CA[C>G]TT	1	52369.0	559122815
JG0139b	3	68450674	T:TC[T>C]TC	-1	477810.0	559600625
JG0139b	3	68529720	T:TC[T>C]CC	-1	79046.0	559679671
JG0139b	3	68783479	U:TA[T>G]TC	-1	253759.0	559933430
JG0139b	3	68802647	U:AC[T>G]TC	-1	19168.0	559952598
JG0139b	3	69180147	U:TG[T>G]TG	-1	377500.0	560330098
JG0139b	3	69509966	U:GC[T>G]CT	-1	329819.0	560659917
JG0139b	3	69763040	T:CC[T>G]TT	-1	253074.0	560912991
JG0139b	3	69781886	T:AG[T>C]AC	-1	18846.0	560931837
JG0139b	3	70224497	U:AC[T>C]CA	-1	442611.0	561374448
JG0139b	3	70241629	U:AC[T>C]TG	-1	17132.0	561391580
JG0139b	3	70537515	N:TG[T>C]GA	-1	295886.0	561687466
JG0139b	3	70923389	N:TC[T>G]TA	-1	385874.0	562073340
JG0139b	3	71329147	U:CA[T>A]TG	-1	405758.0	562479098
JG0139b	3	71365239	U:CC[T>C]GG	-1	36092.0	562515190
JG0139b	3	71472785	U:AG[T>G]TT	-1	107546.0	562622736
JG0139b	3	71668329	U:CC[T>C]TA	-1	195544.0	562818280
JG0139b	3	71674511	U:AC[T>C]TG	-1	6182.0	562824462
JG0139b	3	71706904	U:TC[T>C]TG	-1	32393.0	562856855
JG0139b	3	71749037	U:TC[T>C]TG	-1	42133.0	562898988
JG0139b	3	72157873	N:GC[T>C]GG	-1	408836.0	563307824
JG0139b	3	72608108	N:GC[T>C]TG	-1	450235.0	563758059
JG0139b	3	72980642	U:TC[T>A]CA	1	372534.0	564130593
JG0139b	3	73925076	N:CC[T>C]TA	-1	944434.0	565075027
JG0139b	3	74086772	N:GC[T>G]TA	-1	161696.0	565236723
JG0139b	3	74370525	T:AA[C>G]TT	1	283753.0	565520476
JG0139b	3	74808556	N:GG[T>C]GG	-1	438031.0	565958507
JG0139b	3	74825970	N:AC[T>G]TT	-1	17414.0	565975921
JG0139b	3	74827031	N:AC[T>G]TT	-1	1061.0	565976982
JG0139b	3	74859915	N:AC[T>C]CA	-1	32884.0	566009866
JG0139b	3	74904726	N:TC[T>G]TG	-1	44811.0	566054677
JG0139b	3	74905725	N:TC[C>G]AA	1	999.0	566055676
JG0139b	3	74984058	N:AC[T>C]CA	-1	78333.0	566134009
JG0139b	3	74984965	N:GC[T>A]CA	-1	907.0	566134916
JG0139b	3	75107158	N:TC[T>C]TT	-1	122193.0	566257109
JG0139b	3	75140184	N:GC[T>C]CA	-1	33026.0	566290135
JG0139b	3	75222354	N:GC[T>G]TA	-1	82170.0	566372305
JG0139b	3	75226708	N:GC[T>G]TA	-1	4354.0	566376659
JG0139b	3	75235368	N:TC[T>C]TC	-1	8660.0	566385319
JG0139b	3	75556639	N:TG[T>G]TA	-1	321271.0	566706590
JG0139b	3	75662033	N:AC[T>G]CT	-1	105394.0	566811984
JG0139b	3	75780292	U:TG[T>G]TT	-1	118259.0	566930243
JG0139b	3	75968160	U:GC[T>G]GT	1	187868.0	567118111
JG0139b	3	76411650	T:AC[T>G]TA	-1	443490.0	567561601
JG0139b	3	76493166	T:GG[T>G]TG	-1	81516.0	567643117
JG0139b	3	77225030	T:TC[T>C]AA	-1	731864.0	568374981
JG0139b	3	77225037	T:AC[T>G]TT	-1	7.0	568374988
JG0139b	3	77467371	T:TC[T>C]CA	-1	242334.0	568617322
JG0139b	3	77494113	T:AA[T>G]TA	-1	26742.0	568644064
JG0139b	3	77549142	T:GC[T>G]TG	-1	55029.0	568699093
JG0139b	3	77565674	T:AC[T>G]TA	-1	16532.0	568715625
JG0139b	3	77775246	N:AC[T>C]TA	-1	209572.0	568925197
JG0139b	3	77846068	N:GT[T>G]TG	-1	70822.0	568996019
JG0139b	3	78054106	N:CC[C>A]AT	-1	208038.0	569204057
JG0139b	3	78385604	N:TC[T>G]TT	-1	331498.0	569535555
JG0139b	3	78416890	N:GC[T>C]TA	-1	31286.0	569566841
JG0139b	3	78455483	N:AA[C>T]TA	-1	38593.0	569605434
JG0139b	3	78515845	N:CC[T>G]GC	-1	60362.0	569665796
JG0139b	3	78695615	U:AG[T>A]CT	-1	179770.0	569845566
JG0139b	3	79022270	U:TC[T>A]TG	-1	326655.0	570172221
JG0139b	3	80401966	N:CC[T>A]CG	-1	1379696.0	571551917
JG0139b	3	80447028	N:AA[T>G]TC	-1	45062.0	571596979
JG0139b	3	80547943	N:AC[T>G]TG	-1	100915.0	571697894
JG0139b	3	80574361	N:TC[T>G]TT	-1	26418.0	571724312
JG0139b	3	80710211	N:CC[T>G]TG	1	135850.0	571860162
JG0139b	3	80723427	N:AC[T>G]TA	-1	13216.0	571873378
JG0139b	3	80933991	N:TC[T>G]CA	-1	210564.0	572083942
JG0139b	3	81423416	N:CC[T>G]CT	-1	489425.0	572573367
JG0139b	3	81591287	U:GC[T>A]TA	-1	167871.0	572741238
JG0139b	3	81711921	U:TA[T>G]TA	-1	120634.0	572861872
JG0139b	3	81719544	U:TC[T>C]CT	-1	7623.0	572869495
JG0139b	3	81829479	N:TC[T>C]CG	-1	109935.0	572979430
JG0139b	3	82379675	N:AC[T>G]TG	-1	550196.0	573529626
JG0139b	3	82442726	N:TC[T>C]AG	-1	63051.0	573592677
JG0139b	3	82596225	N:TC[T>C]TG	-1	153499.0	573746176
JG0139b	3	82596318	N:TC[T>C]TT	-1	93.0	573746269
JG0139b	3	82825230	N:TC[T>C]TG	-1	228912.0	573975181
JG0139b	3	82869269	N:TC[T>C]CT	-1	44039.0	574019220
JG0139b	3	82982715	N:GG[T>C]TG	-1	113446.0	574132666
JG0139b	3	83042656	N:TC[T>G]TG	-1	59941.0	574192607
JG0139b	3	83470578	N:AC[T>G]TC	-1	427922.0	574620529
JG0139b	3	83491441	N:GA[T>C]TA	-1	20863.0	574641392
JG0139b	3	83658245	N:TC[T>C]TC	-1	166804.0	574808196
JG0139b	3	85434053	T:AC[T>G]TA	-1	1775808.0	576584004
JG0139b	3	85630635	T:TC[T>A]TG	-1	196582.0	576780586
JG0139b	3	86459374	N:AG[T>C]TT	1	828739.0	577609325
JG0139b	3	87090099	N:TG[T>G]TG	-1	630725.0	578240050
JG0139b	3	87305982	N:CC[T>C]CT	-1	215883.0	578455933
JG0139b	3	87307473	N:CC[T>C]CC	-1	1491.0	578457424
JG0139b	3	87432873	N:TC[T>C]TG	-1	125400.0	578582824
JG0139b	3	87654898	N:TC[T>C]CA	-1	222025.0	578804849
JG0139b	3	88274949	N:TC[T>G]TA	-1	620051.0	579424900
JG0139b	3	89715270	N:AG[T>A]TA	-1	1440321.0	580865221
JG0139b	3	89840112	N:AC[T>C]CT	-1	124842.0	580990063
JG0139b	3	90215797	N:GC[T>C]TG	-1	375685.0	581365748
JG0139b	3	90387991	N:GC[T>G]TA	-1	172194.0	581537942
JG0139b	3	93948927	U:AC[T>G]TG	-1	3560936.0	585098878
JG0139b	3	94068069	T:GA[T>C]TT	-1	119142.0	585218020
JG0139b	3	94193083	N:GC[T>C]TT	-1	125014.0	585343034
JG0139b	3	94269206	N:GC[T>C]TG	-1	76123.0	585419157
JG0139b	3	94347529	N:AG[T>G]TA	-1	78323.0	585497480
JG0139b	3	94385220	N:GC[T>C]TG	-1	37691.0	585535171
JG0139b	3	95073374	N:GC[T>A]CA	-1	688154.0	586223325
JG0139b	3	95248638	N:TC[T>G]TA	1	175264.0	586398589
JG0139b	3	95396571	N:AC[T>C]GT	-1	147933.0	586546522
JG0139b	3	96669397	N:CC[T>A]CA	-1	1272826.0	587819348
JG0139b	3	96750466	N:AG[T>C]GG	-1	81069.0	587900417
JG0139b	3	96847289	T:AC[T>C]TA	-1	96823.0	587997240
JG0139b	3	96889650	T:TC[T>C]CA	-1	42361.0	588039601
JG0139b	3	97197619	T:AC[T>C]CA	-1	307969.0	588347570
JG0139b	3	97277918	T:TC[T>C]TT	-1	80299.0	588427869
JG0139b	3	97466967	T:TC[T>G]TA	-1	189049.0	588616918
JG0139b	3	97538768	T:GC[T>C]GT	-1	71801.0	588688719
JG0139b	3	97886572	T:TC[T>C]CA	-1	347804.0	589036523
JG0139b	3	98036589	N:GC[T>G]TA	-1	150017.0	589186540
JG0139b	3	98100836	N:CC[T>G]GG	-1	64247.0	589250787
JG0139b	3	98164466	N:CC[T>C]TA	-1	63630.0	589314417
JG0139b	3	98197826	N:AC[T>C]TG	-1	33360.0	589347777
JG0139b	3	98282814	N:AG[T>G]TG	-1	84988.0	589432765
JG0139b	3	98361261	N:AC[T>C]TG	-1	78447.0	589511212
JG0139b	3	98439870	N:AA[T>G]TA	-1	78609.0	589589821
JG0139b	3	98445722	N:AA[T>G]TA	-1	5852.0	589595673
JG0139b	3	98584152	U:AC[T>C]TG	-1	138430.0	589734103
JG0139b	3	98631573	N:GG[T>A]TG	-1	47421.0	589781524
JG0139b	3	98725030	N:AC[T>G]TA	-1	93457.0	589874981
JG0139b	3	99044570	N:AG[T>G]TA	-1	319540.0	590194521
JG0139b	3	99125218	N:AC[T>G]TA	-1	80648.0	590275169
JG0139b	3	99183783	N:AC[T>G]TG	-1	58565.0	590333734
JG0139b	3	99196879	N:AC[T>G]TT	-1	13096.0	590346830
JG0139b	3	99220854	N:TG[T>A]GA	-1	23975.0	590370805
JG0139b	3	99311807	N:GC[T>A]CA	-1	90953.0	590461758
JG0139b	3	99650561	T:AC[T>C]CG	-1	338754.0	590800512
JG0139b	3	99679173	T:TC[T>G]TG	-1	28612.0	590829124
JG0139b	3	99713981	T:TG[T>G]CT	-1	34808.0	590863932
JG0139b	3	99738941	T:GC[T>C]TA	-1	24960.0	590888892
JG0139b	3	100022708	B:TC[T>G]TT	1	283767.0	591172659
JG0139b	3	100286624	T:AC[T>C]CA	-1	263916.0	591436575
JG0139b	3	100396518	U:TC[T>G]TT	-1	109894.0	591546469
JG0139b	3	100842205	U:TC[T>C]TG	-1	445687.0	591992156
JG0139b	3	100961467	U:TC[T>C]CA	-1	119262.0	592111418
JG0139b	3	101054612	N:AG[C>A]TT	1	93145.0	592204563
JG0139b	3	101103286	N:AT[T>A]AT	-1	48674.0	592253237
JG0139b	3	101309570	U:TC[T>C]TA	-1	206284.0	592459521
JG0139b	3	101814668	T:TA[T>G]TA	-1	505098.0	592964619
JG0139b	3	102115166	U:TA[C>T]CC	1	300498.0	593265117
JG0139b	3	102174493	T:CC[T>G]TT	-1	59327.0	593324444
JG0139b	3	102211812	T:TC[T>A]CA	-1	37319.0	593361763
JG0139b	3	102268436	T:AC[T>G]TA	-1	56624.0	593418387
JG0139b	3	102330074	T:TG[T>G]TA	-1	61638.0	593480025
JG0139b	3	102484004	N:AC[T>G]CA	-1	153930.0	593633955
JG0139b	3	102526263	N:AT[T>C]TG	-1	42259.0	593676214
JG0139b	3	102835250	N:GG[T>G]TG	-1	308987.0	593985201
JG0139b	3	102894477	N:AC[T>A]TG	-1	59227.0	594044428
JG0139b	3	103231235	N:AC[T>C]TA	-1	336758.0	594381186
JG0139b	3	103368326	N:TC[T>C]TA	-1	137091.0	594518277
JG0139b	3	103665166	N:AC[T>C]CT	-1	296840.0	594815117
JG0139b	3	103730291	N:TC[T>A]TA	-1	65125.0	594880242
JG0139b	3	103877862	N:GA[T>G]TA	-1	147571.0	595027813
JG0139b	3	104531026	N:TC[T>A]CA	-1	653164.0	595680977
JG0139b	3	104618658	N:GT[T>G]TA	-1	87632.0	595768609
JG0139b	3	104718803	N:TC[T>C]TA	-1	100145.0	595868754
JG0139b	3	104729040	N:TC[T>C]GA	-1	10237.0	595878991
JG0139b	3	104766477	N:AA[T>A]CA	-1	37437.0	595916428
JG0139b	3	105263222	N:GG[T>G]TT	-1	496745.0	596413173
JG0139b	3	105572112	T:AC[T>G]TA	-1	308890.0	596722063
JG0139b	3	105719044	U:AA[T>G]TG	-1	146932.0	596868995
JG0139b	3	105872025	N:TC[T>C]TG	-1	152981.0	597021976
JG0139b	3	106050859	N:CC[T>C]TC	-1	178834.0	597200810
JG0139b	3	106119998	N:AC[T>G]TG	-1	69139.0	597269949
JG0139b	3	106170992	N:TC[T>A]TA	-1	50994.0	597320943
JG0139b	3	106284363	N:AT[T>G]CA	-1	113371.0	597434314
JG0139b	3	106391624	N:AC[T>G]TG	-1	107261.0	597541575
JG0139b	3	106449525	N:TC[T>C]CT	-1	57901.0	597599476
JG0139b	3	107181148	N:TC[T>C]TG	-1	731623.0	598331099
JG0139b	3	107828996	N:GG[T>A]TT	-1	647848.0	598978947
JG0139b	3	107849370	N:GC[T>G]TT	-1	20374.0	598999321
JG0139b	3	107851202	N:AT[T>G]TT	-1	1832.0	599001153
JG0139b	3	108025267	N:TT[T>G]TT	-1	174065.0	599175218
JG0139b	3	108311030	U:TC[T>A]CA	1	285763.0	599460981
JG0139b	3	108842400	U:GG[T>G]TG	1	531370.0	599992351
JG0139b	3	109416068	N:AC[T>G]TA	-1	573668.0	600566019
JG0139b	3	109517359	N:AG[T>G]TC	-1	101291.0	600667310
JG0139b	3	109566534	N:TC[T>C]GA	-1	49175.0	600716485
JG0139b	3	109932883	N:TG[T>C]CA	-1	366349.0	601082834
JG0139b	3	110373174	N:AC[T>C]TA	-1	440291.0	601523125
JG0139b	3	110394533	N:AC[T>G]TA	-1	21359.0	601544484
JG0139b	3	110513151	N:AC[T>C]TG	-1	118618.0	601663102
JG0139b	3	110563190	N:CA[T>G]TA	-1	50039.0	601713141
JG0139b	3	110564217	N:TC[T>G]TA	-1	1027.0	601714168
JG0139b	3	110962221	N:AC[T>G]TG	-1	398004.0	602112172
JG0139b	3	111425289	T:GG[T>G]TG	-1	463068.0	602575240
JG0139b	3	111633903	T:AG[T>G]TC	-1	208614.0	602783854
JG0139b	3	111660075	N:AC[T>C]TC	-1	26172.0	602810026
JG0139b	3	112057547	T:GC[T>C]TC	-1	397472.0	603207498
JG0139b	3	112119711	T:AC[T>G]TA	-1	62164.0	603269662
JG0139b	3	112323934	N:GC[T>G]TG	-1	204223.0	603473885
JG0139b	3	112928156	U:TC[T>G]TC	-1	604222.0	604078107
JG0139b	3	113249011	T:TC[T>C]CA	-1	320855.0	604398962
JG0139b	3	113407601	U:TC[T>G]CA	-1	158590.0	604557552
JG0139b	3	113426601	U:AC[T>C]CA	-1	19000.0	604576552
JG0139b	3	113488979	U:AC[T>C]CT	-1	62378.0	604638930
JG0139b	3	113774250	T:TC[T>G]TA	-1	285271.0	604924201
JG0139b	3	113836586	N:AC[T>C]CA	-1	62336.0	604986537
JG0139b	3	113887019	T:GA[T>G]CA	-1	50433.0	605036970
JG0139b	3	114481052	U:AC[T>G]TT	-1	594033.0	605631003
JG0139b	3	114915221	U:AG[T>A]CC	-1	434169.0	606065172
JG0139b	3	114939633	U:AC[T>G]TC	-1	24412.0	606089584
JG0139b	3	115083981	T:AG[T>G]TT	1	144348.0	606233932
JG0139b	3	115783095	N:TA[T>G]TA	-1	699114.0	606933046
JG0139b	3	115891894	U:AC[T>C]TA	-1	108799.0	607041845
JG0139b	3	115959226	U:AA[T>G]CT	-1	67332.0	607109177
JG0139b	3	115977290	U:AC[T>G]TA	-1	18064.0	607127241
JG0139b	3	115986997	U:CC[T>C]TG	-1	9707.0	607136948
JG0139b	3	116081898	U:TG[T>G]TG	-1	94901.0	607231849
JG0139b	3	116255254	U:TC[T>G]TC	-1	173356.0	607405205
JG0139b	3	116772694	U:AC[T>G]TT	-1	517440.0	607922645
JG0139b	3	116863981	U:TC[T>C]CG	-1	91287.0	608013932
JG0139b	3	117495077	N:TC[T>C]TA	-1	631096.0	608645028
JG0139b	3	118063400	N:AA[T>G]TA	-1	568323.0	609213351
JG0139b	3	118489481	N:GC[T>A]TA	-1	426081.0	609639432
JG0139b	3	118575157	N:AC[T>G]TG	-1	85676.0	609725108
JG0139b	3	118679964	N:CC[T>C]TA	-1	104807.0	609829915
JG0139b	3	119034329	U:TG[T>G]TC	-1	354365.0	610184280
JG0139b	3	119067226	U:GG[T>G]AA	-1	32897.0	610217177
JG0139b	3	119287251	N:AC[T>G]TA	-1	220025.0	610437202
JG0139b	3	119693384	N:TC[T>C]CA	-1	406133.0	610843335
JG0139b	3	119899000	T:CC[T>G]TG	1	205616.0	611048951
JG0139b	3	119903884	U:TC[T>C]CC	-1	4884.0	611053835
JG0139b	3	120038651	U:AG[T>G]TA	-1	134767.0	611188602
JG0139b	3	120120508	N:AG[T>G]TC	-1	81857.0	611270459
JG0139b	3	120252500	U:TT[T>A]TT	-1	131992.0	611402451
JG0139b	3	120391478	N:TC[T>G]CA	-1	138978.0	611541429
JG0139b	3	120865802	N:AC[T>C]TG	-1	474324.0	612015753
JG0139b	3	121153072	T:AC[T>G]TA	-1	287270.0	612303023
JG0139b	3	121245392	T:TC[T>G]TT	-1	92320.0	612395343
JG0139b	3	121693115	U:TC[T>G]TC	-1	447723.0	612843066
JG0139b	3	122148869	N:TG[T>C]TG	-1	455754.0	613298820
JG0139b	3	122521756	N:CT[C>A]TA	1	372887.0	613671707
JG0139b	3	122918088	U:AC[T>G]TA	-1	396332.0	614068039
JG0139b	3	123314811	U:GC[T>C]GC	-1	396723.0	614464762
JG0139b	3	123625688	U:GA[T>G]TA	-1	310877.0	614775639
JG0139b	3	123820337	U:TC[T>G]TA	-1	194649.0	614970288
JG0139b	3	123825628	U:GA[T>A]TG	-1	5291.0	614975579
JG0139b	3	123825641	U:GC[T>G]GA	-1	13.0	614975592
JG0139b	3	123938584	T:GC[T>G]TT	1	112943.0	615088535
JG0139b	3	123945728	U:AC[T>G]TA	-1	7144.0	615095679
JG0139b	3	124144339	T:GC[T>G]AA	-1	198611.0	615294290
JG0139b	3	124647041	T:AC[T>G]TT	-1	502702.0	615796992
JG0139b	3	124755738	N:AC[T>G]TA	1	108697.0	615905689
JG0139b	3	125782506	N:AC[T>G]TT	-1	1026768.0	616932457
JG0139b	3	125838427	N:GG[T>C]TA	-1	55921.0	616988378
JG0139b	3	125958566	N:CC[T>G]CC	-1	120139.0	617108517
JG0139b	3	126020081	U:AC[T>C]TG	-1	61515.0	617170032
JG0139b	3	126136889	U:TC[T>G]TT	-1	116808.0	617286840
JG0139b	3	126229946	N:TC[T>A]CA	-1	93057.0	617379897
JG0139b	3	126328164	N:AC[T>G]GA	-1	98218.0	617478115
JG0139b	3	126352424	U:AC[T>A]TG	-1	24260.0	617502375
JG0139b	3	127101598	N:GC[T>G]CA	-1	749174.0	618251549
JG0139b	3	127235455	N:GC[T>C]GG	-1	133857.0	618385406
JG0139b	3	127266870	N:GA[T>G]TC	1	31415.0	618416821
JG0139b	3	127285632	U:CC[T>G]TA	-1	18762.0	618435583
JG0139b	3	127859058	U:GC[T>G]GC	-1	573426.0	619009009
JG0139b	3	128169430	T:TC[T>G]TT	-1	310372.0	619319381
JG0139b	3	128239006	U:GC[T>G]TC	1	69576.0	619388957
JG0139b	3	128244044	T:AC[T>G]CA	-1	5038.0	619393995
JG0139b	3	128761653	T:AC[T>G]CA	-1	517609.0	619911604
JG0139b	3	129095719	U:AC[T>G]TA	-1	334066.0	620245670
JG0139b	3	129781255	U:AC[T>G]TG	-1	685536.0	620931206
JG0139b	3	130241896	N:GC[T>C]TG	-1	460641.0	621391847
JG0139b	3	130363875	T:AC[T>A]CA	-1	121979.0	621513826
JG0139b	3	130396263	T:AC[T>C]CT	-1	32388.0	621546214
JG0139b	3	130524373	N:CC[T>C]CT	-1	128110.0	621674324
JG0139b	3	130586949	T:TC[T>G]TT	-1	62576.0	621736900
JG0139b	3	130768310	N:TC[T>C]TG	-1	181361.0	621918261
JG0139b	3	130958384	T:GC[T>G]TA	-1	190074.0	622108335
JG0139b	3	131062039	T:GC[T>C]CT	-1	103655.0	622211990
JG0139b	3	131259635	T:GC[T>C]TG	-1	197596.0	622409586
JG0139b	3	131699490	U:AC[T>G]TC	-1	439855.0	622849441
JG0139b	3	132576234	U:AC[T>G]CC	-1	876744.0	623726185
JG0139b	3	132680056	U:CC[T>C]AC	-1	103822.0	623830007
JG0139b	3	133268006	U:TC[T>G]TG	1	587950.0	624417957
JG0139b	3	133745225	N:GC[T>G]CA	-1	477219.0	624895176
JG0139b	3	134359086	U:AC[T>G]TA	-1	613861.0	625509037
JG0139b	3	134548018	T:TC[T>C]TA	-1	188932.0	625697969
JG0139b	3	134564220	T:TC[T>A]CC	-1	16202.0	625714171
JG0139b	3	134699949	T:CC[T>G]TG	-1	135729.0	625849900
JG0139b	3	134735499	T:TT[T>C]CA	-1	35550.0	625885450
JG0139b	3	134818228	T:TC[T>C]CT	-1	82729.0	625968179
JG0139b	3	135194550	T:GC[T>G]GA	-1	376322.0	626344501
JG0139b	3	135741402	N:GG[T>C]GA	-1	546852.0	626891353
JG0139b	3	136043451	U:AC[T>G]CC	1	302049.0	627193402
JG0139b	3	136066662	T:TC[T>C]CG	-1	23211.0	627216613
JG0139b	3	137055750	N:TG[T>A]CA	-1	989088.0	628205701
JG0139b	3	137130542	N:TG[C>A]AG	1	74792.0	628280493
JG0139b	3	137175502	N:CC[T>G]TA	-1	44960.0	628325453
JG0139b	3	137274301	N:GC[T>G]TC	-1	98799.0	628424252
JG0139b	3	137399564	N:GC[T>G]TA	-1	125263.0	628549515
JG0139b	3	138258715	T:GC[T>G]TT	-1	859151.0	629408666
JG0139b	3	138426602	N:TG[T>G]TT	-1	167887.0	629576553
JG0139b	3	138711277	U:TC[T>G]TA	-1	284675.0	629861228
JG0139b	3	138810669	U:GC[T>C]GG	-1	99392.0	629960620
JG0139b	3	138909789	N:CC[T>C]TT	-1	99120.0	630059740
JG0139b	3	139289571	T:CC[T>G]TC	-1	379782.0	630439522
JG0139b	3	140293966	T:TC[T>G]TA	-1	1004395.0	631443917
JG0139b	3	140302203	T:TC[T>C]AA	-1	8237.0	631452154
JG0139b	3	140486275	T:TC[T>A]TT	-1	184072.0	631636226
JG0139b	3	140638045	N:AC[T>C]CA	-1	151770.0	631787996
JG0139b	3	140829113	N:CC[T>G]AC	1	191068.0	631979064
JG0139b	3	141174515	N:AC[T>G]CT	1	345402.0	632324466
JG0139b	3	141750152	N:AC[T>G]TT	-1	575637.0	632900103
JG0139b	3	142121322	U:GC[T>G]CA	-1	371170.0	633271273
JG0139b	3	142527984	U:GC[T>G]TC	-1	406662.0	633677935
JG0139b	3	142705221	T:TC[T>G]TA	-1	177237.0	633855172
JG0139b	3	142719574	N:CC[T>G]TT	-1	14353.0	633869525
JG0139b	3	143255690	N:AG[T>G]TG	-1	536116.0	634405641
JG0139b	3	143458027	U:AC[T>C]TG	-1	202337.0	634607978
JG0139b	3	143728000	T:TT[T>G]TA	1	269973.0	634877951
JG0139b	3	143737223	U:AA[T>G]TC	-1	9223.0	634887174
JG0139b	3	143888259	N:TC[T>A]CT	1	151036.0	635038210
JG0139b	3	144248073	N:TC[T>A]CT	-1	359814.0	635398024
JG0139b	3	144325629	N:TC[T>C]CA	-1	77556.0	635475580
JG0139b	3	144564633	N:TC[T>G]TG	1	239004.0	635714584
JG0139b	3	144999525	N:TG[T>G]CA	-1	434892.0	636149476
JG0139b	3	147042160	N:GC[T>C]AT	-1	2042635.0	638192111
JG0139b	3	147235520	N:AC[T>G]TG	-1	193360.0	638385471
JG0139b	3	147908650	N:TG[T>A]TG	-1	673130.0	639058601
JG0139b	3	148025856	N:TC[T>G]TT	-1	117206.0	639175807
JG0139b	3	148090052	N:TG[T>C]AA	-1	64196.0	639240003
JG0139b	3	148753917	N:TC[T>C]CA	-1	663865.0	639903868
JG0139b	3	149290548	N:TC[T>C]CT	-1	536631.0	640440499
JG0139b	3	149463457	N:AG[T>C]CT	-1	172909.0	640613408
JG0139b	3	149561683	T:TC[T>G]CA	1	98226.0	640711634
JG0139b	3	150020946	T:AC[T>G]TA	1	459263.0	641170897
JG0139b	3	150024318	T:AC[T>G]TA	1	3372.0	641174269
JG0139b	3	150045756	U:GC[T>G]AA	-1	21438.0	641195707
JG0139b	3	151052048	N:GG[T>G]TG	-1	1006292.0	642201999
JG0139b	3	151538819	N:TC[T>G]TG	1	486771.0	642688770
JG0139b	3	151856111	N:TC[T>G]TA	-1	317292.0	643006062
JG0139b	3	151868363	N:GG[T>G]TA	-1	12252.0	643018314
JG0139b	3	151993414	N:AC[T>G]TA	-1	125051.0	643143365
JG0139b	3	152111585	N:AT[T>G]TG	-1	118171.0	643261536
JG0139b	3	152118046	N:AG[T>G]CG	-1	6461.0	643267997
JG0139b	3	152355102	T:GC[T>G]CA	-1	237056.0	643505053
JG0139b	3	152493687	N:TC[T>G]CA	-1	138585.0	643643638
JG0139b	3	152542704	N:GC[T>C]TT	-1	49017.0	643692655
JG0139b	3	152558694	N:AC[T>A]CC	-1	15990.0	643708645
JG0139b	3	152604575	N:GC[T>G]CA	-1	45881.0	643754526
JG0139b	3	153273460	N:GC[T>C]TG	-1	668885.0	644423411
JG0139b	3	153340599	N:GC[T>C]GA	-1	67139.0	644490550
JG0139b	3	153351793	N:GG[T>C]TT	-1	11194.0	644501744
JG0139b	3	153410297	N:TC[T>C]TT	-1	58504.0	644560248
JG0139b	3	153443580	N:AC[T>G]TA	-1	33283.0	644593531
JG0139b	3	154374301	U:AC[T>G]CA	-1	930721.0	645524252
JG0139b	3	154472838	N:AC[T>C]TA	-1	98537.0	645622789
JG0139b	3	154802792	N:TC[T>C]TG	-1	329954.0	645952743
JG0139b	3	155945663	N:AC[T>G]TG	-1	1142871.0	647095614
JG0139b	3	156136349	T:AC[T>C]TT	-1	190686.0	647286300
JG0139b	3	156285026	U:TT[T>G]TC	1	148677.0	647434977
JG0139b	3	156407878	U:AG[T>G]TC	1	122852.0	647557829
JG0139b	3	156459106	U:AC[T>G]AA	1	51228.0	647609057
JG0139b	3	156656191	N:TC[T>A]TG	-1	197085.0	647806142
JG0139b	3	156844399	U:AC[T>G]AA	1	188208.0	647994350
JG0139b	3	156998146	T:CC[T>A]TG	-1	153747.0	648148097
JG0139b	3	157358546	U:AC[T>C]TA	-1	360400.0	648508497
JG0139b	3	157373273	U:AC[T>G]TA	-1	14727.0	648523224
JG0139b	3	157506181	U:AC[T>G]TG	-1	132908.0	648656132
JG0139b	3	157865162	N:TA[T>G]TT	-1	358981.0	649015113
JG0139b	3	158079665	N:AC[T>C]TT	-1	214503.0	649229616
JG0139b	3	158191744	T:CC[T>A]CA	-1	112079.0	649341695
JG0139b	3	158553733	N:AC[T>C]CA	-1	361989.0	649703684
JG0139b	3	158806757	T:TC[T>A]CT	-1	253024.0	649956708
JG0139b	3	158896951	N:AC[T>G]TG	-1	90194.0	650046902
JG0139b	3	158899318	N:TC[T>A]TT	-1	2367.0	650049269
JG0139b	3	158935645	N:GC[T>C]GT	-1	36327.0	650085596
JG0139b	3	158964317	N:GT[T>C]TG	-1	28672.0	650114268
JG0139b	3	158980424	N:GC[T>C]TG	-1	16107.0	650130375
JG0139b	3	159036092	N:AC[T>G]TT	-1	55668.0	650186043
JG0139b	3	159224462	T:TA[T>G]TC	-1	188370.0	650374413
JG0139b	3	159429444	T:AC[T>A]TA	-1	204982.0	650579395
JG0139b	3	159480094	T:CC[T>G]TA	-1	50650.0	650630045
JG0139b	3	159647953	T:AC[T>C]TC	-1	167859.0	650797904
JG0139b	3	159736545	T:GC[T>C]TG	-1	88592.0	650886496
JG0139b	3	159756284	T:AC[T>C]GG	-1	19739.0	650906235
JG0139b	3	159978940	N:TC[T>G]TA	-1	222656.0	651128891
JG0139b	3	160163755	N:AC[T>C]TA	-1	184815.0	651313706
JG0139b	3	160371296	U:TC[T>G]TT	-1	207541.0	651521247
JG0139b	3	160546342	U:GG[T>A]TT	-1	175046.0	651696293
JG0139b	3	160832342	T:CC[T>G]TC	-1	286000.0	651982293
JG0139b	3	160858906	T:AC[T>G]TG	-1	26564.0	652008857
JG0139b	3	160869839	T:TC[T>G]TA	-1	10933.0	652019790
JG0139b	3	160935488	T:AC[T>A]CT	-1	65649.0	652085439
JG0139b	3	160994211	T:AC[T>G]TG	-1	58723.0	652144162
JG0139b	3	161010351	T:TA[T>C]GC	-1	16140.0	652160302
JG0139b	3	162189942	N:AC[T>A]CA	-1	1179591.0	653339893
JG0139b	3	162191250	N:TC[T>A]TA	-1	1308.0	653341201
JG0139b	3	162248712	N:AC[T>G]CC	-1	57462.0	653398663
JG0139b	3	162359791	N:TC[T>C]CA	-1	111079.0	653509742
JG0139b	3	162666063	N:TG[T>G]TT	-1	306272.0	653816014
JG0139b	3	163344148	N:AC[T>G]TT	-1	678085.0	654494099
JG0139b	3	163657985	N:TT[T>G]TA	-1	313837.0	654807936
JG0139b	3	164547962	N:AC[T>C]TT	-1	889977.0	655697913
JG0139b	3	165234614	N:TC[T>C]TA	-1	686652.0	656384565
JG0139b	3	165387823	N:GA[T>A]TA	-1	153209.0	656537774
JG0139b	3	165466149	N:AG[C>T]AT	1	78326.0	656616100
JG0139b	3	165888762	N:TA[T>C]CT	-1	422613.0	657038713
JG0139b	3	166516680	N:AC[T>C]TA	-1	627918.0	657666631
JG0139b	3	166663316	N:AC[T>C]CA	-1	146636.0	657813267
JG0139b	3	166746594	N:AC[T>C]TA	-1	83278.0	657896545
JG0139b	3	166804797	N:TC[T>G]TG	-1	58203.0	657954748
JG0139b	3	166984479	N:TT[T>G]TT	-1	179682.0	658134430
JG0139b	3	167086181	N:TC[T>C]GG	-1	101702.0	658236132
JG0139b	3	167402198	N:TC[T>C]TA	-1	316017.0	658552149
JG0139b	3	167512470	U:TC[T>G]TT	-1	110272.0	658662421
JG0139b	3	168027956	U:AG[T>G]TA	-1	515486.0	659177907
JG0139b	3	168850961	N:TT[C>A]CA	1	823005.0	660000912
JG0139b	3	169469209	U:TG[T>A]TC	-1	618248.0	660619160
JG0139b	3	170029595	N:AC[T>G]TA	-1	560386.0	661179546
JG0139b	3	170073603	T:AC[T>C]TA	-1	44008.0	661223554
JG0139b	3	170404428	N:AC[T>A]TT	-1	330825.0	661554379
JG0139b	3	170478204	B:AC[T>C]TG	-1	73776.0	661628155
JG0139b	3	170659827	T:TC[T>A]TA	-1	181623.0	661809778
JG0139b	3	170841923	T:GA[T>A]TG	-1	182096.0	661991874
JG0139b	3	171123027	U:AC[T>C]CT	-1	281104.0	662272978
JG0139b	3	171217926	U:TC[T>C]CC	-1	94899.0	662367877
JG0139b	3	171233276	U:GG[T>A]TG	-1	15350.0	662383227
JG0139b	3	171292417	U:CC[T>A]CC	-1	59141.0	662442368
JG0139b	3	171560902	N:GA[T>C]TT	1	268485.0	662710853
JG0139b	3	172508570	U:AC[T>A]TC	-1	947668.0	663658521
JG0139b	3	172536808	N:AC[T>C]GG	-1	28238.0	663686759
JG0139b	3	172892340	U:AC[T>C]GA	-1	355532.0	664042291
JG0139b	3	172965483	U:AC[T>A]CA	-1	73143.0	664115434
JG0139b	3	173104668	U:AG[T>A]TG	-1	139185.0	664254619
JG0139b	3	173495116	T:AC[T>C]TA	-1	390448.0	664645067
JG0139b	3	174133737	T:AC[T>G]TA	-1	638621.0	665283688
JG0139b	3	174730876	U:CA[T>C]AG	1	597139.0	665880827
JG0139b	3	174902701	T:AC[T>G]TG	-1	171825.0	666052652
JG0139b	3	174956510	T:AC[T>G]TT	-1	53809.0	666106461
JG0139b	3	174958537	T:AC[T>C]TA	-1	2027.0	666108488
JG0139b	3	174963716	T:GC[T>A]CG	-1	5179.0	666113667
JG0139b	3	175019882	T:TC[T>C]CA	-1	56166.0	666169833
JG0139b	3	175060996	T:TC[T>C]CA	-1	41114.0	666210947
JG0139b	3	175160823	T:TC[T>C]TT	-1	99827.0	666310774
JG0139b	3	175197875	T:CC[T>C]CA	-1	37052.0	666347826
JG0139b	3	175447323	T:GC[T>C]TT	-1	249448.0	666597274
JG0139b	3	175660746	T:TC[T>C]CA	-1	213423.0	666810697
JG0139b	3	175717491	T:TC[T>C]CA	-1	56745.0	666867442
JG0139b	3	175870003	N:AC[T>G]TA	-1	152512.0	667019954
JG0139b	3	175914040	N:AC[T>C]TA	-1	44037.0	667063991
JG0139b	3	176416575	N:TC[T>G]TC	-1	502535.0	667566526
JG0139b	3	176559792	N:TG[T>C]GC	-1	143217.0	667709743
JG0139b	3	176902762	N:TC[T>C]TT	-1	342970.0	668052713
JG0139b	3	176999196	N:AC[T>A]TG	-1	96434.0	668149147
JG0139b	3	177002817	N:TC[T>A]TA	-1	3621.0	668152768
JG0139b	3	177019068	N:AC[T>A]TG	-1	16251.0	668169019
JG0139b	3	177514966	N:GG[T>A]CA	-1	495898.0	668664917
JG0139b	3	177603837	N:TC[T>C]TG	-1	88871.0	668753788
JG0139b	3	177632377	N:AA[T>G]TA	-1	28540.0	668782328
JG0139b	3	177741508	N:TC[T>C]TA	-1	109131.0	668891459
JG0139b	3	177818244	N:TC[T>C]TT	-1	76736.0	668968195
JG0139b	3	178225989	N:GG[T>G]TG	-1	407745.0	669375940
JG0139b	3	178415676	T:AC[T>G]CA	-1	189687.0	669565627
JG0139b	3	178578525	T:TG[T>G]TA	-1	162849.0	669728476
JG0139b	3	178690905	T:CC[T>G]TA	-1	112380.0	669840856
JG0139b	3	178722219	T:CC[T>G]CA	-1	31314.0	669872170
JG0139b	3	178743891	T:TC[T>A]TT	-1	21672.0	669893842
JG0139b	3	178808304	T:AC[T>G]TA	-1	64413.0	669958255
JG0139b	3	178881297	N:AC[T>G]TA	-1	72993.0	670031248
JG0139b	3	180105006	N:TC[T>C]TT	-1	1223709.0	671254957
JG0139b	3	180116040	N:CC[T>A]TG	-1	11034.0	671265991
JG0139b	3	180168793	N:GC[T>C]TG	-1	52753.0	671318744
JG0139b	3	180246040	N:CC[T>C]TA	-1	77247.0	671395991
JG0139b	3	180267107	N:TC[T>C]TA	-1	21067.0	671417058
JG0139b	3	180364340	N:AC[T>C]TG	-1	97233.0	671514291
JG0139b	3	180396874	N:TC[T>C]TG	-1	32534.0	671546825
JG0139b	3	180549507	N:AC[T>C]CA	-1	152633.0	671699458
JG0139b	3	180675001	U:AC[T>G]CA	-1	125494.0	671824952
JG0139b	3	180725936	U:TC[T>C]TC	-1	50935.0	671875887
JG0139b	3	180778412	U:GT[T>G]TA	-1	52476.0	671928363
JG0139b	3	180806878	U:TG[T>G]TA	-1	28466.0	671956829
JG0139b	3	180978995	U:TT[T>A]GA	1	172117.0	672128946
JG0139b	3	180987717	U:GC[T>G]CT	-1	8722.0	672137668
JG0139b	3	182070846	N:GC[T>C]CA	-1	1083129.0	673220797
JG0139b	3	183426272	U:GC[T>C]CT	-1	1355426.0	674576223
JG0139b	3	184073401	N:AC[T>G]TC	1	647129.0	675223352
JG0139b	3	184143112	T:TG[T>C]CA	-1	69711.0	675293063
JG0139b	3	184286873	T:CC[T>G]CA	-1	143761.0	675436824
JG0139b	3	184796507	N:GA[T>A]TG	1	509634.0	675946458
JG0139b	3	184953429	T:GC[T>G]TC	-1	156922.0	676103380
JG0139b	3	185234160	U:TT[T>C]GT	-1	280731.0	676384111
JG0139b	3	185254615	N:AA[T>G]TA	-1	20455.0	676404566
JG0139b	3	185653271	U:TA[T>G]TT	-1	398656.0	676803222
JG0139b	3	185657272	U:CC[T>C]GA	-1	4001.0	676807223
JG0139b	3	185938626	N:AA[T>G]TA	1	281354.0	677088577
JG0139b	3	185989409	N:AC[T>A]TG	-1	50783.0	677139360
JG0139b	3	186260540	U:TC[T>C]CC	-1	271131.0	677410491
JG0139b	3	186909035	N:AC[T>G]GC	-1	648495.0	678058986
JG0139b	3	186969574	T:AC[T>G]TA	-1	60539.0	678119525
JG0139b	3	187116839	N:TC[T>C]TA	-1	147265.0	678266790
JG0139b	3	187162664	U:TC[T>C]TG	-1	45825.0	678312615
JG0139b	3	187561554	N:GG[T>G]TA	-1	398890.0	678711505
JG0139b	3	187761361	N:GG[T>G]TC	-1	199807.0	678911312
JG0139b	3	187761383	N:CC[T>G]CT	-1	22.0	678911334
JG0139b	3	187775168	N:AG[T>C]AG	-1	13785.0	678925119
JG0139b	3	187849085	N:GC[T>A]CC	-1	73917.0	678999036
JG0139b	3	187965933	N:TG[T>G]TG	-1	116848.0	679115884
JG0139b	3	188418183	T:CC[T>C]TG	-1	452250.0	679568134
JG0139b	3	188442938	T:TC[T>G]TA	-1	24755.0	679592889
JG0139b	3	188590005	T:AG[T>C]GC	-1	147067.0	679739956
JG0139b	3	188846361	T:TC[T>G]TC	-1	256356.0	679996312
JG0139b	3	189006756	T:AC[T>C]TA	-1	160395.0	680156707
JG0139b	3	189033859	T:GC[T>C]CA	-1	27103.0	680183810
JG0139b	3	189064319	T:TC[T>G]TG	-1	30460.0	680214270
JG0139b	3	189064390	T:GC[T>C]CC	-1	71.0	680214341
JG0139b	3	189159635	T:CC[T>C]GG	-1	95245.0	680309586
JG0139b	3	189221350	T:GG[T>C]TG	-1	61715.0	680371301
JG0139b	3	189225822	T:TC[T>C]TG	-1	4472.0	680375773
JG0139b	3	189240737	T:TC[T>C]CA	-1	14915.0	680390688
JG0139b	3	189476391	N:AT[T>G]TG	-1	235654.0	680626342
JG0139b	3	189664863	T:GC[T>C]TT	-1	188472.0	680814814
JG0139b	3	189980888	U:AC[T>C]TG	-1	316025.0	681130839
JG0139b	3	190168802	N:AC[T>G]TC	-1	187914.0	681318753
JG0139b	3	190350828	N:CC[T>A]TG	-1	182026.0	681500779
JG0139b	3	190906010	N:GG[T>G]GA	1	555182.0	682055961
JG0139b	3	190950632	N:AC[T>G]TG	-1	44622.0	682100583
JG0139b	3	191077165	N:TC[T>A]GG	-1	126533.0	682227116
JG0139b	3	191082481	N:GG[T>G]TA	-1	5316.0	682232432
JG0139b	3	191088656	N:GT[T>G]TA	-1	6175.0	682238607
JG0139b	3	191128275	N:TC[T>A]TT	-1	39619.0	682278226
JG0139b	3	191142501	N:AC[T>C]TG	-1	14226.0	682292452
JG0139b	3	191155519	N:AC[T>G]GA	-1	13018.0	682305470
JG0139b	3	191184156	N:TC[T>G]TT	-1	28637.0	682334107
JG0139b	3	191218664	T:TG[T>G]TA	-1	34508.0	682368615
JG0139b	3	191271113	U:TC[T>G]TC	-1	52449.0	682421064
JG0139b	3	191283128	U:AG[T>G]CA	-1	12015.0	682433079
JG0139b	3	191384572	U:GC[T>A]TG	1	101444.0	682534523
JG0139b	3	191407071	N:TC[T>C]CT	-1	22499.0	682557022
JG0139b	3	191420520	N:TC[T>G]TC	-1	13449.0	682570471
JG0139b	3	191770721	N:AT[T>G]TT	-1	350201.0	682920672
JG0139b	3	191910368	N:AT[T>A]TT	-1	139647.0	683060319
JG0139b	3	192283238	U:TC[T>G]TC	-1	372870.0	683433189
JG0139b	3	192318407	U:AC[T>A]TA	-1	35169.0	683468358
JG0139b	3	192381107	T:AC[T>C]AG	1	62700.0	683531058
JG0139b	3	192696797	U:TC[T>G]TG	-1	315690.0	683846748
JG0139b	3	192708766	U:GC[T>G]TT	-1	11969.0	683858717
JG0139b	3	192976726	N:AC[T>G]TC	-1	267960.0	684126677
JG0139b	3	192991939	N:TA[T>G]TT	-1	15213.0	684141890
JG0139b	3	193019822	N:CC[T>G]TG	-1	27883.0	684169773
JG0139b	3	193328208	U:AC[T>G]TA	-1	308386.0	684478159
JG0139b	3	193480438	U:TG[T>G]TT	-1	152230.0	684630389
JG0139b	3	193843631	N:TG[T>G]AA	-1	363193.0	684993582
JG0139b	3	193898734	N:AC[T>G]TC	-1	55103.0	685048685
JG0139b	3	194219579	N:GC[T>C]TG	-1	320845.0	685369530
JG0139b	3	194773698	N:AC[T>G]TG	-1	554119.0	685923649
JG0139b	3	194923447	N:AA[T>G]TA	-1	149749.0	686073398
JG0139b	3	194930391	N:AC[T>G]TG	-1	6944.0	686080342
JG0139b	3	195036175	N:GC[T>C]CG	-1	105784.0	686186126
JG0139b	3	195377532	U:CC[T>G]TG	-1	341357.0	686527483
JG0139b	3	195603451	N:TC[T>G]TA	-1	225919.0	686753402
JG0139b	3	196656179	T:TT[T>G]TT	-1	1052728.0	687806130
JG0139b	3	196736149	N:AT[T>A]TT	-1	79970.0	687886100
JG0139b	3	197206584	U:GC[T>G]CA	-1	470435.0	688356535
JG0139b	3	197234780	U:AC[T>G]CA	-1	28196.0	688384731
JG0139b	3	197778135	T:AC[T>G]TT	-1	543355.0	688928086
JG0139b	3	197811372	U:TA[T>G]TC	1	33237.0	688961323
JG0139b	3	197864538	T:CC[T>A]CC	-1	53166.0	689014489
JG0139b	4	78994	T:TG[T>A]TG	-1		689524504
JG0139b	4	110312	N:GG[T>G]TA	-1	31318.0	689555822
JG0139b	4	121359	N:TC[T>C]TA	-1	11047.0	689566869
JG0139b	4	402772	N:CC[T>C]GA	1	281413.0	689848282
JG0139b	4	971936	T:TC[T>A]CC	1	569164.0	690417446
JG0139b	4	1106778	U:GC[T>G]TA	-1	134842.0	690552288
JG0139b	4	1175713	T:TC[T>G]CC	1	68935.0	690621223
JG0139b	4	1403713	T:CC[T>C]CG	1	228000.0	690849223
JG0139b	4	1462737	N:GC[T>C]TG	1	59024.0	690908247
JG0139b	4	1977789	U:AC[T>G]CA	1	515052.0	691423299
JG0139b	4	2366025	T:AC[T>C]GT	1	388236.0	691811535
JG0139b	4	2911580	T:AC[T>G]CA	-1	545555.0	692357090
JG0139b	4	3053658	N:AC[T>G]TC	1	142078.0	692499168
JG0139b	4	3173147	T:TC[T>C]TG	-1	119489.0	692618657
JG0139b	4	3763278	N:AC[T>C]TC	-1	590131.0	693208788
JG0139b	4	3945223	N:AC[T>C]TT	1	181945.0	693390733
JG0139b	4	4073218	N:GC[T>G]TA	-1	127995.0	693518728
JG0139b	4	4092948	N:AC[T>G]TC	1	19730.0	693538458
JG0139b	4	4117955	N:TC[T>C]CA	1	25007.0	693563465
JG0139b	4	4545748	N:TC[T>C]CA	-1	427793.0	693991258
JG0139b	4	4662486	N:GC[T>A]TG	1	116738.0	694107996
JG0139b	4	4737701	N:AG[T>C]TG	1	75215.0	694183211
JG0139b	4	4889503	N:AC[T>G]TG	1	151802.0	694335013
JG0139b	4	5471261	T:TA[T>G]TT	-1	581758.0	694916771
JG0139b	4	5798605	T:CC[T>C]CC	-1	327344.0	695244115
JG0139b	4	5996090	T:TG[T>A]CA	1	197485.0	695441600
JG0139b	4	6016609	T:AG[T>G]CA	1	20519.0	695462119
JG0139b	4	6531421	U:CC[T>G]TT	-1	514812.0	695976931
JG0139b	4	6546809	T:CC[T>C]CT	1	15388.0	695992319
JG0139b	4	7023792	U:TC[T>G]TG	1	476983.0	696469302
JG0139b	4	7686121	U:AC[T>G]TG	1	662329.0	697131631
JG0139b	4	7734531	U:GC[T>C]TG	1	48410.0	697180041
JG0139b	4	7788467	T:GC[T>C]TG	1	53936.0	697233977
JG0139b	4	7862352	T:AC[T>G]TC	1	73885.0	697307862
JG0139b	4	7889398	U:AA[T>G]TT	-1	27046.0	697334908
JG0139b	4	8162775	N:GC[T>C]CG	1	273377.0	697608285
JG0139b	4	8288018	U:CC[T>G]TG	1	125243.0	697733528
JG0139b	4	8379034	T:TC[T>G]GA	1	91016.0	697824544
JG0139b	4	8393439	U:TC[T>A]TG	-1	14405.0	697838949
JG0139b	4	8666495	N:GT[C>G]AG	-1	273056.0	698112005
JG0139b	4	8906644	N:AC[T>A]TG	-1	240149.0	698352154
JG0139b	4	8931713	N:CC[T>G]CT	-1	25069.0	698377223
JG0139b	4	8987904	N:TC[T>C]CA	-1	56191.0	698433414
JG0139b	4	9079669	N:GC[T>C]GG	-1	91765.0	698525179
JG0139b	4	9121001	N:CC[T>C]CA	-1	41332.0	698566511
JG0139b	4	9443489	N:AC[T>C]TG	1	322488.0	698888999
JG0139b	4	9949585	T:TC[T>A]TC	1	506096.0	699395095
JG0139b	4	10060799	N:AC[T>C]CA	1	111214.0	699506309
JG0139b	4	10238862	N:AC[T>G]TC	1	178063.0	699684372
JG0139b	4	10531659	T:TC[T>C]TG	1	292797.0	699977169
JG0139b	4	10934488	N:GG[T>C]AA	1	402829.0	700379998
JG0139b	4	11196183	N:TC[T>C]CT	1	261695.0	700641693
JG0139b	4	11252915	N:AC[T>A]TT	-1	56732.0	700698425
JG0139b	4	11521576	N:AC[T>C]CA	-1	268661.0	700967086
JG0139b	4	12039252	N:GG[C>T]CT	1	517676.0	701484762
JG0139b	4	12142875	N:TC[T>C]TT	-1	103623.0	701588385
JG0139b	4	12446126	N:AC[T>C]TC	-1	303251.0	701891636
JG0139b	4	12538196	N:GC[T>C]CG	-1	92070.0	701983706
JG0139b	4	12538357	N:GC[T>G]TA	-1	161.0	701983867
JG0139b	4	12646028	N:CC[T>G]TA	1	107671.0	702091538
JG0139b	4	12680775	N:TC[T>C]TA	1	34747.0	702126285
JG0139b	4	12695773	N:AG[T>G]TG	1	14998.0	702141283
JG0139b	4	12696431	N:AG[T>G]TG	1	658.0	702141941
JG0139b	4	12779261	N:CC[T>G]TG	1	82830.0	702224771
JG0139b	4	12819401	N:AC[T>C]CA	1	40140.0	702264911
JG0139b	4	12875339	N:AC[T>G]TG	1	55938.0	702320849
JG0139b	4	12898613	N:TC[T>C]TA	1	23274.0	702344123
JG0139b	4	13065317	N:TC[T>C]AC	1	166704.0	702510827
JG0139b	4	13085034	N:CT[T>G]TC	-1	19717.0	702530544
JG0139b	4	13129791	N:TC[T>C]CA	1	44757.0	702575301
JG0139b	4	13167612	N:AC[T>C]TG	1	37821.0	702613122
JG0139b	4	13251807	N:GG[T>G]TT	-1	84195.0	702697317
JG0139b	4	13522445	N:AC[T>C]CG	1	270638.0	702967955
JG0139b	4	13713432	N:GC[T>G]TC	-1	190987.0	703158942
JG0139b	4	13806062	N:AG[T>G]CA	-1	92630.0	703251572
JG0139b	4	13829697	N:TC[T>C]TG	1	23635.0	703275207
JG0139b	4	13852432	N:CC[T>C]CC	1	22735.0	703297942
JG0139b	4	13852452	N:TG[T>G]CA	1	20.0	703297962
JG0139b	4	13871717	N:TC[T>C]CA	1	19265.0	703317227
JG0139b	4	13876413	N:TC[T>G]TT	-1	4696.0	703321923
JG0139b	4	13884898	N:CC[T>G]TG	1	8485.0	703330408
JG0139b	4	13945767	N:TC[T>G]TG	-1	60869.0	703391277
JG0139b	4	13947097	N:TC[T>C]TA	-1	1330.0	703392607
JG0139b	4	14016986	N:AC[T>C]TA	-1	69889.0	703462496
JG0139b	4	14436743	N:TC[T>C]TA	1	419757.0	703882253
JG0139b	4	14681403	N:TC[T>C]TG	1	244660.0	704126913
JG0139b	4	14847812	N:CC[T>G]TT	-1	166409.0	704293322
JG0139b	4	15074435	N:TC[T>C]CC	-1	226623.0	704519945
JG0139b	4	15180116	N:AC[T>G]TA	-1	105681.0	704625626
JG0139b	4	15187555	N:TC[T>C]TG	-1	7439.0	704633065
JG0139b	4	15231131	N:AC[T>G]TA	-1	43576.0	704676641
JG0139b	4	15255258	N:AC[T>A]CA	1	24127.0	704700768
JG0139b	4	15341952	U:TC[T>C]CT	1	86694.0	704787462
JG0139b	4	15417602	T:GG[T>C]TC	-1	75650.0	704863112
JG0139b	4	15459749	N:AC[T>C]CT	-1	42147.0	704905259
JG0139b	4	15754460	N:CC[T>G]TC	1	294711.0	705199970
JG0139b	4	16016481	U:TC[T>A]TT	-1	262021.0	705461991
JG0139b	4	16026346	U:AT[T>G]CA	-1	9865.0	705471856
JG0139b	4	16115194	N:TC[T>A]TA	-1	88848.0	705560704
JG0139b	4	16193793	U:AC[T>G]TT	-1	78599.0	705639303
JG0139b	4	16281815	N:AC[T>G]CA	-1	88022.0	705727325
JG0139b	4	16367717	N:AC[T>C]TG	-1	85902.0	705813227
JG0139b	4	16541614	U:GC[T>C]CA	-1	173897.0	705987124
JG0139b	4	17070520	N:TC[T>G]TG	-1	528906.0	706516030
JG0139b	4	17086423	N:TC[T>C]CC	-1	15903.0	706531933
JG0139b	4	17098099	N:AC[T>C]TG	-1	11676.0	706543609
JG0139b	4	17202649	N:TC[T>A]TA	-1	104550.0	706648159
JG0139b	4	17633359	B:TC[T>C]CA	1	430710.0	707078869
JG0139b	4	17777886	T:GC[T>C]CA	1	144527.0	707223396
JG0139b	4	17873243	U:AC[T>A]CG	-1	95357.0	707318753
JG0139b	4	18145060	N:TC[T>C]TG	-1	271817.0	707590570
JG0139b	4	18190642	N:AG[T>G]CA	1	45582.0	707636152
JG0139b	4	18224145	N:TG[T>G]TT	1	33503.0	707669655
JG0139b	4	18353792	N:AC[T>G]GA	-1	129647.0	707799302
JG0139b	4	18376704	N:TG[T>G]TT	1	22912.0	707822214
JG0139b	4	18383520	N:GC[T>A]TG	1	6816.0	707829030
JG0139b	4	18537841	N:AC[T>C]TT	1	154321.0	707983351
JG0139b	4	18659250	N:AC[T>C]TT	1	121409.0	708104760
JG0139b	4	18698724	N:AC[T>C]CA	-1	39474.0	708144234
JG0139b	4	18859990	N:TC[T>C]TT	1	161266.0	708305500
JG0139b	4	18974103	N:AC[T>A]TA	-1	114113.0	708419613
JG0139b	4	19019080	N:AC[T>G]TA	-1	44977.0	708464590
JG0139b	4	19191489	N:TC[T>A]CA	-1	172409.0	708636999
JG0139b	4	19242417	N:AC[T>A]TG	1	50928.0	708687927
JG0139b	4	19645765	N:AC[T>A]CA	1	403348.0	709091275
JG0139b	4	19752833	N:TC[T>C]CT	-1	107068.0	709198343
JG0139b	4	20100415	N:GC[T>A]CA	-1	347582.0	709545925
JG0139b	4	20277335	T:TC[T>C]TC	-1	176920.0	709722845
JG0139b	4	20459490	T:AC[T>A]TA	-1	182155.0	709905000
JG0139b	4	20542396	T:AG[T>C]CT	-1	82906.0	709987906
JG0139b	4	20634902	N:CC[T>G]TA	-1	92506.0	710080412
JG0139b	4	20775774	T:GG[T>G]TA	1	140872.0	710221284
JG0139b	4	20832103	U:TC[T>C]CA	-1	56329.0	710277613
JG0139b	4	20860266	U:AC[T>C]TG	-1	28163.0	710305776
JG0139b	4	20866035	U:GC[T>C]TT	-1	5769.0	710311545
JG0139b	4	20901821	U:AC[T>C]CA	-1	35786.0	710347331
JG0139b	4	21708368	U:AA[T>G]TC	-1	806547.0	711153878
JG0139b	4	21907502	U:TC[T>A]TC	-1	199134.0	711353012
JG0139b	4	22100527	N:AG[T>G]TC	1	193025.0	711546037
JG0139b	4	22214082	N:TT[T>C]CA	-1	113555.0	711659592
JG0139b	4	22221883	N:TG[T>G]TT	1	7801.0	711667393
JG0139b	4	22259427	N:TC[C>A]TG	1	37544.0	711704937
JG0139b	4	22278520	N:TC[T>C]GC	-1	19093.0	711724030
JG0139b	4	22397529	U:AC[T>C]TT	-1	119009.0	711843039
JG0139b	4	22451840	U:TC[T>C]TC	-1	54311.0	711897350
JG0139b	4	22452085	U:GC[T>C]TA	-1	245.0	711897595
JG0139b	4	22495216	U:AC[T>G]TG	-1	43131.0	711940726
JG0139b	4	22541187	N:AC[T>A]TG	-1	45971.0	711986697
JG0139b	4	22602834	N:GC[T>A]TG	-1	61647.0	712048344
JG0139b	4	22679325	N:AC[T>C]CA	-1	76491.0	712124835
JG0139b	4	22706205	N:CC[T>C]CA	-1	26880.0	712151715
JG0139b	4	22721365	N:TC[T>C]TG	-1	15160.0	712166875
JG0139b	4	22722197	N:AC[T>C]TA	-1	832.0	712167707
JG0139b	4	22741421	N:TC[T>A]TG	-1	19224.0	712186931
JG0139b	4	22741873	N:GG[T>C]CA	-1	452.0	712187383
JG0139b	4	22744044	N:TG[T>C]GA	1	2171.0	712189554
JG0139b	4	22746690	N:TC[T>C]GG	-1	2646.0	712192200
JG0139b	4	22845722	N:AC[T>C]GG	-1	99032.0	712291232
JG0139b	4	23698881	N:CT[C>A]AG	-1	853159.0	713144391
JG0139b	4	23748611	N:AC[T>C]TT	-1	49730.0	713194121
JG0139b	4	24147889	N:GC[T>G]CA	-1	399278.0	713593399
JG0139b	4	24889134	U:TA[T>G]TC	-1	741245.0	714334644
JG0139b	4	25624280	N:TC[T>A]CA	-1	735146.0	715069790
JG0139b	4	25742062	N:CC[T>G]CG	1	117782.0	715187572
JG0139b	4	25882666	N:AC[T>G]TT	-1	140604.0	715328176
JG0139b	4	26116495	N:AC[T>G]TT	-1	233829.0	715562005
JG0139b	4	26281668	U:AG[T>G]CA	1	165173.0	715727178
JG0139b	4	26482910	T:TG[T>G]TA	1	201242.0	715928420
JG0139b	4	26907079	T:AC[T>C]TA	-1	424169.0	716352589
JG0139b	4	27062176	N:AC[T>C]TA	-1	155097.0	716507686
JG0139b	4	27174810	N:GC[T>C]TG	-1	112634.0	716620320
JG0139b	4	27215713	N:AC[T>C]CA	-1	40903.0	716661223
JG0139b	4	27275726	N:AA[T>G]CG	1	60013.0	716721236
JG0139b	4	27284595	N:AC[T>G]GC	-1	8869.0	716730105
JG0139b	4	27294508	N:GC[T>C]TA	-1	9913.0	716740018
JG0139b	4	27305585	N:AG[T>C]TA	-1	11077.0	716751095
JG0139b	4	27350121	N:TC[T>A]CA	-1	44536.0	716795631
JG0139b	4	27409803	N:AC[T>C]TT	-1	59682.0	716855313
JG0139b	4	27605526	N:CC[T>C]TT	1	195723.0	717051036
JG0139b	4	28225554	N:GC[T>A]TG	-1	620028.0	717671064
JG0139b	4	28487880	N:AC[T>G]TA	1	262326.0	717933390
JG0139b	4	28647790	N:AC[T>A]TA	1	159910.0	718093300
JG0139b	4	28684301	N:TG[T>G]GA	-1	36511.0	718129811
JG0139b	4	28855106	N:AC[T>C]TT	-1	170805.0	718300616
JG0139b	4	29176255	N:AC[T>C]TT	-1	321149.0	718621765
JG0139b	4	29177919	N:AC[T>C]TA	-1	1664.0	718623429
JG0139b	4	29302711	N:CC[T>C]GC	-1	124792.0	718748221
JG0139b	4	29459779	N:TC[T>C]CA	-1	157068.0	718905289
JG0139b	4	29459780	N:GT[C>T]TC	-1	1.0	718905290
JG0139b	4	29479785	N:TC[T>A]CA	1	20005.0	718925295
JG0139b	4	30096953	N:CC[T>A]CA	-1	617168.0	719542463
JG0139b	4	30244274	N:TC[T>C]TG	-1	147321.0	719689784
JG0139b	4	30405818	N:AC[T>G]TA	-1	161544.0	719851328
JG0139b	4	30832809	T:AC[T>A]CA	-1	426991.0	720278319
JG0139b	4	31409192	N:GC[T>C]TA	-1	576383.0	720854702
JG0139b	4	31570055	N:TC[T>C]CG	-1	160863.0	721015565
JG0139b	4	31947837	N:TA[T>G]TA	-1	377782.0	721393347
JG0139b	4	32123602	N:GC[T>G]CA	1	175765.0	721569112
JG0139b	4	32348369	N:AT[C>T]CA	1	224767.0	721793879
JG0139b	4	33035742	N:AC[T>C]TT	-1	687373.0	722481252
JG0139b	4	34071375	N:TC[T>A]TA	-1	1035633.0	723516885
JG0139b	4	34081750	N:AC[T>C]CC	-1	10375.0	723527260
JG0139b	4	34264628	N:TC[T>C]CA	-1	182878.0	723710138
JG0139b	4	34412985	N:TC[T>C]TC	1	148357.0	723858495
JG0139b	4	34532937	N:TC[T>G]TA	-1	119952.0	723978447
JG0139b	4	34915463	N:TC[T>G]TA	1	382526.0	724360973
JG0139b	4	35054711	N:TC[T>G]TG	-1	139248.0	724500221
JG0139b	4	35260712	N:TC[T>C]TA	-1	206001.0	724706222
JG0139b	4	35338109	N:GG[T>G]CT	-1	77397.0	724783619
JG0139b	4	35866028	N:AC[T>G]TG	-1	527919.0	725311538
JG0139b	4	35910142	N:GG[T>A]TG	-1	44114.0	725355652
JG0139b	4	35945744	N:AC[T>G]TG	1	35602.0	725391254
JG0139b	4	36722913	N:AA[T>G]TA	-1	777169.0	726168423
JG0139b	4	36998414	N:AC[T>C]CT	-1	275501.0	726443924
JG0139b	4	37163548	N:AG[T>G]TT	-1	165134.0	726609058
JG0139b	4	37278669	T:TT[C>T]AG	-1	115121.0	726724179
JG0139b	4	38155818	N:AC[T>A]TA	-1	877149.0	727601328
JG0139b	4	38293612	N:TG[T>G]TG	1	137794.0	727739122
JG0139b	4	39084376	T:TC[T>C]TA	-1	790764.0	728529886
JG0139b	4	39237387	U:AC[T>G]TG	1	153011.0	728682897
JG0139b	4	39579625	T:AC[T>G]TG	1	342238.0	729025135
JG0139b	4	39866541	U:AC[T>A]GT	-1	286916.0	729312051
JG0139b	4	39930046	T:TC[T>C]CT	1	63505.0	729375556
JG0139b	4	40088340	U:AG[T>G]TT	1	158294.0	729533850
JG0139b	4	40617526	T:AC[T>C]CC	1	529186.0	730063036
JG0139b	4	40794632	U:TA[T>G]CT	1	177106.0	730240142
JG0139b	4	40800991	T:CC[T>A]TA	-1	6359.0	730246501
JG0139b	4	40825386	T:GC[T>G]TC	1	24395.0	730270896
JG0139b	4	40877893	U:GC[T>C]GC	-1	52507.0	730323403
JG0139b	4	41056315	U:TC[T>C]GA	-1	178422.0	730501825
JG0139b	4	41740379	N:AC[T>G]TA	1	684064.0	731185889
JG0139b	4	42041166	U:AG[T>C]CA	1	300787.0	731486676
JG0139b	4	42153551	N:TC[T>C]CT	1	112385.0	731599061
JG0139b	4	42186482	N:AA[T>G]TA	1	32931.0	731631992
JG0139b	4	42845437	N:AC[T>C]CG	1	658955.0	732290947
JG0139b	4	43132782	N:AC[T>C]TT	-1	287345.0	732578292
JG0139b	4	43312268	N:TT[T>G]TA	-1	179486.0	732757778
JG0139b	4	43766999	N:AC[T>G]GA	-1	454731.0	733212509
JG0139b	4	43852804	N:CC[T>G]CA	1	85805.0	733298314
JG0139b	4	44271933	T:CT[C>T]TA	1	419129.0	733717443
JG0139b	4	45101254	N:CC[T>C]CA	-1	829321.0	734546764
JG0139b	4	45454686	N:GG[T>A]TG	1	353432.0	734900196
JG0139b	4	45733107	N:GA[T>G]TT	-1	278421.0	735178617
JG0139b	4	46509009	N:CC[T>G]TC	1	775902.0	735954519
JG0139b	4	46648951	N:TG[T>A]AA	-1	139942.0	736094461
JG0139b	4	46887951	U:TC[T>C]GG	-1	239000.0	736333461
JG0139b	4	47117976	T:CC[T>G]TC	-1	230025.0	736563486
JG0139b	4	47616126	T:TC[T>C]TA	1	498150.0	737061636
JG0139b	4	48119463	U:AC[T>G]TG	-1	503337.0	737564973
JG0139b	4	49050740	T:AA[T>G]TT	-1	931277.0	738496250
JG0139b	4	52513334	N:TC[T>G]TA	-1	3462594.0	741958844
JG0139b	4	52650813	U:AC[T>G]TA	-1	137479.0	742096323
JG0139b	4	52881285	U:GC[T>G]GT	-1	230472.0	742326795
JG0139b	4	52939993	U:AA[T>G]TC	-1	58708.0	742385503
JG0139b	4	53068729	U:GG[T>G]TA	-1	128736.0	742514239
JG0139b	4	53176441	T:TG[T>G]TA	1	107712.0	742621951
JG0139b	4	53632008	T:CC[T>G]TC	-1	455567.0	743077518
JG0139b	4	53673494	T:GA[T>G]TT	-1	41486.0	743119004
JG0139b	4	53674841	U:TA[T>G]TG	1	1347.0	743120351
JG0139b	4	53754641	T:GC[T>C]TT	-1	79800.0	743200151
JG0139b	4	53813150	U:TC[T>C]GA	1	58509.0	743258660
JG0139b	4	53821614	U:TA[T>A]CC	1	8464.0	743267124
JG0139b	4	53893847	U:AC[T>G]TA	1	72233.0	743339357
JG0139b	4	54343087	N:AC[T>G]TG	-1	449240.0	743788597
JG0139b	4	54522353	N:TA[T>G]TC	-1	179266.0	743967863
JG0139b	4	54795099	N:AA[T>G]TT	1	272746.0	744240609
JG0139b	4	54880950	N:GC[T>G]TG	-1	85851.0	744326460
JG0139b	4	55193781	N:TC[T>A]TG	-1	312831.0	744639291
JG0139b	4	55209311	N:AC[T>C]TT	-1	15530.0	744654821
JG0139b	4	55305313	N:TC[T>G]TG	1	96002.0	744750823
JG0139b	4	55308450	N:AC[T>G]GT	1	3137.0	744753960
JG0139b	4	55318376	N:AC[T>C]TG	-1	9926.0	744763886
JG0139b	4	55389967	N:GT[C>A]TC	1	71591.0	744835477
JG0139b	4	55670716	N:AC[T>G]CA	1	280749.0	745116226
JG0139b	4	55828267	U:TC[T>G]TC	1	157551.0	745273777
JG0139b	4	55992812	U:GG[T>G]TA	1	164545.0	745438322
JG0139b	4	56340078	U:TC[T>C]CC	-1	347266.0	745785588
JG0139b	4	56343581	U:AC[T>A]TT	-1	3503.0	745789091
JG0139b	4	56637723	N:TC[T>G]TA	-1	294142.0	746083233
JG0139b	4	57028105	U:AC[T>C]TA	1	390382.0	746473615
JG0139b	4	57412535	N:AC[T>G]TT	1	384430.0	746858045
JG0139b	4	57460688	N:AC[T>C]TA	-1	48153.0	746906198
JG0139b	4	57534823	N:AT[T>G]TT	1	74135.0	746980333
JG0139b	4	57659966	N:AA[T>A]TT	1	125143.0	747105476
JG0139b	4	57849265	N:AG[T>C]TA	-1	189299.0	747294775
JG0139b	4	58000816	N:AA[T>G]TA	-1	151551.0	747446326
JG0139b	4	58341372	N:AC[T>G]TT	-1	340556.0	747786882
JG0139b	4	58681407	N:AT[T>G]TT	-1	340035.0	748126917
JG0139b	4	58734077	N:GC[T>G]TT	1	52670.0	748179587
JG0139b	4	59415839	N:TC[T>C]TG	-1	681762.0	748861349
JG0139b	4	59487365	N:AC[T>A]CA	1	71526.0	748932875
JG0139b	4	59624497	N:GC[T>A]TG	-1	137132.0	749070007
JG0139b	4	60321753	N:AC[T>G]TG	-1	697256.0	749767263
JG0139b	4	60603659	N:CC[T>G]TA	1	281906.0	750049169
JG0139b	4	60627599	N:TC[T>G]CA	1	23940.0	750073109
JG0139b	4	61398971	U:TC[T>C]GT	1	771372.0	750844481
JG0139b	4	62484904	N:AC[T>A]TC	-1	1085933.0	751930414
JG0139b	4	62565812	N:AC[T>G]TA	-1	80908.0	752011322
JG0139b	4	62716284	N:TC[T>G]TC	-1	150472.0	752161794
JG0139b	4	62912267	N:AC[T>G]TA	-1	195983.0	752357777
JG0139b	4	63487248	N:TC[T>C]TG	-1	574981.0	752932758
JG0139b	4	64872780	N:AC[T>C]CC	-1	1385532.0	754318290
JG0139b	4	64961429	N:CC[T>G]TC	-1	88649.0	754406939
JG0139b	4	65412227	U:TA[T>A]TG	-1	450798.0	754857737
JG0139b	4	65518026	U:AC[T>G]TT	-1	105799.0	754963536
JG0139b	4	66037608	N:TC[T>C]CG	-1	519582.0	755483118
JG0139b	4	66201230	N:GC[T>G]TA	1	163622.0	755646740
JG0139b	4	66289108	N:AC[T>C]TT	-1	87878.0	755734618
JG0139b	4	66774069	N:TG[T>G]TT	-1	484961.0	756219579
JG0139b	4	67028207	N:AC[T>G]TT	1	254138.0	756473717
JG0139b	4	67526289	U:TG[T>C]TA	-1	498082.0	756971799
JG0139b	4	67671477	T:AC[T>G]TA	1	145188.0	757116987
JG0139b	4	67870612	U:TC[T>A]CG	-1	199135.0	757316122
JG0139b	4	68047261	N:CC[T>G]TA	-1	176649.0	757492771
JG0139b	4	68136731	N:GC[T>C]CA	-1	89470.0	757582241
JG0139b	4	68785679	N:AC[T>G]TC	-1	648948.0	758231189
JG0139b	4	68827552	T:AC[T>A]CA	-1	41873.0	758273062
JG0139b	4	68929449	U:AC[T>G]TA	-1	101897.0	758374959
JG0139b	4	69131899	N:AC[T>C]CC	-1	202450.0	758577409
JG0139b	4	69450222	N:GA[T>C]TC	-1	318323.0	758895732
JG0139b	4	69808359	N:AC[T>G]TA	-1	358137.0	759253869
JG0139b	4	70065558	N:GC[T>C]TT	1	257199.0	759511068
JG0139b	4	70294754	N:TC[T>G]TG	1	229196.0	759740264
JG0139b	4	70412056	N:AC[T>C]CC	1	117302.0	759857566
JG0139b	4	71189279	T:TC[T>C]CA	-1	777223.0	760634789
JG0139b	4	71285746	U:AC[T>G]TT	1	96467.0	760731256
JG0139b	4	71302866	T:AC[T>C]TT	-1	17120.0	760748376
JG0139b	4	72190538	N:TC[T>G]TA	-1	887672.0	761636048
JG0139b	4	72201604	N:AC[T>G]TC	1	11066.0	761647114
JG0139b	4	72257370	N:CT[T>G]AT	1	55766.0	761702880
JG0139b	4	72395154	U:GG[T>G]CA	-1	137784.0	761840664
JG0139b	4	72437163	T:AC[T>G]TC	1	42009.0	761882673
JG0139b	4	72862607	N:TC[T>A]TT	-1	425444.0	762308117
JG0139b	4	73867250	N:TT[T>A]AA	-1	1004643.0	763312760
JG0139b	4	74077252	N:AG[T>C]AC	1	210002.0	763522762
JG0139b	4	74427971	N:TC[T>C]CA	1	350719.0	763873481
JG0139b	4	74548809	N:AC[T>C]TA	-1	120838.0	763994319
JG0139b	4	74600618	N:AC[T>G]TT	1	51809.0	764046128
JG0139b	4	74700880	N:AG[T>G]TC	1	100262.0	764146390
JG0139b	4	75015991	U:TC[T>A]CA	1	315111.0	764461501
JG0139b	4	75079340	N:AG[C>A]AG	-1	63349.0	764524850
JG0139b	4	76303891	T:GC[T>G]CA	-1	1224551.0	765749401
JG0139b	4	77088097	N:TC[T>G]TG	-1	784206.0	766533607
JG0139b	4	77203192	N:GT[T>G]TA	-1	115095.0	766648702
JG0139b	4	77601322	U:AC[T>G]CA	1	398130.0	767046832
JG0139b	4	77606142	T:TC[T>C]TT	-1	4820.0	767051652
JG0139b	4	78250577	T:AC[T>C]CA	-1	644435.0	767696087
JG0139b	4	78487281	T:GC[T>C]TA	-1	236704.0	767932791
JG0139b	4	78551795	U:GC[T>G]GA	1	64514.0	767997305
JG0139b	4	78910092	T:AC[T>G]TA	-1	358297.0	768355602
JG0139b	4	79043606	N:AC[T>G]TT	1	133514.0	768489116
JG0139b	4	79766072	N:AC[T>G]CA	1	722466.0	769211582
JG0139b	4	79907803	T:AA[T>G]TA	1	141731.0	769353313
JG0139b	4	80117258	N:TC[T>A]CA	-1	209455.0	769562768
JG0139b	4	80588576	T:GG[T>G]CA	-1	471318.0	770034086
JG0139b	4	80621032	T:AC[T>A]TG	-1	32456.0	770066542
JG0139b	4	81109874	T:TC[T>G]TT	1	488842.0	770555384
JG0139b	4	81594000	T:TC[T>C]CA	1	484126.0	771039510
JG0139b	4	81909982	T:TC[T>G]TC	1	315982.0	771355492
JG0139b	4	81925118	T:AC[T>G]CA	1	15136.0	771370628
JG0139b	4	82190271	N:TC[T>G]TT	-1	265153.0	771635781
JG0139b	4	82283132	N:GA[T>G]TT	-1	92861.0	771728642
JG0139b	4	82558316	T:GG[T>G]TA	1	275184.0	772003826
JG0139b	4	83177666	N:AA[T>G]TA	1	619350.0	772623176
JG0139b	4	83800794	N:TG[T>G]TA	1	623128.0	773246304
JG0139b	4	84119533	N:AA[T>G]TT	1	318739.0	773565043
JG0139b	4	84156467	N:GC[T>G]TA	1	36934.0	773601977
JG0139b	4	84551520	N:TC[T>G]GA	-1	395053.0	773997030
JG0139b	4	85249465	N:AC[T>C]TG	-1	697945.0	774694975
JG0139b	4	85275754	N:TT[T>G]TG	-1	26289.0	774721264
JG0139b	4	85305606	N:TC[T>C]CG	-1	29852.0	774751116
JG0139b	4	85597539	U:TC[T>G]CA	1	291933.0	775043049
JG0139b	4	85638115	U:CA[T>A]CT	1	40576.0	775083625
JG0139b	4	86021856	U:AC[T>G]TA	-1	383741.0	775467366
JG0139b	4	86244152	T:TC[T>C]AG	1	222296.0	775689662
JG0139b	4	86522252	T:CC[T>G]TG	1	278100.0	775967762
JG0139b	4	86690057	U:AG[T>G]TT	1	167805.0	776135567
JG0139b	4	86709386	U:CC[T>G]TA	1	19329.0	776154896
JG0139b	4	86721749	U:TC[T>G]TT	1	12363.0	776167259
JG0139b	4	87122301	U:AG[T>G]TA	1	400552.0	776567811
JG0139b	4	87330046	N:GC[T>G]TA	1	207745.0	776775556
JG0139b	4	87363991	T:TT[C>A]TT	1	33945.0	776809501
JG0139b	4	87441614	U:TC[T>A]GG	1	77623.0	776887124
JG0139b	4	87566505	N:AC[T>G]CA	1	124891.0	777012015
JG0139b	4	87851351	N:TC[T>G]TG	1	284846.0	777296861
JG0139b	4	87877009	N:TC[T>G]TG	-1	25658.0	777322519
JG0139b	4	88218562	T:AC[T>G]GA	1	341553.0	777664072
JG0139b	4	88774068	T:TC[T>G]TG	1	555506.0	778219578
JG0139b	4	89013904	U:AC[T>G]CA	-1	239836.0	778459414
JG0139b	4	89395333	N:AC[T>G]TA	1	381429.0	778840843
JG0139b	4	89679754	N:GC[T>G]TC	-1	284421.0	779125264
JG0139b	4	90041777	N:GA[T>A]TA	1	362023.0	779487287
JG0139b	4	90050659	N:TC[T>C]CC	1	8882.0	779496169
JG0139b	4	90280411	U:TC[T>G]TC	1	229752.0	779725921
JG0139b	4	90948133	U:TT[T>G]TT	1	667722.0	780393643
JG0139b	4	91754923	N:AG[C>A]TG	1	806790.0	781200433
JG0139b	4	91777285	N:CA[T>G]TC	1	22362.0	781222795
JG0139b	4	92460241	U:AC[T>C]GT	1	682956.0	781905751
JG0139b	4	92853125	U:AT[T>G]TA	1	392884.0	782298635
JG0139b	4	93173904	U:TG[T>G]TG	1	320779.0	782619414
JG0139b	4	93343235	T:TC[T>C]TA	-1	169331.0	782788745
JG0139b	4	93373308	T:AC[T>G]TA	-1	30073.0	782818818
JG0139b	4	93486291	T:AG[T>A]GA	-1	112983.0	782931801
JG0139b	4	93917298	N:TC[C>A]TT	1	431007.0	783362808
JG0139b	4	93925568	N:AG[T>G]TA	1	8270.0	783371078
JG0139b	4	94499800	T:AC[T>G]GC	-1	574232.0	783945310
JG0139b	4	94609326	U:AC[T>G]TA	1	109526.0	784054836
JG0139b	4	94660415	U:TA[T>G]TA	1	51089.0	784105925
JG0139b	4	94686431	N:GC[T>G]CA	1	26016.0	784131941
JG0139b	4	95053758	U:TG[T>G]TG	1	367327.0	784499268
JG0139b	4	96446009	N:TC[T>G]CC	1	1392251.0	785891519
JG0139b	4	97363333	T:GC[T>G]TA	1	917324.0	786808843
JG0139b	4	97480448	T:CC[T>G]TA	1	117115.0	786925958
JG0139b	4	97965043	T:CC[T>C]CA	1	484595.0	787410553
JG0139b	4	98020726	T:AC[T>G]TC	1	55683.0	787466236
JG0139b	4	98404143	T:AC[T>G]TA	-1	383417.0	787849653
JG0139b	4	98569475	U:CC[T>G]TC	-1	165332.0	788014985
JG0139b	4	98691243	N:TC[T>G]TA	-1	121768.0	788136753
JG0139b	4	98807504	N:AC[T>G]TG	-1	116261.0	788253014
JG0139b	4	99190207	N:AC[T>G]TA	1	382703.0	788635717
JG0139b	4	99221404	N:TG[T>G]TT	-1	31197.0	788666914
JG0139b	4	99287115	U:AC[T>G]TG	-1	65711.0	788732625
JG0139b	4	99316570	U:AG[T>G]TA	-1	29455.0	788762080
JG0139b	4	99530034	U:CC[T>C]TA	1	213464.0	788975544
JG0139b	4	99936042	T:CC[T>G]CG	1	406008.0	789381552
JG0139b	4	100682458	N:GC[T>C]CC	1	746416.0	790127968
JG0139b	4	100704866	N:TC[T>C]TT	1	22408.0	790150376
JG0139b	4	100821618	N:AC[T>G]GG	1	116752.0	790267128
JG0139b	4	100955494	N:TC[T>G]TC	-1	133876.0	790401004
JG0139b	4	101057104	U:CT[C>G]CA	-1	101610.0	790502614
JG0139b	4	101216067	T:TC[C>T]AA	1	158963.0	790661577
JG0139b	4	101459946	T:AC[T>G]CA	-1	243879.0	790905456
JG0139b	4	101732652	T:TG[T>A]CA	-1	272706.0	791178162
JG0139b	4	101838231	U:GA[T>A]TA	1	105579.0	791283741
JG0139b	4	102119694	N:AG[T>G]TA	1	281463.0	791565204
JG0139b	4	102170151	N:CC[T>A]CA	1	50457.0	791615661
JG0139b	4	102259229	T:AC[T>C]TT	1	89078.0	791704739
JG0139b	4	102728436	U:TC[T>G]GC	-1	469207.0	792173946
JG0139b	4	102759878	T:TG[T>G]TA	1	31442.0	792205388
JG0139b	4	102770304	N:AC[T>G]CT	1	10426.0	792215814
JG0139b	4	103073120	T:AC[T>G]TC	1	302816.0	792518630
JG0139b	4	103174301	T:TC[T>A]TA	1	101181.0	792619811
JG0139b	4	103177922	U:GT[T>G]TA	-1	3621.0	792623432
JG0139b	4	103430416	N:GG[T>G]TA	1	252494.0	792875926
JG0139b	4	103842058	N:GC[T>C]TC	-1	411642.0	793287568
JG0139b	4	103909645	N:TC[T>G]TT	1	67587.0	793355155
JG0139b	4	104168436	N:AT[T>A]GG	1	258791.0	793613946
JG0139b	4	104219065	N:CC[T>A]CA	-1	50629.0	793664575
JG0139b	4	104529856	N:TC[T>G]TG	1	310791.0	793975366
JG0139b	4	105299569	N:TC[T>G]TA	1	769713.0	794745079
JG0139b	4	105309143	N:TC[T>G]CA	-1	9574.0	794754653
JG0139b	4	106037108	N:AC[T>G]TC	-1	727965.0	795482618
JG0139b	4	106074274	T:AC[T>G]TT	1	37166.0	795519784
JG0139b	4	106238381	U:GC[T>G]TA	-1	164107.0	795683891
JG0139b	4	106245574	T:AG[T>G]TG	1	7193.0	795691084
JG0139b	4	106487979	N:GC[T>C]TA	-1	242405.0	795933489
JG0139b	4	106536839	N:AG[T>G]TG	1	48860.0	795982349
JG0139b	4	107431479	N:TC[T>A]TT	-1	894640.0	796876989
JG0139b	4	107447463	N:TA[T>A]TG	1	15984.0	796892973
JG0139b	4	107872161	U:TC[T>C]CA	1	424698.0	797317671
JG0139b	4	108880367	T:TC[T>G]TA	1	1008206.0	798325877
JG0139b	4	108940416	T:CC[T>C]CA	1	60049.0	798385926
JG0139b	4	109838694	U:AG[T>G]TT	1	898278.0	799284204
JG0139b	4	110109720	T:GC[T>G]TG	1	271026.0	799555230
JG0139b	4	111039863	N:TG[C>A]GA	-1	930143.0	800485373
JG0139b	4	111107654	N:TC[T>G]TG	-1	67791.0	800553164
JG0139b	4	111120377	N:AC[T>C]CA	-1	12723.0	800565887
JG0139b	4	111767555	N:CC[T>C]CT	1	647178.0	801213065
JG0139b	4	111957839	N:AT[T>G]TT	-1	190284.0	801403349
JG0139b	4	112223040	N:AC[T>A]TT	1	265201.0	801668550
JG0139b	4	112429760	T:GC[T>G]CA	-1	206720.0	801875270
JG0139b	4	112571338	T:AG[T>G]TC	1	141578.0	802016848
JG0139b	4	112791106	N:GA[T>G]TA	1	219768.0	802236616
JG0139b	4	113206733	U:AG[T>C]TT	1	415627.0	802652243
JG0139b	4	113951527	T:GC[T>G]TA	1	744794.0	803397037
JG0139b	4	114176363	N:AC[T>G]CA	1	224836.0	803621873
JG0139b	4	114281909	N:AA[T>G]TA	-1	105546.0	803727419
JG0139b	4	114928766	U:AC[T>C]TA	-1	646857.0	804374276
JG0139b	4	115239578	N:TG[T>G]GA	-1	310812.0	804685088
JG0139b	4	115524593	N:CT[C>A]CA	1	285015.0	804970103
JG0139b	4	115991138	N:AA[T>G]TA	-1	466545.0	805436648
JG0139b	4	116041470	N:AC[T>G]TA	-1	50332.0	805486980
JG0139b	4	116156143	N:GC[T>G]TA	1	114673.0	805601653
JG0139b	4	116208966	N:AC[T>G]CA	-1	52823.0	805654476
JG0139b	4	116219338	N:AC[T>C]TA	-1	10372.0	805664848
JG0139b	4	116376607	N:GC[T>C]TA	-1	157269.0	805822117
JG0139b	4	116390108	N:AT[T>G]TA	-1	13501.0	805835618
JG0139b	4	116554737	N:AC[T>C]TA	-1	164629.0	806000247
JG0139b	4	116557715	N:AG[T>G]TT	1	2978.0	806003225
JG0139b	4	116560224	N:TC[T>G]TT	-1	2509.0	806005734
JG0139b	4	117512332	N:AC[T>G]TT	1	952108.0	806957842
JG0139b	4	117660122	N:AC[T>A]AA	1	147790.0	807105632
JG0139b	4	117859695	N:GC[T>C]TA	1	199573.0	807305205
JG0139b	4	118380822	N:CC[T>C]CT	1	521127.0	807826332
JG0139b	4	119798851	N:AC[T>G]GA	-1	1418029.0	809244361
JG0139b	4	119812563	N:AC[T>G]TA	-1	13712.0	809258073
JG0139b	4	119959624	N:TC[T>G]TA	1	147061.0	809405134
JG0139b	4	120096755	N:AC[T>G]TG	-1	137131.0	809542265
JG0139b	4	121398304	N:GG[T>C]CA	-1	1301549.0	810843814
JG0139b	4	121629853	N:TC[T>G]TA	1	231549.0	811075363
JG0139b	4	121989261	N:TT[C>A]TT	-1	359408.0	811434771
JG0139b	4	122136872	N:TC[T>C]TT	1	147611.0	811582382
JG0139b	4	122457757	N:GC[T>A]CA	1	320885.0	811903267
JG0139b	4	122564272	N:GC[T>G]CA	1	106515.0	812009782
JG0139b	4	122633429	N:AC[T>G]CT	1	69157.0	812078939
JG0139b	4	122680412	N:AC[T>C]TT	1	46983.0	812125922
JG0139b	4	122694988	N:CA[T>G]TA	1	14576.0	812140498
JG0139b	4	123609875	N:AC[T>G]TA	1	914887.0	813055385
JG0139b	4	124089127	N:AC[T>G]TA	1	479252.0	813534637
JG0139b	4	124517884	N:AC[T>C]TG	-1	428757.0	813963394
JG0139b	4	124533333	N:AC[T>C]CT	-1	15449.0	813978843
JG0139b	4	124542016	N:AT[T>A]TA	1	8683.0	813987526
JG0139b	4	124707230	T:AC[T>A]CT	1	165214.0	814152740
JG0139b	4	125523049	N:TC[T>C]TG	-1	815819.0	814968559
JG0139b	4	125562434	N:CC[T>C]TA	-1	39385.0	815007944
JG0139b	4	125776450	N:GC[T>G]CA	1	214016.0	815221960
JG0139b	4	125936677	N:AC[T>G]TA	-1	160227.0	815382187
JG0139b	4	126145045	N:TC[T>C]TA	1	208368.0	815590555
JG0139b	4	126634203	N:TC[T>C]TA	-1	489158.0	816079713
JG0139b	4	126648356	N:AG[T>G]TT	1	14153.0	816093866
JG0139b	4	127387564	N:TC[T>C]CC	-1	739208.0	816833074
JG0139b	4	127391656	N:CC[T>G]TG	-1	4092.0	816837166
JG0139b	4	127646824	U:AC[T>A]CA	1	255168.0	817092334
JG0139b	4	127921220	T:GC[T>G]GA	1	274396.0	817366730
JG0139b	4	128695149	N:AC[T>G]CT	1	773929.0	818140659
JG0139b	4	129040703	U:TC[T>A]GC	-1	345554.0	818486213
JG0139b	4	129154156	N:AG[T>A]GA	1	113453.0	818599666
JG0139b	4	129843432	N:AC[T>C]CA	-1	689276.0	819288942
JG0139b	4	130040712	N:TC[T>C]TA	-1	197280.0	819486222
JG0139b	4	130171699	N:TC[T>C]TG	1	130987.0	819617209
JG0139b	4	130224954	N:CT[T>G]TT	1	53255.0	819670464
JG0139b	4	130436169	N:TC[T>C]TT	1	211215.0	819881679
JG0139b	4	131034856	N:GG[T>C]TG	-1	598687.0	820480366
JG0139b	4	131374058	N:TG[T>C]TT	1	339202.0	820819568
JG0139b	4	131629981	N:AC[T>C]TA	1	255923.0	821075491
JG0139b	4	132134086	N:TC[T>A]CA	1	504105.0	821579596
JG0139b	4	132874672	N:AG[T>G]GG	1	740586.0	822320182
JG0139b	4	133303558	N:AA[T>G]TT	1	428886.0	822749068
JG0139b	4	133458660	N:CC[T>G]CC	1	155102.0	822904170
JG0139b	4	133489842	N:TG[T>G]TC	1	31182.0	822935352
JG0139b	4	133638886	N:AC[T>G]GA	1	149044.0	823084396
JG0139b	4	133681278	N:TC[T>G]TT	1	42392.0	823126788
JG0139b	4	133772570	N:GG[T>G]TG	-1	91292.0	823218080
JG0139b	4	133847077	N:GC[T>G]TG	1	74507.0	823292587
JG0139b	4	133994965	N:TC[T>G]TC	1	147888.0	823440475
JG0139b	4	134346923	N:AA[T>C]AA	-1	351958.0	823792433
JG0139b	4	136327732	N:CC[C>T]CT	-1	1980809.0	825773242
JG0139b	4	139878631	T:CC[T>G]TG	1	3550899.0	829324141
JG0139b	4	139908884	T:TC[T>A]TG	1	30253.0	829354394
JG0139b	4	140216061	N:TC[T>G]TA	1	307177.0	829661571
JG0139b	4	140422667	U:AC[T>G]CC	-1	206606.0	829868177
JG0139b	4	140451247	T:GC[T>C]TA	1	28580.0	829896757
JG0139b	4	140741313	T:TC[T>G]CT	1	290066.0	830186823
JG0139b	4	140761484	N:TC[T>G]CA	1	20171.0	830206994
JG0139b	4	141362530	N:GG[T>G]AT	1	601046.0	830808040
JG0139b	4	141382400	N:AA[T>G]TG	1	19870.0	830827910
JG0139b	4	142931086	N:AC[T>A]TT	1	1548686.0	832376596
JG0139b	4	142966623	N:AG[T>G]CA	1	35537.0	832412133
JG0139b	4	143140617	N:GC[T>G]TA	1	173994.0	832586127
JG0139b	4	143615397	U:GC[T>G]GC	-1	474780.0	833060907
JG0139b	4	143929856	N:AG[C>A]CT	-1	314459.0	833375366
JG0139b	4	144247497	N:AG[C>A]AG	-1	317641.0	833693007
JG0139b	4	144792060	N:AC[T>G]CA	-1	544563.0	834237570
JG0139b	4	144836947	N:CC[T>G]TG	-1	44887.0	834282457
JG0139b	4	145114793	T:AA[T>G]TT	-1	277846.0	834560303
JG0139b	4	145283651	N:AC[T>C]TG	1	168858.0	834729161
JG0139b	4	145289581	N:GC[T>G]TG	1	5930.0	834735091
JG0139b	4	145296599	N:TC[T>G]TA	1	7018.0	834742109
JG0139b	4	145397288	N:GG[T>G]TC	1	100689.0	834842798
JG0139b	4	145623173	U:TG[T>A]CA	1	225885.0	835068683
JG0139b	4	145754647	N:AG[T>G]TT	-1	131474.0	835200157
JG0139b	4	145973254	N:GC[T>C]CT	-1	218607.0	835418764
JG0139b	4	146266746	U:TC[T>G]TA	-1	293492.0	835712256
JG0139b	4	146710922	T:TT[T>G]GA	1	444176.0	836156432
JG0139b	4	147503387	T:GC[T>G]CT	-1	792465.0	836948897
JG0139b	4	147981537	U:GG[T>G]TG	1	478150.0	837427047
JG0139b	4	148139913	T:TC[T>C]CA	1	158376.0	837585423
JG0139b	4	148536083	N:AC[T>G]CC	-1	396170.0	837981593
JG0139b	4	148672531	N:TC[T>G]TT	1	136448.0	838118041
JG0139b	4	149031323	N:TC[T>A]CA	-1	358792.0	838476833
JG0139b	4	149147327	N:CC[T>G]TA	-1	116004.0	838592837
JG0139b	4	149236117	N:AC[T>C]CT	1	88790.0	838681627
JG0139b	4	149334264	N:TC[T>C]TA	-1	98147.0	838779774
JG0139b	4	149421539	T:TT[T>G]TA	1	87275.0	838867049
JG0139b	4	149460779	U:TT[C>A]TA	-1	39240.0	838906289
JG0139b	4	149657976	T:TT[T>G]TG	1	197197.0	839103486
JG0139b	4	150024298	N:GC[T>G]TC	1	366322.0	839469808
JG0139b	4	150332975	T:AC[T>G]TG	1	308677.0	839778485
JG0139b	4	150509505	U:TC[T>G]TA	-1	176530.0	839955015
JG0139b	4	150747511	T:AG[T>G]CA	1	238006.0	840193021
JG0139b	4	150795581	U:AC[T>G]CA	-1	48070.0	840241091
JG0139b	4	150992686	U:TC[T>G]TT	-1	197105.0	840438196
JG0139b	4	151651279	U:AC[T>G]TA	1	658593.0	841096789
JG0139b	4	151766492	N:TG[T>G]TT	-1	115213.0	841212002
JG0139b	4	151948859	N:AC[T>A]TT	-1	182367.0	841394369
JG0139b	4	152191698	N:AC[T>G]TA	1	242839.0	841637208
JG0139b	4	152193241	N:TC[T>G]TT	-1	1543.0	841638751
JG0139b	4	152224076	N:CC[T>G]CA	-1	30835.0	841669586
JG0139b	4	152391261	T:AC[T>G]TA	1	167185.0	841836771
JG0139b	4	152449208	U:TC[T>C]TA	-1	57947.0	841894718
JG0139b	4	152725901	N:GC[T>A]TG	1	276693.0	842171411
JG0139b	4	153367820	T:AG[T>G]GC	-1	641919.0	842813330
JG0139b	4	155156323	N:AC[T>A]GT	1	1788503.0	844601833
JG0139b	4	156839706	T:AC[T>C]TG	1	1683383.0	846285216
JG0139b	4	158095617	N:GC[T>G]TA	1	1255911.0	847541127
JG0139b	4	158151653	U:CC[T>G]TG	-1	56036.0	847597163
JG0139b	4	159166046	T:GC[T>A]CC	-1	1014393.0	848611556
JG0139b	4	159518167	N:GG[T>C]TT	-1	352121.0	848963677
JG0139b	4	159831964	N:TC[T>G]TA	-1	313797.0	849277474
JG0139b	4	161258967	N:GG[T>G]TT	-1	1427003.0	850704477
JG0139b	4	161430219	U:TC[T>A]TT	-1	171252.0	850875729
JG0139b	4	162216400	N:AC[T>C]AG	-1	786181.0	851661910
JG0139b	4	162379138	N:TA[C>A]AG	-1	162738.0	851824648
JG0139b	4	162408724	N:CC[T>G]TC	1	29586.0	851854234
JG0139b	4	163141256	T:AC[T>C]CA	1	732532.0	852586766
JG0139b	4	163352720	N:AC[T>G]TA	-1	211464.0	852798230
JG0139b	4	164597695	N:GC[T>G]TA	-1	1244975.0	854043205
JG0139b	4	164936300	N:TC[T>A]CT	1	338605.0	854381810
JG0139b	4	165183462	T:TC[T>C]TG	1	247162.0	854628972
JG0139b	4	165571480	N:TC[T>C]TG	-1	388018.0	855016990
JG0139b	4	165719308	N:GC[T>G]TT	-1	147828.0	855164818
JG0139b	4	165881111	T:TC[T>G]TT	-1	161803.0	855326621
JG0139b	4	166000472	U:TC[T>C]TA	1	119361.0	855445982
JG0139b	4	166042571	T:TC[T>G]TA	-1	42099.0	855488081
JG0139b	4	166809121	U:AC[T>C]CA	-1	766550.0	856254631
JG0139b	4	166980551	U:TC[T>C]TG	-1	171430.0	856426061
JG0139b	4	167622249	N:AC[T>A]CC	1	641698.0	857067759
JG0139b	4	167909277	N:TC[T>A]AG	1	287028.0	857354787
JG0139b	4	167968986	N:TC[T>C]GA	1	59709.0	857414496
JG0139b	4	168546418	U:TC[T>C]CT	1	577432.0	857991928
JG0139b	4	168698086	T:GC[T>A]CC	-1	151668.0	858143596
JG0139b	4	168749053	U:GC[T>G]TG	1	50967.0	858194563
JG0139b	4	169388844	N:GC[T>G]TA	-1	639791.0	858834354
JG0139b	4	169550529	T:TC[T>G]TA	1	161685.0	858996039
JG0139b	4	169562927	T:GC[T>G]CA	1	12398.0	859008437
JG0139b	4	170047939	N:TA[T>C]GA	1	485012.0	859493449
JG0139b	4	170115156	N:AC[T>C]TG	-1	67217.0	859560666
JG0139b	4	170192313	N:GC[T>G]TA	-1	77157.0	859637823
JG0139b	4	170290691	N:TC[T>G]TA	1	98378.0	859736201
JG0139b	4	170352721	N:TC[T>C]GC	1	62030.0	859798231
JG0139b	4	170379350	N:TC[T>A]TA	-1	26629.0	859824860
JG0139b	4	170510462	N:AT[C>T]TC	1	131112.0	859955972
JG0139b	4	170510463	N:TC[T>C]CA	1	1.0	859955973
JG0139b	4	170668721	N:TC[T>G]CA	1	158258.0	860114231
JG0139b	4	171679395	N:TT[C>A]TT	-1	1010674.0	861124905
JG0139b	4	172400540	U:AC[T>C]CT	1	721145.0	861846050
JG0139b	4	172445158	U:GC[T>A]CA	1	44618.0	861890668
JG0139b	4	172575700	U:TG[T>C]TA	1	130542.0	862021210
JG0139b	4	172683931	U:AC[T>G]TA	1	108231.0	862129441
JG0139b	4	172842225	U:GC[T>G]TA	1	158294.0	862287735
JG0139b	4	172857834	T:CC[T>C]CA	-1	15609.0	862303344
JG0139b	4	172860938	U:GC[T>C]TA	1	3104.0	862306448
JG0139b	4	172862420	U:AT[T>C]TG	1	1482.0	862307930
JG0139b	4	172954598	U:AG[C>G]CC	1	92178.0	862400108
JG0139b	4	173435392	N:AG[T>G]TC	1	480794.0	862880902
JG0139b	4	173658757	N:CC[T>C]CT	-1	223365.0	863104267
JG0139b	4	173737004	N:TC[T>C]CT	1	78247.0	863182514
JG0139b	4	173783087	N:AC[T>C]CA	1	46083.0	863228597
JG0139b	4	173831194	N:AC[T>C]TC	1	48107.0	863276704
JG0139b	4	173854075	N:AC[T>C]TG	1	22881.0	863299585
JG0139b	4	173986572	N:CC[T>C]TA	1	132497.0	863432082
JG0139b	4	174114485	N:AC[T>G]TA	1	127913.0	863559995
JG0139b	4	174125358	N:TC[T>C]TG	1	10873.0	863570868
JG0139b	4	174131290	N:GC[T>A]CA	1	5932.0	863576800
JG0139b	4	174291671	U:AC[T>C]TG	1	160381.0	863737181
JG0139b	4	174611201	N:AC[T>C]CA	1	319530.0	864056711
JG0139b	4	174745510	T:AG[T>G]TT	1	134309.0	864191020
JG0139b	4	175181993	N:TC[T>C]TT	1	436483.0	864627503
JG0139b	4	175506672	N:TC[T>C]CA	1	324679.0	864952182
JG0139b	4	175554789	N:AC[T>G]TT	-1	48117.0	865000299
JG0139b	4	175617609	N:AC[T>C]TA	1	62820.0	865063119
JG0139b	4	175717274	T:TC[T>A]CT	1	99665.0	865162784
JG0139b	4	175843487	T:AC[T>C]TA	1	126213.0	865288997
JG0139b	4	175868833	T:TC[T>C]GG	1	25346.0	865314343
JG0139b	4	176397968	N:TC[T>C]CC	-1	529135.0	865843478
JG0139b	4	176526090	N:GC[T>G]TA	-1	128122.0	865971600
JG0139b	4	176582254	N:AG[C>G]AT	-1	56164.0	866027764
JG0139b	4	177416350	N:GT[C>A]AA	-1	834096.0	866861860
JG0139b	4	177466679	N:TC[T>A]GG	1	50329.0	866912189
JG0139b	4	177619487	N:TC[T>C]TG	1	152808.0	867064997
JG0139b	4	177843756	N:AG[T>A]TT	1	224269.0	867289266
JG0139b	4	178005831	N:AC[T>A]TT	-1	162075.0	867451341
JG0139b	4	178050660	N:AC[T>A]TA	1	44829.0	867496170
JG0139b	4	178283651	N:AC[T>C]TG	-1	232991.0	867729161
JG0139b	4	178345065	N:GC[T>A]CT	1	61414.0	867790575
JG0139b	4	178513667	N:AT[T>C]TA	1	168602.0	867959177
JG0139b	4	178794317	N:GC[T>G]TC	1	280650.0	868239827
JG0139b	4	179002033	N:AT[T>C]TT	1	207716.0	868447543
JG0139b	4	179335426	N:AT[T>G]TT	-1	333393.0	868780936
JG0139b	4	179370404	N:GC[T>G]TG	1	34978.0	868815914
JG0139b	4	179471213	N:TC[T>C]AA	1	100809.0	868916723
JG0139b	4	179785239	N:AC[T>C]TT	1	314026.0	869230749
JG0139b	4	179786890	N:CC[T>G]AG	1	1651.0	869232400
JG0139b	4	179840950	N:TC[T>C]CC	1	54060.0	869286460
JG0139b	4	179984541	N:AC[T>G]TG	-1	143591.0	869430051
JG0139b	4	180119477	N:CC[T>G]TA	1	134936.0	869564987
JG0139b	4	180146376	N:AG[T>A]CA	1	26899.0	869591886
JG0139b	4	180190112	N:CC[T>C]CA	1	43736.0	869635622
JG0139b	4	180275042	N:TG[T>A]TG	1	84930.0	869720552
JG0139b	4	180409842	N:TC[T>G]GA	-1	134800.0	869855352
JG0139b	4	180738644	N:TC[T>C]TC	1	328802.0	870184154
JG0139b	4	181137253	N:AC[T>C]CC	1	398609.0	870582763
JG0139b	4	181298691	N:TC[T>C]TG	1	161438.0	870744201
JG0139b	4	181637671	N:GG[T>C]TA	1	338980.0	871083181
JG0139b	4	181657974	N:AC[T>C]GC	1	20303.0	871103484
JG0139b	4	181858641	N:TC[T>G]GG	-1	200667.0	871304151
JG0139b	4	181919536	N:AC[T>G]TG	1	60895.0	871365046
JG0139b	4	182744541	T:TC[T>G]TG	-1	825005.0	872190051
JG0139b	4	182906829	U:GC[T>G]TC	-1	162288.0	872352339
JG0139b	4	183122493	U:AA[T>G]TA	1	215664.0	872568003
JG0139b	4	183180696	U:TC[T>G]TG	1	58203.0	872626206
JG0139b	4	183538620	N:AC[T>C]TG	1	357924.0	872984130
JG0139b	4	184013360	U:TC[T>C]TG	1	474740.0	873458870
JG0139b	4	184271257	N:TC[T>C]TG	-1	257897.0	873716767
JG0139b	4	184798111	T:AG[T>C]TA	1	526854.0	874243621
JG0139b	4	184839492	N:CC[T>C]CG	1	41381.0	874285002
JG0139b	4	185057669	N:CC[T>C]CA	1	218177.0	874503179
JG0139b	4	186336808	N:GG[T>G]TG	1	1279139.0	875782318
JG0139b	4	186377951	N:AC[T>A]TG	1	41143.0	875823461
JG0139b	4	186422274	N:TC[T>C]CC	1	44323.0	875867784
JG0139b	4	186479919	T:GG[T>C]TG	1	57645.0	875925429
JG0139b	4	186780902	N:GG[T>C]CC	-1	300983.0	876226412
JG0139b	4	186791429	N:AC[T>C]CC	-1	10527.0	876236939
JG0139b	4	187085539	N:GC[T>G]TA	-1	294110.0	876531049
JG0139b	4	187279757	N:GC[T>G]CA	-1	194218.0	876725267
JG0139b	4	187382596	N:TT[T>A]TG	1	102839.0	876828106
JG0139b	4	187645930	N:AC[T>G]TA	-1	263334.0	877091440
JG0139b	4	187681285	N:GA[T>G]TG	-1	35355.0	877126795
JG0139b	4	187704236	N:AC[T>G]TA	1	22951.0	877149746
JG0139b	4	187800151	N:TC[T>C]TA	1	95915.0	877245661
JG0139b	4	187966209	N:GC[T>C]TG	1	166058.0	877411719
JG0139b	4	188062451	N:AC[T>C]CC	-1	96242.0	877507961
JG0139b	4	188139820	T:GC[T>C]CT	-1	77369.0	877585330
JG0139b	4	188232257	N:TC[T>G]TA	1	92437.0	877677767
JG0139b	4	188330637	N:GC[T>A]CC	-1	98380.0	877776147
JG0139b	4	188342561	N:AC[T>G]TG	1	11924.0	877788071
JG0139b	4	188916393	N:GC[T>C]CC	1	573832.0	878361903
JG0139b	4	188921785	N:AC[T>A]CA	1	5392.0	878367295
JG0139b	4	189093955	N:AC[T>A]CA	1	172170.0	878539465
JG0139b	4	189157864	N:AC[T>G]CT	-1	63909.0	878603374
JG0139b	4	189285242	N:TT[T>C]CC	-1	127378.0	878730752
JG0139b	4	189411083	N:AG[T>A]CT	1	125841.0	878856593
JG0139b	4	189529369	N:GC[T>C]TT	1	118286.0	878974879
JG0139b	4	189767741	N:GG[T>G]TA	1	238372.0	879213251
JG0139b	4	189872280	N:TC[T>C]GA	1	104539.0	879317790
JG0139b	4	189880473	N:GC[T>C]CT	1	8193.0	879325983
JG0139b	4	190020301	N:AC[T>A]TG	1	139828.0	879465811
JG0139b	5	1001230	N:CG[T>C]GG	1		880661295
JG0139b	5	1241089	U:GA[T>G]TT	1	239859.0	880901154
JG0139b	5	1549196	N:GC[T>G]TA	1	308107.0	881209261
JG0139b	5	1685119	N:GC[T>G]TG	1	135923.0	881345184
JG0139b	5	1749819	N:CC[T>G]CC	-1	64700.0	881409884
JG0139b	5	1785981	N:GG[T>C]CT	1	36162.0	881446046
JG0139b	5	1988520	N:GC[T>G]TG	-1	202539.0	881648585
JG0139b	5	2117947	N:TC[T>G]TA	-1	129427.0	881778012
JG0139b	5	2288160	N:CC[T>G]TC	-1	170213.0	881948225
JG0139b	5	2349407	N:TC[T>G]TA	1	61247.0	882009472
JG0139b	5	2570868	N:TG[T>C]TA	-1	221461.0	882230933
JG0139b	5	2586703	N:AC[T>A]CA	-1	15835.0	882246768
JG0139b	5	2705734	N:GG[T>C]CA	1	119031.0	882365799
JG0139b	5	2747821	T:AC[T>C]TA	1	42087.0	882407886
JG0139b	5	2750166	T:AC[T>C]CC	1	2345.0	882410231
JG0139b	5	2918958	N:AC[T>C]CT	1	168792.0	882579023
JG0139b	5	3306326	N:AC[T>C]CG	1	387368.0	882966391
JG0139b	5	3393168	N:TC[T>C]CT	1	86842.0	883053233
JG0139b	5	3536374	N:GC[T>G]CA	1	143206.0	883196439
JG0139b	5	3559029	N:CC[T>G]TA	-1	22655.0	883219094
JG0139b	5	3629970	N:GC[T>C]CA	-1	70941.0	883290035
JG0139b	5	3677571	N:GC[T>C]GA	-1	47601.0	883337636
JG0139b	5	3709503	N:AC[T>G]TA	1	31932.0	883369568
JG0139b	5	3711612	N:AC[T>C]TG	1	2109.0	883371677
JG0139b	5	3993419	N:CT[C>A]CA	-1	281807.0	883653484
JG0139b	5	4751959	N:TC[T>G]GA	1	758540.0	884412024
JG0139b	5	5085723	N:AG[T>C]CA	1	333764.0	884745788
JG0139b	5	5108018	N:CG[T>A]TT	1	22295.0	884768083
JG0139b	5	5288456	T:CC[T>G]TA	-1	180438.0	884948521
JG0139b	5	5325629	N:AC[T>C]CG	1	37173.0	884985694
JG0139b	5	5506945	N:GC[T>G]CA	1	181316.0	885167010
JG0139b	5	5651014	N:AC[T>C]TT	1	144069.0	885311079
JG0139b	5	5773844	N:TG[T>C]TG	-1	122830.0	885433909
JG0139b	5	5825130	N:TC[T>C]CT	-1	51286.0	885485195
JG0139b	5	5866084	N:CC[T>C]CA	-1	40954.0	885526149
JG0139b	5	5866118	N:AG[T>C]TA	-1	34.0	885526183
JG0139b	5	5966333	N:TC[T>C]CA	1	100215.0	885626398
JG0139b	5	6091718	N:AC[T>C]CA	1	125385.0	885751783
JG0139b	5	6098760	N:TC[T>A]CC	1	7042.0	885758825
JG0139b	5	6197514	N:GC[T>C]TC	1	98754.0	885857579
JG0139b	5	6264176	N:TC[T>C]TT	1	66662.0	885924241
JG0139b	5	6295677	N:TC[T>C]CA	1	31501.0	885955742
JG0139b	5	6445224	N:AC[T>G]AA	1	149547.0	886105289
JG0139b	5	6459040	U:GG[T>G]TA	1	13816.0	886119105
JG0139b	5	6475994	U:AC[T>G]TA	1	16954.0	886136059
JG0139b	5	6625845	U:CC[T>G]TA	-1	149851.0	886285910
JG0139b	5	6760267	N:TC[T>A]CT	-1	134422.0	886420332
JG0139b	5	6793091	N:CC[T>A]CC	1	32824.0	886453156
JG0139b	5	6807463	N:GC[T>C]TA	-1	14372.0	886467528
JG0139b	5	6898824	N:CC[T>A]GG	-1	91361.0	886558889
JG0139b	5	7069613	N:AC[T>C]TT	1	170789.0	886729678
JG0139b	5	7166359	N:TC[T>G]TA	1	96746.0	886826424
JG0139b	5	7262964	N:AT[T>G]TT	-1	96605.0	886923029
JG0139b	5	7466200	U:TC[T>A]TA	1	203236.0	887126265
JG0139b	5	7518217	T:AG[C>A]AC	-1	52017.0	887178282
JG0139b	5	7830652	T:AT[T>C]CA	1	312435.0	887490717
JG0139b	5	7915362	N:AC[T>C]TG	1	84710.0	887575427
JG0139b	5	7975707	N:TG[T>A]CC	-1	60345.0	887635772
JG0139b	5	8104270	N:AC[T>G]TC	1	128563.0	887764335
JG0139b	5	8176822	N:AA[T>G]TA	1	72552.0	887836887
JG0139b	5	8632421	N:AC[T>C]TG	1	455599.0	888292486
JG0139b	5	8915988	N:AG[T>G]TG	-1	283567.0	888576053
JG0139b	5	9038121	U:AC[T>G]TC	-1	122133.0	888698186
JG0139b	5	9207837	T:AC[T>G]AA	1	169716.0	888867902
JG0139b	5	9384409	U:GC[T>C]AA	-1	176572.0	889044474
JG0139b	5	9514512	T:GC[T>C]CA	1	130103.0	889174577
JG0139b	5	9576903	N:AC[T>G]CA	1	62391.0	889236968
JG0139b	5	9582241	N:AC[T>C]TG	1	5338.0	889242306
JG0139b	5	9660632	T:TC[T>C]TA	1	78391.0	889320697
JG0139b	5	9792919	N:TC[T>C]TG	1	132287.0	889452984
JG0139b	5	9904948	N:TC[T>C]CC	-1	112029.0	889565013
JG0139b	5	9907021	N:TC[T>G]TA	-1	2073.0	889567086
JG0139b	5	9931655	N:TG[T>G]TG	-1	24634.0	889591720
JG0139b	5	10066565	N:GG[T>C]CT	1	134910.0	889726630
JG0139b	5	10124517	N:GC[T>C]GT	1	57952.0	889784582
JG0139b	5	10135090	N:TC[T>G]TC	-1	10573.0	889795155
JG0139b	5	10176377	N:AG[T>G]CA	1	41287.0	889836442
JG0139b	5	10542687	N:TG[T>G]TG	-1	366310.0	890202752
JG0139b	5	10858994	N:AC[T>C]CA	1	316307.0	890519059
JG0139b	5	10860908	N:GC[T>G]TA	1	1914.0	890520973
JG0139b	5	10906157	N:TC[T>C]TG	1	45249.0	890566222
JG0139b	5	10974866	T:TC[T>G]TC	1	68709.0	890634931
JG0139b	5	11052783	T:CA[C>G]TA	1	77917.0	890712848
JG0139b	5	11057403	T:TC[T>A]TA	1	4620.0	890717468
JG0139b	5	11230847	U:TC[T>C]GA	-1	173444.0	890890912
JG0139b	5	11833706	T:AG[T>C]AG	1	602859.0	891493771
JG0139b	5	11883367	T:TG[T>G]TC	1	49661.0	891543432
JG0139b	5	12039402	N:AC[T>C]TA	-1	156035.0	891699467
JG0139b	5	12153061	N:AG[T>C]TG	-1	113659.0	891813126
JG0139b	5	12408795	N:AC[T>C]CT	-1	255734.0	892068860
JG0139b	5	12529665	N:AC[T>C]CA	-1	120870.0	892189730
JG0139b	5	12529687	N:CA[T>G]TG	1	22.0	892189752
JG0139b	5	13221282	N:TC[T>G]TT	-1	691595.0	892881347
JG0139b	5	13513424	N:GC[T>C]TT	1	292142.0	893173489
JG0139b	5	13667142	N:AC[T>A]TG	-1	153718.0	893327207
JG0139b	5	13671225	N:GC[T>C]TC	1	4083.0	893331290
JG0139b	5	13679543	N:TA[T>C]CA	-1	8318.0	893339608
JG0139b	5	13787052	T:TC[T>C]CT	1	107509.0	893447117
JG0139b	5	13832692	T:AC[T>C]TG	1	45640.0	893492757
JG0139b	5	13833850	T:TG[T>G]TA	1	1158.0	893493915
JG0139b	5	13846999	T:TC[T>C]GA	1	13149.0	893507064
JG0139b	5	13849773	T:TC[T>C]TA	1	2774.0	893509838
JG0139b	5	13854227	T:TC[T>C]TA	1	4454.0	893514292
JG0139b	5	13942251	T:AG[T>A]CA	1	88024.0	893602316
JG0139b	5	13960711	N:GC[T>G]CC	1	18460.0	893620776
JG0139b	5	14329871	T:AC[T>G]TA	-1	369160.0	893989936
JG0139b	5	14412828	T:TG[T>A]GT	-1	82957.0	894072893
JG0139b	5	14487277	U:AC[T>G]CA	1	74449.0	894147342
JG0139b	5	14566594	N:AC[T>G]TG	-1	79317.0	894226659
JG0139b	5	14588758	T:GC[T>G]CC	-1	22164.0	894248823
JG0139b	5	14619052	N:TC[T>G]TA	-1	30294.0	894279117
JG0139b	5	14759402	T:GG[T>G]TA	1	140350.0	894419467
JG0139b	5	14860850	T:TC[T>C]CG	1	101448.0	894520915
JG0139b	5	15045816	N:TC[T>C]GC	1	184966.0	894705881
JG0139b	5	15195166	N:GC[T>G]TC	1	149350.0	894855231
JG0139b	5	15200286	N:AC[T>G]TG	-1	5120.0	894860351
JG0139b	5	15363903	N:AC[T>G]TT	-1	163617.0	895023968
JG0139b	5	15364152	N:AC[T>G]CA	1	249.0	895024217
JG0139b	5	15431951	N:TC[T>G]TA	1	67799.0	895092016
JG0139b	5	15544111	U:AC[T>C]CT	1	112160.0	895204176
JG0139b	5	15596511	T:TC[T>C]TA	-1	52400.0	895256576
JG0139b	5	15721213	U:GC[T>G]TA	1	124702.0	895381278
JG0139b	5	15733055	U:CC[T>G]TG	1	11842.0	895393120
JG0139b	5	15786829	U:TC[T>C]CA	1	53774.0	895446894
JG0139b	5	15807160	U:TC[T>C]TG	1	20331.0	895467225
JG0139b	5	16094416	U:CC[T>A]TT	-1	287256.0	895754481
JG0139b	5	16170800	U:GC[T>G]TA	-1	76384.0	895830865
JG0139b	5	16307425	N:TG[T>A]TG	-1	136625.0	895967490
JG0139b	5	16333514	N:AC[T>G]TC	1	26089.0	895993579
JG0139b	5	16378032	N:AC[T>C]CT	1	44518.0	896038097
JG0139b	5	16532976	T:AC[T>G]TG	1	154944.0	896193041
JG0139b	5	16843614	T:AC[T>C]CC	1	310638.0	896503679
JG0139b	5	16860693	T:TC[T>G]TA	1	17079.0	896520758
JG0139b	5	17017780	N:CC[T>C]CG	1	157087.0	896677845
JG0139b	5	17482254	T:CC[T>A]TA	-1	464474.0	897142319
JG0139b	5	17503697	N:AC[T>C]TT	1	21443.0	897163762
JG0139b	5	17634899	T:CC[T>G]TG	-1	131202.0	897294964
JG0139b	5	17675938	N:CC[T>G]TA	-1	41039.0	897336003
JG0139b	5	17735759	N:TC[T>A]TA	-1	59821.0	897395824
JG0139b	5	17806391	N:TC[T>C]TG	-1	70632.0	897466456
JG0139b	5	17952443	N:TG[T>C]GA	1	146052.0	897612508
JG0139b	5	18357572	N:AC[T>G]TA	1	405129.0	898017637
JG0139b	5	18403370	N:TG[T>C]GA	-1	45798.0	898063435
JG0139b	5	18739198	N:TG[T>C]TG	-1	335828.0	898399263
JG0139b	5	18770040	N:TC[T>C]CC	-1	30842.0	898430105
JG0139b	5	19291605	N:AC[T>C]CA	-1	521565.0	898951670
JG0139b	5	19303969	N:TC[T>A]CC	-1	12364.0	898964034
JG0139b	5	19305412	N:CC[T>G]TT	-1	1443.0	898965477
JG0139b	5	19348839	N:TC[T>G]TC	-1	43427.0	899008904
JG0139b	5	19389481	N:GC[T>G]CA	-1	40642.0	899049546
JG0139b	5	19591018	U:AC[T>C]CA	-1	201537.0	899251083
JG0139b	5	21660570	N:GC[T>C]TG	1	2069552.0	901320635
JG0139b	5	22072425	U:TC[T>G]TG	-1	411855.0	901732490
JG0139b	5	22472708	U:AG[T>C]TA	-1	400283.0	902132773
JG0139b	5	22550884	U:GC[T>C]GA	-1	78176.0	902210949
JG0139b	5	22632931	U:TT[T>G]TT	-1	82047.0	902292996
JG0139b	5	22896706	N:TC[T>C]TA	-1	263775.0	902556771
JG0139b	5	22919792	N:AA[T>G]TG	-1	23086.0	902579857
JG0139b	5	23474483	U:AG[T>G]TT	1	554691.0	903134548
JG0139b	5	23622841	N:AG[T>C]TT	-1	148358.0	903282906
JG0139b	5	23662716	N:AA[C>A]AG	1	39875.0	903322781
JG0139b	5	24144806	N:TT[T>G]TT	1	482090.0	903804871
JG0139b	5	24635820	U:AC[T>G]TA	-1	491014.0	904295885
JG0139b	5	24833823	N:TC[T>A]TA	-1	198003.0	904493888
JG0139b	5	25718040	N:GC[T>G]TT	-1	884217.0	905378105
JG0139b	5	27437678	N:TT[C>G]AA	1	1719638.0	907097743
JG0139b	5	27501027	N:TA[T>G]TA	1	63349.0	907161092
JG0139b	5	27846966	N:AC[T>C]CA	-1	345939.0	907507031
JG0139b	5	27912750	N:CC[T>C]CG	-1	65784.0	907572815
JG0139b	5	27964694	N:CG[T>A]GG	1	51944.0	907624759
JG0139b	5	28053883	N:TC[T>A]CA	-1	89189.0	907713948
JG0139b	5	28073630	N:GC[T>C]TA	-1	19747.0	907733695
JG0139b	5	28264038	N:AC[T>G]TA	-1	190408.0	907924103
JG0139b	5	28368129	N:AG[T>C]TT	-1	104091.0	908028194
JG0139b	5	28409015	N:AC[T>G]TG	1	40886.0	908069080
JG0139b	5	28426208	N:TC[T>C]TG	-1	17193.0	908086273
JG0139b	5	28805943	N:CC[T>G]TA	-1	379735.0	908466008
JG0139b	5	29011459	N:AC[T>A]TA	-1	205516.0	908671524
JG0139b	5	29077493	N:TG[T>G]TT	-1	66034.0	908737558
JG0139b	5	29164100	N:AA[T>G]TT	-1	86607.0	908824165
JG0139b	5	29372157	N:CC[T>G]GG	-1	208057.0	909032222
JG0139b	5	29554620	N:AC[T>G]CA	-1	182463.0	909214685
JG0139b	5	29772449	N:TC[T>C]TG	1	217829.0	909432514
JG0139b	5	29798550	N:TG[T>G]TG	1	26101.0	909458615
JG0139b	5	29895887	N:AC[T>G]TA	-1	97337.0	909555952
JG0139b	5	29963452	N:TG[T>C]GA	-1	67565.0	909623517
JG0139b	5	30186800	N:TC[T>C]CC	-1	223348.0	909846865
JG0139b	5	30194609	N:CC[T>A]TG	-1	7809.0	909854674
JG0139b	5	30238785	N:AT[T>G]TG	-1	44176.0	909898850
JG0139b	5	30266745	N:AA[T>G]TG	-1	27960.0	909926810
JG0139b	5	30766758	N:AC[T>G]TC	-1	500013.0	910426823
JG0139b	5	31386489	N:TC[T>G]CG	1	619731.0	911046554
JG0139b	5	31395537	N:CC[T>C]TC	-1	9048.0	911055602
JG0139b	5	31425856	T:GC[T>G]TA	1	30319.0	911085921
JG0139b	5	31905870	U:TC[T>G]TT	1	480014.0	911565935
JG0139b	5	32936617	N:GC[T>G]TT	-1	1030747.0	912596682
JG0139b	5	33155589	N:AC[T>G]TA	1	218972.0	912815654
JG0139b	5	33379499	N:AC[T>G]CT	1	223910.0	913039564
JG0139b	5	33735414	T:TG[T>G]TT	1	355915.0	913395479
JG0139b	5	34431239	N:AC[T>A]TT	1	695825.0	914091304
JG0139b	5	34571612	N:CC[T>G]TC	-1	140373.0	914231677
JG0139b	5	35073342	T:CC[T>G]TT	1	501730.0	914733407
JG0139b	5	35104479	U:GC[T>C]TC	-1	31137.0	914764544
JG0139b	5	35241308	N:TC[T>G]TC	1	136829.0	914901373
JG0139b	5	35393251	N:AC[T>G]TA	1	151943.0	915053316
JG0139b	5	35829106	N:AC[T>G]TA	1	435855.0	915489171
JG0139b	5	36566882	N:AC[T>G]TT	1	737776.0	916226947
JG0139b	5	36750367	N:AG[T>G]TC	1	183485.0	916410432
JG0139b	5	36778850	N:CC[T>A]TG	1	28483.0	916438915
JG0139b	5	37149519	T:AC[T>C]GT	1	370669.0	916809584
JG0139b	5	37390274	T:AC[T>G]TG	-1	240755.0	917050339
JG0139b	5	37537950	U:AA[T>G]TA	1	147676.0	917198015
JG0139b	5	37584931	T:TG[C>A]CA	-1	46981.0	917244996
JG0139b	5	37854924	N:AC[T>G]TG	-1	269993.0	917514989
JG0139b	5	37944303	N:TG[T>C]GT	-1	89379.0	917604368
JG0139b	5	38243479	N:AG[T>G]TG	-1	299176.0	917903544
JG0139b	5	38354031	T:GT[T>A]AA	-1	110552.0	918014096
JG0139b	5	38386476	T:GC[T>C]CA	-1	32445.0	918046541
JG0139b	5	38397123	T:GC[T>A]TA	-1	10647.0	918057188
JG0139b	5	38400602	T:CC[T>C]GA	-1	3479.0	918060667
JG0139b	5	38468721	N:AC[T>C]TA	-1	68119.0	918128786
JG0139b	5	38559757	T:TG[T>G]TG	1	91036.0	918219822
JG0139b	5	38577387	U:CC[T>C]GA	-1	17630.0	918237452
JG0139b	5	39117411	T:TC[T>A]TT	1	540024.0	918777476
JG0139b	5	40242843	N:AC[T>A]TC	-1	1125432.0	919902908
JG0139b	5	40396970	N:GG[T>G]CA	1	154127.0	920057035
JG0139b	5	40909152	N:TC[T>G]TA	-1	512182.0	920569217
JG0139b	5	40913806	T:AC[T>C]TG	-1	4654.0	920573871
JG0139b	5	40919354	T:GG[T>C]TA	-1	5548.0	920579419
JG0139b	5	40983431	N:AC[T>G]CA	-1	64077.0	920643496
JG0139b	5	41409027	T:AC[T>G]TG	1	425596.0	921069092
JG0139b	5	42122007	N:GA[T>G]TA	1	712980.0	921782072
JG0139b	5	42320858	N:TC[T>C]TA	-1	198851.0	921980923
JG0139b	5	42386305	N:AC[T>C]TT	-1	65447.0	922046370
JG0139b	5	42626599	T:AC[T>C]TC	-1	240294.0	922286664
JG0139b	5	42654838	T:AC[T>A]CT	-1	28239.0	922314903
JG0139b	5	42775540	T:AC[T>C]TG	-1	120702.0	922435605
JG0139b	5	42976468	N:TC[T>C]GA	1	200928.0	922636533
JG0139b	5	43334137	N:AC[T>A]TA	-1	357669.0	922994202
JG0139b	5	43373518	N:TC[T>G]TG	1	39381.0	923033583
JG0139b	5	43624382	U:GC[T>G]TT	1	250864.0	923284447
JG0139b	5	43721389	N:CC[T>C]CC	-1	97007.0	923381454
JG0139b	5	43982710	N:AC[T>C]TT	-1	261321.0	923642775
JG0139b	5	44032075	N:TC[T>G]GA	1	49365.0	923692140
JG0139b	5	44378457	U:AC[T>C]CT	-1	346382.0	924038522
JG0139b	5	44461584	N:AG[T>G]TA	-1	83127.0	924121649
JG0139b	5	44596878	N:AC[T>C]CA	-1	135294.0	924256943
JG0139b	5	44612167	N:AC[T>G]CA	-1	15289.0	924272232
JG0139b	5	44707096	N:TC[T>C]TA	-1	94929.0	924367161
JG0139b	5	45023136	N:CA[C>A]GC	-1	316040.0	924683201
JG0139b	5	45826527	N:GG[T>C]GA	-1	803391.0	925486592
JG0139b	5	45947983	N:AT[T>A]TG	-1	121456.0	925608048
JG0139b	5	50806431	U:TC[T>G]TG	1	4858448.0	930466496
JG0139b	5	50920102	N:AC[T>C]CT	-1	113671.0	930580167
JG0139b	5	50945779	N:GC[T>A]TT	-1	25677.0	930605844
JG0139b	5	50980963	N:TC[T>G]CC	1	35184.0	930641028
JG0139b	5	51127348	N:CC[T>G]TA	1	146385.0	930787413
JG0139b	5	51562035	N:AC[T>C]TA	-1	434687.0	931222100
JG0139b	5	51760126	N:AC[T>C]TA	-1	198091.0	931420191
JG0139b	5	51804663	N:AG[T>G]TG	-1	44537.0	931464728
JG0139b	5	52224600	N:TG[T>A]TG	-1	419937.0	931884665
JG0139b	5	52569438	N:AA[T>G]TG	-1	344838.0	932229503
JG0139b	5	53056780	T:GC[T>C]CC	-1	487342.0	932716845
JG0139b	5	53057413	T:TA[T>G]TT	-1	633.0	932717478
JG0139b	5	53130004	N:AC[T>G]CG	1	72591.0	932790069
JG0139b	5	53792614	N:AG[T>C]TA	-1	662610.0	933452679
JG0139b	5	53817933	N:GC[T>C]GT	-1	25319.0	933477998
JG0139b	5	54087972	U:AC[T>C]GG	-1	270039.0	933748037
JG0139b	5	54139952	U:GG[T>G]TA	-1	51980.0	933800017
JG0139b	5	54269979	U:AA[C>G]TG	-1	130027.0	933930044
JG0139b	5	54295225	U:AC[T>G]TA	-1	25246.0	933955290
JG0139b	5	54577205	N:AG[T>G]CA	1	281980.0	934237270
JG0139b	5	54610405	N:GC[T>C]TA	-1	33200.0	934270470
JG0139b	5	54616090	N:TC[T>C]CT	-1	5685.0	934276155
JG0139b	5	54632976	N:AC[T>C]TG	-1	16886.0	934293041
JG0139b	5	54633216	N:AC[T>C]CA	-1	240.0	934293281
JG0139b	5	54638285	N:AC[T>C]GG	-1	5069.0	934298350
JG0139b	5	54641204	N:TC[T>A]TG	-1	2919.0	934301269
JG0139b	5	54684142	N:TC[T>C]TA	-1	42938.0	934344207
JG0139b	5	54819565	N:TC[T>C]TA	-1	135423.0	934479630
JG0139b	5	54852537	N:CA[T>G]CC	1	32972.0	934512602
JG0139b	5	54927438	N:CC[T>G]CA	1	74901.0	934587503
JG0139b	5	54954693	N:AC[T>C]TA	-1	27255.0	934614758
JG0139b	5	55070619	N:TT[T>G]TA	1	115926.0	934730684
JG0139b	5	55072490	N:TC[T>G]CA	1	1871.0	934732555
JG0139b	5	55355091	U:GC[T>A]CA	1	282601.0	935015156
JG0139b	5	55372023	U:CC[T>C]TA	1	16932.0	935032088
JG0139b	5	55916878	T:AC[T>C]TT	-1	544855.0	935576943
JG0139b	5	55999809	N:GC[T>C]GG	-1	82931.0	935659874
JG0139b	5	56507098	N:AC[T>G]TC	1	507289.0	936167163
JG0139b	5	56730854	N:TG[T>G]TA	-1	223756.0	936390919
JG0139b	5	57032199	N:TC[T>C]TC	-1	301345.0	936692264
JG0139b	5	57195370	U:GC[T>A]GG	1	163171.0	936855435
JG0139b	5	57346120	N:AC[T>C]TG	-1	150750.0	937006185
JG0139b	5	57432733	N:TG[T>C]GA	-1	86613.0	937092798
JG0139b	5	57501396	N:CC[T>G]TC	-1	68663.0	937161461
JG0139b	5	57560480	N:CC[T>C]CT	-1	59084.0	937220545
JG0139b	5	57568740	N:TC[T>C]CC	-1	8260.0	937228805
JG0139b	5	57595183	N:AC[T>C]TA	-1	26443.0	937255248
JG0139b	5	57609982	N:TC[T>G]TC	-1	14799.0	937270047
JG0139b	5	57609988	N:AC[T>A]AC	-1	6.0	937270053
JG0139b	5	57615361	N:GG[T>G]TA	-1	5373.0	937275426
JG0139b	5	57653465	N:CC[T>G]TA	-1	38104.0	937313530
JG0139b	5	57669539	N:TC[T>C]TA	-1	16074.0	937329604
JG0139b	5	57762669	N:CC[T>G]CA	-1	93130.0	937422734
JG0139b	5	57951739	N:AG[T>G]TA	-1	189070.0	937611804
JG0139b	5	58078708	N:TC[T>A]CA	-1	126969.0	937738773
JG0139b	5	58086414	N:CC[T>C]GA	-1	7706.0	937746479
JG0139b	5	58239737	N:TC[T>C]CT	-1	153323.0	937899802
JG0139b	5	58344060	N:TG[T>G]TA	-1	104323.0	938004125
JG0139b	5	58471008	N:AC[T>C]TG	-1	126948.0	938131073
JG0139b	5	59097722	U:TC[T>G]TC	-1	626714.0	938757787
JG0139b	5	59139116	U:AC[T>C]CA	-1	41394.0	938799181
JG0139b	5	59441018	U:AC[T>C]TT	-1	301902.0	939101083
JG0139b	5	59465563	T:TC[T>C]CC	1	24545.0	939125628
JG0139b	5	59844987	T:AA[C>T]TG	1	379424.0	939505052
JG0139b	5	60080902	T:AG[T>G]TA	1	235915.0	939740967
JG0139b	5	60092830	U:TC[T>C]TG	-1	11928.0	939752895
JG0139b	5	60145981	U:CC[T>G]CA	-1	53151.0	939806046
JG0139b	5	60398675	U:TC[T>C]CT	-1	252694.0	940058740
JG0139b	5	60519253	N:AG[T>C]TC	-1	120578.0	940179318
JG0139b	5	60710542	N:AC[T>C]TG	-1	191289.0	940370607
JG0139b	5	61086603	U:CC[T>G]TA	1	376061.0	940746668
JG0139b	5	61146153	U:TC[T>A]CC	1	59550.0	940806218
JG0139b	5	61477853	T:AC[T>G]TT	-1	331700.0	941137918
JG0139b	5	61572761	N:AC[T>G]TG	1	94908.0	941232826
JG0139b	5	61944870	N:AC[T>C]TG	-1	372109.0	941604935
JG0139b	5	61960034	N:GC[T>G]TC	1	15164.0	941620099
JG0139b	5	62068123	N:TG[T>A]TT	-1	108089.0	941728188
JG0139b	5	62128763	N:AT[T>G]TT	-1	60640.0	941788828
JG0139b	5	62208952	N:AC[T>A]TA	-1	80189.0	941869017
JG0139b	5	62211264	N:AC[T>C]CT	-1	2312.0	941871329
JG0139b	5	62228763	N:TC[T>C]CC	-1	17499.0	941888828
JG0139b	5	62465588	T:AC[T>G]TT	-1	236825.0	942125653
JG0139b	5	62755906	N:AC[T>G]TT	-1	290318.0	942415971
JG0139b	5	62826051	N:AT[T>G]CA	-1	70145.0	942486116
JG0139b	5	62926460	N:AA[T>G]TA	-1	100409.0	942586525
JG0139b	5	62929517	N:TC[T>A]CT	-1	3057.0	942589582
JG0139b	5	63096884	N:AC[T>C]CA	-1	167367.0	942756949
JG0139b	5	63112445	N:TC[T>C]TG	-1	15561.0	942772510
JG0139b	5	63146994	N:AG[T>G]TA	-1	34549.0	942807059
JG0139b	5	63295163	N:AC[T>C]TA	1	148169.0	942955228
JG0139b	5	63341913	N:AC[T>C]AC	-1	46750.0	943001978
JG0139b	5	64680665	N:CC[T>A]TG	-1	1338752.0	944340730
JG0139b	5	64801336	T:AC[T>G]TA	-1	120671.0	944461401
JG0139b	5	64938506	T:GT[T>A]AC	-1	137170.0	944598571
JG0139b	5	64971605	T:AC[T>A]TG	-1	33099.0	944631670
JG0139b	5	65031429	N:AC[T>C]CG	-1	59824.0	944691494
JG0139b	5	65092238	N:TC[T>C]CC	-1	60809.0	944752303
JG0139b	5	65308096	U:TG[T>G]TA	-1	215858.0	944968161
JG0139b	5	65311295	U:AC[T>A]CT	-1	3199.0	944971360
JG0139b	5	65333206	U:AC[T>C]TT	-1	21911.0	944993271
JG0139b	5	65342615	U:TC[T>A]TT	-1	9409.0	945002680
JG0139b	5	65342724	U:AC[T>C]TT	-1	109.0	945002789
JG0139b	5	65421690	T:AC[T>G]TA	1	78966.0	945081755
JG0139b	5	65471913	U:TA[T>A]TG	-1	50223.0	945131978
JG0139b	5	65754409	U:CC[T>G]TC	1	282496.0	945414474
JG0139b	5	66413072	N:AC[T>G]TA	-1	658663.0	946073137
JG0139b	5	66433115	N:TC[T>C]TG	-1	20043.0	946093180
JG0139b	5	66505951	N:GA[T>G]CA	-1	72836.0	946166016
JG0139b	5	66746402	U:AG[T>G]TG	1	240451.0	946406467
JG0139b	5	66919053	T:TC[T>C]TG	-1	172651.0	946579118
JG0139b	5	66986830	U:TC[T>G]TG	1	67777.0	946646895
JG0139b	5	67110812	U:GG[T>G]CA	1	123982.0	946770877
JG0139b	5	67263315	N:TC[T>C]TA	-1	152503.0	946923380
JG0139b	5	67320011	N:GC[T>C]CA	-1	56696.0	946980076
JG0139b	5	67401673	N:TC[T>G]TA	-1	81662.0	947061738
JG0139b	5	67521078	N:AC[T>C]CA	1	119405.0	947181143
JG0139b	5	67585496	N:TC[T>C]CA	1	64418.0	947245561
JG0139b	5	67637136	N:AC[T>C]TG	-1	51640.0	947297201
JG0139b	5	67853517	N:AC[T>C]CA	-1	216381.0	947513582
JG0139b	5	67928597	N:TA[T>G]TA	1	75080.0	947588662
JG0139b	5	67936793	N:AT[T>G]TA	-1	8196.0	947596858
JG0139b	5	68255007	T:GC[T>A]CG	-1	318214.0	947915072
JG0139b	5	68282156	T:TC[T>A]GG	-1	27149.0	947942221
JG0139b	5	68336908	N:AC[T>C]CA	-1	54752.0	947996973
JG0139b	5	68430603	N:TC[T>C]CA	-1	93695.0	948090668
JG0139b	5	68513906	N:CC[T>G]CA	-1	83303.0	948173971
JG0139b	5	68576237	N:AC[T>C]AA	1	62331.0	948236302
JG0139b	5	68652707	N:AC[T>C]CA	-1	76470.0	948312772
JG0139b	5	68709538	N:AC[T>C]TA	-1	56831.0	948369603
JG0139b	5	68710725	N:AC[T>A]CT	1	1187.0	948370790
JG0139b	5	68807716	N:GC[T>C]TG	1	96991.0	948467781
JG0139b	5	68808965	N:AC[T>C]TT	-1	1249.0	948469030
JG0139b	5	68862854	N:CC[T>A]CC	1	53889.0	948522919
JG0139b	5	68953419	N:CG[T>A]TG	-1	90565.0	948613484
JG0139b	5	69184743	N:GG[T>A]TT	-1	231324.0	948844808
JG0139b	5	69340114	N:CT[T>C]AA	-1	155371.0	949000179
JG0139b	5	69477766	N:TC[T>G]TA	1	137652.0	949137831
JG0139b	5	71711725	N:TC[T>C]TT	-1	2233959.0	951371790
JG0139b	5	71717347	N:CA[C>G]AA	-1	5622.0	951377412
JG0139b	5	71951371	N:AC[T>C]TA	-1	234024.0	951611436
JG0139b	5	72035600	N:TC[T>A]CA	-1	84229.0	951695665
JG0139b	5	72147413	T:AG[T>G]TA	-1	111813.0	951807478
JG0139b	5	72294041	U:AC[T>G]TA	-1	146628.0	951954106
JG0139b	5	72450019	T:GC[T>C]CG	1	155978.0	952110084
JG0139b	5	73369809	N:GC[T>C]TG	1	919790.0	953029874
JG0139b	5	74003302	N:TC[T>G]TT	1	633493.0	953663367
JG0139b	5	74170440	N:AC[T>G]TT	-1	167138.0	953830505
JG0139b	5	74211207	N:TC[T>G]TA	-1	40767.0	953871272
JG0139b	5	74380856	N:AC[T>C]AG	1	169649.0	954040921
JG0139b	5	74512474	N:GC[T>C]TA	-1	131618.0	954172539
JG0139b	5	74566118	N:TC[T>G]TC	-1	53644.0	954226183
JG0139b	5	74987949	N:AG[T>G]CT	1	421831.0	954648014
JG0139b	5	75140171	T:AC[T>C]CC	1	152222.0	954800236
JG0139b	5	75501120	T:AC[T>G]AC	1	360949.0	955161185
JG0139b	5	75931828	N:GC[T>G]TA	-1	430708.0	955591893
JG0139b	5	76189861	T:AC[T>A]TG	-1	258033.0	955849926
JG0139b	5	76425952	U:AC[T>G]TC	1	236091.0	956086017
JG0139b	5	76597105	T:CC[T>A]TA	-1	171153.0	956257170
JG0139b	5	76614109	U:TG[T>C]CT	1	17004.0	956274174
JG0139b	5	76618504	B:AA[T>G]TA	-1	4395.0	956278569
JG0139b	5	76628857	T:TC[T>A]TA	-1	10353.0	956288922
JG0139b	5	76725851	T:AC[T>C]TG	-1	96994.0	956385916
JG0139b	5	76752719	N:TC[T>C]TA	-1	26868.0	956412784
JG0139b	5	77227822	T:TC[T>G]TA	-1	475103.0	956887887
JG0139b	5	77585830	U:CC[T>C]TT	-1	358008.0	957245895
JG0139b	5	77680445	N:AC[T>C]TG	-1	94615.0	957340510
JG0139b	5	77986673	N:GG[T>C]TG	-1	306228.0	957646738
JG0139b	5	78597720	T:AC[T>G]TA	1	611047.0	958257785
JG0139b	5	78846316	T:TG[T>G]GA	1	248596.0	958506381
JG0139b	5	78846638	U:TC[T>G]TA	-1	322.0	958506703
JG0139b	5	78903658	T:TC[T>G]TT	1	57020.0	958563723
JG0139b	5	79004421	U:GG[T>G]TT	-1	100763.0	958664486
JG0139b	5	79464996	T:CC[T>G]TG	1	460575.0	959125061
JG0139b	5	79758029	T:TC[T>C]TG	-1	293033.0	959418094
JG0139b	5	79791944	U:TC[T>C]TG	1	33915.0	959452009
JG0139b	5	79868730	N:GC[T>C]TG	-1	76786.0	959528795
JG0139b	5	79893496	N:AG[T>G]TA	-1	24766.0	959553561
JG0139b	5	80078081	U:AC[T>G]TT	1	184585.0	959738146
JG0139b	5	80281783	N:AC[T>G]TC	-1	203702.0	959941848
JG0139b	5	80469020	T:CA[C>T]AT	-1	187237.0	960129085
JG0139b	5	80479254	U:AC[T>G]CA	1	10234.0	960139319
JG0139b	5	81153375	T:AC[T>C]CT	-1	674121.0	960813440
JG0139b	5	81197085	T:TC[T>A]CA	-1	43710.0	960857150
JG0139b	5	81396257	N:TG[T>C]TA	1	199172.0	961056322
JG0139b	5	81417173	T:TC[T>G]TA	1	20916.0	961077238
JG0139b	5	81478789	U:AC[T>C]TA	-1	61616.0	961138854
JG0139b	5	81520132	T:AC[T>G]TG	1	41343.0	961180197
JG0139b	5	81522756	T:TC[T>C]AC	1	2624.0	961182821
JG0139b	5	81798977	N:AC[T>G]TA	-1	276221.0	961459042
JG0139b	5	82009368	U:AG[T>G]TT	1	210391.0	961669433
JG0139b	5	82057802	T:TC[T>C]GA	-1	48434.0	961717867
JG0139b	5	82212987	U:TT[T>G]TA	1	155185.0	961873052
JG0139b	5	82232837	T:CC[T>C]CC	-1	19850.0	961892902
JG0139b	5	82522470	N:TC[T>C]TA	1	289633.0	962182535
JG0139b	5	82688424	N:GG[T>C]GA	1	165954.0	962348489
JG0139b	5	82943101	N:TC[T>C]CA	-1	254677.0	962603166
JG0139b	5	83171497	T:AC[T>C]TA	-1	228396.0	962831562
JG0139b	5	83312485	T:TC[T>C]TG	-1	140988.0	962972550
JG0139b	5	83338087	T:AC[T>G]TC	-1	25602.0	962998152
JG0139b	5	83374886	N:TC[T>C]TT	-1	36799.0	963034951
JG0139b	5	83388940	N:TC[T>G]TA	-1	14054.0	963049005
JG0139b	5	83500477	T:AC[T>A]CA	-1	111537.0	963160542
JG0139b	5	83532741	T:AC[T>G]TG	-1	32264.0	963192806
JG0139b	5	83566830	T:AC[T>C]TG	-1	34089.0	963226895
JG0139b	5	83572034	T:CC[T>C]CT	-1	5204.0	963232099
JG0139b	5	83628303	N:GG[T>C]TA	-1	56269.0	963288368
JG0139b	5	83827456	N:GC[T>C]TG	-1	199153.0	963487521
JG0139b	5	83871499	N:TC[T>C]TG	-1	44043.0	963531564
JG0139b	5	83934618	N:TA[C>A]TG	-1	63119.0	963594683
JG0139b	5	83937946	N:TC[T>A]TA	-1	3328.0	963598011
JG0139b	5	84162692	U:TC[T>C]TG	-1	224746.0	963822757
JG0139b	5	84171415	U:TC[T>C]CC	-1	8723.0	963831480
JG0139b	5	84216526	U:GC[T>C]TC	-1	45111.0	963876591
JG0139b	5	84253497	U:AC[T>A]TA	-1	36971.0	963913562
JG0139b	5	84402088	N:AC[T>C]CA	-1	148591.0	964062153
JG0139b	5	84481084	N:TC[T>C]TA	-1	78996.0	964141149
JG0139b	5	84558874	N:AG[T>G]TG	-1	77790.0	964218939
JG0139b	5	85095731	N:AG[T>A]GA	-1	536857.0	964755796
JG0139b	5	85155054	N:TG[T>G]TA	-1	59323.0	964815119
JG0139b	5	85365612	N:AG[T>A]CC	-1	210558.0	965025677
JG0139b	5	85556864	N:CA[T>A]TT	-1	191252.0	965216929
JG0139b	5	85765673	N:AC[T>C]CA	-1	208809.0	965425738
JG0139b	5	85846555	N:AC[T>C]CA	-1	80882.0	965506620
JG0139b	5	85961990	N:CC[T>C]GA	-1	115435.0	965622055
JG0139b	5	85999419	N:TC[T>G]TT	-1	37429.0	965659484
JG0139b	5	86353939	N:TG[T>C]TA	-1	354520.0	966014004
JG0139b	5	86589549	N:AC[T>G]TG	-1	235610.0	966249614
JG0139b	5	86707294	N:TC[T>A]CA	-1	117745.0	966367359
JG0139b	5	86741934	N:TC[T>C]CA	-1	34640.0	966401999
JG0139b	5	86760185	N:GC[T>C]TA	-1	18251.0	966420250
JG0139b	5	86770149	N:TC[T>C]TG	-1	9964.0	966430214
JG0139b	5	86794420	N:CC[T>G]CG	-1	24271.0	966454485
JG0139b	5	87023817	N:CG[T>A]CA	-1	229397.0	966683882
JG0139b	5	87114168	N:TG[T>G]TA	1	90351.0	966774233
JG0139b	5	87236715	N:TG[T>A]TT	-1	122547.0	966896780
JG0139b	5	87991923	N:AC[T>C]TT	-1	755208.0	967651988
JG0139b	5	87996212	N:CA[T>C]GA	-1	4289.0	967656277
JG0139b	5	88045171	N:TC[T>G]TC	1	48959.0	967705236
JG0139b	5	88266393	T:AC[T>C]TA	1	221222.0	967926458
JG0139b	5	88488228	N:AC[T>C]TG	1	221835.0	968148293
JG0139b	5	88595127	N:CC[T>G]TT	-1	106899.0	968255192
JG0139b	5	88595791	N:TC[T>G]CA	1	664.0	968255856
JG0139b	5	88619204	N:TC[T>C]TT	1	23413.0	968279269
JG0139b	5	88646350	N:AC[T>G]GA	1	27146.0	968306415
JG0139b	5	88658178	N:AC[T>G]CG	-1	11828.0	968318243
JG0139b	5	88776742	T:AC[T>G]TC	1	118564.0	968436807
JG0139b	5	88782473	U:TT[T>A]TT	-1	5731.0	968442538
JG0139b	5	88856486	U:TC[T>A]TG	-1	74013.0	968516551
JG0139b	5	88994235	N:AA[T>G]TG	1	137749.0	968654300
JG0139b	5	89101768	N:AC[T>G]TA	1	107533.0	968761833
JG0139b	5	89163525	N:TC[T>C]CC	-1	61757.0	968823590
JG0139b	5	89351875	N:AA[T>G]TA	-1	188350.0	969011940
JG0139b	5	89500987	N:TC[T>C]TG	-1	149112.0	969161052
JG0139b	5	89607102	N:TC[T>C]TT	-1	106115.0	969267167
JG0139b	5	89725759	N:TC[T>G]TT	-1	118657.0	969385824
JG0139b	5	89751059	N:AC[T>C]TA	-1	25300.0	969411124
JG0139b	5	89759864	N:AC[T>G]TA	-1	8805.0	969419929
JG0139b	5	89766633	N:AC[T>C]TG	-1	6769.0	969426698
JG0139b	5	89793574	N:AC[T>C]CC	-1	26941.0	969453639
JG0139b	5	89896849	N:TC[T>A]AA	-1	103275.0	969556914
JG0139b	5	90172072	N:AC[T>G]TA	1	275223.0	969832137
JG0139b	5	90764382	T:AC[T>C]TG	-1	592310.0	970424447
JG0139b	5	90804884	U:GC[T>G]TA	1	40502.0	970464949
JG0139b	5	90904689	U:TC[T>A]CT	1	99805.0	970564754
JG0139b	5	90905978	U:GA[T>G]TA	1	1289.0	970566043
JG0139b	5	91180144	N:AC[T>G]CA	-1	274166.0	970840209
JG0139b	5	91398541	N:GC[T>G]TA	1	218397.0	971058606
JG0139b	5	91683464	N:TG[T>A]TT	-1	284923.0	971343529
JG0139b	5	91718163	N:AT[T>G]TC	-1	34699.0	971378228
JG0139b	5	91799717	N:TC[T>A]CA	-1	81554.0	971459782
JG0139b	5	91861825	N:AC[T>G]TG	-1	62108.0	971521890
JG0139b	5	91932957	N:GC[T>C]TA	-1	71132.0	971593022
JG0139b	5	92067098	N:CC[T>A]TC	-1	134141.0	971727163
JG0139b	5	92098244	N:AC[T>C]TC	-1	31146.0	971758309
JG0139b	5	92212849	N:TC[T>C]CC	-1	114605.0	971872914
JG0139b	5	92302765	N:AC[T>C]CC	1	89916.0	971962830
JG0139b	5	92308430	N:TC[T>A]TA	-1	5665.0	971968495
JG0139b	5	92316970	N:CG[T>G]TC	-1	8540.0	971977035
JG0139b	5	92385294	N:AC[T>G]TA	-1	68324.0	972045359
JG0139b	5	92461205	N:TC[T>G]TA	1	75911.0	972121270
JG0139b	5	92489836	N:CC[T>G]GA	-1	28631.0	972149901
JG0139b	5	92633117	N:CC[T>G]CA	-1	143281.0	972293182
JG0139b	5	92700836	N:AC[T>G]TT	-1	67719.0	972360901
JG0139b	5	92731462	N:AC[T>G]TT	-1	30626.0	972391527
JG0139b	5	92741965	N:GG[T>C]CG	-1	10503.0	972402030
JG0139b	5	92766323	N:TC[T>G]TG	-1	24358.0	972426388
JG0139b	5	92780440	N:GC[T>C]TA	1	14117.0	972440505
JG0139b	5	92795208	N:AC[T>C]GA	-1	14768.0	972455273
JG0139b	5	92803849	N:AC[T>G]TA	-1	8641.0	972463914
JG0139b	5	92884923	N:TC[T>A]TA	-1	81074.0	972544988
JG0139b	5	93068220	N:TC[T>C]TG	-1	183297.0	972728285
JG0139b	5	93161522	N:TC[T>G]TT	-1	93302.0	972821587
JG0139b	5	93173138	N:GC[T>G]TA	1	11616.0	972833203
JG0139b	5	93191010	N:TC[T>C]GG	-1	17872.0	972851075
JG0139b	5	93198286	N:AC[T>C]TA	-1	7276.0	972858351
JG0139b	5	93354062	N:AG[T>C]TA	-1	155776.0	973014127
JG0139b	5	93384527	N:TC[T>A]TG	-1	30465.0	973044592
JG0139b	5	93443729	N:AG[T>C]TG	-1	59202.0	973103794
JG0139b	5	93475250	N:AC[T>G]TT	-1	31521.0	973135315
JG0139b	5	93615472	N:AT[T>G]TT	-1	140222.0	973275537
JG0139b	5	93643621	U:AC[T>C]CG	-1	28149.0	973303686
JG0139b	5	93772856	U:TC[T>A]TG	-1	129235.0	973432921
JG0139b	5	94115119	N:TC[T>A]CA	-1	342263.0	973775184
JG0139b	5	94216831	U:TC[T>A]CC	-1	101712.0	973876896
JG0139b	5	94230474	T:TC[T>G]CT	1	13643.0	973890539
JG0139b	5	94359386	U:AC[T>C]TT	-1	128912.0	974019451
JG0139b	5	94568782	T:AC[T>G]TT	1	209396.0	974228847
JG0139b	5	94707325	U:TT[C>A]TA	-1	138543.0	974367390
JG0139b	5	94707327	U:AC[T>C]TC	-1	2.0	974367392
JG0139b	5	94707756	U:AC[T>C]TT	-1	429.0	974367821
JG0139b	5	94737720	U:GC[T>C]TG	-1	29964.0	974397785
JG0139b	5	94746142	U:TC[T>G]AA	-1	8422.0	974406207
JG0139b	5	94791957	U:AC[T>C]TG	-1	45815.0	974452022
JG0139b	5	94829978	U:GC[T>A]AC	-1	38021.0	974490043
JG0139b	5	94854826	U:AC[T>C]CT	-1	24848.0	974514891
JG0139b	5	94868685	U:AG[T>A]CC	-1	13859.0	974528750
JG0139b	5	94979028	U:GC[T>C]CT	-1	110343.0	974639093
JG0139b	5	94993283	T:TC[T>G]TC	1	14255.0	974653348
JG0139b	5	95006532	U:CC[T>C]TG	-1	13249.0	974666597
JG0139b	5	95127185	U:TC[T>A]GG	-1	120653.0	974787250
JG0139b	5	95128243	U:TC[T>C]CA	-1	1058.0	974788308
JG0139b	5	95258285	U:TC[T>C]CA	-1	130042.0	974918350
JG0139b	5	95512146	U:TC[T>G]TA	-1	253861.0	975172211
JG0139b	5	95548697	T:GG[T>G]TA	1	36551.0	975208762
JG0139b	5	95560922	T:AC[T>C]GA	-1	12225.0	975220987
JG0139b	5	95582198	U:TC[T>A]CA	1	21276.0	975242263
JG0139b	5	95628726	N:GC[T>C]TT	-1	46528.0	975288791
JG0139b	5	95697590	N:GG[T>A]TA	-1	68864.0	975357655
JG0139b	5	95819849	U:TC[T>C]CA	-1	122259.0	975479914
JG0139b	5	95948030	U:TC[T>G]TA	-1	128181.0	975608095
JG0139b	5	95971444	N:AC[T>G]TA	-1	23414.0	975631509
JG0139b	5	95983112	N:TC[T>C]AA	1	11668.0	975643177
JG0139b	5	96012615	N:AC[T>A]TG	-1	29503.0	975672680
JG0139b	5	96100271	N:GG[T>G]TG	1	87656.0	975760336
JG0139b	5	96124100	N:CC[T>C]TA	-1	23829.0	975784165
JG0139b	5	96133504	N:TC[T>C]CA	-1	9404.0	975793569
JG0139b	5	96188763	N:AC[T>C]TA	-1	55259.0	975848828
JG0139b	5	96432026	U:GC[T>C]TG	-1	243263.0	976092091
JG0139b	5	96680655	T:AC[T>G]TA	-1	248629.0	976340720
JG0139b	5	96748076	T:CC[T>A]TG	-1	67421.0	976408141
JG0139b	5	96778232	T:GC[T>G]TA	1	30156.0	976438297
JG0139b	5	96823803	N:TC[T>G]TG	-1	45571.0	976483868
JG0139b	5	97484124	N:AC[T>G]TG	-1	660321.0	977144189
JG0139b	5	97920540	N:GC[T>G]TA	-1	436416.0	977580605
JG0139b	5	98514971	N:CC[T>C]TG	-1	594431.0	978175036
JG0139b	5	98824209	N:AC[T>G]CT	1	309238.0	978484274
JG0139b	5	98830752	N:TC[T>A]GA	-1	6543.0	978490817
JG0139b	5	99302063	N:AC[T>G]TA	-1	471311.0	978962128
JG0139b	5	99565722	N:TC[T>C]TT	-1	263659.0	979225787
JG0139b	5	99801523	N:CC[T>C]CA	1	235801.0	979461588
JG0139b	5	99925198	N:GC[T>C]CC	1	123675.0	979585263
JG0139b	5	100052612	N:GG[T>G]TT	1	127414.0	979712677
JG0139b	5	100214157	N:AT[T>C]TA	-1	161545.0	979874222
JG0139b	5	100646521	N:TC[T>A]CA	-1	432364.0	980306586
JG0139b	5	100673276	N:AA[T>A]TA	-1	26755.0	980333341
JG0139b	5	100747895	N:TC[T>G]TT	1	74619.0	980407960
JG0139b	5	100891965	T:AG[T>G]TA	1	144070.0	980552030
JG0139b	5	100941581	N:AC[T>G]TG	-1	49616.0	980601646
JG0139b	5	101114394	N:CC[T>C]CA	1	172813.0	980774459
JG0139b	5	101294702	N:AC[T>C]TG	-1	180308.0	980954767
JG0139b	5	101330231	N:AC[T>C]TG	-1	35529.0	980990296
JG0139b	5	101529833	N:AG[T>G]TT	-1	199602.0	981189898
JG0139b	5	101642923	N:AG[T>C]TA	-1	113090.0	981302988
JG0139b	5	101852107	N:TT[C>A]CC	-1	209184.0	981512172
JG0139b	5	101857816	N:TC[T>G]TA	1	5709.0	981517881
JG0139b	5	101915263	N:AT[T>G]TA	-1	57447.0	981575328
JG0139b	5	102196714	N:CC[T>A]TG	-1	281451.0	981856779
JG0139b	5	102398714	T:CC[T>G]CA	1	202000.0	982058779
JG0139b	5	102535936	N:TC[T>G]TA	1	137222.0	982196001
JG0139b	5	102539754	N:GC[T>C]TG	-1	3818.0	982199819
JG0139b	5	102577973	N:AC[T>G]TT	1	38219.0	982238038
JG0139b	5	102980267	T:AG[T>G]TA	-1	402294.0	982640332
JG0139b	5	103305456	N:TC[T>C]CA	1	325189.0	982965521
JG0139b	5	103569625	N:AC[T>G]TG	1	264169.0	983229690
JG0139b	5	103896859	N:TC[T>C]GG	-1	327234.0	983556924
JG0139b	5	103953076	N:TC[T>C]TA	1	56217.0	983613141
JG0139b	5	104117789	N:GC[T>C]CA	-1	164713.0	983777854
JG0139b	5	105802432	N:AC[T>C]TG	-1	1684643.0	985462497
JG0139b	5	105878228	N:GC[T>C]TG	1	75796.0	985538293
JG0139b	5	106329126	N:TC[T>G]TA	1	450898.0	985989191
JG0139b	5	107120713	N:TC[T>C]TA	1	791587.0	986780778
JG0139b	5	107377009	T:TC[T>G]TT	1	256296.0	987037074
JG0139b	5	107488131	U:AC[T>C]CC	-1	111122.0	987148196
JG0139b	5	107675805	N:TC[T>C]TT	-1	187674.0	987335870
JG0139b	5	109438779	N:TT[T>G]TA	-1	1762974.0	989098844
JG0139b	5	109504034	N:AC[T>G]GA	1	65255.0	989164099
JG0139b	5	109788260	T:AC[T>C]CA	-1	284226.0	989448325
JG0139b	5	109808287	T:AG[T>G]TA	-1	20027.0	989468352
JG0139b	5	109922149	N:AC[T>C]TG	-1	113862.0	989582214
JG0139b	5	109925942	N:AG[T>A]CA	-1	3793.0	989586007
JG0139b	5	109999125	N:TG[T>G]TA	-1	73183.0	989659190
JG0139b	5	110194684	N:AT[T>G]TG	-1	195559.0	989854749
JG0139b	5	110272221	N:AC[T>C]CA	-1	77537.0	989932286
JG0139b	5	110372949	N:TT[T>G]TT	1	100728.0	990033014
JG0139b	5	110986939	N:TC[T>G]TC	-1	613990.0	990647004
JG0139b	5	111092251	T:AC[T>G]TG	-1	105312.0	990752316
JG0139b	5	111214501	N:TC[T>C]TG	1	122250.0	990874566
JG0139b	5	111273363	U:TC[T>G]TT	1	58862.0	990933428
JG0139b	5	111295543	T:GG[T>C]TG	-1	22180.0	990955608
JG0139b	5	111316636	U:AC[T>C]GC	1	21093.0	990976701
JG0139b	5	111449487	T:CC[T>A]TG	-1	132851.0	991109552
JG0139b	5	111500398	U:CC[T>G]CA	-1	50911.0	991160463
JG0139b	5	111526309	N:GC[T>G]TG	-1	25911.0	991186374
JG0139b	5	111797945	U:TC[T>C]TA	-1	271636.0	991458010
JG0139b	5	112001250	N:CC[T>C]TG	-1	203305.0	991661315
JG0139b	5	112080831	N:GG[T>A]TC	-1	79581.0	991740896
JG0139b	5	112547894	N:GG[T>A]CA	1	467063.0	992207959
JG0139b	5	112809769	T:TC[T>A]CG	-1	261875.0	992469834
JG0139b	5	112819647	U:AC[T>G]TC	1	9878.0	992479712
JG0139b	5	112903535	T:AC[T>G]TA	1	83888.0	992563600
JG0139b	5	113282415	T:TT[T>G]CA	1	378880.0	992942480
JG0139b	5	113686862	N:AC[T>G]TG	1	404447.0	993346927
JG0139b	5	114332019	T:CC[T>G]TT	-1	645157.0	993992084
JG0139b	5	114380819	U:GG[T>G]TC	1	48800.0	994040884
JG0139b	5	114390811	T:AG[T>G]TG	-1	9992.0	994050876
JG0139b	5	114486803	T:AC[T>C]CC	-1	95992.0	994146868
JG0139b	5	114714335	N:AC[T>C]TC	-1	227532.0	994374400
JG0139b	5	114772724	N:AG[T>C]GA	1	58389.0	994432789
JG0139b	5	115158898	U:TC[T>C]TG	-1	386174.0	994818963
JG0139b	5	115378296	N:TC[T>G]TA	-1	219398.0	995038361
JG0139b	5	115401160	N:GG[T>C]TT	-1	22864.0	995061225
JG0139b	5	115489497	N:TC[T>C]TA	-1	88337.0	995149562
JG0139b	5	115757258	N:AC[T>C]CC	-1	267761.0	995417323
JG0139b	5	115986531	U:AC[T>C]GA	1	229273.0	995646596
JG0139b	5	116263594	T:AC[T>G]TC	-1	277063.0	995923659
JG0139b	5	116329015	N:TC[T>C]CC	-1	65421.0	995989080
JG0139b	5	116330221	N:AC[T>C]TG	-1	1206.0	995990286
JG0139b	5	116418045	N:TC[T>C]CA	-1	87824.0	996078110
JG0139b	5	116977319	N:TC[T>A]CA	-1	559274.0	996637384
JG0139b	5	117112467	N:AC[T>G]TT	1	135148.0	996772532
JG0139b	5	117413139	N:TC[T>G]TT	1	300672.0	997073204
JG0139b	5	117661660	N:GC[T>C]TA	-1	248521.0	997321725
JG0139b	5	117794006	N:AC[T>G]TA	-1	132346.0	997454071
JG0139b	5	118221707	N:TC[T>C]CA	1	427701.0	997881772
JG0139b	5	118537416	N:GA[T>C]TC	-1	315709.0	998197481
JG0139b	5	118767256	N:TC[T>C]TG	-1	229840.0	998427321
JG0139b	5	118824506	N:AC[T>G]TT	1	57250.0	998484571
JG0139b	5	119025029	N:AC[T>G]TA	-1	200523.0	998685094
JG0139b	5	119196665	T:CC[T>G]TG	-1	171636.0	998856730
JG0139b	5	119230392	T:AC[T>G]TA	-1	33727.0	998890457
JG0139b	5	119371668	T:TG[T>G]TA	-1	141276.0	999031733
JG0139b	5	119402152	N:TG[T>C]GT	-1	30484.0	999062217
JG0139b	5	119562792	U:AG[T>G]TT	1	160640.0	999222857
JG0139b	5	119580691	T:TC[T>A]CA	-1	17899.0	999240756
JG0139b	5	120128294	N:CC[T>C]GA	-1	547603.0	999788359
JG0139b	5	120346155	N:AC[T>A]CA	1	217861.0	1000006220
JG0139b	5	120421397	N:TG[T>G]TC	1	75242.0	1000081462
JG0139b	5	121143836	N:CA[T>G]TG	-1	722439.0	1000803901
JG0139b	5	121433964	N:GC[T>G]TC	-1	290128.0	1001094029
JG0139b	5	121444392	N:TC[T>G]CA	1	10428.0	1001104457
JG0139b	5	121456338	N:AG[T>G]TG	-1	11946.0	1001116403
JG0139b	5	122800692	U:AC[T>G]TA	1	1344354.0	1002460757
JG0139b	5	123224312	N:AC[T>C]CA	-1	423620.0	1002884377
JG0139b	5	123379935	T:TC[T>G]TC	1	155623.0	1003040000
JG0139b	5	123512336	T:CT[C>G]CT	-1	132401.0	1003172401
JG0139b	5	123573950	T:GC[T>G]TG	-1	61614.0	1003234015
JG0139b	5	123886736	N:TC[T>G]TT	1	312786.0	1003546801
JG0139b	5	124158694	N:TT[T>G]TA	-1	271958.0	1003818759
JG0139b	5	124488533	N:TC[T>C]CA	1	329839.0	1004148598
JG0139b	5	124757135	N:AC[T>C]TT	-1	268602.0	1004417200
JG0139b	5	125406105	N:AC[T>G]TA	1	648970.0	1005066170
JG0139b	5	125568817	N:AC[T>G]TC	-1	162712.0	1005228882
JG0139b	5	125726560	N:TA[T>G]TT	1	157743.0	1005386625
JG0139b	5	125892018	N:TG[T>G]TA	-1	165458.0	1005552083
JG0139b	5	126001261	N:AC[T>A]TG	-1	109243.0	1005661326
JG0139b	5	126390596	U:TT[T>G]TA	1	389335.0	1006050661
JG0139b	5	127508036	N:TC[T>G]CA	1	1117440.0	1007168101
JG0139b	5	127569331	N:CC[T>G]TT	1	61295.0	1007229396
JG0139b	5	127676627	N:AC[T>G]TC	-1	107296.0	1007336692
JG0139b	5	128000623	N:GC[T>C]CT	-1	323996.0	1007660688
JG0139b	5	128205268	N:GC[T>G]TC	1	204645.0	1007865333
JG0139b	5	128206017	N:TC[T>G]TC	-1	749.0	1007866082
JG0139b	5	128303894	U:GC[T>G]TG	-1	97877.0	1007963959
JG0139b	5	128345748	T:AG[T>A]CA	1	41854.0	1008005813
JG0139b	5	128354957	U:AC[T>C]CT	-1	9209.0	1008015022
JG0139b	5	128542634	T:AC[T>G]CT	1	187677.0	1008202699
JG0139b	5	128632292	T:TC[T>A]TA	1	89658.0	1008292357
JG0139b	5	128719657	T:AC[T>C]TA	-1	87365.0	1008379722
JG0139b	5	128797829	T:TC[T>G]CA	-1	78172.0	1008457894
JG0139b	5	128847073	T:TC[T>C]TC	-1	49244.0	1008507138
JG0139b	5	128865343	U:GG[T>G]TT	1	18270.0	1008525408
JG0139b	5	129005965	T:TC[T>C]GA	-1	140622.0	1008666030
JG0139b	5	129042027	N:GC[T>G]TA	-1	36062.0	1008702092
JG0139b	5	129428229	N:TT[T>G]GT	-1	386202.0	1009088294
JG0139b	5	129974544	T:TC[T>C]TT	-1	546315.0	1009634609
JG0139b	5	130138192	T:AC[T>G]TC	-1	163648.0	1009798257
JG0139b	5	130180380	T:AA[T>G]TT	-1	42188.0	1009840445
JG0139b	5	130422912	N:AA[C>A]AT	-1	242532.0	1010082977
JG0139b	5	130447686	N:AC[T>C]CA	-1	24774.0	1010107751
JG0139b	5	130487321	N:GC[T>G]TT	-1	39635.0	1010147386
JG0139b	5	130945025	N:TC[T>G]CC	1	457704.0	1010605090
JG0139b	5	132034798	N:AC[T>C]TT	1	1089773.0	1011694863
JG0139b	5	132178000	N:CC[T>G]TG	1	143202.0	1011838065
JG0139b	5	132598856	U:TC[T>G]TT	1	420856.0	1012258921
JG0139b	5	133068360	T:TC[T>G]TA	-1	469504.0	1012728425
JG0139b	5	133769122	N:CC[T>G]AA	1	700762.0	1013429187
JG0139b	5	133769379	N:TC[C>A]CA	-1	257.0	1013429444
JG0139b	5	133803024	N:GC[T>G]TC	-1	33645.0	1013463089
JG0139b	5	133846438	N:CC[T>G]TG	1	43414.0	1013506503
JG0139b	5	134042085	N:CC[T>C]CC	-1	195647.0	1013702150
JG0139b	5	134205923	T:CC[T>G]TA	1	163838.0	1013865988
JG0139b	5	134374132	U:TC[T>C]TG	1	168209.0	1014034197
JG0139b	5	135022820	N:TC[T>G]CA	1	648688.0	1014682885
JG0139b	5	135618027	T:AC[T>C]TG	-1	595207.0	1015278092
JG0139b	5	135917878	N:CC[T>C]TG	-1	299851.0	1015577943
JG0139b	5	135933602	U:TC[T>G]TG	-1	15724.0	1015593667
JG0139b	5	135992019	N:AC[T>C]TG	-1	58417.0	1015652084
JG0139b	5	136188665	N:AG[T>A]CA	-1	196646.0	1015848730
JG0139b	5	136257554	U:TC[T>A]TC	-1	68889.0	1015917619
JG0139b	5	136959459	N:GG[T>C]TG	-1	701905.0	1016619524
JG0139b	5	137009935	U:TG[T>G]TA	-1	50476.0	1016670000
JG0139b	5	137467113	U:AG[T>G]TA	-1	457178.0	1017127178
JG0139b	5	137734948	U:AC[T>C]TT	-1	267835.0	1017395013
JG0139b	5	138038833	T:TA[T>G]TA	1	303885.0	1017698898
JG0139b	5	138082287	N:TC[T>G]TT	-1	43454.0	1017742352
JG0139b	5	138245700	N:TC[T>G]TC	1	163413.0	1017905765
JG0139b	5	138311158	T:AA[T>G]TT	1	65458.0	1017971223
JG0139b	5	138992220	U:GC[T>G]TT	-1	681062.0	1018652285
JG0139b	5	139033778	U:TC[T>G]TT	-1	41558.0	1018693843
JG0139b	5	139336636	N:CC[T>G]TG	1	302858.0	1018996701
JG0139b	5	139459405	T:GG[T>G]TG	1	122769.0	1019119470
JG0139b	5	139667097	T:GC[T>C]CA	-1	207692.0	1019327162
JG0139b	5	139851654	T:GG[T>G]GG	1	184557.0	1019511719
JG0139b	5	139880665	U:TG[T>C]TA	-1	29011.0	1019540730
JG0139b	5	140067036	N:TC[T>C]CG	1	186371.0	1019727101
JG0139b	5	140129760	N:AC[T>G]TG	-1	62724.0	1019789825
JG0139b	5	140534190	T:TC[T>C]CG	-1	404430.0	1020194255
JG0139b	5	140707746	N:AG[T>G]TG	-1	173556.0	1020367811
JG0139b	5	141018849	N:GC[T>G]TC	-1	311103.0	1020678914
JG0139b	5	141439254	T:AA[T>A]CT	-1	420405.0	1021099319
JG0139b	5	141715839	N:CC[T>C]GC	1	276585.0	1021375904
JG0139b	5	141900078	N:AC[T>C]TG	-1	184239.0	1021560143
JG0139b	5	142162043	N:TC[T>G]CT	1	261965.0	1021822108
JG0139b	5	142591578	N:TG[T>G]GC	1	429535.0	1022251643
JG0139b	5	142797049	U:GG[T>G]TT	1	205471.0	1022457114
JG0139b	5	142899967	T:AC[T>C]CA	-1	102918.0	1022560032
JG0139b	5	143407683	U:GG[T>G]TA	-1	507716.0	1023067748
JG0139b	5	143571336	N:TC[T>G]TA	-1	163653.0	1023231401
JG0139b	5	143961012	N:AT[C>G]CC	1	389676.0	1023621077
JG0139b	5	144430848	T:AC[T>A]CA	-1	469836.0	1024090913
JG0139b	5	144768647	N:AC[T>C]CT	-1	337799.0	1024428712
JG0139b	5	144821820	N:TG[C>T]AA	1	53173.0	1024481885
JG0139b	5	145051105	N:TC[T>A]CA	-1	229285.0	1024711170
JG0139b	5	145439456	N:AC[T>A]TA	-1	388351.0	1025099521
JG0139b	5	145509216	N:AC[T>A]CA	-1	69760.0	1025169281
JG0139b	5	145715318	N:AG[T>G]TA	1	206102.0	1025375383
JG0139b	5	145758495	N:GG[T>C]TG	-1	43177.0	1025418560
JG0139b	5	145814813	T:TC[T>G]CA	1	56318.0	1025474878
JG0139b	5	145873194	U:TC[T>C]TG	-1	58381.0	1025533259
JG0139b	5	145947877	U:AC[T>G]TA	1	74683.0	1025607942
JG0139b	5	146414446	N:AC[T>G]TA	1	466569.0	1026074511
JG0139b	5	146440053	N:TC[T>G]CA	-1	25607.0	1026100118
JG0139b	5	146937082	U:GG[T>C]CA	-1	497029.0	1026597147
JG0139b	5	147222146	N:AC[T>C]TA	-1	285064.0	1026882211
JG0139b	5	147360635	T:GA[T>A]CA	-1	138489.0	1027020700
JG0139b	5	148216697	N:CT[C>A]TT	-1	856062.0	1027876762
JG0139b	5	148501688	U:AG[T>G]TG	-1	284991.0	1028161753
JG0139b	5	148726406	N:CC[T>C]CG	1	224718.0	1028386471
JG0139b	5	148818439	N:CC[T>G]TA	1	92033.0	1028478504
JG0139b	5	148862877	N:TG[T>G]TT	-1	44438.0	1028522942
JG0139b	5	148863793	N:AC[T>C]TG	-1	916.0	1028523858
JG0139b	5	148954453	N:TC[T>C]TC	1	90660.0	1028614518
JG0139b	5	148986690	N:AC[T>C]TG	1	32237.0	1028646755
JG0139b	5	149008901	T:TC[T>A]CA	1	22211.0	1028668966
JG0139b	5	149028530	T:CC[T>C]CC	1	19629.0	1028688595
JG0139b	5	149095976	N:AC[T>C]CT	1	67446.0	1028756041
JG0139b	5	149150823	U:TG[C>A]TT	1	54847.0	1028810888
JG0139b	5	149214708	U:TC[T>A]CA	1	63885.0	1028874773
JG0139b	5	149491680	N:AC[T>C]CA	1	276972.0	1029151745
JG0139b	5	149604260	U:GG[T>C]TT	1	112580.0	1029264325
JG0139b	5	149721926	N:CC[T>G]TC	1	117666.0	1029381991
JG0139b	5	149852330	U:AG[T>C]CC	1	130404.0	1029512395
JG0139b	5	150240687	T:AC[T>G]GA	1	388357.0	1029900752
JG0139b	5	150456376	N:GG[T>G]TC	1	215689.0	1030116441
JG0139b	5	150650329	T:AC[T>G]TG	-1	193953.0	1030310394
JG0139b	5	150807975	N:GC[T>C]CC	1	157646.0	1030468040
JG0139b	5	150976276	N:GG[T>A]TT	1	168301.0	1030636341
JG0139b	5	151048006	T:GC[T>A]TG	1	71730.0	1030708071
JG0139b	5	151267663	U:TC[T>A]TG	1	219657.0	1030927728
JG0139b	5	151383656	N:CC[T>A]CC	1	115993.0	1031043721
JG0139b	5	151464783	U:TA[T>A]CA	1	81127.0	1031124848
JG0139b	5	151509671	U:GC[T>A]TG	-1	44888.0	1031169736
JG0139b	5	151525160	U:AC[T>C]TA	-1	15489.0	1031185225
JG0139b	5	151642817	N:AA[T>G]TA	1	117657.0	1031302882
JG0139b	5	151951615	N:TG[T>A]CC	-1	308798.0	1031611680
JG0139b	5	151991782	N:AG[T>C]CA	-1	40167.0	1031651847
JG0139b	5	152022396	N:AC[T>G]TA	-1	30614.0	1031682461
JG0139b	5	152264974	N:CC[T>C]CC	-1	242578.0	1031925039
JG0139b	5	152449229	N:CC[T>G]TT	1	184255.0	1032109294
JG0139b	5	152449393	N:TC[T>A]TG	1	164.0	1032109458
JG0139b	5	152497932	N:GC[T>C]TT	-1	48539.0	1032157997
JG0139b	5	152689137	N:TC[T>G]TG	-1	191205.0	1032349202
JG0139b	5	152975441	N:TC[T>C]TA	-1	286304.0	1032635506
JG0139b	5	153428996	N:CC[T>C]CT	1	453555.0	1033089061
JG0139b	5	153463790	N:TC[T>A]TT	-1	34794.0	1033123855
JG0139b	5	153517175	T:AC[T>C]GG	-1	53385.0	1033177240
JG0139b	5	153541723	T:TC[T>C]CT	-1	24548.0	1033201788
JG0139b	5	153548713	T:CC[T>G]TT	-1	6990.0	1033208778
JG0139b	5	153841619	N:TC[T>G]TA	1	292906.0	1033501684
JG0139b	5	153929898	N:TC[T>C]CA	-1	88279.0	1033589963
JG0139b	5	153944623	N:GG[T>C]TA	-1	14725.0	1033604688
JG0139b	5	154378603	U:AC[T>C]TG	1	433980.0	1034038668
JG0139b	5	154642270	N:AC[T>G]TA	-1	263667.0	1034302335
JG0139b	5	155072857	N:AC[T>C]TT	1	430587.0	1034732922
JG0139b	5	155089086	N:AC[T>G]TA	1	16229.0	1034749151
JG0139b	5	155101644	N:AC[T>G]TA	1	12558.0	1034761709
JG0139b	5	155156125	N:CC[T>C]TG	-1	54481.0	1034816190
JG0139b	5	155172669	N:GC[T>C]TG	-1	16544.0	1034832734
JG0139b	5	155249028	N:CC[T>C]TG	1	76359.0	1034909093
JG0139b	5	155304935	N:AC[T>G]CA	-1	55907.0	1034965000
JG0139b	5	155394425	N:GC[T>C]CA	-1	89490.0	1035054490
JG0139b	5	155530576	N:TC[T>C]CC	-1	136151.0	1035190641
JG0139b	5	155671135	N:TT[T>C]TG	1	140559.0	1035331200
JG0139b	5	155671159	N:GA[T>G]TT	-1	24.0	1035331224
JG0139b	5	155807789	N:TC[T>C]GA	-1	136630.0	1035467854
JG0139b	5	155813138	N:AG[T>C]CA	-1	5349.0	1035473203
JG0139b	5	155999224	U:TC[T>C]GA	1	186086.0	1035659289
JG0139b	5	156002332	U:CC[T>C]AC	1	3108.0	1035662397
JG0139b	5	156096230	U:GC[T>G]TA	1	93898.0	1035756295
JG0139b	5	156150232	T:GC[T>G]TT	-1	54002.0	1035810297
JG0139b	5	156259444	T:TG[C>T]TC	-1	109212.0	1035919509
JG0139b	5	156421630	T:GC[T>C]CA	-1	162186.0	1036081695
JG0139b	5	156428666	U:AC[T>C]CA	1	7036.0	1036088731
JG0139b	5	156442425	U:TC[T>A]TC	1	13759.0	1036102490
JG0139b	5	156442556	U:AC[T>G]TT	1	131.0	1036102621
JG0139b	5	156466629	U:AC[T>G]TA	1	24073.0	1036126694
JG0139b	5	156575504	T:AC[T>C]TA	-1	108875.0	1036235569
JG0139b	5	156593201	T:AC[T>C]CA	-1	17697.0	1036253266
JG0139b	5	156840105	N:AG[T>A]CT	-1	246904.0	1036500170
JG0139b	5	156899557	N:GC[T>C]TG	-1	59452.0	1036559622
JG0139b	5	156978713	N:TC[T>A]CT	1	79156.0	1036638778
JG0139b	5	157098071	U:TC[T>A]TG	-1	119358.0	1036758136
JG0139b	5	157125987	U:AC[T>C]TT	-1	27916.0	1036786052
JG0139b	5	157192463	U:AA[T>G]TC	1	66476.0	1036852528
JG0139b	5	157201273	T:AC[T>G]TA	-1	8810.0	1036861338
JG0139b	5	157229983	U:TC[T>G]TG	1	28710.0	1036890048
JG0139b	5	157298174	U:TC[T>C]TT	1	68191.0	1036958239
JG0139b	5	157358066	B:GA[T>G]TA	1	59892.0	1037018131
JG0139b	5	157374983	B:CG[T>A]CA	-1	16917.0	1037035048
JG0139b	5	157463286	T:TC[T>C]TG	-1	88303.0	1037123351
JG0139b	5	157484429	U:AG[T>C]CA	-1	21143.0	1037144494
JG0139b	5	157645716	U:TC[T>G]TT	-1	161287.0	1037305781
JG0139b	5	157658855	U:AC[T>G]TA	-1	13139.0	1037318920
JG0139b	5	157678742	U:TG[T>G]GA	1	19887.0	1037338807
JG0139b	5	157689290	N:AC[T>G]CG	1	10548.0	1037349355
JG0139b	5	157832517	T:AC[T>G]TA	1	143227.0	1037492582
JG0139b	5	158085050	N:TC[T>G]TA	1	252533.0	1037745115
JG0139b	5	158108072	N:CC[T>G]TC	-1	23022.0	1037768137
JG0139b	5	158152268	N:AC[T>C]TG	-1	44196.0	1037812333
JG0139b	5	158164373	N:CC[T>G]TA	-1	12105.0	1037824438
JG0139b	5	158198040	N:TC[T>C]TG	-1	33667.0	1037858105
JG0139b	5	158336992	N:AG[T>C]CC	-1	138952.0	1037997057
JG0139b	5	158372410	N:GC[T>C]TA	1	35418.0	1038032475
JG0139b	5	158426208	N:AG[T>G]TA	1	53798.0	1038086273
JG0139b	5	158469692	N:TG[T>A]TA	-1	43484.0	1038129757
JG0139b	5	158563122	N:GC[T>C]GA	1	93430.0	1038223187
JG0139b	5	158612689	N:CC[T>C]TT	1	49567.0	1038272754
JG0139b	5	158687266	N:GG[T>G]CA	1	74577.0	1038347331
JG0139b	5	158717235	U:AC[T>C]TG	-1	29969.0	1038377300
JG0139b	5	158773343	U:AA[T>G]TC	-1	56108.0	1038433408
JG0139b	5	158796989	T:TC[T>C]CA	1	23646.0	1038457054
JG0139b	5	158855738	T:AC[T>G]TT	1	58749.0	1038515803
JG0139b	5	158894482	T:AC[T>C]CC	1	38744.0	1038554547
JG0139b	5	158919088	T:AC[T>C]CA	1	24606.0	1038579153
JG0139b	5	158923370	T:TC[T>A]CA	1	4282.0	1038583435
JG0139b	5	158945852	T:TC[T>C]CA	1	22482.0	1038605917
JG0139b	5	158954859	T:TC[T>C]CA	1	9007.0	1038614924
JG0139b	5	158955290	T:AC[T>C]CC	1	431.0	1038615355
JG0139b	5	159043122	T:GC[T>A]TT	1	87832.0	1038703187
JG0139b	5	159136375	N:AC[T>G]TG	1	93253.0	1038796440
JG0139b	5	159419581	N:AG[T>G]TC	1	283206.0	1039079646
JG0139b	5	159444344	N:TA[T>G]TT	1	24763.0	1039104409
JG0139b	5	159547882	N:TC[T>G]TA	-1	103538.0	1039207947
JG0139b	5	159554200	N:AC[T>G]TC	1	6318.0	1039214265
JG0139b	5	159715533	N:TG[T>G]TG	1	161333.0	1039375598
JG0139b	5	159766012	N:GG[T>G]TT	1	50479.0	1039426077
JG0139b	5	159784373	N:TC[T>A]GA	1	18361.0	1039444438
JG0139b	5	159789535	N:TG[T>G]TA	1	5162.0	1039449600
JG0139b	5	159867537	U:AC[T>A]TG	1	78002.0	1039527602
JG0139b	5	159900721	T:GC[T>A]TG	-1	33184.0	1039560786
JG0139b	5	159974307	N:TC[T>G]TG	-1	73586.0	1039634372
JG0139b	5	160071729	N:GC[T>G]CT	1	97422.0	1039731794
JG0139b	5	160076349	T:TC[T>G]GG	1	4620.0	1039736414
JG0139b	5	160170921	N:GC[T>G]CA	1	94572.0	1039830986
JG0139b	5	160335961	N:AC[T>C]TA	1	165040.0	1039996026
JG0139b	5	160396603	T:AA[T>G]TA	1	60642.0	1040056668
JG0139b	5	160396633	T:AG[T>G]CC	1	30.0	1040056698
JG0139b	5	160499672	N:TC[T>C]TG	-1	103039.0	1040159737
JG0139b	5	160644885	U:CC[T>C]CG	-1	145213.0	1040304950
JG0139b	5	160683748	T:TC[T>C]TA	1	38863.0	1040343813
JG0139b	5	160855351	N:GG[T>G]TT	1	171603.0	1040515416
JG0139b	5	160925242	N:AC[T>G]TA	1	69891.0	1040585307
JG0139b	5	161773360	N:AG[T>C]TA	-1	848118.0	1041433425
JG0139b	5	162140959	U:GG[T>G]TA	1	367599.0	1041801024
JG0139b	5	162195050	N:TC[T>C]TT	-1	54091.0	1041855115
JG0139b	5	162360934	N:TC[T>C]AG	1	165884.0	1042020999
JG0139b	5	162553668	N:AC[T>C]TT	1	192734.0	1042213733
JG0139b	5	162597742	N:AC[T>C]GA	-1	44074.0	1042257807
JG0139b	5	162658283	N:TC[T>G]TG	-1	60541.0	1042318348
JG0139b	5	162799400	N:GC[T>A]TG	-1	141117.0	1042459465
JG0139b	5	162833042	N:AG[T>G]TA	1	33642.0	1042493107
JG0139b	5	162991172	N:AC[T>G]TC	-1	158130.0	1042651237
JG0139b	5	163179551	N:AC[T>C]CC	1	188379.0	1042839616
JG0139b	5	163225523	N:AC[T>G]TC	-1	45972.0	1042885588
JG0139b	5	163621156	N:TC[T>C]GA	-1	395633.0	1043281221
JG0139b	5	163677707	N:GC[T>C]TT	-1	56551.0	1043337772
JG0139b	5	163788209	N:TG[T>G]TT	1	110502.0	1043448274
JG0139b	5	163986915	N:TC[T>G]TA	-1	198706.0	1043646980
JG0139b	5	164174107	N:AC[T>G]TA	1	187192.0	1043834172
JG0139b	5	164486265	N:TA[T>G]TA	1	312158.0	1044146330
JG0139b	5	164879180	N:TC[T>G]TT	-1	392915.0	1044539245
JG0139b	5	165028241	N:TC[T>G]TC	-1	149061.0	1044688306
JG0139b	5	165214364	N:AC[T>G]TA	1	186123.0	1044874429
JG0139b	5	165754037	N:AC[T>A]CA	1	539673.0	1045414102
JG0139b	5	165773892	N:AC[T>G]CA	-1	19855.0	1045433957
JG0139b	5	165774150	N:GC[T>G]CA	1	258.0	1045434215
JG0139b	5	165842309	N:TC[T>A]TT	1	68159.0	1045502374
JG0139b	5	166223340	N:TC[T>G]TA	1	381031.0	1045883405
JG0139b	5	166237488	N:AC[T>C]CA	-1	14148.0	1045897553
JG0139b	5	166297473	N:TC[T>C]TA	1	59985.0	1045957538
JG0139b	5	166300148	N:GG[T>G]TA	-1	2675.0	1045960213
JG0139b	5	166443163	N:TC[T>G]TG	1	143015.0	1046103228
JG0139b	5	166446435	N:GG[T>C]TT	1	3272.0	1046106500
JG0139b	5	166527535	N:TC[T>G]TG	1	81100.0	1046187600
JG0139b	5	166670849	N:AA[T>G]TA	1	143314.0	1046330914
JG0139b	5	166747203	N:TC[T>C]TA	-1	76354.0	1046407268
JG0139b	5	166831115	N:GT[C>T]TC	1	83912.0	1046491180
JG0139b	5	166831116	N:TC[T>C]CA	1	1.0	1046491181
JG0139b	5	166840068	N:AC[T>C]CC	1	8952.0	1046500133
JG0139b	5	167095838	N:TC[T>A]CG	1	255770.0	1046755903
JG0139b	5	167101428	N:AC[T>C]TG	1	5590.0	1046761493
JG0139b	5	167302669	U:TC[T>C]TG	1	201241.0	1046962734
JG0139b	5	167315600	T:AC[T>C]CT	-1	12931.0	1046975665
JG0139b	5	167394185	T:TC[T>C]TG	-1	78585.0	1047054250
JG0139b	5	167486059	T:AC[T>A]TG	-1	91874.0	1047146124
JG0139b	5	167652204	U:AC[T>G]TG	1	166145.0	1047312269
JG0139b	5	167673026	T:TC[T>C]GG	-1	20822.0	1047333091
JG0139b	5	167679064	T:GG[T>A]TT	-1	6038.0	1047339129
JG0139b	5	167739025	U:AC[T>C]GG	1	59961.0	1047399090
JG0139b	5	167781213	T:CC[T>G]CA	-1	42188.0	1047441278
JG0139b	5	167883487	T:GC[T>C]CA	-1	102274.0	1047543552
JG0139b	5	167906161	T:CC[T>A]CC	-1	22674.0	1047566226
JG0139b	5	167941580	U:GC[T>A]CT	1	35419.0	1047601645
JG0139b	5	168067676	T:AG[T>C]TA	-1	126096.0	1047727741
JG0139b	5	168134890	U:GC[T>G]TA	1	67214.0	1047794955
JG0139b	5	168287916	N:AG[T>G]TA	-1	153026.0	1047947981
JG0139b	5	168440051	U:CC[T>G]CA	1	152135.0	1048100116
JG0139b	5	168627548	N:GG[C>G]CA	1	187497.0	1048287613
JG0139b	5	168724935	T:AC[T>G]TG	1	97387.0	1048385000
JG0139b	5	168761263	T:AC[T>C]TA	1	36328.0	1048421328
JG0139b	5	169020060	U:AC[T>G]AA	-1	258797.0	1048680125
JG0139b	5	169057342	U:TC[T>G]TT	-1	37282.0	1048717407
JG0139b	5	169125825	U:CC[T>C]CT	-1	68483.0	1048785890
JG0139b	5	169172957	U:TC[T>C]AG	-1	47132.0	1048833022
JG0139b	5	169260060	T:GA[T>G]TG	1	87103.0	1048920125
JG0139b	5	169378095	N:TG[T>C]CA	1	118035.0	1049038160
JG0139b	5	169470929	N:TC[T>G]TA	1	92834.0	1049130994
JG0139b	5	169589639	U:AC[T>G]TC	1	118710.0	1049249704
JG0139b	5	169782217	T:CC[T>G]TT	-1	192578.0	1049442282
JG0139b	5	169809102	U:TG[T>C]GC	1	26885.0	1049469167
JG0139b	5	170002683	U:CC[T>G]TA	1	193581.0	1049662748
JG0139b	5	170235053	T:AC[T>C]CC	-1	232370.0	1049895118
JG0139b	5	170318982	N:AC[T>C]TG	-1	83929.0	1049979047
JG0139b	5	170499289	U:GC[T>A]TA	1	180307.0	1050159354
JG0139b	5	170570615	T:GC[T>C]GA	-1	71326.0	1050230680
JG0139b	5	170585360	U:AC[T>C]TG	1	14745.0	1050245425
JG0139b	5	170611296	U:AC[T>C]TG	1	25936.0	1050271361
JG0139b	5	170625977	U:GC[T>C]TA	1	14681.0	1050286042
JG0139b	5	170683402	U:AA[T>C]TT	1	57425.0	1050343467
JG0139b	5	170715086	U:AG[T>G]TT	1	31684.0	1050375151
JG0139b	5	170995214	U:TC[T>G]TT	1	280128.0	1050655279
JG0139b	5	171142888	U:TC[T>C]TA	1	147674.0	1050802953
JG0139b	5	171246978	U:TC[T>G]TA	1	104090.0	1050907043
JG0139b	5	171297499	U:AG[T>C]TA	1	50521.0	1050957564
JG0139b	5	171344488	N:AC[T>C]CC	1	46989.0	1051004553
JG0139b	5	171671801	N:TC[T>C]TG	1	327313.0	1051331866
JG0139b	5	171762688	N:TC[T>A]TG	1	90887.0	1051422753
JG0139b	5	171831118	N:AC[T>C]GG	-1	68430.0	1051491183
JG0139b	5	171889104	U:TC[T>C]TC	-1	57986.0	1051549169
JG0139b	5	171901178	T:TC[T>C]TA	1	12074.0	1051561243
JG0139b	5	172144879	T:AC[T>C]CA	1	243701.0	1051804944
JG0139b	5	172538810	N:AC[T>C]TA	-1	393931.0	1052198875
JG0139b	5	172611935	N:CC[T>C]CC	1	73125.0	1052272000
JG0139b	5	172630458	N:TG[T>C]TA	-1	18523.0	1052290523
JG0139b	5	172715647	N:AG[T>A]TT	1	85189.0	1052375712
JG0139b	5	173133670	T:AC[T>C]TG	-1	418023.0	1052793735
JG0139b	5	173377362	N:TC[T>A]CA	-1	243692.0	1053037427
JG0139b	5	173427117	N:CC[T>C]CC	-1	49755.0	1053087182
JG0139b	5	173431056	N:AC[T>C]TT	-1	3939.0	1053091121
JG0139b	5	173450348	N:TC[T>A]TG	1	19292.0	1053110413
JG0139b	5	173481715	N:CC[T>G]TG	1	31367.0	1053141780
JG0139b	5	174151428	T:GG[T>G]CT	-1	669713.0	1053811493
JG0139b	5	174181517	U:GC[T>G]TA	1	30089.0	1053841582
JG0139b	5	174182426	T:GC[T>C]CA	-1	909.0	1053842491
JG0139b	5	174215368	U:TC[T>A]CC	1	32942.0	1053875433
JG0139b	5	174261657	N:TC[T>C]GA	1	46289.0	1053921722
JG0139b	5	174490202	N:GC[T>C]TA	-1	228545.0	1054150267
JG0139b	5	174503994	N:AC[T>C]TA	-1	13792.0	1054164059
JG0139b	5	174556621	N:AC[T>C]CA	1	52627.0	1054216686
JG0139b	5	174568060	N:AC[T>C]CA	1	11439.0	1054228125
JG0139b	5	174670851	N:TC[T>C]CA	1	102791.0	1054330916
JG0139b	5	175048262	N:AC[T>G]TT	-1	377411.0	1054708327
JG0139b	5	175051764	N:TC[T>A]CA	1	3502.0	1054711829
JG0139b	5	175092914	N:GG[T>C]CA	-1	41150.0	1054752979
JG0139b	5	175125412	N:TC[T>C]CA	1	32498.0	1054785477
JG0139b	5	175203383	N:AC[T>G]TT	1	77971.0	1054863448
JG0139b	5	175203410	N:AC[T>C]TG	1	27.0	1054863475
JG0139b	5	175215904	N:TC[T>C]GA	-1	12494.0	1054875969
JG0139b	5	175441687	T:TC[T>G]TA	1	225783.0	1055101752
JG0139b	5	175674411	T:AC[T>C]TC	-1	232724.0	1055334476
JG0139b	5	175841208	U:TC[T>C]CA	1	166797.0	1055501273
JG0139b	5	175875900	U:AC[T>C]CA	1	34692.0	1055535965
JG0139b	5	175892603	N:AC[T>C]TC	-1	16703.0	1055552668
JG0139b	5	176149640	N:CG[T>G]TG	-1	257037.0	1055809705
JG0139b	5	176178728	N:AC[T>C]CA	1	29088.0	1055838793
JG0139b	5	176472866	U:AC[T>G]TG	1	294138.0	1056132931
JG0139b	5	176545041	T:AG[T>G]TG	-1	72175.0	1056205106
JG0139b	5	176706316	N:AC[T>C]GA	-1	161275.0	1056366381
JG0139b	5	176784046	N:TC[T>A]TG	-1	77730.0	1056444111
JG0139b	5	178457810	U:TC[T>G]TT	-1	1673764.0	1058117875
JG0139b	5	178557773	T:AG[T>G]TA	1	99963.0	1058217838
JG0139b	5	178939067	N:AT[T>C]TT	-1	381294.0	1058599132
JG0139b	5	179065939	U:AC[T>A]TT	1	126872.0	1058726004
JG0139b	5	179115225	T:TC[T>A]CG	1	49286.0	1058775290
JG0139b	5	179272289	T:GG[T>A]TC	1	157064.0	1058932354
JG0139b	5	179302134	T:AC[T>G]TC	1	29845.0	1058962199
JG0139b	5	179305920	T:AC[T>G]TA	1	3786.0	1058965985
JG0139b	5	179409137	N:AC[T>G]TA	1	103217.0	1059069202
JG0139b	5	180000737	T:TC[T>C]TA	1	591600.0	1059660802
JG0139b	5	180013387	T:AC[T>C]TA	1	12650.0	1059673452
JG0139b	5	180254984	U:TC[T>C]TG	-1	241597.0	1059915049
JG0139b	5	180732494	N:CC[T>G]TC	1	477510.0	1060392559
JG0139b	5	180851698	T:TG[T>G]TA	1	119204.0	1060511763
JG0139b	5	180906067	U:CC[T>C]GG	1	54369.0	1060566132
JG0139b	5	180955775	N:AG[T>G]CT	1	49708.0	1060615840
JG0139b	6	1036969	N:GC[T>C]GC	1		1062235293
JG0139b	6	1292390	N:AG[T>G]TT	1	255421.0	1062490714
JG0139b	6	1590658	N:GG[T>G]GC	1	298268.0	1062788982
JG0139b	6	2305722	N:CC[T>G]CA	1	715064.0	1063504046
JG0139b	6	2342439	N:AG[T>G]TC	1	36717.0	1063540763
JG0139b	6	2668708	T:AC[T>A]TC	1	326269.0	1063867032
JG0139b	6	3323162	T:CC[C>T]AT	1	654454.0	1064521486
JG0139b	6	3685933	N:AA[C>G]CT	1	362771.0	1064884257
JG0139b	6	3753486	N:AC[T>G]TG	1	67553.0	1064951810
JG0139b	6	3887366	N:AC[T>A]CC	1	133880.0	1065085690
JG0139b	6	5806762	N:CC[T>A]TG	1	1919396.0	1067005086
JG0139b	6	6643915	U:AC[T>C]GG	1	837153.0	1067842239
JG0139b	6	8303777	N:GC[T>G]TC	1	1659862.0	1069502101
JG0139b	6	8467907	N:AC[T>G]TG	1	164130.0	1069666231
JG0139b	6	9872252	N:CC[T>G]TA	1	1404345.0	1071070576
JG0139b	6	10449438	N:GG[C>A]AG	-1	577186.0	1071647762
JG0139b	6	10645592	N:TT[T>G]TA	1	196154.0	1071843916
JG0139b	6	10667796	N:CT[C>G]CA	-1	22204.0	1071866120
JG0139b	6	11541256	U:TC[T>G]TC	1	873460.0	1072739580
JG0139b	6	11702946	N:AC[T>G]GG	-1	161690.0	1072901270
JG0139b	6	11704079	N:TA[T>G]TG	-1	1133.0	1072902403
JG0139b	6	12722698	U:CC[T>C]CA	1	1018619.0	1073921022
JG0139b	6	13127653	U:AG[T>G]CA	1	404955.0	1074325977
JG0139b	6	13156559	U:AC[T>C]GG	1	28906.0	1074354883
JG0139b	6	13289470	B:TC[T>G]TA	1	132911.0	1074487794
JG0139b	6	13481676	T:GC[T>A]TG	1	192206.0	1074680000
JG0139b	6	13850649	N:GC[T>G]TA	1	368973.0	1075048973
JG0139b	6	14579787	N:AA[T>G]TA	1	729138.0	1075778111
JG0139b	6	15137977	N:TC[T>G]GC	-1	558190.0	1076336301
JG0139b	6	15149848	N:AA[T>G]TA	-1	11871.0	1076348172
JG0139b	6	15310213	T:GC[T>G]TG	-1	160365.0	1076508537
JG0139b	6	15752834	N:CC[T>G]CA	1	442621.0	1076951158
JG0139b	6	15936572	N:AC[T>G]TA	1	183738.0	1077134896
JG0139b	6	16271926	U:TC[T>G]TA	1	335354.0	1077470250
JG0139b	6	16680724	T:TC[T>G]TA	1	408798.0	1077879048
JG0139b	6	17223016	N:CC[T>G]TT	1	542292.0	1078421340
JG0139b	6	17244358	N:AC[T>G]CA	1	21342.0	1078442682
JG0139b	6	17468479	U:AC[T>C]GA	1	224121.0	1078666803
JG0139b	6	17558275	N:AC[T>G]TG	1	89796.0	1078756599
JG0139b	6	17632061	T:TC[T>G]TT	1	73786.0	1078830385
JG0139b	6	17657464	T:GC[T>G]GA	1	25403.0	1078855788
JG0139b	6	18240574	U:AG[T>G]TA	-1	583110.0	1079438898
JG0139b	6	18476915	N:CC[T>G]GG	-1	236341.0	1079675239
JG0139b	6	18687749	N:GC[T>G]GA	-1	210834.0	1079886073
JG0139b	6	18778281	N:GC[T>G]CA	1	90532.0	1079976605
JG0139b	6	18783241	N:TC[T>A]TT	1	4960.0	1079981565
JG0139b	6	18870177	N:GC[T>C]CA	1	86936.0	1080068501
JG0139b	6	19046440	N:TA[T>G]GA	1	176263.0	1080244764
JG0139b	6	19242078	N:TC[T>C]AG	1	195638.0	1080440402
JG0139b	6	20319124	N:GC[T>G]TG	1	1077046.0	1081517448
JG0139b	6	20490957	U:TC[T>G]TC	1	171833.0	1081689281
JG0139b	6	20577075	U:AC[T>G]TC	1	86118.0	1081775399
JG0139b	6	20833846	U:AG[T>G]TA	1	256771.0	1082032170
JG0139b	6	20948821	U:GC[T>G]TA	1	114975.0	1082147145
JG0139b	6	21369133	N:GC[T>G]TC	1	420312.0	1082567457
JG0139b	6	22024302	N:TT[T>G]CC	-1	655169.0	1083222626
JG0139b	6	22025887	N:GC[T>A]TC	1	1585.0	1083224211
JG0139b	6	22359274	N:AC[T>G]TT	1	333387.0	1083557598
JG0139b	6	22420375	N:CC[T>G]TA	1	61101.0	1083618699
JG0139b	6	22627627	N:GC[T>A]CA	-1	207252.0	1083825951
JG0139b	6	22669511	N:TC[T>G]TC	-1	41884.0	1083867835
JG0139b	6	22813648	N:GG[T>G]TG	1	144137.0	1084011972
JG0139b	6	23000126	N:AC[T>G]TA	-1	186478.0	1084198450
JG0139b	6	23088244	N:TC[T>G]TA	-1	88118.0	1084286568
JG0139b	6	23178791	N:AC[T>G]TA	1	90547.0	1084377115
JG0139b	6	23368808	N:AA[T>G]TC	-1	190017.0	1084567132
JG0139b	6	23538217	N:TC[T>A]TT	1	169409.0	1084736541
JG0139b	6	23569148	N:TC[T>A]GC	-1	30931.0	1084767472
JG0139b	6	24753575	N:GC[T>C]TA	1	1184427.0	1085951899
JG0139b	6	24792665	N:TC[T>G]TA	1	39090.0	1085990989
JG0139b	6	25030462	T:AC[T>G]CA	1	237797.0	1086228786
JG0139b	6	25244711	N:AC[T>C]CA	1	214249.0	1086443035
JG0139b	6	25592895	U:TG[T>C]GA	1	348184.0	1086791219
JG0139b	6	25660797	U:GC[T>G]TG	1	67902.0	1086859121
JG0139b	6	25896777	N:AC[T>G]CC	1	235980.0	1087095101
JG0139b	6	26181084	U:TC[T>C]TG	1	284307.0	1087379408
JG0139b	6	26631414	N:GC[T>G]CA	-1	450330.0	1087829738
JG0139b	6	27090697	N:AC[T>G]CC	-1	459283.0	1088289021
JG0139b	6	27691800	N:CC[T>G]TA	1	601103.0	1088890124
JG0139b	6	27969160	N:CC[T>G]TA	1	277360.0	1089167484
JG0139b	6	29014267	N:TC[T>C]CA	1	1045107.0	1090212591
JG0139b	6	29034975	N:AT[T>G]TT	1	20708.0	1090233299
JG0139b	6	29085125	N:AC[T>G]TA	1	50150.0	1090283449
JG0139b	6	29111269	T:AC[T>G]CA	-1	26144.0	1090309593
JG0139b	6	29213240	N:TC[T>G]TG	1	101971.0	1090411564
JG0139b	6	29244600	N:GC[T>C]CA	1	31360.0	1090442924
JG0139b	6	29312275	U:CC[T>G]TA	1	67675.0	1090510599
JG0139b	6	30127820	N:CC[T>G]CG	1	815545.0	1091326144
JG0139b	6	30258097	N:TC[T>G]TA	1	130277.0	1091456421
JG0139b	6	31160676	U:AC[T>G]TG	1	902579.0	1092359000
JG0139b	6	31223616	N:AC[T>G]TA	1	62940.0	1092421940
JG0139b	6	31397825	N:AC[T>G]TG	-1	174209.0	1092596149
JG0139b	6	32282923	N:CG[T>C]CT	1	885098.0	1093481247
JG0139b	6	33705335	T:TC[T>C]CA	1	1422412.0	1094903659
JG0139b	6	33758157	N:AC[T>C]AC	1	52822.0	1094956481
JG0139b	6	33833815	N:CC[T>G]TC	1	75658.0	1095032139
JG0139b	6	33968688	N:AG[T>G]TA	1	134873.0	1095167012
JG0139b	6	34182993	N:TC[T>C]TA	1	214305.0	1095381317
JG0139b	6	34347150	T:TC[T>G]TA	1	164157.0	1095545474
JG0139b	6	34839779	U:CC[T>G]TA	1	492629.0	1096038103
JG0139b	6	36031246	U:CC[T>G]CA	1	1191467.0	1097229570
JG0139b	6	36112559	N:AT[C>T]AA	-1	81313.0	1097310883
JG0139b	6	36312477	N:GG[T>G]TG	1	199918.0	1097510801
JG0139b	6	37061847	N:AC[T>G]CA	1	749370.0	1098260171
JG0139b	6	38472448	T:AG[T>G]TG	1	1410601.0	1099670772
JG0139b	6	38664526	N:AC[T>G]TT	1	192078.0	1099862850
JG0139b	6	38801963	T:TC[T>A]CA	-1	137437.0	1100000287
JG0139b	6	38876437	U:AC[T>C]CA	1	74474.0	1100074761
JG0139b	6	40060231	N:AG[C>T]AT	-1	1183794.0	1101258555
JG0139b	6	40431195	T:CC[T>G]TA	1	370964.0	1101629519
JG0139b	6	41227909	N:TC[T>A]CA	1	796714.0	1102426233
JG0139b	6	41298467	N:TG[T>G]TA	-1	70558.0	1102496791
JG0139b	6	41541022	N:GG[T>C]CA	1	242555.0	1102739346
JG0139b	6	41950387	T:GC[T>C]CT	1	409365.0	1103148711
JG0139b	6	42187884	T:TG[T>G]TG	1	237497.0	1103386208
JG0139b	6	43338269	T:GC[T>A]CT	1	1150385.0	1104536593
JG0139b	6	44077666	N:TC[T>A]CA	-1	739397.0	1105275990
JG0139b	6	44173224	U:AG[T>G]GG	1	95558.0	1105371548
JG0139b	6	44194078	N:AG[T>G]TC	-1	20854.0	1105392402
JG0139b	6	44325210	N:CC[T>C]CG	1	131132.0	1105523534
JG0139b	6	45998069	T:TC[T>C]CA	1	1672859.0	1107196393
JG0139b	6	46104353	N:GG[T>G]CA	-1	106284.0	1107302677
JG0139b	6	46593109	U:TT[T>C]TT	-1	488756.0	1107791433
JG0139b	6	46859952	U:AT[T>A]TT	-1	266843.0	1108058276
JG0139b	6	47013735	T:GC[T>G]TG	1	153783.0	1108212059
JG0139b	6	47052550	N:TC[T>C]CT	1	38815.0	1108250874
JG0139b	6	47082056	N:TT[T>G]TG	1	29506.0	1108280380
JG0139b	6	48186671	N:AC[T>G]TA	1	1104615.0	1109384995
JG0139b	6	48915925	N:AC[T>G]TT	1	729254.0	1110114249
JG0139b	6	49367455	N:AC[T>A]CA	1	451530.0	1110565779
JG0139b	6	49374810	N:TC[T>G]TA	1	7355.0	1110573134
JG0139b	6	49387231	N:GC[T>C]CA	1	12421.0	1110585555
JG0139b	6	49481385	U:TC[T>G]TA	1	94154.0	1110679709
JG0139b	6	49526981	T:CC[T>A]CG	-1	45596.0	1110725305
JG0139b	6	50578910	N:AC[T>C]TA	1	1051929.0	1111777234
JG0139b	6	51915269	T:TC[T>G]TT	1	1336359.0	1113113593
JG0139b	6	52463598	U:TC[T>A]CA	1	548329.0	1113661922
JG0139b	6	52904950	T:CC[T>G]TG	1	441352.0	1114103274
JG0139b	6	52958491	N:GG[T>G]TT	1	53541.0	1114156815
JG0139b	6	53641454	N:GC[T>C]CT	1	682963.0	1114839778
JG0139b	6	53877353	T:TG[T>G]TC	-1	235899.0	1115075677
JG0139b	6	53941192	T:GC[T>G]GA	-1	63839.0	1115139516
JG0139b	6	54042234	T:TA[T>G]TA	-1	101042.0	1115240558
JG0139b	6	54360633	U:AC[T>C]TT	1	318399.0	1115558957
JG0139b	6	54481618	N:GC[T>C]CT	1	120985.0	1115679942
JG0139b	6	54764156	N:TC[T>G]TT	-1	282538.0	1115962480
JG0139b	6	54920781	U:TC[T>C]TA	1	156625.0	1116119105
JG0139b	6	55014717	N:AG[T>G]CA	1	93936.0	1116213041
JG0139b	6	55061506	N:TC[T>A]GT	-1	46789.0	1116259830
JG0139b	6	55142457	U:GC[T>G]TC	1	80951.0	1116340781
JG0139b	6	55160098	U:GG[T>G]TA	1	17641.0	1116358422
JG0139b	6	55189151	U:TC[T>C]TG	1	29053.0	1116387475
JG0139b	6	55520753	T:AC[T>G]TT	1	331602.0	1116719077
JG0139b	6	55611712	N:GC[T>G]TA	1	90959.0	1116810036
JG0139b	6	55883772	N:GG[T>G]TT	1	272060.0	1117082096
JG0139b	6	55954977	N:AC[T>C]CC	1	71205.0	1117153301
JG0139b	6	56013656	N:AC[T>A]TG	1	58679.0	1117211980
JG0139b	6	56153729	T:TC[T>C]TG	1	140073.0	1117352053
JG0139b	6	56340868	T:TC[T>C]AT	1	187139.0	1117539192
JG0139b	6	56795581	T:TC[T>G]TA	1	454713.0	1117993905
JG0139b	6	57034067	N:CC[T>A]TT	1	238486.0	1118232391
JG0139b	6	57202799	U:TG[T>G]TT	-1	168732.0	1118401123
JG0139b	6	57468745	U:AC[T>C]TA	1	265946.0	1118667069
JG0139b	6	58111835	N:AC[T>G]TT	1	643090.0	1119310159
JG0139b	6	58171043	N:AC[T>C]GA	1	59208.0	1119369367
JG0139b	6	58328700	N:AC[T>C]GG	1	157657.0	1119527024
JG0139b	6	60448500	N:TT[T>A]TG	1	2119800.0	1121646824
JG0139b	6	61057871	N:GC[T>G]TG	1	609371.0	1122256195
JG0139b	6	61960099	U:AG[C>A]AA	-1	902228.0	1123158423
JG0139b	6	62907798	N:CC[T>A]CA	1	947699.0	1124106122
JG0139b	6	63422089	N:TC[T>C]TG	1	514291.0	1124620413
JG0139b	6	63422425	N:TG[T>G]TG	1	336.0	1124620749
JG0139b	6	63479055	N:AC[T>G]CA	1	56630.0	1124677379
JG0139b	6	63479999	N:CC[T>C]TT	1	944.0	1124678323
JG0139b	6	64897030	T:GC[T>C]TG	1	1417031.0	1126095354
JG0139b	6	65505043	T:AC[T>G]TC	1	608013.0	1126703367
JG0139b	6	65712148	N:TG[T>G]TT	-1	207105.0	1126910472
JG0139b	6	65977187	N:TC[T>G]TA	-1	265039.0	1127175511
JG0139b	6	66160600	N:CC[T>G]TC	-1	183413.0	1127358924
JG0139b	6	66176585	N:TC[T>C]CA	1	15985.0	1127374909
JG0139b	6	66255304	N:AT[T>G]TA	1	78719.0	1127453628
JG0139b	6	66586869	N:TA[T>G]TA	-1	331565.0	1127785193
JG0139b	6	66604629	N:TC[T>C]CG	-1	17760.0	1127802953
JG0139b	6	66873078	N:TC[T>G]TA	1	268449.0	1128071402
JG0139b	6	67278151	N:GC[T>G]TC	1	405073.0	1128476475
JG0139b	6	67516883	N:GT[T>G]TG	-1	238732.0	1128715207
JG0139b	6	67669934	N:GG[T>C]CA	1	153051.0	1128868258
JG0139b	6	67841723	N:TC[T>C]TC	1	171789.0	1129040047
JG0139b	6	67971541	N:AA[T>G]TT	1	129818.0	1129169865
JG0139b	6	68455417	N:TC[T>G]TC	1	483876.0	1129653741
JG0139b	6	69207327	U:AC[T>C]GG	1	751910.0	1130405651
JG0139b	6	69313586	U:CC[T>G]TG	1	106259.0	1130511910
JG0139b	6	69453138	N:TC[T>C]TC	1	139552.0	1130651462
JG0139b	6	69831448	T:TC[T>G]TG	1	378310.0	1131029772
JG0139b	6	70455552	T:AC[T>G]TA	-1	624104.0	1131653876
JG0139b	6	70556166	U:AC[T>G]TG	1	100614.0	1131754490
JG0139b	6	70650310	N:GC[T>A]CC	-1	94144.0	1131848634
JG0139b	6	70897980	T:TC[T>C]TA	1	247670.0	1132096304
JG0139b	6	71127596	N:TC[T>C]CA	1	229616.0	1132325920
JG0139b	6	71130291	N:TC[T>A]TC	-1	2695.0	1132328615
JG0139b	6	71332776	N:AC[T>G]TG	1	202485.0	1132531100
JG0139b	6	71670408	N:AC[T>G]TT	-1	337632.0	1132868732
JG0139b	6	71738659	N:GC[T>C]GA	1	68251.0	1132936983
JG0139b	6	71797822	N:GC[T>C]TA	1	59163.0	1132996146
JG0139b	6	72021539	U:AG[T>G]TA	1	223717.0	1133219863
JG0139b	6	72180247	T:TC[T>G]CA	-1	158708.0	1133378571
JG0139b	6	72297863	T:TC[T>G]TT	-1	117616.0	1133496187
JG0139b	6	72588073	N:GC[T>G]GC	1	290210.0	1133786397
JG0139b	6	72688296	U:TC[T>C]TA	1	100223.0	1133886620
JG0139b	6	72691779	U:TC[T>A]TT	1	3483.0	1133890103
JG0139b	6	72813946	T:AC[T>C]GC	-1	122167.0	1134012270
JG0139b	6	72823149	U:AC[T>C]TA	1	9203.0	1134021473
JG0139b	6	72847640	U:GC[T>A]CC	1	24491.0	1134045964
JG0139b	6	72973138	U:CA[C>A]TT	1	125498.0	1134171462
JG0139b	6	73076082	U:AC[T>A]TG	1	102944.0	1134274406
JG0139b	6	73201862	N:GA[T>G]TA	1	125780.0	1134400186
JG0139b	6	73672386	N:AT[T>G]TT	-1	470524.0	1134870710
JG0139b	6	73872054	N:TC[T>G]TA	1	199668.0	1135070378
JG0139b	6	73918834	N:GC[T>C]TG	1	46780.0	1135117158
JG0139b	6	74041657	N:AC[T>A]CA	1	122823.0	1135239981
JG0139b	6	74588570	N:AC[T>A]TG	1	546913.0	1135786894
JG0139b	6	74828284	N:TC[T>C]TA	1	239714.0	1136026608
JG0139b	6	74925988	N:GC[T>A]GG	1	97704.0	1136124312
JG0139b	6	75457975	T:CC[T>C]CA	1	531987.0	1136656299
JG0139b	6	75478119	T:AC[T>G]TA	1	20144.0	1136676443
JG0139b	6	75735949	N:TC[T>C]TA	1	257830.0	1136934273
JG0139b	6	75779824	U:TC[T>C]TA	1	43875.0	1136978148
JG0139b	6	76159866	N:AC[T>G]TT	1	380042.0	1137358190
JG0139b	6	76535521	N:AC[T>C]TG	1	375655.0	1137733845
JG0139b	6	76670450	N:GG[T>G]TA	1	134929.0	1137868774
JG0139b	6	76695108	N:AC[T>C]CC	-1	24658.0	1137893432
JG0139b	6	76778903	N:GC[T>A]TG	1	83795.0	1137977227
JG0139b	6	77191998	N:GC[T>G]TC	-1	413095.0	1138390322
JG0139b	6	77206596	N:TG[T>C]TT	1	14598.0	1138404920
JG0139b	6	77493778	N:AG[T>A]CC	-1	287182.0	1138692102
JG0139b	6	78017236	N:GC[T>G]TT	-1	523458.0	1139215560
JG0139b	6	78029454	N:AC[T>G]TA	1	12218.0	1139227778
JG0139b	6	78031570	N:TC[T>A]TA	1	2116.0	1139229894
JG0139b	6	78072073	N:AC[T>G]TA	1	40503.0	1139270397
JG0139b	6	78186285	N:AC[T>G]TC	1	114212.0	1139384609
JG0139b	6	78190254	N:AT[T>G]TC	1	3969.0	1139388578
JG0139b	6	78387927	N:TC[T>C]CA	1	197673.0	1139586251
JG0139b	6	78423051	N:AC[T>C]GA	1	35124.0	1139621375
JG0139b	6	78560055	N:AC[T>G]TA	1	137004.0	1139758379
JG0139b	6	78586513	N:AG[T>G]TA	1	26458.0	1139784837
JG0139b	6	78591154	N:TC[T>G]CA	-1	4641.0	1139789478
JG0139b	6	78598954	N:TG[T>G]TA	-1	7800.0	1139797278
JG0139b	6	78654912	N:AA[T>G]CC	-1	55958.0	1139853236
JG0139b	6	78670877	N:CA[T>G]TT	-1	15965.0	1139869201
JG0139b	6	78670891	N:CA[C>G]TC	-1	14.0	1139869215
JG0139b	6	78765102	N:AC[T>G]TT	1	94211.0	1139963426
JG0139b	6	79311263	N:GG[T>G]TA	1	546161.0	1140509587
JG0139b	6	79367204	N:TC[T>C]TC	-1	55941.0	1140565528
JG0139b	6	79689398	T:TT[T>G]TT	-1	322194.0	1140887722
JG0139b	6	80172826	U:TC[T>G]TA	1	483428.0	1141371150
JG0139b	6	80312140	U:AC[T>G]TC	1	139314.0	1141510464
JG0139b	6	80424343	N:TC[T>C]TT	1	112203.0	1141622667
JG0139b	6	80648052	N:TC[T>A]CA	1	223709.0	1141846376
JG0139b	6	80768799	N:AC[T>C]TA	1	120747.0	1141967123
JG0139b	6	80785869	N:AC[T>G]TG	1	17070.0	1141984193
JG0139b	6	80986383	N:TC[T>G]TA	1	200514.0	1142184707
JG0139b	6	81009677	N:AC[T>G]TA	1	23294.0	1142208001
JG0139b	6	81087555	N:TT[T>G]TT	-1	77878.0	1142285879
JG0139b	6	81245343	N:TC[T>G]TC	-1	157788.0	1142443667
JG0139b	6	81465269	N:GC[T>G]TT	1	219926.0	1142663593
JG0139b	6	81482222	N:TA[T>G]TT	-1	16953.0	1142680546
JG0139b	6	81673834	T:TG[T>G]TA	1	191612.0	1142872158
JG0139b	6	81787131	N:TC[T>A]TG	-1	113297.0	1142985455
JG0139b	6	82117069	N:GC[T>A]TG	1	329938.0	1143315393
JG0139b	6	82166649	N:GC[T>C]CC	-1	49580.0	1143364973
JG0139b	6	82351085	N:TC[T>G]TA	1	184436.0	1143549409
JG0139b	6	82456190	N:CC[T>C]AA	1	105105.0	1143654514
JG0139b	6	82988114	U:AC[T>C]AG	-1	531924.0	1144186438
JG0139b	6	83357650	T:CC[T>C]TA	1	369536.0	1144555974
JG0139b	6	83534647	N:AC[T>G]TC	1	176997.0	1144732971
JG0139b	6	83748846	N:AC[T>G]TA	-1	214199.0	1144947170
JG0139b	6	83828955	N:AC[T>G]TA	-1	80109.0	1145027279
JG0139b	6	83983292	N:AC[T>C]TA	1	154337.0	1145181616
JG0139b	6	84137663	U:TC[T>G]TT	-1	154371.0	1145335987
JG0139b	6	84291081	N:GG[T>A]CA	1	153418.0	1145489405
JG0139b	6	84558513	N:AC[T>G]TC	1	267432.0	1145756837
JG0139b	6	84641169	N:GC[T>G]TT	1	82656.0	1145839493
JG0139b	6	84660584	N:AC[T>G]TA	1	19415.0	1145858908
JG0139b	6	84759001	U:TG[T>C]CT	-1	98417.0	1145957325
JG0139b	6	84799403	N:TC[T>A]TT	1	40402.0	1145997727
JG0139b	6	84867790	N:GT[T>G]TT	-1	68387.0	1146066114
JG0139b	6	84894612	N:AC[T>G]TA	1	26822.0	1146092936
JG0139b	6	84897325	N:CC[T>C]TT	-1	2713.0	1146095649
JG0139b	6	84987563	N:CC[T>A]CA	-1	90238.0	1146185887
JG0139b	6	85179208	N:AC[T>C]TA	-1	191645.0	1146377532
JG0139b	6	85290443	N:TC[T>C]CC	1	111235.0	1146488767
JG0139b	6	85395102	N:AT[T>G]CT	1	104659.0	1146593426
JG0139b	6	85424677	N:AG[T>G]CC	1	29575.0	1146623001
JG0139b	6	85467381	U:AC[T>C]GG	1	42704.0	1146665705
JG0139b	6	85595517	N:AG[T>G]TT	-1	128136.0	1146793841
JG0139b	6	85692993	N:GA[T>G]TT	1	97476.0	1146891317
JG0139b	6	85827702	N:AC[T>C]GC	1	134709.0	1147026026
JG0139b	6	85854272	N:TC[T>C]CC	1	26570.0	1147052596
JG0139b	6	86049209	N:AC[T>G]CA	-1	194937.0	1147247533
JG0139b	6	86088493	N:TC[T>G]TG	-1	39284.0	1147286817
JG0139b	6	86103749	N:AC[T>C]TG	-1	15256.0	1147302073
JG0139b	6	86105579	N:TC[T>C]CC	-1	1830.0	1147303903
JG0139b	6	86169598	N:GC[T>G]CA	-1	64019.0	1147367922
JG0139b	6	86187415	N:AC[T>C]TG	-1	17817.0	1147385739
JG0139b	6	86407292	N:GC[T>G]CC	-1	219877.0	1147605616
JG0139b	6	86678488	N:TC[T>C]CT	1	271196.0	1147876812
JG0139b	6	86747664	N:TC[T>C]AA	-1	69176.0	1147945988
JG0139b	6	86824649	N:CC[T>C]TT	-1	76985.0	1148022973
JG0139b	6	86855999	N:TC[T>G]TA	1	31350.0	1148054323
JG0139b	6	86889026	N:TC[T>C]CG	1	33027.0	1148087350
JG0139b	6	87123984	N:GA[T>G]TA	-1	234958.0	1148322308
JG0139b	6	87302882	T:TC[T>C]TA	1	178898.0	1148501206
JG0139b	6	87374908	N:TT[C>G]AA	1	72026.0	1148573232
JG0139b	6	87666240	U:TC[T>C]CC	1	291332.0	1148864564
JG0139b	6	87858392	N:CC[T>G]TC	-1	192152.0	1149056716
JG0139b	6	88230946	N:TG[T>G]TT	-1	372554.0	1149429270
JG0139b	6	89461255	U:CC[T>A]TG	1	1230309.0	1150659579
JG0139b	6	89908211	U:TC[T>A]CG	1	446956.0	1151106535
JG0139b	6	90092198	T:TC[T>A]CA	1	183987.0	1151290522
JG0139b	6	90180032	T:TT[C>G]AA	1	87834.0	1151378356
JG0139b	6	90272605	T:CC[T>C]CA	1	92573.0	1151470929
JG0139b	6	90345826	N:TC[T>C]TT	-1	73221.0	1151544150
JG0139b	6	90564740	T:AC[T>A]CT	1	218914.0	1151763064
JG0139b	6	90875420	N:AC[T>G]TG	1	310680.0	1152073744
JG0139b	6	90938493	N:TA[T>G]TA	-1	63073.0	1152136817
JG0139b	6	90945231	N:AC[T>A]GC	-1	6738.0	1152143555
JG0139b	6	91220839	N:AG[T>A]CT	1	275608.0	1152419163
JG0139b	6	91220849	N:AC[T>A]GA	1	10.0	1152419173
JG0139b	6	91784934	N:GT[C>A]CT	-1	564085.0	1152983258
JG0139b	6	91956231	N:AC[T>C]TG	-1	171297.0	1153154555
JG0139b	6	91962516	N:TC[T>C]TA	1	6285.0	1153160840
JG0139b	6	92024145	N:TC[T>C]TT	1	61629.0	1153222469
JG0139b	6	92077615	N:TC[T>A]CC	-1	53470.0	1153275939
JG0139b	6	92146593	N:CC[T>C]TT	1	68978.0	1153344917
JG0139b	6	92159952	N:TT[T>A]AA	1	13359.0	1153358276
JG0139b	6	92241466	N:GC[T>A]TT	1	81514.0	1153439790
JG0139b	6	92629294	N:GG[T>C]GG	-1	387828.0	1153827618
JG0139b	6	92700944	N:AC[T>C]TG	-1	71650.0	1153899268
JG0139b	6	92706960	N:TC[T>C]TG	-1	6016.0	1153905284
JG0139b	6	92732983	N:AG[T>C]TG	-1	26023.0	1153931307
JG0139b	6	92738563	N:AC[T>C]TG	1	5580.0	1153936887
JG0139b	6	92773338	N:AA[C>A]TT	-1	34775.0	1153971662
JG0139b	6	92841508	N:AC[T>C]CA	1	68170.0	1154039832
JG0139b	6	92937100	N:GC[T>A]CA	1	95592.0	1154135424
JG0139b	6	93083961	N:AG[T>A]CA	1	146861.0	1154282285
JG0139b	6	93116218	N:AC[T>G]TC	1	32257.0	1154314542
JG0139b	6	93154416	N:AC[T>G]AA	-1	38198.0	1154352740
JG0139b	6	93750047	N:AC[T>G]TA	1	595631.0	1154948371
JG0139b	6	94284028	N:AC[T>C]TG	1	533981.0	1155482352
JG0139b	6	94329586	N:GC[T>A]TA	-1	45558.0	1155527910
JG0139b	6	94355417	N:AC[T>C]CA	-1	25831.0	1155553741
JG0139b	6	94718215	N:AC[T>C]TA	1	362798.0	1155916539
JG0139b	6	94858159	N:AC[T>G]TA	-1	139944.0	1156056483
JG0139b	6	95001810	N:AC[T>G]TA	1	143651.0	1156200134
JG0139b	6	95235000	N:AG[T>G]CC	1	233190.0	1156433324
JG0139b	6	95798889	N:AC[T>G]TC	-1	563889.0	1156997213
JG0139b	6	95892327	N:AG[T>A]CC	1	93438.0	1157090651
JG0139b	6	96046554	U:AC[T>C]TA	1	154227.0	1157244878
JG0139b	6	96652558	N:TC[T>C]GA	1	606004.0	1157850882
JG0139b	6	96709368	N:AC[T>G]TT	-1	56810.0	1157907692
JG0139b	6	96869699	N:TC[T>G]TA	-1	160331.0	1158068023
JG0139b	6	97017932	U:GC[T>G]TA	1	148233.0	1158216256
JG0139b	6	97146667	T:AC[T>G]TA	1	128735.0	1158344991
JG0139b	6	97198231	T:GC[T>C]TG	1	51564.0	1158396555
JG0139b	6	97228844	U:AC[T>A]TA	-1	30613.0	1158427168
JG0139b	6	97412793	N:TA[T>G]TA	-1	183949.0	1158611117
JG0139b	6	97449421	N:TC[T>G]TC	1	36628.0	1158647745
JG0139b	6	97462642	N:TC[T>A]TG	-1	13221.0	1158660966
JG0139b	6	97528233	N:TC[T>G]TC	-1	65591.0	1158726557
JG0139b	6	97529310	N:AC[T>G]GA	1	1077.0	1158727634
JG0139b	6	97739820	N:TC[T>C]TA	-1	210510.0	1158938144
JG0139b	6	98025731	N:TC[T>A]TT	1	285911.0	1159224055
JG0139b	6	98046959	N:GC[T>C]TA	-1	21228.0	1159245283
JG0139b	6	98061723	N:GG[T>G]TC	1	14764.0	1159260047
JG0139b	6	98160566	N:TT[T>C]TG	-1	98843.0	1159358890
JG0139b	6	98203560	N:AC[T>C]TA	1	42994.0	1159401884
JG0139b	6	98236854	N:CC[T>G]TA	-1	33294.0	1159435178
JG0139b	6	98362019	N:TC[T>G]TC	1	125165.0	1159560343
JG0139b	6	98389484	N:AC[T>C]CG	1	27465.0	1159587808
JG0139b	6	98462670	N:AG[T>G]TA	1	73186.0	1159660994
JG0139b	6	98528444	N:TC[T>C]TA	-1	65774.0	1159726768
JG0139b	6	98577245	N:TC[T>A]TA	1	48801.0	1159775569
JG0139b	6	98656341	N:AC[T>G]TA	1	79096.0	1159854665
JG0139b	6	98718764	N:GG[T>G]TT	-1	62423.0	1159917088
JG0139b	6	99041992	N:TC[T>C]TG	-1	323228.0	1160240316
JG0139b	6	99100166	N:CC[T>G]CA	1	58174.0	1160298490
JG0139b	6	99190801	N:AC[T>C]TC	-1	90635.0	1160389125
JG0139b	6	99247050	N:TC[T>G]TA	1	56249.0	1160445374
JG0139b	6	99296789	U:AC[T>G]TG	-1	49739.0	1160495113
JG0139b	6	99300441	T:TC[T>G]TA	1	3652.0	1160498765
JG0139b	6	99483896	U:AA[T>A]AT	-1	183455.0	1160682220
JG0139b	6	99556134	U:AC[T>G]TA	-1	72238.0	1160754458
JG0139b	6	99599760	N:GG[T>G]TC	-1	43626.0	1160798084
JG0139b	6	99677256	N:TC[T>A]CA	1	77496.0	1160875580
JG0139b	6	99781871	N:TC[T>G]TG	-1	104615.0	1160980195
JG0139b	6	99865899	N:AC[T>G]TT	-1	84028.0	1161064223
JG0139b	6	99896104	N:TG[T>C]CC	1	30205.0	1161094428
JG0139b	6	99901980	N:AC[T>C]TA	-1	5876.0	1161100304
JG0139b	6	99906442	N:TC[T>C]CA	-1	4462.0	1161104766
JG0139b	6	100014707	N:AC[T>G]TC	-1	108265.0	1161213031
JG0139b	6	100077023	N:GC[T>C]TC	1	62316.0	1161275347
JG0139b	6	100081715	N:AC[T>C]TA	1	4692.0	1161280039
JG0139b	6	100159171	N:TC[T>C]CG	-1	77456.0	1161357495
JG0139b	6	100160454	N:TC[T>C]CA	1	1283.0	1161358778
JG0139b	6	100275299	N:TC[T>C]TG	-1	114845.0	1161473623
JG0139b	6	100708626	U:TC[T>A]CT	-1	433327.0	1161906950
JG0139b	6	100709064	U:TG[C>G]TA	-1	438.0	1161907388
JG0139b	6	101000736	N:TC[T>G]TG	1	291672.0	1162199060
JG0139b	6	101004973	N:TA[T>G]TA	-1	4237.0	1162203297
JG0139b	6	101015359	N:AC[T>G]TT	-1	10386.0	1162213683
JG0139b	6	101441722	T:AA[T>G]TA	-1	426363.0	1162640046
JG0139b	6	101551047	T:AC[T>C]GT	-1	109325.0	1162749371
JG0139b	6	101601455	T:AC[T>G]TA	-1	50408.0	1162799779
JG0139b	6	101677104	T:CC[T>A]CA	-1	75649.0	1162875428
JG0139b	6	101757763	T:AC[T>C]TT	-1	80659.0	1162956087
JG0139b	6	101791333	U:TC[T>A]TG	1	33570.0	1162989657
JG0139b	6	101801692	T:AG[T>G]TT	-1	10359.0	1163000016
JG0139b	6	101880688	T:AC[T>C]TG	-1	78996.0	1163079012
JG0139b	6	101899325	T:TC[T>A]TA	-1	18637.0	1163097649
JG0139b	6	102137848	N:AG[T>G]CT	-1	238523.0	1163336172
JG0139b	6	102166327	N:AC[T>C]CC	-1	28479.0	1163364651
JG0139b	6	102345398	N:AC[T>G]TA	1	179071.0	1163543722
JG0139b	6	102373840	N:TC[T>A]CC	-1	28442.0	1163572164
JG0139b	6	102777744	N:TG[T>C]CC	-1	403904.0	1163976068
JG0139b	6	102895563	N:GG[T>A]GA	-1	117819.0	1164093887
JG0139b	6	102956030	N:TC[T>C]TA	-1	60467.0	1164154354
JG0139b	6	103051904	N:CC[T>A]TG	1	95874.0	1164250228
JG0139b	6	103109389	N:AC[T>C]AG	-1	57485.0	1164307713
JG0139b	6	103114024	N:TA[T>C]TT	1	4635.0	1164312348
JG0139b	6	103327038	N:AC[T>C]AG	1	213014.0	1164525362
JG0139b	6	103388226	N:CC[T>G]TT	1	61188.0	1164586550
JG0139b	6	103432441	N:TG[T>A]TT	1	44215.0	1164630765
JG0139b	6	103455184	N:GC[T>G]TG	-1	22743.0	1164653508
JG0139b	6	103618166	N:AT[T>G]TG	-1	162982.0	1164816490
JG0139b	6	104027051	N:AC[T>A]TG	1	408885.0	1165225375
JG0139b	6	104144273	N:TC[T>G]TA	1	117222.0	1165342597
JG0139b	6	104359221	N:TC[T>C]CA	1	214948.0	1165557545
JG0139b	6	104377879	N:AC[T>A]CA	1	18658.0	1165576203
JG0139b	6	104462050	N:CC[T>C]TG	-1	84171.0	1165660374
JG0139b	6	104487697	N:TT[T>G]TA	-1	25647.0	1165686021
JG0139b	6	104661914	N:AC[T>G]TG	-1	174217.0	1165860238
JG0139b	6	104868694	N:TC[T>C]TG	-1	206780.0	1166067018
JG0139b	6	105143847	N:GC[T>C]TG	1	275153.0	1166342171
JG0139b	6	105497516	N:AC[T>C]CA	-1	353669.0	1166695840
JG0139b	6	105648640	N:GC[T>G]GA	1	151124.0	1166846964
JG0139b	6	105679651	N:TG[T>G]TA	-1	31011.0	1166877975
JG0139b	6	105739088	N:CC[T>C]CG	1	59437.0	1166937412
JG0139b	6	105773786	N:TC[T>C]TA	-1	34698.0	1166972110
JG0139b	6	106009953	N:AC[T>G]TG	-1	236167.0	1167208277
JG0139b	6	106103258	B:AT[C>T]GA	1	93305.0	1167301582
JG0139b	6	106201487	U:AC[T>C]TG	-1	98229.0	1167399811
JG0139b	6	106581046	U:TC[T>C]CT	-1	379559.0	1167779370
JG0139b	6	106606177	T:AC[T>A]TC	1	25131.0	1167804501
JG0139b	6	106655465	T:TC[T>C]CG	-1	49288.0	1167853789
JG0139b	6	106815053	N:AC[T>C]TA	-1	159588.0	1168013377
JG0139b	6	106864318	N:AG[T>G]TG	-1	49265.0	1168062642
JG0139b	6	106883780	N:TC[T>C]TA	-1	19462.0	1168082104
JG0139b	6	106914746	N:GA[T>G]TA	1	30966.0	1168113070
JG0139b	6	106946362	N:AC[T>G]TG	1	31616.0	1168144686
JG0139b	6	106957398	N:TC[T>C]CA	1	11036.0	1168155722
JG0139b	6	106958095	N:AC[T>A]TG	1	697.0	1168156419
JG0139b	6	107043374	U:AC[T>G]TG	1	85279.0	1168241698
JG0139b	6	108050595	T:AC[T>G]TC	1	1007221.0	1169248919
JG0139b	6	108346592	U:AC[T>G]CT	1	295997.0	1169544916
JG0139b	6	108422237	U:AG[T>G]TA	1	75645.0	1169620561
JG0139b	6	108488085	U:AC[T>G]TG	1	65848.0	1169686409
JG0139b	6	108622614	T:AG[T>G]TG	-1	134529.0	1169820938
JG0139b	6	108929633	T:TG[T>G]TG	-1	307019.0	1170127957
JG0139b	6	109124178	U:TC[T>G]TA	1	194545.0	1170322502
JG0139b	6	109385137	N:AC[T>C]TG	1	260959.0	1170583461
JG0139b	6	109468425	T:AC[T>A]CC	1	83288.0	1170666749
JG0139b	6	109488937	N:AA[T>A]TT	1	20512.0	1170687261
JG0139b	6	109541950	U:TC[T>C]CC	-1	53013.0	1170740274
JG0139b	6	109555888	U:GC[T>G]CA	-1	13938.0	1170754212
JG0139b	6	110038636	N:AG[T>G]TC	1	482748.0	1171236960
JG0139b	6	110063742	N:AC[T>C]CT	1	25106.0	1171262066
JG0139b	6	110090685	N:GC[T>C]TA	1	26943.0	1171289009
JG0139b	6	111023372	U:AG[T>G]TG	1	932687.0	1172221696
JG0139b	6	111762695	T:AG[T>G]CT	1	739323.0	1172961019
JG0139b	6	111910025	N:CC[T>G]TA	1	147330.0	1173108349
JG0139b	6	111938680	N:GG[T>C]TC	1	28655.0	1173137004
JG0139b	6	111982434	N:TG[T>G]AA	1	43754.0	1173180758
JG0139b	6	112007120	N:CC[T>C]CA	1	24686.0	1173205444
JG0139b	6	112198668	U:AA[T>G]TA	-1	191548.0	1173396992
JG0139b	6	112236244	T:TC[T>G]TC	1	37576.0	1173434568
JG0139b	6	112257867	T:AG[T>C]TG	-1	21623.0	1173456191
JG0139b	6	112277276	T:GC[T>C]GA	-1	19409.0	1173475600
JG0139b	6	112299735	T:TC[T>C]TG	-1	22459.0	1173498059
JG0139b	6	112299963	T:GA[T>G]TA	-1	228.0	1173498287
JG0139b	6	112721855	N:AC[T>C]GA	1	421892.0	1173920179
JG0139b	6	113131062	N:TT[T>G]AA	1	409207.0	1174329386
JG0139b	6	113198336	N:AC[T>G]TC	1	67274.0	1174396660
JG0139b	6	113278380	N:TC[T>C]TC	-1	80044.0	1174476704
JG0139b	6	113514969	N:AC[T>A]TG	-1	236589.0	1174713293
JG0139b	6	113768493	N:CC[T>C]CA	-1	253524.0	1174966817
JG0139b	6	114560134	N:AG[T>G]GA	-1	791641.0	1175758458
JG0139b	6	114998239	N:GG[T>G]CA	-1	438105.0	1176196563
JG0139b	6	115167932	N:AC[T>C]TA	-1	169693.0	1176366256
JG0139b	6	115200956	N:TC[T>C]CA	-1	33024.0	1176399280
JG0139b	6	115293227	N:GC[T>C]TT	-1	92271.0	1176491551
JG0139b	6	115316541	N:AC[T>G]TA	-1	23314.0	1176514865
JG0139b	6	115693089	N:AT[T>G]TA	1	376548.0	1176891413
JG0139b	6	115719811	N:TC[T>C]TG	-1	26722.0	1176918135
JG0139b	6	115818859	N:GC[T>C]CA	-1	99048.0	1177017183
JG0139b	6	116214444	T:CC[T>C]CA	-1	395585.0	1177412768
JG0139b	6	116317910	T:TA[T>G]TC	-1	103466.0	1177516234
JG0139b	6	116333858	T:TC[T>G]TA	-1	15948.0	1177532182
JG0139b	6	116353856	T:TG[T>G]TT	-1	19998.0	1177552180
JG0139b	6	116353875	T:TT[T>G]AA	-1	19.0	1177552199
JG0139b	6	116622565	T:AC[T>G]TC	-1	268690.0	1177820889
JG0139b	6	116984394	N:TG[T>G]CT	1	361829.0	1178182718
JG0139b	6	117001973	N:AA[T>G]TA	-1	17579.0	1178200297
JG0139b	6	117068260	N:GA[T>A]TA	1	66287.0	1178266584
JG0139b	6	117095083	N:AT[T>C]TG	-1	26823.0	1178293407
JG0139b	6	117098713	N:AC[T>G]TA	-1	3630.0	1178297037
JG0139b	6	117174305	N:AA[T>G]TA	1	75592.0	1178372629
JG0139b	6	117217969	N:TC[T>C]TA	-1	43664.0	1178416293
JG0139b	6	117770120	N:GC[T>G]TA	1	552151.0	1178968444
JG0139b	6	117880787	N:GG[T>G]TA	-1	110667.0	1179079111
JG0139b	6	117926742	T:AC[T>G]TA	-1	45955.0	1179125066
JG0139b	6	118004077	T:AC[T>A]GA	-1	77335.0	1179202401
JG0139b	6	118133448	U:TC[T>C]GG	1	129371.0	1179331772
JG0139b	6	118212504	T:TG[T>G]TG	-1	79056.0	1179410828
JG0139b	6	118721434	N:AT[T>G]TG	1	508930.0	1179919758
JG0139b	6	118741901	N:AC[T>G]TT	-1	20467.0	1179940225
JG0139b	6	118801794	N:AC[T>C]CT	-1	59893.0	1180000118
JG0139b	6	118897189	B:AC[T>G]TG	-1	95395.0	1180095513
JG0139b	6	119030659	U:TC[T>C]TA	-1	133470.0	1180228983
JG0139b	6	119148736	U:GA[T>G]TT	-1	118077.0	1180347060
JG0139b	6	119205026	T:TG[T>A]CT	1	56290.0	1180403350
JG0139b	6	119287262	U:AC[T>C]TG	-1	82236.0	1180485586
JG0139b	6	119391191	N:AC[T>G]TA	-1	103929.0	1180589515
JG0139b	6	119392800	N:GG[T>G]TA	-1	1609.0	1180591124
JG0139b	6	119453796	N:TC[T>A]TA	-1	60996.0	1180652120
JG0139b	6	119532938	N:AC[T>C]TA	-1	79142.0	1180731262
JG0139b	6	119539778	N:AC[T>C]GA	-1	6840.0	1180738102
JG0139b	6	119564924	N:AC[T>G]TT	-1	25146.0	1180763248
JG0139b	6	119704568	N:AT[T>C]TT	-1	139644.0	1180902892
JG0139b	6	119705734	N:CC[T>C]CA	1	1166.0	1180904058
JG0139b	6	119799460	N:AC[T>C]TG	-1	93726.0	1180997784
JG0139b	6	119800960	N:TC[T>A]CA	-1	1500.0	1180999284
JG0139b	6	120492054	N:TG[T>C]AA	-1	691094.0	1181690378
JG0139b	6	120957245	N:AC[T>C]CA	-1	465191.0	1182155569
JG0139b	6	120970182	N:TC[T>C]AA	-1	12937.0	1182168506
JG0139b	6	121069389	N:GC[T>C]TT	-1	99207.0	1182267713
JG0139b	6	121117447	U:GA[T>G]TA	-1	48058.0	1182315771
JG0139b	6	121263177	U:TC[T>A]TG	-1	145730.0	1182461501
JG0139b	6	121369578	N:GC[T>C]TC	-1	106401.0	1182567902
JG0139b	6	121589860	N:TC[T>C]CT	-1	220282.0	1182788184
JG0139b	6	121801606	N:TC[T>C]GA	-1	211746.0	1182999930
JG0139b	6	121863323	N:AC[T>G]AA	-1	61717.0	1183061647
JG0139b	6	122092881	N:TC[T>C]GA	-1	229558.0	1183291205
JG0139b	6	122269282	N:TC[T>C]TG	-1	176401.0	1183467606
JG0139b	6	122342527	N:TC[T>C]CT	1	73245.0	1183540851
JG0139b	6	122391118	N:GG[T>C]CA	-1	48591.0	1183589442
JG0139b	6	122526700	T:GC[T>G]TG	-1	135582.0	1183725024
JG0139b	6	122526741	U:TT[T>C]TC	1	41.0	1183725065
JG0139b	6	122640545	T:AC[T>C]TG	-1	113804.0	1183838869
JG0139b	6	122748417	N:AC[T>G]TT	-1	107872.0	1183946741
JG0139b	6	122835367	N:GC[T>C]TA	-1	86950.0	1184033691
JG0139b	6	122957664	N:AT[T>G]TT	-1	122297.0	1184155988
JG0139b	6	123128342	N:AC[T>G]TC	-1	170678.0	1184326666
JG0139b	6	123128416	N:AC[T>A]CA	-1	74.0	1184326740
JG0139b	6	123133957	N:TC[T>G]TA	1	5541.0	1184332281
JG0139b	6	123146781	N:AC[T>G]TT	-1	12824.0	1184345105
JG0139b	6	123298654	U:AC[T>G]TG	-1	151873.0	1184496978
JG0139b	6	123351399	U:CC[T>C]AA	-1	52745.0	1184549723
JG0139b	6	123512794	U:TG[T>G]TA	-1	161395.0	1184711118
JG0139b	6	123542644	U:AC[T>C]TA	-1	29850.0	1184740968
JG0139b	6	123851429	U:TT[T>A]TA	1	308785.0	1185049753
JG0139b	6	123869832	T:TC[T>G]TT	-1	18403.0	1185068156
JG0139b	6	123980485	T:AC[T>C]TA	-1	110653.0	1185178809
JG0139b	6	123988457	T:AC[T>G]CA	-1	7972.0	1185186781
JG0139b	6	124140240	U:CC[T>C]TA	1	151783.0	1185338564
JG0139b	6	124506586	U:TG[T>G]TT	1	366346.0	1185704910
JG0139b	6	124570252	T:CC[T>G]CA	-1	63666.0	1185768576
JG0139b	6	124618123	U:AA[T>G]TT	1	47871.0	1185816447
JG0139b	6	124619763	T:CA[T>G]TA	-1	1640.0	1185818087
JG0139b	6	124939113	N:GG[T>C]CA	-1	319350.0	1186137437
JG0139b	6	124979328	T:CC[T>A]CC	-1	40215.0	1186177652
JG0139b	6	125414560	N:AC[T>G]AA	-1	435232.0	1186612884
JG0139b	6	125476996	N:TC[T>G]GT	-1	62436.0	1186675320
JG0139b	6	125499896	N:TC[T>G]CA	1	22900.0	1186698220
JG0139b	6	125509013	N:TC[T>G]TG	-1	9117.0	1186707337
JG0139b	6	125667932	N:TC[T>A]TA	-1	158919.0	1186866256
JG0139b	6	125873141	U:CG[T>A]TG	1	205209.0	1187071465
JG0139b	6	126099697	N:TC[T>A]CA	-1	226556.0	1187298021
JG0139b	6	126106380	N:AC[T>A]TG	-1	6683.0	1187304704
JG0139b	6	126112023	N:TC[T>G]TA	-1	5643.0	1187310347
JG0139b	6	126403420	N:AC[T>G]TT	-1	291397.0	1187601744
JG0139b	6	126604203	N:TT[T>G]CT	1	200783.0	1187802527
JG0139b	6	126666371	N:AC[T>C]CT	-1	62168.0	1187864695
JG0139b	6	126757599	N:TC[T>C]CA	-1	91228.0	1187955923
JG0139b	6	127223055	N:AA[T>G]TT	1	465456.0	1188421379
JG0139b	6	127632354	N:AG[T>G]TC	-1	409299.0	1188830678
JG0139b	6	127735966	U:AC[T>C]TA	-1	103612.0	1188934290
JG0139b	6	127788991	U:AC[T>C]TG	-1	53025.0	1188987315
JG0139b	6	128096335	U:TC[T>A]TG	-1	307344.0	1189294659
JG0139b	6	128350981	U:AC[T>G]TG	-1	254646.0	1189549305
JG0139b	6	128435803	T:AC[T>G]CA	1	84822.0	1189634127
JG0139b	6	128902114	T:TC[T>C]CA	-1	466311.0	1190100438
JG0139b	6	129009512	T:AC[T>C]TT	-1	107398.0	1190207836
JG0139b	6	129199584	T:TC[T>C]TG	-1	190072.0	1190397908
JG0139b	6	129237437	T:AC[T>A]TG	-1	37853.0	1190435761
JG0139b	6	129253361	U:CC[T>G]CT	1	15924.0	1190451685
JG0139b	6	129749256	N:TC[T>G]TG	1	495895.0	1190947580
JG0139b	6	129920527	N:TC[T>C]GC	-1	171271.0	1191118851
JG0139b	6	130221982	U:TC[T>G]TG	-1	301455.0	1191420306
JG0139b	6	130575686	N:CC[T>G]TG	-1	353704.0	1191774010
JG0139b	6	130595198	N:AA[T>G]TG	1	19512.0	1191793522
JG0139b	6	130966238	T:GA[T>G]CC	1	371040.0	1192164562
JG0139b	6	131286638	N:AC[T>C]TT	-1	320400.0	1192484962
JG0139b	6	131502671	N:CC[T>A]CA	-1	216033.0	1192700995
JG0139b	6	131638745	T:TC[T>C]TG	-1	136074.0	1192837069
JG0139b	6	131651887	T:TC[T>G]CA	-1	13142.0	1192850211
JG0139b	6	131881818	T:TC[T>C]TG	-1	229931.0	1193080142
JG0139b	6	131901230	N:AC[T>G]TA	-1	19412.0	1193099554
JG0139b	6	132091408	N:TC[T>C]TG	-1	190178.0	1193289732
JG0139b	6	132145772	N:AG[T>G]TT	1	54364.0	1193344096
JG0139b	6	132209433	N:TC[T>C]TA	-1	63661.0	1193407757
JG0139b	6	132376165	U:TC[T>A]CA	-1	166732.0	1193574489
JG0139b	6	132420482	N:TT[T>G]TT	-1	44317.0	1193618806
JG0139b	6	133032035	N:TC[T>G]TC	1	611553.0	1194230359
JG0139b	6	133325654	U:AC[T>G]TT	1	293619.0	1194523978
JG0139b	6	133564918	N:TG[T>C]TA	-1	239264.0	1194763242
JG0139b	6	133690243	N:TC[T>G]AA	1	125325.0	1194888567
JG0139b	6	133698020	N:TC[T>G]CA	-1	7777.0	1194896344
JG0139b	6	133701249	N:TC[T>A]TA	-1	3229.0	1194899573
JG0139b	6	133755935	N:AC[T>A]CC	1	54686.0	1194954259
JG0139b	6	133897837	N:GT[T>G]TA	-1	141902.0	1195096161
JG0139b	6	133899377	N:GC[T>G]TT	-1	1540.0	1195097701
JG0139b	6	134058448	N:AC[T>G]TG	-1	159071.0	1195256772
JG0139b	6	134163975	N:AC[T>G]TC	-1	105527.0	1195362299
JG0139b	6	134212384	U:CT[T>G]TG	-1	48409.0	1195410708
JG0139b	6	134256018	T:GA[T>G]TT	1	43634.0	1195454342
JG0139b	6	134390815	N:AC[T>C]TT	-1	134797.0	1195589139
JG0139b	6	134518218	N:GC[T>G]TA	-1	127403.0	1195716542
JG0139b	6	134805466	N:CC[T>C]CC	1	287248.0	1196003790
JG0139b	6	134934387	T:TC[T>C]GA	1	128921.0	1196132711
JG0139b	6	135209301	U:TC[T>G]TG	1	274914.0	1196407625
JG0139b	6	135490660	U:AC[T>G]GA	-1	281359.0	1196688984
JG0139b	6	135626820	N:GA[T>G]TT	1	136160.0	1196825144
JG0139b	6	135627830	N:AC[T>A]TG	1	1010.0	1196826154
JG0139b	6	135725885	N:TC[T>C]TC	-1	98055.0	1196924209
JG0139b	6	135953394	T:GG[T>A]CT	-1	227509.0	1197151718
JG0139b	6	135968294	T:TT[T>G]TG	-1	14900.0	1197166618
JG0139b	6	136664848	T:GC[T>A]TG	1	696554.0	1197863172
JG0139b	6	137091600	N:GG[T>G]TG	1	426752.0	1198289924
JG0139b	6	137197298	N:GC[T>G]TA	-1	105698.0	1198395622
JG0139b	6	137428922	N:TC[T>G]TA	1	231624.0	1198627246
JG0139b	6	138179250	U:TG[T>C]CA	1	750328.0	1199377574
JG0139b	6	138268944	T:GC[T>C]GA	-1	89694.0	1199467268
JG0139b	6	138666314	U:TG[T>G]TT	-1	397370.0	1199864638
JG0139b	6	138714784	N:AG[T>G]TC	1	48470.0	1199913108
JG0139b	6	139141021	T:TG[T>G]CA	-1	426237.0	1200339345
JG0139b	6	139416293	N:AC[T>C]CG	-1	275272.0	1200614617
JG0139b	6	139442351	N:AC[T>G]TC	-1	26058.0	1200640675
JG0139b	6	139477883	N:GC[T>C]TA	-1	35532.0	1200676207
JG0139b	6	139499519	N:TC[T>G]TT	1	21636.0	1200697843
JG0139b	6	140416519	N:AC[T>C]TG	1	917000.0	1201614843
JG0139b	6	140948686	N:AC[T>C]TC	1	532167.0	1202147010
JG0139b	6	141207975	N:TC[T>G]TA	1	259289.0	1202406299
JG0139b	6	141226819	N:AC[T>G]TG	1	18844.0	1202425143
JG0139b	6	141302536	N:TA[T>G]TA	-1	75717.0	1202500860
JG0139b	6	141614937	N:GC[T>G]GA	1	312401.0	1202813261
JG0139b	6	141669215	N:GC[T>C]CA	1	54278.0	1202867539
JG0139b	6	141673985	N:GC[T>C]GA	-1	4770.0	1202872309
JG0139b	6	141892181	N:AC[T>G]TG	1	218196.0	1203090505
JG0139b	6	142384756	T:TC[T>G]TT	-1	492575.0	1203583080
JG0139b	6	142670319	N:AC[T>G]TC	1	285563.0	1203868643
JG0139b	6	143120559	T:TC[T>A]CA	-1	450240.0	1204318883
JG0139b	6	143352280	N:AC[T>G]TC	1	231721.0	1204550604
JG0139b	6	143768060	T:AG[T>G]TC	-1	415780.0	1204966384
JG0139b	6	144154432	U:TC[T>G]TA	1	386372.0	1205352756
JG0139b	6	144223814	N:AG[T>G]TT	-1	69382.0	1205422138
JG0139b	6	144838045	U:TC[T>A]CT	1	614231.0	1206036369
JG0139b	6	144916284	N:GC[T>C]CA	-1	78239.0	1206114608
JG0139b	6	145188723	N:CC[T>G]CC	-1	272439.0	1206387047
JG0139b	6	146438369	N:TC[T>C]CA	-1	1249646.0	1207636693
JG0139b	6	146673270	T:AC[T>A]CT	-1	234901.0	1207871594
JG0139b	6	147165534	N:TC[T>C]GG	-1	492264.0	1208363858
JG0139b	6	147468475	N:AC[T>C]GT	-1	302941.0	1208666799
JG0139b	6	147539839	T:GC[T>G]TA	-1	71364.0	1208738163
JG0139b	6	148047244	N:AC[T>G]TT	-1	507405.0	1209245568
JG0139b	6	148602636	N:AC[T>G]TT	-1	555392.0	1209800960
JG0139b	6	149032460	T:AC[T>A]TG	-1	429824.0	1210230784
JG0139b	6	149235918	U:GC[T>G]CT	1	203458.0	1210434242
JG0139b	6	149399811	U:AC[T>G]TT	1	163893.0	1210598135
JG0139b	6	149444102	N:CC[T>C]CA	1	44291.0	1210642426
JG0139b	6	149533949	U:AC[T>C]CC	-1	89847.0	1210732273
JG0139b	6	149601215	U:CC[T>A]CC	-1	67266.0	1210799539
JG0139b	6	149652210	N:AC[T>C]CA	1	50995.0	1210850534
JG0139b	6	150148248	T:AG[T>G]TG	-1	496038.0	1211346572
JG0139b	6	150177209	T:TT[T>G]CA	-1	28961.0	1211375533
JG0139b	6	150255145	N:AA[T>G]TA	1	77936.0	1211453469
JG0139b	6	150380514	U:GC[T>A]CA	1	125369.0	1211578838
JG0139b	6	150532329	N:TC[T>G]TT	1	151815.0	1211730653
JG0139b	6	150699291	U:AC[T>G]CT	1	166962.0	1211897615
JG0139b	6	151706334	U:AC[T>C]GA	1	1007043.0	1212904658
JG0139b	6	151813740	T:TC[T>G]TA	-1	107406.0	1213012064
JG0139b	6	152053523	U:TC[T>C]CA	1	239783.0	1213251847
JG0139b	6	152345723	U:AC[T>G]TA	-1	292200.0	1213544047
JG0139b	6	152611002	U:TG[T>G]TT	-1	265279.0	1213809326
JG0139b	6	152812367	N:GC[T>G]CA	1	201365.0	1214010691
JG0139b	6	152958017	N:AG[T>G]CA	-1	145650.0	1214156341
JG0139b	6	153050286	U:CT[T>C]TT	-1	92269.0	1214248610
JG0139b	6	153648203	N:CC[T>G]CA	1	597917.0	1214846527
JG0139b	6	153889526	N:GC[T>C]TA	1	241323.0	1215087850
JG0139b	6	154030996	T:TC[T>G]TA	-1	141470.0	1215229320
JG0139b	6	154549827	N:CC[T>A]CA	-1	518831.0	1215748151
JG0139b	6	154629772	N:AA[T>G]TA	1	79945.0	1215828096
JG0139b	6	154750612	T:TT[C>G]AC	-1	120840.0	1215948936
JG0139b	6	155309785	U:TA[T>G]TT	-1	559173.0	1216508109
JG0139b	6	155385391	N:TC[T>G]TA	1	75606.0	1216583715
JG0139b	6	155703206	N:TG[T>G]TT	1	317815.0	1216901530
JG0139b	6	155807601	N:GC[T>G]TA	-1	104395.0	1217005925
JG0139b	6	156235246	N:GC[T>G]TT	-1	427645.0	1217433570
JG0139b	6	156355566	N:TG[T>G]TG	1	120320.0	1217553890
JG0139b	6	156615529	N:AC[T>G]TA	-1	259963.0	1217813853
JG0139b	6	156683635	N:TT[T>G]TT	1	68106.0	1217881959
JG0139b	6	156846594	U:TG[T>G]TG	1	162959.0	1218044918
JG0139b	6	157199132	T:TA[C>A]AG	-1	352538.0	1218397456
JG0139b	6	158406492	T:AC[T>C]CC	-1	1207360.0	1219604816
JG0139b	6	158669309	U:AC[T>G]CT	1	262817.0	1219867633
JG0139b	6	158989565	T:TC[T>C]GA	1	320256.0	1220187889
JG0139b	6	159336199	N:TC[T>C]GG	-1	346634.0	1220534523
JG0139b	6	159435955	N:AG[T>G]GA	1	99756.0	1220634279
JG0139b	6	159481028	N:AC[T>G]TT	-1	45073.0	1220679352
JG0139b	6	160339993	N:TC[T>G]TA	-1	858965.0	1221538317
JG0139b	6	160378740	T:TC[T>C]GA	-1	38747.0	1221577064
JG0139b	6	160967728	N:TC[T>G]TG	1	588988.0	1222166052
JG0139b	6	161301375	N:AC[T>G]TC	1	333647.0	1222499699
JG0139b	6	161789198	U:AC[T>G]CC	-1	487823.0	1222987522
JG0139b	6	162179554	U:AG[T>G]TA	-1	390356.0	1223377878
JG0139b	6	163067520	T:CC[T>G]CA	-1	887966.0	1224265844
JG0139b	6	163071462	T:TC[T>G]TA	-1	3942.0	1224269786
JG0139b	6	163307511	T:AG[T>G]TG	-1	236049.0	1224505835
JG0139b	6	164420361	N:TG[T>C]TG	-1	1112850.0	1225618685
JG0139b	6	164844322	N:AT[C>G]TA	-1	423961.0	1226042646
JG0139b	6	166250898	N:TC[T>G]TA	1	1406576.0	1227449222
JG0139b	6	166666090	T:AG[C>A]TG	1	415192.0	1227864414
JG0139b	6	166683372	U:AC[T>C]CA	-1	17282.0	1227881696
JG0139b	6	166830332	T:CT[C>T]AT	1	146960.0	1228028656
JG0139b	6	166886452	U:TC[T>C]GA	-1	56120.0	1228084776
JG0139b	6	166889853	U:TT[T>C]TA	-1	3401.0	1228088177
JG0139b	6	167148979	N:TC[T>G]TA	1	259126.0	1228347303
JG0139b	6	167327303	U:AG[T>G]TA	1	178324.0	1228525627
JG0139b	6	167414185	N:AG[T>G]TG	-1	86882.0	1228612509
JG0139b	6	167739501	N:CC[T>G]TA	-1	325316.0	1228937825
JG0139b	6	168328472	N:TC[T>C]CA	-1	588971.0	1229526796
JG0139b	6	170100142	N:CC[T>C]CT	1	1771670.0	1231298466
JG0139b	6	170167789	N:TC[T>G]CA	1	67647.0	1231366113
JG0139b	7	439965	N:AC[T>C]CC	1		1232444268
JG0139b	7	683806	T:TG[T>G]TG	1	243841.0	1232688109
JG0139b	7	1223855	N:AC[T>C]GC	-1	540049.0	1233228158
JG0139b	7	1643464	N:TC[T>G]TA	1	419609.0	1233647767
JG0139b	7	1890588	T:CC[T>G]TT	1	247124.0	1233894891
JG0139b	7	1947647	T:TC[T>C]CC	1	57059.0	1233951950
JG0139b	7	2022612	U:AC[T>G]GA	-1	74965.0	1234026915
JG0139b	7	2173791	U:TC[T>A]TT	-1	151179.0	1234178094
JG0139b	7	2729754	T:TC[T>C]TG	1	555963.0	1234734057
JG0139b	7	2990183	T:AT[C>A]AT	1	260429.0	1234994486
JG0139b	7	3077541	N:AC[T>C]GA	1	87358.0	1235081844
JG0139b	7	3381670	U:GG[T>C]TG	1	304129.0	1235385973
JG0139b	7	3450644	U:GC[T>G]TT	1	68974.0	1235454947
JG0139b	7	3677059	U:AC[T>G]TC	1	226415.0	1235681362
JG0139b	7	3881332	U:AC[T>G]TA	1	204273.0	1235885635
JG0139b	7	3927535	U:AC[T>G]TA	1	46203.0	1235931838
JG0139b	7	4030137	T:GC[T>G]TC	-1	102602.0	1236034440
JG0139b	7	4172097	U:AC[T>C]CA	1	141960.0	1236176400
JG0139b	7	4184364	U:CC[T>C]TG	1	12267.0	1236188667
JG0139b	7	4187055	U:TC[T>C]TG	1	2691.0	1236191358
JG0139b	7	4269238	N:CC[T>C]GG	1	82183.0	1236273541
JG0139b	7	4346773	N:TC[T>C]CA	1	77535.0	1236351076
JG0139b	7	4784428	U:GG[T>G]TG	1	437655.0	1236788731
JG0139b	7	4843115	T:TC[T>G]TG	1	58687.0	1236847418
JG0139b	7	5033825	T:TC[T>G]TG	-1	190710.0	1237038128
JG0139b	7	5064513	T:GG[T>G]TT	-1	30688.0	1237068816
JG0139b	7	5172536	N:TT[T>G]TG	-1	108023.0	1237176839
JG0139b	7	5182918	N:AC[T>G]TA	-1	10382.0	1237187221
JG0139b	7	5840362	N:TC[T>G]TG	-1	657444.0	1237844665
JG0139b	7	5996353	U:TC[T>G]TG	-1	155991.0	1238000656
JG0139b	7	6593022	U:AA[T>G]TT	1	596669.0	1238597325
JG0139b	7	6859513	N:GC[T>A]TT	-1	266491.0	1238863816
JG0139b	7	6880001	N:TC[T>G]CA	-1	20488.0	1238884304
JG0139b	7	6880023	N:TC[C>G]TA	-1	22.0	1238884326
JG0139b	7	6907449	N:AC[T>G]TT	1	27426.0	1238911752
JG0139b	7	6988408	N:TC[T>G]TA	-1	80959.0	1238992711
JG0139b	7	7016649	N:AC[T>C]AC	-1	28241.0	1239020952
JG0139b	7	7044158	N:TT[T>G]CC	-1	27509.0	1239048461
JG0139b	7	7077911	N:AC[T>G]TC	1	33753.0	1239082214
JG0139b	7	7093958	N:AG[T>C]CC	1	16047.0	1239098261
JG0139b	7	7161346	U:CC[T>G]TG	1	67388.0	1239165649
JG0139b	7	7221951	T:CC[T>G]CA	-1	60605.0	1239226254
JG0139b	7	7401897	T:TC[T>G]TA	1	179946.0	1239406200
JG0139b	7	7761580	U:TC[T>G]TA	1	359683.0	1239765883
JG0139b	7	8249686	T:AG[T>G]TT	1	488106.0	1240253989
JG0139b	7	8812534	N:AC[T>C]AG	1	562848.0	1240816837
JG0139b	7	8908630	N:GC[T>G]TT	-1	96096.0	1240912933
JG0139b	7	9838426	N:TG[T>G]TA	1	929796.0	1241842729
JG0139b	7	10200077	N:AG[T>G]TA	-1	361651.0	1242204380
JG0139b	7	10364439	N:TG[T>G]TA	1	164362.0	1242368742
JG0139b	7	10552372	N:TC[T>A]CA	1	187933.0	1242556675
JG0139b	7	10586812	N:TC[T>A]CC	-1	34440.0	1242591115
JG0139b	7	10685422	N:AC[T>C]CA	-1	98610.0	1242689725
JG0139b	7	10831800	N:AG[T>G]TT	-1	146378.0	1242836103
JG0139b	7	11014023	U:TC[T>C]TG	1	182223.0	1243018326
JG0139b	7	11252336	N:AC[T>A]TG	-1	238313.0	1243256639
JG0139b	7	11661850	U:AG[T>G]GT	-1	409514.0	1243666153
JG0139b	7	12243949	N:AC[T>C]TA	1	582099.0	1244248252
JG0139b	7	12460945	N:TC[T>C]CG	-1	216996.0	1244465248
JG0139b	7	12883774	N:TC[T>G]TG	1	422829.0	1244888077
JG0139b	7	13054449	N:TC[T>C]CA	-1	170675.0	1245058752
JG0139b	7	13232901	N:AC[T>C]GG	-1	178452.0	1245237204
JG0139b	7	13416610	N:AG[C>A]TG	-1	183709.0	1245420913
JG0139b	7	13589228	N:AC[T>G]TG	1	172618.0	1245593531
JG0139b	7	13737105	N:TC[T>G]TA	-1	147877.0	1245741408
JG0139b	7	14457633	T:AC[T>G]TT	1	720528.0	1246461936
JG0139b	7	14588493	T:TC[T>G]TA	1	130860.0	1246592796
JG0139b	7	14679350	T:AC[T>G]TA	1	90857.0	1246683653
JG0139b	7	14975743	N:GC[T>G]TT	1	296393.0	1246980046
JG0139b	7	15443398	T:TC[T>C]CA	1	467655.0	1247447701
JG0139b	7	15448287	T:GA[T>A]TA	1	4889.0	1247452590
JG0139b	7	15455913	T:AC[T>C]TG	1	7626.0	1247460216
JG0139b	7	15670869	U:TC[T>G]TG	-1	214956.0	1247675172
JG0139b	7	15698312	N:AC[T>A]CC	1	27443.0	1247702615
JG0139b	7	16250432	T:AT[C>G]AA	1	552120.0	1248254735
JG0139b	7	16438067	N:GG[T>G]TC	1	187635.0	1248442370
JG0139b	7	17168602	T:TC[T>C]TT	-1	730535.0	1249172905
JG0139b	7	17259490	U:GC[T>G]TA	1	90888.0	1249263793
JG0139b	7	17305648	U:AC[T>C]CA	1	46158.0	1249309951
JG0139b	7	17330412	T:TC[T>A]TT	-1	24764.0	1249334715
JG0139b	7	17974215	N:TA[C>A]AG	1	643803.0	1249978518
JG0139b	7	18208115	U:GC[T>G]TA	1	233900.0	1250212418
JG0139b	7	19699978	T:GC[T>C]TA	1	1491863.0	1251704281
JG0139b	7	19730165	U:TC[T>C]CC	-1	30187.0	1251734468
JG0139b	7	20455006	N:TC[T>G]TA	-1	724841.0	1252459309
JG0139b	7	20474324	N:AC[T>G]TA	-1	19318.0	1252478627
JG0139b	7	21800623	U:AC[T>C]CA	1	1326299.0	1253804926
JG0139b	7	22776230	N:TC[T>G]TA	-1	975607.0	1254780533
JG0139b	7	22887510	N:TC[T>G]TA	-1	111280.0	1254891813
JG0139b	7	23284927	N:GG[T>G]TG	-1	397417.0	1255289230
JG0139b	7	23507195	U:AC[T>G]TG	-1	222268.0	1255511498
JG0139b	7	23585720	N:CC[T>C]CC	-1	78525.0	1255590023
JG0139b	7	23610517	T:AC[T>G]TG	-1	24797.0	1255614820
JG0139b	7	23811622	T:GA[T>G]TA	-1	201105.0	1255815925
JG0139b	7	24018173	N:AC[T>G]TA	-1	206551.0	1256022476
JG0139b	7	24206608	N:CT[C>A]TT	-1	188435.0	1256210911
JG0139b	7	24925465	T:TC[T>G]TA	1	718857.0	1256929768
JG0139b	7	25391282	N:TC[T>C]CA	-1	465817.0	1257395585
JG0139b	7	25613973	N:TC[T>G]TC	-1	222691.0	1257618276
JG0139b	7	25948223	N:TC[T>A]CA	-1	334250.0	1257952526
JG0139b	7	26274429	N:AC[T>G]TA	-1	326206.0	1258278732
JG0139b	7	27807095	T:AT[T>G]TA	-1	1532666.0	1259811398
JG0139b	7	28450840	T:AC[T>C]CC	-1	643745.0	1260455143
JG0139b	7	28541008	T:TG[T>G]TG	-1	90168.0	1260545311
JG0139b	7	28713048	U:AA[T>A]TT	1	172040.0	1260717351
JG0139b	7	29303057	T:AG[T>G]CA	-1	590009.0	1261307360
JG0139b	7	29337999	T:AG[T>G]TG	-1	34942.0	1261342302
JG0139b	7	30239889	N:AC[C>A]AT	1	901890.0	1262244192
JG0139b	7	30791614	T:GC[T>G]TC	-1	551725.0	1262795917
JG0139b	7	30897516	T:CC[T>G]TG	-1	105902.0	1262901819
JG0139b	7	30952023	N:AT[T>G]TC	-1	54507.0	1262956326
JG0139b	7	30999674	N:CC[T>G]CG	-1	47651.0	1263003977
JG0139b	7	31045029	N:CC[T>G]CC	-1	45355.0	1263049332
JG0139b	7	31476384	N:CC[T>G]GA	-1	431355.0	1263480687
JG0139b	7	32479092	N:GC[T>G]TT	-1	1002708.0	1264483395
JG0139b	7	33415648	T:AC[T>G]TA	-1	936556.0	1265419951
JG0139b	7	33919087	U:AT[T>A]TT	1	503439.0	1265923390
JG0139b	7	35690730	U:CC[T>G]TC	-1	1771643.0	1267695033
JG0139b	7	35969423	N:AC[T>C]CT	-1	278693.0	1267973726
JG0139b	7	36376035	U:GG[T>G]TT	-1	406612.0	1268380338
JG0139b	7	37719110	U:AC[T>G]TA	1	1343075.0	1269723413
JG0139b	7	37935598	U:GC[T>C]TG	1	216488.0	1269939901
JG0139b	7	38655416	N:GG[T>G]TC	-1	719818.0	1270659719
JG0139b	7	40083364	U:TC[T>C]TG	1	1427948.0	1272087667
JG0139b	7	41225973	N:AT[T>C]GA	1	1142609.0	1273230276
JG0139b	7	41618799	N:AG[C>A]AC	-1	392826.0	1273623102
JG0139b	7	41708291	N:TC[T>G]AA	-1	89492.0	1273712594
JG0139b	7	42149157	U:TG[T>G]TG	-1	440866.0	1274153460
JG0139b	7	42986315	N:TC[T>G]TT	-1	837158.0	1274990618
JG0139b	7	43236911	U:AG[T>G]TG	1	250596.0	1275241214
JG0139b	7	43956124	T:TG[C>A]AG	-1	719213.0	1275960427
JG0139b	7	45795606	N:AC[T>G]CA	1	1839482.0	1277799909
JG0139b	7	45834954	N:TT[T>G]TA	-1	39348.0	1277839257
JG0139b	7	46169418	N:AA[T>G]TA	1	334464.0	1278173721
JG0139b	7	46222639	N:GT[T>C]TT	1	53221.0	1278226942
JG0139b	7	46318993	N:GC[T>C]TT	1	96354.0	1278323296
JG0139b	7	47245086	N:AC[T>G]TA	1	926093.0	1279249389
JG0139b	7	47289867	T:AC[T>G]TA	1	44781.0	1279294170
JG0139b	7	47451694	U:CC[T>C]CA	-1	161827.0	1279455997
JG0139b	7	47501863	T:TC[T>G]CA	1	50169.0	1279506166
JG0139b	7	48687556	N:AG[T>G]TC	-1	1185693.0	1280691859
JG0139b	7	48809342	N:TC[T>G]TT	-1	121786.0	1280813645
JG0139b	7	48830045	N:AA[T>G]TT	-1	20703.0	1280834348
JG0139b	7	48874953	N:TT[T>C]AC	-1	44908.0	1280879256
JG0139b	7	48882575	N:TC[T>A]CA	-1	7622.0	1280886878
JG0139b	7	49049058	N:CC[T>G]CA	-1	166483.0	1281053361
JG0139b	7	49147864	N:TC[T>G]TA	-1	98806.0	1281152167
JG0139b	7	49365873	N:CC[T>G]CA	-1	218009.0	1281370176
JG0139b	7	50181831	N:TC[T>C]GG	1	815958.0	1282186134
JG0139b	7	50802283	N:AC[T>G]TG	-1	620452.0	1282806586
JG0139b	7	50856391	N:GC[T>G]CA	-1	54108.0	1282860694
JG0139b	7	51005944	N:AA[T>C]TT	1	149553.0	1283010247
JG0139b	7	51054803	U:TC[T>C]TG	-1	48859.0	1283059106
JG0139b	7	51135195	T:CC[T>A]CA	1	80392.0	1283139498
JG0139b	7	51381034	N:TC[T>G]TG	-1	245839.0	1283385337
JG0139b	7	52092303	N:TC[T>C]TA	-1	711269.0	1284096606
JG0139b	7	52403970	N:AG[T>G]TA	-1	311667.0	1284408273
JG0139b	7	52521986	N:AC[T>G]TA	-1	118016.0	1284526289
JG0139b	7	52598653	N:AC[T>C]TT	1	76667.0	1284602956
JG0139b	7	52912783	N:AC[T>G]TC	-1	314130.0	1284917086
JG0139b	7	53166091	N:AC[T>G]TC	-1	253308.0	1285170394
JG0139b	7	53706096	N:AT[T>C]TT	1	540005.0	1285710399
JG0139b	7	54070465	N:TC[T>C]CA	1	364369.0	1286074768
JG0139b	7	54211499	N:CT[C>T]AG	1	141034.0	1286215802
JG0139b	7	54362814	N:GC[T>C]CG	-1	151315.0	1286367117
JG0139b	7	54921343	N:TC[T>C]CA	-1	558529.0	1286925646
JG0139b	7	54976616	N:TC[T>A]TT	-1	55273.0	1286980919
JG0139b	7	55026972	U:CC[C>A]AC	1	50356.0	1287031275
JG0139b	7	55191314	T:TG[T>C]CG	-1	164342.0	1287195617
JG0139b	7	55300427	N:AC[T>C]TG	1	109113.0	1287304730
JG0139b	7	55313519	N:TC[T>A]TA	-1	13092.0	1287317822
JG0139b	7	55362485	N:AA[T>G]TT	-1	48966.0	1287366788
JG0139b	7	55362655	N:AC[T>G]TT	-1	170.0	1287366958
JG0139b	7	55407317	T:GG[T>C]GC	-1	44662.0	1287411620
JG0139b	7	55626122	N:CG[T>G]GA	-1	218805.0	1287630425
JG0139b	7	55630838	N:TC[T>C]CA	-1	4716.0	1287635141
JG0139b	7	55839015	U:AG[T>G]GA	-1	208177.0	1287843318
JG0139b	7	56175030	N:CC[T>C]GG	1	336015.0	1288179333
JG0139b	7	56220870	N:TA[T>A]CC	-1	45840.0	1288225173
JG0139b	7	56235870	N:GG[T>A]AG	-1	15000.0	1288240173
JG0139b	7	57280793	N:GA[C>A]TC	-1	1044923.0	1289285096
JG0139b	7	57776025	N:CC[T>G]TA	1	495232.0	1289780328
JG0139b	7	57883603	N:TT[T>C]TT	1	107578.0	1289887906
JG0139b	7	60985680	N:TC[T>G]TT	1	3102077.0	1292989983
JG0139b	7	61000980	N:AC[T>G]TA	1	15300.0	1293005283
JG0139b	7	61741605	N:CC[T>G]CA	1	740625.0	1293745908
JG0139b	7	64484002	N:AG[T>G]TC	-1	2742397.0	1296488305
JG0139b	7	64575142	N:GG[T>A]CC	-1	91140.0	1296579445
JG0139b	7	64741483	N:AG[T>A]CC	-1	166341.0	1296745786
JG0139b	7	65086301	N:GC[T>A]TT	1	344818.0	1297090604
JG0139b	7	65410106	N:AG[T>C]CT	1	323805.0	1297414409
JG0139b	7	66926169	T:AC[C>G]GA	-1	1516063.0	1298930472
JG0139b	7	67028522	T:TC[T>G]TT	-1	102353.0	1299032825
JG0139b	7	67028547	T:CT[C>G]TT	-1	25.0	1299032850
JG0139b	7	67502366	N:GT[T>G]CC	-1	473819.0	1299506669
JG0139b	7	67546381	N:AG[T>A]CC	-1	44015.0	1299550684
JG0139b	7	67557337	N:AC[T>C]TG	-1	10956.0	1299561640
JG0139b	7	67563617	N:TC[T>G]TC	-1	6280.0	1299567920
JG0139b	7	67609661	N:AC[T>G]CT	-1	46044.0	1299613964
JG0139b	7	67617888	N:TC[T>G]CG	1	8227.0	1299622191
JG0139b	7	67727312	N:GG[T>C]CA	-1	109424.0	1299731615
JG0139b	7	67814954	N:TG[T>G]TA	-1	87642.0	1299819257
JG0139b	7	67950700	N:AC[T>C]TC	-1	135746.0	1299955003
JG0139b	7	68039468	N:AT[T>G]TA	-1	88768.0	1300043771
JG0139b	7	68238716	N:AC[T>C]GG	-1	199248.0	1300243019
JG0139b	7	68392937	N:TC[T>C]CA	-1	154221.0	1300397240
JG0139b	7	68475560	N:CC[T>G]TG	-1	82623.0	1300479863
JG0139b	7	68503445	N:AC[T>A]TG	-1	27885.0	1300507748
JG0139b	7	68645276	N:GC[T>G]TC	-1	141831.0	1300649579
JG0139b	7	68649280	N:GC[T>C]CA	-1	4004.0	1300653583
JG0139b	7	68678217	N:AC[T>A]TT	-1	28937.0	1300682520
JG0139b	7	68679021	N:AC[T>C]TA	-1	804.0	1300683324
JG0139b	7	68821700	N:CC[T>C]CA	-1	142679.0	1300826003
JG0139b	7	68879466	N:GG[T>C]TA	1	57766.0	1300883769
JG0139b	7	68934157	N:TG[T>G]TT	-1	54691.0	1300938460
JG0139b	7	69072383	N:TG[T>G]TC	-1	138226.0	1301076686
JG0139b	7	69223231	N:AC[T>C]AT	1	150848.0	1301227534
JG0139b	7	69319587	N:TC[T>G]TA	-1	96356.0	1301323890
JG0139b	7	69338688	N:AC[T>C]CA	1	19101.0	1301342991
JG0139b	7	69432724	N:GC[T>C]TT	1	94036.0	1301437027
JG0139b	7	69901610	T:AC[T>C]TG	-1	468886.0	1301905913
JG0139b	7	69925346	T:TC[T>G]TA	-1	23736.0	1301929649
JG0139b	7	69937353	T:TC[T>A]TT	-1	12007.0	1301941656
JG0139b	7	70079051	T:AC[T>C]CT	-1	141698.0	1302083354
JG0139b	7	70137800	T:AC[T>G]TT	-1	58749.0	1302142103
JG0139b	7	70178601	T:GG[T>C]CT	-1	40801.0	1302182904
JG0139b	7	70208854	T:CC[T>G]TT	-1	30253.0	1302213157
JG0139b	7	70230698	T:AC[T>G]TA	-1	21844.0	1302235001
JG0139b	7	70266826	T:AT[T>G]TA	-1	36128.0	1302271129
JG0139b	7	70289319	T:TC[T>C]TC	-1	22493.0	1302293622
JG0139b	7	70367253	T:AC[T>C]CT	-1	77934.0	1302371556
JG0139b	7	70523939	T:AC[T>G]TG	-1	156686.0	1302528242
JG0139b	7	70584458	T:AC[T>G]TA	-1	60519.0	1302588761
JG0139b	7	70671713	T:TC[T>C]TG	-1	87255.0	1302676016
JG0139b	7	70928275	N:TC[T>C]TC	-1	256562.0	1302932578
JG0139b	7	70978586	N:GC[T>C]CA	-1	50311.0	1302982889
JG0139b	7	70996582	N:TC[T>C]TA	-1	17996.0	1303000885
JG0139b	7	71004601	N:TC[T>C]CT	-1	8019.0	1303008904
JG0139b	7	71030472	N:AC[T>C]GA	-1	25871.0	1303034775
JG0139b	7	71048031	N:TC[T>G]TG	-1	17559.0	1303052334
JG0139b	7	71056658	N:TC[T>C]GA	-1	8627.0	1303060961
JG0139b	7	71109299	N:AC[T>C]GG	-1	52641.0	1303113602
JG0139b	7	71325223	T:AC[T>G]TA	-1	215924.0	1303329526
JG0139b	7	71349666	T:AC[T>C]TA	-1	24443.0	1303353969
JG0139b	7	71376737	T:TC[T>C]CA	-1	27071.0	1303381040
JG0139b	7	71379617	T:GG[T>C]CA	-1	2880.0	1303383920
JG0139b	7	71512283	T:AC[T>G]TA	-1	132666.0	1303516586
JG0139b	7	71646455	T:AC[T>G]CA	-1	134172.0	1303650758
JG0139b	7	71768031	N:AC[T>C]TG	-1	121576.0	1303772334
JG0139b	7	72005593	U:AC[T>C]TG	-1	237562.0	1304009896
JG0139b	7	72109005	T:AC[T>G]CC	1	103412.0	1304113308
JG0139b	7	72177532	U:TC[T>C]CA	-1	68527.0	1304181835
JG0139b	7	77226121	T:GG[T>G]TA	-1	5048589.0	1309230424
JG0139b	7	77227040	T:TC[T>C]CC	-1	919.0	1309231343
JG0139b	7	77736822	U:AT[T>G]TA	1	509782.0	1309741125
JG0139b	7	78828182	U:GG[C>A]TG	-1	1091360.0	1310832485
JG0139b	7	79261449	U:GC[T>G]TG	-1	433267.0	1311265752
JG0139b	7	79766762	N:GC[T>C]CA	-1	505313.0	1311771065
JG0139b	7	79933400	T:GC[T>G]GA	-1	166638.0	1311937703
JG0139b	7	80925000	N:TC[T>G]CT	1	991600.0	1312929303
JG0139b	7	80957113	N:AA[T>G]TA	-1	32113.0	1312961416
JG0139b	7	81034067	N:TC[T>C]GT	1	76954.0	1313038370
JG0139b	7	82511946	N:CC[T>G]TA	1	1477879.0	1314516249
JG0139b	7	82528990	N:TC[T>C]CA	-1	17044.0	1314533293
JG0139b	7	83056881	U:TA[T>G]TA	-1	527891.0	1315061184
JG0139b	7	83612356	T:TC[T>C]CA	1	555475.0	1315616659
JG0139b	7	84444634	T:GC[T>C]CA	1	832278.0	1316448937
JG0139b	7	84730516	N:CC[T>G]CC	1	285882.0	1316734819
JG0139b	7	84769818	N:AG[T>G]CA	1	39302.0	1316774121
JG0139b	7	88216862	U:AG[T>G]TT	-1	3447044.0	1320221165
JG0139b	7	88588525	N:TG[T>C]TT	1	371663.0	1320592828
JG0139b	7	88624292	N:AG[T>G]CA	-1	35767.0	1320628595
JG0139b	7	88819117	U:TC[T>G]TT	1	194825.0	1320823420
JG0139b	7	89020449	U:TC[T>C]TA	1	201332.0	1321024752
JG0139b	7	89299808	T:TG[T>G]TA	-1	279359.0	1321304111
JG0139b	7	90157411	U:TC[T>C]CA	1	857603.0	1322161714
JG0139b	7	90630355	U:TG[T>G]TA	1	472944.0	1322634658
JG0139b	7	91060623	U:CC[T>C]TT	1	430268.0	1323064926
JG0139b	7	91164310	T:TA[T>G]TA	-1	103687.0	1323168613
JG0139b	7	91299170	N:TC[T>G]TA	-1	134860.0	1323303473
JG0139b	7	92047448	T:GG[T>G]CA	-1	748278.0	1324051751
JG0139b	7	92761859	T:TC[T>G]TA	1	714411.0	1324766162
JG0139b	7	92800939	T:AC[T>G]TA	1	39080.0	1324805242
JG0139b	7	93029694	N:AC[T>A]CA	1	228755.0	1325033997
JG0139b	7	93184532	N:TC[T>G]TC	1	154838.0	1325188835
JG0139b	7	93472150	T:GC[T>C]CA	1	287618.0	1325476453
JG0139b	7	93605431	T:AC[T>G]TA	-1	133281.0	1325609734
JG0139b	7	96231040	U:GC[T>G]TA	-1	2625609.0	1328235343
JG0139b	7	96525121	N:CC[T>G]TA	-1	294081.0	1328529424
JG0139b	7	96607342	N:GG[T>C]TT	-1	82221.0	1328611645
JG0139b	7	97278317	N:TC[T>C]CT	-1	670975.0	1329282620
JG0139b	7	97623955	N:AA[T>G]CT	-1	345638.0	1329628258
JG0139b	7	98064455	N:AC[T>G]CA	-1	440500.0	1330068758
JG0139b	7	98533014	N:CA[C>A]AA	1	468559.0	1330537317
JG0139b	7	99295140	N:CC[T>A]CC	-1	762126.0	1331299443
JG0139b	7	100154270	T:TC[T>G]CC	-1	859130.0	1332158573
JG0139b	7	100372022	T:GC[T>G]TA	-1	217752.0	1332376325
JG0139b	7	102982585	U:GT[T>G]TT	-1	2610563.0	1334986888
JG0139b	7	103318558	U:CC[T>G]TA	-1	335973.0	1335322861
JG0139b	7	103695313	U:AC[T>G]TC	-1	376755.0	1335699616
JG0139b	7	103713601	T:TG[T>C]GA	1	18288.0	1335717904
JG0139b	7	103786811	U:CC[T>G]TG	-1	73210.0	1335791114
JG0139b	7	104164479	U:TC[T>G]TG	-1	377668.0	1336168782
JG0139b	7	105717589	U:TC[T>C]CA	-1	1553110.0	1337721892
JG0139b	7	106130031	N:AC[T>A]TC	-1	412442.0	1338134334
JG0139b	7	106134896	N:TC[T>A]TG	-1	4865.0	1338139199
JG0139b	7	107768424	U:GC[T>G]TA	-1	1633528.0	1339772727
JG0139b	7	108372042	U:GC[T>C]GT	-1	603618.0	1340376345
JG0139b	7	108732011	N:AC[T>G]TA	-1	359969.0	1340736314
JG0139b	7	108809703	N:TG[T>G]TA	-1	77692.0	1340814006
JG0139b	7	110693607	U:AC[T>G]TA	-1	1883904.0	1342697910
JG0139b	7	114861646	N:GC[T>G]TG	-1	4168039.0	1346865949
JG0139b	7	114881848	N:TC[T>G]TA	-1	20202.0	1346886151
JG0139b	7	116239503	T:AC[T>G]TT	-1	1357655.0	1348243806
JG0139b	7	120971368	T:AC[T>G]CT	-1	4731865.0	1352975671
JG0139b	7	123085129	N:GC[C>A]TG	-1	2113761.0	1355089432
JG0139b	7	125078149	N:CA[C>A]AG	1	1993020.0	1357082452
JG0139b	7	125183074	N:TC[T>G]TT	-1	104925.0	1357187377
JG0139b	7	125457779	N:AC[T>C]GG	-1	274705.0	1357462082
JG0139b	7	126038931	N:AT[C>T]TA	1	581152.0	1358043234
JG0139b	7	126476319	U:CC[T>G]CA	-1	437388.0	1358480622
JG0139b	7	127617956	U:GC[T>G]CA	-1	1141637.0	1359622259
JG0139b	7	129007045	U:AC[T>G]TT	-1	1389089.0	1361011348
JG0139b	7	129653244	U:CA[T>C]GA	1	646199.0	1361657547
JG0139b	7	130190893	U:CC[T>A]CC	-1	537649.0	1362195196
JG0139b	7	130859374	N:GG[T>G]TT	-1	668481.0	1362863677
JG0139b	7	131005156	N:AA[T>G]TT	-1	145782.0	1363009459
JG0139b	7	131262382	T:GC[T>A]CA	-1	257226.0	1363266685
JG0139b	7	133084571	N:AA[T>G]TA	-1	1822189.0	1365088874
JG0139b	7	133868174	T:GC[T>G]CA	-1	783603.0	1365872477
JG0139b	7	136059351	N:TC[T>G]TC	-1	2191177.0	1368063654
JG0139b	7	137096206	N:TG[T>G]TT	-1	1036855.0	1369100509
JG0139b	7	137259397	U:AG[T>C]AG	-1	163191.0	1369263700
JG0139b	7	137676882	U:AC[T>C]TT	-1	417485.0	1369681185
JG0139b	7	138561767	T:GA[T>C]TG	-1	884885.0	1370566070
JG0139b	7	139323399	N:TC[T>G]TG	-1	761632.0	1371327702
JG0139b	7	140960225	N:TC[T>G]CA	-1	1636826.0	1372964528
JG0139b	7	142249287	N:AT[C>A]AT	-1	1289062.0	1374253590
JG0139b	7	142958766	U:AG[T>G]TA	-1	709479.0	1374963069
JG0139b	7	144974277	N:AC[T>G]TA	-1	2015511.0	1376978580
JG0139b	7	147119443	T:AT[T>C]TA	-1	2145166.0	1379123746
JG0139b	7	148347903	T:AG[C>A]AA	-1	1228460.0	1380352206
JG0139b	7	149569508	N:AC[T>G]CT	-1	1221605.0	1381573811
JG0139b	7	149800338	T:TC[T>C]GG	-1	230830.0	1381804641
JG0139b	7	151269153	U:AC[T>G]TG	-1	1468815.0	1383273456
JG0139b	7	151391527	U:GC[T>A]CC	-1	122374.0	1383395830
JG0139b	7	151973003	T:TT[T>C]CC	-1	581476.0	1383977306
JG0139b	7	152042055	T:AC[T>G]CA	-1	69052.0	1384046358
JG0139b	7	152268228	U:CT[C>T]CA	-1	226173.0	1384272531
JG0139b	7	154169295	T:CC[T>G]TA	-1	1901067.0	1386173598
JG0139b	7	154241384	T:GA[T>C]CT	-1	72089.0	1386245687
JG0139b	7	157872633	T:CC[C>A]GG	1	3631249.0	1389876936
JG0139b	7	158561912	U:GC[T>C]GG	-1	689279.0	1390566215
JG0139b	7	158688038	U:TC[T>G]TA	-1	126126.0	1390692341
JG0139b	7	159002542	N:GC[T>G]TA	-1	314504.0	1391006845
JG0139b	7	159130679	U:TG[T>C]TA	-1	128137.0	1391134982
JG0139b	8	842857	T:AC[T>A]CA	-1		1392193133
JG0139b	8	1682542	U:TC[T>G]CA	1	839685.0	1393032818
JG0139b	8	1694171	U:AC[T>C]TC	1	11629.0	1393044447
JG0139b	8	1716792	N:AC[T>C]CT	1	22621.0	1393067068
JG0139b	8	1725039	N:AC[T>A]CC	1	8247.0	1393075315
JG0139b	8	1809017	N:GG[T>A]CC	1	83978.0	1393159293
JG0139b	8	2051556	U:GC[T>G]TA	1	242539.0	1393401832
JG0139b	8	2361964	N:AG[T>C]GA	-1	310408.0	1393712240
JG0139b	8	2758342	N:AC[T>C]AA	1	396378.0	1394108618
JG0139b	8	2814808	N:AG[T>C]TA	1	56466.0	1394165084
JG0139b	8	2981494	T:AC[T>C]CT	1	166686.0	1394331770
JG0139b	8	3603935	T:TT[T>G]TT	1	622441.0	1394954211
JG0139b	8	4224777	T:AC[T>C]CT	1	620842.0	1395575053
JG0139b	8	4858327	T:AC[T>C]GG	1	633550.0	1396208603
JG0139b	8	4912534	T:TC[T>C]CA	1	54207.0	1396262810
JG0139b	8	5005058	N:AC[T>C]CA	1	92524.0	1396355334
JG0139b	8	5037580	N:AC[T>G]TA	1	32522.0	1396387856
JG0139b	8	5483904	N:AC[T>G]CC	1	446324.0	1396834180
JG0139b	8	5646120	N:AC[C>A]CT	-1	162216.0	1396996396
JG0139b	8	5738480	N:TC[T>C]TT	1	92360.0	1397088756
JG0139b	8	5831620	N:TC[T>C]CA	1	93140.0	1397181896
JG0139b	8	6001762	N:TA[T>G]TG	1	170142.0	1397352038
JG0139b	8	6165854	N:GC[T>G]TG	1	164092.0	1397516130
JG0139b	8	6262248	N:AC[T>C]TC	1	96394.0	1397612524
JG0139b	8	6295574	N:AC[T>C]TA	1	33326.0	1397645850
JG0139b	8	6671700	N:AC[T>G]TG	1	376126.0	1398021976
JG0139b	8	7384385	U:GG[T>C]TG	-1	712685.0	1398734661
JG0139b	8	8671093	N:AC[T>G]TG	1	1286708.0	1400021369
JG0139b	8	8982452	N:CC[T>G]TC	1	311359.0	1400332728
JG0139b	8	9132071	N:TC[T>A]CC	-1	149619.0	1400482347
JG0139b	8	9276592	N:AG[T>G]TA	1	144521.0	1400626868
JG0139b	8	9912158	N:TC[T>A]TA	1	635566.0	1401262434
JG0139b	8	10082780	U:TA[T>C]TC	1	170622.0	1401433056
JG0139b	8	10105432	U:AC[T>C]TT	1	22652.0	1401455708
JG0139b	8	10164404	T:GC[T>C]TG	-1	58972.0	1401514680
JG0139b	8	10176017	U:GC[T>C]AA	1	11613.0	1401526293
JG0139b	8	10351856	U:AC[T>C]CC	1	175839.0	1401702132
JG0139b	8	10530204	B:GC[T>C]CA	1	178348.0	1401880480
JG0139b	8	10566636	N:CC[T>C]TG	1	36432.0	1401916912
JG0139b	8	10613202	T:AC[T>G]GA	1	46566.0	1401963478
JG0139b	8	10976253	T:AG[T>C]CT	1	363051.0	1402326529
JG0139b	8	11184538	T:AC[T>G]TC	1	208285.0	1402534814
JG0139b	8	11191358	T:AC[T>A]TT	1	6820.0	1402541634
JG0139b	8	11195561	T:TC[T>C]TC	1	4203.0	1402545837
JG0139b	8	11356770	N:GC[T>C]GG	1	161209.0	1402707046
JG0139b	8	11383673	N:TC[T>C]TA	1	26903.0	1402733949
JG0139b	8	11461942	T:GG[T>C]CC	1	78269.0	1402812218
JG0139b	8	12827396	N:AG[T>G]TC	1	1365454.0	1404177672
JG0139b	8	12845032	N:GG[T>G]TG	1	17636.0	1404195308
JG0139b	8	12976488	U:TC[T>G]CA	1	131456.0	1404326764
JG0139b	8	13281292	T:AC[T>C]CT	1	304804.0	1404631568
JG0139b	8	13378748	T:AC[T>G]TA	1	97456.0	1404729024
JG0139b	8	13601977	T:GC[T>A]CC	1	223229.0	1404952253
JG0139b	8	13667425	N:AG[T>G]TA	1	65448.0	1405017701
JG0139b	8	13828713	N:GC[T>G]TG	1	161288.0	1405178989
JG0139b	8	13842001	N:TC[T>C]CT	1	13288.0	1405192277
JG0139b	8	14587605	T:TC[T>C]TA	1	745604.0	1405937881
JG0139b	8	15229880	T:TC[T>C]AG	1	642275.0	1406580156
JG0139b	8	15503418	N:AC[T>A]TT	1	273538.0	1406853694
JG0139b	8	15552012	U:AC[T>G]TC	1	48594.0	1406902288
JG0139b	8	15938887	N:TC[T>C]CA	1	386875.0	1407289163
JG0139b	8	16059343	N:CC[T>A]TT	1	120456.0	1407409619
JG0139b	8	16512737	T:GC[T>C]TA	1	453394.0	1407863013
JG0139b	8	16525784	U:TC[C>A]AC	-1	13047.0	1407876060
JG0139b	8	16545521	T:GC[T>C]CT	1	19737.0	1407895797
JG0139b	8	16634352	N:AG[T>G]TA	1	88831.0	1407984628
JG0139b	8	16731181	N:AC[T>C]TA	1	96829.0	1408081457
JG0139b	8	16756889	N:TC[T>C]CT	1	25708.0	1408107165
JG0139b	8	16854762	N:TC[T>G]TT	1	97873.0	1408205038
JG0139b	8	17287569	U:AC[T>A]CG	1	432807.0	1408637845
JG0139b	8	17547144	U:AC[T>G]TG	1	259575.0	1408897420
JG0139b	8	18262193	N:CC[T>G]TA	1	715049.0	1409612469
JG0139b	8	18264604	N:TG[T>C]GC	1	2411.0	1409614880
JG0139b	8	18353925	N:TC[T>C]TA	1	89321.0	1409704201
JG0139b	8	18653958	T:GA[T>G]TC	1	300033.0	1410004234
JG0139b	8	18773215	T:AC[T>G]TC	1	119257.0	1410123491
JG0139b	8	18824240	T:AC[T>G]TA	1	51025.0	1410174516
JG0139b	8	18854733	T:AC[T>C]TG	1	30493.0	1410205009
JG0139b	8	18926874	U:GG[T>G]TA	-1	72141.0	1410277150
JG0139b	8	19196199	N:TC[T>A]CT	-1	269325.0	1410546475
JG0139b	8	19285230	N:TC[T>A]TG	1	89031.0	1410635506
JG0139b	8	19993757	N:GC[T>A]CA	1	708527.0	1411344033
JG0139b	8	20013171	N:AC[T>A]TG	1	19414.0	1411363447
JG0139b	8	20022689	N:AG[T>G]TG	1	9518.0	1411372965
JG0139b	8	20077094	N:GG[T>A]TA	1	54405.0	1411427370
JG0139b	8	20133443	N:AC[T>A]TA	1	56349.0	1411483719
JG0139b	8	20135518	N:GC[T>C]CC	1	2075.0	1411485794
JG0139b	8	20142548	N:AC[T>G]CA	1	7030.0	1411492824
JG0139b	8	20144956	T:TC[T>C]TT	1	2408.0	1411495232
JG0139b	8	20173032	T:AC[T>C]TA	1	28076.0	1411523308
JG0139b	8	20189508	N:TC[T>C]TA	1	16476.0	1411539784
JG0139b	8	20206413	U:AC[T>A]CG	1	16905.0	1411556689
JG0139b	8	20335632	N:CC[T>G]TC	1	129219.0	1411685908
JG0139b	8	20364741	N:GC[T>C]CA	1	29109.0	1411715017
JG0139b	8	20590705	N:AC[T>G]TG	1	225964.0	1411940981
JG0139b	8	21228849	N:AC[T>A]AT	1	638144.0	1412579125
JG0139b	8	21334086	N:TG[T>C]GC	1	105237.0	1412684362
JG0139b	8	21688209	N:GC[T>A]CA	1	354123.0	1413038485
JG0139b	8	21710124	T:GC[T>A]CC	1	21915.0	1413060400
JG0139b	8	21734335	T:CC[T>A]TC	1	24211.0	1413084611
JG0139b	8	21750348	T:CC[T>G]GT	1	16013.0	1413100624
JG0139b	8	21751974	T:AC[T>C]CC	1	1626.0	1413102250
JG0139b	8	21752642	T:AC[T>C]TA	1	668.0	1413102918
JG0139b	8	21756242	T:GC[T>G]TT	1	3600.0	1413106518
JG0139b	8	21757561	T:TC[T>A]CG	1	1319.0	1413107837
JG0139b	8	21815068	N:AC[T>C]GG	1	57507.0	1413165344
JG0139b	8	21987927	T:TG[C>G]CA	-1	172859.0	1413338203
JG0139b	8	22010012	N:AC[T>G]GC	-1	22085.0	1413360288
JG0139b	8	22170329	U:GC[T>G]TA	1	160317.0	1413520605
JG0139b	8	22869288	T:GC[T>A]GT	1	698959.0	1414219564
JG0139b	8	22889110	T:CT[T>C]CA	1	19822.0	1414239386
JG0139b	8	23695367	N:GG[T>G]TG	1	806257.0	1415045643
JG0139b	8	23726658	N:CC[T>C]TA	1	31291.0	1415076934
JG0139b	8	23842152	T:AC[T>C]CA	1	115494.0	1415192428
JG0139b	8	24483669	U:GC[T>G]TG	1	641517.0	1415833945
JG0139b	8	24581347	N:CC[T>A]CA	1	97678.0	1415931623
JG0139b	8	24959937	N:AG[T>A]CA	1	378590.0	1416310213
JG0139b	8	24967058	N:GT[T>G]CT	1	7121.0	1416317334
JG0139b	8	24971508	N:TC[T>A]TG	1	4450.0	1416321784
JG0139b	8	25047791	N:AC[T>C]CT	1	76283.0	1416398067
JG0139b	8	25360431	U:GG[T>C]GG	1	312640.0	1416710707
JG0139b	8	25551250	N:AC[T>A]TG	1	190819.0	1416901526
JG0139b	8	25603541	N:AC[T>G]TG	1	52291.0	1416953817
JG0139b	8	25723273	N:TC[T>A]CA	1	119732.0	1417073549
JG0139b	8	25776263	N:TC[T>A]TG	1	52990.0	1417126539
JG0139b	8	25809724	N:CC[T>C]TG	1	33461.0	1417160000
JG0139b	8	25897918	T:AT[T>G]TT	1	88194.0	1417248194
JG0139b	8	25956490	T:AG[T>C]GG	1	58572.0	1417306766
JG0139b	8	26053863	N:TC[T>C]TG	1	97373.0	1417404139
JG0139b	8	26166336	N:AC[T>C]CT	1	112473.0	1417516612
JG0139b	8	26624484	U:CC[T>G]TA	1	458148.0	1417974760
JG0139b	8	26692841	N:AT[C>A]AG	-1	68357.0	1418043117
JG0139b	8	27172035	N:TC[T>C]TG	1	479194.0	1418522311
JG0139b	8	28009301	N:GA[T>G]TG	1	837266.0	1419359577
JG0139b	8	28227006	N:GC[T>G]CT	-1	217705.0	1419577282
JG0139b	8	28414120	N:AG[T>A]CG	1	187114.0	1419764396
JG0139b	8	28414268	N:AC[T>G]TT	1	148.0	1419764544
JG0139b	8	28855054	T:GG[T>G]TA	1	440786.0	1420205330
JG0139b	8	28998961	U:AC[T>C]TA	1	143907.0	1420349237
JG0139b	8	29191818	T:TC[T>G]TT	1	192857.0	1420542094
JG0139b	8	29524873	N:TC[T>G]TT	-1	333055.0	1420875149
JG0139b	8	30107251	T:AA[T>G]TT	-1	582378.0	1421457527
JG0139b	8	30785494	N:GC[T>A]CA	1	678243.0	1422135770
JG0139b	8	32181056	U:TA[T>G]TA	1	1395562.0	1423531332
JG0139b	8	32838764	N:GC[T>C]TA	1	657708.0	1424189040
JG0139b	8	32856787	N:AC[T>C]AG	1	18023.0	1424207063
JG0139b	8	32859947	N:TC[T>G]TG	1	3160.0	1424210223
JG0139b	8	32908179	N:TC[T>C]TT	1	48232.0	1424258455
JG0139b	8	32991147	N:TC[T>A]CA	1	82968.0	1424341423
JG0139b	8	32991501	N:AC[T>C]CC	1	354.0	1424341777
JG0139b	8	32999098	N:TC[T>C]TA	1	7597.0	1424349374
JG0139b	8	32999272	N:AC[T>A]CA	1	174.0	1424349548
JG0139b	8	33158890	N:AG[T>G]TA	1	159618.0	1424509166
JG0139b	8	33210958	N:TC[T>G]TT	1	52068.0	1424561234
JG0139b	8	33453489	U:AG[T>G]TT	-1	242531.0	1424803765
JG0139b	8	33960854	N:AC[T>C]CA	1	507365.0	1425311130
JG0139b	8	34009403	N:AG[T>G]TA	1	48549.0	1425359679
JG0139b	8	34624305	N:AC[T>G]TC	1	614902.0	1425974581
JG0139b	8	35215426	N:TC[T>G]CT	1	591121.0	1426565702
JG0139b	8	36447306	N:AC[T>A]TT	1	1231880.0	1427797582
JG0139b	8	36657976	N:TC[T>G]TT	1	210670.0	1428008252
JG0139b	8	36844494	U:AG[T>G]TA	1	186518.0	1428194770
JG0139b	8	36958024	N:GT[T>G]TC	1	113530.0	1428308300
JG0139b	8	37121450	N:TG[T>C]TA	1	163426.0	1428471726
JG0139b	8	37354050	N:CC[T>C]CA	1	232600.0	1428704326
JG0139b	8	37406215	N:AC[T>G]CT	1	52165.0	1428756491
JG0139b	8	37415114	N:CA[T>G]CA	1	8899.0	1428765390
JG0139b	8	37479909	N:TC[T>C]GC	1	64795.0	1428830185
JG0139b	8	37488305	N:GC[T>C]CT	1	8396.0	1428838581
JG0139b	8	37500427	N:TC[T>C]TG	1	12122.0	1428850703
JG0139b	8	37569698	N:GC[T>C]AG	1	69271.0	1428919974
JG0139b	8	38245668	U:GC[T>G]TG	1	675970.0	1429595944
JG0139b	8	38701952	N:AG[T>C]TA	1	456284.0	1430052228
JG0139b	8	39035431	T:AG[T>G]CC	-1	333479.0	1430385707
JG0139b	8	39168277	T:AC[T>G]CA	-1	132846.0	1430518553
JG0139b	8	39603432	U:AC[T>G]TG	1	435155.0	1430953708
JG0139b	8	39912979	U:TC[T>A]TT	1	309547.0	1431263255
JG0139b	8	39961009	U:TC[T>C]CC	1	48030.0	1431311285
JG0139b	8	41123346	N:AG[T>A]AG	1	1162337.0	1432473622
JG0139b	8	41886595	U:AG[T>G]TG	-1	763249.0	1433236871
JG0139b	8	42172454	N:CC[T>G]TG	1	285859.0	1433522730
JG0139b	8	42409628	N:TG[T>G]TA	1	237174.0	1433759904
JG0139b	8	42565823	N:AC[T>G]TG	-1	156195.0	1433916099
JG0139b	8	42672176	N:CC[T>G]GG	-1	106353.0	1434022452
JG0139b	8	43149181	T:TT[T>G]TT	-1	477005.0	1434499457
JG0139b	8	43426413	N:TT[T>G]CA	1	277232.0	1434776689
JG0139b	8	43793888	N:CC[T>G]TT	1	367475.0	1435144164
JG0139b	8	43876844	N:GC[T>G]TC	-1	82956.0	1435227120
JG0139b	8	46029155	N:TC[T>C]TT	-1	2152311.0	1437379431
JG0139b	8	46100352	N:TC[T>A]CA	-1	71197.0	1437450628
JG0139b	8	46362504	N:TG[T>C]GA	-1	262152.0	1437712780
JG0139b	8	46625235	N:CC[T>C]CA	1	262731.0	1437975511
JG0139b	8	46672225	N:AT[T>G]TG	-1	46990.0	1438022501
JG0139b	8	46696166	N:TC[T>G]TT	1	23941.0	1438046442
JG0139b	8	46721600	N:TC[T>G]TG	1	25434.0	1438071876
JG0139b	8	46801106	N:GC[T>G]TA	1	79506.0	1438151382
JG0139b	8	46913602	N:TC[T>G]TA	1	112496.0	1438263878
JG0139b	8	47033539	N:TT[T>G]TA	1	119937.0	1438383815
JG0139b	8	47538120	T:GC[T>C]CA	-1	504581.0	1438888396
JG0139b	8	48380893	N:GC[T>A]CC	-1	842773.0	1439731169
JG0139b	8	48492829	N:AC[T>G]TT	-1	111936.0	1439843105
JG0139b	8	48564027	N:AC[T>C]CA	-1	71198.0	1439914303
JG0139b	8	48685208	N:GC[T>A]CG	-1	121181.0	1440035484
JG0139b	8	49129501	N:GC[T>G]TA	1	444293.0	1440479777
JG0139b	8	49885225	N:TG[T>G]TA	1	755724.0	1441235501
JG0139b	8	49950617	U:AC[T>G]TA	1	65392.0	1441300893
JG0139b	8	50539980	T:TC[T>C]GA	-1	589363.0	1441890256
JG0139b	8	50629584	U:GG[T>G]TA	1	89604.0	1441979860
JG0139b	8	50977230	N:CC[T>A]TT	-1	347646.0	1442327506
JG0139b	8	51594874	U:AC[T>A]CA	-1	617644.0	1442945150
JG0139b	8	51858220	T:GC[T>C]GT	1	263346.0	1443208496
JG0139b	8	52279565	T:TT[T>A]TA	1	421345.0	1443629841
JG0139b	8	52301449	U:AC[T>G]TA	-1	21884.0	1443651725
JG0139b	8	52324263	U:TC[T>C]TA	-1	22814.0	1443674539
JG0139b	8	52437916	N:AC[T>C]CA	-1	113653.0	1443788192
JG0139b	8	52538701	T:AC[T>G]TT	1	100785.0	1443888977
JG0139b	8	52554741	U:TC[T>C]TC	-1	16040.0	1443905017
JG0139b	8	52765008	N:TG[T>A]TG	1	210267.0	1444115284
JG0139b	8	52790088	N:GC[T>C]AT	-1	25080.0	1444140364
JG0139b	8	52871403	N:GA[T>G]TT	1	81315.0	1444221679
JG0139b	8	52909236	N:AT[T>A]TA	-1	37833.0	1444259512
JG0139b	8	52977654	N:TC[T>C]CG	-1	68418.0	1444327930
JG0139b	8	53011079	N:AC[T>C]CG	-1	33425.0	1444361355
JG0139b	8	53020783	N:TC[T>A]TG	-1	9704.0	1444371059
JG0139b	8	53039533	N:TG[T>A]TG	-1	18750.0	1444389809
JG0139b	8	53336420	N:GA[T>G]TG	-1	296887.0	1444686696
JG0139b	8	53458646	N:AC[T>C]TA	-1	122226.0	1444808922
JG0139b	8	53487644	N:GC[T>C]TA	-1	28998.0	1444837920
JG0139b	8	53560569	N:AC[T>G]TT	1	72925.0	1444910845
JG0139b	8	53669206	N:TC[T>G]GA	-1	108637.0	1445019482
JG0139b	8	53780870	T:AC[T>G]CA	1	111664.0	1445131146
JG0139b	8	54161807	N:TC[T>G]TA	-1	380937.0	1445512083
JG0139b	8	54310485	N:AC[T>G]TA	-1	148678.0	1445660761
JG0139b	8	54462902	N:CA[T>G]TC	-1	152417.0	1445813178
JG0139b	8	54608281	U:CC[T>A]GA	1	145379.0	1445958557
JG0139b	8	55070248	N:TC[T>G]TC	-1	461967.0	1446420524
JG0139b	8	55563380	N:CC[T>C]TA	-1	493132.0	1446913656
JG0139b	8	55605568	N:GC[T>G]TA	-1	42188.0	1446955844
JG0139b	8	55605965	N:AC[T>C]CC	-1	397.0	1446956241
JG0139b	8	55673707	N:GG[T>C]TG	-1	67742.0	1447023983
JG0139b	8	55712495	N:GC[T>C]CT	-1	38788.0	1447062771
JG0139b	8	56032243	N:AT[T>G]TC	-1	319748.0	1447382519
JG0139b	8	56222433	N:AC[T>C]TG	-1	190190.0	1447572709
JG0139b	8	56258709	N:AC[T>A]TA	-1	36276.0	1447608985
JG0139b	8	56280646	N:AC[T>G]TG	-1	21937.0	1447630922
JG0139b	8	56281234	N:TG[T>C]GA	1	588.0	1447631510
JG0139b	8	56353294	N:AC[T>C]GG	-1	72060.0	1447703570
JG0139b	8	56625676	N:AC[T>C]TA	-1	272382.0	1447975952
JG0139b	8	56946845	N:TA[T>C]TT	1	321169.0	1448297121
JG0139b	8	57198694	N:AA[T>G]TG	-1	251849.0	1448548970
JG0139b	8	57339320	N:CC[T>A]AC	-1	140626.0	1448689596
JG0139b	8	57483424	N:GC[T>G]TA	-1	144104.0	1448833700
JG0139b	8	57500223	N:CC[T>G]TG	-1	16799.0	1448850499
JG0139b	8	57828515	N:AC[T>A]TT	-1	328292.0	1449178791
JG0139b	8	57829650	N:AC[T>G]TT	-1	1135.0	1449179926
JG0139b	8	57836512	N:GG[T>C]CA	-1	6862.0	1449186788
JG0139b	8	57846181	N:AC[T>C]TA	-1	9669.0	1449196457
JG0139b	8	57865119	N:CC[T>C]CA	1	18938.0	1449215395
JG0139b	8	58097092	U:CC[T>G]TG	1	231973.0	1449447368
JG0139b	8	58664089	N:TC[T>G]TG	1	566997.0	1450014365
JG0139b	8	58787250	N:TG[T>C]GA	1	123161.0	1450137526
JG0139b	8	58856064	T:TC[T>G]TT	1	68814.0	1450206340
JG0139b	8	58886379	U:AC[T>A]TT	-1	30315.0	1450236655
JG0139b	8	59238690	N:TC[T>A]CA	-1	352311.0	1450588966
JG0139b	8	59326395	N:GC[T>G]TG	-1	87705.0	1450676671
JG0139b	8	59416277	N:AT[C>A]AG	1	89882.0	1450766553
JG0139b	8	59527903	N:TC[T>C]TG	-1	111626.0	1450878179
JG0139b	8	59664115	N:GC[T>G]TC	-1	136212.0	1451014391
JG0139b	8	59974698	N:TC[T>A]TG	-1	310583.0	1451324974
JG0139b	8	60176172	N:AA[T>G]TA	1	201474.0	1451526448
JG0139b	8	60352475	N:AC[T>G]CC	-1	176303.0	1451702751
JG0139b	8	60427384	N:AC[T>G]TG	1	74909.0	1451777660
JG0139b	8	60884254	N:AG[T>G]TG	1	456870.0	1452234530
JG0139b	8	60885781	N:CC[T>G]TG	1	1527.0	1452236057
JG0139b	8	60929177	N:TC[T>G]TA	1	43396.0	1452279453
JG0139b	8	61119193	T:GG[T>C]TG	-1	190016.0	1452469469
JG0139b	8	61158748	T:TC[T>G]TA	-1	39555.0	1452509024
JG0139b	8	61301947	T:GC[T>G]CA	-1	143199.0	1452652223
JG0139b	8	61524201	T:TC[T>G]TT	1	222254.0	1452874477
JG0139b	8	61721314	N:AC[T>C]TA	-1	197113.0	1453071590
JG0139b	8	61742635	N:AC[T>G]TA	-1	21321.0	1453092911
JG0139b	8	61742647	N:CT[C>G]TA	-1	12.0	1453092923
JG0139b	8	61901239	N:AC[T>G]TA	1	158592.0	1453251515
JG0139b	8	61905721	N:AC[T>G]GA	-1	4482.0	1453255997
JG0139b	8	62184809	N:AC[T>G]TG	1	279088.0	1453535085
JG0139b	8	62511144	T:GC[T>C]TG	-1	326335.0	1453861420
JG0139b	8	62536165	T:AC[T>G]TA	-1	25021.0	1453886441
JG0139b	8	62814345	U:AT[T>G]TC	1	278180.0	1454164621
JG0139b	8	63124581	N:TG[T>G]TG	-1	310236.0	1454474857
JG0139b	8	63325330	N:AC[T>C]GG	-1	200749.0	1454675606
JG0139b	8	63396843	N:AC[T>C]GT	-1	71513.0	1454747119
JG0139b	8	63422068	N:TC[T>C]TA	-1	25225.0	1454772344
JG0139b	8	63504457	N:TG[T>G]TC	-1	82389.0	1454854733
JG0139b	8	63651723	N:AC[T>C]CA	-1	147266.0	1455001999
JG0139b	8	63895239	N:TC[T>C]AC	-1	243516.0	1455245515
JG0139b	8	64198861	N:AG[T>A]TA	-1	303622.0	1455549137
JG0139b	8	64315691	N:TC[T>C]TT	-1	116830.0	1455665967
JG0139b	8	64547901	N:AG[T>C]AG	-1	232210.0	1455898177
JG0139b	8	64562118	N:CC[T>C]CA	1	14217.0	1455912394
JG0139b	8	64635450	U:AG[T>G]TA	-1	73332.0	1455985726
JG0139b	8	64651734	U:GG[T>C]GC	-1	16284.0	1456002010
JG0139b	8	64680870	U:GC[T>A]CA	-1	29136.0	1456031146
JG0139b	8	65116213	N:AC[T>G]TT	-1	435343.0	1456466489
JG0139b	8	65167531	N:AC[T>G]TA	-1	51318.0	1456517807
JG0139b	8	65201887	N:CC[T>G]TA	1	34356.0	1456552163
JG0139b	8	65229439	N:AC[T>C]CA	-1	27552.0	1456579715
JG0139b	8	65236701	N:TT[T>G]TA	-1	7262.0	1456586977
JG0139b	8	65341013	N:CC[T>C]TG	1	104312.0	1456691289
JG0139b	8	65384841	N:TC[T>C]GT	-1	43828.0	1456735117
JG0139b	8	65562229	N:AT[T>G]TA	1	177388.0	1456912505
JG0139b	8	65634222	N:CC[T>C]CC	1	71993.0	1456984498
JG0139b	8	66151187	T:TT[C>A]TT	-1	516965.0	1457501463
JG0139b	8	66393175	N:GC[T>C]TT	-1	241988.0	1457743451
JG0139b	8	66483065	N:GG[T>G]TG	-1	89890.0	1457833341
JG0139b	8	66607006	T:GC[T>G]GG	1	123941.0	1457957282
JG0139b	8	66723394	T:TC[T>A]TG	-1	116388.0	1458073670
JG0139b	8	67134878	U:TC[T>G]TA	1	411484.0	1458485154
JG0139b	8	67348107	N:AC[T>C]AA	-1	213229.0	1458698383
JG0139b	8	68037953	U:AG[T>G]GG	1	689846.0	1459388229
JG0139b	8	68141612	U:GC[T>G]TT	1	103659.0	1459491888
JG0139b	8	68335016	T:TT[T>G]TA	-1	193404.0	1459685292
JG0139b	8	68921697	N:GG[T>G]TA	1	586681.0	1460271973
JG0139b	8	69515824	T:AC[T>G]TT	-1	594127.0	1460866100
JG0139b	8	69810322	U:CT[T>G]TG	-1	294498.0	1461160598
JG0139b	8	70179703	U:AT[T>G]TT	-1	369381.0	1461529979
JG0139b	8	70670239	U:TG[T>C]TA	1	490536.0	1462020515
JG0139b	8	70902767	N:TG[T>A]CA	1	232528.0	1462253043
JG0139b	8	71151295	N:AG[T>G]TA	1	248528.0	1462501571
JG0139b	8	71527788	U:AG[T>G]TG	-1	376493.0	1462878064
JG0139b	8	71567583	N:GC[T>C]TG	-1	39795.0	1462917859
JG0139b	8	71683510	N:AC[T>G]TG	-1	115927.0	1463033786
JG0139b	8	72203816	N:CC[T>G]TT	1	520306.0	1463554092
JG0139b	8	72664802	T:AG[T>G]TA	-1	460986.0	1464015078
JG0139b	8	72708589	U:TG[T>G]TA	1	43787.0	1464058865
JG0139b	8	72937629	T:TC[T>G]TC	-1	229040.0	1464287905
JG0139b	8	73028228	U:AC[T>G]TA	1	90599.0	1464378504
JG0139b	8	73080079	U:GC[T>C]CA	-1	51851.0	1464430355
JG0139b	8	73935745	N:CC[T>G]TT	-1	855666.0	1465286021
JG0139b	8	74132920	N:TC[T>C]AG	-1	197175.0	1465483196
JG0139b	8	74413797	N:GC[T>C]CT	-1	280877.0	1465764073
JG0139b	8	74537989	N:AC[T>G]TT	1	124192.0	1465888265
JG0139b	8	74579095	N:AC[T>C]TT	-1	41106.0	1465929371
JG0139b	8	74586711	N:GC[T>G]TC	-1	7616.0	1465936987
JG0139b	8	74650536	N:TT[T>C]TT	1	63825.0	1466000812
JG0139b	8	75068842	N:GG[T>C]CA	1	418306.0	1466419118
JG0139b	8	75698163	N:AC[T>C]CT	-1	629321.0	1467048439
JG0139b	8	75929343	N:TC[T>G]TT	-1	231180.0	1467279619
JG0139b	8	76186881	N:AG[T>G]TA	-1	257538.0	1467537157
JG0139b	8	76287216	N:AA[T>G]TA	-1	100335.0	1467637492
JG0139b	8	76442630	N:AC[T>G]TA	1	155414.0	1467792906
JG0139b	8	76827311	T:CC[T>C]CG	-1	384681.0	1468177587
JG0139b	8	78534273	T:AG[T>G]CA	-1	1706962.0	1469884549
JG0139b	8	78806841	N:AC[T>C]CT	-1	272568.0	1470157117
JG0139b	8	78808878	N:TC[T>C]CG	-1	2037.0	1470159154
JG0139b	8	78856248	N:AC[T>G]TA	1	47370.0	1470206524
JG0139b	8	79128451	N:TC[T>C]TG	1	272203.0	1470478727
JG0139b	8	79349055	N:TC[T>G]GA	1	220604.0	1470699331
JG0139b	8	79447797	N:TG[T>G]TA	-1	98742.0	1470798073
JG0139b	8	79600022	N:AC[T>G]TA	1	152225.0	1470950298
JG0139b	8	80027298	U:AG[T>G]TA	-1	427276.0	1471377574
JG0139b	8	80036141	T:AC[T>C]TG	1	8843.0	1471386417
JG0139b	8	80414404	N:GC[T>C]GG	1	378263.0	1471764680
JG0139b	8	80428244	N:TC[T>A]CT	1	13840.0	1471778520
JG0139b	8	80978562	U:GG[T>G]GA	-1	550318.0	1472328838
JG0139b	8	81098709	U:AG[C>A]TA	-1	120147.0	1472448985
JG0139b	8	81411599	N:TC[T>C]TT	-1	312890.0	1472761875
JG0139b	8	81464465	N:TC[T>A]TA	1	52866.0	1472814741
JG0139b	8	81532276	N:GC[T>G]TG	1	67811.0	1472882552
JG0139b	8	81540129	N:TG[T>C]GG	1	7853.0	1472890405
JG0139b	8	81748877	T:TC[T>C]TG	-1	208748.0	1473099153
JG0139b	8	83871109	N:TG[T>G]TT	-1	2122232.0	1475221385
JG0139b	8	84291467	T:AA[T>G]TA	-1	420358.0	1475641743
JG0139b	8	84793973	T:AG[T>A]CA	-1	502506.0	1476144249
JG0139b	8	84858989	U:TC[T>G]TG	1	65016.0	1476209265
JG0139b	8	84923695	N:GC[T>G]GG	-1	64706.0	1476273971
JG0139b	8	85235407	N:TC[T>C]TT	-1	311712.0	1476585683
JG0139b	8	85319761	N:TA[T>G]TT	-1	84354.0	1476670037
JG0139b	8	86056685	B:AG[T>G]TA	-1	736924.0	1477406961
JG0139b	8	86226709	T:AC[T>G]TG	1	170024.0	1477576985
JG0139b	8	87415991	U:AA[T>G]TA	1	1189282.0	1478766267
JG0139b	8	87865227	N:AC[T>C]CA	1	449236.0	1479215503
JG0139b	8	88736428	N:TT[T>G]TG	-1	871201.0	1480086704
JG0139b	8	89580741	N:TC[T>C]TG	1	844313.0	1480931017
JG0139b	8	89881281	N:TC[T>G]TA	-1	300540.0	1481231557
JG0139b	8	89969876	U:TC[T>C]GG	-1	88595.0	1481320152
JG0139b	8	90004616	U:TC[T>G]TG	1	34740.0	1481354892
JG0139b	8	90233814	N:AA[T>G]TA	-1	229198.0	1481584090
JG0139b	8	90360092	N:AC[T>C]TT	-1	126278.0	1481710368
JG0139b	8	90607718	N:TC[T>G]TA	-1	247626.0	1481957994
JG0139b	8	90987128	N:AT[C>A]AG	-1	379410.0	1482337404
JG0139b	8	91885658	N:CC[T>G]TG	1	898530.0	1483235934
JG0139b	8	91909544	N:TC[T>G]TC	-1	23886.0	1483259820
JG0139b	8	92304380	N:TC[T>G]TG	-1	394836.0	1483654656
JG0139b	8	92714090	N:TC[T>G]TT	1	409710.0	1484064366
JG0139b	8	93034917	N:GC[T>G]CA	-1	320827.0	1484385193
JG0139b	8	93580085	N:AG[T>G]TA	-1	545168.0	1484930361
JG0139b	8	93876691	N:AA[T>G]TG	1	296606.0	1485226967
JG0139b	8	94035429	N:CC[T>G]TG	1	158738.0	1485385705
JG0139b	8	95705340	N:GA[T>G]GA	1	1669911.0	1487055616
JG0139b	8	95781641	N:GG[C>A]TT	-1	76301.0	1487131917
JG0139b	8	96337605	N:TG[T>G]TC	1	555964.0	1487687881
JG0139b	8	96636621	N:AC[T>G]TA	-1	299016.0	1487986897
JG0139b	8	96762299	T:GA[C>A]AT	-1	125678.0	1488112575
JG0139b	8	97780854	U:AC[T>C]TC	1	1018555.0	1489131130
JG0139b	8	97796375	T:AC[T>G]TG	-1	15521.0	1489146651
JG0139b	8	98127946	U:TC[T>G]CC	1	331571.0	1489478222
JG0139b	8	98559231	T:TC[T>G]TG	1	431285.0	1489909507
JG0139b	8	98632351	U:AG[T>G]TT	-1	73120.0	1489982627
JG0139b	8	99859122	T:AC[T>C]TT	-1	1226771.0	1491209398
JG0139b	8	100132678	N:TC[T>G]CT	1	273556.0	1491482954
JG0139b	8	102258087	T:GC[T>G]TT	1	2125409.0	1493608363
JG0139b	8	102759172	N:AC[T>G]CC	1	501085.0	1494109448
JG0139b	8	103662583	U:TA[T>G]TT	1	903411.0	1495012859
JG0139b	8	105347465	T:GT[T>A]TT	-1	1684882.0	1496697741
JG0139b	8	106664662	T:AC[T>G]TA	-1	1317197.0	1498014938
JG0139b	8	106840148	N:TC[T>C]TT	-1	175486.0	1498190424
JG0139b	8	107033889	N:AC[T>G]TT	-1	193741.0	1498384165
JG0139b	8	107194981	N:TG[T>A]TG	-1	161092.0	1498545257
JG0139b	8	108349586	N:GC[T>C]TA	-1	1154605.0	1499699862
JG0139b	8	108358033	N:AC[T>G]TA	1	8447.0	1499708309
JG0139b	8	108839429	N:TC[T>C]TA	-1	481396.0	1500189705
JG0139b	8	109501931	T:GC[T>G]TA	-1	662502.0	1500852207
JG0139b	8	110096328	N:TC[T>C]CT	-1	594397.0	1501446604
JG0139b	8	110234530	N:AC[T>C]AG	-1	138202.0	1501584806
JG0139b	8	110697363	N:TC[T>C]CA	1	462833.0	1502047639
JG0139b	8	110897093	N:GC[T>C]TG	1	199730.0	1502247369
JG0139b	8	111665178	N:GG[T>G]TT	-1	768085.0	1503015454
JG0139b	8	113981404	N:TC[T>G]TA	-1	2316226.0	1505331680
JG0139b	8	114014640	N:AC[T>G]TT	-1	33236.0	1505364916
JG0139b	8	114272596	N:AA[T>G]TT	1	257956.0	1505622872
JG0139b	8	114750221	N:TC[T>G]TG	1	477625.0	1506100497
JG0139b	8	114774352	N:AG[T>G]TT	-1	24131.0	1506124628
JG0139b	8	114790959	N:AC[T>G]CA	1	16607.0	1506141235
JG0139b	8	115391843	N:TC[T>A]CA	-1	600884.0	1506742119
JG0139b	8	115715864	U:TC[T>A]CC	-1	324021.0	1507066140
JG0139b	8	115796168	T:TG[T>G]TC	1	80304.0	1507146444
JG0139b	8	116640663	N:CC[T>G]TA	-1	844495.0	1507990939
JG0139b	8	116838185	U:TC[T>G]TA	1	197522.0	1508188461
JG0139b	8	117347589	N:TC[T>A]CA	-1	509404.0	1508697865
JG0139b	8	117754398	N:CT[C>T]AT	1	406809.0	1509104674
JG0139b	8	117895299	T:AG[T>G]TA	1	140901.0	1509245575
JG0139b	8	118143497	N:AC[T>G]TT	1	248198.0	1509493773
JG0139b	8	118229902	T:GC[T>G]TC	1	86405.0	1509580178
JG0139b	8	119536950	N:TC[T>C]GG	-1	1307048.0	1510887226
JG0139b	8	119837108	T:TC[T>G]TA	1	300158.0	1511187384
JG0139b	8	120145021	T:AC[T>G]CA	-1	307913.0	1511495297
JG0139b	8	120242411	T:TC[T>C]TG	-1	97390.0	1511592687
JG0139b	8	120275800	T:TC[T>G]TA	-1	33389.0	1511626076
JG0139b	8	120310255	T:AG[T>G]TA	-1	34455.0	1511660531
JG0139b	8	120483517	U:TA[T>G]TA	1	173262.0	1511833793
JG0139b	8	120757812	U:TC[T>C]TA	-1	274295.0	1512108088
JG0139b	8	121551339	N:TC[T>C]CC	-1	793527.0	1512901615
JG0139b	8	121844718	N:TC[T>C]TC	-1	293379.0	1513194994
JG0139b	8	122307967	N:GG[T>G]CA	1	463249.0	1513658243
JG0139b	8	122594426	N:AC[T>C]TA	-1	286459.0	1513944702
JG0139b	8	122598225	N:GC[T>A]TG	1	3799.0	1513948501
JG0139b	8	122661462	N:CC[T>G]TA	1	63237.0	1514011738
JG0139b	8	122728504	N:CC[T>C]CA	1	67042.0	1514078780
JG0139b	8	123233055	T:TC[T>A]CG	1	504551.0	1514583331
JG0139b	8	123829807	N:CC[T>G]TG	1	596752.0	1515180083
JG0139b	8	124113810	T:AC[T>A]TG	-1	284003.0	1515464086
JG0139b	8	124951430	N:AC[T>C]CT	1	837620.0	1516301706
JG0139b	8	125018623	U:TC[T>G]TT	1	67193.0	1516368899
JG0139b	8	126088304	N:AG[T>C]CA	1	1069681.0	1517438580
JG0139b	8	126132974	N:AC[C>A]TA	1	44670.0	1517483250
JG0139b	8	127336554	T:AG[T>A]GA	-1	1203580.0	1518686830
JG0139b	8	127451490	N:GC[T>C]TA	1	114936.0	1518801766
JG0139b	8	127698918	N:TC[T>C]TA	-1	247428.0	1519049194
JG0139b	8	128205116	N:CT[C>A]AG	1	506198.0	1519555392
JG0139b	8	128265927	N:AC[T>G]TA	-1	60811.0	1519616203
JG0139b	8	128337380	N:AG[T>G]TA	-1	71453.0	1519687656
JG0139b	8	128356363	N:CC[T>G]TA	-1	18983.0	1519706639
JG0139b	8	128587410	N:AC[T>G]CA	1	231047.0	1519937686
JG0139b	8	129379241	N:TA[T>G]TT	-1	791831.0	1520729517
JG0139b	8	129387667	N:AT[T>G]TG	-1	8426.0	1520737943
JG0139b	8	130920638	U:CC[T>G]CC	-1	1532971.0	1522270914
JG0139b	8	131213973	N:GG[T>A]TT	-1	293335.0	1522564249
JG0139b	8	131393579	N:TC[T>C]AA	1	179606.0	1522743855
JG0139b	8	131770373	N:TG[T>C]TG	1	376794.0	1523120649
JG0139b	8	131983722	T:TC[T>A]TG	-1	213349.0	1523333998
JG0139b	8	132355811	T:GC[T>A]TA	1	372089.0	1523706087
JG0139b	8	132455379	T:GA[T>G]TA	1	99568.0	1523805655
JG0139b	8	133625213	N:GC[T>G]TT	-1	1169834.0	1524975489
JG0139b	8	133643305	N:TC[T>C]TG	-1	18092.0	1524993581
JG0139b	8	134124805	N:TC[T>C]TT	1	481500.0	1525475081
JG0139b	8	134305259	N:TC[T>A]AG	1	180454.0	1525655535
JG0139b	8	134724302	N:CC[T>G]TC	-1	419043.0	1526074578
JG0139b	8	135144170	N:AG[T>C]GA	1	419868.0	1526494446
JG0139b	8	135338154	N:TC[T>C]TT	-1	193984.0	1526688430
JG0139b	8	136147325	N:AA[T>A]TG	-1	809171.0	1527497601
JG0139b	8	137475189	N:AT[C>A]AT	1	1327864.0	1528825465
JG0139b	8	138296801	T:TC[T>C]TG	1	821612.0	1529647077
JG0139b	8	138351328	T:TG[T>C]CC	1	54527.0	1529701604
JG0139b	8	138437411	T:TC[T>C]CA	1	86083.0	1529787687
JG0139b	8	138800390	T:TG[T>C]TG	1	362979.0	1530150666
JG0139b	8	139408479	N:TC[T>C]CC	-1	608089.0	1530758755
JG0139b	8	139709117	N:TC[T>C]TG	-1	300638.0	1531059393
JG0139b	8	139762234	U:AC[T>A]TT	-1	53117.0	1531112510
JG0139b	8	139762266	U:TC[T>G]TT	-1	32.0	1531112542
JG0139b	8	139916426	U:CC[T>C]TA	-1	154160.0	1531266702
JG0139b	8	139955507	U:AG[T>C]TT	-1	39081.0	1531305783
JG0139b	8	139967349	U:AC[T>A]TG	-1	11842.0	1531317625
JG0139b	8	140038691	U:CC[T>G]TA	-1	71342.0	1531388967
JG0139b	8	140038731	U:GC[T>C]CA	-1	40.0	1531389007
JG0139b	8	140107568	T:CC[T>C]CA	1	68837.0	1531457844
JG0139b	8	140674554	U:TG[T>C]TG	-1	566986.0	1532024830
JG0139b	8	141609715	N:GC[T>C]TA	-1	935161.0	1532959991
JG0139b	8	141625884	N:AC[T>C]CA	-1	16169.0	1532976160
JG0139b	8	141642467	N:AC[T>C]CA	-1	16583.0	1532992743
JG0139b	8	141743352	N:AC[T>C]CC	-1	100885.0	1533093628
JG0139b	8	141753245	N:CC[T>C]CA	1	9893.0	1533103521
JG0139b	8	141785792	N:GC[T>C]CA	-1	32547.0	1533136068
JG0139b	8	141970015	N:TG[T>G]CA	1	184223.0	1533320291
JG0139b	8	142274271	T:TC[T>C]TG	1	304256.0	1533624547
JG0139b	8	142413244	N:TG[T>G]GA	-1	138973.0	1533763520
JG0139b	8	142612653	U:AC[T>A]TC	-1	199409.0	1533962929
JG0139b	8	142634840	N:GA[T>G]TG	-1	22187.0	1533985116
JG0139b	8	142755869	N:AG[T>C]GT	-1	121029.0	1534106145
JG0139b	8	143023839	N:AC[T>C]TG	1	267970.0	1534374115
JG0139b	8	143032289	N:GC[T>C]CA	-1	8450.0	1534382565
JG0139b	8	144278638	T:AC[T>A]TG	1	1246349.0	1535628914
JG0139b	8	144832922	U:GC[T>C]CG	1	554284.0	1536183198
JG0139b	9	394945	T:AG[T>G]TT	-1		1536883857
JG0139b	9	1416246	N:GG[C>A]AG	-1	1021301.0	1537905158
JG0139b	9	2693950	N:GC[T>G]CA	1	1277704.0	1539182862
JG0139b	9	4175779	T:CC[T>C]TT	1	1481829.0	1540664691
JG0139b	9	5518065	T:TC[T>C]CA	-1	1342286.0	1542006977
JG0139b	9	5545567	T:AC[T>G]CA	-1	27502.0	1542034479
JG0139b	9	5599848	N:AC[T>A]TA	-1	54281.0	1542088760
JG0139b	9	7779751	N:AG[T>G]TG	-1	2179903.0	1544268663
JG0139b	9	9911503	U:AT[T>G]TA	-1	2131752.0	1546400415
JG0139b	9	10093168	U:TG[T>C]AG	-1	181665.0	1546582080
JG0139b	9	10422506	T:CA[T>C]CA	1	329338.0	1546911418
JG0139b	9	10594484	U:AC[T>G]CA	-1	171978.0	1547083396
JG0139b	9	10706830	N:GC[T>G]TA	-1	112346.0	1547195742
JG0139b	9	12470338	N:TC[T>A]TG	-1	1763508.0	1548959250
JG0139b	9	14857775	U:TC[T>C]CT	-1	2387437.0	1551346687
JG0139b	9	15704921	T:AC[T>G]GA	-1	847146.0	1552193833
JG0139b	9	16437660	U:AA[C>A]AG	-1	732739.0	1552926572
JG0139b	9	16640934	U:TT[C>G]TT	-1	203274.0	1553129846
JG0139b	9	17393753	U:AC[T>C]CC	1	752819.0	1553882665
JG0139b	9	17486844	U:AC[T>C]TA	1	93091.0	1553975756
JG0139b	9	17866021	N:TC[T>C]TG	1	379177.0	1554354933
JG0139b	9	17950139	U:AC[T>C]CA	1	84118.0	1554439051
JG0139b	9	17960439	U:TC[T>C]TG	1	10300.0	1554449351
JG0139b	9	18046055	T:AT[C>A]AT	-1	85616.0	1554534967
JG0139b	9	18085307	U:AC[T>G]TA	1	39252.0	1554574219
JG0139b	9	18114463	U:GC[T>G]TA	1	29156.0	1554603375
JG0139b	9	18204140	U:AC[T>G]TA	1	89677.0	1554693052
JG0139b	9	18250508	U:CC[T>G]TT	1	46368.0	1554739420
JG0139b	9	19629749	T:GC[T>C]CA	1	1379241.0	1556118661
JG0139b	9	19668805	T:AA[T>G]TT	1	39056.0	1556157717
JG0139b	9	19777859	T:TT[T>A]TA	1	109054.0	1556266771
JG0139b	9	19845868	N:AG[T>C]TG	1	68009.0	1556334780
JG0139b	9	19899159	N:TC[T>C]CA	1	53291.0	1556388071
JG0139b	9	19939351	N:GC[T>C]CC	1	40192.0	1556428263
JG0139b	9	20055302	N:TT[T>A]GC	-1	115951.0	1556544214
JG0139b	9	20217794	N:AC[T>A]TC	1	162492.0	1556706706
JG0139b	9	20236613	N:AG[T>C]CC	1	18819.0	1556725525
JG0139b	9	21074487	N:TC[T>C]TA	1	837874.0	1557563399
JG0139b	9	21093217	N:TC[T>C]CA	1	18730.0	1557582129
JG0139b	9	21167927	N:TC[T>C]TA	1	74710.0	1557656839
JG0139b	9	21363142	N:TC[T>A]GA	1	195215.0	1557852054
JG0139b	9	21387922	N:TC[T>C]CG	1	24780.0	1557876834
JG0139b	9	21535604	N:AC[T>C]GA	1	147682.0	1558024516
JG0139b	9	21888917	T:GT[T>G]TT	-1	353313.0	1558377829
JG0139b	9	22121011	N:GC[T>G]TA	-1	232094.0	1558609923
JG0139b	9	22121012	N:TG[C>T]TT	-1	1.0	1558609924
JG0139b	9	22259141	N:AC[T>C]TT	1	138129.0	1558748053
JG0139b	9	22406190	N:TC[T>C]CC	-1	147049.0	1558895102
JG0139b	9	22493524	N:TC[T>A]TT	1	87334.0	1558982436
JG0139b	9	22523395	N:AC[T>G]TG	-1	29871.0	1559012307
JG0139b	9	22592636	N:AA[T>G]TG	1	69241.0	1559081548
JG0139b	9	23222462	N:TG[T>G]TG	-1	629826.0	1559711374
JG0139b	9	23287057	N:TC[T>G]GC	1	64595.0	1559775969
JG0139b	9	23705192	U:AC[T>G]TG	-1	418135.0	1560194104
JG0139b	9	24586257	N:CC[T>G]TA	1	881065.0	1561075169
JG0139b	9	24638578	N:GC[T>G]CT	-1	52321.0	1561127490
JG0139b	9	25576912	N:GG[T>G]TA	1	938334.0	1562065824
JG0139b	9	26013850	N:AC[T>C]TA	1	436938.0	1562502762
JG0139b	9	26259530	N:CC[C>T]TG	1	245680.0	1562748442
JG0139b	9	26638251	N:TC[T>G]CA	1	378721.0	1563127163
JG0139b	9	27134190	T:GC[T>G]TA	-1	495939.0	1563623102
JG0139b	9	27200655	T:AC[T>G]TT	-1	66465.0	1563689567
JG0139b	9	27212421	U:AC[T>G]GA	1	11766.0	1563701333
JG0139b	9	27965181	U:TC[T>C]TT	-1	752760.0	1564454093
JG0139b	9	29056568	N:TC[T>G]TT	1	1091387.0	1565545480
JG0139b	9	29296825	N:AG[T>G]CA	-1	240257.0	1565785737
JG0139b	9	29887535	N:TC[T>C]AA	-1	590710.0	1566376447
JG0139b	9	30516544	N:TC[T>A]GC	1	629009.0	1567005456
JG0139b	9	30788916	N:CT[C>A]CA	1	272372.0	1567277828
JG0139b	9	30993655	N:AC[T>C]GA	1	204739.0	1567482567
JG0139b	9	32373367	N:GC[T>G]TA	-1	1379712.0	1568862279
JG0139b	9	32375260	N:CC[T>G]TC	-1	1893.0	1568864172
JG0139b	9	32514713	T:AC[T>C]TA	1	139453.0	1569003625
JG0139b	9	32557120	B:AC[T>G]TT	-1	42407.0	1569046032
JG0139b	9	32986415	T:TC[T>A]TG	1	429295.0	1569475327
JG0139b	9	33266929	T:AG[T>A]CC	-1	280514.0	1569755841
JG0139b	9	33825565	T:CC[T>G]TA	-1	558636.0	1570314477
JG0139b	9	34734076	N:TC[T>G]TT	-1	908511.0	1571222988
JG0139b	9	35314966	U:AC[T>C]CC	1	580890.0	1571803878
JG0139b	9	35379031	T:CA[T>G]TA	-1	64065.0	1571867943
JG0139b	9	35585128	N:AC[T>G]TT	-1	206097.0	1572074040
JG0139b	9	36437434	N:CA[T>G]TT	-1	852306.0	1572926346
JG0139b	9	36938044	T:GC[T>G]TA	1	500610.0	1573426956
JG0139b	9	38038430	U:TC[T>G]TA	-1	1100386.0	1574527342
JG0139b	9	38119261	N:CC[T>A]CT	1	80831.0	1574608173
JG0139b	9	38542506	N:TC[T>A]GC	-1	423245.0	1575031418
JG0139b	9	42839377	N:AC[T>C]CG	1	4296871.0	1579328289
JG0139b	9	68478227	U:GG[T>A]CA	1	25638850.0	1604967139
JG0139b	9	68710761	U:TG[T>C]TC	1	232534.0	1605199673
JG0139b	9	68957533	U:GC[T>G]TT	1	246772.0	1605446445
JG0139b	9	68963730	U:AG[T>G]CA	1	6197.0	1605452642
JG0139b	9	69161499	U:GA[T>G]TA	1	197769.0	1605650411
JG0139b	9	69444486	U:GC[T>A]TC	-1	282987.0	1605933398
JG0139b	9	69470011	U:AG[T>A]CA	-1	25525.0	1605958923
JG0139b	9	70005828	N:GC[T>G]TA	-1	535817.0	1606494740
JG0139b	9	70013126	N:TC[T>C]CA	-1	7298.0	1606502038
JG0139b	9	70064043	T:AC[T>G]TC	-1	50917.0	1606552955
JG0139b	9	70078529	T:AC[T>G]TT	-1	14486.0	1606567441
JG0139b	9	70181471	U:TC[T>G]TC	1	102942.0	1606670383
JG0139b	9	70192375	U:TC[T>G]TC	1	10904.0	1606681287
JG0139b	9	71012946	T:TC[T>C]TG	1	820571.0	1607501858
JG0139b	9	71171573	U:AC[T>G]CA	-1	158627.0	1607660485
JG0139b	9	71296863	U:AC[T>G]TA	-1	125290.0	1607785775
JG0139b	9	71575501	N:CC[T>C]CG	-1	278638.0	1608064413
JG0139b	9	71985672	U:AC[T>G]TA	1	410171.0	1608474584
JG0139b	9	72042715	N:GT[C>T]AC	1	57043.0	1608531627
JG0139b	9	72042722	N:AG[T>G]TA	1	7.0	1608531634
JG0139b	9	72176134	U:AC[T>G]GA	1	133412.0	1608665046
JG0139b	9	72804447	U:AG[T>G]TA	1	628313.0	1609293359
JG0139b	9	73285205	N:TC[T>G]TA	-1	480758.0	1609774117
JG0139b	9	73324644	N:GG[T>G]TC	1	39439.0	1609813556
JG0139b	9	73363066	N:CC[T>G]TC	1	38422.0	1609851978
JG0139b	9	73375540	N:AC[T>G]TT	1	12474.0	1609864452
JG0139b	9	73384337	N:AC[T>C]GA	-1	8797.0	1609873249
JG0139b	9	73420805	N:AC[T>G]TT	1	36468.0	1609909717
JG0139b	9	73510261	N:TC[T>G]TT	-1	89456.0	1609999173
JG0139b	9	73847250	N:AC[T>G]TG	-1	336989.0	1610336162
JG0139b	9	73898950	N:CC[T>G]TT	1	51700.0	1610387862
JG0139b	9	74038594	N:TC[T>G]TA	1	139644.0	1610527506
JG0139b	9	74682616	U:AC[T>C]TG	1	644022.0	1611171528
JG0139b	9	74735546	T:GC[T>G]TT	1	52930.0	1611224458
JG0139b	9	75239296	N:GC[T>G]TG	-1	503750.0	1611728208
JG0139b	9	75259428	N:TC[T>G]CA	1	20132.0	1611748340
JG0139b	9	75276405	N:AC[T>A]CC	-1	16977.0	1611765317
JG0139b	9	75860045	N:AT[T>A]TT	1	583640.0	1612348957
JG0139b	9	76124439	U:TC[T>G]CT	1	264394.0	1612613351
JG0139b	9	76683246	U:GG[T>G]TG	-1	558807.0	1613172158
JG0139b	9	76913314	N:TT[T>G]TA	1	230068.0	1613402226
JG0139b	9	76942453	N:AC[T>C]TT	1	29139.0	1613431365
JG0139b	9	77374005	U:TC[T>G]TA	1	431552.0	1613862917
JG0139b	9	77473999	U:AT[T>G]TT	-1	99994.0	1613962911
JG0139b	9	77866019	U:TC[T>G]CA	-1	392020.0	1614354931
JG0139b	9	77866116	T:AC[T>G]TG	1	97.0	1614355028
JG0139b	9	78009602	T:AC[T>G]TC	1	143486.0	1614498514
JG0139b	9	78069900	N:CC[T>C]GG	-1	60298.0	1614558812
JG0139b	9	78182799	N:TC[T>G]CA	1	112899.0	1614671711
JG0139b	9	78309826	U:TC[T>G]TA	1	127027.0	1614798738
JG0139b	9	78617508	N:GC[T>G]TA	-1	307682.0	1615106420
JG0139b	9	78624853	N:TC[T>G]TG	-1	7345.0	1615113765
JG0139b	9	78709801	N:AC[T>G]TA	1	84948.0	1615198713
JG0139b	9	78751229	N:TA[T>G]TA	-1	41428.0	1615240141
JG0139b	9	78769750	N:TG[T>G]TA	1	18521.0	1615258662
JG0139b	9	78839152	N:AC[T>A]TT	1	69402.0	1615328064
JG0139b	9	78871245	N:TC[T>C]GA	1	32093.0	1615360157
JG0139b	9	78932940	N:CC[T>G]AG	-1	61695.0	1615421852
JG0139b	9	79008848	N:GC[T>C]TG	1	75908.0	1615497760
JG0139b	9	79010551	N:AT[T>G]TT	-1	1703.0	1615499463
JG0139b	9	79023076	N:AC[T>C]TC	1	12525.0	1615511988
JG0139b	9	79253653	N:TA[T>G]TT	1	230577.0	1615742565
JG0139b	9	79266831	N:AG[T>G]TT	1	13178.0	1615755743
JG0139b	9	79507057	N:TC[T>C]CC	1	240226.0	1615995969
JG0139b	9	79865827	N:GC[T>A]CA	1	358770.0	1616354739
JG0139b	9	79903702	N:TC[T>C]CT	1	37875.0	1616392614
JG0139b	9	79932239	N:AG[C>A]TG	1	28537.0	1616421151
JG0139b	9	80043292	N:AA[T>A]TG	1	111053.0	1616532204
JG0139b	9	80704233	N:AC[T>G]TT	1	660941.0	1617193145
JG0139b	9	80921082	N:AC[T>G]TG	1	216849.0	1617409994
JG0139b	9	80961396	N:AC[T>G]TA	1	40314.0	1617450308
JG0139b	9	81186527	N:AT[T>A]TA	1	225131.0	1617675439
JG0139b	9	81236946	N:AC[T>G]TC	-1	50419.0	1617725858
JG0139b	9	81417885	N:GC[T>A]CC	1	180939.0	1617906797
JG0139b	9	81490254	N:GC[T>C]CA	1	72369.0	1617979166
JG0139b	9	81956612	N:CC[T>G]TT	-1	466358.0	1618445524
JG0139b	9	81970425	N:GG[T>C]TT	1	13813.0	1618459337
JG0139b	9	82296314	N:AT[C>A]TG	-1	325889.0	1618785226
JG0139b	9	82522742	N:AG[T>G]TA	1	226428.0	1619011654
JG0139b	9	82724768	N:AC[T>C]TG	1	202026.0	1619213680
JG0139b	9	82884373	N:AC[T>C]AT	1	159605.0	1619373285
JG0139b	9	83389614	T:TC[T>C]CT	1	505241.0	1619878526
JG0139b	9	83516775	T:TC[T>C]CA	1	127161.0	1620005687
JG0139b	9	83721496	N:AC[T>G]CA	-1	204721.0	1620210408
JG0139b	9	84430782	N:AC[T>G]CT	-1	709286.0	1620919694
JG0139b	9	84490455	N:AT[C>A]TA	1	59673.0	1620979367
JG0139b	9	84552139	N:TG[T>G]TC	1	61684.0	1621041051
JG0139b	9	84660558	N:AC[T>G]TA	1	108419.0	1621149470
JG0139b	9	84791247	U:TC[T>G]CA	1	130689.0	1621280159
JG0139b	9	84935526	U:AC[T>C]TT	1	144279.0	1621424438
JG0139b	9	85377829	N:AC[T>G]TT	1	442303.0	1621866741
JG0139b	9	85894250	N:CC[T>C]CA	1	516421.0	1622383162
JG0139b	9	86266260	U:AC[T>G]TG	-1	372010.0	1622755172
JG0139b	9	86681014	N:CA[T>C]GA	-1	414754.0	1623169926
JG0139b	9	86871201	N:AG[T>G]TC	1	190187.0	1623360113
JG0139b	9	86892358	N:AC[T>G]GA	-1	21157.0	1623381270
JG0139b	9	86989095	N:GC[T>G]GA	-1	96737.0	1623478007
JG0139b	9	87365079	N:TT[T>G]TA	-1	375984.0	1623853991
JG0139b	9	87721804	N:GG[T>A]CA	1	356725.0	1624210716
JG0139b	9	87842918	N:AC[T>C]TA	1	121114.0	1624331830
JG0139b	9	88165269	N:CT[T>G]TT	1	322351.0	1624654181
JG0139b	9	88193733	N:CT[C>A]AT	-1	28464.0	1624682645
JG0139b	9	88307435	N:CC[T>G]CA	-1	113702.0	1624796347
JG0139b	9	88663062	N:AT[T>G]TT	-1	355627.0	1625151974
JG0139b	9	88905828	N:CC[T>A]CT	1	242766.0	1625394740
JG0139b	9	89122716	T:AC[T>A]TG	1	216888.0	1625611628
JG0139b	9	89159498	T:GC[T>G]TG	1	36782.0	1625648410
JG0139b	9	89235737	N:TC[T>A]CA	1	76239.0	1625724649
JG0139b	9	89740904	N:GC[T>G]TA	-1	505167.0	1626229816
JG0139b	9	90014549	N:GC[T>C]TG	1	273645.0	1626503461
JG0139b	9	90025360	N:AC[T>C]CT	1	10811.0	1626514272
JG0139b	9	90032295	N:CC[T>C]CT	1	6935.0	1626521207
JG0139b	9	90060729	N:GC[T>G]TG	-1	28434.0	1626549641
JG0139b	9	90206550	N:GG[T>G]TA	-1	145821.0	1626695462
JG0139b	9	90262869	N:CC[T>G]TA	1	56319.0	1626751781
JG0139b	9	90313663	N:TC[T>A]TA	1	50794.0	1626802575
JG0139b	9	90410097	N:GG[T>C]GT	-1	96434.0	1626899009
JG0139b	9	90648559	N:AG[T>C]CT	1	238462.0	1627137471
JG0139b	9	90787277	N:AC[T>C]CA	1	138718.0	1627276189
JG0139b	9	90996701	N:AC[T>G]TG	1	209424.0	1627485613
JG0139b	9	91484226	N:TA[T>G]CC	-1	487525.0	1627973138
JG0139b	9	91536288	N:TG[T>C]GG	-1	52062.0	1628025200
JG0139b	9	91830563	U:TT[T>G]TG	-1	294275.0	1628319475
JG0139b	9	92018113	N:AC[T>A]TG	1	187550.0	1628507025
JG0139b	9	92043019	T:TC[T>C]TA	1	24906.0	1628531931
JG0139b	9	92291118	T:AC[T>G]TA	1	248099.0	1628780030
JG0139b	9	92520690	B:CC[T>G]TT	-1	229572.0	1629009602
JG0139b	9	93404396	N:AC[T>G]TT	1	883706.0	1629893308
JG0139b	9	93680627	N:GG[T>C]GG	-1	276231.0	1630169539
JG0139b	9	93845132	N:TG[T>C]CT	1	164505.0	1630334044
JG0139b	9	93927139	N:AC[T>C]CA	1	82007.0	1630416051
JG0139b	9	94570941	T:AC[T>G]TA	1	643802.0	1631059853
JG0139b	9	95408418	N:AC[T>G]GC	-1	837477.0	1631897330
JG0139b	9	95893950	U:TC[T>G]TT	1	485532.0	1632382862
JG0139b	9	96122612	N:GC[T>G]TA	-1	228662.0	1632611524
JG0139b	9	96832499	T:CC[T>G]TC	1	709887.0	1633321411
JG0139b	9	96963135	U:GG[T>C]CT	-1	130636.0	1633452047
JG0139b	9	97420080	T:CC[T>G]TG	-1	456945.0	1633908992
JG0139b	9	97516659	T:TC[T>G]TA	-1	96579.0	1634005571
JG0139b	9	97728745	N:GC[T>G]TA	1	212086.0	1634217657
JG0139b	9	97739554	N:AC[T>G]TC	1	10809.0	1634228466
JG0139b	9	97792389	N:AG[T>A]TT	1	52835.0	1634281301
JG0139b	9	97814856	N:AG[T>G]TA	-1	22467.0	1634303768
JG0139b	9	98353593	T:AG[T>C]CA	1	538737.0	1634842505
JG0139b	9	98452477	T:AC[T>G]TA	1	98884.0	1634941389
JG0139b	9	98583728	T:AG[T>G]TT	1	131251.0	1635072640
JG0139b	9	98588052	U:TT[T>G]TA	-1	4324.0	1635076964
JG0139b	9	98993313	U:AC[T>A]CA	1	405261.0	1635482225
JG0139b	9	99007133	U:GC[T>A]TG	1	13820.0	1635496045
JG0139b	9	99237798	N:TC[T>G]TT	1	230665.0	1635726710
JG0139b	9	99359004	N:GG[T>G]TG	-1	121206.0	1635847916
JG0139b	9	99558001	N:AC[T>G]TA	1	198997.0	1636046913
JG0139b	9	99737292	N:TC[T>A]CA	1	179291.0	1636226204
JG0139b	9	100274980	T:GG[T>G]AT	-1	537688.0	1636763892
JG0139b	9	100892118	N:TC[T>C]TA	1	617138.0	1637381030
JG0139b	9	101132342	T:GC[T>G]TA	-1	240224.0	1637621254
JG0139b	9	101468978	N:TC[T>G]TA	1	336636.0	1637957890
JG0139b	9	101502384	T:TC[T>A]CA	1	33406.0	1637991296
JG0139b	9	102743340	N:CC[T>A]CC	1	1240956.0	1639232252
JG0139b	9	103202791	N:TG[T>G]TC	1	459451.0	1639691703
JG0139b	9	103769912	N:GG[T>G]TA	1	567121.0	1640258824
JG0139b	9	103821625	N:AC[T>C]TA	1	51713.0	1640310537
JG0139b	9	103844798	N:TC[T>C]CT	-1	23173.0	1640333710
JG0139b	9	104266882	N:AC[T>G]TA	1	422084.0	1640755794
JG0139b	9	105499165	T:AC[T>G]CC	-1	1232283.0	1641988077
JG0139b	9	106076965	N:TC[T>C]CC	1	577800.0	1642565877
JG0139b	9	106595278	N:TC[T>G]TA	-1	518313.0	1643084190
JG0139b	9	106617719	N:TC[T>G]TA	1	22441.0	1643106631
JG0139b	9	107113671	N:TC[T>C]CT	1	495952.0	1643602583
JG0139b	9	107308469	U:CC[T>G]CG	1	194798.0	1643797381
JG0139b	9	107533634	N:CC[T>G]CA	-1	225165.0	1644022546
JG0139b	9	107598730	N:AC[T>G]TA	1	65096.0	1644087642
JG0139b	9	107768741	N:AC[T>C]GA	1	170011.0	1644257653
JG0139b	9	107798378	N:AC[T>G]TC	1	29637.0	1644287290
JG0139b	9	108265633	N:TC[T>C]CC	1	467255.0	1644754545
JG0139b	9	108288533	N:CC[T>C]GA	1	22900.0	1644777445
JG0139b	9	108319620	N:AC[T>C]CA	1	31087.0	1644808532
JG0139b	9	108625836	N:AC[T>G]CC	1	306216.0	1645114748
JG0139b	9	108897533	U:GC[T>G]TA	-1	271697.0	1645386445
JG0139b	9	109243515	T:GG[T>G]TA	1	345982.0	1645732427
JG0139b	9	109662957	T:CC[T>G]CT	-1	419442.0	1646151869
JG0139b	9	110284673	N:TC[T>A]CT	1	621716.0	1646773585
JG0139b	9	111155251	N:GG[T>G]CT	-1	870578.0	1647644163
JG0139b	9	111210547	N:GC[T>C]CT	1	55296.0	1647699459
JG0139b	9	111406145	T:GA[T>G]TT	1	195598.0	1647895057
JG0139b	9	112639354	T:CA[T>G]TA	-1	1233209.0	1649128266
JG0139b	9	113817018	N:CC[T>G]CA	1	1177664.0	1650305930
JG0139b	9	114958692	N:GC[T>G]TG	-1	1141674.0	1651447604
JG0139b	9	115878537	N:GC[T>C]TT	1	919845.0	1652367449
JG0139b	9	116245751	T:TC[T>G]CA	-1	367214.0	1652734663
JG0139b	9	116359881	U:TC[T>G]GA	1	114130.0	1652848793
JG0139b	9	116580752	T:TC[T>C]TT	1	220871.0	1653069664
JG0139b	9	117260020	T:CT[T>G]TC	1	679268.0	1653748932
JG0139b	9	117626098	N:GC[T>G]TA	1	366078.0	1654115010
JG0139b	9	118025938	N:CA[T>C]TT	1	399840.0	1654514850
JG0139b	9	119132097	N:AC[T>C]TT	-1	1106159.0	1655621009
JG0139b	9	119278144	T:TC[T>C]CT	1	146047.0	1655767056
JG0139b	9	119667031	N:TC[T>G]CA	1	388887.0	1656155943
JG0139b	9	119750772	N:TC[T>C]TA	1	83741.0	1656239684
JG0139b	9	119847130	N:AC[T>G]GA	-1	96358.0	1656336042
JG0139b	9	120047642	N:AC[T>C]AA	1	200512.0	1656536554
JG0139b	9	120094450	N:TC[T>G]TG	-1	46808.0	1656583362
JG0139b	9	120214865	N:TC[T>G]TA	1	120415.0	1656703777
JG0139b	9	120226563	N:TC[T>C]CA	1	11698.0	1656715475
JG0139b	9	120346008	N:TG[T>G]TA	-1	119445.0	1656834920
JG0139b	9	120442601	U:TC[T>G]TA	-1	96593.0	1656931513
JG0139b	9	122364462	N:AT[C>A]CA	-1	1921861.0	1658853374
JG0139b	9	122429316	N:TA[T>G]TT	1	64854.0	1658918228
JG0139b	9	122457323	N:TG[T>C]GC	-1	28007.0	1658946235
JG0139b	9	122656765	N:AG[T>G]CA	-1	199442.0	1659145677
JG0139b	9	122677295	N:TC[T>G]TA	-1	20530.0	1659166207
JG0139b	9	122682092	N:CA[T>G]TA	-1	4797.0	1659171004
JG0139b	9	123819003	T:AC[T>G]TG	1	1136911.0	1660307915
JG0139b	9	124375242	T:CC[T>G]TG	1	556239.0	1660864154
JG0139b	9	125449811	U:TC[T>G]CA	-1	1074569.0	1661938723
JG0139b	9	125621364	T:TC[T>A]CA	1	171553.0	1662110276
JG0139b	9	125663303	T:TC[T>G]TT	1	41939.0	1662152215
JG0139b	9	126773954	N:TC[T>G]TG	-1	1110651.0	1663262866
JG0139b	9	127167505	U:TC[T>G]CA	1	393551.0	1663656417
JG0139b	9	127303609	T:AC[T>G]TC	-1	136104.0	1663792521
JG0139b	9	128052755	N:AC[T>G]CG	1	749146.0	1664541667
JG0139b	9	129595682	N:GC[T>C]TG	-1	1542927.0	1666084594
JG0139b	9	129948768	T:CC[T>C]GA	1	353086.0	1666437680
JG0139b	9	129956750	T:TC[T>C]CT	1	7982.0	1666445662
JG0139b	9	130488630	T:GC[T>G]CA	-1	531880.0	1666977542
JG0139b	9	130668077	T:AC[T>C]CT	-1	179447.0	1667156989
JG0139b	9	130729000	U:AG[T>C]TA	1	60923.0	1667217912
JG0139b	9	130921799	U:CC[T>G]AA	-1	192799.0	1667410711
JG0139b	9	132093886	N:TG[T>G]TA	-1	1172087.0	1668582798
JG0139b	9	132607489	U:TC[T>G]TA	-1	513603.0	1669096401
JG0139b	9	132916280	U:CC[T>G]TT	-1	308791.0	1669405192
JG0139b	9	133067643	T:AT[T>G]CC	-1	151363.0	1669556555
JG0139b	9	133194561	N:CC[T>G]TG	-1	126918.0	1669683473
JG0139b	9	133269899	U:GG[T>G]CA	-1	75338.0	1669758811
JG0139b	9	133699845	T:AC[T>G]TG	1	429946.0	1670188757
JG0139b	9	133704944	T:AC[T>G]CA	1	5099.0	1670193856
JG0139b	9	134161840	N:GG[T>G]TA	-1	456896.0	1670650752
JG0139b	9	134224417	N:AC[T>C]TT	1	62577.0	1670713329
JG0139b	9	134423951	U:GG[T>C]TG	1	199534.0	1670912863
JG0139b	9	134433848	T:CC[T>G]TG	-1	9897.0	1670922760
JG0139b	9	134469970	N:GG[T>G]TC	1	36122.0	1670958882
JG0139b	9	134476917	N:TC[T>G]TA	-1	6947.0	1670965829
JG0139b	9	134525846	N:AC[T>C]GA	1	48929.0	1671014758
JG0139b	9	134663517	U:CC[T>C]CC	1	137671.0	1671152429
JG0139b	9	134773922	T:GG[T>C]CT	-1	110405.0	1671262834
JG0139b	9	134853865	N:CC[C>A]TT	-1	79943.0	1671342777
JG0139b	9	134874037	N:AC[T>C]TA	-1	20172.0	1671362949
JG0139b	9	134896548	N:TC[T>C]TG	1	22511.0	1671385460
JG0139b	9	134935647	N:AG[T>G]TT	-1	39099.0	1671424559
JG0139b	9	134995337	N:GG[T>C]TC	1	59690.0	1671484249
JG0139b	9	135015064	N:AC[T>G]TC	-1	19727.0	1671503976
JG0139b	9	135030869	N:TC[T>C]CA	1	15805.0	1671519781
JG0139b	9	135212194	N:TC[T>A]TG	1	181325.0	1671701106
JG0139b	9	135217798	N:CC[T>C]CA	1	5604.0	1671706710
JG0139b	9	135417193	N:AT[C>T]TC	1	199395.0	1671906105
JG0139b	9	135417194	N:TC[T>A]CA	1	1.0	1671906106
JG0139b	9	135454000	N:TC[T>C]CA	1	36806.0	1671942912
JG0139b	9	135561449	N:AG[C>T]TG	-1	107449.0	1672050361
JG0139b	9	135602869	N:TC[T>C]GG	-1	41420.0	1672091781
JG0139b	9	135711702	U:TC[T>A]TG	1	108833.0	1672200614
JG0139b	9	135868941	U:AC[T>G]TA	-1	157239.0	1672357853
JG0139b	9	136315991	N:TC[T>G]TA	-1	447050.0	1672804903
JG0139b	9	137716926	T:GC[T>G]TA	-1	1400935.0	1674205838
JG0139b	9	138058029	U:AC[T>G]TG	1	341103.0	1674546941
JG0139b	10	206433	U:AG[T>G]TG	1		1675090062
JG0139b	10	638289	T:AC[T>G]CA	1	431856.0	1675521918
JG0139b	10	1362471	T:GG[T>G]TA	1	724182.0	1676246100
JG0139b	10	1505819	T:TC[T>C]TG	1	143348.0	1676389448
JG0139b	10	1590280	T:GA[T>G]CA	1	84461.0	1676473909
JG0139b	10	1688130	T:AG[T>G]CA	1	97850.0	1676571759
JG0139b	10	1702884	T:AC[T>C]TG	1	14754.0	1676586513
JG0139b	10	1820889	N:TC[T>C]TG	1	118005.0	1676704518
JG0139b	10	2104372	N:AG[T>G]TT	1	283483.0	1676988001
JG0139b	10	2309791	N:AC[T>C]TC	1	205419.0	1677193420
JG0139b	10	2496122	N:TC[T>C]CA	1	186331.0	1677379751
JG0139b	10	2654498	N:GC[T>G]AA	1	158376.0	1677538127
JG0139b	10	2922936	N:CC[C>A]AT	-1	268438.0	1677806565
JG0139b	10	2941011	N:GC[C>A]CT	-1	18075.0	1677824640
JG0139b	10	3854912	N:GG[T>G]TC	1	913901.0	1678738541
JG0139b	10	5084196	U:GG[T>A]TT	1	1229284.0	1679967825
JG0139b	10	5211809	U:AC[T>A]TA	1	127613.0	1680095438
JG0139b	10	5373749	U:GC[T>G]CC	1	161940.0	1680257378
JG0139b	10	5384928	N:CC[T>G]TG	1	11179.0	1680268557
JG0139b	10	5673273	N:AT[T>G]TT	1	288345.0	1680556902
JG0139b	10	6283081	N:CC[T>G]CA	1	609808.0	1681166710
JG0139b	10	6916157	N:AC[T>G]AC	1	633076.0	1681799786
JG0139b	10	7300199	T:AC[T>C]TA	1	384042.0	1682183828
JG0139b	10	7446295	N:TC[T>C]TG	1	146096.0	1682329924
JG0139b	10	8135656	N:GG[C>A]AA	-1	689361.0	1683019285
JG0139b	10	9101774	N:GC[T>G]TG	1	966118.0	1683985403
JG0139b	10	9111698	N:CC[T>C]TC	1	9924.0	1683995327
JG0139b	10	10155144	N:TC[T>A]CA	1	1043446.0	1685038773
JG0139b	10	10277522	N:AC[T>C]CA	1	122378.0	1685161151
JG0139b	10	10278104	N:GC[T>C]CA	1	582.0	1685161733
JG0139b	10	10416277	N:AC[T>C]TG	1	138173.0	1685299906
JG0139b	10	11348544	N:GC[T>A]CA	1	932267.0	1686232173
JG0139b	10	11394334	N:GC[T>G]CA	1	45790.0	1686277963
JG0139b	10	13576886	N:AC[C>T]CA	1	2182552.0	1688460515
JG0139b	10	13942612	T:TC[T>G]TA	1	365726.0	1688826241
JG0139b	10	14108215	T:TC[T>C]TA	1	165603.0	1688991844
JG0139b	10	14153432	T:TC[T>G]TT	1	45217.0	1689037061
JG0139b	10	14266101	U:GC[T>G]CG	-1	112669.0	1689149730
JG0139b	10	14296026	T:AC[T>G]TA	1	29925.0	1689179655
JG0139b	10	15023464	N:TT[T>G]TA	1	727438.0	1689907093
JG0139b	10	15411035	N:GC[T>G]CA	1	387571.0	1690294664
JG0139b	10	15612350	T:AC[T>A]TC	1	201315.0	1690495979
JG0139b	10	15659651	T:AC[T>C]TT	1	47301.0	1690543280
JG0139b	10	15671682	T:AC[T>C]TA	1	12031.0	1690555311
JG0139b	10	16000382	N:GA[T>G]TT	1	328700.0	1690884011
JG0139b	10	17282092	N:AG[T>C]CC	1	1281710.0	1692165721
JG0139b	10	17717930	N:TC[T>A]TA	1	435838.0	1692601559
JG0139b	10	17760267	U:TC[T>G]CA	1	42337.0	1692643896
JG0139b	10	18705574	N:GC[T>G]GA	1	945307.0	1693589203
JG0139b	10	19202581	U:AC[T>G]TT	1	497007.0	1694086210
JG0139b	10	19255906	U:TT[T>G]TG	1	53325.0	1694139535
JG0139b	10	20072959	U:CC[T>G]TA	1	817053.0	1694956588
JG0139b	10	21228354	N:AC[T>C]TT	1	1155395.0	1696111983
JG0139b	10	21844326	T:TC[T>C]CG	1	615972.0	1696727955
JG0139b	10	22287413	N:AC[T>C]AC	1	443087.0	1697171042
JG0139b	10	22394036	U:TG[T>C]TT	1	106623.0	1697277665
JG0139b	10	23012971	U:AC[T>G]TC	1	618935.0	1697896600
JG0139b	10	23187650	N:TC[T>A]TG	1	174679.0	1698071279
JG0139b	10	23964694	U:GC[T>G]TC	1	777044.0	1698848323
JG0139b	10	24054144	U:AA[T>G]TA	1	89450.0	1698937773
JG0139b	10	24156962	U:TC[T>G]TA	1	102818.0	1699040591
JG0139b	10	24199576	U:TC[T>G]TC	1	42614.0	1699083205
JG0139b	10	24978653	N:AT[T>G]TT	1	779077.0	1699862282
JG0139b	10	24979567	N:AC[T>G]GA	1	914.0	1699863196
JG0139b	10	25834526	N:TC[T>C]CC	1	854959.0	1700718155
JG0139b	10	25989666	U:TC[T>G]TA	1	155140.0	1700873295
JG0139b	10	26009750	U:AC[T>G]TC	1	20084.0	1700893379
JG0139b	10	26135075	U:CA[T>A]TG	1	125325.0	1701018704
JG0139b	10	26187461	U:TC[T>A]CA	1	52386.0	1701071090
JG0139b	10	28474798	N:GC[T>G]CA	1	2287337.0	1703358427
JG0139b	10	28881980	N:TC[T>G]TT	1	407182.0	1703765609
JG0139b	10	29260043	N:GC[T>G]TA	1	378063.0	1704143672
JG0139b	10	30088437	N:TG[T>G]TT	1	828394.0	1704972066
JG0139b	10	30322439	T:TC[T>C]TC	1	234002.0	1705206068
JG0139b	10	30958230	T:GC[T>A]CA	1	635791.0	1705841859
JG0139b	10	30994923	T:AC[T>C]CA	1	36693.0	1705878552
JG0139b	10	31542177	N:TA[T>G]TC	1	547254.0	1706425806
JG0139b	10	31660906	N:CC[T>C]CA	1	118729.0	1706544535
JG0139b	10	31912188	T:CC[T>G]TA	1	251282.0	1706795817
JG0139b	10	32054351	T:AG[T>A]TT	1	142163.0	1706937980
JG0139b	10	32078207	N:GC[T>G]TT	1	23856.0	1706961836
JG0139b	10	32087348	N:TC[T>C]TT	1	9141.0	1706970977
JG0139b	10	32294445	T:AG[T>G]TT	1	207097.0	1707178074
JG0139b	10	32748136	U:TC[T>G]CA	1	453691.0	1707631765
JG0139b	10	33396973	N:TC[T>G]TG	1	648837.0	1708280602
JG0139b	10	33955268	N:TC[T>A]TA	1	558295.0	1708838897
JG0139b	10	34289408	T:TC[T>C]CA	1	334140.0	1709173037
JG0139b	10	34417499	T:TC[T>A]TA	1	128091.0	1709301128
JG0139b	10	34619548	T:TC[T>G]TT	1	202049.0	1709503177
JG0139b	10	35726166	N:AA[T>C]TC	-1	1106618.0	1710609795
JG0139b	10	35760848	N:GA[C>A]GA	1	34682.0	1710644477
JG0139b	10	36239771	N:AC[T>G]TA	1	478923.0	1711123400
JG0139b	10	36712850	N:TT[T>G]TA	1	473079.0	1711596479
JG0139b	10	38441917	N:AT[T>A]TG	1	1729067.0	1713325546
JG0139b	10	38444595	N:CA[C>A]AG	1	2678.0	1713328224
JG0139b	10	38610488	N:GC[T>C]CA	1	165893.0	1713494117
JG0139b	10	39236020	N:AA[T>G]TG	1	625532.0	1714119649
JG0139b	10	39526037	N:AC[T>G]CA	1	290017.0	1714409666
JG0139b	10	43201920	T:TC[T>C]TG	1	3675883.0	1718085549
JG0139b	10	43512789	N:AC[T>G]TG	1	310869.0	1718396418
JG0139b	10	43633975	N:TG[T>G]TC	1	121186.0	1718517604
JG0139b	10	43781113	N:TC[T>G]TA	1	147138.0	1718664742
JG0139b	10	43835712	N:GA[T>G]TT	1	54599.0	1718719341
JG0139b	10	43999990	N:GT[C>G]TC	-1	164278.0	1718883619
JG0139b	10	44077601	N:GG[T>C]GA	1	77611.0	1718961230
JG0139b	10	45008803	N:TG[T>C]CA	1	931202.0	1719892432
JG0139b	10	45400516	U:AC[T>G]TG	1	391713.0	1720284145
JG0139b	10	47016964	N:TC[T>C]TA	1	1616448.0	1721900593
JG0139b	10	47449844	N:TC[T>C]TG	1	432880.0	1722333473
JG0139b	10	47454657	N:GC[T>C]TA	1	4813.0	1722338286
JG0139b	10	48557373	T:GC[T>G]TT	1	1102716.0	1723441002
JG0139b	10	48633942	T:TC[T>C]GA	1	76569.0	1723517571
JG0139b	10	48661913	N:TC[T>C]TG	1	27971.0	1723545542
JG0139b	10	48838063	U:AC[T>C]GA	1	176150.0	1723721692
JG0139b	10	48952448	U:TT[T>C]AT	1	114385.0	1723836077
JG0139b	10	49075223	T:TC[T>G]TG	1	122775.0	1723958852
JG0139b	10	49191829	N:TC[T>C]TA	1	116606.0	1724075458
JG0139b	10	49441431	N:AG[T>C]TA	1	249602.0	1724325060
JG0139b	10	49822394	T:GC[T>C]TA	1	380963.0	1724706023
JG0139b	10	50171422	N:AC[T>G]TA	1	349028.0	1725055051
JG0139b	10	50438758	T:AG[C>A]AA	1	267336.0	1725322387
JG0139b	10	51512040	U:TG[T>C]GA	1	1073282.0	1726395669
JG0139b	10	51646989	U:AC[T>A]TT	1	134949.0	1726530618
JG0139b	10	51855252	U:AC[T>C]TG	1	208263.0	1726738881
JG0139b	10	52006688	U:AA[C>G]TT	1	151436.0	1726890317
JG0139b	10	52091771	U:CC[T>A]CA	1	85083.0	1726975400
JG0139b	10	52248730	U:AC[T>A]CA	1	156959.0	1727132359
JG0139b	10	52846351	N:GC[C>A]TC	1	597621.0	1727729980
JG0139b	10	53122537	N:CC[T>G]TG	1	276186.0	1728006166
JG0139b	10	53578583	N:CA[T>C]GC	1	456046.0	1728462212
JG0139b	10	54585461	T:TC[T>A]TA	1	1006878.0	1729469090
JG0139b	10	54988626	T:TT[T>C]TG	1	403165.0	1729872255
JG0139b	10	56172543	N:AC[T>G]AC	1	1183917.0	1731056172
JG0139b	10	56708984	N:AC[T>A]TG	1	536441.0	1731592613
JG0139b	10	57434728	N:AC[T>C]TG	1	725744.0	1732318357
JG0139b	10	57938563	N:TC[T>G]CA	1	503835.0	1732822192
JG0139b	10	58196035	T:CA[T>G]TA	1	257472.0	1733079664
JG0139b	10	58581386	U:GC[T>C]TA	1	385351.0	1733465015
JG0139b	10	59337801	T:CC[T>G]CC	1	756415.0	1734221430
JG0139b	10	59384508	N:TG[T>G]CA	1	46707.0	1734268137
JG0139b	10	59623775	N:TC[T>C]TG	1	239267.0	1734507404
JG0139b	10	59714234	T:TC[T>A]CA	1	90459.0	1734597863
JG0139b	10	59734048	T:CC[T>G]TA	1	19814.0	1734617677
JG0139b	10	59754774	N:TC[T>G]TT	1	20726.0	1734638403
JG0139b	10	60320266	T:GC[T>G]CA	1	565492.0	1735203895
JG0139b	10	61369107	N:TC[T>G]TT	1	1048841.0	1736252736
JG0139b	10	62616891	U:CC[T>A]CT	1	1247784.0	1737500520
JG0139b	10	62775384	N:TG[C>A]TG	-1	158493.0	1737659013
JG0139b	10	62790352	N:TC[T>G]TC	1	14968.0	1737673981
JG0139b	10	63317927	T:AC[T>C]CC	1	527575.0	1738201556
JG0139b	10	64112021	N:AT[T>G]TT	1	794094.0	1738995650
JG0139b	10	64138562	N:TC[T>A]TG	1	26541.0	1739022191
JG0139b	10	65959396	T:AC[T>C]GT	1	1820834.0	1740843025
JG0139b	10	66153644	T:AC[T>A]TT	1	194248.0	1741037273
JG0139b	10	66341694	U:TG[C>A]AT	-1	188050.0	1741225323
JG0139b	10	66454067	T:AC[T>A]CA	1	112373.0	1741337696
JG0139b	10	66680680	T:TT[T>G]TC	1	226613.0	1741564309
JG0139b	10	66848263	T:TT[T>G]AA	1	167583.0	1741731892
JG0139b	10	66950236	B:AC[T>G]CT	1	101973.0	1741833865
JG0139b	10	67398556	T:AG[T>G]TA	1	448320.0	1742282185
JG0139b	10	68057837	T:GA[T>G]TA	1	659281.0	1742941466
JG0139b	10	68443347	T:AC[T>C]CA	1	385510.0	1743326976
JG0139b	10	68717636	N:TC[T>G]TG	1	274289.0	1743601265
JG0139b	10	68803009	N:AT[C>A]GT	1	85373.0	1743686638
JG0139b	10	69191883	U:AC[T>C]GC	1	388874.0	1744075512
JG0139b	10	69218170	N:CA[T>C]CC	-1	26287.0	1744101799
JG0139b	10	69350158	U:GG[T>G]TA	1	131988.0	1744233787
JG0139b	10	69855731	U:AC[T>C]TA	1	505573.0	1744739360
JG0139b	10	69869855	U:CT[C>G]TG	1	14124.0	1744753484
JG0139b	10	70236001	N:GA[T>G]TA	1	366146.0	1745119630
JG0139b	10	70600358	T:GC[T>A]CT	1	364357.0	1745483987
JG0139b	10	70669614	N:TC[T>C]GA	1	69256.0	1745553243
JG0139b	10	71177847	N:GC[T>C]GA	1	508233.0	1746061476
JG0139b	10	71395559	N:GC[T>G]TA	1	217712.0	1746279188
JG0139b	10	71468618	U:CC[T>C]CC	1	73059.0	1746352247
JG0139b	10	72056381	N:AC[T>A]GG	1	587763.0	1746940010
JG0139b	10	72434052	T:AC[T>G]TA	1	377671.0	1747317681
JG0139b	10	72816279	U:TA[T>C]TT	1	382227.0	1747699908
JG0139b	10	72876626	U:CC[T>G]TA	1	60347.0	1747760255
JG0139b	10	74445996	U:GC[T>C]TA	1	1569370.0	1749329625
JG0139b	10	74649733	U:AT[T>G]TT	1	203737.0	1749533362
JG0139b	10	74714266	N:TT[T>A]TT	-1	64533.0	1749597895
JG0139b	10	75888330	U:AT[T>G]TT	1	1174064.0	1750771959
JG0139b	10	76256427	U:TC[T>C]CA	1	368097.0	1751140056
JG0139b	10	76336384	U:TA[T>G]TA	1	79957.0	1751220013
JG0139b	10	76415962	U:GC[T>C]CA	1	79578.0	1751299591
JG0139b	10	78189787	N:GG[T>G]GA	1	1773825.0	1753073416
JG0139b	10	78328120	N:AC[T>C]GG	1	138333.0	1753211749
JG0139b	10	78684379	N:TC[T>C]TT	1	356259.0	1753568008
JG0139b	10	79099110	T:TG[T>A]CG	-1	414731.0	1753982739
JG0139b	10	79367202	N:TC[T>G]CA	1	268092.0	1754250831
JG0139b	10	79392506	T:CA[T>G]CC	1	25304.0	1754276135
JG0139b	10	79396801	T:GG[T>G]TA	1	4295.0	1754280430
JG0139b	10	80267572	N:GG[T>G]TG	-1	870771.0	1755151201
JG0139b	10	83453815	N:AG[T>G]AG	1	3186243.0	1758337444
JG0139b	10	84129580	N:CC[T>A]CC	1	675765.0	1759013209
JG0139b	10	84182060	U:AC[T>A]CA	1	52480.0	1759065689
JG0139b	10	84305086	N:CC[T>G]CA	1	123026.0	1759188715
JG0139b	10	84360720	U:AC[T>G]TG	1	55634.0	1759244349
JG0139b	10	84488622	U:TC[T>G]TC	1	127902.0	1759372251
JG0139b	10	85007437	N:AG[T>G]TA	1	518815.0	1759891066
JG0139b	10	85154809	N:AC[T>C]CA	1	147372.0	1760038438
JG0139b	10	85616075	T:GA[T>G]CC	1	461266.0	1760499704
JG0139b	10	85889761	T:TG[T>G]TT	1	273686.0	1760773390
JG0139b	10	86018145	T:GC[T>C]CG	1	128384.0	1760901774
JG0139b	10	86043238	T:TC[T>A]CC	1	25093.0	1760926867
JG0139b	10	86395681	N:CC[T>G]CG	1	352443.0	1761279310
JG0139b	10	86560291	N:TC[T>G]CA	1	164610.0	1761443920
JG0139b	10	87492198	N:CC[T>C]CA	1	931907.0	1762375827
JG0139b	10	87870120	T:GC[T>G]AA	-1	377922.0	1762753749
JG0139b	10	87946937	U:GG[T>G]CA	1	76817.0	1762830566
JG0139b	10	87971779	U:AG[T>G]TA	1	24842.0	1762855408
JG0139b	10	88202181	N:GC[T>G]GA	-1	230402.0	1763085810
JG0139b	10	88273170	N:TC[T>A]TA	1	70989.0	1763156799
JG0139b	10	88505761	U:TC[T>G]CT	-1	232591.0	1763389390
JG0139b	10	88749306	U:AG[T>G]CA	1	243545.0	1763632935
JG0139b	10	88776603	U:AG[T>G]TC	1	27297.0	1763660232
JG0139b	10	88920693	U:AG[T>G]TG	1	144090.0	1763804322
JG0139b	10	89041111	N:TC[T>G]TA	1	120418.0	1763924740
JG0139b	10	89114583	N:AC[T>G]TA	-1	73472.0	1763998212
JG0139b	10	89147435	N:CC[T>G]TC	1	32852.0	1764031064
JG0139b	10	89153737	N:TT[T>G]CA	1	6302.0	1764037366
JG0139b	10	89706826	U:TC[T>A]TG	1	553089.0	1764590455
JG0139b	10	90426872	N:AT[T>G]CA	-1	720046.0	1765310501
JG0139b	10	90621314	N:AC[T>C]TG	1	194442.0	1765504943
JG0139b	10	90865310	N:AA[T>G]CT	1	243996.0	1765748939
JG0139b	10	90955521	N:GC[T>G]TA	1	90211.0	1765839150
JG0139b	10	91026564	N:TC[T>G]TG	-1	71043.0	1765910193
JG0139b	10	91193951	T:TC[T>G]TA	-1	167387.0	1766077580
JG0139b	10	91339603	N:GC[T>G]TC	-1	145652.0	1766223232
JG0139b	10	91363739	N:GT[T>G]TA	-1	24136.0	1766247368
JG0139b	10	91525028	N:AC[T>C]TA	1	161289.0	1766408657
JG0139b	10	91549415	N:CC[T>G]GG	-1	24387.0	1766433044
JG0139b	10	92097301	U:TC[T>G]GG	-1	547886.0	1766980930
JG0139b	10	92962221	T:AC[T>G]TT	-1	864920.0	1767845850
JG0139b	10	93128020	N:AA[T>G]TA	1	165799.0	1768011649
JG0139b	10	93132979	N:GC[T>G]CA	-1	4959.0	1768016608
JG0139b	10	93196911	N:TG[T>G]GT	-1	63932.0	1768080540
JG0139b	10	93352500	T:AC[T>G]TT	1	155589.0	1768236129
JG0139b	10	93412369	T:TC[T>C]TG	1	59869.0	1768295998
JG0139b	10	93758578	T:TC[T>G]CA	-1	346209.0	1768642207
JG0139b	10	93836816	N:AC[T>C]GA	1	78238.0	1768720445
JG0139b	10	93856144	N:TC[T>G]TG	1	19328.0	1768739773
JG0139b	10	93948301	N:GA[T>A]CC	1	92157.0	1768831930
JG0139b	10	93981680	N:AC[T>C]TA	1	33379.0	1768865309
JG0139b	10	94004289	N:AG[T>G]AA	1	22609.0	1768887918
JG0139b	10	94113150	U:AC[T>A]TG	1	108861.0	1768996779
JG0139b	10	94475662	U:TC[T>C]TG	1	362512.0	1769359291
JG0139b	10	94922406	N:AC[T>C]TC	1	446744.0	1769806035
JG0139b	10	95212507	U:TC[T>C]CA	1	290101.0	1770096136
JG0139b	10	95354334	T:TC[T>A]TG	1	141827.0	1770237963
JG0139b	10	95505514	T:AC[T>A]CA	1	151180.0	1770389143
JG0139b	10	95760158	U:AC[T>C]TT	1	254644.0	1770643787
JG0139b	10	95826728	T:TC[T>G]TG	-1	66570.0	1770710357
JG0139b	10	96061159	N:TC[T>G]GA	-1	234431.0	1770944788
JG0139b	10	96161293	U:TA[T>G]TA	1	100134.0	1771044922
JG0139b	10	96183523	N:TC[T>C]CA	1	22230.0	1771067152
JG0139b	10	96655741	T:AG[T>G]TA	1	472218.0	1771539370
JG0139b	10	97091882	U:AC[T>G]GG	-1	436141.0	1771975511
JG0139b	10	97133770	T:AA[T>C]CA	1	41888.0	1772017399
JG0139b	10	97243019	U:AT[T>G]CT	-1	109249.0	1772126648
JG0139b	10	97305813	N:AC[T>C]CT	1	62794.0	1772189442
JG0139b	10	97309942	N:GG[T>A]CG	1	4129.0	1772193571
JG0139b	10	97691094	N:AT[T>A]CC	-1	381152.0	1772574723
JG0139b	10	97712136	N:AC[T>C]GG	1	21042.0	1772595765
JG0139b	10	97845358	N:AC[T>G]TG	-1	133222.0	1772728987
JG0139b	10	97904207	T:TC[T>A]TG	1	58849.0	1772787836
JG0139b	10	97912378	T:AG[T>G]TA	1	8171.0	1772796007
JG0139b	10	97922940	T:GT[T>C]CA	1	10562.0	1772806569
JG0139b	10	98228946	U:TC[T>C]CT	1	306006.0	1773112575
JG0139b	10	98556907	T:AC[T>G]TA	1	327961.0	1773440536
JG0139b	10	98596931	T:GG[T>A]TT	1	40024.0	1773480560
JG0139b	10	98675004	T:AC[T>C]TT	1	78073.0	1773558633
JG0139b	10	98769940	U:AT[C>A]CA	-1	94936.0	1773653569
JG0139b	10	98884781	T:AC[T>G]TA	1	114841.0	1773768410
JG0139b	10	98963102	T:TC[T>C]CT	1	78321.0	1773846731
JG0139b	10	99012827	T:AC[T>G]TA	1	49725.0	1773896456
JG0139b	10	99023917	T:AC[T>C]CT	1	11090.0	1773907546
JG0139b	10	99034388	T:AT[T>G]TA	1	10471.0	1773918017
JG0139b	10	99046537	T:AC[T>C]CT	1	12149.0	1773930166
JG0139b	10	99065953	T:AC[T>G]GA	1	19416.0	1773949582
JG0139b	10	99129107	T:TC[T>C]TA	1	63154.0	1774012736
JG0139b	10	99167900	T:TC[T>C]CA	1	38793.0	1774051529
JG0139b	10	99279568	N:AC[T>A]TT	1	111668.0	1774163197
JG0139b	10	99300694	N:TC[T>C]TA	1	21126.0	1774184323
JG0139b	10	99420510	T:AC[T>G]TA	1	119816.0	1774304139
JG0139b	10	99499535	N:CC[T>G]CA	1	79025.0	1774383164
JG0139b	10	100570881	N:CC[T>G]CT	-1	1071346.0	1775454510
JG0139b	10	101397484	U:GA[C>T]AG	1	826603.0	1776281113
JG0139b	10	101585700	T:GC[T>C]CA	1	188216.0	1776469329
JG0139b	10	103381857	U:CC[T>G]TT	1	1796157.0	1778265486
JG0139b	10	103685152	U:TG[T>G]TG	-1	303295.0	1778568781
JG0139b	10	103752430	U:CC[T>G]CG	-1	67278.0	1778636059
JG0139b	10	104243272	N:CC[T>G]TT	1	490842.0	1779126901
JG0139b	10	104343721	N:AC[T>A]CA	-1	100449.0	1779227350
JG0139b	10	104480586	N:AC[T>C]TA	1	136865.0	1779364215
JG0139b	10	104508084	N:AG[T>G]TT	1	27498.0	1779391713
JG0139b	10	104651371	U:TC[T>G]TA	1	143287.0	1779535000
JG0139b	10	104766850	U:AC[T>A]TC	1	115479.0	1779650479
JG0139b	10	104823403	U:TT[T>A]TT	1	56553.0	1779707032
JG0139b	10	104957620	U:AT[T>G]TG	1	134217.0	1779841249
JG0139b	10	104985089	U:TT[T>G]TC	1	27469.0	1779868718
JG0139b	10	105056231	U:TC[T>C]CA	1	71142.0	1779939860
JG0139b	10	105078977	U:TC[T>C]CA	1	22746.0	1779962606
JG0139b	10	105281687	N:AC[T>G]TC	1	202710.0	1780165316
JG0139b	10	105405747	N:AC[T>C]TG	1	124060.0	1780289376
JG0139b	10	105736092	N:GC[T>C]GA	1	330345.0	1780619721
JG0139b	10	105853888	N:AC[T>G]TC	1	117796.0	1780737517
JG0139b	10	105858690	N:GA[T>G]TA	1	4802.0	1780742319
JG0139b	10	105957583	N:TC[T>C]TA	1	98893.0	1780841212
JG0139b	10	106367635	N:AC[T>A]TA	1	410052.0	1781251264
JG0139b	10	106457845	N:TC[T>C]TA	1	90210.0	1781341474
JG0139b	10	106488303	N:AC[T>G]TA	1	30458.0	1781371932
JG0139b	10	106505706	N:AC[T>G]CA	1	17403.0	1781389335
JG0139b	10	107042092	T:TC[T>C]TA	1	536386.0	1781925721
JG0139b	10	107085978	T:AG[T>G]TG	1	43886.0	1781969607
JG0139b	10	107127098	T:TT[C>A]AA	1	41120.0	1782010727
JG0139b	10	107468471	N:TC[T>A]TG	1	341373.0	1782352100
JG0139b	10	107601964	N:AC[T>C]TG	1	133493.0	1782485593
JG0139b	10	107625320	N:TT[T>G]TA	1	23356.0	1782508949
JG0139b	10	107856416	N:AC[T>A]TG	1	231096.0	1782740045
JG0139b	10	107938081	N:AG[T>C]CT	1	81665.0	1782821710
JG0139b	10	108174903	N:AC[T>C]CA	1	236822.0	1783058532
JG0139b	10	108897269	N:TC[T>C]TG	1	722366.0	1783780898
JG0139b	10	109355241	N:AG[T>A]TT	1	457972.0	1784238870
JG0139b	10	109455844	N:GC[T>A]CT	1	100603.0	1784339473
JG0139b	10	109564033	N:TC[T>G]TC	1	108189.0	1784447662
JG0139b	10	109620129	N:AA[T>G]TA	1	56096.0	1784503758
JG0139b	10	109861201	N:TG[T>G]TA	1	241072.0	1784744830
JG0139b	10	109975085	N:AC[T>G]TG	-1	113884.0	1784858714
JG0139b	10	110132360	U:TC[T>A]CA	1	157275.0	1785015989
JG0139b	10	110264636	U:GA[T>G]GA	1	132276.0	1785148265
JG0139b	10	110291412	T:AC[T>G]TC	1	26776.0	1785175041
JG0139b	10	110291983	T:TC[T>C]TA	1	571.0	1785175612
JG0139b	10	110408683	N:CC[T>G]TA	1	116700.0	1785292312
JG0139b	10	110439774	N:AG[T>G]TG	1	31091.0	1785323403
JG0139b	10	110553105	N:TC[T>A]CC	1	113331.0	1785436734
JG0139b	10	110653115	U:CG[T>G]CC	1	100010.0	1785536744
JG0139b	10	110832383	U:TC[T>C]TA	1	179268.0	1785716012
JG0139b	10	110888575	U:AC[T>C]GC	1	56192.0	1785772204
JG0139b	10	111040279	N:GG[T>G]TA	1	151704.0	1785923908
JG0139b	10	111043603	N:GC[T>A]TG	1	3324.0	1785927232
JG0139b	10	111232075	N:TC[T>A]AT	1	188472.0	1786115704
JG0139b	10	111488477	N:AC[T>C]TT	1	256402.0	1786372106
JG0139b	10	111623477	N:GG[T>G]TC	1	135000.0	1786507106
JG0139b	10	111645438	N:TC[T>C]CG	1	21961.0	1786529067
JG0139b	10	111694440	N:GC[T>C]GA	1	49002.0	1786578069
JG0139b	10	111810836	N:GC[T>C]CA	1	116396.0	1786694465
JG0139b	10	111997571	N:GG[T>C]CC	1	186735.0	1786881200
JG0139b	10	112052664	N:AC[T>G]TC	1	55093.0	1786936293
JG0139b	10	112160287	T:TC[T>G]TA	1	107623.0	1787043916
JG0139b	10	112180653	T:AC[T>G]TG	1	20366.0	1787064282
JG0139b	10	112238988	N:TC[T>C]CC	1	58335.0	1787122617
JG0139b	10	112303648	U:AC[T>C]GC	1	64660.0	1787187277
JG0139b	10	112309268	N:GC[T>C]TG	1	5620.0	1787192897
JG0139b	10	112364702	N:AC[T>C]CA	1	55434.0	1787248331
JG0139b	10	112366701	N:AC[T>C]TG	1	1999.0	1787250330
JG0139b	10	112374120	U:TC[T>A]CA	1	7419.0	1787257749
JG0139b	10	112410751	U:GC[T>C]CA	1	36631.0	1787294380
JG0139b	10	112568423	U:CT[C>A]TT	1	157672.0	1787452052
JG0139b	10	112657357	U:TC[T>G]TC	1	88934.0	1787540986
JG0139b	10	113177932	N:GG[T>G]TT	1	520575.0	1788061561
JG0139b	10	113520680	N:AC[T>G]TT	1	342748.0	1788404309
JG0139b	10	113556632	U:AC[T>C]TG	1	35952.0	1788440261
JG0139b	10	113598063	T:AC[T>C]TG	1	41431.0	1788481692
JG0139b	10	113602413	T:AG[T>C]CA	1	4350.0	1788486042
JG0139b	10	113622176	T:AC[T>G]TC	1	19763.0	1788505805
JG0139b	10	113629195	T:CC[T>G]TG	1	7019.0	1788512824
JG0139b	10	113634142	T:GC[T>C]TG	1	4947.0	1788517771
JG0139b	10	113636499	T:AG[T>C]CC	1	2357.0	1788520128
JG0139b	10	113658799	T:AC[T>C]TG	1	22300.0	1788542428
JG0139b	10	113777271	U:AC[T>C]GA	1	118472.0	1788660900
JG0139b	10	113799295	N:AC[T>C]TT	1	22024.0	1788682924
JG0139b	10	113805482	N:GG[T>C]CA	1	6187.0	1788689111
JG0139b	10	114141683	T:AC[T>C]GA	1	336201.0	1789025312
JG0139b	10	114254374	T:AC[T>G]GA	-1	112691.0	1789138003
JG0139b	10	114274885	U:AC[T>A]TG	1	20511.0	1789158514
JG0139b	10	114359620	T:TG[T>G]TT	1	84735.0	1789243249
JG0139b	10	114363263	T:GC[T>C]TC	1	3643.0	1789246892
JG0139b	10	114363538	T:TC[T>G]TC	1	275.0	1789247167
JG0139b	10	114461348	T:GC[T>C]AA	1	97810.0	1789344977
JG0139b	10	114535543	T:CC[T>C]CA	1	74195.0	1789419172
JG0139b	10	114874854	U:AC[T>C]CA	1	339311.0	1789758483
JG0139b	10	114886797	T:GC[T>G]GA	-1	11943.0	1789770426
JG0139b	10	114962274	U:TC[T>A]TG	1	75477.0	1789845903
JG0139b	10	115348648	U:AC[T>C]TA	1	386374.0	1790232277
JG0139b	10	115430736	U:TG[T>A]TA	1	82088.0	1790314365
JG0139b	10	115441023	U:AC[T>G]TT	1	10287.0	1790324652
JG0139b	10	115454934	U:TC[T>C]TG	1	13911.0	1790338563
JG0139b	10	115566826	U:GG[T>G]TA	1	111892.0	1790450455
JG0139b	10	115927931	U:AG[T>G]CA	1	361105.0	1790811560
JG0139b	10	115929342	U:AC[T>C]TA	1	1411.0	1790812971
JG0139b	10	116051856	N:AC[T>C]TA	1	122514.0	1790935485
JG0139b	10	116076456	T:TG[T>C]CA	1	24600.0	1790960085
JG0139b	10	116143150	T:AC[T>G]TA	1	66694.0	1791026779
JG0139b	10	116236420	T:AG[T>G]TC	1	93270.0	1791120049
JG0139b	10	116565684	U:AC[T>C]GA	1	329264.0	1791449313
JG0139b	10	116650410	N:TC[T>C]TT	1	84726.0	1791534039
JG0139b	10	116662554	N:TC[T>A]TG	1	12144.0	1791546183
JG0139b	10	116672182	T:AC[T>G]TG	1	9628.0	1791555811
JG0139b	10	116682231	T:AC[T>G]TG	1	10049.0	1791565860
JG0139b	10	116685905	T:TC[T>A]CG	1	3674.0	1791569534
JG0139b	10	116686422	T:AC[T>G]TG	1	517.0	1791570051
JG0139b	10	116717227	T:AC[T>C]CA	1	30805.0	1791600856
JG0139b	10	116759434	T:TC[T>G]TA	1	42207.0	1791643063
JG0139b	10	116773028	T:GC[T>A]CA	1	13594.0	1791656657
JG0139b	10	116937167	U:CC[T>G]TA	-1	164139.0	1791820796
JG0139b	10	116954939	T:AC[T>G]CA	1	17772.0	1791838568
JG0139b	10	117022257	T:AC[T>G]TT	1	67318.0	1791905886
JG0139b	10	117091291	T:TC[T>G]CA	1	69034.0	1791974920
JG0139b	10	117116506	T:AC[T>G]CA	1	25215.0	1792000135
JG0139b	10	117383524	N:AC[T>C]GA	1	267018.0	1792267153
JG0139b	10	117434750	N:TG[T>C]CA	1	51226.0	1792318379
JG0139b	10	117435642	N:TC[T>C]TG	1	892.0	1792319271
JG0139b	10	117458688	N:TC[T>G]TA	1	23046.0	1792342317
JG0139b	10	117468423	N:GC[T>C]TG	1	9735.0	1792352052
JG0139b	10	117559241	N:GC[T>C]CT	1	90818.0	1792442870
JG0139b	10	117595288	N:TC[T>C]CT	1	36047.0	1792478917
JG0139b	10	117624312	N:AC[T>A]TT	1	29024.0	1792507941
JG0139b	10	117624346	N:AC[T>G]TT	1	34.0	1792507975
JG0139b	10	117681751	N:CC[T>G]GG	1	57405.0	1792565380
JG0139b	10	117773507	N:TC[T>A]TA	1	91756.0	1792657136
JG0139b	10	117814367	N:GC[T>C]TA	1	40860.0	1792697996
JG0139b	10	117855069	N:TC[T>C]TT	1	40702.0	1792738698
JG0139b	10	117861964	N:TC[T>C]CC	1	6895.0	1792745593
JG0139b	10	117896987	N:AC[T>C]TG	1	35023.0	1792780616
JG0139b	10	117956864	N:TC[T>C]TA	1	59877.0	1792840493
JG0139b	10	118109956	N:AC[T>A]TT	1	153092.0	1792993585
JG0139b	10	118110825	N:TC[T>C]TA	1	869.0	1792994454
JG0139b	10	118159308	N:AC[T>C]TT	1	48483.0	1793042937
JG0139b	10	118567803	N:GC[T>A]TT	1	408495.0	1793451432
JG0139b	10	118569681	N:AC[T>A]CG	1	1878.0	1793453310
JG0139b	10	118601047	N:GC[T>C]GT	-1	31366.0	1793484676
JG0139b	10	118624255	N:TC[T>C]TT	1	23208.0	1793507884
JG0139b	10	118641406	N:CC[T>C]GG	1	17151.0	1793525035
JG0139b	10	118664249	N:TC[T>A]TA	-1	22843.0	1793547878
JG0139b	10	118738417	T:AC[T>A]CC	1	74168.0	1793622046
JG0139b	10	118894333	N:AC[T>G]CA	1	155916.0	1793777962
JG0139b	10	118923803	N:AC[T>C]TG	1	29470.0	1793807432
JG0139b	10	119026525	N:TC[T>G]TG	1	102722.0	1793910154
JG0139b	10	119053390	T:TC[T>G]TC	1	26865.0	1793937019
JG0139b	10	119238239	T:AG[T>G]CT	-1	184849.0	1794121868
JG0139b	10	119283771	T:TG[T>G]GA	-1	45532.0	1794167400
JG0139b	10	119361016	T:GC[C>T]AG	-1	77245.0	1794244645
JG0139b	10	119365240	T:AC[T>G]TA	-1	4224.0	1794248869
JG0139b	10	119645922	N:GC[T>G]TA	1	280682.0	1794529551
JG0139b	10	119947964	N:TG[T>G]TC	1	302042.0	1794831593
JG0139b	10	120155892	N:CC[T>C]GG	1	207928.0	1795039521
JG0139b	10	120290090	N:CC[T>C]TA	1	134198.0	1795173719
JG0139b	10	120358576	N:GC[T>C]TG	1	68486.0	1795242205
JG0139b	10	120443838	N:CC[T>A]CC	1	85262.0	1795327467
JG0139b	10	120509602	U:AC[T>C]CC	1	65764.0	1795393231
JG0139b	10	120545630	U:GG[T>C]CC	1	36028.0	1795429259
JG0139b	10	120647494	N:TC[T>C]TG	1	101864.0	1795531123
JG0139b	10	120664219	N:AC[T>G]TG	1	16725.0	1795547848
JG0139b	10	120671421	N:TC[T>C]TA	1	7202.0	1795555050
JG0139b	10	121003978	N:AC[T>A]GG	-1	332557.0	1795887607
JG0139b	10	121052906	N:GC[T>C]TT	1	48928.0	1795936535
JG0139b	10	121349357	N:AC[T>C]TT	1	296451.0	1796232986
JG0139b	10	121377042	N:GG[T>G]GA	-1	27685.0	1796260671
JG0139b	10	121383027	N:AC[T>C]CT	1	5985.0	1796266656
JG0139b	10	121423999	N:TC[T>G]TG	1	40972.0	1796307628
JG0139b	10	121726886	N:CC[T>G]CT	-1	302887.0	1796610515
JG0139b	10	121765897	U:TG[T>G]TA	-1	39011.0	1796649526
JG0139b	10	122105135	U:AC[T>C]CA	1	339238.0	1796988764
JG0139b	10	122291415	U:TC[T>C]CG	1	186280.0	1797175044
JG0139b	10	122373805	N:AG[T>G]TC	1	82390.0	1797257434
JG0139b	10	122479451	U:GC[T>C]TG	1	105646.0	1797363080
JG0139b	10	122502149	U:GT[T>G]TG	1	22698.0	1797385778
JG0139b	10	122515757	N:AC[T>A]CA	1	13608.0	1797399386
JG0139b	10	122574622	U:AC[T>G]TA	1	58865.0	1797458251
JG0139b	10	122621560	U:AC[T>C]TA	1	46938.0	1797505189
JG0139b	10	122700255	N:AC[T>A]TG	1	78695.0	1797583884
JG0139b	10	122960078	N:CC[T>C]CA	1	259823.0	1797843707
JG0139b	10	123106853	N:TC[T>C]TA	1	146775.0	1797990482
JG0139b	10	123158391	U:AG[T>G]TT	1	51538.0	1798042020
JG0139b	10	123282915	N:GC[T>A]CC	1	124524.0	1798166544
JG0139b	10	123309807	N:AG[T>C]CA	1	26892.0	1798193436
JG0139b	10	123387278	N:CA[T>G]TC	1	77471.0	1798270907
JG0139b	10	123406060	N:TC[T>G]TA	1	18782.0	1798289689
JG0139b	10	123445417	N:TC[T>C]CA	1	39357.0	1798329046
JG0139b	10	123462894	N:CC[T>C]GA	1	17477.0	1798346523
JG0139b	10	123495400	N:GC[T>G]TT	1	32506.0	1798379029
JG0139b	10	123544025	N:TC[T>C]AT	1	48625.0	1798427654
JG0139b	10	123673871	U:CC[T>C]CA	1	129846.0	1798557500
JG0139b	10	123755784	T:AC[T>G]TT	1	81913.0	1798639413
JG0139b	10	123900570	N:TG[T>C]TG	1	144786.0	1798784199
JG0139b	10	123939970	N:AC[T>C]TG	1	39400.0	1798823599
JG0139b	10	124106181	N:CG[T>G]CC	1	166211.0	1798989810
JG0139b	10	124123180	N:AC[T>C]CA	1	16999.0	1799006809
JG0139b	10	124130668	N:GC[T>C]TC	1	7488.0	1799014297
JG0139b	10	124133188	N:TC[T>C]TA	1	2520.0	1799016817
JG0139b	10	124170615	N:AC[T>G]TG	1	37427.0	1799054244
JG0139b	10	124183002	N:AC[T>G]TA	1	12387.0	1799066631
JG0139b	10	124294877	N:TC[T>C]TG	1	111875.0	1799178506
JG0139b	10	124365801	N:AC[T>C]CA	1	70924.0	1799249430
JG0139b	10	124468815	U:CC[T>G]CA	1	103014.0	1799352444
JG0139b	10	124489339	U:AC[T>G]TG	1	20524.0	1799372968
JG0139b	10	124885052	N:AC[T>G]TC	-1	395713.0	1799768681
JG0139b	10	124888202	N:GG[T>C]CC	1	3150.0	1799771831
JG0139b	10	125102871	T:TC[T>C]TG	1	214669.0	1799986500
JG0139b	10	125227013	N:GG[T>C]CA	1	124142.0	1800110642
JG0139b	10	125296124	N:AC[T>A]CA	1	69111.0	1800179753
JG0139b	10	125302506	N:TC[T>G]TA	1	6382.0	1800186135
JG0139b	10	125330914	N:GC[T>C]TG	1	28408.0	1800214543
JG0139b	10	125372060	N:AC[T>G]TA	1	41146.0	1800255689
JG0139b	10	125383199	N:TC[T>A]TG	1	11139.0	1800266828
JG0139b	10	125383291	N:GG[T>G]TA	1	92.0	1800266920
JG0139b	10	125412204	N:TC[T>C]TT	1	28913.0	1800295833
JG0139b	10	125440095	N:GG[T>C]TG	1	27891.0	1800323724
JG0139b	10	125474095	N:TC[T>C]GG	1	34000.0	1800357724
JG0139b	10	125479149	N:AC[T>C]TT	1	5054.0	1800362778
JG0139b	10	125597129	T:GC[T>C]TA	1	117980.0	1800480758
JG0139b	10	126053161	T:CC[T>A]TC	1	456032.0	1800936790
JG0139b	10	126138362	T:TC[T>G]TA	1	85201.0	1801021991
JG0139b	10	126291962	U:TT[C>A]AT	-1	153600.0	1801175591
JG0139b	10	126414293	N:TC[T>A]TT	-1	122331.0	1801297922
JG0139b	10	126468136	T:TC[T>C]TG	1	53843.0	1801351765
JG0139b	10	126515321	T:AC[T>G]CA	1	47185.0	1801398950
JG0139b	10	126586781	T:TC[T>C]TC	1	71460.0	1801470410
JG0139b	10	126638134	U:CC[C>A]GA	-1	51353.0	1801521763
JG0139b	10	126644020	T:TC[T>C]TG	1	5886.0	1801527649
JG0139b	10	126662450	T:AC[T>C]TA	1	18430.0	1801546079
JG0139b	10	126747506	N:AC[T>C]TG	1	85056.0	1801631135
JG0139b	10	126841591	N:TC[T>G]TA	1	94085.0	1801725220
JG0139b	10	127036860	U:TC[T>A]TA	1	195269.0	1801920489
JG0139b	10	127060984	U:AC[T>C]TT	1	24124.0	1801944613
JG0139b	10	127361883	U:AC[T>G]TC	1	300899.0	1802245512
JG0139b	10	127387828	U:CC[T>C]TC	1	25945.0	1802271457
JG0139b	10	127512061	N:TC[T>C]TT	1	124233.0	1802395690
JG0139b	10	127551577	U:AC[T>G]TC	1	39516.0	1802435206
JG0139b	10	127558303	N:TC[T>C]GG	1	6726.0	1802441932
JG0139b	10	127571742	N:TC[T>G]TA	1	13439.0	1802455371
JG0139b	10	127575009	N:AC[T>C]TG	1	3267.0	1802458638
JG0139b	10	127585389	N:GC[T>C]CA	1	10380.0	1802469018
JG0139b	10	127633879	N:TC[T>C]TT	1	48490.0	1802517508
JG0139b	10	127637517	N:AC[T>C]GA	1	3638.0	1802521146
JG0139b	10	127712547	N:AC[T>A]TA	1	75030.0	1802596176
JG0139b	10	127717466	N:AC[T>G]TA	1	4919.0	1802601095
JG0139b	10	127766530	N:AG[T>C]CT	1	49064.0	1802650159
JG0139b	10	127812534	N:AC[T>G]CA	-1	46004.0	1802696163
JG0139b	10	127894984	N:TC[T>G]TA	1	82450.0	1802778613
JG0139b	10	127954071	U:CC[T>C]CA	1	59087.0	1802837700
JG0139b	10	127992566	U:GC[T>G]GC	1	38495.0	1802876195
JG0139b	10	128045012	U:CC[T>A]GC	1	52446.0	1802928641
JG0139b	10	128106372	T:CC[T>G]TA	1	61360.0	1802990001
JG0139b	10	128151259	N:GG[T>G]TG	1	44887.0	1803034888
JG0139b	10	128332478	N:TG[T>G]TA	1	181219.0	1803216107
JG0139b	10	128497416	N:AG[T>G]TA	1	164938.0	1803381045
JG0139b	10	128678566	N:TC[T>C]TG	1	181150.0	1803562195
JG0139b	10	128685249	N:GG[T>G]TC	1	6683.0	1803568878
JG0139b	10	128792930	N:GC[T>C]GG	1	107681.0	1803676559
JG0139b	10	128982816	N:GC[T>C]CA	1	189886.0	1803866445
JG0139b	10	128983085	N:TC[T>C]TG	1	269.0	1803866714
JG0139b	10	129195322	N:GC[T>C]TG	-1	212237.0	1804078951
JG0139b	10	129200056	N:CC[T>G]GG	1	4734.0	1804083685
JG0139b	10	129344111	N:TC[T>C]GC	1	144055.0	1804227740
JG0139b	10	129410326	N:AC[T>C]TT	1	66215.0	1804293955
JG0139b	10	129568471	U:AC[T>G]TC	1	158145.0	1804452100
JG0139b	10	129635439	U:TC[T>G]TC	1	66968.0	1804519068
JG0139b	10	129658308	U:CC[T>G]TG	1	22869.0	1804541937
JG0139b	10	129815321	N:AC[T>C]CG	1	157013.0	1804698950
JG0139b	10	130243816	N:GC[T>A]TT	1	428495.0	1805127445
JG0139b	10	130372704	N:CC[T>G]CA	1	128888.0	1805256333
JG0139b	10	130595895	N:TC[T>A]TA	1	223191.0	1805479524
JG0139b	10	130599398	N:TC[T>G]TG	1	3503.0	1805483027
JG0139b	10	130600198	N:TG[T>A]CA	1	800.0	1805483827
JG0139b	10	130693846	N:TT[T>C]TT	1	93648.0	1805577475
JG0139b	10	130855242	N:AT[T>G]TG	1	161396.0	1805738871
JG0139b	10	130879945	N:TG[T>A]CA	1	24703.0	1805763574
JG0139b	10	130966109	N:GG[T>G]TA	1	86164.0	1805849738
JG0139b	10	130993377	N:CC[T>G]CA	1	27268.0	1805877006
JG0139b	10	131110263	T:GG[T>G]TC	1	116886.0	1805993892
JG0139b	10	131420820	N:AC[T>C]CA	1	310557.0	1806304449
JG0139b	10	131450355	N:AC[T>G]AG	1	29535.0	1806333984
JG0139b	10	131541950	N:CC[T>C]GT	1	91595.0	1806425579
JG0139b	10	131706964	N:TA[T>G]CC	1	165014.0	1806590593
JG0139b	10	131733549	N:AG[T>G]TG	1	26585.0	1806617178
JG0139b	10	131751466	N:CC[T>C]CA	1	17917.0	1806635095
JG0139b	10	131775024	N:AC[T>C]CT	1	23558.0	1806658653
JG0139b	10	131775044	N:GC[T>C]CG	1	20.0	1806658673
JG0139b	10	131821048	N:AC[T>G]AA	1	46004.0	1806704677
JG0139b	10	131937246	U:AG[T>A]TT	1	116198.0	1806820875
JG0139b	10	132151757	U:AC[T>G]GA	1	214511.0	1807035386
JG0139b	10	132684545	T:AC[T>G]TA	-1	532788.0	1807568174
JG0139b	10	133134144	N:GC[T>C]CA	1	449599.0	1808017773
JG0139b	10	133189019	U:TC[T>G]CA	1	54875.0	1808072648
JG0139b	10	133558256	T:AC[T>C]GC	1	369237.0	1808441885
JG0139b	11	243608	U:CC[T>C]GG	1		1808924659
JG0139b	11	351825	N:AC[T>C]TG	-1	108217.0	1809032876
JG0139b	11	467456	U:AC[T>G]AA	1	115631.0	1809148507
JG0139b	11	1074329	N:GC[T>C]CA	-1	606873.0	1809755380
JG0139b	11	1122595	N:GG[T>C]CC	-1	48266.0	1809803646
JG0139b	11	1157980	U:AC[T>G]CT	1	35385.0	1809839031
JG0139b	11	1194332	T:GC[T>C]TG	-1	36352.0	1809875383
JG0139b	11	1262118	T:GC[T>A]TT	-1	67786.0	1809943169
JG0139b	11	1581042	N:TG[T>G]CC	1	318924.0	1810262093
JG0139b	11	1615358	N:GC[T>G]TA	1	34316.0	1810296409
JG0139b	11	1777601	N:CC[T>G]CA	-1	162243.0	1810458652
JG0139b	11	2086421	N:CC[T>C]GA	1	308820.0	1810767472
JG0139b	11	2311577	U:GC[T>G]CT	1	225156.0	1810992628
JG0139b	11	2358511	N:GC[T>G]CT	1	46934.0	1811039562
JG0139b	11	2543766	T:AA[T>G]TA	-1	185255.0	1811224817
JG0139b	11	3110898	T:CG[T>G]CA	1	567132.0	1811791949
JG0139b	11	3702058	U:CC[T>G]TG	-1	591160.0	1812383109
JG0139b	11	4090663	T:AC[T>G]TA	-1	388605.0	1812771714
JG0139b	11	4116391	T:TC[T>G]CG	-1	25728.0	1812797442
JG0139b	11	4178256	N:GC[T>C]CA	-1	61865.0	1812859307
JG0139b	11	4195980	N:AC[T>C]CA	-1	17724.0	1812877031
JG0139b	11	4206985	N:TC[T>G]TG	1	11005.0	1812888036
JG0139b	11	4241124	N:TG[T>G]TT	-1	34139.0	1812922175
JG0139b	11	4262338	N:CC[T>A]CA	-1	21214.0	1812943389
JG0139b	11	4423570	N:AC[T>G]TC	1	161232.0	1813104621
JG0139b	11	4545001	N:TC[T>C]TA	-1	121431.0	1813226052
JG0139b	11	4551012	N:TC[T>G]TA	-1	6011.0	1813232063
JG0139b	11	4663147	N:AC[T>C]CC	-1	112135.0	1813344198
JG0139b	11	4686143	U:TC[T>G]TA	-1	22996.0	1813367194
JG0139b	11	4692410	T:CG[T>G]TC	1	6267.0	1813373461
JG0139b	11	4703733	N:TC[T>A]TC	-1	11323.0	1813384784
JG0139b	11	4715103	N:TG[T>G]TA	-1	11370.0	1813396154
JG0139b	11	4719690	N:TC[T>C]TA	-1	4587.0	1813400741
JG0139b	11	4763172	N:TC[T>A]CA	-1	43482.0	1813444223
JG0139b	11	4831662	T:TC[T>G]TG	-1	68490.0	1813512713
JG0139b	11	4959403	T:AC[T>C]CA	-1	127741.0	1813640454
JG0139b	11	5282508	U:TC[T>A]CA	-1	323105.0	1813963559
JG0139b	11	5300321	U:AC[T>G]TA	-1	17813.0	1813981372
JG0139b	11	5742818	U:GC[T>C]TT	-1	442497.0	1814423869
JG0139b	11	5803784	U:TG[T>G]AA	-1	60966.0	1814484835
JG0139b	11	5821020	B:GC[T>A]CA	-1	17236.0	1814502071
JG0139b	11	5948898	T:TC[T>C]TG	-1	127878.0	1814629949
JG0139b	11	6297345	N:AC[T>G]TG	-1	348447.0	1814978396
JG0139b	11	6571697	U:GG[T>G]CC	1	274352.0	1815252748
JG0139b	11	6850401	N:GC[T>C]TA	-1	278704.0	1815531452
JG0139b	11	6891644	U:CC[T>A]CA	-1	41243.0	1815572695
JG0139b	11	6976475	T:TC[T>A]TC	-1	84831.0	1815657526
JG0139b	11	7311792	U:CC[T>G]TT	1	335317.0	1815992843
JG0139b	11	7504566	T:AC[T>C]GT	-1	192774.0	1816185617
JG0139b	11	7823481	N:GC[T>G]AA	1	318915.0	1816504532
JG0139b	11	7841773	N:AC[T>C]CA	-1	18292.0	1816522824
JG0139b	11	7968227	N:GC[T>G]CC	1	126454.0	1816649278
JG0139b	11	8044742	U:TC[T>G]GG	1	76515.0	1816725793
JG0139b	11	8210483	N:AC[T>G]TG	1	165741.0	1816891534
JG0139b	11	8457337	T:TC[T>G]TA	1	246854.0	1817138388
JG0139b	11	8878769	U:AC[T>C]CA	-1	421432.0	1817559820
JG0139b	11	9273363	N:GG[T>G]TA	-1	394594.0	1817954414
JG0139b	11	9915855	U:TC[T>G]TG	-1	642492.0	1818596906
JG0139b	11	10444641	T:AC[T>A]CT	-1	528786.0	1819125692
JG0139b	11	10964456	N:GC[T>C]TC	-1	519815.0	1819645507
JG0139b	11	11032873	N:GG[T>C]CT	1	68417.0	1819713924
JG0139b	11	11051654	N:AC[T>C]CA	-1	18781.0	1819732705
JG0139b	11	11086786	N:GG[T>C]CC	-1	35132.0	1819767837
JG0139b	11	11600491	T:GT[T>G]TC	1	513705.0	1820281542
JG0139b	11	11961083	N:CC[T>G]TA	-1	360592.0	1820642134
JG0139b	11	12046461	N:CC[T>G]TC	1	85378.0	1820727512
JG0139b	11	12827524	T:AC[T>C]TA	-1	781063.0	1821508575
JG0139b	11	13015295	N:AC[T>G]TG	-1	187771.0	1821696346
JG0139b	11	13016280	N:TC[T>C]TG	-1	985.0	1821697331
JG0139b	11	13054518	N:TC[T>C]CA	-1	38238.0	1821735569
JG0139b	11	13551744	N:AC[T>C]TA	-1	497226.0	1822232795
JG0139b	11	13630010	N:AC[T>C]TT	-1	78266.0	1822311061
JG0139b	11	13745656	N:AC[T>A]CC	-1	115646.0	1822426707
JG0139b	11	13747136	N:AC[T>A]TT	-1	1480.0	1822428187
JG0139b	11	13768725	N:GC[T>C]TA	-1	21589.0	1822449776
JG0139b	11	14016043	U:TC[T>G]TG	1	247318.0	1822697094
JG0139b	11	14096317	T:GC[T>G]TT	-1	80274.0	1822777368
JG0139b	11	14257398	T:TT[T>C]TG	-1	161081.0	1822938449
JG0139b	11	14303268	T:GC[T>G]TA	1	45870.0	1822984319
JG0139b	11	14333124	T:AC[T>G]TA	1	29856.0	1823014175
JG0139b	11	14641347	U:AC[T>G]TA	-1	308223.0	1823322398
JG0139b	11	14671832	T:AC[T>G]GG	-1	30485.0	1823352883
JG0139b	11	14741141	T:AC[T>G]TG	-1	69309.0	1823422192
JG0139b	11	14777474	T:TC[T>G]TT	-1	36333.0	1823458525
JG0139b	11	14989221	T:AC[T>G]TT	-1	211747.0	1823670272
JG0139b	11	14992668	T:AC[T>C]CT	-1	3447.0	1823673719
JG0139b	11	14997333	T:GC[T>C]CT	-1	4665.0	1823678384
JG0139b	11	15171770	T:AC[T>C]TG	-1	174437.0	1823852821
JG0139b	11	15370741	N:GG[T>C]CA	-1	198971.0	1824051792
JG0139b	11	15569315	N:TC[T>C]CA	-1	198574.0	1824250366
JG0139b	11	15578607	N:TC[T>C]CC	-1	9292.0	1824259658
JG0139b	11	15581457	N:CC[T>C]TA	-1	2850.0	1824262508
JG0139b	11	15650196	N:TC[T>A]CA	-1	68739.0	1824331247
JG0139b	11	15675317	N:AC[T>G]TT	-1	25121.0	1824356368
JG0139b	11	15759838	N:GC[T>A]CA	-1	84521.0	1824440889
JG0139b	11	15839897	N:AC[T>G]GT	1	80059.0	1824520948
JG0139b	11	16022577	U:AG[T>G]TA	-1	182680.0	1824703628
JG0139b	11	16173291	U:GT[T>G]CT	-1	150714.0	1824854342
JG0139b	11	16257459	U:TC[T>C]TT	-1	84168.0	1824938510
JG0139b	11	17025592	N:GC[T>G]TT	1	768133.0	1825706643
JG0139b	11	17392775	U:CC[T>G]TA	-1	367183.0	1826073826
JG0139b	11	17405911	T:GC[T>G]GG	1	13136.0	1826086962
JG0139b	11	17521998	T:TT[T>C]TT	1	116087.0	1826203049
JG0139b	11	17567988	T:GC[T>G]TG	-1	45990.0	1826249039
JG0139b	11	17583027	U:AT[T>G]TA	1	15039.0	1826264078
JG0139b	11	17604854	T:AC[T>A]CG	-1	21827.0	1826285905
JG0139b	11	17727149	N:GC[T>G]TA	1	122295.0	1826408200
JG0139b	11	17731207	N:TC[T>C]TG	-1	4058.0	1826412258
JG0139b	11	17818524	B:AC[T>C]CA	-1	87317.0	1826499575
JG0139b	11	18052870	N:GC[T>A]TG	-1	234346.0	1826733921
JG0139b	11	18116523	N:GC[T>C]TA	-1	63653.0	1826797574
JG0139b	11	18211680	N:AC[T>C]GG	-1	95157.0	1826892731
JG0139b	11	18235587	U:AC[T>A]TC	-1	23907.0	1826916638
JG0139b	11	18406923	U:AC[T>G]TG	1	171336.0	1827087974
JG0139b	11	18578780	T:GT[T>C]CT	1	171857.0	1827259831
JG0139b	11	18578804	T:AC[T>G]TG	1	24.0	1827259855
JG0139b	11	18762431	U:AC[T>C]TG	-1	183627.0	1827443482
JG0139b	11	18851972	N:TA[T>G]TT	-1	89541.0	1827533023
JG0139b	11	18983703	N:TC[T>C]TC	-1	131731.0	1827664754
JG0139b	11	18985049	N:TC[T>G]TA	-1	1346.0	1827666100
JG0139b	11	19004970	N:AC[T>G]TC	-1	19921.0	1827686021
JG0139b	11	19011527	N:AC[T>G]TA	-1	6557.0	1827692578
JG0139b	11	19087802	N:AC[T>G]TT	-1	76275.0	1827768853
JG0139b	11	19141714	U:GG[T>G]TT	1	53912.0	1827822765
JG0139b	11	19337004	N:GC[T>A]CT	-1	195290.0	1828018055
JG0139b	11	19379201	U:GC[T>C]CA	1	42197.0	1828060252
JG0139b	11	19575003	U:AC[T>G]TC	1	195802.0	1828256054
JG0139b	11	19626937	T:TC[T>G]CC	-1	51934.0	1828307988
JG0139b	11	19664990	T:AC[T>C]TA	-1	38053.0	1828346041
JG0139b	11	19691094	T:AC[T>C]CT	-1	26104.0	1828372145
JG0139b	11	19736309	T:TC[T>A]TG	-1	45215.0	1828417360
JG0139b	11	19760698	U:TC[T>G]GA	1	24389.0	1828441749
JG0139b	11	19766643	T:GC[T>C]TT	-1	5945.0	1828447694
JG0139b	11	19766977	T:AC[T>C]CA	-1	334.0	1828448028
JG0139b	11	19767542	T:AG[T>G]TA	-1	565.0	1828448593
JG0139b	11	19853401	T:GC[T>A]TG	-1	85859.0	1828534452
JG0139b	11	20042474	U:CC[T>C]CA	1	189073.0	1828723525
JG0139b	11	20276442	N:TC[T>A]TC	-1	233968.0	1828957493
JG0139b	11	20488070	U:AC[T>G]TA	1	211628.0	1829169121
JG0139b	11	20542690	N:TC[T>C]CA	-1	54620.0	1829223741
JG0139b	11	21009684	U:AC[T>C]TG	1	466994.0	1829690735
JG0139b	11	21113856	T:TC[T>C]CA	-1	104172.0	1829794907
JG0139b	11	21207252	T:GC[T>C]GG	-1	93396.0	1829888303
JG0139b	11	21285525	U:TC[T>C]TA	1	78273.0	1829966576
JG0139b	11	21299057	T:TT[T>G]TC	-1	13532.0	1829980108
JG0139b	11	21741958	N:TT[C>A]CC	-1	442901.0	1830423009
JG0139b	11	21817029	N:AC[T>C]TA	1	75071.0	1830498080
JG0139b	11	22043538	N:AC[T>G]TA	-1	226509.0	1830724589
JG0139b	11	22086990	N:AT[T>G]TA	-1	43452.0	1830768041
JG0139b	11	22132027	N:AC[T>A]TA	-1	45037.0	1830813078
JG0139b	11	22313232	N:TC[T>C]CT	-1	181205.0	1830994283
JG0139b	11	22392969	N:TC[T>C]CT	-1	79737.0	1831074020
JG0139b	11	22745732	U:AC[T>G]TA	1	352763.0	1831426783
JG0139b	11	22750582	T:AG[T>G]TA	-1	4850.0	1831431633
JG0139b	11	22798360	T:CC[T>C]TC	-1	47778.0	1831479411
JG0139b	11	22814374	N:AC[T>G]CC	1	16014.0	1831495425
JG0139b	11	22907917	N:TC[T>C]CT	-1	93543.0	1831588968
JG0139b	11	23992938	N:TG[T>C]TG	-1	1085021.0	1832673989
JG0139b	11	24250356	N:TC[T>G]CC	1	257418.0	1832931407
JG0139b	11	24469905	N:AA[T>G]TA	-1	219549.0	1833150956
JG0139b	11	24624458	T:GC[T>A]CT	-1	154553.0	1833305509
JG0139b	11	24628524	T:AC[T>G]TA	-1	4066.0	1833309575
JG0139b	11	24634570	T:AC[T>C]TG	-1	6046.0	1833315621
JG0139b	11	24649258	T:AC[T>G]TA	-1	14688.0	1833330309
JG0139b	11	24703590	T:CC[T>C]CG	-1	54332.0	1833384641
JG0139b	11	24790326	T:AC[T>C]TG	-1	86736.0	1833471377
JG0139b	11	24819805	T:AC[T>C]TA	-1	29479.0	1833500856
JG0139b	11	24911009	T:TC[T>C]CA	-1	91204.0	1833592060
JG0139b	11	25140362	N:CC[T>G]GA	-1	229353.0	1833821413
JG0139b	11	25180808	N:AC[T>C]TG	-1	40446.0	1833861859
JG0139b	11	25242491	N:TC[T>C]TG	-1	61683.0	1833923542
JG0139b	11	25245532	N:TC[T>C]CT	-1	3041.0	1833926583
JG0139b	11	25255812	N:AC[T>G]TG	-1	10280.0	1833936863
JG0139b	11	25329515	N:TC[T>C]CC	-1	73703.0	1834010566
JG0139b	11	25385852	N:AG[T>C]TT	-1	56337.0	1834066903
JG0139b	11	25512323	N:TG[T>C]TG	-1	126471.0	1834193374
JG0139b	11	25639649	N:AG[T>G]TG	-1	127326.0	1834320700
JG0139b	11	25922706	N:TC[T>G]TC	1	283057.0	1834603757
JG0139b	11	26169847	N:TA[T>C]TA	-1	247141.0	1834850898
JG0139b	11	26206004	N:AC[T>G]TA	-1	36157.0	1834887055
JG0139b	11	26251933	N:TC[T>C]CA	-1	45929.0	1834932984
JG0139b	11	26316993	T:AC[T>G]AG	-1	65060.0	1834998044
JG0139b	11	26338101	U:TG[T>G]TG	1	21108.0	1835019152
JG0139b	11	26410616	T:TC[T>C]CA	-1	72515.0	1835091667
JG0139b	11	26430836	T:AG[T>G]CA	-1	20220.0	1835111887
JG0139b	11	26503472	T:AC[T>G]TT	-1	72636.0	1835184523
JG0139b	11	26504618	U:AC[T>A]TG	1	1146.0	1835185669
JG0139b	11	26728646	N:AC[T>A]TG	-1	224028.0	1835409697
JG0139b	11	26960797	N:TC[T>C]TG	-1	232151.0	1835641848
JG0139b	11	27184926	N:TC[T>G]TC	1	224129.0	1835865977
JG0139b	11	27248163	N:TC[T>G]TC	-1	63237.0	1835929214
JG0139b	11	27747625	N:TC[T>A]TA	1	499462.0	1836428676
JG0139b	11	27768172	N:AA[T>G]TA	-1	20547.0	1836449223
JG0139b	11	27829764	N:AG[T>C]TG	-1	61592.0	1836510815
JG0139b	11	27853934	N:GC[T>C]TA	-1	24170.0	1836534985
JG0139b	11	28578443	N:AT[T>G]TA	1	724509.0	1837259494
JG0139b	11	28638585	N:TC[T>G]TA	-1	60142.0	1837319636
JG0139b	11	28805244	N:CC[T>A]CC	-1	166659.0	1837486295
JG0139b	11	29147844	N:AA[C>T]AT	-1	342600.0	1837828895
JG0139b	11	29282898	N:AA[C>G]TA	1	135054.0	1837963949
JG0139b	11	29524099	N:CC[T>C]TG	-1	241201.0	1838205150
JG0139b	11	29632812	N:TC[T>G]CA	1	108713.0	1838313863
JG0139b	11	30153861	N:TC[T>A]TG	-1	521049.0	1838834912
JG0139b	11	30306498	N:AC[T>C]CG	-1	152637.0	1838987549
JG0139b	11	30375290	N:AC[T>G]TA	-1	68792.0	1839056341
JG0139b	11	30485792	U:GG[T>C]CG	-1	110502.0	1839166843
JG0139b	11	30671380	N:CT[T>A]AT	1	185588.0	1839352431
JG0139b	11	30742730	N:GC[T>G]TA	-1	71350.0	1839423781
JG0139b	11	30767098	N:AC[T>G]GC	1	24368.0	1839448149
JG0139b	11	30839371	N:GC[T>C]TC	1	72273.0	1839520422
JG0139b	11	30860646	N:AC[T>G]TT	-1	21275.0	1839541697
JG0139b	11	30877216	U:AC[T>A]GA	-1	16570.0	1839558267
JG0139b	11	30965428	U:AC[T>C]CA	-1	88212.0	1839646479
JG0139b	11	30987266	T:GC[C>T]TC	1	21838.0	1839668317
JG0139b	11	30987267	T:CC[T>A]CA	1	1.0	1839668318
JG0139b	11	31036919	U:AC[T>C]CT	-1	49652.0	1839717970
JG0139b	11	31080393	T:AT[C>A]AG	1	43474.0	1839761444
JG0139b	11	31719227	U:AC[T>C]CC	1	638834.0	1840400278
JG0139b	11	31759953	U:CC[T>A]CG	1	40726.0	1840441004
JG0139b	11	31850233	T:TC[T>A]CA	-1	90280.0	1840531284
JG0139b	11	31935320	U:TG[T>G]AA	1	85087.0	1840616371
JG0139b	11	32029363	T:TC[T>A]CA	-1	94043.0	1840710414
JG0139b	11	32496719	N:GC[T>C]CA	1	467356.0	1841177770
JG0139b	11	32516935	N:CC[T>G]CT	1	20216.0	1841197986
JG0139b	11	32934828	T:TC[T>G]TC	-1	417893.0	1841615879
JG0139b	11	33850011	N:TC[T>A]TG	1	915183.0	1842531062
JG0139b	11	33960258	N:GC[T>G]TC	-1	110247.0	1842641309
JG0139b	11	33964690	N:GA[T>G]TA	1	4432.0	1842645741
JG0139b	11	34471252	U:AG[T>G]TA	1	506562.0	1843152303
JG0139b	11	34735711	N:AC[T>C]TG	-1	264459.0	1843416762
JG0139b	11	34819770	N:TC[T>C]TT	1	84059.0	1843500821
JG0139b	11	34838147	N:GG[T>C]TG	1	18377.0	1843519198
JG0139b	11	35028037	N:GG[T>G]TA	1	189890.0	1843709088
JG0139b	11	35224282	T:TG[T>C]TT	-1	196245.0	1843905333
JG0139b	11	35266247	T:TC[T>C]CA	1	41965.0	1843947298
JG0139b	11	35286543	T:AG[T>G]TG	1	20296.0	1843967594
JG0139b	11	35295174	U:AC[T>C]CA	-1	8631.0	1843976225
JG0139b	11	35366696	U:TT[T>G]TA	-1	71522.0	1844047747
JG0139b	11	35392391	U:AC[T>G]TT	-1	25695.0	1844073442
JG0139b	11	35405991	U:TG[T>G]TA	-1	13600.0	1844087042
JG0139b	11	35464277	U:CA[T>G]TG	-1	58286.0	1844145328
JG0139b	11	35516528	U:AC[T>G]TG	-1	52251.0	1844197579
JG0139b	11	35518241	U:AC[T>A]TG	-1	1713.0	1844199292
JG0139b	11	35587568	N:GC[T>A]TA	-1	69327.0	1844268619
JG0139b	11	35658528	N:AC[T>C]GA	1	70960.0	1844339579
JG0139b	11	35692053	T:AC[T>C]TA	-1	33525.0	1844373104
JG0139b	11	35701665	U:GC[T>C]TA	1	9612.0	1844382716
JG0139b	11	35750751	U:TC[T>A]TA	1	49086.0	1844431802
JG0139b	11	35787320	U:TC[T>C]TA	1	36569.0	1844468371
JG0139b	11	35840681	N:TC[T>G]TT	1	53361.0	1844521732
JG0139b	11	35908064	N:AC[T>G]TG	-1	67383.0	1844589115
JG0139b	11	35990518	T:AC[T>G]TG	-1	82454.0	1844671569
JG0139b	11	36081052	U:TC[T>A]TG	1	90534.0	1844762103
JG0139b	11	36088840	U:TC[T>C]CA	1	7788.0	1844769891
JG0139b	11	36163355	T:GG[T>C]CT	-1	74515.0	1844844406
JG0139b	11	36193320	U:AC[T>C]TT	1	29965.0	1844874371
JG0139b	11	36230104	U:CC[T>C]CA	1	36784.0	1844911155
JG0139b	11	36307064	T:TC[T>A]TC	-1	76960.0	1844988115
JG0139b	11	36379794	T:TC[T>C]TG	-1	72730.0	1845060845
JG0139b	11	36409759	T:AG[T>G]TG	-1	29965.0	1845090810
JG0139b	11	36544195	N:AC[T>G]TG	-1	134436.0	1845225246
JG0139b	11	36574866	T:AC[T>C]CA	-1	30671.0	1845255917
JG0139b	11	36591733	N:TC[T>C]CA	-1	16867.0	1845272784
JG0139b	11	36641428	T:TC[T>A]TA	-1	49695.0	1845322479
JG0139b	11	36859713	N:AT[T>G]TC	-1	218285.0	1845540764
JG0139b	11	36860427	N:AC[T>A]TG	-1	714.0	1845541478
JG0139b	11	36905903	N:GG[T>G]TA	1	45476.0	1845586954
JG0139b	11	37167162	N:AC[T>C]TG	-1	261259.0	1845848213
JG0139b	11	37224192	N:GC[T>C]TC	-1	57030.0	1845905243
JG0139b	11	37230987	N:AC[T>C]TC	1	6795.0	1845912038
JG0139b	11	37235471	N:AC[T>G]TA	-1	4484.0	1845916522
JG0139b	11	37340538	N:AC[T>A]TG	1	105067.0	1846021589
JG0139b	11	37356823	N:AC[T>C]TG	1	16285.0	1846037874
JG0139b	11	37639488	N:CC[T>G]TC	1	282665.0	1846320539
JG0139b	11	37751844	N:AG[T>C]CA	-1	112356.0	1846432895
JG0139b	11	37855837	N:AC[T>A]CC	1	103993.0	1846536888
JG0139b	11	38080724	N:TC[T>C]CC	1	224887.0	1846761775
JG0139b	11	38138951	N:TC[T>C]TG	-1	58227.0	1846820002
JG0139b	11	38228626	N:AC[T>C]CA	-1	89675.0	1846909677
JG0139b	11	38236581	N:GC[T>C]TG	-1	7955.0	1846917632
JG0139b	11	38298844	N:TA[C>A]TT	1	62263.0	1846979895
JG0139b	11	38298845	N:AC[T>C]TT	1	1.0	1846979896
JG0139b	11	38400672	N:AC[T>A]GA	1	101827.0	1847081723
JG0139b	11	38544066	N:AC[T>A]TT	1	143394.0	1847225117
JG0139b	11	38586046	N:AC[T>C]TG	-1	41980.0	1847267097
JG0139b	11	38599947	N:AC[T>G]CA	1	13901.0	1847280998
JG0139b	11	38690575	N:AC[T>C]TG	-1	90628.0	1847371626
JG0139b	11	38697461	N:TC[T>C]CT	1	6886.0	1847378512
JG0139b	11	38730184	N:AG[T>G]TG	1	32723.0	1847411235
JG0139b	11	38745183	N:AC[T>C]TA	1	14999.0	1847426234
JG0139b	11	38885158	N:AC[T>G]TT	-1	139975.0	1847566209
JG0139b	11	39043166	N:GC[T>C]TG	-1	158008.0	1847724217
JG0139b	11	39173787	N:GC[T>C]TG	-1	130621.0	1847854838
JG0139b	11	39203289	N:GA[T>G]TA	-1	29502.0	1847884340
JG0139b	11	39230052	N:TC[T>G]TA	1	26763.0	1847911103
JG0139b	11	39341418	N:TC[T>C]CA	1	111366.0	1848022469
JG0139b	11	39498782	N:TC[T>C]CA	-1	157364.0	1848179833
JG0139b	11	39728967	N:CT[C>A]AT	1	230185.0	1848410018
JG0139b	11	39936673	N:TC[T>C]CT	-1	207706.0	1848617724
JG0139b	11	40351657	U:AG[T>G]TT	-1	414984.0	1849032708
JG0139b	11	40844671	T:AT[C>A]AT	1	493014.0	1849525722
JG0139b	11	41163508	T:AC[T>C]CC	1	318837.0	1849844559
JG0139b	11	41215545	T:CC[T>A]TG	1	52037.0	1849896596
JG0139b	11	41334806	T:AC[T>C]CA	1	119261.0	1850015857
JG0139b	11	41419846	U:GC[T>C]TG	-1	85040.0	1850100897
JG0139b	11	41475244	N:TG[T>G]TA	1	55398.0	1850156295
JG0139b	11	41660623	N:TC[T>A]TG	1	185379.0	1850341674
JG0139b	11	41915128	N:TC[T>A]TG	1	254505.0	1850596179
JG0139b	11	42190539	N:AA[T>C]AA	1	275411.0	1850871590
JG0139b	11	42707458	N:CA[T>C]GT	1	516919.0	1851388509
JG0139b	11	42716520	N:AC[T>A]TT	1	9062.0	1851397571
JG0139b	11	42848075	N:TC[T>G]TA	1	131555.0	1851529126
JG0139b	11	43007042	N:AA[T>G]TT	-1	158967.0	1851688093
JG0139b	11	43043211	N:AC[T>G]TT	-1	36169.0	1851724262
JG0139b	11	43062217	N:TC[T>C]AG	1	19006.0	1851743268
JG0139b	11	43147351	N:AG[T>G]TG	1	85134.0	1851828402
JG0139b	11	43201614	N:GA[T>G]TA	-1	54263.0	1851882665
JG0139b	11	43202524	N:TC[T>G]TT	-1	910.0	1851883575
JG0139b	11	43225447	N:GA[T>A]TA	-1	22923.0	1851906498
JG0139b	11	43245959	N:TC[T>A]TA	1	20512.0	1851927010
JG0139b	11	43291064	N:TC[T>C]CT	1	45105.0	1851972115
JG0139b	11	43309000	N:TC[T>A]TG	1	17936.0	1851990051
JG0139b	11	43832812	U:AC[T>C]TG	1	523812.0	1852513863
JG0139b	11	44045769	N:TA[T>G]TC	-1	212957.0	1852726820
JG0139b	11	44077637	T:GC[T>C]TA	-1	31868.0	1852758688
JG0139b	11	44081737	T:CC[T>G]CA	-1	4100.0	1852762788
JG0139b	11	44330534	N:CC[T>G]TA	1	248797.0	1853011585
JG0139b	11	44398824	N:AC[T>C]CA	1	68290.0	1853079875
JG0139b	11	44432840	N:TC[T>A]TA	-1	34016.0	1853113891
JG0139b	11	44566433	T:GC[T>C]TG	-1	133593.0	1853247484
JG0139b	11	44651635	N:TG[T>G]TG	1	85202.0	1853332686
JG0139b	11	44785386	T:GC[T>C]CA	-1	133751.0	1853466437
JG0139b	11	44824153	U:TC[T>C]TG	1	38767.0	1853505204
JG0139b	11	44828500	T:CC[T>C]TG	-1	4347.0	1853509551
JG0139b	11	44967710	N:TC[T>C]GG	-1	139210.0	1853648761
JG0139b	11	45111785	T:TC[T>C]CA	-1	144075.0	1853792836
JG0139b	11	45159180	T:TC[T>G]TG	-1	47395.0	1853840231
JG0139b	11	45373808	N:CC[T>A]CA	-1	214628.0	1854054859
JG0139b	11	45390466	N:TC[T>C]CT	-1	16658.0	1854071517
JG0139b	11	45699726	N:TC[T>C]TA	-1	309260.0	1854380777
JG0139b	11	45726004	N:AC[T>A]CA	-1	26278.0	1854407055
JG0139b	11	45769364	N:TC[T>C]GA	1	43360.0	1854450415
JG0139b	11	45903734	T:GC[T>G]TT	-1	134370.0	1854584785
JG0139b	11	46026678	U:GC[T>C]CA	-1	122944.0	1854707729
JG0139b	11	46072933	T:GC[T>A]TT	1	46255.0	1854753984
JG0139b	11	46136781	N:AC[T>G]TC	1	63848.0	1854817832
JG0139b	11	46797820	U:TG[T>C]GC	-1	661039.0	1855478871
JG0139b	11	47634496	U:GC[T>A]TG	-1	836676.0	1856315547
JG0139b	11	47833699	T:CC[T>C]TA	1	199203.0	1856514750
JG0139b	11	47925914	N:AG[T>G]TA	-1	92215.0	1856606965
JG0139b	11	48083774	U:AC[T>G]TA	1	157860.0	1856764825
JG0139b	11	48562455	N:AC[T>C]CA	-1	478681.0	1857243506
JG0139b	11	48576384	N:AC[T>A]TT	-1	13929.0	1857257435
JG0139b	11	48587960	N:GA[T>G]TT	1	11576.0	1857269011
JG0139b	11	48684175	N:TC[T>G]TC	-1	96215.0	1857365226
JG0139b	11	48716071	N:AC[T>G]TC	-1	31896.0	1857397122
JG0139b	11	48846013	N:TC[T>G]TA	1	129942.0	1857527064
JG0139b	11	48874611	N:TC[T>G]GA	-1	28598.0	1857555662
JG0139b	11	49143690	N:AG[T>G]TG	-1	269079.0	1857824741
JG0139b	11	49157983	T:AC[T>G]TT	1	14293.0	1857839034
JG0139b	11	49587965	N:TC[T>G]TA	-1	429982.0	1858269016
JG0139b	11	50036767	N:TC[T>A]CA	-1	448802.0	1858717818
JG0139b	11	50618534	N:AC[T>A]CT	1	581767.0	1859299585
JG0139b	11	50702054	N:TC[T>G]TT	1	83520.0	1859383105
JG0139b	11	55113001	N:AC[T>G]TT	1	4410947.0	1863794052
JG0139b	11	55131532	N:TC[T>G]TC	1	18531.0	1863812583
JG0139b	11	55334102	N:AC[T>C]AC	-1	202570.0	1864015153
JG0139b	11	55411788	N:GC[T>C]CT	1	77686.0	1864092839
JG0139b	11	55417745	N:CC[T>A]CA	1	5957.0	1864098796
JG0139b	11	55784386	N:AC[T>C]TC	1	366641.0	1864465437
JG0139b	11	55909409	N:AT[T>G]TC	1	125023.0	1864590460
JG0139b	11	56524432	N:TC[T>A]TA	1	615023.0	1865205483
JG0139b	11	56525787	N:AC[T>A]TT	-1	1355.0	1865206838
JG0139b	11	56583610	N:AC[T>C]TG	1	57823.0	1865264661
JG0139b	11	56646839	N:AG[T>C]CA	-1	63229.0	1865327890
JG0139b	11	56776546	N:AC[T>A]CA	-1	129707.0	1865457597
JG0139b	11	56799604	N:AC[T>G]TA	-1	23058.0	1865480655
JG0139b	11	56816738	N:TC[T>C]TA	-1	17134.0	1865497789
JG0139b	11	56818155	N:AG[T>G]TA	-1	1417.0	1865499206
JG0139b	11	56838303	N:AC[T>C]TG	-1	20148.0	1865519354
JG0139b	11	56870610	N:AT[C>T]TC	1	32307.0	1865551661
JG0139b	11	56870611	N:TC[T>C]CA	1	1.0	1865551662
JG0139b	11	56959972	N:GC[T>G]TT	1	89361.0	1865641023
JG0139b	11	57001622	N:GC[T>C]CA	1	41650.0	1865682673
JG0139b	11	57102008	N:GT[T>G]TA	1	100386.0	1865783059
JG0139b	11	57118693	N:AC[T>G]TG	1	16685.0	1865799744
JG0139b	11	57188240	U:AC[T>C]CA	1	69547.0	1865869291
JG0139b	11	57234871	T:GC[T>G]CA	1	46631.0	1865915922
JG0139b	11	57413881	T:CC[T>G]CT	1	179010.0	1866094932
JG0139b	11	57438660	N:GC[T>G]TA	-1	24779.0	1866119711
JG0139b	11	57613224	T:GC[T>A]TA	-1	174564.0	1866294275
JG0139b	11	57624089	N:GG[T>C]TA	1	10865.0	1866305140
JG0139b	11	57630660	N:GG[T>G]TA	-1	6571.0	1866311711
JG0139b	11	57941441	N:AG[C>A]TT	-1	310781.0	1866622492
JG0139b	11	57955464	N:GC[T>G]TG	1	14023.0	1866636515
JG0139b	11	58041385	T:AC[T>G]TG	-1	85921.0	1866722436
JG0139b	11	58126031	T:CC[T>A]TG	-1	84646.0	1866807082
JG0139b	11	58149874	U:AC[T>A]TG	1	23843.0	1866830925
JG0139b	11	58197484	N:AC[T>A]TG	1	47610.0	1866878535
JG0139b	11	58206064	N:TC[T>C]CC	-1	8580.0	1866887115
JG0139b	11	58208371	N:GC[T>C]TA	1	2307.0	1866889422
JG0139b	11	58305061	N:AC[T>C]CA	-1	96690.0	1866986112
JG0139b	11	58352160	N:AC[T>G]CA	1	47099.0	1867033211
JG0139b	11	58744769	N:TG[T>C]AG	-1	392609.0	1867425820
JG0139b	11	58750681	N:TC[T>C]GC	-1	5912.0	1867431732
JG0139b	11	58815511	N:CC[T>C]TG	-1	64830.0	1867496562
JG0139b	11	58826336	N:AA[T>G]CA	1	10825.0	1867507387
JG0139b	11	58832372	N:TC[T>A]TA	1	6036.0	1867513423
JG0139b	11	58841837	U:AC[T>G]CA	-1	9465.0	1867522888
JG0139b	11	58994635	N:TG[T>C]TT	-1	152798.0	1867675686
JG0139b	11	58999261	N:CC[T>C]CG	1	4626.0	1867680312
JG0139b	11	59077104	N:CC[T>C]TG	-1	77843.0	1867758155
JG0139b	11	59171610	T:GC[T>G]TA	-1	94506.0	1867852661
JG0139b	11	59290718	N:AC[T>C]TA	1	119108.0	1867971769
JG0139b	11	59351568	N:GG[T>C]TT	-1	60850.0	1868032619
JG0139b	11	59351634	N:AC[T>C]GC	-1	66.0	1868032685
JG0139b	11	59413735	N:AC[T>C]GC	1	62101.0	1868094786
JG0139b	11	59431078	N:AC[T>G]TA	1	17343.0	1868112129
JG0139b	11	59468291	N:GC[T>G]TG	-1	37213.0	1868149342
JG0139b	11	59492557	N:AG[T>A]CT	-1	24266.0	1868173608
JG0139b	11	59505023	N:TC[T>C]TG	-1	12466.0	1868186074
JG0139b	11	59774622	T:TC[T>G]TG	-1	269599.0	1868455673
JG0139b	11	59828646	N:AT[T>G]TT	1	54024.0	1868509697
JG0139b	11	60305169	U:TC[T>C]TG	1	476523.0	1868986220
JG0139b	11	60750359	N:AC[T>C]CA	1	445190.0	1869431410
JG0139b	11	60751829	N:TC[T>A]CC	1	1470.0	1869432880
JG0139b	11	61057003	N:TC[T>G]TA	1	305174.0	1869738054
JG0139b	11	61169241	N:TA[T>G]TA	1	112238.0	1869850292
JG0139b	11	61540477	T:TA[T>G]TA	1	371236.0	1870221528
JG0139b	11	61909906	U:TC[T>C]CG	-1	369429.0	1870590957
JG0139b	11	61929145	N:CA[T>G]TT	1	19239.0	1870610196
JG0139b	11	61944865	N:AC[T>G]TA	1	15720.0	1870625916
JG0139b	11	62034021	N:TC[T>A]TG	1	89156.0	1870715072
JG0139b	11	62121221	N:AC[T>G]TC	1	87200.0	1870802272
JG0139b	11	62140543	U:CC[T>G]TC	1	19322.0	1870821594
JG0139b	11	62479982	T:GC[T>G]CC	1	339439.0	1871161033
JG0139b	11	63242206	N:TC[T>C]AC	1	762224.0	1871923257
JG0139b	11	63320291	N:AC[T>C]GC	-1	78085.0	1872001342
JG0139b	11	65398322	U:GA[T>G]TT	1	2078031.0	1874079373
JG0139b	11	65764400	N:AC[T>G]TC	1	366078.0	1874445451
JG0139b	11	65878219	N:GG[T>C]CT	1	113819.0	1874559270
JG0139b	11	66241319	U:CC[T>G]TC	1	363100.0	1874922370
JG0139b	11	66475063	U:AC[T>G]TG	1	233744.0	1875156114
JG0139b	11	66799420	T:GC[T>C]CA	-1	324357.0	1875480471
JG0139b	11	67293846	U:TC[T>G]TT	1	494426.0	1875974897
JG0139b	11	67333003	N:AA[C>A]AA	-1	39157.0	1876014054
JG0139b	11	67333004	N:TG[T>G]TA	1	1.0	1876014055
JG0139b	11	68200300	U:GC[T>G]TC	-1	867296.0	1876881351
JG0139b	11	68742471	U:AC[T>C]TT	-1	542171.0	1877423522
JG0139b	11	69293535	N:AC[T>A]CC	1	551064.0	1877974586
JG0139b	11	69452150	N:AC[T>C]CC	1	158615.0	1878133201
JG0139b	11	69546899	N:AC[T>G]AC	1	94749.0	1878227950
JG0139b	11	69753668	N:AC[T>C]GA	-1	206769.0	1878434719
JG0139b	11	69782072	N:AC[T>C]CA	-1	28404.0	1878463123
JG0139b	11	69850122	N:AC[T>G]CC	1	68050.0	1878531173
JG0139b	11	70010829	N:CC[T>G]CA	1	160707.0	1878691880
JG0139b	11	70017067	N:CC[T>G]TA	1	6238.0	1878698118
JG0139b	11	70038671	N:TC[T>C]CT	-1	21604.0	1878719722
JG0139b	11	70362504	T:GG[T>A]TG	-1	323833.0	1879043555
JG0139b	11	70677375	U:AC[T>A]CG	-1	314871.0	1879358426
JG0139b	11	70730456	U:AG[T>G]TA	-1	53081.0	1879411507
JG0139b	11	70858630	T:TC[T>G]TA	1	128174.0	1879539681
JG0139b	11	70865462	U:AC[T>A]CG	-1	6832.0	1879546513
JG0139b	11	70938989	U:TC[T>A]CC	-1	73527.0	1879620040
JG0139b	11	71215505	U:GC[T>C]CA	-1	276516.0	1879896556
JG0139b	11	71276415	N:CC[T>A]CA	1	60910.0	1879957466
JG0139b	11	71370208	N:TG[T>C]CA	1	93793.0	1880051259
JG0139b	11	71370512	N:AC[T>C]CC	1	304.0	1880051563
JG0139b	11	71417078	N:TC[T>A]TG	1	46566.0	1880098129
JG0139b	11	71417369	N:AC[T>C]TG	1	291.0	1880098420
JG0139b	11	71432320	U:AC[T>C]TG	-1	14951.0	1880113371
JG0139b	11	71445936	U:AG[T>G]TT	-1	13616.0	1880126987
JG0139b	11	71603047	N:GC[T>A]TG	-1	157111.0	1880284098
JG0139b	11	71944043	U:AC[T>G]TA	1	340996.0	1880625094
JG0139b	11	72167947	N:GC[T>G]GG	1	223904.0	1880848998
JG0139b	11	72612514	T:CC[T>G]TA	1	444567.0	1881293565
JG0139b	11	72895843	T:AC[T>G]CA	1	283329.0	1881576894
JG0139b	11	73014910	T:AT[T>G]TC	1	119067.0	1881695961
JG0139b	11	73320024	U:CG[T>C]CT	1	305114.0	1882001075
JG0139b	11	73560711	T:TC[T>C]GG	1	240687.0	1882241762
JG0139b	11	74288866	T:AC[T>G]TG	1	728155.0	1882969917
JG0139b	11	74390500	T:GC[T>G]GT	1	101634.0	1883071551
JG0139b	11	74835284	T:TC[T>C]TG	-1	444784.0	1883516335
JG0139b	11	74872539	U:AC[T>C]AA	-1	37255.0	1883553590
JG0139b	11	75046920	N:AA[T>G]TA	1	174381.0	1883727971
JG0139b	11	75070409	N:TC[T>C]GA	1	23489.0	1883751460
JG0139b	11	75163231	T:AG[T>A]TC	-1	92822.0	1883844282
JG0139b	11	75180144	T:AC[T>A]TG	-1	16913.0	1883861195
JG0139b	11	75517140	U:AC[T>G]TA	-1	336996.0	1884198191
JG0139b	11	75769641	U:AC[T>G]GA	1	252501.0	1884450692
JG0139b	11	75785769	U:GC[T>A]GT	1	16128.0	1884466820
JG0139b	11	75812152	N:TA[C>A]AG	-1	26383.0	1884493203
JG0139b	11	75917086	U:AC[T>C]TT	1	104934.0	1884598137
JG0139b	11	75982115	U:AC[T>C]TG	1	65029.0	1884663166
JG0139b	11	76002153	U:AC[T>G]TA	1	20038.0	1884683204
JG0139b	11	76018821	U:AG[T>C]CT	1	16668.0	1884699872
JG0139b	11	76303304	N:CC[T>C]TG	-1	284483.0	1884984355
JG0139b	11	76627560	N:GC[T>A]TA	1	324256.0	1885308611
JG0139b	11	76759629	N:TC[T>G]CA	1	132069.0	1885440680
JG0139b	11	76869962	T:AC[T>G]TA	-1	110333.0	1885551013
JG0139b	11	77127301	N:CC[T>C]GC	-1	257339.0	1885808352
JG0139b	11	77216983	T:CC[T>G]TC	1	89682.0	1885898034
JG0139b	11	77323659	T:GC[T>G]TA	1	106676.0	1886004710
JG0139b	11	77441719	U:CC[T>G]TG	-1	118060.0	1886122770
JG0139b	11	77866956	U:CC[T>C]CA	1	425237.0	1886548007
JG0139b	11	77888165	B:AC[T>C]TC	1	21209.0	1886569216
JG0139b	11	78043368	U:TC[T>A]TT	-1	155203.0	1886724419
JG0139b	11	78607964	N:TC[T>C]GC	-1	564596.0	1887289015
JG0139b	11	78656044	T:AC[T>G]TA	1	48080.0	1887337095
JG0139b	11	78728170	U:AC[T>C]GT	-1	72126.0	1887409221
JG0139b	11	78875108	T:AC[T>G]TT	1	146938.0	1887556159
JG0139b	11	78913949	U:TC[T>C]CC	-1	38841.0	1887595000
JG0139b	11	78938926	U:CG[T>G]TA	-1	24977.0	1887619977
JG0139b	11	78988890	T:GC[T>C]GG	1	49964.0	1887669941
JG0139b	11	79018655	T:AC[T>G]TA	1	29765.0	1887699706
JG0139b	11	79038565	U:AG[T>C]CA	-1	19910.0	1887719616
JG0139b	11	79132978	U:AC[T>A]TA	-1	94413.0	1887814029
JG0139b	11	79258843	U:GC[T>A]TG	-1	125865.0	1887939894
JG0139b	11	79259315	T:CC[T>G]CC	1	472.0	1887940366
JG0139b	11	79418326	T:GC[T>G]TC	1	159011.0	1888099377
JG0139b	11	79624626	N:GA[T>G]CT	1	206300.0	1888305677
JG0139b	11	79731929	N:AG[T>G]TG	1	107303.0	1888412980
JG0139b	11	79777697	N:CC[T>C]TG	1	45768.0	1888458748
JG0139b	11	79880759	N:AC[T>G]TG	-1	103062.0	1888561810
JG0139b	11	79915406	N:TC[T>G]TA	1	34647.0	1888596457
JG0139b	11	79934066	N:AC[T>G]GA	-1	18660.0	1888615117
JG0139b	11	79934547	N:GC[T>A]GC	-1	481.0	1888615598
JG0139b	11	79940744	N:GC[T>A]CA	1	6197.0	1888621795
JG0139b	11	79967933	N:GT[T>G]TG	-1	27189.0	1888648984
JG0139b	11	80129837	N:GG[T>G]TA	1	161904.0	1888810888
JG0139b	11	80213294	N:AC[T>C]CA	-1	83457.0	1888894345
JG0139b	11	80430418	N:TT[T>G]TA	-1	217124.0	1889111469
JG0139b	11	80447199	N:GC[T>A]TG	-1	16781.0	1889128250
JG0139b	11	80658893	N:TC[T>G]TA	-1	211694.0	1889339944
JG0139b	11	80817121	N:AC[T>G]CT	1	158228.0	1889498172
JG0139b	11	80956518	N:AC[T>A]TG	-1	139397.0	1889637569
JG0139b	11	81032579	N:AC[T>G]TT	1	76061.0	1889713630
JG0139b	11	81164921	N:AC[T>C]TT	-1	132342.0	1889845972
JG0139b	11	81292350	N:TC[T>C]CT	-1	127429.0	1889973401
JG0139b	11	81404247	N:TC[T>C]TT	-1	111897.0	1890085298
JG0139b	11	81433968	N:TC[T>G]TC	-1	29721.0	1890115019
JG0139b	11	81485375	N:TC[T>C]CA	-1	51407.0	1890166426
JG0139b	11	81520508	N:AC[T>G]GT	1	35133.0	1890201559
JG0139b	11	81687303	N:TC[T>C]GA	-1	166795.0	1890368354
JG0139b	11	81848647	N:TT[T>A]AA	-1	161344.0	1890529698
JG0139b	11	82020101	N:GC[T>G]TT	1	171454.0	1890701152
JG0139b	11	82238497	N:TT[C>G]CA	1	218396.0	1890919548
JG0139b	11	82255625	N:TC[T>C]CA	1	17128.0	1890936676
JG0139b	11	82317440	N:AC[T>G]AA	1	61815.0	1890998491
JG0139b	11	82408599	N:TC[T>C]TG	-1	91159.0	1891089650
JG0139b	11	82508163	N:TC[T>C]TA	1	99564.0	1891189214
JG0139b	11	82707219	N:TC[T>C]CG	-1	199056.0	1891388270
JG0139b	11	82930685	B:TC[T>C]TA	-1	223466.0	1891611736
JG0139b	11	83040025	U:AC[T>C]CT	-1	109340.0	1891721076
JG0139b	11	83120425	N:TC[T>C]CA	-1	80400.0	1891801476
JG0139b	11	83240392	T:TC[T>C]TG	-1	119967.0	1891921443
JG0139b	11	83258511	N:AC[T>G]TG	1	18119.0	1891939562
JG0139b	11	83440261	N:TC[T>C]TG	1	181750.0	1892121312
JG0139b	11	83461673	T:TC[T>C]GA	1	21412.0	1892142724
JG0139b	11	83471141	T:TC[T>A]TG	1	9468.0	1892152192
JG0139b	11	83540069	T:TC[T>A]TT	1	68928.0	1892221120
JG0139b	11	83621472	U:TC[T>A]TC	-1	81403.0	1892302523
JG0139b	11	83746410	U:AC[T>A]CA	-1	124938.0	1892427461
JG0139b	11	83749868	T:CC[T>C]CA	1	3458.0	1892430919
JG0139b	11	84232692	T:CC[T>G]CA	1	482824.0	1892913743
JG0139b	11	84286165	U:AC[T>G]TG	-1	53473.0	1892967216
JG0139b	11	84408472	U:TC[T>C]TA	-1	122307.0	1893089523
JG0139b	11	84475559	U:AC[T>A]TG	-1	67087.0	1893156610
JG0139b	11	84497981	U:GC[T>C]TT	-1	22422.0	1893179032
JG0139b	11	84668602	U:TT[T>G]TA	-1	170621.0	1893349653
JG0139b	11	84795745	T:GC[T>G]TC	1	127143.0	1893476796
JG0139b	11	84830068	T:TA[T>G]CA	1	34323.0	1893511119
JG0139b	11	85455360	T:TC[T>C]GT	1	625292.0	1894136411
JG0139b	11	86091205	N:TG[T>C]CA	-1	635845.0	1894772256
JG0139b	11	86246687	U:TC[T>G]TC	1	155482.0	1894927738
JG0139b	11	86512451	T:AC[T>G]TA	1	265764.0	1895193502
JG0139b	11	86543662	T:TC[T>G]TA	1	31211.0	1895224713
JG0139b	11	86688713	N:TG[T>G]CA	1	145051.0	1895369764
JG0139b	11	86787094	N:AC[T>G]TG	-1	98381.0	1895468145
JG0139b	11	86861340	U:TC[T>G]TG	1	74246.0	1895542391
JG0139b	11	86973757	N:AC[T>G]TT	1	112417.0	1895654808
JG0139b	11	87119470	T:CC[T>G]TG	-1	145713.0	1895800521
JG0139b	11	87295528	T:AC[T>G]TA	-1	176058.0	1895976579
JG0139b	11	87303046	T:AC[T>A]CA	-1	7518.0	1895984097
JG0139b	11	87333155	N:AC[T>C]TA	-1	30109.0	1896014206
JG0139b	11	87356189	N:TC[T>C]CA	-1	23034.0	1896037240
JG0139b	11	87360842	N:AG[T>A]TT	-1	4653.0	1896041893
JG0139b	11	87412598	N:TC[T>A]TG	-1	51756.0	1896093649
JG0139b	11	87439611	N:AC[T>A]TG	-1	27013.0	1896120662
JG0139b	11	87449131	N:GC[T>G]TT	-1	9520.0	1896130182
JG0139b	11	87495806	N:CC[T>G]TA	-1	46675.0	1896176857
JG0139b	11	88016152	N:GC[T>C]TG	1	520346.0	1896697203
JG0139b	11	88025273	N:GA[T>G]TG	-1	9121.0	1896706324
JG0139b	11	88035758	N:GC[T>C]AG	-1	10485.0	1896716809
JG0139b	11	88118313	T:GC[C>A]AA	1	82555.0	1896799364
JG0139b	11	88204840	N:GC[T>C]CA	1	86527.0	1896885891
JG0139b	11	88216106	N:AC[T>G]TA	1	11266.0	1896897157
JG0139b	11	88224821	N:GC[T>G]TG	1	8715.0	1896905872
JG0139b	11	88411466	N:AC[T>G]TG	1	186645.0	1897092517
JG0139b	11	88412392	N:TC[T>A]CA	-1	926.0	1897093443
JG0139b	11	88415181	N:TC[T>G]TT	-1	2789.0	1897096232
JG0139b	11	88515587	T:AA[T>G]TA	1	100406.0	1897196638
JG0139b	11	88580359	U:AC[T>G]TG	-1	64772.0	1897261410
JG0139b	11	88729212	U:GC[T>C]TG	-1	148853.0	1897410263
JG0139b	11	88771479	U:CC[T>A]TG	-1	42267.0	1897452530
JG0139b	11	89142618	N:TC[T>C]CA	1	371139.0	1897823669
JG0139b	11	89227449	T:TC[T>C]TT	-1	84831.0	1897908500
JG0139b	11	89492716	U:CC[T>A]TT	-1	265267.0	1898173767
JG0139b	11	90125498	N:AC[T>G]TG	-1	632782.0	1898806549
JG0139b	11	90159440	U:TC[T>C]CT	1	33942.0	1898840491
JG0139b	11	90208869	T:TC[T>G]AA	1	49429.0	1898889920
JG0139b	11	90211053	U:AC[T>C]TC	-1	2184.0	1898892104
JG0139b	11	90226954	N:TC[T>G]TG	1	15901.0	1898908005
JG0139b	11	90347629	N:AC[T>G]TA	-1	120675.0	1899028680
JG0139b	11	90353548	N:TC[T>G]TG	1	5919.0	1899034599
JG0139b	11	90354055	N:AC[T>C]TG	-1	507.0	1899035106
JG0139b	11	90358132	N:TC[T>G]TG	1	4077.0	1899039183
JG0139b	11	90397743	N:GT[C>G]TT	1	39611.0	1899078794
JG0139b	11	90537615	N:AC[T>G]TA	1	139872.0	1899218666
JG0139b	11	90626090	N:TC[T>C]TA	-1	88475.0	1899307141
JG0139b	11	91041514	N:AC[T>G]CG	1	415424.0	1899722565
JG0139b	11	91111683	N:GC[T>C]TC	1	70169.0	1899792734
JG0139b	11	91206337	N:TC[T>C]TA	-1	94654.0	1899887388
JG0139b	11	91452590	N:AC[T>C]CA	1	246253.0	1900133641
JG0139b	11	91490093	N:GC[T>A]TG	1	37503.0	1900171144
JG0139b	11	91490479	N:CC[T>G]TA	-1	386.0	1900171530
JG0139b	11	91561833	N:AC[T>C]TG	-1	71354.0	1900242884
JG0139b	11	91805023	N:TC[T>C]TA	1	243190.0	1900486074
JG0139b	11	91902036	N:AG[T>G]TA	-1	97013.0	1900583087
JG0139b	11	91985222	N:TC[T>C]CA	1	83186.0	1900666273
JG0139b	11	91985292	N:AC[T>C]CC	1	70.0	1900666343
JG0139b	11	91988050	N:TC[T>C]TA	-1	2758.0	1900669101
JG0139b	11	92101383	N:AC[T>G]TA	1	113333.0	1900782434
JG0139b	11	92174024	N:AC[T>C]TG	-1	72641.0	1900855075
JG0139b	11	92439382	T:TC[T>C]TA	-1	265358.0	1901120433
JG0139b	11	92450020	U:GC[T>C]CA	1	10638.0	1901131071
JG0139b	11	92563519	T:AC[T>C]TA	-1	113499.0	1901244570
JG0139b	11	92608951	T:TC[T>A]TG	-1	45432.0	1901290002
JG0139b	11	92677459	U:CC[T>C]CT	1	68508.0	1901358510
JG0139b	11	92677611	T:CC[T>G]TG	-1	152.0	1901358662
JG0139b	11	92807484	T:AC[T>G]TG	-1	129873.0	1901488535
JG0139b	11	92816872	T:CC[T>A]CC	-1	9388.0	1901497923
JG0139b	11	92876069	U:TC[T>C]GA	1	59197.0	1901557120
JG0139b	11	93001621	N:TC[T>G]TG	1	125552.0	1901682672
JG0139b	11	93039214	N:AC[T>C]TT	-1	37593.0	1901720265
JG0139b	11	93101471	N:TC[T>G]TG	-1	62257.0	1901782522
JG0139b	11	93114998	N:TC[T>C]TA	-1	13527.0	1901796049
JG0139b	11	93260138	N:GG[T>G]TA	1	145140.0	1901941189
JG0139b	11	93267542	N:AC[T>C]CA	-1	7404.0	1901948593
JG0139b	11	93307856	N:CC[T>G]TA	1	40314.0	1901988907
JG0139b	11	93628318	N:TC[T>G]TA	1	320462.0	1902309369
JG0139b	11	93905330	N:CC[T>G]GA	1	277012.0	1902586381
JG0139b	11	94126379	N:GC[T>G]TA	-1	221049.0	1902807430
JG0139b	11	94171005	T:AC[T>C]GA	-1	44626.0	1902852056
JG0139b	11	94185438	N:AG[T>G]GA	1	14433.0	1902866489
JG0139b	11	94262232	N:AC[T>G]TA	1	76794.0	1902943283
JG0139b	11	94274590	N:CC[T>C]CC	-1	12358.0	1902955641
JG0139b	11	94628593	N:TC[T>C]TC	-1	354003.0	1903309644
JG0139b	11	94815784	T:AA[T>G]TA	-1	187191.0	1903496835
JG0139b	11	95108807	U:GG[T>G]TC	1	293023.0	1903789858
JG0139b	11	95428278	N:TC[T>G]TC	1	319471.0	1904109329
JG0139b	11	95848046	T:AC[T>C]TA	1	419768.0	1904529097
JG0139b	11	96212860	U:GC[T>C]TA	-1	364814.0	1904893911
JG0139b	11	96580514	N:GC[T>G]TA	-1	367654.0	1905261565
JG0139b	11	96842215	N:AC[T>G]TA	-1	261701.0	1905523266
JG0139b	11	96847990	N:TC[T>G]TC	-1	5775.0	1905529041
JG0139b	11	96951557	N:AC[T>C]TG	-1	103567.0	1905632608
JG0139b	11	96992767	N:TC[T>C]GA	-1	41210.0	1905673818
JG0139b	11	97078898	N:AC[T>C]TG	1	86131.0	1905759949
JG0139b	11	97094042	N:TC[T>A]TA	-1	15144.0	1905775093
JG0139b	11	97209684	N:GC[T>G]TA	-1	115642.0	1905890735
JG0139b	11	97276861	N:TC[T>C]TC	-1	67177.0	1905957912
JG0139b	11	97361301	N:AC[T>C]GA	1	84440.0	1906042352
JG0139b	11	97379325	N:TC[T>C]GA	-1	18024.0	1906060376
JG0139b	11	98136446	N:TC[T>G]TA	1	757121.0	1906817497
JG0139b	11	98230673	N:TC[T>G]TA	1	94227.0	1906911724
JG0139b	11	98387400	N:AC[T>C]TG	1	156727.0	1907068451
JG0139b	11	98826530	N:CG[T>C]CA	-1	439130.0	1907507581
JG0139b	11	99046290	T:TC[T>A]TG	-1	219760.0	1907727341
JG0139b	11	99057593	T:AG[T>G]TT	-1	11303.0	1907738644
JG0139b	11	99552132	U:AC[T>C]CC	1	494539.0	1908233183
JG0139b	11	99806029	T:GC[T>G]TT	-1	253897.0	1908487080
JG0139b	11	100033261	T:AG[T>G]TT	-1	227232.0	1908714312
JG0139b	11	100054156	U:GG[T>C]CC	1	20895.0	1908735207
JG0139b	11	100156023	T:TC[T>C]CT	-1	101867.0	1908837074
JG0139b	11	100273626	T:GC[T>C]TG	-1	117603.0	1908954677
JG0139b	11	100295639	T:GC[T>C]CT	-1	22013.0	1908976690
JG0139b	11	100591309	N:TC[T>C]TG	1	295670.0	1909272360
JG0139b	11	100700866	U:TC[T>C]CA	1	109557.0	1909381917
JG0139b	11	100766920	U:GC[T>G]TC	1	66054.0	1909447971
JG0139b	11	100864817	U:AC[T>G]TA	1	97897.0	1909545868
JG0139b	11	101099912	U:AC[T>A]CA	-1	235095.0	1909780963
JG0139b	11	101165501	N:TC[T>G]TA	1	65589.0	1909846552
JG0139b	11	101165609	N:AC[T>A]TT	1	108.0	1909846660
JG0139b	11	101258355	N:AC[T>C]CA	1	92746.0	1909939406
JG0139b	11	101383262	N:TC[T>G]TA	-1	124907.0	1910064313
JG0139b	11	101588340	N:GC[T>C]TT	-1	205078.0	1910269391
JG0139b	11	101596033	N:TC[T>C]TA	-1	7693.0	1910277084
JG0139b	11	101653435	N:AC[T>G]TA	-1	57402.0	1910334486
JG0139b	11	101661694	N:TC[T>C]CA	1	8259.0	1910342745
JG0139b	11	101720720	N:TC[T>G]TA	-1	59026.0	1910401771
JG0139b	11	101728096	N:TC[T>G]TG	-1	7376.0	1910409147
JG0139b	11	101752191	N:TC[T>A]TA	-1	24095.0	1910433242
JG0139b	11	101867922	N:TG[T>G]GA	-1	115731.0	1910548973
JG0139b	11	102118489	T:AC[T>C]CT	-1	250567.0	1910799540
JG0139b	11	102167713	T:TG[T>C]CA	-1	49224.0	1910848764
JG0139b	11	102272277	N:GC[T>G]TT	-1	104564.0	1910953328
JG0139b	11	102334205	U:AC[T>G]TT	1	61928.0	1911015256
JG0139b	11	102655833	N:TG[T>C]AA	1	321628.0	1911336884
JG0139b	11	102674178	N:AC[T>C]TA	-1	18345.0	1911355229
JG0139b	11	102815573	N:AC[T>C]TA	-1	141395.0	1911496624
JG0139b	11	102852891	N:AG[T>G]TA	-1	37318.0	1911533942
JG0139b	11	103047133	N:AC[T>G]CA	1	194242.0	1911728184
JG0139b	11	103102424	N:GG[T>G]TA	1	55291.0	1911783475
JG0139b	11	103322507	U:AC[T>G]TA	1	220083.0	1912003558
JG0139b	11	103356761	U:AC[T>A]TG	1	34254.0	1912037812
JG0139b	11	103377162	U:AC[T>C]TG	1	20401.0	1912058213
JG0139b	11	103393422	U:AC[T>C]TT	1	16260.0	1912074473
JG0139b	11	103529825	N:TC[T>G]TG	1	136403.0	1912210876
JG0139b	11	103583052	N:TC[T>A]CC	-1	53227.0	1912264103
JG0139b	11	103681735	N:TC[T>C]CT	-1	98683.0	1912362786
JG0139b	11	103863932	N:AC[T>C]TG	-1	182197.0	1912544983
JG0139b	11	103891762	N:TC[T>G]TA	1	27830.0	1912572813
JG0139b	11	103935426	T:AC[T>C]TA	1	43664.0	1912616477
JG0139b	11	103947377	T:CC[T>G]TT	1	11951.0	1912628428
JG0139b	11	104219144	N:TC[T>C]CC	1	271767.0	1912900195
JG0139b	11	104313991	N:AC[T>A]TG	-1	94847.0	1912995042
JG0139b	11	104542855	N:GC[T>G]TT	1	228864.0	1913223906
JG0139b	11	104879220	N:TC[T>C]AC	-1	336365.0	1913560271
JG0139b	11	105062472	U:TT[T>G]TC	-1	183252.0	1913743523
JG0139b	11	105302411	U:AC[T>C]TA	-1	239939.0	1913983462
JG0139b	11	105601447	N:CC[T>G]CA	1	299036.0	1914282498
JG0139b	11	105602376	N:AC[T>C]TT	-1	929.0	1914283427
JG0139b	11	105699813	U:TC[T>C]TT	1	97437.0	1914380864
JG0139b	11	105730266	T:AG[T>G]TA	-1	30453.0	1914411317
JG0139b	11	105984614	N:TG[T>G]CA	1	254348.0	1914665665
JG0139b	11	106109495	N:GC[T>G]TA	-1	124881.0	1914790546
JG0139b	11	106247180	N:CC[T>C]CA	-1	137685.0	1914928231
JG0139b	11	106380853	N:TC[T>G]TG	-1	133673.0	1915061904
JG0139b	11	106404777	N:AC[T>C]TG	-1	23924.0	1915085828
JG0139b	11	106462653	N:TC[T>C]GG	-1	57876.0	1915143704
JG0139b	11	106553238	N:GC[T>C]CC	-1	90585.0	1915234289
JG0139b	11	106578021	N:AG[T>C]TG	1	24783.0	1915259072
JG0139b	11	106652520	N:AC[T>G]TG	1	74499.0	1915333571
JG0139b	11	106863174	T:TG[T>C]TG	1	210654.0	1915544225
JG0139b	11	107031901	N:AC[T>G]TA	1	168727.0	1915712952
JG0139b	11	107067154	N:GC[T>C]GG	1	35253.0	1915748205
JG0139b	11	107067308	N:TC[T>C]CT	1	154.0	1915748359
JG0139b	11	107148933	N:TG[T>G]TA	-1	81625.0	1915829984
JG0139b	11	107266350	N:GC[T>C]TA	-1	117417.0	1915947401
JG0139b	11	107405001	U:TC[T>A]TA	-1	138651.0	1916086052
JG0139b	11	107405482	U:TC[T>C]TA	-1	481.0	1916086533
JG0139b	11	107491106	N:TG[T>A]TA	-1	85624.0	1916172157
JG0139b	11	107697491	N:AC[T>C]TG	1	206385.0	1916378542
JG0139b	11	107715402	T:AC[T>G]TA	1	17911.0	1916396453
JG0139b	11	107919496	T:GG[T>G]TG	1	204094.0	1916600547
JG0139b	11	107987330	N:AC[T>G]TG	1	67834.0	1916668381
JG0139b	11	108603497	N:AG[T>G]GA	1	616167.0	1917284548
JG0139b	11	108908119	U:TC[T>A]TC	1	304622.0	1917589170
JG0139b	11	109197524	N:AT[T>G]TT	1	289405.0	1917878575
JG0139b	11	109220002	N:TC[T>G]TA	-1	22478.0	1917901053
JG0139b	11	109457453	N:TC[T>C]TT	1	237451.0	1918138504
JG0139b	11	109470112	N:GC[T>G]TT	-1	12659.0	1918151163
JG0139b	11	109786210	N:AC[T>G]TG	1	316098.0	1918467261
JG0139b	11	109842549	N:TC[T>A]TC	-1	56339.0	1918523600
JG0139b	11	109889392	N:AG[T>C]CT	-1	46843.0	1918570443
JG0139b	11	109893995	N:AC[T>C]TT	-1	4603.0	1918575046
JG0139b	11	110111304	U:AG[T>G]TA	1	217309.0	1918792355
JG0139b	11	110327702	N:AC[T>G]TC	-1	216398.0	1919008753
JG0139b	11	110414692	N:TG[T>G]CG	1	86990.0	1919095743
JG0139b	11	110435615	T:AC[T>C]TG	-1	20923.0	1919116666
JG0139b	11	110554024	N:CC[T>G]TG	-1	118409.0	1919235075
JG0139b	11	110556573	N:CC[T>G]AG	1	2549.0	1919237624
JG0139b	11	110670540	T:AG[T>G]TC	1	113967.0	1919351591
JG0139b	11	110749539	N:CC[T>G]TA	-1	78999.0	1919430590
JG0139b	11	110758414	N:TC[T>C]CA	-1	8875.0	1919439465
JG0139b	11	110762003	N:GC[T>A]TG	-1	3589.0	1919443054
JG0139b	11	110768078	N:TC[T>C]CA	-1	6075.0	1919449129
JG0139b	11	110773765	N:TC[T>A]CT	-1	5687.0	1919454816
JG0139b	11	110787016	N:TC[C>A]TT	-1	13251.0	1919468067
JG0139b	11	110859826	N:TC[T>C]GG	-1	72810.0	1919540877
JG0139b	11	110883992	N:TT[T>G]TT	1	24166.0	1919565043
JG0139b	11	110891693	N:AC[T>C]TT	1	7701.0	1919572744
JG0139b	11	110893601	N:TC[T>C]TA	-1	1908.0	1919574652
JG0139b	11	110906305	N:TC[T>A]GT	-1	12704.0	1919587356
JG0139b	11	111065516	N:AG[T>C]AA	-1	159211.0	1919746567
JG0139b	11	111068666	N:AC[T>G]TA	1	3150.0	1919749717
JG0139b	11	111229001	N:CC[T>C]TT	-1	160335.0	1919910052
JG0139b	11	111298531	N:AC[T>A]CA	-1	69530.0	1919979582
JG0139b	11	111311008	N:TC[T>G]CA	1	12477.0	1919992059
JG0139b	11	111401829	U:AG[T>G]TA	-1	90821.0	1920082880
JG0139b	11	111506552	U:GC[T>G]TC	-1	104723.0	1920187603
JG0139b	11	111837268	U:GG[T>A]CT	-1	330716.0	1920518319
JG0139b	11	112011582	T:TC[T>C]TA	-1	174314.0	1920692633
JG0139b	11	112217202	U:TC[T>A]TT	1	205620.0	1920898253
JG0139b	11	112260653	T:TG[T>G]TT	1	43451.0	1920941704
JG0139b	11	112318757	N:TG[T>C]TG	-1	58104.0	1920999808
JG0139b	11	112340373	N:AC[T>G]TT	-1	21616.0	1921021424
JG0139b	11	112340840	N:TC[T>C]TT	-1	467.0	1921021891
JG0139b	11	112350711	N:TC[T>C]TA	-1	9871.0	1921031762
JG0139b	11	112379394	N:TC[T>G]TT	-1	28683.0	1921060445
JG0139b	11	112407536	N:TC[T>C]TG	-1	28142.0	1921088587
JG0139b	11	112407736	N:TC[T>A]CC	-1	200.0	1921088787
JG0139b	11	112408284	N:AC[T>G]CC	-1	548.0	1921089335
JG0139b	11	112413259	N:TA[T>A]TG	-1	4975.0	1921094310
JG0139b	11	112665674	N:TC[T>G]GA	-1	252415.0	1921346725
JG0139b	11	112848176	N:AC[T>G]TT	1	182502.0	1921529227
JG0139b	11	112890106	N:CA[T>G]TG	-1	41930.0	1921571157
JG0139b	11	112911061	N:AG[T>G]TA	-1	20955.0	1921592112
JG0139b	11	113185725	T:AC[T>A]CT	-1	274664.0	1921866776
JG0139b	11	113258047	T:AG[T>G]TA	-1	72322.0	1921939098
JG0139b	11	113329573	T:AC[T>C]GC	-1	71526.0	1922010624
JG0139b	11	113370327	T:AC[T>C]AA	-1	40754.0	1922051378
JG0139b	11	113410649	T:GC[T>C]CA	1	40322.0	1922091700
JG0139b	11	113489571	N:TC[T>C]CA	1	78922.0	1922170622
JG0139b	11	113493494	N:TG[T>A]GG	-1	3923.0	1922174545
JG0139b	11	113560058	N:GG[T>G]TA	1	66564.0	1922241109
JG0139b	11	113695652	U:GC[T>C]CC	-1	135594.0	1922376703
JG0139b	11	113743423	U:AC[T>G]TA	-1	47771.0	1922424474
JG0139b	11	113833399	U:TC[T>C]TG	-1	89976.0	1922514450
JG0139b	11	113839476	T:AC[T>G]TG	1	6077.0	1922520527
JG0139b	11	113843588	T:GC[T>G]TG	1	4112.0	1922524639
JG0139b	11	113878975	N:TC[T>G]CA	1	35387.0	1922560026
JG0139b	11	113965274	N:CC[T>A]TG	-1	86299.0	1922646325
JG0139b	11	113996606	N:AC[T>C]TG	-1	31332.0	1922677657
JG0139b	11	114001341	N:TC[T>C]CA	-1	4735.0	1922682392
JG0139b	11	114048996	N:TC[T>C]TG	-1	47655.0	1922730047
JG0139b	11	114072465	T:TC[T>A]CA	-1	23469.0	1922753516
JG0139b	11	114116313	U:AC[T>G]TT	1	43848.0	1922797364
JG0139b	11	114164680	U:TC[T>C]CT	1	48367.0	1922845731
JG0139b	11	114218446	T:GC[T>G]CA	-1	53766.0	1922899497
JG0139b	11	114221738	T:CC[T>C]TG	-1	3292.0	1922902789
JG0139b	11	114223415	T:AC[T>C]CT	-1	1677.0	1922904466
JG0139b	11	114279757	T:TC[T>C]TA	-1	56342.0	1922960808
JG0139b	11	114288563	U:AC[T>C]CA	1	8806.0	1922969614
JG0139b	11	114469600	N:TC[T>G]TG	1	181037.0	1923150651
JG0139b	11	114588133	U:CC[T>C]GG	-1	118533.0	1923269184
JG0139b	11	114656860	N:TC[T>C]CG	-1	68727.0	1923337911
JG0139b	11	114702459	T:TG[T>C]CT	-1	45599.0	1923383510
JG0139b	11	114722260	N:TC[T>C]CA	1	19801.0	1923403311
JG0139b	11	114806224	N:TA[T>C]CT	-1	83964.0	1923487275
JG0139b	11	115153844	N:GC[T>C]TG	-1	347620.0	1923834895
JG0139b	11	115251483	T:TC[T>C]TA	1	97639.0	1923932534
JG0139b	11	115280954	T:AG[T>G]TT	1	29471.0	1923962005
JG0139b	11	115370099	U:AC[T>G]TA	-1	89145.0	1924051150
JG0139b	11	115522783	N:CC[T>G]TA	-1	152684.0	1924203834
JG0139b	11	115545982	N:TC[T>C]TG	-1	23199.0	1924227033
JG0139b	11	115564808	N:GC[T>A]TT	1	18826.0	1924245859
JG0139b	11	115627829	N:CC[T>G]TA	-1	63021.0	1924308880
JG0139b	11	115664877	N:AC[T>C]TT	-1	37048.0	1924345928
JG0139b	11	115677233	N:AC[T>G]TA	-1	12356.0	1924358284
JG0139b	11	115683532	N:TT[T>C]CA	-1	6299.0	1924364583
JG0139b	11	115721644	N:AC[T>A]CA	-1	38112.0	1924402695
JG0139b	11	115777038	N:TC[T>G]GA	-1	55394.0	1924458089
JG0139b	11	115819203	N:GG[T>A]TT	-1	42165.0	1924500254
JG0139b	11	115822863	N:AC[T>C]TA	-1	3660.0	1924503914
JG0139b	11	115847772	N:GC[T>G]TA	-1	24909.0	1924528823
JG0139b	11	115914861	N:TC[T>C]TT	-1	67089.0	1924595912
JG0139b	11	115918200	N:AC[T>A]GG	-1	3339.0	1924599251
JG0139b	11	115926768	N:GC[T>A]CA	1	8568.0	1924607819
JG0139b	11	115945320	N:TC[T>G]GA	-1	18552.0	1924626371
JG0139b	11	115983402	N:TC[T>C]GG	-1	38082.0	1924664453
JG0139b	11	116123193	N:AC[T>G]TA	-1	139791.0	1924804244
JG0139b	11	116131113	N:TC[T>C]CG	-1	7920.0	1924812164
JG0139b	11	116153885	N:AG[T>G]TT	-1	22772.0	1924834936
JG0139b	11	116218161	N:AG[T>C]GC	-1	64276.0	1924899212
JG0139b	11	116265230	N:CC[T>C]TG	1	47069.0	1924946281
JG0139b	11	116577564	N:GC[T>C]TA	1	312334.0	1925258615
JG0139b	11	116676725	N:AG[T>C]GT	-1	99161.0	1925357776
JG0139b	11	116778910	T:CC[T>G]TG	1	102185.0	1925459961
JG0139b	11	116785141	T:GC[T>G]TC	1	6231.0	1925466192
JG0139b	11	117468305	T:TG[T>G]TA	1	683164.0	1926149356
JG0139b	11	117544625	T:CC[T>G]TC	1	76320.0	1926225676
JG0139b	11	117603445	T:AG[T>G]TA	1	58820.0	1926284496
JG0139b	11	117649886	T:CC[T>G]CT	1	46441.0	1926330937
JG0139b	11	117792200	T:TC[T>C]TG	1	142314.0	1926473251
JG0139b	11	117844567	T:GC[T>G]CA	1	52367.0	1926525618
JG0139b	11	117879704	N:GG[T>G]CA	1	35137.0	1926560755
JG0139b	11	118221603	T:AC[T>G]TA	1	341899.0	1926902654
JG0139b	11	118364659	U:TC[T>C]TG	1	143056.0	1927045710
JG0139b	11	118621151	U:TC[T>C]CA	1	256492.0	1927302202
JG0139b	11	118846294	N:TC[T>C]CG	-1	225143.0	1927527345
JG0139b	11	119485125	N:GC[T>G]TC	-1	638831.0	1928166176
JG0139b	11	119492033	N:CC[T>G]CA	1	6908.0	1928173084
JG0139b	11	119518023	N:AC[T>A]CG	-1	25990.0	1928199074
JG0139b	11	119557384	N:GC[T>C]TT	-1	39361.0	1928238435
JG0139b	11	119783957	N:AC[T>C]TT	1	226573.0	1928465008
JG0139b	11	119865196	N:AG[T>G]TA	1	81239.0	1928546247
JG0139b	11	119975182	N:AC[T>A]TG	1	109986.0	1928656233
JG0139b	11	120042628	N:AC[T>C]TA	-1	67446.0	1928723679
JG0139b	11	120154115	T:AA[T>G]CA	1	111487.0	1928835166
JG0139b	11	120161437	U:TA[T>G]TC	-1	7322.0	1928842488
JG0139b	11	120217062	T:TC[T>G]TT	-1	55625.0	1928898113
JG0139b	11	120244145	T:AG[T>G]TA	-1	27083.0	1928925196
JG0139b	11	120299244	T:TC[T>C]TT	-1	55099.0	1928980295
JG0139b	11	120319614	U:AT[T>G]TT	1	20370.0	1929000665
JG0139b	11	120543466	U:AC[T>C]CG	1	223852.0	1929224517
JG0139b	11	120621460	U:AC[T>G]TG	1	77994.0	1929302511
JG0139b	11	120777446	U:GC[T>C]CC	1	155986.0	1929458497
JG0139b	11	120873240	U:AC[T>G]CT	1	95794.0	1929554291
JG0139b	11	120900495	T:CC[T>C]TA	-1	27255.0	1929581546
JG0139b	11	120906914	U:GC[T>C]TG	1	6419.0	1929587965
JG0139b	11	121201368	N:TC[T>G]TG	-1	294454.0	1929882419
JG0139b	11	121490859	U:AG[T>G]TA	1	289491.0	1930171910
JG0139b	11	121493357	T:AC[T>C]TG	-1	2498.0	1930174408
JG0139b	11	121570724	T:TC[T>C]TG	-1	77367.0	1930251775
JG0139b	11	121674330	N:GC[T>C]GG	-1	103606.0	1930355381
JG0139b	11	121743082	N:GG[T>G]TA	-1	68752.0	1930424133
JG0139b	11	121775029	N:CC[T>A]GC	-1	31947.0	1930456080
JG0139b	11	121791044	N:AC[T>G]TT	-1	16015.0	1930472095
JG0139b	11	121795327	N:CC[T>C]GC	-1	4283.0	1930476378
JG0139b	11	121977627	N:AC[T>G]TA	1	182300.0	1930658678
JG0139b	11	122053536	N:CC[T>G]TA	1	75909.0	1930734587
JG0139b	11	122093469	N:AA[C>A]GT	-1	39933.0	1930774520
JG0139b	11	122242644	N:CC[T>C]CA	-1	149175.0	1930923695
JG0139b	11	122326716	N:TC[T>C]CA	-1	84072.0	1931007767
JG0139b	11	122331954	N:AC[T>G]TA	-1	5238.0	1931013005
JG0139b	11	122469742	N:TT[T>G]TA	1	137788.0	1931150793
JG0139b	11	122630814	N:CC[T>G]CT	1	161072.0	1931311865
JG0139b	11	122653376	N:AC[T>C]TT	-1	22562.0	1931334427
JG0139b	11	122658126	T:TC[T>A]TG	-1	4750.0	1931339177
JG0139b	11	122735363	T:TC[T>C]GG	-1	77237.0	1931416414
JG0139b	11	122822107	N:AC[T>C]TT	1	86744.0	1931503158
JG0139b	11	122877596	N:TC[T>C]TG	-1	55489.0	1931558647
JG0139b	11	122896546	T:AC[T>C]TA	-1	18950.0	1931577597
JG0139b	11	122960850	N:TG[T>G]TA	-1	64304.0	1931641901
JG0139b	11	123165817	U:AC[T>C]TG	-1	204967.0	1931846868
JG0139b	11	123580382	T:GC[T>A]TG	-1	414565.0	1932261433
JG0139b	11	123580743	T:TC[T>C]GG	-1	361.0	1932261794
JG0139b	11	123635476	U:TC[T>A]CC	-1	54733.0	1932316527
JG0139b	11	123644539	U:CC[T>C]CG	-1	9063.0	1932325590
JG0139b	11	123644680	U:TC[T>C]CC	-1	141.0	1932325731
JG0139b	11	123711509	N:AC[T>G]TG	-1	66829.0	1932392560
JG0139b	11	123776574	N:AC[T>C]TG	-1	65065.0	1932457625
JG0139b	11	123783201	N:AG[T>G]TT	-1	6627.0	1932464252
JG0139b	11	123888221	N:AC[T>G]TC	1	105020.0	1932569272
JG0139b	11	123928451	N:AC[T>C]TG	-1	40230.0	1932609502
JG0139b	11	124257124	T:CC[T>C]CC	-1	328673.0	1932938175
JG0139b	11	124302046	N:AC[T>G]TA	1	44922.0	1932983097
JG0139b	11	124303706	T:AC[T>G]TG	1	1660.0	1932984757
JG0139b	11	124311720	U:TC[T>C]TC	-1	8014.0	1932992771
JG0139b	11	124722926	N:AC[T>G]TT	1	411206.0	1933403977
JG0139b	11	124735278	N:AC[T>A]TG	-1	12352.0	1933416329
JG0139b	11	124883866	T:AC[T>C]TG	1	148588.0	1933564917
JG0139b	11	124983651	U:AC[T>C]GG	1	99785.0	1933664702
JG0139b	11	125113671	N:AC[T>C]TT	-1	130020.0	1933794722
JG0139b	11	125360714	T:GC[T>C]GC	-1	247043.0	1934041765
JG0139b	11	125690369	N:AG[T>C]TT	-1	329655.0	1934371420
JG0139b	11	125721997	N:TC[T>C]TG	-1	31628.0	1934403048
JG0139b	11	125829101	N:CC[T>C]CA	-1	107104.0	1934510152
JG0139b	11	126039200	U:TC[T>C]CA	-1	210099.0	1934720251
JG0139b	11	126136656	N:TC[T>A]TG	-1	97456.0	1934817707
JG0139b	11	126422027	N:TC[T>A]TT	-1	285371.0	1935103078
JG0139b	11	126543724	U:TC[T>A]CA	-1	121697.0	1935224775
JG0139b	11	126558097	U:TC[T>C]TG	-1	14373.0	1935239148
JG0139b	11	126562315	U:TC[T>G]TA	-1	4218.0	1935243366
JG0139b	11	126571355	U:GC[T>C]CT	-1	9040.0	1935252406
JG0139b	11	126602533	U:AC[T>G]TG	-1	31178.0	1935283584
JG0139b	11	126615055	T:GA[T>G]TG	1	12522.0	1935296106
JG0139b	11	126631490	T:AC[T>G]TC	1	16435.0	1935312541
JG0139b	11	126649453	T:GA[T>G]AA	1	17963.0	1935330504
JG0139b	11	126651239	U:AC[T>G]TT	-1	1786.0	1935332290
JG0139b	11	126659859	U:TC[T>A]CA	-1	8620.0	1935340910
JG0139b	11	126697847	U:CC[T>C]CA	-1	37988.0	1935378898
JG0139b	11	126709601	T:AC[T>C]GG	1	11754.0	1935390652
JG0139b	11	126713586	T:GC[T>C]TA	1	3985.0	1935394637
JG0139b	11	126729277	T:GC[T>C]TA	1	15691.0	1935410328
JG0139b	11	126795646	U:AC[T>G]TG	-1	66369.0	1935476697
JG0139b	11	126807708	U:GG[T>G]TA	-1	12062.0	1935488759
JG0139b	11	126859740	T:TC[T>C]TG	1	52032.0	1935540791
JG0139b	11	126863773	U:AC[T>G]TA	-1	4033.0	1935544824
JG0139b	11	126898325	U:GT[T>G]TA	-1	34552.0	1935579376
JG0139b	11	126929269	U:AC[T>A]CA	-1	30944.0	1935610320
JG0139b	11	126942499	T:GC[T>C]GG	1	13230.0	1935623550
JG0139b	11	126951182	U:CC[T>G]TA	-1	8683.0	1935632233
JG0139b	11	127025850	N:AA[T>A]TA	1	74668.0	1935706901
JG0139b	11	127050652	N:TC[T>C]TC	-1	24802.0	1935731703
JG0139b	11	127147493	N:GC[T>C]TA	1	96841.0	1935828544
JG0139b	11	127228261	N:AC[T>C]TA	1	80768.0	1935909312
JG0139b	11	127251496	N:AC[T>G]TA	1	23235.0	1935932547
JG0139b	11	127285117	N:TC[T>C]TT	-1	33621.0	1935966168
JG0139b	11	127313019	N:AC[T>C]CA	1	27902.0	1935994070
JG0139b	11	127317792	N:GC[T>G]TG	-1	4773.0	1935998843
JG0139b	11	127330297	N:TC[T>C]TG	-1	12505.0	1936011348
JG0139b	11	127494541	N:TC[T>C]TG	1	164244.0	1936175592
JG0139b	11	127885825	N:TG[T>G]TA	1	391284.0	1936566876
JG0139b	11	127904435	N:GC[T>C]CA	1	18610.0	1936585486
JG0139b	11	127972705	N:GC[T>G]TT	-1	68270.0	1936653756
JG0139b	11	127988883	N:AG[T>C]TT	-1	16178.0	1936669934
JG0139b	11	128064485	N:TC[T>C]TC	-1	75602.0	1936745536
JG0139b	11	128081116	N:TC[T>C]CA	1	16631.0	1936762167
JG0139b	11	128101620	N:AC[T>C]TT	-1	20504.0	1936782671
JG0139b	11	128169667	N:TC[T>C]CA	1	68047.0	1936850718
JG0139b	11	128194945	N:TC[T>G]TT	-1	25278.0	1936875996
JG0139b	11	128196609	N:TG[T>G]TA	-1	1664.0	1936877660
JG0139b	11	128311554	N:GG[T>C]CT	1	114945.0	1936992605
JG0139b	11	128370473	N:GC[T>G]TA	-1	58919.0	1937051524
JG0139b	11	128393779	N:CC[T>G]TC	1	23306.0	1937074830
JG0139b	11	128560669	T:AC[T>G]TA	1	166890.0	1937241720
JG0139b	11	128617130	N:AC[T>C]TG	1	56461.0	1937298181
JG0139b	11	128788586	T:AC[T>C]CA	-1	171456.0	1937469637
JG0139b	11	128807068	T:AC[T>C]CA	-1	18482.0	1937488119
JG0139b	11	128922571	N:TC[T>C]CT	-1	115503.0	1937603622
JG0139b	11	128958737	N:AC[T>C]TA	-1	36166.0	1937639788
JG0139b	11	128977449	U:TG[T>G]CA	-1	18712.0	1937658500
JG0139b	11	128986778	T:AG[T>G]TG	1	9329.0	1937667829
JG0139b	11	128990214	U:GC[T>G]CG	-1	3436.0	1937671265
JG0139b	11	129095675	U:GC[T>G]TT	-1	105461.0	1937776726
JG0139b	11	129162883	U:TC[T>C]TG	-1	67208.0	1937843934
JG0139b	11	129216148	U:AC[T>G]TA	-1	53265.0	1937897199
JG0139b	11	129393137	T:TC[T>C]CA	-1	176989.0	1938074188
JG0139b	11	129493999	N:AC[T>G]CA	1	100862.0	1938175050
JG0139b	11	129532785	N:AC[T>A]CA	-1	38786.0	1938213836
JG0139b	11	129534037	N:AG[T>C]AG	-1	1252.0	1938215088
JG0139b	11	129807473	N:TC[T>G]CG	-1	273436.0	1938488524
JG0139b	11	130171929	T:TC[T>C]TG	-1	364456.0	1938852980
JG0139b	11	130172053	T:TC[T>A]TA	-1	124.0	1938853104
JG0139b	11	130182582	T:AC[T>C]TG	-1	10529.0	1938863633
JG0139b	11	130204442	T:TC[T>C]CG	-1	21860.0	1938885493
JG0139b	11	130281210	U:AC[T>A]TT	-1	76768.0	1938962261
JG0139b	11	130698971	N:CC[T>G]CT	-1	417761.0	1939380022
JG0139b	11	130891722	U:TC[T>C]CT	-1	192751.0	1939572773
JG0139b	11	130991980	N:TC[T>A]TA	-1	100258.0	1939673031
JG0139b	11	131576174	T:TA[T>G]TT	-1	584194.0	1940257225
JG0139b	11	131854321	U:AG[C>A]AT	1	278147.0	1940535372
JG0139b	11	132211260	T:TG[T>G]TA	-1	356939.0	1940892311
JG0139b	11	132260339	T:AC[T>C]TT	-1	49079.0	1940941390
JG0139b	11	132288283	T:AC[T>G]CC	-1	27944.0	1940969334
JG0139b	11	132490248	U:GC[T>C]CT	-1	201965.0	1941171299
JG0139b	11	132596880	U:GA[T>G]TA	-1	106632.0	1941277931
JG0139b	11	132985523	U:TG[T>C]GA	-1	388643.0	1941666574
JG0139b	11	133374934	U:AA[T>G]TG	-1	389411.0	1942055985
JG0139b	11	133432445	U:GC[T>G]TT	-1	57511.0	1942113496
JG0139b	11	133560733	N:AC[T>G]TA	-1	128288.0	1942241784
JG0139b	11	133807612	N:TC[T>C]CA	1	246879.0	1942488663
JG0139b	11	133883145	N:GC[T>C]TA	-1	75533.0	1942564196
JG0139b	11	133906746	N:CC[T>G]GA	1	23601.0	1942587797
JG0139b	11	134058892	N:GG[T>G]CA	-1	152146.0	1942739943
JG0139b	11	134298612	T:AC[T>C]TA	-1	239720.0	1942979663
JG0139b	11	134426973	N:TC[T>C]TA	-1	128361.0	1943108024
JG0139b	11	134444686	N:AC[T>G]TA	1	17713.0	1943125737
JG0139b	11	134508556	N:AC[T>G]TT	1	63870.0	1943189607
JG0139b	11	134529998	N:TC[T>C]CT	-1	21442.0	1943211049
JG0139b	12	88107	U:TC[T>C]CA	1		1943855780
JG0139b	12	271774	N:AC[T>A]CA	1	183667.0	1944039447
JG0139b	12	713607	N:AC[T>G]TA	-1	441833.0	1944481280
JG0139b	12	713608	N:AA[C>A]TT	-1	1.0	1944481281
JG0139b	12	935345	T:AC[T>G]TC	1	221737.0	1944703018
JG0139b	12	1274268	U:AC[T>G]GA	1	338923.0	1945041941
JG0139b	12	1675601	N:TT[T>G]AT	-1	401333.0	1945443274
JG0139b	12	1715493	U:GG[T>G]TT	1	39892.0	1945483166
JG0139b	12	1809139	T:AC[T>C]TG	1	93646.0	1945576812
JG0139b	12	1811105	T:CC[T>A]TG	1	1966.0	1945578778
JG0139b	12	1824783	B:CC[T>C]CC	-1	13678.0	1945592456
JG0139b	12	1825541	B:AC[T>A]CA	1	758.0	1945593214
JG0139b	12	1989502	B:AG[T>C]CA	1	163961.0	1945757175
JG0139b	12	2095916	U:TC[T>G]TT	1	106414.0	1945863589
JG0139b	12	2096516	U:TC[T>C]TC	1	600.0	1945864189
JG0139b	12	2129867	U:GC[T>C]TG	1	33351.0	1945897540
JG0139b	12	2249573	U:AC[T>C]CC	1	119706.0	1946017246
JG0139b	12	2378048	T:TG[C>T]GG	-1	128475.0	1946145721
JG0139b	12	2393681	U:GC[T>G]TC	1	15633.0	1946161354
JG0139b	12	2404314	U:TC[T>A]TT	1	10633.0	1946171987
JG0139b	12	2430640	U:CC[T>C]TT	1	26326.0	1946198313
JG0139b	12	2505178	U:GC[T>G]GG	1	74538.0	1946272851
JG0139b	12	2516349	U:TG[T>C]GA	1	11171.0	1946284022
JG0139b	12	2550665	U:GG[T>C]AC	1	34316.0	1946318338
JG0139b	12	2580922	U:AC[T>C]AC	1	30257.0	1946348595
JG0139b	12	2595828	U:CC[T>G]TG	1	14906.0	1946363501
JG0139b	12	2653767	U:GC[T>C]CC	1	57939.0	1946421440
JG0139b	12	3015082	T:GC[T>G]TT	-1	361315.0	1946782755
JG0139b	12	3246404	U:TC[T>C]TT	1	231322.0	1947014077
JG0139b	12	3363973	N:AC[T>C]TG	1	117569.0	1947131646
JG0139b	12	3364311	N:GG[T>A]GC	1	338.0	1947131984
JG0139b	12	3439805	U:TC[T>C]CA	1	75494.0	1947207478
JG0139b	12	3543958	U:TC[T>G]TT	1	104153.0	1947311631
JG0139b	12	3580693	T:AC[T>G]TC	-1	36735.0	1947348366
JG0139b	12	3723170	T:AC[T>G]TG	1	142477.0	1947490843
JG0139b	12	3763648	N:GC[T>G]TA	1	40478.0	1947531321
JG0139b	12	3791075	N:TC[T>C]CA	1	27427.0	1947558748
JG0139b	12	4282970	U:TC[T>C]TC	1	491895.0	1948050643
JG0139b	12	4291302	U:GC[T>C]CA	1	8332.0	1948058975
JG0139b	12	4304856	U:TC[T>G]TA	1	13554.0	1948072529
JG0139b	12	4595745	U:AC[T>A]CA	1	290889.0	1948363418
JG0139b	12	4793676	U:TC[T>A]TC	1	197931.0	1948561349
JG0139b	12	4793686	U:GC[T>C]TG	1	10.0	1948561359
JG0139b	12	4813232	U:TC[T>G]CG	1	19546.0	1948580905
JG0139b	12	4833010	U:CG[T>G]TT	1	19778.0	1948600683
JG0139b	12	4882004	N:TG[T>C]TA	1	48994.0	1948649677
JG0139b	12	5293343	N:GA[T>A]TA	1	411339.0	1949061016
JG0139b	12	5301975	N:TC[T>A]TG	1	8632.0	1949069648
JG0139b	12	5331867	N:AC[T>C]TA	1	29892.0	1949099540
JG0139b	12	5470683	U:GC[T>C]TC	1	138816.0	1949238356
JG0139b	12	5498438	N:AG[T>G]TG	1	27755.0	1949266111
JG0139b	12	5608812	T:TG[T>C]TG	1	110374.0	1949376485
JG0139b	12	5623676	T:TC[T>C]TG	1	14864.0	1949391349
JG0139b	12	5721772	T:AG[T>C]GC	1	98096.0	1949489445
JG0139b	12	5738288	T:TC[T>A]CA	1	16516.0	1949505961
JG0139b	12	5790262	T:AC[T>C]CT	1	51974.0	1949557935
JG0139b	12	5803342	T:TC[T>C]TG	1	13080.0	1949571015
JG0139b	12	5805303	T:GC[T>C]CC	1	1961.0	1949572976
JG0139b	12	5859156	T:TC[T>A]CA	1	53853.0	1949626829
JG0139b	12	6009618	T:AC[T>G]TC	1	150462.0	1949777291
JG0139b	12	6035997	T:AC[T>G]TA	1	26379.0	1949803670
JG0139b	12	6141724	N:GC[T>C]TG	1	105727.0	1949909397
JG0139b	12	6170492	N:AC[T>A]TT	1	28768.0	1949938165
JG0139b	12	6172201	N:TC[T>C]CA	1	1709.0	1949939874
JG0139b	12	6277357	N:TC[T>A]CT	1	105156.0	1950045030
JG0139b	12	6448749	T:GC[T>G]TT	-1	171392.0	1950216422
JG0139b	12	7054837	T:AG[T>G]GA	-1	606088.0	1950822510
JG0139b	12	7111854	N:AC[T>G]TC	1	57017.0	1950879527
JG0139b	12	7358688	T:AC[T>G]TT	1	246834.0	1951126361
JG0139b	12	7520580	N:AC[T>G]TC	1	161892.0	1951288253
JG0139b	12	7570342	N:AA[T>C]TG	1	49762.0	1951338015
JG0139b	12	7583127	N:TT[T>G]GA	1	12785.0	1951350800
JG0139b	12	7703387	N:TC[T>C]CG	1	120260.0	1951471060
JG0139b	12	7710998	N:AC[T>G]TA	1	7611.0	1951478671
JG0139b	12	7753270	N:TC[T>A]CG	1	42272.0	1951520943
JG0139b	12	7772503	U:TC[T>C]CC	1	19233.0	1951540176
JG0139b	12	8368953	N:TC[T>C]TG	1	596450.0	1952136626
JG0139b	12	8565278	N:TC[T>G]TT	-1	196325.0	1952332951
JG0139b	12	8565279	N:TT[C>A]TT	-1	1.0	1952332952
JG0139b	12	8640517	T:GC[T>G]TA	1	75238.0	1952408190
JG0139b	12	8772423	U:TG[T>G]TT	1	131906.0	1952540096
JG0139b	12	8978605	U:TC[T>A]TA	1	206182.0	1952746278
JG0139b	12	8989939	U:AC[T>A]TC	1	11334.0	1952757612
JG0139b	12	9012193	N:GC[T>C]TG	1	22254.0	1952779866
JG0139b	12	9012918	N:GC[T>C]TC	1	725.0	1952780591
JG0139b	12	9029883	N:AC[T>G]CG	-1	16965.0	1952797556
JG0139b	12	9039595	N:GG[T>C]CA	1	9712.0	1952807268
JG0139b	12	9057347	N:AC[T>C]GG	1	17752.0	1952825020
JG0139b	12	9212163	N:GC[T>G]GA	1	154816.0	1952979836
JG0139b	12	9461401	N:GC[T>A]TA	1	249238.0	1953229074
JG0139b	12	9713843	N:TC[T>C]TA	1	252442.0	1953481516
JG0139b	12	9799399	N:TG[T>A]CT	1	85556.0	1953567072
JG0139b	12	10052387	U:TA[T>G]CA	1	252988.0	1953820060
JG0139b	12	10338950	N:AC[T>C]CT	-1	286563.0	1954106623
JG0139b	12	10643393	T:TC[T>C]GC	1	304443.0	1954411066
JG0139b	12	10650334	T:CC[T>G]TG	1	6941.0	1954418007
JG0139b	12	10690038	N:TC[T>C]CA	1	39704.0	1954457711
JG0139b	12	10734587	N:AC[T>C]TT	1	44549.0	1954502260
JG0139b	12	10739432	N:TG[T>G]TA	1	4845.0	1954507105
JG0139b	12	10791487	N:AG[T>G]TT	1	52055.0	1954559160
JG0139b	12	11452216	N:AC[T>C]CT	-1	660729.0	1955219889
JG0139b	12	11750462	U:GC[T>A]TC	1	298246.0	1955518135
JG0139b	12	11753154	U:GC[T>G]TT	1	2692.0	1955520827
JG0139b	12	11911897	N:AG[T>C]TG	1	158743.0	1955679570
JG0139b	12	12886279	N:AC[T>C]TT	1	974382.0	1956653952
JG0139b	12	12896043	U:AC[T>G]TT	1	9764.0	1956663716
JG0139b	12	12911725	U:TG[T>G]GA	1	15682.0	1956679398
JG0139b	12	12958685	N:CC[T>G]CA	1	46960.0	1956726358
JG0139b	12	14101188	N:AC[T>A]TG	1	1142503.0	1957868861
JG0139b	12	14230892	N:TC[T>A]TT	1	129704.0	1957998565
JG0139b	12	14571758	N:TC[T>A]TT	1	340866.0	1958339431
JG0139b	12	14819235	U:AT[C>A]TT	1	247477.0	1958586908
JG0139b	12	14844735	N:CC[T>G]TA	1	25500.0	1958612408
JG0139b	12	14855599	N:AA[T>G]TC	1	10864.0	1958623272
JG0139b	12	15096644	N:AC[T>C]CT	1	241045.0	1958864317
JG0139b	12	15100033	N:AC[T>G]TA	1	3389.0	1958867706
JG0139b	12	15199277	T:AG[T>G]TG	1	99244.0	1958966950
JG0139b	12	15268114	T:GC[T>C]GG	1	68837.0	1959035787
JG0139b	12	15300027	T:GC[T>A]TG	1	31913.0	1959067700
JG0139b	12	15348778	U:AC[T>C]CC	1	48751.0	1959116451
JG0139b	12	15361750	U:AG[T>G]TT	1	12972.0	1959129423
JG0139b	12	15396193	U:TG[T>C]GT	1	34443.0	1959163866
JG0139b	12	15501476	U:TC[T>G]TG	1	105283.0	1959269149
JG0139b	12	15609877	N:AC[T>G]TG	-1	108401.0	1959377550
JG0139b	12	15650407	T:GG[T>A]TA	1	40530.0	1959418080
JG0139b	12	15726023	U:AT[C>G]TT	-1	75616.0	1959493696
JG0139b	12	15769360	T:AC[T>G]TG	1	43337.0	1959537033
JG0139b	12	15840326	T:AC[T>G]TC	1	70966.0	1959607999
JG0139b	12	15886688	U:AG[T>G]TA	1	46362.0	1959654361
JG0139b	12	15994121	U:AC[T>A]TG	1	107433.0	1959761794
JG0139b	12	16110276	N:AC[T>G]TA	1	116155.0	1959877949
JG0139b	12	16141465	N:AC[T>C]GC	-1	31189.0	1959909138
JG0139b	12	16176482	N:GC[T>C]CC	1	35017.0	1959944155
JG0139b	12	16208587	U:GC[T>C]CA	-1	32105.0	1959976260
JG0139b	12	16293695	N:AG[T>C]AA	1	85108.0	1960061368
JG0139b	12	16683683	N:TG[T>G]TA	1	389988.0	1960451356
JG0139b	12	16826764	N:AC[T>A]TG	1	143081.0	1960594437
JG0139b	12	16831816	N:CC[T>G]TA	1	5052.0	1960599489
JG0139b	12	16856371	N:AC[T>G]TC	1	24555.0	1960624044
JG0139b	12	16931877	N:TC[T>G]TA	1	75506.0	1960699550
JG0139b	12	17018875	N:AC[T>G]TA	1	86998.0	1960786548
JG0139b	12	17166274	N:AC[T>A]CC	1	147399.0	1960933947
JG0139b	12	17231781	N:TC[T>C]CT	1	65507.0	1960999454
JG0139b	12	17536517	N:TC[T>C]CA	1	304736.0	1961304190
JG0139b	12	17890970	N:AC[T>G]TA	1	354453.0	1961658643
JG0139b	12	17975925	N:AC[T>G]TG	1	84955.0	1961743598
JG0139b	12	18035168	N:TC[T>C]CA	1	59243.0	1961802841
JG0139b	12	18089306	T:AC[T>C]CA	1	54138.0	1961856979
JG0139b	12	18090364	N:GC[T>C]TA	1	1058.0	1961858037
JG0139b	12	18090748	N:AC[T>C]TA	1	384.0	1961858421
JG0139b	12	18105598	N:CC[T>G]TG	1	14850.0	1961873271
JG0139b	12	18121145	N:AC[T>A]CA	1	15547.0	1961888818
JG0139b	12	18199824	N:TC[T>A]CC	1	78679.0	1961967497
JG0139b	12	18291563	U:TC[T>C]AA	1	91739.0	1962059236
JG0139b	12	18354395	U:GC[T>C]GG	1	62832.0	1962122068
JG0139b	12	18359741	U:AC[T>C]TG	1	5346.0	1962127414
JG0139b	12	18520711	U:AC[T>G]TC	1	160970.0	1962288384
JG0139b	12	18618722	U:AC[T>G]TG	1	98011.0	1962386395
JG0139b	12	19588465	U:CC[T>G]GA	1	969743.0	1963356138
JG0139b	12	19807886	N:AG[T>G]TA	1	219421.0	1963575559
JG0139b	12	20152711	N:AC[T>G]TG	-1	344825.0	1963920384
JG0139b	12	20154995	N:TC[T>A]CT	1	2284.0	1963922668
JG0139b	12	20159534	N:GC[T>C]CA	1	4539.0	1963927207
JG0139b	12	20200995	N:GC[T>C]TA	1	41461.0	1963968668
JG0139b	12	20811069	U:AC[T>G]TC	1	610074.0	1964578742
JG0139b	12	21056058	U:GC[T>G]TC	1	244989.0	1964823731
JG0139b	12	21099186	N:TC[T>C]CA	1	43128.0	1964866859
JG0139b	12	21336105	T:TC[T>C]TT	1	236919.0	1965103778
JG0139b	12	21476074	T:AC[T>A]TT	1	139969.0	1965243747
JG0139b	12	21510883	U:AC[T>G]CT	1	34809.0	1965278556
JG0139b	12	21583336	T:TC[T>C]TA	1	72453.0	1965351009
JG0139b	12	21588438	T:TG[T>G]TG	1	5102.0	1965356111
JG0139b	12	21664344	T:TC[T>G]TA	1	75906.0	1965432017
JG0139b	12	21815797	T:GC[T>G]TA	1	151453.0	1965583470
JG0139b	12	22054554	U:AC[T>C]TG	1	238757.0	1965822227
JG0139b	12	22179472	N:TC[T>C]TG	1	124918.0	1965947145
JG0139b	12	22276455	T:TC[T>G]CA	1	96983.0	1966044128
JG0139b	12	22351835	N:TC[T>G]TT	1	75380.0	1966119508
JG0139b	12	22364968	N:AC[T>G]TG	1	13133.0	1966132641
JG0139b	12	22382397	N:AC[T>C]GC	1	17429.0	1966150070
JG0139b	12	22495792	T:GG[T>G]TT	1	113395.0	1966263465
JG0139b	12	22938517	N:GC[T>G]CA	1	442725.0	1966706190
JG0139b	12	23505458	N:CC[T>C]TG	1	566941.0	1967273131
JG0139b	12	24510947	T:AC[T>G]TA	1	1005489.0	1968278620
JG0139b	12	24718889	N:AC[T>G]TT	1	207942.0	1968486562
JG0139b	12	24916313	T:AC[T>G]TA	1	197424.0	1968683986
JG0139b	12	25091895	U:CA[T>C]TT	1	175582.0	1968859568
JG0139b	12	25118989	T:AC[T>G]TA	1	27094.0	1968886662
JG0139b	12	25345367	N:AC[T>G]AA	1	226378.0	1969113040
JG0139b	12	25703108	N:AC[T>G]TT	1	357741.0	1969470781
JG0139b	12	26008877	U:GG[T>A]CA	1	305769.0	1969776550
JG0139b	12	27163737	N:GG[T>G]TA	1	1154860.0	1970931410
JG0139b	12	27242138	N:AG[T>G]GG	1	78401.0	1971009811
JG0139b	12	28078392	N:TC[T>G]GT	1	836254.0	1971846065
JG0139b	12	28422854	U:AC[T>C]CA	1	344462.0	1972190527
JG0139b	12	28793492	N:GC[T>G]TT	1	370638.0	1972561165
JG0139b	12	28821763	N:AG[T>C]GC	1	28271.0	1972589436
JG0139b	12	28900419	N:TC[T>A]CT	1	78656.0	1972668092
JG0139b	12	29225153	U:AC[T>C]TG	1	324734.0	1972992826
JG0139b	12	29311389	U:TC[T>C]TG	1	86236.0	1973079062
JG0139b	12	29343688	T:AC[T>C]CT	1	32299.0	1973111361
JG0139b	12	29430463	T:AC[T>C]CT	1	86775.0	1973198136
JG0139b	12	29494225	T:TC[T>C]CA	1	63762.0	1973261898
JG0139b	12	29508489	T:CC[T>G]TG	1	14264.0	1973276162
JG0139b	12	29585601	T:TC[T>C]TG	1	77112.0	1973353274
JG0139b	12	29606863	T:AC[T>A]TT	1	21262.0	1973374536
JG0139b	12	29678537	T:GG[T>C]TT	1	71674.0	1973446210
JG0139b	12	29684068	T:AC[T>A]CC	1	5531.0	1973451741
JG0139b	12	29748594	T:TC[T>G]TC	1	64526.0	1973516267
JG0139b	12	29758690	T:TC[T>C]TA	1	10096.0	1973526363
JG0139b	12	29766636	T:AC[T>G]TT	1	7946.0	1973534309
JG0139b	12	29825346	N:AC[T>C]TG	1	58710.0	1973593019
JG0139b	12	29836555	N:GC[T>C]TT	1	11209.0	1973604228
JG0139b	12	29853744	N:AC[T>C]CA	1	17189.0	1973621417
JG0139b	12	29864891	N:GC[T>G]TA	1	11147.0	1973632564
JG0139b	12	29910393	N:AC[T>A]CG	1	45502.0	1973678066
JG0139b	12	30213366	N:GG[T>G]GA	1	302973.0	1973981039
JG0139b	12	30240814	N:AC[T>G]TA	1	27448.0	1974008487
JG0139b	12	30274579	N:AG[T>G]TG	1	33765.0	1974042252
JG0139b	12	30379692	N:CC[T>C]CG	1	105113.0	1974147365
JG0139b	12	30389994	N:CA[T>A]CA	1	10302.0	1974157667
JG0139b	12	30498744	N:TC[T>C]TG	1	108750.0	1974266417
JG0139b	12	30874243	N:CA[T>G]TT	1	375499.0	1974641916
JG0139b	12	30894671	N:AG[T>G]TT	1	20428.0	1974662344
JG0139b	12	30959671	U:AC[T>G]CA	1	65000.0	1974727344
JG0139b	12	30997989	N:TC[T>G]GA	1	38318.0	1974765662
JG0139b	12	31413548	T:AC[T>G]CA	1	415559.0	1975181221
JG0139b	12	31453380	U:AC[T>C]TG	-1	39832.0	1975221053
JG0139b	12	33069860	N:AG[T>G]TC	1	1616480.0	1976837533
JG0139b	12	33089103	N:AC[T>C]TT	1	19243.0	1976856776
JG0139b	12	33218022	N:AC[T>G]TA	1	128919.0	1976985695
JG0139b	12	33389734	T:CC[T>G]TG	1	171712.0	1977157407
JG0139b	12	33568637	N:TC[T>G]TT	1	178903.0	1977336310
JG0139b	12	33576494	N:CC[T>A]CA	1	7857.0	1977344167
JG0139b	12	33928879	N:TC[T>C]GA	1	352385.0	1977696552
JG0139b	12	33988128	N:AC[T>G]TC	1	59249.0	1977755801
JG0139b	12	34149791	N:GC[T>G]TG	1	161663.0	1977917464
JG0139b	12	34350926	N:CC[T>C]TG	1	201135.0	1978118599
JG0139b	12	34527687	N:GC[T>C]TG	1	176761.0	1978295360
JG0139b	12	34597415	N:AA[T>G]TA	1	69728.0	1978365088
JG0139b	12	34618312	N:AC[T>A]TG	1	20897.0	1978385985
JG0139b	12	34623239	N:AC[T>G]TA	1	4927.0	1978390912
JG0139b	12	37592300	N:GC[T>A]CT	1	2969061.0	1981359973
JG0139b	12	37605699	N:TC[T>C]GA	-1	13399.0	1981373372
JG0139b	12	37671624	N:AG[T>G]TT	1	65925.0	1981439297
JG0139b	12	37837129	N:TC[T>G]TC	1	165505.0	1981604802
JG0139b	12	38014118	N:AC[T>C]CT	1	176989.0	1981781791
JG0139b	12	38031744	N:GC[T>G]TA	1	17626.0	1981799417
JG0139b	12	38209576	N:AC[T>G]TT	1	177832.0	1981977249
JG0139b	12	38395769	N:TG[T>G]TA	1	186193.0	1982163442
JG0139b	12	38529065	N:TG[T>G]TA	1	133296.0	1982296738
JG0139b	12	39401283	T:AG[T>G]TT	1	872218.0	1983168956
JG0139b	12	39695245	U:TC[T>C]TG	1	293962.0	1983462918
JG0139b	12	39926784	T:GC[T>C]TT	1	231539.0	1983694457
JG0139b	12	39978524	T:GG[T>C]CA	1	51740.0	1983746197
JG0139b	12	40062135	T:TC[T>G]TA	1	83611.0	1983829808
JG0139b	12	40415804	N:AC[T>A]TT	-1	353669.0	1984183477
JG0139b	12	40515518	N:TC[T>C]CC	1	99714.0	1984283191
JG0139b	12	40575739	N:AG[T>G]TA	1	60221.0	1984343412
JG0139b	12	40766520	U:GC[T>C]TG	1	190781.0	1984534193
JG0139b	12	40848094	U:AC[T>C]CG	1	81574.0	1984615767
JG0139b	12	40888650	U:TC[T>G]TT	1	40556.0	1984656323
JG0139b	12	41094222	N:GC[T>C]TA	1	205572.0	1984861895
JG0139b	12	41131102	N:TC[T>C]AA	1	36880.0	1984898775
JG0139b	12	41327234	U:TC[T>G]TC	1	196132.0	1985094907
JG0139b	12	41583178	N:AC[T>C]TG	1	255944.0	1985350851
JG0139b	12	41728559	N:CC[T>G]GG	-1	145381.0	1985496232
JG0139b	12	41935563	N:AC[T>G]TC	1	207004.0	1985703236
JG0139b	12	41947098	N:AC[T>A]TC	1	11535.0	1985714771
JG0139b	12	41953691	N:CA[C>T]TA	-1	6593.0	1985721364
JG0139b	12	42275530	U:AG[T>G]TT	1	321839.0	1986043203
JG0139b	12	42559753	T:AC[T>G]GC	1	284223.0	1986327426
JG0139b	12	42713940	N:TC[T>G]TC	-1	154187.0	1986481613
JG0139b	12	43337626	N:AC[T>G]TA	1	623686.0	1987105299
JG0139b	12	43397601	T:TC[T>A]TT	1	59975.0	1987165274
JG0139b	12	43691269	N:TC[T>G]TG	1	293668.0	1987458942
JG0139b	12	45017707	T:TC[T>G]TT	1	1326438.0	1988785380
JG0139b	12	45055671	N:TC[T>G]TT	1	37964.0	1988823344
JG0139b	12	46012854	N:TC[T>C]TG	1	957183.0	1989780527
JG0139b	12	46056789	N:CA[T>C]GT	1	43935.0	1989824462
JG0139b	12	46571159	N:AC[T>G]TG	1	514370.0	1990338832
JG0139b	12	47720323	T:CG[T>A]GT	1	1149164.0	1991487996
JG0139b	12	47724780	T:TA[T>G]TC	1	4457.0	1991492453
JG0139b	12	51726182	U:GC[T>G]TT	1	4001402.0	1995493855
JG0139b	12	51732346	U:TA[T>G]TC	1	6164.0	1995500019
JG0139b	12	52201065	N:CC[T>A]CC	1	468719.0	1995968738
JG0139b	12	52300128	T:TC[T>C]CA	-1	99063.0	1996067801
JG0139b	12	53725196	T:AG[T>G]TG	1	1425068.0	1997492869
JG0139b	12	53798931	N:GA[T>G]TT	1	73735.0	1997566604
JG0139b	12	54013840	T:AG[T>A]CA	-1	214909.0	1997781513
JG0139b	12	54035005	U:AC[T>G]TA	1	21165.0	1997802678
JG0139b	12	54534776	U:TT[T>G]TC	1	499771.0	1998302449
JG0139b	12	55615661	N:AG[T>G]CT	1	1080885.0	1999383334
JG0139b	12	57023149	T:GG[C>A]TA	1	1407488.0	2000790822
JG0139b	12	58070037	N:TC[T>C]TG	-1	1046888.0	2001837710
JG0139b	12	58272101	N:GC[T>A]TT	-1	202064.0	2002039774
JG0139b	12	58382544	N:AG[T>C]TG	1	110443.0	2002150217
JG0139b	12	59345829	N:AC[T>G]TT	1	963285.0	2003113502
JG0139b	12	59386525	N:AC[T>G]AG	1	40696.0	2003154198
JG0139b	12	61420637	N:GC[T>G]TC	1	2034112.0	2005188310
JG0139b	12	61694632	N:AC[T>G]TA	1	273995.0	2005462305
JG0139b	12	61832146	T:TC[T>G]TA	1	137514.0	2005599819
JG0139b	12	61878187	T:AG[T>G]TT	1	46041.0	2005645860
JG0139b	12	61887424	T:TG[T>C]GA	1	9237.0	2005655097
JG0139b	12	62004515	U:AC[T>G]TT	-1	117091.0	2005772188
JG0139b	12	62168620	U:GC[T>G]TA	-1	164105.0	2005936293
JG0139b	12	62477097	U:AG[T>G]TA	1	308477.0	2006244770
JG0139b	12	62620196	N:CC[T>A]CC	1	143099.0	2006387869
JG0139b	12	63097449	N:AC[T>C]TG	-1	477253.0	2006865122
JG0139b	12	63142691	N:AC[T>G]TT	-1	45242.0	2006910364
JG0139b	12	63488209	N:AA[T>G]GA	-1	345518.0	2007255882
JG0139b	12	64148099	U:AC[T>G]TA	1	659890.0	2007915772
JG0139b	12	64897313	N:AA[T>G]TA	1	749214.0	2008664986
JG0139b	12	66945938	T:AC[T>A]GA	1	2048625.0	2010713611
JG0139b	12	67561172	N:AG[T>C]CT	1	615234.0	2011328845
JG0139b	12	67638928	N:CA[C>G]CA	-1	77756.0	2011406601
JG0139b	12	68467157	N:AC[T>G]TA	1	828229.0	2012234830
JG0139b	12	68641595	U:TG[T>G]CA	1	174438.0	2012409268
JG0139b	12	68970770	N:TC[T>G]TA	-1	329175.0	2012738443
JG0139b	12	69074817	N:AC[T>C]CA	1	104047.0	2012842490
JG0139b	12	69175422	N:AC[T>G]AA	1	100605.0	2012943095
JG0139b	12	69186919	N:GC[T>G]TG	1	11497.0	2012954592
JG0139b	12	69202571	N:TA[T>C]CA	1	15652.0	2012970244
JG0139b	12	70112040	N:TC[T>C]TA	1	909469.0	2013879713
JG0139b	12	70146741	N:AC[T>G]CG	-1	34701.0	2013914414
JG0139b	12	70511029	N:TG[T>G]TA	1	364288.0	2014278702
JG0139b	12	70568273	T:GG[T>C]CA	1	57244.0	2014335946
JG0139b	12	70597748	T:TC[T>C]TA	1	29475.0	2014365421
JG0139b	12	70753948	T:AG[T>G]TG	1	156200.0	2014521621
JG0139b	12	70904407	T:AC[T>G]TG	1	150459.0	2014672080
JG0139b	12	71011802	N:AC[T>A]TA	1	107395.0	2014779475
JG0139b	12	71595001	N:AC[T>G]TA	1	583199.0	2015362674
JG0139b	12	72600079	U:TC[T>C]CT	1	1005078.0	2016367752
JG0139b	12	72957179	N:AC[T>G]CA	-1	357100.0	2016724852
JG0139b	12	73093054	N:TC[T>C]CA	1	135875.0	2016860727
JG0139b	12	73199099	N:AC[T>C]TG	1	106045.0	2016966772
JG0139b	12	73347593	N:AC[T>G]TA	1	148494.0	2017115266
JG0139b	12	74170602	N:TC[T>A]CT	1	823009.0	2017938275
JG0139b	12	74753293	N:TC[T>A]CC	-1	582691.0	2018520966
JG0139b	12	74832588	N:TC[T>G]TG	-1	79295.0	2018600261
JG0139b	12	74899060	N:TC[T>C]TT	-1	66472.0	2018666733
JG0139b	12	75102720	T:AA[T>G]CA	1	203660.0	2018870393
JG0139b	12	75251349	N:CC[T>C]TT	1	148629.0	2019019022
JG0139b	12	75253003	N:CC[T>G]TG	-1	1654.0	2019020676
JG0139b	12	75494262	B:AC[T>G]TT	1	241259.0	2019261935
JG0139b	12	75495603	B:TC[T>C]TA	-1	1341.0	2019263276
JG0139b	12	76102735	N:CC[T>G]TT	1	607132.0	2019870408
JG0139b	12	76230828	N:TT[T>G]TT	1	128093.0	2019998501
JG0139b	12	76275555	N:AC[T>G]TG	-1	44727.0	2020043228
JG0139b	12	76740788	N:GG[T>G]TA	-1	465233.0	2020508461
JG0139b	12	76996355	N:AC[T>G]TA	-1	255567.0	2020764028
JG0139b	12	77136567	N:CC[T>G]CC	-1	140212.0	2020904240
JG0139b	12	77215966	N:CC[T>C]CA	-1	79399.0	2020983639
JG0139b	12	77279191	N:AT[T>G]TG	1	63225.0	2021046864
JG0139b	12	77362285	U:TG[T>G]TA	1	83094.0	2021129958
JG0139b	12	77387663	U:AT[T>C]CA	1	25378.0	2021155336
JG0139b	12	77502917	U:TT[T>G]TT	1	115254.0	2021270590
JG0139b	12	77720768	U:GC[T>C]CA	1	217851.0	2021488441
JG0139b	12	77749900	U:TC[T>A]TT	1	29132.0	2021517573
JG0139b	12	78040358	T:CC[T>G]TA	-1	290458.0	2021808031
JG0139b	12	78240007	N:TC[T>C]CT	1	199649.0	2022007680
JG0139b	12	78871155	U:CC[T>G]TA	1	631148.0	2022638828
JG0139b	12	79181166	T:TC[T>C]CA	-1	310011.0	2022948839
JG0139b	12	79227926	T:AG[T>G]TT	-1	46760.0	2022995599
JG0139b	12	79607206	T:AC[T>G]TG	1	379280.0	2023374879
JG0139b	12	79729917	N:TC[T>G]TT	1	122711.0	2023497590
JG0139b	12	80389782	N:AC[T>G]TA	1	659865.0	2024157455
JG0139b	12	80436018	T:AT[T>G]TA	-1	46236.0	2024203691
JG0139b	12	80486718	U:TC[T>G]TC	1	50700.0	2024254391
JG0139b	12	80519198	U:CC[T>G]GC	1	32480.0	2024286871
JG0139b	12	80602485	T:TC[T>C]TG	-1	83287.0	2024370158
JG0139b	12	80674703	U:CC[T>G]TG	1	72218.0	2024442376
JG0139b	12	80766223	N:CC[T>G]TA	1	91520.0	2024533896
JG0139b	12	81750712	T:GG[T>G]TA	1	984489.0	2025518385
JG0139b	12	81955735	N:AC[T>G]TA	-1	205023.0	2025723408
JG0139b	12	82022726	N:AG[T>G]TG	-1	66991.0	2025790399
JG0139b	12	82628578	N:AC[T>G]TA	1	605852.0	2026396251
JG0139b	12	82944765	T:TC[T>C]TT	-1	316187.0	2026712438
JG0139b	12	82999578	T:GC[C>T]TT	-1	54813.0	2026767251
JG0139b	12	83180998	N:AG[T>G]TC	1	181420.0	2026948671
JG0139b	12	83758788	N:AC[T>C]TG	-1	577790.0	2027526461
JG0139b	12	84132017	N:TC[T>C]TA	-1	373229.0	2027899690
JG0139b	12	84147931	N:AC[T>C]CT	-1	15914.0	2027915604
JG0139b	12	84821116	N:AC[T>G]CG	-1	673185.0	2028588789
JG0139b	12	85008253	N:GG[T>G]TT	-1	187137.0	2028775926
JG0139b	12	85227956	T:AG[T>C]TT	-1	219703.0	2028995629
JG0139b	12	85257813	T:TC[T>G]TA	-1	29857.0	2029025486
JG0139b	12	85421039	N:CC[T>C]TG	1	163226.0	2029188712
JG0139b	12	85642881	N:AC[T>C]CT	-1	221842.0	2029410554
JG0139b	12	85659518	N:TC[T>C]TG	1	16637.0	2029427191
JG0139b	12	85854668	N:AC[T>G]TA	-1	195150.0	2029622341
JG0139b	12	86039687	U:AC[T>C]CC	-1	185019.0	2029807360
JG0139b	12	86265270	U:GC[T>C]CG	-1	225583.0	2030032943
JG0139b	12	86306754	U:CC[T>G]TA	-1	41484.0	2030074427
JG0139b	12	86317285	U:CC[T>G]TC	-1	10531.0	2030084958
JG0139b	12	86432694	U:TC[T>C]TA	-1	115409.0	2030200367
JG0139b	12	86440146	U:TG[T>A]TA	-1	7452.0	2030207819
JG0139b	12	86445554	U:TC[T>C]TG	-1	5408.0	2030213227
JG0139b	12	86649846	U:AC[T>A]CA	-1	204292.0	2030417519
JG0139b	12	86689283	U:TC[T>A]AA	-1	39437.0	2030456956
JG0139b	12	86835337	U:AC[T>A]GT	-1	146054.0	2030603010
JG0139b	12	86919614	N:GC[T>A]AC	1	84277.0	2030687287
JG0139b	12	87049881	N:AC[T>C]TC	-1	130267.0	2030817554
JG0139b	12	87066272	N:AT[T>G]TT	-1	16391.0	2030833945
JG0139b	12	87082733	N:GC[T>A]TG	-1	16461.0	2030850406
JG0139b	12	87165408	N:AC[T>C]TG	-1	82675.0	2030933081
JG0139b	12	87360952	N:AC[T>C]CA	-1	195544.0	2031128625
JG0139b	12	87769252	N:AC[T>G]TT	-1	408300.0	2031536925
JG0139b	12	87821692	N:TC[T>C]TG	-1	52440.0	2031589365
JG0139b	12	87866389	N:TC[T>G]TT	-1	44697.0	2031634062
JG0139b	12	87895644	N:CC[T>G]CC	-1	29255.0	2031663317
JG0139b	12	87918509	N:TC[T>A]TT	-1	22865.0	2031686182
JG0139b	12	87939599	N:AC[T>A]TA	1	21090.0	2031707272
JG0139b	12	88057616	U:AC[T>C]TT	-1	118017.0	2031825289
JG0139b	12	88383128	N:TC[T>G]TT	-1	325512.0	2032150801
JG0139b	12	88437165	N:AC[T>C]TG	-1	54037.0	2032204838
JG0139b	12	88480839	N:GC[T>G]TG	-1	43674.0	2032248512
JG0139b	12	88883781	N:TC[T>C]TT	-1	402942.0	2032651454
JG0139b	12	89117612	N:AG[T>G]TT	-1	233831.0	2032885285
JG0139b	12	89527404	N:AC[T>G]TG	1	409792.0	2033295077
JG0139b	12	89786084	N:TG[T>G]GG	1	258680.0	2033553757
JG0139b	12	89834605	N:TG[T>G]TT	1	48521.0	2033602278
JG0139b	12	89853623	N:GA[T>G]TA	1	19018.0	2033621296
JG0139b	12	90030196	N:CC[T>C]CA	-1	176573.0	2033797869
JG0139b	12	90075756	N:AC[T>C]GT	-1	45560.0	2033843429
JG0139b	12	90226338	N:GC[T>G]TG	-1	150582.0	2033994011
JG0139b	12	90276910	N:AG[T>G]TG	-1	50572.0	2034044583
JG0139b	12	90782680	N:GC[T>C]TG	1	505770.0	2034550353
JG0139b	12	90800810	N:AG[T>G]TC	-1	18130.0	2034568483
JG0139b	12	90944339	N:TC[T>C]TG	-1	143529.0	2034712012
JG0139b	12	90971087	U:TC[T>C]TG	-1	26748.0	2034738760
JG0139b	12	90983292	U:TG[T>A]TA	-1	12205.0	2034750965
JG0139b	12	91023819	N:TC[T>G]AA	1	40527.0	2034791492
JG0139b	12	91295918	N:TC[T>A]CC	1	272099.0	2035063591
JG0139b	12	91459949	N:AC[T>G]TG	1	164031.0	2035227622
JG0139b	12	91484883	N:TC[T>G]TG	-1	24934.0	2035252556
JG0139b	12	91603112	N:GC[T>C]TC	-1	118229.0	2035370785
JG0139b	12	91753755	N:AC[T>C]TA	-1	150643.0	2035521428
JG0139b	12	91807393	N:AC[T>C]TC	-1	53638.0	2035575066
JG0139b	12	92198638	N:TC[T>G]TG	1	391245.0	2035966311
JG0139b	12	92488706	N:TC[T>G]TG	-1	290068.0	2036256379
JG0139b	12	92609374	N:CC[T>A]CC	1	120668.0	2036377047
JG0139b	12	92692121	N:CA[T>G]CC	1	82747.0	2036459794
JG0139b	12	93213870	N:CC[T>G]CA	1	521749.0	2036981543
JG0139b	12	93369978	N:GC[T>G]CA	1	156108.0	2037137651
JG0139b	12	93597585	N:TC[T>C]CA	-1	227607.0	2037365258
JG0139b	12	93627945	N:AC[T>C]TG	-1	30360.0	2037395618
JG0139b	12	94164144	T:AC[T>G]TG	-1	536199.0	2037931817
JG0139b	12	94210180	U:TC[T>C]TG	1	46036.0	2037977853
JG0139b	12	94350225	T:CC[T>G]TA	1	140045.0	2038117898
JG0139b	12	94386751	T:AC[T>G]TA	1	36526.0	2038154424
JG0139b	12	94656649	N:TC[T>C]CT	1	269898.0	2038424322
JG0139b	12	94657158	N:TC[T>C]TT	-1	509.0	2038424831
JG0139b	12	95143704	T:AC[T>G]TA	1	486546.0	2038911377
JG0139b	12	95147694	U:AC[T>G]TA	-1	3990.0	2038915367
JG0139b	12	95338373	N:AC[T>G]TT	1	190679.0	2039106046
JG0139b	12	95410173	N:AG[T>G]TA	1	71800.0	2039177846
JG0139b	12	95713316	T:GC[T>G]TA	1	303143.0	2039480989
JG0139b	12	95975687	T:AG[T>G]TG	1	262371.0	2039743360
JG0139b	12	96134089	N:GC[T>C]GA	1	158402.0	2039901762
JG0139b	12	96137189	N:AA[T>G]TT	1	3100.0	2039904862
JG0139b	12	96171079	N:GC[T>C]CA	1	33890.0	2039938752
JG0139b	12	96659932	T:TC[T>C]CA	-1	488853.0	2040427605
JG0139b	12	96774170	T:AC[T>C]TA	-1	114238.0	2040541843
JG0139b	12	96873424	T:CC[T>G]TA	-1	99254.0	2040641097
JG0139b	12	96891424	N:CC[T>C]TC	-1	18000.0	2040659097
JG0139b	12	96941620	T:AC[T>A]CG	-1	50196.0	2040709293
JG0139b	12	96964965	N:TC[T>A]TG	-1	23345.0	2040732638
JG0139b	12	97046345	N:AG[T>G]TC	-1	81380.0	2040814018
JG0139b	12	97133776	N:AG[T>C]CT	1	87431.0	2040901449
JG0139b	12	97513575	N:TG[T>G]TT	-1	379799.0	2041281248
JG0139b	12	97581191	N:AC[T>G]GG	-1	67616.0	2041348864
JG0139b	12	97601485	N:AC[T>A]TG	-1	20294.0	2041369158
JG0139b	12	97721152	N:TC[T>C]CA	1	119667.0	2041488825
JG0139b	12	97907949	N:TC[T>C]CA	-1	186797.0	2041675622
JG0139b	12	97925618	N:GC[T>A]CT	-1	17669.0	2041693291
JG0139b	12	98064914	N:CC[T>A]CC	-1	139296.0	2041832587
JG0139b	12	98211916	N:CC[T>C]GC	1	147002.0	2041979589
JG0139b	12	98275479	N:GC[T>C]CT	1	63563.0	2042043152
JG0139b	12	98364547	N:AG[T>G]TA	-1	89068.0	2042132220
JG0139b	12	98560995	N:GC[T>G]TT	-1	196448.0	2042328668
JG0139b	12	98573716	N:GC[T>G]GA	-1	12721.0	2042341389
JG0139b	12	99254706	U:TC[T>C]CA	-1	680990.0	2043022379
JG0139b	12	99315057	U:TG[T>G]TG	-1	60351.0	2043082730
JG0139b	12	99381525	U:GG[T>C]CT	-1	66468.0	2043149198
JG0139b	12	99567185	T:AC[T>C]CA	1	185660.0	2043334858
JG0139b	12	99583861	T:CA[T>A]AT	1	16676.0	2043351534
JG0139b	12	99595697	T:AC[T>C]TG	1	11836.0	2043363370
JG0139b	12	99730130	T:CT[T>G]TC	1	134433.0	2043497803
JG0139b	12	99853453	T:GC[T>C]CT	1	123323.0	2043621126
JG0139b	12	100082449	T:CC[T>A]CA	1	228996.0	2043850122
JG0139b	12	100096221	T:AC[T>G]CC	1	13772.0	2043863894
JG0139b	12	100121720	T:AC[T>A]TG	1	25499.0	2043889393
JG0139b	12	100340194	U:TC[T>C]GA	1	218474.0	2044107867
JG0139b	12	100645699	N:AC[T>G]TT	1	305505.0	2044413372
JG0139b	12	100780107	U:CC[T>C]CG	1	134408.0	2044547780
JG0139b	12	100901723	U:CG[T>C]CA	1	121616.0	2044669396
JG0139b	12	100932856	U:CC[T>C]CG	1	31133.0	2044700529
JG0139b	12	102194167	T:AC[T>C]CA	-1	1261311.0	2045961840
JG0139b	12	102321096	N:TC[T>G]TA	-1	126929.0	2046088769
JG0139b	12	102363099	N:AG[T>G]TA	1	42003.0	2046130772
JG0139b	12	102458012	T:TC[T>A]TC	1	94913.0	2046225685
JG0139b	12	102767125	N:AT[T>G]TT	1	309113.0	2046534798
JG0139b	12	103040296	N:CC[T>G]TA	-1	273171.0	2046807969
JG0139b	12	103165556	N:AC[T>A]TA	1	125260.0	2046933229
JG0139b	12	103173388	N:TC[T>A]CT	-1	7832.0	2046941061
JG0139b	12	103424473	T:AC[T>G]TG	1	251085.0	2047192146
JG0139b	12	103512014	N:TT[C>A]TT	-1	87541.0	2047279687
JG0139b	12	103665114	U:AC[T>G]AG	1	153100.0	2047432787
JG0139b	12	103747461	U:AC[T>G]CA	1	82347.0	2047515134
JG0139b	12	103915257	N:AA[C>G]TT	1	167796.0	2047682930
JG0139b	12	104029579	T:TC[T>C]TG	1	114322.0	2047797252
JG0139b	12	104036884	T:AC[T>G]TA	1	7305.0	2047804557
JG0139b	12	104093093	U:GC[T>G]TG	1	56209.0	2047860766
JG0139b	12	104201117	N:TC[T>A]CA	1	108024.0	2047968790
JG0139b	12	104313470	U:AG[T>G]TA	1	112353.0	2048081143
JG0139b	12	104405982	N:AC[T>C]TT	1	92512.0	2048173655
JG0139b	12	104523594	U:CC[T>G]TA	1	117612.0	2048291267
JG0139b	12	104705313	U:CC[T>C]CT	1	181719.0	2048472986
JG0139b	12	104866069	T:AC[T>G]TA	1	160756.0	2048633742
JG0139b	12	104943264	T:TC[T>G]GG	1	77195.0	2048710937
JG0139b	12	105665258	N:AA[T>G]TA	1	721994.0	2049432931
JG0139b	12	105691091	N:TC[T>C]TG	1	25833.0	2049458764
JG0139b	12	106209244	N:TT[T>C]GT	1	518153.0	2049976917
JG0139b	12	106222843	N:AC[T>G]TG	1	13599.0	2049990516
JG0139b	12	106571470	N:AC[T>A]CT	-1	348627.0	2050339143
JG0139b	12	107027332	T:TC[T>G]TA	1	455862.0	2050795005
JG0139b	12	107432350	U:TT[T>G]TA	1	405018.0	2051200023
JG0139b	12	107701915	U:AG[T>G]GA	1	269565.0	2051469588
JG0139b	12	107737329	U:CG[T>A]TG	-1	35414.0	2051505002
JG0139b	12	107832674	N:GC[T>G]TA	1	95345.0	2051600347
JG0139b	12	107921301	N:TC[T>C]GT	-1	88627.0	2051688974
JG0139b	12	107944947	N:TC[T>G]TT	-1	23646.0	2051712620
JG0139b	12	107955643	N:AC[T>C]TA	-1	10696.0	2051723316
JG0139b	12	107956432	N:TC[T>C]GA	-1	789.0	2051724105
JG0139b	12	107975598	N:GC[T>G]TG	-1	19166.0	2051743271
JG0139b	12	107990784	N:TC[T>G]TA	-1	15186.0	2051758457
JG0139b	12	108062739	N:AC[T>A]TG	1	71955.0	2051830412
JG0139b	12	108196691	T:AC[T>A]TA	-1	133952.0	2051964364
JG0139b	12	108324311	U:CC[T>G]TC	-1	127620.0	2052091984
JG0139b	12	108501011	N:GG[T>C]GA	1	176700.0	2052268684
JG0139b	12	108585007	N:AA[T>G]TT	-1	83996.0	2052352680
JG0139b	12	108827651	U:TC[T>C]CC	-1	242644.0	2052595324
JG0139b	12	108897181	U:AG[T>G]TG	1	69530.0	2052664854
JG0139b	12	108986973	T:TC[T>G]TT	1	89792.0	2052754646
JG0139b	12	109090320	T:GC[T>A]CC	1	103347.0	2052857993
JG0139b	12	109184701	U:CA[T>G]TA	1	94381.0	2052952374
JG0139b	12	109242041	U:GA[T>G]TT	1	57340.0	2053009714
JG0139b	12	109270218	N:CC[T>G]CC	1	28177.0	2053037891
JG0139b	12	109559255	T:GC[T>C]CA	1	289037.0	2053326928
JG0139b	12	109588402	U:AC[T>A]GA	1	29147.0	2053356075
JG0139b	12	109810676	T:AC[T>G]TA	1	222274.0	2053578349
JG0139b	12	110686127	T:AG[T>G]AG	1	875451.0	2054453800
JG0139b	12	111242325	U:GG[C>A]AA	1	556198.0	2055009998
JG0139b	12	111349488	T:AC[T>C]TG	-1	107163.0	2055117161
JG0139b	12	111603253	N:TG[T>G]TT	-1	253765.0	2055370926
JG0139b	12	111914341	N:GA[T>G]TC	1	311088.0	2055682014
JG0139b	12	112698500	U:GC[T>G]GA	1	784159.0	2056466173
JG0139b	12	112870964	T:AG[T>C]TG	-1	172464.0	2056638637
JG0139b	12	113548884	N:GT[T>G]TG	1	677920.0	2057316557
JG0139b	12	113754878	N:CC[T>C]CA	-1	205994.0	2057522551
JG0139b	12	113838630	T:AC[T>C]CG	1	83752.0	2057606303
JG0139b	12	113900855	T:GC[T>C]TC	1	62225.0	2057668528
JG0139b	12	114126448	N:TC[T>A]TG	1	225593.0	2057894121
JG0139b	12	114138829	N:TC[T>C]TA	-1	12381.0	2057906502
JG0139b	12	114139580	N:AC[T>G]TC	-1	751.0	2057907253
JG0139b	12	114182261	N:AC[T>G]CA	1	42681.0	2057949934
JG0139b	12	114308883	N:GC[T>G]GA	1	126622.0	2058076556
JG0139b	12	114340632	N:GC[T>G]TA	-1	31749.0	2058108305
JG0139b	12	114353804	N:TC[T>G]CA	-1	13172.0	2058121477
JG0139b	12	114513798	N:AC[T>C]TG	1	159994.0	2058281471
JG0139b	12	114586950	N:CC[T>G]GC	-1	73152.0	2058354623
JG0139b	12	114990745	N:GC[T>C]CT	-1	403795.0	2058758418
JG0139b	12	115017347	N:AC[T>C]TT	1	26602.0	2058785020
JG0139b	12	115034333	N:GC[T>C]CC	-1	16986.0	2058802006
JG0139b	12	115215140	N:AC[T>G]CA	1	180807.0	2058982813
JG0139b	12	115465092	N:GC[T>G]TC	-1	249952.0	2059232765
JG0139b	12	115688966	N:TC[T>G]TC	-1	223874.0	2059456639
JG0139b	12	115716012	N:GG[T>G]TC	1	27046.0	2059483685
JG0139b	12	115811789	N:GG[T>G]TA	-1	95777.0	2059579462
JG0139b	12	115867876	N:GG[T>G]TG	-1	56087.0	2059635549
JG0139b	12	115948225	N:TC[T>C]CT	-1	80349.0	2059715898
JG0139b	12	116032649	T:CC[T>G]TA	1	84424.0	2059800322
JG0139b	12	116181179	T:CC[T>G]CA	1	148530.0	2059948852
JG0139b	12	116225360	U:CC[T>A]CA	-1	44181.0	2059993033
JG0139b	12	116228074	T:CC[T>G]TA	1	2714.0	2059995747
JG0139b	12	116295430	N:GG[T>G]CA	1	67356.0	2060063103
JG0139b	12	116353778	N:AC[T>C]AC	-1	58348.0	2060121451
JG0139b	12	116375179	N:AC[T>G]CA	-1	21401.0	2060142852
JG0139b	12	116379185	N:AC[T>A]CT	1	4006.0	2060146858
JG0139b	12	116400915	N:AC[T>G]TC	-1	21730.0	2060168588
JG0139b	12	116478811	N:GT[T>G]TC	1	77896.0	2060246484
JG0139b	12	116564547	U:GC[T>G]TG	1	85736.0	2060332220
JG0139b	12	116741420	U:TC[T>C]CA	1	176873.0	2060509093
JG0139b	12	117183967	T:TC[T>G]TT	1	442547.0	2060951640
JG0139b	12	117234082	U:AG[T>C]GT	-1	50115.0	2061001755
JG0139b	12	117405300	N:AC[T>G]TC	-1	171218.0	2061172973
JG0139b	12	117479851	T:AC[T>C]TA	1	74551.0	2061247524
JG0139b	12	117509690	U:AC[T>C]TG	-1	29839.0	2061277363
JG0139b	12	117530832	U:AG[T>G]TG	-1	21142.0	2061298505
JG0139b	12	117637872	U:AC[T>C]TG	-1	107040.0	2061405545
JG0139b	12	117748733	U:TC[T>C]TG	-1	110861.0	2061516406
JG0139b	12	117758063	U:GG[T>G]TG	-1	9330.0	2061525736
JG0139b	12	117855604	U:GG[T>G]TG	-1	97541.0	2061623277
JG0139b	12	117897993	U:TG[T>C]TA	-1	42389.0	2061665666
JG0139b	12	118222044	U:AC[T>C]TG	-1	324051.0	2061989717
JG0139b	12	118243803	U:AC[T>G]TG	-1	21759.0	2062011476
JG0139b	12	118283077	U:AC[T>C]CA	-1	39274.0	2062050750
JG0139b	12	118309279	U:GC[T>A]CG	-1	26202.0	2062076952
JG0139b	12	118317487	U:CG[T>A]CT	-1	8208.0	2062085160
JG0139b	12	118326904	U:TC[T>C]TA	-1	9417.0	2062094577
JG0139b	12	118327264	U:AG[T>G]TA	-1	360.0	2062094937
JG0139b	12	118382951	T:GC[T>C]CA	-1	55687.0	2062150624
JG0139b	12	118435512	N:GC[T>C]TG	-1	52561.0	2062203185
JG0139b	12	118526744	N:TC[T>C]CA	-1	91232.0	2062294417
JG0139b	12	118547750	N:TG[T>C]CT	-1	21006.0	2062315423
JG0139b	12	119138178	U:TC[T>C]TA	1	590428.0	2062905851
JG0139b	12	119166749	N:GC[T>C]TA	1	28571.0	2062934422
JG0139b	12	119181003	U:AC[T>G]TT	1	14254.0	2062948676
JG0139b	12	119347904	T:CA[T>G]TG	-1	166901.0	2063115577
JG0139b	12	119407434	T:CC[T>G]GA	-1	59530.0	2063175107
JG0139b	12	119464992	U:TC[T>G]TG	1	57558.0	2063232665
JG0139b	12	119467612	T:AG[T>G]TC	-1	2620.0	2063235285
JG0139b	12	119470409	U:GG[T>C]CA	1	2797.0	2063238082
JG0139b	12	119785852	T:GA[T>G]TA	1	315443.0	2063553525
JG0139b	12	119935284	N:TC[T>C]CA	1	149432.0	2063702957
JG0139b	12	120109109	T:GC[T>G]TA	1	173825.0	2063876782
JG0139b	12	120549081	T:AC[T>G]CA	-1	439972.0	2064316754
JG0139b	12	120695707	T:GC[T>G]TT	-1	146626.0	2064463380
JG0139b	12	120818530	T:GC[T>G]TA	1	122823.0	2064586203
JG0139b	12	120893109	T:CC[T>G]TA	1	74579.0	2064660782
JG0139b	12	121102561	N:TC[T>G]TA	1	209452.0	2064870234
JG0139b	12	121432298	T:AG[T>G]TG	1	329737.0	2065199971
JG0139b	12	121726398	U:GG[T>C]GA	1	294100.0	2065494071
JG0139b	12	121793988	T:GC[T>C]CC	1	67590.0	2065561661
JG0139b	12	122200132	U:GG[T>A]CC	1	406144.0	2065967805
JG0139b	12	123060868	U:GG[T>A]TG	-1	860736.0	2066828541
JG0139b	12	124190043	U:CA[C>A]CT	1	1129175.0	2067957716
JG0139b	12	124639914	N:GG[T>G]AA	1	449871.0	2068407587
JG0139b	12	125170723	N:TC[T>C]CT	-1	530809.0	2068938396
JG0139b	12	125428382	U:AT[T>A]TT	1	257659.0	2069196055
JG0139b	12	125588121	T:AC[T>C]CA	-1	159739.0	2069355794
JG0139b	12	125670340	N:GC[T>C]TT	-1	82219.0	2069438013
JG0139b	12	125703372	N:AC[T>G]CC	-1	33032.0	2069471045
JG0139b	12	125763748	N:TT[T>G]TG	1	60376.0	2069531421
JG0139b	12	126108772	N:TC[T>A]TT	-1	345024.0	2069876445
JG0139b	12	126399125	N:GC[T>C]CG	-1	290353.0	2070166798
JG0139b	12	126418738	N:AC[T>A]TC	-1	19613.0	2070186411
JG0139b	12	127085472	N:TG[T>G]TG	1	666734.0	2070853145
JG0139b	12	127621176	N:GC[T>G]TA	1	535704.0	2071388849
JG0139b	12	127857167	N:GC[T>C]TG	-1	235991.0	2071624840
JG0139b	12	127885943	N:AC[T>G]TA	-1	28776.0	2071653616
JG0139b	12	128174529	N:TC[T>G]TA	1	288586.0	2071942202
JG0139b	12	128427187	T:AC[T>A]TT	-1	252658.0	2072194860
JG0139b	12	128472859	T:GG[T>A]CA	-1	45672.0	2072240532
JG0139b	12	128525951	T:GG[T>C]CG	-1	53092.0	2072293624
JG0139b	12	128590266	T:TC[T>A]TG	-1	64315.0	2072357939
JG0139b	12	128862212	U:TC[T>G]CA	1	271946.0	2072629885
JG0139b	12	128987497	N:TC[T>C]TC	-1	125285.0	2072755170
JG0139b	12	128994186	N:GG[T>C]TT	-1	6689.0	2072761859
JG0139b	12	129078717	U:TC[T>A]CC	-1	84531.0	2072846390
JG0139b	12	129634896	T:AC[T>G]TA	1	556179.0	2073402569
JG0139b	12	129681432	T:AG[T>A]CT	1	46536.0	2073449105
JG0139b	12	129880470	T:AT[T>C]TT	1	199038.0	2073648143
JG0139b	12	130025272	N:CC[T>G]CA	-1	144802.0	2073792945
JG0139b	12	130069546	N:GC[T>G]GT	1	44274.0	2073837219
JG0139b	12	130107401	N:CG[T>A]CG	-1	37855.0	2073875074
JG0139b	12	130113322	N:AC[T>G]TA	1	5921.0	2073880995
JG0139b	12	130319239	N:TC[T>C]GG	-1	205917.0	2074086912
JG0139b	12	130372021	T:AC[T>C]TT	-1	52782.0	2074139694
JG0139b	12	130407653	T:CC[T>A]CA	1	35632.0	2074175326
JG0139b	12	130454732	U:GA[T>A]TA	-1	47079.0	2074222405
JG0139b	12	130472492	U:AC[T>C]CT	-1	17760.0	2074240165
JG0139b	12	130525242	T:CC[T>A]TG	1	52750.0	2074292915
JG0139b	12	130830905	T:AC[T>G]TG	1	305663.0	2074598578
JG0139b	12	130901967	N:AC[T>C]TT	1	71062.0	2074669640
JG0139b	12	130958472	U:GA[T>A]TA	1	56505.0	2074726145
JG0139b	12	130958524	U:TC[T>G]TC	1	52.0	2074726197
JG0139b	12	131431680	N:AG[T>C]TT	-1	473156.0	2075199353
JG0139b	12	131568196	N:AG[T>G]CC	1	136516.0	2075335869
JG0139b	12	132052657	U:TG[T>G]TG	1	484461.0	2075820330
JG0139b	12	132253508	T:CC[T>A]CA	1	200851.0	2076021181
JG0139b	12	132888407	U:TC[T>C]CG	-1	634899.0	2076656080
JG0139b	12	132890907	T:TG[T>G]TC	1	2500.0	2076658580
JG0139b	12	133030463	N:TC[T>G]TG	1	139556.0	2076798136
JG0139b	12	133245659	N:AG[T>G]TA	-1	215196.0	2077013332
JG0139b	13	18992590	N:GC[T>G]TA	1		2096035572
JG0139b	13	21077703	N:AC[T>A]CA	1	2085113.0	2098120685
JG0139b	13	21846897	N:GC[T>G]CA	-1	769194.0	2098889879
JG0139b	13	21982908	N:TC[T>C]GA	-1	136011.0	2099025890
JG0139b	13	22320646	N:CC[T>C]TC	-1	337738.0	2099363628
JG0139b	13	22445824	N:AC[T>G]TG	-1	125178.0	2099488806
JG0139b	13	22463660	N:AC[T>G]TT	-1	17836.0	2099506642
JG0139b	13	22659258	N:AC[T>G]TA	1	195598.0	2099702240
JG0139b	13	22712864	N:AC[T>A]TA	-1	53606.0	2099755846
JG0139b	13	22913026	N:CC[T>C]TA	1	200162.0	2099956008
JG0139b	13	23902847	N:AG[T>G]TA	1	989821.0	2100945829
JG0139b	13	24602094	N:TC[T>C]CC	1	699247.0	2101645076
JG0139b	13	24836995	T:CC[T>G]TA	-1	234901.0	2101879977
JG0139b	13	25438069	U:TC[T>G]TA	1	601074.0	2102481051
JG0139b	13	25776583	U:TC[T>G]TA	1	338514.0	2102819565
JG0139b	13	26227666	N:GC[T>G]AA	1	451083.0	2103270648
JG0139b	13	26464747	N:AC[T>C]TA	-1	237081.0	2103507729
JG0139b	13	26491076	N:GC[T>C]CT	1	26329.0	2103534058
JG0139b	13	26777587	N:AG[T>G]CA	-1	286511.0	2103820569
JG0139b	13	26820876	N:CA[C>G]AG	1	43289.0	2103863858
JG0139b	13	27318975	N:AC[T>C]GT	1	498099.0	2104361957
JG0139b	13	27385513	N:AC[T>G]TA	1	66538.0	2104428495
JG0139b	13	27405214	N:AA[T>G]TG	1	19701.0	2104448196
JG0139b	13	28092635	T:AC[T>C]GC	1	687421.0	2105135617
JG0139b	13	28340165	U:TC[T>C]TG	-1	247530.0	2105383147
JG0139b	13	28551143	N:CC[T>G]TC	1	210978.0	2105594125
JG0139b	13	28810913	N:TC[T>A]CG	-1	259770.0	2105853895
JG0139b	13	28950552	T:TC[T>G]TA	-1	139639.0	2105993534
JG0139b	13	29184401	T:TC[T>A]TT	-1	233849.0	2106227383
JG0139b	13	30314289	N:TC[T>G]TT	1	1129888.0	2107357271
JG0139b	13	30802461	N:CC[T>G]TA	1	488172.0	2107845443
JG0139b	13	31598837	N:CC[T>G]TT	1	796376.0	2108641819
JG0139b	13	32155152	U:CC[T>A]TG	1	556315.0	2109198134
JG0139b	13	33102560	N:TC[T>G]TA	-1	947408.0	2110145542
JG0139b	13	33304438	T:CC[T>G]TC	1	201878.0	2110347420
JG0139b	13	33725966	N:AC[T>G]TT	-1	421528.0	2110768948
JG0139b	13	33965856	U:GC[T>G]TG	1	239890.0	2111008838
JG0139b	13	34037234	N:AC[T>G]TA	1	71378.0	2111080216
JG0139b	13	34139825	N:CC[T>G]TA	1	102591.0	2111182807
JG0139b	13	34159440	N:TC[T>A]CT	-1	19615.0	2111202422
JG0139b	13	34407142	N:AC[T>C]CC	1	247702.0	2111450124
JG0139b	13	35031261	T:TC[T>C]TG	-1	624119.0	2112074243
JG0139b	13	35102956	U:TC[T>C]CA	1	71695.0	2112145938
JG0139b	13	35182340	U:AC[T>G]GT	1	79384.0	2112225322
JG0139b	13	35256635	U:CC[T>G]CA	1	74295.0	2112299617
JG0139b	13	36100427	U:GC[T>G]TA	-1	843792.0	2113143409
JG0139b	13	36323422	T:GT[T>C]TC	1	222995.0	2113366404
JG0139b	13	36323859	T:AC[T>C]GG	1	437.0	2113366841
JG0139b	13	36646655	N:AG[T>C]TA	-1	322796.0	2113689637
JG0139b	13	36686343	T:AC[T>G]TC	-1	39688.0	2113729325
JG0139b	13	37104541	T:TC[T>G]TC	1	418198.0	2114147523
JG0139b	13	37230562	N:TC[T>A]CT	1	126021.0	2114273544
JG0139b	13	38537713	N:AG[T>G]TT	-1	1307151.0	2115580695
JG0139b	13	38595652	N:AG[T>G]TG	1	57939.0	2115638634
JG0139b	13	38881634	U:AG[T>A]CA	1	285982.0	2115924616
JG0139b	13	39126260	N:AC[T>G]TA	-1	244626.0	2116169242
JG0139b	13	39153129	N:AC[T>G]TG	-1	26869.0	2116196111
JG0139b	13	39243864	N:AA[T>G]TA	-1	90735.0	2116286846
JG0139b	13	39781932	U:TC[T>G]TT	1	538068.0	2116824914
JG0139b	13	40023990	N:AG[T>A]AA	1	242058.0	2117066972
JG0139b	13	40271407	N:TC[T>A]CA	-1	247417.0	2117314389
JG0139b	13	40582397	T:TC[T>G]TA	1	310990.0	2117625379
JG0139b	13	41110702	N:TC[T>G]TG	-1	528305.0	2118153684
JG0139b	13	41235971	T:TC[T>G]CA	1	125269.0	2118278953
JG0139b	13	41348053	U:GT[T>C]AC	1	112082.0	2118391035
JG0139b	13	42034068	N:GC[T>C]TG	-1	686015.0	2119077050
JG0139b	13	42105185	U:GC[T>A]GG	1	71117.0	2119148167
JG0139b	13	42910033	T:AC[T>G]TC	1	804848.0	2119953015
JG0139b	13	42942203	T:AT[T>G]TA	1	32170.0	2119985185
JG0139b	13	43163652	N:TC[T>G]TC	-1	221449.0	2120206634
JG0139b	13	43812778	N:GG[T>C]GA	1	649126.0	2120855760
JG0139b	13	43840595	T:TC[T>A]CA	1	27817.0	2120883577
JG0139b	13	44180820	N:TC[T>C]TG	-1	340225.0	2121223802
JG0139b	13	44202588	N:GG[T>G]TG	-1	21768.0	2121245570
JG0139b	13	45551009	T:AC[T>C]CA	1	1348421.0	2122593991
JG0139b	13	46085523	T:TC[T>G]TG	1	534514.0	2123128505
JG0139b	13	46097783	U:AC[T>G]TG	-1	12260.0	2123140765
JG0139b	13	46890342	T:TC[T>G]CA	1	792559.0	2123933324
JG0139b	13	47059403	N:GG[T>G]AA	1	169061.0	2124102385
JG0139b	13	47623677	N:AC[T>C]AG	1	564274.0	2124666659
JG0139b	13	48083481	T:AC[T>G]TA	1	459804.0	2125126463
JG0139b	13	48213542	N:AG[T>G]TT	-1	130061.0	2125256524
JG0139b	13	48872931	N:TC[T>G]TA	-1	659389.0	2125915913
JG0139b	13	48949745	N:CC[T>G]TA	1	76814.0	2125992727
JG0139b	13	49275432	U:GA[T>G]TA	1	325687.0	2126318414
JG0139b	13	49478039	U:AT[T>G]TA	1	202607.0	2126521021
JG0139b	13	49628721	T:TC[T>C]CA	-1	150682.0	2126671703
JG0139b	13	49696676	N:AG[T>G]TT	1	67955.0	2126739658
JG0139b	13	50252416	N:TG[T>G]TT	1	555740.0	2127295398
JG0139b	13	50310800	N:AG[T>G]TC	-1	58384.0	2127353782
JG0139b	13	50374159	N:CT[C>T]CT	1	63359.0	2127417141
JG0139b	13	50464997	N:AC[T>G]TG	-1	90838.0	2127507979
JG0139b	13	50513617	N:TC[T>C]GA	1	48620.0	2127556599
JG0139b	13	50663245	N:TC[T>G]AA	1	149628.0	2127706227
JG0139b	13	52360276	N:TC[T>G]CA	-1	1697031.0	2129403258
JG0139b	13	53466886	N:CT[T>G]AA	1	1106610.0	2130509868
JG0139b	13	53470046	N:AC[C>A]CA	-1	3160.0	2130513028
JG0139b	13	53476694	N:TC[T>C]CT	-1	6648.0	2130519676
JG0139b	13	54225684	N:AG[T>G]TC	1	748990.0	2131268666
JG0139b	13	54454176	N:AA[T>G]TA	1	228492.0	2131497158
JG0139b	13	54802495	N:TC[T>G]TA	-1	348319.0	2131845477
JG0139b	13	54824647	N:GC[T>C]TA	-1	22152.0	2131867629
JG0139b	13	55053516	N:AC[T>G]TG	-1	228869.0	2132096498
JG0139b	13	55175493	N:AC[T>C]AG	-1	121977.0	2132218475
JG0139b	13	55894325	N:AA[T>G]TA	1	718832.0	2132937307
JG0139b	13	55929663	N:TC[T>G]TG	-1	35338.0	2132972645
JG0139b	13	56912404	N:AC[T>C]TT	1	982741.0	2133955386
JG0139b	13	57790565	N:GG[T>G]TA	1	878161.0	2134833547
JG0139b	13	57918429	N:TC[T>C]TG	-1	127864.0	2134961411
JG0139b	13	58719222	N:CC[T>G]TT	-1	800793.0	2135762204
JG0139b	13	59269117	N:CC[T>G]TA	1	549895.0	2136312099
JG0139b	13	60918867	N:AC[T>C]TG	-1	1649750.0	2137961849
JG0139b	13	61458822	N:AC[T>C]TA	1	539955.0	2138501804
JG0139b	13	61704997	N:TC[T>A]CA	-1	246175.0	2138747979
JG0139b	13	62654920	N:TA[T>G]TC	1	949923.0	2139697902
JG0139b	13	62838020	N:TC[T>C]TT	1	183100.0	2139881002
JG0139b	13	63500622	N:TC[T>G]TT	1	662602.0	2140543604
JG0139b	13	63609003	N:TC[T>A]CA	-1	108381.0	2140651985
JG0139b	13	64311948	N:AC[T>G]TA	1	702945.0	2141354930
JG0139b	13	64594313	N:TC[T>C]CT	-1	282365.0	2141637295
JG0139b	13	64802501	N:TC[T>C]TT	-1	208188.0	2141845483
JG0139b	13	64808457	N:AC[T>C]TT	-1	5956.0	2141851439
JG0139b	13	64949266	N:TC[T>C]TG	1	140809.0	2141992248
JG0139b	13	65066549	N:AC[T>G]TA	1	117283.0	2142109531
JG0139b	13	65073049	N:GG[T>A]GC	1	6500.0	2142116031
JG0139b	13	65081589	N:AG[T>G]TA	-1	8540.0	2142124571
JG0139b	13	65112044	N:AC[T>C]TA	-1	30455.0	2142155026
JG0139b	13	65495620	N:TC[T>C]TT	-1	383576.0	2142538602
JG0139b	13	65523680	N:GG[T>G]TC	1	28060.0	2142566662
JG0139b	13	65629966	N:TC[T>C]TT	1	106286.0	2142672948
JG0139b	13	65672808	N:TC[T>G]TA	1	42842.0	2142715790
JG0139b	13	65844552	N:CC[T>G]CG	1	171744.0	2142887534
JG0139b	13	66069158	N:AT[T>G]CA	1	224606.0	2143112140
JG0139b	13	66074753	N:TC[T>C]TA	1	5595.0	2143117735
JG0139b	13	66157207	N:CC[T>A]TA	1	82454.0	2143200189
JG0139b	13	66215039	N:TC[T>A]TC	1	57832.0	2143258021
JG0139b	13	66435898	T:TT[T>G]TA	1	220859.0	2143478880
JG0139b	13	66577777	T:GA[T>G]TT	1	141879.0	2143620759
JG0139b	13	66610445	U:AG[T>G]TC	-1	32668.0	2143653427
JG0139b	13	66620331	T:GC[T>A]CA	1	9886.0	2143663313
JG0139b	13	67151682	T:AC[T>C]TA	1	531351.0	2144194664
JG0139b	13	67367146	N:AC[T>G]TA	1	215464.0	2144410128
JG0139b	13	67533769	N:TC[T>C]TA	-1	166623.0	2144576751
JG0139b	13	67675017	N:AT[C>T]TT	1	141248.0	2144717999
JG0139b	13	67675018	N:TC[T>C]TG	1	1.0	2144718000
JG0139b	13	67817977	N:AC[T>C]TG	1	142959.0	2144860959
JG0139b	13	67997344	N:CC[T>A]CA	1	179367.0	2145040326
JG0139b	13	68036657	N:TC[T>C]TT	1	39313.0	2145079639
JG0139b	13	68042343	N:TC[T>G]TA	1	5686.0	2145085325
JG0139b	13	68085985	N:TC[T>A]CC	1	43642.0	2145128967
JG0139b	13	68102830	N:AC[T>G]TT	1	16845.0	2145145812
JG0139b	13	68420469	N:GC[T>C]GG	1	317639.0	2145463451
JG0139b	13	68794193	N:TC[T>G]TA	-1	373724.0	2145837175
JG0139b	13	68890153	N:AC[T>C]GA	1	95960.0	2145933135
JG0139b	13	69060376	N:GC[T>C]CA	1	170223.0	2146103358
JG0139b	13	69070763	N:AC[T>C]TG	1	10387.0	2146113745
JG0139b	13	69415753	N:TC[T>C]CT	1	344990.0	2146458735
JG0139b	13	69462116	N:TC[T>G]TC	-1	46363.0	2146505098
JG0139b	13	69483546	N:AC[T>G]CA	1	21430.0	2146526528
JG0139b	13	69504824	N:AC[T>C]CA	1	21278.0	2146547806
JG0139b	13	69529697	N:TC[T>C]TA	1	24873.0	2146572679
JG0139b	13	69587059	N:TC[T>G]TG	-1	57362.0	2146630041
JG0139b	13	69628906	N:AC[T>G]GA	1	41847.0	2146671888
JG0139b	13	70418721	N:AT[T>G]TA	1	789815.0	2147461703
JG0139b	13	70429159	N:AC[T>G]TT	-1	10438.0	2147472141
JG0139b	13	70494118	N:AC[T>G]TA	1	64959.0	2147537100
JG0139b	13	70563474	N:TG[T>G]TA	1	69356.0	2147606456
JG0139b	13	70817136	N:GC[T>C]CG	1	253662.0	2147860118
JG0139b	13	70882109	N:AA[T>G]TA	1	64973.0	2147925091
JG0139b	13	70901939	N:TC[T>G]GC	1	19830.0	2147944921
JG0139b	13	71001217	N:TG[T>G]TA	1	99278.0	2148044199
JG0139b	13	71281459	N:GG[C>T]AG	-1	280242.0	2148324441
JG0139b	13	71420388	N:TC[T>G]TA	1	138929.0	2148463370
JG0139b	13	72017610	N:AG[T>G]TG	1	597222.0	2149060592
JG0139b	13	72531781	N:AC[T>C]CA	1	514171.0	2149574763
JG0139b	13	72586574	N:TC[T>G]TG	1	54793.0	2149629556
JG0139b	13	72649729	N:TC[T>C]GA	1	63155.0	2149692711
JG0139b	13	72985136	U:GC[T>C]TA	1	335407.0	2150028118
JG0139b	13	73254503	N:TC[T>G]TG	-1	269367.0	2150297485
JG0139b	13	73526724	N:AC[T>G]GC	-1	272221.0	2150569706
JG0139b	13	73601844	N:TC[T>C]CA	-1	75120.0	2150644826
JG0139b	13	73735055	U:CC[T>C]TG	-1	133211.0	2150778037
JG0139b	13	73764934	T:AC[T>C]CA	1	29879.0	2150807916
JG0139b	13	73857735	U:TC[T>C]TG	-1	92801.0	2150900717
JG0139b	13	73877462	T:AC[T>A]GT	1	19727.0	2150920444
JG0139b	13	73937020	T:CG[T>C]CT	1	59558.0	2150980002
JG0139b	13	73940041	T:GC[T>C]GG	1	3021.0	2150983023
JG0139b	13	74062631	N:AT[T>G]TA	1	122590.0	2151105613
JG0139b	13	74124272	N:TG[T>C]TA	1	61641.0	2151167254
JG0139b	13	74387739	N:AC[T>G]TT	1	263467.0	2151430721
JG0139b	13	74986864	N:CC[T>C]TG	1	599125.0	2152029846
JG0139b	13	75011231	N:GC[T>G]TT	1	24367.0	2152054213
JG0139b	13	75115249	N:CC[T>A]CC	1	104018.0	2152158231
JG0139b	13	75408808	T:AC[T>C]TC	1	293559.0	2152451790
JG0139b	13	75946134	N:TC[T>G]TC	-1	537326.0	2152989116
JG0139b	13	75975623	N:AT[T>G]TT	1	29489.0	2153018605
JG0139b	13	76067186	N:TC[T>A]TA	-1	91563.0	2153110168
JG0139b	13	76519115	N:TC[T>C]TT	1	451929.0	2153562097
JG0139b	13	76526193	N:TC[T>C]CA	-1	7078.0	2153569175
JG0139b	13	76601540	N:TT[T>G]TA	1	75347.0	2153644522
JG0139b	13	76837420	N:CC[T>G]TT	-1	235880.0	2153880402
JG0139b	13	76859703	N:TC[T>A]AA	1	22283.0	2153902685
JG0139b	13	76911809	N:AG[T>G]TT	1	52106.0	2153954791
JG0139b	13	76930035	N:AC[T>G]TC	1	18226.0	2153973017
JG0139b	13	76933301	N:TC[T>C]TG	-1	3266.0	2153976283
JG0139b	13	76980043	N:AC[T>G]TA	1	46742.0	2154023025
JG0139b	13	77076915	B:AC[T>C]CA	1	96872.0	2154119897
JG0139b	13	77079896	T:AC[T>A]TT	-1	2981.0	2154122878
JG0139b	13	77085693	U:GC[T>C]CT	1	5797.0	2154128675
JG0139b	13	77638542	U:CT[T>G]TA	1	552849.0	2154681524
JG0139b	13	77788226	N:TC[T>A]CT	1	149684.0	2154831208
JG0139b	13	77808950	N:TC[T>A]TT	1	20724.0	2154851932
JG0139b	13	77821858	N:GC[T>G]TA	1	12908.0	2154864840
JG0139b	13	77856107	N:TC[T>A]TA	1	34249.0	2154899089
JG0139b	13	78098308	N:CA[T>G]TA	-1	242201.0	2155141290
JG0139b	13	78253370	N:AC[T>G]CT	1	155062.0	2155296352
JG0139b	13	78368328	N:AC[T>C]GG	1	114958.0	2155411310
JG0139b	13	78467794	N:GA[T>C]CA	1	99466.0	2155510776
JG0139b	13	78655802	T:CC[T>A]TA	1	188008.0	2155698784
JG0139b	13	78673757	N:AC[T>G]TA	-1	17955.0	2155716739
JG0139b	13	78743706	N:TC[T>G]CA	-1	69949.0	2155786688
JG0139b	13	78747027	N:TT[T>G]TG	1	3321.0	2155790009
JG0139b	13	78879321	N:GC[T>C]AG	1	132294.0	2155922303
JG0139b	13	78928884	N:AC[T>C]GA	1	49563.0	2155971866
JG0139b	13	78989814	N:AC[T>C]GT	1	60930.0	2156032796
JG0139b	13	79041135	N:TT[T>C]CT	1	51321.0	2156084117
JG0139b	13	79055421	N:AC[T>A]TT	1	14286.0	2156098403
JG0139b	13	79117997	N:TC[T>G]TA	1	62576.0	2156160979
JG0139b	13	79178059	N:TC[T>C]TA	1	60062.0	2156221041
JG0139b	13	79277838	N:AC[T>G]TA	1	99779.0	2156320820
JG0139b	13	79530869	U:AC[T>G]TC	1	253031.0	2156573851
JG0139b	13	79885548	N:AC[T>G]TT	1	354679.0	2156928530
JG0139b	13	79932141	N:TC[T>A]TA	1	46593.0	2156975123
JG0139b	13	80029969	N:TC[T>C]CA	1	97828.0	2157072951
JG0139b	13	80035737	N:TG[T>G]TT	1	5768.0	2157078719
JG0139b	13	80042206	N:TC[T>C]TT	1	6469.0	2157085188
JG0139b	13	80059448	N:CC[T>G]TG	1	17242.0	2157102430
JG0139b	13	80062180	N:AC[T>C]CA	1	2732.0	2157105162
JG0139b	13	80148936	N:AC[T>C]CC	1	86756.0	2157191918
JG0139b	13	80207279	N:TC[T>C]CG	-1	58343.0	2157250261
JG0139b	13	80519667	N:TC[T>G]TA	-1	312388.0	2157562649
JG0139b	13	80531997	N:AC[T>C]AA	-1	12330.0	2157574979
JG0139b	13	80622479	N:TG[T>C]TA	-1	90482.0	2157665461
JG0139b	13	80760596	N:AC[T>C]TT	-1	138117.0	2157803578
JG0139b	13	81007349	N:TC[T>C]CA	1	246753.0	2158050331
JG0139b	13	81867249	N:TA[T>C]CT	1	859900.0	2158910231
JG0139b	13	82438366	N:GC[T>A]TG	-1	571117.0	2159481348
JG0139b	13	82664913	N:CC[T>G]CA	1	226547.0	2159707895
JG0139b	13	83088207	N:AC[T>C]TG	1	423294.0	2160131189
JG0139b	13	83272079	N:AC[T>C]TG	-1	183872.0	2160315061
JG0139b	13	83542449	N:GG[T>C]TG	1	270370.0	2160585431
JG0139b	13	83656559	N:AC[T>A]TA	1	114110.0	2160699541
JG0139b	13	84113581	N:AA[T>G]TT	1	457022.0	2161156563
JG0139b	13	84209134	N:TG[T>G]CT	1	95553.0	2161252116
JG0139b	13	84328211	N:TC[T>C]CG	1	119077.0	2161371193
JG0139b	13	84437324	N:AC[T>G]TA	-1	109113.0	2161480306
JG0139b	13	84604146	N:TC[T>G]CA	-1	166822.0	2161647128
JG0139b	13	84694648	N:GC[T>C]TT	-1	90502.0	2161737630
JG0139b	13	84836201	N:TG[T>G]TA	-1	141553.0	2161879183
JG0139b	13	85796487	U:TC[T>C]TT	-1	960286.0	2162839469
JG0139b	13	85978672	N:GG[T>A]TG	1	182185.0	2163021654
JG0139b	13	86067364	N:AG[T>G]TT	-1	88692.0	2163110346
JG0139b	13	86093977	N:CC[T>G]TT	1	26613.0	2163136959
JG0139b	13	86193707	N:TC[T>C]CA	1	99730.0	2163236689
JG0139b	13	86554145	N:AT[T>G]TT	-1	360438.0	2163597127
JG0139b	13	86602544	N:TC[T>G]AA	1	48399.0	2163645526
JG0139b	13	86603868	N:TC[T>C]TG	1	1324.0	2163646850
JG0139b	13	87301116	N:AG[T>C]CT	1	697248.0	2164344098
JG0139b	13	87343534	N:AC[T>A]CA	1	42418.0	2164386516
JG0139b	13	87963563	N:AC[T>G]TT	1	620029.0	2165006545
JG0139b	13	88435254	N:TC[T>C]GC	1	471691.0	2165478236
JG0139b	13	88520359	N:TC[T>G]TG	1	85105.0	2165563341
JG0139b	13	89059873	N:GG[T>G]TC	1	539514.0	2166102855
JG0139b	13	89947477	N:TC[T>A]TT	1	887604.0	2166990459
JG0139b	13	90022633	N:TG[T>G]TA	-1	75156.0	2167065615
JG0139b	13	90101182	N:TC[T>G]TT	1	78549.0	2167144164
JG0139b	13	90942415	N:TC[T>C]AA	1	841233.0	2167985397
JG0139b	13	91099758	N:AC[T>G]TT	-1	157343.0	2168142740
JG0139b	13	91116689	N:TC[T>C]CT	1	16931.0	2168159671
JG0139b	13	91143201	N:GG[T>A]AA	1	26512.0	2168186183
JG0139b	13	91341585	N:TC[T>C]TA	1	198384.0	2168384567
JG0139b	13	91488895	T:TC[T>C]TT	-1	147310.0	2168531877
JG0139b	13	91640494	U:GG[T>A]TG	1	151599.0	2168683476
JG0139b	13	91683992	U:TC[T>G]TT	1	43498.0	2168726974
JG0139b	13	91699167	U:AC[T>A]TT	1	15175.0	2168742149
JG0139b	13	91820955	U:AC[T>C]CC	1	121788.0	2168863937
JG0139b	13	92368100	U:CC[T>C]CA	1	547145.0	2169411082
JG0139b	13	92484802	U:TC[T>C]CG	1	116702.0	2169527784
JG0139b	13	92500314	T:AC[T>C]CA	-1	15512.0	2169543296
JG0139b	13	92592963	T:CC[T>C]GC	-1	92649.0	2169635945
JG0139b	13	92679169	U:GG[T>C]CA	1	86206.0	2169722151
JG0139b	13	92916209	N:AT[T>G]TA	-1	237040.0	2169959191
JG0139b	13	92956679	N:AG[T>C]TG	-1	40470.0	2169999661
JG0139b	13	93033713	N:GC[T>G]AA	1	77034.0	2170076695
JG0139b	13	93553188	T:AC[T>G]TA	-1	519475.0	2170596170
JG0139b	13	93604392	U:GC[T>G]TG	1	51204.0	2170647374
JG0139b	13	93609819	U:CC[T>C]TG	1	5427.0	2170652801
JG0139b	13	93824408	U:GC[T>C]TA	1	214589.0	2170867390
JG0139b	13	93829887	T:TC[T>A]TT	-1	5479.0	2170872869
JG0139b	13	94057095	T:TG[T>G]TA	-1	227208.0	2171100077
JG0139b	13	94437272	T:AC[T>G]TA	1	380177.0	2171480254
JG0139b	13	94571325	N:TC[T>A]TG	1	134053.0	2171614307
JG0139b	13	94647977	N:GC[T>C]CT	1	76652.0	2171690959
JG0139b	13	95029976	T:AC[T>G]TC	1	381999.0	2172072958
JG0139b	13	95108946	T:CC[T>G]TG	1	78970.0	2172151928
JG0139b	13	95940080	T:AC[T>G]TT	1	831134.0	2172983062
JG0139b	13	96256911	U:TC[T>C]TG	1	316831.0	2173299893
JG0139b	13	96264402	U:TC[T>C]CC	1	7491.0	2173307384
JG0139b	13	96276798	U:GG[T>G]CC	1	12396.0	2173319780
JG0139b	13	96285117	U:TC[T>C]TG	1	8319.0	2173328099
JG0139b	13	96500788	T:CG[T>C]TA	-1	215671.0	2173543770
JG0139b	13	96676013	U:AC[T>C]TG	1	175225.0	2173718995
JG0139b	13	96732595	U:GC[T>G]TT	1	56582.0	2173775577
JG0139b	13	96744685	T:AG[T>G]TG	-1	12090.0	2173787667
JG0139b	13	96768576	U:AC[T>A]TA	1	23891.0	2173811558
JG0139b	13	96794641	U:TC[T>G]TG	1	26065.0	2173837623
JG0139b	13	96820801	U:TC[T>C]TA	1	26160.0	2173863783
JG0139b	13	96827878	U:TC[T>C]CA	1	7077.0	2173870860
JG0139b	13	96834345	U:TC[T>C]GC	1	6467.0	2173877327
JG0139b	13	97036913	N:TC[T>A]CA	-1	202568.0	2174079895
JG0139b	13	97115563	N:TC[T>C]GA	1	78650.0	2174158545
JG0139b	13	97501601	N:AG[T>C]CG	1	386038.0	2174544583
JG0139b	13	97778243	N:TC[T>C]TA	-1	276642.0	2174821225
JG0139b	13	97785537	N:CC[T>G]AC	-1	7294.0	2174828519
JG0139b	13	98044593	N:CC[T>C]GG	1	259056.0	2175087575
JG0139b	13	98228321	U:CA[T>G]TG	1	183728.0	2175271303
JG0139b	13	99483967	U:AC[T>G]CA	1	1255646.0	2176526949
JG0139b	13	99671491	U:AC[T>C]AC	1	187524.0	2176714473
JG0139b	13	100261605	T:GC[T>C]TC	-1	590114.0	2177304587
JG0139b	13	100528267	T:AC[T>G]TA	-1	266662.0	2177571249
JG0139b	13	100606807	T:TC[T>C]TG	1	78540.0	2177649789
JG0139b	13	100676604	N:TA[T>C]TA	-1	69797.0	2177719586
JG0139b	13	100691000	N:AC[T>A]TG	1	14396.0	2177733982
JG0139b	13	100759618	N:CC[T>C]TG	-1	68618.0	2177802600
JG0139b	13	100869837	N:TC[T>C]CA	-1	110219.0	2177912819
JG0139b	13	100889996	N:TC[T>C]GG	-1	20159.0	2177932978
JG0139b	13	101201920	T:TG[T>G]TA	1	311924.0	2178244902
JG0139b	13	102039786	T:TC[T>G]TA	1	837866.0	2179082768
JG0139b	13	102304189	T:TC[T>G]TC	1	264403.0	2179347171
JG0139b	13	102329253	T:CT[T>G]GC	1	25064.0	2179372235
JG0139b	13	102344038	T:TC[T>C]TA	1	14785.0	2179387020
JG0139b	13	102354742	T:AC[T>C]TT	1	10704.0	2179397724
JG0139b	13	102413982	N:TG[T>A]CA	1	59240.0	2179456964
JG0139b	13	102459143	N:TC[T>C]TG	1	45161.0	2179502125
JG0139b	13	102534911	N:GC[T>C]AT	1	75768.0	2179577893
JG0139b	13	102548669	N:AC[T>C]CC	1	13758.0	2179591651
JG0139b	13	102575736	N:GC[T>A]CA	1	27067.0	2179618718
JG0139b	13	103032743	N:CC[T>C]TT	-1	457007.0	2180075725
JG0139b	13	103123898	N:AC[T>C]TG	1	91155.0	2180166880
JG0139b	13	103156449	N:TC[T>C]TT	-1	32551.0	2180199431
JG0139b	13	103178819	N:AC[T>G]TA	-1	22370.0	2180221801
JG0139b	13	103185869	N:AG[T>C]TT	1	7050.0	2180228851
JG0139b	13	103295058	N:AG[T>G]TA	1	109189.0	2180338040
JG0139b	13	103322267	N:TG[T>C]TC	1	27209.0	2180365249
JG0139b	13	103343191	N:AC[T>C]TA	1	20924.0	2180386173
JG0139b	13	103494864	N:AG[T>G]TG	-1	151673.0	2180537846
JG0139b	13	103557260	N:GC[T>G]TT	1	62396.0	2180600242
JG0139b	13	103558802	N:TC[T>A]TT	1	1542.0	2180601784
JG0139b	13	103646279	N:GT[C>A]TT	1	87477.0	2180689261
JG0139b	13	103788251	N:TC[T>G]TC	1	141972.0	2180831233
JG0139b	13	103838860	N:AC[T>G]CA	-1	50609.0	2180881842
JG0139b	13	104065589	N:GC[T>A]TG	1	226729.0	2181108571
JG0139b	13	104183094	N:CC[T>C]GG	-1	117505.0	2181226076
JG0139b	13	104237460	N:GC[T>C]TT	1	54366.0	2181280442
JG0139b	13	104668644	N:TG[T>G]TG	1	431184.0	2181711626
JG0139b	13	104668784	N:TG[T>A]TT	1	140.0	2181711766
JG0139b	13	104736026	N:AG[T>G]TC	1	67242.0	2181779008
JG0139b	13	104800683	N:TT[T>C]AA	1	64657.0	2181843665
JG0139b	13	105468366	T:CC[T>A]TA	-1	667683.0	2182511348
JG0139b	13	105765668	N:TT[T>A]TG	1	297302.0	2182808650
JG0139b	13	105817266	N:TC[T>C]TG	1	51598.0	2182860248
JG0139b	13	106280612	N:AC[T>C]TG	1	463346.0	2183323594
JG0139b	13	106378460	N:GC[T>G]GC	1	97848.0	2183421442
JG0139b	13	106587984	N:TC[T>A]CC	-1	209524.0	2183630966
JG0139b	13	106630735	N:CC[T>G]GC	1	42751.0	2183673717
JG0139b	13	106890173	N:AC[T>A]TA	-1	259438.0	2183933155
JG0139b	13	106937526	N:GC[T>C]CC	-1	47353.0	2183980508
JG0139b	13	106996733	N:AC[T>C]CC	-1	59207.0	2184039715
JG0139b	13	107004145	N:TC[T>C]TA	1	7412.0	2184047127
JG0139b	13	107019731	N:AC[T>G]TA	1	15586.0	2184062713
JG0139b	13	107039243	N:CC[T>G]TA	-1	19512.0	2184082225
JG0139b	13	107076365	N:AC[T>C]GC	-1	37122.0	2184119347
JG0139b	13	107310301	T:GC[T>C]TG	1	233936.0	2184353283
JG0139b	13	107332206	U:AC[T>A]CA	-1	21905.0	2184375188
JG0139b	13	107770133	T:TC[T>C]CG	1	437927.0	2184813115
JG0139b	13	107789804	T:AG[T>A]TG	1	19671.0	2184832786
JG0139b	13	107908423	N:TC[T>C]TA	1	118619.0	2184951405
JG0139b	13	107919913	N:TC[T>C]CA	1	11490.0	2184962895
JG0139b	13	107937520	N:AA[T>G]TG	-1	17607.0	2184980502
JG0139b	13	108159197	N:AC[T>G]TA	1	221677.0	2185202179
JG0139b	13	108718451	T:TG[T>A]GG	-1	559254.0	2185761433
JG0139b	13	108789559	T:TC[T>C]TA	-1	71108.0	2185832541
JG0139b	13	109429870	N:TC[T>C]TA	-1	640311.0	2186472852
JG0139b	13	109503651	N:CT[T>A]CC	1	73781.0	2186546633
JG0139b	13	109893498	N:GC[T>C]TG	1	389847.0	2186936480
JG0139b	13	110395154	T:TC[T>G]TA	-1	501656.0	2187438136
JG0139b	13	110728504	N:CC[T>G]TG	1	333350.0	2187771486
JG0139b	13	110754408	N:CC[T>C]CA	1	25904.0	2187797390
JG0139b	13	110807156	N:GC[T>C]CA	1	52748.0	2187850138
JG0139b	13	110947631	N:CC[T>A]CA	1	140475.0	2187990613
JG0139b	13	111193633	U:GG[T>G]TA	1	246002.0	2188236615
JG0139b	13	111207928	U:AC[T>C]TG	1	14295.0	2188250910
JG0139b	13	111242114	U:GC[T>G]CC	1	34186.0	2188285096
JG0139b	13	111598264	N:GC[T>C]TC	1	356150.0	2188641246
JG0139b	13	112023020	N:TG[T>C]TG	1	424756.0	2189066002
JG0139b	13	112186775	N:GG[T>G]TA	1	163755.0	2189229757
JG0139b	13	112324073	N:AC[T>C]GG	1	137298.0	2189367055
JG0139b	13	112328005	N:GC[T>G]TG	-1	3932.0	2189370987
JG0139b	13	112456696	N:GG[T>C]GA	1	128691.0	2189499678
JG0139b	13	112624755	N:GC[T>C]GT	1	168059.0	2189667737
JG0139b	13	112648080	N:CC[T>A]CA	1	23325.0	2189691062
JG0139b	13	112825385	U:GC[T>G]CA	1	177305.0	2189868367
JG0139b	13	113324593	T:AG[T>G]TA	1	499208.0	2190367575
JG0139b	13	113438647	T:GA[T>G]TG	1	114054.0	2190481629
JG0139b	13	113590333	U:TG[T>C]CA	1	151686.0	2190633315
JG0139b	13	113738825	N:CC[T>C]TA	-1	148492.0	2190781807
JG0139b	14	20073555	N:AC[T>G]TA	1		2211480865
JG0139b	14	20144328	U:TC[T>C]GA	1	70773.0	2211551638
JG0139b	14	20410385	T:AC[T>A]TG	1	266057.0	2211817695
JG0139b	14	20569889	N:TC[T>G]TG	1	159504.0	2211977199
JG0139b	14	20957700	N:AG[T>G]CA	1	387811.0	2212365010
JG0139b	14	21679928	N:TC[T>G]TA	-1	722228.0	2213087238
JG0139b	14	22145168	N:TC[T>A]GA	1	465240.0	2213552478
JG0139b	14	22373234	N:TC[T>C]AG	-1	228066.0	2213780544
JG0139b	14	22408418	N:AC[T>C]TG	1	35184.0	2213815728
JG0139b	14	22782904	U:CC[T>G]TT	-1	374486.0	2214190214
JG0139b	14	23475821	U:GC[T>C]AT	1	692917.0	2214883131
JG0139b	14	23488311	U:GC[T>G]TC	1	12490.0	2214895621
JG0139b	14	23742976	N:GG[T>C]TA	1	254665.0	2215150286
JG0139b	14	23774013	N:GG[T>A]TA	1	31037.0	2215181323
JG0139b	14	23802946	N:AG[T>A]AG	1	28933.0	2215210256
JG0139b	14	23871262	N:AC[T>C]GG	1	68316.0	2215278572
JG0139b	14	24085890	U:TC[T>G]GG	-1	214628.0	2215493200
JG0139b	14	24087944	U:CC[T>G]GA	-1	2054.0	2215495254
JG0139b	14	24674459	N:AC[T>G]TA	-1	586515.0	2216081769
JG0139b	14	25059806	N:GC[T>G]TT	1	385347.0	2216467116
JG0139b	14	25116621	N:TC[T>C]CA	1	56815.0	2216523931
JG0139b	14	25288775	N:AC[T>C]GG	1	172154.0	2216696085
JG0139b	14	25549968	N:TC[T>C]AA	1	261193.0	2216957278
JG0139b	14	25658768	N:AC[T>C]TA	1	108800.0	2217066078
JG0139b	14	26084459	N:AG[T>G]CA	1	425691.0	2217491769
JG0139b	14	26285491	N:AC[T>C]TC	1	201032.0	2217692801
JG0139b	14	26331696	N:AA[T>G]TT	-1	46205.0	2217739006
JG0139b	14	27071901	N:GA[T>A]TT	1	740205.0	2218479211
JG0139b	14	27376675	N:GA[T>G]TG	1	304774.0	2218783985
JG0139b	14	28289493	N:TC[T>A]CC	1	912818.0	2219696803
JG0139b	14	28455159	N:TC[T>G]TC	1	165666.0	2219862469
JG0139b	14	28485930	N:TC[T>A]GA	1	30771.0	2219893240
JG0139b	14	28633350	N:TC[T>A]TT	1	147420.0	2220040660
JG0139b	14	28686507	N:GT[C>A]AT	1	53157.0	2220093817
JG0139b	14	29070758	N:AC[T>C]CA	-1	384251.0	2220478068
JG0139b	14	29165647	N:TC[T>C]GG	1	94889.0	2220572957
JG0139b	14	29201210	N:TG[T>C]CT	1	35563.0	2220608520
JG0139b	14	29279832	N:TC[T>C]CA	1	78622.0	2220687142
JG0139b	14	29286587	N:TC[T>C]TA	1	6755.0	2220693897
JG0139b	14	29369840	N:AG[T>G]TT	1	83253.0	2220777150
JG0139b	14	29459213	N:CC[T>G]TC	1	89373.0	2220866523
JG0139b	14	30722368	U:TC[T>G]TA	1	1263155.0	2222129678
JG0139b	14	31509837	U:TC[T>G]TG	1	787469.0	2222917147
JG0139b	14	31743937	U:TC[T>C]CT	1	234100.0	2223151247
JG0139b	14	32403004	U:GA[T>C]TA	1	659067.0	2223810314
JG0139b	14	32691655	U:GG[T>G]TC	1	288651.0	2224098965
JG0139b	14	33384646	U:AC[T>A]TG	1	692991.0	2224791956
JG0139b	14	33528481	T:TC[T>G]TC	-1	143835.0	2224935791
JG0139b	14	34077394	T:GC[T>C]GG	1	548913.0	2225484704
JG0139b	14	34176826	T:TC[T>G]TA	1	99432.0	2225584136
JG0139b	14	34247052	N:TC[T>C]TA	-1	70226.0	2225654362
JG0139b	14	35442780	N:AC[T>G]TG	1	1195728.0	2226850090
JG0139b	14	35589121	T:AC[T>G]TT	1	146341.0	2226996431
JG0139b	14	36014220	N:TC[T>C]CA	-1	425099.0	2227421530
JG0139b	14	36864501	T:AC[T>A]TT	1	850281.0	2228271811
JG0139b	14	37057716	U:AC[T>G]TC	-1	193215.0	2228465026
JG0139b	14	37294924	U:GG[T>C]CA	1	237208.0	2228702234
JG0139b	14	37380635	U:AC[T>G]TA	1	85711.0	2228787945
JG0139b	14	37437812	T:CC[C>A]AA	-1	57177.0	2228845122
JG0139b	14	37676035	U:TC[T>C]TG	1	238223.0	2229083345
JG0139b	14	38620287	N:GG[T>A]GG	1	944252.0	2230027597
JG0139b	14	38673024	N:TG[T>G]TA	-1	52737.0	2230080334
JG0139b	14	38833113	N:AC[T>C]CT	1	160089.0	2230240423
JG0139b	14	38844209	N:AC[T>C]TT	1	11096.0	2230251519
JG0139b	14	38860006	N:TC[T>C]TG	1	15797.0	2230267316
JG0139b	14	38997114	N:TC[T>C]CA	1	137108.0	2230404424
JG0139b	14	39053871	T:GC[T>C]TG	1	56757.0	2230461181
JG0139b	14	39548379	N:AT[T>G]TA	1	494508.0	2230955689
JG0139b	14	39743642	N:AG[T>C]TC	1	195263.0	2231150952
JG0139b	14	39942194	N:TG[T>C]TG	1	198552.0	2231349504
JG0139b	14	39948431	N:TG[T>G]TT	1	6237.0	2231355741
JG0139b	14	40026813	N:TC[T>C]TG	1	78382.0	2231434123
JG0139b	14	40060442	N:TC[T>G]TT	1	33629.0	2231467752
JG0139b	14	40311498	N:AC[T>C]CT	1	251056.0	2231718808
JG0139b	14	40790478	N:AA[T>G]TT	1	478980.0	2232197788
JG0139b	14	41441115	N:AG[T>G]TG	1	650637.0	2232848425
JG0139b	14	42960656	N:TC[T>C]CG	1	1519541.0	2234367966
JG0139b	14	43145216	N:AC[T>C]TT	1	184560.0	2234552526
JG0139b	14	43427558	N:AC[T>C]TA	1	282342.0	2234834868
JG0139b	14	43439240	N:TC[T>C]CG	1	11682.0	2234846550
JG0139b	14	43509862	N:TC[T>C]CA	1	70622.0	2234917172
JG0139b	14	44069859	N:GC[T>G]TC	1	559997.0	2235477169
JG0139b	14	44155881	N:CC[T>A]CG	1	86022.0	2235563191
JG0139b	14	44560341	N:AA[C>T]GC	1	404460.0	2235967651
JG0139b	14	44681098	N:GT[T>G]TC	1	120757.0	2236088408
JG0139b	14	44762203	N:CC[T>A]CA	1	81105.0	2236169513
JG0139b	14	44811858	N:CC[T>G]CA	1	49655.0	2236219168
JG0139b	14	45155218	U:AC[T>G]TA	1	343360.0	2236562528
JG0139b	14	45406223	N:AC[T>C]AA	-1	251005.0	2236813533
JG0139b	14	45442074	N:TG[T>A]TT	1	35851.0	2236849384
JG0139b	14	45465621	N:TC[T>A]TG	1	23547.0	2236872931
JG0139b	14	45702301	N:AC[T>C]CA	1	236680.0	2237109611
JG0139b	14	45756880	N:TG[T>G]TG	1	54579.0	2237164190
JG0139b	14	45987653	N:TT[T>C]TG	1	230773.0	2237394963
JG0139b	14	46129275	N:AG[T>G]TG	-1	141622.0	2237536585
JG0139b	14	46227713	N:AC[T>G]CA	1	98438.0	2237635023
JG0139b	14	46363883	N:TC[T>C]AT	1	136170.0	2237771193
JG0139b	14	46755698	N:TT[T>G]TT	-1	391815.0	2238163008
JG0139b	14	47253923	T:AC[T>C]CA	1	498225.0	2238661233
JG0139b	14	47385739	U:TC[T>A]TT	-1	131816.0	2238793049
JG0139b	14	47385783	U:GA[T>G]AA	-1	44.0	2238793093
JG0139b	14	47489206	U:TT[T>G]TT	-1	103423.0	2238896516
JG0139b	14	48200434	N:GC[T>A]CA	1	711228.0	2239607744
JG0139b	14	48503436	N:AC[T>C]CA	1	303002.0	2239910746
JG0139b	14	48744657	N:AC[T>G]CC	-1	241221.0	2240151967
JG0139b	14	49330115	N:GC[T>G]TC	1	585458.0	2240737425
JG0139b	14	49457895	N:GC[T>G]TT	-1	127780.0	2240865205
JG0139b	14	49507626	N:CC[T>C]CA	1	49731.0	2240914936
JG0139b	14	49519220	N:AG[T>C]CG	1	11594.0	2240926530
JG0139b	14	49531794	N:AC[T>G]TG	1	12574.0	2240939104
JG0139b	14	49978371	N:CT[T>G]TT	1	446577.0	2241385681
JG0139b	14	50873675	B:AC[T>G]TC	1	895304.0	2242280985
JG0139b	14	51368228	N:AC[T>G]TT	1	494553.0	2242775538
JG0139b	14	51853221	T:AC[T>C]CA	-1	484993.0	2243260531
JG0139b	14	51918293	U:GC[T>G]TC	1	65072.0	2243325603
JG0139b	14	52172375	N:AC[T>G]GA	-1	254082.0	2243579685
JG0139b	14	52311731	N:AC[T>G]TC	-1	139356.0	2243719041
JG0139b	14	52621570	T:CC[T>C]CA	-1	309839.0	2244028880
JG0139b	14	52749681	U:AC[T>G]TA	1	128111.0	2244156991
JG0139b	14	53160881	N:AC[T>G]CA	-1	411200.0	2244568191
JG0139b	14	53264361	N:AC[T>G]TA	-1	103480.0	2244671671
JG0139b	14	53514871	N:GG[T>G]GC	-1	250510.0	2244922181
JG0139b	14	53587412	N:AC[T>C]CT	1	72541.0	2244994722
JG0139b	14	53692146	N:AC[T>G]TT	1	104734.0	2245099456
JG0139b	14	53722475	N:TC[T>C]CA	1	30329.0	2245129785
JG0139b	14	53768995	N:TT[T>C]TA	1	46520.0	2245176305
JG0139b	14	53807002	N:TC[T>C]TA	1	38007.0	2245214312
JG0139b	14	53997847	N:AC[T>C]TG	1	190845.0	2245405157
JG0139b	14	54037509	N:CC[T>A]TA	-1	39662.0	2245444819
JG0139b	14	54703760	U:AC[T>G]CG	1	666251.0	2246111070
JG0139b	14	54804354	N:AC[T>G]TT	1	100594.0	2246211664
JG0139b	14	55001495	T:CC[T>A]CA	1	197141.0	2246408805
JG0139b	14	55175321	T:TC[T>G]TA	1	173826.0	2246582631
JG0139b	14	55340482	T:AC[T>C]TG	-1	165161.0	2246747792
JG0139b	14	55701909	N:AC[T>C]CA	1	361427.0	2247109219
JG0139b	14	55947307	N:TC[T>C]CC	1	245398.0	2247354617
JG0139b	14	56198717	U:AC[T>C]TT	1	251410.0	2247606027
JG0139b	14	56328106	N:AC[T>G]TA	-1	129389.0	2247735416
JG0139b	14	56372217	N:GC[T>G]TG	1	44111.0	2247779527
JG0139b	14	56473127	N:TC[T>C]TT	1	100910.0	2247880437
JG0139b	14	57316305	N:TC[T>C]GG	1	843178.0	2248723615
JG0139b	14	57574769	T:GC[T>G]TG	1	258464.0	2248982079
JG0139b	14	57707774	T:GA[T>G]TT	1	133005.0	2249115084
JG0139b	14	57807550	T:AC[T>G]TG	1	99776.0	2249214860
JG0139b	14	57830878	T:AC[T>G]GA	1	23328.0	2249238188
JG0139b	14	57924809	N:TC[T>C]TT	1	93931.0	2249332119
JG0139b	14	57924879	N:AC[T>C]CA	1	70.0	2249332189
JG0139b	14	58164564	N:AC[T>C]TT	1	239685.0	2249571874
JG0139b	14	58285078	N:AC[T>G]CA	-1	120514.0	2249692388
JG0139b	14	58809600	N:AC[T>G]TA	1	524522.0	2250216910
JG0139b	14	58989127	N:GC[T>C]CT	1	179527.0	2250396437
JG0139b	14	59024290	N:AC[T>G]TT	1	35163.0	2250431600
JG0139b	14	59066393	N:AC[T>G]TT	1	42103.0	2250473703
JG0139b	14	59317323	T:CC[T>C]TA	-1	250930.0	2250724633
JG0139b	14	59338485	U:CG[T>A]TA	1	21162.0	2250745795
JG0139b	14	59670509	T:AC[T>G]TT	1	332024.0	2251077819
JG0139b	14	59830664	T:GC[T>G]TG	1	160155.0	2251237974
JG0139b	14	59944107	U:GC[T>C]CA	1	113443.0	2251351417
JG0139b	14	60867198	U:TG[T>G]TT	1	923091.0	2252274508
JG0139b	14	61102326	N:AC[T>G]TT	1	235128.0	2252509636
JG0139b	14	61177061	N:AC[T>A]CT	1	74735.0	2252584371
JG0139b	14	61420107	U:GC[T>C]TG	1	243046.0	2252827417
JG0139b	14	61427659	U:GC[T>A]CA	1	7552.0	2252834969
JG0139b	14	61981656	U:GG[T>G]TA	1	553997.0	2253388966
JG0139b	14	62019271	T:TC[T>C]TT	-1	37615.0	2253426581
JG0139b	14	62024218	U:AG[T>G]TT	1	4947.0	2253431528
JG0139b	14	62357398	N:TC[T>C]TT	1	333180.0	2253764708
JG0139b	14	62629292	N:AC[T>G]GA	1	271894.0	2254036602
JG0139b	14	62688063	N:AC[T>C]TG	1	58771.0	2254095373
JG0139b	14	62742909	T:GC[T>G]TA	1	54846.0	2254150219
JG0139b	14	62806766	U:TC[T>A]TA	-1	63857.0	2254214076
JG0139b	14	63032962	T:CC[T>A]TG	1	226196.0	2254440272
JG0139b	14	63123621	N:TC[T>C]CC	1	90659.0	2254530931
JG0139b	14	63138840	N:CC[T>G]TA	1	15219.0	2254546150
JG0139b	14	63148531	N:TG[C>A]TT	1	9691.0	2254555841
JG0139b	14	63148532	N:GC[T>C]TT	1	1.0	2254555842
JG0139b	14	63444959	T:AC[T>G]TT	1	296427.0	2254852269
JG0139b	14	63514037	T:TC[T>A]TG	1	69078.0	2254921347
JG0139b	14	63558058	N:GC[T>G]CG	1	44021.0	2254965368
JG0139b	14	64253235	U:GC[T>C]GG	-1	695177.0	2255660545
JG0139b	14	65408873	N:AC[T>G]CA	1	1155638.0	2256816183
JG0139b	14	65490512	U:AG[T>A]TG	1	81639.0	2256897822
JG0139b	14	65587976	U:AT[T>G]TT	1	97464.0	2256995286
JG0139b	14	66138147	N:CC[T>G]TA	1	550171.0	2257545457
JG0139b	14	66226367	N:AC[T>C]TA	1	88220.0	2257633677
JG0139b	14	66253220	N:CC[T>A]AG	1	26853.0	2257660530
JG0139b	14	66602023	U:AC[T>A]TA	1	348803.0	2258009333
JG0139b	14	66726141	U:AC[T>G]TT	1	124118.0	2258133451
JG0139b	14	66793535	U:TC[T>G]TT	1	67394.0	2258200845
JG0139b	14	66858976	U:AC[T>G]CA	1	65441.0	2258266286
JG0139b	14	66875056	U:TC[T>C]CT	1	16080.0	2258282366
JG0139b	14	66882626	U:TC[T>C]TG	1	7570.0	2258289936
JG0139b	14	66886463	U:AG[T>G]TC	1	3837.0	2258293773
JG0139b	14	67003983	U:TC[T>A]CT	1	117520.0	2258411293
JG0139b	14	67406150	T:AC[T>G]CA	1	402167.0	2258813460
JG0139b	14	67482367	T:TC[T>G]TG	1	76217.0	2258889677
JG0139b	14	67533766	T:AC[C>G]TG	-1	51399.0	2258941076
JG0139b	14	67544542	U:AC[T>C]AG	1	10776.0	2258951852
JG0139b	14	67829364	U:CC[T>C]CC	1	284822.0	2259236674
JG0139b	14	68054579	U:AC[T>G]TA	1	225215.0	2259461889
JG0139b	14	68559813	U:GC[T>C]TG	1	505234.0	2259967123
JG0139b	14	68707034	T:TC[T>C]TG	-1	147221.0	2260114344
JG0139b	14	68733231	N:AC[T>G]CA	1	26197.0	2260140541
JG0139b	14	68938235	U:AC[T>C]CC	-1	205004.0	2260345545
JG0139b	14	68947516	T:GC[T>G]TG	1	9281.0	2260354826
JG0139b	14	69020158	N:TC[T>C]CC	1	72642.0	2260427468
JG0139b	14	69607096	N:CC[T>G]TG	1	586938.0	2261014406
JG0139b	14	69957907	T:GG[T>C]CA	-1	350811.0	2261365217
JG0139b	14	70193526	N:GG[T>C]AC	-1	235619.0	2261600836
JG0139b	14	70383593	T:CC[T>C]TA	1	190067.0	2261790903
JG0139b	14	70457081	U:AC[T>C]TT	1	73488.0	2261864391
JG0139b	14	70497985	N:AC[T>G]TA	1	40904.0	2261905295
JG0139b	14	70520429	N:CC[T>G]TA	1	22444.0	2261927739
JG0139b	14	70701941	N:AC[T>C]TG	1	181512.0	2262109251
JG0139b	14	71945705	U:CC[T>G]TG	1	1243764.0	2263353015
JG0139b	14	72325792	U:TC[T>C]CA	1	380087.0	2263733102
JG0139b	14	72486580	U:GG[T>G]CA	1	160788.0	2263893890
JG0139b	14	72943649	U:GC[T>A]TA	1	457069.0	2264350959
JG0139b	14	73634940	N:AG[C>A]TA	-1	691291.0	2265042250
JG0139b	14	73974481	T:AC[T>C]TG	1	339541.0	2265381791
JG0139b	14	74425146	U:AG[T>C]GC	-1	450665.0	2265832456
JG0139b	14	74491321	T:TC[T>A]TG	1	66175.0	2265898631
JG0139b	14	74583264	T:TG[T>G]CA	1	91943.0	2265990574
JG0139b	14	74636551	N:CC[T>A]CA	-1	53287.0	2266043861
JG0139b	14	75217899	N:CC[T>G]TC	1	581348.0	2266625209
JG0139b	14	75371506	N:AC[T>G]TA	1	153607.0	2266778816
JG0139b	14	75472400	U:CC[T>G]CA	1	100894.0	2266879710
JG0139b	14	75473230	U:AC[T>G]CG	1	830.0	2266880540
JG0139b	14	75535678	U:AC[T>G]TC	1	62448.0	2266942988
JG0139b	14	75584083	T:CC[T>C]CC	-1	48405.0	2266991393
JG0139b	14	76022142	U:AC[T>A]CA	1	438059.0	2267429452
JG0139b	14	76136482	N:AG[T>G]GA	-1	114340.0	2267543792
JG0139b	14	76643699	N:TC[T>A]TC	1	507217.0	2268051009
JG0139b	14	76758205	N:TC[T>G]TG	1	114506.0	2268165515
JG0139b	14	76975785	N:TG[T>G]CC	-1	217580.0	2268383095
JG0139b	14	77196049	U:GG[T>G]TC	1	220264.0	2268603359
JG0139b	14	77479480	T:GG[T>A]TC	1	283431.0	2268886790
JG0139b	14	77840615	T:CC[T>C]CA	-1	361135.0	2269247925
JG0139b	14	77857799	T:AC[T>C]CT	-1	17184.0	2269265109
JG0139b	14	77963225	N:TC[T>G]TT	1	105426.0	2269370535
JG0139b	14	77964484	N:AC[T>C]CA	-1	1259.0	2269371794
JG0139b	14	78094557	N:TC[T>C]TC	1	130073.0	2269501867
JG0139b	14	78104733	N:GC[T>A]TG	1	10176.0	2269512043
JG0139b	14	78277538	U:TC[T>G]TA	1	172805.0	2269684848
JG0139b	14	78410041	U:AC[T>G]TA	1	132503.0	2269817351
JG0139b	14	78701342	U:AC[T>C]TG	1	291301.0	2270108652
JG0139b	14	78767164	U:GA[T>C]CT	1	65822.0	2270174474
JG0139b	14	78895302	U:AC[T>C]TG	1	128138.0	2270302612
JG0139b	14	78957400	U:TC[T>C]CA	1	62098.0	2270364710
JG0139b	14	79005020	U:CC[T>C]CA	1	47620.0	2270412330
JG0139b	14	79120049	U:AC[T>G]TA	1	115029.0	2270527359
JG0139b	14	79192192	U:AC[T>C]TA	1	72143.0	2270599502
JG0139b	14	79303284	U:AC[T>A]TG	1	111092.0	2270710594
JG0139b	14	79377607	U:AA[T>G]TA	1	74323.0	2270784917
JG0139b	14	79399830	U:GC[T>C]GA	1	22223.0	2270807140
JG0139b	14	79484623	U:TC[T>C]GC	1	84793.0	2270891933
JG0139b	14	79683098	U:AC[T>C]TG	1	198475.0	2271090408
JG0139b	14	79689779	T:TT[T>C]CA	-1	6681.0	2271097089
JG0139b	14	79697123	U:TC[T>C]TA	1	7344.0	2271104433
JG0139b	14	79857360	U:AC[T>C]AC	1	160237.0	2271264670
JG0139b	14	79883940	N:AC[T>C]TT	1	26580.0	2271291250
JG0139b	14	80005571	N:TC[T>G]TA	-1	121631.0	2271412881
JG0139b	14	80347874	T:AC[T>C]GG	1	342303.0	2271755184
JG0139b	14	80522891	T:GC[T>G]TT	1	175017.0	2271930201
JG0139b	14	81023005	U:AC[T>A]CA	1	500114.0	2272430315
JG0139b	14	81899594	N:TG[T>G]TC	1	876589.0	2273306904
JG0139b	14	82285544	N:TC[T>A]GC	1	385950.0	2273692854
JG0139b	14	82353838	N:GC[T>G]TC	1	68294.0	2273761148
JG0139b	14	82360913	N:AC[T>G]TA	-1	7075.0	2273768223
JG0139b	14	84316697	N:GG[T>G]TA	-1	1955784.0	2275724007
JG0139b	14	84411252	N:TC[T>G]TA	1	94555.0	2275818562
JG0139b	14	85975593	N:TG[T>G]CA	-1	1564341.0	2277382903
JG0139b	14	85983208	N:GC[T>C]TG	-1	7615.0	2277390518
JG0139b	14	85996767	N:GT[T>G]TT	-1	13559.0	2277404077
JG0139b	14	86378278	N:TT[T>A]AA	-1	381511.0	2277785588
JG0139b	14	86712589	N:TG[T>G]AA	-1	334311.0	2278119899
JG0139b	14	87974077	U:TC[T>A]TT	-1	1261488.0	2279381387
JG0139b	14	88241795	T:CC[T>G]TC	1	267718.0	2279649105
JG0139b	14	88856941	U:TC[T>G]TA	1	615146.0	2280264251
JG0139b	14	89109284	N:TC[T>G]GC	1	252343.0	2280516594
JG0139b	14	89594591	T:AA[T>G]TC	1	485307.0	2281001901
JG0139b	14	90187761	N:AC[T>G]TG	1	593170.0	2281595071
JG0139b	14	90482357	N:AC[T>G]TC	1	294596.0	2281889667
JG0139b	14	90569229	T:GC[T>G]GC	1	86872.0	2281976539
JG0139b	14	90613970	T:GG[T>G]TA	1	44741.0	2282021280
JG0139b	14	90654572	U:GG[T>G]CA	-1	40602.0	2282061882
JG0139b	14	91319493	U:CC[T>G]TA	-1	664921.0	2282726803
JG0139b	14	91591424	U:GC[T>G]TC	-1	271931.0	2282998734
JG0139b	14	92814773	U:AA[T>A]TA	1	1223349.0	2284222083
JG0139b	14	93176952	N:AC[T>G]TC	1	362179.0	2284584262
JG0139b	14	93344049	U:GC[T>G]TA	1	167097.0	2284751359
JG0139b	14	94055802	T:CC[T>G]CA	1	711753.0	2285463112
JG0139b	14	94500823	U:AC[T>C]CA	-1	445021.0	2285908133
JG0139b	14	94600585	N:TG[T>G]TC	1	99762.0	2286007895
JG0139b	14	95854912	N:AC[T>G]CA	1	1254327.0	2287262222
JG0139b	14	96030141	N:TT[T>G]TT	-1	175229.0	2287437451
JG0139b	14	96254540	T:GC[T>G]TG	-1	224399.0	2287661850
JG0139b	14	96661847	N:TC[T>C]CT	-1	407307.0	2288069157
JG0139b	14	96677056	N:TC[T>A]TG	1	15209.0	2288084366
JG0139b	14	96905060	T:TG[T>C]GC	-1	228004.0	2288312370
JG0139b	14	96920792	T:AA[T>G]GA	-1	15732.0	2288328102
JG0139b	14	96935969	N:AC[T>C]CT	-1	15177.0	2288343279
JG0139b	14	97073714	N:TC[T>C]CC	-1	137745.0	2288481024
JG0139b	14	97336869	N:AC[T>C]CG	-1	263155.0	2288744179
JG0139b	14	97679758	N:TT[T>G]TC	-1	342889.0	2289087068
JG0139b	14	97718738	N:AG[T>G]GA	-1	38980.0	2289126048
JG0139b	14	97729185	N:GA[T>G]TA	1	10447.0	2289136495
JG0139b	14	97781563	N:TG[T>C]CT	-1	52378.0	2289188873
JG0139b	14	98480950	N:TC[T>A]TA	-1	699387.0	2289888260
JG0139b	14	99525486	B:GC[T>C]TC	-1	1044536.0	2290932796
JG0139b	14	99714609	T:AT[T>G]TT	-1	189123.0	2291121919
JG0139b	14	100536808	N:CC[T>G]TT	-1	822199.0	2291944118
JG0139b	14	100638901	N:CC[T>G]TA	1	102093.0	2292046211
JG0139b	14	100705427	N:AC[T>G]TC	-1	66526.0	2292112737
JG0139b	14	101152295	N:CC[T>G]TG	-1	446868.0	2292559605
JG0139b	14	101575058	N:AA[T>G]TA	1	422763.0	2292982368
JG0139b	14	101619974	N:GG[T>C]GG	-1	44916.0	2293027284
JG0139b	14	101708486	N:TC[T>G]TT	-1	88512.0	2293115796
JG0139b	14	101870840	U:TC[T>G]TA	1	162354.0	2293278150
JG0139b	14	103180543	N:AC[T>G]TA	1	1309703.0	2294587853
JG0139b	14	103274865	N:TC[T>G]TT	-1	94322.0	2294682175
JG0139b	14	105292613	U:CC[T>G]CC	-1	2017748.0	2296699923
JG0139b	14	105543854	N:TC[T>A]CA	-1	251241.0	2296951164
JG0139b	14	106380110	N:TC[T>G]CC	1	836256.0	2297787420
JG0139b	14	106446353	N:CC[T>G]GA	1	66243.0	2297853663
JG0139b	14	106882188	N:TC[C>T]TC	1	435835.0	2298289498
JG0139b	14	106882189	N:CC[T>C]CA	1	1.0	2298289499
JG0139b	15	20990597	N:CG[T>A]TT	1		2319441625
JG0139b	15	22968086	U:TC[T>A]TG	-1	1977489.0	2321419114
JG0139b	15	23008132	U:GC[T>C]TA	-1	40046.0	2321459160
JG0139b	15	23443207	U:TC[T>A]TA	-1	435075.0	2321894235
JG0139b	15	23499879	N:AT[T>G]TC	-1	56672.0	2321950907
JG0139b	15	23714308	N:TC[T>G]TT	-1	214429.0	2322165336
JG0139b	15	24122848	N:CC[T>C]TT	-1	408540.0	2322573876
JG0139b	15	24604785	N:AC[T>G]TT	-1	481937.0	2323055813
JG0139b	15	24613831	N:AC[T>A]CA	-1	9046.0	2323064859
JG0139b	15	24725308	N:AC[T>G]TG	-1	111477.0	2323176336
JG0139b	15	24725330	N:TC[T>C]TG	-1	22.0	2323176358
JG0139b	15	25202207	N:TC[T>C]CG	-1	476877.0	2323653235
JG0139b	15	25212316	N:CC[T>G]CA	-1	10109.0	2323663344
JG0139b	15	25588807	N:GC[T>C]TA	-1	376491.0	2324039835
JG0139b	15	25787717	U:AC[T>C]CC	-1	198910.0	2324238745
JG0139b	15	25882166	N:GA[T>A]TT	-1	94449.0	2324333194
JG0139b	15	25970553	N:AG[T>G]TA	-1	88387.0	2324421581
JG0139b	15	26308661	N:TT[T>G]TG	-1	338108.0	2324759689
JG0139b	15	26313592	N:AT[T>G]TA	-1	4931.0	2324764620
JG0139b	15	26320700	N:AC[T>G]TT	-1	7108.0	2324771728
JG0139b	15	26671427	U:TC[T>G]TC	-1	350727.0	2325122455
JG0139b	15	26930001	B:TC[T>G]TC	1	258574.0	2325381029
JG0139b	15	26945036	T:CC[T>A]CC	-1	15035.0	2325396064
JG0139b	15	26975074	T:GG[T>G]GA	-1	30038.0	2325426102
JG0139b	15	27064691	T:GC[T>A]CA	-1	89617.0	2325515719
JG0139b	15	27136292	T:AG[T>G]TC	-1	71601.0	2325587320
JG0139b	15	27295898	U:CC[C>A]AG	1	159606.0	2325746926
JG0139b	15	27447403	T:TC[C>G]TC	-1	151505.0	2325898431
JG0139b	15	27651018	N:TC[T>A]GA	-1	203615.0	2326102046
JG0139b	15	27698651	N:TC[T>C]TG	-1	47633.0	2326149679
JG0139b	15	27962678	T:AC[C>A]AA	1	264027.0	2326413706
JG0139b	15	28962674	T:TT[T>G]TG	-1	999996.0	2327413702
JG0139b	15	28962678	T:AG[C>G]AT	-1	4.0	2327413706
JG0139b	15	29054257	T:AC[T>A]GT	-1	91579.0	2327505285
JG0139b	15	29096253	T:TG[T>A]CG	-1	41996.0	2327547281
JG0139b	15	29374139	U:TC[T>A]TT	-1	277886.0	2327825167
JG0139b	15	31440504	N:AC[T>G]TA	-1	2066365.0	2329891532
JG0139b	15	31443740	N:AG[T>C]CA	-1	3236.0	2329894768
JG0139b	15	31462493	N:GC[T>A]TG	-1	18753.0	2329913521
JG0139b	15	31484658	U:AC[T>C]CG	-1	22165.0	2329935686
JG0139b	15	31731409	U:CC[T>G]TA	-1	246751.0	2330182437
JG0139b	15	32117653	T:TC[T>G]TT	-1	386244.0	2330568681
JG0139b	15	32989201	U:TC[T>A]GC	-1	871548.0	2331440229
JG0139b	15	33355933	T:AC[T>G]TA	-1	366732.0	2331806961
JG0139b	15	33440087	T:TC[T>A]TG	-1	84154.0	2331891115
JG0139b	15	33808119	T:GG[T>C]TT	-1	368032.0	2332259147
JG0139b	15	33937747	U:GC[T>C]CA	-1	129628.0	2332388775
JG0139b	15	33938656	T:TC[T>G]TA	1	909.0	2332389684
JG0139b	15	34135712	N:AC[T>G]TA	-1	197056.0	2332586740
JG0139b	15	34453425	N:TC[T>G]TA	-1	317713.0	2332904453
JG0139b	15	34469103	N:AC[T>G]TC	-1	15678.0	2332920131
JG0139b	15	34877886	U:CC[T>C]TT	-1	408783.0	2333328914
JG0139b	15	35282236	N:GA[T>G]TG	-1	404350.0	2333733264
JG0139b	15	35389765	U:GC[T>C]GT	-1	107529.0	2333840793
JG0139b	15	35760821	N:AG[T>C]CA	-1	371056.0	2334211849
JG0139b	15	36549301	N:TC[T>C]TA	-1	788480.0	2335000329
JG0139b	15	37032170	U:AC[T>C]TA	-1	482869.0	2335483198
JG0139b	15	37247410	N:AC[T>G]TT	-1	215240.0	2335698438
JG0139b	15	37295171	N:GG[T>G]TA	-1	47761.0	2335746199
JG0139b	15	37452566	N:AT[T>C]TC	-1	157395.0	2335903594
JG0139b	15	37552586	N:TC[T>C]TG	-1	100020.0	2336003614
JG0139b	15	37569164	N:TC[T>G]TT	-1	16578.0	2336020192
JG0139b	15	38152222	N:GC[T>G]TA	-1	583058.0	2336603250
JG0139b	15	38475381	T:AC[T>G]TA	-1	323159.0	2336926409
JG0139b	15	38615854	N:CC[T>G]CA	-1	140473.0	2337066882
JG0139b	15	38717633	N:TC[T>C]CA	-1	101779.0	2337168661
JG0139b	15	38791914	N:CC[T>A]TG	-1	74281.0	2337242942
JG0139b	15	38865884	N:AC[T>A]TA	-1	73970.0	2337316912
JG0139b	15	38894197	N:AC[T>C]CT	-1	28313.0	2337345225
JG0139b	15	39024932	N:TC[T>G]TC	-1	130735.0	2337475960
JG0139b	15	39499180	N:TG[T>G]TC	-1	474248.0	2337950208
JG0139b	15	39814698	U:AC[T>G]TG	-1	315518.0	2338265726
JG0139b	15	40191014	T:AC[T>G]TG	-1	376316.0	2338642042
JG0139b	15	41088846	U:AG[T>G]TA	-1	897832.0	2339539874
JG0139b	15	41151133	N:CC[T>A]TG	-1	62287.0	2339602161
JG0139b	15	41235206	T:GC[T>G]TA	-1	84073.0	2339686234
JG0139b	15	42107162	N:TC[T>C]CG	-1	871956.0	2340558190
JG0139b	15	43099408	U:GG[T>G]TA	-1	992246.0	2341550436
JG0139b	15	43698031	T:TC[T>G]TG	-1	598623.0	2342149059
JG0139b	15	44117220	U:AG[T>G]CC	-1	419189.0	2342568248
JG0139b	15	44180238	U:TC[T>C]TA	-1	63018.0	2342631266
JG0139b	15	44411966	T:TC[T>C]GG	-1	231728.0	2342862994
JG0139b	15	44748071	T:AG[T>C]CA	-1	336105.0	2343199099
JG0139b	15	45194712	U:TC[T>C]TG	-1	446641.0	2343645740
JG0139b	15	45252197	N:GC[T>C]TG	-1	57485.0	2343703225
JG0139b	15	45319536	N:AC[T>C]TT	-1	67339.0	2343770564
JG0139b	15	45458106	N:TC[T>G]GA	-1	138570.0	2343909134
JG0139b	15	45561241	N:AA[C>G]TA	1	103135.0	2344012269
JG0139b	15	45561256	N:AC[T>G]CA	1	15.0	2344012284
JG0139b	15	45961176	N:AC[T>G]TG	-1	399920.0	2344412204
JG0139b	15	46158769	N:TC[T>A]TG	-1	197593.0	2344609797
JG0139b	15	46178520	N:TC[T>C]AG	-1	19751.0	2344629548
JG0139b	15	46224712	N:GC[T>G]TA	-1	46192.0	2344675740
JG0139b	15	46921728	N:AT[T>G]TA	-1	697016.0	2345372756
JG0139b	15	47108876	N:AC[T>A]TG	-1	187148.0	2345559904
JG0139b	15	47193921	U:CT[C>G]TT	1	85045.0	2345644949
JG0139b	15	47238816	T:TC[T>A]CA	-1	44895.0	2345689844
JG0139b	15	47663865	T:AC[T>G]TC	-1	425049.0	2346114893
JG0139b	15	47959668	N:AG[T>G]GG	-1	295803.0	2346410696
JG0139b	15	49059791	N:AG[T>G]TT	-1	1100123.0	2347510819
JG0139b	15	49774799	N:AC[T>A]CA	-1	715008.0	2348225827
JG0139b	15	49910244	U:TC[T>A]TG	-1	135445.0	2348361272
JG0139b	15	50415334	N:CC[T>G]TG	-1	505090.0	2348866362
JG0139b	15	50982797	T:CC[T>C]CC	-1	567463.0	2349433825
JG0139b	15	51508111	U:AC[T>A]TA	-1	525314.0	2349959139
JG0139b	15	52060924	T:AC[T>G]TG	-1	552813.0	2350511952
JG0139b	15	52756200	N:AC[T>A]TG	-1	695276.0	2351207228
JG0139b	15	52821797	N:TC[T>C]CA	-1	65597.0	2351272825
JG0139b	15	52822297	N:AC[T>C]CA	-1	500.0	2351273325
JG0139b	15	53101961	N:AG[T>G]TG	-1	279664.0	2351552989
JG0139b	15	53112559	N:AC[T>G]TT	-1	10598.0	2351563587
JG0139b	15	53133744	N:CC[T>G]AA	-1	21185.0	2351584772
JG0139b	15	53150226	N:GC[T>C]TG	-1	16482.0	2351601254
JG0139b	15	53158784	N:TC[T>C]GC	-1	8558.0	2351609812
JG0139b	15	53474277	N:TT[T>G]TA	-1	315493.0	2351925305
JG0139b	15	53749988	U:TC[T>C]TG	-1	275711.0	2352201016
JG0139b	15	53772411	N:CC[T>G]TC	-1	22423.0	2352223439
JG0139b	15	53824064	N:GC[T>C]TG	-1	51653.0	2352275092
JG0139b	15	53896370	N:AC[T>C]CA	-1	72306.0	2352347398
JG0139b	15	53913600	N:GG[T>C]CA	-1	17230.0	2352364628
JG0139b	15	54180381	T:AT[T>G]TA	-1	266781.0	2352631409
JG0139b	15	54362130	T:TC[T>C]TG	-1	181749.0	2352813158
JG0139b	15	55138116	N:TC[T>C]GT	-1	775986.0	2353589144
JG0139b	15	56281239	T:AA[T>G]TT	-1	1143123.0	2354732267
JG0139b	15	57521733	T:TC[T>G]TG	-1	1240494.0	2355972761
JG0139b	15	57528488	T:AC[T>A]TT	-1	6755.0	2355979516
JG0139b	15	57658550	T:AC[T>C]CA	-1	130062.0	2356109578
JG0139b	15	59223372	U:GC[T>C]AA	-1	1564822.0	2357674400
JG0139b	15	59375004	T:GC[T>G]TG	-1	151632.0	2357826032
JG0139b	15	59806903	N:CC[T>G]CT	-1	431899.0	2358257931
JG0139b	15	59918290	N:CC[T>G]CA	-1	111387.0	2358369318
JG0139b	15	60014653	N:AC[T>G]CT	-1	96363.0	2358465681
JG0139b	15	60315887	N:GC[T>G]TA	-1	301234.0	2358766915
JG0139b	15	60741868	T:GA[T>G]CC	1	425981.0	2359192896
JG0139b	15	89568382	N:CG[T>C]GA	-1	28826514.0	2388019410
JG0139b	15	89623674	T:TC[T>C]TG	-1	55292.0	2388074702
JG0139b	15	89763293	U:AC[T>G]TG	1	139619.0	2388214321
JG0139b	15	91083186	N:TC[T>G]TT	-1	1319893.0	2389534214
JG0139b	15	91284316	T:AA[T>G]TA	-1	201130.0	2389735344
JG0139b	15	91328400	N:GG[T>C]CT	-1	44084.0	2389779428
JG0139b	15	91552423	N:TC[T>G]TG	-1	224023.0	2390003451
JG0139b	15	91676554	N:TG[T>G]TA	-1	124131.0	2390127582
JG0139b	15	91676802	N:CC[T>G]CC	-1	248.0	2390127830
JG0139b	15	91701652	N:AC[T>C]CA	-1	24850.0	2390152680
JG0139b	15	92201038	N:GT[T>G]TG	-1	499386.0	2390652066
JG0139b	15	92220322	N:TT[T>G]TA	1	19284.0	2390671350
JG0139b	15	92338962	N:AC[T>C]AT	-1	118640.0	2390789990
JG0139b	15	92873934	N:CC[T>G]CA	1	534972.0	2391324962
JG0139b	15	93101923	N:GG[T>G]TG	-1	227989.0	2391552951
JG0139b	15	93342106	N:TC[T>C]CA	-1	240183.0	2391793134
JG0139b	15	93384323	N:AC[T>C]TA	-1	42217.0	2391835351
JG0139b	15	93491724	N:AC[T>A]CT	-1	107401.0	2391942752
JG0139b	15	93628934	N:TC[T>G]TA	-1	137210.0	2392079962
JG0139b	15	93828723	N:AC[T>G]TG	-1	199789.0	2392279751
JG0139b	15	93843794	N:AC[T>A]TT	-1	15071.0	2392294822
JG0139b	15	93940686	N:GG[T>G]TG	-1	96892.0	2392391714
JG0139b	15	94040395	N:TC[T>C]CA	-1	99709.0	2392491423
JG0139b	15	94453173	T:GC[T>C]TA	-1	412778.0	2392904201
JG0139b	15	94664482	N:AC[T>C]CC	-1	211309.0	2393115510
JG0139b	15	94768375	N:TC[T>A]TT	-1	103893.0	2393219403
JG0139b	15	95300680	N:CC[T>A]CC	-1	532305.0	2393751708
JG0139b	15	95505456	N:AG[T>G]TC	-1	204776.0	2393956484
JG0139b	15	95633836	N:TG[T>A]TA	-1	128380.0	2394084864
JG0139b	15	95658432	N:TC[T>A]TG	-1	24596.0	2394109460
JG0139b	15	96103624	N:TC[T>G]CA	-1	445192.0	2394554652
JG0139b	15	96310902	N:GC[T>C]CC	-1	207278.0	2394761930
JG0139b	15	96316772	N:AG[T>G]TC	1	5870.0	2394767800
JG0139b	15	96960591	N:TC[T>G]TA	-1	643819.0	2395411619
JG0139b	15	97306434	N:AG[T>C]AA	-1	345843.0	2395757462
JG0139b	15	97540713	N:TC[T>G]TT	-1	234279.0	2395991741
JG0139b	15	98340313	N:AC[T>A]CC	-1	799600.0	2396791341
JG0139b	15	98355479	N:AC[T>G]TG	-1	15166.0	2396806507
JG0139b	15	98382742	N:GA[T>G]GT	-1	27263.0	2396833770
JG0139b	15	98395726	N:TC[T>G]TA	-1	12984.0	2396846754
JG0139b	15	99260266	T:TA[T>G]TT	-1	864540.0	2397711294
JG0139b	15	99417328	N:TC[T>C]TT	-1	157062.0	2397868356
JG0139b	15	99597065	T:GC[T>C]CA	-1	179737.0	2398048093
JG0139b	15	99785030	N:CC[T>G]TC	-1	187965.0	2398236058
JG0139b	15	99903835	N:TC[T>C]GG	1	118805.0	2398354863
JG0139b	15	100086555	U:GG[T>C]GC	-1	182720.0	2398537583
JG0139b	15	100097987	U:AC[T>G]TG	-1	11432.0	2398549015
JG0139b	15	100099867	U:CC[T>C]CA	-1	1880.0	2398550895
JG0139b	15	100111251	U:AC[T>G]TG	-1	11384.0	2398562279
JG0139b	15	100129300	U:CC[T>G]TC	-1	18049.0	2398580328
JG0139b	15	100204676	U:AC[T>G]TT	-1	75376.0	2398655704
JG0139b	15	100217673	U:AC[T>A]TT	-1	12997.0	2398668701
JG0139b	15	100275998	U:AC[T>G]TA	-1	58325.0	2398727026
JG0139b	15	100954402	T:GG[T>G]TA	-1	678404.0	2399405430
JG0139b	15	101320429	U:AG[T>G]TC	-1	366027.0	2399771457
JG0139b	15	101602301	N:TC[T>G]TG	-1	281872.0	2400053329
JG0139b	15	101774282	N:AC[T>G]TA	-1	171981.0	2400225310
JG0139b	16	1715529	T:TC[T>C]TA	-1		2402157746
JG0139b	16	1727967	T:CA[C>G]CA	-1	12438.0	2402170184
JG0139b	16	3405178	T:TG[T>A]CA	-1	1677211.0	2403847395
JG0139b	16	5350775	T:TC[T>C]CC	-1	1945597.0	2405792992
JG0139b	16	5475819	T:TC[T>A]TA	-1	125044.0	2405918036
JG0139b	16	5549726	T:TC[T>C]TA	-1	73907.0	2405991943
JG0139b	16	6470114	U:AT[T>G]TA	1	920388.0	2406912331
JG0139b	16	6519597	T:CC[T>C]CC	-1	49483.0	2406961814
JG0139b	16	6826196	U:TA[T>G]TG	1	306599.0	2407268413
JG0139b	16	7738702	N:TG[T>G]TA	-1	912506.0	2408180919
JG0139b	16	8030998	N:TT[T>A]TA	-1	292296.0	2408473215
JG0139b	16	8039585	N:GA[T>C]TT	-1	8587.0	2408481802
JG0139b	16	8082678	N:GC[T>C]TG	1	43093.0	2408524895
JG0139b	16	8349056	N:TC[T>C]CT	-1	266378.0	2408791273
JG0139b	16	8356890	N:CC[T>G]TT	-1	7834.0	2408799107
JG0139b	16	9135561	N:AG[T>G]TC	-1	778671.0	2409577778
JG0139b	16	9752518	N:AT[C>A]TT	-1	616957.0	2410194735
JG0139b	16	10529725	U:AA[C>A]TC	-1	777207.0	2410971942
JG0139b	16	10908041	T:CC[T>A]TG	-1	378316.0	2411350258
JG0139b	16	11042513	T:AG[T>C]GG	-1	134472.0	2411484730
JG0139b	16	11142227	T:AC[T>A]GT	-1	99714.0	2411584444
JG0139b	16	12140068	T:TC[T>A]TA	-1	997841.0	2412582285
JG0139b	16	12166248	T:AC[T>C]TA	-1	26180.0	2412608465
JG0139b	16	12351411	T:AC[T>C]CA	-1	185163.0	2412793628
JG0139b	16	12422150	T:TT[T>G]TA	-1	70739.0	2412864367
JG0139b	16	12538657	T:TC[T>A]TT	-1	116507.0	2412980874
JG0139b	16	13524397	N:AC[T>C]TT	-1	985740.0	2413966614
JG0139b	16	13625932	N:GC[T>C]TG	-1	101535.0	2414068149
JG0139b	16	13701406	N:TC[T>C]CC	-1	75474.0	2414143623
JG0139b	16	13701578	N:TC[T>G]TC	-1	172.0	2414143795
JG0139b	16	13770829	N:CC[T>A]CA	-1	69251.0	2414213046
JG0139b	16	15942727	N:GG[T>C]CT	-1	2171898.0	2416384944
JG0139b	16	16903487	N:TC[T>C]TG	-1	960760.0	2417345704
JG0139b	16	17212662	U:AG[T>C]CA	-1	309175.0	2417654879
JG0139b	16	17472165	N:AC[T>A]CC	-1	259503.0	2417914382
JG0139b	16	17592533	N:GG[C>T]CT	1	120368.0	2418034750
JG0139b	16	19384067	N:GG[T>A]CA	-1	1791534.0	2419826284
JG0139b	16	20032469	U:TC[T>A]CA	-1	648402.0	2420474686
JG0139b	16	20053331	U:CC[T>C]TT	-1	20862.0	2420495548
JG0139b	16	20501420	N:AC[T>C]TC	-1	448089.0	2420943637
JG0139b	16	20610191	N:TC[T>A]TG	-1	108771.0	2421052408
JG0139b	16	21050525	U:GG[T>C]CA	-1	440334.0	2421492742
JG0139b	16	21242203	U:TC[T>C]TT	1	191678.0	2421684420
JG0139b	16	22871247	U:AC[T>G]TG	1	1629044.0	2423313464
JG0139b	16	23012870	N:AC[T>C]CA	-1	141623.0	2423455087
JG0139b	16	23301271	N:TC[T>C]CC	-1	288401.0	2423743488
JG0139b	16	23534771	U:CC[T>G]TG	-1	233500.0	2423976988
JG0139b	16	23690993	T:AC[T>A]TG	1	156222.0	2424133210
JG0139b	16	23738789	N:AC[T>A]TG	-1	47796.0	2424181006
JG0139b	16	23879207	T:AC[T>C]CA	-1	140418.0	2424321424
JG0139b	16	24067438	U:AC[T>C]AT	1	188231.0	2424509655
JG0139b	16	24111364	U:TC[T>C]TT	1	43926.0	2424553581
JG0139b	16	24137384	U:TC[T>C]CA	1	26020.0	2424579601
JG0139b	16	24150222	U:AC[T>G]TG	1	12838.0	2424592439
JG0139b	16	24200370	U:TC[T>C]CC	1	50148.0	2424642587
JG0139b	16	24231454	N:AC[T>A]CG	-1	31084.0	2424673671
JG0139b	16	24240826	N:TC[T>C]TT	-1	9372.0	2424683043
JG0139b	16	24442184	N:TC[T>G]TG	1	201358.0	2424884401
JG0139b	16	24628311	N:AC[T>G]TG	1	186127.0	2425070528
JG0139b	16	25182100	N:AC[T>G]TG	1	553789.0	2425624317
JG0139b	16	25511354	N:AC[T>G]TA	-1	329254.0	2425953571
JG0139b	16	25657424	N:AC[T>G]CA	-1	146070.0	2426099641
JG0139b	16	25669880	N:AA[T>G]TA	-1	12456.0	2426112097
JG0139b	16	25738892	U:TC[T>C]TG	1	69012.0	2426181109
JG0139b	16	25871763	U:TC[T>C]TA	1	132871.0	2426313980
JG0139b	16	26047430	U:TA[T>G]TC	1	175667.0	2426489647
JG0139b	16	26209235	N:GC[T>G]TT	-1	161805.0	2426651452
JG0139b	16	26389233	N:AC[T>G]TA	-1	179998.0	2426831450
JG0139b	16	26455326	N:AG[T>G]TG	1	66093.0	2426897543
JG0139b	16	26490324	N:GC[T>G]TA	-1	34998.0	2426932541
JG0139b	16	26534347	N:TC[T>C]CC	-1	44023.0	2426976564
JG0139b	16	26683275	N:AC[T>C]CC	1	148928.0	2427125492
JG0139b	16	26887384	N:AC[T>C]GC	1	204109.0	2427329601
JG0139b	16	26984707	N:GG[T>A]TA	-1	97323.0	2427426924
JG0139b	16	27048063	N:AA[T>G]TC	1	63356.0	2427490280
JG0139b	16	27092550	N:TC[T>G]TA	1	44487.0	2427534767
JG0139b	16	27209159	T:TC[T>C]CA	-1	116609.0	2427651376
JG0139b	16	27214472	T:AG[T>G]TA	-1	5313.0	2427656689
JG0139b	16	27346622	T:AC[T>A]CA	-1	132150.0	2427788839
JG0139b	16	27383861	N:GC[T>A]GG	-1	37239.0	2427826078
JG0139b	16	27746844	U:AC[T>G]CA	1	362983.0	2428189061
JG0139b	16	27944857	T:AC[T>A]TG	1	198013.0	2428387074
JG0139b	16	28221920	N:TC[T>C]TG	-1	277063.0	2428664137
JG0139b	16	28318835	T:AC[T>A]TG	-1	96915.0	2428761052
JG0139b	16	28578202	T:AC[T>G]CA	-1	259367.0	2429020419
JG0139b	16	29340405	N:AC[T>G]TA	-1	762203.0	2429782622
JG0139b	16	30080633	T:AC[T>G]TG	-1	740228.0	2430522850
JG0139b	16	30174633	N:AC[T>A]TT	-1	94000.0	2430616850
JG0139b	16	31344535	N:AC[T>C]CA	1	1169902.0	2431786752
JG0139b	16	31383441	N:GC[T>C]TG	1	38906.0	2431825658
JG0139b	16	31598042	N:GG[T>G]CA	-1	214601.0	2432040259
JG0139b	16	31669566	N:GC[T>A]TG	-1	71524.0	2432111783
JG0139b	16	31946140	N:TC[T>C]CA	-1	276574.0	2432388357
JG0139b	16	33862202	N:TC[T>C]TG	-1	1916062.0	2434304419
JG0139b	16	34268834	N:TC[T>C]TG	-1	406632.0	2434711051
JG0139b	16	35122701	N:TC[T>C]TG	1	853867.0	2435564918
JG0139b	16	35521536	N:CC[T>C]CG	-1	398835.0	2435963753
JG0139b	16	35651082	N:AT[T>G]TC	1	129546.0	2436093299
JG0139b	16	36081284	N:AG[T>A]TG	-1	430202.0	2436523501
JG0139b	16	46839572	N:TC[T>C]TG	-1	10758288.0	2447281789
JG0139b	16	47233550	U:GG[T>C]TA	-1	393978.0	2447675767
JG0139b	16	47365691	T:AG[T>G]TA	1	132141.0	2447807908
JG0139b	16	47408484	U:TC[T>A]TG	-1	42793.0	2447850701
JG0139b	16	47419193	U:CC[T>G]TG	-1	10709.0	2447861410
JG0139b	16	47514580	T:TC[T>C]CA	-1	95387.0	2447956797
JG0139b	16	47562588	U:GC[T>G]TA	1	48008.0	2448004805
JG0139b	16	47581611	T:AC[T>G]TT	-1	19023.0	2448023828
JG0139b	16	47683221	U:AC[T>C]TG	1	101610.0	2448125438
JG0139b	16	48070697	N:AC[T>C]CC	1	387476.0	2448512914
JG0139b	16	48196746	T:AC[T>G]TC	1	126049.0	2448638963
JG0139b	16	48453723	N:CC[T>A]CC	1	256977.0	2448895940
JG0139b	16	48674795	N:AC[T>G]TG	-1	221072.0	2449117012
JG0139b	16	48853610	N:CC[T>A]GA	1	178815.0	2449295827
JG0139b	16	48911199	N:TC[T>A]CA	-1	57589.0	2449353416
JG0139b	16	48941668	N:TT[T>G]TT	1	30469.0	2449383885
JG0139b	16	49082595	N:CC[T>C]CA	1	140927.0	2449524812
JG0139b	16	49115641	N:GC[T>C]TT	-1	33046.0	2449557858
JG0139b	16	49148679	N:GG[T>C]CC	1	33038.0	2449590896
JG0139b	16	49164174	N:GC[T>C]TG	1	15495.0	2449606391
JG0139b	16	49175237	N:TC[T>C]CT	1	11063.0	2449617454
JG0139b	16	49210716	N:TC[T>A]GG	-1	35479.0	2449652933
JG0139b	16	49244368	N:CC[T>G]TC	1	33652.0	2449686585
JG0139b	16	49251414	N:TC[T>A]TG	1	7046.0	2449693631
JG0139b	16	49439391	N:TC[T>G]TC	-1	187977.0	2449881608
JG0139b	16	49489630	U:TC[T>C]TC	-1	50239.0	2449931847
JG0139b	16	50106547	N:TC[T>A]CA	1	616917.0	2450548764
JG0139b	16	50350621	T:TC[T>A]CC	1	244074.0	2450792838
JG0139b	16	50420122	N:AG[T>G]TA	-1	69501.0	2450862339
JG0139b	16	50600852	U:AC[T>C]CC	1	180730.0	2451043069
JG0139b	16	50645021	U:AC[T>C]TG	1	44169.0	2451087238
JG0139b	16	50774516	U:AC[T>G]CG	1	129495.0	2451216733
JG0139b	16	50786710	T:TC[T>C]CA	-1	12194.0	2451228927
JG0139b	16	51015415	N:AA[T>A]TC	-1	228705.0	2451457632
JG0139b	16	51262583	N:AA[T>G]TA	1	247168.0	2451704800
JG0139b	16	51318827	N:GG[T>G]TA	-1	56244.0	2451761044
JG0139b	16	52712006	N:AC[T>G]TG	-1	1393179.0	2453154223
JG0139b	16	52938443	N:AC[T>C]CA	-1	226437.0	2453380660
JG0139b	16	53086824	U:AC[T>C]TT	1	148381.0	2453529041
JG0139b	16	53616214	U:TC[T>C]CA	-1	529390.0	2454058431
JG0139b	16	53919329	T:TC[T>C]CT	-1	303115.0	2454361546
JG0139b	16	54365877	N:AC[T>G]TA	1	446548.0	2454808094
JG0139b	16	55138425	N:CC[T>G]CA	-1	772548.0	2455580642
JG0139b	16	55192573	N:AC[T>C]TA	-1	54148.0	2455634790
JG0139b	16	56183970	N:AC[T>C]CT	-1	991397.0	2456626187
JG0139b	16	57700735	T:TC[T>C]TG	-1	1516765.0	2458142952
JG0139b	16	57931685	U:TC[T>C]CG	-1	230950.0	2458373902
JG0139b	16	58421687	N:TC[T>C]CA	-1	490002.0	2458863904
JG0139b	16	59072497	N:TC[T>C]TT	-1	650810.0	2459514714
JG0139b	16	59085611	N:AC[T>G]TA	-1	13114.0	2459527828
JG0139b	16	59107121	N:GG[T>G]CA	-1	21510.0	2459549338
JG0139b	16	59121650	N:GT[T>C]CA	1	14529.0	2459563867
JG0139b	16	60113424	N:GC[T>C]CA	1	991774.0	2460555641
JG0139b	16	60201488	N:AC[T>C]CA	-1	88064.0	2460643705
JG0139b	16	60318053	N:AC[T>C]TG	-1	116565.0	2460760270
JG0139b	16	61238259	N:TC[T>G]TT	-1	920206.0	2461680476
JG0139b	16	61529863	N:AC[T>C]TT	-1	291604.0	2461972080
JG0139b	16	61574414	N:AC[T>G]TA	-1	44551.0	2462016631
JG0139b	16	62056567	N:AC[T>C]AC	1	482153.0	2462498784
JG0139b	16	62776135	N:AC[T>G]TT	-1	719568.0	2463218352
JG0139b	16	63749766	N:AC[T>G]TA	-1	973631.0	2464191983
JG0139b	16	64009225	N:TC[T>C]TG	-1	259459.0	2464451442
JG0139b	16	64179003	N:TC[T>G]TA	-1	169778.0	2464621220
JG0139b	16	66108269	N:AC[T>C]TT	-1	1929266.0	2466550486
JG0139b	16	66373878	T:AC[T>C]TA	-1	265609.0	2466816095
JG0139b	16	70749692	U:CC[T>G]TG	-1	4375814.0	2471191909
JG0139b	16	70788551	U:CC[T>G]TG	-1	38859.0	2471230768
JG0139b	16	70866459	U:AC[T>C]TT	-1	77908.0	2471308676
JG0139b	16	70990768	U:CC[T>G]TC	-1	124309.0	2471432985
JG0139b	16	71683067	U:CC[T>G]CT	-1	692299.0	2472125284
JG0139b	16	71870017	B:TG[T>G]TT	-1	186950.0	2472312234
JG0139b	16	73021447	U:TC[T>G]TG	-1	1151430.0	2473463664
JG0139b	16	73570181	U:GC[T>C]TA	-1	548734.0	2474012398
JG0139b	16	74136486	N:AC[T>G]TG	-1	566305.0	2474578703
JG0139b	16	74443082	N:TC[T>A]CA	-1	306596.0	2474885299
JG0139b	16	74663166	U:AC[T>A]TT	-1	220084.0	2475105383
JG0139b	16	74717029	U:TC[T>G]CC	-1	53863.0	2475159246
JG0139b	16	74950942	U:AC[T>C]TG	-1	233913.0	2475393159
JG0139b	16	75090948	T:AG[T>A]TA	-1	140006.0	2475533165
JG0139b	16	75733173	T:CC[T>A]CC	-1	642225.0	2476175390
JG0139b	16	75762262	N:TC[T>C]TG	-1	29089.0	2476204479
JG0139b	16	76205994	N:AA[C>T]CA	-1	443732.0	2476648211
JG0139b	16	76493477	T:AT[T>A]TA	-1	287483.0	2476935694
JG0139b	16	76659934	N:GC[T>C]CA	-1	166457.0	2477102151
JG0139b	16	76930197	N:TC[T>C]CA	-1	270263.0	2477372414
JG0139b	16	77027210	N:AC[T>G]TA	-1	97013.0	2477469427
JG0139b	16	77076750	N:TC[T>A]CC	-1	49540.0	2477518967
JG0139b	16	77109478	N:TG[T>A]TG	-1	32728.0	2477551695
JG0139b	16	77148718	N:AT[T>G]TG	-1	39240.0	2477590935
JG0139b	16	77244807	N:AC[T>A]TG	-1	96089.0	2477687024
JG0139b	16	77264016	U:AC[T>C]TA	-1	19209.0	2477706233
JG0139b	16	77266909	U:AC[T>C]TA	-1	2893.0	2477709126
JG0139b	16	77338362	U:AC[T>C]CC	-1	71453.0	2477780579
JG0139b	16	77343191	U:GC[T>C]GA	-1	4829.0	2477785408
JG0139b	16	77452773	N:TC[T>G]TG	-1	109582.0	2477894990
JG0139b	16	77462836	N:AC[T>A]CC	-1	10063.0	2477905053
JG0139b	16	77516557	N:TC[T>G]TG	-1	53721.0	2477958774
JG0139b	16	77540143	N:TC[T>A]TG	-1	23586.0	2477982360
JG0139b	16	77784325	N:AC[T>C]AG	-1	244182.0	2478226542
JG0139b	16	78638637	U:CC[C>A]CA	1	854312.0	2479080854
JG0139b	16	79422750	N:AC[T>A]GG	-1	784113.0	2479864967
JG0139b	16	79540750	N:AT[T>G]TG	-1	118000.0	2479982967
JG0139b	16	79633639	N:AC[T>A]CC	-1	92889.0	2480075856
JG0139b	16	79977464	N:AC[T>C]TG	-1	343825.0	2480419681
JG0139b	16	80107317	N:AC[T>A]TA	-1	129853.0	2480549534
JG0139b	16	80131444	N:TG[T>G]TA	-1	24127.0	2480573661
JG0139b	16	80385115	N:AT[C>A]AG	1	253671.0	2480827332
JG0139b	16	80398416	N:AC[T>C]TA	-1	13301.0	2480840633
JG0139b	16	80498025	N:CC[T>C]CT	1	99609.0	2480940242
JG0139b	16	80720691	U:GG[T>C]CC	-1	222666.0	2481162908
JG0139b	16	80726113	U:TC[T>A]TA	-1	5422.0	2481168330
JG0139b	16	80882431	N:AC[T>A]CG	1	156318.0	2481324648
JG0139b	16	81399301	N:CC[T>G]CC	-1	516870.0	2481841518
JG0139b	16	81763869	T:CC[T>G]CA	-1	364568.0	2482206086
JG0139b	16	82276905	N:TG[T>A]CA	-1	513036.0	2482719122
JG0139b	16	82614117	N:TC[T>C]TG	-1	337212.0	2483056334
JG0139b	16	82643877	T:AC[T>G]TA	-1	29760.0	2483086094
JG0139b	16	82709614	T:AC[T>G]TG	-1	65737.0	2483151831
JG0139b	16	83006213	T:CT[T>G]TT	-1	296599.0	2483448430
JG0139b	16	83034866	T:AC[T>A]CA	-1	28653.0	2483477083
JG0139b	16	83212106	T:TG[T>G]TG	-1	177240.0	2483654323
JG0139b	16	83263946	T:TG[T>G]TA	-1	51840.0	2483706163
JG0139b	16	83320677	T:TT[T>G]GA	-1	56731.0	2483762894
JG0139b	16	83332884	T:TC[T>C]TA	-1	12207.0	2483775101
JG0139b	16	84500588	U:TG[T>C]CT	-1	1167704.0	2484942805
JG0139b	16	86115262	N:AC[T>C]TA	-1	1614674.0	2486557479
JG0139b	16	86859640	N:TC[T>C]TA	-1	744378.0	2487301857
JG0139b	16	87220257	N:CC[T>C]TA	-1	360617.0	2487662474
JG0139b	16	87334803	U:GC[T>A]CC	-1	114546.0	2487777020
JG0139b	16	87335148	U:TC[T>C]CG	-1	345.0	2487777365
JG0139b	16	87506818	N:TG[C>T]GT	1	171670.0	2487949035
JG0139b	16	87523706	N:AC[T>C]CA	-1	16888.0	2487965923
JG0139b	16	87591425	N:TG[T>G]GG	-1	67719.0	2488033642
JG0139b	16	88205714	N:CG[T>C]CA	-1	614289.0	2488647931
JG0139b	16	88413321	N:GC[T>C]GA	-1	207607.0	2488855538
JG0139b	16	89022840	N:TC[T>G]TC	-1	609519.0	2489465057
JG0139b	16	89760959	U:AC[T>C]TA	-1	738119.0	2490203176
JG0139b	17	350254	U:CC[T>G]CA	-1		2491130816
JG0139b	17	940042	T:CC[T>G]CC	1	589788.0	2491720604
JG0139b	17	1331420	N:GC[T>G]CA	1	391378.0	2492111982
JG0139b	17	1738467	U:AC[T>G]TA	1	407047.0	2492519029
JG0139b	17	2168290	T:GC[T>G]CA	1	429823.0	2492948852
JG0139b	17	3286081	U:TC[T>C]TG	-1	1117791.0	2494066643
JG0139b	17	3404541	N:AC[T>A]GG	-1	118460.0	2494185103
JG0139b	17	3413392	T:TG[T>G]TC	-1	8851.0	2494193954
JG0139b	17	3425971	N:AC[T>C]AG	-1	12579.0	2494206533
JG0139b	17	3490693	T:AC[T>G]TA	1	64722.0	2494271255
JG0139b	17	3978409	N:AC[T>A]TT	-1	487716.0	2494758971
JG0139b	17	4306870	T:TC[T>C]CG	1	328461.0	2495087432
JG0139b	17	5116010	U:CC[T>C]TG	-1	809140.0	2495896572
JG0139b	17	5160444	T:TC[T>A]TA	-1	44434.0	2495941006
JG0139b	17	5399946	U:TC[T>G]TA	-1	239502.0	2496180508
JG0139b	17	5678618	N:AG[T>C]GC	-1	278672.0	2496459180
JG0139b	17	5824436	U:GC[T>C]TG	1	145818.0	2496604998
JG0139b	17	5920286	U:AC[T>G]CA	1	95850.0	2496700848
JG0139b	17	5959274	U:TC[T>A]CC	1	38988.0	2496739836
JG0139b	17	5983021	U:GC[T>C]TG	1	23747.0	2496763583
JG0139b	17	5993768	U:AC[T>C]TA	1	10747.0	2496774330
JG0139b	17	5998174	U:TC[T>G]TC	1	4406.0	2496778736
JG0139b	17	6091421	T:AC[T>G]TC	-1	93247.0	2496871983
JG0139b	17	6266663	N:CC[T>A]CC	1	175242.0	2497047225
JG0139b	17	6278184	N:TC[T>C]TG	1	11521.0	2497058746
JG0139b	17	6281979	N:AC[T>C]CT	1	3795.0	2497062541
JG0139b	17	6300934	N:AC[T>C]TA	1	18955.0	2497081496
JG0139b	17	6530584	U:GC[T>G]AG	-1	229650.0	2497311146
JG0139b	17	6723870	N:GG[T>A]CT	1	193286.0	2497504432
JG0139b	17	6940178	N:AC[T>A]CT	-1	216308.0	2497720740
JG0139b	17	6942968	N:AC[T>C]CC	1	2790.0	2497723530
JG0139b	17	7054484	N:AG[T>G]GC	1	111516.0	2497835046
JG0139b	17	7090282	N:AC[T>C]TG	1	35798.0	2497870844
JG0139b	17	7450368	U:AC[T>C]CC	1	360086.0	2498230930
JG0139b	17	7669242	U:TC[T>C]CT	-1	218874.0	2498449804
JG0139b	17	7753219	T:CC[T>G]CA	-1	83977.0	2498533781
JG0139b	17	8306136	N:GC[T>G]TA	1	552917.0	2499086698
JG0139b	17	8631699	N:AC[T>G]TG	1	325563.0	2499412261
JG0139b	17	8661895	N:AC[T>C]GG	-1	30196.0	2499442457
JG0139b	17	8758679	N:TC[T>A]CC	-1	96784.0	2499539241
JG0139b	17	8910303	U:TC[T>C]GA	-1	151624.0	2499690865
JG0139b	17	8928825	U:TC[T>G]TA	-1	18522.0	2499709387
JG0139b	17	8944057	U:AC[T>G]TG	-1	15232.0	2499724619
JG0139b	17	9011301	N:CC[T>G]TC	-1	67244.0	2499791863
JG0139b	17	9052712	T:CC[T>C]TG	-1	41411.0	2499833274
JG0139b	17	9159599	T:TC[T>C]CA	-1	106887.0	2499940161
JG0139b	17	9254355	T:AG[T>G]TA	1	94756.0	2500034917
JG0139b	17	9321381	T:AA[T>G]TA	1	67026.0	2500101943
JG0139b	17	9392516	U:TC[T>C]CC	-1	71135.0	2500173078
JG0139b	17	9711944	U:CC[T>A]CC	1	319428.0	2500492506
JG0139b	17	9717771	U:CG[T>C]TA	1	5827.0	2500498333
JG0139b	17	9814154	T:TC[T>C]CA	1	96383.0	2500594716
JG0139b	17	9835775	U:TC[T>A]CA	1	21621.0	2500616337
JG0139b	17	9950429	T:TC[T>C]TG	1	114654.0	2500730991
JG0139b	17	10154337	U:TC[T>C]TG	-1	203908.0	2500934899
JG0139b	17	10209832	N:TC[T>G]TG	1	55495.0	2500990394
JG0139b	17	10237913	N:TC[T>A]CA	1	28081.0	2501018475
JG0139b	17	10294757	N:TC[T>C]CA	1	56844.0	2501075319
JG0139b	17	10512430	T:GC[T>A]TG	1	217673.0	2501292992
JG0139b	17	10516389	T:AC[T>G]TA	1	3959.0	2501296951
JG0139b	17	10541673	U:TT[T>C]TA	-1	25284.0	2501322235
JG0139b	17	10763678	N:GC[T>C]GA	-1	222005.0	2501544240
JG0139b	17	10768803	N:AC[T>G]TA	1	5125.0	2501549365
JG0139b	17	11099908	N:AA[T>G]TG	-1	331105.0	2501880470
JG0139b	17	11105300	N:AC[T>A]TG	1	5392.0	2501885862
JG0139b	17	11313795	T:GC[T>A]GG	-1	208495.0	2502094357
JG0139b	17	11723764	U:GG[T>G]TC	1	409969.0	2502504326
JG0139b	17	11796239	U:TC[T>A]CA	1	72475.0	2502576801
JG0139b	17	11828126	U:AC[T>C]CT	1	31887.0	2502608688
JG0139b	17	11860414	T:AT[T>C]TA	-1	32288.0	2502640976
JG0139b	17	11978444	T:CC[T>G]CA	1	118030.0	2502759006
JG0139b	17	12167623	N:TC[T>A]TG	1	189179.0	2502948185
JG0139b	17	12201274	N:GC[T>G]TA	1	33651.0	2502981836
JG0139b	17	12300457	N:TC[T>G]CA	1	99183.0	2503081019
JG0139b	17	12406052	N:TC[T>C]CC	-1	105595.0	2503186614
JG0139b	17	12416593	N:AC[T>G]TC	1	10541.0	2503197155
JG0139b	17	12457739	N:TG[T>C]TA	1	41146.0	2503238301
JG0139b	17	12560986	N:GC[T>C]TA	1	103247.0	2503341548
JG0139b	17	12580982	N:TC[T>G]TC	1	19996.0	2503361544
JG0139b	17	12588456	N:AC[T>G]TA	1	7474.0	2503369018
JG0139b	17	12707831	U:TT[T>G]TT	1	119375.0	2503488393
JG0139b	17	12731278	U:GC[T>C]TG	1	23447.0	2503511840
JG0139b	17	12798912	U:TC[T>G]TG	1	67634.0	2503579474
JG0139b	17	12886786	U:TC[T>A]TG	1	87874.0	2503667348
JG0139b	17	12950973	U:CC[T>C]GA	1	64187.0	2503731535
JG0139b	17	13051152	N:GC[T>C]CA	1	100179.0	2503831714
JG0139b	17	13108231	N:CC[T>A]TG	-1	57079.0	2503888793
JG0139b	17	13297554	N:TC[T>A]TT	1	189323.0	2504078116
JG0139b	17	13311830	N:AC[T>G]TA	1	14276.0	2504092392
JG0139b	17	13814804	N:AC[T>G]TG	1	502974.0	2504595366
JG0139b	17	13957960	N:TC[T>G]TC	1	143156.0	2504738522
JG0139b	17	13993682	N:AC[T>C]TT	1	35722.0	2504774244
JG0139b	17	14062406	N:AC[T>C]CG	1	68724.0	2504842968
JG0139b	17	14387009	N:TC[C>T]AA	1	324603.0	2505167571
JG0139b	17	14508758	N:AA[T>G]TT	-1	121749.0	2505289320
JG0139b	17	14552729	N:AC[T>G]CA	1	43971.0	2505333291
JG0139b	17	14616701	N:TC[T>A]CT	-1	63972.0	2505397263
JG0139b	17	14632766	N:GC[T>A]CA	1	16065.0	2505413328
JG0139b	17	14827488	N:AC[C>T]CA	1	194722.0	2505608050
JG0139b	17	14879497	N:TC[T>G]CA	1	52009.0	2505660059
JG0139b	17	15058581	N:CC[T>G]TA	1	179084.0	2505839143
JG0139b	17	15273936	N:AC[T>C]TA	-1	215355.0	2506054498
JG0139b	17	15333221	T:AC[T>G]TT	1	59285.0	2506113783
JG0139b	17	15409071	N:AG[T>G]TA	1	75850.0	2506189633
JG0139b	17	15513365	T:AC[T>G]TT	1	104294.0	2506293927
JG0139b	17	15736200	T:CC[T>C]CA	-1	222835.0	2506516762
JG0139b	17	15758797	N:AC[T>C]CC	-1	22597.0	2506539359
JG0139b	17	15971442	T:TC[T>C]TA	-1	212645.0	2506752004
JG0139b	17	16483830	T:GG[T>G]TT	1	512388.0	2507264392
JG0139b	17	16582740	N:CC[T>G]TA	1	98910.0	2507363302
JG0139b	17	16617966	N:TC[T>C]TG	-1	35226.0	2507398528
JG0139b	17	16618747	N:AC[T>G]TC	1	781.0	2507399309
JG0139b	17	16677600	N:CC[T>G]CA	-1	58853.0	2507458162
JG0139b	17	16915573	N:AC[T>G]CC	1	237973.0	2507696135
JG0139b	17	16985894	N:TC[T>C]TA	-1	70321.0	2507766456
JG0139b	17	17113101	U:AC[T>G]TG	1	127207.0	2507893663
JG0139b	17	17134957	T:GC[T>C]TG	-1	21856.0	2507915519
JG0139b	17	17547030	T:TC[T>C]CC	1	412073.0	2508327592
JG0139b	17	17901794	U:TC[T>A]CA	-1	354764.0	2508682356
JG0139b	17	18044344	T:AG[T>G]TT	-1	142550.0	2508824906
JG0139b	17	18568277	N:GC[T>G]GC	-1	523933.0	2509348839
JG0139b	17	18569801	N:CC[T>G]GA	-1	1524.0	2509350363
JG0139b	17	20044237	U:TT[T>G]TA	1	1474436.0	2510824799
JG0139b	17	20129265	T:GC[T>C]TG	-1	85028.0	2510909827
JG0139b	17	20229450	T:GC[T>C]CA	-1	100185.0	2511010012
JG0139b	17	20770603	N:TC[T>A]TA	1	541153.0	2511551165
JG0139b	17	20859818	N:AC[T>G]TC	-1	89215.0	2511640380
JG0139b	17	20882067	U:TT[T>G]TA	-1	22249.0	2511662629
JG0139b	17	20963391	N:TC[T>G]TC	-1	81324.0	2511743953
JG0139b	17	20972423	N:CC[T>C]TG	1	9032.0	2511752985
JG0139b	17	21167229	U:AG[T>G]TA	1	194806.0	2511947791
JG0139b	17	21174122	T:AC[T>G]TG	-1	6893.0	2511954684
JG0139b	17	21243170	T:TC[T>G]GG	1	69048.0	2512023732
JG0139b	17	21564361	N:GG[T>C]TT	1	321191.0	2512344923
JG0139b	17	22097531	N:TA[T>G]TG	1	533170.0	2512878093
JG0139b	17	22287686	N:TC[T>G]TA	1	190155.0	2513068248
JG0139b	17	22692193	N:CC[T>C]CA	1	404507.0	2513472755
JG0139b	17	27009399	N:CC[T>C]CC	1	4317206.0	2517789961
JG0139b	17	27123955	N:GG[T>G]TT	-1	114556.0	2517904517
JG0139b	17	27124429	N:GC[T>G]TT	-1	474.0	2517904991
JG0139b	17	27149283	N:AG[T>G]TA	1	24854.0	2517929845
JG0139b	17	29196360	N:AC[T>G]TA	1	2047077.0	2519976922
JG0139b	17	29978907	U:AC[T>A]CA	1	782547.0	2520759469
JG0139b	17	29980727	U:AC[T>G]TA	1	1820.0	2520761289
JG0139b	17	32157444	T:TC[T>G]TA	-1	2176717.0	2522938006
JG0139b	17	32614766	U:AG[T>G]TG	-1	457322.0	2523395328
JG0139b	17	32684782	U:GC[T>C]TA	-1	70016.0	2523465344
JG0139b	17	32747676	U:TT[T>G]TA	-1	62894.0	2523528238
JG0139b	17	32985066	T:TC[T>C]TG	-1	237390.0	2523765628
JG0139b	17	33081437	T:TC[T>G]CA	1	96371.0	2523861999
JG0139b	17	33097678	U:GC[T>C]TG	-1	16241.0	2523878240
JG0139b	17	33107995	T:TT[T>G]TT	1	10317.0	2523888557
JG0139b	17	33126252	U:GC[T>G]TC	-1	18257.0	2523906814
JG0139b	17	33177151	U:AC[T>A]TG	-1	50899.0	2523957713
JG0139b	17	33185650	U:TC[T>C]TA	-1	8499.0	2523966212
JG0139b	17	33304796	T:TG[T>G]TC	1	119146.0	2524085358
JG0139b	17	33319056	U:TC[T>G]TG	-1	14260.0	2524099618
JG0139b	17	33324292	U:CC[T>G]TG	-1	5236.0	2524104854
JG0139b	17	33412964	U:CC[T>G]TA	-1	88672.0	2524193526
JG0139b	17	33429003	U:TC[T>C]AA	-1	16039.0	2524209565
JG0139b	17	33500170	U:AC[T>C]TA	-1	71167.0	2524280732
JG0139b	17	33555141	T:AG[T>G]TA	1	54971.0	2524335703
JG0139b	17	33575748	U:GC[T>C]TG	-1	20607.0	2524356310
JG0139b	17	33780929	T:AG[T>C]TC	1	205181.0	2524561491
JG0139b	17	33793966	U:TC[T>C]GT	-1	13037.0	2524574528
JG0139b	17	33810230	T:TC[T>C]GG	1	16264.0	2524590792
JG0139b	17	34112957	T:GG[T>C]CA	1	302727.0	2524893519
JG0139b	17	34213156	N:AC[T>G]TC	1	100199.0	2524993718
JG0139b	17	34213846	N:TC[T>A]TT	1	690.0	2524994408
JG0139b	17	34228129	N:GG[T>C]TA	-1	14283.0	2525008691
JG0139b	17	34402401	N:GG[T>G]TT	-1	174272.0	2525182963
JG0139b	17	34488620	N:AC[T>G]TA	1	86219.0	2525269182
JG0139b	17	34515646	N:AC[T>C]CT	1	27026.0	2525296208
JG0139b	17	34532999	N:TC[T>C]TT	1	17353.0	2525313561
JG0139b	17	34577888	N:TC[T>C]TG	1	44889.0	2525358450
JG0139b	17	34669056	N:AC[T>C]TG	-1	91168.0	2525449618
JG0139b	17	34714054	N:TA[T>G]TA	-1	44998.0	2525494616
JG0139b	17	34731629	N:TC[T>C]GG	-1	17575.0	2525512191
JG0139b	17	34845984	N:TC[T>C]CA	1	114355.0	2525626546
JG0139b	17	34848077	N:TG[T>G]TG	1	2093.0	2525628639
JG0139b	17	34848614	N:GC[T>G]TG	-1	537.0	2525629176
JG0139b	17	35002477	T:GA[T>G]TG	-1	153863.0	2525783039
JG0139b	17	35062829	U:GC[T>A]TT	-1	60352.0	2525843391
JG0139b	17	35152512	T:GC[T>A]TT	-1	89683.0	2525933074
JG0139b	17	35210118	N:AC[T>C]GC	-1	57606.0	2525990680
JG0139b	17	35229198	N:AC[T>A]TG	-1	19080.0	2526009760
JG0139b	17	35230592	N:TC[T>G]TG	-1	1394.0	2526011154
JG0139b	17	35231950	N:AC[T>C]TA	-1	1358.0	2526012512
JG0139b	17	35265657	T:AG[T>G]TT	-1	33707.0	2526046219
JG0139b	17	35305147	N:TC[T>C]CT	-1	39490.0	2526085709
JG0139b	17	35389152	N:CC[T>C]TA	1	84005.0	2526169714
JG0139b	17	35457275	N:TC[T>C]GA	-1	68123.0	2526237837
JG0139b	17	35913065	N:AC[T>C]TA	-1	455790.0	2526693627
JG0139b	17	35947305	N:AG[T>C]CG	-1	34240.0	2526727867
JG0139b	17	36021441	N:GC[T>A]CA	-1	74136.0	2526802003
JG0139b	17	36065170	T:GA[T>G]TT	-1	43729.0	2526845732
JG0139b	17	36114220	N:AC[T>G]TA	-1	49050.0	2526894782
JG0139b	17	36206742	N:AC[T>C]CT	-1	92522.0	2526987304
JG0139b	17	36697449	N:AG[T>G]TG	1	490707.0	2527478011
JG0139b	17	36757061	N:TC[T>A]CC	-1	59612.0	2527537623
JG0139b	17	36765685	N:TC[T>C]AA	1	8624.0	2527546247
JG0139b	17	36970287	U:TC[T>C]TA	1	204602.0	2527750849
JG0139b	17	37034976	U:AA[T>G]TA	1	64689.0	2527815538
JG0139b	17	37833340	N:AC[T>C]TC	-1	798364.0	2528613902
JG0139b	17	38948309	T:AG[T>G]TC	1	1114969.0	2529728871
JG0139b	17	39115275	U:GC[T>G]TA	-1	166966.0	2529895837
JG0139b	17	40247725	U:AC[T>G]TG	1	1132450.0	2531028287
JG0139b	17	40402715	T:CC[T>G]TA	1	154990.0	2531183277
JG0139b	17	40785457	N:TC[T>G]TG	-1	382742.0	2531566019
JG0139b	17	40964683	U:TC[T>A]GA	-1	179226.0	2531745245
JG0139b	17	40990786	N:AG[T>G]TA	-1	26103.0	2531771348
JG0139b	17	41004833	N:TC[T>G]TT	1	14047.0	2531785395
JG0139b	17	41037577	N:AC[T>G]TT	-1	32744.0	2531818139
JG0139b	17	41089903	N:CC[T>A]CT	-1	52326.0	2531870465
JG0139b	17	41114923	N:AC[T>G]TT	-1	25020.0	2531895485
JG0139b	17	41133315	N:AC[T>G]TT	-1	18392.0	2531913877
JG0139b	17	41405476	N:TC[T>A]CA	1	272161.0	2532186038
JG0139b	17	41487714	T:AG[T>G]TG	1	82238.0	2532268276
JG0139b	17	41653039	N:CC[T>C]TG	-1	165325.0	2532433601
JG0139b	17	41822341	T:TC[T>C]TG	-1	169302.0	2532602903
JG0139b	17	41992681	T:AC[T>C]TC	1	170340.0	2532773243
JG0139b	17	42223145	U:GC[T>G]TC	-1	230464.0	2533003707
JG0139b	17	42325972	T:TT[T>G]TT	1	102827.0	2533106534
JG0139b	17	42617003	N:GC[T>C]CA	-1	291031.0	2533397565
JG0139b	17	42916050	N:GC[T>A]TG	-1	299047.0	2533696612
JG0139b	17	43134063	U:GC[T>C]TT	-1	218013.0	2533914625
JG0139b	17	43330867	N:AA[T>G]TT	1	196804.0	2534111429
JG0139b	17	43634272	N:CA[C>A]TG	1	303405.0	2534414834
JG0139b	17	43660421	T:AG[T>A]TG	1	26149.0	2534440983
JG0139b	17	43662523	N:TC[T>G]CA	1	2102.0	2534443085
JG0139b	17	43676293	N:AC[T>G]CA	-1	13770.0	2534456855
JG0139b	17	43808255	U:AC[T>G]TG	-1	131962.0	2534588817
JG0139b	17	45299910	T:AG[T>G]GA	1	1491655.0	2536080472
JG0139b	17	45302704	T:GC[T>G]TT	1	2794.0	2536083266
JG0139b	17	45313992	T:AA[T>G]TA	1	11288.0	2536094554
JG0139b	17	45422982	U:GG[T>C]CT	-1	108990.0	2536203544
JG0139b	17	45496679	N:CC[T>G]GC	-1	73697.0	2536277241
JG0139b	17	45683925	T:TC[T>C]TG	-1	187246.0	2536464487
JG0139b	17	45854075	N:GG[T>C]TT	-1	170150.0	2536634637
JG0139b	17	45941479	U:GC[T>G]TC	1	87404.0	2536722041
JG0139b	17	46081464	U:AA[T>G]TA	-1	139985.0	2536862026
JG0139b	17	46217210	T:GC[T>C]CA	1	135746.0	2536997772
JG0139b	17	47054188	N:AC[T>C]CT	-1	836978.0	2537834750
JG0139b	17	47432574	T:AC[T>G]TT	-1	378386.0	2538213136
JG0139b	17	48214203	U:AG[T>G]TG	-1	781629.0	2538994765
JG0139b	17	48229406	U:CC[T>G]CA	-1	15203.0	2539009968
JG0139b	17	48229408	U:GA[C>A]CT	-1	2.0	2539009970
JG0139b	17	48354579	T:AC[T>C]TG	1	125171.0	2539135141
JG0139b	17	48462985	N:AC[T>C]CC	1	108406.0	2539243547
JG0139b	17	48937362	T:GC[T>C]CA	1	474377.0	2539717924
JG0139b	17	49017883	U:AC[T>G]TT	1	80521.0	2539798445
JG0139b	17	49189891	N:TG[T>G]TA	1	172008.0	2539970453
JG0139b	17	49217983	T:TC[T>C]GG	-1	28092.0	2539998545
JG0139b	17	49296808	U:TC[T>G]TT	-1	78825.0	2540077370
JG0139b	17	49979699	N:AC[T>A]CA	1	682891.0	2540760261
JG0139b	17	50115084	T:TC[T>C]GA	1	135385.0	2540895646
JG0139b	17	50256378	N:AC[T>A]TG	1	141294.0	2541036940
JG0139b	17	50307629	N:CC[T>G]CA	1	51251.0	2541088191
JG0139b	17	50429029	U:TC[T>C]GC	1	121400.0	2541209591
JG0139b	17	50699904	U:TC[T>G]TC	-1	270875.0	2541480466
JG0139b	17	51517556	N:TA[T>G]TA	-1	817652.0	2542298118
JG0139b	17	51565734	N:AC[T>C]CA	-1	48178.0	2542346296
JG0139b	17	51836728	U:TT[T>G]TT	-1	270994.0	2542617290
JG0139b	17	51884270	T:AC[T>C]CT	1	47542.0	2542664832
JG0139b	17	51937683	T:AC[T>A]CT	1	53413.0	2542718245
JG0139b	17	52000204	U:CC[T>C]TA	-1	62521.0	2542780766
JG0139b	17	52339361	N:AA[T>G]TT	-1	339157.0	2543119923
JG0139b	17	52720881	N:AG[T>G]TA	-1	381520.0	2543501443
JG0139b	17	52872734	N:TG[T>G]GA	1	151853.0	2543653296
JG0139b	17	52977277	N:TT[T>G]TA	1	104543.0	2543757839
JG0139b	17	53055304	N:TT[T>C]TG	1	78027.0	2543835866
JG0139b	17	53103410	N:CC[T>C]TG	-1	48106.0	2543883972
JG0139b	17	53292288	N:CC[T>G]TG	-1	188878.0	2544072850
JG0139b	17	53571415	N:AC[T>C]TA	1	279127.0	2544351977
JG0139b	17	53617221	N:GC[T>G]TA	1	45806.0	2544397783
JG0139b	17	53965815	N:AC[T>G]AA	-1	348594.0	2544746377
JG0139b	17	54025736	N:GG[T>A]TC	-1	59921.0	2544806298
JG0139b	17	54032804	N:AC[T>C]CC	1	7068.0	2544813366
JG0139b	17	54089761	N:GG[C>A]TA	1	56957.0	2544870323
JG0139b	17	54278308	N:AA[T>G]TG	1	188547.0	2545058870
JG0139b	17	54291988	N:GA[T>G]TG	-1	13680.0	2545072550
JG0139b	17	54420609	N:CC[T>G]TT	-1	128621.0	2545201171
JG0139b	17	54424175	N:TC[T>G]TA	-1	3566.0	2545204737
JG0139b	17	54438948	N:TC[T>G]TG	-1	14773.0	2545219510
JG0139b	17	54442494	N:CC[T>A]TG	1	3546.0	2545223056
JG0139b	17	54457817	N:TC[T>A]TG	-1	15323.0	2545238379
JG0139b	17	54633709	N:GG[T>A]TT	-1	175892.0	2545414271
JG0139b	17	54685403	N:CC[T>C]AA	-1	51694.0	2545465965
JG0139b	17	54896792	N:TC[T>A]TT	-1	211389.0	2545677354
JG0139b	17	54925233	T:TC[T>C]TG	-1	28441.0	2545705795
JG0139b	17	54925838	T:AC[T>C]TT	-1	605.0	2545706400
JG0139b	17	54991178	T:TC[T>A]TA	-1	65340.0	2545771740
JG0139b	17	55112005	U:AC[T>A]CC	1	120827.0	2545892567
JG0139b	17	55201575	N:TC[T>C]CA	1	89570.0	2545982137
JG0139b	17	55260466	N:TC[T>C]TG	1	58891.0	2546041028
JG0139b	17	55953781	U:AC[C>T]TT	1	693315.0	2546734343
JG0139b	17	56022489	U:TC[T>G]TA	1	68708.0	2546803051
JG0139b	17	56779690	N:GA[C>T]TC	1	757201.0	2547560252
JG0139b	17	56891657	T:TC[T>C]TG	1	111967.0	2547672219
JG0139b	17	57517341	T:AC[T>G]CA	-1	625684.0	2548297903
JG0139b	17	58119610	N:CC[T>G]TA	-1	602269.0	2548900172
JG0139b	17	58339215	N:AC[T>G]GA	-1	219605.0	2549119777
JG0139b	17	58388717	T:TC[T>G]TA	1	49502.0	2549169279
JG0139b	17	59365304	T:AC[C>A]TC	-1	976587.0	2550145866
JG0139b	17	59612829	N:AC[T>C]CA	-1	247525.0	2550393391
JG0139b	17	59819609	T:TG[T>C]GG	-1	206780.0	2550600171
JG0139b	17	60438451	N:AC[T>G]TG	1	618842.0	2551219013
JG0139b	17	60899720	T:AG[T>G]TA	-1	461269.0	2551680282
JG0139b	17	61304168	T:AC[T>C]TG	-1	404448.0	2552084730
JG0139b	17	61641300	N:GC[T>C]TG	-1	337132.0	2552421862
JG0139b	17	61706865	U:AT[T>G]TT	-1	65565.0	2552487427
JG0139b	17	61831644	U:TG[T>G]CC	-1	124779.0	2552612206
JG0139b	17	62003232	U:GC[T>G]TA	-1	171588.0	2552783794
JG0139b	17	62856497	N:TA[T>G]TT	1	853265.0	2553637059
JG0139b	17	62861417	N:TC[T>G]TG	-1	4920.0	2553641979
JG0139b	17	63665056	T:AG[T>C]GC	-1	803639.0	2554445618
JG0139b	17	63708380	U:AC[T>G]AA	-1	43324.0	2554488942
JG0139b	17	63971528	T:TG[T>C]GA	1	263148.0	2554752090
JG0139b	17	64569704	U:GC[T>A]TG	-1	598176.0	2555350266
JG0139b	17	64703618	N:AC[T>G]TT	1	133914.0	2555484180
JG0139b	17	64784228	N:CC[T>G]TC	-1	80610.0	2555564790
JG0139b	17	64852822	N:TG[T>G]TA	1	68594.0	2555633384
JG0139b	17	64939200	N:TC[T>C]AG	-1	86378.0	2555719762
JG0139b	17	65165494	T:AC[T>C]CA	-1	226294.0	2555946056
JG0139b	17	65240030	N:TC[T>A]CA	-1	74536.0	2556020592
JG0139b	17	65311243	N:GC[T>G]TA	-1	71213.0	2556091805
JG0139b	17	65344140	N:TG[T>A]TG	-1	32897.0	2556124702
JG0139b	17	65370785	N:AC[T>G]TG	-1	26645.0	2556151347
JG0139b	17	65394966	N:AC[T>C]TG	-1	24181.0	2556175528
JG0139b	17	65399003	N:AC[T>A]TG	-1	4037.0	2556179565
JG0139b	17	65520682	N:AC[T>A]GG	-1	121679.0	2556301244
JG0139b	17	65544718	U:GC[T>C]CG	-1	24036.0	2556325280
JG0139b	17	65595570	N:GG[T>G]TC	-1	50852.0	2556376132
JG0139b	17	65995713	U:CG[T>G]TA	-1	400143.0	2556776275
JG0139b	17	66136224	T:AC[T>A]AG	1	140511.0	2556916786
JG0139b	17	66136225	U:AC[T>C]AG	-1	1.0	2556916787
JG0139b	17	66407868	U:AG[T>A]TT	1	271643.0	2557188430
JG0139b	17	66443478	T:TC[T>C]CA	-1	35610.0	2557224040
JG0139b	17	66825334	N:TC[T>G]TG	1	381856.0	2557605896
JG0139b	17	66835475	U:TC[T>G]GT	1	10141.0	2557616037
JG0139b	17	66854574	T:GA[T>A]TA	-1	19099.0	2557635136
JG0139b	17	67935756	T:CC[T>G]TG	-1	1081182.0	2558716318
JG0139b	17	68250294	U:TT[T>A]AA	1	314538.0	2559030856
JG0139b	17	68330573	U:AC[T>G]TG	1	80279.0	2559111135
JG0139b	17	68964097	N:TC[T>C]TA	-1	633524.0	2559744659
JG0139b	17	69208122	U:TC[T>G]TA	-1	244025.0	2559988684
JG0139b	17	69306249	U:AG[T>G]TT	-1	98127.0	2560086811
JG0139b	17	69343563	N:CC[T>G]CA	1	37314.0	2560124125
JG0139b	17	69452077	T:AC[T>C]CT	-1	108514.0	2560232639
JG0139b	17	69549403	T:AC[T>C]CC	-1	97326.0	2560329965
JG0139b	17	69739395	N:AC[T>C]CA	-1	189992.0	2560519957
JG0139b	17	69763062	N:CC[T>G]CA	-1	23667.0	2560543624
JG0139b	17	69977670	N:GC[T>C]TA	-1	214608.0	2560758232
JG0139b	17	70097921	T:GA[T>A]TG	-1	120251.0	2560878483
JG0139b	17	70367155	N:TA[T>A]TT	-1	269234.0	2561147717
JG0139b	17	70745003	N:CT[C>G]GT	-1	377848.0	2561525565
JG0139b	17	70931849	N:AA[T>G]TG	-1	186846.0	2561712411
JG0139b	17	71117172	N:AG[T>C]CT	-1	185323.0	2561897734
JG0139b	17	71117206	N:TT[T>A]AA	1	34.0	2561897768
JG0139b	17	71486291	N:AT[T>G]TG	1	369085.0	2562266853
JG0139b	17	71818387	N:GC[T>G]TG	1	332096.0	2562598949
JG0139b	17	71876002	N:TA[T>G]TC	-1	57615.0	2562656564
JG0139b	17	71917334	N:TA[C>A]TT	-1	41332.0	2562697896
JG0139b	17	72536926	N:GC[T>C]GT	-1	619592.0	2563317488
JG0139b	17	72638908	N:TC[T>C]CT	-1	101982.0	2563419470
JG0139b	17	72731791	U:GA[T>C]CG	-1	92883.0	2563512353
JG0139b	17	72734590	T:GT[C>A]CG	1	2799.0	2563515152
JG0139b	17	72940816	U:AG[T>G]TG	-1	206226.0	2563721378
JG0139b	17	72958801	U:TC[T>C]TG	-1	17985.0	2563739363
JG0139b	17	73423344	U:GC[T>C]TG	-1	464543.0	2564203906
JG0139b	17	73518209	U:TC[T>C]TA	-1	94865.0	2564298771
JG0139b	17	73532574	U:AC[T>C]TG	-1	14365.0	2564313136
JG0139b	17	73546837	U:AC[T>G]TG	-1	14263.0	2564327399
JG0139b	17	73582070	U:GC[T>G]CA	-1	35233.0	2564362632
JG0139b	17	73600613	U:TC[T>C]TG	-1	18543.0	2564381175
JG0139b	17	73845917	N:GC[T>C]TG	1	245304.0	2564626479
JG0139b	17	74120573	N:TC[T>G]TA	-1	274656.0	2564901135
JG0139b	17	74220473	T:CC[T>G]GA	-1	99900.0	2565001035
JG0139b	17	74383445	N:GC[T>G]CA	-1	162972.0	2565164007
JG0139b	17	74590647	U:TC[T>C]TA	-1	207202.0	2565371209
JG0139b	17	74863632	U:AG[T>C]GC	-1	272985.0	2565644194
JG0139b	17	75611025	T:TC[T>C]AA	-1	747393.0	2566391587
JG0139b	17	76381075	B:CC[T>C]TG	-1	770050.0	2567161637
JG0139b	17	77552729	N:GG[T>G]TA	1	1171654.0	2568333291
JG0139b	17	77683854	N:AC[T>G]AA	-1	131125.0	2568464416
JG0139b	17	77695162	N:CC[T>C]CA	-1	11308.0	2568475724
JG0139b	17	77845768	N:AC[T>G]TA	-1	150606.0	2568626330
JG0139b	17	78355663	N:AC[T>G]CT	-1	509895.0	2569136225
JG0139b	17	78462824	U:GC[T>C]GC	-1	107161.0	2569243386
JG0139b	17	78654438	N:GG[T>G]TG	1	191614.0	2569435000
JG0139b	17	79682962	N:GA[T>A]TA	-1	1028524.0	2570463524
JG0139b	17	79896259	N:AC[T>G]TG	-1	213297.0	2570676821
JG0139b	17	79928382	N:AC[T>C]TC	-1	32123.0	2570708944
JG0139b	17	80125129	N:TC[T>C]TA	-1	196747.0	2570905691
JG0139b	17	80234946	U:GC[T>G]TC	1	109817.0	2571015508
JG0139b	17	81024687	N:TC[T>C]TG	-1	789741.0	2571805249
JG0139b	17	81382769	N:AG[T>G]TC	-1	358082.0	2572163331
JG0139b	17	82225113	N:CA[T>G]TA	1	842344.0	2573005675
JG0139b	17	82325153	U:GC[T>C]GA	-1	100040.0	2573105715
JG0139b	17	82583077	U:TG[T>G]TG	1	257924.0	2573363639
JG0139b	17	82898647	U:TG[T>G]TG	1	315570.0	2573679209
JG0139b	18	73888	N:GG[T>G]TC	-1		2574111891
JG0139b	18	250574	T:TC[T>C]TA	1	176686.0	2574288577
JG0139b	18	288965	N:GC[T>C]TG	1	38391.0	2574326968
JG0139b	18	318735	T:TC[T>C]GC	1	29770.0	2574356738
JG0139b	18	1003362	N:TC[T>A]GG	1	684627.0	2575041365
JG0139b	18	1033988	N:TC[T>G]TT	1	30626.0	2575071991
JG0139b	18	1214182	N:AC[T>G]CA	-1	180194.0	2575252185
JG0139b	18	1688300	N:TG[T>G]TT	-1	474118.0	2575726303
JG0139b	18	2501731	N:AT[C>A]AT	-1	813431.0	2576539734
JG0139b	18	2768278	T:AG[T>A]GG	-1	266547.0	2576806281
JG0139b	18	3370044	N:GG[T>G]TG	1	601766.0	2577408047
JG0139b	18	4087712	T:TC[T>A]TT	1	717668.0	2578125715
JG0139b	18	4199109	U:AC[T>G]TG	-1	111397.0	2578237112
JG0139b	18	4252285	T:TC[T>C]GA	1	53176.0	2578290288
JG0139b	18	4567145	N:CT[T>G]TA	-1	314860.0	2578605148
JG0139b	18	4756350	N:AG[T>G]TA	-1	189205.0	2578794353
JG0139b	18	4793032	N:TG[T>G]TT	-1	36682.0	2578831035
JG0139b	18	4960432	N:TC[T>G]TT	-1	167400.0	2578998435
JG0139b	18	4993222	N:TC[T>G]TC	1	32790.0	2579031225
JG0139b	18	5096548	N:CC[T>C]TA	1	103326.0	2579134551
JG0139b	18	5368227	N:TC[T>A]CC	1	271679.0	2579406230
JG0139b	18	5791473	N:AC[T>G]GA	-1	423246.0	2579829476
JG0139b	18	7145977	N:TA[T>G]TT	1	1354504.0	2581183980
JG0139b	18	7340117	N:GA[T>G]TA	-1	194140.0	2581378120
JG0139b	18	7414015	N:TC[T>G]TG	1	73898.0	2581452018
JG0139b	18	8559384	N:TC[T>A]CA	1	1145369.0	2582597387
JG0139b	18	8575096	N:GC[T>C]GA	-1	15712.0	2582613099
JG0139b	18	8798526	T:CC[T>G]TA	-1	223430.0	2582836529
JG0139b	18	9499923	T:AC[T>G]TG	-1	701397.0	2583537926
JG0139b	18	9830735	U:TC[T>G]TA	1	330812.0	2583868738
JG0139b	18	9857929	U:GG[T>C]TG	1	27194.0	2583895932
JG0139b	18	10047028	N:CC[T>G]CA	-1	189099.0	2584085031
JG0139b	18	10280395	N:GC[T>A]TG	1	233367.0	2584318398
JG0139b	18	10386975	N:TC[T>G]TA	-1	106580.0	2584424978
JG0139b	18	10457568	T:AG[T>G]TG	-1	70593.0	2584495571
JG0139b	18	10487545	T:CG[T>G]GG	-1	29977.0	2584525548
JG0139b	18	11175145	N:AA[T>G]TT	1	687600.0	2585213148
JG0139b	18	11195934	N:TT[T>C]TT	1	20789.0	2585233937
JG0139b	18	11430622	N:CC[T>C]TT	1	234688.0	2585468625
JG0139b	18	11524935	N:TT[T>A]AT	-1	94313.0	2585562938
JG0139b	18	11551623	N:AC[T>G]TG	1	26688.0	2585589626
JG0139b	18	13171559	N:TC[T>G]TT	-1	1619936.0	2587209562
JG0139b	18	13834973	N:AC[C>A]CA	-1	663414.0	2587872976
JG0139b	18	14360347	N:TC[T>G]CA	-1	525374.0	2588398350
JG0139b	18	15051526	N:AC[T>C]CT	1	691179.0	2589089529
JG0139b	18	21071654	T:TC[T>C]TT	1	6020128.0	2595109657
JG0139b	18	21537426	T:AC[T>C]CA	1	465772.0	2595575429
JG0139b	18	21658200	U:TT[T>G]TT	-1	120774.0	2595696203
JG0139b	18	21704113	T:TC[T>C]TG	1	45913.0	2595742116
JG0139b	18	21940046	N:CC[T>C]CT	-1	235933.0	2595978049
JG0139b	18	21975488	N:AG[T>A]TT	1	35442.0	2596013491
JG0139b	18	22126540	N:AT[C>A]TT	-1	151052.0	2596164543
JG0139b	18	22214664	N:GC[T>G]TA	1	88124.0	2596252667
JG0139b	18	22608131	N:AC[T>A]TC	1	393467.0	2596646134
JG0139b	18	22837989	T:GC[T>G]GA	-1	229858.0	2596875992
JG0139b	18	23317640	U:AC[T>A]GA	-1	479651.0	2597355643
JG0139b	18	23415204	T:AG[T>G]TA	1	97564.0	2597453207
JG0139b	18	24241415	T:AC[T>C]TA	1	826211.0	2598279418
JG0139b	18	24308274	T:CG[T>C]CC	1	66859.0	2598346277
JG0139b	18	25289746	U:CC[T>G]TT	-1	981472.0	2599327749
JG0139b	18	25480525	N:GC[T>G]TG	1	190779.0	2599518528
JG0139b	18	25707156	N:TG[T>C]CG	1	226631.0	2599745159
JG0139b	18	25782376	N:TC[T>C]GA	1	75220.0	2599820379
JG0139b	18	26264490	U:GA[T>G]TG	1	482114.0	2600302493
JG0139b	18	27091001	U:CA[T>G]CA	-1	826511.0	2601129004
JG0139b	18	27478613	N:AC[T>G]CA	-1	387612.0	2601516616
JG0139b	18	27538971	N:GC[T>G]TG	-1	60358.0	2601576974
JG0139b	18	27846052	N:GC[T>G]TA	-1	307081.0	2601884055
JG0139b	18	27911984	N:TC[T>G]TC	1	65932.0	2601949987
JG0139b	18	27942589	N:AG[T>G]TA	1	30605.0	2601980592
JG0139b	18	28057177	T:TC[T>C]GA	1	114588.0	2602095180
JG0139b	18	28183959	N:TC[T>C]TT	1	126782.0	2602221962
JG0139b	18	28563513	N:TC[T>G]TC	-1	379554.0	2602601516
JG0139b	18	28929439	N:AG[T>G]TC	1	365926.0	2602967442
JG0139b	18	28952102	N:TA[T>A]TG	1	22663.0	2602990105
JG0139b	18	29650629	N:GG[T>C]CG	-1	698527.0	2603688632
JG0139b	18	29728952	N:TC[T>G]TT	-1	78323.0	2603766955
JG0139b	18	29917310	N:TC[T>C]CA	1	188358.0	2603955313
JG0139b	18	30243880	N:AC[T>G]TG	-1	326570.0	2604281883
JG0139b	18	30568459	N:AC[T>C]GA	1	324579.0	2604606462
JG0139b	18	31791430	N:TC[T>C]CC	-1	1222971.0	2605829433
JG0139b	18	31797691	N:TC[T>C]TT	1	6261.0	2605835694
JG0139b	18	32178989	T:TA[T>G]TA	1	381298.0	2606216992
JG0139b	18	32220827	U:AC[T>G]TG	-1	41838.0	2606258830
JG0139b	18	32261611	U:TG[T>G]TT	-1	40784.0	2606299614
JG0139b	18	32623623	N:GT[C>G]TT	-1	362012.0	2606661626
JG0139b	18	33066372	T:TG[T>C]AA	1	442749.0	2607104375
JG0139b	18	33356683	T:TC[T>G]TA	1	290311.0	2607394686
JG0139b	18	33844135	N:AG[C>A]AT	1	487452.0	2607882138
JG0139b	18	34472316	N:CC[T>C]CA	1	628181.0	2608510319
JG0139b	18	34783910	U:GC[T>C]TT	1	311594.0	2608821913
JG0139b	18	35032453	T:AC[T>G]TG	-1	248543.0	2609070456
JG0139b	18	35589560	U:GC[T>A]GG	1	557107.0	2609627563
JG0139b	18	36083356	N:AC[T>G]TT	-1	493796.0	2610121359
JG0139b	18	36306644	T:AC[T>A]CG	-1	223288.0	2610344647
JG0139b	18	36495112	U:TA[T>A]TT	1	188468.0	2610533115
JG0139b	18	36647256	U:TC[T>G]TC	1	152144.0	2610685259
JG0139b	18	37115499	U:TA[T>C]TG	1	468243.0	2611153502
JG0139b	18	37413962	T:TC[T>C]TA	1	298463.0	2611451965
JG0139b	18	37859136	N:TG[T>G]TA	1	445174.0	2611897139
JG0139b	18	37895050	N:AG[T>A]TT	1	35914.0	2611933053
JG0139b	18	37990945	N:TC[T>C]CC	1	95895.0	2612028948
JG0139b	18	38571029	N:TC[T>G]TT	-1	580084.0	2612609032
JG0139b	18	38584745	N:TC[T>C]CA	1	13716.0	2612622748
JG0139b	18	38728359	N:TT[T>G]TC	-1	143614.0	2612766362
JG0139b	18	38774966	N:GC[T>G]CA	-1	46607.0	2612812969
JG0139b	18	38809425	N:AA[T>G]TG	-1	34459.0	2612847428
JG0139b	18	39176782	N:TC[T>A]TA	1	367357.0	2613214785
JG0139b	18	39242927	N:AG[T>G]TA	-1	66145.0	2613280930
JG0139b	18	39546259	N:TC[T>G]TT	1	303332.0	2613584262
JG0139b	18	39786900	N:GC[T>G]TG	1	240641.0	2613824903
JG0139b	18	39875022	N:GC[T>A]CA	1	88122.0	2613913025
JG0139b	18	40981902	N:AC[T>C]TA	1	1106880.0	2615019905
JG0139b	18	41639541	N:CC[T>G]TC	-1	657639.0	2615677544
JG0139b	18	42074086	U:GG[T>G]CA	1	434545.0	2616112089
JG0139b	18	42309020	N:GG[T>G]TT	-1	234934.0	2616347023
JG0139b	18	42403944	N:CT[T>G]TC	-1	94924.0	2616441947
JG0139b	18	42410069	N:CC[T>G]CT	-1	6125.0	2616448072
JG0139b	18	42424118	N:AG[T>G]TC	-1	14049.0	2616462121
JG0139b	18	42455155	N:AC[T>C]CA	-1	31037.0	2616493158
JG0139b	18	42766657	T:TG[T>G]TA	1	311502.0	2616804660
JG0139b	18	42959956	U:TC[T>C]CA	-1	193299.0	2616997959
JG0139b	18	43446134	N:TC[T>G]TG	-1	486178.0	2617484137
JG0139b	18	43605677	N:TC[T>C]TA	1	159543.0	2617643680
JG0139b	18	44031709	N:AC[T>G]TA	-1	426032.0	2618069712
JG0139b	18	44464812	N:AC[T>G]TC	-1	433103.0	2618502815
JG0139b	18	44537324	N:AC[T>C]TA	1	72512.0	2618575327
JG0139b	18	44580266	N:TC[T>C]GG	1	42942.0	2618618269
JG0139b	18	44946261	U:AC[T>G]GC	1	365995.0	2618984264
JG0139b	18	45883204	T:TC[T>C]TA	1	936943.0	2619921207
JG0139b	18	47227957	U:AC[T>G]TA	-1	1344753.0	2621265960
JG0139b	18	47278154	N:TC[T>G]TA	1	50197.0	2621316157
JG0139b	18	47645913	N:TC[T>G]TA	1	367759.0	2621683916
JG0139b	18	47928774	U:GC[T>G]TG	-1	282861.0	2621966777
JG0139b	18	48013950	N:AC[T>G]TA	1	85176.0	2622051953
JG0139b	18	48027291	U:TC[T>G]TA	-1	13341.0	2622065294
JG0139b	18	50284861	U:GG[T>G]CA	-1	2257570.0	2624322864
JG0139b	18	50720590	T:GC[T>G]TC	-1	435729.0	2624758593
JG0139b	18	51173518	N:TG[T>G]TG	-1	452928.0	2625211521
JG0139b	18	51640746	N:AC[T>G]TA	1	467228.0	2625678749
JG0139b	18	51790238	N:TC[T>G]CA	-1	149492.0	2625828241
JG0139b	18	51975214	N:GC[T>C]TT	1	184976.0	2626013217
JG0139b	18	52423650	U:TG[T>C]GC	1	448436.0	2626461653
JG0139b	18	53708247	N:GC[T>G]TA	-1	1284597.0	2627746250
JG0139b	18	54501459	N:CC[T>G]CA	-1	793212.0	2628539462
JG0139b	18	54915685	T:CC[T>G]TA	1	414226.0	2628953688
JG0139b	18	54926087	U:CC[T>A]TG	-1	10402.0	2628964090
JG0139b	18	55245406	U:AC[T>A]CA	-1	319319.0	2629283409
JG0139b	18	55253398	U:CC[T>G]TA	-1	7992.0	2629291401
JG0139b	18	55331624	U:TC[T>G]CA	-1	78226.0	2629369627
JG0139b	18	55379689	T:TC[T>C]CA	1	48065.0	2629417692
JG0139b	18	55383029	U:TC[T>C]GA	-1	3340.0	2629421032
JG0139b	18	55519232	U:TC[T>A]CG	-1	136203.0	2629557235
JG0139b	18	55569571	T:TT[T>A]AA	1	50339.0	2629607574
JG0139b	18	56022558	N:AG[T>G]TA	1	452987.0	2630060561
JG0139b	18	56292172	N:CC[T>G]TC	-1	269614.0	2630330175
JG0139b	18	56973868	U:CC[T>C]CA	1	681696.0	2631011871
JG0139b	18	56990999	U:TC[T>C]CA	1	17131.0	2631029002
JG0139b	18	57365926	T:GC[T>G]AA	-1	374927.0	2631403929
JG0139b	18	57617011	U:AG[T>G]TT	-1	251085.0	2631655014
JG0139b	18	58162028	T:GT[T>G]TC	-1	545017.0	2632200031
JG0139b	18	58254192	T:GC[T>A]CT	-1	92164.0	2632292195
JG0139b	18	58591780	U:AG[T>G]TA	-1	337588.0	2632629783
JG0139b	18	58613754	U:TC[T>G]TT	-1	21974.0	2632651757
JG0139b	18	58817137	N:GC[T>C]GA	-1	203383.0	2632855140
JG0139b	18	59294882	T:AG[T>G]CT	1	477745.0	2633332885
JG0139b	18	59300767	T:TC[T>C]TG	1	5885.0	2633338770
JG0139b	18	59302791	T:AC[T>G]TG	1	2024.0	2633340794
JG0139b	18	59313095	T:AC[T>G]TG	1	10304.0	2633351098
JG0139b	18	59525762	T:AT[T>G]TT	1	212667.0	2633563765
JG0139b	18	60347626	N:AT[T>G]TA	1	821864.0	2634385629
JG0139b	18	60531391	N:AC[T>G]CT	-1	183765.0	2634569394
JG0139b	18	60908565	N:AC[T>C]TA	1	377174.0	2634946568
JG0139b	18	60938844	N:TC[T>C]GA	1	30279.0	2634976847
JG0139b	18	61799469	N:TC[T>C]TG	1	860625.0	2635837472
JG0139b	18	62225736	U:TC[T>A]TA	1	426267.0	2636263739
JG0139b	18	62413919	N:CC[T>G]TA	1	188183.0	2636451922
JG0139b	18	62689541	N:GC[T>G]TG	-1	275622.0	2636727544
JG0139b	18	63463510	N:CC[T>G]TC	-1	773969.0	2637501513
JG0139b	18	63680796	T:AC[T>C]CA	-1	217286.0	2637718799
JG0139b	18	63818376	N:AC[T>C]GG	1	137580.0	2637856379
JG0139b	18	64091289	N:AG[T>G]TT	-1	272913.0	2638129292
JG0139b	18	64152634	N:TC[T>C]CA	1	61345.0	2638190637
JG0139b	18	64504228	N:TC[T>C]CT	1	351594.0	2638542231
JG0139b	18	64604312	N:AC[T>C]CT	1	100084.0	2638642315
JG0139b	18	64885321	N:TC[T>C]CA	1	281009.0	2638923324
JG0139b	18	64921213	N:TC[T>G]TA	-1	35892.0	2638959216
JG0139b	18	66064321	N:GC[T>A]CA	1	1143108.0	2640102324
JG0139b	18	66173861	N:CC[T>A]TT	1	109540.0	2640211864
JG0139b	18	66272962	N:CC[T>G]TG	1	99101.0	2640310965
JG0139b	18	66442331	N:TA[T>G]TA	-1	169369.0	2640480334
JG0139b	18	66515505	T:TA[T>G]TA	1	73174.0	2640553508
JG0139b	18	67510225	U:AC[T>G]TT	-1	994720.0	2641548228
JG0139b	18	68486450	N:AC[T>C]TT	-1	976225.0	2642524453
JG0139b	18	68838810	T:TT[C>G]GT	-1	352360.0	2642876813
JG0139b	18	70209043	N:AT[C>A]AG	-1	1370233.0	2644247046
JG0139b	18	70767392	N:TC[T>C]CA	1	558349.0	2644805395
JG0139b	18	71297500	N:AA[T>G]TG	-1	530108.0	2645335503
JG0139b	18	71567832	N:AC[T>G]TA	1	270332.0	2645605835
JG0139b	18	72004433	N:TC[T>C]CG	1	436601.0	2646042436
JG0139b	18	72504080	N:AC[T>C]GA	1	499647.0	2646542083
JG0139b	18	72504598	N:TT[T>G]TA	1	518.0	2646542601
JG0139b	18	72536200	N:AG[T>G]CA	1	31602.0	2646574203
JG0139b	18	73220261	N:CC[T>G]TA	1	684061.0	2647258264
JG0139b	18	73687341	N:TC[T>G]AA	1	467080.0	2647725344
JG0139b	18	73852770	N:TC[T>C]CG	1	165429.0	2647890773
JG0139b	18	73885092	N:CC[T>G]TC	-1	32322.0	2647923095
JG0139b	18	74587211	N:GT[T>G]TC	-1	702119.0	2648625214
JG0139b	18	75002779	U:CC[T>A]GG	1	415568.0	2649040782
JG0139b	18	75119286	N:CC[T>G]TA	-1	116507.0	2649157289
JG0139b	18	75376426	N:AT[T>A]TA	1	257140.0	2649414429
JG0139b	18	75878732	N:TC[T>C]CA	1	502306.0	2649916735
JG0139b	18	75992062	N:GC[T>G]GA	-1	113330.0	2650030065
JG0139b	18	76056849	N:AT[T>C]AA	1	64787.0	2650094852
JG0139b	18	76088444	N:GG[T>G]TA	-1	31595.0	2650126447
JG0139b	18	76131668	N:AC[T>A]CA	-1	43224.0	2650169671
JG0139b	18	76238777	N:GA[T>G]TA	1	107109.0	2650276780
JG0139b	18	76419545	T:AC[T>C]GT	1	180768.0	2650457548
JG0139b	18	76862616	T:AC[T>C]CT	-1	443071.0	2650900619
JG0139b	18	77097033	U:AC[T>G]TC	-1	234417.0	2651135036
JG0139b	18	77206555	N:AC[T>C]TT	1	109522.0	2651244558
JG0139b	18	78176463	N:GG[T>A]GA	1	969908.0	2652214466
JG0139b	18	78298951	N:GG[T>C]CG	1	122488.0	2652336954
JG0139b	18	78477608	N:TC[T>C]AA	-1	178657.0	2652515611
JG0139b	18	78789361	N:TC[T>A]CG	1	311753.0	2652827364
JG0139b	18	78857186	N:AG[T>G]CA	1	67825.0	2652895189
JG0139b	18	79548002	N:AG[T>G]CA	-1	690816.0	2653586005
JG0139b	18	79903680	U:TC[T>G]GA	-1	355678.0	2653941683
JG0139b	18	80042659	U:GC[T>C]GC	1	138979.0	2654080662
JG0139b	19	240284	N:AC[T>G]TC	-1		2654651572
JG0139b	19	1129303	U:CC[T>G]TG	-1	889019.0	2655540591
JG0139b	19	2411045	T:GA[T>C]TA	-1	1281742.0	2656822333
JG0139b	19	2582530	T:GC[T>C]GG	1	171485.0	2656993818
JG0139b	19	2811128	U:TG[T>G]TT	1	228598.0	2657222416
JG0139b	19	2832308	U:CC[T>G]TG	1	21180.0	2657243596
JG0139b	19	2943000	T:TC[T>G]TG	1	110692.0	2657354288
JG0139b	19	3372909	T:GA[T>A]TG	-1	429909.0	2657784197
JG0139b	19	3374759	T:CC[T>G]CC	-1	1850.0	2657786047
JG0139b	19	4701216	T:TC[T>C]CA	1	1326457.0	2659112504
JG0139b	19	4972411	T:AC[T>G]CA	-1	271195.0	2659383699
JG0139b	19	5403693	N:CC[T>G]CA	-1	431282.0	2659814981
JG0139b	19	5656344	U:GC[T>C]CA	1	252651.0	2660067632
JG0139b	19	5816767	N:CC[T>G]TG	1	160423.0	2660228055
JG0139b	19	6008576	T:TG[T>G]TT	1	191809.0	2660419864
JG0139b	19	6044307	U:AC[T>G]GG	-1	35731.0	2660455595
JG0139b	19	6116425	U:CC[T>G]TA	-1	72118.0	2660527713
JG0139b	19	7113411	T:TC[T>G]CT	1	996986.0	2661524699
JG0139b	19	8864174	U:TC[T>G]GA	-1	1750763.0	2663275462
JG0139b	19	8955770	U:TC[T>C]CA	-1	91596.0	2663367058
JG0139b	19	8988810	N:TT[T>G]TA	1	33040.0	2663400098
JG0139b	19	9209873	N:TC[T>A]CG	1	221063.0	2663621161
JG0139b	19	9604364	N:GC[T>G]CA	-1	394491.0	2664015652
JG0139b	19	9920470	T:TC[T>G]CC	1	316106.0	2664331758
JG0139b	19	10306419	T:TA[T>A]TA	1	385949.0	2664717707
JG0139b	19	10582893	T:TC[T>C]TG	1	276474.0	2664994181
JG0139b	19	11515882	T:CC[T>G]CG	1	932989.0	2665927170
JG0139b	19	11875359	N:AC[T>G]TA	1	359477.0	2666286647
JG0139b	19	12208565	N:AC[T>G]CA	1	333206.0	2666619853
JG0139b	19	12261813	N:TC[T>C]AG	1	53248.0	2666673101
JG0139b	19	12404734	T:AC[T>C]CA	1	142921.0	2666816022
JG0139b	19	13494031	T:AC[T>G]TA	1	1089297.0	2667905319
JG0139b	19	13885939	T:AC[T>G]TC	1	391908.0	2668297227
JG0139b	19	14787783	N:GG[T>G]TG	-1	901844.0	2669199071
JG0139b	19	15273567	T:AT[T>G]TA	1	485784.0	2669684855
JG0139b	19	15502529	N:TC[T>G]TT	1	228962.0	2669913817
JG0139b	19	15533532	U:TC[T>C]TT	1	31003.0	2669944820
JG0139b	19	15815778	N:TG[C>G]TG	1	282246.0	2670227066
JG0139b	19	16125506	U:AG[T>G]CC	1	309728.0	2670536794
JG0139b	19	16385197	U:CC[T>G]TA	-1	259691.0	2670796485
JG0139b	19	17102824	U:AC[T>G]TG	1	717627.0	2671514112
JG0139b	19	17374485	U:GC[T>G]TT	-1	271661.0	2671785773
JG0139b	19	17534297	U:AC[T>G]TG	1	159812.0	2671945585
JG0139b	19	17747347	N:TC[T>G]GA	-1	213050.0	2672158635
JG0139b	19	17997501	U:GC[T>C]TG	1	250154.0	2672408789
JG0139b	19	19723604	U:AC[T>G]CA	-1	1726103.0	2674134892
JG0139b	19	19961650	N:TC[T>G]TA	-1	238046.0	2674372938
JG0139b	19	20046492	N:CT[C>T]AG	1	84842.0	2674457780
JG0139b	19	22489018	T:AC[T>G]CA	1	2442526.0	2676900306
JG0139b	19	23184220	N:GC[T>C]GT	-1	695202.0	2677595508
JG0139b	19	23284613	N:GT[T>G]CA	-1	100393.0	2677695901
JG0139b	19	23295621	N:AC[T>G]TA	-1	11008.0	2677706909
JG0139b	19	28606540	N:GG[T>G]TA	1	5310919.0	2683017828
JG0139b	19	28692040	N:AG[T>C]TT	1	85500.0	2683103328
JG0139b	19	28851400	N:TC[T>C]TA	1	159360.0	2683262688
JG0139b	19	29183015	N:GC[T>C]TC	1	331615.0	2683594303
JG0139b	19	29191665	N:GC[T>C]TG	1	8650.0	2683602953
JG0139b	19	29327795	N:AC[T>C]CA	1	136130.0	2683739083
JG0139b	19	29370059	N:AC[T>C]TT	1	42264.0	2683781347
JG0139b	19	29431655	N:TC[T>G]TG	1	61596.0	2683842943
JG0139b	19	29453336	N:TC[T>C]TG	1	21681.0	2683864624
JG0139b	19	29473971	N:TC[T>A]TA	1	20635.0	2683885259
JG0139b	19	29761837	N:GC[T>C]TC	1	287866.0	2684173125
JG0139b	19	29862519	N:TG[T>C]CA	-1	100682.0	2684273807
JG0139b	19	29909121	N:GC[T>A]TG	1	46602.0	2684320409
JG0139b	19	30409399	U:TG[T>G]TA	1	500278.0	2684820687
JG0139b	19	30919628	N:AC[T>C]TG	1	510229.0	2685330916
JG0139b	19	30978705	N:TC[T>C]TG	1	59077.0	2685389993
JG0139b	19	31181437	N:TC[T>A]CC	1	202732.0	2685592725
JG0139b	19	31185936	N:AC[T>C]CT	1	4499.0	2685597224
JG0139b	19	31554388	N:AA[T>G]TA	1	368452.0	2685965676
JG0139b	19	31924230	N:GC[T>C]TC	1	369842.0	2686335518
JG0139b	19	31952592	N:AC[T>G]TT	1	28362.0	2686363880
JG0139b	19	31956520	N:AC[T>A]CC	1	3928.0	2686367808
JG0139b	19	31961896	N:AC[T>C]CA	1	5376.0	2686373184
JG0139b	19	32010985	N:TG[T>G]TG	1	49089.0	2686422273
JG0139b	19	32015530	N:AG[T>C]CA	1	4545.0	2686426818
JG0139b	19	32025741	N:TC[T>C]TG	1	10211.0	2686437029
JG0139b	19	32741654	U:CC[T>G]TT	1	715913.0	2687152942
JG0139b	19	32751479	U:TC[T>A]TG	1	9825.0	2687162767
JG0139b	19	34063187	N:AC[T>G]TG	1	1311708.0	2688474475
JG0139b	19	34521207	N:TT[T>G]TT	-1	458020.0	2688932495
JG0139b	19	34727403	N:TC[T>G]TA	-1	206196.0	2689138691
JG0139b	19	34745391	N:GA[T>G]TA	1	17988.0	2689156679
JG0139b	19	34749605	N:GG[T>C]GG	1	4214.0	2689160893
JG0139b	19	34976751	N:AC[T>C]TG	1	227146.0	2689388039
JG0139b	19	35480805	N:TC[T>C]TC	1	504054.0	2689892093
JG0139b	19	35569800	N:TC[T>C]TC	1	88995.0	2689981088
JG0139b	19	35577126	N:GG[T>C]GG	1	7326.0	2689988414
JG0139b	19	36159560	N:AC[T>G]CG	-1	582434.0	2690570848
JG0139b	19	36502314	N:GC[T>C]CA	1	342754.0	2690913602
JG0139b	19	36648830	T:GC[T>G]TC	1	146516.0	2691060118
JG0139b	19	36677860	N:TC[T>G]TG	1	29030.0	2691089148
JG0139b	19	36940277	U:TC[T>C]TA	1	262417.0	2691351565
JG0139b	19	37040210	U:AC[T>A]TG	1	99933.0	2691451498
JG0139b	19	37056067	U:TC[T>G]CT	1	15857.0	2691467355
JG0139b	19	37056519	U:TG[T>C]CT	1	452.0	2691467807
JG0139b	19	37128376	U:AC[T>C]TA	1	71857.0	2691539664
JG0139b	19	37201840	T:TA[T>G]TT	1	73464.0	2691613128
JG0139b	19	37213045	N:TC[T>C]TG	1	11205.0	2691624333
JG0139b	19	37612174	U:TC[T>C]TA	1	399129.0	2692023462
JG0139b	19	37668445	T:TC[T>C]CA	1	56271.0	2692079733
JG0139b	19	37678726	T:TC[T>G]CA	1	10281.0	2692090014
JG0139b	19	37729974	N:AC[T>C]CC	1	51248.0	2692141262
JG0139b	19	37740466	T:CG[T>G]CA	1	10492.0	2692151754
JG0139b	19	37757923	T:TC[T>C]CA	1	17457.0	2692169211
JG0139b	19	37759619	T:AC[T>A]CG	1	1696.0	2692170907
JG0139b	19	37830146	N:GG[T>A]TG	1	70527.0	2692241434
JG0139b	19	37873567	N:AC[T>G]GA	1	43421.0	2692284855
JG0139b	19	37886670	T:TC[T>G]TC	1	13103.0	2692297958
JG0139b	19	38878887	U:CC[T>C]CA	-1	992217.0	2693290175
JG0139b	19	38931668	B:AC[T>G]TG	-1	52781.0	2693342956
JG0139b	19	39775641	N:TC[T>C]CC	1	843973.0	2694186929
JG0139b	19	39907759	N:GG[T>C]CA	1	132118.0	2694319047
JG0139b	19	39950332	N:TC[T>G]TC	1	42573.0	2694361620
JG0139b	19	39999018	U:AC[T>G]TG	1	48686.0	2694410306
JG0139b	19	40253835	T:AC[T>G]TG	1	254817.0	2694665123
JG0139b	19	40984147	N:CC[T>A]CC	-1	730312.0	2695395435
JG0139b	19	41212450	N:TC[T>C]CA	1	228303.0	2695623738
JG0139b	19	41457692	N:AC[T>G]GA	1	245242.0	2695868980
JG0139b	19	41486757	N:CC[T>G]TG	-1	29065.0	2695898045
JG0139b	19	41626544	U:CC[T>G]CA	-1	139787.0	2696037832
JG0139b	19	41704393	N:GG[T>C]GG	1	77849.0	2696115681
JG0139b	19	41716935	U:TC[T>A]GA	1	12542.0	2696128223
JG0139b	19	41729376	U:AC[T>C]CG	1	12441.0	2696140664
JG0139b	19	41739236	U:TT[T>G]TA	1	9860.0	2696150524
JG0139b	19	41859298	N:TG[T>G]TA	-1	120062.0	2696270586
JG0139b	19	42050457	U:TC[T>G]TG	-1	191159.0	2696461745
JG0139b	19	42192454	T:TC[T>G]TG	1	141997.0	2696603742
JG0139b	19	42211020	U:TC[T>G]CG	-1	18566.0	2696622308
JG0139b	19	42501085	N:TC[T>G]TG	-1	290065.0	2696912373
JG0139b	19	42605440	N:TC[T>G]TT	-1	104355.0	2697016728
JG0139b	19	42787328	T:TC[T>C]TT	1	181888.0	2697198616
JG0139b	19	42884157	N:GC[T>G]TT	1	96829.0	2697295445
JG0139b	19	42959789	N:CC[T>C]TC	1	75632.0	2697371077
JG0139b	19	42970929	N:AA[C>T]TT	-1	11140.0	2697382217
JG0139b	19	43010108	U:TG[T>G]TC	-1	39179.0	2697421396
JG0139b	19	43030984	N:AC[T>G]TT	1	20876.0	2697442272
JG0139b	19	43103965	N:CC[T>C]TA	1	72981.0	2697515253
JG0139b	19	43148064	N:TC[T>A]TG	1	44099.0	2697559352
JG0139b	19	43494359	U:CC[T>G]TA	-1	346295.0	2697905647
JG0139b	19	43692875	N:CC[T>G]CC	-1	198516.0	2698104163
JG0139b	19	44034741	N:TC[T>A]TG	1	341866.0	2698446029
JG0139b	19	45107066	U:CC[T>A]TG	1	1072325.0	2699518354
JG0139b	19	45297253	U:CC[T>C]TG	1	190187.0	2699708541
JG0139b	19	46201534	N:GG[T>G]TG	-1	904281.0	2700612822
JG0139b	19	46616657	N:AG[T>G]GA	-1	415123.0	2701027945
JG0139b	19	48427928	U:CC[T>G]TC	1	1811271.0	2702839216
JG0139b	19	49334239	N:AC[T>G]TT	1	906311.0	2703745527
JG0139b	19	50427717	U:TC[T>C]TT	1	1093478.0	2704839005
JG0139b	19	50674977	U:AG[T>G]GA	-1	247260.0	2705086265
JG0139b	19	50734605	N:CC[T>G]GA	-1	59628.0	2705145893
JG0139b	19	50803400	T:GC[T>C]TG	1	68795.0	2705214688
JG0139b	19	50808340	N:TC[T>G]TA	1	4940.0	2705219628
JG0139b	19	51023780	U:TC[T>G]TC	-1	215440.0	2705435068
JG0139b	19	51396477	N:AG[T>G]TA	-1	372697.0	2705807765
JG0139b	19	51718787	T:CC[T>C]CA	1	322310.0	2706130075
JG0139b	19	51838191	N:AC[T>A]TA	1	119404.0	2706249479
JG0139b	19	51858465	N:GG[T>C]CA	1	20274.0	2706269753
JG0139b	19	51914178	N:CC[T>C]CC	1	55713.0	2706325466
JG0139b	19	51925501	N:GC[T>A]GG	1	11323.0	2706336789
JG0139b	19	52039178	T:AC[T>C]TG	1	113677.0	2706450466
JG0139b	19	52139151	T:TC[T>C]TT	1	99973.0	2706550439
JG0139b	19	52764687	T:TA[T>G]TT	1	625536.0	2707175975
JG0139b	19	52873173	N:TC[T>G]CT	1	108486.0	2707284461
JG0139b	19	53470471	U:TC[T>G]TC	1	597298.0	2707881759
JG0139b	19	53543567	U:CC[T>A]TA	1	73096.0	2707954855
JG0139b	19	53578868	U:TC[T>C]TG	1	35301.0	2707990156
JG0139b	19	53674616	N:TC[T>C]CA	1	95748.0	2708085904
JG0139b	19	53690020	N:GC[T>C]GG	1	15404.0	2708101308
JG0139b	19	53698703	N:AT[C>A]TC	1	8683.0	2708109991
JG0139b	19	53715905	N:TC[T>C]TG	1	17202.0	2708127193
JG0139b	19	53719216	N:TC[T>C]TT	1	3311.0	2708130504
JG0139b	19	53720098	N:TC[T>C]CA	1	882.0	2708131386
JG0139b	19	53725239	N:AC[T>G]CA	1	5141.0	2708136527
JG0139b	19	53726944	N:AC[T>C]TT	1	1705.0	2708138232
JG0139b	19	53730625	N:TC[T>G]TC	1	3681.0	2708141913
JG0139b	19	53742542	N:AC[T>G]TT	1	11917.0	2708153830
JG0139b	19	53847810	N:AA[T>G]TG	1	105268.0	2708259098
JG0139b	19	53992713	U:AC[T>G]TT	1	144903.0	2708404001
JG0139b	19	54055975	T:GG[T>C]TA	1	63262.0	2708467263
JG0139b	19	54835762	N:AG[T>C]GG	1	779787.0	2709247050
JG0139b	19	54904915	N:TC[T>C]TG	1	69153.0	2709316203
JG0139b	19	55005454	N:AG[T>G]TA	-1	100539.0	2709416742
JG0139b	19	55044152	N:CC[T>C]CG	1	38698.0	2709455440
JG0139b	19	55142663	T:CC[T>C]CA	1	98511.0	2709553951
JG0139b	19	55315308	T:AC[T>C]CC	1	172645.0	2709726596
JG0139b	19	55910494	T:AC[T>A]CA	1	595186.0	2710321782
JG0139b	19	56051170	U:AC[T>G]TA	1	140676.0	2710462458
JG0139b	19	56440851	T:TC[T>C]TG	1	389681.0	2710852139
JG0139b	19	56446648	T:AG[T>A]TG	1	5797.0	2710857936
JG0139b	19	56790526	T:AC[T>C]TA	1	343878.0	2711201814
JG0139b	19	56790527	T:CT[T>A]AT	1	1.0	2711201815
JG0139b	19	56801186	T:CC[T>C]CG	1	10659.0	2711212474
JG0139b	19	57293611	N:TC[T>C]TT	1	492425.0	2711704899
JG0139b	19	57306984	N:TC[T>C]CA	1	13373.0	2711718272
JG0139b	19	57316160	N:CC[T>G]TT	1	9176.0	2711727448
JG0139b	19	57318750	N:GC[T>C]AG	1	2590.0	2711730038
JG0139b	19	57327098	U:GG[T>A]TC	1	8348.0	2711738386
JG0139b	19	57687944	T:CC[T>G]TT	-1	360846.0	2712099232
JG0139b	19	58058540	N:GC[T>C]GA	1	370596.0	2712469828
JG0139b	20	100296	N:TC[T>C]TC	1		2713129200
JG0139b	20	573196	N:AC[T>A]TA	-1	472900.0	2713602100
JG0139b	20	745532	N:TC[T>G]GA	1	172336.0	2713774436
JG0139b	20	936618	N:AC[T>C]CC	1	191086.0	2713965522
JG0139b	20	1212445	N:GG[T>C]GT	1	275827.0	2714241349
JG0139b	20	1343863	N:AC[T>G]TT	-1	131418.0	2714372767
JG0139b	20	1532651	N:TA[T>G]TA	1	188788.0	2714561555
JG0139b	20	1756779	N:CG[T>G]TA	-1	224128.0	2714785683
JG0139b	20	3497384	U:GC[T>G]TG	1	1740605.0	2716526288
JG0139b	20	4000750	T:GC[T>G]TA	1	503366.0	2717029654
JG0139b	20	4060684	N:GG[T>G]CA	1	59934.0	2717089588
JG0139b	20	4184642	U:AG[T>G]TC	1	123958.0	2717213546
JG0139b	20	4213032	N:AC[T>C]TC	1	28390.0	2717241936
JG0139b	20	4243322	T:CA[C>G]TC	1	30290.0	2717272226
JG0139b	20	4339736	N:GG[T>A]TT	1	96414.0	2717368640
JG0139b	20	4353546	N:GC[T>A]TG	1	13810.0	2717382450
JG0139b	20	4500594	N:AC[T>C]TG	1	147048.0	2717529498
JG0139b	20	4504115	N:AG[T>A]TG	1	3521.0	2717533019
JG0139b	20	4532522	N:TC[T>C]TA	1	28407.0	2717561426
JG0139b	20	4549829	N:CC[T>G]TA	1	17307.0	2717578733
JG0139b	20	4606007	N:AC[T>G]TA	1	56178.0	2717634911
JG0139b	20	5766419	U:TC[T>A]CA	1	1160412.0	2718795323
JG0139b	20	5827331	U:TC[T>C]TG	1	60912.0	2718856235
JG0139b	20	5863593	U:GG[T>G]TA	1	36262.0	2718892497
JG0139b	20	6491593	N:GC[T>G]TG	-1	628000.0	2719520497
JG0139b	20	6499891	N:AC[T>C]TG	1	8298.0	2719528795
JG0139b	20	6897974	N:AC[C>A]TG	-1	398083.0	2719926878
JG0139b	20	6957383	N:TC[T>G]TT	1	59409.0	2719986287
JG0139b	20	7042710	N:AA[T>G]TA	-1	85327.0	2720071614
JG0139b	20	7249070	N:TC[T>C]CA	1	206360.0	2720277974
JG0139b	20	7469466	N:TC[T>C]TG	1	220396.0	2720498370
JG0139b	20	7507334	N:GG[T>G]GA	-1	37868.0	2720536238
JG0139b	20	7665990	N:TC[T>C]CA	1	158656.0	2720694894
JG0139b	20	7751206	N:GC[T>A]TG	1	85216.0	2720780110
JG0139b	20	7752304	N:TC[T>C]TA	1	1098.0	2720781208
JG0139b	20	7781829	N:AC[T>G]TT	1	29525.0	2720810733
JG0139b	20	7808564	N:GG[T>C]CC	1	26735.0	2720837468
JG0139b	20	8209396	U:TC[T>G]TA	1	400832.0	2721238300
JG0139b	20	8472999	U:AC[T>C]TA	1	263603.0	2721501903
JG0139b	20	8574137	U:GC[T>C]TA	1	101138.0	2721603041
JG0139b	20	8611287	U:TC[T>G]TC	1	37150.0	2721640191
JG0139b	20	9136530	U:AC[T>C]TG	1	525243.0	2722165434
JG0139b	20	9274551	U:AG[T>C]TA	1	138021.0	2722303455
JG0139b	20	9555657	T:TC[T>G]TC	1	281106.0	2722584561
JG0139b	20	9593034	T:GC[T>A]CA	1	37377.0	2722621938
JG0139b	20	9613185	T:GC[T>C]TG	1	20151.0	2722642089
JG0139b	20	9630297	T:AC[T>A]TA	1	17112.0	2722659201
JG0139b	20	9636667	T:AC[T>C]TC	1	6370.0	2722665571
JG0139b	20	9645435	T:AC[T>A]CA	1	8768.0	2722674339
JG0139b	20	9855721	N:GA[T>G]TT	1	210286.0	2722884625
JG0139b	20	9901342	N:GC[T>C]TA	1	45621.0	2722930246
JG0139b	20	9965616	N:AC[T>A]TA	1	64274.0	2722994520
JG0139b	20	10083910	N:GC[T>G]TG	1	118294.0	2723112814
JG0139b	20	10093838	N:TC[T>A]TA	1	9928.0	2723122742
JG0139b	20	10143543	N:TG[T>C]TT	1	49705.0	2723172447
JG0139b	20	10148416	N:TC[T>C]TA	1	4873.0	2723177320
JG0139b	20	10176658	N:CC[T>A]CA	1	28242.0	2723205562
JG0139b	20	10275777	U:TC[T>C]CA	1	99119.0	2723304681
JG0139b	20	10464220	U:CC[T>C]TA	1	188443.0	2723493124
JG0139b	20	10515334	U:AC[T>G]TC	1	51114.0	2723544238
JG0139b	20	11053065	N:AC[T>G]TT	1	537731.0	2724081969
JG0139b	20	11113444	N:AC[T>C]TG	1	60379.0	2724142348
JG0139b	20	11121617	N:TC[T>C]TT	1	8173.0	2724150521
JG0139b	20	11460774	N:AC[T>A]TT	1	339157.0	2724489678
JG0139b	20	11736147	N:TC[T>G]TC	1	275373.0	2724765051
JG0139b	20	11796936	N:AC[T>G]CA	1	60789.0	2724825840
JG0139b	20	11826446	N:AC[T>C]TG	1	29510.0	2724855350
JG0139b	20	11952485	N:AC[T>G]TG	1	126039.0	2724981389
JG0139b	20	12070667	N:CC[T>G]TA	1	118182.0	2725099571
JG0139b	20	12100712	N:TC[T>C]TA	1	30045.0	2725129616
JG0139b	20	12192810	N:TC[T>A]TG	1	92098.0	2725221714
JG0139b	20	12437041	N:AC[T>C]TA	1	244231.0	2725465945
JG0139b	20	12506938	N:TC[T>C]CT	1	69897.0	2725535842
JG0139b	20	12530981	N:AG[T>G]TA	1	24043.0	2725559885
JG0139b	20	12534528	N:CC[T>G]TA	1	3547.0	2725563432
JG0139b	20	12572552	N:AC[T>G]TA	1	38024.0	2725601456
JG0139b	20	12592588	N:TG[T>C]AA	1	20036.0	2725621492
JG0139b	20	12725969	N:GC[T>G]TT	1	133381.0	2725754873
JG0139b	20	13052519	T:GG[T>C]GC	-1	326550.0	2726081423
JG0139b	20	13112632	U:AC[T>C]TT	1	60113.0	2726141536
JG0139b	20	13368873	N:AC[T>C]TG	1	256241.0	2726397777
JG0139b	20	13381182	N:GC[T>C]TG	1	12309.0	2726410086
JG0139b	20	13463276	T:TC[T>G]TT	1	82094.0	2726492180
JG0139b	20	13872724	T:AC[T>C]CA	1	409448.0	2726901628
JG0139b	20	13881796	T:AC[T>G]TA	1	9072.0	2726910700
JG0139b	20	13896695	T:AC[T>G]TA	1	14899.0	2726925599
JG0139b	20	13939782	T:CC[T>C]CA	1	43087.0	2726968686
JG0139b	20	13972857	T:TA[T>G]TT	1	33075.0	2727001761
JG0139b	20	14002631	U:AC[T>C]TT	1	29774.0	2727031535
JG0139b	20	14149057	U:GG[T>C]GC	1	146426.0	2727177961
JG0139b	20	14241128	U:AG[T>G]TT	1	92071.0	2727270032
JG0139b	20	14660025	T:TC[T>C]CA	-1	418897.0	2727688929
JG0139b	20	15254416	U:GC[T>A]TA	1	594391.0	2728283320
JG0139b	20	15304945	U:TC[T>C]GA	1	50529.0	2728333849
JG0139b	20	15462936	U:TA[T>C]TC	1	157991.0	2728491840
JG0139b	20	15463097	U:TC[T>A]CA	1	161.0	2728492001
JG0139b	20	15491721	T:TC[T>G]AA	-1	28624.0	2728520625
JG0139b	20	15494125	U:GC[T>A]TG	1	2404.0	2728523029
JG0139b	20	15685335	U:GC[T>C]TT	1	191210.0	2728714239
JG0139b	20	15714314	U:AG[T>G]CC	1	28979.0	2728743218
JG0139b	20	15753397	U:AC[T>G]TA	1	39083.0	2728782301
JG0139b	20	15862136	U:AC[T>G]TA	1	108739.0	2728891040
JG0139b	20	15882372	U:AC[T>C]TG	1	20236.0	2728911276
JG0139b	20	15960306	U:AC[T>C]TG	1	77934.0	2728989210
JG0139b	20	15991398	U:TC[T>C]TA	1	31092.0	2729020302
JG0139b	20	16012230	U:AC[T>G]TA	1	20832.0	2729041134
JG0139b	20	16040489	U:AC[T>G]TA	1	28259.0	2729069393
JG0139b	20	16081504	N:TG[T>G]GG	1	41015.0	2729110408
JG0139b	20	16147914	N:TC[T>G]TC	1	66410.0	2729176818
JG0139b	20	16153241	N:TC[T>G]TT	1	5327.0	2729182145
JG0139b	20	16322609	T:TC[T>C]CA	1	169368.0	2729351513
JG0139b	20	16580558	N:TG[T>G]TG	-1	257949.0	2729609462
JG0139b	20	16682119	N:CC[T>G]TG	1	101561.0	2729711023
JG0139b	20	16688449	N:CC[T>G]TC	1	6330.0	2729717353
JG0139b	20	16770665	N:GC[T>C]CA	1	82216.0	2729799569
JG0139b	20	17047185	N:AC[T>C]GG	1	276520.0	2730076089
JG0139b	20	17051132	N:TC[T>G]TA	1	3947.0	2730080036
JG0139b	20	17102102	N:GC[T>C]TG	1	50970.0	2730131006
JG0139b	20	17132635	N:AC[T>C]TA	1	30533.0	2730161539
JG0139b	20	17181286	N:AC[T>G]TG	1	48651.0	2730210190
JG0139b	20	17200854	N:AG[T>G]TT	1	19568.0	2730229758
JG0139b	20	17221625	N:AC[T>C]TC	1	20771.0	2730250529
JG0139b	20	17264574	U:TC[T>C]TG	1	42949.0	2730293478
JG0139b	20	17279436	U:AT[T>G]TT	1	14862.0	2730308340
JG0139b	20	17311137	U:CC[T>G]TG	1	31701.0	2730340041
JG0139b	20	18202920	N:CC[T>G]TG	1	891783.0	2731231824
JG0139b	20	18693117	U:AC[T>A]CC	1	490197.0	2731722021
JG0139b	20	18918010	N:AC[T>C]CC	1	224893.0	2731946914
JG0139b	20	19029382	N:AG[T>A]TG	1	111372.0	2732058286
JG0139b	20	19062464	N:GG[T>G]TG	1	33082.0	2732091368
JG0139b	20	19139874	N:GA[T>G]TA	1	77410.0	2732168778
JG0139b	20	19302770	U:AC[T>G]CT	1	162896.0	2732331674
JG0139b	20	19318218	T:GC[T>C]TG	-1	15448.0	2732347122
JG0139b	20	19522236	U:AC[T>C]TG	1	204018.0	2732551140
JG0139b	20	19572491	U:TC[T>A]CA	1	50255.0	2732601395
JG0139b	20	19574540	U:GC[T>C]TG	1	2049.0	2732603444
JG0139b	20	19593252	U:TC[T>G]TA	1	18712.0	2732622156
JG0139b	20	19690927	U:TC[T>C]CA	1	97675.0	2732719831
JG0139b	20	19729569	N:TC[T>C]CC	1	38642.0	2732758473
JG0139b	20	19840112	N:AG[T>G]TA	1	110543.0	2732869016
JG0139b	20	19866762	N:GA[T>C]TA	1	26650.0	2732895666
JG0139b	20	20250445	U:TC[T>G]TT	1	383683.0	2733279349
JG0139b	20	20312991	U:AC[T>C]GA	1	62546.0	2733341895
JG0139b	20	20348573	U:TC[T>G]TA	1	35582.0	2733377477
JG0139b	20	20519238	T:GC[T>A]CA	1	170665.0	2733548142
JG0139b	20	20676232	T:AC[T>G]TA	1	156994.0	2733705136
JG0139b	20	20832666	N:AC[T>C]CT	1	156434.0	2733861570
JG0139b	20	20959396	N:TG[T>G]TA	-1	126730.0	2733988300
JG0139b	20	20981317	N:AC[T>G]TA	1	21921.0	2734010221
JG0139b	20	21088528	N:TC[T>C]TG	1	107211.0	2734117432
JG0139b	20	21090751	N:TC[T>C]CC	1	2223.0	2734119655
JG0139b	20	21158730	U:AC[T>G]TT	1	67979.0	2734187634
JG0139b	20	21431755	N:GA[T>C]TA	1	273025.0	2734460659
JG0139b	20	21644493	N:AC[T>A]CA	1	212738.0	2734673397
JG0139b	20	21649297	N:TG[T>G]TA	-1	4804.0	2734678201
JG0139b	20	21673385	N:TC[T>A]CA	1	24088.0	2734702289
JG0139b	20	21754779	N:TC[T>G]TG	-1	81394.0	2734783683
JG0139b	20	21828342	N:AC[T>C]TG	1	73563.0	2734857246
JG0139b	20	21828821	N:CG[T>C]TG	1	479.0	2734857725
JG0139b	20	22010586	N:AG[T>A]TG	1	181765.0	2735039490
JG0139b	20	22163726	N:AG[T>G]TA	1	153140.0	2735192630
JG0139b	20	22380305	N:TC[T>G]TG	1	216579.0	2735409209
JG0139b	20	22388053	N:AG[C>A]TA	1	7748.0	2735416957
JG0139b	20	22398710	N:AC[T>C]CT	1	10657.0	2735427614
JG0139b	20	22533242	N:GC[T>C]AT	1	134532.0	2735562146
JG0139b	20	23932790	N:GA[T>G]TA	1	1399548.0	2736961694
JG0139b	20	24494530	U:AC[T>G]CA	1	561740.0	2737523434
JG0139b	20	24663469	U:CC[T>C]TC	1	168939.0	2737692373
JG0139b	20	24668329	N:CA[T>A]CA	1	4860.0	2737697233
JG0139b	20	24741129	N:GC[T>C]CA	1	72800.0	2737770033
JG0139b	20	24899673	N:TG[T>A]CA	1	158544.0	2737928577
JG0139b	20	25570384	T:TC[T>C]CA	1	670711.0	2738599288
JG0139b	20	25979382	N:TC[T>A]TT	-1	408998.0	2739008286
JG0139b	20	25992773	N:AC[T>C]TG	1	13391.0	2739021677
JG0139b	20	26203361	N:AG[T>G]TT	1	210588.0	2739232265
JG0139b	20	30296239	N:AC[T>C]CC	1	4092878.0	2743325143
JG0139b	20	30542659	N:TC[T>A]CC	1	246420.0	2743571563
JG0139b	20	30614082	N:TC[T>G]GA	1	71423.0	2743642986
JG0139b	20	30970416	N:TC[T>A]TT	1	356334.0	2743999320
JG0139b	20	31371575	U:TG[T>G]TT	1	401159.0	2744400479
JG0139b	20	31519706	U:AC[T>G]GG	1	148131.0	2744548610
JG0139b	20	32961228	T:TC[T>C]TG	-1	1441522.0	2745990132
JG0139b	20	33466205	N:AG[T>G]AA	1	504977.0	2746495109
JG0139b	20	35236183	U:TT[T>G]TA	1	1769978.0	2748265087
JG0139b	20	37524950	U:AG[T>G]TT	-1	2288767.0	2750553854
JG0139b	20	37791228	U:TC[T>C]TT	1	266278.0	2750820132
JG0139b	20	38376867	U:GC[T>G]TC	1	585639.0	2751405771
JG0139b	20	38387192	N:TC[T>A]TA	-1	10325.0	2751416096
JG0139b	20	38439632	N:AC[T>G]TA	1	52440.0	2751468536
JG0139b	20	38578735	U:CG[T>C]CG	1	139103.0	2751607639
JG0139b	20	38688447	N:AC[T>C]CT	1	109712.0	2751717351
JG0139b	20	39074098	N:TC[T>A]TT	1	385651.0	2752103002
JG0139b	20	39417385	N:TC[T>C]GA	-1	343287.0	2752446289
JG0139b	20	39733808	N:AC[T>C]TT	-1	316423.0	2752762712
JG0139b	20	39839100	N:TC[T>G]TA	-1	105292.0	2752868004
JG0139b	20	39964881	N:TC[T>C]TG	-1	125781.0	2752993785
JG0139b	20	40278867	N:CG[T>C]GG	-1	313986.0	2753307771
JG0139b	20	40285352	N:TC[T>C]TG	-1	6485.0	2753314256
JG0139b	20	40424246	N:AC[T>G]TA	1	138894.0	2753453150
JG0139b	20	40522893	N:AC[T>C]TG	1	98647.0	2753551797
JG0139b	20	40581322	N:TC[T>A]TT	-1	58429.0	2753610226
JG0139b	20	40676377	N:TC[T>C]CT	1	95055.0	2753705281
JG0139b	20	40701194	N:CT[C>A]TT	1	24817.0	2753730098
JG0139b	20	40708113	N:AC[T>G]TA	1	6919.0	2753737017
JG0139b	20	40723089	N:TC[T>A]TG	1	14976.0	2753751993
JG0139b	20	40753185	N:CC[T>A]CT	1	30096.0	2753782089
JG0139b	20	40760604	N:GC[T>A]CT	1	7419.0	2753789508
JG0139b	20	40787006	N:TC[T>A]TG	-1	26402.0	2753815910
JG0139b	20	40810170	N:TC[T>G]AA	1	23164.0	2753839074
JG0139b	20	40992276	N:CC[T>G]TC	1	182106.0	2754021180
JG0139b	20	41162855	U:TC[T>G]TG	1	170579.0	2754191759
JG0139b	20	41262321	T:AC[T>G]TG	1	99466.0	2754291225
JG0139b	20	41295039	T:AC[T>G]TA	1	32718.0	2754323943
JG0139b	20	41332061	N:GG[T>G]GG	-1	37022.0	2754360965
JG0139b	20	41634327	N:TC[T>G]TA	1	302266.0	2754663231
JG0139b	20	41749750	N:AT[T>G]TT	-1	115423.0	2754778654
JG0139b	20	41778271	N:CA[T>G]TG	1	28521.0	2754807175
JG0139b	20	41787346	N:AC[T>G]TA	-1	9075.0	2754816250
JG0139b	20	41846118	N:TG[T>G]TC	1	58772.0	2754875022
JG0139b	20	41867035	N:AG[T>G]TA	1	20917.0	2754895939
JG0139b	20	41964230	N:AC[T>C]CA	1	97195.0	2754993134
JG0139b	20	42158400	T:TC[T>C]GA	1	194170.0	2755187304
JG0139b	20	42364450	T:AC[T>G]TA	1	206050.0	2755393354
JG0139b	20	42407516	T:AC[T>A]TA	1	43066.0	2755436420
JG0139b	20	43081909	T:TA[T>G]TA	1	674393.0	2756110813
JG0139b	20	43141328	T:AG[T>C]TA	1	59419.0	2756170232
JG0139b	20	43204192	N:TC[T>C]TA	-1	62864.0	2756233096
JG0139b	20	43213046	N:AG[T>C]CA	-1	8854.0	2756241950
JG0139b	20	43217727	N:GC[T>C]TG	1	4681.0	2756246631
JG0139b	20	43238682	N:AC[T>G]TC	1	20955.0	2756267586
JG0139b	20	43251347	N:AC[T>G]TG	1	12665.0	2756280251
JG0139b	20	43326503	N:GC[T>A]GG	1	75156.0	2756355407
JG0139b	20	43537446	T:CC[T>G]TA	-1	210943.0	2756566350
JG0139b	20	43922245	T:TG[T>G]TA	-1	384799.0	2756951149
JG0139b	20	44256381	T:AC[T>C]CT	-1	334136.0	2757285285
JG0139b	20	44850896	N:CC[T>G]TC	1	594515.0	2757879800
JG0139b	20	44998805	U:GC[T>A]CA	1	147909.0	2758027709
JG0139b	20	45232725	N:GG[C>A]TA	-1	233920.0	2758261629
JG0139b	20	45254075	U:AC[T>C]TC	-1	21350.0	2758282979
JG0139b	20	45445334	U:AC[T>G]TT	1	191259.0	2758474238
JG0139b	20	45464688	N:CC[T>A]CC	1	19354.0	2758493592
JG0139b	20	45475517	U:TC[T>G]AA	1	10829.0	2758504421
JG0139b	20	46172322	N:AC[T>G]TG	1	696805.0	2759201226
JG0139b	20	46449919	N:CC[T>A]TG	1	277597.0	2759478823
JG0139b	20	46759667	N:AC[T>A]TA	-1	309748.0	2759788571
JG0139b	20	47233793	U:AC[T>G]TA	-1	474126.0	2760262697
JG0139b	20	47529521	U:TC[T>C]TG	1	295728.0	2760558425
JG0139b	20	47743545	U:AC[T>G]TG	-1	214024.0	2760772449
JG0139b	20	48005540	N:TC[T>C]CA	-1	261995.0	2761034444
JG0139b	20	48022971	N:AC[T>G]TT	1	17431.0	2761051875
JG0139b	20	48344925	N:TC[T>G]TC	1	321954.0	2761373829
JG0139b	20	48358668	N:TC[T>C]CA	-1	13743.0	2761387572
JG0139b	20	48560917	N:CC[T>A]TG	1	202249.0	2761589821
JG0139b	20	48561243	N:AC[T>C]TA	1	326.0	2761590147
JG0139b	20	48919823	N:AC[T>A]TG	1	358580.0	2761948727
JG0139b	20	49344321	U:TC[T>G]TA	-1	424498.0	2762373225
JG0139b	20	49518526	T:TC[T>C]TA	1	174205.0	2762547430
JG0139b	20	49544049	T:TC[T>G]TG	1	25523.0	2762572953
JG0139b	20	51128851	N:AC[T>C]TG	1	1584802.0	2764157755
JG0139b	20	51137196	N:GA[T>A]TA	1	8345.0	2764166100
JG0139b	20	51159674	N:TC[T>G]CA	1	22478.0	2764188578
JG0139b	20	51572698	N:AC[T>G]TA	1	413024.0	2764601602
JG0139b	20	51622296	T:AC[T>A]CA	1	49598.0	2764651200
JG0139b	20	51885707	N:GG[C>A]AT	1	263411.0	2764914611
JG0139b	20	52075377	T:TC[T>C]CA	1	189670.0	2765104281
JG0139b	20	52178830	T:AA[T>G]TC	1	103453.0	2765207734
JG0139b	20	52345895	N:AC[T>C]TA	-1	167065.0	2765374799
JG0139b	20	52448981	N:TC[T>G]GA	1	103086.0	2765477885
JG0139b	20	52524807	N:GG[T>C]CA	-1	75826.0	2765553711
JG0139b	20	52609951	N:AC[T>G]TC	1	85144.0	2765638855
JG0139b	20	52777794	N:TC[T>C]TA	-1	167843.0	2765806698
JG0139b	20	52937120	N:TC[T>C]GC	-1	159326.0	2765966024
JG0139b	20	52960990	N:AC[T>C]TG	1	23870.0	2765989894
JG0139b	20	52968883	N:TC[T>C]GG	1	7893.0	2765997787
JG0139b	20	53031307	T:AC[T>G]CA	-1	62424.0	2766060211
JG0139b	20	53143169	U:AG[T>C]GA	1	111862.0	2766172073
JG0139b	20	53234259	T:AA[T>G]TT	-1	91090.0	2766263163
JG0139b	20	53278573	U:AC[T>C]AA	1	44314.0	2766307477
JG0139b	20	53358508	U:AC[T>G]TT	1	79935.0	2766387412
JG0139b	20	53460670	U:TC[T>G]TT	1	102162.0	2766489574
JG0139b	20	53462137	U:TC[T>A]CA	1	1467.0	2766491041
JG0139b	20	53839692	N:AC[T>G]TT	-1	377555.0	2766868596
JG0139b	20	54120718	N:CG[T>A]GA	1	281026.0	2767149622
JG0139b	20	54455082	N:GC[T>G]TT	1	334364.0	2767483986
JG0139b	20	54489590	U:TC[C>A]TT	1	34508.0	2767518494
JG0139b	20	54624737	T:TC[T>A]CA	-1	135147.0	2767653641
JG0139b	20	54651343	N:AC[T>C]CA	-1	26606.0	2767680247
JG0139b	20	54670346	N:CC[T>C]CA	-1	19003.0	2767699250
JG0139b	20	54733621	N:TT[T>C]CA	-1	63275.0	2767762525
JG0139b	20	54843601	N:GC[T>C]CT	1	109980.0	2767872505
JG0139b	20	55008984	N:GC[T>G]AG	1	165383.0	2768037888
JG0139b	20	55257075	N:TC[T>G]TT	1	248091.0	2768285979
JG0139b	20	55351988	N:TC[T>C]TT	-1	94913.0	2768380892
JG0139b	20	55607602	N:TC[T>G]TT	1	255614.0	2768636506
JG0139b	20	55994061	N:GC[T>A]CC	1	386459.0	2769022965
JG0139b	20	55996146	N:AC[T>A]TG	1	2085.0	2769025050
JG0139b	20	56038026	N:AC[T>C]TA	1	41880.0	2769066930
JG0139b	20	56050751	N:TC[T>A]CT	-1	12725.0	2769079655
JG0139b	20	56059615	N:AC[T>C]TA	1	8864.0	2769088519
JG0139b	20	56076742	N:TC[T>C]TA	1	17127.0	2769105646
JG0139b	20	56103068	N:TC[T>C]GG	1	26326.0	2769131972
JG0139b	20	56144208	N:AG[T>G]TA	1	41140.0	2769173112
JG0139b	20	56217369	N:TC[T>G]TA	-1	73161.0	2769246273
JG0139b	20	56220035	N:AC[T>C]GC	-1	2666.0	2769248939
JG0139b	20	56562779	N:TC[T>G]CA	-1	342744.0	2769591683
JG0139b	20	56653169	N:GC[T>C]CA	1	90390.0	2769682073
JG0139b	20	56941191	N:AC[T>A]CC	1	288022.0	2769970095
JG0139b	20	57443722	N:GG[T>C]GG	1	502531.0	2770472626
JG0139b	20	57551831	N:TC[T>C]CA	-1	108109.0	2770580735
JG0139b	20	57579770	N:CC[T>G]TC	1	27939.0	2770608674
JG0139b	20	57666949	U:TC[T>C]GC	-1	87179.0	2770695853
JG0139b	20	57714164	N:CC[T>C]CG	-1	47215.0	2770743068
JG0139b	20	57727040	N:CC[T>C]CA	1	12876.0	2770755944
JG0139b	20	57737159	N:TC[T>C]CA	1	10119.0	2770766063
JG0139b	20	57808330	N:TC[T>G]TC	1	71171.0	2770837234
JG0139b	20	58022792	N:AC[T>A]CG	-1	214462.0	2771051696
JG0139b	20	58064088	N:GC[T>C]CA	-1	41296.0	2771092992
JG0139b	20	58067703	N:TC[T>C]TT	1	3615.0	2771096607
JG0139b	20	58124067	N:AC[T>C]CT	-1	56364.0	2771152971
JG0139b	20	58158929	U:TC[T>C]TT	1	34862.0	2771187833
JG0139b	20	58167027	N:TT[C>A]TC	1	8098.0	2771195931
JG0139b	20	58167511	N:AC[T>C]TA	1	484.0	2771196415
JG0139b	20	58175919	N:GG[T>C]GA	1	8408.0	2771204823
JG0139b	20	58193184	N:GC[T>A]CC	1	17265.0	2771222088
JG0139b	20	58193411	N:CC[T>C]CG	1	227.0	2771222315
JG0139b	20	58242860	N:AC[T>C]TA	1	49449.0	2771271764
JG0139b	20	58340207	U:AC[T>G]TC	1	97347.0	2771369111
JG0139b	20	58380540	N:AC[T>G]TT	-1	40333.0	2771409444
JG0139b	20	58572883	N:GC[T>C]CA	-1	192343.0	2771601787
JG0139b	20	58613918	N:GC[T>C]GA	-1	41035.0	2771642822
JG0139b	20	58659752	U:TG[T>G]TT	1	45834.0	2771688656
JG0139b	20	58781908	N:AC[T>G]CC	1	122156.0	2771810812
JG0139b	20	58784261	N:AC[T>G]TC	1	2353.0	2771813165
JG0139b	20	59068661	N:CA[C>G]TT	1	284400.0	2772097565
JG0139b	20	59127419	U:TC[T>A]CA	1	58758.0	2772156323
JG0139b	20	59293978	N:AC[T>G]TG	1	166559.0	2772322882
JG0139b	20	59314606	U:TC[T>A]TG	1	20628.0	2772343510
JG0139b	20	59362222	N:AG[T>G]TT	-1	47616.0	2772391126
JG0139b	20	59440354	N:AC[T>G]TA	1	78132.0	2772469258
JG0139b	20	59445994	N:AC[T>G]CA	1	5640.0	2772474898
JG0139b	20	59510348	N:TC[T>A]TA	1	64354.0	2772539252
JG0139b	20	59591700	U:GC[T>A]CT	1	81352.0	2772620604
JG0139b	20	59720648	T:AC[T>G]TG	-1	128948.0	2772749552
JG0139b	20	59749822	U:TC[T>C]TT	1	29174.0	2772778726
JG0139b	20	60059098	N:AG[T>C]GA	1	309276.0	2773088002
JG0139b	20	60081298	N:TC[T>G]TA	-1	22200.0	2773110202
JG0139b	20	60189030	N:TC[T>C]TG	1	107732.0	2773217934
JG0139b	20	60379049	N:AC[T>C]CC	1	190019.0	2773407953
JG0139b	20	60383319	N:TC[T>C]CA	-1	4270.0	2773412223
JG0139b	20	60603530	N:GC[T>A]CT	1	220211.0	2773632434
JG0139b	20	60641023	N:CC[T>A]TA	-1	37493.0	2773669927
JG0139b	20	60832538	N:AG[T>C]GG	1	191515.0	2773861442
JG0139b	20	61020911	N:TC[C>G]CC	1	188373.0	2774049815
JG0139b	20	61100489	N:GC[T>C]GG	1	79578.0	2774129393
JG0139b	20	61179746	N:CC[T>C]CA	1	79257.0	2774208650
JG0139b	20	61271755	T:TC[T>A]CG	-1	92009.0	2774300659
JG0139b	20	61711629	U:CC[T>G]TG	1	439874.0	2774740533
JG0139b	20	61738872	U:GC[T>A]CA	1	27243.0	2774767776
JG0139b	20	61781749	U:AC[T>C]TA	1	42877.0	2774810653
JG0139b	20	61793197	U:CC[T>C]CA	1	11448.0	2774822101
JG0139b	20	61804024	U:AC[T>A]CA	1	10827.0	2774832928
JG0139b	20	61910471	U:CC[T>C]CA	1	106447.0	2774939375
JG0139b	20	61924105	U:GC[T>C]TG	1	13634.0	2774953009
JG0139b	20	62502271	N:GC[T>A]GG	1	578166.0	2775531175
JG0139b	20	62888340	U:TC[T>G]TC	-1	386069.0	2775917244
JG0139b	20	62991262	N:TC[T>C]CT	-1	102922.0	2776020166
JG0139b	20	63123607	N:CT[C>T]TC	1	132345.0	2776152511
JG0139b	20	63123608	N:TC[T>C]CA	1	1.0	2776152512
JG0139b	20	63138562	N:AT[T>G]TA	1	14954.0	2776167466
JG0139b	20	63287763	U:CC[T>G]CC	1	149201.0	2776316667
JG0139b	20	63977717	U:TC[T>A]TG	-1	689954.0	2777006621
JG0139b	20	64166354	T:TC[T>C]CA	-1	188637.0	2777195258
JG0139b	21	13258160	N:TG[T>G]TT	-1		2790731231
JG0139b	21	13308748	N:AT[T>C]CA	1	50588.0	2790781819
JG0139b	21	13886774	N:TC[T>C]TC	1	578026.0	2791359845
JG0139b	21	13996967	N:AC[T>G]CC	1	110193.0	2791470038
JG0139b	21	14156781	T:TG[T>A]TA	1	159814.0	2791629852
JG0139b	21	14205714	T:TC[T>A]TA	1	48933.0	2791678785
JG0139b	21	14235227	N:TC[T>C]CA	1	29513.0	2791708298
JG0139b	21	14237074	N:CC[T>C]TA	1	1847.0	2791710145
JG0139b	21	14377259	T:TC[T>A]TT	1	140185.0	2791850330
JG0139b	21	14470056	N:TC[T>G]TT	1	92797.0	2791943127
JG0139b	21	14492697	T:CC[T>A]TA	1	22641.0	2791965768
JG0139b	21	14552627	U:AA[T>G]TC	-1	59930.0	2792025698
JG0139b	21	14565946	T:TC[T>C]TG	1	13319.0	2792039017
JG0139b	21	14645583	T:AC[T>C]TA	1	79637.0	2792118654
JG0139b	21	14754281	N:GC[T>A]CA	1	108698.0	2792227352
JG0139b	21	15099967	N:TC[T>A]CC	1	345686.0	2792573038
JG0139b	21	15130941	N:TC[T>G]TC	1	30974.0	2792604012
JG0139b	21	15275588	N:TC[T>C]TG	1	144647.0	2792748659
JG0139b	21	15280393	N:AC[T>C]AG	-1	4805.0	2792753464
JG0139b	21	15287986	N:AC[T>G]TG	-1	7593.0	2792761057
JG0139b	21	15334497	N:AC[T>G]TA	1	46511.0	2792807568
JG0139b	21	15342952	N:AC[T>G]TG	1	8455.0	2792816023
JG0139b	21	15401236	N:AC[T>C]TA	1	58284.0	2792874307
JG0139b	21	15654699	N:TG[T>A]CT	1	253463.0	2793127770
JG0139b	21	15914368	N:TC[T>A]TG	1	259669.0	2793387439
JG0139b	21	16444251	N:TC[T>A]TC	1	529883.0	2793917322
JG0139b	21	16444506	N:TC[T>A]TA	1	255.0	2793917577
JG0139b	21	16525004	N:AC[T>C]CG	1	80498.0	2793998075
JG0139b	21	16525713	N:TC[T>C]TG	1	709.0	2793998784
JG0139b	21	16557980	N:TC[T>G]TG	1	32267.0	2794031051
JG0139b	21	16572414	N:AG[T>G]TA	1	14434.0	2794045485
JG0139b	21	16584582	N:AC[T>C]CA	1	12168.0	2794057653
JG0139b	21	16850999	N:AA[T>G]TA	-1	266417.0	2794324070
JG0139b	21	16958799	N:AC[T>A]AA	-1	107800.0	2794431870
JG0139b	21	17114100	N:TC[T>A]TT	1	155301.0	2794587171
JG0139b	21	17310208	N:AG[T>G]TT	-1	196108.0	2794783279
JG0139b	21	17403597	N:AC[T>G]TA	1	93389.0	2794876668
JG0139b	21	17444160	N:AC[T>G]AA	1	40563.0	2794917231
JG0139b	21	17782888	N:AC[T>C]TC	1	338728.0	2795255959
JG0139b	21	17791160	U:AC[T>G]TA	-1	8272.0	2795264231
JG0139b	21	17932145	T:CC[T>C]TA	-1	140985.0	2795405216
JG0139b	21	18100774	U:GC[T>C]TG	1	168629.0	2795573845
JG0139b	21	18114520	U:TC[T>C]TG	1	13746.0	2795587591
JG0139b	21	18502824	N:GC[T>G]TA	-1	388304.0	2795975895
JG0139b	21	18636738	N:TC[T>C]CG	1	133914.0	2796109809
JG0139b	21	18656269	N:AC[T>C]TG	1	19531.0	2796129340
JG0139b	21	18682814	N:TG[T>C]TA	1	26545.0	2796155885
JG0139b	21	18708728	N:AC[T>C]TA	1	25914.0	2796181799
JG0139b	21	18717211	N:TG[T>G]TA	1	8483.0	2796190282
JG0139b	21	18742320	N:TC[T>C]CT	1	25109.0	2796215391
JG0139b	21	18880403	N:TG[T>C]TA	1	138083.0	2796353474
JG0139b	21	18987773	N:AC[T>C]GC	1	107370.0	2796460844
JG0139b	21	19227497	N:TG[T>A]CA	-1	239724.0	2796700568
JG0139b	21	19433685	N:TC[T>C]GA	1	206188.0	2796906756
JG0139b	21	19516755	N:AT[T>G]TT	-1	83070.0	2796989826
JG0139b	21	19543034	N:TC[T>G]TG	-1	26279.0	2797016105
JG0139b	21	19554675	N:AC[T>G]TA	1	11641.0	2797027746
JG0139b	21	19623545	N:AC[T>A]CA	-1	68870.0	2797096616
JG0139b	21	19686023	N:AC[T>G]TT	-1	62478.0	2797159094
JG0139b	21	19723059	N:AC[T>G]TA	-1	37036.0	2797196130
JG0139b	21	19754720	N:AC[T>A]TT	1	31661.0	2797227791
JG0139b	21	20423771	N:TC[T>G]TA	1	669051.0	2797896842
JG0139b	21	20557161	N:AC[T>C]CA	1	133390.0	2798030232
JG0139b	21	20622653	N:AA[T>C]TA	1	65492.0	2798095724
JG0139b	21	20663107	N:CC[T>C]CA	1	40454.0	2798136178
JG0139b	21	21173868	U:GC[T>C]TG	1	510761.0	2798646939
JG0139b	21	21266673	T:TC[T>C]CA	-1	92805.0	2798739744
JG0139b	21	21384783	T:AC[T>G]TA	-1	118110.0	2798857854
JG0139b	21	21538273	T:TC[T>G]TA	-1	153490.0	2799011344
JG0139b	21	21576710	N:TC[T>A]CG	-1	38437.0	2799049781
JG0139b	21	21692284	N:AC[T>G]TT	-1	115574.0	2799165355
JG0139b	21	21927585	N:AC[T>C]AT	-1	235301.0	2799400656
JG0139b	21	21939021	N:TC[T>C]CA	-1	11436.0	2799412092
JG0139b	21	22018051	N:AC[T>C]TG	-1	79030.0	2799491122
JG0139b	21	22408336	N:AT[C>A]CC	-1	390285.0	2799881407
JG0139b	21	22950091	N:GA[T>C]TT	-1	541755.0	2800423162
JG0139b	21	23559759	N:AC[T>G]TA	1	609668.0	2801032830
JG0139b	21	24095621	N:AA[T>G]TT	-1	535862.0	2801568692
JG0139b	21	24191096	N:TT[T>G]CA	-1	95475.0	2801664167
JG0139b	21	24344883	N:TC[T>C]TT	1	153787.0	2801817954
JG0139b	21	24628072	N:AG[T>A]TG	1	283189.0	2802101143
JG0139b	21	24781484	N:TC[T>A]CA	-1	153412.0	2802254555
JG0139b	21	24932990	N:GC[T>G]CA	-1	151506.0	2802406061
JG0139b	21	25142065	N:TC[T>C]CC	1	209075.0	2802615136
JG0139b	21	25169505	N:AC[T>C]TG	1	27440.0	2802642576
JG0139b	21	25310869	N:TC[T>G]TA	1	141364.0	2802783940
JG0139b	21	25782131	N:TC[T>G]TT	1	471262.0	2803255202
JG0139b	21	26419507	N:AG[T>C]CC	1	637376.0	2803892578
JG0139b	21	26783783	N:CG[T>G]TA	1	364276.0	2804256854
JG0139b	21	27006872	N:TC[T>G]TT	1	223089.0	2804479943
JG0139b	21	27140697	N:TC[T>C]TA	1	133825.0	2804613768
JG0139b	21	27242128	N:AG[T>G]TG	1	101431.0	2804715199
JG0139b	21	27293074	N:AG[T>G]TG	-1	50946.0	2804766145
JG0139b	21	27811367	N:TC[T>C]CT	1	518293.0	2805284438
JG0139b	21	28069850	N:AC[T>G]TT	-1	258483.0	2805542921
JG0139b	21	29238296	U:TG[T>C]TT	1	1168446.0	2806711367
JG0139b	21	29399889	T:TC[T>C]TA	-1	161593.0	2806872960
JG0139b	21	29501759	U:AC[T>G]TA	1	101870.0	2806974830
JG0139b	21	29520991	U:AC[T>G]TC	1	19232.0	2806994062
JG0139b	21	29630703	B:TC[T>C]CA	1	109712.0	2807103774
JG0139b	21	29811763	T:GC[T>G]TA	1	181060.0	2807284834
JG0139b	21	30184301	N:TG[C>A]CA	-1	372538.0	2807657372
JG0139b	21	30228583	N:TC[T>G]TG	-1	44282.0	2807701654
JG0139b	21	30333722	N:AC[T>A]CA	-1	105139.0	2807806793
JG0139b	21	30529775	N:AC[T>C]TG	-1	196053.0	2808002846
JG0139b	21	30555779	N:TC[T>G]CA	1	26004.0	2808028850
JG0139b	21	30881450	T:AC[T>G]TG	1	325671.0	2808354521
JG0139b	21	31056205	N:TC[T>C]TG	-1	174755.0	2808529276
JG0139b	21	31122113	T:GC[T>G]CT	1	65908.0	2808595184
JG0139b	21	31565567	N:GC[T>A]CA	-1	443454.0	2809038638
JG0139b	21	31821905	N:TG[T>A]TA	1	256338.0	2809294976
JG0139b	21	32173061	N:AC[T>C]TT	1	351156.0	2809646132
JG0139b	21	32677781	T:AC[T>G]TA	1	504720.0	2810150852
JG0139b	21	33599361	U:GC[T>G]TA	-1	921580.0	2811072432
JG0139b	21	33700202	B:GC[T>C]GA	-1	100841.0	2811173273
JG0139b	21	34077206	T:TC[T>G]TT	-1	377004.0	2811550277
JG0139b	21	34331605	N:GG[T>G]TG	-1	254399.0	2811804676
JG0139b	21	34502289	U:AC[T>C]AG	-1	170684.0	2811975360
JG0139b	21	34542720	U:AC[T>G]TC	-1	40431.0	2812015791
JG0139b	21	34620646	N:AC[T>G]TA	-1	77926.0	2812093717
JG0139b	21	34624559	N:TC[T>G]TA	-1	3913.0	2812097630
JG0139b	21	34812215	T:TC[T>C]TT	1	187656.0	2812285286
JG0139b	21	34848502	T:TC[T>C]CG	1	36287.0	2812321573
JG0139b	21	34868647	T:TC[T>C]GA	1	20145.0	2812341718
JG0139b	21	35092911	U:TC[T>C]TA	-1	224264.0	2812565982
JG0139b	21	35132304	U:AC[T>G]TG	-1	39393.0	2812605375
JG0139b	21	35169767	U:AC[T>G]TT	-1	37463.0	2812642838
JG0139b	21	35439385	U:GG[T>C]TT	-1	269618.0	2812912456
JG0139b	21	35548122	T:TG[T>A]TA	1	108737.0	2813021193
JG0139b	21	35749189	T:TT[T>A]CA	1	201067.0	2813222260
JG0139b	21	35795886	T:AC[T>A]TG	1	46697.0	2813268957
JG0139b	21	35930955	T:AC[T>A]CG	1	135069.0	2813404026
JG0139b	21	36009191	N:AC[T>G]TT	-1	78236.0	2813482262
JG0139b	21	36381857	N:AC[T>G]TA	1	372666.0	2813854928
JG0139b	21	36529630	T:AC[T>G]TG	1	147773.0	2814002701
JG0139b	21	36870405	T:TC[T>G]TA	1	340775.0	2814343476
JG0139b	21	37521062	U:AC[T>G]TA	1	650657.0	2814994133
JG0139b	21	37938904	U:AC[T>G]GG	-1	417842.0	2815411975
JG0139b	21	38121975	N:CC[T>G]AA	1	183071.0	2815595046
JG0139b	21	38526503	U:AG[T>G]TA	-1	404528.0	2815999574
JG0139b	21	38714182	N:AC[T>C]TG	1	187679.0	2816187253
JG0139b	21	38761294	N:CC[T>C]CG	1	47112.0	2816234365
JG0139b	21	38822824	U:AC[T>C]TG	1	61530.0	2816295895
JG0139b	21	38843071	N:TC[T>G]TA	-1	20247.0	2816316142
JG0139b	21	38951855	N:GC[T>G]GA	1	108784.0	2816424926
JG0139b	21	39113490	N:TC[T>C]TA	1	161635.0	2816586561
JG0139b	21	39170129	N:AG[T>G]GA	-1	56639.0	2816643200
JG0139b	21	39339723	N:TC[T>G]TG	-1	169594.0	2816812794
JG0139b	21	39652344	T:GG[T>G]CT	-1	312621.0	2817125415
JG0139b	21	39759429	U:GG[T>G]TA	1	107085.0	2817232500
JG0139b	21	39827135	N:AC[T>A]TA	-1	67706.0	2817300206
JG0139b	21	39844949	N:TC[T>A]CA	1	17814.0	2817318020
JG0139b	21	39850760	N:GC[T>G]TG	1	5811.0	2817323831
JG0139b	21	39893922	T:GC[T>C]CA	-1	43162.0	2817366993
JG0139b	21	40110123	U:AC[T>C]TG	-1	216201.0	2817583194
JG0139b	21	41329184	U:AC[T>A]TA	1	1219061.0	2818802255
JG0139b	21	41391828	U:TG[T>G]TA	1	62644.0	2818864899
JG0139b	21	41489625	T:GA[C>A]CA	1	97797.0	2818962696
JG0139b	21	41533943	N:CC[T>A]TA	-1	44318.0	2819007014
JG0139b	21	41588192	N:TC[T>G]TC	1	54249.0	2819061263
JG0139b	21	41636773	N:AC[T>C]TG	-1	48581.0	2819109844
JG0139b	21	41662511	N:TC[T>C]CA	-1	25738.0	2819135582
JG0139b	21	41712353	N:GC[T>C]CA	1	49842.0	2819185424
JG0139b	21	42431676	U:GG[T>C]TT	1	719323.0	2819904747
JG0139b	21	42678544	U:CC[T>G]TA	1	246868.0	2820151615
JG0139b	21	43602900	T:AC[T>C]CT	1	924356.0	2821075971
JG0139b	21	44551072	U:GC[T>G]TG	-1	948172.0	2822024143
JG0139b	21	45097473	U:TG[T>G]GG	1	546401.0	2822570544
JG0139b	21	45161013	U:AC[T>C]TG	1	63540.0	2822634084
JG0139b	21	45447510	T:CC[T>G]TA	-1	286497.0	2822920581
JG0139b	21	45774988	U:TC[T>C]TG	1	327478.0	2823248059
JG0139b	21	45824901	T:AC[T>C]TT	-1	49913.0	2823297972
JG0139b	21	46052541	N:CC[T>G]TC	1	227640.0	2823525612
JG0139b	22	16688967	N:AC[T>G]TA	1		2840872021
JG0139b	22	16689805	N:AC[T>G]TG	1	838.0	2840872859
JG0139b	22	16704458	N:TC[T>C]CC	1	14653.0	2840887512
JG0139b	22	16810909	U:AC[T>C]CA	-1	106451.0	2840993963
JG0139b	22	16839897	N:AC[T>G]TC	1	28988.0	2841022951
JG0139b	22	16853906	N:TT[T>A]TA	-1	14009.0	2841036960
JG0139b	22	16863611	N:GT[T>A]CA	1	9705.0	2841046665
JG0139b	22	17124174	N:GA[T>G]TA	1	260563.0	2841307228
JG0139b	22	17364637	T:AC[T>C]CC	-1	240463.0	2841547691
JG0139b	22	17678016	T:GC[T>A]GG	-1	313379.0	2841861070
JG0139b	22	17727026	T:CC[T>A]CG	-1	49010.0	2841910080
JG0139b	22	18084207	U:AC[T>G]TC	1	357181.0	2842267261
JG0139b	22	20031409	T:GG[T>C]GA	-1	1947202.0	2844214463
JG0139b	22	20058321	T:AG[T>G]CA	-1	26912.0	2844241375
JG0139b	22	20551828	U:TC[T>C]CT	1	493507.0	2844734882
JG0139b	22	21794054	U:GC[T>A]TG	-1	1242226.0	2845977108
JG0139b	22	23745893	T:TC[T>C]TC	1	1951839.0	2847928947
JG0139b	22	23916008	N:CC[T>G]TT	-1	170115.0	2848099062
JG0139b	22	25814073	U:AG[T>C]GG	1	1898065.0	2849997127
JG0139b	22	25953903	U:CC[T>G]TC	1	139830.0	2850136957
JG0139b	22	26883486	N:AC[T>G]TG	1	929583.0	2851066540
JG0139b	22	27084106	N:AC[T>G]CT	1	200620.0	2851267160
JG0139b	22	27611482	N:TC[T>G]TG	-1	527376.0	2851794536
JG0139b	22	28046330	U:GC[T>A]AG	-1	434848.0	2852229384
JG0139b	22	28202336	U:TC[T>G]CA	-1	156006.0	2852385390
JG0139b	22	28207914	U:TC[T>C]GC	-1	5578.0	2852390968
JG0139b	22	29485814	T:TC[T>G]TG	-1	1277900.0	2853668868
JG0139b	22	29664607	T:AC[T>G]CA	-1	178793.0	2853847661
JG0139b	22	29744097	U:AC[T>A]CT	-1	79490.0	2853927151
JG0139b	22	30217298	N:AC[T>G]TC	-1	473201.0	2854400352
JG0139b	22	30332914	T:AC[T>G]GC	1	115616.0	2854515968
JG0139b	22	30586651	U:TC[T>C]TG	-1	253737.0	2854769705
JG0139b	22	30589831	T:AC[T>G]TA	1	3180.0	2854772885
JG0139b	22	31242806	T:AG[T>G]TT	-1	652975.0	2855425860
JG0139b	22	33246679	U:TC[T>G]TC	-1	2003873.0	2857429733
JG0139b	22	34000594	N:AA[C>A]AT	1	753915.0	2858183648
JG0139b	22	34299769	N:GA[T>G]GA	-1	299175.0	2858482823
JG0139b	22	34539860	N:AG[T>G]CC	1	240091.0	2858722914
JG0139b	22	34608912	N:GT[T>C]GA	1	69052.0	2858791966
JG0139b	22	34688303	N:AC[T>C]CA	1	79391.0	2858871357
JG0139b	22	35053580	N:AC[T>G]TC	-1	365277.0	2859236634
JG0139b	22	35134542	N:TC[T>C]CA	1	80962.0	2859317596
JG0139b	22	35184472	N:AG[T>G]TA	-1	49930.0	2859367526
JG0139b	22	35742896	U:GC[T>C]GA	-1	558424.0	2859925950
JG0139b	22	36282668	T:GC[T>C]TA	1	539772.0	2860465722
JG0139b	22	39176008	N:GC[T>C]CA	-1	2893340.0	2863359062
JG0139b	22	39439947	N:AC[T>C]GC	1	263939.0	2863623001
JG0139b	22	42924153	U:GC[T>C]CC	-1	3484206.0	2867107207
JG0139b	22	44924566	T:TC[T>C]CA	1	2000413.0	2869107620
JG0139b	22	44937101	U:AC[T>G]TG	-1	12535.0	2869120155
JG0139b	22	44942539	U:AC[T>G]GG	-1	5438.0	2869125593
JG0139b	22	45300479	N:GC[T>G]TG	-1	357940.0	2869483533
JG0139b	22	45400055	U:TA[T>G]TA	-1	99576.0	2869583109
JG0139b	22	46181172	T:AG[T>G]TT	-1	781117.0	2870364226
JG0139b	22	46982093	U:GC[T>G]TG	1	800921.0	2871165147
JG0139b	22	47618254	N:GG[T>C]TT	1	636161.0	2871801308
JG0139b	22	47748355	N:AC[T>C]TG	1	130101.0	2871931409
JG0139b	22	48485460	N:CC[T>C]CT	1	737105.0	2872668514
JG0139b	X	371894	T:CC[T>G]CA	1		2875373416
JG0139b	X	758384	N:TC[T>G]CA	-1	386490.0	2875759906
JG0139b	X	992142	N:GC[T>C]GG	1	233758.0	2875993664
JG0139b	X	1124331	N:CC[T>G]TG	-1	132189.0	2876125853
JG0139b	X	1568811	N:TC[T>C]CA	-1	444480.0	2876570333
JG0139b	X	1573687	N:CC[T>G]CG	-1	4876.0	2876575209
JG0139b	X	1642409	T:CC[T>C]CA	-1	68722.0	2876643931
JG0139b	X	1714706	N:TC[T>C]CG	-1	72297.0	2876716228
JG0139b	X	1718692	N:TC[T>C]TG	-1	3986.0	2876720214
JG0139b	X	1754630	N:CC[T>C]TA	-1	35938.0	2876756152
JG0139b	X	1792496	N:GG[T>G]TC	-1	37866.0	2876794018
JG0139b	X	2135519	N:AG[C>A]TG	1	343023.0	2877137041
JG0139b	X	2302186	U:GG[T>G]TA	-1	166667.0	2877303708
JG0139b	X	2302206	T:TG[T>C]TT	1	20.0	2877303728
JG0139b	X	2987239	N:AC[T>A]CA	-1	685033.0	2877988761
JG0139b	X	3155860	N:AC[T>G]CG	-1	168621.0	2878157382
JG0139b	X	3195083	N:TA[T>G]TA	-1	39223.0	2878196605
JG0139b	X	3212229	N:AC[T>C]CA	-1	17146.0	2878213751
JG0139b	X	3253301	N:TC[T>A]TA	-1	41072.0	2878254823
JG0139b	X	3419970	N:GC[T>A]GG	1	166669.0	2878421492
JG0139b	X	3420495	N:TG[T>A]CA	-1	525.0	2878422017
JG0139b	X	3438531	N:AC[T>G]CA	1	18036.0	2878440053
JG0139b	X	3454814	N:AC[T>C]TC	-1	16283.0	2878456336
JG0139b	X	3822835	N:TC[T>C]CA	-1	368021.0	2878824357
JG0139b	X	4050319	N:AC[T>G]TT	-1	227484.0	2879051841
JG0139b	X	4278835	N:CC[T>C]GG	1	228516.0	2879280357
JG0139b	X	4297975	N:AC[T>G]CA	1	19140.0	2879299497
JG0139b	X	4405869	N:AC[T>C]TG	-1	107894.0	2879407391
JG0139b	X	4446998	N:TC[T>C]CA	-1	41129.0	2879448520
JG0139b	X	4496554	N:GC[T>G]CA	-1	49556.0	2879498076
JG0139b	X	4675281	N:CC[T>C]CA	-1	178727.0	2879676803
JG0139b	X	4711304	N:TT[T>C]TA	-1	36023.0	2879712826
JG0139b	X	4850546	N:TC[T>A]CA	-1	139242.0	2879852068
JG0139b	X	5103923	N:AT[C>G]TA	-1	253377.0	2880105445
JG0139b	X	5500376	N:TT[C>G]AA	-1	396453.0	2880501898
JG0139b	X	6066087	T:AT[T>G]TA	1	565711.0	2881067609
JG0139b	X	6601323	N:GG[T>C]GG	-1	535236.0	2881602845
JG0139b	X	6687845	N:GC[T>C]CA	-1	86522.0	2881689367
JG0139b	X	6758266	N:GC[T>C]GG	-1	70421.0	2881759788
JG0139b	X	7495071	N:AC[T>G]TT	-1	736805.0	2882496593
JG0139b	X	7596833	N:CC[T>C]TG	-1	101762.0	2882598355
JG0139b	X	7743970	N:AC[T>G]TT	1	147137.0	2882745492
JG0139b	X	7753259	N:GA[T>G]CA	-1	9289.0	2882754781
JG0139b	X	8317780	N:AA[T>A]TT	-1	564521.0	2883319302
JG0139b	X	8597282	U:TA[T>A]TT	-1	279502.0	2883598804
JG0139b	X	8626534	U:TG[T>A]TT	-1	29252.0	2883628056
JG0139b	X	8695655	U:AC[T>C]GT	-1	69121.0	2883697177
JG0139b	X	9001858	N:TC[T>G]TA	1	306203.0	2884003380
JG0139b	X	9059233	N:AC[T>C]TT	-1	57375.0	2884060755
JG0139b	X	9253660	N:GC[T>C]TG	1	194427.0	2884255182
JG0139b	X	9437251	N:AC[T>C]TG	1	183591.0	2884438773
JG0139b	X	9580381	U:AC[T>A]CA	1	143130.0	2884581903
JG0139b	X	9721991	U:TC[T>A]TG	1	141610.0	2884723513
JG0139b	X	9803936	U:TC[T>C]CG	1	81945.0	2884805458
JG0139b	X	9830476	U:GC[T>G]TG	1	26540.0	2884831998
JG0139b	X	9919160	T:GC[T>G]CA	-1	88684.0	2884920682
JG0139b	X	9958856	N:TT[T>G]TT	1	39696.0	2884960378
JG0139b	X	9979677	N:TC[T>C]AC	-1	20821.0	2884981199
JG0139b	X	10125254	N:CC[T>A]CA	-1	145577.0	2885126776
JG0139b	X	10263669	N:CA[T>G]TA	1	138415.0	2885265191
JG0139b	X	10298944	N:TC[T>C]TG	1	35275.0	2885300466
JG0139b	X	10645046	U:AC[T>C]TA	-1	346102.0	2885646568
JG0139b	X	10713699	U:AG[T>A]TG	-1	68653.0	2885715221
JG0139b	X	10849527	N:GC[T>C]CA	-1	135828.0	2885851049
JG0139b	X	10857018	N:TC[T>C]CC	-1	7491.0	2885858540
JG0139b	X	11090915	N:AC[T>C]CC	-1	233897.0	2886092437
JG0139b	X	11169120	U:TC[T>G]TG	-1	78205.0	2886170642
JG0139b	X	11174334	U:AG[T>G]CA	-1	5214.0	2886175856
JG0139b	X	11312479	U:GC[T>G]CC	-1	138145.0	2886314001
JG0139b	X	11383737	T:AC[T>G]TC	1	71258.0	2886385259
JG0139b	X	11488379	U:AC[T>C]TT	-1	104642.0	2886489901
JG0139b	X	11506469	T:AC[T>G]TA	1	18090.0	2886507991
JG0139b	X	11521223	U:AC[T>C]TC	-1	14754.0	2886522745
JG0139b	X	11523734	U:AC[T>C]TA	-1	2511.0	2886525256
JG0139b	X	11672971	N:AC[T>G]TA	-1	149237.0	2886674493
JG0139b	X	11687224	N:GC[T>C]CT	-1	14253.0	2886688746
JG0139b	X	11769242	U:GT[T>G]TG	1	82018.0	2886770764
JG0139b	X	11837621	N:CC[T>G]CG	1	68379.0	2886839143
JG0139b	X	12472638	T:GG[T>C]TT	-1	635017.0	2887474160
JG0139b	X	12475278	T:AG[T>G]TT	-1	2640.0	2887476800
JG0139b	X	12646544	U:AC[T>C]TT	1	171266.0	2887648066
JG0139b	X	12665394	T:TC[T>G]TG	-1	18850.0	2887666916
JG0139b	X	12873875	U:GC[T>C]CT	1	208481.0	2887875397
JG0139b	X	13201139	N:AC[T>G]CT	1	327264.0	2888202661
JG0139b	X	13995279	N:TC[T>C]AG	1	794140.0	2888996801
JG0139b	X	14162545	N:AC[T>A]TT	-1	167266.0	2889164067
JG0139b	X	14273297	N:TC[T>C]CG	-1	110752.0	2889274819
JG0139b	X	14311132	N:TC[T>C]TC	-1	37835.0	2889312654
JG0139b	X	14422248	N:AC[T>A]AA	1	111116.0	2889423770
JG0139b	X	14426079	N:AC[T>G]TA	-1	3831.0	2889427601
JG0139b	X	14453461	N:TC[T>G]CA	-1	27382.0	2889454983
JG0139b	X	14545821	T:CC[T>G]TG	-1	92360.0	2889547343
JG0139b	X	14568610	U:GC[T>C]TG	1	22789.0	2889570132
JG0139b	X	14974949	N:CC[T>C]CA	-1	406339.0	2889976471
JG0139b	X	14981764	N:TC[T>G]TA	-1	6815.0	2889983286
JG0139b	X	15051789	N:TT[T>G]TC	1	70025.0	2890053311
JG0139b	X	15075162	N:AC[T>G]TA	-1	23373.0	2890076684
JG0139b	X	15076415	N:TC[T>A]CA	1	1253.0	2890077937
JG0139b	X	15102720	N:GC[T>G]GA	1	26305.0	2890104242
JG0139b	X	15108077	N:CC[T>C]CA	1	5357.0	2890109599
JG0139b	X	15134404	N:AC[T>C]TG	-1	26327.0	2890135926
JG0139b	X	15217485	N:TC[T>G]TG	-1	83081.0	2890219007
JG0139b	X	15303433	U:AC[T>A]CG	-1	85948.0	2890304955
JG0139b	X	15472208	B:TC[T>G]TA	1	168775.0	2890473730
JG0139b	X	15813704	U:TC[T>A]CT	1	341496.0	2890815226
JG0139b	X	15901094	N:GC[T>A]TC	-1	87390.0	2890902616
JG0139b	X	16356857	N:AC[T>C]CA	-1	455763.0	2891358379
JG0139b	X	16481772	N:TG[T>C]CT	1	124915.0	2891483294
JG0139b	X	16512227	N:TC[T>C]TA	1	30455.0	2891513749
JG0139b	X	17472072	U:TC[T>G]TG	1	959845.0	2892473594
JG0139b	X	17567481	U:TC[T>C]CA	1	95409.0	2892569003
JG0139b	X	17987090	N:GG[T>C]TT	-1	419609.0	2892988612
JG0139b	X	18698556	T:CC[T>C]TG	-1	711466.0	2893700078
JG0139b	X	19291057	N:CC[T>A]CA	1	592501.0	2894292579
JG0139b	X	19311784	N:AG[T>G]TT	1	20727.0	2894313306
JG0139b	X	19417072	U:TC[T>C]TG	-1	105288.0	2894418594
JG0139b	X	19420136	U:GC[T>C]TC	-1	3064.0	2894421658
JG0139b	X	19425910	U:TC[T>C]TG	-1	5774.0	2894427432
JG0139b	X	19526498	N:AC[T>C]TG	-1	100588.0	2894528020
JG0139b	X	19597654	U:AC[T>C]TG	-1	71156.0	2894599176
JG0139b	X	20288281	N:CC[T>G]TG	-1	690627.0	2895289803
JG0139b	X	20923420	N:TC[T>C]GA	-1	635139.0	2895924942
JG0139b	X	20988950	N:AC[T>C]TG	-1	65530.0	2895990472
JG0139b	X	21033223	N:AA[T>G]TG	1	44273.0	2896034745
JG0139b	X	21116613	N:AC[T>G]TA	-1	83390.0	2896118135
JG0139b	X	21274014	N:CC[T>C]GA	1	157401.0	2896275536
JG0139b	X	21502884	T:AC[T>G]TC	-1	228870.0	2896504406
JG0139b	X	21527641	T:TC[T>C]TC	-1	24757.0	2896529163
JG0139b	X	21611788	T:AC[T>C]TA	-1	84147.0	2896613310
JG0139b	X	22251481	N:TC[T>C]TG	-1	639693.0	2897253003
JG0139b	X	22398561	N:AA[C>G]CC	-1	147080.0	2897400083
JG0139b	X	22398562	N:GG[T>A]TT	1	1.0	2897400084
JG0139b	X	22401231	N:TG[T>A]TG	1	2669.0	2897402753
JG0139b	X	22409393	N:TA[T>G]TC	1	8162.0	2897410915
JG0139b	X	22485717	N:AC[T>C]GA	-1	76324.0	2897487239
JG0139b	X	22585597	N:TC[T>G]TA	-1	99880.0	2897587119
JG0139b	X	22609888	N:AC[T>C]CA	-1	24291.0	2897611410
JG0139b	X	22817295	N:TC[T>C]TC	1	207407.0	2897818817
JG0139b	X	22854527	N:TC[T>G]TA	1	37232.0	2897856049
JG0139b	X	22913534	N:AC[T>C]TA	1	59007.0	2897915056
JG0139b	X	22916044	N:AG[T>G]TA	-1	2510.0	2897917566
JG0139b	X	23012691	N:TC[T>A]TG	-1	96647.0	2898014213
JG0139b	X	23607031	N:GG[T>G]TG	-1	594340.0	2898608553
JG0139b	X	24158321	T:TC[T>C]CG	-1	551290.0	2899159843
JG0139b	X	24210592	T:AG[T>G]TC	-1	52271.0	2899212114
JG0139b	X	25513391	N:AG[T>G]TA	-1	1302799.0	2900514913
JG0139b	X	25668702	N:AC[T>C]CA	-1	155311.0	2900670224
JG0139b	X	25688201	N:TC[T>C]TG	-1	19499.0	2900689723
JG0139b	X	25689643	N:TC[T>A]TT	-1	1442.0	2900691165
JG0139b	X	25715587	N:GT[T>A]CA	1	25944.0	2900717109
JG0139b	X	25769657	N:TC[T>C]CT	-1	54070.0	2900771179
JG0139b	X	25888770	N:GC[T>C]TA	-1	119113.0	2900890292
JG0139b	X	26015256	N:TC[T>C]TC	-1	126486.0	2901016778
JG0139b	X	26133022	N:AA[T>C]CT	-1	117766.0	2901134544
JG0139b	X	26802777	N:GC[T>C]CA	1	669755.0	2901804299
JG0139b	X	27217954	N:AC[T>C]CT	-1	415177.0	2902219476
JG0139b	X	27676849	T:AC[T>G]TG	-1	458895.0	2902678371
JG0139b	X	28249638	N:AC[T>C]TA	1	572789.0	2903251160
JG0139b	X	28272083	N:AC[T>C]TA	1	22445.0	2903273605
JG0139b	X	28976796	U:GG[T>C]GA	1	704713.0	2903978318
JG0139b	X	29812286	U:TG[T>C]GG	1	835490.0	2904813808
JG0139b	X	29902542	T:AC[T>C]TG	-1	90256.0	2904904064
JG0139b	X	30346493	N:TC[T>C]TA	-1	443951.0	2905348015
JG0139b	X	30433134	N:AC[T>C]TG	-1	86641.0	2905434656
JG0139b	X	30458167	N:TC[T>C]TA	-1	25033.0	2905459689
JG0139b	X	30506601	N:TC[T>A]TG	-1	48434.0	2905508123
JG0139b	X	30568711	T:AG[T>A]TT	1	62110.0	2905570233
JG0139b	X	30802644	N:TG[T>G]TG	1	233933.0	2905804166
JG0139b	X	30820426	N:AC[T>C]CC	-1	17782.0	2905821948
JG0139b	X	30953596	U:TC[T>A]CT	-1	133170.0	2905955118
JG0139b	X	30991141	N:TC[T>G]TG	-1	37545.0	2905992663
JG0139b	X	31008755	N:TC[T>G]TG	-1	17614.0	2906010277
JG0139b	X	31030048	N:AC[T>A]TA	-1	21293.0	2906031570
JG0139b	X	31095470	N:AC[T>G]TA	-1	65422.0	2906096992
JG0139b	X	31100360	N:TG[T>G]TG	1	4890.0	2906101882
JG0139b	X	31213105	T:AC[T>C]TA	1	112745.0	2906214627
JG0139b	X	31502940	T:CA[T>G]TT	1	289835.0	2906504462
JG0139b	X	31609643	U:TC[T>A]TC	-1	106703.0	2906611165
JG0139b	X	31893116	U:AC[T>G]TA	-1	283473.0	2906894638
JG0139b	X	32066103	T:AC[T>C]TA	1	172987.0	2907067625
JG0139b	X	33466817	N:TC[T>C]CA	-1	1400714.0	2908468339
JG0139b	X	33883632	N:AC[T>G]TA	-1	416815.0	2908885154
JG0139b	X	34506965	N:AC[T>A]TG	-1	623333.0	2909508487
JG0139b	X	34693400	N:AC[T>C]CC	1	186435.0	2909694922
JG0139b	X	34818063	N:GC[T>C]TA	-1	124663.0	2909819585
JG0139b	X	35013646	N:AG[T>A]TA	-1	195583.0	2910015168
JG0139b	X	35103745	N:GC[T>A]TG	-1	90099.0	2910105267
JG0139b	X	35142724	N:AC[T>G]TT	1	38979.0	2910144246
JG0139b	X	35219020	N:TC[T>C]CA	1	76296.0	2910220542
JG0139b	X	35549352	N:CC[T>G]TG	-1	330332.0	2910550874
JG0139b	X	35725413	N:TT[T>G]TT	1	176061.0	2910726935
JG0139b	X	35748019	N:GA[T>G]TA	1	22606.0	2910749541
JG0139b	X	36084680	T:AC[T>C]GA	-1	336661.0	2911086202
JG0139b	X	36480771	N:TG[T>G]TA	1	396091.0	2911482293
JG0139b	X	36653819	N:TC[T>C]AA	1	173048.0	2911655341
JG0139b	X	37520659	U:TC[T>G]CG	1	866840.0	2912522181
JG0139b	X	37929088	U:TC[T>C]TA	1	408429.0	2912930610
JG0139b	X	38085076	T:AC[T>C]GA	-1	155988.0	2913086598
JG0139b	X	38096323	T:AC[T>A]CA	-1	11247.0	2913097845
JG0139b	X	38195671	B:AC[T>G]TG	-1	99348.0	2913197193
JG0139b	X	38196310	B:AC[T>G]TT	1	639.0	2913197832
JG0139b	X	38362934	T:TG[T>G]TG	-1	166624.0	2913364456
JG0139b	X	38427725	T:GG[T>C]CC	-1	64791.0	2913429247
JG0139b	X	38470824	T:TC[T>C]TA	-1	43099.0	2913472346
JG0139b	X	38494195	T:AC[T>C]GA	-1	23371.0	2913495717
JG0139b	X	38549042	T:AC[T>G]TG	-1	54847.0	2913550564
JG0139b	X	38932369	N:TC[T>C]TT	-1	383327.0	2913933891
JG0139b	X	38932614	N:AC[T>C]TA	-1	245.0	2913934136
JG0139b	X	38959305	N:TC[T>A]CA	-1	26691.0	2913960827
JG0139b	X	38996376	N:AC[T>A]TA	-1	37071.0	2913997898
JG0139b	X	39096332	N:AC[T>A]TC	-1	99956.0	2914097854
JG0139b	X	39203311	N:AC[T>C]TA	1	106979.0	2914204833
JG0139b	X	39307946	N:CT[T>A]GG	-1	104635.0	2914309468
JG0139b	X	39359747	N:GC[T>G]CA	-1	51801.0	2914361269
JG0139b	X	39369981	N:GC[T>A]TA	-1	10234.0	2914371503
JG0139b	X	39391480	N:AC[T>G]TC	-1	21499.0	2914393002
JG0139b	X	39472818	N:TC[T>C]CA	1	81338.0	2914474340
JG0139b	X	40166062	U:CC[T>G]TA	-1	693244.0	2915167584
JG0139b	X	40193835	N:CG[T>G]TA	-1	27773.0	2915195357
JG0139b	X	40430911	N:CC[T>G]TA	-1	237076.0	2915432433
JG0139b	X	40512938	N:AG[T>G]TA	-1	82027.0	2915514460
JG0139b	X	41818273	U:TG[T>A]TC	-1	1305335.0	2916819795
JG0139b	X	41905963	T:TC[T>C]CA	1	87690.0	2916907485
JG0139b	X	42175817	N:CC[T>C]CA	-1	269854.0	2917177339
JG0139b	X	42185634	N:TC[T>A]TG	-1	9817.0	2917187156
JG0139b	X	42192802	N:TG[T>G]TA	-1	7168.0	2917194324
JG0139b	X	42199338	N:AC[T>G]TC	-1	6536.0	2917200860
JG0139b	X	42238569	N:AC[T>A]CA	-1	39231.0	2917240091
JG0139b	X	42300331	N:AC[T>A]TG	1	61762.0	2917301853
JG0139b	X	42411914	N:AC[T>C]TT	-1	111583.0	2917413436
JG0139b	X	42525021	N:TC[T>A]CA	-1	113107.0	2917526543
JG0139b	X	42590390	N:CC[T>C]CC	-1	65369.0	2917591912
JG0139b	X	42716959	N:TC[T>C]GC	-1	126569.0	2917718481
JG0139b	X	42751085	N:TC[T>G]TA	1	34126.0	2917752607
JG0139b	X	42767683	N:GC[T>C]TT	-1	16598.0	2917769205
JG0139b	X	42793624	N:AC[T>C]CA	1	25941.0	2917795146
JG0139b	X	42984044	N:TC[T>C]TC	-1	190420.0	2917985566
JG0139b	X	43384733	N:AC[T>C]TA	1	400689.0	2918386255
JG0139b	X	43410698	N:TT[T>G]TA	1	25965.0	2918412220
JG0139b	X	43413597	N:TC[T>A]CA	1	2899.0	2918415119
JG0139b	X	43886332	N:AC[T>C]TG	-1	472735.0	2918887854
JG0139b	X	43893033	N:AC[T>C]TG	-1	6701.0	2918894555
JG0139b	X	43997399	N:GC[T>C]GC	1	104366.0	2918998921
JG0139b	X	44683339	N:AC[T>G]TT	-1	685940.0	2919684861
JG0139b	X	44688287	N:AT[T>G]TT	1	4948.0	2919689809
JG0139b	X	44688354	N:GC[T>C]CA	1	67.0	2919689876
JG0139b	X	45169568	T:TC[T>C]CA	1	481214.0	2920171090
JG0139b	X	45361181	N:AC[T>C]TG	-1	191613.0	2920362703
JG0139b	X	45432098	N:CC[T>C]TA	-1	70917.0	2920433620
JG0139b	X	45887830	N:TC[T>A]CA	-1	455732.0	2920889352
JG0139b	X	46159043	N:TC[T>C]TA	1	271213.0	2921160565
JG0139b	X	46190229	N:AC[T>G]TC	-1	31186.0	2921191751
JG0139b	X	46287943	N:TC[T>C]CA	1	97714.0	2921289465
JG0139b	X	46316641	N:AC[T>G]CG	1	28698.0	2921318163
JG0139b	X	46349192	N:CT[C>G]AC	-1	32551.0	2921350714
JG0139b	X	46470894	T:TG[T>C]AC	-1	121702.0	2921472416
JG0139b	X	47253485	N:GC[T>A]TG	1	782591.0	2922255007
JG0139b	X	47759415	N:GC[T>C]GG	-1	505930.0	2922760937
JG0139b	X	48038214	N:TC[T>C]CA	-1	278799.0	2923039736
JG0139b	X	48053588	N:TC[T>A]TC	-1	15374.0	2923055110
JG0139b	X	48172431	N:AA[T>G]TT	1	118843.0	2923173953
JG0139b	X	48285471	N:GC[T>C]CA	1	113040.0	2923286993
JG0139b	X	48474204	N:AA[T>G]TA	1	188733.0	2923475726
JG0139b	X	48653688	N:TC[T>C]CT	1	179484.0	2923655210
JG0139b	X	49267409	N:TC[T>A]TG	-1	613721.0	2924268931
JG0139b	X	49631928	N:AC[T>G]TA	-1	364519.0	2924633450
JG0139b	X	49675666	N:AG[T>G]CA	1	43738.0	2924677188
JG0139b	X	49969271	U:GG[T>A]TT	1	293605.0	2924970793
JG0139b	X	50135511	N:AC[T>A]TA	-1	166240.0	2925137033
JG0139b	X	50326890	T:AC[T>C]CA	-1	191379.0	2925328412
JG0139b	X	50529286	N:AC[T>A]CA	1	202396.0	2925530808
JG0139b	X	50599903	T:TC[T>A]CA	1	70617.0	2925601425
JG0139b	X	50784398	U:GC[T>C]TG	-1	184495.0	2925785920
JG0139b	X	50840171	N:AC[T>C]TG	-1	55773.0	2925841693
JG0139b	X	51004427	N:GC[T>G]TA	-1	164256.0	2926005949
JG0139b	X	51200382	N:AC[T>G]TA	-1	195955.0	2926201904
JG0139b	X	51204387	N:TT[T>C]TA	-1	4005.0	2926205909
JG0139b	X	51236387	N:TC[T>C]TC	-1	32000.0	2926237909
JG0139b	X	51585373	N:GC[T>G]AA	1	348986.0	2926586895
JG0139b	X	51637856	N:TC[T>C]TT	1	52483.0	2926639378
JG0139b	X	51654509	N:AC[T>C]TG	-1	16653.0	2926656031
JG0139b	X	51748321	N:AC[T>A]CT	-1	93812.0	2926749843
JG0139b	X	51792168	N:AC[T>G]TT	-1	43847.0	2926793690
JG0139b	X	51795181	N:GG[T>C]CA	1	3013.0	2926796703
JG0139b	X	51797832	N:AC[T>C]TG	1	2651.0	2926799354
JG0139b	X	51835109	U:AC[T>C]CT	1	37277.0	2926836631
JG0139b	X	51846955	T:TC[T>A]TA	-1	11846.0	2926848477
JG0139b	X	51913829	N:AC[T>G]CA	-1	66874.0	2926915351
JG0139b	X	52106440	N:GC[T>C]TA	-1	192611.0	2927107962
JG0139b	X	52280278	N:AC[T>A]TA	-1	173838.0	2927281800
JG0139b	X	52410765	N:GC[T>G]TT	1	130487.0	2927412287
JG0139b	X	52650404	T:AC[T>C]GA	1	239639.0	2927651926
JG0139b	X	52789330	U:CC[T>A]CG	1	138926.0	2927790852
JG0139b	X	52835778	N:TC[T>C]TG	1	46448.0	2927837300
JG0139b	X	53542333	U:TG[T>A]TC	-1	706555.0	2928543855
JG0139b	X	53813388	N:CC[T>C]GC	1	271055.0	2928814910
JG0139b	X	54658335	N:AG[T>C]TT	1	844947.0	2929659857
JG0139b	X	54815354	T:TC[T>G]CG	-1	157019.0	2929816876
JG0139b	X	54846268	N:AG[T>G]TG	-1	30914.0	2929847790
JG0139b	X	55072576	N:GC[T>C]TG	-1	226308.0	2930074098
JG0139b	X	55088638	N:TC[T>C]CA	-1	16062.0	2930090160
JG0139b	X	55088639	N:GT[C>T]TC	-1	1.0	2930090161
JG0139b	X	55113012	N:TC[T>C]TA	1	24373.0	2930114534
JG0139b	X	55312857	N:GC[T>G]TA	-1	199845.0	2930314379
JG0139b	X	55725138	U:AA[T>A]TT	1	412281.0	2930726660
JG0139b	X	55965975	N:AC[T>C]TA	-1	240837.0	2930967497
JG0139b	X	55966647	N:TC[T>A]TG	-1	672.0	2930968169
JG0139b	X	56031811	N:TC[T>C]CA	1	65164.0	2931033333
JG0139b	X	57054884	N:AC[T>C]CA	-1	1023073.0	2932056406
JG0139b	X	57077918	N:AG[T>C]TG	-1	23034.0	2932079440
JG0139b	X	57093692	N:AC[T>C]TG	-1	15774.0	2932095214
JG0139b	X	57467278	T:TC[T>C]CA	-1	373586.0	2932468800
JG0139b	X	57531482	N:AC[T>C]TA	-1	64204.0	2932533004
JG0139b	X	57580411	N:TG[T>C]CA	1	48929.0	2932581933
JG0139b	X	57999515	N:AC[T>A]CT	-1	419104.0	2933001037
JG0139b	X	58340260	N:AC[T>C]TT	-1	340745.0	2933341782
JG0139b	X	63095177	N:AA[T>G]TG	-1	4754917.0	2938096699
JG0139b	X	63107221	N:GA[T>C]TT	-1	12044.0	2938108743
JG0139b	X	63395030	N:AC[T>G]TT	-1	287809.0	2938396552
JG0139b	X	63469619	N:AC[T>G]TA	-1	74589.0	2938471141
JG0139b	X	63594572	N:AG[T>A]CA	-1	124953.0	2938596094
JG0139b	X	63617064	N:AC[T>G]TA	1	22492.0	2938618586
JG0139b	X	63746097	U:GC[T>C]CT	-1	129033.0	2938747619
JG0139b	X	63746983	U:TC[T>G]TT	-1	886.0	2938748505
JG0139b	X	63835983	N:AC[T>C]CA	-1	89000.0	2938837505
JG0139b	X	63880585	N:TC[T>G]TC	1	44602.0	2938882107
JG0139b	X	63887918	N:GC[T>A]TT	-1	7333.0	2938889440
JG0139b	X	63896952	N:AG[T>G]TT	-1	9034.0	2938898474
JG0139b	X	64389219	U:TC[T>C]TC	-1	492267.0	2939390741
JG0139b	X	64564210	N:AC[T>C]TG	1	174991.0	2939565732
JG0139b	X	65008639	U:TC[T>G]TT	-1	444429.0	2940010161
JG0139b	X	65016865	U:TC[T>G]TT	-1	8226.0	2940018387
JG0139b	X	65148705	N:TA[T>C]CC	-1	131840.0	2940150227
JG0139b	X	65514601	U:TC[T>A]CA	-1	365896.0	2940516123
JG0139b	X	65531595	U:TC[T>A]TG	-1	16994.0	2940533117
JG0139b	X	65597769	T:AC[T>C]AG	-1	66174.0	2940599291
JG0139b	X	65629439	T:AC[T>C]GG	-1	31670.0	2940630961
JG0139b	X	65713836	T:AC[T>C]TA	-1	84397.0	2940715358
JG0139b	X	65792114	N:CC[T>C]TG	1	78278.0	2940793636
JG0139b	X	65993185	N:TC[T>C]AC	-1	201071.0	2940994707
JG0139b	X	66218973	T:AC[T>G]TC	-1	225788.0	2941220495
JG0139b	X	66271820	N:AT[T>A]TT	-1	52847.0	2941273342
JG0139b	X	66447641	N:TC[T>C]GA	-1	175821.0	2941449163
JG0139b	X	66523584	N:TT[T>G]TT	1	75943.0	2941525106
JG0139b	X	66742195	N:TC[T>G]TA	-1	218611.0	2941743717
JG0139b	X	66753311	N:CC[T>G]TG	1	11116.0	2941754833
JG0139b	X	66939808	N:TC[T>C]TG	1	186497.0	2941941330
JG0139b	X	67711191	T:GC[T>A]TG	-1	771383.0	2942712713
JG0139b	X	67837748	N:CG[T>C]TA	-1	126557.0	2942839270
JG0139b	X	67854465	N:AC[T>C]TG	-1	16717.0	2942855987
JG0139b	X	67885835	N:CC[T>A]TA	-1	31370.0	2942887357
JG0139b	X	67888991	N:TC[T>C]AT	1	3156.0	2942890513
JG0139b	X	67891769	N:AC[T>G]TC	-1	2778.0	2942893291
JG0139b	X	68245912	T:TC[T>G]CC	1	354143.0	2943247434
JG0139b	X	68793896	N:TA[T>G]TC	1	547984.0	2943795418
JG0139b	X	68813956	N:TC[T>G]AA	1	20060.0	2943815478
JG0139b	X	69455908	N:AC[T>G]TA	-1	641952.0	2944457430
JG0139b	X	69526984	U:AC[T>G]CT	1	71076.0	2944528506
JG0139b	X	69670414	T:GC[T>A]CA	-1	143430.0	2944671936
JG0139b	X	69828376	T:AC[T>C]CG	-1	157962.0	2944829898
JG0139b	X	69942318	U:TA[T>G]TA	1	113942.0	2944943840
JG0139b	X	70771858	U:GC[T>C]TT	-1	829540.0	2945773380
JG0139b	X	70783347	T:AT[T>G]TA	1	11489.0	2945784869
JG0139b	X	71512720	N:CC[T>A]CA	-1	729373.0	2946514242
JG0139b	X	71601328	T:TC[T>G]TG	-1	88608.0	2946602850
JG0139b	X	71887158	N:TC[T>C]CA	-1	285830.0	2946888680
JG0139b	X	71893730	N:CC[T>C]TC	-1	6572.0	2946895252
JG0139b	X	72022107	U:TC[T>A]CA	1	128377.0	2947023629
JG0139b	X	72090747	T:GG[T>C]CA	-1	68640.0	2947092269
JG0139b	X	72227699	B:TC[T>G]TT	-1	136952.0	2947229221
JG0139b	X	72628726	U:AG[T>A]CC	-1	401027.0	2947630248
JG0139b	X	73101107	N:AC[T>A]CT	-1	472381.0	2948102629
JG0139b	X	73153349	N:TC[T>C]TA	-1	52242.0	2948154871
JG0139b	X	73226080	N:AC[T>G]TA	-1	72731.0	2948227602
JG0139b	X	73230900	N:TC[T>C]GC	-1	4820.0	2948232422
JG0139b	X	73265370	N:GG[T>C]GA	-1	34470.0	2948266892
JG0139b	X	73290731	N:GC[T>G]TA	1	25361.0	2948292253
JG0139b	X	73555407	N:TC[T>C]TT	-1	264676.0	2948556929
JG0139b	X	73654624	T:AC[T>A]TT	-1	99217.0	2948656146
JG0139b	X	74066215	N:GC[T>C]CG	-1	411591.0	2949067737
JG0139b	X	74384579	N:AC[T>G]TC	1	318364.0	2949386101
JG0139b	X	74667454	N:AC[T>C]TG	1	282875.0	2949668976
JG0139b	X	75164861	N:AC[T>G]TA	-1	497407.0	2950166383
JG0139b	X	75405511	U:AC[T>C]CC	-1	240650.0	2950407033
JG0139b	X	75621066	N:AC[T>C]TG	-1	215555.0	2950622588
JG0139b	X	75655583	N:AC[T>C]CA	-1	34517.0	2950657105
JG0139b	X	75713425	N:GC[T>G]TG	1	57842.0	2950714947
JG0139b	X	75759616	N:GC[T>C]TG	-1	46191.0	2950761138
JG0139b	X	75905939	N:AG[T>G]TT	1	146323.0	2950907461
JG0139b	X	75995611	N:TC[T>C]CC	-1	89672.0	2950997133
JG0139b	X	76191038	N:TC[T>A]TA	-1	195427.0	2951192560
JG0139b	X	76234378	N:TC[T>C]CT	-1	43340.0	2951235900
JG0139b	X	76400235	N:AT[T>G]TC	-1	165857.0	2951401757
JG0139b	X	76974666	N:GC[T>C]TG	-1	574431.0	2951976188
JG0139b	X	77018059	N:GT[C>T]TG	1	43393.0	2952019581
JG0139b	X	77035793	N:TC[T>C]TG	-1	17734.0	2952037315
JG0139b	X	77084304	N:AC[T>C]TG	1	48511.0	2952085826
JG0139b	X	77161255	N:GA[C>A]AG	1	76951.0	2952162777
JG0139b	X	77520463	T:AG[T>G]TA	1	359208.0	2952521985
JG0139b	X	78307769	U:AC[T>A]CT	-1	787306.0	2953309291
JG0139b	X	78309805	U:CA[T>G]TT	-1	2036.0	2953311327
JG0139b	X	78553546	N:AT[T>G]TG	1	243741.0	2953555068
JG0139b	X	78790176	N:GC[T>C]TG	-1	236630.0	2953791698
JG0139b	X	79019225	N:TC[T>C]AA	1	229049.0	2954020747
JG0139b	X	79030479	N:AC[T>C]CA	-1	11254.0	2954032001
JG0139b	X	79194008	N:TC[T>C]CG	-1	163529.0	2954195530
JG0139b	X	79284899	N:TC[T>C]CC	1	90891.0	2954286421
JG0139b	X	79538338	N:TC[T>G]TA	-1	253439.0	2954539860
JG0139b	X	79572731	N:TC[T>C]CC	-1	34393.0	2954574253
JG0139b	X	79586661	N:AC[T>C]TT	-1	13930.0	2954588183
JG0139b	X	79601405	N:TC[T>C]CA	-1	14744.0	2954602927
JG0139b	X	79717052	N:TC[T>G]TT	-1	115647.0	2954718574
JG0139b	X	79852441	N:AC[T>C]CA	-1	135389.0	2954853963
JG0139b	X	80300619	N:GC[T>A]CA	-1	448178.0	2955302141
JG0139b	X	80344355	T:AC[T>C]TT	-1	43736.0	2955345877
JG0139b	X	80482741	N:CC[T>G]TG	-1	138386.0	2955484263
JG0139b	X	80528354	N:TC[T>C]GT	1	45613.0	2955529876
JG0139b	X	80643730	N:TC[T>C]TA	-1	115376.0	2955645252
JG0139b	X	80654570	N:TC[T>G]TA	-1	10840.0	2955656092
JG0139b	X	80762764	T:CC[T>A]TA	1	108194.0	2955764286
JG0139b	X	80919656	N:TC[T>A]CA	1	156892.0	2955921178
JG0139b	X	80954363	N:TG[T>G]TG	-1	34707.0	2955955885
JG0139b	X	80967538	N:CC[T>A]CA	-1	13175.0	2955969060
JG0139b	X	80985392	N:TC[T>C]TA	1	17854.0	2955986914
JG0139b	X	81005099	N:AC[T>C]CA	1	19707.0	2956006621
JG0139b	X	81063380	N:TC[T>C]TA	1	58281.0	2956064902
JG0139b	X	81198273	U:TC[T>G]TA	-1	134893.0	2956199795
JG0139b	X	81248427	T:AC[T>C]AG	-1	50154.0	2956249949
JG0139b	X	81271105	T:AC[T>C]TT	-1	22678.0	2956272627
JG0139b	X	81279537	T:TC[T>C]CC	-1	8432.0	2956281059
JG0139b	X	81349066	N:TC[T>C]TT	1	69529.0	2956350588
JG0139b	X	81385721	N:AC[T>C]CG	-1	36655.0	2956387243
JG0139b	X	81389717	N:AC[T>C]TG	1	3996.0	2956391239
JG0139b	X	81448190	N:TC[T>G]TG	-1	58473.0	2956449712
JG0139b	X	81467872	N:AA[T>G]TG	-1	19682.0	2956469394
JG0139b	X	81692475	N:TC[T>A]CA	1	224603.0	2956693997
JG0139b	X	81768119	N:GC[T>C]TG	-1	75644.0	2956769641
JG0139b	X	81777046	N:GC[T>A]CA	-1	8927.0	2956778568
JG0139b	X	81782010	N:GG[T>G]TA	1	4964.0	2956783532
JG0139b	X	81878642	N:TC[T>A]TC	1	96632.0	2956880164
JG0139b	X	81887415	N:CC[T>A]TG	-1	8773.0	2956888937
JG0139b	X	82124657	N:AC[T>C]TA	-1	237242.0	2957126179
JG0139b	X	82158790	N:TC[T>C]TA	-1	34133.0	2957160312
JG0139b	X	82187750	N:AC[T>C]AG	1	28960.0	2957189272
JG0139b	X	82238328	N:GG[T>C]TT	1	50578.0	2957239850
JG0139b	X	82367270	N:AG[T>G]TA	-1	128942.0	2957368792
JG0139b	X	82385243	N:TC[T>A]TG	-1	17973.0	2957386765
JG0139b	X	82393396	N:TC[T>C]TG	-1	8153.0	2957394918
JG0139b	X	82433503	N:TC[T>C]TC	-1	40107.0	2957435025
JG0139b	X	82467946	N:CC[T>C]AG	1	34443.0	2957469468
JG0139b	X	82568815	N:TC[T>G]TT	1	100869.0	2957570337
JG0139b	X	82596992	N:AC[T>C]TA	-1	28177.0	2957598514
JG0139b	X	82637186	N:AC[T>G]TC	1	40194.0	2957638708
JG0139b	X	82708552	N:GA[T>A]AC	1	71366.0	2957710074
JG0139b	X	82813103	N:AC[T>G]CA	-1	104551.0	2957814625
JG0139b	X	82893970	N:TT[T>C]CA	1	80867.0	2957895492
JG0139b	X	82900881	N:TC[T>A]TC	-1	6911.0	2957902403
JG0139b	X	82966667	N:AG[T>C]GG	1	65786.0	2957968189
JG0139b	X	83329416	N:TC[T>G]TT	1	362749.0	2958330938
JG0139b	X	83511884	T:TC[T>G]TA	-1	182468.0	2958513406
JG0139b	X	83582412	N:TC[T>C]TT	-1	70528.0	2958583934
JG0139b	X	83596535	N:AG[T>C]CA	1	14123.0	2958598057
JG0139b	X	83610263	N:TC[T>C]TC	-1	13728.0	2958611785
JG0139b	X	83675375	N:AC[T>G]TT	-1	65112.0	2958676897
JG0139b	X	83684132	N:AC[T>G]GA	-1	8757.0	2958685654
JG0139b	X	83693276	N:AC[T>A]GG	-1	9144.0	2958694798
JG0139b	X	83906683	N:AC[T>G]TA	-1	213407.0	2958908205
JG0139b	X	84265268	N:AC[T>A]TA	-1	358585.0	2959266790
JG0139b	X	84520992	N:AC[T>G]TT	-1	255724.0	2959522514
JG0139b	X	84770147	N:TC[T>C]TG	1	249155.0	2959771669
JG0139b	X	84846930	N:AT[T>G]TA	1	76783.0	2959848452
JG0139b	X	85010174	U:TG[T>G]TC	1	163244.0	2960011696
JG0139b	X	85029940	T:TG[T>G]TT	-1	19766.0	2960031462
JG0139b	X	85305995	U:GG[T>C]TT	-1	276055.0	2960307517
JG0139b	X	85945445	T:TC[T>C]CT	1	639450.0	2960946967
JG0139b	X	86123485	N:TC[T>G]CA	-1	178040.0	2961125007
JG0139b	X	86195637	T:AC[T>C]TG	-1	72152.0	2961197159
JG0139b	X	86223725	U:GG[T>G]CC	1	28088.0	2961225247
JG0139b	X	86937665	N:TG[T>G]TG	-1	713940.0	2961939187
JG0139b	X	86947289	N:GC[T>C]TT	-1	9624.0	2961948811
JG0139b	X	86952155	N:CC[T>G]TA	-1	4866.0	2961953677
JG0139b	X	87129353	N:TC[T>A]CC	-1	177198.0	2962130875
JG0139b	X	87370898	N:AC[T>A]TA	-1	241545.0	2962372420
JG0139b	X	87372946	N:TC[T>G]TG	-1	2048.0	2962374468
JG0139b	X	87423073	N:AC[T>C]TA	-1	50127.0	2962424595
JG0139b	X	87467937	N:CC[T>G]TC	-1	44864.0	2962469459
JG0139b	X	87529804	U:AT[C>A]TT	1	61867.0	2962531326
JG0139b	X	87561599	T:AC[T>C]TA	-1	31795.0	2962563121
JG0139b	X	87611993	T:TC[T>G]TA	-1	50394.0	2962613515
JG0139b	X	87672733	N:AC[T>C]CA	1	60740.0	2962674255
JG0139b	X	87710557	N:TC[T>G]TC	-1	37824.0	2962712079
JG0139b	X	87741448	N:GA[T>A]TA	1	30891.0	2962742970
JG0139b	X	87848463	N:AC[T>C]TG	1	107015.0	2962849985
JG0139b	X	87863555	N:AG[T>G]CC	1	15092.0	2962865077
JG0139b	X	87957009	N:GC[T>C]TG	-1	93454.0	2962958531
JG0139b	X	87992046	N:AC[T>C]TA	-1	35037.0	2962993568
JG0139b	X	88395868	N:AC[T>G]TC	-1	403822.0	2963397390
JG0139b	X	88447118	N:AC[T>G]TA	-1	51250.0	2963448640
JG0139b	X	88561691	N:TC[T>A]CA	-1	114573.0	2963563213
JG0139b	X	88703438	N:TC[T>C]TT	-1	141747.0	2963704960
JG0139b	X	89006551	N:AC[T>G]TA	-1	303113.0	2964008073
JG0139b	X	89235202	N:TC[T>C]CA	-1	228651.0	2964236724
JG0139b	X	89738920	N:AG[T>C]CA	-1	503718.0	2964740442
JG0139b	X	89786093	N:AC[T>G]TT	-1	47173.0	2964787615
JG0139b	X	89824510	N:CC[T>G]TA	-1	38417.0	2964826032
JG0139b	X	89979004	N:TC[T>A]TA	-1	154494.0	2964980526
JG0139b	X	90072894	N:AC[T>G]TG	-1	93890.0	2965074416
JG0139b	X	90083572	N:AC[T>C]TT	-1	10678.0	2965085094
JG0139b	X	90201188	N:TC[T>C]AT	1	117616.0	2965202710
JG0139b	X	90476408	N:TC[T>A]CA	1	275220.0	2965477930
JG0139b	X	90817700	N:TC[T>A]TA	-1	341292.0	2965819222
JG0139b	X	90989299	N:TC[T>C]CA	1	171599.0	2965990821
JG0139b	X	91136054	N:TC[T>C]CA	-1	146755.0	2966137576
JG0139b	X	91165457	N:TG[T>A]CA	-1	29403.0	2966166979
JG0139b	X	91200841	N:TC[T>A]CA	-1	35384.0	2966202363
JG0139b	X	91615219	N:TC[T>C]GG	1	414378.0	2966616741
JG0139b	X	92152924	T:AC[T>A]TG	-1	537705.0	2967154446
JG0139b	X	92208877	U:AC[T>C]TA	1	55953.0	2967210399
JG0139b	X	92350659	U:TC[T>C]TG	1	141782.0	2967352181
JG0139b	X	92540689	U:TC[T>C]CA	1	190030.0	2967542211
JG0139b	X	92750593	N:AC[T>G]CA	-1	209904.0	2967752115
JG0139b	X	92919479	N:CA[T>G]TT	1	168886.0	2967921001
JG0139b	X	93126540	N:AC[T>A]GA	1	207061.0	2968128062
JG0139b	X	93202757	N:GC[T>C]CG	-1	76217.0	2968204279
JG0139b	X	93273790	N:CC[T>G]CA	-1	71033.0	2968275312
JG0139b	X	93858395	N:TC[T>C]CA	1	584605.0	2968859917
JG0139b	X	94314468	N:TC[T>C]TT	1	456073.0	2969315990
JG0139b	X	94736200	N:TC[T>C]GC	1	421732.0	2969737722
JG0139b	X	94969081	N:AC[T>C]GA	1	232881.0	2969970603
JG0139b	X	96943973	U:GC[T>A]CT	1	1974892.0	2971945495
JG0139b	X	97179421	U:TC[T>C]CA	1	235448.0	2972180943
JG0139b	X	97341109	U:GC[T>C]TG	1	161688.0	2972342631
JG0139b	X	97622377	N:AG[T>G]TA	1	281268.0	2972623899
JG0139b	X	97759161	N:GC[T>C]CC	1	136784.0	2972760683
JG0139b	X	97915348	N:AC[T>C]GA	1	156187.0	2972916870
JG0139b	X	98380190	N:TC[T>C]TA	1	464842.0	2973381712
JG0139b	X	98446216	N:GC[T>C]CA	1	66026.0	2973447738
JG0139b	X	98855433	N:AT[C>A]AG	1	409217.0	2973856955
JG0139b	X	99421225	N:TC[T>C]TT	1	565792.0	2974422747
JG0139b	X	99734793	N:AC[T>A]CT	1	313568.0	2974736315
JG0139b	X	100074952	N:TC[T>G]CA	-1	340159.0	2975076474
JG0139b	X	100274013	N:TC[T>G]TA	1	199061.0	2975275535
JG0139b	X	100419652	N:TC[T>A]GG	1	145639.0	2975421174
JG0139b	X	101218764	N:GC[T>G]TG	1	799112.0	2976220286
JG0139b	X	101645606	N:CC[T>G]GT	-1	426842.0	2976647128
JG0139b	X	101707335	N:TC[T>G]TA	1	61729.0	2976708857
JG0139b	X	101858909	N:AC[T>A]TA	1	151574.0	2976860431
JG0139b	X	101884143	T:TC[T>A]CT	1	25234.0	2976885665
JG0139b	X	101983823	N:TC[T>C]AG	1	99680.0	2976985345
JG0139b	X	102341404	N:TC[T>A]TG	-1	357581.0	2977342926
JG0139b	X	103181961	N:CC[T>A]CA	1	840557.0	2978183483
JG0139b	X	103228613	N:TC[T>C]TG	1	46652.0	2978230135
JG0139b	X	104260743	N:TC[T>C]TG	1	1032130.0	2979262265
JG0139b	X	104840280	U:GG[T>C]TT	1	579537.0	2979841802
JG0139b	X	105367239	U:TC[T>C]TG	1	526959.0	2980368761
JG0139b	X	106692794	N:AG[T>G]CC	-1	1325555.0	2981694316
JG0139b	X	106708160	U:GC[T>C]GA	1	15366.0	2981709682
JG0139b	X	108042578	N:GC[T>G]TA	1	1334418.0	2983044100
JG0139b	X	108154120	U:TC[T>C]TT	1	111542.0	2983155642
JG0139b	X	108436397	T:GA[T>A]GC	1	282277.0	2983437919
JG0139b	X	108829285	N:AC[T>G]TC	1	392888.0	2983830807
JG0139b	X	108920091	N:TC[T>G]TT	1	90806.0	2983921613
JG0139b	X	109463750	T:TC[T>C]TA	1	543659.0	2984465272
JG0139b	X	109558702	N:TT[T>G]TC	1	94952.0	2984560224
JG0139b	X	110255071	T:AC[T>C]CT	1	696369.0	2985256593
JG0139b	X	110759370	T:GC[T>C]TA	1	504299.0	2985760892
JG0139b	X	111100371	U:TC[T>C]AG	1	341001.0	2986101893
JG0139b	X	111450885	N:AG[T>C]GG	1	350514.0	2986452407
JG0139b	X	111583962	N:TC[T>A]TA	1	133077.0	2986585484
JG0139b	X	111907434	T:GC[T>A]GG	1	323472.0	2986908956
JG0139b	X	112373773	N:AG[T>C]CA	1	466339.0	2987375295
JG0139b	X	112456634	U:AC[T>C]GA	1	82861.0	2987458156
JG0139b	X	112800122	T:AC[T>C]TG	1	343488.0	2987801644
JG0139b	X	113214046	N:AC[T>G]TA	1	413924.0	2988215568
JG0139b	X	113742354	N:AG[T>G]TC	1	528308.0	2988743876
JG0139b	X	114708780	U:GC[T>G]TG	1	966426.0	2989710302
JG0139b	X	115158568	T:AA[T>G]TA	1	449788.0	2990160090
JG0139b	X	115946818	N:AC[T>C]TG	1	788250.0	2990948340
JG0139b	X	117236518	N:TG[T>A]CT	1	1289700.0	2992238040
JG0139b	X	117562441	N:TC[T>A]CT	1	325923.0	2992563963
JG0139b	X	118670315	U:AC[T>G]TA	1	1107874.0	2993671837
JG0139b	X	119155653	N:GA[T>G]TT	1	485338.0	2994157175
JG0139b	X	119221621	N:AA[T>G]TT	1	65968.0	2994223143
JG0139b	X	120371241	U:GC[T>G]CT	1	1149620.0	2995372763
JG0139b	X	122030493	N:AC[T>C]TC	1	1659252.0	2997032015
JG0139b	X	122603931	N:TC[T>G]TG	1	573438.0	2997605453
JG0139b	X	123332936	U:AG[T>G]TA	1	729005.0	2998334458
JG0139b	X	124790540	T:TC[T>C]CC	1	1457604.0	2999792062
JG0139b	X	125486538	N:TC[T>G]TA	-1	695998.0	3000488060
JG0139b	X	125487791	N:AC[T>C]TA	-1	1253.0	3000489313
JG0139b	X	125665726	N:AC[T>C]TG	-1	177935.0	3000667248
JG0139b	X	125742995	N:AC[T>A]TT	-1	77269.0	3000744517
JG0139b	X	125811032	N:GC[T>G]TA	-1	68037.0	3000812554
JG0139b	X	126071708	N:TC[T>C]TG	-1	260676.0	3001073230
JG0139b	X	126346314	N:TC[T>C]CA	-1	274606.0	3001347836
JG0139b	X	126389303	N:AC[T>C]TG	1	42989.0	3001390825
JG0139b	X	126489566	N:GG[T>C]AC	1	100263.0	3001491088
JG0139b	X	126628764	N:AA[T>G]TG	1	139198.0	3001630286
JG0139b	X	126737127	N:GG[T>C]GA	1	108363.0	3001738649
JG0139b	X	126996480	N:GT[C>G]TT	-1	259353.0	3001998002
JG0139b	X	127046684	N:TT[T>G]TA	1	50204.0	3002048206
JG0139b	X	127213365	N:TA[T>G]TC	1	166681.0	3002214887
JG0139b	X	127387069	N:TT[T>G]TT	1	173704.0	3002388591
JG0139b	X	127506477	N:AC[T>C]CA	-1	119408.0	3002507999
JG0139b	X	127661083	N:GG[C>A]CG	-1	154606.0	3002662605
JG0139b	X	127720579	N:AG[T>C]CA	-1	59496.0	3002722101
JG0139b	X	127848762	N:TC[T>C]GA	-1	128183.0	3002850284
JG0139b	X	127852093	N:AC[T>G]AA	1	3331.0	3002853615
JG0139b	X	127874159	N:TC[T>G]TA	-1	22066.0	3002875681
JG0139b	X	127896167	N:TC[T>A]CA	-1	22008.0	3002897689
JG0139b	X	128117279	N:AT[T>A]AT	-1	221112.0	3003118801
JG0139b	X	128117280	N:GA[T>C]TA	-1	1.0	3003118802
JG0139b	X	128173749	N:TG[T>A]TA	-1	56469.0	3003175271
JG0139b	X	128569221	N:AA[T>G]TA	1	395472.0	3003570743
JG0139b	X	128625458	N:GC[T>C]CA	-1	56237.0	3003626980
JG0139b	X	128628221	N:TC[T>C]CA	-1	2763.0	3003629743
JG0139b	X	128783680	N:GC[T>C]CG	-1	155459.0	3003785202
JG0139b	X	128846842	N:TC[T>A]AG	1	63162.0	3003848364
JG0139b	X	128955999	N:TG[T>A]TG	-1	109157.0	3003957521
JG0139b	X	129043636	N:TC[T>A]TA	-1	87637.0	3004045158
JG0139b	X	129422879	N:AC[T>G]CA	1	379243.0	3004424401
JG0139b	X	129443497	N:GC[T>C]TA	-1	20618.0	3004445019
JG0139b	X	129452201	T:TC[T>C]CC	1	8704.0	3004453723
JG0139b	X	130022794	U:AC[T>C]CT	1	570593.0	3005024316
JG0139b	X	130289398	N:CG[T>A]CT	1	266604.0	3005290920
JG0139b	X	130732947	T:TC[T>A]TG	1	443549.0	3005734469
JG0139b	X	131168858	N:GC[T>G]TC	-1	435911.0	3006170380
JG0139b	X	131265560	N:TC[T>G]TT	-1	96702.0	3006267082
JG0139b	X	131303902	U:CC[T>C]TT	-1	38342.0	3006305424
JG0139b	X	131335570	U:AC[T>C]GC	-1	31668.0	3006337092
JG0139b	X	131434974	U:GC[T>C]TC	-1	99404.0	3006436496
JG0139b	X	131536993	U:AC[T>C]TA	-1	102019.0	3006538515
JG0139b	X	131540951	U:TC[T>G]TC	-1	3958.0	3006542473
JG0139b	X	131619191	N:AC[T>C]CC	1	78240.0	3006620713
JG0139b	X	131825321	N:AC[T>C]TA	-1	206130.0	3006826843
JG0139b	X	131825909	N:TC[T>G]TT	-1	588.0	3006827431
JG0139b	X	132369767	T:AC[T>C]TA	1	543858.0	3007371289
JG0139b	X	132418778	T:TT[T>G]GT	1	49011.0	3007420300
JG0139b	X	132480706	U:TC[T>G]CA	-1	61928.0	3007482228
JG0139b	X	132559450	N:TC[T>G]TG	-1	78744.0	3007560972
JG0139b	X	132568535	N:GG[T>G]TG	-1	9085.0	3007570057
JG0139b	X	132644006	U:TC[T>C]GA	-1	75471.0	3007645528
JG0139b	X	133085242	T:CG[T>C]CA	1	441236.0	3008086764
JG0139b	X	133345328	U:TG[T>C]TT	-1	260086.0	3008346850
JG0139b	X	133734449	U:TC[T>C]TT	-1	389121.0	3008735971
JG0139b	X	134239997	U:TC[T>G]TA	1	505548.0	3009241519
JG0139b	X	134595655	U:AC[T>G]TC	-1	355658.0	3009597177
JG0139b	X	134677014	N:AC[T>C]GC	-1	81359.0	3009678536
JG0139b	X	134924883	N:GC[T>A]GG	-1	247869.0	3009926405
JG0139b	X	134971649	N:TC[T>G]TA	-1	46766.0	3009973171
JG0139b	X	135035582	N:TC[T>G]TA	-1	63933.0	3010037104
JG0139b	X	135094611	N:AC[T>C]AG	-1	59029.0	3010096133
JG0139b	X	135187375	N:AG[T>A]TT	-1	92764.0	3010188897
JG0139b	X	135476377	N:AG[T>G]TT	1	289002.0	3010477899
JG0139b	X	135663820	N:TC[T>C]TA	-1	187443.0	3010665342
JG0139b	X	135743508	N:CC[T>A]CA	1	79688.0	3010745030
JG0139b	X	135917430	N:TC[T>G]TC	-1	173922.0	3010918952
JG0139b	X	135952624	N:TC[T>A]TA	-1	35194.0	3010954146
JG0139b	X	136206075	U:AC[T>G]TG	1	253451.0	3011207597
JG0139b	X	136504615	T:AC[T>C]TA	-1	298540.0	3011506137
JG0139b	X	136920540	N:AC[T>G]CG	-1	415925.0	3011922062
JG0139b	X	137450274	N:TC[T>C]TA	1	529734.0	3012451796
JG0139b	X	137751080	N:TT[T>A]GT	1	300806.0	3012752602
JG0139b	X	138105559	N:TA[T>G]TA	-1	354479.0	3013107081
JG0139b	X	138212678	N:TA[T>G]TA	-1	107119.0	3013214200
JG0139b	X	138238989	N:TC[T>A]TG	-1	26311.0	3013240511
JG0139b	X	138321422	N:AA[T>G]TT	1	82433.0	3013322944
JG0139b	X	138337778	N:CC[T>C]CA	-1	16356.0	3013339300
JG0139b	X	138359420	N:TC[T>A]TG	-1	21642.0	3013360942
JG0139b	X	138369270	N:AC[T>G]TG	-1	9850.0	3013370792
JG0139b	X	138382644	N:TC[T>A]TG	-1	13374.0	3013384166
JG0139b	X	138431305	N:GC[T>C]CC	-1	48661.0	3013432827
JG0139b	X	138489118	N:TC[T>C]TT	-1	57813.0	3013490640
JG0139b	X	138567164	N:TC[T>C]CG	1	78046.0	3013568686
JG0139b	X	138719072	U:CC[T>A]TA	-1	151908.0	3013720594
JG0139b	X	138795687	T:AC[T>G]TT	1	76615.0	3013797209
JG0139b	X	139295148	N:AG[T>G]TA	-1	499461.0	3014296670
JG0139b	X	139297449	N:AC[T>A]TG	-1	2301.0	3014298971
JG0139b	X	139412255	N:AC[T>C]TT	-1	114806.0	3014413777
JG0139b	X	139472417	N:GC[T>C]TA	1	60162.0	3014473939
JG0139b	X	139477011	N:TC[T>C]TC	-1	4594.0	3014478533
JG0139b	X	139673850	U:AC[T>G]TA	-1	196839.0	3014675372
JG0139b	X	139682904	T:TC[T>A]CA	1	9054.0	3014684426
JG0139b	X	139962819	U:GC[T>G]TT	-1	279915.0	3014964341
JG0139b	X	140314421	N:CC[T>C]TG	1	351602.0	3015315943
JG0139b	X	140436508	N:TG[T>C]TT	1	122087.0	3015438030
JG0139b	X	140551696	N:TC[T>G]TG	-1	115188.0	3015553218
JG0139b	X	140667908	N:AC[T>C]TG	-1	116212.0	3015669430
JG0139b	X	140684937	N:TC[T>C]TA	-1	17029.0	3015686459
JG0139b	X	140700342	N:AC[T>A]CA	-1	15405.0	3015701864
JG0139b	X	140739720	N:GT[T>C]TA	-1	39378.0	3015741242
JG0139b	X	140773748	N:AC[T>C]TG	-1	34028.0	3015775270
JG0139b	X	140807269	N:AC[T>C]TT	-1	33521.0	3015808791
JG0139b	X	141116133	N:TC[T>C]CG	1	308864.0	3016117655
JG0139b	X	141154308	N:GC[T>C]TG	-1	38175.0	3016155830
JG0139b	X	141194225	N:TC[T>C]GC	-1	39917.0	3016195747
JG0139b	X	141777130	N:AC[T>C]TC	-1	582905.0	3016778652
JG0139b	X	141788207	N:AC[T>A]GC	-1	11077.0	3016789729
JG0139b	X	142149723	N:TC[T>C]TG	-1	361516.0	3017151245
JG0139b	X	142161223	N:AC[T>C]TT	-1	11500.0	3017162745
JG0139b	X	142161425	N:TC[T>C]CA	-1	202.0	3017162947
JG0139b	X	142287473	N:TC[T>C]CT	-1	126048.0	3017288995
JG0139b	X	142424235	N:GC[T>G]CC	-1	136762.0	3017425757
JG0139b	X	142728288	N:AC[T>G]TT	-1	304053.0	3017729810
JG0139b	X	142741644	N:AG[T>G]TA	-1	13356.0	3017743166
JG0139b	X	143052723	N:GG[T>C]CA	1	311079.0	3018054245
JG0139b	X	143245721	N:AT[T>A]CC	1	192998.0	3018247243
JG0139b	X	143255886	N:AA[T>G]TA	1	10165.0	3018257408
JG0139b	X	143349321	N:CT[T>G]TC	1	93435.0	3018350843
JG0139b	X	143409615	N:GC[T>C]TA	1	60294.0	3018411137
JG0139b	X	143668165	N:TC[T>C]GA	1	258550.0	3018669687
JG0139b	X	143865609	N:AG[T>G]TT	-1	197444.0	3018867131
JG0139b	X	144064780	N:TA[T>G]TA	-1	199171.0	3019066302
JG0139b	X	144234606	N:TC[T>C]CG	-1	169826.0	3019236128
JG0139b	X	144273741	N:AC[T>C]GT	-1	39135.0	3019275263
JG0139b	X	145137609	N:TC[T>G]GT	1	863868.0	3020139131
JG0139b	X	145366458	N:CC[T>G]TT	1	228849.0	3020367980
JG0139b	X	145547397	N:AC[T>G]TG	-1	180939.0	3020548919
JG0139b	X	145590262	N:TC[T>G]TG	-1	42865.0	3020591784
JG0139b	X	145787946	N:AC[T>G]TG	-1	197684.0	3020789468
JG0139b	X	145797660	N:CC[T>C]AA	1	9714.0	3020799182
JG0139b	X	145957204	N:AC[T>C]CA	1	159544.0	3020958726
JG0139b	X	146010434	N:AC[T>G]TT	-1	53230.0	3021011956
JG0139b	X	146094977	N:GC[T>C]CC	-1	84543.0	3021096499
JG0139b	X	146309378	N:TG[T>A]TG	-1	214401.0	3021310900
JG0139b	X	146622365	N:AC[T>G]TA	-1	312987.0	3021623887
JG0139b	X	146657911	N:TC[T>C]TA	-1	35546.0	3021659433
JG0139b	X	146845599	N:TC[T>A]CC	-1	187688.0	3021847121
JG0139b	X	147199631	N:AC[T>G]CT	-1	354032.0	3022201153
JG0139b	X	147436531	N:TG[T>C]CA	-1	236900.0	3022438053
JG0139b	X	147554119	N:AC[T>A]TG	-1	117588.0	3022555641
JG0139b	X	147672572	N:GT[T>G]TA	-1	118453.0	3022674094
JG0139b	X	147672849	N:AC[T>A]TG	1	277.0	3022674371
JG0139b	X	147682463	N:TC[T>C]TG	-1	9614.0	3022683985
JG0139b	X	148554566	T:AC[T>A]TA	-1	872103.0	3023556088
JG0139b	X	148634041	U:AC[T>G]TC	1	79475.0	3023635563
JG0139b	X	148642145	U:AC[T>G]TT	1	8104.0	3023643667
JG0139b	X	148646673	U:TC[T>C]TG	1	4528.0	3023648195
JG0139b	X	148790613	U:TC[T>G]TA	1	143940.0	3023792135
JG0139b	X	148794275	U:TG[T>A]CA	1	3662.0	3023795797
JG0139b	X	149068483	N:GC[T>G]TG	-1	274208.0	3024070005
JG0139b	X	149277168	N:TC[T>G]TA	-1	208685.0	3024278690
JG0139b	X	149863256	N:TC[T>C]TG	-1	586088.0	3024864778
JG0139b	X	149893346	N:TC[T>C]CG	-1	30090.0	3024894868
JG0139b	X	149981169	N:AC[T>C]CT	-1	87823.0	3024982691
JG0139b	X	150023298	N:TC[T>G]TG	-1	42129.0	3025024820
JG0139b	X	150151871	N:TG[T>A]CA	1	128573.0	3025153393
JG0139b	X	150181829	N:GC[T>C]CA	1	29958.0	3025183351
JG0139b	X	150427351	T:AC[T>A]TG	-1	245522.0	3025428873
JG0139b	X	150455703	T:GC[T>C]TG	-1	28352.0	3025457225
JG0139b	X	150473134	T:AC[T>C]TC	-1	17431.0	3025474656
JG0139b	X	150682273	N:CC[T>G]CA	-1	209139.0	3025683795
JG0139b	X	150733967	U:TG[T>A]CA	1	51694.0	3025735489
JG0139b	X	150830876	T:TC[T>G]TG	1	96909.0	3025832398
JG0139b	X	151208653	N:AC[T>G]TC	1	377777.0	3026210175
JG0139b	X	151225415	N:GC[T>G]TT	1	16762.0	3026226937
JG0139b	X	151244854	N:TG[T>A]TG	1	19439.0	3026246376
JG0139b	X	151300901	N:TC[T>G]GT	-1	56047.0	3026302423
JG0139b	X	151355444	N:AC[T>C]GT	1	54543.0	3026356966
JG0139b	X	151732341	N:TC[T>A]TG	-1	376897.0	3026733863
JG0139b	X	151858218	N:TC[T>G]TT	-1	125877.0	3026859740
JG0139b	X	152139502	N:CC[T>C]AC	1	281284.0	3027141024
JG0139b	X	152166680	T:AG[T>C]CT	1	27178.0	3027168202
JG0139b	X	152382401	T:TA[T>C]CA	1	215721.0	3027383923
JG0139b	X	152410098	U:AC[T>C]TA	-1	27697.0	3027411620
JG0139b	X	152474648	N:AC[T>C]AC	1	64550.0	3027476170
JG0139b	X	152539665	N:TC[T>C]GG	-1	65017.0	3027541187
JG0139b	X	152602806	N:AC[T>C]TT	-1	63141.0	3027604328
JG0139b	X	152615673	N:TC[T>A]TG	-1	12867.0	3027617195
JG0139b	X	152656103	T:AC[T>C]CA	-1	40430.0	3027657625
JG0139b	X	152913973	N:CC[T>G]TG	-1	257870.0	3027915495
JG0139b	X	152978452	N:AC[T>C]CA	1	64479.0	3027979974
JG0139b	X	153096738	N:GC[T>A]TG	1	118286.0	3028098260
JG0139b	X	153171841	N:AC[T>A]TG	-1	75103.0	3028173363
JG0139b	X	153178212	N:CC[T>G]TC	1	6371.0	3028179734
JG0139b	X	153178802	N:AC[T>C]TA	1	590.0	3028180324
JG0139b	X	153311258	N:AC[T>G]TG	-1	132456.0	3028312780
JG0139b	X	153399440	U:GC[T>A]CA	-1	88182.0	3028400962
JG0139b	X	154895942	U:AG[T>G]TA	-1	1496502.0	3029897464
JG0139b	X	154904383	U:AC[T>G]TC	-1	8441.0	3029905905
JG0139b	X	155438571	N:AC[T>C]TG	-1	534188.0	3030440093
JG0139b	X	155440390	N:AC[T>G]CA	-1	1819.0	3030441912
JG0139b	X	155442578	N:AC[T>A]GG	-1	2188.0	3030444100
JG0139b	X	155445670	N:TC[T>G]TG	-1	3092.0	3030447192
JG0139b	X	155776449	U:TC[T>C]CT	1	330779.0	3030777971
JG0139b	X	155981454	N:AG[T>G]TA	-1	205005.0	3030982976
