sample	chr	start	mutation	strand	dist_to_previous	start_cumulative
JG0139e	1	1366116	N:CG[T>C]TT	-1		1366116
JG0139e	1	2157593	U:TA[T>G]TT	1	791477.0	2157593
JG0139e	1	4214631	N:AC[T>C]CC	-1	2057038.0	4214631
JG0139e	1	4322980	N:CC[T>A]TG	-1	108349.0	4322980
JG0139e	1	4551296	N:TC[T>A]TG	-1	228316.0	4551296
JG0139e	1	4810438	N:GC[T>C]TA	-1	259142.0	4810438
JG0139e	1	4957415	N:CC[T>C]GG	1	146977.0	4957415
JG0139e	1	5615717	N:TC[T>C]CA	1	658302.0	5615717
JG0139e	1	5684566	N:TC[T>C]CC	1	68849.0	5684566
JG0139e	1	5720115	N:TC[T>C]CT	1	35549.0	5720115
JG0139e	1	7590721	U:TT[C>A]AA	1	1870606.0	7590721
JG0139e	1	8205810	N:TC[T>G]TC	1	615089.0	8205810
JG0139e	1	8827246	N:TC[T>G]TG	-1	621436.0	8827246
JG0139e	1	9849385	U:GG[T>C]CT	-1	1022139.0	9849385
JG0139e	1	11254390	T:TC[T>G]CA	1	1405005.0	11254390
JG0139e	1	12206945	T:TC[T>C]GG	-1	952555.0	12206945
JG0139e	1	13812947	T:TG[T>A]CG	-1	1606002.0	13812947
JG0139e	1	13907589	U:TC[T>C]CT	1	94642.0	13907589
JG0139e	1	14335524	U:TC[T>G]TT	1	427935.0	14335524
JG0139e	1	14824340	U:AC[T>C]TC	1	488816.0	14824340
JG0139e	1	15182846	U:CC[T>G]CT	1	358506.0	15182846
JG0139e	1	15553343	U:TC[T>A]CC	1	370497.0	15553343
JG0139e	1	17184727	N:TC[T>G]TG	-1	1631384.0	17184727
JG0139e	1	18186753	U:AC[T>G]TC	1	1002026.0	18186753
JG0139e	1	18630320	N:AC[T>C]TG	-1	443567.0	18630320
JG0139e	1	19530623	T:TG[T>G]TA	-1	900303.0	19530623
JG0139e	1	19810227	N:AC[T>A]CC	-1	279604.0	19810227
JG0139e	1	20276435	N:AC[C>A]CA	-1	466208.0	20276435
JG0139e	1	21570667	T:AC[T>G]TG	-1	1294232.0	21570667
JG0139e	1	23305210	T:AA[T>G]TA	1	1734543.0	23305210
JG0139e	1	24410334	U:GC[T>C]CG	-1	1105124.0	24410334
JG0139e	1	24881951	N:AG[T>G]TA	1	471617.0	24881951
JG0139e	1	25005362	N:AC[T>C]TG	1	123411.0	25005362
JG0139e	1	26065650	T:AC[T>G]CA	1	1060288.0	26065650
JG0139e	1	26690879	N:TC[T>G]TA	-1	625229.0	26690879
JG0139e	1	27894048	T:TC[T>G]TG	1	1203169.0	27894048
JG0139e	1	28176221	T:GA[T>G]TG	1	282173.0	28176221
JG0139e	1	28564708	T:AC[T>C]CA	-1	388487.0	28564708
JG0139e	1	28872613	N:TC[T>C]CA	-1	307905.0	28872613
JG0139e	1	28994421	U:CC[T>G]CG	1	121808.0	28994421
JG0139e	1	29223608	U:TC[T>C]TG	-1	229187.0	29223608
JG0139e	1	29775210	N:CC[T>G]TA	1	551602.0	29775210
JG0139e	1	30033382	N:TC[T>G]CA	1	258172.0	30033382
JG0139e	1	30118235	N:GC[T>C]CA	-1	84853.0	30118235
JG0139e	1	30430149	N:TC[T>C]TG	-1	311914.0	30430149
JG0139e	1	30823477	N:AC[T>C]TG	-1	393328.0	30823477
JG0139e	1	31253157	N:CC[T>C]CC	-1	429680.0	31253157
JG0139e	1	31442619	N:TG[T>G]TC	1	189462.0	31442619
JG0139e	1	32195019	T:AC[T>G]CA	-1	752400.0	32195019
JG0139e	1	32195402	T:AC[T>G]TA	-1	383.0	32195402
JG0139e	1	32411724	N:AC[T>G]CT	1	216322.0	32411724
JG0139e	1	32412280	N:GG[T>G]GA	1	556.0	32412280
JG0139e	1	32557552	U:AC[T>A]CC	1	145272.0	32557552
JG0139e	1	32615807	T:AC[T>G]TA	1	58255.0	32615807
JG0139e	1	33093389	T:GC[T>G]TC	-1	477582.0	33093389
JG0139e	1	34666449	N:GG[C>G]CA	-1	1573060.0	34666449
JG0139e	1	34779077	N:TC[T>C]CA	-1	112628.0	34779077
JG0139e	1	35059144	U:TC[T>A]TT	1	280067.0	35059144
JG0139e	1	35700011	N:TG[T>G]AT	-1	640867.0	35700011
JG0139e	1	36046491	T:TC[T>C]CA	-1	346480.0	36046491
JG0139e	1	36479393	T:GC[T>G]TC	1	432902.0	36479393
JG0139e	1	36690180	N:CC[T>G]TA	1	210787.0	36690180
JG0139e	1	36927730	U:GC[T>C]TT	-1	237550.0	36927730
JG0139e	1	36968434	T:TG[T>G]TA	1	40704.0	36968434
JG0139e	1	38151401	N:GC[T>G]TT	1	1182967.0	38151401
JG0139e	1	38270289	N:GG[T>G]TC	1	118888.0	38270289
JG0139e	1	38337105	N:TG[C>G]CC	1	66816.0	38337105
JG0139e	1	38510231	N:TT[T>C]TG	-1	173126.0	38510231
JG0139e	1	38661688	N:TC[T>C]TT	-1	151457.0	38661688
JG0139e	1	39426829	U:TG[T>G]TT	1	765141.0	39426829
JG0139e	1	39454340	U:GA[T>G]TT	1	27511.0	39454340
JG0139e	1	40328614	N:TC[T>A]TG	1	874274.0	40328614
JG0139e	1	40724893	U:CA[C>T]TT	1	396279.0	40724893
JG0139e	1	40740727	T:GC[T>G]TA	-1	15834.0	40740727
JG0139e	1	40949498	N:CC[T>G]TG	-1	208771.0	40949498
JG0139e	1	41110159	U:TC[T>C]TG	-1	160661.0	41110159
JG0139e	1	41550578	U:TC[T>C]TC	-1	440419.0	41550578
JG0139e	1	42038538	N:AA[T>A]TT	-1	487960.0	42038538
JG0139e	1	44975514	U:AC[T>G]TA	-1	2936976.0	44975514
JG0139e	1	45038534	U:TC[T>C]TG	-1	63020.0	45038534
JG0139e	1	45706810	U:TG[T>G]TA	-1	668276.0	45706810
JG0139e	1	46524311	N:GC[T>A]CC	1	817501.0	46524311
JG0139e	1	46771869	N:AG[T>A]TG	-1	247558.0	46771869
JG0139e	1	47283519	T:AG[T>G]TG	1	511650.0	47283519
JG0139e	1	47390337	N:CC[T>C]TG	-1	106818.0	47390337
JG0139e	1	47809159	T:AC[T>C]CT	1	418822.0	47809159
JG0139e	1	47833939	T:TC[T>C]CA	1	24780.0	47833939
JG0139e	1	47883227	T:GG[T>G]TA	1	49288.0	47883227
JG0139e	1	48414636	U:TG[T>C]GA	-1	531409.0	48414636
JG0139e	1	48509833	N:TA[T>G]TG	1	95197.0	48509833
JG0139e	1	48939022	T:AC[T>G]TA	1	429189.0	48939022
JG0139e	1	48976106	U:TC[T>G]TG	-1	37084.0	48976106
JG0139e	1	49085879	T:AC[T>A]CT	1	109773.0	49085879
JG0139e	1	49299239	U:AA[T>G]TG	-1	213360.0	49299239
JG0139e	1	49340307	U:TC[T>G]TA	-1	41068.0	49340307
JG0139e	1	49810395	U:TC[T>C]TT	-1	470088.0	49810395
JG0139e	1	49821039	T:TA[T>G]TA	1	10644.0	49821039
JG0139e	1	49825055	U:GG[T>C]GA	-1	4016.0	49825055
JG0139e	1	49981782	T:CC[T>G]AA	1	156727.0	49981782
JG0139e	1	50087270	T:GC[T>G]TC	-1	105488.0	50087270
JG0139e	1	50155234	U:TC[T>G]CA	1	67964.0	50155234
JG0139e	1	50223236	N:AA[T>G]TT	1	68002.0	50223236
JG0139e	1	50884589	T:CC[T>G]TG	1	661353.0	50884589
JG0139e	1	50961288	U:CC[T>G]CG	1	76699.0	50961288
JG0139e	1	51973795	U:TC[T>C]TT	-1	1012507.0	51973795
JG0139e	1	52010063	N:TC[T>G]TT	-1	36268.0	52010063
JG0139e	1	53119619	T:GC[T>G]GG	1	1109556.0	53119619
JG0139e	1	54689277	T:CC[T>G]TA	-1	1569658.0	54689277
JG0139e	1	54738783	U:GC[T>G]TC	1	49506.0	54738783
JG0139e	1	54805594	N:TC[T>C]GG	-1	66811.0	54805594
JG0139e	1	55299579	N:AC[T>G]TA	1	493985.0	55299579
JG0139e	1	55414233	N:AA[T>C]TT	-1	114654.0	55414233
JG0139e	1	55479295	N:GC[T>C]GA	1	65062.0	55479295
JG0139e	1	55528574	N:AG[T>G]TT	1	49279.0	55528574
JG0139e	1	55899388	N:TC[T>C]TA	1	370814.0	55899388
JG0139e	1	56023730	N:AG[T>C]TA	1	124342.0	56023730
JG0139e	1	56039450	N:AC[T>C]GA	1	15720.0	56039450
JG0139e	1	56085522	N:AA[T>G]CT	1	46072.0	56085522
JG0139e	1	56135735	N:AC[T>G]GG	1	50213.0	56135735
JG0139e	1	56251266	N:AC[T>G]TA	1	115531.0	56251266
JG0139e	1	56528986	U:TG[T>G]TA	-1	277720.0	56528986
JG0139e	1	56818994	U:CC[T>C]GA	-1	290008.0	56818994
JG0139e	1	56819214	U:AC[T>C]TG	-1	220.0	56819214
JG0139e	1	56933095	T:AG[T>G]TT	1	113881.0	56933095
JG0139e	1	57209981	T:GC[T>G]TC	1	276886.0	57209981
JG0139e	1	57419115	U:TC[T>C]GT	-1	209134.0	57419115
JG0139e	1	57535457	N:AT[T>G]TT	1	116342.0	57535457
JG0139e	1	58017420	N:CC[T>C]CA	1	481963.0	58017420
JG0139e	1	58305817	N:TC[T>G]TT	-1	288397.0	58305817
JG0139e	1	58341232	N:TC[T>C]CT	1	35415.0	58341232
JG0139e	1	58390171	N:GC[T>G]CC	1	48939.0	58390171
JG0139e	1	58719080	N:CA[T>G]TA	-1	328909.0	58719080
JG0139e	1	59545852	U:GC[T>G]TT	1	826772.0	59545852
JG0139e	1	59701508	T:AT[T>G]TT	-1	155656.0	59701508
JG0139e	1	60038213	U:TT[T>G]TA	-1	336705.0	60038213
JG0139e	1	60294175	N:TC[T>C]CA	1	255962.0	60294175
JG0139e	1	60416749	N:CC[T>C]TC	-1	122574.0	60416749
JG0139e	1	60429126	N:GC[T>G]TT	-1	12377.0	60429126
JG0139e	1	60437272	N:AG[T>C]TG	1	8146.0	60437272
JG0139e	1	60685108	N:CC[T>G]GA	1	247836.0	60685108
JG0139e	1	61633947	N:GG[T>G]TA	1	948839.0	61633947
JG0139e	1	62794492	U:TC[T>G]TA	1	1160545.0	62794492
JG0139e	1	62997197	N:GC[T>A]TA	-1	202705.0	62997197
JG0139e	1	63272185	N:CC[T>G]TG	1	274988.0	63272185
JG0139e	1	63482058	U:GC[T>C]CA	-1	209873.0	63482058
JG0139e	1	63886482	T:CC[T>G]TC	-1	404424.0	63886482
JG0139e	1	64409140	N:CC[T>C]CA	-1	522658.0	64409140
JG0139e	1	64413272	N:GA[T>G]TA	1	4132.0	64413272
JG0139e	1	64616507	U:GC[T>C]TG	1	203235.0	64616507
JG0139e	1	65206917	U:AC[T>G]TA	1	590410.0	65206917
JG0139e	1	65759027	N:AC[T>C]CA	1	552110.0	65759027
JG0139e	1	65868356	T:TC[T>G]TG	-1	109329.0	65868356
JG0139e	1	65888137	U:AG[T>G]TA	1	19781.0	65888137
JG0139e	1	66023281	U:CC[T>G]TT	1	135144.0	66023281
JG0139e	1	66631325	U:TG[T>A]TG	1	608044.0	66631325
JG0139e	1	67825714	U:CC[T>C]TG	-1	1194389.0	67825714
JG0139e	1	68038501	N:AC[T>G]TA	-1	212787.0	68038501
JG0139e	1	68608177	N:TC[T>C]CA	-1	569676.0	68608177
JG0139e	1	69207779	N:TC[T>G]TC	-1	599602.0	69207779
JG0139e	1	69870103	T:TC[T>C]CT	-1	662324.0	69870103
JG0139e	1	70271537	U:TC[T>C]CA	-1	401434.0	70271537
JG0139e	1	71009434	T:AC[T>G]TG	1	737897.0	71009434
JG0139e	1	71130064	N:AC[T>G]TA	1	120630.0	71130064
JG0139e	1	71137528	N:TC[T>G]TG	1	7464.0	71137528
JG0139e	1	71635399	U:TC[T>G]TC	-1	497871.0	71635399
JG0139e	1	71785914	T:TC[T>C]CA	1	150515.0	71785914
JG0139e	1	72650392	N:AC[T>C]CG	1	864478.0	72650392
JG0139e	1	72794893	N:AC[T>G]TA	-1	144501.0	72794893
JG0139e	1	73068340	N:AC[T>A]TT	1	273447.0	73068340
JG0139e	1	74506649	B:TC[T>C]CA	1	1438309.0	74506649
JG0139e	1	74729298	T:AG[T>G]TA	1	222649.0	74729298
JG0139e	1	74919346	N:CC[T>G]TA	-1	190048.0	74919346
JG0139e	1	75001962	N:TC[T>A]CC	1	82616.0	75001962
JG0139e	1	75162824	N:AA[T>C]TG	1	160862.0	75162824
JG0139e	1	75231478	T:TT[T>G]TC	1	68654.0	75231478
JG0139e	1	75326521	T:GG[T>G]TA	1	95043.0	75326521
JG0139e	1	75439100	T:CC[T>G]TC	1	112579.0	75439100
JG0139e	1	75505462	T:AC[T>G]TT	1	66362.0	75505462
JG0139e	1	76068993	N:TC[T>C]CA	-1	563531.0	76068993
JG0139e	1	76163300	U:TA[T>G]TA	1	94307.0	76163300
JG0139e	1	76186600	U:GC[T>G]TA	1	23300.0	76186600
JG0139e	1	76524248	T:TG[T>C]AA	-1	337648.0	76524248
JG0139e	1	76928621	U:AT[T>G]TG	1	404373.0	76928621
JG0139e	1	77019753	U:AC[T>C]CA	1	91132.0	77019753
JG0139e	1	77622770	T:AA[C>G]TA	1	603017.0	77622770
JG0139e	1	77622813	T:AA[T>G]TC	1	43.0	77622813
JG0139e	1	78578139	N:TC[T>C]TA	1	955326.0	78578139
JG0139e	1	78696504	N:GA[T>A]TG	1	118365.0	78696504
JG0139e	1	78730350	N:AG[T>G]TA	1	33846.0	78730350
JG0139e	1	78805972	N:AC[T>G]TA	1	75622.0	78805972
JG0139e	1	79120929	N:AC[T>C]GA	1	314957.0	79120929
JG0139e	1	80012629	N:AA[T>G]CT	1	891700.0	80012629
JG0139e	1	80173907	N:TC[T>C]AA	-1	161278.0	80173907
JG0139e	1	80200938	N:TC[T>G]TA	1	27031.0	80200938
JG0139e	1	81337906	U:TA[C>A]AA	1	1136968.0	81337906
JG0139e	1	82534294	N:AT[C>G]TT	1	1196388.0	82534294
JG0139e	1	83070783	N:GG[T>G]TG	-1	536489.0	83070783
JG0139e	1	83071022	N:TC[T>C]TA	-1	239.0	83071022
JG0139e	1	84850789	U:GG[C>G]CT	-1	1779767.0	84850789
JG0139e	1	84850829	T:AG[T>G]TA	1	40.0	84850829
JG0139e	1	84890549	T:GC[T>C]TG	1	39720.0	84890549
JG0139e	1	85074611	U:CC[T>G]TG	1	184062.0	85074611
JG0139e	1	85357986	U:AC[T>C]TG	-1	283375.0	85357986
JG0139e	1	85607570	N:AG[T>G]CA	1	249584.0	85607570
JG0139e	1	85919816	U:TT[T>G]TA	-1	312246.0	85919816
JG0139e	1	86409108	N:AG[C>T]TC	1	489292.0	86409108
JG0139e	1	86432154	U:TC[T>G]TA	1	23046.0	86432154
JG0139e	1	86571729	T:CA[C>A]AA	-1	139575.0	86571729
JG0139e	1	86571759	U:GC[T>G]CA	1	30.0	86571759
JG0139e	1	88188759	N:AG[T>C]CA	-1	1617000.0	88188759
JG0139e	1	88382399	N:CA[C>A]AA	1	193640.0	88382399
JG0139e	1	90094598	N:AG[T>G]TT	1	1712199.0	90094598
JG0139e	1	90288813	N:TC[T>G]TA	-1	194215.0	90288813
JG0139e	1	90451132	N:GC[T>C]TA	-1	162319.0	90451132
JG0139e	1	91172903	N:AC[T>C]AA	1	721771.0	91172903
JG0139e	1	91272168	T:AG[T>G]TA	1	99265.0	91272168
JG0139e	1	92020337	N:GC[T>G]TA	1	748169.0	92020337
JG0139e	1	92167356	U:CC[C>A]TG	1	147019.0	92167356
JG0139e	1	93208515	U:TC[T>C]CG	1	1041159.0	93208515
JG0139e	1	93654630	T:GC[T>G]CA	1	446115.0	93654630
JG0139e	1	93689902	T:GC[T>C]TG	1	35272.0	93689902
JG0139e	1	93865261	N:CC[T>G]TC	1	175359.0	93865261
JG0139e	1	94039620	T:AC[T>G]TG	1	174359.0	94039620
JG0139e	1	94771409	N:TA[T>G]TA	-1	731789.0	94771409
JG0139e	1	94856334	T:CC[T>G]TA	-1	84925.0	94856334
JG0139e	1	96372187	N:TC[T>G]TA	-1	1515853.0	96372187
JG0139e	1	96404138	N:TC[T>G]TT	-1	31951.0	96404138
JG0139e	1	97234041	T:AC[T>C]TT	1	829903.0	97234041
JG0139e	1	97434232	U:TA[C>G]TG	-1	200191.0	97434232
JG0139e	1	98240280	N:GC[T>C]TA	1	806048.0	98240280
JG0139e	1	98472059	N:TC[T>C]CG	1	231779.0	98472059
JG0139e	1	98761970	N:CC[T>C]CC	1	289911.0	98761970
JG0139e	1	99065625	N:TC[T>C]TA	1	303655.0	99065625
JG0139e	1	99592241	N:TC[T>G]TA	-1	526616.0	99592241
JG0139e	1	99912901	T:TC[T>G]TT	-1	320660.0	99912901
JG0139e	1	101016843	T:GG[T>G]TA	1	1103942.0	101016843
JG0139e	1	101211085	N:TC[T>A]TA	1	194242.0	101211085
JG0139e	1	102091115	N:TC[T>G]TG	1	880030.0	102091115
JG0139e	1	102554004	N:TA[T>G]TA	1	462889.0	102554004
JG0139e	1	102716641	N:CC[T>A]TG	1	162637.0	102716641
JG0139e	1	103136910	N:AC[T>C]GG	-1	420269.0	103136910
JG0139e	1	103256924	N:AG[C>A]AA	-1	120014.0	103256924
JG0139e	1	103256925	N:TG[C>T]TA	1	1.0	103256925
JG0139e	1	103273980	N:GC[T>G]TA	-1	17055.0	103273980
JG0139e	1	104053012	N:TC[T>C]CA	1	779032.0	104053012
JG0139e	1	104450915	N:AT[C>A]TT	1	397903.0	104450915
JG0139e	1	104862956	N:AA[T>C]TG	1	412041.0	104862956
JG0139e	1	105209073	N:AC[T>G]CC	1	346117.0	105209073
JG0139e	1	106032283	N:AT[T>G]TA	1	823210.0	106032283
JG0139e	1	106036817	N:AG[C>A]CA	1	4534.0	106036817
JG0139e	1	106620450	N:TC[T>C]CA	-1	583633.0	106620450
JG0139e	1	106656414	N:GC[T>C]GG	1	35964.0	106656414
JG0139e	1	106798714	N:TC[T>C]CA	1	142300.0	106798714
JG0139e	1	107725630	T:CC[T>G]CA	1	926916.0	107725630
JG0139e	1	107788191	T:AC[T>G]TG	1	62561.0	107788191
JG0139e	1	108095745	N:AA[C>T]TT	1	307554.0	108095745
JG0139e	1	108479719	N:TG[T>A]GA	-1	383974.0	108479719
JG0139e	1	109200160	T:AC[T>C]TT	-1	720441.0	109200160
JG0139e	1	109201202	T:TC[T>C]TA	-1	1042.0	109201202
JG0139e	1	109781025	N:AC[T>C]GT	-1	579823.0	109781025
JG0139e	1	110550152	N:AG[T>A]CA	1	769127.0	110550152
JG0139e	1	110831147	N:AC[T>G]TA	-1	280995.0	110831147
JG0139e	1	110904081	N:CT[T>A]AT	1	72934.0	110904081
JG0139e	1	111158544	U:AC[T>C]CA	1	254463.0	111158544
JG0139e	1	111330530	N:AC[T>C]CT	1	171986.0	111330530
JG0139e	1	111341697	N:AG[T>G]TT	1	11167.0	111341697
JG0139e	1	111387657	N:AC[T>G]AA	-1	45960.0	111387657
JG0139e	1	111387662	N:GC[T>A]AA	1	5.0	111387662
JG0139e	1	111515290	T:CC[T>G]GA	1	127628.0	111515290
JG0139e	1	111815918	U:GG[C>A]AG	-1	300628.0	111815918
JG0139e	1	112696223	U:TC[T>G]TA	1	880305.0	112696223
JG0139e	1	113341953	N:TT[T>G]TT	-1	645730.0	113341953
JG0139e	1	113342372	N:AC[T>C]TG	-1	419.0	113342372
JG0139e	1	113963231	T:AC[T>G]TT	-1	620859.0	113963231
JG0139e	1	114181129	N:TC[T>C]TG	1	217898.0	114181129
JG0139e	1	114222776	N:AC[T>G]TC	1	41647.0	114222776
JG0139e	1	115587042	N:TC[T>C]CA	1	1364266.0	115587042
JG0139e	1	115728074	U:TG[T>G]TC	-1	141032.0	115728074
JG0139e	1	116176486	N:CC[T>C]TA	-1	448412.0	116176486
JG0139e	1	117254042	N:GC[T>C]TG	1	1077556.0	117254042
JG0139e	1	118347558	N:AG[T>G]GA	1	1093516.0	118347558
JG0139e	1	118547065	N:TC[T>C]AT	-1	199507.0	118547065
JG0139e	1	118910215	T:GT[T>G]TT	1	363150.0	118910215
JG0139e	1	119805550	T:AC[T>C]TG	1	895335.0	119805550
JG0139e	1	119921709	T:CC[T>G]CA	1	116159.0	119921709
JG0139e	1	143543741	N:AC[T>G]TA	1	23622032.0	143543741
JG0139e	1	147902021	N:GC[T>A]CA	-1	4358280.0	147902021
JG0139e	1	150838195	T:AC[T>G]TG	1	2936174.0	150838195
JG0139e	1	151226305	U:TC[T>G]TG	1	388110.0	151226305
JG0139e	1	151477439	N:GC[T>G]TG	-1	251134.0	151477439
JG0139e	1	152009761	N:AC[T>C]TG	-1	532322.0	152009761
JG0139e	1	152298881	N:TC[T>A]TG	-1	289120.0	152298881
JG0139e	1	152304172	T:TC[T>C]TG	1	5291.0	152304172
JG0139e	1	153036554	N:AC[T>A]CT	1	732382.0	153036554
JG0139e	1	153183103	N:TC[T>G]TG	1	146549.0	153183103
JG0139e	1	153904833	U:GC[T>C]CG	-1	721730.0	153904833
JG0139e	1	154106546	T:AC[T>G]TG	1	201713.0	154106546
JG0139e	1	155410623	U:GC[T>A]CA	-1	1304077.0	155410623
JG0139e	1	156614980	N:TC[T>G]CA	-1	1204357.0	156614980
JG0139e	1	156648774	U:GC[T>C]TG	1	33794.0	156648774
JG0139e	1	156749428	U:TG[T>G]TA	-1	100654.0	156749428
JG0139e	1	156794077	U:AG[C>A]CT	1	44649.0	156794077
JG0139e	1	157828561	N:AC[T>C]CA	1	1034484.0	157828561
JG0139e	1	157847255	N:AC[T>C]TG	1	18694.0	157847255
JG0139e	1	157959020	N:TC[T>A]TT	1	111765.0	157959020
JG0139e	1	158110387	N:TT[T>G]TA	1	151367.0	158110387
JG0139e	1	158522355	N:GC[C>T]AA	-1	411968.0	158522355
JG0139e	1	158847720	U:TC[T>G]TT	1	325365.0	158847720
JG0139e	1	158847861	U:AC[T>C]GA	1	141.0	158847861
JG0139e	1	159616118	N:GC[T>C]CC	1	768257.0	159616118
JG0139e	1	160163633	T:GG[T>C]TA	-1	547515.0	160163633
JG0139e	1	162420693	N:AC[T>C]TG	1	2257060.0	162420693
JG0139e	1	162467071	N:TC[T>G]TG	1	46378.0	162467071
JG0139e	1	163108280	N:TC[T>C]TT	-1	641209.0	163108280
JG0139e	1	163203088	T:GC[T>A]TT	1	94808.0	163203088
JG0139e	1	163348595	T:AG[T>C]TT	-1	145507.0	163348595
JG0139e	1	163634900	N:CT[C>A]AA	-1	286305.0	163634900
JG0139e	1	164260780	N:TC[T>C]CA	1	625880.0	164260780
JG0139e	1	164354620	N:AC[T>C]CA	1	93840.0	164354620
JG0139e	1	165458742	N:AC[T>G]TT	-1	1104122.0	165458742
JG0139e	1	165622962	N:GC[T>G]TT	1	164220.0	165622962
JG0139e	1	166172478	N:AC[T>C]CA	1	549516.0	166172478
JG0139e	1	167088231	U:AG[T>G]TA	-1	915753.0	167088231
JG0139e	1	169851565	B:GC[T>G]TA	1	2763334.0	169851565
JG0139e	1	170804451	N:TC[T>A]TG	1	952886.0	170804451
JG0139e	1	170871849	N:GG[T>G]TA	1	67398.0	170871849
JG0139e	1	170917798	N:GC[T>C]GG	1	45949.0	170917798
JG0139e	1	172919563	N:AC[T>C]TA	-1	2001765.0	172919563
JG0139e	1	173736711	U:CC[T>G]CA	1	817148.0	173736711
JG0139e	1	174260042	U:GG[T>C]CA	1	523331.0	174260042
JG0139e	1	174286570	T:AC[T>C]GG	-1	26528.0	174286570
JG0139e	1	174863623	T:TC[T>C]CG	-1	577053.0	174863623
JG0139e	1	174895727	T:CA[T>G]TC	-1	32104.0	174895727
JG0139e	1	175239239	N:CC[T>G]TA	-1	343512.0	175239239
JG0139e	1	175366813	T:CC[T>G]TC	1	127574.0	175366813
JG0139e	1	175500083	T:AC[T>C]TG	1	133270.0	175500083
JG0139e	1	176201996	T:GC[T>A]CA	1	701913.0	176201996
JG0139e	1	176323943	N:AC[T>G]GA	1	121947.0	176323943
JG0139e	1	176533441	U:TC[T>C]TC	1	209498.0	176533441
JG0139e	1	176831833	U:AG[T>C]CA	1	298392.0	176831833
JG0139e	1	176905671	T:AT[T>A]TG	1	73838.0	176905671
JG0139e	1	176989906	T:TC[T>C]TA	1	84235.0	176989906
JG0139e	1	177109861	T:GC[T>G]TT	1	119955.0	177109861
JG0139e	1	177509566	N:GC[T>C]CA	1	399705.0	177509566
JG0139e	1	177621827	N:GG[T>A]TC	1	112261.0	177621827
JG0139e	1	178463118	T:TC[T>C]TA	-1	841291.0	178463118
JG0139e	1	179193340	T:AC[T>G]CA	1	730222.0	179193340
JG0139e	1	179338540	T:TA[C>G]AT	-1	145200.0	179338540
JG0139e	1	179932930	N:TA[C>A]TA	-1	594390.0	179932930
JG0139e	1	180450038	U:TC[T>G]TA	-1	517108.0	180450038
JG0139e	1	180615846	N:AC[T>A]TG	1	165808.0	180615846
JG0139e	1	181264544	N:CC[T>G]TA	-1	648698.0	181264544
JG0139e	1	181325185	U:TG[T>G]TC	1	60641.0	181325185
JG0139e	1	181453720	T:TC[T>A]CC	-1	128535.0	181453720
JG0139e	1	181732725	T:GC[T>A]CC	-1	279005.0	181732725
JG0139e	1	181899471	N:AC[T>G]TA	1	166746.0	181899471
JG0139e	1	182055137	T:AG[T>G]TG	1	155666.0	182055137
JG0139e	1	182056665	T:AC[T>A]TG	1	1528.0	182056665
JG0139e	1	182695402	N:AC[T>C]CA	1	638737.0	182695402
JG0139e	1	182753334	N:AG[T>C]CC	1	57932.0	182753334
JG0139e	1	183213057	T:AC[T>C]CT	-1	459723.0	183213057
JG0139e	1	183409543	T:CC[T>G]TG	1	196486.0	183409543
JG0139e	1	183784167	T:AC[T>G]TC	-1	374624.0	183784167
JG0139e	1	184119390	N:GC[T>C]TA	1	335223.0	184119390
JG0139e	1	184202517	N:GT[C>G]CA	-1	83127.0	184202517
JG0139e	1	184945547	U:GC[T>C]TG	-1	743030.0	184945547
JG0139e	1	185217045	T:TC[T>C]TG	-1	271498.0	185217045
JG0139e	1	185236171	U:AC[T>G]TT	1	19126.0	185236171
JG0139e	1	186062271	U:AT[T>G]TG	1	826100.0	186062271
JG0139e	1	186259247	N:GC[T>C]TA	-1	196976.0	186259247
JG0139e	1	186427192	N:TC[T>C]TT	1	167945.0	186427192
JG0139e	1	186899006	T:GA[T>G]TC	-1	471814.0	186899006
JG0139e	1	187257218	N:AA[T>C]TA	1	358212.0	187257218
JG0139e	1	188014349	N:TT[T>A]TG	1	757131.0	188014349
JG0139e	1	189025459	N:AC[T>A]CA	1	1011110.0	189025459
JG0139e	1	192983578	N:TC[T>C]CC	-1	3958119.0	192983578
JG0139e	1	193627072	N:TC[T>G]TT	-1	643494.0	193627072
JG0139e	1	194732605	N:TC[T>G]AG	1	1105533.0	194732605
JG0139e	1	196058632	N:AC[T>A]CA	-1	1326027.0	196058632
JG0139e	1	197380470	T:TA[C>T]CC	-1	1321838.0	197380470
JG0139e	1	198515530	N:TC[T>G]TC	-1	1135060.0	198515530
JG0139e	1	200676478	N:AC[T>G]TC	-1	2160948.0	200676478
JG0139e	1	202075639	N:GC[T>A]GG	1	1399161.0	202075639
JG0139e	1	203138321	U:GG[T>C]GG	1	1062682.0	203138321
JG0139e	1	203487941	T:AC[T>G]AG	-1	349620.0	203487941
JG0139e	1	207756120	T:AC[T>G]CA	-1	4268179.0	207756120
JG0139e	1	207783845	T:AC[T>G]TG	-1	27725.0	207783845
JG0139e	1	208586341	N:AG[T>G]TT	-1	802496.0	208586341
JG0139e	1	208663877	N:TC[T>C]CA	-1	77536.0	208663877
JG0139e	1	208794426	N:TC[T>C]GA	-1	130549.0	208794426
JG0139e	1	209575141	N:AC[T>A]TG	1	780715.0	209575141
JG0139e	1	209928872	N:TC[T>C]TA	-1	353731.0	209928872
JG0139e	1	210413773	T:AG[T>G]GA	-1	484901.0	210413773
JG0139e	1	211451516	N:TC[T>G]TC	-1	1037743.0	211451516
JG0139e	1	212100244	U:TC[T>C]TT	1	648728.0	212100244
JG0139e	1	212400554	T:AC[T>C]TA	1	300310.0	212400554
JG0139e	1	213338659	N:TC[T>G]GG	1	938105.0	213338659
JG0139e	1	213390356	N:CC[T>C]CA	1	51697.0	213390356
JG0139e	1	213390357	N:CT[C>A]AT	1	1.0	213390357
JG0139e	1	213762797	N:GC[T>C]TA	1	372440.0	213762797
JG0139e	1	214319495	T:TC[T>G]TA	-1	556698.0	214319495
JG0139e	1	214758669	N:GA[T>C]CA	1	439174.0	214758669
JG0139e	1	214905130	N:AC[T>G]TA	-1	146461.0	214905130
JG0139e	1	215012922	U:TC[T>A]TG	1	107792.0	215012922
JG0139e	1	215016079	T:GC[T>G]TG	-1	3157.0	215016079
JG0139e	1	215135342	U:TC[T>C]CA	1	119263.0	215135342
JG0139e	1	215299529	N:TT[T>G]TA	-1	164187.0	215299529
JG0139e	1	215311610	N:TC[T>G]TA	-1	12081.0	215311610
JG0139e	1	215347492	N:AC[T>G]TA	1	35882.0	215347492
JG0139e	1	215620691	T:AC[T>G]AA	-1	273199.0	215620691
JG0139e	1	216144158	U:TC[T>C]CA	-1	523467.0	216144158
JG0139e	1	216461478	N:TC[T>G]TG	-1	317320.0	216461478
JG0139e	1	217712609	U:AC[T>G]TC	1	1251131.0	217712609
JG0139e	1	218860062	N:TC[T>G]CA	1	1147453.0	218860062
JG0139e	1	218951107	N:TT[T>A]GG	1	91045.0	218951107
JG0139e	1	219350848	N:GC[T>A]CA	1	399741.0	219350848
JG0139e	1	219466244	N:TC[T>G]TG	1	115396.0	219466244
JG0139e	1	219817260	N:AC[T>G]TC	-1	351016.0	219817260
JG0139e	1	220348515	N:TC[T>C]TG	1	531255.0	220348515
JG0139e	1	220661813	T:AC[T>C]TC	-1	313298.0	220661813
JG0139e	1	221011680	N:TG[T>G]TG	1	349867.0	221011680
JG0139e	1	221161563	N:TC[T>C]TC	-1	149883.0	221161563
JG0139e	1	221175482	N:TC[T>C]CT	-1	13919.0	221175482
JG0139e	1	221592703	N:TG[T>G]CA	-1	417221.0	221592703
JG0139e	1	221906267	N:CC[T>G]CA	-1	313564.0	221906267
JG0139e	1	221906269	N:AT[C>T]CT	-1	2.0	221906269
JG0139e	1	223139452	U:TC[T>A]CC	-1	1233183.0	223139452
JG0139e	1	224644169	U:CC[T>C]TG	1	1504717.0	224644169
JG0139e	1	225885718	N:CC[T>C]GA	-1	1241549.0	225885718
JG0139e	1	226207427	N:TC[T>C]CA	-1	321709.0	226207427
JG0139e	1	227111860	U:AG[T>G]TA	-1	904433.0	227111860
JG0139e	1	227723767	N:TC[T>G]TG	-1	611907.0	227723767
JG0139e	1	228122674	N:AC[T>C]TG	1	398907.0	228122674
JG0139e	1	228323263	U:AC[T>G]TG	1	200589.0	228323263
JG0139e	1	228330161	T:CC[T>G]CA	-1	6898.0	228330161
JG0139e	1	228475855	N:AC[T>G]TC	1	145694.0	228475855
JG0139e	1	229310522	N:GC[T>G]CA	-1	834667.0	229310522
JG0139e	1	229416388	N:AC[T>C]CA	1	105866.0	229416388
JG0139e	1	230023779	N:AG[T>G]TA	1	607391.0	230023779
JG0139e	1	230825183	N:GG[T>G]TC	-1	801404.0	230825183
JG0139e	1	232161767	N:AC[T>G]GA	1	1336584.0	232161767
JG0139e	1	233668420	T:AC[T>G]TG	-1	1506653.0	233668420
JG0139e	1	233728049	N:CA[T>G]TG	-1	59629.0	233728049
JG0139e	1	233813609	N:TC[T>C]TG	1	85560.0	233813609
JG0139e	1	233848901	N:TC[T>G]TT	-1	35292.0	233848901
JG0139e	1	233931724	T:TC[T>G]TC	-1	82823.0	233931724
JG0139e	1	234022739	T:TC[T>G]GA	-1	91015.0	234022739
JG0139e	1	234114391	T:CT[T>G]TC	-1	91652.0	234114391
JG0139e	1	234423694	T:GC[T>G]CA	1	309303.0	234423694
JG0139e	1	234629232	N:TC[T>C]CA	1	205538.0	234629232
JG0139e	1	235371589	U:GC[T>G]TG	1	742357.0	235371589
JG0139e	1	235921447	N:CC[T>G]CA	-1	549858.0	235921447
JG0139e	1	235954905	N:CC[T>G]TG	-1	33458.0	235954905
JG0139e	1	236066328	N:AC[T>C]TT	-1	111423.0	236066328
JG0139e	1	236472119	T:TC[T>G]CC	-1	405791.0	236472119
JG0139e	1	237046274	T:GC[T>G]GA	-1	574155.0	237046274
JG0139e	1	238716448	N:TC[T>G]TA	1	1670174.0	238716448
JG0139e	1	239451410	N:GC[T>C]CT	-1	734962.0	239451410
JG0139e	1	239986345	N:TC[T>C]TA	1	534935.0	239986345
JG0139e	1	240401449	U:AG[T>G]TT	1	415104.0	240401449
JG0139e	1	241075642	U:TG[T>G]AA	-1	674193.0	241075642
JG0139e	1	241119471	U:TC[T>G]AC	-1	43829.0	241119471
JG0139e	1	241646825	N:AC[T>A]TT	1	527354.0	241646825
JG0139e	1	241694083	U:TC[T>C]TG	1	47258.0	241694083
JG0139e	1	242176635	U:AC[T>C]GA	-1	482552.0	242176635
JG0139e	1	242468455	T:AC[T>A]TT	1	291820.0	242468455
JG0139e	1	242750052	N:AC[T>G]CA	-1	281597.0	242750052
JG0139e	1	243563453	U:TC[T>G]TG	-1	813401.0	243563453
JG0139e	1	244014395	N:CC[T>G]CA	1	450942.0	244014395
JG0139e	1	244057198	U:AA[T>G]TT	1	42803.0	244057198
JG0139e	1	244391507	N:AG[T>G]TA	-1	334309.0	244391507
JG0139e	1	244392555	N:AC[T>A]CA	-1	1048.0	244392555
JG0139e	1	244648124	N:AG[T>G]TT	1	255569.0	244648124
JG0139e	1	244748970	N:CC[T>G]TC	1	100846.0	244748970
JG0139e	1	244809378	N:AC[T>C]CG	-1	60408.0	244809378
JG0139e	1	244916791	N:TG[T>G]TG	-1	107413.0	244916791
JG0139e	1	246442337	T:GG[T>A]CA	1	1525546.0	246442337
JG0139e	1	246545353	U:GG[T>C]TT	-1	103016.0	246545353
JG0139e	1	247074415	U:AC[T>C]AG	-1	529062.0	247074415
JG0139e	1	247922660	N:TG[T>C]TT	1	848245.0	247922660
JG0139e	1	248152957	N:AT[T>G]TA	-1	230297.0	248152957
JG0139e	1	248466587	N:AG[T>G]TG	1	313630.0	248466587
JG0139e	1	248593675	U:TC[T>G]TC	-1	127088.0	248593675
JG0139e	1	248719258	N:GT[T>G]TT	-1	125583.0	248719258
JG0139e	1	248734622	N:AC[T>C]CA	-1	15364.0	248734622
JG0139e	1	248807891	N:TT[T>G]TT	-1	73269.0	248807891
JG0139e	1	248914476	T:GC[T>G]GA	-1	106585.0	248914476
JG0139e	1	248927546	N:GC[T>C]GA	-1	13070.0	248927546
JG0139e	2	25643	N:AC[T>G]TA	-1		248982065
JG0139e	2	218042	N:TC[C>A]TT	-1	192399.0	249174464
JG0139e	2	312934	N:CC[T>A]CC	-1	94892.0	249269356
JG0139e	2	375024	N:AC[T>A]TT	-1	62090.0	249331446
JG0139e	2	511946	N:AC[T>G]TA	-1	136922.0	249468368
JG0139e	2	735287	N:TC[T>C]CA	-1	223341.0	249691709
JG0139e	2	908591	N:GA[C>A]AG	-1	173304.0	249865013
JG0139e	2	952999	T:TC[T>G]TT	-1	44408.0	249909421
JG0139e	2	1018275	T:AC[T>G]TT	-1	65276.0	249974697
JG0139e	2	1066332	T:AG[T>G]TG	-1	48057.0	250022754
JG0139e	2	1249734	T:TC[T>C]TT	-1	183402.0	250206156
JG0139e	2	1309767	T:GC[T>G]TA	-1	60033.0	250266189
JG0139e	2	1739203	T:TC[T>C]GC	1	429436.0	250695625
JG0139e	2	1741213	U:TC[T>C]CA	-1	2010.0	250697635
JG0139e	2	2238450	U:AC[T>A]GA	-1	497237.0	251194872
JG0139e	2	2245320	U:AC[T>C]CT	-1	6870.0	251201742
JG0139e	2	2668072	N:TC[T>G]TA	-1	422752.0	251624494
JG0139e	2	2716983	N:TC[T>C]TG	-1	48911.0	251673405
JG0139e	2	2829105	N:AA[T>G]GA	-1	112122.0	251785527
JG0139e	2	3413645	T:TC[T>A]TT	-1	584540.0	252370067
JG0139e	2	3609664	T:TC[T>C]CA	-1	196019.0	252566086
JG0139e	2	3878315	N:TC[T>G]CA	-1	268651.0	252834737
JG0139e	2	3980790	N:GC[T>C]CT	-1	102475.0	252937212
JG0139e	2	3996468	N:AC[T>C]TG	-1	15678.0	252952890
JG0139e	2	4313220	N:AG[T>C]CG	-1	316752.0	253269642
JG0139e	2	4485889	N:AC[T>C]GG	-1	172669.0	253442311
JG0139e	2	4485940	N:GC[T>A]CA	-1	51.0	253442362
JG0139e	2	4504092	N:GG[T>A]TG	-1	18152.0	253460514
JG0139e	2	4678714	N:TC[T>G]TG	-1	174622.0	253635136
JG0139e	2	4781786	N:GC[T>C]TG	-1	103072.0	253738208
JG0139e	2	5218717	N:CC[T>A]CA	1	436931.0	254175139
JG0139e	2	5408712	N:TC[T>C]TG	-1	189995.0	254365134
JG0139e	2	6185477	N:AC[T>G]TA	-1	776765.0	255141899
JG0139e	2	6521284	N:TC[T>C]CA	1	335807.0	255477706
JG0139e	2	6870990	T:AC[T>C]TT	-1	349706.0	255827412
JG0139e	2	6881764	T:AC[T>A]TG	-1	10774.0	255838186
JG0139e	2	7462183	N:AA[T>G]TC	-1	580419.0	256418605
JG0139e	2	7516750	N:AC[T>G]TA	-1	54567.0	256473172
JG0139e	2	7666978	N:GC[T>C]TA	1	150228.0	256623400
JG0139e	2	7816865	N:TC[T>C]TG	-1	149887.0	256773287
JG0139e	2	7834717	N:AC[T>C]CA	-1	17852.0	256791139
JG0139e	2	7840458	N:TG[T>G]TA	1	5741.0	256796880
JG0139e	2	7962614	N:GA[T>G]TC	-1	122156.0	256919036
JG0139e	2	8131123	N:CT[T>G]TT	-1	168509.0	257087545
JG0139e	2	8297182	N:AC[T>G]TC	-1	166059.0	257253604
JG0139e	2	8335726	N:TC[T>A]CA	-1	38544.0	257292148
JG0139e	2	9569779	N:GG[T>A]TT	-1	1234053.0	258526201
JG0139e	2	10557073	N:AC[T>C]GG	-1	987294.0	259513495
JG0139e	2	10710541	N:AG[T>G]TA	1	153468.0	259666963
JG0139e	2	11623425	U:GC[T>C]TC	1	912884.0	260579847
JG0139e	2	11847860	N:AC[T>G]TG	-1	224435.0	260804282
JG0139e	2	12016681	N:TC[T>C]CA	-1	168821.0	260973103
JG0139e	2	12097722	N:TC[T>C]CA	-1	81041.0	261054144
JG0139e	2	12104708	N:AC[T>C]TG	-1	6986.0	261061130
JG0139e	2	12130587	N:AC[T>C]TG	-1	25879.0	261087009
JG0139e	2	12287711	N:TC[T>C]CA	-1	157124.0	261244133
JG0139e	2	12292879	N:TG[T>G]TC	-1	5168.0	261249301
JG0139e	2	12337019	N:AC[T>C]GG	-1	44140.0	261293441
JG0139e	2	12855029	N:TC[T>G]TA	-1	518010.0	261811451
JG0139e	2	13095569	N:CC[T>G]TG	-1	240540.0	262051991
JG0139e	2	13148795	N:GC[T>C]CA	-1	53226.0	262105217
JG0139e	2	13561709	N:CC[C>A]TC	1	412914.0	262518131
JG0139e	2	14541255	N:AC[T>C]CT	-1	979546.0	263497677
JG0139e	2	14719779	N:GC[T>C]GA	1	178524.0	263676201
JG0139e	2	14796535	N:AC[T>C]CA	-1	76756.0	263752957
JG0139e	2	14854904	N:AC[T>C]AG	1	58369.0	263811326
JG0139e	2	15089323	N:AG[T>G]TA	-1	234419.0	264045745
JG0139e	2	15343152	U:TC[T>G]TG	-1	253829.0	264299574
JG0139e	2	15621351	T:GC[T>C]TG	-1	278199.0	264577773
JG0139e	2	16439836	N:AC[T>C]TA	-1	818485.0	265396258
JG0139e	2	16551644	U:TA[T>G]TA	-1	111808.0	265508066
JG0139e	2	16758515	N:AC[T>G]TA	-1	206871.0	265714937
JG0139e	2	16799881	N:AG[T>G]TC	-1	41366.0	265756303
JG0139e	2	16825314	N:TC[T>C]CG	-1	25433.0	265781736
JG0139e	2	17065644	N:GA[T>A]CA	-1	240330.0	266022066
JG0139e	2	17351357	N:AG[T>G]TC	1	285713.0	266307779
JG0139e	2	18194499	N:TC[T>C]GA	-1	843142.0	267150921
JG0139e	2	18541826	N:TT[T>G]TA	1	347327.0	267498248
JG0139e	2	18655877	N:AC[T>C]TG	-1	114051.0	267612299
JG0139e	2	18817729	N:AC[T>C]TG	-1	161852.0	267774151
JG0139e	2	18855984	N:TC[T>G]TC	1	38255.0	267812406
JG0139e	2	18918476	N:AC[T>G]TG	-1	62492.0	267874898
JG0139e	2	18930986	N:AC[T>C]GC	-1	12510.0	267887408
JG0139e	2	19705950	N:TC[T>G]TA	1	774964.0	268662372
JG0139e	2	19786405	N:AT[T>G]TA	-1	80455.0	268742827
JG0139e	2	20398040	N:GC[T>G]TT	1	611635.0	269354462
JG0139e	2	20497886	N:AC[T>G]CA	-1	99846.0	269454308
JG0139e	2	20749842	U:TC[T>G]TT	-1	251956.0	269706264
JG0139e	2	20820225	U:GC[T>C]TG	-1	70383.0	269776647
JG0139e	2	20969399	N:AG[T>G]TT	-1	149174.0	269925821
JG0139e	2	21019182	U:TG[T>C]TT	-1	49783.0	269975604
JG0139e	2	21120102	N:GA[T>G]TA	1	100920.0	270076524
JG0139e	2	21149179	N:AC[T>C]CC	1	29077.0	270105601
JG0139e	2	21215291	N:TG[T>G]TT	1	66112.0	270171713
JG0139e	2	21469186	N:CC[T>G]TG	-1	253895.0	270425608
JG0139e	2	21584604	N:TC[T>C]TG	-1	115418.0	270541026
JG0139e	2	21627629	N:GC[T>C]CA	-1	43025.0	270584051
JG0139e	2	21671467	N:TC[T>C]CA	1	43838.0	270627889
JG0139e	2	21671825	N:TC[T>C]CA	-1	358.0	270628247
JG0139e	2	21757757	N:AC[T>G]TA	-1	85932.0	270714179
JG0139e	2	21802501	N:TC[T>G]TC	-1	44744.0	270758923
JG0139e	2	21981587	N:GC[T>C]TA	-1	179086.0	270938009
JG0139e	2	22184497	N:TC[T>G]TA	-1	202910.0	271140919
JG0139e	2	22200264	N:GC[T>A]TA	-1	15767.0	271156686
JG0139e	2	22221242	N:TC[T>C]TA	1	20978.0	271177664
JG0139e	2	22389208	N:TC[T>C]CT	-1	167966.0	271345630
JG0139e	2	22510763	N:GA[T>A]TA	-1	121555.0	271467185
JG0139e	2	22546427	N:AC[T>C]TC	-1	35664.0	271502849
JG0139e	2	22625572	N:TC[T>G]TT	-1	79145.0	271581994
JG0139e	2	23143758	N:AC[T>C]TG	-1	518186.0	272100180
JG0139e	2	23363535	N:CC[T>G]TG	1	219777.0	272319957
JG0139e	2	23467395	T:AC[T>C]AG	-1	103860.0	272423817
JG0139e	2	23499599	T:TC[T>C]CC	-1	32204.0	272456021
JG0139e	2	24425956	N:CC[T>A]TG	1	926357.0	273382378
JG0139e	2	24898103	T:GG[T>G]TC	1	472147.0	273854525
JG0139e	2	25699289	N:AC[T>G]TT	1	801186.0	274655711
JG0139e	2	25821259	U:TC[T>C]CA	-1	121970.0	274777681
JG0139e	2	25846565	T:AC[T>C]TG	1	25306.0	274802987
JG0139e	2	25963808	T:CC[T>A]CA	1	117243.0	274920230
JG0139e	2	26631667	T:AG[T>C]GG	1	667859.0	275588089
JG0139e	2	26685126	N:TC[T>C]CT	1	53459.0	275641548
JG0139e	2	26921202	U:GC[T>G]TA	1	236076.0	275877624
JG0139e	2	28179057	U:AC[T>A]TA	1	1257855.0	277135479
JG0139e	2	28218567	T:AC[T>C]CA	-1	39510.0	277174989
JG0139e	2	28673746	N:TC[T>C]TT	1	455179.0	277630168
JG0139e	2	29403557	U:GA[T>G]TA	-1	729811.0	278359979
JG0139e	2	29584092	U:TC[T>C]TG	-1	180535.0	278540514
JG0139e	2	29623595	U:AC[T>G]TA	-1	39503.0	278580017
JG0139e	2	29860351	T:CC[T>C]GA	1	236756.0	278816773
JG0139e	2	29964117	N:AC[T>C]TG	1	103766.0	278920539
JG0139e	2	30028849	N:CC[T>C]TG	-1	64732.0	278985271
JG0139e	2	30157919	U:TC[T>C]TT	1	129070.0	279114341
JG0139e	2	30328514	N:AG[T>G]TG	-1	170595.0	279284936
JG0139e	2	30407200	N:GC[T>C]CA	-1	78686.0	279363622
JG0139e	2	30750426	U:TC[T>G]TA	-1	343226.0	279706848
JG0139e	2	30779708	T:TC[T>C]TA	1	29282.0	279736130
JG0139e	2	30820864	N:AC[T>G]TA	-1	41156.0	279777286
JG0139e	2	30924521	U:TC[T>C]CA	-1	103657.0	279880943
JG0139e	2	31103432	U:AC[T>C]GG	-1	178911.0	280059854
JG0139e	2	31174668	N:TC[T>C]CA	-1	71236.0	280131090
JG0139e	2	31244877	T:TC[T>C]TA	-1	70209.0	280201299
JG0139e	2	31336294	U:AC[T>G]TT	-1	91417.0	280292716
JG0139e	2	31354905	U:TC[T>C]TG	-1	18611.0	280311327
JG0139e	2	31395456	U:TC[T>C]TA	-1	40551.0	280351878
JG0139e	2	31723277	N:CC[T>C]CA	1	327821.0	280679699
JG0139e	2	32109175	U:AT[T>G]TC	1	385898.0	281065597
JG0139e	2	32267625	N:AC[T>G]TT	-1	158450.0	281224047
JG0139e	2	32572725	T:AC[T>C]TG	-1	305100.0	281529147
JG0139e	2	32595432	U:AT[T>G]TC	1	22707.0	281551854
JG0139e	2	32717591	T:TC[T>A]TC	-1	122159.0	281674013
JG0139e	2	32777363	T:AC[T>G]TG	-1	59772.0	281733785
JG0139e	2	32992117	T:AC[T>G]GA	-1	214754.0	281948539
JG0139e	2	33117531	U:AC[T>G]TA	1	125414.0	282073953
JG0139e	2	33133715	T:GC[T>C]TT	-1	16184.0	282090137
JG0139e	2	33381869	T:AC[T>G]TG	-1	248154.0	282338291
JG0139e	2	33866494	N:GG[T>C]TA	-1	484625.0	282822916
JG0139e	2	33897031	N:TG[T>G]CC	-1	30537.0	282853453
JG0139e	2	33914910	N:GC[T>C]CT	-1	17879.0	282871332
JG0139e	2	34069790	N:TT[T>G]TG	-1	154880.0	283026212
JG0139e	2	34200310	N:AC[T>G]TA	-1	130520.0	283156732
JG0139e	2	34245302	N:TC[T>G]TG	-1	44992.0	283201724
JG0139e	2	34660361	N:AA[T>G]TA	-1	415059.0	283616783
JG0139e	2	34819393	N:CC[T>C]CA	-1	159032.0	283775815
JG0139e	2	35538374	N:TC[T>C]TG	-1	718981.0	284494796
JG0139e	2	35730227	N:AC[T>G]TA	-1	191853.0	284686649
JG0139e	2	35732135	N:TG[T>C]TT	-1	1908.0	284688557
JG0139e	2	35809269	N:TC[T>G]TA	-1	77134.0	284765691
JG0139e	2	36287864	N:AC[T>C]AG	1	478595.0	285244286
JG0139e	2	36481109	T:GG[T>C]TA	-1	193245.0	285437531
JG0139e	2	36521317	U:TC[T>G]TA	1	40208.0	285477739
JG0139e	2	36564604	U:AG[T>G]TT	-1	43287.0	285521026
JG0139e	2	36875140	T:TC[T>C]CT	1	310536.0	285831562
JG0139e	2	37036119	T:TC[T>C]TA	1	160979.0	285992541
JG0139e	2	37239186	U:TC[T>A]TG	1	203067.0	286195608
JG0139e	2	39089313	T:CC[T>A]TG	1	1850127.0	288045735
JG0139e	2	39168672	N:GG[T>A]TG	1	79359.0	288125094
JG0139e	2	39511611	N:TC[T>C]CA	1	342939.0	288468033
JG0139e	2	39802682	N:GC[T>A]CT	1	291071.0	288759104
JG0139e	2	39897059	N:CC[T>C]TG	-1	94377.0	288853481
JG0139e	2	40127218	U:GC[T>G]TC	-1	230159.0	289083640
JG0139e	2	40654272	N:GC[T>C]CA	1	527054.0	289610694
JG0139e	2	40703407	N:AG[T>C]CA	1	49135.0	289659829
JG0139e	2	41176869	N:TC[T>A]GG	-1	473462.0	290133291
JG0139e	2	41243260	N:AG[T>G]TA	-1	66391.0	290199682
JG0139e	2	41398821	N:TC[T>A]TA	-1	155561.0	290355243
JG0139e	2	41636663	N:TC[T>C]TG	-1	237842.0	290593085
JG0139e	2	41771259	N:TC[T>A]TA	1	134596.0	290727681
JG0139e	2	41789849	N:AC[T>G]TT	-1	18590.0	290746271
JG0139e	2	43037642	N:TC[T>C]TT	-1	1247793.0	291994064
JG0139e	2	43051540	N:TC[T>G]AA	-1	13898.0	292007962
JG0139e	2	43068680	N:GC[T>G]CC	1	17140.0	292025102
JG0139e	2	43098120	N:TC[T>C]TG	1	29440.0	292054542
JG0139e	2	44532863	T:AC[T>C]CC	-1	1434743.0	293489285
JG0139e	2	44955065	N:TC[T>A]TG	1	422202.0	293911487
JG0139e	2	45279937	N:AG[T>C]CG	1	324872.0	294236359
JG0139e	2	46040369	U:AC[T>G]TG	1	760432.0	294996791
JG0139e	2	46136180	T:GC[T>C]CA	-1	95811.0	295092602
JG0139e	2	46329591	T:CC[T>C]CG	-1	193411.0	295286013
JG0139e	2	46586956	U:AT[T>G]CC	-1	257365.0	295543378
JG0139e	2	46978694	T:AG[T>C]TG	-1	391738.0	295935116
JG0139e	2	47694381	N:GC[T>C]TG	1	715687.0	296650803
JG0139e	2	48303437	N:AA[C>A]AA	-1	609056.0	297259859
JG0139e	2	48421565	N:AT[T>G]TT	1	118128.0	297377987
JG0139e	2	48770600	T:CC[T>C]CC	-1	349035.0	297727022
JG0139e	2	48827021	N:AC[T>C]TA	1	56421.0	297783443
JG0139e	2	49235388	N:AA[T>A]TT	1	408367.0	298191810
JG0139e	2	50259156	T:TC[T>C]CC	1	1023768.0	299215578
JG0139e	2	50457511	U:CC[T>C]TT	-1	198355.0	299413933
JG0139e	2	50472466	U:AC[T>G]TA	-1	14955.0	299428888
JG0139e	2	50987577	U:TC[T>A]TG	-1	515111.0	299943999
JG0139e	2	51120867	N:GC[T>C]TG	1	133290.0	300077289
JG0139e	2	51130425	N:TC[C>A]AC	-1	9558.0	300086847
JG0139e	2	51182993	N:TA[T>C]TA	-1	52568.0	300139415
JG0139e	2	51207033	N:TC[T>C]CC	-1	24040.0	300163455
JG0139e	2	51285476	N:AA[C>A]AA	-1	78443.0	300241898
JG0139e	2	51498051	N:GC[T>C]GA	-1	212575.0	300454473
JG0139e	2	51509810	N:AG[T>G]TA	-1	11759.0	300466232
JG0139e	2	51895895	N:AC[T>C]TT	-1	386085.0	300852317
JG0139e	2	52171926	N:TC[T>A]CT	-1	276031.0	301128348
JG0139e	2	52176557	N:TC[T>G]TC	1	4631.0	301132979
JG0139e	2	53268393	N:TC[T>G]TC	1	1091836.0	302224815
JG0139e	2	54042853	T:TC[T>G]TG	-1	774460.0	302999275
JG0139e	2	54263640	U:GG[T>A]TG	1	220787.0	303220062
JG0139e	2	54400124	N:AC[T>G]TG	1	136484.0	303356546
JG0139e	2	55295732	T:GC[T>C]TG	1	895608.0	304252154
JG0139e	2	55702170	N:TC[T>G]TC	1	406438.0	304658592
JG0139e	2	55735629	N:TC[T>A]TC	1	33459.0	304692051
JG0139e	2	56329601	T:TC[T>G]CA	-1	593972.0	305286023
JG0139e	2	56626811	N:CC[T>C]TG	-1	297210.0	305583233
JG0139e	2	56710409	N:AC[T>C]TG	1	83598.0	305666831
JG0139e	2	57124046	N:AC[T>C]GC	-1	413637.0	306080468
JG0139e	2	57241098	N:TC[T>C]GA	-1	117052.0	306197520
JG0139e	2	57350311	N:TC[T>C]CC	-1	109213.0	306306733
JG0139e	2	57943737	U:TC[T>G]TT	1	593426.0	306900159
JG0139e	2	58526298	N:AC[T>G]CA	-1	582561.0	307482720
JG0139e	2	58557093	N:CC[T>G]TA	-1	30795.0	307513515
JG0139e	2	59395322	N:AC[T>C]CA	-1	838229.0	308351744
JG0139e	2	60036541	N:AA[T>G]TA	-1	641219.0	308992963
JG0139e	2	60371440	N:AC[T>C]TG	1	334899.0	309327862
JG0139e	2	60528916	T:AG[T>G]TA	1	157476.0	309485338
JG0139e	2	61874650	T:AC[T>G]TC	1	1345734.0	310831072
JG0139e	2	62133067	T:AG[T>G]TT	-1	258417.0	311089489
JG0139e	2	62610096	N:TC[T>G]CA	-1	477029.0	311566518
JG0139e	2	63008476	T:AC[T>G]TT	-1	398380.0	311964898
JG0139e	2	63054059	T:GC[T>G]TC	-1	45583.0	312010481
JG0139e	2	63490702	T:AC[T>C]CA	1	436643.0	312447124
JG0139e	2	63795040	N:AG[T>C]CA	1	304338.0	312751462
JG0139e	2	64397003	N:TC[T>G]TG	1	601963.0	313353425
JG0139e	2	64733545	N:AC[T>A]CC	1	336542.0	313689967
JG0139e	2	64853184	N:AC[T>C]TT	1	119639.0	313809606
JG0139e	2	65036738	N:GG[C>A]TA	1	183554.0	313993160
JG0139e	2	65084440	T:AC[T>G]TA	-1	47702.0	314040862
JG0139e	2	65477032	N:AC[T>C]GG	1	392592.0	314433454
JG0139e	2	65504807	N:AG[T>A]TT	-1	27775.0	314461229
JG0139e	2	65512390	N:GC[T>C]TG	-1	7583.0	314468812
JG0139e	2	65761962	N:CC[T>A]CT	1	249572.0	314718384
JG0139e	2	65954704	N:AC[T>A]CT	-1	192742.0	314911126
JG0139e	2	65988360	N:CC[T>G]TT	-1	33656.0	314944782
JG0139e	2	66080373	N:AG[T>G]TA	-1	92013.0	315036795
JG0139e	2	66346637	N:TC[T>C]TG	-1	266264.0	315303059
JG0139e	2	66445264	T:AC[T>G]TG	-1	98627.0	315401686
JG0139e	2	66662092	N:CC[T>C]GG	-1	216828.0	315618514
JG0139e	2	66688568	N:AC[T>G]TA	-1	26476.0	315644990
JG0139e	2	66765118	N:TC[T>G]TC	-1	76550.0	315721540
JG0139e	2	66948591	N:TC[T>A]CA	-1	183473.0	315905013
JG0139e	2	67009601	N:TG[T>G]TA	-1	61010.0	315966023
JG0139e	2	67234742	N:CC[T>C]CT	-1	225141.0	316191164
JG0139e	2	67455163	N:AC[T>G]TA	-1	220421.0	316411585
JG0139e	2	68398507	N:AC[T>G]TA	-1	943344.0	317354929
JG0139e	2	68477312	T:AG[T>G]TG	-1	78805.0	317433734
JG0139e	2	68560708	U:AC[T>C]TT	1	83396.0	317517130
JG0139e	2	68604205	N:TC[T>C]TG	-1	43497.0	317560627
JG0139e	2	70184046	U:GC[T>C]TG	-1	1579841.0	319140468
JG0139e	2	70573832	N:GG[T>C]TT	-1	389786.0	319530254
JG0139e	2	71282242	T:GC[T>C]TG	-1	708410.0	320238664
JG0139e	2	71790447	N:CC[T>A]TG	-1	508205.0	320746869
JG0139e	2	71846070	N:TG[T>G]TC	-1	55623.0	320802492
JG0139e	2	72173242	N:CC[T>G]TA	1	327172.0	321129664
JG0139e	2	72499357	U:AC[T>G]TG	-1	326115.0	321455779
JG0139e	2	74188743	N:GC[T>C]TG	1	1689386.0	323145165
JG0139e	2	74748321	N:TC[T>C]CA	-1	559578.0	323704743
JG0139e	2	74956683	N:TC[T>G]TG	-1	208362.0	323913105
JG0139e	2	74994582	N:AC[T>C]TT	-1	37899.0	323951004
JG0139e	2	75097551	U:AC[T>G]TT	-1	102969.0	324053973
JG0139e	2	75134141	U:GG[T>G]TG	-1	36590.0	324090563
JG0139e	2	75329954	N:GC[T>G]TA	1	195813.0	324286376
JG0139e	2	75387581	N:TC[T>C]AA	1	57627.0	324344003
JG0139e	2	75434087	N:TC[T>C]CA	1	46506.0	324390509
JG0139e	2	75833130	N:TC[T>A]TG	1	399043.0	324789552
JG0139e	2	76180215	N:TC[T>C]CA	1	347085.0	325136637
JG0139e	2	76211363	N:TC[T>G]TT	1	31148.0	325167785
JG0139e	2	76733758	N:AC[T>G]TA	-1	522395.0	325690180
JG0139e	2	76767433	U:TT[T>G]TA	-1	33675.0	325723855
JG0139e	2	76802411	U:AC[T>C]GG	-1	34978.0	325758833
JG0139e	2	77047393	T:TA[T>G]TG	1	244982.0	326003815
JG0139e	2	77450641	U:TC[T>C]TG	-1	403248.0	326407063
JG0139e	2	77619560	N:TC[T>C]TG	-1	168919.0	326575982
JG0139e	2	77932936	N:TG[T>C]TG	-1	313376.0	326889358
JG0139e	2	78792674	N:AC[T>G]TT	1	859738.0	327749096
JG0139e	2	78979672	N:AC[T>C]CT	1	186998.0	327936094
JG0139e	2	79186548	T:TC[T>G]TT	-1	206876.0	328142970
JG0139e	2	79731609	T:TC[T>C]CA	-1	545061.0	328688031
JG0139e	2	79741941	T:GC[T>C]TC	-1	10332.0	328698363
JG0139e	2	79802845	U:TA[T>G]TA	1	60904.0	328759267
JG0139e	2	79843185	T:TC[T>G]TA	-1	40340.0	328799607
JG0139e	2	79903662	T:TC[T>G]AA	-1	60477.0	328860084
JG0139e	2	80063855	T:TC[T>G]TA	-1	160193.0	329020277
JG0139e	2	80539880	U:TG[T>C]TT	1	476025.0	329496302
JG0139e	2	80544349	T:CC[T>C]TG	-1	4469.0	329500771
JG0139e	2	81008667	N:TC[T>G]TC	-1	464318.0	329965089
JG0139e	2	82500974	N:TC[T>A]CA	-1	1492307.0	331457396
JG0139e	2	82524098	N:AC[T>A]TG	-1	23124.0	331480520
JG0139e	2	83330489	N:CC[T>G]GA	-1	806391.0	332286911
JG0139e	2	83585972	N:CC[T>G]TG	1	255483.0	332542394
JG0139e	2	83881752	N:AC[T>C]TG	-1	295780.0	332838174
JG0139e	2	85111445	N:TC[T>C]CC	1	1229693.0	334067867
JG0139e	2	85768470	T:GC[T>C]TG	-1	657025.0	334724892
JG0139e	2	86867130	N:GC[T>C]TG	1	1098660.0	335823552
JG0139e	2	88125776	U:CC[T>G]TC	-1	1258646.0	337082198
JG0139e	2	88517621	N:CC[T>G]TT	-1	391845.0	337474043
JG0139e	2	88839448	N:TC[T>C]TA	-1	321827.0	337795870
JG0139e	2	89111022	N:TT[C>G]AA	1	271574.0	338067444
JG0139e	2	89145928	N:GA[C>G]TA	-1	34906.0	338102350
JG0139e	2	94682065	N:AC[T>G]GA	-1	5536137.0	343638487
JG0139e	2	95371733	U:TC[T>G]TG	1	689668.0	344328155
JG0139e	2	98756481	N:CC[T>G]TA	1	3384748.0	347712903
JG0139e	2	98949790	N:GG[C>A]AT	-1	193309.0	347906212
JG0139e	2	99294893	U:TC[T>C]TG	-1	345103.0	348251315
JG0139e	2	99469400	U:CC[T>C]TT	-1	174507.0	348425822
JG0139e	2	99551700	U:CC[T>A]TG	-1	82300.0	348508122
JG0139e	2	99953380	U:GC[T>C]TT	-1	401680.0	348909802
JG0139e	2	100651719	N:TC[T>A]TT	-1	698339.0	349608141
JG0139e	2	100674732	N:TG[T>C]GC	-1	23013.0	349631154
JG0139e	2	101848326	U:GG[T>G]TG	1	1173594.0	350804748
JG0139e	2	102103349	T:GC[T>C]CC	-1	255023.0	351059771
JG0139e	2	102146282	T:GG[T>A]TT	-1	42933.0	351102704
JG0139e	2	102261386	N:CC[T>G]TC	-1	115104.0	351217808
JG0139e	2	102321431	T:AC[T>C]GA	-1	60045.0	351277853
JG0139e	2	102339979	T:GG[T>C]TA	-1	18548.0	351296401
JG0139e	2	102427053	T:AC[T>C]TG	-1	87074.0	351383475
JG0139e	2	103042543	N:TC[T>G]TG	-1	615490.0	351998965
JG0139e	2	103366216	N:TC[T>C]TG	-1	323673.0	352322638
JG0139e	2	103586283	N:TC[T>G]TC	-1	220067.0	352542705
JG0139e	2	103715360	N:AG[T>A]TG	-1	129077.0	352671782
JG0139e	2	103787055	N:TG[T>A]TT	-1	71695.0	352743477
JG0139e	2	103827626	N:AC[T>C]TG	-1	40571.0	352784048
JG0139e	2	104083416	N:TC[T>G]TA	-1	255790.0	353039838
JG0139e	2	104156573	N:GC[T>G]TC	-1	73157.0	353112995
JG0139e	2	104429390	N:AC[T>C]GG	-1	272817.0	353385812
JG0139e	2	104450324	N:CC[T>A]TA	-1	20934.0	353406746
JG0139e	2	105237192	N:CG[T>G]GG	-1	786868.0	354193614
JG0139e	2	105752174	U:TC[T>G]AT	1	514982.0	354708596
JG0139e	2	105791296	T:TC[T>C]TA	-1	39122.0	354747718
JG0139e	2	106154760	U:CC[T>G]TA	-1	363464.0	355111182
JG0139e	2	106559211	N:AC[T>G]TG	-1	404451.0	355515633
JG0139e	2	106792289	N:AC[T>C]CA	-1	233078.0	355748711
JG0139e	2	106794059	N:CC[T>G]CA	-1	1770.0	355750481
JG0139e	2	106847373	U:CA[C>A]CT	-1	53314.0	355803795
JG0139e	2	106984235	N:CC[T>A]TA	-1	136862.0	355940657
JG0139e	2	107373096	N:TC[T>C]GA	-1	388861.0	356329518
JG0139e	2	107466517	N:TC[T>C]CT	-1	93421.0	356422939
JG0139e	2	107806001	N:GG[T>G]TA	-1	339484.0	356762423
JG0139e	2	108461959	T:AC[T>C]CG	-1	655958.0	357418381
JG0139e	2	108512933	N:GC[T>A]GG	-1	50974.0	357469355
JG0139e	2	111674553	N:CC[T>C]CA	-1	3161620.0	360630975
JG0139e	2	112085500	U:TC[T>A]TG	1	410947.0	361041922
JG0139e	2	112754778	U:GC[T>G]CA	-1	669278.0	361711200
JG0139e	2	112861915	N:AC[T>G]TA	-1	107137.0	361818337
JG0139e	2	113060201	T:AT[T>G]GG	-1	198286.0	362016623
JG0139e	2	113333911	N:CA[T>G]TG	-1	273710.0	362290333
JG0139e	2	113375988	N:TC[T>C]TA	-1	42077.0	362332410
JG0139e	2	114097893	N:GG[C>A]CA	-1	721905.0	363054315
JG0139e	2	114280520	N:TC[T>C]TA	-1	182627.0	363236942
JG0139e	2	114345562	N:GC[T>A]TT	-1	65042.0	363301984
JG0139e	2	115048070	T:GA[C>A]TT	-1	702508.0	364004492
JG0139e	2	115238089	T:CT[C>A]TC	-1	190019.0	364194511
JG0139e	2	115375789	T:TC[T>C]CT	-1	137700.0	364332211
JG0139e	2	115721527	T:AG[T>A]CA	-1	345738.0	364677949
JG0139e	2	115796894	T:AC[T>G]TT	-1	75367.0	364753316
JG0139e	2	115896594	N:TC[T>A]TA	-1	99700.0	364853016
JG0139e	2	116341266	N:CG[T>C]CT	-1	444672.0	365297688
JG0139e	2	116347589	N:CC[T>C]TG	-1	6323.0	365304011
JG0139e	2	116423610	N:AC[T>C]CG	-1	76021.0	365380032
JG0139e	2	116507365	N:TG[T>C]TA	-1	83755.0	365463787
JG0139e	2	116704401	N:TC[T>C]TG	-1	197036.0	365660823
JG0139e	2	116873340	N:AC[T>A]CA	-1	168939.0	365829762
JG0139e	2	117267282	N:TC[T>C]TT	-1	393942.0	366223704
JG0139e	2	117390335	N:TC[T>A]TG	-1	123053.0	366346757
JG0139e	2	117513145	N:AC[T>G]TG	-1	122810.0	366469567
JG0139e	2	118115452	N:AG[T>G]TT	-1	602307.0	367071874
JG0139e	2	118464099	N:AC[T>C]CA	-1	348647.0	367420521
JG0139e	2	118582438	N:TC[T>C]TG	-1	118339.0	367538860
JG0139e	2	119106651	N:TA[C>A]CT	-1	524213.0	368063073
JG0139e	2	119162563	N:AG[T>G]TA	1	55912.0	368118985
JG0139e	2	121010325	N:GC[T>G]TT	-1	1847762.0	369966747
JG0139e	2	122429799	N:AC[T>A]TT	-1	1419474.0	371386221
JG0139e	2	122587286	N:CC[T>C]CG	-1	157487.0	371543708
JG0139e	2	122589279	N:CC[T>C]CG	-1	1993.0	371545701
JG0139e	2	123171820	N:AC[T>G]TA	-1	582541.0	372128242
JG0139e	2	123267677	N:TC[T>A]CT	-1	95857.0	372224099
JG0139e	2	123332626	N:TC[T>C]CT	-1	64949.0	372289048
JG0139e	2	123370088	N:AC[T>C]CT	-1	37462.0	372326510
JG0139e	2	124687144	T:TC[T>C]CT	-1	1317056.0	373643566
JG0139e	2	124770633	T:TC[T>A]TA	-1	83489.0	373727055
JG0139e	2	124842132	T:AC[T>G]CA	-1	71499.0	373798554
JG0139e	2	124857912	T:AC[T>G]TG	-1	15780.0	373814334
JG0139e	2	124988620	N:AT[C>A]CC	1	130708.0	373945042
JG0139e	2	125018128	N:GC[T>G]TA	-1	29508.0	373974550
JG0139e	2	125036393	N:AC[T>G]TA	-1	18265.0	373992815
JG0139e	2	125048383	N:AC[T>C]CT	-1	11990.0	374004805
JG0139e	2	125063118	N:TC[T>C]CT	-1	14735.0	374019540
JG0139e	2	125124437	N:AC[T>G]TA	-1	61319.0	374080859
JG0139e	2	125562594	N:TC[T>C]CA	-1	438157.0	374519016
JG0139e	2	125883165	N:AC[T>G]CC	-1	320571.0	374839587
JG0139e	2	126281299	N:TA[T>C]TT	-1	398134.0	375237721
JG0139e	2	126563704	N:AG[T>G]CT	-1	282405.0	375520126
JG0139e	2	126700931	N:AC[T>A]CC	-1	137227.0	375657353
JG0139e	2	127176171	N:GC[T>G]TA	-1	475240.0	376132593
JG0139e	2	127658915	U:AC[T>C]GC	-1	482744.0	376615337
JG0139e	2	128608293	N:CC[T>C]CG	-1	949378.0	377564715
JG0139e	2	128640742	N:AG[T>C]CA	-1	32449.0	377597164
JG0139e	2	128644133	N:GC[T>C]CA	-1	3391.0	377600555
JG0139e	2	128947014	N:TC[T>C]TA	-1	302881.0	377903436
JG0139e	2	128947015	N:AT[C>T]TT	-1	1.0	377903437
JG0139e	2	128986445	N:CC[T>C]GC	-1	39430.0	377942867
JG0139e	2	129158492	N:GC[T>C]TA	-1	172047.0	378114914
JG0139e	2	129265967	N:TC[T>C]TT	-1	107475.0	378222389
JG0139e	2	129482962	N:CC[T>C]TA	-1	216995.0	378439384
JG0139e	2	130300062	N:CC[T>C]GA	-1	817100.0	379256484
JG0139e	2	131892511	N:AC[T>C]CC	-1	1592449.0	380848933
JG0139e	2	132413843	N:AG[T>C]GC	-1	521332.0	381370265
JG0139e	2	132712097	U:AC[T>C]GG	-1	298254.0	381668519
JG0139e	2	132720808	U:TC[T>C]CG	-1	8711.0	381677230
JG0139e	2	132775096	U:TA[T>G]TA	-1	54288.0	381731518
JG0139e	2	132943768	U:GG[T>A]TG	-1	168672.0	381900190
JG0139e	2	132962433	U:TC[T>C]TG	-1	18665.0	381918855
JG0139e	2	133485014	U:AC[T>G]TC	-1	522581.0	382441436
JG0139e	2	133512118	T:CC[C>A]AC	1	27104.0	382468540
JG0139e	2	134004820	N:CC[T>C]GA	-1	492702.0	382961242
JG0139e	2	134159393	T:AT[C>A]TT	-1	154573.0	383115815
JG0139e	2	136928782	T:GC[T>C]CC	-1	2769389.0	385885204
JG0139e	2	137852300	N:GA[T>C]GT	1	923518.0	386808722
JG0139e	2	138357284	N:TC[T>G]TA	-1	504984.0	387313706
JG0139e	2	138451142	N:AC[T>G]TA	1	93858.0	387407564
JG0139e	2	138508560	T:GG[T>G]CA	-1	57418.0	387464982
JG0139e	2	138745796	U:TC[T>A]CA	-1	237236.0	387702218
JG0139e	2	139325345	N:AC[T>C]CA	-1	579549.0	388281767
JG0139e	2	140702501	U:GC[T>C]TG	-1	1377156.0	389658923
JG0139e	2	141231197	U:AG[T>C]TA	-1	528696.0	390187619
JG0139e	2	141291529	U:TC[T>G]TC	-1	60332.0	390247951
JG0139e	2	141692778	U:TG[T>C]GG	-1	401249.0	390649200
JG0139e	2	141746860	U:CC[T>G]TA	-1	54082.0	390703282
JG0139e	2	142142209	N:AC[T>C]CT	-1	395349.0	391098631
JG0139e	2	142281490	N:TC[T>G]TT	-1	139281.0	391237912
JG0139e	2	142467532	N:AC[T>C]TG	-1	186042.0	391423954
JG0139e	2	142533862	N:TC[T>A]CA	-1	66330.0	391490284
JG0139e	2	142725604	N:CC[T>G]CC	-1	191742.0	391682026
JG0139e	2	143076807	N:TC[T>C]CA	-1	351203.0	392033229
JG0139e	2	143920247	N:AC[T>C]TA	-1	843440.0	392876669
JG0139e	2	144165320	U:TC[T>C]TG	-1	245073.0	393121742
JG0139e	2	144312696	U:GG[T>G]TC	-1	147376.0	393269118
JG0139e	2	145030383	N:AC[T>C]CA	-1	717687.0	393986805
JG0139e	2	145095898	N:TC[T>C]GG	-1	65515.0	394052320
JG0139e	2	145459627	N:AC[T>C]TA	-1	363729.0	394416049
JG0139e	2	145488578	N:AC[T>G]TT	-1	28951.0	394445000
JG0139e	2	145949566	N:GT[T>C]CT	1	460988.0	394905988
JG0139e	2	146775595	N:AC[T>C]TG	-1	826029.0	395732017
JG0139e	2	150241097	N:TC[T>C]TG	-1	3465502.0	399197519
JG0139e	2	150316167	N:GC[T>C]CT	-1	75070.0	399272589
JG0139e	2	151668118	U:AG[T>G]TG	-1	1351951.0	400624540
JG0139e	2	152143233	U:AC[T>C]TA	-1	475115.0	401099655
JG0139e	2	152656754	U:GC[T>G]TG	-1	513521.0	401613176
JG0139e	2	152679419	U:CC[T>G]TA	-1	22665.0	401635841
JG0139e	2	152780322	N:CC[T>C]TC	-1	100903.0	401736744
JG0139e	2	153315747	N:AC[T>C]TA	-1	535425.0	402272169
JG0139e	2	153332446	N:AC[T>C]TG	-1	16699.0	402288868
JG0139e	2	153553534	N:GC[T>A]CT	-1	221088.0	402509956
JG0139e	2	153615998	N:AT[T>G]TC	-1	62464.0	402572420
JG0139e	2	153732677	N:GA[T>G]TC	-1	116679.0	402689099
JG0139e	2	153783723	N:AC[T>A]CA	-1	51046.0	402740145
JG0139e	2	153857901	N:TC[T>G]TA	-1	74178.0	402814323
JG0139e	2	154391814	T:GC[T>G]CA	-1	533913.0	403348236
JG0139e	2	154756478	T:AC[T>C]TT	-1	364664.0	403712900
JG0139e	2	155432534	N:TC[T>G]TG	-1	676056.0	404388956
JG0139e	2	155952797	N:TC[T>G]TC	-1	520263.0	404909219
JG0139e	2	156214383	N:TC[T>A]TG	-1	261586.0	405170805
JG0139e	2	156759872	N:TG[T>G]TA	-1	545489.0	405716294
JG0139e	2	157695625	N:AG[T>G]TA	-1	935753.0	406652047
JG0139e	2	158984253	T:AC[T>G]TT	-1	1288628.0	407940675
JG0139e	2	159709088	N:AC[T>G]TA	-1	724835.0	408665510
JG0139e	2	159775605	T:GC[T>G]TC	1	66517.0	408732027
JG0139e	2	161087652	N:TC[T>G]TG	-1	1312047.0	410044074
JG0139e	2	162222083	U:AC[T>C]TT	-1	1134431.0	411178505
JG0139e	2	162384871	U:AC[T>G]TT	-1	162788.0	411341293
JG0139e	2	162983025	N:TC[T>G]GA	-1	598154.0	411939447
JG0139e	2	163117872	N:AC[T>G]TC	-1	134847.0	412074294
JG0139e	2	164305910	N:TC[T>A]CA	-1	1188038.0	413262332
JG0139e	2	164997902	N:AC[T>C]AA	-1	691992.0	413954324
JG0139e	2	165103292	U:TC[T>G]GA	-1	105390.0	414059714
JG0139e	2	165186860	U:TC[T>C]CG	-1	83568.0	414143282
JG0139e	2	165670509	U:AG[T>C]CA	1	483649.0	414626931
JG0139e	2	166613154	N:CC[T>A]TG	-1	942645.0	415569576
JG0139e	2	167003421	T:TC[T>G]TT	-1	390267.0	415959843
JG0139e	2	167914693	N:TC[T>C]TT	-1	911272.0	416871115
JG0139e	2	169120951	N:TC[T>C]CA	-1	1206258.0	418077373
JG0139e	2	169150152	U:TC[T>C]GT	-1	29201.0	418106574
JG0139e	2	169153627	U:GC[T>G]TA	-1	3475.0	418110049
JG0139e	2	169282425	U:AT[T>A]TT	-1	128798.0	418238847
JG0139e	2	169960018	T:CC[T>G]CG	-1	677593.0	418916440
JG0139e	2	170331349	T:AC[T>G]TG	-1	371331.0	419287771
JG0139e	2	175056735	N:TT[C>T]GA	-1	4725386.0	424013157
JG0139e	2	175944905	U:AC[T>C]TG	-1	888170.0	424901327
JG0139e	2	175957972	U:TC[T>C]CG	-1	13067.0	424914394
JG0139e	2	177382095	U:AG[T>G]TA	-1	1424123.0	426338517
JG0139e	2	179187418	U:AC[T>A]CC	-1	1805323.0	428143840
JG0139e	2	179846403	T:TG[T>G]TA	1	658985.0	428802825
JG0139e	2	179930353	N:TC[T>C]TT	1	83950.0	428886775
JG0139e	2	180070169	N:TA[C>A]TT	-1	139816.0	429026591
JG0139e	2	180650677	N:AC[T>C]TC	-1	580508.0	429607099
JG0139e	2	182440880	U:TG[C>A]TT	-1	1790203.0	431397302
JG0139e	2	182956109	T:TC[T>C]TG	1	515229.0	431912531
JG0139e	2	183764296	N:AG[T>C]CA	-1	808187.0	432720718
JG0139e	2	183975450	N:TC[T>G]TG	-1	211154.0	432931872
JG0139e	2	184000983	N:GG[T>A]GG	-1	25533.0	432957405
JG0139e	2	184082954	N:AC[T>C]TG	-1	81971.0	433039376
JG0139e	2	184546809	N:CC[T>G]CA	-1	463855.0	433503231
JG0139e	2	187016964	N:TG[T>C]GG	-1	2470155.0	435973386
JG0139e	2	187960756	N:GC[T>C]TA	1	943792.0	436917178
JG0139e	2	190013787	N:TC[T>A]CA	-1	2053031.0	438970209
JG0139e	2	191567041	N:TC[T>G]TT	-1	1553254.0	440523463
JG0139e	2	192331958	N:TC[T>C]TA	-1	764917.0	441288380
JG0139e	2	192491800	N:AC[T>C]CA	-1	159842.0	441448222
JG0139e	2	192527119	N:AC[T>G]TG	-1	35319.0	441483541
JG0139e	2	192628487	N:AC[T>C]TG	-1	101368.0	441584909
JG0139e	2	192787961	N:TG[T>C]CC	-1	159474.0	441744383
JG0139e	2	193241247	N:CC[T>G]TA	-1	453286.0	442197669
JG0139e	2	194870052	N:TC[T>C]TA	-1	1628805.0	443826474
JG0139e	2	195596717	T:TC[T>G]GA	-1	726665.0	444553139
JG0139e	2	195797573	U:GC[T>C]TG	-1	200856.0	444753995
JG0139e	2	197108915	T:GG[C>A]AG	1	1311342.0	446065337
JG0139e	2	197985485	T:GC[T>C]TA	-1	876570.0	446941907
JG0139e	2	197985663	T:AC[T>C]TA	-1	178.0	446942085
JG0139e	2	198040232	T:TC[T>C]TG	-1	54569.0	446996654
JG0139e	2	198053358	T:GC[T>C]TG	-1	13126.0	447009780
JG0139e	2	198245743	N:AC[T>C]CG	-1	192385.0	447202165
JG0139e	2	199105089	N:GG[T>C]CA	-1	859346.0	448061511
JG0139e	2	199135649	N:AC[T>C]TA	-1	30560.0	448092071
JG0139e	2	199171157	N:TC[T>A]TT	-1	35508.0	448127579
JG0139e	2	200010153	N:AG[T>G]TA	1	838996.0	448966575
JG0139e	2	200338333	T:AG[T>G]TA	-1	328180.0	449294755
JG0139e	2	200599778	T:AA[T>G]TA	-1	261445.0	449556200
JG0139e	2	200624267	T:GG[T>C]TC	-1	24489.0	449580689
JG0139e	2	201166688	T:AC[T>C]CA	-1	542421.0	450123110
JG0139e	2	202313988	N:TC[T>C]CA	1	1147300.0	451270410
JG0139e	2	202707710	T:AC[T>C]TT	-1	393722.0	451664132
JG0139e	2	202804488	U:TC[T>G]TG	-1	96778.0	451760910
JG0139e	2	203221618	T:TT[C>T]AG	-1	417130.0	452178040
JG0139e	2	204451400	N:AC[T>C]TT	-1	1229782.0	453407822
JG0139e	2	204985646	T:GC[T>C]GA	-1	534246.0	453942068
JG0139e	2	206452047	U:TC[T>C]TG	1	1466401.0	455408469
JG0139e	2	208438585	T:AC[T>C]TT	-1	1986538.0	457395007
JG0139e	2	208467688	T:TC[T>G]TG	-1	29103.0	457424110
JG0139e	2	209068915	N:GC[T>A]TT	-1	601227.0	458025337
JG0139e	2	209276808	N:AC[T>A]TA	-1	207893.0	458233230
JG0139e	2	209277214	N:AC[T>C]TT	-1	406.0	458233636
JG0139e	2	209624172	T:AC[T>C]CT	-1	346958.0	458580594
JG0139e	2	209666794	T:AC[T>C]TA	-1	42622.0	458623216
JG0139e	2	210050646	U:CC[T>C]TG	-1	383852.0	459007068
JG0139e	2	210730012	N:AC[T>A]CT	-1	679366.0	459686434
JG0139e	2	210941677	N:AG[T>G]TA	-1	211665.0	459898099
JG0139e	2	211082564	N:AC[T>G]TT	-1	140887.0	460038986
JG0139e	2	211185382	N:GC[T>G]TA	-1	102818.0	460141804
JG0139e	2	211420621	U:TC[T>C]TT	-1	235239.0	460377043
JG0139e	2	212815206	N:AC[T>G]TG	-1	1394585.0	461771628
JG0139e	2	213337708	T:TC[T>C]CA	-1	522502.0	462294130
JG0139e	2	213378335	T:AC[T>C]TG	-1	40627.0	462334757
JG0139e	2	213423834	T:GC[T>G]TT	-1	45499.0	462380256
JG0139e	2	213514977	T:GC[T>G]TA	-1	91143.0	462471399
JG0139e	2	213519580	T:AC[T>C]TA	-1	4603.0	462476002
JG0139e	2	214065850	T:GC[T>G]TA	-1	546270.0	463022272
JG0139e	2	214166552	T:TG[T>G]TA	-1	100702.0	463122974
JG0139e	2	215774540	N:AC[T>G]TA	-1	1607988.0	464730962
JG0139e	2	216036007	N:AG[T>G]TT	1	261467.0	464992429
JG0139e	2	217083932	N:AC[T>A]TG	1	1047925.0	466040354
JG0139e	2	217096262	N:CC[T>C]TT	-1	12330.0	466052684
JG0139e	2	217152902	N:AC[T>C]CA	-1	56640.0	466109324
JG0139e	2	217351395	N:CC[T>C]AA	-1	198493.0	466307817
JG0139e	2	217384880	N:AC[T>C]TA	-1	33485.0	466341302
JG0139e	2	217581074	N:CC[T>G]TA	-1	196194.0	466537496
JG0139e	2	217657161	N:CC[T>G]TA	-1	76087.0	466613583
JG0139e	2	217939454	U:CC[T>C]TG	-1	282293.0	466895876
JG0139e	2	217943562	U:AG[T>C]TT	-1	4108.0	466899984
JG0139e	2	218555195	T:TG[T>G]TC	1	611633.0	467511617
JG0139e	2	219839953	N:GC[T>C]TA	-1	1284758.0	468796375
JG0139e	2	219921217	N:GC[T>C]GG	-1	81264.0	468877639
JG0139e	2	220050220	N:AC[T>C]TG	-1	129003.0	469006642
JG0139e	2	220275057	N:AG[T>G]TA	-1	224837.0	469231479
JG0139e	2	220301410	N:GG[T>C]GG	-1	26353.0	469257832
JG0139e	2	220309024	N:AG[T>C]GG	-1	7614.0	469265446
JG0139e	2	222710853	N:AC[T>A]CA	1	2401829.0	471667275
JG0139e	2	224696014	N:GT[T>A]CA	-1	1985161.0	473652436
JG0139e	2	224774379	U:TC[T>C]GG	-1	78365.0	473730801
JG0139e	2	224792545	U:AC[T>C]TG	-1	18166.0	473748967
JG0139e	2	225024107	U:AG[T>C]TG	-1	231562.0	473980529
JG0139e	2	225103051	N:TC[T>C]AC	-1	78944.0	474059473
JG0139e	2	225282874	N:TC[T>C]TG	-1	179823.0	474239296
JG0139e	2	225836466	N:TG[T>C]GA	-1	553592.0	474792888
JG0139e	2	225850819	N:AT[T>A]TT	-1	14353.0	474807241
JG0139e	2	225865134	N:AC[T>A]GA	-1	14315.0	474821556
JG0139e	2	225889687	N:AG[T>A]TA	-1	24553.0	474846109
JG0139e	2	226564532	N:AC[T>C]AG	-1	674845.0	475520954
JG0139e	2	226594281	N:AC[T>G]TA	-1	29749.0	475550703
JG0139e	2	226708560	N:AT[T>G]TC	-1	114279.0	475664982
JG0139e	2	227008512	U:GC[T>C]TG	-1	299952.0	475964934
JG0139e	2	227153740	U:AC[T>C]TT	-1	145228.0	476110162
JG0139e	2	227333726	T:CC[T>A]TA	-1	179986.0	476290148
JG0139e	2	227974804	N:GC[T>C]TC	-1	641078.0	476931226
JG0139e	2	228022375	U:TC[T>A]CC	-1	47571.0	476978797
JG0139e	2	228024187	U:AG[T>G]TA	-1	1812.0	476980609
JG0139e	2	228090433	U:TC[T>C]GA	-1	66246.0	477046855
JG0139e	2	228097291	U:TC[T>C]CA	-1	6858.0	477053713
JG0139e	2	228105023	U:CC[T>G]CA	-1	7732.0	477061445
JG0139e	2	228587790	N:TC[T>C]TA	-1	482767.0	477544212
JG0139e	2	229174262	T:GA[C>A]AA	1	586472.0	478130684
JG0139e	2	229249987	U:TC[T>C]TA	-1	75725.0	478206409
JG0139e	2	229379497	U:AC[T>G]TC	-1	129510.0	478335919
JG0139e	2	229594369	U:TG[T>C]GA	-1	214872.0	478550791
JG0139e	2	229615724	U:TC[T>G]TT	-1	21355.0	478572146
JG0139e	2	229978190	T:CC[T>C]CA	-1	362466.0	478934612
JG0139e	2	230242200	T:TC[T>G]TG	-1	264010.0	479198622
JG0139e	2	230286313	T:GC[T>G]TT	-1	44113.0	479242735
JG0139e	2	230380090	T:AG[T>G]TA	-1	93777.0	479336512
JG0139e	2	230928141	U:GC[T>G]TC	-1	548051.0	479884563
JG0139e	2	232066404	T:TG[T>C]TA	-1	1138263.0	481022826
JG0139e	2	232343268	T:GG[T>G]GA	-1	276864.0	481299690
JG0139e	2	234470202	N:GC[T>G]CA	-1	2126934.0	483426624
JG0139e	2	235716099	T:AC[T>C]CA	-1	1245897.0	484672521
JG0139e	2	236216876	T:CC[T>C]CT	1	500777.0	485173298
JG0139e	2	236643065	N:AC[T>G]TG	-1	426189.0	485599487
JG0139e	2	237048068	N:TC[T>G]TA	-1	405003.0	486004490
JG0139e	2	237102476	N:AT[T>G]TG	-1	54408.0	486058898
JG0139e	2	237185706	N:TC[T>G]CA	-1	83230.0	486142128
JG0139e	2	237210685	N:AG[T>G]TT	-1	24979.0	486167107
JG0139e	2	237293049	N:AC[T>C]GT	-1	82364.0	486249471
JG0139e	2	237303069	N:TC[T>C]CT	-1	10020.0	486259491
JG0139e	2	238254391	U:AG[T>C]CA	-1	951322.0	487210813
JG0139e	2	239084125	U:GC[T>G]CA	-1	829734.0	488040547
JG0139e	2	239327434	U:AG[T>C]TT	-1	243309.0	488283856
JG0139e	2	239499904	N:TC[T>C]CT	-1	172470.0	488456326
JG0139e	2	239918365	U:GG[T>C]GG	-1	418461.0	488874787
JG0139e	2	240525993	U:AC[T>G]TG	-1	607628.0	489482415
JG0139e	2	241529524	N:TC[T>A]TT	-1	1003531.0	490485946
JG0139e	3	45730	N:TC[T>C]TG	-1		491195681
JG0139e	3	53558	N:CC[T>A]CT	1	7828.0	491203509
JG0139e	3	664321	N:TC[T>C]CC	-1	610763.0	491814272
JG0139e	3	676909	N:AC[T>G]AA	1	12588.0	491826860
JG0139e	3	1445920	N:AG[T>G]TA	1	769011.0	492595871
JG0139e	3	1775783	N:AC[T>G]TG	1	329863.0	492925734
JG0139e	3	1785814	N:TG[T>G]TC	1	10031.0	492935765
JG0139e	3	1995458	N:AC[T>A]CT	-1	209644.0	493145409
JG0139e	3	2570004	T:GC[T>C]TG	-1	574546.0	493719955
JG0139e	3	2580710	U:TG[T>A]TA	1	10706.0	493730661
JG0139e	3	3621157	N:GC[T>A]TC	1	1040447.0	494771108
JG0139e	3	4053870	N:AC[T>G]TA	1	432713.0	495203821
JG0139e	3	4170443	N:AC[T>G]TA	-1	116573.0	495320394
JG0139e	3	4301532	N:AC[T>C]TT	-1	131089.0	495451483
JG0139e	3	5413006	N:GC[T>C]TT	-1	1111474.0	496562957
JG0139e	3	6013222	N:TC[T>C]TA	-1	600216.0	497163173
JG0139e	3	6065328	N:TT[C>T]TT	1	52106.0	497215279
JG0139e	3	6217033	N:TC[T>A]GA	1	151705.0	497366984
JG0139e	3	6344371	N:CC[T>G]TA	-1	127338.0	497494322
JG0139e	3	6557823	N:TG[T>G]TG	-1	213452.0	497707774
JG0139e	3	6629638	N:AC[T>C]CC	1	71815.0	497779589
JG0139e	3	6809916	T:TC[T>C]CA	-1	180278.0	497959867
JG0139e	3	7072136	T:CC[T>C]CC	-1	262220.0	498222087
JG0139e	3	7356481	U:TT[T>G]AG	1	284345.0	498506432
JG0139e	3	7788085	N:TG[T>G]CA	1	431604.0	498938036
JG0139e	3	7846326	N:TC[T>G]TG	-1	58241.0	498996277
JG0139e	3	7970405	N:AC[T>C]CC	-1	124079.0	499120356
JG0139e	3	8000415	N:TC[T>A]CT	1	30010.0	499150366
JG0139e	3	8043065	N:CC[T>G]TT	-1	42650.0	499193016
JG0139e	3	8108547	N:TC[T>G]TT	-1	65482.0	499258498
JG0139e	3	8337611	N:AC[T>C]TA	-1	229064.0	499487562
JG0139e	3	8378433	N:CC[T>G]CA	1	40822.0	499528384
JG0139e	3	9142327	T:TT[C>T]AC	1	763894.0	500292278
JG0139e	3	9521490	T:AC[C>T]TC	1	379163.0	500671441
JG0139e	3	9797529	U:TC[T>A]GT	1	276039.0	500947480
JG0139e	3	10900381	U:GG[T>C]TG	1	1102852.0	502050332
JG0139e	3	11694052	T:CC[C>T]TA	1	793671.0	502844003
JG0139e	3	12314764	T:TT[C>T]AC	-1	620712.0	503464715
JG0139e	3	12314765	T:TT[T>G]CA	-1	1.0	503464716
JG0139e	3	12864432	U:GC[T>G]TT	1	549667.0	504014383
JG0139e	3	16027294	N:GC[T>G]TT	1	3162862.0	507177245
JG0139e	3	17619960	T:AA[T>G]TC	1	1592666.0	508769911
JG0139e	3	17803178	N:AC[T>C]CA	1	183218.0	508953129
JG0139e	3	19209976	T:TC[T>C]CA	-1	1406798.0	510359927
JG0139e	3	19605711	N:AC[T>G]TA	1	395735.0	510755662
JG0139e	3	20574334	N:AC[T>G]TG	-1	968623.0	511724285
JG0139e	3	20961245	N:CA[T>G]CA	1	386911.0	512111196
JG0139e	3	21346688	N:AC[T>G]TA	1	385443.0	512496639
JG0139e	3	21348366	N:AC[T>C]CA	-1	1678.0	512498317
JG0139e	3	21403790	N:AC[T>C]TG	1	55424.0	512553741
JG0139e	3	21925901	U:TC[T>C]CA	-1	522111.0	513075852
JG0139e	3	22064086	T:CC[T>G]TT	1	138185.0	513214037
JG0139e	3	22362103	T:AC[T>G]TC	1	298017.0	513512054
JG0139e	3	22377417	N:AC[T>C]TG	-1	15314.0	513527368
JG0139e	3	22499204	N:TC[T>G]GA	1	121787.0	513649155
JG0139e	3	23739039	N:GG[T>C]GG	1	1239835.0	514888990
JG0139e	3	23899500	T:TG[T>G]TA	1	160461.0	515049451
JG0139e	3	24969919	N:GC[T>A]CA	1	1070419.0	516119870
JG0139e	3	26068451	N:TC[T>G]TT	1	1098532.0	517218402
JG0139e	3	26416158	N:AC[T>G]TG	-1	347707.0	517566109
JG0139e	3	26582751	N:GC[T>G]CA	1	166593.0	517732702
JG0139e	3	26586502	N:AC[T>G]TT	1	3751.0	517736453
JG0139e	3	26714502	N:AC[T>G]CG	-1	128000.0	517864453
JG0139e	3	27442881	T:GC[T>G]GT	1	728379.0	518592832
JG0139e	3	27746391	N:AC[T>G]TG	-1	303510.0	518896342
JG0139e	3	27788335	N:AC[T>G]TA	-1	41944.0	518938286
JG0139e	3	28023982	N:AC[T>C]GT	-1	235647.0	519173933
JG0139e	3	32195819	N:AT[T>G]TT	1	4171837.0	523345770
JG0139e	3	33298995	U:AC[T>C]TA	1	1103176.0	524448946
JG0139e	3	33976484	N:AC[T>C]TT	1	677489.0	525126435
JG0139e	3	34141920	N:TC[T>C]CA	-1	165436.0	525291871
JG0139e	3	34165391	N:AC[T>A]CC	-1	23471.0	525315342
JG0139e	3	34463943	N:TT[T>G]TC	1	298552.0	525613894
JG0139e	3	34726297	N:GC[T>C]CC	-1	262354.0	525876248
JG0139e	3	34968831	N:TC[T>C]TG	-1	242534.0	526118782
JG0139e	3	35105854	N:TC[T>C]TC	-1	137023.0	526255805
JG0139e	3	35263682	N:AC[T>C]CA	1	157828.0	526413633
JG0139e	3	35520528	N:TT[T>C]TT	-1	256846.0	526670479
JG0139e	3	35773859	T:AT[T>G]TA	-1	253331.0	526923810
JG0139e	3	36035996	N:GT[T>C]TA	1	262137.0	527185947
JG0139e	3	36061162	N:TC[C>T]TC	1	25166.0	527211113
JG0139e	3	36200992	N:AG[T>C]CT	1	139830.0	527350943
JG0139e	3	36364108	N:GC[T>C]GA	1	163116.0	527514059
JG0139e	3	36387133	T:TC[T>G]TA	-1	23025.0	527537084
JG0139e	3	36547457	U:AC[T>G]TA	1	160324.0	527697408
JG0139e	3	36680999	N:GC[T>C]TA	1	133542.0	527830950
JG0139e	3	37658016	U:TC[T>G]TA	1	977017.0	528807967
JG0139e	3	37675992	U:CC[T>C]TG	1	17976.0	528825943
JG0139e	3	38544824	N:TC[T>C]CT	-1	868832.0	529694775
JG0139e	3	38546260	N:AC[T>C]TT	-1	1436.0	529696211
JG0139e	3	38892917	T:TA[C>A]TT	1	346657.0	530042868
JG0139e	3	39203603	N:AC[T>G]TT	1	310686.0	530353554
JG0139e	3	39608882	N:TG[T>G]CA	1	405279.0	530758833
JG0139e	3	40227086	U:TG[T>G]TG	1	618204.0	531377037
JG0139e	3	42189901	T:AC[T>C]CA	-1	1962815.0	533339852
JG0139e	3	42366896	N:TG[T>C]CT	1	176995.0	533516847
JG0139e	3	42786485	T:AC[T>G]TA	1	419589.0	533936436
JG0139e	3	42957293	U:TC[T>A]TT	1	170808.0	534107244
JG0139e	3	43014137	T:CC[C>A]TT	-1	56844.0	534164088
JG0139e	3	43035845	T:TC[T>C]CA	-1	21708.0	534185796
JG0139e	3	43500045	T:CG[T>G]CA	1	464200.0	534649996
JG0139e	3	43914051	N:GC[T>C]CT	1	414006.0	535064002
JG0139e	3	44769591	U:GC[T>C]TA	1	855540.0	535919542
JG0139e	3	45084618	U:GC[T>C]CC	-1	315027.0	536234569
JG0139e	3	47037709	T:TC[T>G]CA	1	1953091.0	538187660
JG0139e	3	48492407	T:GC[T>G]TG	1	1454698.0	539642358
JG0139e	3	48797362	T:GG[T>A]TT	1	304955.0	539947313
JG0139e	3	51870297	N:AC[T>C]CA	1	3072935.0	543020248
JG0139e	3	53539765	U:AC[T>A]TT	1	1669468.0	544689716
JG0139e	3	53737191	U:AC[T>C]CG	1	197426.0	544887142
JG0139e	3	53852691	U:AC[T>G]TT	1	115500.0	545002642
JG0139e	3	53880898	T:AC[T>G]TG	1	28207.0	545030849
JG0139e	3	53992326	N:TC[T>A]TT	1	111428.0	545142277
JG0139e	3	55578248	T:GC[T>C]TC	1	1585922.0	546728199
JG0139e	3	55581662	T:CC[T>C]CT	1	3414.0	546731613
JG0139e	3	55688088	T:AC[T>G]TG	1	106426.0	546838039
JG0139e	3	56895689	T:TC[T>C]CC	1	1207601.0	548045640
JG0139e	3	57177514	N:AC[T>G]TC	-1	281825.0	548327465
JG0139e	3	57651226	T:AC[T>G]TA	1	473712.0	548801177
JG0139e	3	59894859	U:AC[T>C]TG	-1	2243633.0	551044810
JG0139e	3	60351458	T:AC[T>G]TA	1	456599.0	551501409
JG0139e	3	61177068	T:AC[T>C]TG	1	825610.0	552327019
JG0139e	3	61336130	N:TC[T>G]TT	1	159062.0	552486081
JG0139e	3	61986893	T:AC[T>G]TA	-1	650763.0	553136844
JG0139e	3	62139663	U:TC[T>C]TG	1	152770.0	553289614
JG0139e	3	62737253	U:GC[T>A]GG	-1	597590.0	553887204
JG0139e	3	63106001	N:GC[T>A]CC	-1	368748.0	554255952
JG0139e	3	63473177	T:AG[T>A]TA	-1	367176.0	554623128
JG0139e	3	63770883	N:AT[T>G]TT	1	297706.0	554920834
JG0139e	3	67458323	U:TG[T>A]TG	-1	3687440.0	558608274
JG0139e	3	68298376	T:GC[T>G]TC	-1	840053.0	559448327
JG0139e	3	68785530	T:CC[T>G]CA	1	487154.0	559935481
JG0139e	3	72173212	N:TC[T>G]TG	1	3387682.0	563323163
JG0139e	3	72290718	N:AG[T>G]TA	1	117506.0	563440669
JG0139e	3	73156480	N:TC[T>G]TT	1	865762.0	564306431
JG0139e	3	73275586	N:TC[T>G]TA	-1	119106.0	564425537
JG0139e	3	73376181	N:TC[T>G]TA	1	100595.0	564526132
JG0139e	3	73560280	T:TC[T>C]TA	1	184099.0	564710231
JG0139e	3	75889261	N:AC[T>G]TT	-1	2328981.0	567039212
JG0139e	3	76235855	U:GC[T>C]GA	1	346594.0	567385806
JG0139e	3	76401477	U:AA[C>T]AT	1	165622.0	567551428
JG0139e	3	76793704	U:AC[T>C]CG	1	392227.0	567943655
JG0139e	3	77929726	N:TC[T>C]AC	1	1136022.0	569079677
JG0139e	3	77942042	N:TC[T>A]CG	1	12316.0	569091993
JG0139e	3	78006056	N:TG[T>A]TT	1	64014.0	569156007
JG0139e	3	78098355	N:AG[T>G]CT	1	92299.0	569248306
JG0139e	3	79367704	T:AC[T>G]CC	1	1269349.0	570517655
JG0139e	3	80461865	N:TT[C>A]AG	1	1094161.0	571611816
JG0139e	3	80461873	N:TC[T>C]TA	1	8.0	571611824
JG0139e	3	80858016	N:AC[T>A]CA	1	396143.0	572007967
JG0139e	3	81122258	N:AC[T>C]CA	-1	264242.0	572272209
JG0139e	3	81633194	T:AG[T>C]CT	1	510936.0	572783145
JG0139e	3	82409828	N:TC[T>A]TG	-1	776634.0	573559779
JG0139e	3	83235174	N:AC[T>A]TC	1	825346.0	574385125
JG0139e	3	83345007	N:AC[T>C]GG	-1	109833.0	574494958
JG0139e	3	83801612	N:TC[T>G]TA	-1	456605.0	574951563
JG0139e	3	83844107	N:AC[T>G]TA	-1	42495.0	574994058
JG0139e	3	83994182	N:GC[T>C]TT	-1	150075.0	575144133
JG0139e	3	84416027	N:TC[T>G]TT	-1	421845.0	575565978
JG0139e	3	85032714	U:TC[T>C]TT	1	616687.0	576182665
JG0139e	3	85045042	U:CG[T>G]TA	1	12328.0	576194993
JG0139e	3	85087328	U:TC[T>G]TT	1	42286.0	576237279
JG0139e	3	86882699	N:TC[T>G]TA	1	1795371.0	578032650
JG0139e	3	86942246	T:AG[T>A]TT	1	59547.0	578092197
JG0139e	3	87367018	N:AC[T>C]CC	-1	424772.0	578516969
JG0139e	3	87757156	N:CC[T>G]TT	-1	390138.0	578907107
JG0139e	3	89880440	N:AC[T>A]CA	1	2123284.0	581030391
JG0139e	3	90284573	N:TC[T>C]GT	1	404133.0	581434524
JG0139e	3	90719458	N:TC[T>C]TG	-1	434885.0	581869409
JG0139e	3	93931691	T:AC[T>A]TT	1	3212233.0	585081642
JG0139e	3	93941685	T:TC[T>G]TA	1	9994.0	585091636
JG0139e	3	94604399	N:AC[T>A]TA	1	662714.0	585754350
JG0139e	3	94753165	N:GC[C>T]GA	-1	148766.0	585903116
JG0139e	3	95764298	N:AA[T>G]TG	1	1011133.0	586914249
JG0139e	3	95940603	N:TC[T>G]TT	1	176305.0	587090554
JG0139e	3	96000507	N:CA[T>G]TA	1	59904.0	587150458
JG0139e	3	96201930	N:GC[T>G]TG	1	201423.0	587351881
JG0139e	3	96721869	N:AC[T>G]TT	1	519939.0	587871820
JG0139e	3	97422402	U:AC[T>G]TA	1	700533.0	588572353
JG0139e	3	97664417	T:CC[C>A]TG	-1	242015.0	588814368
JG0139e	3	97923490	U:TC[T>C]GA	1	259073.0	589073441
JG0139e	3	98319246	N:AC[T>G]TT	1	395756.0	589469197
JG0139e	3	99295244	N:CC[T>A]TG	1	975998.0	590445195
JG0139e	3	100770400	T:GG[T>C]GA	1	1475156.0	591920351
JG0139e	3	100853464	T:AC[T>G]TT	1	83064.0	592003415
JG0139e	3	100869004	T:TC[C>A]TT	1	15540.0	592018955
JG0139e	3	101915373	N:TG[T>C]TG	1	1046369.0	593065324
JG0139e	3	102976214	N:TA[C>A]AT	1	1060841.0	594126165
JG0139e	3	103319628	N:GT[C>A]CA	-1	343414.0	594469579
JG0139e	3	103614244	N:TG[T>G]TT	1	294616.0	594764195
JG0139e	3	104158552	N:TC[T>C]CA	1	544308.0	595308503
JG0139e	3	104664827	N:AA[T>G]TT	1	506275.0	595814778
JG0139e	3	105265148	N:AT[T>G]TA	1	600321.0	596415099
JG0139e	3	106327655	N:AC[T>G]TG	1	1062507.0	597477606
JG0139e	3	106460110	N:AG[T>G]TA	1	132455.0	597610061
JG0139e	3	106820652	N:AC[T>G]TG	1	360542.0	597970603
JG0139e	3	107351763	N:AC[T>G]GC	1	531111.0	598501714
JG0139e	3	107662072	U:TC[T>C]TG	1	310309.0	598812023
JG0139e	3	108963897	T:CC[T>C]CG	1	1301825.0	600113848
JG0139e	3	111753755	U:GG[T>G]TT	1	2789858.0	602903706
JG0139e	3	113624805	U:GC[T>G]TC	1	1871050.0	604774756
JG0139e	3	115906461	T:TG[T>G]TA	1	2281656.0	607056412
JG0139e	3	115957786	T:AC[T>C]TA	1	51325.0	607107737
JG0139e	3	116187652	T:AG[T>G]TA	1	229866.0	607337603
JG0139e	3	116337668	T:AG[T>C]GC	1	150016.0	607487619
JG0139e	3	116338319	T:AT[T>G]TC	1	651.0	607488270
JG0139e	3	116956848	T:TC[T>C]TA	1	618529.0	608106799
JG0139e	3	118337726	N:AC[T>A]TG	1	1380878.0	609487677
JG0139e	3	119307040	U:TG[T>G]TA	1	969314.0	610456991
JG0139e	3	121009920	U:AC[T>A]CC	1	1702880.0	612159871
JG0139e	3	121852298	U:AT[T>G]TG	1	842378.0	613002249
JG0139e	3	121961618	N:TC[T>G]TA	1	109320.0	613111569
JG0139e	3	122021344	T:AT[T>G]TC	1	59726.0	613171295
JG0139e	3	122893131	N:TA[C>T]TA	-1	871787.0	614043082
JG0139e	3	123467938	N:GC[T>G]TT	1	574807.0	614617889
JG0139e	3	124458785	U:AC[T>A]TA	1	990847.0	615608736
JG0139e	3	124528094	U:AC[T>G]TC	1	69309.0	615678045
JG0139e	3	124968287	T:GG[T>A]CA	1	440193.0	616118238
JG0139e	3	125278955	T:TC[T>G]CA	1	310668.0	616428906
JG0139e	3	126360717	N:CC[T>C]GG	1	1081762.0	617510668
JG0139e	3	127404231	N:AC[T>G]TG	1	1043514.0	618554182
JG0139e	3	127417990	N:TG[T>G]GA	1	13759.0	618567941
JG0139e	3	128031161	T:GC[T>C]CA	1	613171.0	619181112
JG0139e	3	128359110	T:AT[T>A]CC	-1	327949.0	619509061
JG0139e	3	130006797	N:TC[T>G]CA	1	1647687.0	621156748
JG0139e	3	130006933	N:TC[T>C]GT	1	136.0	621156884
JG0139e	3	130159187	N:AC[T>C]GC	1	152254.0	621309138
JG0139e	3	130252397	N:AA[T>G]TT	1	93210.0	621402348
JG0139e	3	131287864	U:CC[T>C]TA	1	1035467.0	622437815
JG0139e	3	135071022	U:CC[T>G]CC	1	3783158.0	626220973
JG0139e	3	135201465	U:TC[T>C]TA	1	130443.0	626351416
JG0139e	3	135609281	N:AG[T>G]CA	1	407816.0	626759232
JG0139e	3	135615974	N:CC[T>C]GG	1	6693.0	626765925
JG0139e	3	135806925	N:GC[T>C]CA	1	190951.0	626956876
JG0139e	3	137303054	N:TC[T>C]TC	1	1496129.0	628453005
JG0139e	3	137337775	N:GC[T>C]CA	1	34721.0	628487726
JG0139e	3	137350623	N:TC[T>C]GG	1	12848.0	628500574
JG0139e	3	137431049	N:GC[T>A]TA	1	80426.0	628581000
JG0139e	3	137581491	N:CA[C>A]CT	1	150442.0	628731442
JG0139e	3	137581493	N:CC[T>G]TA	1	2.0	628731444
JG0139e	3	137670970	N:AG[T>G]CA	1	89477.0	628820921
JG0139e	3	137793978	N:GG[C>T]CC	-1	123008.0	628943929
JG0139e	3	138141693	N:AC[T>C]GA	1	347715.0	629291644
JG0139e	3	140769275	N:GT[T>G]TG	1	2627582.0	631919226
JG0139e	3	141744293	U:GC[T>G]TC	1	975018.0	632894244
JG0139e	3	142668927	U:GC[T>G]TA	1	924634.0	633818878
JG0139e	3	142937520	N:TC[T>C]TG	1	268593.0	634087471
JG0139e	3	144996928	N:AC[T>G]TG	1	2059408.0	636146879
JG0139e	3	145117925	N:GC[T>G]TA	1	120997.0	636267876
JG0139e	3	146896300	N:TT[T>C]CC	-1	1778375.0	638046251
JG0139e	3	146916840	N:TC[T>C]TT	1	20540.0	638066791
JG0139e	3	147036536	N:TC[T>A]AG	-1	119696.0	638186487
JG0139e	3	147154161	N:GC[T>C]CT	1	117625.0	638304112
JG0139e	3	147957361	N:TA[T>G]TA	1	803200.0	639107312
JG0139e	3	148135700	N:TC[T>G]TT	1	178339.0	639285651
JG0139e	3	148645239	N:GG[T>G]TA	1	509539.0	639795190
JG0139e	3	148798428	U:GG[T>C]GA	1	153189.0	639948379
JG0139e	3	149145865	U:AG[T>G]TT	1	347437.0	640295816
JG0139e	3	150047167	T:AG[T>G]TT	1	901302.0	641197118
JG0139e	3	150088947	N:TT[T>G]TT	1	41780.0	641238898
JG0139e	3	152490528	N:GC[T>G]TA	1	2401581.0	643640479
JG0139e	3	153851439	N:AC[T>G]TA	1	1360911.0	645001390
JG0139e	3	154651757	N:CC[T>C]CC	1	800318.0	645801708
JG0139e	3	154892026	N:GG[T>G]CC	1	240269.0	646041977
JG0139e	3	155654676	T:TC[T>C]CA	1	762650.0	646804627
JG0139e	3	156203913	U:AC[T>G]TC	1	549237.0	647353864
JG0139e	3	156368421	U:AC[T>C]CT	1	164508.0	647518372
JG0139e	3	157702285	N:AC[T>G]CA	1	1333864.0	648852236
JG0139e	3	157706191	N:TC[T>G]TT	1	3906.0	648856142
JG0139e	3	158172558	U:AG[T>G]TA	1	466367.0	649322509
JG0139e	3	158286689	U:AG[T>G]TT	1	114131.0	649436640
JG0139e	3	158326947	U:GG[T>G]TT	1	40258.0	649476898
JG0139e	3	159416893	U:GG[T>G]TA	1	1089946.0	650566844
JG0139e	3	159648446	U:CC[T>G]TA	1	231553.0	650798397
JG0139e	3	159944102	N:TG[T>C]GG	1	295656.0	651094053
JG0139e	3	160371296	U:TC[T>C]TT	-1	427194.0	651521247
JG0139e	3	161313424	N:CC[T>C]TA	-1	942128.0	652463375
JG0139e	3	162985731	N:AG[C>G]CA	1	1672307.0	654135682
JG0139e	3	163232229	N:TA[C>G]TA	1	246498.0	654382180
JG0139e	3	163808026	N:GG[T>A]TT	1	575797.0	654957977
JG0139e	3	164142890	N:AC[T>A]AA	1	334864.0	655292841
JG0139e	3	164279685	N:TC[T>C]CT	-1	136795.0	655429636
JG0139e	3	164320436	N:AC[T>C]TA	1	40751.0	655470387
JG0139e	3	164507046	N:AC[T>G]TG	1	186610.0	655656997
JG0139e	3	165276855	N:TC[T>C]AG	1	769809.0	656426806
JG0139e	3	165357253	N:TG[T>G]TT	1	80398.0	656507204
JG0139e	3	166422851	N:GC[T>A]GG	1	1065598.0	657572802
JG0139e	3	166588768	N:TC[T>A]TA	-1	165917.0	657738719
JG0139e	3	167625519	T:AC[T>C]TG	1	1036751.0	658775470
JG0139e	3	168042640	U:TC[T>C]GC	-1	417121.0	659192591
JG0139e	3	168854534	N:AG[T>G]TT	1	811894.0	660004485
JG0139e	3	169935667	T:AC[T>C]TG	-1	1081133.0	661085618
JG0139e	3	170950544	N:AG[T>C]CA	1	1014877.0	662100495
JG0139e	3	171141926	T:AG[T>G]TA	1	191382.0	662291877
JG0139e	3	171547102	N:TC[T>G]TA	-1	405176.0	662697053
JG0139e	3	171587274	N:GC[T>C]TA	1	40172.0	662737225
JG0139e	3	171718869	U:AC[T>C]GT	-1	131595.0	662868820
JG0139e	3	171940411	N:TC[T>G]TA	1	221542.0	663090362
JG0139e	3	172046242	T:AC[T>C]TG	-1	105831.0	663196193
JG0139e	3	172133346	T:AC[T>G]TG	-1	87104.0	663283297
JG0139e	3	173633088	U:TG[T>G]TT	1	1499742.0	664783039
JG0139e	3	173771984	U:CC[T>G]TA	1	138896.0	664921935
JG0139e	3	174033104	T:TC[T>G]TA	-1	261120.0	665183055
JG0139e	3	174215018	U:AC[T>G]TA	1	181914.0	665364969
JG0139e	3	175356981	U:TC[T>G]TG	1	1141963.0	666506932
JG0139e	3	175769146	U:AC[T>G]TA	1	412165.0	666919097
JG0139e	3	175997243	N:GC[T>C]TC	-1	228097.0	667147194
JG0139e	3	176044467	N:TC[T>G]TT	-1	47224.0	667194418
JG0139e	3	176113876	N:TG[T>C]CA	1	69409.0	667263827
JG0139e	3	176184876	N:AC[T>A]TG	-1	71000.0	667334827
JG0139e	3	176240550	N:TC[T>C]TG	-1	55674.0	667390501
JG0139e	3	176672006	N:TT[T>G]TT	-1	431456.0	667821957
JG0139e	3	176681879	N:AC[T>C]TT	-1	9873.0	667831830
JG0139e	3	176717048	N:AC[T>C]TA	1	35169.0	667866999
JG0139e	3	176827640	N:AC[T>G]TA	1	110592.0	667977591
JG0139e	3	176857844	N:CC[T>C]TA	-1	30204.0	668007795
JG0139e	3	177001155	N:AC[T>G]TA	-1	143311.0	668151106
JG0139e	3	177425708	N:GG[C>G]CA	1	424553.0	668575659
JG0139e	3	177425715	N:TG[T>G]TG	1	7.0	668575666
JG0139e	3	177879559	N:TC[T>C]TG	-1	453844.0	669029510
JG0139e	3	178065568	N:TC[T>A]CA	-1	186009.0	669215519
JG0139e	3	178215000	N:AG[T>G]TT	-1	149432.0	669364951
JG0139e	3	178423377	T:AG[C>A]AA	-1	208377.0	669573328
JG0139e	3	178553802	T:AC[T>A]TT	-1	130425.0	669703753
JG0139e	3	179237463	B:GA[T>G]TT	1	683661.0	670387414
JG0139e	3	179256766	U:AC[T>G]TT	-1	19303.0	670406717
JG0139e	3	179577272	U:GG[T>G]TT	1	320506.0	670727223
JG0139e	3	179955966	U:TC[T>C]TG	-1	378694.0	671105917
JG0139e	3	180026401	T:CA[T>G]CT	1	70435.0	671176352
JG0139e	3	180163905	N:GC[T>G]TT	1	137504.0	671313856
JG0139e	3	181395691	N:TT[T>A]GG	1	1231786.0	672545642
JG0139e	3	181543240	N:TC[T>A]CA	-1	147549.0	672693191
JG0139e	3	181922038	N:TC[T>C]TA	-1	378798.0	673071989
JG0139e	3	183426640	T:GG[T>G]TT	1	1504602.0	674576591
JG0139e	3	183605198	N:AC[T>C]TA	1	178558.0	674755149
JG0139e	3	184445512	N:GC[T>G]GC	-1	840314.0	675595463
JG0139e	3	184930931	T:AC[T>C]CA	-1	485419.0	676080882
JG0139e	3	185452328	T:GG[T>C]TG	-1	521397.0	676602279
JG0139e	3	186320120	U:TC[T>G]TA	-1	867792.0	677470071
JG0139e	3	186459989	N:GA[T>G]TA	-1	139869.0	677609940
JG0139e	3	186781021	N:TC[T>C]TG	-1	321032.0	677930972
JG0139e	3	187193341	N:AC[T>G]TC	1	412320.0	678343292
JG0139e	3	187210185	N:CC[T>G]CA	1	16844.0	678360136
JG0139e	3	187366774	N:GC[T>C]CA	-1	156589.0	678516725
JG0139e	3	187687240	N:AG[T>G]TG	-1	320466.0	678837191
JG0139e	3	188043115	N:TA[T>A]AT	1	355875.0	679193066
JG0139e	3	188408020	U:CC[T>G]CA	1	364905.0	679557971
JG0139e	3	188622213	U:TC[T>G]TA	1	214193.0	679772164
JG0139e	3	188692031	U:CC[T>G]TC	1	69818.0	679841982
JG0139e	3	188812227	U:AC[T>G]CT	1	120196.0	679962178
JG0139e	3	189132084	U:TC[T>G]GA	1	319857.0	680282035
JG0139e	3	189241257	T:AC[T>G]TG	-1	109173.0	680391208
JG0139e	3	189295390	T:AC[T>A]GA	-1	54133.0	680445341
JG0139e	3	189383762	N:CC[T>C]CC	-1	88372.0	680533713
JG0139e	3	189554708	N:TC[T>C]CT	1	170946.0	680704659
JG0139e	3	189625195	N:TC[T>G]TG	1	70487.0	680775146
JG0139e	3	189668684	T:TC[T>C]TT	-1	43489.0	680818635
JG0139e	3	189698805	T:TC[T>C]TG	-1	30121.0	680848756
JG0139e	3	189772815	T:GC[T>G]TG	-1	74010.0	680922766
JG0139e	3	189857141	T:GG[T>G]TA	-1	84326.0	681007092
JG0139e	3	189972701	U:TG[T>G]TC	-1	115560.0	681122652
JG0139e	3	190375363	N:AC[T>C]TG	-1	402662.0	681525314
JG0139e	3	190659383	U:AG[T>G]TA	1	284020.0	681809334
JG0139e	3	190821142	N:TC[T>C]TG	-1	161759.0	681971093
JG0139e	3	191121772	N:AT[T>G]TA	1	300630.0	682271723
JG0139e	3	191621638	N:TA[C>T]AC	1	499866.0	682771589
JG0139e	3	192377343	T:AC[T>C]CA	1	755705.0	683527294
JG0139e	3	192464917	U:AC[T>G]TG	-1	87574.0	683614868
JG0139e	3	192790816	N:CC[T>G]TC	1	325899.0	683940767
JG0139e	3	193526867	T:AC[T>G]TA	1	736051.0	684676818
JG0139e	3	193717374	N:TC[T>C]TG	-1	190507.0	684867325
JG0139e	3	195815082	N:GA[T>C]CA	-1	2097708.0	686965033
JG0139e	3	196510089	T:CT[C>T]CC	1	695007.0	687660040
JG0139e	3	196787528	U:CC[T>G]TG	1	277439.0	687937479
JG0139e	3	196925331	U:CC[T>A]CG	1	137803.0	688075282
JG0139e	4	368360	T:GG[T>G]TG	-1		689813870
JG0139e	4	492464	T:GA[T>G]TT	1	124104.0	689937974
JG0139e	4	643734	U:TT[C>A]TG	1	151270.0	690089244
JG0139e	4	1932236	T:TC[T>G]TG	-1	1288502.0	691377746
JG0139e	4	3976181	N:CC[T>G]TC	1	2043945.0	693421691
JG0139e	4	4979879	N:TG[T>A]TT	-1	1003698.0	694425389
JG0139e	4	5003091	N:CT[T>G]CT	-1	23212.0	694448601
JG0139e	4	5102134	U:CC[T>A]CA	1	99043.0	694547644
JG0139e	4	5749596	T:AC[T>G]CA	-1	647462.0	695195106
JG0139e	4	6661063	N:GA[T>G]CA	-1	911467.0	696106573
JG0139e	4	6825457	T:CC[T>G]CA	-1	164394.0	696270967
JG0139e	4	7157314	N:TC[T>G]TA	1	331857.0	696602824
JG0139e	4	7958563	N:AC[T>G]TG	-1	801249.0	697404073
JG0139e	4	8523755	N:TC[T>C]GG	-1	565192.0	697969265
JG0139e	4	10563427	T:AC[T>G]CA	1	2039672.0	700008937
JG0139e	4	10937313	N:TA[T>G]TG	-1	373886.0	700382823
JG0139e	4	10952877	N:AG[T>C]AA	-1	15564.0	700398387
JG0139e	4	11629316	N:CC[T>A]CA	1	676439.0	701074826
JG0139e	4	12675031	N:CC[T>G]CA	1	1045715.0	702120541
JG0139e	4	12851409	N:GA[T>G]TT	-1	176378.0	702296919
JG0139e	4	13184396	N:GC[T>G]CA	-1	332987.0	702629906
JG0139e	4	13667100	N:TT[T>C]TG	1	482704.0	703112610
JG0139e	4	13793563	N:AC[T>C]AA	-1	126463.0	703239073
JG0139e	4	13810406	N:TC[T>G]TC	-1	16843.0	703255916
JG0139e	4	13938764	N:AG[T>C]CA	-1	128358.0	703384274
JG0139e	4	14025757	N:GC[T>G]CA	-1	86993.0	703471267
JG0139e	4	14054783	N:TG[T>C]CT	-1	29026.0	703500293
JG0139e	4	14099201	N:TG[C>A]GT	1	44418.0	703544711
JG0139e	4	14398922	N:TG[T>G]TG	-1	299721.0	703844432
JG0139e	4	14855049	N:AC[T>C]TA	-1	456127.0	704300559
JG0139e	4	15270435	N:AC[T>G]TA	-1	415386.0	704715945
JG0139e	4	16254721	N:TC[T>G]CA	-1	984286.0	705700231
JG0139e	4	16256799	N:GC[T>C]TA	-1	2078.0	705702309
JG0139e	4	17339769	N:AC[T>G]CA	-1	1082970.0	706785279
JG0139e	4	17530203	N:CC[T>G]CA	-1	190434.0	706975713
JG0139e	4	17957719	U:TC[T>G]TA	-1	427516.0	707403229
JG0139e	4	18923161	N:GC[T>C]TA	1	965442.0	708368671
JG0139e	4	18942883	N:GC[T>C]CA	1	19722.0	708388393
JG0139e	4	19391582	N:AC[T>G]CA	1	448699.0	708837092
JG0139e	4	19632882	N:AG[C>A]AC	1	241300.0	709078392
JG0139e	4	19746870	N:TC[T>G]TG	1	113988.0	709192380
JG0139e	4	19931479	N:AC[T>A]TT	-1	184609.0	709376989
JG0139e	4	20855856	U:TC[T>A]CA	-1	924377.0	710301366
JG0139e	4	20875186	U:AC[T>C]TA	-1	19330.0	710320696
JG0139e	4	20940399	U:AC[T>G]TG	-1	65213.0	710385909
JG0139e	4	20947019	T:TC[T>C]TG	1	6620.0	710392529
JG0139e	4	21208863	U:TC[T>G]TG	-1	261844.0	710654373
JG0139e	4	21486649	U:AA[T>C]CG	-1	277786.0	710932159
JG0139e	4	21696024	U:AC[T>C]TT	-1	209375.0	711141534
JG0139e	4	21850628	U:AC[T>G]TG	-1	154604.0	711296138
JG0139e	4	21905031	T:TG[T>G]TA	1	54403.0	711350541
JG0139e	4	22727624	N:CC[T>G]TT	-1	822593.0	712173134
JG0139e	4	22973219	N:AC[T>G]CA	-1	245595.0	712418729
JG0139e	4	23805816	U:TC[T>G]CA	-1	832597.0	713251326
JG0139e	4	24125804	N:TC[T>C]TG	1	319988.0	713571314
JG0139e	4	24200934	N:AC[T>C]CT	1	75130.0	713646444
JG0139e	4	24719928	N:TG[T>G]TA	-1	518994.0	714165438
JG0139e	4	24790302	U:AT[T>A]AT	1	70374.0	714235812
JG0139e	4	24790372	U:TT[T>C]CT	1	70.0	714235882
JG0139e	4	25221833	T:TC[T>C]CC	-1	431461.0	714667343
JG0139e	4	25414937	U:AG[T>G]TA	1	193104.0	714860447
JG0139e	4	25432005	N:TC[T>C]CG	-1	17068.0	714877515
JG0139e	4	25503966	N:CC[T>C]TG	1	71961.0	714949476
JG0139e	4	25665403	U:AG[T>G]TG	1	161437.0	715110913
JG0139e	4	25717855	N:TC[T>C]TA	-1	52452.0	715163365
JG0139e	4	25721758	N:GG[T>G]TG	1	3903.0	715167268
JG0139e	4	26507677	N:TC[T>G]TA	-1	785919.0	715953187
JG0139e	4	26694384	T:GT[T>G]TA	-1	186707.0	716139894
JG0139e	4	26913615	T:AC[T>C]CA	-1	219231.0	716359125
JG0139e	4	27039925	N:AC[T>C]TG	-1	126310.0	716485435
JG0139e	4	27043615	N:AG[T>C]TA	-1	3690.0	716489125
JG0139e	4	27263222	N:TC[T>C]AG	1	219607.0	716708732
JG0139e	4	27463753	N:CC[T>C]TT	-1	200531.0	716909263
JG0139e	4	27622526	N:TC[T>G]TT	-1	158773.0	717068036
JG0139e	4	27684189	N:TC[T>C]TG	-1	61663.0	717129699
JG0139e	4	27734423	N:TC[T>C]CC	-1	50234.0	717179933
JG0139e	4	28263809	N:CC[T>G]TA	-1	529386.0	717709319
JG0139e	4	28987849	N:AC[T>C]CA	-1	724040.0	718433359
JG0139e	4	29249849	N:CC[T>G]CA	-1	262000.0	718695359
JG0139e	4	30263122	N:TT[T>A]GT	-1	1013273.0	719708632
JG0139e	4	30291963	N:AC[T>C]CG	-1	28841.0	719737473
JG0139e	4	30417550	N:AC[T>A]CA	-1	125587.0	719863060
JG0139e	4	30622001	N:AA[T>G]TA	1	204451.0	720067511
JG0139e	4	30630710	N:GC[T>C]TA	1	8709.0	720076220
JG0139e	4	30824725	T:GC[T>G]TC	-1	194015.0	720270235
JG0139e	4	31167513	N:AC[T>G]GA	1	342788.0	720613023
JG0139e	4	31184720	N:AC[T>C]AG	1	17207.0	720630230
JG0139e	4	31362908	N:TC[T>C]TG	-1	178188.0	720808418
JG0139e	4	32178331	N:GT[T>G]TG	-1	815423.0	721623841
JG0139e	4	32258117	N:TC[T>A]CT	-1	79786.0	721703627
JG0139e	4	32258353	N:TC[T>C]CA	-1	236.0	721703863
JG0139e	4	32423442	N:AC[T>C]CT	1	165089.0	721868952
JG0139e	4	32623388	N:AC[T>C]TT	-1	199946.0	722068898
JG0139e	4	32742391	N:GC[T>G]TA	-1	119003.0	722187901
JG0139e	4	33214551	N:AC[T>G]CT	1	472160.0	722660061
JG0139e	4	33551075	N:TC[T>C]CA	-1	336524.0	722996585
JG0139e	4	33937163	N:AC[T>C]TA	-1	386088.0	723382673
JG0139e	4	33980704	N:TC[T>A]TA	1	43541.0	723426214
JG0139e	4	34351130	N:CC[T>G]TC	-1	370426.0	723796640
JG0139e	4	35646697	N:AC[T>C]TA	-1	1295567.0	725092207
JG0139e	4	35924421	N:AC[T>C]CT	1	277724.0	725369931
JG0139e	4	36070920	U:AC[T>C]TA	-1	146499.0	725516430
JG0139e	4	36716781	N:TC[T>C]AG	-1	645861.0	726162291
JG0139e	4	36903012	N:TG[T>G]TA	-1	186231.0	726348522
JG0139e	4	36985169	N:AT[T>C]TT	-1	82157.0	726430679
JG0139e	4	37017931	N:TC[T>C]CA	-1	32762.0	726463441
JG0139e	4	37476487	U:TC[T>C]CC	1	458556.0	726921997
JG0139e	4	37800212	N:CC[T>G]CA	1	323725.0	727245722
JG0139e	4	37894078	U:CC[T>A]CC	1	93866.0	727339588
JG0139e	4	38804563	U:AG[T>A]CC	-1	910485.0	728250073
JG0139e	4	38869253	T:AC[T>A]GC	-1	64690.0	728314763
JG0139e	4	38917984	T:TC[T>C]CA	-1	48731.0	728363494
JG0139e	4	38949544	N:CC[T>C]CA	-1	31560.0	728395054
JG0139e	4	39028680	U:AC[T>G]TA	-1	79136.0	728474190
JG0139e	4	39110825	T:AC[T>G]TA	-1	82145.0	728556335
JG0139e	4	39394092	N:AG[T>G]TC	1	283267.0	728839602
JG0139e	4	39399902	N:AC[T>G]CG	1	5810.0	728845412
JG0139e	4	39663095	N:AC[T>G]CA	1	263193.0	729108605
JG0139e	4	40325408	N:GC[T>G]TA	-1	662313.0	729770918
JG0139e	4	40393975	N:CC[T>A]TC	-1	68567.0	729839485
JG0139e	4	41792858	N:TC[T>G]CA	1	1398883.0	731238368
JG0139e	4	42217164	N:AT[C>G]CC	-1	424306.0	731662674
JG0139e	4	42342052	N:GC[T>C]TG	1	124888.0	731787562
JG0139e	4	42529542	U:AC[T>C]TG	-1	187490.0	731975052
JG0139e	4	43925845	N:AC[T>G]TA	1	1396303.0	733371355
JG0139e	4	43971619	N:AA[C>A]TT	1	45774.0	733417129
JG0139e	4	45647419	N:TC[T>C]CA	1	1675800.0	735092929
JG0139e	4	45971720	N:TC[T>C]TT	1	324301.0	735417230
JG0139e	4	46532983	N:AC[T>C]TC	-1	561263.0	735978493
JG0139e	4	46702077	N:TG[T>G]TA	-1	169094.0	736147587
JG0139e	4	47559631	T:CC[T>C]TG	-1	857554.0	737005141
JG0139e	4	48434881	N:AC[T>G]TC	-1	875250.0	737880391
JG0139e	4	48480887	N:TC[T>C]CT	-1	46006.0	737926397
JG0139e	4	48961903	N:CC[T>G]TA	-1	481016.0	738407413
JG0139e	4	52085811	T:GC[T>C]CA	-1	3123908.0	741531321
JG0139e	4	52227913	N:AA[T>G]TG	-1	142102.0	741673423
JG0139e	4	52348530	N:AC[T>C]GG	-1	120617.0	741794040
JG0139e	4	52693571	N:TA[T>G]TA	-1	345041.0	742139081
JG0139e	4	53292932	U:GG[T>G]TT	-1	599361.0	742738442
JG0139e	4	53597358	U:AC[T>G]TT	1	304426.0	743042868
JG0139e	4	53715446	T:CC[T>G]TC	-1	118088.0	743160956
JG0139e	4	53755157	T:TG[T>G]TG	-1	39711.0	743200667
JG0139e	4	54654354	N:AG[T>G]TA	-1	899197.0	744099864
JG0139e	4	55732992	N:TC[T>A]CA	-1	1078638.0	745178502
JG0139e	4	56145306	T:CT[T>A]AT	-1	412314.0	745590816
JG0139e	4	56899408	N:TC[T>C]CA	-1	754102.0	746344918
JG0139e	4	57356046	N:TC[T>G]TG	1	456638.0	746801556
JG0139e	4	57436220	N:TC[T>C]TG	-1	80174.0	746881730
JG0139e	4	57836443	N:CC[T>G]TG	-1	400223.0	747281953
JG0139e	4	57875218	N:CC[T>C]AA	-1	38775.0	747320728
JG0139e	4	57885338	N:AC[T>G]CA	-1	10120.0	747330848
JG0139e	4	58478337	N:CT[T>G]TA	-1	592999.0	747923847
JG0139e	4	59362777	N:AC[T>G]TA	-1	884440.0	748808287
JG0139e	4	60021150	N:CC[T>G]TT	1	658373.0	749466660
JG0139e	4	60848670	N:TC[T>C]GT	-1	827520.0	750294180
JG0139e	4	61937703	T:GC[T>C]TT	-1	1089033.0	751383213
JG0139e	4	62114442	N:TC[T>G]TC	-1	176739.0	751559952
JG0139e	4	62610358	N:TC[T>G]TA	-1	495916.0	752055868
JG0139e	4	62710693	N:GA[T>G]TG	-1	100335.0	752156203
JG0139e	4	63153187	N:AC[T>C]CA	-1	442494.0	752598697
JG0139e	4	63712162	N:AG[T>G]TA	-1	558975.0	753157672
JG0139e	4	64265854	N:TC[T>C]CA	-1	553692.0	753711364
JG0139e	4	64292283	U:TC[T>A]TT	-1	26429.0	753737793
JG0139e	4	64400670	U:AC[T>C]AT	-1	108387.0	753846180
JG0139e	4	64570006	N:TG[T>C]CT	-1	169336.0	754015516
JG0139e	4	65602873	T:AA[T>G]TA	1	1032867.0	755048383
JG0139e	4	66438372	N:AC[T>C]CT	-1	835499.0	755883882
JG0139e	4	66475709	N:AC[T>C]TG	-1	37337.0	755921219
JG0139e	4	67038414	N:TG[C>G]CT	1	562705.0	756483924
JG0139e	4	67136938	N:AC[T>G]TA	-1	98524.0	756582448
JG0139e	4	67151530	N:GC[T>G]CC	1	14592.0	756597040
JG0139e	4	68144903	N:TC[T>G]TG	1	993373.0	757590413
JG0139e	4	71264009	T:AG[T>C]AA	-1	3119106.0	760709519
JG0139e	4	71314654	T:GT[T>C]TG	-1	50645.0	760760164
JG0139e	4	71485852	U:TG[T>G]TA	1	171198.0	760931362
JG0139e	4	71768747	U:GC[T>C]CA	-1	282895.0	761214257
JG0139e	4	72220972	N:AC[T>C]TG	1	452225.0	761666482
JG0139e	4	72329531	U:GC[T>G]TT	-1	108559.0	761775041
JG0139e	4	72666997	N:TT[C>T]AA	1	337466.0	762112507
JG0139e	4	73311937	N:AA[T>G]TT	-1	644940.0	762757447
JG0139e	4	73474175	N:AC[T>A]CA	-1	162238.0	762919685
JG0139e	4	73681978	N:GC[T>C]TA	1	207803.0	763127488
JG0139e	4	74052341	N:TT[T>G]TC	1	370363.0	763497851
JG0139e	4	74178104	U:GA[T>A]TG	1	125763.0	763623614
JG0139e	4	74543182	N:AC[T>G]TA	-1	365078.0	763988692
JG0139e	4	74862526	N:GC[T>G]TA	1	319344.0	764308036
JG0139e	4	75185598	N:TC[T>C]TG	-1	323072.0	764631108
JG0139e	4	76090256	U:GC[T>G]TT	1	904658.0	765535766
JG0139e	4	76196948	U:CC[T>G]CA	-1	106692.0	765642458
JG0139e	4	76246055	T:GC[T>G]TC	-1	49107.0	765691565
JG0139e	4	76380002	U:AC[T>G]TA	-1	133947.0	765825512
JG0139e	4	76446912	U:AG[T>C]TG	1	66910.0	765892422
JG0139e	4	76971756	T:TC[T>C]CA	-1	524844.0	766417266
JG0139e	4	77025055	U:TC[T>C]CT	1	53299.0	766470565
JG0139e	4	77083766	N:AG[T>C]CT	-1	58711.0	766529276
JG0139e	4	77400512	N:AG[T>C]GA	1	316746.0	766846022
JG0139e	4	77434202	N:TC[T>C]AC	-1	33690.0	766879712
JG0139e	4	77705459	N:AC[T>C]TG	-1	271257.0	767150969
JG0139e	4	77852639	N:AC[T>G]TA	-1	147180.0	767298149
JG0139e	4	78074062	T:AC[T>A]CA	-1	221423.0	767519572
JG0139e	4	78248733	T:AA[C>A]AA	-1	174671.0	767694243
JG0139e	4	78315363	T:AC[T>C]CT	-1	66630.0	767760873
JG0139e	4	78607479	T:GG[T>G]TT	-1	292116.0	768052989
JG0139e	4	78802506	T:TC[T>C]TA	-1	195027.0	768248016
JG0139e	4	79225535	N:GG[C>A]GT	1	423029.0	768671045
JG0139e	4	79493852	N:AT[C>A]AG	-1	268317.0	768939362
JG0139e	4	79933130	U:AC[T>C]TA	-1	439278.0	769378640
JG0139e	4	80300999	N:TC[T>C]GG	-1	367869.0	769746509
JG0139e	4	80423495	U:TG[T>G]TT	1	122496.0	769869005
JG0139e	4	81582047	U:AC[T>C]CT	-1	1158552.0	771027557
JG0139e	4	81700070	U:GC[T>C]TA	-1	118023.0	771145580
JG0139e	4	82048178	N:TC[T>A]CT	-1	348108.0	771493688
JG0139e	4	82234609	N:TC[T>C]TA	-1	186431.0	771680119
JG0139e	4	82382574	N:GA[T>C]TG	-1	147965.0	771828084
JG0139e	4	84809929	U:AC[T>G]TT	-1	2427355.0	774255439
JG0139e	4	84874724	U:AC[T>A]TG	-1	64795.0	774320234
JG0139e	4	86382643	U:AG[T>G]TG	-1	1507919.0	775828153
JG0139e	4	87483028	U:AC[T>C]TG	-1	1100385.0	776928538
JG0139e	4	87536172	N:TG[C>T]CC	1	53144.0	776981682
JG0139e	4	87536175	N:CC[T>G]TT	1	3.0	776981685
JG0139e	4	88517980	N:AC[T>G]TC	1	981805.0	777963490
JG0139e	4	88948374	U:GC[T>G]TC	-1	430394.0	778393884
JG0139e	4	89198777	N:AG[T>C]TA	-1	250403.0	778644287
JG0139e	4	89316954	N:AC[T>G]TC	-1	118177.0	778762464
JG0139e	4	89627913	N:TC[T>G]CT	-1	310959.0	779073423
JG0139e	4	89826649	U:AG[T>A]TC	-1	198736.0	779272159
JG0139e	4	90276873	T:TC[T>G]CA	-1	450224.0	779722383
JG0139e	4	90800496	U:GG[C>A]AT	1	523623.0	780246006
JG0139e	4	91654112	N:AT[T>G]TA	-1	853616.0	781099622
JG0139e	4	91758988	N:AT[T>G]TT	-1	104876.0	781204498
JG0139e	4	92239818	N:AC[T>G]TA	1	480830.0	781685328
JG0139e	4	92268270	N:AG[T>G]TT	-1	28452.0	781713780
JG0139e	4	92281526	N:CC[T>G]CA	-1	13256.0	781727036
JG0139e	4	92416583	T:AC[T>C]TA	-1	135057.0	781862093
JG0139e	4	93306198	T:AC[T>C]CC	-1	889615.0	782751708
JG0139e	4	93718881	T:AA[T>G]TG	-1	412683.0	783164391
JG0139e	4	93796196	T:TC[T>C]GA	-1	77315.0	783241706
JG0139e	4	94000782	N:TC[T>G]TG	-1	204586.0	783446292
JG0139e	4	94818251	T:TC[T>G]TG	-1	817469.0	784263761
JG0139e	4	94931958	T:TC[T>C]TA	-1	113707.0	784377468
JG0139e	4	96327466	N:GC[T>C]AA	-1	1395508.0	785772976
JG0139e	4	97254629	U:AC[T>G]TA	-1	927163.0	786700139
JG0139e	4	97278391	U:AT[C>G]AG	-1	23762.0	786723901
JG0139e	4	97417841	U:TC[T>A]TT	-1	139450.0	786863351
JG0139e	4	98435272	U:TT[T>C]TA	1	1017431.0	787880782
JG0139e	4	99291716	N:AC[T>C]AA	-1	856444.0	788737226
JG0139e	4	99307808	U:TC[T>C]TC	-1	16092.0	788753318
JG0139e	4	99630879	N:TC[T>G]TA	-1	323071.0	789076389
JG0139e	4	101359401	N:AC[T>C]CT	-1	1728522.0	790804911
JG0139e	4	101611663	T:AC[T>A]TA	-1	252262.0	791057173
JG0139e	4	101788230	T:TC[T>C]CT	-1	176567.0	791233740
JG0139e	4	102545914	T:TC[T>C]TA	-1	757684.0	791991424
JG0139e	4	103371689	N:TT[T>G]TA	-1	825775.0	792817199
JG0139e	4	103892000	N:GC[T>G]GG	-1	520311.0	793337510
JG0139e	4	103933629	N:TC[T>G]TG	-1	41629.0	793379139
JG0139e	4	105158053	T:TC[T>G]TA	-1	1224424.0	794603563
JG0139e	4	106083175	U:TG[T>A]TA	-1	925122.0	795528685
JG0139e	4	106556164	N:CA[C>A]TT	1	472989.0	796001674
JG0139e	4	106556165	N:AC[T>G]TC	1	1.0	796001675
JG0139e	4	106629121	N:AG[C>A]AT	1	72956.0	796074631
JG0139e	4	107106322	U:AA[T>G]TA	-1	477201.0	796551832
JG0139e	4	107239214	U:AC[T>C]TA	-1	132892.0	796684724
JG0139e	4	107783879	N:TC[T>G]TA	1	544665.0	797229389
JG0139e	4	109412844	N:AC[T>C]TA	-1	1628965.0	798858354
JG0139e	4	110395717	N:GA[T>G]TG	-1	982873.0	799841227
JG0139e	4	111361630	N:GG[C>A]CA	1	965913.0	800807140
JG0139e	4	112332768	T:GC[T>C]TA	-1	971138.0	801778278
JG0139e	4	112620486	U:TC[T>C]TG	-1	287718.0	802065996
JG0139e	4	114137031	N:TC[T>C]TA	-1	1516545.0	803582541
JG0139e	4	116794024	N:GG[T>A]CT	-1	2656993.0	806239534
JG0139e	4	117481605	N:GG[T>G]TA	-1	687581.0	806927115
JG0139e	4	118136177	T:AC[T>G]TT	-1	654572.0	807581687
JG0139e	4	118687743	U:TT[T>C]CC	1	551566.0	808133253
JG0139e	4	119366471	N:GA[T>G]TA	1	678728.0	808811981
JG0139e	4	119817761	N:TC[T>C]CC	-1	451290.0	809263271
JG0139e	4	121462441	N:AC[T>A]TT	-1	1644680.0	810907951
JG0139e	4	122481563	N:GC[T>A]CA	-1	1019122.0	811927073
JG0139e	4	123094921	T:GG[T>C]CA	-1	613358.0	812540431
JG0139e	4	123202943	T:GC[T>A]CA	-1	108022.0	812648453
JG0139e	4	124111872	N:AC[T>G]TA	1	908929.0	813557382
JG0139e	4	124456239	N:TC[T>C]CC	-1	344367.0	813901749
JG0139e	4	125136475	N:TG[T>G]TA	1	680236.0	814581985
JG0139e	4	127295673	N:AC[T>A]CA	-1	2159198.0	816741183
JG0139e	4	129033174	U:AC[T>A]CA	-1	1737501.0	818478684
JG0139e	4	129252088	N:GT[T>A]CT	-1	218914.0	818697598
JG0139e	4	130356587	N:AC[T>A]CA	-1	1104499.0	819802097
JG0139e	4	130826864	N:AC[T>G]TT	-1	470277.0	820272374
JG0139e	4	132459231	N:TC[T>G]TT	-1	1632367.0	821904741
JG0139e	4	132671556	N:AC[T>A]TA	-1	212325.0	822117066
JG0139e	4	132918968	N:AC[T>G]TA	-1	247412.0	822364478
JG0139e	4	133337016	N:AC[T>C]GT	1	418048.0	822782526
JG0139e	4	133692480	N:CC[T>C]TA	-1	355464.0	823137990
JG0139e	4	134789942	N:TT[C>A]AA	1	1097462.0	824235452
JG0139e	4	135320359	N:GC[T>C]CA	-1	530417.0	824765869
JG0139e	4	136924690	N:AC[T>C]CG	-1	1604331.0	826370200
JG0139e	4	138087837	N:AC[T>G]TT	-1	1163147.0	827533347
JG0139e	4	138748703	N:GG[T>G]TA	1	660866.0	828194213
JG0139e	4	138761186	N:GG[T>A]CA	-1	12483.0	828206696
JG0139e	4	138814523	N:AC[T>G]GC	1	53337.0	828260033
JG0139e	4	139160621	U:TG[T>G]TT	-1	346098.0	828606131
JG0139e	4	139811474	T:AC[T>G]TA	1	650853.0	829256984
JG0139e	4	139965781	U:TC[T>C]TT	-1	154307.0	829411291
JG0139e	4	140125324	T:AC[T>G]TG	1	159543.0	829570834
JG0139e	4	140307372	T:CC[T>A]CA	-1	182048.0	829752882
JG0139e	4	140471988	T:TC[T>G]TA	1	164616.0	829917498
JG0139e	4	140516972	N:CC[T>C]TG	1	44984.0	829962482
JG0139e	4	140818250	N:TC[T>C]CA	-1	301278.0	830263760
JG0139e	4	140913863	U:CC[T>A]CC	-1	95613.0	830359373
JG0139e	4	141002734	U:GC[T>C]CG	-1	88871.0	830448244
JG0139e	4	141218935	N:AC[T>C]CA	-1	216201.0	830664445
JG0139e	4	141495833	N:AT[T>G]TC	-1	276898.0	830941343
JG0139e	4	141568950	N:AC[T>G]TA	-1	73117.0	831014460
JG0139e	4	141716190	T:TC[T>G]TG	-1	147240.0	831161700
JG0139e	4	142311331	T:GC[T>G]TG	1	595141.0	831756841
JG0139e	4	142693321	U:TC[T>G]TA	-1	381990.0	832138831
JG0139e	4	142948423	N:GC[T>C]CA	1	255102.0	832393933
JG0139e	4	143331294	N:AC[T>C]GG	1	382871.0	832776804
JG0139e	4	143561453	N:TC[T>C]CT	-1	230159.0	833006963
JG0139e	4	143645937	T:TC[T>G]TC	1	84484.0	833091447
JG0139e	4	143692136	T:AC[T>G]TT	1	46199.0	833137646
JG0139e	4	143855444	N:AT[T>G]TT	-1	163308.0	833300954
JG0139e	4	144011330	U:TC[T>C]CG	-1	155886.0	833456840
JG0139e	4	144051953	N:AC[T>A]TA	1	40623.0	833497463
JG0139e	4	144062903	N:GG[T>G]TG	1	10950.0	833508413
JG0139e	4	144081393	N:AC[T>G]TT	-1	18490.0	833526903
JG0139e	4	144150636	N:TC[T>G]TG	1	69243.0	833596146
JG0139e	4	144171057	N:CC[T>G]TA	-1	20421.0	833616567
JG0139e	4	144311359	N:AA[C>A]AT	-1	140302.0	833756869
JG0139e	4	145112064	U:AC[T>G]TC	1	800705.0	834557574
JG0139e	4	145610916	U:AG[T>G]TA	1	498852.0	835056426
JG0139e	4	145680440	T:TC[T>G]TA	-1	69524.0	835125950
JG0139e	4	145929174	T:CC[T>G]TC	1	248734.0	835374684
JG0139e	4	146998610	N:AC[T>C]CC	1	1069436.0	836444120
JG0139e	4	147596334	N:TC[T>C]TA	-1	597724.0	837041844
JG0139e	4	147693103	N:TC[T>G]CG	-1	96769.0	837138613
JG0139e	4	147810574	U:AG[T>A]TG	1	117471.0	837256084
JG0139e	4	148033096	U:TC[T>G]TC	1	222522.0	837478606
JG0139e	4	148289604	U:TG[T>G]TA	-1	256508.0	837735114
JG0139e	4	149314257	N:AT[T>G]TT	-1	1024653.0	838759767
JG0139e	4	149395527	U:AC[T>G]TT	-1	81270.0	838841037
JG0139e	4	149487327	T:AC[T>G]CG	1	91800.0	838932837
JG0139e	4	149632731	T:CC[T>G]TA	1	145404.0	839078241
JG0139e	4	150011412	N:AC[T>C]AA	1	378681.0	839456922
JG0139e	4	150041770	N:TC[T>C]TC	-1	30358.0	839487280
JG0139e	4	150130280	T:TC[T>C]CA	-1	88510.0	839575790
JG0139e	4	150133963	T:AC[T>G]CC	-1	3683.0	839579473
JG0139e	4	150224870	U:AC[T>G]TG	1	90907.0	839670380
JG0139e	4	150246125	T:GG[T>G]TG	-1	21255.0	839691635
JG0139e	4	150289655	U:TC[T>A]TA	-1	43530.0	839735165
JG0139e	4	151114658	N:GG[T>G]TG	-1	825003.0	840560168
JG0139e	4	151313742	T:CC[T>G]TG	1	199084.0	840759252
JG0139e	4	151354798	N:AC[T>G]TA	1	41056.0	840800308
JG0139e	4	152091579	N:GC[T>C]TT	-1	736781.0	841537089
JG0139e	4	152639369	T:AG[T>C]TT	1	547790.0	842084879
JG0139e	4	153424688	N:TC[T>G]TA	-1	785319.0	842870198
JG0139e	4	153726131	U:AC[T>C]CC	-1	301443.0	843171641
JG0139e	4	153773705	N:TC[T>G]TA	-1	47574.0	843219215
JG0139e	4	154114473	N:TC[T>A]CA	1	340768.0	843559983
JG0139e	4	154175726	N:GC[T>C]TG	-1	61253.0	843621236
JG0139e	4	154425180	T:AG[T>G]CA	1	249454.0	843870690
JG0139e	4	154524150	N:AC[T>G]TG	-1	98970.0	843969660
JG0139e	4	154679689	U:AC[T>G]TA	1	155539.0	844125199
JG0139e	4	154783363	T:AC[T>C]TA	-1	103674.0	844228873
JG0139e	4	154875644	N:AC[T>C]CA	-1	92281.0	844321154
JG0139e	4	154878617	N:CC[T>G]TT	-1	2973.0	844324127
JG0139e	4	155026061	N:GC[T>C]TA	-1	147444.0	844471571
JG0139e	4	155337989	N:GC[T>G]TG	1	311928.0	844783499
JG0139e	4	155436509	N:TC[T>C]CC	1	98520.0	844882019
JG0139e	4	155836813	U:AC[T>G]CT	-1	400304.0	845282323
JG0139e	4	155982714	N:GC[T>G]TA	-1	145901.0	845428224
JG0139e	4	156238579	N:TC[T>C]CG	1	255865.0	845684089
JG0139e	4	156779594	U:GG[T>G]TT	-1	541015.0	846225104
JG0139e	4	157247577	T:TC[T>A]CA	-1	467983.0	846693087
JG0139e	4	157295695	T:AC[T>G]TT	-1	48118.0	846741205
JG0139e	4	157309614	T:AC[T>C]TG	-1	13919.0	846755124
JG0139e	4	157328947	U:GC[T>G]TA	1	19333.0	846774457
JG0139e	4	157369014	N:TC[T>C]TA	1	40067.0	846814524
JG0139e	4	157547272	N:AC[T>C]TT	-1	178258.0	846992782
JG0139e	4	157758625	N:CC[T>A]GT	-1	211353.0	847204135
JG0139e	4	158288559	N:AC[T>G]TT	-1	529934.0	847734069
JG0139e	4	158319344	U:TC[T>G]TG	1	30785.0	847764854
JG0139e	4	158352692	T:TC[T>C]CA	-1	33348.0	847798202
JG0139e	4	158788555	U:AG[T>G]TT	1	435863.0	848234065
JG0139e	4	159073377	N:AA[C>A]TC	1	284822.0	848518887
JG0139e	4	159309088	T:AC[T>G]TA	-1	235711.0	848754598
JG0139e	4	159497135	N:TC[T>C]TT	1	188047.0	848942645
JG0139e	4	159764518	N:AC[T>C]GC	1	267383.0	849210028
JG0139e	4	160318045	N:TC[T>C]CA	1	553527.0	849763555
JG0139e	4	160434448	N:AC[T>G]TA	1	116403.0	849879958
JG0139e	4	160844332	N:TT[C>G]AC	-1	409884.0	850289842
JG0139e	4	161211521	N:GC[T>C]TT	1	367189.0	850657031
JG0139e	4	161590754	U:TC[T>G]CC	-1	379233.0	851036264
JG0139e	4	162207683	N:CC[T>G]TT	-1	616929.0	851653193
JG0139e	4	162234527	N:AC[T>G]TT	1	26844.0	851680037
JG0139e	4	162760597	N:AC[T>C]TA	1	526070.0	852206107
JG0139e	4	162772476	N:AC[T>C]CA	1	11879.0	852217986
JG0139e	4	162829351	N:TC[T>C]TG	1	56875.0	852274861
JG0139e	4	163013927	N:AG[T>C]TA	1	184576.0	852459437
JG0139e	4	163072330	N:AC[T>C]TT	-1	58403.0	852517840
JG0139e	4	163122694	U:AC[T>G]CA	-1	50364.0	852568204
JG0139e	4	165696607	N:TG[T>G]TA	-1	2573913.0	855142117
JG0139e	4	165721229	N:TC[T>G]TT	-1	24622.0	855166739
JG0139e	4	165852195	N:GG[T>G]TA	-1	130966.0	855297705
JG0139e	4	165923897	U:AT[T>G]TC	1	71702.0	855369407
JG0139e	4	166507869	N:TT[T>G]TC	-1	583972.0	855953379
JG0139e	4	166512677	N:CC[T>G]CT	-1	4808.0	855958187
JG0139e	4	166776536	T:TC[T>G]TC	1	263859.0	856222046
JG0139e	4	167052264	T:AG[T>G]TC	1	275728.0	856497774
JG0139e	4	167237338	N:AC[T>C]GG	1	185074.0	856682848
JG0139e	4	167501660	N:AA[T>G]TG	-1	264322.0	856947170
JG0139e	4	167695893	N:AC[T>G]TA	-1	194233.0	857141403
JG0139e	4	167786826	N:CC[T>C]CA	1	90933.0	857232336
JG0139e	4	167952482	N:AC[T>A]TG	1	165656.0	857397992
JG0139e	4	168200676	N:GG[T>G]TC	-1	248194.0	857646186
JG0139e	4	168524226	U:GC[T>C]TA	1	323550.0	857969736
JG0139e	4	168688800	U:TC[T>C]TA	1	164574.0	858134310
JG0139e	4	169305980	N:TC[T>C]AG	1	617180.0	858751490
JG0139e	4	169425742	T:AC[T>C]TC	1	119762.0	858871252
JG0139e	4	169726886	N:AC[T>C]TA	1	301144.0	859172396
JG0139e	4	170582661	N:GA[T>G]TG	-1	855775.0	860028171
JG0139e	4	170599463	N:TC[T>G]TG	-1	16802.0	860044973
JG0139e	4	170857661	N:TC[T>G]CA	1	258198.0	860303171
JG0139e	4	171491899	N:AC[T>C]TA	1	634238.0	860937409
JG0139e	4	171884948	U:AC[T>G]CG	1	393049.0	861330458
JG0139e	4	171929950	T:AT[T>G]TT	-1	45002.0	861375460
JG0139e	4	172240983	T:AG[T>G]TA	-1	311033.0	861686493
JG0139e	4	172245846	U:GA[C>A]TG	1	4863.0	861691356
JG0139e	4	172465549	T:AT[T>G]TT	-1	219703.0	861911059
JG0139e	4	172625760	U:AA[T>A]TA	1	160211.0	862071270
JG0139e	4	172633461	U:TC[T>C]CC	1	7701.0	862078971
JG0139e	4	172696204	U:AC[T>G]TG	1	62743.0	862141714
JG0139e	4	172981028	U:AC[T>G]TG	1	284824.0	862426538
JG0139e	4	173267309	U:AC[T>G]TA	1	286281.0	862712819
JG0139e	4	173859088	N:TT[T>G]CA	-1	591779.0	863304598
JG0139e	4	174792903	T:AC[T>C]TT	1	933815.0	864238413
JG0139e	4	174980804	N:TT[C>G]AC	-1	187901.0	864426314
JG0139e	4	175277832	N:GC[T>G]TG	1	297028.0	864723342
JG0139e	4	175351481	N:TA[C>A]AA	1	73649.0	864796991
JG0139e	4	175461889	N:AC[T>C]GA	1	110408.0	864907399
JG0139e	4	175471129	N:CA[T>A]AT	-1	9240.0	864916639
JG0139e	4	175530891	N:AC[T>G]TA	-1	59762.0	864976401
JG0139e	4	175879419	T:CC[T>C]CA	1	348528.0	865324929
JG0139e	4	176534992	N:AG[T>G]TG	1	655573.0	865980502
JG0139e	4	176643425	N:AG[T>G]TA	1	108433.0	866088935
JG0139e	4	176961883	N:AC[T>G]TA	1	318458.0	866407393
JG0139e	4	176981494	N:AC[T>G]AG	1	19611.0	866427004
JG0139e	4	178211867	N:AC[T>G]CA	1	1230373.0	867657377
JG0139e	4	178222958	N:GC[T>C]CT	-1	11091.0	867668468
JG0139e	4	178371173	N:TA[T>G]TA	1	148215.0	867816683
JG0139e	4	178410214	N:TC[T>G]TA	-1	39041.0	867855724
JG0139e	4	178683423	N:TG[T>G]TA	-1	273209.0	868128933
JG0139e	4	179101805	N:TC[T>C]CA	1	418382.0	868547315
JG0139e	4	179328529	N:GG[T>G]TA	1	226724.0	868774039
JG0139e	4	179909452	N:TG[T>A]TA	-1	580923.0	869354962
JG0139e	4	179973468	N:TC[T>C]AC	1	64016.0	869418978
JG0139e	4	179985028	N:AA[T>G]TA	-1	11560.0	869430538
JG0139e	4	180314328	N:AC[T>G]TG	1	329300.0	869759838
JG0139e	4	180677662	N:AC[T>C]TT	-1	363334.0	870123172
JG0139e	4	181669339	N:AC[T>G]TA	1	991677.0	871114849
JG0139e	4	181932895	N:TC[T>C]CA	1	263556.0	871378405
JG0139e	4	182412135	U:GC[T>C]CC	1	479240.0	871857645
JG0139e	4	183744232	N:GC[T>C]TG	1	1332097.0	873189742
JG0139e	4	184163290	U:TC[T>C]GA	-1	419058.0	873608800
JG0139e	4	184561525	N:CC[T>G]GC	-1	398235.0	874007035
JG0139e	4	184797305	U:GC[T>C]CG	-1	235780.0	874242815
JG0139e	4	184819563	U:AC[T>C]GA	-1	22258.0	874265073
JG0139e	4	184837020	N:TC[T>G]TT	1	17457.0	874282530
JG0139e	4	184950930	N:TC[T>C]GT	-1	113910.0	874396440
JG0139e	4	185432463	T:TA[T>G]TA	-1	481533.0	874877973
JG0139e	4	185568549	N:GC[T>C]GA	1	136086.0	875014059
JG0139e	4	185784581	T:TC[T>C]TG	1	216032.0	875230091
JG0139e	4	185809863	T:TC[T>G]TC	1	25282.0	875255373
JG0139e	4	186260610	N:AC[T>G]TT	1	450747.0	875706120
JG0139e	4	186888857	N:TC[T>G]TC	-1	628247.0	876334367
JG0139e	4	187386182	N:GC[T>G]TA	1	497325.0	876831692
JG0139e	4	187423874	N:AC[T>C]TT	1	37692.0	876869384
JG0139e	4	188111299	N:AC[T>G]TA	-1	687425.0	877556809
JG0139e	4	188513063	N:TC[T>G]TG	-1	401764.0	877958573
JG0139e	4	188535881	N:CC[T>G]TT	-1	22818.0	877981391
JG0139e	4	188583198	N:GG[T>G]CA	-1	47317.0	878028708
JG0139e	4	188937404	N:AC[T>G]TT	1	354206.0	878382914
JG0139e	4	189106764	N:AG[T>G]TA	-1	169360.0	878552274
JG0139e	4	189633847	N:CC[T>G]TA	1	527083.0	879079357
JG0139e	4	189802640	N:TC[T>C]CC	1	168793.0	879248150
JG0139e	4	189849779	N:AC[T>C]TG	1	47139.0	879295289
JG0139e	4	189914938	N:AT[C>A]CA	1	65159.0	879360448
JG0139e	5	151376	T:AC[T>G]TT	-1		879811441
JG0139e	5	459895	U:TG[T>C]TG	1	308519.0	880119960
JG0139e	5	1286881	U:TG[T>G]TT	-1	826986.0	880946946
JG0139e	5	1430232	T:TC[T>C]CC	1	143351.0	881090297
JG0139e	5	1817498	N:AC[T>G]CA	-1	387266.0	881477563
JG0139e	5	1940367	N:AC[T>A]CC	1	122869.0	881600432
JG0139e	5	2056490	N:AT[T>A]TT	1	116123.0	881716555
JG0139e	5	2239782	N:GC[T>G]CA	1	183292.0	881899847
JG0139e	5	2247016	N:AC[T>G]CA	1	7234.0	881907081
JG0139e	5	2443400	N:TC[T>G]TA	1	196384.0	882103465
JG0139e	5	2471693	N:GG[T>C]CA	1	28293.0	882131758
JG0139e	5	2506575	N:AC[T>G]TT	1	34882.0	882166640
JG0139e	5	2522419	N:TC[T>G]TA	1	15844.0	882182484
JG0139e	5	2544543	N:TC[T>C]GA	1	22124.0	882204608
JG0139e	5	2565342	N:GG[T>C]CT	1	20799.0	882225407
JG0139e	5	2654807	N:TC[T>C]CA	1	89465.0	882314872
JG0139e	5	3176046	N:AC[T>G]TG	1	521239.0	882836111
JG0139e	5	3620540	N:GC[T>C]CA	1	444494.0	883280605
JG0139e	5	3646080	N:AC[T>G]TT	1	25540.0	883306145
JG0139e	5	3702854	N:AA[T>G]TA	1	56774.0	883362919
JG0139e	5	3850270	N:GG[C>A]AG	1	147416.0	883510335
JG0139e	5	3885180	N:TC[T>G]GG	1	34910.0	883545245
JG0139e	5	4145860	N:AA[C>A]AT	-1	260680.0	883805925
JG0139e	5	4145861	N:TG[T>G]TA	1	1.0	883805926
JG0139e	5	4167575	N:GG[T>G]TA	1	21714.0	883827640
JG0139e	5	4309378	N:GC[T>C]CA	-1	141803.0	883969443
JG0139e	5	4393317	N:TA[T>C]CC	1	83939.0	884053382
JG0139e	5	4479270	N:TC[T>C]GC	1	85953.0	884139335
JG0139e	5	4663340	N:AC[T>C]CT	1	184070.0	884323405
JG0139e	5	4797644	N:TC[T>A]CC	1	134304.0	884457709
JG0139e	5	4828532	N:TG[T>G]TA	1	30888.0	884488597
JG0139e	5	4877183	N:AC[T>A]CA	1	48651.0	884537248
JG0139e	5	4883057	N:AC[T>G]TA	1	5874.0	884543122
JG0139e	5	4953992	N:AC[T>G]TA	1	70935.0	884614057
JG0139e	5	5135165	N:AC[T>C]TT	1	181173.0	884795230
JG0139e	5	5243224	U:AC[T>C]AA	1	108059.0	884903289
JG0139e	5	5348029	N:GA[C>A]TC	-1	104805.0	885008094
JG0139e	5	5672424	N:AA[T>G]TT	1	324395.0	885332489
JG0139e	5	5715716	N:GC[T>C]CC	1	43292.0	885375781
JG0139e	5	6051536	N:AG[T>G]TA	1	335820.0	885711601
JG0139e	5	6115740	N:TC[T>C]CA	1	64204.0	885775805
JG0139e	5	6291885	N:AG[T>G]CA	1	176145.0	885951950
JG0139e	5	6460773	U:TC[T>G]TA	1	168888.0	886120838
JG0139e	5	6464447	U:GT[T>G]TT	1	3674.0	886124512
JG0139e	5	6475335	U:AC[T>G]TC	1	10888.0	886135400
JG0139e	5	6477876	U:AC[T>A]CA	1	2541.0	886137941
JG0139e	5	6529347	N:AC[T>A]CA	1	51471.0	886189412
JG0139e	5	6544602	N:AA[T>G]TA	1	15255.0	886204667
JG0139e	5	6575926	N:AC[T>G]TG	1	31324.0	886235991
JG0139e	5	6878913	N:AA[T>G]TA	1	302987.0	886538978
JG0139e	5	7183492	N:GG[T>G]TA	1	304579.0	886843557
JG0139e	5	7203820	N:GC[T>G]TA	1	20328.0	886863885
JG0139e	5	7255365	N:TC[T>A]TG	1	51545.0	886915430
JG0139e	5	7482305	U:GG[T>G]TG	1	226940.0	887142370
JG0139e	5	7585831	U:TC[T>G]TA	1	103526.0	887245896
JG0139e	5	7689586	U:TC[T>C]CA	1	103755.0	887349651
JG0139e	5	7697465	U:CC[T>G]TA	1	7879.0	887357530
JG0139e	5	7787997	U:AC[T>G]TG	1	90532.0	887448062
JG0139e	5	7991361	N:GC[T>G]CA	-1	203364.0	887651426
JG0139e	5	8302716	N:TC[T>C]TG	1	311355.0	887962781
JG0139e	5	8511545	N:GA[T>A]TG	1	208829.0	888171610
JG0139e	5	8588134	N:AC[T>G]TT	1	76589.0	888248199
JG0139e	5	8655581	N:TC[T>C]TG	1	67447.0	888315646
JG0139e	5	8866676	N:TC[T>G]TA	1	211095.0	888526741
JG0139e	5	9036469	T:AC[T>G]TG	1	169793.0	888696534
JG0139e	5	9145078	T:AC[T>A]TA	1	108609.0	888805143
JG0139e	5	9175323	T:CC[T>C]CA	1	30245.0	888835388
JG0139e	5	9334392	U:AG[T>G]TT	-1	159069.0	888994457
JG0139e	5	9334398	T:TC[T>G]GA	1	6.0	888994463
JG0139e	5	9558980	N:GC[T>C]CT	1	224582.0	889219045
JG0139e	5	9594598	N:GA[T>G]CA	1	35618.0	889254663
JG0139e	5	9646916	T:TC[T>C]CA	1	52318.0	889306981
JG0139e	5	9724875	N:TC[T>G]TC	1	77959.0	889384940
JG0139e	5	9736954	N:CC[T>G]TA	1	12079.0	889397019
JG0139e	5	9759224	N:AC[T>G]GG	1	22270.0	889419289
JG0139e	5	9790701	N:GC[T>G]CA	1	31477.0	889450766
JG0139e	5	9907167	N:TT[C>A]TC	-1	116466.0	889567232
JG0139e	5	10799917	N:TC[C>A]TT	1	892750.0	890459982
JG0139e	5	10810318	N:AC[T>C]TG	1	10401.0	890470383
JG0139e	5	10824974	N:GC[T>G]TG	1	14656.0	890485039
JG0139e	5	10922483	N:GG[T>C]TG	1	97509.0	890582548
JG0139e	5	10971504	N:TC[T>G]CT	1	49021.0	890631569
JG0139e	5	11381858	T:GC[T>G]CA	1	410354.0	891041923
JG0139e	5	11485732	T:AC[T>G]TT	1	103874.0	891145797
JG0139e	5	11858664	T:GC[T>G]CA	1	372932.0	891518729
JG0139e	5	12023572	N:AC[T>C]CA	1	164908.0	891683637
JG0139e	5	12175167	N:TC[T>A]CA	1	151595.0	891835232
JG0139e	5	12264012	N:CC[C>A]TT	-1	88845.0	891924077
JG0139e	5	12382390	N:AC[T>C]TT	1	118378.0	892042455
JG0139e	5	12623283	N:CC[T>C]GA	1	240893.0	892283348
JG0139e	5	12653811	N:TC[T>A]CC	1	30528.0	892313876
JG0139e	5	12695715	N:TC[T>C]TG	1	41904.0	892355780
JG0139e	5	12828294	N:AC[T>C]TG	1	132579.0	892488359
JG0139e	5	13848226	T:TC[T>C]AA	1	1019932.0	893508291
JG0139e	5	14094521	N:GC[T>G]TA	1	246295.0	893754586
JG0139e	5	14448273	U:TC[T>C]TG	1	353752.0	894108338
JG0139e	5	14920193	N:CC[T>C]TA	1	471920.0	894580258
JG0139e	5	14978498	N:GC[T>C]CC	1	58305.0	894638563
JG0139e	5	15031251	N:GC[T>G]TC	1	52753.0	894691316
JG0139e	5	15392522	N:AC[T>A]CA	1	361271.0	895052587
JG0139e	5	15757955	U:TC[T>G]CT	1	365433.0	895418020
JG0139e	5	16234906	N:AC[T>A]TG	1	476951.0	895894971
JG0139e	5	16349301	N:TC[T>G]TA	1	114395.0	896009366
JG0139e	5	16379044	N:TC[T>C]TG	1	29743.0	896039109
JG0139e	5	17015585	N:GG[T>G]TC	1	636541.0	896675650
JG0139e	5	17700147	N:TC[T>C]CT	1	684562.0	897360212
JG0139e	5	17785920	N:CC[T>C]CA	1	85773.0	897445985
JG0139e	5	17896014	N:GC[T>C]CC	1	110094.0	897556079
JG0139e	5	18487774	N:GA[T>A]TG	1	591760.0	898147839
JG0139e	5	18630403	N:TC[T>G]AG	1	142629.0	898290468
JG0139e	5	18996287	N:GA[T>G]CA	1	365884.0	898656352
JG0139e	5	19014574	N:AC[T>G]TC	1	18287.0	898674639
JG0139e	5	19687157	T:CC[T>G]TG	1	672583.0	899347222
JG0139e	5	20210387	T:TC[T>C]GA	1	523230.0	899870452
JG0139e	5	20352272	T:CA[C>G]TT	1	141885.0	900012337
JG0139e	5	21669663	N:AG[T>A]AT	1	1317391.0	901329728
JG0139e	5	22363216	T:AC[T>G]GA	1	693553.0	902023281
JG0139e	5	22550135	T:TC[T>C]CA	1	186919.0	902210200
JG0139e	5	22743053	T:GC[T>C]CA	1	192918.0	902403118
JG0139e	5	22970118	N:TC[T>C]CA	1	227065.0	902630183
JG0139e	5	23710846	N:GG[T>C]GG	1	740728.0	903370911
JG0139e	5	24160286	N:AC[T>G]TA	1	449440.0	903820351
JG0139e	5	24605047	T:AC[T>C]TG	1	444761.0	904265112
JG0139e	5	25663280	N:TC[T>G]TT	1	1058233.0	905323345
JG0139e	5	26591167	N:CC[T>G]TC	1	927887.0	906251232
JG0139e	5	27202660	N:TC[T>C]CA	1	611493.0	906862725
JG0139e	5	27910076	N:TG[T>C]GA	1	707416.0	907570141
JG0139e	5	28048873	N:TA[T>G]TA	1	138797.0	907708938
JG0139e	5	28240099	N:TA[T>C]GT	-1	191226.0	907900164
JG0139e	5	28252300	N:GT[T>G]TT	-1	12201.0	907912365
JG0139e	5	28827665	N:AC[T>G]TT	1	575365.0	908487730
JG0139e	5	28828981	N:TT[T>G]GA	1	1316.0	908489046
JG0139e	5	28869328	N:AA[T>G]TA	1	40347.0	908529393
JG0139e	5	28973502	N:AC[T>A]CA	1	104174.0	908633567
JG0139e	5	29044256	N:AC[T>C]TG	1	70754.0	908704321
JG0139e	5	30351571	N:AC[T>G]TA	1	1307315.0	910011636
JG0139e	5	30641649	N:TA[C>A]AA	-1	290078.0	910301714
JG0139e	5	32784357	U:AT[T>G]TT	1	2142708.0	912444422
JG0139e	5	32941978	N:TC[T>C]TG	1	157621.0	912602043
JG0139e	5	33314104	N:TA[T>C]TT	1	372126.0	912974169
JG0139e	5	34828525	U:AC[T>C]TA	1	1514421.0	914488590
JG0139e	5	35265028	N:AT[C>A]TT	-1	436503.0	914925093
JG0139e	5	35638455	U:TG[T>G]TA	1	373427.0	915298520
JG0139e	5	38075125	N:CC[T>G]TC	-1	2436670.0	917735190
JG0139e	5	38135264	N:AC[T>G]TG	1	60139.0	917795329
JG0139e	5	38320518	U:CC[T>C]CC	1	185254.0	917980583
JG0139e	5	38364467	T:TC[T>C]TC	-1	43949.0	918024532
JG0139e	5	39175719	T:AC[T>C]CA	1	811252.0	918835784
JG0139e	5	39218210	T:AC[T>G]TT	1	42491.0	918878275
JG0139e	5	39742862	N:AC[T>G]TA	1	524652.0	919402927
JG0139e	5	39856626	N:CC[T>A]CC	1	113764.0	919516691
JG0139e	5	40175561	N:AA[C>A]AA	-1	318935.0	919835626
JG0139e	5	40318649	N:GC[T>G]TA	1	143088.0	919978714
JG0139e	5	40855673	T:AC[T>G]TG	-1	537024.0	920515738
JG0139e	5	40948988	T:TC[T>C]AA	-1	93315.0	920609053
JG0139e	5	41050179	U:AG[T>A]AG	-1	101191.0	920710244
JG0139e	5	42034852	N:TC[T>G]TT	1	984673.0	921694917
JG0139e	5	42091249	N:AT[T>G]TA	1	56397.0	921751314
JG0139e	5	42134048	N:TG[T>G]TG	-1	42799.0	921794113
JG0139e	5	42452050	U:TG[T>C]TT	1	318002.0	922112115
JG0139e	5	42513856	U:GC[T>C]CA	1	61806.0	922173921
JG0139e	5	42650274	U:GC[T>A]TG	1	136418.0	922310339
JG0139e	5	42659929	U:GC[T>G]TA	1	9655.0	922319994
JG0139e	5	42799017	U:AG[T>G]TA	1	139088.0	922459082
JG0139e	5	42851409	U:AC[T>C]TT	-1	52392.0	922511474
JG0139e	5	42933287	N:AC[T>C]CT	1	81878.0	922593352
JG0139e	5	42953961	N:AA[T>G]CC	1	20674.0	922614026
JG0139e	5	43248565	T:CC[T>G]CC	-1	294604.0	922908630
JG0139e	5	43698654	T:AG[T>G]TA	-1	450089.0	923358719
JG0139e	5	43920527	N:TC[T>A]TG	-1	221873.0	923580592
JG0139e	5	44383310	T:AC[T>A]CT	1	462783.0	924043375
JG0139e	5	44718781	N:CA[C>G]GA	1	335471.0	924378846
JG0139e	5	44913189	N:AC[T>G]TA	1	194408.0	924573254
JG0139e	5	45651561	T:AA[T>G]CA	1	738372.0	925311626
JG0139e	5	45900823	N:TC[T>C]CT	1	249262.0	925560888
JG0139e	5	46175700	N:TC[T>G]CA	1	274877.0	925835765
JG0139e	5	51211128	N:TC[T>A]TA	1	5035428.0	930871193
JG0139e	5	51214945	N:CC[T>G]CT	1	3817.0	930875010
JG0139e	5	51411972	N:AC[T>G]GA	1	197027.0	931072037
JG0139e	5	51650999	N:GC[T>C]CT	1	239027.0	931311064
JG0139e	5	51871543	N:CC[T>G]TG	1	220544.0	931531608
JG0139e	5	52226854	N:TC[T>C]TT	1	355311.0	931886919
JG0139e	5	53239336	N:AC[T>A]TT	-1	1012482.0	932899401
JG0139e	5	53705568	N:TC[T>A]CA	1	466232.0	933365633
JG0139e	5	53804331	N:AC[T>C]TG	-1	98763.0	933464396
JG0139e	5	54042547	T:CC[T>G]TT	1	238216.0	933702612
JG0139e	5	54704883	N:AC[T>G]TC	1	662336.0	934364948
JG0139e	5	54835661	N:CC[T>G]TA	1	130778.0	934495726
JG0139e	5	54850431	N:AC[T>G]TT	1	14770.0	934510496
JG0139e	5	55178606	N:TC[T>C]TG	-1	328175.0	934838671
JG0139e	5	55614954	N:AG[C>A]AA	1	436348.0	935275019
JG0139e	5	56188239	U:TC[T>C]CG	-1	573285.0	935848304
JG0139e	5	56323307	N:AC[T>C]CT	1	135068.0	935983372
JG0139e	5	56653477	N:GC[T>C]TG	1	330170.0	936313542
JG0139e	5	56774604	N:GC[T>C]TT	-1	121127.0	936434669
JG0139e	5	57902175	N:AC[T>C]TA	-1	1127571.0	937562240
JG0139e	5	58477579	N:TC[T>C]CT	1	575404.0	938137644
JG0139e	5	58518872	N:AC[T>C]CT	1	41293.0	938178937
JG0139e	5	58698609	T:GC[C>A]TC	-1	179737.0	938358674
JG0139e	5	58726933	U:TC[T>C]GT	1	28324.0	938386998
JG0139e	5	58804365	U:TC[T>C]TG	1	77432.0	938464430
JG0139e	5	59019942	T:TC[T>C]CA	1	215577.0	938680007
JG0139e	5	59220604	T:AC[T>C]TA	1	200662.0	938880669
JG0139e	5	59410995	T:GG[T>G]TA	1	190391.0	939071060
JG0139e	5	59532356	T:TC[T>G]TG	1	121361.0	939192421
JG0139e	5	59720789	T:TC[T>C]TT	1	188433.0	939380854
JG0139e	5	60357516	T:TC[T>G]TA	1	636727.0	940017581
JG0139e	5	60753538	T:GC[T>G]TA	1	396022.0	940413603
JG0139e	5	61811257	N:TC[T>C]CT	-1	1057719.0	941471322
JG0139e	5	63154142	N:TC[T>C]TG	1	1342885.0	942814207
JG0139e	5	64189094	U:TC[T>G]TA	1	1034952.0	943849159
JG0139e	5	64720257	T:AC[T>C]CT	1	531163.0	944380322
JG0139e	5	64926549	U:TC[T>C]CC	1	206292.0	944586614
JG0139e	5	65614811	T:AC[T>A]TA	1	688262.0	945274876
JG0139e	5	65628046	U:TG[T>G]TA	1	13235.0	945288111
JG0139e	5	66100525	N:GG[T>G]TG	-1	472479.0	945760590
JG0139e	5	66197008	N:TC[T>G]TC	1	96483.0	945857073
JG0139e	5	66568639	N:AC[T>C]GG	1	371631.0	946228704
JG0139e	5	67205278	N:GC[T>G]TT	-1	636639.0	946865343
JG0139e	5	68002281	N:AC[T>G]TG	1	797003.0	947662346
JG0139e	5	68096834	N:GC[T>G]TA	1	94553.0	947756899
JG0139e	5	68206709	N:TC[T>A]CT	1	109875.0	947866774
JG0139e	5	68602354	N:TC[T>C]CT	1	395645.0	948262419
JG0139e	5	68731926	N:CC[T>G]CA	1	129572.0	948391991
JG0139e	5	69482672	N:AC[T>G]AT	-1	750746.0	949142737
JG0139e	5	71929455	N:TC[T>A]CA	1	2446783.0	951589520
JG0139e	5	72230264	U:AC[T>G]TT	-1	300809.0	951890329
JG0139e	5	72564720	N:GA[T>G]TA	1	334456.0	952224785
JG0139e	5	72740904	N:TC[T>G]TT	1	176184.0	952400969
JG0139e	5	73720072	T:AC[T>C]CA	-1	979168.0	953380137
JG0139e	5	73870360	U:CC[T>G]TA	1	150288.0	953530425
JG0139e	5	74176801	N:AC[T>C]CA	1	306441.0	953836866
JG0139e	5	74216616	N:AC[T>G]TA	-1	39815.0	953876681
JG0139e	5	74305889	N:AG[T>G]TA	-1	89273.0	953965954
JG0139e	5	74322923	N:GC[T>C]TA	1	17034.0	953982988
JG0139e	5	74551803	N:AC[T>C]CA	1	228880.0	954211868
JG0139e	5	75169843	T:TG[T>C]TT	1	618040.0	954829908
JG0139e	5	75207926	T:AA[T>G]TA	1	38083.0	954867991
JG0139e	5	75282851	N:AC[T>G]CA	1	74925.0	954942916
JG0139e	5	75722642	N:TA[T>G]TA	1	439791.0	955382707
JG0139e	5	75752325	N:AC[T>C]TA	1	29683.0	955412390
JG0139e	5	76175664	U:AA[T>G]TG	1	423339.0	955835729
JG0139e	5	76865345	T:AC[T>G]TG	-1	689681.0	956525410
JG0139e	5	76978886	N:AC[T>G]TC	-1	113541.0	956638951
JG0139e	5	77165504	T:AC[T>C]TA	-1	186618.0	956825569
JG0139e	5	77298719	U:CC[T>C]TA	1	133215.0	956958784
JG0139e	5	78186980	U:AG[T>G]TT	-1	888261.0	957847045
JG0139e	5	78695852	N:AC[T>C]CA	1	508872.0	958355917
JG0139e	5	79570002	N:AC[T>C]CG	1	874150.0	959230067
JG0139e	5	80377477	N:TC[T>G]TT	-1	807475.0	960037542
JG0139e	5	80472001	U:AC[T>G]TT	1	94524.0	960132066
JG0139e	5	80474740	U:GC[T>C]TG	1	2739.0	960134805
JG0139e	5	80556991	T:AC[T>C]TT	1	82251.0	960217056
JG0139e	5	80608672	N:TC[T>C]TG	-1	51681.0	960268737
JG0139e	5	80857227	U:TC[T>G]TA	1	248555.0	960517292
JG0139e	5	81100227	U:AC[T>G]TT	1	243000.0	960760292
JG0139e	5	81265066	U:TT[C>G]TA	1	164839.0	960925131
JG0139e	5	81265077	U:AC[T>G]CT	1	11.0	960925142
JG0139e	5	81375077	U:CC[T>G]TA	-1	110000.0	961035142
JG0139e	5	81408026	N:AC[T>G]GC	1	32949.0	961068091
JG0139e	5	81804067	N:GC[T>C]TC	-1	396041.0	961464132
JG0139e	5	81853045	N:GC[T>C]TT	1	48978.0	961513110
JG0139e	5	81912801	N:GG[T>G]TG	-1	59756.0	961572866
JG0139e	5	83151699	U:CC[T>C]CA	1	1238898.0	962811764
JG0139e	5	84142711	T:CC[T>G]CT	1	991012.0	963802776
JG0139e	5	84336984	T:AG[T>G]TC	1	194273.0	963997049
JG0139e	5	84475101	N:GA[T>G]TA	1	138117.0	964135166
JG0139e	5	84481425	N:AC[T>A]CA	1	6324.0	964141490
JG0139e	5	84488702	N:TC[T>G]TC	1	7277.0	964148767
JG0139e	5	84519988	N:CC[T>A]TG	1	31286.0	964180053
JG0139e	5	84746623	N:AC[T>G]CA	1	226635.0	964406688
JG0139e	5	84954043	N:CC[T>G]TG	1	207420.0	964614108
JG0139e	5	85004660	N:TC[T>G]CT	1	50617.0	964664725
JG0139e	5	85631583	N:TC[T>G]GA	1	626923.0	965291648
JG0139e	5	85737578	N:AC[T>G]TA	1	105995.0	965397643
JG0139e	5	86151147	N:TT[C>A]TC	1	413569.0	965811212
JG0139e	5	86153666	N:AG[T>G]TA	1	2519.0	965813731
JG0139e	5	86219632	N:GC[T>C]CA	-1	65966.0	965879697
JG0139e	5	86426141	N:TC[T>A]CA	1	206509.0	966086206
JG0139e	5	86460769	N:GC[T>C]CT	-1	34628.0	966120834
JG0139e	5	86531949	N:AC[T>C]TT	1	71180.0	966192014
JG0139e	5	86587748	N:GA[C>A]AT	-1	55799.0	966247813
JG0139e	5	86587749	N:TG[T>G]CA	1	1.0	966247814
JG0139e	5	86615168	N:AC[T>G]TA	1	27419.0	966275233
JG0139e	5	86790871	N:AT[C>G]CT	1	175703.0	966450936
JG0139e	5	86790880	N:CA[T>G]TT	1	9.0	966450945
JG0139e	5	86800072	N:AC[T>G]TT	1	9192.0	966460137
JG0139e	5	87107849	N:AC[T>G]CT	1	307777.0	966767914
JG0139e	5	87260164	N:AC[T>G]TT	1	152315.0	966920229
JG0139e	5	87354118	U:AC[T>G]TA	1	93954.0	967014183
JG0139e	5	87481413	N:AC[T>C]TG	-1	127295.0	967141478
JG0139e	5	87487808	N:GG[T>G]GA	1	6395.0	967147873
JG0139e	5	87927225	N:GA[C>G]AA	-1	439417.0	967587290
JG0139e	5	87989689	N:TT[T>G]TA	1	62464.0	967649754
JG0139e	5	88144210	N:TC[T>G]CG	-1	154521.0	967804275
JG0139e	5	88173113	N:GC[T>G]TC	1	28903.0	967833178
JG0139e	5	89064037	N:AC[T>G]TG	-1	890924.0	968724102
JG0139e	5	90250086	N:TC[T>A]CC	-1	1186049.0	969910151
JG0139e	5	90429986	N:TC[T>C]CA	1	179900.0	970090051
JG0139e	5	90471091	T:AC[T>G]TA	1	41105.0	970131156
JG0139e	5	91000202	U:AC[T>G]CA	1	529111.0	970660267
JG0139e	5	91680041	N:TC[T>C]TG	1	679839.0	971340106
JG0139e	5	91918437	N:TC[T>G]TG	1	238396.0	971578502
JG0139e	5	92686574	N:CC[T>C]GG	1	768137.0	972346639
JG0139e	5	92710229	N:TC[T>C]TA	-1	23655.0	972370294
JG0139e	5	92928173	N:AC[T>G]TT	1	217944.0	972588238
JG0139e	5	92956240	N:TC[T>G]CA	1	28067.0	972616305
JG0139e	5	93109020	N:TA[T>G]TA	1	152780.0	972769085
JG0139e	5	93426579	N:AC[T>C]TT	1	317559.0	973086644
JG0139e	5	93465589	N:AT[C>A]CT	-1	39010.0	973125654
JG0139e	5	93467331	N:AC[T>C]TG	-1	1742.0	973127396
JG0139e	5	94958204	U:AC[T>C]TA	-1	1490873.0	974618269
JG0139e	5	95016784	T:CC[T>G]CG	1	58580.0	974676849
JG0139e	5	95143097	T:AG[T>G]TA	1	126313.0	974803162
JG0139e	5	95678402	U:AC[T>C]TT	-1	535305.0	975338467
JG0139e	5	95888218	U:AG[T>C]TG	-1	209816.0	975548283
JG0139e	5	96365741	N:CC[T>G]GA	1	477523.0	976025806
JG0139e	5	96762432	B:AT[T>C]TT	-1	396691.0	976422497
JG0139e	5	97462867	N:TC[T>C]CC	-1	700435.0	977122932
JG0139e	5	97729534	N:TC[T>A]GG	-1	266667.0	977389599
JG0139e	5	97750971	N:TA[T>G]TA	1	21437.0	977411036
JG0139e	5	98418420	N:GC[T>G]TC	1	667449.0	978078485
JG0139e	5	98427483	N:AT[C>G]TT	1	9063.0	978087548
JG0139e	5	98509557	N:AC[T>G]CT	-1	82074.0	978169622
JG0139e	5	98765504	N:GA[C>A]CA	1	255947.0	978425569
JG0139e	5	98777883	U:TG[T>G]TT	1	12379.0	978437948
JG0139e	5	99567605	N:TG[T>A]TA	1	789722.0	979227670
JG0139e	5	99761549	N:GC[T>C]CC	1	193944.0	979421614
JG0139e	5	99780213	N:AC[T>A]TA	1	18664.0	979440278
JG0139e	5	99943350	N:AC[T>G]TG	1	163137.0	979603415
JG0139e	5	100578504	N:AC[T>G]TA	1	635154.0	980238569
JG0139e	5	101059809	N:TG[T>G]TA	1	481305.0	980719874
JG0139e	5	101280119	N:GC[T>C]TA	1	220310.0	980940184
JG0139e	5	101280120	N:CT[T>A]AT	1	1.0	980940185
JG0139e	5	101288289	N:AC[T>A]TC	-1	8169.0	980948354
JG0139e	5	101317462	N:AC[T>C]TA	-1	29173.0	980977527
JG0139e	5	102929205	U:AC[T>C]CA	1	1611743.0	982589270
JG0139e	5	103540674	N:TC[T>G]TC	1	611469.0	983200739
JG0139e	5	103781873	N:AA[T>G]TT	-1	241199.0	983441938
JG0139e	5	103920830	N:CC[T>A]TG	1	138957.0	983580895
JG0139e	5	104199968	N:TC[T>G]TG	1	279138.0	983860033
JG0139e	5	105502906	N:AG[T>G]TA	-1	1302938.0	985162971
JG0139e	5	106187281	N:GA[T>G]TA	1	684375.0	985847346
JG0139e	5	106840087	N:AC[T>A]TA	-1	652806.0	986500152
JG0139e	5	106890464	N:AG[T>C]GA	1	50377.0	986550529
JG0139e	5	107210605	N:TG[T>G]TG	1	320141.0	986870670
JG0139e	5	107643152	T:AC[T>A]TA	1	432547.0	987303217
JG0139e	5	108217027	T:AC[T>G]TT	1	573875.0	987877092
JG0139e	5	108375257	T:GC[T>C]GA	1	158230.0	988035322
JG0139e	5	108595808	N:GG[T>G]TA	1	220551.0	988255873
JG0139e	5	108638088	N:CC[T>G]TC	-1	42280.0	988298153
JG0139e	5	110054865	N:GC[T>A]CC	-1	1416777.0	989714930
JG0139e	5	110274807	N:TC[T>G]CA	1	219942.0	989934872
JG0139e	5	110426641	T:AC[T>G]TA	1	151834.0	990086706
JG0139e	5	110431313	T:CC[T>G]CA	1	4672.0	990091378
JG0139e	5	110435879	T:GC[T>G]TC	1	4566.0	990095944
JG0139e	5	110873133	N:GC[C>A]AG	-1	437254.0	990533198
JG0139e	5	111071865	T:AG[T>G]TT	-1	198732.0	990731930
JG0139e	5	111245719	U:AC[T>G]TT	1	173854.0	990905784
JG0139e	5	111730637	T:AG[T>G]TG	1	484918.0	991390702
JG0139e	5	112192879	T:AC[T>C]TA	1	462242.0	991852944
JG0139e	5	112508279	N:TA[C>G]TA	1	315400.0	992168344
JG0139e	5	112857759	N:TC[T>G]CA	1	349480.0	992517824
JG0139e	5	112927882	N:GG[T>G]TG	1	70123.0	992587947
JG0139e	5	113064139	U:AC[T>A]CA	-1	136257.0	992724204
JG0139e	5	113482023	T:CC[T>G]TT	1	417884.0	993142088
JG0139e	5	113817326	N:TC[T>G]TA	1	335303.0	993477391
JG0139e	5	114683409	N:AC[T>G]TT	1	866083.0	994343474
JG0139e	5	114805211	N:TC[T>C]CC	1	121802.0	994465276
JG0139e	5	115069069	N:AC[T>G]TA	1	263858.0	994729134
JG0139e	5	115579233	T:AC[T>C]TT	1	510164.0	995239298
JG0139e	5	115795351	N:TC[T>G]TG	-1	216118.0	995455416
JG0139e	5	116057216	U:AG[T>C]GA	1	261865.0	995717281
JG0139e	5	116077050	N:TC[T>G]TC	1	19834.0	995737115
JG0139e	5	116717620	N:AC[T>A]CA	-1	640570.0	996377685
JG0139e	5	116717659	N:TT[C>A]TC	-1	39.0	996377724
JG0139e	5	117137067	N:GA[T>C]TG	-1	419408.0	996797132
JG0139e	5	117182700	N:GG[T>C]TT	-1	45633.0	996842765
JG0139e	5	118164840	N:TC[T>C]CA	1	982140.0	997824905
JG0139e	5	118750182	N:AC[T>G]TA	-1	585342.0	998410247
JG0139e	5	118751809	N:AC[T>G]TT	1	1627.0	998411874
JG0139e	5	118869348	T:AC[T>A]GC	1	117539.0	998529413
JG0139e	5	119137175	T:TC[T>A]CC	-1	267827.0	998797240
JG0139e	5	119410761	N:TC[T>C]CA	1	273586.0	999070826
JG0139e	5	119432468	N:TC[T>A]TT	-1	21707.0	999092533
JG0139e	5	121255860	N:TC[T>G]TC	1	1823392.0	1000915925
JG0139e	5	121474729	N:AC[T>C]CT	-1	218869.0	1001134794
JG0139e	5	122394553	T:GC[T>A]TA	-1	919824.0	1002054618
JG0139e	5	123035406	U:TC[T>G]TA	-1	640853.0	1002695471
JG0139e	5	123061222	N:TC[T>C]GA	-1	25816.0	1002721287
JG0139e	5	123114112	T:CC[T>G]TC	-1	52890.0	1002774177
JG0139e	5	123269856	N:AC[T>G]TA	-1	155744.0	1002929921
JG0139e	5	124794428	N:AC[T>C]TG	-1	1524572.0	1004454493
JG0139e	5	125015823	N:AC[T>A]CA	-1	221395.0	1004675888
JG0139e	5	125033121	N:GC[T>G]GA	-1	17298.0	1004693186
JG0139e	5	125040332	N:AG[T>G]TT	-1	7211.0	1004700397
JG0139e	5	125643222	N:TC[T>C]TC	-1	602890.0	1005303287
JG0139e	5	126360196	T:AG[T>G]TT	-1	716974.0	1006020261
JG0139e	5	126819933	U:GG[T>A]CA	1	459737.0	1006479998
JG0139e	5	127046180	T:TG[T>A]CT	1	226247.0	1006706245
JG0139e	5	127452431	T:AC[T>C]TT	-1	406251.0	1007112496
JG0139e	5	127530217	T:AC[T>A]TT	-1	77786.0	1007190282
JG0139e	5	127621914	N:AC[T>G]TC	-1	91697.0	1007281979
JG0139e	5	128252309	N:TC[T>G]TG	-1	630395.0	1007912374
JG0139e	5	128417524	T:CC[T>G]TC	1	165215.0	1008077589
JG0139e	5	129200926	N:GC[T>A]CC	-1	783402.0	1008860991
JG0139e	5	129272785	N:TC[T>C]GA	1	71859.0	1008932850
JG0139e	5	129343088	N:TC[T>G]TA	1	70303.0	1009003153
JG0139e	5	129992319	T:GC[T>C]TA	-1	649231.0	1009652384
JG0139e	5	130601800	N:AC[T>C]TG	1	609481.0	1010261865
JG0139e	5	131601378	T:AC[T>C]CC	1	999578.0	1011261443
JG0139e	5	132104294	N:AC[T>G]TG	1	502916.0	1011764359
JG0139e	5	132289486	U:TG[T>G]TA	-1	185192.0	1011949551
JG0139e	5	132920340	U:GC[T>C]GG	-1	630854.0	1012580405
JG0139e	5	133899678	N:GC[T>C]TA	-1	979338.0	1013559743
JG0139e	5	134310513	U:AC[T>C]CC	-1	410835.0	1013970578
JG0139e	5	136475598	N:GG[T>G]TA	1	2165085.0	1016135663
JG0139e	5	136815422	N:AG[T>G]TA	1	339824.0	1016475487
JG0139e	5	138172150	U:GC[T>G]TT	-1	1356728.0	1017832215
JG0139e	5	138807467	U:AG[T>G]TG	1	635317.0	1018467532
JG0139e	5	139705015	N:GC[T>G]TC	-1	897548.0	1019365080
JG0139e	5	139999166	U:AC[T>C]TA	-1	294151.0	1019659231
JG0139e	5	140634594	N:TC[T>C]CT	1	635428.0	1020294659
JG0139e	5	141172833	T:TC[T>G]TC	-1	538239.0	1020832898
JG0139e	5	141394729	T:GC[T>C]TG	-1	221896.0	1021054794
JG0139e	5	141598880	T:AC[T>A]TC	1	204151.0	1021258945
JG0139e	5	142161738	N:TC[T>G]TG	1	562858.0	1021821803
JG0139e	5	142205018	N:CC[T>A]CA	-1	43280.0	1021865083
JG0139e	5	142902527	U:GG[T>C]CA	1	697509.0	1022562592
JG0139e	5	143662817	N:CC[T>C]AC	1	760290.0	1023322882
JG0139e	5	143844550	N:TC[T>C]CA	1	181733.0	1023504615
JG0139e	5	144041362	N:GC[T>C]TT	-1	196812.0	1023701427
JG0139e	5	145103326	N:CC[T>C]CC	1	1061964.0	1024763391
JG0139e	5	146319972	T:AA[T>G]TC	-1	1216646.0	1025980037
JG0139e	5	146666713	U:GC[T>C]CA	-1	346741.0	1026326778
JG0139e	5	147137760	N:GA[T>G]TT	1	471047.0	1026797825
JG0139e	5	147485740	U:TC[T>C]TA	-1	347980.0	1027145805
JG0139e	5	147499642	T:TC[T>G]TT	1	13902.0	1027159707
JG0139e	5	147743275	T:AC[T>G]TA	1	243633.0	1027403340
JG0139e	5	147915986	N:TG[C>G]TG	1	172711.0	1027576051
JG0139e	5	148378188	N:AC[T>C]TT	1	462202.0	1028038253
JG0139e	5	148577650	U:TC[T>G]TA	-1	199462.0	1028237715
JG0139e	5	148988512	N:AC[T>A]CT	1	410862.0	1028648577
JG0139e	5	151367431	N:TT[C>G]CT	1	2378919.0	1031027496
JG0139e	5	151395180	N:GC[T>C]CT	1	27749.0	1031055245
JG0139e	5	152218930	N:TT[C>T]CT	-1	823750.0	1031878995
JG0139e	5	152762225	N:GT[C>A]AG	-1	543295.0	1032422290
JG0139e	5	152827780	N:GC[T>G]TA	1	65555.0	1032487845
JG0139e	5	153325314	N:GA[T>G]TA	1	497534.0	1032985379
JG0139e	5	153423105	N:TC[T>A]TG	-1	97791.0	1033083170
JG0139e	5	153706877	U:AC[T>C]TG	1	283772.0	1033366942
JG0139e	5	155096456	N:GG[T>C]CT	1	1389579.0	1034756521
JG0139e	5	155435051	N:TC[T>A]GT	-1	338595.0	1035095116
JG0139e	5	155463870	N:GC[T>C]TA	1	28819.0	1035123935
JG0139e	5	155666536	N:AG[C>A]TG	-1	202666.0	1035326601
JG0139e	5	155912018	U:TC[T>A]TT	1	245482.0	1035572083
JG0139e	5	156387083	T:CC[T>G]TC	-1	475065.0	1036047148
JG0139e	5	156487247	U:TT[C>A]TA	1	100164.0	1036147312
JG0139e	5	156785805	N:AT[T>G]TA	1	298558.0	1036445870
JG0139e	5	156874252	N:GG[T>G]TG	1	88447.0	1036534317
JG0139e	5	157057008	T:GG[T>G]TG	1	182756.0	1036717073
JG0139e	5	157149564	T:GC[T>G]GA	1	92556.0	1036809629
JG0139e	5	157357976	B:AC[T>G]CA	-1	208412.0	1037018041
JG0139e	5	157386301	B:CC[T>G]CA	1	28325.0	1037046366
JG0139e	5	157537346	T:TC[T>A]AA	1	151045.0	1037197411
JG0139e	5	157607587	N:CC[T>G]TA	1	70241.0	1037267652
JG0139e	5	158671241	N:CC[T>C]TA	1	1063654.0	1038331306
JG0139e	5	158733308	T:TC[T>A]TG	1	62067.0	1038393373
JG0139e	5	160435960	N:TC[T>C]CC	-1	1702652.0	1040096025
JG0139e	5	161291162	U:TC[T>C]TT	-1	855202.0	1040951227
JG0139e	5	161860174	U:GC[T>C]CA	1	569012.0	1041520239
JG0139e	5	162067694	U:CC[T>G]TA	1	207520.0	1041727759
JG0139e	5	162296791	N:CC[T>C]TC	1	229097.0	1041956856
JG0139e	5	162499045	N:TC[T>G]TT	1	202254.0	1042159110
JG0139e	5	163149853	N:TC[T>G]TC	-1	650808.0	1042809918
JG0139e	5	163277356	N:TC[T>C]TG	1	127503.0	1042937421
JG0139e	5	163380331	N:AC[T>G]TG	1	102975.0	1043040396
JG0139e	5	163757896	N:CA[T>G]TT	-1	377565.0	1043417961
JG0139e	5	164396001	N:TG[T>G]TA	1	638105.0	1044056066
JG0139e	5	164666585	N:AG[T>A]TT	1	270584.0	1044326650
JG0139e	5	164710276	N:TC[C>A]TG	1	43691.0	1044370341
JG0139e	5	164863219	N:AA[T>G]CA	1	152943.0	1044523284
JG0139e	5	167019817	N:TC[T>C]TA	1	2156598.0	1046679882
JG0139e	5	167133960	N:AC[T>G]TC	1	114143.0	1046794025
JG0139e	5	167262399	N:TT[T>G]GG	1	128439.0	1046922464
JG0139e	5	167459045	U:TG[T>C]TA	1	196646.0	1047119110
JG0139e	5	167714562	U:GA[T>G]TT	1	255517.0	1047374627
JG0139e	5	167957414	U:TC[T>A]CA	1	242852.0	1047617479
JG0139e	5	168384219	U:TC[T>C]CA	1	426805.0	1048044284
JG0139e	5	169936708	B:GC[T>C]CC	1	1552489.0	1049596773
JG0139e	5	170687641	T:CC[T>G]CA	-1	750933.0	1050347706
JG0139e	5	170701361	U:TC[T>C]CA	1	13720.0	1050361426
JG0139e	5	170848252	N:CT[C>T]AA	1	146891.0	1050508317
JG0139e	5	171287931	U:TC[T>G]TA	1	439679.0	1050947996
JG0139e	5	172572832	N:GG[T>G]CA	1	1284901.0	1052232897
JG0139e	5	173552857	N:TC[T>A]GA	1	980025.0	1053212922
JG0139e	5	173684074	N:CC[T>A]GG	1	131217.0	1053344139
JG0139e	5	173989222	U:CG[T>G]CG	1	305148.0	1053649287
JG0139e	5	174062508	U:TG[T>C]AA	1	73286.0	1053722573
JG0139e	5	174621184	N:TC[T>G]TA	1	558676.0	1054281249
JG0139e	5	175025978	N:GC[T>C]CC	1	404794.0	1054686043
JG0139e	5	175088142	N:AG[T>C]CA	1	62164.0	1054748207
JG0139e	5	175789954	N:AC[T>G]TA	-1	701812.0	1055450019
JG0139e	5	177053115	T:TC[T>A]CG	-1	1263161.0	1056713180
JG0139e	5	177093389	T:AC[T>A]TG	-1	40274.0	1056753454
JG0139e	5	177492145	U:AC[T>C]CG	-1	398756.0	1057152210
JG0139e	5	178085458	N:AG[T>G]TC	-1	593313.0	1057745523
JG0139e	5	178727857	T:TT[T>G]TT	1	642399.0	1058387922
JG0139e	5	178875955	T:GC[T>G]TT	-1	148098.0	1058536020
JG0139e	5	179161436	U:GC[T>G]TA	-1	285481.0	1058821501
JG0139e	5	181092047	N:GC[T>G]TG	-1	1930611.0	1060752112
JG0139e	5	181124000	U:CC[T>A]TT	-1	31953.0	1060784065
JG0139e	6	3489402	N:TC[T>G]TA	-1		1064687726
JG0139e	6	5436377	U:AT[C>A]TC	1	1946975.0	1066634701
JG0139e	6	6181961	U:AT[T>G]TA	-1	745584.0	1067380285
JG0139e	6	8658810	N:AA[C>A]AC	-1	2476849.0	1069857134
JG0139e	6	10525998	T:GC[T>A]TA	-1	1867188.0	1071724322
JG0139e	6	10830919	U:AC[T>G]TG	-1	304921.0	1072029243
JG0139e	6	10948235	T:AC[T>C]TG	-1	117316.0	1072146559
JG0139e	6	10956463	T:AC[T>C]TA	-1	8228.0	1072154787
JG0139e	6	14000612	N:AC[T>C]CA	-1	3044149.0	1075198936
JG0139e	6	14056565	N:CC[T>G]TA	-1	55953.0	1075254889
JG0139e	6	14308197	N:AG[T>G]TC	-1	251632.0	1075506521
JG0139e	6	14647823	N:AC[T>C]CC	-1	339626.0	1075846147
JG0139e	6	15233460	N:AC[T>A]CC	-1	585637.0	1076431784
JG0139e	6	15263545	T:AC[T>G]TG	-1	30085.0	1076461869
JG0139e	6	16959845	N:TC[T>G]TA	-1	1696300.0	1078158169
JG0139e	6	21786293	N:AC[T>A]CT	-1	4826448.0	1082984617
JG0139e	6	22537719	N:AC[T>G]GC	-1	751426.0	1083736043
JG0139e	6	23897259	N:AC[T>G]TT	-1	1359540.0	1085095583
JG0139e	6	24030535	N:TC[T>C]TA	-1	133276.0	1085228859
JG0139e	6	24756414	N:AC[T>A]CA	-1	725879.0	1085954738
JG0139e	6	27181150	N:AC[T>G]TA	-1	2424736.0	1088379474
JG0139e	6	27340941	N:TC[T>A]CC	-1	159791.0	1088539265
JG0139e	6	27589316	N:TC[T>A]CC	-1	248375.0	1088787640
JG0139e	6	29972588	N:TC[T>G]TG	-1	2383272.0	1091170912
JG0139e	6	32920216	N:AT[T>G]TA	-1	2947628.0	1094118540
JG0139e	6	33837156	N:GA[T>C]AG	-1	916940.0	1095035480
JG0139e	6	33955460	N:TC[T>C]GC	-1	118304.0	1095153784
JG0139e	6	35937029	N:TC[T>G]TC	-1	1981569.0	1097135353
JG0139e	6	36071203	T:AC[T>C]CG	-1	134174.0	1097269527
JG0139e	6	36918590	T:TC[T>C]CT	-1	847387.0	1098116914
JG0139e	6	37070315	N:AC[T>C]CA	-1	151725.0	1098268639
JG0139e	6	37084970	N:AG[T>A]CC	-1	14655.0	1098283294
JG0139e	6	37622678	N:GA[C>T]AT	-1	537708.0	1098821002
JG0139e	6	38100164	T:AC[T>G]TG	-1	477486.0	1099298488
JG0139e	6	39288643	N:TC[T>C]CA	-1	1188479.0	1100486967
JG0139e	6	39500825	T:AG[C>A]AG	1	212182.0	1100699149
JG0139e	6	41038135	U:AC[T>C]TG	-1	1537310.0	1102236459
JG0139e	6	43241202	N:AC[T>G]TA	-1	2203067.0	1104439526
JG0139e	6	43422247	N:AC[T>C]TG	-1	181045.0	1104620571
JG0139e	6	44286271	B:CC[T>C]GC	-1	864024.0	1105484595
JG0139e	6	44612877	N:TA[T>G]TA	-1	326606.0	1105811201
JG0139e	6	44877532	U:GC[T>C]TA	-1	264655.0	1106075856
JG0139e	6	45083995	U:TC[T>G]TG	-1	206463.0	1106282319
JG0139e	6	45624176	T:GA[C>A]CA	-1	540181.0	1106822500
JG0139e	6	45896772	U:CC[T>A]TA	-1	272596.0	1107095096
JG0139e	6	47562501	T:AC[T>G]TA	-1	1665729.0	1108760825
JG0139e	6	47753246	N:TC[T>C]CA	-1	190745.0	1108951570
JG0139e	6	47888125	U:CC[T>C]CG	-1	134879.0	1109086449
JG0139e	6	48695959	N:TC[T>G]TT	-1	807834.0	1109894283
JG0139e	6	50901160	N:AT[T>C]CT	-1	2205201.0	1112099484
JG0139e	6	51761017	U:AC[T>G]CT	-1	859857.0	1112959341
JG0139e	6	52834429	U:AC[T>C]CA	-1	1073412.0	1114032753
JG0139e	6	52965199	N:TC[T>G]TG	-1	130770.0	1114163523
JG0139e	6	54293180	N:AG[T>A]TT	1	1327981.0	1115491504
JG0139e	6	54414669	N:CC[T>G]TA	-1	121489.0	1115612993
JG0139e	6	54950785	N:TC[T>A]TT	-1	536116.0	1116149109
JG0139e	6	55002007	N:TC[T>C]GT	-1	51222.0	1116200331
JG0139e	6	55891731	N:TC[T>C]TG	-1	889724.0	1117090055
JG0139e	6	56424533	N:AC[T>A]TT	-1	532802.0	1117622857
JG0139e	6	56682580	U:AG[T>G]TA	-1	258047.0	1117880904
JG0139e	6	60581499	N:AG[T>C]TG	-1	3898919.0	1121779823
JG0139e	6	61293555	N:AC[T>G]TT	-1	712056.0	1122491879
JG0139e	6	63029123	N:AC[T>G]TC	-1	1735568.0	1124227447
JG0139e	6	63864858	U:AG[T>G]TA	-1	835735.0	1125063182
JG0139e	6	64442445	U:GC[T>C]TT	-1	577587.0	1125640769
JG0139e	6	66202430	N:TC[T>G]TA	-1	1759985.0	1127400754
JG0139e	6	66837321	N:TC[T>C]TT	-1	634891.0	1128035645
JG0139e	6	68395869	N:TC[T>A]TT	-1	1558548.0	1129594193
JG0139e	6	68821112	T:AA[C>A]AA	-1	425243.0	1130019436
JG0139e	6	68865774	T:AG[C>A]AG	-1	44662.0	1130064098
JG0139e	6	69249711	T:GC[T>C]TA	-1	383937.0	1130448035
JG0139e	6	71791372	N:AT[C>A]TC	-1	2541661.0	1132989696
JG0139e	6	74037116	N:AC[T>G]TA	-1	2245744.0	1135235440
JG0139e	6	74160747	N:TC[T>G]TT	-1	123631.0	1135359071
JG0139e	6	74275101	N:AT[C>G]TC	-1	114354.0	1135473425
JG0139e	6	74441153	N:CC[T>A]GG	-1	166052.0	1135639477
JG0139e	6	76034244	U:AC[T>C]AA	-1	1593091.0	1137232568
JG0139e	6	76838026	N:GG[T>A]TA	-1	803782.0	1138036350
JG0139e	6	77817185	T:AA[T>G]TC	-1	979159.0	1139015509
JG0139e	6	78468150	N:AC[T>C]AA	1	650965.0	1139666474
JG0139e	6	78488604	N:TC[T>G]TA	-1	20454.0	1139686928
JG0139e	6	78541320	N:CT[T>G]TC	-1	52716.0	1139739644
JG0139e	6	78614837	N:AG[T>G]TA	-1	73517.0	1139813161
JG0139e	6	79052554	T:AC[T>G]CA	1	437717.0	1140250878
JG0139e	6	79414221	N:AG[T>G]TA	-1	361667.0	1140612545
JG0139e	6	80782749	N:GT[T>G]TA	-1	1368528.0	1141981073
JG0139e	6	82525536	N:AC[T>G]TA	1	1742787.0	1143723860
JG0139e	6	84199401	U:TC[T>C]TA	-1	1673865.0	1145397725
JG0139e	6	84745947	U:GC[T>G]TA	-1	546546.0	1145944271
JG0139e	6	85113972	N:CC[T>G]TA	-1	368025.0	1146312296
JG0139e	6	85147651	N:TC[T>C]CA	-1	33679.0	1146345975
JG0139e	6	85288847	N:AT[C>T]AC	1	141196.0	1146487171
JG0139e	6	85500157	N:CC[T>G]TA	-1	211310.0	1146698481
JG0139e	6	86028963	N:AT[C>G]TG	-1	528806.0	1147227287
JG0139e	6	86071799	N:CA[T>G]TA	-1	42836.0	1147270123
JG0139e	6	87840718	N:GC[T>C]CA	1	1768919.0	1149039042
JG0139e	6	88876731	U:TT[C>A]AA	-1	1036013.0	1150075055
JG0139e	6	89982021	U:AC[T>A]CC	-1	1105290.0	1151180345
JG0139e	6	90016502	U:AC[T>G]TA	-1	34481.0	1151214826
JG0139e	6	92076010	N:TC[T>C]TT	-1	2059508.0	1153274334
JG0139e	6	92188873	N:TT[T>G]TC	-1	112863.0	1153387197
JG0139e	6	92262069	N:AC[T>C]TA	1	73196.0	1153460393
JG0139e	6	92437801	N:AA[T>G]TA	1	175732.0	1153636125
JG0139e	6	92587492	N:CC[T>G]TA	-1	149691.0	1153785816
JG0139e	6	92720597	N:TG[T>C]TT	-1	133105.0	1153918921
JG0139e	6	93108094	N:AC[T>C]TG	-1	387497.0	1154306418
JG0139e	6	94544578	N:AC[T>G]TA	-1	1436484.0	1155742902
JG0139e	6	95513501	N:AC[T>A]TT	-1	968923.0	1156711825
JG0139e	6	96022459	T:CC[C>A]AT	-1	508958.0	1157220783
JG0139e	6	96371762	N:GC[T>C]TA	1	349303.0	1157570086
JG0139e	6	96855085	N:AC[T>G]TC	-1	483323.0	1158053409
JG0139e	6	98456162	N:AC[T>G]TA	-1	1601077.0	1159654486
JG0139e	6	99368205	N:AC[T>C]GC	-1	912043.0	1160566529
JG0139e	6	100136725	N:AG[T>C]GC	1	768520.0	1161335049
JG0139e	6	102252791	N:TT[C>A]TT	-1	2116066.0	1163451115
JG0139e	6	102258215	N:CC[T>C]AG	-1	5424.0	1163456539
JG0139e	6	103233603	N:TC[T>G]CT	-1	975388.0	1164431927
JG0139e	6	103742356	N:TC[T>G]TT	-1	508753.0	1164940680
JG0139e	6	103892529	N:AC[T>C]TT	-1	150173.0	1165090853
JG0139e	6	104167362	N:TT[T>G]TA	-1	274833.0	1165365686
JG0139e	6	104417685	N:TC[T>G]TG	1	250323.0	1165616009
JG0139e	6	104476859	N:TC[C>A]TT	1	59174.0	1165675183
JG0139e	6	105132769	U:TT[T>G]TT	-1	655910.0	1166331093
JG0139e	6	108717969	N:TG[T>G]TA	1	3585200.0	1169916293
JG0139e	6	110438214	T:TG[T>G]TC	1	1720245.0	1171636538
JG0139e	6	112417857	N:AC[T>C]TT	-1	1979643.0	1173616181
JG0139e	6	112987956	N:GA[C>G]CA	1	570099.0	1174186280
JG0139e	6	114483687	N:GC[T>G]TG	-1	1495731.0	1175682011
JG0139e	6	114823360	N:TC[T>G]TA	1	339673.0	1176021684
JG0139e	6	115086153	N:AG[T>G]CA	1	262793.0	1176284477
JG0139e	6	115627452	N:GG[T>G]CG	-1	541299.0	1176825776
JG0139e	6	115810338	N:AT[T>G]TA	-1	182886.0	1177008662
JG0139e	6	116412833	U:TC[T>C]CA	1	602495.0	1177611157
JG0139e	6	116619673	T:TC[T>G]CA	-1	206840.0	1177817997
JG0139e	6	116713548	U:AG[T>G]TT	1	93875.0	1177911872
JG0139e	6	116823694	U:AC[T>G]AA	-1	110146.0	1178022018
JG0139e	6	117299536	T:TC[T>G]TT	1	475842.0	1178497860
JG0139e	6	117314029	T:AC[T>G]CA	1	14493.0	1178512353
JG0139e	6	117384193	T:AC[T>G]CA	1	70164.0	1178582517
JG0139e	6	117390274	T:GC[T>C]TG	1	6081.0	1178588598
JG0139e	6	118131428	U:AC[T>G]TA	1	741154.0	1179329752
JG0139e	6	118135559	U:GC[T>C]TG	1	4131.0	1179333883
JG0139e	6	118396732	N:AC[T>A]TT	1	261173.0	1179595056
JG0139e	6	118851053	T:GC[T>G]CA	1	454321.0	1180049377
JG0139e	6	119722988	N:GC[T>G]TA	-1	871935.0	1180921312
JG0139e	6	119871375	N:AC[T>G]TA	-1	148387.0	1181069699
JG0139e	6	120041267	N:AC[C>A]TT	1	169892.0	1181239591
JG0139e	6	120154693	N:AC[T>C]TG	-1	113426.0	1181353017
JG0139e	6	120160383	N:CT[C>A]AT	1	5690.0	1181358707
JG0139e	6	120551923	N:AC[T>G]AA	1	391540.0	1181750247
JG0139e	6	120848042	N:TC[T>G]TA	1	296119.0	1182046366
JG0139e	6	120856424	N:TC[T>C]AA	-1	8382.0	1182054748
JG0139e	6	121072535	N:AC[T>G]TA	-1	216111.0	1182270859
JG0139e	6	121999273	N:GC[T>G]TC	1	926738.0	1183197597
JG0139e	6	122265966	N:TC[T>C]TA	1	266693.0	1183464290
JG0139e	6	122607659	U:TA[T>G]TT	1	341693.0	1183805983
JG0139e	6	122615472	U:TC[T>G]TG	1	7813.0	1183813796
JG0139e	6	122624675	U:TA[T>G]TG	1	9203.0	1183822999
JG0139e	6	122776744	N:AC[T>C]CA	1	152069.0	1183975068
JG0139e	6	122871586	N:GA[T>G]TT	1	94842.0	1184069910
JG0139e	6	123086308	N:TT[T>G]TG	1	214722.0	1184284632
JG0139e	6	123837202	U:AT[T>G]TT	1	750894.0	1185035526
JG0139e	6	123892330	T:TC[T>A]TT	-1	55128.0	1185090654
JG0139e	6	123922673	U:TC[T>G]CA	1	30343.0	1185120997
JG0139e	6	124043326	U:AC[T>C]CT	1	120653.0	1185241650
JG0139e	6	124104428	T:TC[T>G]TG	-1	61102.0	1185302752
JG0139e	6	126289843	N:TC[T>G]TT	-1	2185415.0	1187488167
JG0139e	6	126437360	N:AT[T>G]TT	1	147517.0	1187635684
JG0139e	6	126750636	N:TG[T>G]TT	1	313276.0	1187948960
JG0139e	6	126818345	N:AG[T>G]TA	1	67709.0	1188016669
JG0139e	6	127049171	N:AA[T>G]TG	1	230826.0	1188247495
JG0139e	6	127156051	T:GC[T>G]CA	-1	106880.0	1188354375
JG0139e	6	127336860	U:AC[T>C]TG	-1	180809.0	1188535184
JG0139e	6	127636818	N:TC[T>G]TA	-1	299958.0	1188835142
JG0139e	6	128210671	U:CC[T>G]TA	-1	573853.0	1189408995
JG0139e	6	128219447	T:GC[T>G]CC	1	8776.0	1189417771
JG0139e	6	128677715	N:TC[T>G]TG	-1	458268.0	1189876039
JG0139e	6	128877944	N:GT[C>A]TC	-1	200229.0	1190076268
JG0139e	6	129653523	T:AC[T>A]TC	1	775579.0	1190851847
JG0139e	6	132251344	N:AG[T>G]TA	-1	2597821.0	1193449668
JG0139e	6	132979044	N:TC[T>C]CT	1	727700.0	1194177368
JG0139e	6	133231989	N:AC[T>G]TG	-1	252945.0	1194430313
JG0139e	6	133398688	T:AC[T>C]TA	-1	166699.0	1194597012
JG0139e	6	133900043	N:GC[T>G]TT	1	501355.0	1195098367
JG0139e	6	134227011	U:TA[C>A]TT	-1	326968.0	1195425335
JG0139e	6	134385064	N:GA[C>A]TT	-1	158053.0	1195583388
JG0139e	6	134708703	N:TC[T>A]TG	1	323639.0	1195907027
JG0139e	6	136613915	U:GA[C>G]TC	-1	1905212.0	1197812239
JG0139e	6	136765833	U:AG[T>C]TA	-1	151918.0	1197964157
JG0139e	6	136832484	U:TG[T>G]TA	1	66651.0	1198030808
JG0139e	6	137709317	N:CA[C>A]AT	-1	876833.0	1198907641
JG0139e	6	137908173	N:TA[T>G]TT	1	198856.0	1199106497
JG0139e	6	137959050	N:TA[T>G]TT	1	50877.0	1199157374
JG0139e	6	138163508	T:GC[T>G]TT	-1	204458.0	1199361832
JG0139e	6	138393123	N:AG[T>G]TA	-1	229615.0	1199591447
JG0139e	6	138393138	N:TC[T>G]TA	1	15.0	1199591462
JG0139e	6	138498043	T:TC[T>C]TA	1	104905.0	1199696367
JG0139e	6	138758123	U:AA[T>G]TT	-1	260080.0	1199956447
JG0139e	6	138989580	N:GA[C>G]CC	1	231457.0	1200187904
JG0139e	6	139338244	N:GC[T>C]TA	1	348664.0	1200536568
JG0139e	6	139418051	N:TG[T>G]TT	-1	79807.0	1200616375
JG0139e	6	140052637	N:GC[T>G]TC	1	634586.0	1201250961
JG0139e	6	140202431	N:TC[T>C]GT	-1	149794.0	1201400755
JG0139e	6	140763693	N:CC[T>G]TG	1	561262.0	1201962017
JG0139e	6	141140137	N:GC[T>G]TG	-1	376444.0	1202338461
JG0139e	6	141256422	N:TG[T>G]TA	-1	116285.0	1202454746
JG0139e	6	141686295	N:TC[T>G]TC	-1	429873.0	1202884619
JG0139e	6	141788601	N:AC[T>C]CC	-1	102306.0	1202986925
JG0139e	6	142521953	N:AC[T>G]TG	-1	733352.0	1203720277
JG0139e	6	142725073	N:GG[T>A]GG	-1	203120.0	1203923397
JG0139e	6	143724438	U:TC[T>C]TT	1	999365.0	1204922762
JG0139e	6	143801657	U:GC[T>G]CG	1	77219.0	1204999981
JG0139e	6	143893364	T:TC[T>C]CA	-1	91707.0	1205091688
JG0139e	6	145046256	N:TA[C>A]AA	-1	1152892.0	1206244580
JG0139e	6	145141184	N:AC[T>G]CT	1	94928.0	1206339508
JG0139e	6	145636833	U:TC[T>C]TA	-1	495649.0	1206835157
JG0139e	6	145817283	N:CC[T>G]TA	-1	180450.0	1207015607
JG0139e	6	145968239	N:AC[T>G]CA	-1	150956.0	1207166563
JG0139e	6	145968263	N:CA[C>G]TA	-1	24.0	1207166587
JG0139e	6	146024976	N:AG[T>G]TT	1	56713.0	1207223300
JG0139e	6	146134543	U:TT[C>A]TT	1	109567.0	1207332867
JG0139e	6	146455633	N:TC[T>G]TG	1	321090.0	1207653957
JG0139e	6	146511169	N:CC[T>C]TG	1	55536.0	1207709493
JG0139e	6	147057450	N:GA[C>G]AG	1	546281.0	1208255774
JG0139e	6	147282252	T:AC[T>G]TC	-1	224802.0	1208480576
JG0139e	6	147442461	N:CC[T>G]CA	-1	160209.0	1208640785
JG0139e	6	147513694	T:CC[T>G]TT	-1	71233.0	1208712018
JG0139e	6	147979665	N:AC[T>C]TA	-1	465971.0	1209177989
JG0139e	6	148076299	N:GC[T>C]CT	-1	96634.0	1209274623
JG0139e	6	148774736	T:CC[T>C]CA	-1	698437.0	1209973060
JG0139e	6	148846670	T:CC[T>C]TG	-1	71934.0	1210044994
JG0139e	6	149118569	N:CC[T>A]CT	-1	271899.0	1210316893
JG0139e	6	149166474	N:TC[T>G]TA	-1	47905.0	1210364798
JG0139e	6	149174730	N:GC[T>G]TT	1	8256.0	1210373054
JG0139e	6	149268760	U:TC[T>G]TG	1	94030.0	1210467084
JG0139e	6	149359541	T:GA[T>G]TC	-1	90781.0	1210557865
JG0139e	6	149887319	T:AG[T>C]CA	1	527778.0	1211085643
JG0139e	6	150120101	N:GC[T>G]TG	-1	232782.0	1211318425
JG0139e	6	150372892	T:TC[T>A]TG	-1	252791.0	1211571216
JG0139e	6	150485873	N:TC[T>C]CC	-1	112981.0	1211684197
JG0139e	6	151114044	N:GC[T>C]CA	1	628171.0	1212312368
JG0139e	6	151259956	U:GA[T>G]TG	1	145912.0	1212458280
JG0139e	6	151604598	T:TC[T>G]TT	-1	344642.0	1212802922
JG0139e	6	152644388	N:TC[T>G]CA	1	1039790.0	1213842712
JG0139e	6	152729440	N:AC[T>G]TA	-1	85052.0	1213927764
JG0139e	6	152774131	N:TC[T>G]TA	-1	44691.0	1213972455
JG0139e	6	152887000	N:TC[T>G]TA	-1	112869.0	1214085324
JG0139e	6	153159732	N:TG[T>G]TA	1	272732.0	1214358056
JG0139e	6	153238669	N:AC[T>C]AG	-1	78937.0	1214436993
JG0139e	6	153305642	N:TC[T>G]TT	1	66973.0	1214503966
JG0139e	6	153657237	N:GC[T>C]CT	1	351595.0	1214855561
JG0139e	6	153982513	N:TG[T>A]TT	1	325276.0	1215180837
JG0139e	6	154361202	N:CC[T>A]GC	-1	378689.0	1215559526
JG0139e	6	154563336	N:GC[T>C]CA	1	202134.0	1215761660
JG0139e	6	155639779	N:TC[T>G]CA	1	1076443.0	1216838103
JG0139e	6	156547354	N:GC[T>C]GA	-1	907575.0	1217745678
JG0139e	6	157294880	T:AC[T>G]CT	1	747526.0	1218493204
JG0139e	6	157582970	U:TC[T>G]TT	1	288090.0	1218781294
JG0139e	6	157591027	U:TG[T>G]TT	1	8057.0	1218789351
JG0139e	6	159872130	N:AC[T>C]CA	-1	2281103.0	1221070454
JG0139e	6	160179936	N:TA[T>G]TA	-1	307806.0	1221378260
JG0139e	6	160583363	T:GA[T>G]CT	1	403427.0	1221781687
JG0139e	6	161136393	U:TC[T>C]CA	-1	553030.0	1222334717
JG0139e	6	161166980	T:AG[T>A]CT	1	30587.0	1222365304
JG0139e	6	161208518	U:GG[T>G]TT	-1	41538.0	1222406842
JG0139e	6	161273023	U:GG[T>G]TT	-1	64505.0	1222471347
JG0139e	6	161347718	U:AC[T>G]TG	-1	74695.0	1222546042
JG0139e	6	161479548	U:AC[T>C]GA	-1	131830.0	1222677872
JG0139e	6	161618260	U:TC[T>C]CA	-1	138712.0	1222816584
JG0139e	6	162058527	U:TC[T>G]TT	-1	440267.0	1223256851
JG0139e	6	163055274	U:AC[T>C]TA	1	996747.0	1224253598
JG0139e	6	163129174	T:TC[T>C]CA	-1	73900.0	1224327498
JG0139e	6	164009547	N:CC[T>G]TG	1	880373.0	1225207871
JG0139e	6	164032283	N:TC[T>C]TA	1	22736.0	1225230607
JG0139e	6	164715384	N:TC[T>C]CT	1	683101.0	1225913708
JG0139e	6	164843901	N:TA[T>G]CT	1	128517.0	1226042225
JG0139e	6	165000845	N:AG[T>G]TT	-1	156944.0	1226199169
JG0139e	6	165633172	T:GG[T>A]TT	1	632327.0	1226831496
JG0139e	6	165861765	T:AG[T>G]TT	1	228593.0	1227060089
JG0139e	6	166000187	N:AG[T>G]TG	-1	138422.0	1227198511
JG0139e	6	166056676	N:AC[T>A]CC	-1	56489.0	1227255000
JG0139e	6	166296801	N:AC[T>G]TG	-1	240125.0	1227495125
JG0139e	6	166403533	N:AC[T>G]TA	1	106732.0	1227601857
JG0139e	6	166676686	U:AG[T>G]TT	-1	273153.0	1227875010
JG0139e	6	166896373	T:CC[T>G]AA	1	219687.0	1228094697
JG0139e	6	167122114	U:GG[T>C]CA	1	225741.0	1228320438
JG0139e	6	167190750	N:AT[T>A]TG	1	68636.0	1228389074
JG0139e	6	167403006	N:AC[T>A]TG	1	212256.0	1228601330
JG0139e	6	167644497	N:GC[T>A]CC	1	241491.0	1228842821
JG0139e	6	167878354	U:AC[T>G]TG	1	233857.0	1229076678
JG0139e	6	168015127	U:CC[T>G]TG	1	136773.0	1229213451
JG0139e	6	168273814	N:CC[T>A]GG	1	258687.0	1229472138
JG0139e	6	168417605	N:TG[T>C]CA	1	143791.0	1229615929
JG0139e	6	168671171	N:TC[T>G]TA	1	253566.0	1229869495
JG0139e	6	168742027	N:GC[T>A]CC	-1	70856.0	1229940351
JG0139e	6	168766690	N:GC[T>G]CA	1	24663.0	1229965014
JG0139e	6	168782324	N:AC[T>G]TG	-1	15634.0	1229980648
JG0139e	6	168970861	N:TC[T>A]GA	1	188537.0	1230169185
JG0139e	6	169046917	N:GG[T>A]CC	-1	76056.0	1230245241
JG0139e	6	169149871	N:AC[T>G]TT	-1	102954.0	1230348195
JG0139e	6	169263330	N:GC[T>C]TG	-1	113459.0	1230461654
JG0139e	6	169410762	N:GC[T>A]CA	1	147432.0	1230609086
JG0139e	6	169458270	U:GC[T>C]TT	-1	47508.0	1230656594
JG0139e	6	169523815	U:TG[T>A]CA	-1	65545.0	1230722139
JG0139e	6	169551385	T:AC[T>C]CC	1	27570.0	1230749709
JG0139e	6	169561653	U:TG[T>G]TT	-1	10268.0	1230759977
JG0139e	6	169593477	T:TC[T>G]TA	1	31824.0	1230791801
JG0139e	6	169727144	N:TC[T>G]TG	1	133667.0	1230925468
JG0139e	6	169975665	N:GC[T>C]CA	-1	248521.0	1231173989
JG0139e	6	170074561	N:CC[T>A]CG	-1	98896.0	1231272885
JG0139e	6	170488512	N:TC[T>A]TG	-1	413951.0	1231686836
JG0139e	7	122120	N:AC[T>G]TA	1		1232126423
JG0139e	7	417228	N:CC[T>G]TG	-1	295108.0	1232421531
JG0139e	7	971306	U:AG[T>G]TG	-1	554078.0	1232975609
JG0139e	7	984145	U:GC[T>C]TG	1	12839.0	1232988448
JG0139e	7	1536643	U:AC[T>C]CT	1	552498.0	1233540946
JG0139e	7	1553233	U:GG[T>G]TG	-1	16590.0	1233557536
JG0139e	7	1604501	N:GC[T>G]TG	-1	51268.0	1233608804
JG0139e	7	1612373	N:AC[T>A]CT	-1	7872.0	1233616676
JG0139e	7	1863173	T:CT[C>A]AG	1	250800.0	1233867476
JG0139e	7	1921205	U:TC[T>C]GA	-1	58032.0	1233925508
JG0139e	7	2678944	N:TC[T>C]GG	-1	757739.0	1234683247
JG0139e	7	2701739	T:TG[T>G]TC	-1	22795.0	1234706042
JG0139e	7	3011050	T:GC[T>C]GG	1	309311.0	1235015353
JG0139e	7	3020682	U:TC[T>G]TA	-1	9632.0	1235024985
JG0139e	7	3033289	U:TC[T>A]CT	-1	12607.0	1235037592
JG0139e	7	3061792	N:AC[T>C]GA	-1	28503.0	1235066095
JG0139e	7	3320309	U:TC[T>A]CA	1	258517.0	1235324612
JG0139e	7	4199087	U:GA[T>G]TA	1	878778.0	1236203390
JG0139e	7	4206275	U:AC[T>C]CT	1	7188.0	1236210578
JG0139e	7	4921501	U:GA[T>G]TA	-1	715226.0	1236925804
JG0139e	7	5207044	T:TC[T>C]CA	-1	285543.0	1237211347
JG0139e	7	5510204	U:CC[T>G]CA	-1	303160.0	1237514507
JG0139e	7	5548753	U:TC[T>G]TC	-1	38549.0	1237553056
JG0139e	7	5608023	N:AT[T>G]TG	1	59270.0	1237612326
JG0139e	7	5858959	N:CA[T>G]AC	-1	250936.0	1237863262
JG0139e	7	6133000	T:TC[T>G]TA	-1	274041.0	1238137303
JG0139e	7	6862467	N:AA[T>G]CA	1	729467.0	1238866770
JG0139e	7	7169957	T:AC[T>G]TT	-1	307490.0	1239174260
JG0139e	7	7456856	U:AC[T>G]TA	-1	286899.0	1239461159
JG0139e	7	7496708	U:AA[T>G]TC	-1	39852.0	1239501011
JG0139e	7	7736426	T:AC[T>C]CG	-1	239718.0	1239740729
JG0139e	7	7842508	T:AG[T>G]CA	-1	106082.0	1239846811
JG0139e	7	8346868	N:AC[T>C]CC	-1	504360.0	1240351171
JG0139e	7	8380514	N:TC[T>C]CT	1	33646.0	1240384817
JG0139e	7	9388351	N:TC[T>G]TT	1	1007837.0	1241392654
JG0139e	7	10701227	N:TC[T>G]TC	-1	1312876.0	1242705530
JG0139e	7	10774272	N:TC[T>C]TC	-1	73045.0	1242778575
JG0139e	7	11012749	T:TA[T>G]CA	-1	238477.0	1243017052
JG0139e	7	11068242	U:AC[T>C]TG	1	55493.0	1243072545
JG0139e	7	11337023	N:CC[T>G]TT	-1	268781.0	1243341326
JG0139e	7	11665190	U:TC[T>A]CC	-1	328167.0	1243669493
JG0139e	7	12959564	N:GC[T>G]TA	-1	1294374.0	1244963867
JG0139e	7	13009512	N:GA[T>C]TT	1	49948.0	1245013815
JG0139e	7	13627514	N:TG[T>C]CA	1	618002.0	1245631817
JG0139e	7	14100602	N:AC[T>G]TA	1	473088.0	1246104905
JG0139e	7	15195405	N:CC[T>G]CA	-1	1094803.0	1247199708
JG0139e	7	15297553	U:AC[T>A]TT	-1	102148.0	1247301856
JG0139e	7	15914780	N:GC[T>C]TG	-1	617227.0	1247919083
JG0139e	7	15934034	N:AT[C>A]CT	-1	19254.0	1247938337
JG0139e	7	17237781	T:GC[T>C]GG	-1	1303747.0	1249242084
JG0139e	7	17535524	N:AG[T>A]TG	1	297743.0	1249539827
JG0139e	7	19238256	N:TC[T>C]CC	-1	1702732.0	1251242559
JG0139e	7	20098375	N:CC[T>G]TA	1	860119.0	1252102678
JG0139e	7	20522951	N:TC[T>C]AG	-1	424576.0	1252527254
JG0139e	7	20563853	N:GC[T>G]TA	1	40902.0	1252568156
JG0139e	7	21399750	N:AC[T>C]GC	-1	835897.0	1253404053
JG0139e	7	22150363	T:CC[T>G]CG	1	750613.0	1254154666
JG0139e	7	22364978	N:TC[T>A]TG	-1	214615.0	1254369281
JG0139e	7	23258164	U:TC[T>G]TA	1	893186.0	1255262467
JG0139e	7	24042522	N:AC[T>G]CA	-1	784358.0	1256046825
JG0139e	7	25147414	U:CC[T>C]GC	-1	1104892.0	1257151717
JG0139e	7	25228894	N:AG[T>G]TA	1	81480.0	1257233197
JG0139e	7	25231188	N:AG[T>G]TA	-1	2294.0	1257235491
JG0139e	7	25939260	N:AC[T>G]TG	-1	708072.0	1257943563
JG0139e	7	26314659	T:TC[T>G]TG	-1	375399.0	1258318962
JG0139e	7	27023868	N:CC[T>G]TG	-1	709209.0	1259028171
JG0139e	7	28293696	N:TC[T>C]TA	-1	1269828.0	1260297999
JG0139e	7	28350000	T:AC[T>C]TA	-1	56304.0	1260354303
JG0139e	7	28460971	U:GC[T>G]TG	1	110971.0	1260465274
JG0139e	7	28958587	N:GG[T>G]CC	-1	497616.0	1260962890
JG0139e	7	29025572	U:GA[T>C]GT	-1	66985.0	1261029875
JG0139e	7	29249833	T:AG[T>G]CT	-1	224261.0	1261254136
JG0139e	7	29865466	T:TC[T>C]GA	-1	615633.0	1261869769
JG0139e	7	30204303	N:AC[T>G]TT	1	338837.0	1262208606
JG0139e	7	30407456	N:AT[T>A]TT	-1	203153.0	1262411759
JG0139e	7	30787085	U:TC[T>C]CC	1	379629.0	1262791388
JG0139e	7	31326584	N:TG[T>G]TC	1	539499.0	1263330887
JG0139e	7	31337778	T:AG[C>T]TT	1	11194.0	1263342081
JG0139e	7	31985721	T:GC[T>G]TC	1	647943.0	1263990024
JG0139e	7	32370184	N:GC[T>A]CA	1	384463.0	1264374487
JG0139e	7	32458383	N:GC[T>C]TT	-1	88199.0	1264462686
JG0139e	7	32498415	T:AA[T>G]TA	-1	40032.0	1264502718
JG0139e	7	33141940	U:TC[T>G]TT	1	643525.0	1265146243
JG0139e	7	33181623	T:TC[T>A]TA	-1	39683.0	1265185926
JG0139e	7	33247485	U:TC[T>G]TT	1	65862.0	1265251788
JG0139e	7	33325967	T:CC[T>G]TG	-1	78482.0	1265330270
JG0139e	7	33719679	N:GG[T>G]TT	1	393712.0	1265723982
JG0139e	7	33834937	N:TC[T>C]TA	1	115258.0	1265839240
JG0139e	7	34223549	N:GG[T>G]TT	-1	388612.0	1266227852
JG0139e	7	34795074	T:AC[T>C]TG	-1	571525.0	1266799377
JG0139e	7	34921576	N:TC[T>A]TG	1	126502.0	1266925879
JG0139e	7	34978146	T:AC[T>G]TC	1	56570.0	1266982449
JG0139e	7	35052118	N:GC[T>C]GG	1	73972.0	1267056421
JG0139e	7	35315090	N:TC[T>G]CT	-1	262972.0	1267319393
JG0139e	7	35379339	N:AC[T>A]CT	-1	64249.0	1267383642
JG0139e	7	36071292	N:TC[T>A]CA	-1	691953.0	1268075595
JG0139e	7	36900461	U:AC[T>C]TA	-1	829169.0	1268904764
JG0139e	7	37401190	T:AC[T>C]CA	1	500729.0	1269405493
JG0139e	7	37452020	N:TC[T>G]TA	-1	50830.0	1269456323
JG0139e	7	37486160	N:AC[T>G]TG	1	34140.0	1269490463
JG0139e	7	38003464	T:TC[T>G]TG	1	517304.0	1270007767
JG0139e	7	38453282	U:TC[T>A]CA	-1	449818.0	1270457585
JG0139e	7	38626509	T:AC[T>A]GG	1	173227.0	1270630812
JG0139e	7	39075243	T:AC[T>G]TC	-1	448734.0	1271079546
JG0139e	7	39369582	U:TC[T>C]TG	1	294339.0	1271373885
JG0139e	7	39645951	T:AC[T>G]GA	-1	276369.0	1271650254
JG0139e	7	40303830	U:GC[T>C]CA	1	657879.0	1272308133
JG0139e	7	40606450	T:AT[C>A]TC	-1	302620.0	1272610753
JG0139e	7	41410414	N:AC[T>C]TG	-1	803964.0	1273414717
JG0139e	7	41713971	N:AC[T>G]CA	-1	303557.0	1273718274
JG0139e	7	42289643	N:GG[T>C]GA	-1	575672.0	1274293946
JG0139e	7	42430638	N:TC[T>C]CC	1	140995.0	1274434941
JG0139e	7	42511920	N:AC[T>G]CA	-1	81282.0	1274516223
JG0139e	7	43392579	U:CC[T>G]TG	1	880659.0	1275396882
JG0139e	7	43915808	U:TC[T>G]CA	-1	523229.0	1275920111
JG0139e	7	43955785	U:CC[C>A]AT	1	39977.0	1275960088
JG0139e	7	44128398	N:AC[T>C]GC	-1	172613.0	1276132701
JG0139e	7	44234363	U:TC[T>G]CA	-1	105965.0	1276238666
JG0139e	7	44526812	T:GG[T>C]CA	1	292449.0	1276531115
JG0139e	7	44570854	T:GG[T>G]TG	1	44042.0	1276575157
JG0139e	7	45220515	N:AG[T>G]TG	-1	649661.0	1277224818
JG0139e	7	45364550	N:GC[C>A]CA	-1	144035.0	1277368853
JG0139e	7	45494222	N:AA[T>G]TA	1	129672.0	1277498525
JG0139e	7	45937984	N:GG[T>G]TA	1	443762.0	1277942287
JG0139e	7	46008661	N:GC[T>C]GG	-1	70677.0	1278012964
JG0139e	7	46206792	N:AC[T>A]CA	-1	198131.0	1278211095
JG0139e	7	46309350	N:TA[T>G]TA	1	102558.0	1278313653
JG0139e	7	46409144	N:TT[C>A]TT	1	99794.0	1278413447
JG0139e	7	47544918	U:AC[T>G]TG	-1	1135774.0	1279549221
JG0139e	7	47879125	U:CC[T>G]TC	-1	334207.0	1279883428
JG0139e	7	48531480	U:TC[T>C]TT	1	652355.0	1280535783
JG0139e	7	48944987	N:AA[T>G]TT	1	413507.0	1280949290
JG0139e	7	49477764	N:TC[T>C]TA	-1	532777.0	1281482067
JG0139e	7	49736250	N:AC[T>G]TC	-1	258486.0	1281740553
JG0139e	7	49740317	N:TA[T>G]TT	1	4067.0	1281744620
JG0139e	7	49747514	N:GC[T>C]TG	-1	7197.0	1281751817
JG0139e	7	49842554	U:CC[T>G]TA	1	95040.0	1281846857
JG0139e	7	50359990	U:CC[T>G]TA	1	517436.0	1282364293
JG0139e	7	50617718	U:GG[T>A]CC	-1	257728.0	1282622021
JG0139e	7	50633448	U:AC[T>G]TA	-1	15730.0	1282637751
JG0139e	7	50964466	N:GC[T>A]TA	-1	331018.0	1282968769
JG0139e	7	50971244	N:AA[C>T]TC	-1	6778.0	1282975547
JG0139e	7	51654162	N:CC[T>G]CT	-1	682918.0	1283658465
JG0139e	7	52197919	N:AC[T>G]TT	1	543757.0	1284202222
JG0139e	7	52505893	N:CC[T>G]TC	-1	307974.0	1284510196
JG0139e	7	52505895	N:AT[C>T]CT	-1	2.0	1284510198
JG0139e	7	52994062	N:AC[T>G]TA	1	488167.0	1284998365
JG0139e	7	53214333	N:TA[T>A]TC	-1	220271.0	1285218636
JG0139e	7	53532923	N:GC[T>A]TG	-1	318590.0	1285537226
JG0139e	7	53667025	N:AG[T>C]CC	1	134102.0	1285671328
JG0139e	7	53887127	N:AC[T>G]TT	-1	220102.0	1285891430
JG0139e	7	54597706	N:AC[T>C]TG	1	710579.0	1286602009
JG0139e	7	54814108	N:TC[T>G]TC	-1	216402.0	1286818411
JG0139e	7	55080973	T:TA[T>C]CA	-1	266865.0	1287085276
JG0139e	7	55134666	U:TC[T>C]GA	1	53693.0	1287138969
JG0139e	7	55260159	N:AC[T>G]TG	-1	125493.0	1287264462
JG0139e	7	56343701	N:TC[T>C]CC	1	1083542.0	1288348004
JG0139e	7	57421490	N:AC[T>A]TA	-1	1077789.0	1289425793
JG0139e	7	57786369	N:TT[C>A]AT	-1	364879.0	1289790672
JG0139e	7	61927704	N:CA[C>A]TT	-1	4141335.0	1293932007
JG0139e	7	61934208	N:GT[T>C]AG	1	6504.0	1293938511
JG0139e	7	63256516	N:TA[C>A]AA	-1	1322308.0	1295260819
JG0139e	7	64262576	U:TT[T>G]TC	1	1006060.0	1296266879
JG0139e	7	64570031	N:TG[T>A]GA	-1	307455.0	1296574334
JG0139e	7	65730120	N:AA[T>G]TT	1	1160089.0	1297734423
JG0139e	7	66872939	N:TC[T>G]TT	1	1142819.0	1298877242
JG0139e	7	66946959	T:GA[T>A]TA	-1	74020.0	1298951262
JG0139e	7	67123576	T:TG[T>G]TC	-1	176617.0	1299127879
JG0139e	7	67165850	T:GC[T>G]CA	-1	42274.0	1299170153
JG0139e	7	67548171	N:AC[T>C]TG	-1	382321.0	1299552474
JG0139e	7	68902851	N:GC[T>A]CA	1	1354680.0	1300907154
JG0139e	7	69084513	N:AC[T>C]GG	1	181662.0	1301088816
JG0139e	7	69101625	N:GC[T>G]CA	-1	17112.0	1301105928
JG0139e	7	69875436	T:TC[T>A]TA	-1	773811.0	1301879739
JG0139e	7	70039266	U:TC[T>G]AA	1	163830.0	1302043569
JG0139e	7	70075643	U:TC[T>G]TT	1	36377.0	1302079946
JG0139e	7	70613782	T:GA[T>G]CA	-1	538139.0	1302618085
JG0139e	7	74238161	U:AC[T>C]TA	-1	3624379.0	1306242464
JG0139e	7	75005085	U:TC[T>C]CG	1	766924.0	1307009388
JG0139e	7	76044628	U:AG[T>A]TG	-1	1039543.0	1308048931
JG0139e	7	76183806	N:TT[T>A]AA	-1	139178.0	1308188109
JG0139e	7	78060714	U:TC[T>C]TG	-1	1876908.0	1310065017
JG0139e	7	78691743	T:TG[T>G]TA	1	631029.0	1310696046
JG0139e	7	79220708	T:CC[T>C]CA	1	528965.0	1311225011
JG0139e	7	79304909	U:CC[T>C]TT	-1	84201.0	1311309212
JG0139e	7	79970082	U:AG[T>C]TG	1	665173.0	1311974385
JG0139e	7	80462874	B:TC[T>C]CA	-1	492792.0	1312467177
JG0139e	7	80927823	N:AC[T>C]AC	1	464949.0	1312932126
JG0139e	7	81187398	N:TG[T>G]GA	1	259575.0	1313191701
JG0139e	7	83129480	U:AC[T>C]TG	-1	1942082.0	1315133783
JG0139e	7	83221634	N:AC[T>G]TC	-1	92154.0	1315225937
JG0139e	7	83246305	N:AC[T>G]CT	-1	24671.0	1315250608
JG0139e	7	83621549	U:AC[T>G]TA	-1	375244.0	1315625852
JG0139e	7	84975636	N:AC[T>G]TA	-1	1354087.0	1316979939
JG0139e	7	85599643	N:CC[T>C]TA	1	624007.0	1317603946
JG0139e	7	85789724	N:AC[T>G]TG	1	190081.0	1317794027
JG0139e	7	86124303	N:AC[T>C]CA	1	334579.0	1318128606
JG0139e	7	86666550	U:AC[T>C]TG	1	542247.0	1318670853
JG0139e	7	87141629	N:CC[T>C]GA	1	475079.0	1319145932
JG0139e	7	87295147	N:TC[T>C]AG	-1	153518.0	1319299450
JG0139e	7	87436262	U:TC[T>C]TA	-1	141115.0	1319440565
JG0139e	7	87762000	U:TC[T>C]TA	1	325738.0	1319766303
JG0139e	7	88062750	T:TC[T>C]CT	-1	300750.0	1320067053
JG0139e	7	88290763	T:TC[T>C]TA	1	228013.0	1320295066
JG0139e	7	89400064	N:AC[T>G]TA	-1	1109301.0	1321404367
JG0139e	7	93905357	T:GT[T>G]TA	-1	4505293.0	1325909660
JG0139e	7	95602540	N:AC[T>G]TC	-1	1697183.0	1327606843
JG0139e	7	97549583	N:TC[T>G]TC	-1	1947043.0	1329553886
JG0139e	7	98446074	N:AC[T>G]TA	-1	896491.0	1330450377
JG0139e	7	98674944	N:TC[T>C]CA	-1	228870.0	1330679247
JG0139e	7	99761496	T:TC[T>C]TC	1	1086552.0	1331765799
JG0139e	7	99802979	N:AC[T>G]TC	-1	41483.0	1331807282
JG0139e	7	101956961	T:TC[T>C]TT	-1	2153982.0	1333961264
JG0139e	7	102308882	T:TG[T>C]CA	-1	351921.0	1334313185
JG0139e	7	102891715	U:AC[T>C]CA	-1	582833.0	1334896018
JG0139e	7	103092124	T:TC[T>C]CC	-1	200409.0	1335096427
JG0139e	7	104743398	T:AG[T>G]TG	-1	1651274.0	1336747701
JG0139e	7	105505446	T:AC[T>G]GA	1	762048.0	1337509749
JG0139e	7	106407658	N:TC[T>C]GG	-1	902212.0	1338411961
JG0139e	7	106740389	N:AC[T>G]TA	-1	332731.0	1338744692
JG0139e	7	108178906	T:GC[C>G]TC	1	1438517.0	1340183209
JG0139e	7	109157765	N:GG[T>G]TA	1	978859.0	1341162068
JG0139e	7	109496979	N:TC[T>A]CC	1	339214.0	1341501282
JG0139e	7	109807597	N:CC[T>C]AA	-1	310618.0	1341811900
JG0139e	7	109867423	N:AC[T>G]TC	1	59826.0	1341871726
JG0139e	7	110335552	N:CC[T>G]TC	1	468129.0	1342339855
JG0139e	7	111063869	U:GC[T>C]TT	-1	728317.0	1343068172
JG0139e	7	111466251	U:AC[T>G]TG	-1	402382.0	1343470554
JG0139e	7	112118098	U:TT[T>G]TG	-1	651847.0	1344122401
JG0139e	7	112503159	N:AC[T>C]TT	-1	385061.0	1344507462
JG0139e	7	112623947	N:TC[T>C]TA	-1	120788.0	1344628250
JG0139e	7	112791349	N:AG[T>G]TA	1	167402.0	1344795652
JG0139e	7	113968426	T:TC[T>G]GC	1	1177077.0	1345972729
JG0139e	7	114748654	N:TT[T>A]TG	-1	780228.0	1346752957
JG0139e	7	115573051	N:AC[T>G]TG	-1	824397.0	1347577354
JG0139e	7	115841081	N:TC[T>C]CC	-1	268030.0	1347845384
JG0139e	7	117909378	N:GC[T>C]TA	-1	2068297.0	1349913681
JG0139e	7	118293842	N:TG[T>C]TG	-1	384464.0	1350298145
JG0139e	7	118327045	N:GA[T>G]TA	-1	33203.0	1350331348
JG0139e	7	120577092	T:GC[T>G]CA	-1	2250047.0	1352581395
JG0139e	7	120797059	U:CC[T>G]CA	-1	219967.0	1352801362
JG0139e	7	121816724	N:GT[T>C]TA	-1	1019665.0	1353821027
JG0139e	7	123201773	N:GA[T>G]TC	-1	1385049.0	1355206076
JG0139e	7	126969293	T:TC[T>C]TG	1	3767520.0	1358973596
JG0139e	7	127274277	N:AC[T>G]CC	-1	304984.0	1359278580
JG0139e	7	128719141	T:GG[T>G]TA	-1	1444864.0	1360723444
JG0139e	7	128930190	N:AC[T>G]TA	1	211049.0	1360934493
JG0139e	7	129518310	N:AC[T>A]TG	-1	588120.0	1361522613
JG0139e	7	129929960	U:TC[T>C]TG	-1	411650.0	1361934263
JG0139e	7	130289825	N:GC[T>C]TA	-1	359865.0	1362294128
JG0139e	7	130307914	U:GC[T>C]TG	1	18089.0	1362312217
JG0139e	7	130737965	N:CC[T>G]TC	1	430051.0	1362742268
JG0139e	7	131881940	N:TC[T>C]TA	1	1143975.0	1363886243
JG0139e	7	131917350	N:AC[T>C]TT	-1	35410.0	1363921653
JG0139e	7	132012754	N:TC[T>G]TG	1	95404.0	1364017057
JG0139e	7	132513790	T:CC[T>C]CA	1	501036.0	1364518093
JG0139e	7	132903830	T:AC[T>G]GA	1	390040.0	1364908133
JG0139e	7	132979048	T:AC[T>G]TA	1	75218.0	1364983351
JG0139e	7	133752629	T:AC[T>G]TA	-1	773581.0	1365756932
JG0139e	7	133954482	U:AC[T>G]TA	1	201853.0	1365958785
JG0139e	7	134033511	U:AC[T>A]CC	1	79029.0	1366037814
JG0139e	7	134655880	U:GC[T>A]TA	1	622369.0	1366660183
JG0139e	7	134685060	N:TC[T>C]TG	1	29180.0	1366689363
JG0139e	7	135018942	T:TC[T>C]TG	-1	333882.0	1367023245
JG0139e	7	135292979	N:GG[T>G]TT	1	274037.0	1367297282
JG0139e	7	135582113	U:CC[T>G]TG	1	289134.0	1367586416
JG0139e	7	135837070	N:AC[T>G]GA	-1	254957.0	1367841373
JG0139e	7	136090823	N:GC[T>C]CA	-1	253753.0	1368095126
JG0139e	7	136149112	N:AC[T>C]CT	1	58289.0	1368153415
JG0139e	7	136253581	N:GC[T>G]TT	1	104469.0	1368257884
JG0139e	7	136423988	N:TG[T>C]CC	1	170407.0	1368428291
JG0139e	7	136441480	N:TC[T>G]TG	1	17492.0	1368445783
JG0139e	7	136606785	N:AA[T>G]TA	1	165305.0	1368611088
JG0139e	7	137041113	N:AC[T>G]TC	-1	434328.0	1369045416
JG0139e	7	137173778	N:AC[T>G]GC	1	132665.0	1369178081
JG0139e	7	137362598	N:CC[T>G]CA	1	188820.0	1369366901
JG0139e	7	137643344	U:TG[T>G]TG	-1	280746.0	1369647647
JG0139e	7	138060092	N:AC[T>G]TG	1	416748.0	1370064395
JG0139e	7	138866117	U:AC[T>G]TT	-1	806025.0	1370870420
JG0139e	7	139255954	T:AC[T>G]TC	-1	389837.0	1371260257
JG0139e	7	140573858	U:TC[T>C]TT	-1	1317904.0	1372578161
JG0139e	7	141005839	U:CC[T>A]CA	-1	431981.0	1373010142
JG0139e	7	141702475	N:AC[T>A]CA	-1	696636.0	1373706778
JG0139e	7	141782329	U:AC[T>G]CT	1	79854.0	1373786632
JG0139e	7	141820607	N:TG[T>G]TA	1	38278.0	1373824910
JG0139e	7	141999004	U:AC[T>C]TA	1	178397.0	1374003307
JG0139e	7	142022528	U:AG[T>G]TA	1	23524.0	1374026831
JG0139e	7	142125491	U:AC[T>C]TA	1	102963.0	1374129794
JG0139e	7	142161816	T:AC[T>G]TC	-1	36325.0	1374166119
JG0139e	7	142631941	N:CC[T>A]CC	-1	470125.0	1374636244
JG0139e	7	142691571	N:AT[T>G]TA	-1	59630.0	1374695874
JG0139e	7	143024574	N:TC[T>A]TA	1	333003.0	1375028877
JG0139e	7	143098371	N:AT[T>G]TA	1	73797.0	1375102674
JG0139e	7	144599484	T:AC[T>G]TA	1	1501113.0	1376603787
JG0139e	7	144760641	U:TG[T>G]CA	-1	161157.0	1376764944
JG0139e	7	144788313	U:CT[T>G]TT	-1	27672.0	1376792616
JG0139e	7	144858079	N:AC[T>G]TG	1	69766.0	1376862382
JG0139e	7	144896893	N:CA[T>G]TA	-1	38814.0	1376901196
JG0139e	7	144903500	N:TT[T>G]TA	-1	6607.0	1376907803
JG0139e	7	145109310	N:TA[T>G]TA	1	205810.0	1377113613
JG0139e	7	145124911	N:AA[T>G]TA	1	15601.0	1377129214
JG0139e	7	145267754	N:TC[T>G]TA	-1	142843.0	1377272057
JG0139e	7	145640457	N:TC[T>G]TA	1	372703.0	1377644760
JG0139e	7	146066738	N:AT[T>C]AA	1	426281.0	1378071041
JG0139e	7	146437924	T:CC[T>G]TA	-1	371186.0	1378442227
JG0139e	7	146925071	U:AG[T>G]AG	1	487147.0	1378929374
JG0139e	7	147281766	T:TT[T>G]TA	-1	356695.0	1379286069
JG0139e	7	147503679	U:TC[T>G]TT	1	221913.0	1379507982
JG0139e	7	147875467	U:GG[T>C]CC	1	371788.0	1379879770
JG0139e	7	148189075	U:GC[T>G]TA	1	313608.0	1380193378
JG0139e	7	148211869	T:AC[T>A]TG	-1	22794.0	1380216172
JG0139e	7	148717689	U:AC[C>T]GG	1	505820.0	1380721992
JG0139e	7	148966944	N:CC[T>C]CT	1	249255.0	1380971247
JG0139e	7	149158153	T:AC[T>G]TT	-1	191209.0	1381162456
JG0139e	7	150388464	U:CC[T>C]CC	1	1230311.0	1382392767
JG0139e	7	150441021	N:AC[T>G]TA	-1	52557.0	1382445324
JG0139e	7	150643686	N:AC[T>G]TG	1	202665.0	1382647989
JG0139e	7	150855478	U:GC[T>C]TG	1	211792.0	1382859781
JG0139e	7	151276314	U:CC[T>C]CC	-1	420836.0	1383280617
JG0139e	7	151318924	N:TC[T>G]TC	-1	42610.0	1383323227
JG0139e	7	151321805	N:TC[T>C]CT	-1	2881.0	1383326108
JG0139e	7	151374136	T:TC[T>G]TT	-1	52331.0	1383378439
JG0139e	7	151565217	U:TA[T>C]CA	-1	191081.0	1383569520
JG0139e	7	151828059	U:GA[T>G]TC	-1	262842.0	1383832362
JG0139e	7	152898807	N:AC[T>C]GC	-1	1070748.0	1384903110
JG0139e	7	153106527	N:GA[T>G]TA	-1	207720.0	1385110830
JG0139e	7	153897883	U:GC[T>A]AC	1	791356.0	1385902186
JG0139e	7	153912225	T:AC[T>G]CA	-1	14342.0	1385916528
JG0139e	7	154414351	T:TC[T>G]TG	-1	502126.0	1386418654
JG0139e	7	154722140	T:GC[T>G]CA	-1	307789.0	1386726443
JG0139e	7	155586398	N:AG[C>A]GA	-1	864258.0	1387590701
JG0139e	7	155944489	N:TC[T>C]GC	1	358091.0	1387948792
JG0139e	7	156072330	N:GC[T>C]TG	-1	127841.0	1388076633
JG0139e	7	156260847	N:GG[T>G]TG	-1	188517.0	1388265150
JG0139e	7	156341350	N:TG[T>G]TC	1	80503.0	1388345653
JG0139e	7	156358581	N:AC[T>A]GG	1	17231.0	1388362884
JG0139e	7	156440397	N:TC[T>C]CC	1	81816.0	1388444700
JG0139e	7	156555041	N:TA[T>G]TG	-1	114644.0	1388559344
JG0139e	7	156646742	U:AC[T>C]AC	1	91701.0	1388651045
JG0139e	7	156841214	U:TC[T>A]TT	-1	194472.0	1388845517
JG0139e	7	156854618	U:TC[T>G]TC	-1	13404.0	1388858921
JG0139e	7	156981135	N:AG[T>G]CA	1	126517.0	1388985438
JG0139e	7	157721511	T:CC[T>A]CC	1	740376.0	1389725814
JG0139e	7	157746861	U:CC[T>G]CA	-1	25350.0	1389751164
JG0139e	7	158227944	T:AC[T>C]CA	1	481083.0	1390232247
JG0139e	7	158294631	U:CC[T>G]GG	-1	66687.0	1390298934
JG0139e	7	158386678	U:GA[T>G]TG	-1	92047.0	1390390981
JG0139e	7	158451913	U:AC[T>G]TA	-1	65235.0	1390456216
JG0139e	7	158509753	U:CC[T>G]CA	-1	57840.0	1390514056
JG0139e	7	158516705	T:TC[T>C]TG	1	6952.0	1390521008
JG0139e	7	158865388	U:TC[T>A]CA	1	348683.0	1390869691
JG0139e	7	158932192	T:CC[T>G]CG	-1	66804.0	1390936495
JG0139e	7	159240689	N:TC[T>G]TG	-1	308497.0	1391244992
JG0139e	7	159283881	N:AC[T>C]TG	-1	43192.0	1391288184
JG0139e	8	438566	T:AC[T>C]CA	-1		1391788842
JG0139e	8	589060	N:GA[T>A]CG	-1	150494.0	1391939336
JG0139e	8	610561	N:GA[T>G]TT	1	21501.0	1391960837
JG0139e	8	620332	U:TT[T>G]TA	-1	9771.0	1391970608
JG0139e	8	620337	U:TT[C>T]TT	-1	5.0	1391970613
JG0139e	8	634041	T:AA[C>G]AA	1	13704.0	1391984317
JG0139e	8	906852	U:TC[T>A]GT	1	272811.0	1392257128
JG0139e	8	1002482	T:GT[T>A]AC	-1	95630.0	1392352758
JG0139e	8	1081073	U:CC[T>G]TA	1	78591.0	1392431349
JG0139e	8	1260055	T:CC[T>G]GA	-1	178982.0	1392610331
JG0139e	8	1492751	U:GG[C>A]GA	1	232696.0	1392843027
JG0139e	8	1501580	U:TT[T>G]TT	1	8829.0	1392851856
JG0139e	8	1502528	U:TG[T>G]TG	1	948.0	1392852804
JG0139e	8	1546969	U:AC[T>G]TC	1	44441.0	1392897245
JG0139e	8	1550767	U:GT[T>G]TA	1	3798.0	1392901043
JG0139e	8	1813040	N:AG[T>G]TT	-1	262273.0	1393163316
JG0139e	8	1859972	T:GG[T>A]TG	-1	46932.0	1393210248
JG0139e	8	1873242	T:TC[T>A]CC	-1	13270.0	1393223518
JG0139e	8	1944203	T:GC[T>C]GG	-1	70961.0	1393294479
JG0139e	8	2233587	N:AC[C>A]TC	-1	289384.0	1393583863
JG0139e	8	2548159	N:CC[T>C]GA	-1	314572.0	1393898435
JG0139e	8	2601956	N:TA[C>G]AA	1	53797.0	1393952232
JG0139e	8	2644240	N:AC[T>G]TA	-1	42284.0	1393994516
JG0139e	8	3178300	U:TC[T>G]TT	-1	534060.0	1394528576
JG0139e	8	3278140	U:CC[T>C]TA	-1	99840.0	1394628416
JG0139e	8	3430424	T:AA[T>G]TG	1	152284.0	1394780700
JG0139e	8	3512254	T:TC[T>C]CA	1	81830.0	1394862530
JG0139e	8	3613285	U:TC[T>G]TA	-1	101031.0	1394963561
JG0139e	8	3805607	T:AG[T>G]TA	1	192322.0	1395155883
JG0139e	8	3902269	U:AC[T>C]TA	-1	96662.0	1395252545
JG0139e	8	3948681	U:AC[T>G]CA	-1	46412.0	1395298957
JG0139e	8	4076560	U:TC[T>C]TT	-1	127879.0	1395426836
JG0139e	8	4184937	U:TC[T>C]TG	-1	108377.0	1395535213
JG0139e	8	4458426	U:AC[T>C]GA	-1	273489.0	1395808702
JG0139e	8	4615046	U:TC[T>C]CA	-1	156620.0	1395965322
JG0139e	8	4796993	U:AC[T>C]TT	-1	181947.0	1396147269
JG0139e	8	4809272	U:TC[T>G]TA	-1	12279.0	1396159548
JG0139e	8	5097127	N:GC[T>C]TA	-1	287855.0	1396447403
JG0139e	8	5305026	N:TC[T>C]GA	-1	207899.0	1396655302
JG0139e	8	5551874	N:GA[T>C]TA	-1	246848.0	1396902150
JG0139e	8	5812790	N:AG[T>G]TA	1	260916.0	1397163066
JG0139e	8	5862422	N:GC[T>C]TC	1	49632.0	1397212698
JG0139e	8	5908038	N:AG[T>C]CT	1	45616.0	1397258314
JG0139e	8	6202637	N:AC[T>C]CT	-1	294599.0	1397552913
JG0139e	8	6242791	N:TC[T>G]TT	-1	40154.0	1397593067
JG0139e	8	6244238	N:AC[T>G]TG	1	1447.0	1397594514
JG0139e	8	6245752	N:AC[T>C]CC	-1	1514.0	1397596028
JG0139e	8	6280526	N:AC[T>G]TG	-1	34774.0	1397630802
JG0139e	8	6375874	N:AC[T>C]GT	-1	95348.0	1397726150
JG0139e	8	6796136	N:TC[T>A]CG	-1	420262.0	1398146412
JG0139e	8	6928076	N:GA[T>G]TG	-1	131940.0	1398278352
JG0139e	8	6934385	N:TC[T>C]CC	-1	6309.0	1398284661
JG0139e	8	6941906	N:TC[T>C]AC	-1	7521.0	1398292182
JG0139e	8	8287250	N:TC[T>C]TG	-1	1345344.0	1399637526
JG0139e	8	8668411	N:AC[T>G]TA	-1	381161.0	1400018687
JG0139e	8	8772241	N:GG[T>G]TG	1	103830.0	1400122517
JG0139e	8	8867807	T:CC[T>C]CG	1	95566.0	1400218083
JG0139e	8	8938858	N:TC[T>G]CA	-1	71051.0	1400289134
JG0139e	8	9321140	N:AG[T>G]CA	1	382282.0	1400671416
JG0139e	8	9606612	T:AC[T>C]TA	-1	285472.0	1400956888
JG0139e	8	9686295	T:AC[T>C]CA	-1	79683.0	1401036571
JG0139e	8	9816151	N:AC[T>A]TG	-1	129856.0	1401166427
JG0139e	8	10320711	T:TC[T>C]TG	-1	504560.0	1401670987
JG0139e	8	10401416	T:AC[T>G]TA	-1	80705.0	1401751692
JG0139e	8	10415993	U:CC[T>A]CC	1	14577.0	1401766269
JG0139e	8	10461873	N:GC[T>G]TA	1	45880.0	1401812149
JG0139e	8	10495245	T:CC[T>G]TC	1	33372.0	1401845521
JG0139e	8	10732598	T:GC[T>C]CG	1	237353.0	1402082874
JG0139e	8	10808650	U:TC[T>G]TG	-1	76052.0	1402158926
JG0139e	8	10881021	N:TC[C>A]TC	1	72371.0	1402231297
JG0139e	8	10993852	T:CC[T>G]TA	1	112831.0	1402344128
JG0139e	8	11100768	U:CC[T>A]CC	-1	106916.0	1402451044
JG0139e	8	11241111	N:CC[T>G]TA	-1	140343.0	1402591387
JG0139e	8	11600841	N:TG[T>G]TG	-1	359730.0	1402951117
JG0139e	8	11621425	N:CG[T>C]TT	1	20584.0	1402971701
JG0139e	8	11944539	N:AC[T>G]TG	1	323114.0	1403294815
JG0139e	8	11965084	N:TC[T>C]CA	1	20545.0	1403315360
JG0139e	8	12923225	N:AC[T>C]TC	-1	958141.0	1404273501
JG0139e	8	13012619	T:TC[T>A]CA	-1	89394.0	1404362895
JG0139e	8	13192113	U:AA[T>G]TA	-1	179494.0	1404542389
JG0139e	8	13243211	U:GG[T>G]TC	-1	51098.0	1404593487
JG0139e	8	13252773	U:AG[T>A]TC	-1	9562.0	1404603049
JG0139e	8	13276573	U:GC[T>G]TG	-1	23800.0	1404626849
JG0139e	8	13395248	U:AC[T>C]CA	-1	118675.0	1404745524
JG0139e	8	13416026	U:GC[T>G]TT	-1	20778.0	1404766302
JG0139e	8	13454967	U:TC[T>G]CA	-1	38941.0	1404805243
JG0139e	8	13459237	T:TC[T>C]GA	1	4270.0	1404809513
JG0139e	8	13480057	U:GG[T>C]TT	-1	20820.0	1404830333
JG0139e	8	13500451	U:TA[T>A]TC	-1	20394.0	1404850727
JG0139e	8	13515772	U:TC[T>C]CC	-1	15321.0	1404866048
JG0139e	8	13515860	U:TC[T>G]TA	-1	88.0	1404866136
JG0139e	8	13637227	N:AA[T>G]TA	-1	121367.0	1404987503
JG0139e	8	13657778	N:AC[T>G]CA	-1	20551.0	1405008054
JG0139e	8	13716813	N:AC[T>C]TG	-1	59035.0	1405067089
JG0139e	8	13772785	N:TG[T>C]TA	-1	55972.0	1405123061
JG0139e	8	13925870	N:AC[T>C]TG	-1	153085.0	1405276146
JG0139e	8	14425519	U:AG[C>T]CT	-1	499649.0	1405775795
JG0139e	8	15281191	N:GC[T>C]CT	-1	855672.0	1406631467
JG0139e	8	15296358	N:CA[T>C]TG	1	15167.0	1406646634
JG0139e	8	15317812	N:AG[T>G]TT	1	21454.0	1406668088
JG0139e	8	15398146	N:CC[T>G]CA	-1	80334.0	1406748422
JG0139e	8	15652803	U:AC[T>C]GC	1	254657.0	1407003079
JG0139e	8	15818209	N:TC[T>C]TA	-1	165406.0	1407168485
JG0139e	8	15870353	N:AG[T>G]TA	-1	52144.0	1407220629
JG0139e	8	15887372	N:TT[T>C]TG	-1	17019.0	1407237648
JG0139e	8	15946122	N:CC[T>G]TG	-1	58750.0	1407296398
JG0139e	8	16275854	T:AC[T>G]TT	1	329732.0	1407626130
JG0139e	8	16308216	T:TG[T>C]TA	1	32362.0	1407658492
JG0139e	8	16585457	N:AA[C>A]GG	1	277241.0	1407935733
JG0139e	8	16788324	N:AC[T>G]TT	-1	202867.0	1408138600
JG0139e	8	16834724	N:CC[T>C]CG	-1	46400.0	1408185000
JG0139e	8	18417623	N:AC[T>G]TA	1	1582899.0	1409767899
JG0139e	8	19162850	N:GG[T>G]TT	1	745227.0	1410513126
JG0139e	8	19356456	T:TG[T>C]CC	-1	193606.0	1410706732
JG0139e	8	19537723	U:AC[T>G]TA	-1	181267.0	1410887999
JG0139e	8	20563873	N:TC[T>C]CA	-1	1026150.0	1411914149
JG0139e	8	20644401	N:AC[T>C]TA	1	80528.0	1411994677
JG0139e	8	20733236	N:AG[T>C]TC	1	88835.0	1412083512
JG0139e	8	20818246	N:AA[C>T]TA	1	85010.0	1412168522
JG0139e	8	21377080	N:CC[T>C]AG	1	558834.0	1412727356
JG0139e	8	21383702	N:GC[T>A]CT	1	6622.0	1412733978
JG0139e	8	21444576	N:TT[T>A]TC	1	60874.0	1412794852
JG0139e	8	21541325	N:TC[T>C]CA	-1	96749.0	1412891601
JG0139e	8	21629906	N:CT[T>G]TA	1	88581.0	1412980182
JG0139e	8	21915668	N:CC[T>G]TG	1	285762.0	1413265944
JG0139e	8	22665570	U:AC[T>C]CA	-1	749902.0	1414015846
JG0139e	8	22765433	T:GC[T>C]GC	1	99863.0	1414115709
JG0139e	8	23598409	N:TC[T>C]CC	-1	832976.0	1414948685
JG0139e	8	23792826	N:TT[T>G]TT	1	194417.0	1415143102
JG0139e	8	23875497	N:TC[T>C]CA	-1	82671.0	1415225773
JG0139e	8	24035958	N:TC[T>G]TA	-1	160461.0	1415386234
JG0139e	8	24209903	N:TC[T>G]TA	1	173945.0	1415560179
JG0139e	8	24239792	N:TG[T>G]TC	1	29889.0	1415590068
JG0139e	8	24708364	N:GC[T>C]GG	1	468572.0	1416058640
JG0139e	8	24786791	N:TC[T>A]TG	-1	78427.0	1416137067
JG0139e	8	25071284	N:TC[T>C]GC	-1	284493.0	1416421560
JG0139e	8	25534782	N:AA[T>G]TA	1	463498.0	1416885058
JG0139e	8	25563546	N:AC[T>G]GG	1	28764.0	1416913822
JG0139e	8	26184485	N:CC[T>A]TG	1	620939.0	1417534761
JG0139e	8	26750055	T:TC[T>A]CA	1	565570.0	1418100331
JG0139e	8	26957088	N:AC[T>G]TC	-1	207033.0	1418307364
JG0139e	8	26962571	N:AG[T>C]TG	-1	5483.0	1418312847
JG0139e	8	27049004	N:AC[T>C]TG	-1	86433.0	1418399280
JG0139e	8	27719094	N:TC[T>A]CT	-1	670090.0	1419069370
JG0139e	8	27745435	U:TG[T>A]CG	-1	26341.0	1419095711
JG0139e	8	27745436	T:GA[C>A]AT	1	1.0	1419095712
JG0139e	8	27771182	T:CG[T>G]TA	1	25746.0	1419121458
JG0139e	8	27858235	N:AC[T>A]CA	-1	87053.0	1419208511
JG0139e	8	28393094	T:GC[T>C]CG	1	534859.0	1419743370
JG0139e	8	29090533	U:AC[T>A]TG	-1	697439.0	1420440809
JG0139e	8	29168465	U:CC[T>G]CA	-1	77932.0	1420518741
JG0139e	8	29424517	N:AC[T>G]TT	1	256052.0	1420774793
JG0139e	8	30063051	U:AC[T>G]TT	-1	638534.0	1421413327
JG0139e	8	30270792	N:TG[T>C]TA	-1	207741.0	1421621068
JG0139e	8	30349324	N:CC[T>G]TG	1	78532.0	1421699600
JG0139e	8	30757750	U:AC[T>G]CA	1	408426.0	1422108026
JG0139e	8	30887592	U:AC[T>C]CC	-1	129842.0	1422237868
JG0139e	8	31567849	N:AC[T>G]TG	-1	680257.0	1422918125
JG0139e	8	32132821	U:TA[T>G]TT	1	564972.0	1423483097
JG0139e	8	32181655	U:TC[T>G]TA	1	48834.0	1423531931
JG0139e	8	32201851	T:AC[T>C]GA	-1	20196.0	1423552127
JG0139e	8	32249700	U:CC[T>G]TG	1	47849.0	1423599976
JG0139e	8	32278090	U:TC[T>C]TG	1	28390.0	1423628366
JG0139e	8	32370592	U:GC[T>G]CA	1	92502.0	1423720868
JG0139e	8	32487628	T:TC[T>A]CA	-1	117036.0	1423837904
JG0139e	8	33296904	N:AC[T>G]TA	1	809276.0	1424647180
JG0139e	8	33483108	N:TG[T>G]TG	1	186204.0	1424833384
JG0139e	8	33503998	U:AG[T>G]CA	-1	20890.0	1424854274
JG0139e	8	33777578	N:AC[T>A]AC	1	273580.0	1425127854
JG0139e	8	34000417	N:GC[T>C]TG	1	222839.0	1425350693
JG0139e	8	34097826	N:AG[T>G]TA	-1	97409.0	1425448102
JG0139e	8	34195368	N:TT[T>G]TG	1	97542.0	1425545644
JG0139e	8	34600776	N:TA[T>G]TT	1	405408.0	1425951052
JG0139e	8	35640087	T:TC[T>G]TA	-1	1039311.0	1426990363
JG0139e	8	36342835	N:AC[T>G]GG	1	702748.0	1427693111
JG0139e	8	36453895	N:AC[T>C]GA	1	111060.0	1427804171
JG0139e	8	36665744	N:CC[T>C]CA	1	211849.0	1428016020
JG0139e	8	37111371	N:AG[T>G]TA	1	445627.0	1428461647
JG0139e	8	37136060	N:TC[T>C]CA	-1	24689.0	1428486336
JG0139e	8	37204317	N:AC[T>C]CT	1	68257.0	1428554593
JG0139e	8	37560743	N:TC[T>C]CG	1	356426.0	1428911019
JG0139e	8	37606896	N:AG[T>G]TA	-1	46153.0	1428957172
JG0139e	8	38637027	N:GC[T>G]TA	1	1030131.0	1429987303
JG0139e	8	38852184	U:TC[T>C]TA	1	215157.0	1430202460
JG0139e	8	39061480	T:TC[T>C]GA	-1	209296.0	1430411756
JG0139e	8	39657806	T:TC[T>A]TT	-1	596326.0	1431008082
JG0139e	8	39803571	T:TC[T>C]GC	1	145765.0	1431153847
JG0139e	8	40744555	T:CC[T>G]TC	1	940984.0	1432094831
JG0139e	8	41057380	N:CC[T>A]CA	1	312825.0	1432407656
JG0139e	8	41153422	N:TC[T>G]TA	1	96042.0	1432503698
JG0139e	8	41215080	N:GC[T>C]CA	-1	61658.0	1432565356
JG0139e	8	41365456	N:GG[T>C]CA	1	150376.0	1432715732
JG0139e	8	41590311	U:AC[T>C]CC	1	224855.0	1432940587
JG0139e	8	42316355	T:AC[T>G]TG	-1	726044.0	1433666631
JG0139e	8	42687225	N:TG[T>G]TA	-1	370870.0	1434037501
JG0139e	8	43236325	N:GG[T>C]CA	1	549100.0	1434586601
JG0139e	8	43404392	N:CC[T>G]TC	-1	168067.0	1434754668
JG0139e	8	43929572	N:GC[T>A]TT	1	525180.0	1435279848
JG0139e	8	46072813	N:TC[T>C]CA	-1	2143241.0	1437423089
JG0139e	8	46607079	N:AC[T>G]TG	1	534266.0	1437957355
JG0139e	8	46829513	N:GC[T>C]TG	1	222434.0	1438179789
JG0139e	8	46866536	N:CT[C>G]TT	1	37023.0	1438216812
JG0139e	8	47742082	N:GC[T>A]TG	1	875546.0	1439092358
JG0139e	8	47876840	T:AC[T>C]CT	1	134758.0	1439227116
JG0139e	8	48733667	U:TC[T>G]TA	-1	856827.0	1440083943
JG0139e	8	48805623	N:GG[T>C]TG	-1	71956.0	1440155899
JG0139e	8	48935569	N:GC[T>G]CA	-1	129946.0	1440285845
JG0139e	8	48993085	N:AC[T>C]GG	-1	57516.0	1440343361
JG0139e	8	49067240	U:CC[T>G]TT	1	74155.0	1440417516
JG0139e	8	49184712	N:AG[T>G]TG	-1	117472.0	1440534988
JG0139e	8	50421165	T:TC[T>C]TG	-1	1236453.0	1441771441
JG0139e	8	51313157	N:TG[T>C]AA	-1	891992.0	1442663433
JG0139e	8	51598502	T:TC[T>G]TT	1	285345.0	1442948778
JG0139e	8	52061245	N:TT[T>C]TA	1	462743.0	1443411521
JG0139e	8	52119060	U:CC[T>A]CA	-1	57815.0	1443469336
JG0139e	8	52294069	U:AC[T>A]CA	-1	175009.0	1443644345
JG0139e	8	52331051	T:AG[T>G]TT	1	36982.0	1443681327
JG0139e	8	52545173	U:AC[T>C]TT	-1	214122.0	1443895449
JG0139e	8	52604881	N:GC[T>G]TG	1	59708.0	1443955157
JG0139e	8	52617744	N:AA[T>G]TA	1	12863.0	1443968020
JG0139e	8	52981343	N:TC[T>G]TT	-1	363599.0	1444331619
JG0139e	8	53191992	N:AG[T>G]TA	1	210649.0	1444542268
JG0139e	8	53264916	N:AC[T>G]TG	1	72924.0	1444615192
JG0139e	8	53346647	N:GC[T>A]TG	-1	81731.0	1444696923
JG0139e	8	53420686	N:GG[T>C]TT	-1	74039.0	1444770962
JG0139e	8	53436736	N:CC[T>G]TG	-1	16050.0	1444787012
JG0139e	8	53733011	U:CC[T>G]TG	-1	296275.0	1445083287
JG0139e	8	54213112	N:AC[T>C]CG	-1	480101.0	1445563388
JG0139e	8	54300887	N:TC[T>G]TT	-1	87775.0	1445651163
JG0139e	8	54339567	N:CC[T>G]TA	-1	38680.0	1445689843
JG0139e	8	54484400	N:GC[T>C]CC	-1	144833.0	1445834676
JG0139e	8	54516843	N:TC[T>G]TT	-1	32443.0	1445867119
JG0139e	8	54586288	T:GC[T>C]GA	-1	69445.0	1445936564
JG0139e	8	54685301	T:AT[T>G]TA	-1	99013.0	1446035577
JG0139e	8	55817809	U:AC[T>C]TG	1	1132508.0	1447168085
JG0139e	8	56199057	U:TC[T>C]TG	-1	381248.0	1447549333
JG0139e	8	56282132	N:AC[T>G]GA	-1	83075.0	1447632408
JG0139e	8	56295675	N:TC[T>G]TA	1	13543.0	1447645951
JG0139e	8	56320279	U:TC[T>A]TA	-1	24604.0	1447670555
JG0139e	8	56333644	N:AC[T>C]TG	-1	13365.0	1447683920
JG0139e	8	56648936	N:AT[T>G]TT	1	315292.0	1447999212
JG0139e	8	57000844	N:CC[T>A]CC	1	351908.0	1448351120
JG0139e	8	57023950	N:GA[C>A]TT	1	23106.0	1448374226
JG0139e	8	57128229	N:AC[T>C]CA	-1	104279.0	1448478505
JG0139e	8	57175515	N:TC[T>A]TG	-1	47286.0	1448525791
JG0139e	8	57248668	N:CC[T>G]TT	-1	73153.0	1448598944
JG0139e	8	57370348	N:CA[T>G]TA	-1	121680.0	1448720624
JG0139e	8	58112631	U:AC[C>T]CC	1	742283.0	1449462907
JG0139e	8	59218793	N:TC[T>C]CT	1	1106162.0	1450569069
JG0139e	8	59361438	N:TC[T>C]CA	-1	142645.0	1450711714
JG0139e	8	59623341	N:GA[T>G]TC	1	261903.0	1450973617
JG0139e	8	59715588	N:TC[T>G]TG	1	92247.0	1451065864
JG0139e	8	60114212	N:AA[T>G]TA	1	398624.0	1451464488
JG0139e	8	60140523	N:TT[T>G]TG	1	26311.0	1451490799
JG0139e	8	60143201	N:TA[T>A]TT	-1	2678.0	1451493477
JG0139e	8	60476953	N:TC[T>G]TC	-1	333752.0	1451827229
JG0139e	8	60845770	T:AC[T>G]TA	-1	368817.0	1452196046
JG0139e	8	60917655	N:TG[T>G]TA	1	71885.0	1452267931
JG0139e	8	61150428	T:TC[T>C]GG	-1	232773.0	1452500704
JG0139e	8	61417475	T:AC[T>G]TT	-1	267047.0	1452767751
JG0139e	8	62770219	T:TC[T>A]TG	-1	1352744.0	1454120495
JG0139e	8	63318002	N:GC[T>G]TT	1	547783.0	1454668278
JG0139e	8	63944186	N:GG[T>G]CA	1	626184.0	1455294462
JG0139e	8	64821691	N:AC[T>C]CC	-1	877505.0	1456171967
JG0139e	8	65008034	N:AC[T>G]TT	1	186343.0	1456358310
JG0139e	8	65409157	N:AC[T>G]TA	-1	401123.0	1456759433
JG0139e	8	66030162	T:AC[T>C]CG	-1	621005.0	1457380438
JG0139e	8	66211219	N:AC[T>G]TG	1	181057.0	1457561495
JG0139e	8	66319697	N:AC[T>C]TA	-1	108478.0	1457669973
JG0139e	8	66425597	N:GG[T>C]TC	-1	105900.0	1457775873
JG0139e	8	66909870	T:TG[T>G]GA	-1	484273.0	1458260146
JG0139e	8	67835269	N:AC[T>A]CA	-1	925399.0	1459185545
JG0139e	8	68433699	T:AC[T>A]TC	-1	598430.0	1459783975
JG0139e	8	68574137	U:TC[T>G]TT	1	140438.0	1459924413
JG0139e	8	69421150	N:CC[T>G]TA	-1	847013.0	1460771426
JG0139e	8	69687304	U:TC[T>G]TA	-1	266154.0	1461037580
JG0139e	8	70171924	U:AC[T>C]TG	-1	484620.0	1461522200
JG0139e	8	70995673	N:TC[T>G]TT	1	823749.0	1462345949
JG0139e	8	71296624	U:AC[T>C]TT	-1	300951.0	1462646900
JG0139e	8	71586530	N:AG[T>G]TT	-1	289906.0	1462936806
JG0139e	8	73343028	N:TC[T>G]GA	1	1756498.0	1464693304
JG0139e	8	74369035	N:GG[T>G]TG	1	1026007.0	1465719311
JG0139e	8	74607229	N:TC[T>C]TA	-1	238194.0	1465957505
JG0139e	8	74753922	N:GA[T>G]TG	-1	146693.0	1466104198
JG0139e	8	75296071	N:AC[T>C]TA	-1	542149.0	1466646347
JG0139e	8	75364405	N:TG[T>A]CA	-1	68334.0	1466714681
JG0139e	8	75428458	U:CA[T>G]TA	1	64053.0	1466778734
JG0139e	8	76091583	N:AC[T>C]AC	-1	663125.0	1467441859
JG0139e	8	76227737	N:AC[T>C]TA	-1	136154.0	1467578013
JG0139e	8	76323965	N:AC[T>C]CG	1	96228.0	1467674241
JG0139e	8	76765017	U:TC[T>G]CA	1	441052.0	1468115293
JG0139e	8	77647325	N:TC[T>G]TT	1	882308.0	1468997601
JG0139e	8	78078884	N:GC[T>G]AG	1	431559.0	1469429160
JG0139e	8	79860732	N:TT[T>G]TA	1	1781848.0	1471211008
JG0139e	8	80365008	N:TC[T>C]CT	1	504276.0	1471715284
JG0139e	8	81205676	N:AG[T>G]TA	1	840668.0	1472555952
JG0139e	8	81510363	N:TC[T>G]CA	1	304687.0	1472860639
JG0139e	8	81736921	U:AT[T>G]TA	1	226558.0	1473087197
JG0139e	8	83967541	N:TT[T>G]TG	-1	2230620.0	1475317817
JG0139e	8	84075873	N:TC[T>C]TG	1	108332.0	1475426149
JG0139e	8	84124042	N:AA[T>G]TG	1	48169.0	1475474318
JG0139e	8	84287984	T:TC[T>G]TT	-1	163942.0	1475638260
JG0139e	8	84678676	T:AC[T>C]CA	-1	390692.0	1476028952
JG0139e	8	84984012	N:AC[T>G]TT	-1	305336.0	1476334288
JG0139e	8	85272382	T:AC[T>C]CA	-1	288370.0	1476622658
JG0139e	8	85579807	N:TG[T>A]TA	-1	307425.0	1476930083
JG0139e	8	87366666	U:AC[T>G]TT	1	1786859.0	1478716942
JG0139e	8	87510163	T:TC[T>C]CT	-1	143497.0	1478860439
JG0139e	8	88438291	N:GC[T>C]TA	1	928128.0	1479788567
JG0139e	8	88893961	N:AC[T>G]TG	1	455670.0	1480244237
JG0139e	8	88969199	N:TC[T>C]TG	-1	75238.0	1480319475
JG0139e	8	88969993	N:CC[T>A]TG	1	794.0	1480320269
JG0139e	8	89642009	N:GC[T>G]TG	-1	672016.0	1480992285
JG0139e	8	90055742	N:GC[T>C]TG	-1	413733.0	1481406018
JG0139e	8	90204376	N:TC[T>G]AA	1	148634.0	1481554652
JG0139e	8	90544341	N:AC[T>G]CA	1	339965.0	1481894617
JG0139e	8	90566163	N:TC[T>G]TT	1	21822.0	1481916439
JG0139e	8	91379026	T:TC[T>C]CT	-1	812863.0	1482729302
JG0139e	8	91471666	N:AC[T>G]TA	1	92640.0	1482821942
JG0139e	8	91497793	N:GA[T>G]TT	1	26127.0	1482848069
JG0139e	8	91698766	N:TG[T>G]TG	1	200973.0	1483049042
JG0139e	8	91746118	N:AC[T>C]AA	-1	47352.0	1483096394
JG0139e	8	91810175	N:CC[T>G]TA	1	64057.0	1483160451
JG0139e	8	92479791	N:CC[T>G]TG	-1	669616.0	1483830067
JG0139e	8	92644755	N:TG[T>G]AA	1	164964.0	1483995031
JG0139e	8	93583679	N:CC[T>G]TG	-1	938924.0	1484933955
JG0139e	8	93665755	N:AT[C>A]TT	1	82076.0	1485016031
JG0139e	8	94023864	N:AA[T>A]AC	-1	358109.0	1485374140
JG0139e	8	94070770	N:GC[T>C]GA	-1	46906.0	1485421046
JG0139e	8	94123398	N:TC[T>C]CA	-1	52628.0	1485473674
JG0139e	8	95323483	N:AC[T>G]CC	-1	1200085.0	1486673759
JG0139e	8	95477175	N:TT[T>G]CT	1	153692.0	1486827451
JG0139e	8	95874179	N:AC[T>G]TA	1	397004.0	1487224455
JG0139e	8	95933402	N:TC[T>G]CA	1	59223.0	1487283678
JG0139e	8	96022894	N:GA[C>G]AG	-1	89492.0	1487373170
JG0139e	8	96116639	N:GA[C>A]TA	1	93745.0	1487466915
JG0139e	8	96867274	T:CC[T>G]TC	-1	750635.0	1488217550
JG0139e	8	97638255	N:GC[T>G]TA	-1	770981.0	1488988531
JG0139e	8	98062858	N:TC[T>C]TG	-1	424603.0	1489413134
JG0139e	8	98277192	T:AC[T>G]CA	1	214334.0	1489627468
JG0139e	8	99144661	T:AC[T>C]TA	-1	867469.0	1490494937
JG0139e	8	99400890	U:TC[T>C]CG	1	256229.0	1490751166
JG0139e	8	99525269	T:GC[T>C]TT	-1	124379.0	1490875545
JG0139e	8	99552043	U:TC[T>G]TA	1	26774.0	1490902319
JG0139e	8	99607381	T:TT[C>A]TT	-1	55338.0	1490957657
JG0139e	8	99607382	T:TT[T>A]CT	-1	1.0	1490957658
JG0139e	8	100616124	T:AC[T>G]TA	1	1008742.0	1491966400
JG0139e	8	101156510	N:AC[T>C]AT	1	540386.0	1492506786
JG0139e	8	101514948	U:CC[T>G]TT	1	358438.0	1492865224
JG0139e	8	101792582	U:AG[T>C]GA	-1	277634.0	1493142858
JG0139e	8	101868746	U:GC[T>C]CT	-1	76164.0	1493219022
JG0139e	8	102044754	T:AG[T>G]TA	1	176008.0	1493395030
JG0139e	8	102099897	U:CC[C>G]GG	-1	55143.0	1493450173
JG0139e	8	102157052	N:TT[C>T]AG	1	57155.0	1493507328
JG0139e	8	102434978	N:AC[T>G]TT	1	277926.0	1493785254
JG0139e	8	103391264	N:GC[T>G]TT	-1	956286.0	1494741540
JG0139e	8	103696255	U:TC[T>G]TC	1	304991.0	1495046531
JG0139e	8	103962028	U:TC[T>A]CA	1	265773.0	1495312304
JG0139e	8	103980755	U:CC[T>G]TG	1	18727.0	1495331031
JG0139e	8	104109013	U:CA[T>G]TT	1	128258.0	1495459289
JG0139e	8	104330040	N:TC[T>C]GG	1	221027.0	1495680316
JG0139e	8	104360774	N:GC[T>G]TA	1	30734.0	1495711050
JG0139e	8	104514273	T:AC[T>A]TA	1	153499.0	1495864549
JG0139e	8	104670979	N:AC[T>G]TG	1	156706.0	1496021255
JG0139e	8	104793523	N:GC[T>G]CA	-1	122544.0	1496143799
JG0139e	8	104952328	N:AC[T>G]TT	-1	158805.0	1496302604
JG0139e	8	105015412	N:AC[T>G]TC	1	63084.0	1496365688
JG0139e	8	105154025	N:CT[C>T]CT	1	138613.0	1496504301
JG0139e	8	105352167	U:CC[T>C]TG	1	198142.0	1496702443
JG0139e	8	105561990	U:GA[T>G]TA	1	209823.0	1496912266
JG0139e	8	105848384	N:TC[T>A]TA	1	286394.0	1497198660
JG0139e	8	106361879	U:GC[T>G]TG	1	513495.0	1497712155
JG0139e	8	106502164	T:GG[T>A]TG	-1	140285.0	1497852440
JG0139e	8	106748284	T:TG[T>C]CC	-1	246120.0	1498098560
JG0139e	8	106812160	N:AC[T>G]TC	-1	63876.0	1498162436
JG0139e	8	106976200	N:GC[T>C]TG	-1	164040.0	1498326476
JG0139e	8	107355912	U:GC[T>G]TG	-1	379712.0	1498706188
JG0139e	8	107730411	N:TC[T>G]TT	1	374499.0	1499080687
JG0139e	8	107931675	U:TC[T>C]TA	-1	201264.0	1499281951
JG0139e	8	107952904	T:AC[T>G]TT	1	21229.0	1499303180
JG0139e	8	107966273	T:TG[T>G]TT	1	13369.0	1499316549
JG0139e	8	108056100	T:GC[T>G]TG	1	89827.0	1499406376
JG0139e	8	108081481	U:GC[T>C]GT	-1	25381.0	1499431757
JG0139e	8	108393720	N:GA[T>A]TT	1	312239.0	1499743996
JG0139e	8	108514506	N:AC[T>G]TT	-1	120786.0	1499864782
JG0139e	8	108603660	N:AC[T>G]TT	1	89154.0	1499953936
JG0139e	8	108730577	N:TA[T>G]TG	1	126917.0	1500080853
JG0139e	8	108771325	N:AC[T>C]CA	-1	40748.0	1500121601
JG0139e	8	108847134	N:GG[T>G]TA	1	75809.0	1500197410
JG0139e	8	109116922	T:CC[T>G]CC	-1	269788.0	1500467198
JG0139e	8	109399006	U:CC[T>G]TG	1	282084.0	1500749282
JG0139e	8	110120977	N:CC[T>C]CG	-1	721971.0	1501471253
JG0139e	8	110453712	N:TC[T>A]TG	-1	332735.0	1501803988
JG0139e	8	110654738	N:GC[T>G]TG	1	201026.0	1502005014
JG0139e	8	110744315	N:GT[T>A]TT	1	89577.0	1502094591
JG0139e	8	111107617	N:AG[T>A]CC	-1	363302.0	1502457893
JG0139e	8	111179005	N:AG[T>G]TG	-1	71388.0	1502529281
JG0139e	8	111264250	N:AC[T>C]CA	1	85245.0	1502614526
JG0139e	8	111547955	N:TT[T>G]TA	1	283705.0	1502898231
JG0139e	8	112134559	N:GC[T>G]TA	1	586604.0	1503484835
JG0139e	8	112182028	N:TC[T>G]TA	-1	47469.0	1503532304
JG0139e	8	113287166	U:TC[T>G]TA	-1	1105138.0	1504637442
JG0139e	8	115501265	T:GC[C>A]CA	1	2214099.0	1506851541
JG0139e	8	115752955	T:AC[T>C]TG	1	251690.0	1507103231
JG0139e	8	116436351	N:AC[T>G]TA	1	683396.0	1507786627
JG0139e	8	116588784	N:TC[T>C]TG	-1	152433.0	1507939060
JG0139e	8	117471280	N:CC[T>C]AT	1	882496.0	1508821556
JG0139e	8	117602659	N:CC[T>G]TC	1	131379.0	1508952935
JG0139e	8	117613920	N:AC[T>C]CA	-1	11261.0	1508964196
JG0139e	8	117730266	N:CC[T>C]TG	1	116346.0	1509080542
JG0139e	8	118310287	T:GC[T>C]TT	1	580021.0	1509660563
JG0139e	8	118457567	T:AC[T>G]TA	1	147280.0	1509807843
JG0139e	8	118576763	U:TC[T>C]TG	-1	119196.0	1509927039
JG0139e	8	118614541	T:GT[C>T]TC	1	37778.0	1509964817
JG0139e	8	118614542	T:TC[T>C]CA	1	1.0	1509964818
JG0139e	8	118626633	N:TC[T>A]TG	-1	12091.0	1509976909
JG0139e	8	118746409	N:TC[T>G]TA	1	119776.0	1510096685
JG0139e	8	118765513	N:CC[T>G]TG	1	19104.0	1510115789
JG0139e	8	118907496	N:AC[T>C]TG	1	141983.0	1510257772
JG0139e	8	119260981	N:GC[T>C]CA	1	353485.0	1510611257
JG0139e	8	119283010	N:TC[T>G]CA	1	22029.0	1510633286
JG0139e	8	119299639	N:AC[T>G]TG	1	16629.0	1510649915
JG0139e	8	119384828	N:AC[T>G]CA	1	85189.0	1510735104
JG0139e	8	119393253	N:AG[T>G]TA	1	8425.0	1510743529
JG0139e	8	119419510	U:TC[T>G]TT	1	26257.0	1510769786
JG0139e	8	119873435	N:AC[T>G]TG	1	453925.0	1511223711
JG0139e	8	120318278	T:TC[T>C]CT	-1	444843.0	1511668554
JG0139e	8	120612621	T:TC[T>G]CA	1	294343.0	1511962897
JG0139e	8	120667620	U:AC[T>G]TT	-1	54999.0	1512017896
JG0139e	8	120906779	N:AC[T>C]TG	1	239159.0	1512257055
JG0139e	8	121164492	N:TC[T>G]TT	1	257713.0	1512514768
JG0139e	8	121287305	N:AA[T>G]TT	1	122813.0	1512637581
JG0139e	8	121504686	N:GC[T>G]TA	1	217381.0	1512854962
JG0139e	8	122338912	N:TC[T>C]GC	-1	834226.0	1513689188
JG0139e	8	122426533	N:GA[T>A]TA	-1	87621.0	1513776809
JG0139e	8	122528947	N:CC[T>G]CA	-1	102414.0	1513879223
JG0139e	8	122917163	U:GG[T>G]TT	1	388216.0	1514267439
JG0139e	8	123056328	T:AC[T>A]CA	-1	139165.0	1514406604
JG0139e	8	123343911	U:AC[T>G]TG	-1	287583.0	1514694187
JG0139e	8	123805795	T:TC[T>C]TT	-1	461884.0	1515156071
JG0139e	8	123947962	T:AC[T>A]CA	-1	142167.0	1515298238
JG0139e	8	123950905	U:TG[T>A]TC	1	2943.0	1515301181
JG0139e	8	124527424	U:CC[T>A]TT	-1	576519.0	1515877700
JG0139e	8	124871627	N:TC[T>C]CA	-1	344203.0	1516221903
JG0139e	8	125726962	N:AC[T>A]TG	-1	855335.0	1517077238
JG0139e	8	125742016	N:TC[T>C]TA	1	15054.0	1517092292
JG0139e	8	126235233	N:GC[T>G]TG	1	493217.0	1517585509
JG0139e	8	126256839	N:TA[T>A]TG	-1	21606.0	1517607115
JG0139e	8	126682899	N:TC[T>G]TA	1	426060.0	1518033175
JG0139e	8	127262051	N:GC[T>A]TA	1	579152.0	1518612327
JG0139e	8	127393603	T:AC[T>C]GC	-1	131552.0	1518743879
JG0139e	8	127580397	N:AC[T>G]TA	-1	186794.0	1518930673
JG0139e	8	127909615	N:TC[T>C]TA	-1	329218.0	1519259891
JG0139e	8	127962075	N:GC[T>A]TG	-1	52460.0	1519312351
JG0139e	8	128217065	N:AC[T>C]CT	-1	254990.0	1519567341
JG0139e	8	128526930	N:CG[T>C]GA	1	309865.0	1519877206
JG0139e	8	128616563	N:GA[T>G]TG	1	89633.0	1519966839
JG0139e	8	128667240	N:AC[T>G]TC	1	50677.0	1520017516
JG0139e	8	128727341	N:TG[T>C]TA	-1	60101.0	1520077617
JG0139e	8	128795288	N:AC[T>G]TA	-1	67947.0	1520145564
JG0139e	8	129525424	N:TC[T>G]TC	-1	730136.0	1520875700
JG0139e	8	129742767	N:AC[T>G]TG	1	217343.0	1521093043
JG0139e	8	130727031	N:TC[T>C]TA	-1	984264.0	1522077307
JG0139e	8	130782541	T:TG[T>G]CA	1	55510.0	1522132817
JG0139e	8	130788036	T:TG[T>C]TA	1	5495.0	1522138312
JG0139e	8	130815590	T:AG[T>G]TA	1	27554.0	1522165866
JG0139e	8	130911394	T:TA[T>C]GA	1	95804.0	1522261670
JG0139e	8	131000405	U:GC[T>C]CG	-1	89011.0	1522350681
JG0139e	8	131139235	N:TG[T>G]TA	1	138830.0	1522489511
JG0139e	8	131170236	N:TT[T>G]TA	1	31001.0	1522520512
JG0139e	8	131332397	N:AC[T>C]TG	1	162161.0	1522682673
JG0139e	8	131373029	N:TT[T>A]CA	-1	40632.0	1522723305
JG0139e	8	131692793	N:AT[T>A]TA	1	319764.0	1523043069
JG0139e	8	131740971	N:AC[T>G]CC	1	48178.0	1523091247
JG0139e	8	131768145	N:AT[T>G]TC	1	27174.0	1523118421
JG0139e	8	131769774	N:AC[T>C]TA	1	1629.0	1523120050
JG0139e	8	131810826	N:GA[T>G]TA	1	41052.0	1523161102
JG0139e	8	131837769	N:AG[T>G]TG	1	26943.0	1523188045
JG0139e	8	131850110	N:GG[T>C]TG	1	12341.0	1523200386
JG0139e	8	132320909	T:CC[T>G]TA	1	470799.0	1523671185
JG0139e	8	132465384	T:GC[T>C]TG	1	144475.0	1523815660
JG0139e	8	132927743	U:AC[T>C]GA	1	462359.0	1524278019
JG0139e	8	133208655	U:AC[T>C]TG	1	280912.0	1524558931
JG0139e	8	133253647	U:TG[T>G]TT	-1	44992.0	1524603923
JG0139e	8	133639846	N:TG[T>C]GA	1	386199.0	1524990122
JG0139e	8	133822767	N:GC[T>G]TA	-1	182921.0	1525173043
JG0139e	8	133852942	N:AC[T>G]AA	1	30175.0	1525203218
JG0139e	8	133928750	N:GC[T>G]TT	1	75808.0	1525279026
JG0139e	8	134083140	N:TG[T>C]TA	1	154390.0	1525433416
JG0139e	8	134246769	N:TG[T>G]TG	-1	163629.0	1525597045
JG0139e	8	134260544	N:GA[T>G]TG	1	13775.0	1525610820
JG0139e	8	134360729	N:AC[T>C]GG	1	100185.0	1525711005
JG0139e	8	134378996	N:TC[T>C]CA	1	18267.0	1525729272
JG0139e	8	134582492	T:GC[T>A]TA	1	203496.0	1525932768
JG0139e	8	134704330	T:GC[T>A]GC	1	121838.0	1526054606
JG0139e	8	134926523	N:TT[T>G]TC	1	222193.0	1526276799
JG0139e	8	135138205	N:AC[T>C]CA	1	211682.0	1526488481
JG0139e	8	135222626	N:GC[T>G]TT	-1	84421.0	1526572902
JG0139e	8	135383793	N:TC[T>A]CA	1	161167.0	1526734069
JG0139e	8	135501482	U:AC[T>C]TA	1	117689.0	1526851758
JG0139e	8	135527919	U:AC[T>G]TA	1	26437.0	1526878195
JG0139e	8	135737629	N:GC[T>C]TC	1	209710.0	1527087905
JG0139e	8	135778006	N:TA[T>G]TA	1	40377.0	1527128282
JG0139e	8	136088203	N:GC[T>G]TC	1	310197.0	1527438479
JG0139e	8	136469930	N:CC[T>C]TA	1	381727.0	1527820206
JG0139e	8	136971695	N:GC[T>G]CT	1	501765.0	1528321971
JG0139e	8	137279380	N:CC[T>G]TT	1	307685.0	1528629656
JG0139e	8	137789685	N:AC[T>G]TA	1	510305.0	1529139961
JG0139e	8	138670313	T:CC[T>G]CC	1	880628.0	1530020589
JG0139e	8	138953035	N:GG[T>G]TA	1	282722.0	1530303311
JG0139e	8	139267899	N:CC[T>G]TG	1	314864.0	1530618175
JG0139e	8	139297485	N:AC[T>C]TT	1	29586.0	1530647761
JG0139e	8	139342025	N:TC[T>A]CA	1	44540.0	1530692301
JG0139e	8	139429521	N:AC[T>G]TA	-1	87496.0	1530779797
JG0139e	8	139506502	N:AC[T>G]GA	1	76981.0	1530856778
JG0139e	8	139564291	N:TC[T>G]TA	1	57789.0	1530914567
JG0139e	8	139589444	N:AA[T>G]TT	1	25153.0	1530939720
JG0139e	8	140059651	T:AC[T>G]TG	1	470207.0	1531409927
JG0139e	8	141184550	T:TC[T>C]TG	-1	1124899.0	1532534826
JG0139e	8	141288948	U:AC[T>G]CA	-1	104398.0	1532639224
JG0139e	8	141591364	N:CC[T>C]CA	-1	302416.0	1532941640
JG0139e	8	141676713	N:CC[T>G]TC	1	85349.0	1533026989
JG0139e	8	141790730	N:CC[T>G]CA	-1	114017.0	1533141006
JG0139e	8	143176330	N:TC[T>G]TA	1	1385600.0	1534526606
JG0139e	8	144356761	B:AC[T>C]GC	-1	1180431.0	1535707037
JG0139e	8	145008291	N:GG[T>G]TG	1	651530.0	1536358567
JG0139e	9	1993940	U:CT[T>C]TT	1		1538482852
JG0139e	9	2008348	U:GC[T>G]TA	1	14408.0	1538497260
JG0139e	9	2087780	T:AA[T>C]TT	-1	79432.0	1538576692
JG0139e	9	3566416	N:AC[T>A]GG	1	1478636.0	1540055328
JG0139e	9	3791231	N:TC[T>G]TC	1	224815.0	1540280143
JG0139e	9	5476542	N:AC[T>C]TC	1	1685311.0	1541965454
JG0139e	9	5779494	N:TC[T>G]TT	1	302952.0	1542268406
JG0139e	9	5840985	N:AC[T>A]TG	1	61491.0	1542329897
JG0139e	9	6370923	N:AG[T>C]CA	1	529938.0	1542859835
JG0139e	9	6586778	T:AC[T>G]TA	1	215855.0	1543075690
JG0139e	9	7499269	N:AC[T>G]TG	1	912491.0	1543988181
JG0139e	9	8293684	N:TC[T>A]CA	1	794415.0	1544782596
JG0139e	9	11159468	N:CT[T>G]TA	1	2865784.0	1547648380
JG0139e	9	12102822	N:GA[C>A]TG	-1	943354.0	1548591734
JG0139e	9	12133986	N:TC[T>G]TG	1	31164.0	1548622898
JG0139e	9	13056403	N:AC[T>C]TG	1	922417.0	1549545315
JG0139e	9	13327371	N:AG[T>G]TA	1	270968.0	1549816283
JG0139e	9	15075690	N:TG[T>G]TC	1	1748319.0	1551564602
JG0139e	9	15392194	N:AG[C>A]CT	-1	316504.0	1551881106
JG0139e	9	15716737	T:AG[T>C]CA	-1	324543.0	1552205649
JG0139e	9	15772179	T:TC[T>G]TA	-1	55442.0	1552261091
JG0139e	9	16366689	N:TC[T>A]CT	1	594510.0	1552855601
JG0139e	9	16939658	N:AC[T>C]TG	1	572969.0	1553428570
JG0139e	9	17262111	U:AC[T>A]TT	1	322453.0	1553751023
JG0139e	9	18959175	U:TC[T>G]TG	-1	1697064.0	1555448087
JG0139e	9	19073754	U:GC[T>G]TT	-1	114579.0	1555562666
JG0139e	9	19587343	U:GG[C>A]AA	-1	513589.0	1556076255
JG0139e	9	20598212	U:TC[T>C]TT	-1	1010869.0	1557087124
JG0139e	9	20706159	U:AC[T>C]CT	1	107947.0	1557195071
JG0139e	9	21133080	N:AC[T>G]TG	1	426921.0	1557621992
JG0139e	9	21303475	N:AA[T>G]TA	1	170395.0	1557792387
JG0139e	9	21556925	N:AC[T>G]TA	1	253450.0	1558045837
JG0139e	9	21999556	N:GA[T>G]TT	1	442631.0	1558488468
JG0139e	9	22145721	N:AC[T>G]CA	-1	146165.0	1558634633
JG0139e	9	24342034	N:GC[T>C]CA	-1	2196313.0	1560830946
JG0139e	9	27280042	N:GC[T>G]TA	1	2938008.0	1563768954
JG0139e	9	27319374	N:AC[T>A]GG	-1	39332.0	1563808286
JG0139e	9	28295525	U:AG[T>C]CT	-1	976151.0	1564784437
JG0139e	9	28397792	T:AC[T>G]TG	1	102267.0	1564886704
JG0139e	9	29161296	N:TT[C>A]AC	1	763504.0	1565650208
JG0139e	9	29856347	N:AC[T>C]TA	1	695051.0	1566345259
JG0139e	9	30113580	N:AC[T>G]TT	-1	257233.0	1566602492
JG0139e	9	31076149	N:TC[T>A]TG	1	962569.0	1567565061
JG0139e	9	31523301	N:GC[T>G]TC	1	447152.0	1568012213
JG0139e	9	32735422	N:TG[T>G]CA	1	1212121.0	1569224334
JG0139e	9	33132811	T:TC[T>G]TC	1	397389.0	1569621723
JG0139e	9	33205892	N:CC[T>G]CA	1	73081.0	1569694804
JG0139e	9	33381241	N:AC[T>C]GC	1	175349.0	1569870153
JG0139e	9	34984022	N:AC[T>A]GA	-1	1602781.0	1571472934
JG0139e	9	35054017	N:AC[T>G]TA	-1	69995.0	1571542929
JG0139e	9	35091726	U:CA[T>G]TG	-1	37709.0	1571580638
JG0139e	9	35305098	U:AA[T>G]TA	1	213372.0	1571794010
JG0139e	9	35330596	U:GC[T>C]GA	1	25498.0	1571819508
JG0139e	9	35932227	N:GC[T>G]TG	1	601631.0	1572421139
JG0139e	9	35959653	N:AC[T>A]TG	1	27426.0	1572448565
JG0139e	9	36410692	N:TC[T>A]TT	1	451039.0	1572899604
JG0139e	9	37660571	T:AC[T>C]TT	-1	1249879.0	1574149483
JG0139e	9	38105775	N:GG[T>A]GC	-1	445204.0	1574594687
JG0139e	9	38391019	N:AC[T>G]TA	-1	285244.0	1574879931
JG0139e	9	43030831	N:AC[T>C]CC	-1	4639812.0	1579519743
JG0139e	9	68677149	N:TC[T>A]CA	-1	25646318.0	1605166061
JG0139e	9	68697999	N:CC[T>C]AC	-1	20850.0	1605186911
JG0139e	9	68708769	U:TC[T>G]TC	1	10770.0	1605197681
JG0139e	9	69413197	N:GA[C>A]CA	-1	704428.0	1605902109
JG0139e	9	69413198	N:GG[T>A]CC	1	1.0	1605902110
JG0139e	9	69713183	U:AG[T>G]TT	-1	299985.0	1606202095
JG0139e	9	73485255	N:AC[T>C]TG	-1	3772072.0	1609974167
JG0139e	9	73531556	N:TC[T>G]TT	-1	46301.0	1610020468
JG0139e	9	73569573	N:TC[T>C]TG	-1	38017.0	1610058485
JG0139e	9	73690437	N:TC[T>C]GC	1	120864.0	1610179349
JG0139e	9	73778600	N:TC[T>G]TT	1	88163.0	1610267512
JG0139e	9	73930639	N:TG[T>C]TG	-1	152039.0	1610419551
JG0139e	9	74171775	N:AG[C>A]AA	1	241136.0	1610660687
JG0139e	9	74326444	N:AG[C>A]AA	1	154669.0	1610815356
JG0139e	9	74880123	U:TC[T>C]CC	-1	553679.0	1611369035
JG0139e	9	75265672	N:AG[C>A]AT	1	385549.0	1611754584
JG0139e	9	75349451	N:TC[T>G]GA	1	83779.0	1611838363
JG0139e	9	75702566	N:AC[T>C]TG	1	353115.0	1612191478
JG0139e	9	76259873	U:CC[T>A]CA	1	557307.0	1612748785
JG0139e	9	76266768	U:GC[T>C]TT	1	6895.0	1612755680
JG0139e	9	76619414	U:AC[T>C]GC	-1	352646.0	1613108326
JG0139e	9	76878338	U:TC[T>C]TG	-1	258924.0	1613367250
JG0139e	9	77592997	T:AA[T>G]TA	1	714659.0	1614081909
JG0139e	9	77617536	T:TC[T>C]CA	1	24539.0	1614106448
JG0139e	9	77949542	T:CC[T>G]TG	1	332006.0	1614438454
JG0139e	9	78225057	N:GT[T>G]TA	1	275515.0	1614713969
JG0139e	9	78618750	N:TC[T>A]GG	1	393693.0	1615107662
JG0139e	9	79172268	N:TA[C>A]AA	1	553518.0	1615661180
JG0139e	9	79296160	N:CA[T>G]CT	1	123892.0	1615785072
JG0139e	9	81193263	N:AT[T>G]TT	-1	1897103.0	1617682175
JG0139e	9	82843749	N:GG[C>A]AA	1	1650486.0	1619332661
JG0139e	9	83261197	T:CC[T>A]CT	1	417448.0	1619750109
JG0139e	9	83303909	T:TC[T>C]CA	1	42712.0	1619792821
JG0139e	9	83307110	T:TC[T>C]TC	1	3201.0	1619796022
JG0139e	9	83387886	U:TC[T>A]TA	-1	80776.0	1619876798
JG0139e	9	84471599	N:CC[T>C]CT	1	1083713.0	1620960511
JG0139e	9	84760468	T:AC[T>C]AA	-1	288869.0	1621249380
JG0139e	9	85342889	N:AC[T>C]TC	-1	582421.0	1621831801
JG0139e	9	86549147	N:TC[T>C]TT	-1	1206258.0	1623038059
JG0139e	9	86828805	N:TC[T>G]TA	1	279658.0	1623317717
JG0139e	9	86845119	N:AA[T>G]TG	1	16314.0	1623334031
JG0139e	9	86867947	N:GC[T>C]GT	1	22828.0	1623356859
JG0139e	9	87124457	N:AA[T>G]TT	1	256510.0	1623613369
JG0139e	9	87374538	N:AC[T>C]TA	1	250081.0	1623863450
JG0139e	9	87708997	N:TC[T>G]TT	-1	334459.0	1624197909
JG0139e	9	88167656	N:TC[T>C]GA	-1	458659.0	1624656568
JG0139e	9	88177769	N:TC[T>A]CG	1	10113.0	1624666681
JG0139e	9	88586401	N:AT[T>G]TA	1	408632.0	1625075313
JG0139e	9	88787182	N:GA[T>G]TA	-1	200781.0	1625276094
JG0139e	9	88808197	N:AC[T>C]GT	1	21015.0	1625297109
JG0139e	9	88848491	N:AG[T>C]GC	1	40294.0	1625337403
JG0139e	9	89686174	N:AG[T>G]TA	1	837683.0	1626175086
JG0139e	9	89713395	N:TC[T>G]TG	1	27221.0	1626202307
JG0139e	9	89978051	N:CA[T>C]AT	1	264656.0	1626466963
JG0139e	9	90043197	N:TG[T>G]TA	1	65146.0	1626532109
JG0139e	9	90310919	N:GG[T>G]TT	1	267722.0	1626799831
JG0139e	9	90508975	N:TT[T>G]TA	1	198056.0	1626997887
JG0139e	9	90927630	N:AC[T>C]CA	1	418655.0	1627416542
JG0139e	9	91746555	T:AC[T>C]TG	1	818925.0	1628235467
JG0139e	9	92719311	T:CC[T>C]CA	1	972756.0	1629208223
JG0139e	9	94150244	N:TC[T>C]CA	1	1430933.0	1630639156
JG0139e	9	94950352	U:AC[T>C]CA	1	800108.0	1631439264
JG0139e	9	95085614	T:GC[T>C]GA	-1	135262.0	1631574526
JG0139e	9	95163062	T:AG[T>C]TT	1	77448.0	1631651974
JG0139e	9	95176576	T:GC[T>C]TA	1	13514.0	1631665488
JG0139e	9	97358357	T:AC[T>C]TG	-1	2181781.0	1633847269
JG0139e	9	97946637	N:GA[T>G]CT	-1	588280.0	1634435549
JG0139e	9	98672722	T:TC[T>C]TT	1	726085.0	1635161634
JG0139e	9	98854612	N:CC[T>G]TA	1	181890.0	1635343524
JG0139e	9	99445330	N:AA[C>G]CA	-1	590718.0	1635934242
JG0139e	9	99479018	N:TG[T>C]GG	-1	33688.0	1635967930
JG0139e	9	99790325	N:GC[T>C]TC	1	311307.0	1636279237
JG0139e	9	99981459	U:GG[T>A]CA	-1	191134.0	1636470371
JG0139e	9	100155128	U:GC[T>G]TG	1	173669.0	1636644040
JG0139e	9	100614135	N:CC[T>G]TG	-1	459007.0	1637103047
JG0139e	9	100621173	N:TG[T>G]TA	1	7038.0	1637110085
JG0139e	9	100861389	N:AG[T>G]TC	1	240216.0	1637350301
JG0139e	9	100885016	N:TC[T>C]CA	1	23627.0	1637373928
JG0139e	9	101327228	N:AC[T>G]CC	-1	442212.0	1637816140
JG0139e	9	101329898	N:TC[T>G]TG	1	2670.0	1637818810
JG0139e	9	102475014	N:CC[T>A]CG	-1	1145116.0	1638963926
JG0139e	9	102535346	N:CC[T>G]TT	1	60332.0	1639024258
JG0139e	9	102639019	N:AC[T>G]TT	1	103673.0	1639127931
JG0139e	9	103544700	N:GC[T>G]TT	-1	905681.0	1640033612
JG0139e	9	103569004	N:AG[T>C]CG	1	24304.0	1640057916
JG0139e	9	103872701	N:AT[T>G]TA	1	303697.0	1640361613
JG0139e	9	104256806	N:GG[T>G]TA	1	384105.0	1640745718
JG0139e	9	105173184	N:GC[T>C]CA	1	916378.0	1641662096
JG0139e	9	106192449	N:TT[T>G]TT	1	1019265.0	1642681361
JG0139e	9	107430860	N:AG[T>C]TT	1	1238411.0	1643919772
JG0139e	9	108009920	N:AC[T>C]CT	1	579060.0	1644498832
JG0139e	9	108596216	N:AC[T>G]TA	1	586296.0	1645085128
JG0139e	9	108836391	N:GC[T>C]GC	1	240175.0	1645325303
JG0139e	9	108957750	T:TC[T>C]TA	1	121359.0	1645446662
JG0139e	9	109185126	U:TC[T>G]TC	-1	227376.0	1645674038
JG0139e	9	109357795	N:GT[T>A]AC	1	172669.0	1645846707
JG0139e	9	109361728	N:AT[T>G]TT	1	3933.0	1645850640
JG0139e	9	109586651	N:AC[T>A]TT	1	224923.0	1646075563
JG0139e	9	109791756	U:GC[T>C]CA	1	205105.0	1646280668
JG0139e	9	110443729	U:TC[T>C]CT	-1	651973.0	1646932641
JG0139e	9	110452534	U:GC[T>G]TG	-1	8805.0	1646941446
JG0139e	9	110651054	N:AC[T>G]TA	1	198520.0	1647139966
JG0139e	9	110826298	N:AC[T>G]TC	-1	175244.0	1647315210
JG0139e	9	110981863	T:AC[T>G]TA	1	155565.0	1647470775
JG0139e	9	111056895	N:TC[T>A]TG	1	75032.0	1647545807
JG0139e	9	111216867	N:TG[T>G]TA	1	159972.0	1647705779
JG0139e	9	111322176	N:AC[T>G]TA	1	105309.0	1647811088
JG0139e	9	111331214	N:TC[T>C]TA	1	9038.0	1647820126
JG0139e	9	111490330	N:CC[T>G]TT	1	159116.0	1647979242
JG0139e	9	111795029	N:AC[T>G]TC	1	304699.0	1648283941
JG0139e	9	112692961	T:AC[T>G]CA	1	897932.0	1649181873
JG0139e	9	112915065	N:AG[T>G]CT	1	222104.0	1649403977
JG0139e	9	112944108	N:TG[T>C]TG	-1	29043.0	1649433020
JG0139e	9	113159806	T:CC[T>C]GA	-1	215698.0	1649648718
JG0139e	9	113183475	U:GT[T>G]TC	-1	23669.0	1649672387
JG0139e	9	113983026	U:TC[T>A]TG	1	799551.0	1650471938
JG0139e	9	114845944	N:AC[T>C]TG	1	862918.0	1651334856
JG0139e	9	115002859	N:GC[T>C]GA	1	156915.0	1651491771
JG0139e	9	115054572	U:CT[C>A]AA	-1	51713.0	1651543484
JG0139e	9	115507681	N:AG[T>A]CT	1	453109.0	1651996593
JG0139e	9	115790411	N:TC[T>C]AT	-1	282730.0	1652279323
JG0139e	9	115935562	N:AA[C>A]TA	1	145151.0	1652424474
JG0139e	9	115939478	N:AC[T>A]CA	-1	3916.0	1652428390
JG0139e	9	116169695	T:GA[T>A]TG	-1	230217.0	1652658607
JG0139e	9	116421548	N:TC[T>C]CT	1	251853.0	1652910460
JG0139e	9	116501094	U:CC[T>C]TA	-1	79546.0	1652990006
JG0139e	9	116591094	T:GG[T>G]TG	1	90000.0	1653080006
JG0139e	9	116876283	U:TC[T>G]TC	-1	285189.0	1653365195
JG0139e	9	117014043	T:TC[T>G]TT	1	137760.0	1653502955
JG0139e	9	117668898	N:AC[T>G]TA	1	654855.0	1654157810
JG0139e	9	117905602	N:AC[T>G]TA	1	236704.0	1654394514
JG0139e	9	118440964	N:TC[T>C]AA	1	535362.0	1654929876
JG0139e	9	119914537	N:AT[T>G]TA	1	1473573.0	1656403449
JG0139e	9	119963752	N:GG[T>C]TT	-1	49215.0	1656452664
JG0139e	9	120080167	N:TT[T>G]TA	-1	116415.0	1656569079
JG0139e	9	120111698	N:TC[T>C]TG	-1	31531.0	1656600610
JG0139e	9	121746155	T:GC[T>G]TC	-1	1634457.0	1658235067
JG0139e	9	122393159	T:TC[T>G]TA	-1	647004.0	1658882071
JG0139e	9	122829400	N:TC[T>G]CC	1	436241.0	1659318312
JG0139e	9	123315096	N:TC[T>G]CA	1	485696.0	1659804008
JG0139e	9	123889966	T:AC[T>G]CC	1	574870.0	1660378878
JG0139e	9	123943570	N:GC[T>A]TG	-1	53604.0	1660432482
JG0139e	9	124174049	N:TC[T>C]TG	1	230479.0	1660662961
JG0139e	9	124795778	T:TC[T>C]TA	-1	621729.0	1661284690
JG0139e	9	125110607	T:TC[T>A]GG	1	314829.0	1661599519
JG0139e	9	125168327	T:AC[T>C]CA	1	57720.0	1661657239
JG0139e	9	125241608	N:TG[T>C]CT	1	73281.0	1661730520
JG0139e	9	125681667	U:CC[T>G]TG	-1	440059.0	1662170579
JG0139e	9	125811528	U:TC[T>A]TG	1	129861.0	1662300440
JG0139e	9	125833700	U:AC[T>G]TT	1	22172.0	1662322612
JG0139e	9	125970372	N:TC[T>C]CC	1	136672.0	1662459284
JG0139e	9	126101189	N:GC[C>T]TA	-1	130817.0	1662590101
JG0139e	9	127051960	T:CC[T>A]TG	-1	950771.0	1663540872
JG0139e	9	127348139	U:AC[T>G]TG	1	296179.0	1663837051
JG0139e	9	127361102	U:GC[T>C]GA	1	12963.0	1663850014
JG0139e	9	127694396	B:AC[T>A]CC	-1	333294.0	1664183308
JG0139e	9	128177026	T:CC[T>G]CC	1	482630.0	1664665938
JG0139e	9	128478857	T:AC[T>G]CG	-1	301831.0	1664967769
JG0139e	9	128509294	U:TC[T>G]TA	1	30437.0	1664998206
JG0139e	9	128571886	U:TC[T>C]TG	1	62592.0	1665060798
JG0139e	9	129408546	N:TC[T>G]TA	-1	836660.0	1665897458
JG0139e	9	129654428	N:TC[T>C]TT	1	245882.0	1666143340
JG0139e	9	130382145	U:TC[T>C]CG	1	727717.0	1666871057
JG0139e	9	130571952	N:CC[T>A]CA	1	189807.0	1667060864
JG0139e	9	130687964	N:AC[T>C]CA	-1	116012.0	1667176876
JG0139e	9	130699298	U:GC[T>G]TA	1	11334.0	1667188210
JG0139e	9	130699621	U:AC[T>G]TA	1	323.0	1667188533
JG0139e	9	130724390	U:TC[T>G]TA	1	24769.0	1667213302
JG0139e	9	131681806	U:AC[T>G]TG	-1	957416.0	1668170718
JG0139e	9	131935173	U:AG[T>G]CA	-1	253367.0	1668424085
JG0139e	9	132346007	U:TC[T>G]TG	-1	410834.0	1668834919
JG0139e	9	132896752	U:GC[T>C]TG	-1	550745.0	1669385664
JG0139e	9	133759973	N:TC[T>G]CC	1	863221.0	1670248885
JG0139e	9	134271770	N:AC[T>C]GA	-1	511797.0	1670760682
JG0139e	9	134355810	T:AA[T>G]TC	-1	84040.0	1670844722
JG0139e	9	134632298	N:GC[T>G]CA	-1	276488.0	1671121210
JG0139e	9	134732025	T:AG[T>C]GA	-1	99727.0	1671220937
JG0139e	9	134786402	T:CC[T>A]CC	-1	54377.0	1671275314
JG0139e	9	135586257	N:AC[T>G]TG	-1	799855.0	1672075169
JG0139e	9	137652491	T:AA[T>G]TG	-1	2066234.0	1674141403
JG0139e	10	3387679	N:AA[T>G]TT	-1		1678271308
JG0139e	10	4133323	N:AC[T>G]TG	-1	745644.0	1679016952
JG0139e	10	6820072	N:GA[T>A]CA	-1	2686749.0	1681703701
JG0139e	10	8007928	T:AC[T>G]TG	-1	1187856.0	1682891557
JG0139e	10	8213175	N:GC[T>C]CT	-1	205247.0	1683096804
JG0139e	10	8394688	N:TT[T>A]TG	-1	181513.0	1683278317
JG0139e	10	8416312	N:GC[T>C]TA	-1	21624.0	1683299941
JG0139e	10	9258384	N:TC[T>G]AA	-1	842072.0	1684142013
JG0139e	10	9581030	N:AC[T>C]TA	-1	322646.0	1684464659
JG0139e	10	9778493	N:TC[T>C]GC	-1	197463.0	1684662122
JG0139e	10	9964830	N:AG[C>A]AA	1	186337.0	1684848459
JG0139e	10	10175550	N:AC[C>G]TC	1	210720.0	1685059179
JG0139e	10	10461581	N:TT[T>G]TC	1	286031.0	1685345210
JG0139e	10	10533867	N:AC[T>C]TC	-1	72286.0	1685417496
JG0139e	10	11291216	U:GC[T>G]TC	1	757349.0	1686174845
JG0139e	10	11333487	U:GC[T>G]TG	1	42271.0	1686217116
JG0139e	10	11408445	N:CC[T>G]TC	-1	74958.0	1686292074
JG0139e	10	11880985	N:AC[T>G]GC	1	472540.0	1686764614
JG0139e	10	12398923	T:AC[T>C]CA	-1	517938.0	1687282552
JG0139e	10	13622640	T:TC[T>C]TT	-1	1223717.0	1688506269
JG0139e	10	13734974	U:AC[T>C]TG	-1	112334.0	1688618603
JG0139e	10	14598512	T:AC[T>C]TG	1	863538.0	1689482141
JG0139e	10	16351482	N:CC[T>G]CA	1	1752970.0	1691235111
JG0139e	10	16480446	U:CC[T>G]CA	1	128964.0	1691364075
JG0139e	10	16857220	T:AG[T>G]TG	1	376774.0	1691740849
JG0139e	10	17148336	U:GC[T>C]TG	-1	291116.0	1692031965
JG0139e	10	17370861	T:AC[T>C]TT	1	222525.0	1692254490
JG0139e	10	17478868	N:AC[T>G]TC	-1	108007.0	1692362497
JG0139e	10	18432554	U:GC[T>G]GG	1	953686.0	1693316183
JG0139e	10	18790153	N:AT[T>G]CT	1	357599.0	1693673782
JG0139e	10	18798013	N:AG[T>C]AG	-1	7860.0	1693681642
JG0139e	10	19177129	T:AA[T>G]TT	-1	379116.0	1694060758
JG0139e	10	19879399	U:TT[T>C]TA	1	702270.0	1694763028
JG0139e	10	20139322	U:AC[T>A]TG	1	259923.0	1695022951
JG0139e	10	20323790	N:TC[T>G]TT	-1	184468.0	1695207419
JG0139e	10	20586324	N:TG[T>G]TT	1	262534.0	1695469953
JG0139e	10	20821932	T:AC[T>C]CA	1	235608.0	1695705561
JG0139e	10	21682827	T:TC[T>G]TC	-1	860895.0	1696566456
JG0139e	10	21709398	T:AC[T>G]TA	-1	26571.0	1696593027
JG0139e	10	22896835	N:AT[C>G]AA	1	1187437.0	1697780464
JG0139e	10	22897076	N:GC[T>G]CA	1	241.0	1697780705
JG0139e	10	23035075	T:TC[T>G]TG	-1	137999.0	1697918704
JG0139e	10	23087274	N:CC[T>G]CA	-1	52199.0	1697970903
JG0139e	10	23222585	U:GC[T>C]TT	-1	135311.0	1698106214
JG0139e	10	23514481	N:TC[T>G]TT	1	291896.0	1698398110
JG0139e	10	23657789	N:TA[T>G]TA	1	143308.0	1698541418
JG0139e	10	23689874	N:AA[T>G]TA	1	32085.0	1698573503
JG0139e	10	23695355	T:TC[T>A]CC	-1	5481.0	1698578984
JG0139e	10	23793660	U:AT[T>C]TT	1	98305.0	1698677289
JG0139e	10	23824261	U:AG[T>G]TA	1	30601.0	1698707890
JG0139e	10	23941572	U:AG[T>G]GA	1	117311.0	1698825201
JG0139e	10	23964456	U:TG[T>G]TG	1	22884.0	1698848085
JG0139e	10	24171064	U:GC[T>G]TA	1	206608.0	1699054693
JG0139e	10	24186684	T:AC[T>C]CC	-1	15620.0	1699070313
JG0139e	10	24480077	U:TC[T>A]AC	1	293393.0	1699363706
JG0139e	10	24679445	U:GG[T>G]GA	-1	199368.0	1699563074
JG0139e	10	24733334	N:GC[T>C]CG	1	53889.0	1699616963
JG0139e	10	25570028	T:AC[T>G]TT	-1	836694.0	1700453657
JG0139e	10	25633915	N:AC[T>G]TA	-1	63887.0	1700517544
JG0139e	10	26162464	U:TC[T>C]CA	1	528549.0	1701046093
JG0139e	10	26274502	T:TC[T>A]TG	-1	112038.0	1701158131
JG0139e	10	26326644	N:TC[T>G]TA	-1	52142.0	1701210273
JG0139e	10	26405893	N:TA[T>G]TA	1	79249.0	1701289522
JG0139e	10	26467601	U:GG[T>C]GA	1	61708.0	1701351230
JG0139e	10	26510995	U:GG[T>G]TG	1	43394.0	1701394624
JG0139e	10	26690373	N:GG[T>G]TC	-1	179378.0	1701574002
JG0139e	10	27389530	N:GG[T>C]TG	-1	699157.0	1702273159
JG0139e	10	27391995	N:TC[T>C]TG	1	2465.0	1702275624
JG0139e	10	27427216	N:AC[T>G]TT	1	35221.0	1702310845
JG0139e	10	27430129	N:AC[T>C]TG	1	2913.0	1702313758
JG0139e	10	27639545	N:AG[T>G]TA	1	209416.0	1702523174
JG0139e	10	27816847	T:GT[T>G]CA	1	177302.0	1702700476
JG0139e	10	27891249	U:GC[T>G]TG	-1	74402.0	1702774878
JG0139e	10	27978508	T:AC[T>G]GG	1	87259.0	1702862137
JG0139e	10	28514310	N:AC[T>A]CT	-1	535802.0	1703397939
JG0139e	10	29022645	N:GC[T>G]GA	-1	508335.0	1703906274
JG0139e	10	29532097	T:GG[T>C]TT	1	509452.0	1704415726
JG0139e	10	30305507	N:AC[T>C]CT	-1	773410.0	1705189136
JG0139e	10	30409991	N:TC[T>C]TG	1	104484.0	1705293620
JG0139e	10	30779384	N:GC[T>C]CC	-1	369393.0	1705663013
JG0139e	10	30786797	N:CC[T>A]CA	1	7413.0	1705670426
JG0139e	10	31661445	N:TC[T>A]CA	1	874648.0	1706545074
JG0139e	10	32022076	U:AC[T>C]TA	-1	360631.0	1706905705
JG0139e	10	32247861	N:TC[T>A]GA	1	225785.0	1707131490
JG0139e	10	33097926	N:AT[T>G]TT	1	850065.0	1707981555
JG0139e	10	33112866	N:GC[T>C]TA	-1	14940.0	1707996495
JG0139e	10	33281824	U:CC[T>G]TC	-1	168958.0	1708165453
JG0139e	10	33524051	N:GC[T>C]GA	1	242227.0	1708407680
JG0139e	10	33551427	N:CA[T>G]TT	1	27376.0	1708435056
JG0139e	10	33978080	N:AC[T>A]CA	-1	426653.0	1708861709
JG0139e	10	34461745	U:TC[T>G]TG	-1	483665.0	1709345374
JG0139e	10	34777959	U:AC[T>G]TG	-1	316214.0	1709661588
JG0139e	10	35046566	U:CC[T>A]TA	-1	268607.0	1709930195
JG0139e	10	35396690	T:TC[T>G]TT	-1	350124.0	1710280319
JG0139e	10	35522933	T:GG[T>C]TT	-1	126243.0	1710406562
JG0139e	10	35798381	N:TC[T>C]CA	-1	275448.0	1710682010
JG0139e	10	35830006	N:GC[T>A]TG	-1	31625.0	1710713635
JG0139e	10	35838624	N:GC[T>C]TG	-1	8618.0	1710722253
JG0139e	10	35853279	N:AC[T>C]CT	1	14655.0	1710736908
JG0139e	10	36030532	N:TC[T>G]TT	1	177253.0	1710914161
JG0139e	10	36241721	N:TT[T>G]TC	-1	211189.0	1711125350
JG0139e	10	36408034	N:GC[T>G]TT	1	166313.0	1711291663
JG0139e	10	36951191	N:AC[T>G]TA	-1	543157.0	1711834820
JG0139e	10	37096702	N:TA[T>G]CT	1	145511.0	1711980331
JG0139e	10	37451116	N:GC[T>C]TC	1	354414.0	1712334745
JG0139e	10	37653034	N:CC[T>C]TT	-1	201918.0	1712536663
JG0139e	10	37685901	N:CA[T>G]TT	1	32867.0	1712569530
JG0139e	10	38332799	N:AA[T>G]TA	1	646898.0	1713216428
JG0139e	10	38987757	N:TA[C>A]AA	-1	654958.0	1713871386
JG0139e	10	42330423	N:TC[T>C]TA	-1	3342666.0	1717214052
JG0139e	10	42402002	N:TC[T>C]GA	-1	71579.0	1717285631
JG0139e	10	42442861	N:AA[T>G]TA	1	40859.0	1717326490
JG0139e	10	42857689	N:AT[C>A]CT	-1	414828.0	1717741318
JG0139e	10	42906817	N:CC[T>G]TA	-1	49128.0	1717790446
JG0139e	10	43315311	N:AC[T>G]CA	-1	408494.0	1718198940
JG0139e	10	43723941	N:CA[T>G]TC	1	408630.0	1718607570
JG0139e	10	43746921	N:AC[T>G]TG	-1	22980.0	1718630550
JG0139e	10	43881963	N:TC[T>C]CA	1	135042.0	1718765592
JG0139e	10	43885818	N:CC[T>G]GA	1	3855.0	1718769447
JG0139e	10	44233892	N:TC[T>C]TA	-1	348074.0	1719117521
JG0139e	10	44749631	N:GC[T>G]TA	-1	515739.0	1719633260
JG0139e	10	44819755	N:TG[T>C]CA	1	70124.0	1719703384
JG0139e	10	45065866	N:TT[T>G]TA	1	246111.0	1719949495
JG0139e	10	45149426	N:TT[T>G]TT	1	83560.0	1720033055
JG0139e	10	45158310	N:CC[T>C]CA	-1	8884.0	1720041939
JG0139e	10	47000765	U:AC[T>A]TG	1	1842455.0	1721884394
JG0139e	10	47012166	N:TG[C>A]TA	-1	11401.0	1721895795
JG0139e	10	47081319	N:AC[T>C]CA	-1	69153.0	1721964948
JG0139e	10	47082352	N:TC[T>G]AT	1	1033.0	1721965981
JG0139e	10	48362927	T:GT[C>T]CA	-1	1280575.0	1723246556
JG0139e	10	48799056	U:GC[T>C]CA	1	436129.0	1723682685
JG0139e	10	48876016	U:TC[T>G]TT	1	76960.0	1723759645
JG0139e	10	49180969	U:TC[T>C]TA	-1	304953.0	1724064598
JG0139e	10	49432280	N:GC[T>G]TC	-1	251311.0	1724315909
JG0139e	10	49616773	T:TC[T>C]GG	-1	184493.0	1724500402
JG0139e	10	49773643	N:AC[T>A]GT	1	156870.0	1724657272
JG0139e	10	50230858	U:GC[T>C]TG	-1	457215.0	1725114487
JG0139e	10	51272309	T:TC[T>A]CA	-1	1041451.0	1726155938
JG0139e	10	51371040	U:AG[T>G]TT	1	98731.0	1726254669
JG0139e	10	51840930	T:GC[T>G]TA	-1	469890.0	1726724559
JG0139e	10	52154863	U:GC[T>G]TA	1	313933.0	1727038492
JG0139e	10	52195747	U:AG[T>G]TT	1	40884.0	1727079376
JG0139e	10	52213922	U:TC[T>G]TA	1	18175.0	1727097551
JG0139e	10	52254602	T:TC[T>C]TA	-1	40680.0	1727138231
JG0139e	10	52482039	N:TC[T>G]GA	-1	227437.0	1727365668
JG0139e	10	53054386	N:TC[T>A]TG	1	572347.0	1727938015
JG0139e	10	53368675	N:GC[T>A]CA	1	314289.0	1728252304
JG0139e	10	53649236	N:TC[T>G]TA	1	280561.0	1728532865
JG0139e	10	54330790	T:AC[T>C]TT	1	681554.0	1729214419
JG0139e	10	54703890	T:TA[T>G]TG	1	373100.0	1729587519
JG0139e	10	54946718	U:AT[T>G]TA	-1	242828.0	1729830347
JG0139e	10	54997371	U:AC[T>C]TA	-1	50653.0	1729881000
JG0139e	10	55064161	U:GC[T>C]TG	-1	66790.0	1729947790
JG0139e	10	55595709	T:GA[T>G]TA	1	531548.0	1730479338
JG0139e	10	55623142	T:TC[T>G]CA	1	27433.0	1730506771
JG0139e	10	55715333	N:TG[T>A]TG	-1	92191.0	1730598962
JG0139e	10	55864964	N:GC[T>G]TA	1	149631.0	1730748593
JG0139e	10	56363361	N:CC[T>G]TC	-1	498397.0	1731246990
JG0139e	10	56363363	N:AA[C>T]CT	-1	2.0	1731246992
JG0139e	10	56583970	N:GG[T>G]TA	1	220607.0	1731467599
JG0139e	10	56624900	N:AC[T>G]TG	1	40930.0	1731508529
JG0139e	10	57154372	N:TA[T>G]TA	1	529472.0	1732038001
JG0139e	10	58034975	N:AC[T>C]CA	-1	880603.0	1732918604
JG0139e	10	58500049	N:GG[T>G]TG	-1	465074.0	1733383678
JG0139e	10	58855501	N:TG[T>G]TG	1	355452.0	1733739130
JG0139e	10	59267495	T:AC[T>G]TT	1	411994.0	1734151124
JG0139e	10	59378104	N:TG[T>G]TA	-1	110609.0	1734261733
JG0139e	10	59478445	N:GG[T>G]TG	-1	100341.0	1734362074
JG0139e	10	59719274	T:TC[T>A]CC	1	240829.0	1734602903
JG0139e	10	59719275	T:CT[C>A]CA	1	1.0	1734602904
JG0139e	10	60184283	T:GC[T>C]CA	1	465008.0	1735067912
JG0139e	10	60186644	U:AA[T>G]TC	-1	2361.0	1735070273
JG0139e	10	60401851	T:AC[T>G]TA	1	215207.0	1735285480
JG0139e	10	61359790	N:TC[T>C]CA	-1	957939.0	1736243419
JG0139e	10	61634064	N:AC[T>C]CA	1	274274.0	1736517693
JG0139e	10	61713865	U:CC[T>C]GA	1	79801.0	1736597494
JG0139e	10	61901567	T:CC[T>C]TC	-1	187702.0	1736785196
JG0139e	10	62244248	U:AC[T>G]TA	-1	342681.0	1737127877
JG0139e	10	62696520	N:TC[T>C]TA	1	452272.0	1737580149
JG0139e	10	63096047	N:TC[T>G]TA	1	399527.0	1737979676
JG0139e	10	63114439	N:CC[T>G]TC	1	18392.0	1737998068
JG0139e	10	63144142	T:AC[T>C]TA	-1	29703.0	1738027771
JG0139e	10	63261781	U:TA[C>A]AA	-1	117639.0	1738145410
JG0139e	10	64248906	N:TC[T>G]CA	1	987125.0	1739132535
JG0139e	10	64311903	N:TG[T>G]TA	1	62997.0	1739195532
JG0139e	10	64372788	N:TC[T>C]TG	-1	60885.0	1739256417
JG0139e	10	64372818	N:TC[T>A]CA	1	30.0	1739256447
JG0139e	10	64596003	N:AC[T>G]TA	1	223185.0	1739479632
JG0139e	10	64639516	N:TG[T>G]TA	1	43513.0	1739523145
JG0139e	10	64660795	N:GA[T>G]TT	1	21279.0	1739544424
JG0139e	10	65397659	N:TC[T>G]CA	1	736864.0	1740281288
JG0139e	10	65833791	N:CC[T>G]TA	1	436132.0	1740717420
JG0139e	10	66177196	T:TA[T>G]TT	1	343405.0	1741060825
JG0139e	10	66889580	U:AC[T>G]TA	-1	712384.0	1741773209
JG0139e	10	69012975	T:CC[T>G]GA	-1	2123395.0	1743896604
JG0139e	10	69442845	N:AG[T>G]TG	-1	429870.0	1744326474
JG0139e	10	69507456	U:TC[T>A]CA	1	64611.0	1744391085
JG0139e	10	69532844	N:TG[T>G]TT	-1	25388.0	1744416473
JG0139e	10	69579846	N:GC[T>C]TG	1	47002.0	1744463475
JG0139e	10	69673689	N:AC[T>C]GG	-1	93843.0	1744557318
JG0139e	10	70025740	N:AA[T>G]TG	1	352051.0	1744909369
JG0139e	10	70101998	B:AC[C>A]TG	-1	76258.0	1744985627
JG0139e	10	70259007	U:TC[T>G]TG	-1	157009.0	1745142636
JG0139e	10	71589492	U:GC[T>G]TA	1	1330485.0	1746473121
JG0139e	10	72836988	U:GT[T>G]TT	1	1247496.0	1747720617
JG0139e	10	73450048	T:CC[T>C]TA	1	613060.0	1748333677
JG0139e	10	74129137	T:AG[T>C]CG	1	679089.0	1749012766
JG0139e	10	74183780	U:GA[T>G]TA	1	54643.0	1749067409
JG0139e	10	74547653	U:TT[T>C]TG	1	363873.0	1749431282
JG0139e	10	74972441	U:AC[T>G]TA	1	424788.0	1749856070
JG0139e	10	75273490	N:TC[T>C]TA	-1	301049.0	1750157119
JG0139e	10	75582022	U:GG[T>C]CT	1	308532.0	1750465651
JG0139e	10	75611763	T:GC[T>C]CA	-1	29741.0	1750495392
JG0139e	10	75643540	U:AC[T>G]TA	1	31777.0	1750527169
JG0139e	10	75998777	U:AC[T>C]TG	1	355237.0	1750882406
JG0139e	10	76067693	U:GC[T>G]TG	1	68916.0	1750951322
JG0139e	10	76233561	U:AC[T>G]CA	1	165868.0	1751117190
JG0139e	10	76252459	U:TC[T>C]TG	1	18898.0	1751136088
JG0139e	10	76254121	U:AG[T>G]TA	1	1662.0	1751137750
JG0139e	10	76967305	T:TT[T>G]TC	1	713184.0	1751850934
JG0139e	10	77258036	T:TC[T>C]CC	1	290731.0	1752141665
JG0139e	10	77361748	T:TC[T>C]GC	1	103712.0	1752245377
JG0139e	10	78147585	N:AA[T>G]TG	-1	785837.0	1753031214
JG0139e	10	78803940	N:CC[T>G]CA	1	656355.0	1753687569
JG0139e	10	78893301	N:AG[T>C]GA	1	89361.0	1753776930
JG0139e	10	79113219	T:CC[T>C]CG	-1	219918.0	1753996848
JG0139e	10	79120030	U:CG[T>C]GG	1	6811.0	1754003659
JG0139e	10	79799733	N:AC[T>G]TA	1	679703.0	1754683362
JG0139e	10	81089406	N:AG[T>G]TT	1	1289673.0	1755973035
JG0139e	10	81131609	N:AC[T>G]TA	-1	42203.0	1756015238
JG0139e	10	81659880	N:TC[T>C]GT	-1	528271.0	1756543509
JG0139e	10	81849359	N:AC[T>G]TG	-1	189479.0	1756732988
JG0139e	10	82000605	U:AC[T>G]TA	1	151246.0	1756884234
JG0139e	10	82279875	T:AC[T>G]TA	-1	279270.0	1757163504
JG0139e	10	82517822	U:CC[T>G]TG	1	237947.0	1757401451
JG0139e	10	82979427	T:GA[T>G]TT	-1	461605.0	1757863056
JG0139e	10	83600314	N:AC[T>A]TG	1	620887.0	1758483943
JG0139e	10	83879873	N:AG[T>A]CA	1	279559.0	1758763502
JG0139e	10	84693173	N:TC[T>C]GG	-1	813300.0	1759576802
JG0139e	10	84765963	N:TC[T>A]CA	-1	72790.0	1759649592
JG0139e	10	84766892	N:AC[T>G]TT	1	929.0	1759650521
JG0139e	10	85017268	N:TG[T>G]TT	-1	250376.0	1759900897
JG0139e	10	85480252	N:CC[T>A]CA	1	462984.0	1760363881
JG0139e	10	85537186	N:GG[C>A]TT	1	56934.0	1760420815
JG0139e	10	85537187	N:GC[T>G]TA	1	1.0	1760420816
JG0139e	10	85729534	U:AC[T>A]CT	-1	192347.0	1760613163
JG0139e	10	85744354	T:GC[T>G]TA	1	14820.0	1760627983
JG0139e	10	87681032	T:GC[T>G]CA	-1	1936678.0	1762564661
JG0139e	10	88589160	U:TC[T>G]TA	1	908128.0	1763472789
JG0139e	10	89168069	N:GG[T>G]TT	-1	578909.0	1764051698
JG0139e	10	90709082	N:AC[T>G]TC	1	1541013.0	1765592711
JG0139e	10	90955259	N:GC[T>C]CA	-1	246177.0	1765838888
JG0139e	10	91010622	N:CC[T>G]GG	-1	55363.0	1765894251
JG0139e	10	91183905	U:GC[T>A]TG	1	173283.0	1766067534
JG0139e	10	93629363	U:GC[T>C]CT	1	2445458.0	1768512992
JG0139e	10	94773667	U:TC[T>C]GG	1	1144304.0	1769657296
JG0139e	10	94887985	N:CC[T>G]TG	1	114318.0	1769771614
JG0139e	10	95459633	T:TC[T>G]TT	1	571648.0	1770343262
JG0139e	10	96469134	U:GC[T>C]CA	-1	1009501.0	1771352763
JG0139e	10	96882056	U:TC[T>C]TA	1	412922.0	1771765685
JG0139e	10	97741241	T:GG[T>C]AA	-1	859185.0	1772624870
JG0139e	10	97976519	U:GC[T>C]CA	-1	235278.0	1772860148
JG0139e	10	98938898	T:AC[T>C]CT	1	962379.0	1773822527
JG0139e	10	98969933	U:CC[T>C]GC	-1	31035.0	1773853562
JG0139e	10	99942643	T:TG[T>G]TC	1	972710.0	1774826272
JG0139e	10	100077596	N:AA[T>G]TA	-1	134953.0	1774961225
JG0139e	10	100442341	N:GC[T>C]TG	1	364745.0	1775325970
JG0139e	10	104523591	N:TG[T>G]TG	1	4081250.0	1779407220
JG0139e	10	104889202	U:TC[T>G]TT	1	365611.0	1779772831
JG0139e	10	104965483	U:TG[T>A]TG	1	76281.0	1779849112
JG0139e	10	105007395	T:GT[T>G]TG	-1	41912.0	1779891024
JG0139e	10	105136737	U:AC[T>C]CA	1	129342.0	1780020366
JG0139e	10	106562896	N:TC[T>G]TG	1	1426159.0	1781446525
JG0139e	10	106577908	T:TG[T>A]TA	1	15012.0	1781461537
JG0139e	10	106615655	T:GA[T>G]TA	1	37747.0	1781499284
JG0139e	10	107092514	T:TC[T>C]CC	1	476859.0	1781976143
JG0139e	10	107132193	T:CC[T>A]TA	1	39679.0	1782015822
JG0139e	10	107206139	N:GC[T>G]TT	1	73946.0	1782089768
JG0139e	10	107512232	N:GC[T>C]TG	1	306093.0	1782395861
JG0139e	10	108097831	N:AC[T>C]CA	1	585599.0	1782981460
JG0139e	10	108417597	N:AC[T>G]TC	-1	319766.0	1783301226
JG0139e	10	108471285	N:TC[T>C]TA	1	53688.0	1783354914
JG0139e	10	108582856	N:AC[T>C]TG	-1	111571.0	1783466485
JG0139e	10	108607264	N:GC[T>A]TA	1	24408.0	1783490893
JG0139e	10	108616476	N:TC[T>G]TT	1	9212.0	1783500105
JG0139e	10	108718124	N:AT[T>G]TA	1	101648.0	1783601753
JG0139e	10	108927993	N:AG[C>A]AA	1	209869.0	1783811622
JG0139e	10	109202899	N:TC[T>C]CA	1	274906.0	1784086528
JG0139e	10	109528267	N:TC[T>G]TC	1	325368.0	1784411896
JG0139e	10	109822082	N:TC[T>C]AT	1	293815.0	1784705711
JG0139e	10	109833254	N:TG[T>G]TT	1	11172.0	1784716883
JG0139e	10	110113311	T:CC[T>G]CG	-1	280057.0	1784996940
JG0139e	10	111240476	N:TC[T>C]TA	1	1127165.0	1786124105
JG0139e	10	111461147	N:TC[T>C]TC	1	220671.0	1786344776
JG0139e	10	111654047	N:TT[T>A]AA	1	192900.0	1786537676
JG0139e	10	111911076	N:AC[T>G]CA	1	257029.0	1786794705
JG0139e	10	112273518	N:AC[T>A]TC	1	362442.0	1787157147
JG0139e	10	112400633	U:AC[T>C]CC	1	127115.0	1787284262
JG0139e	10	112611079	U:AC[T>G]TA	1	210446.0	1787494708
JG0139e	10	114793806	N:CC[T>G]TT	1	2182727.0	1789677435
JG0139e	10	114819336	N:GC[T>G]TA	-1	25530.0	1789702965
JG0139e	10	115866201	T:TC[T>G]TA	-1	1046865.0	1790749830
JG0139e	10	116089873	T:GG[C>G]TG	1	223672.0	1790973502
JG0139e	10	116315554	N:TT[T>G]TT	1	225681.0	1791199183
JG0139e	10	116494201	N:AC[T>C]TT	1	178647.0	1791377830
JG0139e	10	116659324	N:TG[T>G]CC	1	165123.0	1791542953
JG0139e	10	117135535	T:AC[T>C]CA	1	476211.0	1792019164
JG0139e	10	117583419	N:AC[T>C]GC	-1	447884.0	1792467048
JG0139e	10	118962236	N:GC[T>C]TA	1	1378817.0	1793845865
JG0139e	10	120299377	N:TC[T>A]TG	1	1337141.0	1795183006
JG0139e	10	120309042	N:GC[T>G]TC	-1	9665.0	1795192671
JG0139e	10	120333546	N:TC[T>G]CA	1	24504.0	1795217175
JG0139e	10	120514895	T:AC[T>G]TA	-1	181349.0	1795398524
JG0139e	10	121251918	N:GT[T>G]TA	1	737023.0	1796135547
JG0139e	10	122660627	N:GC[T>G]TC	1	1408709.0	1797544256
JG0139e	10	123237869	N:AC[T>C]CA	1	577242.0	1798121498
JG0139e	10	123350395	N:AC[T>G]TG	1	112526.0	1798234024
JG0139e	10	123598463	N:GG[T>G]TA	1	248068.0	1798482092
JG0139e	10	123720722	U:AC[T>C]CT	-1	122259.0	1798604351
JG0139e	10	123844985	T:AC[T>C]TG	1	124263.0	1798728614
JG0139e	10	123919158	N:AC[T>C]GG	1	74173.0	1798802787
JG0139e	10	125013041	U:TC[T>G]TT	-1	1093883.0	1799896670
JG0139e	10	125327451	N:GG[T>G]CA	-1	314410.0	1800211080
JG0139e	10	125390556	N:CC[T>G]TA	-1	63105.0	1800274185
JG0139e	10	126532282	T:GC[T>C]CA	1	1141726.0	1801415911
JG0139e	10	126664802	T:CC[T>C]CC	1	132520.0	1801548431
JG0139e	10	126724655	N:TC[T>A]GG	1	59853.0	1801608284
JG0139e	10	127021274	U:TC[T>A]CC	1	296619.0	1801904903
JG0139e	10	127161907	B:TC[C>A]AA	-1	140633.0	1802045536
JG0139e	10	127909370	U:GC[T>G]GT	1	747463.0	1802792999
JG0139e	10	128141157	N:AC[T>C]TG	-1	231787.0	1803024786
JG0139e	10	128210136	N:AC[T>C]CC	-1	68979.0	1803093765
JG0139e	10	128323465	N:CC[T>C]CT	-1	113329.0	1803207094
JG0139e	10	128908801	N:AC[T>G]TG	-1	585336.0	1803792430
JG0139e	10	129537293	U:AA[T>A]GA	1	628492.0	1804420922
JG0139e	10	129635257	T:AA[C>A]AG	-1	97964.0	1804518886
JG0139e	10	129704680	T:GG[T>G]TT	-1	69423.0	1804588309
JG0139e	10	130356977	N:TC[T>G]TA	-1	652297.0	1805240606
JG0139e	10	130812543	N:AG[T>G]CA	1	455566.0	1805696172
JG0139e	10	130996296	N:TG[T>G]TA	1	183753.0	1805879925
JG0139e	10	131328081	N:AT[C>G]AA	-1	331785.0	1806211710
JG0139e	10	131628487	N:AG[T>G]TA	1	300406.0	1806512116
JG0139e	10	131846499	N:TC[T>G]TC	-1	218012.0	1806730128
JG0139e	10	132537393	N:AC[T>G]TC	-1	690894.0	1807421022
JG0139e	11	1114577	N:GC[T>A]GG	1		1809795628
JG0139e	11	1125861	N:GC[T>C]GC	1	11284.0	1809806912
JG0139e	11	1815786	N:CC[T>G]TC	-1	689925.0	1810496837
JG0139e	11	1878215	U:CC[T>C]CA	1	62429.0	1810559266
JG0139e	11	2050635	N:AC[T>G]TC	1	172420.0	1810731686
JG0139e	11	2397198	T:AG[T>G]TG	-1	346563.0	1811078249
JG0139e	11	2484264	T:AC[T>G]TG	-1	87066.0	1811165315
JG0139e	11	2573380	U:CG[T>G]CA	1	89116.0	1811254431
JG0139e	11	2715095	U:AC[T>C]TG	1	141715.0	1811396146
JG0139e	11	2734765	U:GC[T>C]CC	1	19670.0	1811415816
JG0139e	11	3338883	N:TC[T>C]CC	-1	604118.0	1812019934
JG0139e	11	3425568	N:AC[T>A]CA	1	86685.0	1812106619
JG0139e	11	3514783	N:AC[T>G]TG	1	89215.0	1812195834
JG0139e	11	3618007	N:GC[T>A]TA	-1	103224.0	1812299058
JG0139e	11	3929517	U:TC[T>C]TT	1	311510.0	1812610568
JG0139e	11	4186238	N:TG[T>A]TA	-1	256721.0	1812867289
JG0139e	11	4220390	N:GC[T>C]CC	-1	34152.0	1812901441
JG0139e	11	4443055	N:TC[T>C]TG	-1	222665.0	1813124106
JG0139e	11	4520469	N:AC[T>A]TA	-1	77414.0	1813201520
JG0139e	11	4520919	N:TC[T>C]GC	-1	450.0	1813201970
JG0139e	11	4528145	N:CC[T>C]CG	-1	7226.0	1813209196
JG0139e	11	4673526	N:TC[T>C]CT	-1	145381.0	1813354577
JG0139e	11	4721133	N:TC[T>C]TA	1	47607.0	1813402184
JG0139e	11	4996654	U:AG[T>A]TT	1	275521.0	1813677705
JG0139e	11	5058012	N:AC[T>G]TC	-1	61358.0	1813739063
JG0139e	11	5406587	U:GC[T>G]TA	-1	348575.0	1814087638
JG0139e	11	5410872	U:TT[T>G]TA	-1	4285.0	1814091923
JG0139e	11	5517982	N:GA[T>A]CT	1	107110.0	1814199033
JG0139e	11	5576651	N:GG[T>C]TA	1	58669.0	1814257702
JG0139e	11	5602617	U:TG[T>G]TT	1	25966.0	1814283668
JG0139e	11	5807602	U:TC[T>C]TT	-1	204985.0	1814488653
JG0139e	11	6818701	N:GG[T>C]CT	1	1011099.0	1815499752
JG0139e	11	6876296	N:TC[T>C]TA	1	57595.0	1815557347
JG0139e	11	7219488	N:AC[T>C]TG	1	343192.0	1815900539
JG0139e	11	7374753	U:AC[T>C]TT	1	155265.0	1816055804
JG0139e	11	7522425	U:GC[T>C]TG	1	147672.0	1816203476
JG0139e	11	7588838	U:TC[T>C]TG	1	66413.0	1816269889
JG0139e	11	8312034	N:TC[T>C]TG	1	723196.0	1816993085
JG0139e	11	8497712	T:CC[T>G]TT	1	185678.0	1817178763
JG0139e	11	8523375	T:TC[T>A]GG	1	25663.0	1817204426
JG0139e	11	9032368	T:GC[T>C]CA	1	508993.0	1817713419
JG0139e	11	9254870	U:TC[T>C]CG	-1	222502.0	1817935921
JG0139e	11	9990391	U:GC[T>G]TG	-1	735521.0	1818671442
JG0139e	11	10582947	T:AC[T>C]CA	1	592556.0	1819263998
JG0139e	11	11386048	U:TG[T>G]TG	-1	803101.0	1820067099
JG0139e	11	11459973	T:CC[T>C]TG	1	73925.0	1820141024
JG0139e	11	13000283	N:TC[T>C]CA	-1	1540310.0	1821681334
JG0139e	11	13242082	N:TC[T>G]TA	1	241799.0	1821923133
JG0139e	11	13825264	N:AC[T>G]TT	-1	583182.0	1822506315
JG0139e	11	14010652	U:TC[T>G]CA	1	185388.0	1822691703
JG0139e	11	15048990	U:TG[T>C]CC	1	1038338.0	1823730041
JG0139e	11	15069677	T:AC[T>C]CC	-1	20687.0	1823750728
JG0139e	11	15124156	U:AC[T>G]CA	1	54479.0	1823805207
JG0139e	11	15192009	T:TA[T>G]TT	-1	67853.0	1823873060
JG0139e	11	15279970	N:AA[T>G]TG	1	87961.0	1823961021
JG0139e	11	15290022	N:AC[T>C]CA	-1	10052.0	1823971073
JG0139e	11	15502987	N:TC[T>C]CA	1	212965.0	1824184038
JG0139e	11	15692797	N:CC[T>G]CA	1	189810.0	1824373848
JG0139e	11	15745379	N:TC[T>G]TA	1	52582.0	1824426430
JG0139e	11	15829397	N:GC[T>G]TA	1	84018.0	1824510448
JG0139e	11	16325347	T:AC[T>G]GG	1	495950.0	1825006398
JG0139e	11	16422643	U:CC[T>C]TG	-1	97296.0	1825103694
JG0139e	11	16709205	N:TC[T>C]TA	-1	286562.0	1825390256
JG0139e	11	18690400	N:GT[T>G]GT	1	1981195.0	1827371451
JG0139e	11	18690401	N:AA[C>A]AA	-1	1.0	1827371452
JG0139e	11	18930427	N:AC[T>C]TA	-1	240026.0	1827611478
JG0139e	11	19406139	U:GC[T>G]TT	1	475712.0	1828087190
JG0139e	11	20729024	U:CC[T>C]TG	1	1322885.0	1829410075
JG0139e	11	21106369	T:AC[T>C]CA	-1	377345.0	1829787420
JG0139e	11	21865738	N:GC[T>C]TA	-1	759369.0	1830546789
JG0139e	11	21896530	N:GC[T>C]TA	-1	30792.0	1830577581
JG0139e	11	22421232	N:TC[T>A]TG	1	524702.0	1831102283
JG0139e	11	22461794	N:GC[T>C]TA	1	40562.0	1831142845
JG0139e	11	22535333	N:AT[T>G]AC	1	73539.0	1831216384
JG0139e	11	22741935	U:TC[T>G]TT	1	206602.0	1831422986
JG0139e	11	22851704	U:TC[T>G]CC	-1	109769.0	1831532755
JG0139e	11	22951268	N:AC[T>G]TC	1	99564.0	1831632319
JG0139e	11	23068748	N:TC[T>C]CT	-1	117480.0	1831749799
JG0139e	11	23179878	N:AC[T>G]TT	1	111130.0	1831860929
JG0139e	11	23355686	N:TC[T>C]TA	-1	175808.0	1832036737
JG0139e	11	23441723	N:GC[T>C]GC	1	86037.0	1832122774
JG0139e	11	23480181	N:AC[T>G]TG	-1	38458.0	1832161232
JG0139e	11	23679291	N:TC[T>C]CA	-1	199110.0	1832360342
JG0139e	11	23916481	N:TT[C>A]AG	-1	237190.0	1832597532
JG0139e	11	23916486	N:AC[T>C]CT	1	5.0	1832597537
JG0139e	11	24036985	N:TC[T>C]TA	-1	120499.0	1832718036
JG0139e	11	25072868	T:AC[T>G]TG	-1	1035883.0	1833753919
JG0139e	11	25109014	N:AC[T>C]TA	1	36146.0	1833790065
JG0139e	11	25341163	N:TC[T>C]CA	-1	232149.0	1834022214
JG0139e	11	25453666	N:AC[T>C]TA	-1	112503.0	1834134717
JG0139e	11	25473806	N:AC[T>G]TA	-1	20140.0	1834154857
JG0139e	11	25639588	N:TC[T>C]CA	-1	165782.0	1834320639
JG0139e	11	25762461	N:TC[T>C]CT	-1	122873.0	1834443512
JG0139e	11	25828207	N:AG[T>G]TA	-1	65746.0	1834509258
JG0139e	11	25849880	N:GC[T>G]TA	1	21673.0	1834530931
JG0139e	11	25879536	N:GC[T>A]TA	-1	29656.0	1834560587
JG0139e	11	25900514	N:AC[T>C]CT	-1	20978.0	1834581565
JG0139e	11	25992751	N:TC[T>A]CA	-1	92237.0	1834673802
JG0139e	11	26252492	N:TC[T>A]AA	-1	259741.0	1834933543
JG0139e	11	26281856	N:TC[T>C]TG	-1	29364.0	1834962907
JG0139e	11	26335166	U:AC[T>C]TA	1	53310.0	1835016217
JG0139e	11	26611734	U:GT[C>A]TG	1	276568.0	1835292785
JG0139e	11	26695040	U:TC[T>C]TG	-1	83306.0	1835376091
JG0139e	11	26704803	T:GC[T>G]TG	1	9763.0	1835385854
JG0139e	11	26763559	N:AC[T>G]TA	1	58756.0	1835444610
JG0139e	11	27854473	N:AC[T>G]TG	1	1090914.0	1836535524
JG0139e	11	28327312	T:AC[T>A]TT	-1	472839.0	1837008363
JG0139e	11	28449000	N:CC[T>C]CC	1	121688.0	1837130051
JG0139e	11	28626385	N:AT[T>C]TA	1	177385.0	1837307436
JG0139e	11	28842341	N:TC[T>G]AA	-1	215956.0	1837523392
JG0139e	11	29099865	N:TC[T>G]TA	1	257524.0	1837780916
JG0139e	11	29295396	N:AC[T>G]TG	-1	195531.0	1837976447
JG0139e	11	29426739	N:AC[T>C]TG	1	131343.0	1838107790
JG0139e	11	29523718	N:CC[T>G]CT	-1	96979.0	1838204769
JG0139e	11	29655316	N:GG[T>G]TA	1	131598.0	1838336367
JG0139e	11	29725158	N:TC[T>C]TT	-1	69842.0	1838406209
JG0139e	11	29927539	N:TG[T>G]TA	1	202381.0	1838608590
JG0139e	11	30039277	N:AC[T>G]TA	1	111738.0	1838720328
JG0139e	11	30421534	U:AC[T>G]TA	-1	382257.0	1839102585
JG0139e	11	30494537	U:TC[T>C]TG	-1	73003.0	1839175588
JG0139e	11	30561930	T:TC[T>C]CA	1	67393.0	1839242981
JG0139e	11	30737975	N:AC[T>G]TA	1	176045.0	1839419026
JG0139e	11	31024804	U:AG[T>G]TG	-1	286829.0	1839705855
JG0139e	11	31123094	T:AT[T>A]TG	1	98290.0	1839804145
JG0139e	11	31448734	U:TC[T>G]TA	-1	325640.0	1840129785
JG0139e	11	31917413	U:AC[T>C]GA	1	468679.0	1840598464
JG0139e	11	32032011	U:TC[T>C]TC	1	114598.0	1840713062
JG0139e	11	32125778	N:CC[T>A]CA	-1	93767.0	1840806829
JG0139e	11	32358265	N:AC[T>G]CC	1	232487.0	1841039316
JG0139e	11	32464804	N:AC[T>G]TG	1	106539.0	1841145855
JG0139e	11	34025986	N:AC[T>G]TA	1	1561182.0	1842707037
JG0139e	11	34702904	N:TC[T>G]TT	1	676918.0	1843383955
JG0139e	11	34782970	N:AG[T>G]TT	1	80066.0	1843464021
JG0139e	11	34987110	U:GC[T>C]TA	1	204140.0	1843668161
JG0139e	11	35178971	U:TC[T>C]TT	1	191861.0	1843860022
JG0139e	11	35310329	T:TC[T>A]CA	1	131358.0	1843991380
JG0139e	11	35513342	U:AG[T>G]TT	-1	203013.0	1844194393
JG0139e	11	35516331	T:AC[T>G]TT	1	2989.0	1844197382
JG0139e	11	35536940	N:TC[T>C]CA	1	20609.0	1844217991
JG0139e	11	35690477	T:CC[T>C]TG	-1	153537.0	1844371528
JG0139e	11	36090201	U:AG[T>G]TG	1	399724.0	1844771252
JG0139e	11	36249319	N:GG[T>G]TA	-1	159118.0	1844930370
JG0139e	11	36337473	U:AC[T>G]CA	1	88154.0	1845018524
JG0139e	11	36571199	U:AC[T>G]CA	1	233726.0	1845252250
JG0139e	11	36696574	N:AC[T>C]TC	-1	125375.0	1845377625
JG0139e	11	36698004	N:CC[T>G]TT	1	1430.0	1845379055
JG0139e	11	37161926	N:GC[T>G]TA	-1	463922.0	1845842977
JG0139e	11	37170373	N:AC[T>C]GG	-1	8447.0	1845851424
JG0139e	11	37181602	N:CC[T>C]CA	-1	11229.0	1845862653
JG0139e	11	37288957	N:TC[T>C]AG	-1	107355.0	1845970008
JG0139e	11	37423712	N:GC[T>C]TC	1	134755.0	1846104763
JG0139e	11	37785888	N:TA[T>A]TT	-1	362176.0	1846466939
JG0139e	11	38108497	N:GG[T>G]TA	-1	322609.0	1846789548
JG0139e	11	38977943	N:AC[T>C]TG	-1	869446.0	1847658994
JG0139e	11	39283851	N:TC[T>C]TA	-1	305908.0	1847964902
JG0139e	11	39288964	N:AC[T>G]TT	-1	5113.0	1847970015
JG0139e	11	39548187	N:GC[T>C]CA	-1	259223.0	1848229238
JG0139e	11	39891109	N:GA[T>G]TA	-1	342922.0	1848572160
JG0139e	11	39942348	N:CG[T>G]TA	1	51239.0	1848623399
JG0139e	11	40210100	U:TC[T>C]TG	-1	267752.0	1848891151
JG0139e	11	40367992	T:TG[T>C]CA	1	157892.0	1849049043
JG0139e	11	40502489	T:TC[T>C]TA	1	134497.0	1849183540
JG0139e	11	40592801	T:TC[T>G]TA	1	90312.0	1849273852
JG0139e	11	40887643	U:TC[T>C]AG	-1	294842.0	1849568694
JG0139e	11	40930617	T:TC[T>A]TA	1	42974.0	1849611668
JG0139e	11	41421756	T:TC[T>G]TC	1	491139.0	1850102807
JG0139e	11	41450479	T:AC[T>C]GA	1	28723.0	1850131530
JG0139e	11	41962008	N:CC[T>C]CC	1	511529.0	1850643059
JG0139e	11	42020541	N:AC[T>A]GC	-1	58533.0	1850701592
JG0139e	11	42539271	N:AC[T>C]CT	1	518730.0	1851220322
JG0139e	11	42561315	N:AC[T>G]TC	-1	22044.0	1851242366
JG0139e	11	42588948	N:TC[T>A]TA	-1	27633.0	1851269999
JG0139e	11	42638747	N:AC[T>C]CT	1	49799.0	1851319798
JG0139e	11	42650558	N:TT[T>G]TC	-1	11811.0	1851331609
JG0139e	11	42823994	N:CC[T>C]AA	1	173436.0	1851505045
JG0139e	11	42864440	N:TG[T>C]TG	1	40446.0	1851545491
JG0139e	11	42996935	N:TC[T>C]TG	1	132495.0	1851677986
JG0139e	11	43140527	N:TG[C>A]TG	1	143592.0	1851821578
JG0139e	11	43218471	N:AC[T>C]CA	1	77944.0	1851899522
JG0139e	11	43353552	N:AC[T>C]TG	1	135081.0	1852034603
JG0139e	11	43933251	N:GC[T>A]TA	1	579699.0	1852614302
JG0139e	11	43938332	N:GC[T>G]TG	1	5081.0	1852619383
JG0139e	11	44649495	N:AC[T>C]CA	1	711163.0	1853330546
JG0139e	11	44892143	U:GC[T>G]TA	1	242648.0	1853573194
JG0139e	11	45150587	U:GC[T>C]TG	1	258444.0	1853831638
JG0139e	11	45183837	T:AC[T>A]CA	-1	33250.0	1853864888
JG0139e	11	45456798	N:GT[T>G]TA	-1	272961.0	1854137849
JG0139e	11	46727104	U:AC[T>G]TC	1	1270306.0	1855408155
JG0139e	11	48258111	N:GT[T>G]TG	-1	1531007.0	1856939162
JG0139e	11	48271437	N:AC[T>A]TG	1	13326.0	1856952488
JG0139e	11	48472747	N:AC[T>C]CA	-1	201310.0	1857153798
JG0139e	11	48494572	N:TC[T>C]TC	-1	21825.0	1857175623
JG0139e	11	48711312	N:AC[T>G]AG	-1	216740.0	1857392363
JG0139e	11	48769773	N:AC[T>C]CA	1	58461.0	1857450824
JG0139e	11	49400640	N:TC[T>A]TT	-1	630867.0	1858081691
JG0139e	11	49667425	N:AA[C>A]AG	1	266785.0	1858348476
JG0139e	11	50200346	N:GG[T>C]CT	-1	532921.0	1858881397
JG0139e	11	50223785	N:AC[T>C]GT	1	23439.0	1858904836
JG0139e	11	50263601	N:TC[T>G]CA	-1	39816.0	1858944652
JG0139e	11	50545243	N:CC[T>G]TT	1	281642.0	1859226294
JG0139e	11	54987563	N:TC[T>C]TT	-1	4442320.0	1863668614
JG0139e	11	55140423	N:AC[T>C]TA	1	152860.0	1863821474
JG0139e	11	55356293	N:TC[T>C]CC	1	215870.0	1864037344
JG0139e	11	55408132	N:CC[T>C]GA	-1	51839.0	1864089183
JG0139e	11	55614207	N:AC[T>G]TC	-1	206075.0	1864295258
JG0139e	11	55867585	N:TC[T>A]TT	-1	253378.0	1864548636
JG0139e	11	55971272	N:AA[T>G]TA	-1	103687.0	1864652323
JG0139e	11	56042918	N:GC[T>G]TG	1	71646.0	1864723969
JG0139e	11	56089497	N:TC[T>C]TA	1	46579.0	1864770548
JG0139e	11	56312420	N:TC[T>A]GT	-1	222923.0	1864993471
JG0139e	11	56722267	N:TC[T>A]AA	-1	409847.0	1865403318
JG0139e	11	56962244	N:AC[T>C]TA	-1	239977.0	1865643295
JG0139e	11	57258976	N:AC[T>G]TG	1	296732.0	1865940027
JG0139e	11	57367984	T:GG[T>G]CC	-1	109008.0	1866049035
JG0139e	11	57462743	U:CC[T>G]TC	1	94759.0	1866143794
JG0139e	11	58020876	N:GA[T>C]GA	-1	558133.0	1866701927
JG0139e	11	58058971	T:GC[T>C]CT	-1	38095.0	1866740022
JG0139e	11	58075724	U:TG[T>G]TG	1	16753.0	1866756775
JG0139e	11	58156977	U:TC[T>G]TA	1	81253.0	1866838028
JG0139e	11	58183958	N:AC[T>C]CA	-1	26981.0	1866865009
JG0139e	11	58306485	N:AC[T>G]TG	1	122527.0	1866987536
JG0139e	11	58342038	N:TC[T>C]TT	-1	35553.0	1867023089
JG0139e	11	58437155	N:TC[T>C]TA	1	95117.0	1867118206
JG0139e	11	58492537	N:TC[T>C]TG	-1	55382.0	1867173588
JG0139e	11	58515353	N:AC[C>A]AC	1	22816.0	1867196404
JG0139e	11	58754815	N:TC[T>G]TA	1	239462.0	1867435866
JG0139e	11	58893582	N:TC[T>G]CA	1	138767.0	1867574633
JG0139e	11	58987469	N:CC[T>A]TG	1	93887.0	1867668520
JG0139e	11	59234002	N:GC[T>G]TC	1	246533.0	1867915053
JG0139e	11	59353759	N:TC[T>A]CT	1	119757.0	1868034810
JG0139e	11	59380961	N:TC[T>G]TA	1	27202.0	1868062012
JG0139e	11	60287859	T:AC[T>A]TG	-1	906898.0	1868968910
JG0139e	11	60344588	N:AC[T>C]TG	-1	56729.0	1869025639
JG0139e	11	60703766	T:CT[C>A]CA	-1	359178.0	1869384817
JG0139e	11	60847772	U:TC[T>C]GC	1	144006.0	1869528823
JG0139e	11	62961743	N:GC[T>C]TA	-1	2113971.0	1871642794
JG0139e	11	62971637	N:GG[T>G]TA	1	9894.0	1871652688
JG0139e	11	63478993	U:TC[T>C]AG	-1	507356.0	1872160044
JG0139e	11	63564317	N:AC[T>C]TA	-1	85324.0	1872245368
JG0139e	11	65155164	N:TC[T>C]CA	1	1590847.0	1873836215
JG0139e	11	65476202	N:AC[T>C]TG	1	321038.0	1874157253
JG0139e	11	65736755	N:TC[T>G]TA	1	260553.0	1874417806
JG0139e	11	65876681	N:AC[T>G]TA	1	139926.0	1874557732
JG0139e	11	66171688	U:TC[T>C]CC	1	295007.0	1874852739
JG0139e	11	67756846	N:TC[T>C]TG	1	1585158.0	1876437897
JG0139e	11	68150457	N:AC[T>G]TA	1	393611.0	1876831508
JG0139e	11	68707592	U:AC[T>G]TC	-1	557135.0	1877388643
JG0139e	11	69346522	N:AC[T>C]TG	1	638930.0	1878027573
JG0139e	11	69459552	N:AC[T>G]TA	1	113030.0	1878140603
JG0139e	11	69748697	N:CC[T>G]CT	-1	289145.0	1878429748
JG0139e	11	69931803	N:GC[T>G]TC	1	183106.0	1878612854
JG0139e	11	69981703	N:GC[T>C]CT	1	49900.0	1878662754
JG0139e	11	70023522	N:AC[T>A]TT	1	41819.0	1878704573
JG0139e	11	70264140	N:AC[T>A]TG	-1	240618.0	1878945191
JG0139e	11	70482426	T:GG[T>C]TT	1	218286.0	1879163477
JG0139e	11	70600923	T:AC[T>C]CT	1	118497.0	1879281974
JG0139e	11	70640223	U:TC[T>G]TC	-1	39300.0	1879321274
JG0139e	11	70690776	U:TC[T>G]TA	-1	50553.0	1879371827
JG0139e	11	71344343	N:TC[T>G]CA	1	653567.0	1880025394
JG0139e	11	71595338	N:TC[T>A]TG	1	250995.0	1880276389
JG0139e	11	71839955	N:TC[T>A]CA	-1	244617.0	1880521006
JG0139e	11	72097227	B:TC[T>G]TA	1	257272.0	1880778278
JG0139e	11	72280535	N:AC[T>C]CG	-1	183308.0	1880961586
JG0139e	11	73017873	T:AC[T>G]TA	1	737338.0	1881698924
JG0139e	11	73123911	T:TC[T>A]TA	1	106038.0	1881804962
JG0139e	11	73431124	U:CG[T>A]GA	-1	307213.0	1882112175
JG0139e	11	73786184	N:GA[T>A]TA	1	355060.0	1882467235
JG0139e	11	74537922	U:CC[T>G]TA	1	751738.0	1883218973
JG0139e	11	74923951	T:GC[T>C]CA	1	386029.0	1883605002
JG0139e	11	74934519	U:TC[T>C]CC	-1	10568.0	1883615570
JG0139e	11	75423911	T:AC[T>A]CA	1	489392.0	1884104962
JG0139e	11	76289831	N:AC[T>C]CA	1	865920.0	1884970882
JG0139e	11	76481497	U:GC[T>A]TG	1	191666.0	1885162548
JG0139e	11	76563243	N:TC[T>C]TG	1	81746.0	1885244294
JG0139e	11	77037645	U:GC[T>G]CA	1	474402.0	1885718696
JG0139e	11	77076457	U:AC[T>C]TA	1	38812.0	1885757508
JG0139e	11	77154751	U:TC[T>G]TC	1	78294.0	1885835802
JG0139e	11	77201114	T:GC[T>G]TT	-1	46363.0	1885882165
JG0139e	11	77311406	N:AC[T>C]CG	1	110292.0	1885992457
JG0139e	11	77346463	T:TC[T>C]CT	1	35057.0	1886027514
JG0139e	11	78402280	U:TC[T>G]AG	-1	1055817.0	1887083331
JG0139e	11	78818631	U:AC[T>C]CA	-1	416351.0	1887499682
JG0139e	11	79015181	T:CC[T>G]CA	1	196550.0	1887696232
JG0139e	11	79042256	T:GC[T>G]TA	1	27075.0	1887723307
JG0139e	11	79341237	T:AC[T>C]CA	1	298981.0	1888022288
JG0139e	11	79409899	T:GC[T>C]CT	1	68662.0	1888090950
JG0139e	11	79643850	N:GC[T>C]CA	1	233951.0	1888324901
JG0139e	11	80048553	N:AC[T>C]TT	1	404703.0	1888729604
JG0139e	11	80049075	N:AC[T>C]AC	1	522.0	1888730126
JG0139e	11	80244711	N:AC[T>C]GC	-1	195636.0	1888925762
JG0139e	11	80760524	N:AT[T>G]TA	1	515813.0	1889441575
JG0139e	11	80790093	N:AC[T>C]CA	-1	29569.0	1889471144
JG0139e	11	80993089	N:AC[T>G]CA	-1	202996.0	1889674140
JG0139e	11	81036773	N:AC[T>A]TT	-1	43684.0	1889717824
JG0139e	11	81304283	N:AC[T>C]GG	-1	267510.0	1889985334
JG0139e	11	81353575	N:TT[T>G]TG	1	49292.0	1890034626
JG0139e	11	81431928	N:TC[T>C]GA	1	78353.0	1890112979
JG0139e	11	81466868	N:AG[C>G]CT	1	34940.0	1890147919
JG0139e	11	82109304	N:AC[T>C]TA	-1	642436.0	1890790355
JG0139e	11	82228851	N:AC[T>C]GG	-1	119547.0	1890909902
JG0139e	11	82271078	N:CC[T>C]TT	-1	42227.0	1890952129
JG0139e	11	83443437	N:AG[T>G]CT	-1	1172359.0	1892124488
JG0139e	11	83621457	T:AC[T>C]TT	1	178020.0	1892302508
JG0139e	11	83786292	U:AC[T>C]TA	-1	164835.0	1892467343
JG0139e	11	83841655	U:TC[T>G]TA	-1	55363.0	1892522706
JG0139e	11	83888778	U:TG[T>G]TC	-1	47123.0	1892569829
JG0139e	11	84334330	U:AC[T>C]TG	-1	445552.0	1893015381
JG0139e	11	84372118	T:AC[T>G]TA	1	37788.0	1893053169
JG0139e	11	84421887	T:AC[T>G]TC	1	49769.0	1893102938
JG0139e	11	84585934	T:AC[T>C]TG	1	164047.0	1893266985
JG0139e	11	84625198	U:AT[T>G]TT	-1	39264.0	1893306249
JG0139e	11	84744117	U:AC[T>G]TT	-1	118919.0	1893425168
JG0139e	11	84858931	U:GG[T>G]TA	-1	114814.0	1893539982
JG0139e	11	86009716	T:AC[T>A]TA	1	1150785.0	1894690767
JG0139e	11	86165252	N:TC[T>G]TA	1	155536.0	1894846303
JG0139e	11	86240620	N:AC[T>C]CA	1	75368.0	1894921671
JG0139e	11	86604229	T:TG[T>G]TT	1	363609.0	1895285280
JG0139e	11	86662788	U:AG[T>G]TT	-1	58559.0	1895343839
JG0139e	11	87710346	N:TC[T>C]CA	1	1047558.0	1896391397
JG0139e	11	87724632	N:TC[T>C]TG	-1	14286.0	1896405683
JG0139e	11	87751757	N:TA[T>G]TA	-1	27125.0	1896432808
JG0139e	11	87766994	N:GC[T>C]CT	-1	15237.0	1896448045
JG0139e	11	87960180	N:GC[T>G]TG	-1	193186.0	1896641231
JG0139e	11	88043098	N:AC[T>C]CT	1	82918.0	1896724149
JG0139e	11	88044549	N:AC[T>C]GT	-1	1451.0	1896725600
JG0139e	11	88143477	T:AC[T>G]TT	1	98928.0	1896824528
JG0139e	11	88147186	T:TG[T>A]TG	1	3709.0	1896828237
JG0139e	11	88454332	N:TC[T>G]TG	-1	307146.0	1897135383
JG0139e	11	88491800	N:TG[T>C]TG	-1	37468.0	1897172851
JG0139e	11	88581162	T:AC[T>A]TT	1	89362.0	1897262213
JG0139e	11	88632469	U:AC[T>G]TG	-1	51307.0	1897313520
JG0139e	11	88645622	U:TC[T>C]TA	-1	13153.0	1897326673
JG0139e	11	88657130	U:TC[T>C]TG	-1	11508.0	1897338181
JG0139e	11	89014237	T:TC[T>C]TA	1	357107.0	1897695288
JG0139e	11	89046070	T:CC[T>C]CA	1	31833.0	1897727121
JG0139e	11	89325342	T:TC[T>C]TG	1	279272.0	1898006393
JG0139e	11	89442737	T:AC[T>G]TT	1	117395.0	1898123788
JG0139e	11	89567822	N:GG[T>G]TA	-1	125085.0	1898248873
JG0139e	11	90319349	N:TC[T>G]TA	1	751527.0	1899000400
JG0139e	11	90949132	N:AC[T>G]TA	-1	629783.0	1899630183
JG0139e	11	91577523	N:TC[T>C]CA	1	628391.0	1900258574
JG0139e	11	91884803	N:AC[T>G]TA	-1	307280.0	1900565854
JG0139e	11	91899261	N:TC[T>C]TG	1	14458.0	1900580312
JG0139e	11	91984540	N:TC[T>C]CT	1	85279.0	1900665591
JG0139e	11	92343777	N:AG[T>G]TA	1	359237.0	1901024828
JG0139e	11	92626690	U:AC[T>C]TG	1	282913.0	1901307741
JG0139e	11	93060669	N:TC[T>C]CA	-1	433979.0	1901741720
JG0139e	11	93270612	N:AC[T>G]TA	-1	209943.0	1901951663
JG0139e	11	93436976	U:AC[T>C]TG	1	166364.0	1902118027
JG0139e	11	93588857	N:GC[T>C]TG	-1	151881.0	1902269908
JG0139e	11	93608862	N:AC[T>A]TA	1	20005.0	1902289913
JG0139e	11	93915199	N:TC[T>G]TA	-1	306337.0	1902596250
JG0139e	11	94054197	T:GC[T>A]TC	-1	138998.0	1902735248
JG0139e	11	94229275	N:GG[T>A]TG	1	175078.0	1902910326
JG0139e	11	94259847	N:GC[T>C]GG	1	30572.0	1902940898
JG0139e	11	94368872	N:GC[T>C]TT	1	109025.0	1903049923
JG0139e	11	95112099	T:AG[T>G]TA	-1	743227.0	1903793150
JG0139e	11	95398880	N:AG[T>G]GG	-1	286781.0	1904079931
JG0139e	11	96219918	T:AC[T>C]CA	1	821038.0	1904900969
JG0139e	11	96249109	T:AT[T>G]TA	1	29191.0	1904930160
JG0139e	11	96670350	N:TA[T>G]TG	1	421241.0	1905351401
JG0139e	11	96829457	N:TA[C>A]AA	-1	159107.0	1905510508
JG0139e	11	96911724	N:AC[T>G]TG	-1	82267.0	1905592775
JG0139e	11	96986856	N:GG[T>G]TT	1	75132.0	1905667907
JG0139e	11	97098981	N:TC[T>G]TG	-1	112125.0	1905780032
JG0139e	11	97124673	N:TT[T>C]TA	-1	25692.0	1905805724
JG0139e	11	97167893	N:CC[T>A]CC	-1	43220.0	1905848944
JG0139e	11	97226935	N:GC[T>G]CA	-1	59042.0	1905907986
JG0139e	11	97226996	N:TC[T>C]TA	-1	61.0	1905908047
JG0139e	11	97275201	N:TC[T>C]TT	-1	48205.0	1905956252
JG0139e	11	97317508	N:CC[T>C]TA	1	42307.0	1905998559
JG0139e	11	97318707	N:TC[T>C]TG	1	1199.0	1905999758
JG0139e	11	97330148	N:GC[C>A]TG	1	11441.0	1906011199
JG0139e	11	97403849	N:AC[T>A]TT	1	73701.0	1906084900
JG0139e	11	97452982	N:TC[T>C]GG	-1	49133.0	1906134033
JG0139e	11	97575202	N:AG[T>G]TA	1	122220.0	1906256253
JG0139e	11	97764051	N:GC[T>G]TA	-1	188849.0	1906445102
JG0139e	11	98245202	N:TC[T>C]TT	1	481151.0	1906926253
JG0139e	11	98604416	N:TC[T>C]TG	-1	359214.0	1907285467
JG0139e	11	98617166	N:TG[T>G]TG	-1	12750.0	1907298217
JG0139e	11	98880616	N:TG[T>C]CT	1	263450.0	1907561667
JG0139e	11	98881699	N:TC[T>A]CA	1	1083.0	1907562750
JG0139e	11	99714430	U:TC[T>C]CA	1	832731.0	1908395481
JG0139e	11	100103323	U:GC[T>C]TT	1	388893.0	1908784374
JG0139e	11	100526129	N:TC[T>C]TT	-1	422806.0	1909207180
JG0139e	11	100592079	N:TC[T>G]TA	1	65950.0	1909273130
JG0139e	11	100943857	T:AC[T>G]TC	-1	351778.0	1909624908
JG0139e	11	101047504	T:GG[T>G]TA	1	103647.0	1909728555
JG0139e	11	101290905	N:AC[T>C]TG	1	243401.0	1909971956
JG0139e	11	101368334	N:GC[T>C]AA	-1	77429.0	1910049385
JG0139e	11	102054136	U:TG[T>G]TA	1	685802.0	1910735187
JG0139e	11	102125884	T:AC[T>G]TC	-1	71748.0	1910806935
JG0139e	11	102334496	U:TC[T>G]TT	1	208612.0	1911015547
JG0139e	11	103051379	N:CC[T>G]TA	1	716883.0	1911732430
JG0139e	11	103073725	T:TC[T>C]CA	1	22346.0	1911754776
JG0139e	11	103197411	T:AC[T>C]CT	-1	123686.0	1911878462
JG0139e	11	103442210	U:TC[T>C]TA	1	244799.0	1912123261
JG0139e	11	103872082	N:GG[T>G]TG	-1	429872.0	1912553133
JG0139e	11	103911861	U:GC[T>C]TG	-1	39779.0	1912592912
JG0139e	11	103963048	T:TC[T>G]TA	1	51187.0	1912644099
JG0139e	11	104039838	U:TT[T>A]TC	-1	76790.0	1912720889
JG0139e	11	104803492	N:TC[T>C]TG	-1	763654.0	1913484543
JG0139e	11	104931865	N:TC[T>C]TT	-1	128373.0	1913612916
JG0139e	11	105727706	T:AC[T>C]CT	-1	795841.0	1914408757
JG0139e	11	105748225	T:AG[C>A]TG	-1	20519.0	1914429276
JG0139e	11	105748238	U:AG[T>G]TA	1	13.0	1914429289
JG0139e	11	105838910	U:AC[T>C]CC	1	90672.0	1914519961
JG0139e	11	106101798	N:GC[T>G]TA	1	262888.0	1914782849
JG0139e	11	106219704	N:AC[T>C]CA	-1	117906.0	1914900755
JG0139e	11	106283738	N:AA[C>A]AG	-1	64034.0	1914964789
JG0139e	11	106306899	N:AC[T>C]TG	1	23161.0	1914987950
JG0139e	11	106376920	N:TA[T>G]TG	1	70021.0	1915057971
JG0139e	11	106468791	N:AC[T>C]TA	-1	91871.0	1915149842
JG0139e	11	106699017	T:GC[T>C]TA	1	230226.0	1915380068
JG0139e	11	106724275	T:TA[T>G]TC	1	25258.0	1915405326
JG0139e	11	107076823	N:AC[T>A]CT	1	352548.0	1915757874
JG0139e	11	107482908	N:TC[T>C]GC	-1	406085.0	1916163959
JG0139e	11	107928253	T:AC[T>G]TT	1	445345.0	1916609304
JG0139e	11	108407217	T:TC[T>C]CA	1	478964.0	1917088268
JG0139e	11	109127334	N:GG[T>C]TA	1	720117.0	1917808385
JG0139e	11	109391228	N:TC[T>C]GG	1	263894.0	1918072279
JG0139e	11	109864238	N:TC[T>C]CT	1	473010.0	1918545289
JG0139e	11	109920381	N:TG[T>G]CA	1	56143.0	1918601432
JG0139e	11	110061573	N:TC[T>G]CA	-1	141192.0	1918742624
JG0139e	11	110071983	N:AC[T>G]GA	1	10410.0	1918753034
JG0139e	11	110087448	N:TC[T>G]TC	1	15465.0	1918768499
JG0139e	11	111116346	N:TC[T>C]GA	1	1028898.0	1919797397
JG0139e	11	111577506	N:GC[T>G]GA	1	461160.0	1920258557
JG0139e	11	112417650	N:GC[T>G]TT	1	840144.0	1921098701
JG0139e	11	112426197	N:AC[T>C]GG	-1	8547.0	1921107248
JG0139e	11	112549188	N:CC[C>T]CA	1	122991.0	1921230239
JG0139e	11	112608104	N:AC[T>G]TC	-1	58916.0	1921289155
JG0139e	11	112765213	N:AC[T>C]GA	-1	157109.0	1921446264
JG0139e	11	112942617	N:AC[T>C]TA	-1	177404.0	1921623668
JG0139e	11	112982704	T:AT[C>A]TA	-1	40087.0	1921663755
JG0139e	11	113015147	U:CC[T>G]CA	1	32443.0	1921696198
JG0139e	11	113253197	T:TC[T>C]CT	-1	238050.0	1921934248
JG0139e	11	113291312	N:AC[T>C]CA	-1	38115.0	1921972363
JG0139e	11	113575843	N:GC[T>G]CA	1	284531.0	1922256894
JG0139e	11	113730326	N:TC[T>C]CA	1	154483.0	1922411377
JG0139e	11	113929511	T:TC[T>C]CA	-1	199185.0	1922610562
JG0139e	11	114326379	N:AC[T>C]CA	1	396868.0	1923007430
JG0139e	11	114457994	N:TC[T>G]TT	1	131615.0	1923139045
JG0139e	11	114486982	N:TC[T>G]TC	1	28988.0	1923168033
JG0139e	11	114685704	U:AA[T>A]TG	1	198722.0	1923366755
JG0139e	11	114693753	T:AG[T>C]TG	-1	8049.0	1923374804
JG0139e	11	114712820	N:AC[T>A]TG	1	19067.0	1923393871
JG0139e	11	114774440	N:CC[T>C]CC	-1	61620.0	1923455491
JG0139e	11	114791995	N:GC[T>G]TG	1	17555.0	1923473046
JG0139e	11	114907381	N:GC[T>G]TA	1	115386.0	1923588432
JG0139e	11	115841153	N:CC[T>C]CA	1	933772.0	1924522204
JG0139e	11	116329469	N:AC[T>G]TA	1	488316.0	1925010520
JG0139e	11	116444580	N:GG[T>C]CA	1	115111.0	1925125631
JG0139e	11	117270528	U:GG[T>G]TC	1	825948.0	1925951579
JG0139e	11	117369757	U:TA[T>C]TG	1	99229.0	1926050808
JG0139e	11	117703050	T:GG[T>C]CA	1	333293.0	1926384101
JG0139e	11	117717195	T:AC[T>G]TG	1	14145.0	1926398246
JG0139e	11	117968220	N:AC[T>A]CA	-1	251025.0	1926649271
JG0139e	11	118182842	N:AC[T>C]GC	1	214622.0	1926863893
JG0139e	11	118267266	N:TC[T>C]TG	1	84424.0	1926948317
JG0139e	11	119275340	T:CC[T>G]CA	-1	1008074.0	1927956391
JG0139e	11	119457499	N:TG[T>G]TA	1	182159.0	1928138550
JG0139e	11	119480631	N:CG[T>C]CA	1	23132.0	1928161682
JG0139e	11	119620388	N:CA[C>G]CT	-1	139757.0	1928301439
JG0139e	11	119885085	N:CC[T>C]TG	-1	264697.0	1928566136
JG0139e	11	119941823	N:GG[T>C]CC	1	56738.0	1928622874
JG0139e	11	119957608	N:TC[T>G]TA	1	15785.0	1928638659
JG0139e	11	120199167	N:TC[T>A]CC	1	241559.0	1928880218
JG0139e	11	120651000	U:AC[T>G]TC	1	451833.0	1929332051
JG0139e	11	120845240	U:AC[T>A]TG	1	194240.0	1929526291
JG0139e	11	120857201	T:GC[T>A]CT	-1	11961.0	1929538252
JG0139e	11	121124077	U:AC[T>G]TT	1	266876.0	1929805128
JG0139e	11	121370704	N:AC[T>C]CA	1	246627.0	1930051755
JG0139e	11	121579791	U:AC[T>C]AC	1	209087.0	1930260842
JG0139e	11	121733267	N:AC[T>C]CA	-1	153476.0	1930414318
JG0139e	11	121759169	N:TC[T>G]TA	1	25902.0	1930440220
JG0139e	11	121803242	N:GC[T>G]TG	-1	44073.0	1930484293
JG0139e	11	121867522	N:CC[T>C]CA	-1	64280.0	1930548573
JG0139e	11	121868980	N:TC[T>C]GA	1	1458.0	1930550031
JG0139e	11	122358561	N:CC[T>G]TA	1	489581.0	1931039612
JG0139e	11	122639291	N:TG[T>A]TA	1	280730.0	1931320342
JG0139e	11	122707119	T:TC[T>C]CC	-1	67828.0	1931388170
JG0139e	11	122935888	T:TA[T>G]TT	-1	228769.0	1931616939
JG0139e	11	122963336	N:TC[T>C]TT	1	27448.0	1931644387
JG0139e	11	123133283	T:CC[T>G]CC	1	169947.0	1931814334
JG0139e	11	123169472	U:GC[T>A]CA	-1	36189.0	1931850523
JG0139e	11	123283444	N:AC[T>G]TC	1	113972.0	1931964495
JG0139e	11	123297685	N:TC[T>C]CA	1	14241.0	1931978736
JG0139e	11	123765685	N:TC[T>C]TG	-1	468000.0	1932446736
JG0139e	11	123881980	N:AC[T>C]TG	-1	116295.0	1932563031
JG0139e	11	124008727	N:CC[T>C]GA	-1	126747.0	1932689778
JG0139e	11	124325957	N:AC[T>G]TA	1	317230.0	1933007008
JG0139e	11	126624813	U:GC[T>C]CT	-1	2298856.0	1935305864
JG0139e	11	126720645	T:AC[T>C]CT	1	95832.0	1935401696
JG0139e	11	126736468	T:AC[T>C]GG	1	15823.0	1935417519
JG0139e	11	126895688	T:GG[T>G]TA	1	159220.0	1935576739
JG0139e	11	127139729	N:TA[C>A]TA	-1	244041.0	1935820780
JG0139e	11	127245729	N:TC[T>C]TA	-1	106000.0	1935926780
JG0139e	11	127252079	N:TC[T>G]GG	1	6350.0	1935933130
JG0139e	11	127461421	N:TC[T>C]GT	1	209342.0	1936142472
JG0139e	11	127683584	N:TC[T>C]GA	1	222163.0	1936364635
JG0139e	11	128156036	N:CC[T>G]TT	-1	472452.0	1936837087
JG0139e	11	128384391	N:AT[T>G]TA	1	228355.0	1937065442
JG0139e	11	128424743	N:GC[T>G]TA	1	40352.0	1937105794
JG0139e	11	128482216	U:CT[T>G]AA	-1	57473.0	1937163267
JG0139e	11	128510238	T:AC[T>A]CC	1	28022.0	1937191289
JG0139e	11	128672929	N:CA[T>G]TT	1	162691.0	1937353980
JG0139e	11	128721849	U:TC[C>T]AA	1	48920.0	1937402900
JG0139e	11	129022516	U:TC[T>A]TG	-1	300667.0	1937703567
JG0139e	11	129099831	T:GC[T>A]TC	1	77315.0	1937780882
JG0139e	11	129470664	N:CC[T>A]CT	-1	370833.0	1938151715
JG0139e	11	129516878	N:GA[T>G]TC	1	46214.0	1938197929
JG0139e	11	129535770	N:TC[T>G]CA	1	18892.0	1938216821
JG0139e	11	129965748	U:AT[T>A]TT	-1	429978.0	1938646799
JG0139e	11	130030757	N:CC[T>G]CC	1	65009.0	1938711808
JG0139e	11	130148983	N:CG[T>G]GT	1	118226.0	1938830034
JG0139e	11	130271935	U:TC[T>G]TG	-1	122952.0	1938952986
JG0139e	11	130580572	N:GC[T>G]GA	1	308637.0	1939261623
JG0139e	11	130609846	N:GA[T>G]TT	1	29274.0	1939290897
JG0139e	11	130661438	N:TC[T>A]TT	1	51592.0	1939342489
JG0139e	11	130725469	N:AG[T>G]TT	1	64031.0	1939406520
JG0139e	11	130725630	N:AC[T>G]TG	1	161.0	1939406681
JG0139e	11	130809894	N:TC[T>A]CT	-1	84264.0	1939490945
JG0139e	11	130811891	N:AA[T>G]CC	-1	1997.0	1939492942
JG0139e	11	130979366	N:AC[T>C]AA	-1	167475.0	1939660417
JG0139e	11	131243398	N:CC[T>A]TA	1	264032.0	1939924449
JG0139e	11	131839178	U:GG[T>C]CT	1	595780.0	1940520229
JG0139e	11	131979553	U:TC[T>C]CA	1	140375.0	1940660604
JG0139e	11	133267202	T:AG[T>G]TT	1	1287649.0	1941948253
JG0139e	11	133460770	T:AA[T>G]TA	1	193568.0	1942141821
JG0139e	11	133670530	N:AG[T>A]GA	1	209760.0	1942351581
JG0139e	11	133712354	N:GC[T>C]TA	1	41824.0	1942393405
JG0139e	11	134295325	T:AC[T>G]CA	-1	582971.0	1942976376
JG0139e	11	134378360	N:AC[T>G]GA	-1	83035.0	1943059411
JG0139e	11	134657381	N:GG[T>G]CC	-1	279021.0	1943338432
JG0139e	11	135029437	N:AC[T>C]GA	1	372056.0	1943710488
JG0139e	12	122381	U:AG[T>G]TA	1		1943890054
JG0139e	12	736307	N:TG[T>C]CA	1	613926.0	1944503980
JG0139e	12	1817338	T:AG[T>C]CT	1	1081031.0	1945585011
JG0139e	12	1845795	U:TG[T>G]CA	-1	28457.0	1945613468
JG0139e	12	1879527	T:TC[T>A]TA	1	33732.0	1945647200
JG0139e	12	2984878	T:AC[T>C]CA	-1	1105351.0	1946752551
JG0139e	12	3357317	N:TC[T>G]TG	-1	372439.0	1947124990
JG0139e	12	3853981	T:AC[T>C]CA	1	496664.0	1947621654
JG0139e	12	4454094	N:TC[T>C]AG	1	600113.0	1948221767
JG0139e	12	5067564	N:GA[T>C]TG	-1	613470.0	1948835237
JG0139e	12	5194627	N:CC[T>G]TA	1	127063.0	1948962300
JG0139e	12	5644405	T:AA[T>G]TA	1	449778.0	1949412078
JG0139e	12	5755333	T:AC[T>G]TG	1	110928.0	1949523006
JG0139e	12	5852346	T:AC[T>C]AA	1	97013.0	1949620019
JG0139e	12	6023140	T:TC[T>C]TG	1	170794.0	1949790813
JG0139e	12	6030348	T:GC[T>G]TG	1	7208.0	1949798021
JG0139e	12	6166580	N:GC[T>C]CA	1	136232.0	1949934253
JG0139e	12	6226355	U:GC[T>C]TG	1	59775.0	1949994028
JG0139e	12	6850114	T:AC[T>C]TC	1	623759.0	1950617787
JG0139e	12	7464563	U:AA[T>C]TA	-1	614449.0	1951232236
JG0139e	12	7538315	N:TT[T>G]TT	1	73752.0	1951305988
JG0139e	12	7605229	N:AC[T>C]AA	1	66914.0	1951372902
JG0139e	12	8179007	U:TC[T>A]CA	1	573778.0	1951946680
JG0139e	12	8256241	N:AC[T>G]TT	-1	77234.0	1952023914
JG0139e	12	8312117	N:AG[T>G]TT	-1	55876.0	1952079790
JG0139e	12	8693616	N:TC[T>G]TG	1	381499.0	1952461289
JG0139e	12	8740156	U:CC[T>C]CG	1	46540.0	1952507829
JG0139e	12	8760226	T:TT[C>G]TC	-1	20070.0	1952527899
JG0139e	12	8794585	N:AC[T>A]CT	1	34359.0	1952562258
JG0139e	12	8975093	U:AG[T>A]TT	1	180508.0	1952742766
JG0139e	12	10322076	U:TC[T>C]CA	1	1346983.0	1954089749
JG0139e	12	10715154	U:TC[T>A]CA	-1	393078.0	1954482827
JG0139e	12	11262851	N:GC[T>G]TA	1	547697.0	1955030524
JG0139e	12	11785682	U:CC[T>G]TT	1	522831.0	1955553355
JG0139e	12	11794200	U:CC[T>G]TA	1	8518.0	1955561873
JG0139e	12	12629398	U:TC[T>G]TA	1	835198.0	1956397071
JG0139e	12	12824544	T:GC[T>A]TA	-1	195146.0	1956592217
JG0139e	12	12832433	N:CC[T>A]TG	-1	7889.0	1956600106
JG0139e	12	13093317	B:AC[T>G]TG	1	260884.0	1956860990
JG0139e	12	13733968	T:GC[T>C]GG	1	640651.0	1957501641
JG0139e	12	13985605	N:AG[T>G]TT	1	251637.0	1957753278
JG0139e	12	13999153	N:TC[T>C]GA	1	13548.0	1957766826
JG0139e	12	14153190	N:AC[T>G]TT	1	154037.0	1957920863
JG0139e	12	14203195	N:GC[T>C]TA	1	50005.0	1957970868
JG0139e	12	14588282	N:GG[T>C]TA	1	385087.0	1958355955
JG0139e	12	14743431	N:TC[T>C]GG	1	155149.0	1958511104
JG0139e	12	14825952	U:TC[T>A]CC	-1	82521.0	1958593625
JG0139e	12	14980038	U:GG[T>G]TT	1	154086.0	1958747711
JG0139e	12	15148146	T:TC[T>C]TA	1	168108.0	1958915819
JG0139e	12	15230345	T:AC[T>C]TA	1	82199.0	1958998018
JG0139e	12	15304599	T:TC[T>C]CT	1	74254.0	1959072272
JG0139e	12	15523666	U:AC[T>C]TG	1	219067.0	1959291339
JG0139e	12	16386993	N:AC[T>G]TA	1	863327.0	1960154666
JG0139e	12	16447070	N:AC[T>C]CA	1	60077.0	1960214743
JG0139e	12	16542534	N:TC[T>A]CA	1	95464.0	1960310207
JG0139e	12	16558066	T:TC[T>C]TA	1	15532.0	1960325739
JG0139e	12	17289645	N:AC[T>C]TG	-1	731579.0	1961057318
JG0139e	12	17578558	N:AC[T>C]TG	1	288913.0	1961346231
JG0139e	12	17887588	N:AC[T>G]TG	-1	309030.0	1961655261
JG0139e	12	18680090	N:AC[T>A]TT	-1	792502.0	1962447763
JG0139e	12	19720555	T:AC[T>G]TA	-1	1040465.0	1963488228
JG0139e	12	19796693	N:AG[T>C]TG	1	76138.0	1963564366
JG0139e	12	20245905	N:CC[T>G]TA	1	449212.0	1964013578
JG0139e	12	20608327	U:TA[T>G]TC	1	362422.0	1964376000
JG0139e	12	21683344	U:CC[T>G]TG	-1	1075017.0	1965451017
JG0139e	12	22098771	N:AC[T>A]TG	1	415427.0	1965866444
JG0139e	12	22153614	N:AG[T>G]TG	1	54843.0	1965921287
JG0139e	12	22362272	N:CC[T>G]TG	1	208658.0	1966129945
JG0139e	12	22452608	U:CC[T>G]TC	-1	90336.0	1966220281
JG0139e	12	22454364	T:CC[T>G]TC	1	1756.0	1966222037
JG0139e	12	24449284	T:AC[T>C]CT	1	1994920.0	1968216957
JG0139e	12	24910589	U:AC[T>G]TA	-1	461305.0	1968678262
JG0139e	12	25095723	U:TC[T>C]TT	1	185134.0	1968863396
JG0139e	12	25260845	N:TC[T>G]CT	1	165122.0	1969028518
JG0139e	12	25269753	N:AT[T>G]TA	1	8908.0	1969037426
JG0139e	12	25877271	N:TC[T>C]TT	-1	607518.0	1969644944
JG0139e	12	25891286	N:AC[T>C]CA	1	14015.0	1969658959
JG0139e	12	26175945	U:TC[T>C]CC	1	284659.0	1969943618
JG0139e	12	26417523	T:TC[T>G]GA	1	241578.0	1970185196
JG0139e	12	26419063	U:TC[T>G]TC	-1	1540.0	1970186736
JG0139e	12	27031316	N:CC[T>G]TA	1	612253.0	1970798989
JG0139e	12	27115190	N:AC[T>G]GC	-1	83874.0	1970882863
JG0139e	12	27281887	U:AA[T>C]CA	1	166697.0	1971049560
JG0139e	12	28050835	N:AC[T>A]TG	-1	768948.0	1971818508
JG0139e	12	28803346	N:AC[T>G]TA	1	752511.0	1972571019
JG0139e	12	28929887	N:CC[T>C]TA	1	126541.0	1972697560
JG0139e	12	29058868	N:TC[T>C]CA	-1	128981.0	1972826541
JG0139e	12	29121060	N:TC[T>C]CA	-1	62192.0	1972888733
JG0139e	12	29338313	B:TC[T>C]CA	-1	217253.0	1973105986
JG0139e	12	29481513	T:TC[T>C]CA	1	143200.0	1973249186
JG0139e	12	29557928	T:TC[T>A]CA	1	76415.0	1973325601
JG0139e	12	29862984	N:AC[T>C]CT	-1	305056.0	1973630657
JG0139e	12	30815042	N:AG[T>A]CT	1	952058.0	1974582715
JG0139e	12	31520656	T:CC[T>C]CA	1	705614.0	1975288329
JG0139e	12	31831302	N:TG[C>A]AT	-1	310646.0	1975598975
JG0139e	12	31855111	N:AC[T>C]GC	1	23809.0	1975622784
JG0139e	12	31980057	T:TG[T>G]TA	-1	124946.0	1975747730
JG0139e	12	32087216	N:AC[T>C]CA	-1	107159.0	1975854889
JG0139e	12	32283472	T:GC[T>C]CA	-1	196256.0	1976051145
JG0139e	12	32332947	U:AC[T>G]TA	1	49475.0	1976100620
JG0139e	12	33022174	N:TA[T>A]TA	1	689227.0	1976789847
JG0139e	12	33732321	N:TC[T>G]AA	1	710147.0	1977499994
JG0139e	12	33799243	N:CC[T>C]CA	-1	66922.0	1977566916
JG0139e	12	34003327	N:TC[T>C]CT	1	204084.0	1977771000
JG0139e	12	34269257	N:GC[T>C]GA	1	265930.0	1978036930
JG0139e	12	34349928	N:CC[T>A]GC	1	80671.0	1978117601
JG0139e	12	34513655	N:TC[T>C]CA	1	163727.0	1978281328
JG0139e	12	37296281	N:AC[T>A]TA	1	2782626.0	1981063954
JG0139e	12	37723014	N:TC[T>A]TT	1	426733.0	1981490687
JG0139e	12	37929892	N:TC[T>G]CA	1	206878.0	1981697565
JG0139e	12	38027451	N:AC[T>C]GA	1	97559.0	1981795124
JG0139e	12	38171207	N:GA[T>A]TG	1	143756.0	1981938880
JG0139e	12	39486799	N:AG[T>A]CC	-1	1315592.0	1983254472
JG0139e	12	39607995	T:CC[T>C]TG	1	121196.0	1983375668
JG0139e	12	40432773	N:CC[T>G]CT	1	824778.0	1984200446
JG0139e	12	41085759	N:TC[T>G]TT	1	652986.0	1984853432
JG0139e	12	42345485	T:TG[T>G]TA	-1	1259726.0	1986113158
JG0139e	12	43043512	N:TG[T>A]TA	-1	698027.0	1986811185
JG0139e	12	43595923	N:TC[T>C]TG	1	552411.0	1987363596
JG0139e	12	43701599	N:TC[T>G]TG	1	105676.0	1987469272
JG0139e	12	44027814	T:AC[T>G]CA	-1	326215.0	1987795487
JG0139e	12	44155905	U:AG[T>C]TT	1	128091.0	1987923578
JG0139e	12	44879862	T:TC[T>G]CA	1	723957.0	1988647535
JG0139e	12	45521075	N:TC[T>G]TC	1	641213.0	1989288748
JG0139e	12	45584045	N:TC[T>C]TA	1	62970.0	1989351718
JG0139e	12	45680715	N:AG[T>G]TG	1	96670.0	1989448388
JG0139e	12	46060669	N:GG[T>C]TT	-1	379954.0	1989828342
JG0139e	12	46337198	N:GC[T>G]TT	1	276529.0	1990104871
JG0139e	12	46547542	N:GG[T>G]TA	1	210344.0	1990315215
JG0139e	12	46566607	N:AG[T>G]TG	1	19065.0	1990334280
JG0139e	12	46569534	N:GG[T>A]CT	-1	2927.0	1990337207
JG0139e	12	46569535	N:GA[C>T]CC	1	1.0	1990337208
JG0139e	12	46702958	N:AG[T>G]CC	1	133423.0	1990470631
JG0139e	12	47140965	U:AC[T>G]TT	1	438007.0	1990908638
JG0139e	12	47245038	N:CC[T>C]CA	1	104073.0	1991012711
JG0139e	12	47326251	N:AC[T>C]TA	1	81213.0	1991093924
JG0139e	12	47337372	N:CC[T>G]TG	1	11121.0	1991105045
JG0139e	12	47836072	N:TC[T>A]CT	1	498700.0	1991603745
JG0139e	12	48000271	T:AC[T>G]TA	1	164199.0	1991767944
JG0139e	12	49405432	U:GC[T>C]CA	1	1405161.0	1993173105
JG0139e	12	49570113	U:AG[T>C]CT	1	164681.0	1993337786
JG0139e	12	49808404	U:TG[T>C]GA	-1	238291.0	1993576077
JG0139e	12	50029196	U:TG[T>C]CG	-1	220792.0	1993796869
JG0139e	12	50313338	N:TG[T>G]TA	-1	284142.0	1994081011
JG0139e	12	50437753	U:AG[T>G]TG	1	124415.0	1994205426
JG0139e	12	51327263	N:TC[T>A]CC	1	889510.0	1995094936
JG0139e	12	51500203	T:AC[T>G]TA	-1	172940.0	1995267876
JG0139e	12	51937100	N:CC[T>C]TG	-1	436897.0	1995704773
JG0139e	12	52646403	T:AC[T>G]CA	1	709303.0	1996414076
JG0139e	12	53480475	T:TC[T>C]TG	-1	834072.0	1997248148
JG0139e	12	53604035	U:AG[T>C]GC	-1	123560.0	1997371708
JG0139e	12	54182633	U:CC[T>G]TC	-1	578598.0	1997950306
JG0139e	12	54364753	N:TG[C>A]TA	1	182120.0	1998132426
JG0139e	12	54971376	T:GC[T>G]AT	1	606623.0	1998739049
JG0139e	12	55256340	N:TC[T>C]TT	1	284964.0	1999024013
JG0139e	12	55352407	N:CC[T>C]GG	1	96067.0	1999120080
JG0139e	12	55585411	N:AC[T>G]TA	1	233004.0	1999353084
JG0139e	12	57982500	N:TC[T>G]TC	1	2397089.0	2001750173
JG0139e	12	58356562	N:AC[T>G]AG	1	374062.0	2002124235
JG0139e	12	58520365	N:GA[T>C]TT	1	163803.0	2002288038
JG0139e	12	59192723	N:TA[T>G]TT	1	672358.0	2002960396
JG0139e	12	59268212	N:GC[T>C]TA	1	75489.0	2003035885
JG0139e	12	59399383	N:CC[T>G]TT	1	131171.0	2003167056
JG0139e	12	61018168	N:GC[C>A]AT	-1	1618785.0	2004785841
JG0139e	12	61032096	N:TC[T>G]TC	1	13928.0	2004799769
JG0139e	12	61034236	N:CT[T>C]AC	1	2140.0	2004801909
JG0139e	12	61164063	N:AG[T>A]CA	-1	129827.0	2004931736
JG0139e	12	61203724	N:AC[T>C]CA	1	39661.0	2004971397
JG0139e	12	61566329	N:TC[T>G]TA	1	362605.0	2005334002
JG0139e	12	61571248	N:AT[T>G]TA	1	4919.0	2005338921
JG0139e	12	61705893	N:TC[T>C]CA	1	134645.0	2005473566
JG0139e	12	61985473	T:AG[T>C]TA	1	279580.0	2005753146
JG0139e	12	62172658	T:GC[T>C]GA	1	187185.0	2005940331
JG0139e	12	63190516	N:TT[T>C]CA	-1	1017858.0	2006958189
JG0139e	12	63864427	T:GG[T>G]TA	-1	673911.0	2007632100
JG0139e	12	63957481	T:GC[T>C]CC	-1	93054.0	2007725154
JG0139e	12	64223833	N:GG[T>C]CA	-1	266352.0	2007991506
JG0139e	12	64330537	T:AC[T>G]TA	1	106704.0	2008098210
JG0139e	12	65192222	U:AC[T>G]TT	1	861685.0	2008959895
JG0139e	12	65224655	U:TC[T>G]TC	1	32433.0	2008992328
JG0139e	12	65779661	N:TG[T>A]TC	1	555006.0	2009547334
JG0139e	12	66060463	N:CC[T>G]CC	1	280802.0	2009828136
JG0139e	12	66087223	N:AC[T>C]CA	-1	26760.0	2009854896
JG0139e	12	66586871	T:TG[T>C]CT	1	499648.0	2010354544
JG0139e	12	67001289	T:GC[T>C]TG	1	414418.0	2010768962
JG0139e	12	67217214	N:GC[T>C]TG	1	215925.0	2010984887
JG0139e	12	67536296	N:CC[T>G]TC	1	319082.0	2011303969
JG0139e	12	67970080	N:AC[T>G]TA	1	433784.0	2011737753
JG0139e	12	68175319	N:AC[T>C]TA	1	205239.0	2011942992
JG0139e	12	68338905	N:AC[T>G]TA	1	163586.0	2012106578
JG0139e	12	68402147	N:AT[T>G]TA	1	63242.0	2012169820
JG0139e	12	69211938	N:TC[T>C]CA	-1	809791.0	2012979611
JG0139e	12	69418030	N:GC[T>A]TG	1	206092.0	2013185703
JG0139e	12	70288281	U:GA[T>G]TA	1	870251.0	2014055954
JG0139e	12	70955127	N:TG[T>A]TT	1	666846.0	2014722800
JG0139e	12	71049792	N:AA[T>G]TA	1	94665.0	2014817465
JG0139e	12	71446010	U:GC[T>C]TA	1	396218.0	2015213683
JG0139e	12	71734369	N:TG[T>G]TT	1	288359.0	2015502042
JG0139e	12	71856191	T:AC[T>C]TA	-1	121822.0	2015623864
JG0139e	12	72162234	N:AC[T>G]CT	1	306043.0	2015929907
JG0139e	12	72661931	U:GC[T>C]TT	1	499697.0	2016429604
JG0139e	12	72743738	N:TC[T>G]TA	1	81807.0	2016511411
JG0139e	12	73289729	N:TA[T>C]AC	-1	545991.0	2017057402
JG0139e	12	73321198	N:TC[C>A]TT	1	31469.0	2017088871
JG0139e	12	73642532	N:GG[T>C]TA	1	321334.0	2017410205
JG0139e	12	73810367	N:CC[T>C]TA	1	167835.0	2017578040
JG0139e	12	74029368	N:TC[T>C]CT	1	219001.0	2017797041
JG0139e	12	74204566	N:TC[T>G]TA	1	175198.0	2017972239
JG0139e	12	74432504	N:TC[T>C]AT	1	227938.0	2018200177
JG0139e	12	74438910	N:TC[T>C]TG	1	6406.0	2018206583
JG0139e	12	74494609	N:TT[T>C]TG	-1	55699.0	2018262282
JG0139e	12	74755783	N:TT[C>G]AA	-1	261174.0	2018523456
JG0139e	12	74785053	N:TG[T>C]CC	1	29270.0	2018552726
JG0139e	12	74856893	N:TC[T>C]CG	1	71840.0	2018624566
JG0139e	12	74993671	N:AC[T>C]TG	1	136778.0	2018761344
JG0139e	12	76270635	N:TC[T>C]CT	1	1276964.0	2020038308
JG0139e	12	76292229	N:TC[T>C]GA	-1	21594.0	2020059902
JG0139e	12	77707918	U:TC[T>C]TG	1	1415689.0	2021475591
JG0139e	12	79389614	T:AC[T>G]TG	-1	1681696.0	2023157287
JG0139e	12	79831530	T:AC[T>C]TG	1	441916.0	2023599203
JG0139e	12	79992506	N:AC[T>G]TT	-1	160976.0	2023760179
JG0139e	12	80409795	U:TG[T>C]TT	1	417289.0	2024177468
JG0139e	12	82074833	N:GC[T>C]TG	1	1665038.0	2025842506
JG0139e	12	83730745	N:TC[T>G]AA	1	1655912.0	2027498418
JG0139e	12	84063186	N:TA[T>G]TG	1	332441.0	2027830859
JG0139e	12	84915271	N:GG[T>C]CA	1	852085.0	2028682944
JG0139e	12	85011892	N:AG[T>A]TT	1	96621.0	2028779565
JG0139e	12	85430963	N:AC[T>C]TG	1	419071.0	2029198636
JG0139e	12	86443844	T:CC[T>C]CG	1	1012881.0	2030211517
JG0139e	12	86785273	T:TC[T>G]GA	1	341429.0	2030552946
JG0139e	12	87526430	N:TC[T>C]TA	1	741157.0	2031294103
JG0139e	12	88276986	N:AG[T>G]TA	-1	750556.0	2032044659
JG0139e	12	89413447	N:TC[T>C]CA	1	1136461.0	2033181120
JG0139e	12	89477780	T:CG[T>G]TT	1	64333.0	2033245453
JG0139e	12	89820544	N:TC[T>C]CC	-1	342764.0	2033588217
JG0139e	12	90303038	N:TC[T>G]TA	1	482494.0	2034070711
JG0139e	12	90498283	N:TC[T>A]TG	1	195245.0	2034265956
JG0139e	12	90576128	N:TC[T>C]CA	1	77845.0	2034343801
JG0139e	12	90869415	N:CC[T>G]TG	1	293287.0	2034637088
JG0139e	12	90875577	N:AC[T>G]TG	1	6162.0	2034643250
JG0139e	12	91170130	T:TC[T>C]TA	1	294553.0	2034937803
JG0139e	12	91490319	N:TC[T>C]GC	1	320189.0	2035257992
JG0139e	12	92954116	N:AG[T>G]TC	1	1463797.0	2036721789
JG0139e	12	96635431	U:AC[T>A]CA	1	3681315.0	2040403104
JG0139e	12	97031937	N:AC[T>C]CT	1	396506.0	2040799610
JG0139e	12	97117315	N:GC[T>G]CA	1	85378.0	2040884988
JG0139e	12	97350775	N:TC[T>C]TT	1	233460.0	2041118448
JG0139e	12	97617953	N:AG[C>A]AA	-1	267178.0	2041385626
JG0139e	12	98816363	T:TC[T>A]TG	1	1198410.0	2042584036
JG0139e	12	99661075	T:TC[T>C]TA	1	844712.0	2043428748
JG0139e	12	99964999	T:AC[T>C]CA	1	303924.0	2043732672
JG0139e	12	100168170	N:AC[T>C]CA	1	203171.0	2043935843
JG0139e	12	100395981	U:AC[T>G]TG	1	227811.0	2044163654
JG0139e	12	100806814	U:GA[T>G]TA	1	410833.0	2044574487
JG0139e	12	101188794	T:GC[T>C]CA	1	381980.0	2044956467
JG0139e	12	101222553	N:TC[T>C]TA	1	33759.0	2044990226
JG0139e	12	101346528	U:TC[T>G]CT	1	123975.0	2045114201
JG0139e	12	101369096	U:TC[T>A]GA	1	22568.0	2045136769
JG0139e	12	101864733	N:GC[T>A]AA	1	495637.0	2045632406
JG0139e	12	101873311	N:AC[T>C]TA	1	8578.0	2045640984
JG0139e	12	102668363	N:AT[C>G]TT	-1	795052.0	2046436036
JG0139e	12	103162178	N:CC[T>C]TG	1	493815.0	2046929851
JG0139e	12	103293044	N:TC[T>C]CT	1	130866.0	2047060717
JG0139e	12	103312212	T:AG[T>C]TT	1	19168.0	2047079885
JG0139e	12	103785126	T:TC[T>C]TC	1	472914.0	2047552799
JG0139e	12	104123131	T:TC[T>G]TG	1	338005.0	2047890804
JG0139e	12	105370847	T:TC[T>G]TT	-1	1247716.0	2049138520
JG0139e	12	105785848	N:TC[T>G]TA	1	415001.0	2049553521
JG0139e	12	106795307	U:TC[T>C]CA	1	1009459.0	2050562980
JG0139e	12	107241627	N:GC[T>C]CC	1	446320.0	2051009300
JG0139e	12	107420226	U:AC[T>C]TG	1	178599.0	2051187899
JG0139e	12	108980816	T:AC[T>G]CA	1	1560590.0	2052748489
JG0139e	12	109296377	T:CC[T>A]TC	1	315561.0	2053064050
JG0139e	12	109836198	N:AC[T>G]TA	1	539821.0	2053603871
JG0139e	12	110165717	T:AC[T>G]TA	-1	329519.0	2053933390
JG0139e	12	110668531	T:AC[T>C]CT	1	502814.0	2054436204
JG0139e	12	112288357	T:GC[T>C]CA	1	1619826.0	2056056030
JG0139e	12	112314847	T:AC[T>A]TG	1	26490.0	2056082520
JG0139e	12	112314978	T:AC[T>C]CC	1	131.0	2056082651
JG0139e	12	113231259	U:TC[T>A]CA	1	916281.0	2056998932
JG0139e	12	113573943	N:TC[T>C]TA	1	342684.0	2057341616
JG0139e	12	113879925	T:TC[T>G]TC	1	305982.0	2057647598
JG0139e	12	113955255	T:CT[T>A]CG	1	75330.0	2057722928
JG0139e	12	113955256	T:TT[C>A]GT	1	1.0	2057722929
JG0139e	12	114971790	N:TT[C>A]TT	-1	1016534.0	2058739463
JG0139e	12	115394076	N:CC[T>G]CA	1	422286.0	2059161749
JG0139e	12	115400975	N:GC[T>C]CA	1	6899.0	2059168648
JG0139e	12	115511614	N:TC[T>C]CA	1	110639.0	2059279287
JG0139e	12	115787327	N:AG[T>G]TC	1	275713.0	2059555000
JG0139e	12	115796748	N:AG[T>G]TA	1	9421.0	2059564421
JG0139e	12	115991782	T:TC[T>A]TG	1	195034.0	2059759455
JG0139e	12	116283481	N:AC[T>C]CA	1	291699.0	2060051154
JG0139e	12	116342803	N:TC[T>G]TG	1	59322.0	2060110476
JG0139e	12	116845934	U:TC[T>C]CT	1	503131.0	2060613607
JG0139e	12	117299530	T:AC[T>C]CG	1	453596.0	2061067203
JG0139e	12	117741666	T:AC[T>C]CC	1	442136.0	2061509339
JG0139e	12	117843401	T:CC[T>G]CA	1	101735.0	2061611074
JG0139e	12	118234610	T:TC[T>C]TG	1	391209.0	2062002283
JG0139e	12	118849423	N:GC[T>C]GA	1	614813.0	2062617096
JG0139e	12	119190804	U:TC[T>C]CA	1	341381.0	2062958477
JG0139e	12	119388319	U:CC[T>G]TC	1	197515.0	2063155992
JG0139e	12	119636660	U:TC[T>A]GA	1	248341.0	2063404333
JG0139e	12	120101178	T:AC[T>C]CA	1	464518.0	2063868851
JG0139e	12	122324055	T:TC[T>C]TT	1	2222877.0	2066091728
JG0139e	12	123259375	N:GC[T>G]TG	1	935320.0	2067027048
JG0139e	12	123627739	U:GC[T>C]GG	-1	368364.0	2067395412
JG0139e	12	125952036	N:AC[T>G]TA	1	2324297.0	2069719709
JG0139e	12	126652105	N:AG[T>G]TT	1	700069.0	2070419778
JG0139e	12	126664259	N:TT[T>C]CT	1	12154.0	2070431932
JG0139e	12	127056152	N:GC[T>A]CA	1	391893.0	2070823825
JG0139e	12	127330638	N:TC[T>C]CT	1	274486.0	2071098311
JG0139e	12	127525515	N:AT[T>A]TT	1	194877.0	2071293188
JG0139e	12	129746437	T:GG[T>C]CA	1	2220922.0	2073514110
JG0139e	12	130473612	T:TA[T>C]GA	1	727175.0	2074241285
JG0139e	12	130517708	T:TC[T>C]CA	1	44096.0	2074285381
JG0139e	12	130575444	T:AT[T>C]CA	1	57736.0	2074343117
JG0139e	12	130592656	T:AC[T>A]CC	1	17212.0	2074360329
JG0139e	12	131417917	N:GC[T>A]TG	1	825261.0	2075185590
JG0139e	12	131544756	N:AC[T>A]GC	1	126839.0	2075312429
JG0139e	12	131590013	N:AG[T>C]GA	1	45257.0	2075357686
JG0139e	12	132063093	U:GG[T>A]TT	1	473080.0	2075830766
JG0139e	12	132368892	N:AC[T>G]TA	-1	305799.0	2076136565
JG0139e	12	132882316	T:GC[T>C]GG	1	513424.0	2076649989
JG0139e	13	18302920	N:GC[T>C]CA	1		2095345902
JG0139e	13	18737601	N:AC[T>G]TT	-1	434681.0	2095780583
JG0139e	13	18760665	N:AC[T>A]CA	-1	23064.0	2095803647
JG0139e	13	19070648	N:CC[T>C]CC	1	309983.0	2096113630
JG0139e	13	19072016	N:AC[T>G]TG	1	1368.0	2096114998
JG0139e	13	19158399	N:AC[T>C]CA	-1	86383.0	2096201381
JG0139e	13	21872375	N:AC[T>C]TT	-1	2713976.0	2098915357
JG0139e	13	22000255	N:GG[T>C]GA	-1	127880.0	2099043237
JG0139e	13	22008340	N:TC[T>C]CA	1	8085.0	2099051322
JG0139e	13	22201911	N:TC[T>C]CC	-1	193571.0	2099244893
JG0139e	13	22211780	N:AC[T>C]TG	-1	9869.0	2099254762
JG0139e	13	22212094	N:GC[T>G]TC	-1	314.0	2099255076
JG0139e	13	22316801	N:TC[T>C]CA	-1	104707.0	2099359783
JG0139e	13	22343254	N:CC[T>C]CA	1	26453.0	2099386236
JG0139e	13	22368881	N:AG[T>G]TC	-1	25627.0	2099411863
JG0139e	13	22584337	N:TC[T>C]TA	-1	215456.0	2099627319
JG0139e	13	24047721	U:AC[T>G]TG	1	1463384.0	2101090703
JG0139e	13	24342642	N:AC[T>G]CC	1	294921.0	2101385624
JG0139e	13	26921990	N:TC[T>G]TA	1	2579348.0	2103964972
JG0139e	13	27107528	T:AC[T>A]TA	1	185538.0	2104150510
JG0139e	13	28038091	T:AC[T>A]TA	1	930563.0	2105081073
JG0139e	13	29139303	U:GC[T>C]CA	1	1101212.0	2106182285
JG0139e	13	29213464	U:AC[T>C]TG	1	74161.0	2106256446
JG0139e	13	29974737	N:TC[T>G]TA	1	761273.0	2107017719
JG0139e	13	32879641	N:CC[T>G]TA	1	2904904.0	2109922623
JG0139e	13	33412868	N:AG[T>G]TA	1	533227.0	2110455850
JG0139e	13	35546773	U:TC[T>C]CG	1	2133905.0	2112589755
JG0139e	13	36774565	N:GG[T>G]CA	1	1227792.0	2113817547
JG0139e	13	37027994	T:AC[T>G]TA	1	253429.0	2114070976
JG0139e	13	37246764	N:AC[T>C]CA	-1	218770.0	2114289746
JG0139e	13	37268970	N:AC[T>C]TA	-1	22206.0	2114311952
JG0139e	13	37293775	N:GC[T>G]TA	-1	24805.0	2114336757
JG0139e	13	37396499	N:TC[T>C]CA	-1	102724.0	2114439481
JG0139e	13	37410392	N:GC[T>A]TT	-1	13893.0	2114453374
JG0139e	13	37474553	N:GC[C>A]AA	1	64161.0	2114517535
JG0139e	13	37533421	N:CC[T>A]TG	-1	58868.0	2114576403
JG0139e	13	38269197	N:GC[T>C]TG	-1	735776.0	2115312179
JG0139e	13	39668434	U:AA[C>A]AT	1	1399237.0	2116711416
JG0139e	13	41037249	U:AC[T>C]TG	-1	1368815.0	2118080231
JG0139e	13	42495188	N:AC[T>A]CA	1	1457939.0	2119538170
JG0139e	13	42572057	T:TC[T>C]TG	-1	76869.0	2119615039
JG0139e	13	43425984	T:AC[T>A]TA	1	853927.0	2120468966
JG0139e	13	44048198	N:CC[T>C]TG	1	622214.0	2121091180
JG0139e	13	44052704	N:AT[C>G]TT	1	4506.0	2121095686
JG0139e	13	44140678	N:GC[T>C]TG	1	87974.0	2121183660
JG0139e	13	44171765	N:GT[C>A]AG	1	31087.0	2121214747
JG0139e	13	44235512	N:TC[T>C]TG	1	63747.0	2121278494
JG0139e	13	44626483	N:CC[T>C]CA	1	390971.0	2121669465
JG0139e	13	46465802	N:GC[T>C]TA	1	1839319.0	2123508784
JG0139e	13	47322370	N:AC[T>G]CA	-1	856568.0	2124365352
JG0139e	13	47452280	N:TC[T>A]TT	-1	129910.0	2124495262
JG0139e	13	47987823	T:AG[T>A]TG	1	535543.0	2125030805
JG0139e	13	48472280	U:AC[T>C]CA	1	484457.0	2125515262
JG0139e	13	49358267	T:AC[T>G]TT	1	885987.0	2126401249
JG0139e	13	50331979	N:AC[T>C]TT	1	973712.0	2127374961
JG0139e	13	51658523	U:GC[T>C]GA	1	1326544.0	2128701505
JG0139e	13	51779798	T:AC[T>G]TC	1	121275.0	2128822780
JG0139e	13	52347690	N:TT[C>A]GG	1	567892.0	2129390672
JG0139e	13	52991250	N:TG[T>G]TG	1	643560.0	2130034232
JG0139e	13	54788543	N:GC[T>C]TA	-1	1797293.0	2131831525
JG0139e	13	56106430	N:AG[T>G]TT	-1	1317887.0	2133149412
JG0139e	13	57131894	N:GA[C>A]AC	1	1025464.0	2134174876
JG0139e	13	57521871	N:TC[T>C]TG	-1	389977.0	2134564853
JG0139e	13	57860965	N:AC[T>C]CA	1	339094.0	2134903947
JG0139e	13	58606348	N:AC[T>C]CA	-1	745383.0	2135649330
JG0139e	13	58663218	N:AC[T>C]TT	1	56870.0	2135706200
JG0139e	13	58938401	N:TC[T>C]CA	-1	275183.0	2135981383
JG0139e	13	59349995	N:GC[T>C]TA	1	411594.0	2136392977
JG0139e	13	59869332	U:AG[T>G]TG	-1	519337.0	2136912314
JG0139e	13	59984146	T:CC[T>G]TG	1	114814.0	2137027128
JG0139e	13	60782445	N:GC[T>G]TA	1	798299.0	2137825427
JG0139e	13	61449174	N:AC[T>C]TG	-1	666729.0	2138492156
JG0139e	13	62164746	N:TC[T>G]TG	1	715572.0	2139207728
JG0139e	13	62502286	N:AC[T>G]TA	-1	337540.0	2139545268
JG0139e	13	62627628	N:CC[T>G]TC	-1	125342.0	2139670610
JG0139e	13	62904463	N:AC[T>A]CG	1	276835.0	2139947445
JG0139e	13	63190574	N:CC[T>G]CA	-1	286111.0	2140233556
JG0139e	13	63573889	N:AC[T>C]CA	-1	383315.0	2140616871
JG0139e	13	63669999	N:GG[T>G]TG	1	96110.0	2140712981
JG0139e	13	64662107	N:TC[T>G]TA	-1	992108.0	2141705089
JG0139e	13	64676356	N:TG[T>G]TA	1	14249.0	2141719338
JG0139e	13	64942106	N:TC[T>C]CG	-1	265750.0	2141985088
JG0139e	13	65145602	N:AC[T>G]TT	1	203496.0	2142188584
JG0139e	13	65158857	N:AC[T>G]TC	-1	13255.0	2142201839
JG0139e	13	65178488	N:CC[T>G]TC	-1	19631.0	2142221470
JG0139e	13	65298686	N:AC[T>C]TG	1	120198.0	2142341668
JG0139e	13	65310853	N:GC[T>A]CC	1	12167.0	2142353835
JG0139e	13	65487873	N:TC[T>G]TA	-1	177020.0	2142530855
JG0139e	13	66755895	T:GG[C>A]GA	1	1268022.0	2143798877
JG0139e	13	67392009	N:AC[T>G]TT	1	636114.0	2144434991
JG0139e	13	67597821	N:GC[T>C]GG	1	205812.0	2144640803
JG0139e	13	67627019	N:AC[T>G]TA	-1	29198.0	2144670001
JG0139e	13	68346866	N:TC[T>G]TT	-1	719847.0	2145389848
JG0139e	13	68751067	N:AC[T>G]TT	-1	404201.0	2145794049
JG0139e	13	69255311	N:TC[T>G]TA	-1	504244.0	2146298293
JG0139e	13	69871621	T:TC[T>C]TG	1	616310.0	2146914603
JG0139e	13	70170012	N:CC[T>C]TG	1	298391.0	2147212994
JG0139e	13	70320383	N:AC[T>G]TA	1	150371.0	2147363365
JG0139e	13	70417516	N:TC[T>G]TT	1	97133.0	2147460498
JG0139e	13	70447275	N:TG[T>G]TC	-1	29759.0	2147490257
JG0139e	13	71022351	N:GC[T>A]CA	1	575076.0	2148065333
JG0139e	13	71640598	T:TC[T>G]TT	1	618247.0	2148683580
JG0139e	13	72033744	N:GC[T>C]TA	1	393146.0	2149076726
JG0139e	13	72333335	N:AC[T>G]TA	1	299591.0	2149376317
JG0139e	13	72778257	T:AC[T>G]TG	1	444922.0	2149821239
JG0139e	13	73615543	N:TC[T>C]CA	1	837286.0	2150658525
JG0139e	13	74576713	N:GG[T>G]TA	-1	961170.0	2151619695
JG0139e	13	74604519	N:TC[T>G]TA	-1	27806.0	2151647501
JG0139e	13	74651456	N:GC[T>G]TA	-1	46937.0	2151694438
JG0139e	13	74657378	N:AC[T>G]CA	-1	5922.0	2151700360
JG0139e	13	74963061	N:CC[T>G]TC	-1	305683.0	2152006043
JG0139e	13	75259027	N:AC[T>G]TG	1	295966.0	2152302009
JG0139e	13	75736838	U:AC[T>G]TG	1	477811.0	2152779820
JG0139e	13	75927402	N:AC[T>C]CT	-1	190564.0	2152970384
JG0139e	13	75981596	N:TC[T>C]TA	-1	54194.0	2153024578
JG0139e	13	76239271	N:AC[T>C]CA	1	257675.0	2153282253
JG0139e	13	76353373	N:AC[T>C]CG	1	114102.0	2153396355
JG0139e	13	76922647	N:GA[T>C]TT	1	569274.0	2153965629
JG0139e	13	77037629	U:AG[C>G]TC	1	114982.0	2154080611
JG0139e	13	78423394	N:AG[T>G]CA	-1	1385765.0	2155466376
JG0139e	13	78983675	N:GG[C>A]TT	-1	560281.0	2156026657
JG0139e	13	79233033	N:TG[T>G]TT	-1	249358.0	2156276015
JG0139e	13	79721528	N:AC[T>G]TA	-1	488495.0	2156764510
JG0139e	13	79753674	N:AC[T>G]TA	-1	32146.0	2156796656
JG0139e	13	80213848	N:TT[C>G]TA	1	460174.0	2157256830
JG0139e	13	80216577	N:AC[T>C]TA	1	2729.0	2157259559
JG0139e	13	80502390	N:AC[T>C]TG	-1	285813.0	2157545372
JG0139e	13	80650895	N:CA[C>T]AA	1	148505.0	2157693877
JG0139e	13	80671215	N:AC[T>G]TA	1	20320.0	2157714197
JG0139e	13	80889313	N:AC[T>C]TG	-1	218098.0	2157932295
JG0139e	13	80975184	N:TC[T>G]TG	-1	85871.0	2158018166
JG0139e	13	81270929	N:AG[T>G]TA	-1	295745.0	2158313911
JG0139e	13	82172522	N:TC[T>G]CA	-1	901593.0	2159215504
JG0139e	13	83299195	N:TC[T>C]TT	-1	1126673.0	2160342177
JG0139e	13	83515413	N:AC[T>G]TG	1	216218.0	2160558395
JG0139e	13	84701801	N:TC[T>A]CC	1	1186388.0	2161744783
JG0139e	13	84981206	N:TC[T>C]CT	-1	279405.0	2162024188
JG0139e	13	85065651	N:AA[T>G]TG	-1	84445.0	2162108633
JG0139e	13	85426687	N:TG[T>G]AA	-1	361036.0	2162469669
JG0139e	13	86014870	N:TC[T>A]CC	1	588183.0	2163057852
JG0139e	13	86185123	N:TC[T>A]TG	-1	170253.0	2163228105
JG0139e	13	87397273	N:CC[T>G]TT	-1	1212150.0	2164440255
JG0139e	13	87545405	N:TA[T>C]TA	1	148132.0	2164588387
JG0139e	13	87604620	N:GG[C>A]TA	-1	59215.0	2164647602
JG0139e	13	89408338	N:TC[T>A]TA	1	1803718.0	2166451320
JG0139e	13	89762014	N:AG[T>G]TG	-1	353676.0	2166804996
JG0139e	13	89971802	N:TT[C>G]TG	1	209788.0	2167014784
JG0139e	13	90388755	N:TG[T>G]CA	-1	416953.0	2167431737
JG0139e	13	90811035	N:GC[T>A]TT	1	422280.0	2167854017
JG0139e	13	91586233	T:AC[T>C]TG	-1	775198.0	2168629215
JG0139e	13	91616538	U:TC[T>G]TA	1	30305.0	2168659520
JG0139e	13	92166834	U:AT[C>A]TT	1	550296.0	2169209816
JG0139e	13	92208512	T:GC[T>G]TG	-1	41678.0	2169251494
JG0139e	13	92247829	U:TC[T>C]CA	1	39317.0	2169290811
JG0139e	13	92258453	T:AC[T>G]AA	-1	10624.0	2169301435
JG0139e	13	92367436	U:GC[T>G]TA	1	108983.0	2169410418
JG0139e	13	92656847	U:TC[T>G]TA	1	289411.0	2169699829
JG0139e	13	92945098	N:AC[T>G]TG	1	288251.0	2169988080
JG0139e	13	93000814	N:TA[C>A]AA	1	55716.0	2170043796
JG0139e	13	93472603	T:GG[C>A]CC	-1	471789.0	2170515585
JG0139e	13	93526442	U:AC[T>G]TA	1	53839.0	2170569424
JG0139e	13	96644795	U:TC[T>C]TG	1	3118353.0	2173687777
JG0139e	13	97375544	T:TC[T>G]TT	-1	730749.0	2174418526
JG0139e	13	97400170	N:TC[T>C]TA	1	24626.0	2174443152
JG0139e	13	97515650	N:AC[T>G]TA	-1	115480.0	2174558632
JG0139e	13	98269455	U:GC[T>G]TA	1	753805.0	2175312437
JG0139e	13	99396224	N:GC[T>C]TG	1	1126769.0	2176439206
JG0139e	13	100568764	U:AC[T>C]TG	-1	1172540.0	2177611746
JG0139e	13	100971957	N:GC[T>G]TG	1	403193.0	2178014939
JG0139e	13	101305377	T:CC[T>C]AA	1	333420.0	2178348359
JG0139e	13	101705101	T:TC[T>G]TT	-1	399724.0	2178748083
JG0139e	13	101866235	U:TG[T>G]TA	-1	161134.0	2178909217
JG0139e	13	104583810	N:AC[T>G]TC	-1	2717575.0	2181626792
JG0139e	13	105680009	N:TC[T>C]CA	-1	1096199.0	2182722991
JG0139e	13	105956592	N:AC[T>G]TG	1	276583.0	2182999574
JG0139e	13	106106886	N:AC[T>G]TT	-1	150294.0	2183149868
JG0139e	13	106249392	N:AC[T>G]TA	1	142506.0	2183292374
JG0139e	13	106435607	N:TC[T>G]TA	-1	186215.0	2183478589
JG0139e	13	106977227	N:TT[C>G]TC	-1	541620.0	2184020209
JG0139e	13	107129070	N:AA[T>C]AC	-1	151843.0	2184172052
JG0139e	13	107496757	U:CC[T>G]TG	-1	367687.0	2184539739
JG0139e	13	107675063	T:AC[T>A]CA	1	178306.0	2184718045
JG0139e	13	108195429	N:GC[T>C]TG	-1	520366.0	2185238411
JG0139e	13	108313719	N:AC[T>C]TG	1	118290.0	2185356701
JG0139e	13	108557386	N:AC[T>G]TA	-1	243667.0	2185600368
JG0139e	13	108678181	U:GG[T>G]TT	1	120795.0	2185721163
JG0139e	13	109156605	U:AC[C>A]TA	1	478424.0	2186199587
JG0139e	13	110270723	T:CC[T>G]TA	1	1114118.0	2187313705
JG0139e	13	110756783	N:AC[T>G]TT	1	486060.0	2187799765
JG0139e	13	110841833	N:CC[T>C]CT	1	85050.0	2187884815
JG0139e	13	110971301	N:CC[T>G]TA	1	129468.0	2188014283
JG0139e	13	110992335	N:GC[T>G]TG	1	21034.0	2188035317
JG0139e	13	111013550	N:GG[T>A]TA	-1	21215.0	2188056532
JG0139e	13	111542387	N:TC[T>C]TG	1	528837.0	2188585369
JG0139e	13	111984943	N:CC[T>C]TG	1	442556.0	2189027925
JG0139e	13	112096617	N:CC[T>G]TT	1	111674.0	2189139599
JG0139e	13	112109022	N:GC[T>C]TA	1	12405.0	2189152004
JG0139e	13	112502182	T:TC[T>C]TA	1	393160.0	2189545164
JG0139e	13	112618572	N:AC[T>G]CA	1	116390.0	2189661554
JG0139e	13	112726408	T:GC[C>A]CC	-1	107836.0	2189769390
JG0139e	14	20554177	N:TC[T>C]CG	1		2211961487
JG0139e	14	21711650	N:GT[T>G]TC	-1	1157473.0	2213118960
JG0139e	14	21900829	N:TT[T>G]TG	1	189179.0	2213308139
JG0139e	14	21946061	N:AC[T>G]TT	-1	45232.0	2213353371
JG0139e	14	21961581	N:GG[T>G]TA	-1	15520.0	2213368891
JG0139e	14	22076362	N:CC[T>C]GG	-1	114781.0	2213483672
JG0139e	14	22079213	N:AC[T>C]TG	-1	2851.0	2213486523
JG0139e	14	22299555	N:TC[T>G]TT	-1	220342.0	2213706865
JG0139e	14	22384292	N:CC[T>G]TA	-1	84737.0	2213791602
JG0139e	14	22514959	N:GA[T>G]TA	-1	130667.0	2213922269
JG0139e	14	23462242	N:TC[T>C]CA	1	947283.0	2214869552
JG0139e	14	23935907	N:AG[T>G]TT	-1	473665.0	2215343217
JG0139e	14	24407831	T:CG[T>C]TG	-1	471924.0	2215815141
JG0139e	14	24423646	N:CC[T>A]CA	-1	15815.0	2215830956
JG0139e	14	24550649	N:TC[T>C]CA	-1	127003.0	2215957959
JG0139e	14	24558392	N:AC[T>G]TA	-1	7743.0	2215965702
JG0139e	14	24659411	N:GA[T>G]CA	-1	101019.0	2216066721
JG0139e	14	24874225	U:CC[T>C]GC	-1	214814.0	2216281535
JG0139e	14	25372077	N:CC[T>A]CC	-1	497852.0	2216779387
JG0139e	14	26803265	N:AA[T>G]TA	-1	1431188.0	2218210575
JG0139e	14	26898738	N:AC[T>G]TA	-1	95473.0	2218306048
JG0139e	14	27213030	N:TG[T>G]TA	-1	314292.0	2218620340
JG0139e	14	27218751	N:GA[T>G]TA	-1	5721.0	2218626061
JG0139e	14	27821559	N:TT[T>A]CT	-1	602808.0	2219228869
JG0139e	14	28019350	N:AC[T>G]TC	-1	197791.0	2219426660
JG0139e	14	28121354	N:AG[T>G]TT	-1	102004.0	2219528664
JG0139e	14	28489405	N:TC[T>C]CA	-1	368051.0	2219896715
JG0139e	14	29033893	N:TC[T>C]GG	-1	544488.0	2220441203
JG0139e	14	29147031	N:AC[T>G]TA	-1	113138.0	2220554341
JG0139e	14	29260076	N:CC[T>G]TT	-1	113045.0	2220667386
JG0139e	14	29326173	N:AC[T>C]AT	-1	66097.0	2220733483
JG0139e	14	29376153	N:AG[T>G]TA	-1	49980.0	2220783463
JG0139e	14	29674779	T:TA[C>G]AG	1	298626.0	2221082089
JG0139e	14	29690834	T:TC[T>C]CA	1	16055.0	2221098144
JG0139e	14	30436141	N:CC[T>C]TG	1	745307.0	2221843451
JG0139e	14	30473134	N:AC[T>G]TG	-1	36993.0	2221880444
JG0139e	14	31591289	T:AC[T>C]TG	-1	1118155.0	2222998599
JG0139e	14	32717204	T:AC[T>G]TT	-1	1125915.0	2224124514
JG0139e	14	32964332	T:AC[T>G]TA	-1	247128.0	2224371642
JG0139e	14	34123777	U:TC[T>A]TG	-1	1159445.0	2225531087
JG0139e	14	34198477	U:AG[T>G]TA	-1	74700.0	2225605787
JG0139e	14	34255571	N:TC[T>G]TA	1	57094.0	2225662881
JG0139e	14	36239505	N:AT[T>G]TT	-1	1983934.0	2227646815
JG0139e	14	36540872	N:GG[T>A]TG	-1	301367.0	2227948182
JG0139e	14	36620197	N:AC[T>G]TA	-1	79325.0	2228027507
JG0139e	14	36806533	U:AC[T>G]CA	-1	186336.0	2228213843
JG0139e	14	37125235	T:TC[T>A]TC	1	318702.0	2228532545
JG0139e	14	37149793	T:TC[T>C]TG	1	24558.0	2228557103
JG0139e	14	37426113	T:AA[T>G]TC	-1	276320.0	2228833423
JG0139e	14	37462361	T:GG[T>C]TT	-1	36248.0	2228869671
JG0139e	14	37562127	N:TC[T>G]TC	-1	99766.0	2228969437
JG0139e	14	37959188	N:CC[T>G]TG	1	397061.0	2229366498
JG0139e	14	38040696	N:TC[T>A]TG	1	81508.0	2229448006
JG0139e	14	38074123	N:TC[T>C]GG	-1	33427.0	2229481433
JG0139e	14	38075696	N:TC[T>C]CA	1	1573.0	2229483006
JG0139e	14	38078081	N:TC[T>C]CC	-1	2385.0	2229485391
JG0139e	14	38168870	N:AA[T>C]GT	1	90789.0	2229576180
JG0139e	14	38177827	N:GC[T>A]CA	-1	8957.0	2229585137
JG0139e	14	38215028	N:GG[T>C]TT	-1	37201.0	2229622338
JG0139e	14	38530496	N:TC[T>G]TA	-1	315468.0	2229937806
JG0139e	14	38604721	N:GC[T>G]GG	-1	74225.0	2230012031
JG0139e	14	38820389	N:CT[T>C]AG	1	215668.0	2230227699
JG0139e	14	38857564	N:TG[T>G]CC	-1	37175.0	2230264874
JG0139e	14	38914521	N:GG[C>A]AA	1	56957.0	2230321831
JG0139e	14	38919392	N:TC[T>A]TA	-1	4871.0	2230326702
JG0139e	14	39136222	U:AC[T>G]TT	1	216830.0	2230543532
JG0139e	14	39800291	N:TC[T>G]CG	-1	664069.0	2231207601
JG0139e	14	40044635	N:TC[T>G]TA	1	244344.0	2231451945
JG0139e	14	40053802	N:CC[T>G]TC	-1	9167.0	2231461112
JG0139e	14	40285717	N:AC[T>G]TA	1	231915.0	2231693027
JG0139e	14	40517572	N:CC[T>G]TC	-1	231855.0	2231924882
JG0139e	14	40757545	N:AG[T>C]AG	1	239973.0	2232164855
JG0139e	14	40967130	N:CC[T>G]CA	-1	209585.0	2232374440
JG0139e	14	40977106	N:CC[C>A]AA	1	9976.0	2232384416
JG0139e	14	41387692	N:TG[T>C]AG	1	410586.0	2232795002
JG0139e	14	41429744	N:TG[T>G]TA	-1	42052.0	2232837054
JG0139e	14	41839752	T:TA[T>G]TT	-1	410008.0	2233247062
JG0139e	14	41994654	N:GC[C>T]TT	1	154902.0	2233401964
JG0139e	14	42381753	N:TC[T>C]CT	1	387099.0	2233789063
JG0139e	14	42442938	N:TA[T>G]TA	-1	61185.0	2233850248
JG0139e	14	42448037	N:AT[T>G]TA	-1	5099.0	2233855347
JG0139e	14	42545350	N:AT[T>G]TT	-1	97313.0	2233952660
JG0139e	14	42873735	N:AC[T>G]CT	1	328385.0	2234281045
JG0139e	14	43155275	N:GG[T>G]TG	1	281540.0	2234562585
JG0139e	14	44438400	N:AC[T>G]TA	-1	1283125.0	2235845710
JG0139e	14	45003754	B:TC[T>C]TG	-1	565354.0	2236411064
JG0139e	14	45533476	N:CC[T>G]TA	1	529722.0	2236940786
JG0139e	14	45634031	N:TC[T>C]CC	1	100555.0	2237041341
JG0139e	14	45648718	N:AG[T>G]TA	-1	14687.0	2237056028
JG0139e	14	45668268	N:TC[T>G]TA	1	19550.0	2237075578
JG0139e	14	45865559	N:AC[T>C]TG	1	197291.0	2237272869
JG0139e	14	45870146	N:AG[T>G]TA	-1	4587.0	2237277456
JG0139e	14	46055732	N:AC[T>G]CC	-1	185586.0	2237463042
JG0139e	14	46060530	N:CA[T>G]TG	-1	4798.0	2237467840
JG0139e	14	46349075	N:TC[T>A]CT	1	288545.0	2237756385
JG0139e	14	46392960	N:TC[T>G]CA	-1	43885.0	2237800270
JG0139e	14	46930012	T:GC[T>C]CC	1	537052.0	2238337322
JG0139e	14	47475753	T:AC[T>C]TA	1	545741.0	2238883063
JG0139e	14	47611745	U:GA[T>G]TG	-1	135992.0	2239019055
JG0139e	14	47933827	N:TG[T>G]TT	-1	322082.0	2239341137
JG0139e	14	48143487	N:AC[T>C]CA	-1	209660.0	2239550797
JG0139e	14	48401859	N:GA[T>G]TT	-1	258372.0	2239809169
JG0139e	14	48406672	N:TC[T>C]CA	1	4813.0	2239813982
JG0139e	14	48536343	N:AC[T>G]TA	-1	129671.0	2239943653
JG0139e	14	48620419	N:TC[T>G]TA	-1	84076.0	2240027729
JG0139e	14	48700149	N:AT[T>G]TC	-1	79730.0	2240107459
JG0139e	14	48995846	N:AC[T>C]TG	1	295697.0	2240403156
JG0139e	14	48998281	N:AC[T>G]TC	1	2435.0	2240405591
JG0139e	14	49066103	N:TC[T>A]CA	1	67822.0	2240473413
JG0139e	14	49145814	N:TC[T>G]CA	-1	79711.0	2240553124
JG0139e	14	50175250	U:CC[T>G]TA	-1	1029436.0	2241582560
JG0139e	14	50538247	B:AC[T>G]TG	1	362997.0	2241945557
JG0139e	14	51622193	T:CC[T>G]TA	-1	1083946.0	2243029503
JG0139e	14	52983375	N:CC[T>G]GA	-1	1361182.0	2244390685
JG0139e	14	53133339	U:TC[T>G]CA	-1	149964.0	2244540649
JG0139e	14	53147256	U:TT[T>C]GT	-1	13917.0	2244554566
JG0139e	14	53329056	N:AC[T>G]TG	1	181800.0	2244736366
JG0139e	14	54912939	N:TC[T>G]TG	-1	1583883.0	2246320249
JG0139e	14	54934291	N:AT[C>T]AA	-1	21352.0	2246341601
JG0139e	14	57774641	U:TG[T>C]GG	-1	2840350.0	2249181951
JG0139e	14	59170575	N:AC[T>C]GA	1	1395934.0	2250577885
JG0139e	14	59691573	U:AG[T>G]TA	-1	520998.0	2251098883
JG0139e	14	59767718	U:TC[T>G]TT	-1	76145.0	2251175028
JG0139e	14	59830788	U:CC[T>G]TA	-1	63070.0	2251238098
JG0139e	14	59858362	U:GC[T>C]CA	-1	27574.0	2251265672
JG0139e	14	59990710	U:CC[T>C]TC	1	132348.0	2251398020
JG0139e	14	61429138	T:CC[T>G]TC	-1	1438428.0	2252836448
JG0139e	14	62151814	N:TC[T>G]CC	-1	722676.0	2253559124
JG0139e	14	62469936	N:AA[T>G]TA	-1	318122.0	2253877246
JG0139e	14	62827753	U:AA[T>G]TG	-1	357817.0	2254235063
JG0139e	14	63153788	N:TC[T>G]TG	1	326035.0	2254561098
JG0139e	14	63904377	T:AC[T>G]TA	-1	750589.0	2255311687
JG0139e	14	64695661	N:TC[T>A]CT	-1	791284.0	2256102971
JG0139e	14	65935395	N:AC[T>C]CT	-1	1239734.0	2257342705
JG0139e	14	66050890	N:AG[T>G]TA	1	115495.0	2257458200
JG0139e	14	66129191	N:TC[T>A]TA	1	78301.0	2257536501
JG0139e	14	66390195	N:AC[T>A]TG	-1	261004.0	2257797505
JG0139e	14	67667706	U:CC[T>C]CC	-1	1277511.0	2259075016
JG0139e	14	67784110	T:AG[T>A]CA	1	116404.0	2259191420
JG0139e	14	68243176	U:CG[T>C]TG	1	459066.0	2259650486
JG0139e	14	69122850	U:TC[T>G]TA	-1	879674.0	2260530160
JG0139e	14	69330757	T:TC[T>C]CA	-1	207907.0	2260738067
JG0139e	14	69393739	T:AC[T>G]TG	1	62982.0	2260801049
JG0139e	14	70520990	N:CT[C>A]CA	-1	1127251.0	2261928300
JG0139e	14	70738243	U:GG[T>G]AA	-1	217253.0	2262145553
JG0139e	14	70771511	U:TG[T>G]TT	-1	33268.0	2262178821
JG0139e	14	70799144	U:AA[T>G]TA	-1	27633.0	2262206454
JG0139e	14	71219216	N:GG[T>C]TT	1	420072.0	2262626526
JG0139e	14	71567571	U:AT[T>G]TC	1	348355.0	2262974881
JG0139e	14	72075523	T:TC[T>C]AT	-1	507952.0	2263482833
JG0139e	14	72618873	N:GC[T>G]TA	-1	543350.0	2264026183
JG0139e	14	73415575	T:TC[T>C]CC	1	796702.0	2264822885
JG0139e	14	73690141	T:TC[T>A]TC	-1	274566.0	2265097451
JG0139e	14	74140732	T:CC[T>G]CT	-1	450591.0	2265548042
JG0139e	14	75037145	T:TC[T>C]CT	1	896413.0	2266444455
JG0139e	14	75134699	U:AC[T>G]TC	-1	97554.0	2266542009
JG0139e	14	75150368	T:AC[T>G]TA	1	15669.0	2266557678
JG0139e	14	75216511	N:TC[T>G]TA	-1	66143.0	2266623821
JG0139e	14	75973817	U:AC[T>G]TA	-1	757306.0	2267381127
JG0139e	14	76476682	T:GC[T>A]TC	-1	502865.0	2267883992
JG0139e	14	77064772	N:AC[T>G]CT	-1	588090.0	2268472082
JG0139e	14	77268031	T:GC[T>C]CA	1	203259.0	2268675341
JG0139e	14	78241529	T:TC[T>G]CC	-1	973498.0	2269648839
JG0139e	14	79274857	T:AG[T>G]TA	-1	1033328.0	2270682167
JG0139e	14	79908415	N:AC[T>G]TG	-1	633558.0	2271315725
JG0139e	14	80116921	N:TC[T>G]TG	-1	208506.0	2271524231
JG0139e	14	80434414	N:AC[T>A]CC	1	317493.0	2271841724
JG0139e	14	80448433	N:AC[T>G]TA	-1	14019.0	2271855743
JG0139e	14	80907924	T:TT[T>C]GA	1	459491.0	2272315234
JG0139e	14	83271779	N:TC[T>C]TT	1	2363855.0	2274679089
JG0139e	14	83421219	N:AC[T>G]TT	-1	149440.0	2274828529
JG0139e	14	83429764	N:AA[T>C]TC	-1	8545.0	2274837074
JG0139e	14	83871113	N:GC[T>G]CA	-1	441349.0	2275278423
JG0139e	14	84819914	N:TC[T>A]CT	1	948801.0	2276227224
JG0139e	14	86208234	N:GA[T>G]TA	-1	1388320.0	2277615544
JG0139e	14	86253214	N:TC[T>G]CC	-1	44980.0	2277660524
JG0139e	14	86413477	N:CC[T>G]TT	-1	160263.0	2277820787
JG0139e	14	86463588	N:GA[T>G]TA	-1	50111.0	2277870898
JG0139e	14	86472435	N:CC[T>G]TT	-1	8847.0	2277879745
JG0139e	14	86660331	N:CC[T>G]TC	-1	187896.0	2278067641
JG0139e	14	86663529	N:AC[T>G]TA	-1	3198.0	2278070839
JG0139e	14	86753013	N:CC[T>G]TG	-1	89484.0	2278160323
JG0139e	14	88137814	N:GG[T>A]CC	1	1384801.0	2279545124
JG0139e	14	88658221	U:AG[T>G]GA	-1	520407.0	2280065531
JG0139e	14	88847147	T:GC[T>G]TT	-1	188926.0	2280254457
JG0139e	14	89004102	N:GC[T>C]TT	1	156955.0	2280411412
JG0139e	14	89089330	N:AC[T>G]TG	-1	85228.0	2280496640
JG0139e	14	89138660	U:TC[T>C]TG	-1	49330.0	2280545970
JG0139e	14	93449004	T:TC[T>G]CA	-1	4310344.0	2284856314
JG0139e	14	93465156	T:AC[T>G]CA	-1	16152.0	2284872466
JG0139e	14	93828863	N:AT[T>G]TG	-1	363707.0	2285236173
JG0139e	14	93900358	N:CC[T>G]TC	-1	71495.0	2285307668
JG0139e	14	94686644	N:CC[T>A]CC	-1	786286.0	2286093954
JG0139e	14	94807529	N:CC[T>C]TG	-1	120885.0	2286214839
JG0139e	14	94956737	N:GG[T>C]TA	-1	149208.0	2286364047
JG0139e	14	95131786	U:AC[T>C]GT	-1	175049.0	2286539096
JG0139e	14	95412803	U:TC[T>G]TC	-1	281017.0	2286820113
JG0139e	14	95933257	N:TC[T>C]CA	-1	520454.0	2287340567
JG0139e	14	96443539	T:TC[T>G]AG	-1	510282.0	2287850849
JG0139e	14	96584978	N:AC[T>G]TT	-1	141439.0	2287992288
JG0139e	14	97312558	N:AG[T>G]GA	-1	727580.0	2288719868
JG0139e	14	97582474	N:CC[T>G]AG	-1	269916.0	2288989784
JG0139e	14	98222385	N:CA[C>A]TT	-1	639911.0	2289629695
JG0139e	14	98370346	N:AT[T>G]TA	-1	147961.0	2289777656
JG0139e	14	98495307	N:AC[T>G]TA	-1	124961.0	2289902617
JG0139e	14	98502528	N:CC[T>C]TG	-1	7221.0	2289909838
JG0139e	14	98724341	N:TA[T>G]TA	-1	221813.0	2290131651
JG0139e	14	98791681	N:GC[T>G]TA	-1	67340.0	2290198991
JG0139e	14	99094640	N:TC[T>G]TA	-1	302959.0	2290501950
JG0139e	14	100409825	T:AC[T>G]TG	-1	1315185.0	2291817135
JG0139e	14	100623823	N:GC[T>C]GG	-1	213998.0	2292031133
JG0139e	14	100904031	N:TG[T>C]CC	-1	280208.0	2292311341
JG0139e	14	100994592	N:TC[T>A]CC	-1	90561.0	2292401902
JG0139e	14	101107991	N:AC[T>A]GG	-1	113399.0	2292515301
JG0139e	14	102849076	T:AG[C>A]TT	-1	1741085.0	2294256386
JG0139e	14	102980054	U:TC[T>G]TT	-1	130978.0	2294387364
JG0139e	14	103390189	T:AC[T>G]GC	-1	410135.0	2294797499
JG0139e	14	103918542	U:AC[T>G]AA	-1	528353.0	2295325852
JG0139e	14	105827727	N:AG[T>G]TG	-1	1909185.0	2297235037
JG0139e	15	17077213	N:AG[T>C]TG	-1		2315528241
JG0139e	15	23777506	N:AT[C>T]CT	1	6700293.0	2322228534
JG0139e	15	23777508	N:CC[T>G]TC	1	2.0	2322228536
JG0139e	15	26620536	T:AC[T>G]TT	1	2843028.0	2325071564
JG0139e	15	27533432	U:CG[T>G]TA	1	912896.0	2325984460
JG0139e	15	27833034	T:TC[T>C]CG	1	299602.0	2326284062
JG0139e	15	27917219	U:TA[T>C]AG	-1	84185.0	2326368247
JG0139e	15	28015658	T:GA[C>A]TT	1	98439.0	2326466686
JG0139e	15	28933702	U:GC[T>G]GG	1	918044.0	2327384730
JG0139e	15	29277129	U:CC[T>C]CA	-1	343427.0	2327728157
JG0139e	15	30618484	N:AC[T>A]CA	-1	1341355.0	2329069512
JG0139e	15	31254247	N:TC[T>G]CA	1	635763.0	2329705275
JG0139e	15	35789364	N:AC[T>G]TA	-1	4535117.0	2334240392
JG0139e	15	37433297	N:TC[T>G]CC	1	1643933.0	2335884325
JG0139e	15	37933351	U:TC[T>G]CT	1	500054.0	2336384379
JG0139e	15	38555731	U:TC[T>G]TA	-1	622380.0	2337006759
JG0139e	15	38640315	N:TA[T>G]TA	1	84584.0	2337091343
JG0139e	15	38867574	N:TG[T>C]GA	-1	227259.0	2337318602
JG0139e	15	39369151	N:TC[T>C]AA	-1	501577.0	2337820179
JG0139e	15	39472620	N:AC[T>G]GA	1	103469.0	2337923648
JG0139e	15	40886547	N:TC[T>G]TC	-1	1413927.0	2339337575
JG0139e	15	42359511	U:TC[T>C]CT	1	1472964.0	2340810539
JG0139e	15	42429973	U:CC[T>G]TC	-1	70462.0	2340881001
JG0139e	15	44039657	U:GG[T>C]CT	-1	1609684.0	2342490685
JG0139e	15	45971547	N:TC[T>C]TA	1	1931890.0	2344422575
JG0139e	15	46621565	N:TG[C>A]AT	-1	650018.0	2345072593
JG0139e	15	47950031	N:AC[T>G]TG	-1	1328466.0	2346401059
JG0139e	15	49739855	N:CT[C>T]TA	1	1789824.0	2348190883
JG0139e	15	49933144	U:AC[T>C]TT	-1	193289.0	2348384172
JG0139e	15	50057068	T:AC[T>G]TT	1	123924.0	2348508096
JG0139e	15	52306730	N:TG[T>G]TA	1	2249662.0	2350757758
JG0139e	15	53154459	N:CC[T>G]TA	1	847729.0	2351605487
JG0139e	15	54623977	U:AC[T>G]TA	1	1469518.0	2353075005
JG0139e	15	57845730	N:TG[C>A]AA	-1	3221753.0	2356296758
JG0139e	15	57917601	N:GG[T>G]TC	1	71871.0	2356368629
JG0139e	15	58222369	T:GC[T>A]TA	1	304768.0	2356673397
JG0139e	15	58947833	T:CC[T>C]CC	-1	725464.0	2357398861
JG0139e	15	59548083	N:TC[T>C]CA	-1	600250.0	2357999111
JG0139e	15	89357715	N:GC[T>A]CT	1	29809632.0	2387808743
JG0139e	15	90086272	T:TC[T>C]CT	1	728557.0	2388537300
JG0139e	15	93488980	N:TC[T>G]AC	1	3402708.0	2391940008
JG0139e	15	96311557	N:GT[C>G]TT	-1	2822577.0	2394762585
JG0139e	15	96579896	N:TC[T>C]TG	1	268339.0	2395030924
JG0139e	15	96693421	N:CC[T>C]TA	1	113525.0	2395144449
JG0139e	15	96819089	N:AC[T>G]TG	1	125668.0	2395270117
JG0139e	15	98030848	N:TT[T>A]TA	1	1211759.0	2396481876
JG0139e	15	99919933	N:GC[T>G]TG	-1	1889085.0	2398370961
JG0139e	15	99936948	N:AC[T>G]TA	1	17015.0	2398387976
JG0139e	15	100144801	U:GG[T>C]CT	-1	207853.0	2398595829
JG0139e	15	100681097	N:TC[T>G]TA	1	536296.0	2399132125
JG0139e	15	101302701	T:GA[T>G]TA	1	621604.0	2399753729
JG0139e	15	101337269	T:GA[T>G]TA	1	34568.0	2399788297
JG0139e	16	257753	T:TC[T>G]CA	-1		2400699970
JG0139e	16	603310	T:AG[T>G]TA	-1	345557.0	2401045527
JG0139e	16	1105565	N:AC[T>G]CA	1	502255.0	2401547782
JG0139e	16	1326455	T:AC[T>G]TC	-1	220890.0	2401768672
JG0139e	16	1607559	U:TC[T>G]TT	-1	281104.0	2402049776
JG0139e	16	2361861	N:AC[T>G]TC	-1	754302.0	2402804078
JG0139e	16	3041187	N:GC[T>G]TC	-1	679326.0	2403483404
JG0139e	16	3440887	T:AC[T>A]CC	1	399700.0	2403883104
JG0139e	16	3509177	U:TC[T>C]TG	1	68290.0	2403951394
JG0139e	16	3895820	N:AG[T>G]TT	1	386643.0	2404338037
JG0139e	16	4012011	T:TC[T>G]TT	1	116191.0	2404454228
JG0139e	16	4401275	U:CC[T>A]CC	-1	389264.0	2404843492
JG0139e	16	4431850	U:GA[T>G]TA	1	30575.0	2404874067
JG0139e	16	4458539	N:AC[T>G]TA	1	26689.0	2404900756
JG0139e	16	4465793	T:CC[T>G]CA	1	7254.0	2404908010
JG0139e	16	5119469	N:AG[T>C]TT	1	653676.0	2405561686
JG0139e	16	5141206	N:TC[T>G]AA	-1	21737.0	2405583423
JG0139e	16	5297155	U:TC[T>C]TT	1	155949.0	2405739372
JG0139e	16	5529027	U:TC[T>A]CC	1	231872.0	2405971244
JG0139e	16	5593075	T:TC[T>G]TT	-1	64048.0	2406035292
JG0139e	16	5611185	U:TC[T>A]TG	1	18110.0	2406053402
JG0139e	16	5645839	U:TT[T>A]AA	1	34654.0	2406088056
JG0139e	16	5651982	T:TT[T>G]TT	-1	6143.0	2406094199
JG0139e	16	5719904	U:TC[T>C]CT	1	67922.0	2406162121
JG0139e	16	5882503	T:TT[C>T]CC	-1	162599.0	2406324720
JG0139e	16	5972851	T:GA[T>G]TT	-1	90348.0	2406415068
JG0139e	16	6040223	U:CG[T>C]CT	1	67372.0	2406482440
JG0139e	16	6073030	U:AT[T>G]TA	1	32807.0	2406515247
JG0139e	16	6118299	U:AC[T>C]CA	1	45269.0	2406560516
JG0139e	16	6168805	U:TC[T>G]TT	1	50506.0	2406611022
JG0139e	16	6355345	U:TC[T>C]CG	1	186540.0	2406797562
JG0139e	16	6405427	U:AC[T>C]CA	1	50082.0	2406847644
JG0139e	16	6406913	T:AG[T>G]CA	-1	1486.0	2406849130
JG0139e	16	6421093	T:CC[T>G]TC	-1	14180.0	2406863310
JG0139e	16	6489669	U:GC[T>C]TG	1	68576.0	2406931886
JG0139e	16	6628189	U:GG[T>G]CA	1	138520.0	2407070406
JG0139e	16	6742726	T:TT[T>G]TA	-1	114537.0	2407184943
JG0139e	16	6754152	U:TC[T>C]TT	1	11426.0	2407196369
JG0139e	16	6823108	U:GG[T>C]CA	1	68956.0	2407265325
JG0139e	16	7154654	U:AC[T>G]TA	1	331546.0	2407596871
JG0139e	16	7493231	T:AG[T>C]CT	-1	338577.0	2407935448
JG0139e	16	7528878	U:CC[T>A]TG	1	35647.0	2407971095
JG0139e	16	7678158	U:TC[T>C]CA	1	149280.0	2408120375
JG0139e	16	7915880	N:AT[T>G]TT	1	237722.0	2408358097
JG0139e	16	8107185	N:AC[T>G]TA	1	191305.0	2408549402
JG0139e	16	8372694	N:CC[T>A]CA	1	265509.0	2408814911
JG0139e	16	8379413	N:AC[T>G]TC	1	6719.0	2408821630
JG0139e	16	8557575	N:TC[T>C]TG	1	178162.0	2408999792
JG0139e	16	9006931	N:TC[T>G]TG	-1	449356.0	2409449148
JG0139e	16	9085617	N:GC[C>G]TT	-1	78686.0	2409527834
JG0139e	16	9356830	N:AC[T>C]TT	1	271213.0	2409799047
JG0139e	16	9417282	N:TC[T>G]TT	1	60452.0	2409859499
JG0139e	16	9805704	T:AG[T>G]GA	1	388422.0	2410247921
JG0139e	16	9877201	T:GG[T>A]TA	1	71497.0	2410319418
JG0139e	16	9990921	U:GG[C>A]TA	-1	113720.0	2410433138
JG0139e	16	10096344	T:AC[T>A]TG	1	105423.0	2410538561
JG0139e	16	10274824	N:CC[T>G]CC	1	178480.0	2410717041
JG0139e	16	10595828	N:CC[T>C]CA	-1	321004.0	2411038045
JG0139e	16	11536670	N:TC[T>G]CA	-1	940842.0	2411978887
JG0139e	16	12282420	U:AC[T>G]TG	1	745750.0	2412724637
JG0139e	16	12584702	N:CC[T>G]TA	1	302282.0	2413026919
JG0139e	16	12871704	N:TC[T>G]TT	1	287002.0	2413313921
JG0139e	16	13167194	U:CC[T>C]CC	1	295490.0	2413609411
JG0139e	16	13497585	N:AC[T>A]GA	1	330391.0	2413939802
JG0139e	16	13618247	N:TC[T>A]TG	1	120662.0	2414060464
JG0139e	16	14494864	T:TG[T>C]GC	1	876617.0	2414937081
JG0139e	16	15582758	U:TC[T>G]TG	1	1087894.0	2416024975
JG0139e	16	15942820	N:TC[T>G]TA	-1	360062.0	2416385037
JG0139e	16	16056767	U:AC[T>G]TA	1	113947.0	2416498984
JG0139e	16	17068061	N:AC[T>C]TT	1	1011294.0	2417510278
JG0139e	16	17309849	T:TC[T>G]TG	1	241788.0	2417752066
JG0139e	16	17666097	N:TC[T>C]CC	1	356248.0	2418108314
JG0139e	16	17869271	N:TG[T>G]TT	-1	203174.0	2418311488
JG0139e	16	17943177	N:TC[T>C]TA	1	73906.0	2418385394
JG0139e	16	17983820	N:TC[T>C]CA	1	40643.0	2418426037
JG0139e	16	18000352	N:TC[T>G]CA	1	16532.0	2418442569
JG0139e	16	18020072	N:GC[T>C]GT	1	19720.0	2418462289
JG0139e	16	18750595	N:AC[T>C]GC	1	730523.0	2419192812
JG0139e	16	18844739	T:TC[T>C]CA	1	94144.0	2419286956
JG0139e	16	19574018	U:AC[T>G]TG	1	729279.0	2420016235
JG0139e	16	20054201	T:GC[T>G]TC	1	480183.0	2420496418
JG0139e	16	20196284	N:AC[T>G]TG	1	142083.0	2420638501
JG0139e	16	20285595	N:TC[T>C]TG	1	89311.0	2420727812
JG0139e	16	20287911	N:TC[T>C]GT	1	2316.0	2420730128
JG0139e	16	20634621	B:AC[T>C]TA	1	346710.0	2421076838
JG0139e	16	20719657	U:AC[T>C]TA	1	85036.0	2421161874
JG0139e	16	21124900	T:CC[T>C]TG	1	405243.0	2421567117
JG0139e	16	23199438	U:AC[T>C]TC	1	2074538.0	2423641655
JG0139e	16	23870345	U:GG[T>G]TC	1	670907.0	2424312562
JG0139e	16	23922006	U:GC[T>C]TG	1	51661.0	2424364223
JG0139e	16	24025459	U:TG[T>G]TA	1	103453.0	2424467676
JG0139e	16	24057732	U:AC[T>C]TA	1	32273.0	2424499949
JG0139e	16	24291460	U:GC[T>G]TA	1	233728.0	2424733677
JG0139e	16	24417689	N:GG[C>A]AG	1	126229.0	2424859906
JG0139e	16	25293094	N:TC[T>C]TA	1	875405.0	2425735311
JG0139e	16	25461084	N:AC[T>C]CC	1	167990.0	2425903301
JG0139e	16	25479043	N:TC[T>A]TT	1	17959.0	2425921260
JG0139e	16	25650412	N:GC[T>C]TG	1	171369.0	2426092629
JG0139e	16	25666761	N:AG[T>G]TA	1	16349.0	2426108978
JG0139e	16	25679097	N:AC[T>C]CT	1	12336.0	2426121314
JG0139e	16	25758008	U:CC[T>C]GC	1	78911.0	2426200225
JG0139e	16	26130524	U:AC[T>G]TT	1	372516.0	2426572741
JG0139e	16	26411159	N:AC[C>A]AA	-1	280635.0	2426853376
JG0139e	16	26721287	N:TC[T>C]GT	1	310128.0	2427163504
JG0139e	16	26755121	N:TC[T>C]GG	1	33834.0	2427197338
JG0139e	16	27030818	N:AC[T>A]TA	1	275697.0	2427473035
JG0139e	16	27046318	N:AC[T>C]GC	1	15500.0	2427488535
JG0139e	16	27046737	N:CC[T>C]CA	1	419.0	2427488954
JG0139e	16	27074867	N:TC[T>C]TT	1	28130.0	2427517084
JG0139e	16	27096277	N:AC[T>C]GA	1	21410.0	2427538494
JG0139e	16	27333581	U:GA[T>G]TC	1	237304.0	2427775798
JG0139e	16	27426287	U:AG[T>G]TA	1	92706.0	2427868504
JG0139e	16	27680803	U:TC[T>C]CA	1	254516.0	2428123020
JG0139e	16	27698869	U:CG[T>C]GG	1	18066.0	2428141086
JG0139e	16	27783865	N:GC[T>C]GC	1	84996.0	2428226082
JG0139e	16	27889246	T:CC[T>A]CC	1	105381.0	2428331463
JG0139e	16	27976166	T:AC[T>C]CA	1	86920.0	2428418383
JG0139e	16	28168664	T:TA[C>G]GA	1	192498.0	2428610881
JG0139e	16	28574308	T:GC[T>G]CG	-1	405644.0	2429016525
JG0139e	16	29002513	N:TC[T>C]TG	1	428205.0	2429444730
JG0139e	16	30450998	N:CC[T>G]CA	-1	1448485.0	2430893215
JG0139e	16	31380536	T:CC[T>C]TC	-1	929538.0	2431822753
JG0139e	16	31676961	N:AC[T>C]AC	1	296425.0	2432119178
JG0139e	16	34231616	N:AC[T>C]CA	1	2554655.0	2434673833
JG0139e	16	35550358	N:GT[C>T]TC	1	1318742.0	2435992575
JG0139e	16	35601022	N:TC[T>A]CA	-1	50664.0	2436043239
JG0139e	16	35663435	N:GC[T>C]TG	-1	62413.0	2436105652
JG0139e	16	35891612	N:TC[T>C]CA	-1	228177.0	2436333829
JG0139e	16	36052890	N:TC[T>G]TC	1	161278.0	2436495107
JG0139e	16	46427720	N:GC[T>G]TC	-1	10374830.0	2446869937
JG0139e	16	47222895	U:TC[T>G]CC	-1	795175.0	2447665112
JG0139e	16	47599060	U:AG[T>G]TG	1	376165.0	2448041277
JG0139e	16	47799548	N:CC[T>G]CA	1	200488.0	2448241765
JG0139e	16	48174530	U:AC[T>A]CA	-1	374982.0	2448616747
JG0139e	16	48190416	U:AC[T>G]GC	-1	15886.0	2448632633
JG0139e	16	48313035	T:TC[T>G]TG	-1	122619.0	2448755252
JG0139e	16	48404387	N:GA[T>G]TA	-1	91352.0	2448846604
JG0139e	16	48642179	N:GC[T>C]CT	-1	237792.0	2449084396
JG0139e	16	48967136	N:CC[T>C]CA	1	324957.0	2449409353
JG0139e	16	49072984	N:AG[T>G]TA	1	105848.0	2449515201
JG0139e	16	49101371	N:GC[T>G]TG	1	28387.0	2449543588
JG0139e	16	49719622	U:TC[T>G]TG	-1	618251.0	2450161839
JG0139e	16	49769026	T:TC[T>C]CA	1	49404.0	2450211243
JG0139e	16	49797086	T:GC[T>C]CA	1	28060.0	2450239303
JG0139e	16	49843568	T:AC[T>C]GA	1	46482.0	2450285785
JG0139e	16	49906716	N:GC[T>G]TT	-1	63148.0	2450348933
JG0139e	16	49919617	N:TC[T>G]TA	-1	12901.0	2450361834
JG0139e	16	49980820	N:AA[T>G]CT	-1	61203.0	2450423037
JG0139e	16	50428770	N:AC[T>G]TG	-1	447950.0	2450870987
JG0139e	16	50845017	N:GC[T>C]TA	1	416247.0	2451287234
JG0139e	16	50973176	N:AG[T>C]TG	1	128159.0	2451415393
JG0139e	16	51022271	N:AC[T>C]TG	1	49095.0	2451464488
JG0139e	16	51041209	N:AC[T>C]TT	1	18938.0	2451483426
JG0139e	16	51067133	N:AC[T>A]CA	1	25924.0	2451509350
JG0139e	16	51380620	N:GC[T>C]CA	1	313487.0	2451822837
JG0139e	16	52043472	N:TC[T>C]CT	1	662852.0	2452485689
JG0139e	16	52050077	N:CC[T>G]TT	-1	6605.0	2452492294
JG0139e	16	52173074	N:AC[T>C]TA	1	122997.0	2452615291
JG0139e	16	52327940	N:TC[T>G]TA	-1	154866.0	2452770157
JG0139e	16	52674566	N:GC[T>C]AG	1	346626.0	2453116783
JG0139e	16	53053584	N:AG[T>G]TC	-1	379018.0	2453495801
JG0139e	16	53455796	T:CC[T>G]CA	-1	402212.0	2453898013
JG0139e	16	53947385	T:CA[T>G]CA	-1	491589.0	2454389602
JG0139e	16	54077646	T:AC[T>G]CA	-1	130261.0	2454519863
JG0139e	16	54201897	N:GA[T>A]CG	1	124251.0	2454644114
JG0139e	16	54205960	N:GC[T>G]CA	-1	4063.0	2454648177
JG0139e	16	54518124	N:AC[T>C]CA	1	312164.0	2454960341
JG0139e	16	54917719	N:CG[T>C]GG	1	399595.0	2455359936
JG0139e	16	55164010	N:AC[T>G]TG	1	246291.0	2455606227
JG0139e	16	55364971	N:AG[T>A]TA	1	200961.0	2455807188
JG0139e	16	55469009	U:TC[T>C]TA	1	104038.0	2455911226
JG0139e	16	55592640	N:TC[T>A]GT	-1	123631.0	2456034857
JG0139e	16	55732110	N:AC[T>A]TT	-1	139470.0	2456174327
JG0139e	16	55733077	N:TC[T>G]GC	-1	967.0	2456175294
JG0139e	16	56009469	N:TC[T>C]TG	1	276392.0	2456451686
JG0139e	16	57301803	N:TG[T>C]CC	1	1292334.0	2457744020
JG0139e	16	57923552	U:TC[T>G]TC	-1	621749.0	2458365769
JG0139e	16	57924897	U:AC[T>C]CA	-1	1345.0	2458367114
JG0139e	16	58104982	N:AC[T>G]TA	-1	180085.0	2458547199
JG0139e	16	58194181	T:GC[T>G]TT	1	89199.0	2458636398
JG0139e	16	59071013	N:TC[T>C]TA	-1	876832.0	2459513230
JG0139e	16	59142123	N:AC[T>A]TC	1	71110.0	2459584340
JG0139e	16	59608089	N:TC[T>G]TA	-1	465966.0	2460050306
JG0139e	16	59624923	N:TC[T>G]GA	-1	16834.0	2460067140
JG0139e	16	59647206	N:CC[T>G]TG	1	22283.0	2460089423
JG0139e	16	59725076	N:AC[C>A]AA	-1	77870.0	2460167293
JG0139e	16	59823402	N:TC[T>C]CA	1	98326.0	2460265619
JG0139e	16	59887561	N:GG[T>C]GA	1	64159.0	2460329778
JG0139e	16	60645783	N:TC[T>G]CA	1	758222.0	2461088000
JG0139e	16	60920684	N:AC[T>C]CC	1	274901.0	2461362901
JG0139e	16	61021955	N:GA[T>C]TA	-1	101271.0	2461464172
JG0139e	16	61058304	N:AG[T>C]CA	1	36349.0	2461500521
JG0139e	16	61093409	N:TC[T>C]CA	1	35105.0	2461535626
JG0139e	16	61397197	N:GC[T>G]TG	1	303788.0	2461839414
JG0139e	16	61574250	N:TT[T>C]TT	1	177053.0	2462016467
JG0139e	16	61699023	U:AC[C>A]AA	-1	124773.0	2462141240
JG0139e	16	61699054	T:AC[T>C]CC	1	31.0	2462141271
JG0139e	16	61873150	T:TA[T>G]TC	1	174096.0	2462315367
JG0139e	16	61921965	U:TC[T>C]TC	-1	48815.0	2462364182
JG0139e	16	61949610	T:AA[C>G]CC	1	27645.0	2462391827
JG0139e	16	62120185	N:AC[T>G]TG	1	170575.0	2462562402
JG0139e	16	62174525	N:GC[T>A]GA	-1	54340.0	2462616742
JG0139e	16	62492461	N:TC[T>C]AG	1	317936.0	2462934678
JG0139e	16	62958247	N:CG[T>C]GA	1	465786.0	2463400464
JG0139e	16	63330318	N:AC[T>G]TT	-1	372071.0	2463772535
JG0139e	16	63644189	N:CC[T>A]TA	1	313871.0	2464086406
JG0139e	16	64005133	N:AC[T>C]TA	1	360944.0	2464447350
JG0139e	16	64196788	N:CC[T>C]TG	-1	191655.0	2464639005
JG0139e	16	64532064	N:GC[T>C]TA	1	335276.0	2464974281
JG0139e	16	64845046	N:TC[T>C]CA	1	312982.0	2465287263
JG0139e	16	64931619	N:TG[T>G]TA	1	86573.0	2465373836
JG0139e	16	65082706	U:AT[T>G]CA	-1	151087.0	2465524923
JG0139e	16	65186712	N:GC[T>C]CA	1	104006.0	2465628929
JG0139e	16	65626256	N:AC[T>G]CA	1	439544.0	2466068473
JG0139e	16	65844060	N:AG[C>A]CC	1	217804.0	2466286277
JG0139e	16	65884329	N:AG[T>A]CT	1	40269.0	2466326546
JG0139e	16	65942493	N:CC[T>C]CA	1	58164.0	2466384710
JG0139e	16	65964123	N:CA[T>G]CC	1	21630.0	2466406340
JG0139e	16	66115641	N:TC[T>G]CC	1	151518.0	2466557858
JG0139e	16	66117293	N:AC[T>C]GG	1	1652.0	2466559510
JG0139e	16	66117714	N:TC[T>C]TG	1	421.0	2466559931
JG0139e	16	66128467	N:GC[T>G]TA	1	10753.0	2466570684
JG0139e	16	66153973	N:TC[T>C]CA	1	25506.0	2466596190
JG0139e	16	66162808	N:TT[T>A]TG	1	8835.0	2466605025
JG0139e	16	66237031	N:AC[T>G]TT	1	74223.0	2466679248
JG0139e	16	66345921	N:AC[T>G]TG	1	108890.0	2466788138
JG0139e	16	66645491	T:AC[T>C]GC	1	299570.0	2467087708
JG0139e	16	67336894	T:AC[T>A]TG	-1	691403.0	2467779111
JG0139e	16	68678361	T:CA[T>G]TC	-1	1341467.0	2469120578
JG0139e	16	69023847	T:TT[T>G]TG	-1	345486.0	2469466064
JG0139e	16	69706126	N:AC[T>G]TA	1	682279.0	2470148343
JG0139e	16	71465156	T:AC[T>C]CC	1	1759030.0	2471907373
JG0139e	16	71875849	B:CC[T>C]TG	1	410693.0	2472318066
JG0139e	16	72052605	U:AC[T>G]AG	-1	176756.0	2472494822
JG0139e	16	72127485	U:TC[T>A]CA	-1	74880.0	2472569702
JG0139e	16	72423137	N:AC[T>C]CA	-1	295652.0	2472865354
JG0139e	16	72603272	N:AC[T>G]TG	1	180135.0	2473045489
JG0139e	16	72681856	N:AC[T>G]TA	-1	78584.0	2473124073
JG0139e	16	74073334	N:TC[T>A]CT	1	1391478.0	2474515551
JG0139e	16	75143867	N:GC[T>G]TG	1	1070533.0	2475586084
JG0139e	16	75595773	N:TC[T>G]GC	-1	451906.0	2476037990
JG0139e	16	75609259	U:TC[T>C]CA	-1	13486.0	2476051476
JG0139e	16	76151616	N:AC[T>G]TG	-1	542357.0	2476593833
JG0139e	16	76550928	T:TC[T>G]TC	-1	399312.0	2476993145
JG0139e	16	76636947	N:GC[T>C]CA	1	86019.0	2477079164
JG0139e	16	76877889	N:AC[T>A]TC	1	240942.0	2477320106
JG0139e	16	76915823	N:TC[T>A]CC	1	37934.0	2477358040
JG0139e	16	77019676	N:TA[T>G]TT	1	103853.0	2477461893
JG0139e	16	77614820	N:CC[T>G]TA	-1	595144.0	2478057037
JG0139e	16	77746292	N:GC[T>G]TA	1	131472.0	2478188509
JG0139e	16	77769189	N:TC[T>C]CA	-1	22897.0	2478211406
JG0139e	16	77943833	T:CC[T>G]AA	-1	174644.0	2478386050
JG0139e	16	78004081	N:TC[T>A]CT	-1	60248.0	2478446298
JG0139e	16	78119716	U:CC[T>G]TA	1	115635.0	2478561933
JG0139e	16	78243655	U:TC[T>A]TG	1	123939.0	2478685872
JG0139e	16	78696706	U:AT[T>G]TG	1	453051.0	2479138923
JG0139e	16	78958139	U:GC[T>G]CA	1	261433.0	2479400356
JG0139e	16	78986036	U:AA[T>A]TT	1	27897.0	2479428253
JG0139e	16	79002487	U:AG[T>C]GC	1	16451.0	2479444704
JG0139e	16	79209297	T:AA[T>G]TC	-1	206810.0	2479651514
JG0139e	16	79258278	N:AC[T>C]CT	1	48981.0	2479700495
JG0139e	16	79701539	N:GA[T>G]GT	-1	443261.0	2480143756
JG0139e	16	80157863	N:CC[T>C]TC	1	456324.0	2480600080
JG0139e	16	80160836	N:TT[T>G]TT	1	2973.0	2480603053
JG0139e	16	80213522	N:AC[T>G]TG	-1	52686.0	2480655739
JG0139e	16	80289499	N:TC[T>G]TT	1	75977.0	2480731716
JG0139e	16	80311862	N:TC[T>C]CA	1	22363.0	2480754079
JG0139e	16	80349911	N:AC[T>C]TA	1	38049.0	2480792128
JG0139e	16	80444417	N:AC[T>C]TG	1	94506.0	2480886634
JG0139e	16	80508683	N:TC[T>A]CC	1	64266.0	2480950900
JG0139e	16	80754056	T:TC[T>G]TA	1	245373.0	2481196273
JG0139e	16	80779381	T:CC[T>C]CA	1	25325.0	2481221598
JG0139e	16	80809005	N:TA[T>G]TA	-1	29624.0	2481251222
JG0139e	16	80923127	N:TC[T>C]CC	-1	114122.0	2481365344
JG0139e	16	81275515	T:AC[T>G]TA	-1	352388.0	2481717732
JG0139e	16	81341529	T:AG[T>G]TT	-1	66014.0	2481783746
JG0139e	16	82006828	U:TG[T>G]TT	-1	665299.0	2482449045
JG0139e	16	82020084	N:TC[T>G]TA	1	13256.0	2482462301
JG0139e	16	82024693	N:GC[T>G]TG	1	4609.0	2482466910
JG0139e	16	82067220	T:GG[T>G]AG	-1	42527.0	2482509437
JG0139e	16	82067230	T:AT[C>G]TC	-1	10.0	2482509447
JG0139e	16	82079491	U:AC[T>C]CT	1	12261.0	2482521708
JG0139e	16	82236377	N:TC[T>G]GG	-1	156886.0	2482678594
JG0139e	16	82239920	N:TT[T>C]TT	1	3543.0	2482682137
JG0139e	16	83052497	U:CC[T>A]TG	1	812577.0	2483494714
JG0139e	16	83275262	U:TT[T>A]TT	1	222765.0	2483717479
JG0139e	16	83495523	U:TC[T>G]TG	1	220261.0	2483937740
JG0139e	16	84080700	U:CC[T>A]TG	-1	585177.0	2484522917
JG0139e	16	84332018	N:GC[C>A]AA	1	251318.0	2484774235
JG0139e	16	84632883	N:AC[T>G]TG	-1	300865.0	2485075100
JG0139e	16	86735427	N:AC[T>G]CA	1	2102544.0	2487177644
JG0139e	16	86828021	N:TG[T>G]TT	1	92594.0	2487270238
JG0139e	16	86840482	N:TC[T>G]CA	1	12461.0	2487282699
JG0139e	16	86858148	N:AC[T>C]CA	-1	17666.0	2487300365
JG0139e	16	86972017	N:CC[T>G]TC	1	113869.0	2487414234
JG0139e	16	87421043	U:CC[T>C]TG	-1	449026.0	2487863260
JG0139e	16	87614010	U:AC[T>C]TG	1	192967.0	2488056227
JG0139e	16	87949611	N:AC[T>C]TG	-1	335601.0	2488391828
JG0139e	16	88206237	N:AC[T>C]TC	1	256626.0	2488648454
JG0139e	16	88219838	N:GC[T>C]CT	1	13601.0	2488662055
JG0139e	16	88235226	N:CC[T>G]TG	1	15388.0	2488677443
JG0139e	16	88439761	U:TC[T>G]TA	1	204535.0	2488881978
JG0139e	16	88995223	N:CC[T>C]GC	1	555462.0	2489437440
JG0139e	16	89020744	N:AC[T>G]TG	-1	25521.0	2489462961
JG0139e	16	89164904	N:CC[T>A]GG	1	144160.0	2489607121
JG0139e	16	90055501	N:AC[T>C]TG	1	890597.0	2490497718
JG0139e	17	1087283	T:TG[C>A]TC	1		2491867845
JG0139e	17	4768208	N:GC[T>C]TG	1	3680925.0	2495548770
JG0139e	17	6161579	N:GC[T>A]TT	1	1393371.0	2496942141
JG0139e	17	6342165	N:AC[T>G]TG	1	180586.0	2497122727
JG0139e	17	6615185	T:CC[T>C]CA	1	273020.0	2497395747
JG0139e	17	6817313	T:GT[T>G]TC	1	202128.0	2497597875
JG0139e	17	8772285	N:GG[T>G]TG	1	1954972.0	2499552847
JG0139e	17	9223611	U:CC[T>A]CC	1	451326.0	2500004173
JG0139e	17	9334339	T:TG[T>G]TA	1	110728.0	2500114901
JG0139e	17	9531802	T:AC[T>G]TA	1	197463.0	2500312364
JG0139e	17	9727236	T:CT[C>T]AG	-1	195434.0	2500507798
JG0139e	17	9925831	T:CC[T>G]CA	1	198595.0	2500706393
JG0139e	17	10000345	T:TT[T>G]TC	1	74514.0	2500780907
JG0139e	17	10424978	N:TC[T>G]TG	1	424633.0	2501205540
JG0139e	17	10570160	N:AC[T>G]TT	1	145182.0	2501350722
JG0139e	17	10815092	N:CA[T>G]CA	1	244932.0	2501595654
JG0139e	17	11399065	U:TC[T>C]GG	1	583973.0	2502179627
JG0139e	17	11652995	U:CC[T>C]TG	1	253930.0	2502433557
JG0139e	17	11690736	U:AC[T>G]GC	1	37741.0	2502471298
JG0139e	17	11951252	U:TT[T>A]AA	1	260516.0	2502731814
JG0139e	17	12491776	N:AC[T>G]TT	1	540524.0	2503272338
JG0139e	17	12866035	U:AC[T>A]CA	1	374259.0	2503646597
JG0139e	17	13199479	N:AC[T>G]TT	1	333444.0	2503980041
JG0139e	17	13202468	N:TG[T>G]TG	1	2989.0	2503983030
JG0139e	17	13593356	U:TG[T>C]CA	-1	390888.0	2504373918
JG0139e	17	13842516	N:AC[T>A]CT	1	249160.0	2504623078
JG0139e	17	14590712	N:AC[T>C]CA	1	748196.0	2505371274
JG0139e	17	14715246	N:TC[T>A]TT	1	124534.0	2505495808
JG0139e	17	14941978	N:TC[T>C]GC	1	226732.0	2505722540
JG0139e	17	15338347	T:AC[T>C]TT	1	396369.0	2506118909
JG0139e	17	16315933	U:CG[T>G]GA	1	977586.0	2507096495
JG0139e	17	20767873	N:AC[T>C]TG	1	4451940.0	2511548435
JG0139e	17	22493430	N:AG[T>G]TA	1	1725557.0	2513273992
JG0139e	17	22511604	N:GC[T>G]CA	1	18174.0	2513292166
JG0139e	17	22698710	N:TC[T>A]TG	1	187106.0	2513479272
JG0139e	17	27334247	N:GC[T>C]TT	1	4635537.0	2518114809
JG0139e	17	28585728	T:CC[T>G]CA	1	1251481.0	2519366290
JG0139e	17	28638057	T:AC[T>G]GG	1	52329.0	2519418619
JG0139e	17	28886275	T:GG[T>A]TG	1	248218.0	2519666837
JG0139e	17	29108323	T:AC[T>C]TT	1	222048.0	2519888885
JG0139e	17	29517442	U:TT[T>A]AT	1	409119.0	2520298004
JG0139e	17	30039502	U:AC[T>G]TC	1	522060.0	2520820064
JG0139e	17	30155678	U:GC[T>G]AG	1	116176.0	2520936240
JG0139e	17	33093195	T:AA[T>G]TT	1	2937517.0	2523873757
JG0139e	17	33495507	T:CC[T>G]TC	1	402312.0	2524276069
JG0139e	17	33586576	T:TC[T>G]TC	1	91069.0	2524367138
JG0139e	17	33665853	T:GC[T>C]TC	1	79277.0	2524446415
JG0139e	17	33869973	T:GC[T>C]GT	1	204120.0	2524650535
JG0139e	17	33975800	T:CC[T>G]CT	1	105827.0	2524756362
JG0139e	17	34342181	N:TC[T>C]CA	1	366381.0	2525122743
JG0139e	17	34458672	N:AG[C>T]TC	1	116491.0	2525239234
JG0139e	17	34576493	N:AG[T>C]CG	1	117821.0	2525357055
JG0139e	17	34727196	N:TC[T>C]AC	1	150703.0	2525507758
JG0139e	17	34745276	N:TG[T>G]TA	1	18080.0	2525525838
JG0139e	17	34785295	N:TC[T>G]CA	1	40019.0	2525565857
JG0139e	17	34898973	N:AC[T>G]TG	1	113678.0	2525679535
JG0139e	17	34920987	N:AC[T>A]GT	1	22014.0	2525701549
JG0139e	17	35045341	T:TC[T>G]CA	1	124354.0	2525825903
JG0139e	17	36571734	U:AC[T>A]TG	1	1526393.0	2527352296
JG0139e	17	38379791	U:CC[T>G]TC	1	1808057.0	2529160353
JG0139e	17	38496110	U:GG[T>G]TG	1	116319.0	2529276672
JG0139e	17	40741930	N:GC[T>C]GA	1	2245820.0	2531522492
JG0139e	17	41335065	N:CC[T>G]TG	1	593135.0	2532115627
JG0139e	17	41352045	N:GC[T>A]CT	1	16980.0	2532132607
JG0139e	17	41935318	U:GC[T>G]TC	1	583273.0	2532715880
JG0139e	17	43097050	T:GC[T>C]TA	1	1161732.0	2533877612
JG0139e	17	43427672	N:GC[T>C]GA	1	330622.0	2534208234
JG0139e	17	43641375	T:TC[T>C]TG	1	213703.0	2534421937
JG0139e	17	45271454	T:TC[T>A]CC	1	1630079.0	2536052016
JG0139e	17	45311988	T:AC[T>A]GG	1	40534.0	2536092550
JG0139e	17	45733945	U:AC[T>G]TG	1	421957.0	2536514507
JG0139e	17	45834323	U:GC[T>A]GA	1	100378.0	2536614885
JG0139e	17	45913297	U:CG[T>G]TA	1	78974.0	2536693859
JG0139e	17	46194949	T:TC[T>C]CA	1	281652.0	2536975511
JG0139e	17	47567118	U:GC[T>G]TA	1	1372169.0	2538347680
JG0139e	17	47878589	N:GG[T>C]CA	1	311471.0	2538659151
JG0139e	17	47894019	N:TC[T>G]TT	1	15430.0	2538674581
JG0139e	17	48300748	T:TC[T>G]TA	1	406729.0	2539081310
JG0139e	17	48410472	T:TC[T>G]TC	1	109724.0	2539191034
JG0139e	17	48441250	N:TC[T>C]CA	1	30778.0	2539221812
JG0139e	17	49376880	N:TC[T>G]TC	1	935630.0	2540157442
JG0139e	17	50225539	N:TC[T>A]CA	1	848659.0	2541006101
JG0139e	17	50245592	N:AC[T>A]TT	1	20053.0	2541026154
JG0139e	17	50246604	N:TC[T>C]TG	1	1012.0	2541027166
JG0139e	17	50783013	N:AG[T>C]GC	1	536409.0	2541563575
JG0139e	17	51080335	T:TC[T>C]TG	1	297322.0	2541860897
JG0139e	17	51097668	T:AC[T>C]GA	1	17333.0	2541878230
JG0139e	17	51289286	U:CC[T>A]CC	1	191618.0	2542069848
JG0139e	17	51300896	N:AG[T>G]GG	1	11610.0	2542081458
JG0139e	17	51741041	T:GA[C>A]AT	1	440145.0	2542521603
JG0139e	17	51760003	T:GC[T>G]TA	1	18962.0	2542540565
JG0139e	17	52063631	T:CC[T>A]CT	1	303628.0	2542844193
JG0139e	17	52547673	N:TA[T>G]TA	1	484042.0	2543328235
JG0139e	17	52565710	N:TA[T>G]TA	1	18037.0	2543346272
JG0139e	17	52896358	N:CC[T>C]AA	-1	330648.0	2543676920
JG0139e	17	53090707	N:TC[T>G]TT	1	194349.0	2543871269
JG0139e	17	53090778	N:AT[T>G]TC	1	71.0	2543871340
JG0139e	17	53112323	N:GC[C>A]AG	-1	21545.0	2543892885
JG0139e	17	53132689	N:TC[T>G]TA	1	20366.0	2543913251
JG0139e	17	53133908	N:GC[T>G]TG	1	1219.0	2543914470
JG0139e	17	53170116	N:TG[T>A]TA	1	36208.0	2543950678
JG0139e	17	53197693	N:GC[T>G]CC	1	27577.0	2543978255
JG0139e	17	53337630	N:AG[T>G]CA	1	139937.0	2544118192
JG0139e	17	53348787	N:TC[T>A]TG	1	11157.0	2544129349
JG0139e	17	53525289	N:TC[T>C]GT	1	176502.0	2544305851
JG0139e	17	53883450	N:TC[T>G]TA	1	358161.0	2544664012
JG0139e	17	53940559	N:TG[T>C]GC	1	57109.0	2544721121
JG0139e	17	53946203	N:AC[T>G]TA	1	5644.0	2544726765
JG0139e	17	54039259	N:AC[T>G]TG	1	93056.0	2544819821
JG0139e	17	54184366	N:GC[T>C]CA	1	145107.0	2544964928
JG0139e	17	54591866	N:TT[T>G]TT	1	407500.0	2545372428
JG0139e	17	54613054	N:AG[T>C]CA	1	21188.0	2545393616
JG0139e	17	54889214	N:CC[T>A]GA	1	276160.0	2545669776
JG0139e	17	55539211	N:AC[T>G]TC	1	649997.0	2546319773
JG0139e	17	55819202	U:AC[T>C]TA	1	279991.0	2546599764
JG0139e	17	55853038	N:TC[T>C]TG	1	33836.0	2546633600
JG0139e	17	55957791	U:TG[T>G]TC	1	104753.0	2546738353
JG0139e	17	56406628	U:TA[T>G]TG	1	448837.0	2547187190
JG0139e	17	56627819	N:AC[T>C]TG	1	221191.0	2547408381
JG0139e	17	56685432	N:AC[T>C]CA	1	57613.0	2547465994
JG0139e	17	56766010	N:CA[C>T]AG	-1	80578.0	2547546572
JG0139e	17	57452774	U:TC[T>G]TA	1	686764.0	2548233336
JG0139e	17	57544646	U:AC[T>C]TC	1	91872.0	2548325208
JG0139e	17	57939496	T:GG[T>C]CT	1	394850.0	2548720058
JG0139e	17	58244335	U:AC[T>G]TT	1	304839.0	2549024897
JG0139e	17	58584441	T:AC[T>C]CA	1	340106.0	2549365003
JG0139e	17	59273638	U:AC[T>A]TC	1	689197.0	2550054200
JG0139e	17	60431173	U:TC[T>C]TT	1	1157535.0	2551211735
JG0139e	17	62080592	N:TT[T>G]TA	1	1649419.0	2552861154
JG0139e	17	63890327	N:TC[T>G]TA	1	1809735.0	2554670889
JG0139e	17	64453152	U:AC[T>A]CC	1	562825.0	2555233714
JG0139e	17	64641879	T:GC[T>G]CA	1	188727.0	2555422441
JG0139e	17	65813573	T:TC[T>C]TG	1	1171694.0	2556594135
JG0139e	17	66011102	T:GG[T>C]TG	1	197529.0	2556791664
JG0139e	17	66063960	T:CC[T>G]TA	1	52858.0	2556844522
JG0139e	17	67285838	N:AC[T>C]CT	1	1221878.0	2558066400
JG0139e	17	67865898	U:AC[T>C]CC	1	580060.0	2558646460
JG0139e	17	68026982	N:TC[T>G]TT	1	161084.0	2558807544
JG0139e	17	68456486	T:GC[T>G]TC	1	429504.0	2559237048
JG0139e	17	68587320	T:CC[T>G]TG	1	130834.0	2559367882
JG0139e	17	68736561	N:AT[T>G]TC	1	149241.0	2559517123
JG0139e	17	68827464	N:AC[T>C]CT	1	90903.0	2559608026
JG0139e	17	69036186	T:AC[T>G]TT	1	208722.0	2559816748
JG0139e	17	69150884	T:AG[T>C]CT	1	114698.0	2559931446
JG0139e	17	69652116	N:TT[T>G]TA	1	501232.0	2560432678
JG0139e	17	69748964	N:TA[T>G]TA	1	96848.0	2560529526
JG0139e	17	70110012	U:AC[T>G]TA	1	361048.0	2560890574
JG0139e	17	70128888	U:AG[T>C]AT	1	18876.0	2560909450
JG0139e	17	70321536	N:CT[C>G]AT	-1	192648.0	2561102098
JG0139e	17	70734931	N:TC[T>G]TA	1	413395.0	2561515493
JG0139e	17	70918533	N:TC[T>G]TA	1	183602.0	2561699095
JG0139e	17	71408944	N:TT[T>G]TA	1	490411.0	2562189506
JG0139e	17	71548123	N:AG[T>A]TT	1	139179.0	2562328685
JG0139e	17	71574953	N:TC[T>C]TA	1	26830.0	2562355515
JG0139e	17	71798197	N:AC[T>C]TG	1	223244.0	2562578759
JG0139e	17	71812027	N:AC[T>G]TA	1	13830.0	2562592589
JG0139e	17	71962692	N:TG[T>G]TA	1	150665.0	2562743254
JG0139e	17	71981796	N:TC[T>G]TA	1	19104.0	2562762358
JG0139e	17	72177654	N:AG[T>G]GA	1	195858.0	2562958216
JG0139e	17	72229530	N:TC[T>G]TG	1	51876.0	2563010092
JG0139e	17	72377034	N:TA[T>G]TT	1	147504.0	2563157596
JG0139e	17	72420634	N:TG[T>C]AC	1	43600.0	2563201196
JG0139e	17	72442420	N:TC[T>A]TG	1	21786.0	2563222982
JG0139e	17	72464414	N:CC[T>C]CA	1	21994.0	2563244976
JG0139e	17	74150034	N:CC[T>C]CC	1	1685620.0	2564930596
JG0139e	17	74377581	N:CC[T>G]TT	1	227547.0	2565158143
JG0139e	17	75350830	U:AC[T>G]TA	-1	973249.0	2566131392
JG0139e	17	75611613	U:GC[T>A]TG	1	260783.0	2566392175
JG0139e	17	75739777	U:GC[T>G]GA	1	128164.0	2566520339
JG0139e	17	76022761	U:AC[T>G]TC	-1	282984.0	2566803323
JG0139e	17	77202837	U:GC[T>G]TG	1	1180076.0	2567983399
JG0139e	17	78426939	T:GG[T>G]TC	1	1224102.0	2569207501
JG0139e	17	78767164	U:AC[C>A]CA	-1	340225.0	2569547726
JG0139e	17	79546050	N:CC[T>A]CT	1	778886.0	2570326612
JG0139e	17	79614454	N:GC[T>C]CG	1	68404.0	2570395016
JG0139e	17	79896563	N:GC[T>G]TG	-1	282109.0	2570677125
JG0139e	17	80189866	T:TC[T>A]CG	-1	293303.0	2570970428
JG0139e	17	80701549	U:AC[T>G]TG	1	511683.0	2571482111
JG0139e	17	80990952	N:TC[T>G]TC	-1	289403.0	2571771514
JG0139e	17	82299283	N:GC[T>C]GA	1	1308331.0	2573079845
JG0139e	17	82711458	N:AC[T>G]CA	-1	412175.0	2573492020
JG0139e	17	82924503	U:CA[C>A]AT	1	213045.0	2573705065
JG0139e	17	83057924	N:GC[T>C]CT	1	133421.0	2573838486
JG0139e	18	492304	U:TT[C>A]TA	-1		2574530307
JG0139e	18	739102	U:GC[T>A]TG	-1	246798.0	2574777105
JG0139e	18	1147867	N:AG[T>G]TG	-1	408765.0	2575185870
JG0139e	18	2688084	T:AC[T>G]TT	-1	1540217.0	2576726087
JG0139e	18	3216938	T:AG[T>G]TA	1	528854.0	2577254941
JG0139e	18	3233547	N:AC[T>C]TA	1	16609.0	2577271550
JG0139e	18	3376438	N:TC[T>C]GG	1	142891.0	2577414441
JG0139e	18	4050996	U:TC[T>C]GA	-1	674558.0	2578088999
JG0139e	18	4251005	U:TC[T>C]TC	-1	200009.0	2578289008
JG0139e	18	4251171	U:TC[T>C]CC	-1	166.0	2578289174
JG0139e	18	4582565	N:TG[T>G]TG	-1	331394.0	2578620568
JG0139e	18	4776063	N:AC[T>C]GA	-1	193498.0	2578814066
JG0139e	18	5087869	N:TC[T>A]CG	-1	311806.0	2579125872
JG0139e	18	5427775	T:TC[T>G]CG	1	339906.0	2579465778
JG0139e	18	5448852	U:AC[T>C]CT	-1	21077.0	2579486855
JG0139e	18	5451965	U:AC[T>C]TG	-1	3113.0	2579489968
JG0139e	18	5968448	U:AC[T>A]GG	-1	516483.0	2580006451
JG0139e	18	6579668	N:TC[T>C]CA	1	611220.0	2580617671
JG0139e	18	6592187	N:TA[T>A]TA	1	12519.0	2580630190
JG0139e	18	6743990	T:GG[C>A]CA	-1	151803.0	2580781993
JG0139e	18	6926922	N:TC[T>A]TT	-1	182932.0	2580964925
JG0139e	18	7038575	T:TC[T>C]CT	1	111653.0	2581076578
JG0139e	18	7042154	U:AC[T>C]TA	-1	3579.0	2581080157
JG0139e	18	7109951	U:CC[T>G]TG	-1	67797.0	2581147954
JG0139e	18	7581756	T:AC[T>G]TG	-1	471805.0	2581619759
JG0139e	18	7878484	T:GA[T>G]TG	-1	296728.0	2581916487
JG0139e	18	8043313	T:AC[T>A]AA	-1	164829.0	2582081316
JG0139e	18	8055491	T:AC[T>A]TT	-1	12178.0	2582093494
JG0139e	18	8447003	N:TC[T>C]TA	-1	391512.0	2582485006
JG0139e	18	8958860	N:GA[T>G]TC	-1	511857.0	2582996863
JG0139e	18	9743770	T:AC[T>G]TG	-1	784910.0	2583781773
JG0139e	18	10039741	N:AC[T>A]GC	-1	295971.0	2584077744
JG0139e	18	10685743	U:GG[C>A]GA	-1	646002.0	2584723746
JG0139e	18	11073096	U:CC[C>A]GC	-1	387353.0	2585111099
JG0139e	18	11294288	N:AA[T>C]CA	-1	221192.0	2585332291
JG0139e	18	12374246	U:TC[T>G]TA	-1	1079958.0	2586412249
JG0139e	18	12586782	U:GC[T>C]TA	-1	212536.0	2586624785
JG0139e	18	12678966	B:AC[T>G]TT	-1	92184.0	2586716969
JG0139e	18	13292875	T:TC[T>C]CC	-1	613909.0	2587330878
JG0139e	18	13685454	U:CC[T>C]TA	-1	392579.0	2587723457
JG0139e	18	13902708	T:AC[T>G]TA	1	217254.0	2587940711
JG0139e	18	14748432	U:TC[T>C]TA	1	845724.0	2588786435
JG0139e	18	14777594	U:GG[C>A]CC	1	29162.0	2588815597
JG0139e	18	21340185	T:CC[T>G]CA	-1	6562591.0	2595378188
JG0139e	18	21570713	T:GC[T>C]CA	1	230528.0	2595608716
JG0139e	18	21905364	N:AC[T>G]TC	-1	334651.0	2595943367
JG0139e	18	22234795	N:TG[T>A]TA	1	329431.0	2596272798
JG0139e	18	22835409	T:AC[T>C]TT	-1	600614.0	2596873412
JG0139e	18	22887800	T:TG[T>G]TG	-1	52391.0	2596925803
JG0139e	18	23171404	T:CG[T>A]CA	-1	283604.0	2597209407
JG0139e	18	23441770	N:TC[T>G]CA	1	270366.0	2597479773
JG0139e	18	23792819	U:TC[T>C]TG	1	351049.0	2597830822
JG0139e	18	23861369	U:AC[T>C]CA	1	68550.0	2597899372
JG0139e	18	23867992	U:AC[T>A]CA	1	6623.0	2597905995
JG0139e	18	24634907	N:AC[T>C]TT	1	766915.0	2598672910
JG0139e	18	24639187	N:TC[T>G]TC	1	4280.0	2598677190
JG0139e	18	25005227	N:AC[T>G]TA	1	366040.0	2599043230
JG0139e	18	25025041	N:TG[T>G]TG	1	19814.0	2599063044
JG0139e	18	25555434	N:CC[T>C]TT	-1	530393.0	2599593437
JG0139e	18	25628273	N:AA[T>C]TG	1	72839.0	2599666276
JG0139e	18	25677242	N:AC[T>G]TT	1	48969.0	2599715245
JG0139e	18	25810091	N:TC[T>C]AG	1	132849.0	2599848094
JG0139e	18	27429099	N:AG[T>C]CA	1	1619008.0	2601467102
JG0139e	18	27459050	N:AC[T>G]TA	-1	29951.0	2601497053
JG0139e	18	27775166	N:AC[T>C]TG	-1	316116.0	2601813169
JG0139e	18	28061116	U:TG[T>A]TA	-1	285950.0	2602099119
JG0139e	18	28326971	N:TC[T>G]TG	1	265855.0	2602364974
JG0139e	18	28463700	N:TC[T>C]CA	-1	136729.0	2602501703
JG0139e	18	28463701	N:GT[C>T]TC	-1	1.0	2602501704
JG0139e	18	28651067	N:AC[T>G]TA	1	187366.0	2602689070
JG0139e	18	28752412	N:CC[T>C]CA	1	101345.0	2602790415
JG0139e	18	28869623	N:GG[T>A]TA	-1	117211.0	2602907626
JG0139e	18	30051946	N:AC[T>C]GA	-1	1182323.0	2604089949
JG0139e	18	30880812	N:AC[T>G]TT	-1	828866.0	2604918815
JG0139e	18	31773337	N:AC[T>C]TT	-1	892525.0	2605811340
JG0139e	18	31928976	T:AG[T>A]TC	1	155639.0	2605966979
JG0139e	18	32596711	N:CC[T>G]TA	1	667735.0	2606634714
JG0139e	18	32851852	N:CC[T>G]TG	1	255141.0	2606889855
JG0139e	18	32905149	N:CC[T>G]CA	1	53297.0	2606943152
JG0139e	18	33015332	U:CC[T>C]TG	-1	110183.0	2607053335
JG0139e	18	33116486	T:TC[T>C]GG	1	101154.0	2607154489
JG0139e	18	33243263	U:TA[C>G]TT	-1	126777.0	2607281266
JG0139e	18	33836611	N:TC[T>G]GA	-1	593348.0	2607874614
JG0139e	18	33945969	T:AC[T>G]TT	1	109358.0	2607983972
JG0139e	18	35059884	T:GC[T>G]TT	-1	1113915.0	2609097887
JG0139e	18	35960759	N:AC[T>C]TG	-1	900875.0	2609998762
JG0139e	18	36228513	T:TC[T>G]CA	-1	267754.0	2610266516
JG0139e	18	36904592	U:AC[T>G]TT	1	676079.0	2610942595
JG0139e	18	36942303	U:GC[T>C]CA	1	37711.0	2610980306
JG0139e	18	37100346	U:TC[T>G]TA	1	158043.0	2611138349
JG0139e	18	37291789	U:AC[T>C]CA	-1	191443.0	2611329792
JG0139e	18	37579699	N:CC[T>A]CC	-1	287910.0	2611617702
JG0139e	18	37627669	N:GC[T>C]TG	-1	47970.0	2611665672
JG0139e	18	37943310	N:AC[T>G]TT	-1	315641.0	2611981313
JG0139e	18	38137259	N:GG[T>G]TC	-1	193949.0	2612175262
JG0139e	18	38692379	N:CC[T>C]TA	1	555120.0	2612730382
JG0139e	18	39074680	N:GC[T>G]TA	-1	382301.0	2613112683
JG0139e	18	39537752	N:TC[T>C]TA	1	463072.0	2613575755
JG0139e	18	39545588	N:AC[T>A]TT	1	7836.0	2613583591
JG0139e	18	39560117	N:TC[T>G]TG	1	14529.0	2613598120
JG0139e	18	40098183	N:AC[T>G]TC	-1	538066.0	2614136186
JG0139e	18	40835586	N:AC[T>C]CA	-1	737403.0	2614873589
JG0139e	18	41302698	N:AC[C>T]AA	-1	467112.0	2615340701
JG0139e	18	41487868	N:TC[T>C]CA	1	185170.0	2615525871
JG0139e	18	41495042	N:AG[T>G]TA	-1	7174.0	2615533045
JG0139e	18	42861880	T:GG[C>A]TT	1	1366838.0	2616899883
JG0139e	18	43585275	N:AC[T>G]CT	-1	723395.0	2617623278
JG0139e	18	43913301	N:AT[C>T]AA	-1	328026.0	2617951304
JG0139e	18	43945440	N:AC[T>G]TT	1	32139.0	2617983443
JG0139e	18	43978105	N:AC[T>C]TC	1	32665.0	2618016108
JG0139e	18	43998339	N:AC[T>C]CC	1	20234.0	2618036342
JG0139e	18	44201746	N:AA[C>G]TT	1	203407.0	2618239749
JG0139e	18	44522538	N:TC[T>C]GA	-1	320792.0	2618560541
JG0139e	18	44560294	N:TT[T>G]TT	-1	37756.0	2618598297
JG0139e	18	44867528	T:AA[T>G]CA	-1	307234.0	2618905531
JG0139e	18	46062572	T:GC[T>C]GG	1	1195044.0	2620100575
JG0139e	18	46718168	U:TT[T>G]TA	-1	655596.0	2620756171
JG0139e	18	47968097	N:TA[C>T]GC	1	1249929.0	2622006100
JG0139e	18	47970120	N:GC[T>G]TG	-1	2023.0	2622008123
JG0139e	18	48012258	N:AG[T>G]TC	-1	42138.0	2622050261
JG0139e	18	48889659	N:CC[T>G]CC	-1	877401.0	2622927662
JG0139e	18	49258582	U:AG[T>G]CA	-1	368923.0	2623296585
JG0139e	18	49498109	N:AC[T>G]TC	-1	239527.0	2623536112
JG0139e	18	49910033	U:TC[T>G]TA	-1	411924.0	2623948036
JG0139e	18	50722454	T:TC[T>C]TG	-1	812421.0	2624760457
JG0139e	18	51592388	N:TC[T>A]TA	1	869934.0	2625630391
JG0139e	18	51834545	N:TC[T>C]GA	-1	242157.0	2625872548
JG0139e	18	52104088	N:AC[T>G]TT	1	269543.0	2626142091
JG0139e	18	52541182	T:GC[T>C]TC	-1	437094.0	2626579185
JG0139e	18	52919573	T:AC[T>C]TG	-1	378391.0	2626957576
JG0139e	18	53585064	N:TC[T>C]CT	1	665491.0	2627623067
JG0139e	18	53812707	N:TC[T>C]TA	1	227643.0	2627850710
JG0139e	18	53898917	N:AC[T>C]GA	1	86210.0	2627936920
JG0139e	18	53927454	N:AC[T>C]CT	1	28537.0	2627965457
JG0139e	18	53998706	N:AC[T>A]TG	1	71252.0	2628036709
JG0139e	18	54010072	N:TC[T>C]TG	1	11366.0	2628048075
JG0139e	18	54018096	N:GC[T>C]CC	1	8024.0	2628056099
JG0139e	18	54593710	T:GC[T>C]CA	-1	575614.0	2628631713
JG0139e	18	54593719	T:AT[C>G]TC	-1	9.0	2628631722
JG0139e	18	54786269	T:AC[T>C]TT	-1	192550.0	2628824272
JG0139e	18	54831338	U:AC[C>A]TG	1	45069.0	2628869341
JG0139e	18	55145760	N:TC[T>C]TT	1	314422.0	2629183763
JG0139e	18	55819001	N:TC[T>A]TG	-1	673241.0	2629857004
JG0139e	18	57544995	N:CC[T>C]TA	-1	1725994.0	2631582998
JG0139e	18	58419044	N:AC[T>A]CA	-1	874049.0	2632457047
JG0139e	18	59773404	N:TG[T>C]TA	-1	1354360.0	2633811407
JG0139e	18	59871221	N:AG[T>G]TA	1	97817.0	2633909224
JG0139e	18	59884483	N:AC[T>G]TA	1	13262.0	2633922486
JG0139e	18	60009175	N:AC[T>A]TG	-1	124692.0	2634047178
JG0139e	18	60072510	N:TC[T>C]CC	-1	63335.0	2634110513
JG0139e	18	60395963	N:AT[C>A]CT	1	323453.0	2634433966
JG0139e	18	60438056	N:AG[T>C]CA	1	42093.0	2634476059
JG0139e	18	60764567	N:AG[C>T]CC	1	326511.0	2634802570
JG0139e	18	61059380	N:GC[T>C]TA	-1	294813.0	2635097383
JG0139e	18	62836907	T:TC[T>G]TA	-1	1777527.0	2636874910
JG0139e	18	63588581	T:GC[T>G]TC	-1	751674.0	2637626584
JG0139e	18	63757933	T:AC[T>G]TG	-1	169352.0	2637795936
JG0139e	18	63774763	T:GC[T>G]TC	-1	16830.0	2637812766
JG0139e	18	65750607	T:GC[T>C]CG	-1	1975844.0	2639788610
JG0139e	18	67422114	N:TG[T>G]CT	-1	1671507.0	2641460117
JG0139e	18	67609654	N:AC[T>G]TA	1	187540.0	2641647657
JG0139e	18	67644404	N:AC[T>C]TG	1	34750.0	2641682407
JG0139e	18	68523794	N:CC[T>C]CA	-1	879390.0	2642561797
JG0139e	18	68696069	U:AC[T>G]TG	-1	172275.0	2642734072
JG0139e	18	68718719	U:GC[T>C]TG	1	22650.0	2642756722
JG0139e	18	68801310	U:GC[T>C]TG	1	82591.0	2642839313
JG0139e	18	69250697	N:AC[T>C]TA	1	449387.0	2643288700
JG0139e	18	70130706	U:TC[T>G]TA	-1	880009.0	2644168709
JG0139e	18	70452961	N:TT[T>G]TT	1	322255.0	2644490964
JG0139e	18	70574394	N:TC[T>C]TT	1	121433.0	2644612397
JG0139e	18	70662156	N:TG[T>G]TC	1	87762.0	2644700159
JG0139e	18	70706809	N:AG[T>A]TT	1	44653.0	2644744812
JG0139e	18	70753157	N:AC[T>G]TG	1	46348.0	2644791160
JG0139e	18	71828821	N:CT[C>T]AG	-1	1075664.0	2645866824
JG0139e	18	73354564	N:TA[T>C]TA	1	1525743.0	2647392567
JG0139e	18	73454241	N:GG[C>A]CG	-1	99677.0	2647492244
JG0139e	18	73679578	N:AC[T>C]GA	1	225337.0	2647717581
JG0139e	18	74751905	U:GG[T>G]CA	1	1072327.0	2648789908
JG0139e	18	74924761	T:TC[T>C]CC	-1	172856.0	2648962764
JG0139e	18	75473039	N:TC[T>C]CC	1	548278.0	2649511042
JG0139e	18	76056441	N:TC[T>C]TT	-1	583402.0	2650094444
JG0139e	18	76086910	N:AG[T>A]CC	1	30469.0	2650124913
JG0139e	18	76219635	N:GC[T>A]CT	1	132725.0	2650257638
JG0139e	18	76293335	N:TC[T>A]CC	1	73700.0	2650331338
JG0139e	18	78003736	N:GG[T>G]TT	1	1710401.0	2652041739
JG0139e	18	78122686	N:AC[T>C]TA	1	118950.0	2652160689
JG0139e	18	78133820	N:CC[T>C]CT	-1	11134.0	2652171823
JG0139e	18	78133821	N:GC[C>A]TC	-1	1.0	2652171824
JG0139e	18	78402290	N:TC[T>G]TC	1	268469.0	2652440293
JG0139e	18	78487612	N:TC[T>C]GA	1	85322.0	2652525615
JG0139e	18	78488190	N:AC[T>C]TA	-1	578.0	2652526193
JG0139e	18	78934336	N:AC[T>C]GA	1	446146.0	2652972339
JG0139e	18	79074782	T:AG[T>G]TA	-1	140446.0	2653112785
JG0139e	18	79094898	T:CG[T>C]GT	-1	20116.0	2653132901
JG0139e	18	79129075	U:GC[T>C]TG	1	34177.0	2653167078
JG0139e	18	79310749	U:GG[T>G]TT	1	181674.0	2653348752
JG0139e	18	79450148	U:GC[T>C]CC	1	139399.0	2653488151
JG0139e	18	80132956	T:AC[T>G]TG	-1	682808.0	2654170959
JG0139e	19	438279	T:CC[T>A]CA	1		2654849567
JG0139e	19	1331133	N:CC[T>C]CA	-1	892854.0	2655742421
JG0139e	19	1867665	N:TC[T>C]TG	-1	536532.0	2656278953
JG0139e	19	2353971	T:TC[T>C]GA	-1	486306.0	2656765259
JG0139e	19	2404643	T:TC[T>C]TG	-1	50672.0	2656815931
JG0139e	19	2492843	N:TC[T>C]TA	-1	88200.0	2656904131
JG0139e	19	2632954	U:GC[T>A]GA	-1	140111.0	2657044242
JG0139e	19	2670846	T:GG[T>G]TA	1	37892.0	2657082134
JG0139e	19	4153161	N:AC[T>A]CC	-1	1482315.0	2658564449
JG0139e	19	4178153	U:AC[T>C]CG	-1	24992.0	2658589441
JG0139e	19	5017179	T:AC[T>C]CA	-1	839026.0	2659428467
JG0139e	19	5041451	U:CC[T>G]CC	1	24272.0	2659452739
JG0139e	19	5455901	T:GC[T>C]TG	-1	414450.0	2659867189
JG0139e	19	5481982	N:GC[T>C]TG	-1	26081.0	2659893270
JG0139e	19	5571756	N:TG[T>A]TG	-1	89774.0	2659983044
JG0139e	19	6073991	U:GG[T>C]CC	-1	502235.0	2660485279
JG0139e	19	6448597	U:AC[T>A]CG	-1	374606.0	2660859885
JG0139e	19	6466151	T:TC[T>A]CG	-1	17554.0	2660877439
JG0139e	19	6606655	N:TG[T>G]TA	-1	140504.0	2661017943
JG0139e	19	6638521	N:AC[T>C]CT	-1	31866.0	2661049809
JG0139e	19	6840189	T:AC[T>G]TA	-1	201668.0	2661251477
JG0139e	19	7342316	N:GG[T>G]TA	1	502127.0	2661753604
JG0139e	19	7484658	U:GC[T>C]GG	-1	142342.0	2661895946
JG0139e	19	7685172	T:CC[T>G]TA	-1	200514.0	2662096460
JG0139e	19	7745164	U:CC[T>A]TG	-1	59992.0	2662156452
JG0139e	19	7833896	T:AG[T>A]TA	-1	88732.0	2662245184
JG0139e	19	8144200	U:CC[T>A]CG	-1	310304.0	2662555488
JG0139e	19	8876959	U:AC[T>G]TC	-1	732759.0	2663288247
JG0139e	19	9372460	U:GC[T>G]TC	1	495501.0	2663783748
JG0139e	19	9954520	N:GC[T>G]CA	-1	582060.0	2664365808
JG0139e	19	10769767	T:TC[C>A]CC	-1	815247.0	2665181055
JG0139e	19	11042925	T:TC[T>G]TG	-1	273158.0	2665454213
JG0139e	19	11373437	N:TC[T>C]CT	-1	330512.0	2665784725
JG0139e	19	11531339	N:AG[T>C]CC	-1	157902.0	2665942627
JG0139e	19	11649565	N:TC[T>C]CG	-1	118226.0	2666060853
JG0139e	19	11911497	T:TT[T>A]TT	-1	261932.0	2666322785
JG0139e	19	12615548	T:CC[T>G]CG	-1	704051.0	2667026836
JG0139e	19	13296420	U:AC[T>C]TA	-1	680872.0	2667707708
JG0139e	19	13329920	U:TA[T>A]TA	-1	33500.0	2667741208
JG0139e	19	13426967	U:TC[T>G]TC	-1	97047.0	2667838255
JG0139e	19	13463153	U:TT[T>G]TT	-1	36186.0	2667874441
JG0139e	19	13466999	U:TG[T>C]TT	-1	3846.0	2667878287
JG0139e	19	13535087	U:GC[T>C]TC	-1	68088.0	2667946375
JG0139e	19	14693900	T:GC[T>C]CA	-1	1158813.0	2669105188
JG0139e	19	14782643	N:AC[T>G]TA	-1	88743.0	2669193931
JG0139e	19	14791891	U:TG[T>G]TA	-1	9248.0	2669203179
JG0139e	19	14851473	N:GG[T>G]TT	1	59582.0	2669262761
JG0139e	19	14895260	N:TA[T>G]TA	-1	43787.0	2669306548
JG0139e	19	15277427	U:TC[T>A]GG	-1	382167.0	2669688715
JG0139e	19	15860204	N:TC[T>C]TG	-1	582777.0	2670271492
JG0139e	19	15911926	N:CC[T>C]CG	-1	51722.0	2670323214
JG0139e	19	15953200	N:TG[T>A]GA	1	41274.0	2670364488
JG0139e	19	16383787	U:GG[T>C]TG	-1	430587.0	2670795075
JG0139e	19	16515554	T:AC[T>A]CC	-1	131767.0	2670926842
JG0139e	19	16845312	T:GG[T>C]GA	-1	329758.0	2671256600
JG0139e	19	17698261	N:TC[T>G]CC	-1	852949.0	2672109549
JG0139e	19	19634658	U:TC[T>A]CT	-1	1936397.0	2674045946
JG0139e	19	19754080	N:GC[T>G]TG	-1	119422.0	2674165368
JG0139e	19	19827213	N:GC[T>G]TA	-1	73133.0	2674238501
JG0139e	19	19904989	T:AC[T>C]TG	-1	77776.0	2674316277
JG0139e	19	20077798	N:CC[T>G]TG	-1	172809.0	2674489086
JG0139e	19	20261959	N:CC[T>G]TT	-1	184161.0	2674673247
JG0139e	19	20267002	N:AC[T>C]GA	-1	5043.0	2674678290
JG0139e	19	20345358	N:CC[T>G]TT	-1	78356.0	2674756646
JG0139e	19	20386174	N:AC[T>G]TA	-1	40816.0	2674797462
JG0139e	19	20513423	N:AC[T>G]TC	-1	127249.0	2674924711
JG0139e	19	21598054	N:GT[T>G]TA	-1	1084631.0	2676009342
JG0139e	19	21912792	N:TC[T>C]TT	-1	314738.0	2676324080
JG0139e	19	21952407	U:TC[T>C]GT	-1	39615.0	2676363695
JG0139e	19	22439023	U:TC[T>C]CA	-1	486616.0	2676850311
JG0139e	19	22991190	U:AC[T>C]TA	-1	552167.0	2677402478
JG0139e	19	23292554	N:TC[T>A]TG	-1	301364.0	2677703842
JG0139e	19	23850745	N:AA[T>G]TC	-1	558191.0	2678262033
JG0139e	19	24169027	N:TG[T>C]TT	-1	318282.0	2678580315
JG0139e	19	24192759	N:TG[T>G]CA	-1	23732.0	2678604047
JG0139e	19	27744661	N:AC[T>C]CC	-1	3551902.0	2682155949
JG0139e	19	27875416	N:AC[T>C]TC	-1	130755.0	2682286704
JG0139e	19	27904384	N:AC[T>C]CT	-1	28968.0	2682315672
JG0139e	19	28128285	N:AG[T>G]TA	-1	223901.0	2682539573
JG0139e	19	28259000	N:GC[T>G]GA	-1	130715.0	2682670288
JG0139e	19	28476531	N:CC[T>C]TG	-1	217531.0	2682887819
JG0139e	19	28544124	N:TC[T>C]TA	-1	67593.0	2682955412
JG0139e	19	28847721	N:AC[T>C]CA	-1	303597.0	2683259009
JG0139e	19	28852647	N:AG[T>C]TG	-1	4926.0	2683263935
JG0139e	19	29070080	N:TC[T>C]TA	-1	217433.0	2683481368
JG0139e	19	29084086	N:TC[T>G]CA	-1	14006.0	2683495374
JG0139e	19	29108923	N:TC[T>G]CA	-1	24837.0	2683520211
JG0139e	19	29109081	N:TC[T>C]CA	-1	158.0	2683520369
JG0139e	19	29342042	N:AA[T>G]TT	-1	232961.0	2683753330
JG0139e	19	30133488	N:AC[T>C]CT	-1	791446.0	2684544776
JG0139e	19	30503353	T:CG[C>T]CT	-1	369865.0	2684914641
JG0139e	19	30509919	U:GG[T>G]GG	1	6566.0	2684921207
JG0139e	19	30559736	U:GA[T>G]CT	1	49817.0	2684971024
JG0139e	19	30755824	N:GC[T>G]CG	-1	196088.0	2685167112
JG0139e	19	30920447	N:AC[T>G]CA	-1	164623.0	2685331735
JG0139e	19	30995247	N:TC[T>G]TA	-1	74800.0	2685406535
JG0139e	19	31040982	N:TC[T>C]TG	-1	45735.0	2685452270
JG0139e	19	31128901	N:GC[T>G]CT	1	87919.0	2685540189
JG0139e	19	31265834	N:AC[T>G]CT	-1	136933.0	2685677122
JG0139e	19	31892124	N:CC[T>G]GG	-1	626290.0	2686303412
JG0139e	19	31948355	N:GC[T>C]TG	-1	56231.0	2686359643
JG0139e	19	32044161	N:AA[T>G]TA	-1	95806.0	2686455449
JG0139e	19	32064966	N:AG[T>C]GT	-1	20805.0	2686476254
JG0139e	19	32156099	N:CC[T>C]GG	-1	91133.0	2686567387
JG0139e	19	32672822	T:CT[C>G]TA	1	516723.0	2687084110
JG0139e	19	32672835	T:TC[T>G]CA	1	13.0	2687084123
JG0139e	19	33043804	T:TC[T>C]CA	1	370969.0	2687455092
JG0139e	19	33092832	T:GC[T>A]CA	-1	49028.0	2687504120
JG0139e	19	35183232	N:AC[T>G]TG	-1	2090400.0	2689594520
JG0139e	19	35569903	N:CC[T>G]CG	-1	386671.0	2689981191
JG0139e	19	35792597	N:GG[T>C]GA	-1	222694.0	2690203885
JG0139e	19	37389888	T:AC[T>G]TG	-1	1597291.0	2691801176
JG0139e	19	37524554	T:TC[T>C]TG	-1	134666.0	2691935842
JG0139e	19	37775532	U:AG[T>A]TG	-1	250978.0	2692186820
JG0139e	19	38146554	T:AC[T>G]TA	-1	371022.0	2692557842
JG0139e	19	38752809	T:CT[C>G]TC	1	606255.0	2693164097
JG0139e	19	39833711	T:GC[T>G]CA	1	1080902.0	2694244999
JG0139e	19	40438726	N:TC[T>G]TG	-1	605015.0	2694850014
JG0139e	19	40447035	N:GG[T>A]GG	-1	8309.0	2694858323
JG0139e	19	40593667	U:TG[T>G]TT	1	146632.0	2695004955
JG0139e	19	40995956	T:CC[T>G]TA	-1	402289.0	2695407244
JG0139e	19	41424454	T:GC[T>G]CA	-1	428498.0	2695835742
JG0139e	19	41462302	N:CT[T>G]AA	-1	37848.0	2695873590
JG0139e	19	41694927	N:TC[T>C]TT	-1	232625.0	2696106215
JG0139e	19	42135380	U:CC[T>C]GG	-1	440453.0	2696546668
JG0139e	19	42164845	T:TC[T>G]CA	1	29465.0	2696576133
JG0139e	19	42539043	T:AC[T>G]GG	1	374198.0	2696950331
JG0139e	19	43031682	N:AC[T>C]CA	-1	492639.0	2697442970
JG0139e	19	43062111	N:AA[T>G]CA	1	30429.0	2697473399
JG0139e	19	43552068	T:GC[T>G]CT	1	489957.0	2697963356
JG0139e	19	43631140	U:TC[T>A]CG	-1	79072.0	2698042428
JG0139e	19	46274665	N:GC[T>G]TG	-1	2643525.0	2700685953
JG0139e	19	46437226	N:AC[T>G]TT	-1	162561.0	2700848514
JG0139e	19	46645692	N:TC[T>G]TA	-1	208466.0	2701056980
JG0139e	19	46879027	N:AC[T>G]TC	1	233335.0	2701290315
JG0139e	19	47689511	T:GC[T>C]TG	-1	810484.0	2702100799
JG0139e	19	48047938	U:AC[T>C]TG	-1	358427.0	2702459226
JG0139e	19	48799422	T:GG[T>C]TT	1	751484.0	2703210710
JG0139e	19	49979053	U:TC[T>C]CA	-1	1179631.0	2704390341
JG0139e	19	50668321	U:CC[C>T]GT	-1	689268.0	2705079609
JG0139e	19	50691714	T:TC[T>G]TG	1	23393.0	2705103002
JG0139e	19	50783961	N:GC[T>G]TG	-1	92247.0	2705195249
JG0139e	19	51573742	T:AC[T>C]TG	-1	789781.0	2705985030
JG0139e	19	51716804	U:GC[T>C]CA	-1	143062.0	2706128092
JG0139e	19	51778745	T:CC[T>G]CA	1	61941.0	2706190033
JG0139e	19	51788330	T:TA[T>G]TT	1	9585.0	2706199618
JG0139e	19	51857922	N:CC[T>C]TT	-1	69592.0	2706269210
JG0139e	19	51894068	T:AC[T>G]TC	1	36146.0	2706305356
JG0139e	19	52142724	N:TC[T>C]GC	-1	248656.0	2706554012
JG0139e	19	52327239	N:AC[T>G]CT	1	184515.0	2706738527
JG0139e	19	52401322	T:AG[T>G]TA	-1	74083.0	2706812610
JG0139e	19	52870925	N:TG[T>A]TT	-1	469603.0	2707282213
JG0139e	19	52890016	U:AC[T>A]CA	-1	19091.0	2707301304
JG0139e	19	53176581	U:GC[T>C]TA	-1	286565.0	2707587869
JG0139e	19	53179272	U:CC[T>A]CC	-1	2691.0	2707590560
JG0139e	19	53207853	N:AC[T>C]CT	-1	28581.0	2707619141
JG0139e	19	53489025	T:TC[T>A]CA	-1	281172.0	2707900313
JG0139e	19	53614905	N:GC[T>C]CA	-1	125880.0	2708026193
JG0139e	19	53633818	T:AA[C>A]AC	-1	18913.0	2708045106
JG0139e	19	54642036	N:GC[T>C]GG	-1	1008218.0	2709053324
JG0139e	19	55337954	N:GC[T>G]TG	1	695918.0	2709749242
JG0139e	19	55442141	T:CC[T>G]TG	1	104187.0	2709853429
JG0139e	19	55970305	T:AA[C>A]TA	-1	528164.0	2710381593
JG0139e	19	56629090	N:AC[T>G]TT	-1	658785.0	2711040378
JG0139e	19	56810003	U:GC[T>C]TA	-1	180913.0	2711221291
JG0139e	19	56906725	N:GC[T>C]CA	-1	96722.0	2711318013
JG0139e	19	56941749	N:TA[T>G]TT	-1	35024.0	2711353037
JG0139e	19	57053394	N:AG[T>A]GG	-1	111645.0	2711464682
JG0139e	19	57521173	N:TC[T>C]CC	-1	467779.0	2711932461
JG0139e	19	57536929	B:TC[T>G]TG	-1	15756.0	2711948217
JG0139e	19	57650946	N:GG[T>C]TG	-1	114017.0	2712062234
JG0139e	20	388979	T:AC[T>G]TT	-1		2713417883
JG0139e	20	1017450	N:AC[T>C]TG	-1	628471.0	2714046354
JG0139e	20	1615335	U:TC[T>C]TG	-1	597885.0	2714644239
JG0139e	20	1995636	N:AC[T>A]CA	-1	380301.0	2715024540
JG0139e	20	2804398	N:AC[T>G]GA	-1	808762.0	2715833302
JG0139e	20	3081543	N:CC[T>C]CC	-1	277145.0	2716110447
JG0139e	20	3755407	U:CC[T>G]TA	-1	673864.0	2716784311
JG0139e	20	4401435	N:TC[T>A]CT	-1	646028.0	2717430339
JG0139e	20	4967441	U:AG[T>G]TA	-1	566006.0	2717996345
JG0139e	20	5104640	U:AC[T>G]TG	-1	137199.0	2718133544
JG0139e	20	5886813	N:AC[T>G]TC	1	782173.0	2718915717
JG0139e	20	5918273	U:AC[T>G]TG	1	31460.0	2718947177
JG0139e	20	6595365	N:AC[T>G]TT	-1	677092.0	2719624269
JG0139e	20	6644077	N:AC[T>C]AA	1	48712.0	2719672981
JG0139e	20	6724671	N:GC[T>G]CT	-1	80594.0	2719753575
JG0139e	20	6856100	N:TC[T>C]CA	1	131429.0	2719885004
JG0139e	20	7122704	N:GG[T>A]TA	1	266604.0	2720151608
JG0139e	20	7122865	N:TC[T>A]CG	1	161.0	2720151769
JG0139e	20	7131275	N:TT[T>G]AA	1	8410.0	2720160179
JG0139e	20	7308339	N:AC[T>C]AG	1	177064.0	2720337243
JG0139e	20	8006542	U:AC[T>G]CA	-1	698203.0	2721035446
JG0139e	20	8117628	T:TC[T>G]TA	-1	111086.0	2721146532
JG0139e	20	8194162	T:AC[T>C]CC	-1	76534.0	2721223066
JG0139e	20	8290229	T:GA[T>G]CT	-1	96067.0	2721319133
JG0139e	20	8974583	N:TA[T>G]TA	-1	684354.0	2722003487
JG0139e	20	9170617	T:AC[T>A]TA	-1	196034.0	2722199521
JG0139e	20	9265032	T:GC[T>G]TG	-1	94415.0	2722293936
JG0139e	20	10152907	N:AC[T>C]TT	-1	887875.0	2723181811
JG0139e	20	10155724	N:TT[T>C]TC	-1	2817.0	2723184628
JG0139e	20	11141801	N:TC[T>G]CA	-1	986077.0	2724170705
JG0139e	20	11450224	N:GG[T>G]GA	-1	308423.0	2724479128
JG0139e	20	11480396	N:AT[T>G]TA	-1	30172.0	2724509300
JG0139e	20	11870772	N:AG[T>G]CA	-1	390376.0	2724899676
JG0139e	20	12052128	N:CC[T>G]CA	-1	181356.0	2725081032
JG0139e	20	12954539	N:CC[T>G]TT	-1	902411.0	2725983443
JG0139e	20	14302872	U:TC[T>C]TG	1	1348333.0	2727331776
JG0139e	20	14407061	U:AG[C>A]CA	1	104189.0	2727435965
JG0139e	20	15133164	T:GT[C>G]TT	-1	726103.0	2728162068
JG0139e	20	17146992	N:AC[T>G]TA	-1	2013828.0	2730175896
JG0139e	20	18489128	U:AG[T>C]GG	-1	1342136.0	2731518032
JG0139e	20	18582205	T:AC[T>G]TA	-1	93077.0	2731611109
JG0139e	20	18768978	N:TC[T>G]TA	-1	186773.0	2731797882
JG0139e	20	19015953	N:TG[T>G]TA	-1	246975.0	2732044857
JG0139e	20	19177962	N:CC[T>C]TA	-1	162009.0	2732206866
JG0139e	20	19543905	T:AC[T>G]CA	-1	365943.0	2732572809
JG0139e	20	19877804	N:GC[T>C]CA	-1	333899.0	2732906708
JG0139e	20	20260593	T:TC[T>C]TG	-1	382789.0	2733289497
JG0139e	20	20481820	U:AG[T>C]TG	-1	221227.0	2733510724
JG0139e	20	20483341	U:AA[T>G]TA	-1	1521.0	2733512245
JG0139e	20	20513925	U:TC[T>C]CA	-1	30584.0	2733542829
JG0139e	20	20557124	U:TC[T>A]TG	-1	43199.0	2733586028
JG0139e	20	20611709	U:TC[T>A]TG	-1	54585.0	2733640613
JG0139e	20	20758407	N:AC[T>G]GG	-1	146698.0	2733787311
JG0139e	20	21857244	N:CC[T>A]CA	-1	1098837.0	2734886148
JG0139e	20	21961479	N:AG[T>G]TG	1	104235.0	2734990383
JG0139e	20	22059062	N:TC[T>A]CA	1	97583.0	2735087966
JG0139e	20	22215738	N:GG[T>G]GG	-1	156676.0	2735244642
JG0139e	20	22348522	N:AC[T>G]AG	-1	132784.0	2735377426
JG0139e	20	22366717	N:TC[T>G]GA	-1	18195.0	2735395621
JG0139e	20	22505419	N:TC[T>A]AA	-1	138702.0	2735534323
JG0139e	20	22544763	N:AC[T>C]GG	1	39344.0	2735573667
JG0139e	20	23082300	U:GA[C>A]AC	-1	537537.0	2736111204
JG0139e	20	23082301	T:TG[T>G]CA	1	1.0	2736111205
JG0139e	20	23194111	N:GC[T>G]TA	-1	111810.0	2736223015
JG0139e	20	23659014	N:CC[T>G]CC	-1	464903.0	2736687918
JG0139e	20	24157241	N:GC[T>A]TG	1	498227.0	2737186145
JG0139e	20	24167409	N:GC[T>G]TA	1	10168.0	2737196313
JG0139e	20	24292072	N:TC[T>C]TG	1	124663.0	2737320976
JG0139e	20	24781704	N:TC[T>G]CA	-1	489632.0	2737810608
JG0139e	20	24833312	N:AG[T>C]GG	1	51608.0	2737862216
JG0139e	20	25555432	U:TC[T>C]CA	-1	722120.0	2738584336
JG0139e	20	26218869	N:AC[T>C]TT	-1	663437.0	2739247773
JG0139e	20	29429533	N:AC[T>A]GT	-1	3210664.0	2742458437
JG0139e	20	29578134	N:GC[T>A]GG	-1	148601.0	2742607038
JG0139e	20	30715322	N:CA[T>G]TA	-1	1137188.0	2743744226
JG0139e	20	31762585	T:AC[T>C]TG	-1	1047263.0	2744791489
JG0139e	20	31826430	T:AG[T>G]CA	-1	63845.0	2744855334
JG0139e	20	32190559	N:AC[T>G]CT	-1	364129.0	2745219463
JG0139e	20	32342197	N:AC[T>A]CA	-1	151638.0	2745371101
JG0139e	20	32693587	U:TC[T>A]TG	-1	351390.0	2745722491
JG0139e	20	32899443	T:AC[T>G]TG	-1	205856.0	2745928347
JG0139e	20	33736756	T:TG[C>A]AA	-1	837313.0	2746765660
JG0139e	20	33850282	T:AC[T>G]TA	-1	113526.0	2746879186
JG0139e	20	34618300	U:TC[T>A]TA	-1	768018.0	2747647204
JG0139e	20	34781430	U:GC[T>G]TC	-1	163130.0	2747810334
JG0139e	20	34815692	T:TC[T>C]CA	1	34262.0	2747844596
JG0139e	20	34852199	U:AC[T>G]TC	-1	36507.0	2747881103
JG0139e	20	35128102	T:AG[T>A]CG	1	275903.0	2748157006
JG0139e	20	35185800	T:CG[T>C]CA	-1	57698.0	2748214704
JG0139e	20	35188061	U:GC[T>G]TG	1	2261.0	2748216965
JG0139e	20	35252706	T:AG[T>C]TC	-1	64645.0	2748281610
JG0139e	20	35936033	T:CC[T>A]TG	-1	683327.0	2748964937
JG0139e	20	36383218	T:GC[T>G]TG	-1	447185.0	2749412122
JG0139e	20	36801493	T:GC[T>G]TG	1	418275.0	2749830397
JG0139e	20	36902306	T:CC[T>C]TG	1	100813.0	2749931210
JG0139e	20	36921544	U:CA[C>T]AT	-1	19238.0	2749950448
JG0139e	20	36940157	U:TC[T>C]TG	-1	18613.0	2749969061
JG0139e	20	37590910	N:GC[T>C]CA	-1	650753.0	2750619814
JG0139e	20	37694590	T:AC[T>G]TG	-1	103680.0	2750723494
JG0139e	20	38944065	T:GC[T>G]TA	-1	1249475.0	2751972969
JG0139e	20	39083501	N:AC[T>C]CA	-1	139436.0	2752112405
JG0139e	20	39186559	N:AC[T>A]CA	-1	103058.0	2752215463
JG0139e	20	39300016	N:AC[T>G]GA	-1	113457.0	2752328920
JG0139e	20	40233376	N:AC[T>A]CA	-1	933360.0	2753262280
JG0139e	20	40235314	N:AC[T>C]CG	-1	1938.0	2753264218
JG0139e	20	40341923	N:GG[T>G]TA	-1	106609.0	2753370827
JG0139e	20	41863266	N:CC[T>G]TG	-1	1521343.0	2754892170
JG0139e	20	42090578	U:TT[C>A]TG	-1	227312.0	2755119482
JG0139e	20	42092765	U:TC[T>C]TG	-1	2187.0	2755121669
JG0139e	20	42560035	U:TC[T>G]TT	-1	467270.0	2755588939
JG0139e	20	42705779	U:TC[T>G]TG	-1	145744.0	2755734683
JG0139e	20	42930169	U:GC[T>C]CA	-1	224390.0	2755959073
JG0139e	20	43175321	T:GG[T>C]GT	1	245152.0	2756204225
JG0139e	20	44512918	U:GG[T>G]TG	-1	1337597.0	2757541822
JG0139e	20	45401618	N:TC[T>C]CA	1	888700.0	2758430522
JG0139e	20	45486323	N:AC[T>C]TC	-1	84705.0	2758515227
JG0139e	20	45553494	U:AC[T>G]TT	-1	67171.0	2758582398
JG0139e	20	45600456	N:GA[T>G]TT	-1	46962.0	2758629360
JG0139e	20	46143987	N:AC[T>C]TG	1	543531.0	2759172891
JG0139e	20	46429973	N:GC[T>C]TT	-1	285986.0	2759458877
JG0139e	20	46525366	N:CT[T>A]AG	-1	95393.0	2759554270
JG0139e	20	46525367	N:CC[T>C]TA	-1	1.0	2759554271
JG0139e	20	46614812	T:TG[C>A]TG	1	89445.0	2759643716
JG0139e	20	46778619	N:TC[T>G]TG	-1	163807.0	2759807523
JG0139e	20	47071828	T:TC[T>G]TA	-1	293209.0	2760100732
JG0139e	20	47723194	U:TC[T>G]TG	-1	651366.0	2760752098
JG0139e	20	49353559	U:AG[T>G]TA	-1	1630365.0	2762382463
JG0139e	20	49558814	U:AC[T>G]TG	-1	205255.0	2762587718
JG0139e	20	50075636	N:GC[C>G]CA	1	516822.0	2763104540
JG0139e	20	50327209	N:GC[T>C]GA	-1	251573.0	2763356113
JG0139e	20	50419935	N:AG[T>C]CT	-1	92726.0	2763448839
JG0139e	20	50481124	N:GG[T>G]TG	-1	61189.0	2763510028
JG0139e	20	52893911	N:AC[T>G]CG	-1	2412787.0	2765922815
JG0139e	20	53048281	T:GG[T>G]GG	-1	154370.0	2766077185
JG0139e	20	53880268	N:AC[T>C]TG	-1	831987.0	2766909172
JG0139e	20	53972280	U:CC[T>C]CC	-1	92012.0	2767001184
JG0139e	20	54511541	U:GC[T>C]TA	1	539261.0	2767540445
JG0139e	20	55407668	N:CC[T>G]CA	-1	896127.0	2768436572
JG0139e	20	55934716	N:GG[T>C]TG	-1	527048.0	2768963620
JG0139e	20	56016022	N:AC[T>C]CA	1	81306.0	2769044926
JG0139e	20	56113100	N:TC[T>C]TA	1	97078.0	2769142004
JG0139e	20	56194127	N:GC[C>T]AG	-1	81027.0	2769223031
JG0139e	20	57557785	N:TC[T>A]TG	-1	1363658.0	2770586689
JG0139e	20	57565260	T:TC[T>G]CC	-1	7475.0	2770594164
JG0139e	20	57854074	N:GT[T>G]TT	-1	288814.0	2770882978
JG0139e	20	57892378	N:TC[T>G]AC	-1	38304.0	2770921282
JG0139e	20	58140962	N:TC[T>C]TA	-1	248584.0	2771169866
JG0139e	20	58533453	N:TC[T>A]CC	1	392491.0	2771562357
JG0139e	20	60566453	N:TC[T>G]TA	-1	2033000.0	2773595357
JG0139e	20	60672170	N:TC[T>C]CA	1	105717.0	2773701074
JG0139e	20	60682532	N:CC[T>G]TA	1	10362.0	2773711436
JG0139e	20	61522552	U:AC[T>C]TC	1	840020.0	2774551456
JG0139e	20	61668793	U:TC[T>C]TG	1	146241.0	2774697697
JG0139e	20	62060195	U:AG[T>C]TG	-1	391402.0	2775089099
JG0139e	20	62797649	U:TG[T>G]CA	1	737454.0	2775826553
JG0139e	20	63043185	N:GC[T>A]CA	-1	245536.0	2776072089
JG0139e	20	63545661	U:AC[T>G]TA	-1	502476.0	2776574565
JG0139e	20	63750014	U:CC[T>G]TG	-1	204353.0	2776778918
JG0139e	20	63802126	U:TC[T>G]TA	-1	52112.0	2776831030
JG0139e	21	8529416	N:TC[T>C]CA	1		2786002487
JG0139e	21	10047836	N:TG[T>A]TT	-1	1518420.0	2787520907
JG0139e	21	13882879	N:TC[T>C]CA	1	3835043.0	2791355950
JG0139e	21	14019932	N:AC[T>C]CT	1	137053.0	2791493003
JG0139e	21	14100962	N:TC[T>A]TG	1	81030.0	2791574033
JG0139e	21	14280391	N:TC[T>C]TT	1	179429.0	2791753462
JG0139e	21	14553894	T:GG[T>G]TA	1	273503.0	2792026965
JG0139e	21	15032245	T:TC[T>G]CA	1	478351.0	2792505316
JG0139e	21	15637596	N:AG[T>G]TA	1	605351.0	2793110667
JG0139e	21	15704473	N:CC[T>G]TG	1	66877.0	2793177544
JG0139e	21	15925214	N:TC[T>C]TA	1	220741.0	2793398285
JG0139e	21	16485832	N:TC[T>C]TC	1	560618.0	2793958903
JG0139e	21	17799590	T:AC[T>C]CC	1	1313758.0	2795272661
JG0139e	21	19082775	N:TC[T>C]CG	1	1283185.0	2796555846
JG0139e	21	19168951	N:AC[T>C]CG	1	86176.0	2796642022
JG0139e	21	19293032	N:AC[T>G]CA	1	124081.0	2796766103
JG0139e	21	19429889	N:AC[T>C]TG	1	136857.0	2796902960
JG0139e	21	20531311	N:AC[T>G]TG	1	1101422.0	2798004382
JG0139e	21	20798689	N:TC[T>C]TG	1	267378.0	2798271760
JG0139e	21	21034694	U:AA[C>A]AA	1	236005.0	2798507765
JG0139e	21	21087454	U:TA[T>C]CC	1	52760.0	2798560525
JG0139e	21	21089321	T:AC[T>G]TT	-1	1867.0	2798562392
JG0139e	21	21127694	T:AC[T>A]CA	-1	38373.0	2798600765
JG0139e	21	21152554	T:TC[T>A]TA	-1	24860.0	2798625625
JG0139e	21	21268246	T:CC[T>G]TG	-1	115692.0	2798741317
JG0139e	21	21278683	T:AC[T>C]TG	-1	10437.0	2798751754
JG0139e	21	21999025	N:CC[T>G]CG	-1	720342.0	2799472096
JG0139e	21	22065777	N:AT[T>G]TG	1	66752.0	2799538848
JG0139e	21	22735357	N:TC[T>C]GA	1	669580.0	2800208428
JG0139e	21	22951854	N:AC[T>A]TA	1	216497.0	2800424925
JG0139e	21	23140200	N:GA[T>G]TA	1	188346.0	2800613271
JG0139e	21	23647530	N:GC[T>C]TG	1	507330.0	2801120601
JG0139e	21	23899541	N:AC[T>G]TG	-1	252011.0	2801372612
JG0139e	21	23999491	N:CC[T>G]CT	1	99950.0	2801472562
JG0139e	21	24043356	N:CC[T>C]CC	-1	43865.0	2801516427
JG0139e	21	24180378	N:TC[T>C]CA	1	137022.0	2801653449
JG0139e	21	24443870	N:AC[T>A]TT	-1	263492.0	2801916941
JG0139e	21	24527483	N:AC[T>G]CG	-1	83613.0	2802000554
JG0139e	21	24757339	N:AC[T>G]TA	1	229856.0	2802230410
JG0139e	21	24934422	N:AC[T>C]CC	-1	177083.0	2802407493
JG0139e	21	25081538	N:GC[T>C]TA	1	147116.0	2802554609
JG0139e	21	25085424	N:AA[T>G]TA	-1	3886.0	2802558495
JG0139e	21	25156321	N:AG[T>C]CA	1	70897.0	2802629392
JG0139e	21	25247787	N:AT[T>C]AA	-1	91466.0	2802720858
JG0139e	21	25263884	N:TC[T>C]GA	1	16097.0	2802736955
JG0139e	21	25938046	T:GA[T>G]TA	1	674162.0	2803411117
JG0139e	21	26395352	N:AT[T>G]TA	-1	457306.0	2803868423
JG0139e	21	26449573	N:CC[T>C]TA	1	54221.0	2803922644
JG0139e	21	27204569	N:AC[T>C]TG	-1	754996.0	2804677640
JG0139e	21	27259258	N:TC[T>A]TG	1	54689.0	2804732329
JG0139e	21	27370162	N:TC[T>C]GT	1	110904.0	2804843233
JG0139e	21	27422700	N:TC[T>A]AA	1	52538.0	2804895771
JG0139e	21	27462729	N:AT[T>G]TC	1	40029.0	2804935800
JG0139e	21	27518131	N:AA[T>G]TT	1	55402.0	2804991202
JG0139e	21	27607027	N:TC[T>A]CC	1	88896.0	2805080098
JG0139e	21	27621161	N:GC[T>C]TT	1	14134.0	2805094232
JG0139e	21	27624624	N:CC[C>A]GG	-1	3463.0	2805097695
JG0139e	21	27652572	N:AC[T>G]TT	-1	27948.0	2805125643
JG0139e	21	27734368	N:TC[T>C]TA	-1	81796.0	2805207439
JG0139e	21	27753031	N:AC[T>C]TT	-1	18663.0	2805226102
JG0139e	21	28318605	N:CC[T>C]CA	-1	565574.0	2805791676
JG0139e	21	28477502	N:GC[T>C]AA	-1	158897.0	2805950573
JG0139e	21	28722436	N:GC[T>C]TA	1	244934.0	2806195507
JG0139e	21	29485054	T:AC[T>C]TG	-1	762618.0	2806958125
JG0139e	21	29851377	U:TC[T>C]TG	-1	366323.0	2807324448
JG0139e	21	29871831	T:TC[T>C]CA	1	20454.0	2807344902
JG0139e	21	29884208	U:AC[T>G]TA	-1	12377.0	2807357279
JG0139e	21	29896073	U:AG[T>G]TT	-1	11865.0	2807369144
JG0139e	21	30118483	N:TC[T>C]CT	1	222410.0	2807591554
JG0139e	21	30127331	N:TG[T>A]TA	-1	8848.0	2807600402
JG0139e	21	30240955	N:AC[T>C]CT	-1	113624.0	2807714026
JG0139e	21	30245249	N:GC[T>G]TA	1	4294.0	2807718320
JG0139e	21	30403972	N:GC[T>G]CA	-1	158723.0	2807877043
JG0139e	21	30464504	N:CC[T>G]CA	-1	60532.0	2807937575
JG0139e	21	30473443	N:TC[T>G]TC	1	8939.0	2807946514
JG0139e	21	30479957	T:GG[C>A]AA	1	6514.0	2807953028
JG0139e	21	30516693	N:AC[T>G]TA	-1	36736.0	2807989764
JG0139e	21	30949368	N:TC[T>C]TG	-1	432675.0	2808422439
JG0139e	21	31159269	T:AC[T>C]TT	1	209901.0	2808632340
JG0139e	21	31291557	T:GC[T>C]CT	1	132288.0	2808764628
JG0139e	21	31391065	T:GC[T>C]CT	1	99508.0	2808864136
JG0139e	21	32477405	U:GC[T>C]TA	1	1086340.0	2809950476
JG0139e	21	32576703	T:AC[T>C]TT	1	99298.0	2810049774
JG0139e	21	32638614	T:GC[T>C]TG	1	61911.0	2810111685
JG0139e	21	33138487	N:CC[T>C]CA	1	499873.0	2810611558
JG0139e	21	35861131	T:GC[T>C]GA	1	2722644.0	2813334202
JG0139e	21	37523155	U:CC[T>C]CA	1	1662024.0	2814996226
JG0139e	21	39653273	U:TT[T>C]TA	1	2130118.0	2817126344
JG0139e	21	40630944	U:TC[C>A]TT	-1	977671.0	2818104015
JG0139e	21	41348149	U:TC[T>G]TT	1	717205.0	2818821220
JG0139e	21	41650980	N:TA[C>A]TT	1	302831.0	2819124051
JG0139e	21	43862067	N:AC[T>C]CA	-1	2211087.0	2821335138
JG0139e	21	44042732	U:TG[T>G]TA	1	180665.0	2821515803
JG0139e	21	44696221	T:AT[T>C]TT	1	653489.0	2822169292
JG0139e	21	46622965	N:AC[T>A]TG	1	1926744.0	2824096036
JG0139e	22	16100582	N:TC[T>A]TT	1		2840283636
JG0139e	22	16114032	N:AC[T>A]TC	-1	13450.0	2840297086
JG0139e	22	16596111	N:AC[T>C]CC	-1	482079.0	2840779165
JG0139e	22	16686691	N:AA[T>G]TC	-1	90580.0	2840869745
JG0139e	22	16725907	N:TG[T>G]GG	-1	39216.0	2840908961
JG0139e	22	17273681	N:GC[T>G]TC	-1	547774.0	2841456735
JG0139e	22	19538541	N:TC[T>G]TG	-1	2264860.0	2843721595
JG0139e	22	20455367	T:GC[T>G]CT	1	916826.0	2844638421
JG0139e	22	20600634	N:CC[T>G]CA	1	145267.0	2844783688
JG0139e	22	20626254	N:TC[T>A]CA	1	25620.0	2844809308
JG0139e	22	20643245	N:TG[T>G]TG	-1	16991.0	2844826299
JG0139e	22	22425906	N:GG[T>C]CC	-1	1782661.0	2846608960
JG0139e	22	22435068	N:AT[T>A]TT	1	9162.0	2846618122
JG0139e	22	22967786	N:AC[T>C]GT	-1	532718.0	2847150840
JG0139e	22	23062200	U:TC[T>A]TT	-1	94414.0	2847245254
JG0139e	22	23380498	N:CC[T>C]GA	-1	318298.0	2847563552
JG0139e	22	23804768	U:AC[T>G]GA	1	424270.0	2847987822
JG0139e	22	24870655	U:TC[T>G]CT	1	1065887.0	2849053709
JG0139e	22	24975147	U:CC[T>C]CC	1	104492.0	2849158201
JG0139e	22	25893738	U:AC[T>G]TA	1	918591.0	2850076792
JG0139e	22	26288001	T:GG[T>C]GC	-1	394263.0	2850471055
JG0139e	22	26307862	U:TC[T>G]TA	1	19861.0	2850490916
JG0139e	22	26743524	N:AC[T>C]CA	-1	435662.0	2850926578
JG0139e	22	27000658	N:CC[T>G]TT	1	257134.0	2851183712
JG0139e	22	27046567	N:TC[T>C]CA	1	45909.0	2851229621
JG0139e	22	27191064	N:GC[T>C]TG	1	144497.0	2851374118
JG0139e	22	27725002	N:AA[T>G]TT	-1	533938.0	2851908056
JG0139e	22	28192186	U:AC[T>C]CC	-1	467184.0	2852375240
JG0139e	22	29188057	N:GC[C>A]AG	1	995871.0	2853371111
JG0139e	22	29632341	T:GC[T>C]TG	-1	444284.0	2853815395
JG0139e	22	30031301	N:AC[T>G]TT	1	398960.0	2854214355
JG0139e	22	30328742	N:TC[T>C]TG	-1	297441.0	2854511796
JG0139e	22	30462838	U:GC[T>C]TG	-1	134096.0	2854645892
JG0139e	22	30524202	T:TT[T>G]TC	1	61364.0	2854707256
JG0139e	22	31606532	T:CC[T>A]TA	-1	1082330.0	2855789586
JG0139e	22	31761062	T:GC[T>A]TG	-1	154530.0	2855944116
JG0139e	22	31999093	N:AC[T>G]TA	-1	238031.0	2856182147
JG0139e	22	32002744	N:GC[T>C]TA	-1	3651.0	2856185798
JG0139e	22	32226379	T:TC[T>G]TA	1	223635.0	2856409433
JG0139e	22	32821630	B:GC[T>C]CT	-1	595251.0	2857004684
JG0139e	22	33039742	T:TC[T>A]CA	1	218112.0	2857222796
JG0139e	22	33074827	N:GA[T>G]TA	1	35085.0	2857257881
JG0139e	22	33345948	T:TC[T>A]TA	1	271121.0	2857529002
JG0139e	22	33814785	T:TC[T>C]CT	1	468837.0	2857997839
JG0139e	22	33982661	N:CT[C>T]AC	1	167876.0	2858165715
JG0139e	22	34059891	N:AC[T>G]TG	1	77230.0	2858242945
JG0139e	22	34236298	N:AG[C>A]AA	-1	176407.0	2858419352
JG0139e	22	34343361	N:AC[T>C]GA	1	107063.0	2858526415
JG0139e	22	34370642	N:AC[T>G]TT	1	27281.0	2858553696
JG0139e	22	34740796	N:AG[C>T]CA	-1	370154.0	2858923850
JG0139e	22	34879529	N:CC[T>C]CA	1	138733.0	2859062583
JG0139e	22	35231590	N:GC[T>C]TA	1	352061.0	2859414644
JG0139e	22	35312897	U:AG[T>G]TA	1	81307.0	2859495951
JG0139e	22	35518039	N:CC[T>C]GC	1	205142.0	2859701093
JG0139e	22	35765446	T:TC[T>G]TC	1	247407.0	2859948500
JG0139e	22	36321195	T:CC[T>G]TA	1	555749.0	2860504249
JG0139e	22	37235939	T:TC[T>G]TG	1	914744.0	2861418993
JG0139e	22	37259111	N:GC[T>G]TC	-1	23172.0	2861442165
JG0139e	22	37476892	T:GC[T>G]TA	1	217781.0	2861659946
JG0139e	22	37961236	U:TT[T>C]TG	1	484344.0	2862144290
JG0139e	22	39023667	U:TC[T>G]TG	1	1062431.0	2863206721
JG0139e	22	39845226	T:TC[T>C]TA	1	821559.0	2864028280
JG0139e	22	40008583	U:CC[T>G]TC	1	163357.0	2864191637
JG0139e	22	40321888	U:TC[T>A]TG	1	313305.0	2864504942
JG0139e	22	40376316	U:GG[T>A]TT	1	54428.0	2864559370
JG0139e	22	41127943	U:AC[T>A]TT	1	751627.0	2865310997
JG0139e	22	41372615	U:TC[T>C]CG	1	244672.0	2865555669
JG0139e	22	41483713	U:CC[T>G]TA	1	111098.0	2865666767
JG0139e	22	41525017	U:AC[T>A]TC	1	41304.0	2865708071
JG0139e	22	42292122	U:TC[T>A]TT	-1	767105.0	2866475176
JG0139e	22	42356109	N:AC[T>G]CA	1	63987.0	2866539163
JG0139e	22	42973012	T:TA[T>G]CA	1	616903.0	2867156066
JG0139e	22	43434244	U:TC[T>C]TC	1	461232.0	2867617298
JG0139e	22	43514359	N:AC[T>G]TG	1	80115.0	2867697413
JG0139e	22	43684462	T:AC[T>C]TG	1	170103.0	2867867516
JG0139e	22	44682650	U:TC[T>A]CA	1	998188.0	2868865704
JG0139e	22	44790962	T:GC[T>C]CA	-1	108312.0	2868974016
JG0139e	22	44795450	U:GC[T>G]TA	1	4488.0	2868978504
JG0139e	22	45023190	N:AC[T>G]TA	1	227740.0	2869206244
JG0139e	22	45454780	N:GT[T>C]TA	1	431590.0	2869637834
JG0139e	22	46298888	U:AC[T>G]TG	1	844108.0	2870481942
JG0139e	22	46424144	U:TG[T>C]TG	-1	125256.0	2870607198
JG0139e	22	47187852	N:GC[T>G]TA	1	763708.0	2871370906
JG0139e	22	47219761	N:TC[T>C]CC	1	31909.0	2871402815
JG0139e	22	47434430	N:AC[T>C]TG	-1	214669.0	2871617484
JG0139e	22	47437668	N:GG[C>A]AA	-1	3238.0	2871620722
JG0139e	22	47939861	N:TT[T>G]TC	-1	502193.0	2872122915
JG0139e	22	49186163	N:CC[T>G]TA	-1	1246302.0	2873369217
JG0139e	22	49358755	N:AG[T>G]TC	-1	172592.0	2873541809
JG0139e	22	49410157	N:CC[T>A]CG	1	51402.0	2873593211
JG0139e	22	50449803	T:AC[T>G]TC	1	1039646.0	2874632857
JG0139e	22	50543239	N:TC[T>C]TA	1	93436.0	2874726293
JG0139e	X	803142	N:TC[T>G]TT	1		2875804664
JG0139e	X	1006615	N:GC[T>C]GG	1	203473.0	2876008137
JG0139e	X	1180913	N:GC[T>C]CA	1	174298.0	2876182435
JG0139e	X	1863816	N:AC[T>C]CG	1	682903.0	2876865338
JG0139e	X	2880364	U:GG[T>G]TA	1	1016548.0	2877881886
JG0139e	X	2902280	N:AC[T>A]CC	1	21916.0	2877903802
JG0139e	X	3121612	N:GC[T>G]TA	1	219332.0	2878123134
JG0139e	X	3139819	N:AC[T>G]TA	1	18207.0	2878141341
JG0139e	X	3226926	N:TT[T>G]TT	1	87107.0	2878228448
JG0139e	X	3424351	N:AC[T>G]CA	1	197425.0	2878425873
JG0139e	X	3548044	N:AC[T>G]TG	1	123693.0	2878549566
JG0139e	X	3605124	T:TG[T>G]TA	1	57080.0	2878606646
JG0139e	X	3784629	N:TA[C>A]AA	1	179505.0	2878786151
JG0139e	X	4295451	N:TG[T>C]TT	1	510822.0	2879296973
JG0139e	X	4764212	N:GC[T>C]TA	1	468761.0	2879765734
JG0139e	X	5008527	N:TC[T>A]AA	1	244315.0	2880010049
JG0139e	X	5281939	N:GG[T>A]TG	1	273412.0	2880283461
JG0139e	X	5296595	N:AA[T>G]TA	1	14656.0	2880298117
JG0139e	X	5376631	N:GC[T>G]TA	1	80036.0	2880378153
JG0139e	X	5577788	N:AC[T>C]CA	1	201157.0	2880579310
JG0139e	X	5739477	N:TG[C>A]AG	-1	161689.0	2880740999
JG0139e	X	5893875	T:TT[T>G]TC	1	154398.0	2880895397
JG0139e	X	6071785	T:GC[T>C]TG	1	177910.0	2881073307
JG0139e	X	6459872	N:TG[T>G]TG	1	388087.0	2881461394
JG0139e	X	6594542	N:GG[T>G]TT	1	134670.0	2881596064
JG0139e	X	7513595	N:TG[T>G]TA	1	919053.0	2882515117
JG0139e	X	7815692	N:GG[T>G]TA	1	302097.0	2882817214
JG0139e	X	8033361	N:AC[T>A]CA	1	217669.0	2883034883
JG0139e	X	8256065	N:AC[T>G]TT	1	222704.0	2883257587
JG0139e	X	8263653	N:TC[T>G]TA	1	7588.0	2883265175
JG0139e	X	8451321	N:TG[T>C]CA	1	187668.0	2883452843
JG0139e	X	8572660	T:GA[T>G]TG	1	121339.0	2883574182
JG0139e	X	8838458	N:GC[T>G]CA	1	265798.0	2883839980
JG0139e	X	9280153	N:GG[T>G]TG	1	441695.0	2884281675
JG0139e	X	10251336	N:TC[T>G]TC	1	971183.0	2885252858
JG0139e	X	10251653	N:TG[T>G]CA	1	317.0	2885253175
JG0139e	X	10351193	N:TC[T>G]TT	1	99540.0	2885352715
JG0139e	X	11317826	T:AA[T>G]TA	1	966633.0	2886319348
JG0139e	X	11345595	T:TC[T>C]TG	1	27769.0	2886347117
JG0139e	X	11795727	N:CC[T>G]TG	1	450132.0	2886797249
JG0139e	X	11872116	N:AC[T>G]TG	1	76389.0	2886873638
JG0139e	X	12773139	N:TC[T>A]TA	1	901023.0	2887774661
JG0139e	X	14419531	N:AC[T>G]TT	1	1646392.0	2889421053
JG0139e	X	14613141	U:AC[T>C]TA	1	193610.0	2889614663
JG0139e	X	14670281	U:AC[T>G]TT	1	57140.0	2889671803
JG0139e	X	14931320	N:AA[T>G]CT	1	261039.0	2889932842
JG0139e	X	15231966	N:AC[T>A]GG	1	300646.0	2890233488
JG0139e	X	15886165	N:AC[T>G]TC	1	654199.0	2890887687
JG0139e	X	16090547	N:AG[T>G]TT	-1	204382.0	2891092069
JG0139e	X	17655483	T:AC[T>C]CG	-1	1564936.0	2892657005
JG0139e	X	18092778	N:AC[T>G]TA	1	437295.0	2893094300
JG0139e	X	18431706	U:AT[T>G]TT	1	338928.0	2893433228
JG0139e	X	18516015	U:TC[T>C]CT	1	84309.0	2893517537
JG0139e	X	18607744	U:AC[T>G]GA	1	91729.0	2893609266
JG0139e	X	18619592	U:TC[T>G]TC	1	11848.0	2893621114
JG0139e	X	19195868	N:AC[T>G]TT	1	576276.0	2894197390
JG0139e	X	19466378	T:AC[T>C]TG	1	270510.0	2894467900
JG0139e	X	19749695	U:CC[T>G]TT	-1	283317.0	2894751217
JG0139e	X	20323137	N:CC[T>G]TA	1	573442.0	2895324659
JG0139e	X	20708807	N:AC[T>G]TT	1	385670.0	2895710329
JG0139e	X	20881477	N:AC[T>G]TT	1	172670.0	2895882999
JG0139e	X	21443107	U:AC[T>G]TA	1	561630.0	2896444629
JG0139e	X	22268369	N:AG[T>G]TT	1	825262.0	2897269891
JG0139e	X	22307109	N:GC[T>G]CA	-1	38740.0	2897308631
JG0139e	X	22456026	N:GG[T>G]TG	1	148917.0	2897457548
JG0139e	X	22926267	N:AG[T>A]CA	-1	470241.0	2897927789
JG0139e	X	23207016	N:CC[T>G]TA	1	280749.0	2898208538
JG0139e	X	24140372	N:GA[T>G]TT	1	933356.0	2899141894
JG0139e	X	24970471	U:AC[T>G]TA	1	830099.0	2899971993
JG0139e	X	24972090	U:CC[T>C]CC	1	1619.0	2899973612
JG0139e	X	25793339	N:AC[T>G]TC	1	821249.0	2900794861
JG0139e	X	26917399	N:GC[T>G]TA	1	1124060.0	2901918921
JG0139e	X	27386212	N:AC[T>G]GA	1	468813.0	2902387734
JG0139e	X	27713578	U:TA[T>G]TA	1	327366.0	2902715100
JG0139e	X	27833896	N:GC[T>G]TA	1	120318.0	2902835418
JG0139e	X	27851208	N:AC[T>G]TC	1	17312.0	2902852730
JG0139e	X	27853725	N:TC[T>C]CC	1	2517.0	2902855247
JG0139e	X	28177956	N:GC[T>A]CC	1	324231.0	2903179478
JG0139e	X	28178108	N:AC[T>G]TG	1	152.0	2903179630
JG0139e	X	28178351	N:AC[T>G]TG	1	243.0	2903179873
JG0139e	X	28610181	U:AC[T>G]TG	1	431830.0	2903611703
JG0139e	X	29351469	U:TG[T>C]TT	1	741288.0	2904352991
JG0139e	X	29405922	U:TC[T>C]TG	1	54453.0	2904407444
JG0139e	X	30406384	N:TC[T>G]TA	1	1000462.0	2905407906
JG0139e	X	31145197	T:TC[T>G]TG	1	738813.0	2906146719
JG0139e	X	31234445	T:AC[T>G]TA	1	89248.0	2906235967
JG0139e	X	31442747	T:CC[T>C]TA	1	208302.0	2906444269
JG0139e	X	32327104	T:TC[T>G]TT	1	884357.0	2907328626
JG0139e	X	33229396	T:AC[T>G]TA	1	902292.0	2908230918
JG0139e	X	33727078	N:AC[T>G]TA	1	497682.0	2908728600
JG0139e	X	33802002	N:TA[T>C]TC	1	74924.0	2908803524
JG0139e	X	33875800	N:TC[T>G]CA	1	73798.0	2908877322
JG0139e	X	33990377	N:TC[T>C]CA	1	114577.0	2908991899
JG0139e	X	34113086	N:AT[T>G]TA	1	122709.0	2909114608
JG0139e	X	34446795	N:TC[T>C]CA	1	333709.0	2909448317
JG0139e	X	34954657	N:TC[T>G]TA	1	507862.0	2909956179
JG0139e	X	35276772	N:AA[T>G]TA	1	322115.0	2910278294
JG0139e	X	35700005	N:CC[T>G]CA	1	423233.0	2910701527
JG0139e	X	36559177	N:AC[T>G]TT	1	859172.0	2911560699
JG0139e	X	36856297	N:TC[T>C]CA	1	297120.0	2911857819
JG0139e	X	37998319	U:AG[T>G]TT	1	1142022.0	2912999841
JG0139e	X	39295042	N:AG[T>C]AA	1	1296723.0	2914296564
JG0139e	X	39359959	N:AC[T>G]TG	1	64917.0	2914361481
JG0139e	X	39453664	N:TC[T>G]CA	1	93705.0	2914455186
JG0139e	X	39952295	N:AG[T>C]CT	1	498631.0	2914953817
JG0139e	X	40364864	N:TC[T>C]TT	1	412569.0	2915366386
JG0139e	X	41422609	N:CA[T>C]AC	1	1057745.0	2916424131
JG0139e	X	42972042	N:TC[T>G]TA	1	1549433.0	2917973564
JG0139e	X	43019647	N:TC[T>C]GC	1	47605.0	2918021169
JG0139e	X	43239540	N:TG[T>C]AG	1	219893.0	2918241062
JG0139e	X	43395344	N:CC[T>G]GA	1	155804.0	2918396866
JG0139e	X	43767654	T:GC[T>C]TG	1	372310.0	2918769176
JG0139e	X	43780428	T:AA[T>G]TA	1	12774.0	2918781950
JG0139e	X	44041203	N:CC[T>C]TA	1	260775.0	2919042725
JG0139e	X	44233925	T:AC[T>G]TT	1	192722.0	2919235447
JG0139e	X	44403768	N:GG[T>G]TT	1	169843.0	2919405290
JG0139e	X	44726667	N:AC[T>C]GA	1	322899.0	2919728189
JG0139e	X	45073756	T:TA[C>A]AA	-1	347089.0	2920075278
JG0139e	X	45168895	T:AG[T>G]TA	1	95139.0	2920170417
JG0139e	X	45504503	N:TC[T>C]CA	1	335608.0	2920506025
JG0139e	X	45962907	N:AC[T>C]AC	1	458404.0	2920964429
JG0139e	X	46025062	N:GC[T>G]TA	1	62155.0	2921026584
JG0139e	X	47031379	U:TC[T>G]TG	1	1006317.0	2922032901
JG0139e	X	47294937	N:GG[T>G]TA	1	263558.0	2922296459
JG0139e	X	47892981	U:TC[T>A]CA	1	598044.0	2922894503
JG0139e	X	47945099	U:TC[T>C]TT	1	52118.0	2922946621
JG0139e	X	47945117	U:AC[T>C]CT	1	18.0	2922946639
JG0139e	X	48859080	N:AC[T>C]CA	1	913963.0	2923860602
JG0139e	X	49000800	T:AC[T>A]TA	1	141720.0	2924002322
JG0139e	X	49649034	N:CA[C>G]TA	1	648234.0	2924650556
JG0139e	X	50410869	T:TC[T>C]TG	1	761835.0	2925412391
JG0139e	X	50899251	N:TC[T>C]CA	1	488382.0	2925900773
JG0139e	X	51328137	N:TC[T>C]CA	1	428886.0	2926329659
JG0139e	X	51662222	N:CC[T>C]TG	1	334085.0	2926663744
JG0139e	X	51912324	N:AA[T>G]TA	1	250102.0	2926913846
JG0139e	X	52115177	N:AC[T>C]GG	1	202853.0	2927116699
JG0139e	X	52654839	T:GC[T>C]TT	1	539662.0	2927656361
JG0139e	X	53454023	N:GG[T>A]TT	1	799184.0	2928455545
JG0139e	X	54417427	N:TC[T>C]CA	1	963404.0	2929418949
JG0139e	X	54431612	N:TG[T>G]TG	1	14185.0	2929433134
JG0139e	X	54984727	T:TC[T>A]TA	1	553115.0	2929986249
JG0139e	X	55342751	N:TC[T>G]TA	1	358024.0	2930344273
JG0139e	X	55808983	N:TG[T>G]TG	1	466232.0	2930810505
JG0139e	X	55952384	N:AT[C>T]TA	1	143401.0	2930953906
JG0139e	X	56011690	N:AT[T>G]TA	1	59306.0	2931013212
JG0139e	X	56596996	N:GC[T>C]GC	1	585306.0	2931598518
JG0139e	X	56634039	N:TG[T>G]CA	-1	37043.0	2931635561
JG0139e	X	56665812	N:AC[T>C]AA	1	31773.0	2931667334
JG0139e	X	56828477	N:TC[T>G]TC	1	162665.0	2931829999
JG0139e	X	57234961	N:AC[T>C]TT	1	406484.0	2932236483
JG0139e	X	57383425	U:AC[T>A]CC	1	148464.0	2932384947
JG0139e	X	57430236	U:TA[T>G]TC	1	46811.0	2932431758
JG0139e	X	57623862	N:TG[T>G]TA	-1	193626.0	2932625384
JG0139e	X	58264596	N:TT[T>A]TC	-1	640734.0	2933266118
JG0139e	X	58349302	N:AC[T>G]TA	1	84706.0	2933350824
JG0139e	X	62542085	N:TC[T>C]TG	1	4192783.0	2937543607
JG0139e	X	62570145	N:TC[T>C]CG	1	28060.0	2937571667
JG0139e	X	63561171	N:GC[C>T]AT	-1	991026.0	2938562693
JG0139e	X	64104444	N:GC[T>C]CT	1	543273.0	2939105966
JG0139e	X	64243318	N:TC[T>A]TT	1	138874.0	2939244840
JG0139e	X	64274307	T:AC[T>A]TG	1	30989.0	2939275829
JG0139e	X	64410388	N:GC[T>C]CA	1	136081.0	2939411910
JG0139e	X	64887743	N:TC[T>C]GG	1	477355.0	2939889265
JG0139e	X	64943506	T:TC[T>A]TG	1	55763.0	2939945028
JG0139e	X	65028925	T:GC[T>C]TG	1	85419.0	2940030447
JG0139e	X	65722539	U:AC[T>C]TC	1	693614.0	2940724061
JG0139e	X	65837999	N:GC[T>G]TG	1	115460.0	2940839521
JG0139e	X	65996328	N:AC[T>C]GT	1	158329.0	2940997850
JG0139e	X	66012659	N:TC[T>G]CT	-1	16331.0	2941014181
JG0139e	X	66068746	N:TA[T>G]TT	1	56087.0	2941070268
JG0139e	X	66603044	T:CT[T>G]TC	1	534298.0	2941604566
JG0139e	X	66707795	N:AG[T>G]TA	1	104751.0	2941709317
JG0139e	X	66874926	N:GC[T>G]TA	1	167131.0	2941876448
JG0139e	X	66978475	N:TC[T>C]CA	1	103549.0	2941979997
JG0139e	X	67214789	N:AC[T>G]TG	1	236314.0	2942216311
JG0139e	X	67220711	N:CC[T>G]TC	1	5922.0	2942222233
JG0139e	X	67344121	N:CC[T>G]TA	1	123410.0	2942345643
JG0139e	X	67522316	N:TC[T>C]CA	1	178195.0	2942523838
JG0139e	X	67666843	U:TG[T>A]CA	1	144527.0	2942668365
JG0139e	X	67718950	U:GC[T>G]GG	1	52107.0	2942720472
JG0139e	X	67758987	N:TC[T>C]TG	1	40037.0	2942760509
JG0139e	X	68079066	T:AC[T>C]CA	1	320079.0	2943080588
JG0139e	X	68390516	T:AC[T>C]TG	1	311450.0	2943392038
JG0139e	X	68501777	T:GC[T>G]TA	-1	111261.0	2943503299
JG0139e	X	69380936	N:AC[T>C]TT	1	879159.0	2944382458
JG0139e	X	69387532	N:GG[T>G]CG	-1	6596.0	2944389054
JG0139e	X	69416824	N:AG[T>G]TC	1	29292.0	2944418346
JG0139e	X	69509408	U:TC[T>C]TC	1	92584.0	2944510930
JG0139e	X	69887905	U:TC[T>C]TA	1	378497.0	2944889427
JG0139e	X	69889943	U:AC[T>G]TT	1	2038.0	2944891465
JG0139e	X	69906128	U:TC[T>C]TA	1	16185.0	2944907650
JG0139e	X	70507438	N:TC[T>G]TC	1	601310.0	2945508960
JG0139e	X	70652424	T:CC[T>A]CA	1	144986.0	2945653946
JG0139e	X	70675854	T:AC[T>C]CC	1	23430.0	2945677376
JG0139e	X	70741556	T:AC[T>C]TG	1	65702.0	2945743078
JG0139e	X	71811216	N:GC[T>A]TT	1	1069660.0	2946812738
JG0139e	X	72139399	U:GC[T>C]CA	1	328183.0	2947140921
JG0139e	X	72306083	U:GC[T>G]TT	-1	166684.0	2947307605
JG0139e	X	72430428	T:GC[T>G]TC	1	124345.0	2947431950
JG0139e	X	73260819	N:AA[T>G]TT	1	830391.0	2948262341
JG0139e	X	73297960	N:AC[T>C]CG	1	37141.0	2948299482
JG0139e	X	73353474	N:TC[T>A]CA	1	55514.0	2948354996
JG0139e	X	73763778	N:GC[T>G]TA	1	410304.0	2948765300
JG0139e	X	74198980	N:TT[T>A]AA	1	435202.0	2949200502
JG0139e	X	74218072	N:TG[T>C]CA	-1	19092.0	2949219594
JG0139e	X	74439849	U:AG[T>G]TG	1	221777.0	2949441371
JG0139e	X	74800855	T:AC[T>C]CT	1	361006.0	2949802377
JG0139e	X	75212204	N:AC[T>C]CT	1	411349.0	2950213726
JG0139e	X	75397282	U:TG[T>G]GA	-1	185078.0	2950398804
JG0139e	X	75635449	N:AC[T>C]TA	1	238167.0	2950636971
JG0139e	X	75815978	N:TC[T>C]CT	1	180529.0	2950817500
JG0139e	X	76542544	N:AC[T>G]TG	1	726566.0	2951544066
JG0139e	X	76718790	N:AC[T>G]TA	1	176246.0	2951720312
JG0139e	X	76726220	N:AA[T>G]TT	1	7430.0	2951727742
JG0139e	X	76979067	N:GC[T>C]TG	1	252847.0	2951980589
JG0139e	X	77136232	N:AC[T>G]TA	1	157165.0	2952137754
JG0139e	X	77194237	N:AA[T>G]TT	1	58005.0	2952195759
JG0139e	X	77273211	N:AC[T>C]CA	1	78974.0	2952274733
JG0139e	X	77363119	N:GC[T>C]CA	1	89908.0	2952364641
JG0139e	X	78316009	T:GC[T>G]TG	1	952890.0	2953317531
JG0139e	X	78383385	N:TC[T>G]TA	1	67376.0	2953384907
JG0139e	X	78433716	N:AG[T>G]TA	1	50331.0	2953435238
JG0139e	X	78443422	N:AC[T>G]TC	1	9706.0	2953444944
JG0139e	X	79094546	N:AC[T>C]CT	1	651124.0	2954096068
JG0139e	X	79465588	N:AC[T>G]TC	1	371042.0	2954467110
JG0139e	X	79691679	N:TG[T>A]TG	1	226091.0	2954693201
JG0139e	X	80176364	N:CC[T>G]TA	1	484685.0	2955177886
JG0139e	X	80266937	N:CC[T>C]TA	1	90573.0	2955268459
JG0139e	X	80312892	N:GC[T>G]CA	1	45955.0	2955314414
JG0139e	X	80365732	U:AC[T>A]CG	1	52840.0	2955367254
JG0139e	X	80491449	N:AG[T>G]TC	1	125717.0	2955492971
JG0139e	X	81533764	N:TC[T>C]GC	1	1042315.0	2956535286
JG0139e	X	81872887	N:AC[T>A]TT	1	339123.0	2956874409
JG0139e	X	82499237	N:TC[T>A]CT	1	626350.0	2957500759
JG0139e	X	82511678	N:TC[T>A]TA	1	12441.0	2957513200
JG0139e	X	82853898	N:AC[T>C]TA	1	342220.0	2957855420
JG0139e	X	82997475	N:TG[T>A]TG	1	143577.0	2957998997
JG0139e	X	83105820	N:TC[T>A]CA	1	108345.0	2958107342
JG0139e	X	83159693	N:AA[T>G]TG	1	53873.0	2958161215
JG0139e	X	83602565	N:AG[T>G]TA	1	442872.0	2958604087
JG0139e	X	83677891	N:TC[T>C]CT	1	75326.0	2958679413
JG0139e	X	83913170	N:AC[T>G]TA	1	235279.0	2958914692
JG0139e	X	83946231	N:TA[T>G]TG	1	33061.0	2958947753
JG0139e	X	83949015	N:AC[T>C]GA	1	2784.0	2958950537
JG0139e	X	84083475	T:AC[T>C]CA	1	134460.0	2959084997
JG0139e	X	84517629	N:GA[C>T]CA	-1	434154.0	2959519151
JG0139e	X	84743266	N:AC[T>C]TT	1	225637.0	2959744788
JG0139e	X	85167178	U:GC[T>G]TA	-1	423912.0	2960168700
JG0139e	X	85840200	N:CC[T>C]CC	1	673022.0	2960841722
JG0139e	X	86189532	U:CC[T>G]CA	1	349332.0	2961191054
JG0139e	X	86523327	U:TC[T>A]TT	1	333795.0	2961524849
JG0139e	X	87257887	N:TC[T>C]CC	1	734560.0	2962259409
JG0139e	X	87651164	U:TC[T>C]TA	1	393277.0	2962652686
JG0139e	X	87760662	N:AA[C>A]CA	-1	109498.0	2962762184
JG0139e	X	87788773	N:AC[T>C]TT	1	28111.0	2962790295
JG0139e	X	87837371	N:CC[T>C]TA	1	48598.0	2962838893
JG0139e	X	87914234	N:GC[T>G]TA	1	76863.0	2962915756
JG0139e	X	87958182	N:TC[T>C]CA	1	43948.0	2962959704
JG0139e	X	88308681	N:TC[T>G]CA	1	350499.0	2963310203
JG0139e	X	88427554	N:TC[T>C]TC	1	118873.0	2963429076
JG0139e	X	88444216	N:TC[C>A]TA	1	16662.0	2963445738
JG0139e	X	88476541	N:GC[T>C]TT	1	32325.0	2963478063
JG0139e	X	88817215	N:AC[T>G]GA	-1	340674.0	2963818737
JG0139e	X	89074020	N:AC[T>G]TA	1	256805.0	2964075542
JG0139e	X	89541842	N:AC[T>C]GG	1	467822.0	2964543364
JG0139e	X	90181168	N:AC[T>G]TG	1	639326.0	2965182690
JG0139e	X	90289837	N:TC[T>G]TA	1	108669.0	2965291359
JG0139e	X	90778947	N:GA[T>C]GA	1	489110.0	2965780469
JG0139e	X	91516579	N:GC[T>C]TG	1	737632.0	2966518101
JG0139e	X	92401349	U:AC[T>C]TG	1	884770.0	2967402871
JG0139e	X	93205362	N:TC[T>C]TA	1	804013.0	2968206884
JG0139e	X	93764524	N:TC[T>C]GA	1	559162.0	2968766046
JG0139e	X	93929400	N:TC[T>A]TG	1	164876.0	2968930922
JG0139e	X	93964395	N:AC[T>G]CA	-1	34995.0	2968965917
JG0139e	X	94003411	N:TC[T>G]TA	1	39016.0	2969004933
JG0139e	X	94024212	N:AC[T>G]TA	1	20801.0	2969025734
JG0139e	X	94739380	N:GC[T>A]CA	1	715168.0	2969740902
JG0139e	X	94942618	N:AC[T>G]TA	1	203238.0	2969944140
JG0139e	X	95023888	N:AC[T>G]TT	1	81270.0	2970025410
JG0139e	X	95212836	N:AG[T>G]TA	1	188948.0	2970214358
JG0139e	X	95254071	N:TG[T>C]CT	1	41235.0	2970255593
JG0139e	X	95585324	N:TC[T>C]CA	1	331253.0	2970586846
JG0139e	X	95614616	N:CC[T>A]TG	1	29292.0	2970616138
JG0139e	X	95825600	N:TC[T>C]TA	1	210984.0	2970827122
JG0139e	X	95860132	N:AC[T>G]CA	1	34532.0	2970861654
JG0139e	X	95938729	N:AC[T>A]CT	1	78597.0	2970940251
JG0139e	X	96328840	N:TC[T>C]GA	1	390111.0	2971330362
JG0139e	X	96892981	U:AC[T>G]TA	1	564141.0	2971894503
JG0139e	X	97073398	U:AG[T>G]TA	1	180417.0	2972074920
JG0139e	X	97327857	U:CG[T>C]GA	1	254459.0	2972329379
JG0139e	X	97328217	U:AC[T>G]TG	1	360.0	2972329739
JG0139e	X	97441384	U:TC[T>C]CA	1	113167.0	2972442906
JG0139e	X	98231454	N:TG[T>G]TG	1	790070.0	2973232976
JG0139e	X	98468456	N:TA[T>G]TG	1	237002.0	2973469978
JG0139e	X	98986444	N:TC[T>A]CC	1	517988.0	2973987966
JG0139e	X	99294157	N:CC[T>G]TA	1	307713.0	2974295679
JG0139e	X	99359176	N:TC[T>C]CC	1	65019.0	2974360698
JG0139e	X	99498322	N:TC[T>C]CT	1	139146.0	2974499844
JG0139e	X	99774774	N:TT[T>C]TT	1	276452.0	2974776296
JG0139e	X	99996312	N:GC[T>C]CC	1	221538.0	2974997834
JG0139e	X	100095214	N:AC[T>C]CA	1	98902.0	2975096736
JG0139e	X	100099241	N:AG[T>G]TA	1	4027.0	2975100763
JG0139e	X	100584876	U:CC[T>C]CA	1	485635.0	2975586398
JG0139e	X	100738477	N:TC[T>C]TG	1	153601.0	2975739999
JG0139e	X	101061416	N:GG[T>A]CA	-1	322939.0	2976062938
JG0139e	X	101147030	U:GC[T>C]CA	1	85614.0	2976148552
JG0139e	X	101288209	T:TC[T>A]CG	1	141179.0	2976289731
JG0139e	X	101505867	N:GA[T>G]TT	1	217658.0	2976507389
JG0139e	X	102135671	N:GA[T>G]TT	1	629804.0	2977137193
JG0139e	X	102698033	N:TC[T>C]CA	1	562362.0	2977699555
JG0139e	X	102714507	U:AC[T>C]CA	1	16474.0	2977716029
JG0139e	X	102792862	N:TG[T>G]TA	1	78355.0	2977794384
JG0139e	X	102927096	N:CC[C>T]AG	1	134234.0	2977928618
JG0139e	X	102988789	N:AA[C>A]AT	-1	61693.0	2977990311
JG0139e	X	103230204	N:AC[T>G]CA	1	241415.0	2978231726
JG0139e	X	103543694	N:TC[T>C]TG	1	313490.0	2978545216
JG0139e	X	103625679	N:AC[T>G]TT	1	81985.0	2978627201
JG0139e	X	104185207	U:CC[T>G]TA	1	559528.0	2979186729
JG0139e	X	104614938	U:AC[T>C]TA	1	429731.0	2979616460
JG0139e	X	105093691	U:TG[T>C]TA	1	478753.0	2980095213
JG0139e	X	105390310	U:TC[T>C]CT	1	296619.0	2980391832
JG0139e	X	105466086	U:AG[T>G]TG	1	75776.0	2980467608
JG0139e	X	105521043	U:TC[T>C]CC	1	54957.0	2980522565
JG0139e	X	105564190	U:CC[T>C]CC	1	43147.0	2980565712
JG0139e	X	106023029	N:TC[T>G]CA	1	458839.0	2981024551
JG0139e	X	106442347	N:TC[T>G]CA	1	419318.0	2981443869
JG0139e	X	106481171	N:GC[T>A]TG	1	38824.0	2981482693
JG0139e	X	106684900	N:CC[T>G]TT	-1	203729.0	2981686422
JG0139e	X	106695136	T:AC[T>A]TG	-1	10236.0	2981696658
JG0139e	X	106775026	U:GG[T>G]TA	1	79890.0	2981776548
JG0139e	X	107820591	N:GC[T>C]TT	-1	1045565.0	2982822113
JG0139e	X	108043457	N:TA[T>G]TA	-1	222866.0	2983044979
JG0139e	X	108407914	T:AA[T>C]TC	1	364457.0	2983409436
JG0139e	X	108769566	N:AC[T>C]TA	1	361652.0	2983771088
JG0139e	X	108974671	N:AC[T>C]AT	1	205105.0	2983976193
JG0139e	X	109214702	N:AC[T>G]CA	1	240031.0	2984216224
JG0139e	X	109261680	N:TC[T>G]TA	1	46978.0	2984263202
JG0139e	X	110922208	N:CC[T>C]CA	1	1660528.0	2985923730
JG0139e	X	111029714	U:TC[T>C]TG	1	107506.0	2986031236
JG0139e	X	111537187	N:CC[T>G]TA	1	507473.0	2986538709
JG0139e	X	112522259	N:AG[T>A]TG	-1	985072.0	2987523781
JG0139e	X	112555001	N:TC[T>C]CA	1	32742.0	2987556523
JG0139e	X	113033985	N:AC[T>C]CA	-1	478984.0	2988035507
JG0139e	X	113314643	N:TG[T>G]TT	1	280658.0	2988316165
JG0139e	X	113566333	N:AG[T>G]CA	-1	251690.0	2988567855
JG0139e	X	115006563	U:GA[T>G]TA	-1	1440230.0	2990008085
JG0139e	X	115897616	N:TT[C>T]TA	1	891053.0	2990899138
JG0139e	X	116971141	N:AC[T>G]TA	1	1073525.0	2991972663
JG0139e	X	116999944	N:AC[T>C]CT	1	28803.0	2992001466
JG0139e	X	117487972	N:AC[T>G]CA	1	488028.0	2992489494
JG0139e	X	118660347	U:CC[T>G]TA	1	1172375.0	2993661869
JG0139e	X	118743336	T:AC[T>G]TG	-1	82989.0	2993744858
JG0139e	X	118889510	N:AC[T>G]CA	-1	146174.0	2993891032
JG0139e	X	118921182	N:TC[T>G]TG	1	31672.0	2993922704
JG0139e	X	119096706	U:TC[T>A]CC	-1	175524.0	2994098228
JG0139e	X	119200345	N:TC[T>A]TA	-1	103639.0	2994201867
JG0139e	X	119217615	N:AC[T>G]TG	1	17270.0	2994219137
JG0139e	X	119432999	U:GC[T>C]GA	1	215384.0	2994434521
JG0139e	X	119815381	T:AC[T>G]TA	1	382382.0	2994816903
JG0139e	X	119846378	U:AA[T>G]TT	-1	30997.0	2994847900
JG0139e	X	119886773	N:TC[T>G]TA	-1	40395.0	2994888295
JG0139e	X	120127121	N:TC[T>G]TA	-1	240348.0	2995128643
JG0139e	X	120265912	U:CC[T>C]CG	-1	138791.0	2995267434
JG0139e	X	120530999	T:AC[T>G]TG	1	265087.0	2995532521
JG0139e	X	121504204	N:AC[T>C]TG	1	973205.0	2996505726
JG0139e	X	121891038	N:TG[T>G]TT	-1	386834.0	2996892560
JG0139e	X	122034827	N:GC[T>A]TT	1	143789.0	2997036349
JG0139e	X	122109927	N:TG[T>G]GA	-1	75100.0	2997111449
JG0139e	X	122166271	N:AG[T>G]TG	1	56344.0	2997167793
JG0139e	X	122239544	N:AC[T>C]CT	1	73273.0	2997241066
JG0139e	X	122301602	N:AC[T>G]TT	-1	62058.0	2997303124
JG0139e	X	122307927	N:CC[T>C]GC	1	6325.0	2997309449
JG0139e	X	122453556	N:GC[T>G]TT	1	145629.0	2997455078
JG0139e	X	123060631	N:AC[T>A]TG	1	607075.0	2998062153
JG0139e	X	123097326	N:CC[T>G]TG	1	36695.0	2998098848
JG0139e	X	123269002	U:CC[T>G]TT	1	171676.0	2998270524
JG0139e	X	123369761	U:AT[T>G]TC	1	100759.0	2998371283
JG0139e	X	123468334	U:CC[T>C]CA	1	98573.0	2998469856
JG0139e	X	124543888	U:TC[T>C]TG	-1	1075554.0	2999545410
JG0139e	X	124612901	T:AC[T>G]TT	1	69013.0	2999614423
JG0139e	X	124683774	U:TC[T>G]TT	-1	70873.0	2999685296
JG0139e	X	124683795	U:TT[C>G]TT	-1	21.0	2999685317
JG0139e	X	124686217	U:TC[T>G]TT	-1	2422.0	2999687739
JG0139e	X	124940340	U:GC[T>C]TA	-1	254123.0	2999941862
JG0139e	X	125022002	N:AC[T>G]TC	-1	81662.0	3000023524
JG0139e	X	125358307	N:TC[T>G]CA	1	336305.0	3000359829
JG0139e	X	126095996	N:AC[T>G]TC	1	737689.0	3001097518
JG0139e	X	126498563	N:TA[T>G]TA	1	402567.0	3001500085
JG0139e	X	126499464	N:AC[T>A]TA	1	901.0	3001500986
JG0139e	X	126539930	N:AC[T>G]TT	1	40466.0	3001541452
JG0139e	X	126740918	N:TC[T>C]CA	1	200988.0	3001742440
JG0139e	X	126933392	N:AC[T>C]CT	1	192474.0	3001934914
JG0139e	X	127085448	N:AC[T>C]CG	-1	152056.0	3002086970
JG0139e	X	127591330	N:TA[T>G]TA	1	505882.0	3002592852
JG0139e	X	128385608	N:CC[T>G]CA	1	794278.0	3003387130
JG0139e	X	128559106	N:AC[T>G]CA	1	173498.0	3003560628
JG0139e	X	128683795	N:TC[T>A]CC	1	124689.0	3003685317
JG0139e	X	128718363	N:TA[C>A]TC	1	34568.0	3003719885
JG0139e	X	128718364	N:AC[T>C]CA	1	1.0	3003719886
JG0139e	X	129148301	N:TT[T>C]TT	1	429937.0	3004149823
JG0139e	X	129148425	N:AC[T>G]AC	1	124.0	3004149947
JG0139e	X	129933976	N:TC[T>C]TG	1	785551.0	3004935498
JG0139e	X	130125849	N:TC[T>G]TA	-1	191873.0	3005127371
JG0139e	X	130592591	N:TG[T>G]TA	1	466742.0	3005594113
JG0139e	X	131319656	T:GG[T>A]CA	1	727065.0	3006321178
JG0139e	X	131560497	T:AC[T>A]TG	1	240841.0	3006562019
JG0139e	X	131813564	N:TC[T>A]CA	1	253067.0	3006815086
JG0139e	X	131868871	N:TC[T>G]TA	-1	55307.0	3006870393
JG0139e	X	132013703	N:GC[T>C]TG	1	144832.0	3007015225
JG0139e	X	132032591	T:TC[T>G]TT	-1	18888.0	3007034113
JG0139e	X	132200350	N:AC[T>G]TC	-1	167759.0	3007201872
JG0139e	X	132722332	U:AC[T>G]TT	-1	521982.0	3007723854
JG0139e	X	132876403	U:AC[T>C]TA	-1	154071.0	3007877925
JG0139e	X	133667214	U:TC[T>G]TA	-1	790811.0	3008668736
JG0139e	X	133903580	U:AG[T>C]TT	-1	236366.0	3008905102
JG0139e	X	134193953	N:GT[T>G]CA	1	290373.0	3009195475
JG0139e	X	134518963	N:TC[T>G]CA	-1	325010.0	3009520485
JG0139e	X	134755215	N:TC[T>C]CT	-1	236252.0	3009756737
JG0139e	X	134982049	N:TC[T>G]TC	1	226834.0	3009983571
JG0139e	X	135505247	N:GG[T>C]CT	1	523198.0	3010506769
JG0139e	X	135611720	N:AG[T>G]TT	1	106473.0	3010613242
JG0139e	X	136117402	N:GG[T>C]CA	1	505682.0	3011118924
JG0139e	X	136278310	N:AG[T>G]TG	-1	160908.0	3011279832
JG0139e	X	136398006	T:AC[T>G]TA	-1	119696.0	3011399528
JG0139e	X	136737235	T:AC[T>G]TT	1	339229.0	3011738757
JG0139e	X	137028589	N:AG[T>G]TG	1	291354.0	3012030111
JG0139e	X	137658760	N:AG[T>A]TC	1	630171.0	3012660282
JG0139e	X	137891523	N:TC[T>A]TG	-1	232763.0	3012893045
JG0139e	X	137921951	N:AG[T>G]CA	1	30428.0	3012923473
JG0139e	X	138174046	N:AC[T>G]CA	-1	252095.0	3013175568
JG0139e	X	138435491	N:AA[T>A]TT	-1	261445.0	3013437013
JG0139e	X	138624776	T:GG[T>C]GA	1	189285.0	3013626298
JG0139e	X	138632816	T:GG[T>G]TC	1	8040.0	3013634338
JG0139e	X	138956577	T:AC[T>A]CT	1	323761.0	3013958099
JG0139e	X	139276638	N:GC[T>C]TA	1	320061.0	3014278160
JG0139e	X	140269559	N:AC[T>G]TT	1	992921.0	3015271081
JG0139e	X	141205292	N:GA[T>G]TA	1	935733.0	3016206814
JG0139e	X	141796188	N:GC[T>C]TT	-1	590896.0	3016797710
JG0139e	X	143058537	N:TC[T>C]TT	1	1262349.0	3018060059
JG0139e	X	143234600	N:GC[T>G]TT	-1	176063.0	3018236122
JG0139e	X	143270483	N:CC[T>C]TG	1	35883.0	3018272005
JG0139e	X	143294855	N:AC[T>C]CA	1	24372.0	3018296377
JG0139e	X	143544509	N:TT[T>G]TA	1	249654.0	3018546031
JG0139e	X	143867215	N:CC[T>G]TA	-1	322706.0	3018868737
JG0139e	X	144651682	N:AC[T>G]TT	1	784467.0	3019653204
JG0139e	X	144771395	N:AG[T>G]TA	1	119713.0	3019772917
JG0139e	X	145358673	N:TT[C>A]CC	1	587278.0	3020360195
JG0139e	X	145785113	N:AC[T>C]TA	1	426440.0	3020786635
JG0139e	X	146672408	N:AG[T>G]TT	-1	887295.0	3021673930
JG0139e	X	146845109	N:AG[T>A]CA	-1	172701.0	3021846631
JG0139e	X	147288242	N:CC[T>G]TG	1	443133.0	3022289764
JG0139e	X	147468377	N:TC[T>C]CC	1	180135.0	3022469899
JG0139e	X	147837711	N:GC[T>G]TA	1	369334.0	3022839233
JG0139e	X	147890116	N:GC[T>G]TT	1	52405.0	3022891638
JG0139e	X	148011374	U:AC[T>C]TC	1	121258.0	3023012896
JG0139e	X	148016875	U:AC[T>C]TA	1	5501.0	3023018397
JG0139e	X	148308267	N:AC[T>G]TA	-1	291392.0	3023309789
JG0139e	X	149490081	U:AC[T>C]TT	-1	1181814.0	3024491603
JG0139e	X	150090502	N:TC[T>C]TA	1	600421.0	3025092024
JG0139e	X	150149624	N:AC[T>C]TA	1	59122.0	3025151146
JG0139e	X	151189551	N:AC[T>C]TT	1	1039927.0	3026191073
JG0139e	X	151258366	N:TT[T>C]AC	-1	68815.0	3026259888
JG0139e	X	151425455	N:TC[T>G]TT	1	167089.0	3026426977
JG0139e	X	151537592	N:GC[T>G]CA	1	112137.0	3026539114
JG0139e	X	151855925	N:TC[T>G]CA	1	318333.0	3026857447
JG0139e	X	151941179	N:AC[T>G]TA	-1	85254.0	3026942701
JG0139e	X	152162860	N:GC[T>G]TC	1	221681.0	3027164382
JG0139e	X	152281214	T:TC[T>G]AA	1	118354.0	3027282736
JG0139e	X	152306652	T:AG[T>G]TT	1	25438.0	3027308174
JG0139e	X	152371993	T:TC[T>G]TG	1	65341.0	3027373515
JG0139e	X	152577842	N:AC[T>C]TT	1	205849.0	3027579364
JG0139e	X	152616439	N:TC[T>G]TG	1	38597.0	3027617961
JG0139e	X	152976998	N:GG[T>G]TG	1	360559.0	3027978520
JG0139e	X	153502322	U:AC[T>C]CA	1	525324.0	3028503844
JG0139e	X	153730189	U:GC[T>G]GG	1	227867.0	3028731711
JG0139e	X	153741104	U:GC[T>G]TT	1	10915.0	3028742626
JG0139e	X	154759176	N:GC[T>C]GG	1	1018072.0	3029760698
JG0139e	X	155099938	B:AC[T>C]CA	1	340762.0	3030101460
JG0139e	X	155412175	N:AC[T>C]CC	-1	312237.0	3030413697
JG0139e	X	155777424	U:TC[T>C]CA	1	365249.0	3030778946
JG0139e	X	155886478	U:AC[T>G]TA	1	109054.0	3030888000
