sample	chr	start	mutation	strand	dist_to_previous	start_cumulative
JG0139d	1	689027	N:TC[T>G]TG	1		689027
JG0139d	1	1487062	U:AC[T>C]CC	1	798035.0	1487062
JG0139d	1	2340553	U:CC[T>C]CC	-1	853491.0	2340553
JG0139d	1	3138250	T:CC[T>G]TT	-1	797697.0	3138250
JG0139d	1	3429107	T:TC[T>G]CC	-1	290857.0	3429107
JG0139d	1	3739793	N:GC[T>G]GA	1	310686.0	3739793
JG0139d	1	3999553	N:CC[T>A]CT	-1	259760.0	3999553
JG0139d	1	4071687	N:AC[T>G]TC	-1	72134.0	4071687
JG0139d	1	4514936	N:TC[T>C]CA	-1	443249.0	4514936
JG0139d	1	4537037	N:TC[T>G]TG	-1	22101.0	4537037
JG0139d	1	4678362	U:CC[T>G]GG	1	141325.0	4678362
JG0139d	1	5366272	N:GC[T>G]GG	-1	687910.0	5366272
JG0139d	1	5939056	U:TT[T>G]TT	-1	572784.0	5939056
JG0139d	1	6325882	T:CC[T>C]CT	1	386826.0	6325882
JG0139d	1	6670886	T:TC[T>G]TC	1	345004.0	6670886
JG0139d	1	7121095	U:TC[T>G]TC	1	450209.0	7121095
JG0139d	1	7188094	T:TT[T>G]GG	-1	66999.0	7188094
JG0139d	1	7538133	U:TC[T>C]CT	1	350039.0	7538133
JG0139d	1	7915095	N:TG[T>C]CT	-1	376962.0	7915095
JG0139d	1	7974820	U:TC[T>G]TT	1	59725.0	7974820
JG0139d	1	9384892	N:CC[T>A]CG	1	1410072.0	9384892
JG0139d	1	9638488	N:AC[T>G]TT	1	253596.0	9638488
JG0139d	1	10185638	N:AT[C>T]GA	1	547150.0	10185638
JG0139d	1	10775938	T:TC[T>G]CC	1	590300.0	10775938
JG0139d	1	11224333	U:CC[T>G]TC	-1	448395.0	11224333
JG0139d	1	11735944	N:AC[T>G]TT	1	511611.0	11735944
JG0139d	1	12498832	U:TC[T>G]TA	1	762888.0	12498832
JG0139d	1	12747331	T:AC[T>G]TG	-1	248499.0	12747331
JG0139d	1	14059808	T:CC[T>C]GG	-1	1312477.0	14059808
JG0139d	1	14676520	T:CA[T>G]TC	-1	616712.0	14676520
JG0139d	1	14992436	T:AC[T>C]GG	-1	315916.0	14992436
JG0139d	1	15039594	T:TT[T>G]TA	-1	47158.0	15039594
JG0139d	1	15477906	T:AG[T>G]TG	-1	438312.0	15477906
JG0139d	1	16086337	N:GC[T>C]TC	1	608431.0	16086337
JG0139d	1	16145790	U:GG[T>A]CA	-1	59453.0	16145790
JG0139d	1	16796884	N:AC[T>G]TA	-1	651094.0	16796884
JG0139d	1	16946165	U:TC[T>A]CT	1	149281.0	16946165
JG0139d	1	17889633	N:GC[T>A]TG	-1	943468.0	17889633
JG0139d	1	18038482	N:AC[T>G]AA	1	148849.0	18038482
JG0139d	1	18411609	N:AC[T>A]CA	-1	373127.0	18411609
JG0139d	1	18579315	N:GG[T>C]AA	1	167706.0	18579315
JG0139d	1	18692814	U:CC[T>A]CA	1	113499.0	18692814
JG0139d	1	18755993	N:TC[T>G]AC	-1	63179.0	18755993
JG0139d	1	19198056	U:TC[T>G]TT	-1	442063.0	19198056
JG0139d	1	19304990	T:TC[T>G]TT	1	106934.0	19304990
JG0139d	1	19484513	B:TG[T>G]GC	-1	179523.0	19484513
JG0139d	1	19789808	T:AC[T>C]TT	1	305295.0	19789808
JG0139d	1	19942199	N:TC[T>C]TG	1	152391.0	19942199
JG0139d	1	20278835	N:TC[T>G]TG	1	336636.0	20278835
JG0139d	1	20315962	T:TG[T>G]TC	-1	37127.0	20315962
JG0139d	1	20435136	N:GG[T>G]TG	1	119174.0	20435136
JG0139d	1	21051848	U:CC[T>C]CT	-1	616712.0	21051848
JG0139d	1	21276070	T:TG[T>G]CA	1	224222.0	21276070
JG0139d	1	21693328	T:AC[T>C]CT	1	417258.0	21693328
JG0139d	1	21877781	U:GC[T>C]CA	-1	184453.0	21877781
JG0139d	1	21900179	U:CC[T>G]AG	-1	22398.0	21900179
JG0139d	1	22063206	U:AC[T>A]CT	1	163027.0	22063206
JG0139d	1	22380458	N:GC[T>C]GT	-1	317252.0	22380458
JG0139d	1	22676794	N:TC[T>G]GT	-1	296336.0	22676794
JG0139d	1	22692920	N:CC[T>C]GG	-1	16126.0	22692920
JG0139d	1	22806552	T:CC[T>C]CA	-1	113632.0	22806552
JG0139d	1	23256499	N:AC[T>G]TG	1	449947.0	23256499
JG0139d	1	23468524	U:AC[T>C]GG	-1	212025.0	23468524
JG0139d	1	23485907	N:TC[T>G]CT	-1	17383.0	23485907
JG0139d	1	23515426	U:TC[T>G]CC	-1	29519.0	23515426
JG0139d	1	24107449	T:TC[T>G]TT	1	592023.0	24107449
JG0139d	1	25074472	N:CC[T>G]TC	-1	967023.0	25074472
JG0139d	1	25120384	N:GC[T>C]CC	-1	45912.0	25120384
JG0139d	1	25730790	U:CC[T>C]CC	1	610406.0	25730790
JG0139d	1	26833709	U:AC[T>G]TG	1	1102919.0	26833709
JG0139d	1	27155505	U:AC[T>C]GT	-1	321796.0	27155505
JG0139d	1	27657139	N:TC[T>G]CC	1	501634.0	27657139
JG0139d	1	27883821	U:TG[T>C]TT	1	226682.0	27883821
JG0139d	1	28083203	T:CC[T>C]TA	1	199382.0	28083203
JG0139d	1	28236865	U:TC[T>G]AC	1	153662.0	28236865
JG0139d	1	28469407	T:AG[C>G]TA	-1	232542.0	28469407
JG0139d	1	28528350	T:TC[T>A]CG	-1	58943.0	28528350
JG0139d	1	28754827	T:TC[T>G]TG	-1	226477.0	28754827
JG0139d	1	29130415	N:GC[T>C]CA	1	375588.0	29130415
JG0139d	1	29386642	N:CC[T>G]CA	1	256227.0	29386642
JG0139d	1	29437020	N:AA[T>G]CC	1	50378.0	29437020
JG0139d	1	30301248	N:GG[T>C]TG	-1	864228.0	30301248
JG0139d	1	30388036	N:TC[T>G]CC	-1	86788.0	30388036
JG0139d	1	30839014	N:TC[T>G]GC	-1	450978.0	30839014
JG0139d	1	31037637	T:GC[T>G]TG	1	198623.0	31037637
JG0139d	1	31422555	T:AC[T>A]GC	-1	384918.0	31422555
JG0139d	1	31428852	T:AC[T>G]TA	-1	6297.0	31428852
JG0139d	1	31858445	N:AC[T>C]CA	-1	429593.0	31858445
JG0139d	1	32022200	T:TG[T>G]TT	-1	163755.0	32022200
JG0139d	1	32091383	U:TG[T>G]TA	1	69183.0	32091383
JG0139d	1	32530529	N:TC[T>G]TT	-1	439146.0	32530529
JG0139d	1	32588644	T:TC[T>C]TT	-1	58115.0	32588644
JG0139d	1	32699106	T:TC[T>C]TT	1	110462.0	32699106
JG0139d	1	32946101	U:AG[T>G]TG	-1	246995.0	32946101
JG0139d	1	33358859	U:GC[T>G]GT	-1	412758.0	33358859
JG0139d	1	33547563	T:CC[T>G]TG	1	188704.0	33547563
JG0139d	1	34226640	N:AC[T>C]TC	-1	679077.0	34226640
JG0139d	1	34631382	N:TC[T>C]TG	-1	404742.0	34631382
JG0139d	1	35046165	U:AC[T>G]AC	1	414783.0	35046165
JG0139d	1	36004276	U:CC[T>C]AA	1	958111.0	36004276
JG0139d	1	36178950	T:TC[T>C]TC	-1	174674.0	36178950
JG0139d	1	36559995	N:TT[T>G]TG	-1	381045.0	36559995
JG0139d	1	36816993	T:TC[T>G]TC	1	256998.0	36816993
JG0139d	1	36892204	U:TC[T>C]CT	-1	75211.0	36892204
JG0139d	1	37114259	N:GG[T>G]TG	-1	222055.0	37114259
JG0139d	1	37145518	N:CC[T>C]TG	-1	31259.0	37145518
JG0139d	1	38081652	N:GC[T>G]CA	1	936134.0	38081652
JG0139d	1	38762134	N:TC[T>G]TT	1	680482.0	38762134
JG0139d	1	38841640	U:CC[T>C]GT	-1	79506.0	38841640
JG0139d	1	39024514	N:AT[T>G]TC	1	182874.0	39024514
JG0139d	1	39110721	T:CA[T>G]TT	-1	86207.0	39110721
JG0139d	1	39538944	N:TC[T>G]TC	-1	428223.0	39538944
JG0139d	1	39663816	U:AC[T>G]TT	-1	124872.0	39663816
JG0139d	1	40155925	N:GG[T>G]TG	1	492109.0	40155925
JG0139d	1	40579259	N:TC[T>G]TT	-1	423334.0	40579259
JG0139d	1	41620271	U:GC[T>G]TG	-1	1041012.0	41620271
JG0139d	1	42253008	U:TC[T>C]TT	-1	632737.0	42253008
JG0139d	1	42285692	U:CC[T>G]TT	-1	32684.0	42285692
JG0139d	1	42292889	T:GC[T>C]CA	1	7197.0	42292889
JG0139d	1	42514247	U:TC[T>G]TG	1	221358.0	42514247
JG0139d	1	42894120	N:GG[T>C]GG	-1	379873.0	42894120
JG0139d	1	43365828	U:TC[T>C]TC	-1	471708.0	43365828
JG0139d	1	43408773	U:CC[T>G]TT	1	42945.0	43408773
JG0139d	1	43586056	U:AG[T>G]TT	1	177283.0	43586056
JG0139d	1	44475661	U:AA[T>G]AA	1	889605.0	44475661
JG0139d	1	44518035	T:CC[T>G]CC	-1	42374.0	44518035
JG0139d	1	44878696	T:CC[T>C]CT	1	360661.0	44878696
JG0139d	1	44903537	T:GC[T>A]CA	1	24841.0	44903537
JG0139d	1	45151474	U:TC[T>G]TC	-1	247937.0	45151474
JG0139d	1	45631843	U:CC[T>G]CC	-1	480369.0	45631843
JG0139d	1	46112777	U:AC[T>G]TG	-1	480934.0	46112777
JG0139d	1	46289949	T:CC[T>A]TG	1	177172.0	46289949
JG0139d	1	46405442	T:CA[T>G]GC	-1	115493.0	46405442
JG0139d	1	46704012	U:TC[T>C]TG	-1	298570.0	46704012
JG0139d	1	46860897	N:TC[T>C]CT	-1	156885.0	46860897
JG0139d	1	47422298	N:TC[T>A]CA	-1	561401.0	47422298
JG0139d	1	48202451	N:TG[T>G]AA	-1	780153.0	48202451
JG0139d	1	48872000	U:GT[T>C]CT	-1	669549.0	48872000
JG0139d	1	49238943	T:TC[T>A]TT	1	366943.0	49238943
JG0139d	1	49253947	T:GC[T>C]TT	1	15004.0	49253947
JG0139d	1	49508526	U:AC[T>G]TT	-1	254579.0	49508526
JG0139d	1	49716398	T:GC[T>G]TT	1	207872.0	49716398
JG0139d	1	49822773	U:GC[T>G]TG	-1	106375.0	49822773
JG0139d	1	50027630	N:GG[T>C]CT	-1	204857.0	50027630
JG0139d	1	50406904	N:TG[T>G]TT	1	379274.0	50406904
JG0139d	1	50744680	T:AC[T>G]CA	1	337776.0	50744680
JG0139d	1	50752140	T:TT[T>G]TG	1	7460.0	50752140
JG0139d	1	51468056	T:GC[T>C]CA	1	715916.0	51468056
JG0139d	1	52099171	N:GC[T>G]GA	1	631115.0	52099171
JG0139d	1	52296550	U:AC[T>C]CT	1	197379.0	52296550
JG0139d	1	52430355	T:GC[T>C]CA	1	133805.0	52430355
JG0139d	1	52499016	U:GG[T>G]CC	-1	68661.0	52499016
JG0139d	1	53285331	U:GC[T>C]CA	-1	786315.0	53285331
JG0139d	1	53506371	U:TC[T>C]TC	-1	221040.0	53506371
JG0139d	1	53575946	T:TC[T>G]TG	1	69575.0	53575946
JG0139d	1	53587268	T:GC[T>G]TC	1	11322.0	53587268
JG0139d	1	53839131	N:TC[T>G]TC	1	251863.0	53839131
JG0139d	1	53981526	N:CT[T>G]TC	1	142395.0	53981526
JG0139d	1	54237514	T:TC[T>A]CC	1	255988.0	54237514
JG0139d	1	54268932	T:CT[C>A]TG	1	31418.0	54268932
JG0139d	1	54345029	T:TC[C>T]AA	1	76097.0	54345029
JG0139d	1	54458386	N:AC[T>C]GT	1	113357.0	54458386
JG0139d	1	54489660	N:AC[T>G]TT	1	31274.0	54489660
JG0139d	1	54498716	N:AC[T>G]CA	1	9056.0	54498716
JG0139d	1	55724017	N:AC[T>C]GG	-1	1225301.0	55724017
JG0139d	1	56534345	U:CC[T>G]TT	-1	810328.0	56534345
JG0139d	1	57092914	T:CT[T>G]TT	1	558569.0	57092914
JG0139d	1	57607710	N:TT[T>C]AT	1	514796.0	57607710
JG0139d	1	57860372	N:AC[T>G]GA	1	252662.0	57860372
JG0139d	1	58353365	N:CC[T>A]TA	1	492993.0	58353365
JG0139d	1	58416144	N:AC[T>A]GC	-1	62779.0	58416144
JG0139d	1	58689417	T:CC[T>G]TA	1	273273.0	58689417
JG0139d	1	59337334	U:CC[T>G]CA	1	647917.0	59337334
JG0139d	1	59406841	T:AT[T>G]TA	-1	69507.0	59406841
JG0139d	1	59599410	T:AC[T>C]TA	-1	192569.0	59599410
JG0139d	1	59628098	T:GG[T>G]TT	-1	28688.0	59628098
JG0139d	1	60931077	T:CC[T>A]CA	-1	1302979.0	60931077
JG0139d	1	61139174	U:TC[T>C]CA	1	208097.0	61139174
JG0139d	1	61281484	T:TC[T>C]CT	-1	142310.0	61281484
JG0139d	1	61734132	N:TT[T>G]TT	1	452648.0	61734132
JG0139d	1	61769684	T:TC[T>G]GT	-1	35552.0	61769684
JG0139d	1	62155813	U:AC[T>G]TT	1	386129.0	62155813
JG0139d	1	62195702	T:TC[T>C]CG	-1	39889.0	62195702
JG0139d	1	62740326	N:AC[T>G]TC	1	544624.0	62740326
JG0139d	1	62986319	N:GC[T>G]TG	1	245993.0	62986319
JG0139d	1	63757985	N:TA[T>G]TG	-1	771666.0	63757985
JG0139d	1	63827822	T:AC[T>A]TG	-1	69837.0	63827822
JG0139d	1	63935332	U:TG[C>T]AA	1	107510.0	63935332
JG0139d	1	63969515	U:AC[T>C]GT	1	34183.0	63969515
JG0139d	1	64001601	U:TC[T>G]TA	1	32086.0	64001601
JG0139d	1	64832935	T:TG[C>G]AG	-1	831334.0	64832935
JG0139d	1	65101751	N:GC[T>G]TG	-1	268816.0	65101751
JG0139d	1	65215488	T:AC[T>C]CA	-1	113737.0	65215488
JG0139d	1	65370489	U:CC[T>G]TT	1	155001.0	65370489
JG0139d	1	65458787	U:CT[T>G]TT	1	88298.0	65458787
JG0139d	1	65839535	U:TC[T>G]TG	1	380748.0	65839535
JG0139d	1	67028347	U:GA[T>A]CT	-1	1188812.0	67028347
JG0139d	1	67128172	T:CG[T>C]CT	1	99825.0	67128172
JG0139d	1	67176617	B:GT[C>A]AC	-1	48445.0	67176617
JG0139d	1	67685690	T:GC[T>A]CC	-1	509073.0	67685690
JG0139d	1	67918586	N:CC[T>G]TT	1	232896.0	67918586
JG0139d	1	67954548	N:AG[T>C]GT	-1	35962.0	67954548
JG0139d	1	68041654	N:CC[T>G]TG	1	87106.0	68041654
JG0139d	1	68206107	U:AC[T>G]TC	-1	164453.0	68206107
JG0139d	1	68697341	N:TC[T>G]TA	-1	491234.0	68697341
JG0139d	1	68933996	N:GC[T>G]GT	1	236655.0	68933996
JG0139d	1	69619505	T:CC[T>G]TG	-1	685509.0	69619505
JG0139d	1	69716245	U:GC[T>G]TA	1	96740.0	69716245
JG0139d	1	69731828	T:GC[T>G]TA	-1	15583.0	69731828
JG0139d	1	69760701	U:GT[T>C]TA	1	28873.0	69760701
JG0139d	1	70371499	T:GC[T>G]TG	-1	610798.0	70371499
JG0139d	1	70417075	U:AC[T>G]CC	1	45576.0	70417075
JG0139d	1	70481642	N:TC[T>C]CT	1	64567.0	70481642
JG0139d	1	70498707	N:AC[T>C]TC	1	17065.0	70498707
JG0139d	1	70599950	N:TC[T>C]CG	1	101243.0	70599950
JG0139d	1	70612756	N:CC[T>C]TT	-1	12806.0	70612756
JG0139d	1	70751257	N:GT[T>G]TT	1	138501.0	70751257
JG0139d	1	70905333	U:TC[T>G]TA	-1	154076.0	70905333
JG0139d	1	71349828	N:CC[T>G]TG	1	444495.0	71349828
JG0139d	1	71515014	U:AC[T>G]TC	-1	165186.0	71515014
JG0139d	1	71560932	T:GG[T>C]TT	1	45918.0	71560932
JG0139d	1	71850473	U:TC[T>G]TG	-1	289541.0	71850473
JG0139d	1	72217564	U:AC[T>G]TA	-1	367091.0	72217564
JG0139d	1	72460616	N:CC[T>C]TA	-1	243052.0	72460616
JG0139d	1	72510798	N:GA[T>G]TA	-1	50182.0	72510798
JG0139d	1	73031247	N:CC[T>C]CA	-1	520449.0	73031247
JG0139d	1	73824641	N:GA[T>G]TC	1	793394.0	73824641
JG0139d	1	73881539	N:GC[T>G]TT	-1	56898.0	73881539
JG0139d	1	74189786	T:CC[T>G]TC	1	308247.0	74189786
JG0139d	1	74630126	T:AT[T>G]TT	1	440340.0	74630126
JG0139d	1	75526126	T:AC[T>G]TC	1	896000.0	75526126
JG0139d	1	75548371	T:TC[T>G]TT	1	22245.0	75548371
JG0139d	1	75753960	U:GC[T>C]TT	1	205589.0	75753960
JG0139d	1	76127153	T:GT[T>C]TT	-1	373193.0	76127153
JG0139d	1	77289260	U:GG[T>G]TG	1	1162107.0	77289260
JG0139d	1	77625971	T:CC[T>C]GG	1	336711.0	77625971
JG0139d	1	77859302	U:TG[T>G]TT	1	233331.0	77859302
JG0139d	1	78432634	U:GC[T>C]TT	1	573332.0	78432634
JG0139d	1	78438858	U:TC[T>C]TC	1	6224.0	78438858
JG0139d	1	78446210	T:TC[T>A]TA	-1	7352.0	78446210
JG0139d	1	78551573	N:AA[T>G]TG	1	105363.0	78551573
JG0139d	1	78828433	N:TC[T>G]TT	-1	276860.0	78828433
JG0139d	1	79145332	N:CC[T>A]CC	-1	316899.0	79145332
JG0139d	1	79349906	N:AG[T>G]TC	1	204574.0	79349906
JG0139d	1	79769377	N:GA[T>G]TA	1	419471.0	79769377
JG0139d	1	79857681	N:TC[T>G]CA	-1	88304.0	79857681
JG0139d	1	80059934	N:CC[T>G]TG	-1	202253.0	80059934
JG0139d	1	80069703	N:TC[T>C]CT	-1	9769.0	80069703
JG0139d	1	80111978	N:GC[T>G]TG	1	42275.0	80111978
JG0139d	1	80650386	N:AC[T>G]TT	-1	538408.0	80650386
JG0139d	1	80715812	N:GC[T>G]TT	-1	65426.0	80715812
JG0139d	1	81260987	N:AC[T>G]TT	-1	545175.0	81260987
JG0139d	1	81332823	T:GC[T>G]TT	-1	71836.0	81332823
JG0139d	1	82222880	N:AG[T>G]TT	1	890057.0	82222880
JG0139d	1	83305258	N:AC[T>G]CA	-1	1082378.0	83305258
JG0139d	1	83431335	N:CC[T>G]TA	1	126077.0	83431335
JG0139d	1	85168451	U:TG[T>C]TC	-1	1737116.0	85168451
JG0139d	1	86006218	U:CC[T>C]CT	-1	837767.0	86006218
JG0139d	1	86076056	U:TC[T>C]TG	-1	69838.0	86076056
JG0139d	1	86471004	T:AC[T>G]CC	-1	394948.0	86471004
JG0139d	1	86844972	N:GC[T>C]GA	1	373968.0	86844972
JG0139d	1	87062431	T:AC[T>G]TC	-1	217459.0	87062431
JG0139d	1	87417004	N:TC[T>A]TT	-1	354573.0	87417004
JG0139d	1	87482908	N:TC[T>A]CA	1	65904.0	87482908
JG0139d	1	87772839	N:GT[T>C]TT	1	289931.0	87772839
JG0139d	1	88200622	N:CC[T>C]CA	-1	427783.0	88200622
JG0139d	1	88348542	N:CC[T>G]GT	-1	147920.0	88348542
JG0139d	1	88370995	N:TC[T>C]CG	1	22453.0	88370995
JG0139d	1	88743317	T:TG[T>A]TC	-1	372322.0	88743317
JG0139d	1	88822842	T:CA[C>A]TT	-1	79525.0	88822842
JG0139d	1	88846949	N:CC[T>C]TT	1	24107.0	88846949
JG0139d	1	89136834	U:TC[T>G]TG	-1	289885.0	89136834
JG0139d	1	89295918	N:TG[C>A]CA	-1	159084.0	89295918
JG0139d	1	89391480	N:GC[T>C]CT	1	95562.0	89391480
JG0139d	1	89483390	N:CC[T>A]CT	-1	91910.0	89483390
JG0139d	1	89579671	U:AT[T>G]TA	1	96281.0	89579671
JG0139d	1	89619915	N:GC[T>G]TA	-1	40244.0	89619915
JG0139d	1	89979390	N:GG[T>C]CT	1	359475.0	89979390
JG0139d	1	89994292	N:GC[T>G]TT	1	14902.0	89994292
JG0139d	1	90197830	N:CA[C>G]TT	-1	203538.0	90197830
JG0139d	1	90429632	N:CC[T>A]CC	1	231802.0	90429632
JG0139d	1	91098360	N:TC[T>A]CT	-1	668728.0	91098360
JG0139d	1	91192403	N:CC[T>G]TT	1	94043.0	91192403
JG0139d	1	91544507	N:AC[T>G]CT	1	352104.0	91544507
JG0139d	1	91620405	N:TC[T>G]TG	-1	75898.0	91620405
JG0139d	1	93199361	U:GC[T>G]CC	1	1578956.0	93199361
JG0139d	1	93418954	N:CA[T>G]TT	1	219593.0	93418954
JG0139d	1	94673353	N:CC[T>A]CC	-1	1254399.0	94673353
JG0139d	1	94836386	U:AG[T>G]TA	1	163033.0	94836386
JG0139d	1	94879412	T:GA[T>G]TA	-1	43026.0	94879412
JG0139d	1	95061151	U:GG[T>C]GT	-1	181739.0	95061151
JG0139d	1	95244396	T:TG[C>G]TT	-1	183245.0	95244396
JG0139d	1	95881188	N:AC[T>C]TT	1	636792.0	95881188
JG0139d	1	95957081	N:TC[T>G]TC	1	75893.0	95957081
JG0139d	1	96390464	N:GC[T>G]GC	1	433383.0	96390464
JG0139d	1	96900375	N:TC[T>G]CA	-1	509911.0	96900375
JG0139d	1	97108827	U:TG[T>C]GG	-1	208452.0	97108827
JG0139d	1	97286152	U:CC[T>A]TT	-1	177325.0	97286152
JG0139d	1	97407460	T:TC[T>G]TA	1	121308.0	97407460
JG0139d	1	97677166	U:AA[T>G]TA	-1	269706.0	97677166
JG0139d	1	97967906	N:GC[T>G]TA	1	290740.0	97967906
JG0139d	1	98160717	N:TA[T>G]TA	-1	192811.0	98160717
JG0139d	1	98423695	N:AC[T>C]TA	1	262978.0	98423695
JG0139d	1	98627127	N:AG[T>C]GT	1	203432.0	98627127
JG0139d	1	98835185	N:TC[T>G]TG	-1	208058.0	98835185
JG0139d	1	98943249	T:CC[T>G]GA	1	108064.0	98943249
JG0139d	1	99411358	N:TG[T>A]TC	1	468109.0	99411358
JG0139d	1	100111445	U:AG[T>G]TA	-1	700087.0	100111445
JG0139d	1	100329629	N:AG[C>A]CA	-1	218184.0	100329629
JG0139d	1	100337877	N:GA[C>A]TG	1	8248.0	100337877
JG0139d	1	100464520	T:TC[T>C]CA	-1	126643.0	100464520
JG0139d	1	101262344	N:AC[T>C]CT	1	797824.0	101262344
JG0139d	1	101470919	N:AC[T>C]GT	1	208575.0	101470919
JG0139d	1	101652954	N:AC[T>G]TC	1	182035.0	101652954
JG0139d	1	101776448	N:TC[T>G]TT	-1	123494.0	101776448
JG0139d	1	102418494	N:TA[T>G]TT	1	642046.0	102418494
JG0139d	1	102755818	N:CC[T>G]CT	1	337324.0	102755818
JG0139d	1	102766438	N:GG[T>G]TA	1	10620.0	102766438
JG0139d	1	102863004	N:TG[T>G]TC	-1	96566.0	102863004
JG0139d	1	103379940	N:AC[T>C]TC	-1	516936.0	103379940
JG0139d	1	103791417	N:AC[T>A]CT	1	411477.0	103791417
JG0139d	1	104096126	N:CC[T>G]TT	-1	304709.0	104096126
JG0139d	1	104633095	N:AC[T>C]CA	-1	536969.0	104633095
JG0139d	1	104921277	N:CC[T>C]TC	1	288182.0	104921277
JG0139d	1	105388308	N:AT[T>G]TG	1	467031.0	105388308
JG0139d	1	105650759	N:TA[T>G]TT	1	262451.0	105650759
JG0139d	1	105783497	N:AC[T>G]TT	-1	132738.0	105783497
JG0139d	1	105945963	N:AA[T>C]TA	1	162466.0	105945963
JG0139d	1	107573679	U:CC[T>C]CT	-1	1627716.0	107573679
JG0139d	1	108054907	N:AT[C>G]TC	1	481228.0	108054907
JG0139d	1	108253800	N:TT[T>C]TG	1	198893.0	108253800
JG0139d	1	108914350	B:AC[T>C]TG	-1	660550.0	108914350
JG0139d	1	109397825	U:CC[T>C]CC	-1	483475.0	109397825
JG0139d	1	109402827	T:CC[T>C]CT	1	5002.0	109402827
JG0139d	1	109496416	T:AA[T>C]TA	-1	93589.0	109496416
JG0139d	1	110174209	T:AC[T>G]TA	-1	677793.0	110174209
JG0139d	1	110476058	N:CG[T>G]TT	1	301849.0	110476058
JG0139d	1	110543832	N:AC[T>C]TT	-1	67774.0	110543832
JG0139d	1	110655841	N:AT[T>G]CT	-1	112009.0	110655841
JG0139d	1	110854612	N:CC[T>C]TT	1	198771.0	110854612
JG0139d	1	111439850	N:AC[T>G]TT	1	585238.0	111439850
JG0139d	1	111480687	N:TC[T>G]TT	1	40837.0	111480687
JG0139d	1	112565884	U:GG[T>C]GC	-1	1085197.0	112565884
JG0139d	1	112590055	U:CA[T>G]TT	-1	24171.0	112590055
JG0139d	1	113257670	N:TC[T>G]TT	1	667615.0	113257670
JG0139d	1	113411850	T:TC[T>A]TT	-1	154180.0	113411850
JG0139d	1	113465516	U:AG[T>A]TT	1	53666.0	113465516
JG0139d	1	113507957	U:TC[T>C]TT	1	42441.0	113507957
JG0139d	1	113544451	T:TC[T>C]TG	-1	36494.0	113544451
JG0139d	1	113992793	N:TG[T>G]TT	-1	448342.0	113992793
JG0139d	1	114127394	T:TC[T>G]TG	1	134601.0	114127394
JG0139d	1	114183716	N:CC[T>C]GA	1	56322.0	114183716
JG0139d	1	114547251	N:CC[T>C]TC	1	363535.0	114547251
JG0139d	1	114639241	T:CC[T>G]TT	1	91990.0	114639241
JG0139d	1	114776945	T:CC[T>G]TT	1	137704.0	114776945
JG0139d	1	114872528	U:TG[C>A]TT	1	95583.0	114872528
JG0139d	1	115873571	N:CC[T>G]GC	-1	1001043.0	115873571
JG0139d	1	116132419	U:TC[T>C]GC	1	258848.0	116132419
JG0139d	1	116413279	N:CC[T>C]TG	1	280860.0	116413279
JG0139d	1	116430941	N:TC[T>C]TG	-1	17662.0	116430941
JG0139d	1	116556428	T:TG[T>G]TT	1	125487.0	116556428
JG0139d	1	116988333	T:AC[T>C]CT	-1	431905.0	116988333
JG0139d	1	117369062	U:TG[T>G]TG	1	380729.0	117369062
JG0139d	1	117439366	U:GC[T>C]GC	1	70304.0	117439366
JG0139d	1	118272176	N:TC[T>A]CC	-1	832810.0	118272176
JG0139d	1	118743840	N:TC[T>G]TC	-1	471664.0	118743840
JG0139d	1	118785921	N:TC[T>G]CT	-1	42081.0	118785921
JG0139d	1	120252323	N:TC[T>G]TG	1	1466402.0	120252323
JG0139d	1	120457599	N:CC[T>A]CC	-1	205276.0	120457599
JG0139d	1	120575016	N:TG[T>C]TT	-1	117417.0	120575016
JG0139d	1	120951192	N:GC[T>C]TG	-1	376176.0	120951192
JG0139d	1	121113247	N:TC[T>A]CA	-1	162055.0	121113247
JG0139d	1	121672162	N:AG[T>G]TT	1	558915.0	121672162
JG0139d	1	121872468	N:GC[T>A]TT	-1	200306.0	121872468
JG0139d	1	122437676	N:AC[T>G]CA	-1	565208.0	122437676
JG0139d	1	122960704	N:TG[T>G]CT	-1	523028.0	122960704
JG0139d	1	123226137	N:TC[T>A]GT	-1	265433.0	123226137
JG0139d	1	123257399	N:GA[T>G]TC	-1	31262.0	123257399
JG0139d	1	123313260	N:AG[T>A]GG	-1	55861.0	123313260
JG0139d	1	123591265	N:GC[T>C]TT	1	278005.0	123591265
JG0139d	1	123718659	N:AC[T>A]CA	1	127394.0	123718659
JG0139d	1	123759681	N:TC[T>G]CC	-1	41022.0	123759681
JG0139d	1	123847280	N:AC[T>C]TC	1	87599.0	123847280
JG0139d	1	123967521	N:GC[T>A]TT	1	120241.0	123967521
JG0139d	1	124237455	N:AC[T>A]TA	-1	269934.0	124237455
JG0139d	1	124320261	N:TC[T>G]TC	1	82806.0	124320261
JG0139d	1	124471405	N:AC[T>G]TC	1	151144.0	124471405
JG0139d	1	124648843	N:TG[T>G]GA	-1	177438.0	124648843
JG0139d	1	124828327	N:TT[T>G]CC	-1	179484.0	124828327
JG0139d	1	125135987	N:TC[T>C]TG	-1	307660.0	125135987
JG0139d	1	143622628	N:TC[T>C]CC	1	18486641.0	143622628
JG0139d	1	143795587	N:GG[T>G]CT	-1	172959.0	143795587
JG0139d	1	144116297	N:AG[T>A]CA	-1	320710.0	144116297
JG0139d	1	144255974	N:CC[T>G]CC	1	139677.0	144255974
JG0139d	1	144576706	N:TC[T>G]TG	1	320732.0	144576706
JG0139d	1	144627449	N:TC[T>G]TC	1	50743.0	144627449
JG0139d	1	144836403	N:TT[T>G]TA	1	208954.0	144836403
JG0139d	1	145256811	N:TC[T>C]GC	1	420408.0	145256811
JG0139d	1	145542825	N:AC[T>C]TT	1	286014.0	145542825
JG0139d	1	147333306	N:TC[T>G]CA	-1	1790481.0	147333306
JG0139d	1	147708221	N:AC[T>C]AA	-1	374915.0	147708221
JG0139d	1	147725375	N:GC[T>G]TT	1	17154.0	147725375
JG0139d	1	147807647	N:CC[T>G]TC	1	82272.0	147807647
JG0139d	1	148186548	N:AG[T>C]CA	-1	378901.0	148186548
JG0139d	1	148460254	N:GG[C>G]CC	1	273706.0	148460254
JG0139d	1	148793590	N:TT[T>G]TG	-1	333336.0	148793590
JG0139d	1	149443927	T:AT[T>G]GC	-1	650337.0	149443927
JG0139d	1	149686630	N:TC[T>A]TG	1	242703.0	149686630
JG0139d	1	149991357	T:TC[T>A]TT	1	304727.0	149991357
JG0139d	1	150022931	N:CC[T>C]TA	-1	31574.0	150022931
JG0139d	1	150199849	N:AC[T>G]TC	1	176918.0	150199849
JG0139d	1	150460063	T:CC[T>A]CG	-1	260214.0	150460063
JG0139d	1	150783790	N:TC[T>G]TA	1	323727.0	150783790
JG0139d	1	151502245	N:GG[T>G]TA	-1	718455.0	151502245
JG0139d	1	151702284	N:CC[T>C]TG	-1	200039.0	151702284
JG0139d	1	151866452	N:AC[T>G]TG	-1	164168.0	151866452
JG0139d	1	151887428	T:TC[T>A]CA	1	20976.0	151887428
JG0139d	1	152593064	N:TT[T>G]CA	1	705636.0	152593064
JG0139d	1	152618373	N:AC[T>G]TT	-1	25309.0	152618373
JG0139d	1	152960654	N:AC[T>C]CC	-1	342281.0	152960654
JG0139d	1	153021469	N:TC[T>A]TA	1	60815.0	153021469
JG0139d	1	153027735	N:AT[T>A]GG	-1	6266.0	153027735
JG0139d	1	153042528	N:TC[T>C]CC	-1	14793.0	153042528
JG0139d	1	154183043	T:GC[T>C]CC	1	1140515.0	154183043
JG0139d	1	154677105	N:TC[T>G]TC	-1	494062.0	154677105
JG0139d	1	155350499	U:TC[T>A]CT	-1	673394.0	155350499
JG0139d	1	155511730	T:TC[T>G]CT	1	161231.0	155511730
JG0139d	1	156342507	B:CC[T>G]CT	1	830777.0	156342507
JG0139d	1	156646969	T:CC[T>C]CC	-1	304462.0	156646969
JG0139d	1	157696639	U:TC[T>G]TT	-1	1049670.0	157696639
JG0139d	1	158056180	U:TG[T>A]CA	1	359541.0	158056180
JG0139d	1	159611641	N:AC[T>G]TG	-1	1555461.0	159611641
JG0139d	1	159707786	N:AC[T>G]TT	1	96145.0	159707786
JG0139d	1	159878644	T:AC[T>G]CG	1	170858.0	159878644
JG0139d	1	160118288	U:GC[T>A]CT	1	239644.0	160118288
JG0139d	1	160540917	N:GC[T>G]TT	1	422629.0	160540917
JG0139d	1	160746491	T:TC[T>G]TA	-1	205574.0	160746491
JG0139d	1	160793972	N:AC[T>C]TA	1	47481.0	160793972
JG0139d	1	160867026	N:CC[T>A]TT	-1	73054.0	160867026
JG0139d	1	161318784	T:GC[T>G]GG	-1	451758.0	161318784
JG0139d	1	161649955	N:TC[T>C]TC	-1	331171.0	161649955
JG0139d	1	161666636	T:GG[T>C]CT	-1	16681.0	161666636
JG0139d	1	162008332	T:TC[T>G]CA	1	341696.0	162008332
JG0139d	1	162321616	T:TA[C>T]AT	-1	313284.0	162321616
JG0139d	1	162595465	U:AG[T>G]TG	1	273849.0	162595465
JG0139d	1	163713317	N:TG[T>C]GT	1	1117852.0	163713317
JG0139d	1	163732341	N:CC[T>C]CT	1	19024.0	163732341
JG0139d	1	163871691	N:TC[T>C]CT	-1	139350.0	163871691
JG0139d	1	164029552	N:CC[T>A]TG	-1	157861.0	164029552
JG0139d	1	164110422	N:GC[T>C]CA	-1	80870.0	164110422
JG0139d	1	164854797	N:GC[T>C]CT	1	744375.0	164854797
JG0139d	1	165201375	N:TC[T>G]TA	1	346578.0	165201375
JG0139d	1	165782934	T:AC[T>G]TC	1	581559.0	165782934
JG0139d	1	165908994	U:AC[T>G]TA	1	126060.0	165908994
JG0139d	1	165926086	N:CC[T>C]TA	1	17092.0	165926086
JG0139d	1	166182519	N:CC[T>G]TG	1	256433.0	166182519
JG0139d	1	166246700	N:TC[T>G]TT	1	64181.0	166246700
JG0139d	1	166478414	N:AC[T>A]TT	-1	231714.0	166478414
JG0139d	1	166690117	N:TC[T>G]TG	1	211703.0	166690117
JG0139d	1	166704151	N:AG[T>G]TA	-1	14034.0	166704151
JG0139d	1	166790397	N:GC[T>G]TC	1	86246.0	166790397
JG0139d	1	166867375	U:CC[T>C]CT	-1	76978.0	166867375
JG0139d	1	166970985	U:CC[T>C]GG	-1	103610.0	166970985
JG0139d	1	167418364	U:TT[C>A]TC	1	447379.0	167418364
JG0139d	1	167706972	N:TC[T>G]TT	-1	288608.0	167706972
JG0139d	1	168722125	U:TC[T>G]CA	-1	1015153.0	168722125
JG0139d	1	168919036	N:CC[T>G]TC	1	196911.0	168919036
JG0139d	1	168931053	N:GC[T>C]AC	1	12017.0	168931053
JG0139d	1	169953258	T:TT[T>G]TT	1	1022205.0	169953258
JG0139d	1	169971690	U:AA[T>G]CA	-1	18432.0	169971690
JG0139d	1	170186434	N:GA[T>G]TT	1	214744.0	170186434
JG0139d	1	170427413	N:TG[T>C]GG	-1	240979.0	170427413
JG0139d	1	170456269	N:GC[T>G]TG	1	28856.0	170456269
JG0139d	1	170843683	N:TC[T>A]TA	1	387414.0	170843683
JG0139d	1	171023042	T:AC[T>G]TG	-1	179359.0	171023042
JG0139d	1	171126395	N:AC[T>C]TA	-1	103353.0	171126395
JG0139d	1	172418834	N:TC[T>C]TC	-1	1292439.0	172418834
JG0139d	1	172446769	U:AC[T>G]TT	1	27935.0	172446769
JG0139d	1	172949106	N:AC[T>C]TC	-1	502337.0	172949106
JG0139d	1	173215949	N:GC[T>A]CC	-1	266843.0	173215949
JG0139d	1	173383119	N:GA[T>G]CT	-1	167170.0	173383119
JG0139d	1	173632052	U:AC[T>C]TT	-1	248933.0	173632052
JG0139d	1	173671252	N:GC[T>G]TG	1	39200.0	173671252
JG0139d	1	173962439	T:AC[T>C]TG	1	291187.0	173962439
JG0139d	1	173971877	U:TG[T>C]GA	-1	9438.0	173971877
JG0139d	1	174275607	T:CC[T>G]TG	-1	303730.0	174275607
JG0139d	1	174976295	T:AC[T>C]GC	-1	700688.0	174976295
JG0139d	1	175252856	N:TC[T>A]TC	1	276561.0	175252856
JG0139d	1	175445262	T:AC[T>A]CC	1	192406.0	175445262
JG0139d	1	175513553	U:TC[T>G]TC	-1	68291.0	175513553
JG0139d	1	175669893	T:TC[T>G]CT	1	156340.0	175669893
JG0139d	1	176131113	T:AA[T>G]TT	1	461220.0	176131113
JG0139d	1	176644107	T:GC[T>G]TG	-1	512994.0	176644107
JG0139d	1	176880080	U:CC[T>G]TC	-1	235973.0	176880080
JG0139d	1	176887680	T:GG[T>C]CT	1	7600.0	176887680
JG0139d	1	177293204	N:TG[C>T]TG	1	405524.0	177293204
JG0139d	1	177480420	N:AC[T>C]CC	1	187216.0	177480420
JG0139d	1	177726738	N:TC[T>G]TA	-1	246318.0	177726738
JG0139d	1	177779745	N:GG[T>G]TT	-1	53007.0	177779745
JG0139d	1	177816389	N:CT[T>G]TC	-1	36644.0	177816389
JG0139d	1	178500748	N:AA[T>G]TT	-1	684359.0	178500748
JG0139d	1	178604086	N:GT[T>A]CT	1	103338.0	178604086
JG0139d	1	178994464	N:AC[T>C]CC	1	390378.0	178994464
JG0139d	1	179602166	U:CA[T>G]TC	1	607702.0	179602166
JG0139d	1	180024560	T:CC[T>G]TT	-1	422394.0	180024560
JG0139d	1	180159417	U:TT[C>A]TC	1	134857.0	180159417
JG0139d	1	180220079	N:CC[T>G]CC	-1	60662.0	180220079
JG0139d	1	180394174	U:GG[T>C]TA	-1	174095.0	180394174
JG0139d	1	182523794	U:CC[T>G]TA	1	2129620.0	182523794
JG0139d	1	182962169	N:AC[T>G]TG	-1	438375.0	182962169
JG0139d	1	183194403	U:GC[T>G]TG	1	232234.0	183194403
JG0139d	1	183257610	T:TT[T>A]TA	1	63207.0	183257610
JG0139d	1	183390385	T:GC[T>C]GA	1	132775.0	183390385
JG0139d	1	183496116	T:TT[T>G]TC	-1	105731.0	183496116
JG0139d	1	183741056	T:CC[T>G]TT	-1	244940.0	183741056
JG0139d	1	183777203	T:AC[T>C]TA	-1	36147.0	183777203
JG0139d	1	184407852	T:AC[T>G]TT	-1	630649.0	184407852
JG0139d	1	185118738	U:TC[T>C]CT	-1	710886.0	185118738
JG0139d	1	185213546	T:AT[C>A]AC	-1	94808.0	185213546
JG0139d	1	185428494	N:AC[T>C]TA	-1	214948.0	185428494
JG0139d	1	185485665	N:GG[T>G]GT	1	57171.0	185485665
JG0139d	1	185555465	N:CA[T>A]TG	1	69800.0	185555465
JG0139d	1	185800875	U:AT[T>G]TA	1	245410.0	185800875
JG0139d	1	185910793	T:AG[T>C]TC	-1	109918.0	185910793
JG0139d	1	186366922	U:CC[T>G]TC	-1	456129.0	186366922
JG0139d	1	186662019	N:AC[T>G]TG	-1	295097.0	186662019
JG0139d	1	187283099	N:AC[T>G]TT	-1	621080.0	187283099
JG0139d	1	187650565	N:TC[T>G]TA	1	367466.0	187650565
JG0139d	1	187722509	N:TC[T>G]TC	-1	71944.0	187722509
JG0139d	1	187959069	N:TG[T>G]TA	-1	236560.0	187959069
JG0139d	1	188234024	N:TC[T>C]TT	-1	274955.0	188234024
JG0139d	1	188732126	N:CC[T>A]TC	1	498102.0	188732126
JG0139d	1	188949181	N:TC[T>G]TA	1	217055.0	188949181
JG0139d	1	188966055	N:GC[T>G]TT	1	16874.0	188966055
JG0139d	1	189209440	N:TC[T>G]GC	-1	243385.0	189209440
JG0139d	1	189835677	N:TC[T>G]TT	-1	626237.0	189835677
JG0139d	1	190185610	U:CC[T>G]TT	-1	349933.0	190185610
JG0139d	1	190661933	N:AC[T>G]TA	1	476323.0	190661933
JG0139d	1	190686172	N:AC[T>G]TA	1	24239.0	190686172
JG0139d	1	190723782	N:TT[T>G]TA	1	37610.0	190723782
JG0139d	1	190785226	N:TA[C>A]AG	1	61444.0	190785226
JG0139d	1	191548012	N:TC[T>C]TT	1	762786.0	191548012
JG0139d	1	192201485	N:TC[T>A]CC	1	653473.0	192201485
JG0139d	1	192503300	N:GC[T>G]TT	-1	301815.0	192503300
JG0139d	1	194022136	N:GC[T>G]TA	-1	1518836.0	194022136
JG0139d	1	194274733	N:GC[T>G]TT	-1	252597.0	194274733
JG0139d	1	194432470	N:AG[T>G]TA	-1	157737.0	194432470
JG0139d	1	194548873	N:AC[T>G]TA	-1	116403.0	194548873
JG0139d	1	194575392	N:TC[T>G]TC	-1	26519.0	194575392
JG0139d	1	194620603	N:TC[T>G]CC	-1	45211.0	194620603
JG0139d	1	195545549	N:AG[T>A]CT	-1	924946.0	195545549
JG0139d	1	195731588	N:TG[T>G]CA	1	186039.0	195731588
JG0139d	1	196040612	N:TA[T>G]TG	-1	309024.0	196040612
JG0139d	1	196058076	N:AC[T>G]TT	1	17464.0	196058076
JG0139d	1	196060409	N:TG[T>G]TT	-1	2333.0	196060409
JG0139d	1	196076523	N:TG[T>G]TC	-1	16114.0	196076523
JG0139d	1	196651493	N:GG[T>G]TT	-1	574970.0	196651493
JG0139d	1	196716111	U:AT[T>G]TC	1	64618.0	196716111
JG0139d	1	196808451	N:CC[T>A]TC	-1	92340.0	196808451
JG0139d	1	196816410	N:TC[T>C]CT	-1	7959.0	196816410
JG0139d	1	197105244	T:AC[T>G]TT	1	288834.0	197105244
JG0139d	1	197191719	T:TC[T>G]TG	1	86475.0	197191719
JG0139d	1	197678315	T:AC[C>A]AT	1	486596.0	197678315
JG0139d	1	197887727	N:TG[T>G]TT	1	209412.0	197887727
JG0139d	1	198667168	U:TC[T>G]TT	1	779441.0	198667168
JG0139d	1	198849719	N:AA[T>G]TA	1	182551.0	198849719
JG0139d	1	199245627	N:GC[T>G]TT	-1	395908.0	199245627
JG0139d	1	199291696	N:TC[T>C]CA	-1	46069.0	199291696
JG0139d	1	199748595	N:GC[T>G]TC	1	456899.0	199748595
JG0139d	1	200151439	T:TT[T>G]TT	-1	402844.0	200151439
JG0139d	1	200373713	N:CC[T>G]TT	1	222274.0	200373713
JG0139d	1	200384965	N:CC[T>A]TA	1	11252.0	200384965
JG0139d	1	200553726	T:AC[T>C]TT	1	168761.0	200553726
JG0139d	1	200733058	N:CC[T>C]TG	-1	179332.0	200733058
JG0139d	1	201012138	U:TG[T>C]TG	-1	279080.0	201012138
JG0139d	1	201196658	T:CC[T>A]CA	-1	184520.0	201196658
JG0139d	1	201583724	N:CC[T>G]GG	1	387066.0	201583724
JG0139d	1	202014464	U:TT[T>G]TC	1	430740.0	202014464
JG0139d	1	202108865	N:GC[T>G]CC	1	94401.0	202108865
JG0139d	1	202386369	U:TG[T>A]CA	1	277504.0	202386369
JG0139d	1	202829426	N:TC[T>G]TT	-1	443057.0	202829426
JG0139d	1	203129452	T:GG[C>A]AG	-1	300026.0	203129452
JG0139d	1	203376801	N:GC[T>G]TA	1	247349.0	203376801
JG0139d	1	203816999	T:GC[T>A]CC	-1	440198.0	203816999
JG0139d	1	203880603	N:CC[T>G]CT	-1	63604.0	203880603
JG0139d	1	204220160	T:TG[T>G]TA	1	339557.0	204220160
JG0139d	1	205955599	N:TC[T>G]TT	-1	1735439.0	205955599
JG0139d	1	206637710	U:TG[T>G]TC	1	682111.0	206637710
JG0139d	1	206710643	T:CC[T>G]TT	-1	72933.0	206710643
JG0139d	1	207204732	N:TA[T>G]TC	-1	494089.0	207204732
JG0139d	1	207320979	N:AC[T>G]TT	-1	116247.0	207320979
JG0139d	1	207649643	T:GG[T>G]TC	-1	328664.0	207649643
JG0139d	1	208158997	T:TC[T>G]GC	1	509354.0	208158997
JG0139d	1	208724169	N:TG[T>G]TT	-1	565172.0	208724169
JG0139d	1	208865075	N:AT[T>G]TT	1	140906.0	208865075
JG0139d	1	208879398	N:AG[T>G]TG	-1	14323.0	208879398
JG0139d	1	209214931	N:AC[T>G]GA	-1	335533.0	209214931
JG0139d	1	209309149	N:CC[T>G]GC	-1	94218.0	209309149
JG0139d	1	209695118	U:TC[T>G]CT	1	385969.0	209695118
JG0139d	1	210188969	N:GC[T>G]CG	-1	493851.0	210188969
JG0139d	1	210370665	T:AC[T>G]CC	-1	181696.0	210370665
JG0139d	1	210425023	U:AC[T>A]TT	1	54358.0	210425023
JG0139d	1	210569377	T:TT[T>C]TT	-1	144354.0	210569377
JG0139d	1	210630761	T:GC[T>G]CT	-1	61384.0	210630761
JG0139d	1	210743866	T:GC[T>C]AG	1	113105.0	210743866
JG0139d	1	210763193	T:CC[T>G]CA	1	19327.0	210763193
JG0139d	1	211481652	T:AC[T>C]TT	1	718459.0	211481652
JG0139d	1	211942278	U:AC[T>G]TA	-1	460626.0	211942278
JG0139d	1	212300792	U:AA[T>G]TT	1	358514.0	212300792
JG0139d	1	212541383	N:GC[T>C]CA	1	240591.0	212541383
JG0139d	1	213285838	N:GC[T>C]TT	-1	744455.0	213285838
JG0139d	1	213975307	N:TA[T>A]TT	-1	689469.0	213975307
JG0139d	1	214136949	N:AT[T>A]AT	-1	161642.0	214136949
JG0139d	1	214539812	U:CC[T>G]TC	-1	402863.0	214539812
JG0139d	1	215381176	N:TG[T>G]TC	-1	841364.0	215381176
JG0139d	1	215556725	N:TC[T>C]TG	1	175549.0	215556725
JG0139d	1	215801245	T:CC[T>G]TT	1	244520.0	215801245
JG0139d	1	216172005	T:GC[T>G]TT	1	370760.0	216172005
JG0139d	1	216426828	N:AC[T>G]TC	1	254823.0	216426828
JG0139d	1	216606390	T:TC[T>C]CA	1	179562.0	216606390
JG0139d	1	216809315	T:GC[T>A]TT	1	202925.0	216809315
JG0139d	1	217017212	T:GC[C>G]AT	1	207897.0	217017212
JG0139d	1	217407411	N:AA[T>A]AC	-1	390199.0	217407411
JG0139d	1	217459555	U:AC[T>G]CT	-1	52144.0	217459555
JG0139d	1	218079063	N:AC[T>C]CC	1	619508.0	218079063
JG0139d	1	218385168	U:TG[C>A]AA	1	306105.0	218385168
JG0139d	1	218429834	U:AG[T>G]CC	1	44666.0	218429834
JG0139d	1	218441266	T:TC[T>G]TG	-1	11432.0	218441266
JG0139d	1	218971401	N:GC[T>G]TC	-1	530135.0	218971401
JG0139d	1	219166399	N:TC[T>C]TA	1	194998.0	219166399
JG0139d	1	219692842	N:GC[T>C]TT	1	526443.0	219692842
JG0139d	1	219702298	N:AA[C>A]AT	1	9456.0	219702298
JG0139d	1	219708604	N:TA[T>G]TA	-1	6306.0	219708604
JG0139d	1	219895598	N:TG[T>G]CT	1	186994.0	219895598
JG0139d	1	220404787	N:TC[T>C]CT	1	509189.0	220404787
JG0139d	1	220507273	N:TC[T>G]GT	-1	102486.0	220507273
JG0139d	1	220921341	N:CC[T>G]TC	-1	414068.0	220921341
JG0139d	1	221023435	N:TG[T>C]TA	-1	102094.0	221023435
JG0139d	1	221157253	N:TC[T>G]TG	-1	133818.0	221157253
JG0139d	1	221189791	N:TC[T>A]TT	-1	32538.0	221189791
JG0139d	1	221567616	N:AC[T>C]CT	1	377825.0	221567616
JG0139d	1	221862847	N:CC[T>C]CC	1	295231.0	221862847
JG0139d	1	222017030	N:CA[T>G]TC	-1	154183.0	222017030
JG0139d	1	222499176	N:TC[T>G]GC	-1	482146.0	222499176
JG0139d	1	222916001	N:TC[T>G]TA	-1	416825.0	222916001
JG0139d	1	224329658	T:AG[T>G]TC	1	1413657.0	224329658
JG0139d	1	224496841	N:AC[T>C]TA	1	167183.0	224496841
JG0139d	1	224741958	N:TC[T>G]TC	1	245117.0	224741958
JG0139d	1	225094235	T:CC[T>G]TG	-1	352277.0	225094235
JG0139d	1	225186735	U:GC[T>C]GA	1	92500.0	225186735
JG0139d	1	225536571	U:TC[T>G]TG	-1	349836.0	225536571
JG0139d	1	226422223	N:GT[T>G]TT	1	885652.0	226422223
JG0139d	1	226687570	T:GC[T>C]CA	1	265347.0	226687570
JG0139d	1	227044437	T:TT[T>G]TA	1	356867.0	227044437
JG0139d	1	227172269	T:TG[T>C]CA	1	127832.0	227172269
JG0139d	1	227318944	N:TG[T>G]TA	1	146675.0	227318944
JG0139d	1	227659904	U:TC[T>G]CA	1	340960.0	227659904
JG0139d	1	228219057	T:CC[T>A]TC	-1	559153.0	228219057
JG0139d	1	228406473	T:AG[T>C]CG	1	187416.0	228406473
JG0139d	1	228736684	T:GC[T>G]TT	-1	330211.0	228736684
JG0139d	1	229117490	N:CC[T>C]CC	1	380806.0	229117490
JG0139d	1	229172209	N:CC[T>A]TG	1	54719.0	229172209
JG0139d	1	229456417	U:TC[T>C]AC	-1	284208.0	229456417
JG0139d	1	229844432	N:CC[T>G]TC	-1	388015.0	229844432
JG0139d	1	230118043	U:TT[T>G]TA	1	273611.0	230118043
JG0139d	1	230410204	U:TC[T>G]TC	-1	292161.0	230410204
JG0139d	1	230589399	N:CT[T>G]TT	1	179195.0	230589399
JG0139d	1	230767083	T:TC[T>C]TC	-1	177684.0	230767083
JG0139d	1	231117359	N:GC[T>G]TG	1	350276.0	231117359
JG0139d	1	231210706	U:CC[T>C]TG	1	93347.0	231210706
JG0139d	1	231605573	N:GG[T>C]TT	1	394867.0	231605573
JG0139d	1	231711618	U:CC[T>G]TG	1	106045.0	231711618
JG0139d	1	231781486	T:TC[T>G]TT	-1	69868.0	231781486
JG0139d	1	231822616	U:GC[T>G]TG	1	41130.0	231822616
JG0139d	1	231956275	U:TC[T>G]TG	1	133659.0	231956275
JG0139d	1	231968566	U:CC[T>C]GG	1	12291.0	231968566
JG0139d	1	232030271	U:GG[T>C]CT	1	61705.0	232030271
JG0139d	1	232744597	N:AG[T>A]TT	-1	714326.0	232744597
JG0139d	1	232960279	T:CC[T>A]CC	-1	215682.0	232960279
JG0139d	1	232985014	U:CC[T>C]CA	-1	24735.0	232985014
JG0139d	1	233069299	U:CC[T>G]TC	-1	84285.0	233069299
JG0139d	1	233371229	U:TA[T>G]TG	1	301930.0	233371229
JG0139d	1	233765119	N:GG[T>G]TG	1	393890.0	233765119
JG0139d	1	234060588	T:TC[T>G]GT	-1	295469.0	234060588
JG0139d	1	234118796	U:AC[T>G]CT	1	58208.0	234118796
JG0139d	1	234127005	T:CA[T>G]CA	-1	8209.0	234127005
JG0139d	1	234358819	N:AG[T>A]TT	-1	231814.0	234358819
JG0139d	1	234391749	U:CC[T>G]CA	-1	32930.0	234391749
JG0139d	1	234407167	T:TC[T>C]TA	1	15418.0	234407167
JG0139d	1	234409836	U:TC[T>C]AT	-1	2669.0	234409836
JG0139d	1	234682963	N:TT[C>T]TC	-1	273127.0	234682963
JG0139d	1	234798845	N:TC[T>G]TT	-1	115882.0	234798845
JG0139d	1	234908752	N:CC[T>A]TC	1	109907.0	234908752
JG0139d	1	235911014	N:TG[T>G]TA	-1	1002262.0	235911014
JG0139d	1	235970931	N:AC[T>G]TT	-1	59917.0	235970931
JG0139d	1	236117166	N:AC[T>G]CC	1	146235.0	236117166
JG0139d	1	236295192	N:GA[T>G]CT	-1	178026.0	236295192
JG0139d	1	236415774	U:AG[T>G]TG	1	120582.0	236415774
JG0139d	1	236518088	T:CT[T>A]AC	-1	102314.0	236518088
JG0139d	1	236757908	T:AC[T>G]TT	-1	239820.0	236757908
JG0139d	1	237036236	N:AC[T>A]TG	1	278328.0	237036236
JG0139d	1	237362811	U:TC[T>G]TC	1	326575.0	237362811
JG0139d	1	237751083	U:AC[T>A]TC	1	388272.0	237751083
JG0139d	1	237971703	N:TC[T>A]CA	1	220620.0	237971703
JG0139d	1	238063173	N:TC[T>G]TC	1	91470.0	238063173
JG0139d	1	238502073	N:CC[T>G]TT	1	438900.0	238502073
JG0139d	1	238827134	N:AC[T>C]TA	1	325061.0	238827134
JG0139d	1	239757628	U:TC[T>A]CA	1	930494.0	239757628
JG0139d	1	239891243	T:CC[T>G]CC	-1	133615.0	239891243
JG0139d	1	240136850	T:GC[T>G]CC	-1	245607.0	240136850
JG0139d	1	240979422	T:AC[T>C]CC	1	842572.0	240979422
JG0139d	1	241270014	U:GC[T>C]CC	-1	290592.0	241270014
JG0139d	1	241367096	N:AC[T>C]TC	-1	97082.0	241367096
JG0139d	1	241933970	N:TC[T>A]TC	1	566874.0	241933970
JG0139d	1	242574179	N:AC[T>G]TG	-1	640209.0	242574179
JG0139d	1	243194591	U:TC[T>C]TT	-1	620412.0	243194591
JG0139d	1	243319327	U:TC[T>A]CT	1	124736.0	243319327
JG0139d	1	243390802	T:GC[T>C]TT	-1	71475.0	243390802
JG0139d	1	243537030	T:TC[T>A]TC	1	146228.0	243537030
JG0139d	1	243580806	T:TC[T>A]CT	1	43776.0	243580806
JG0139d	1	244226970	N:GC[T>G]CA	-1	646164.0	244226970
JG0139d	1	244263276	N:TC[T>A]CA	-1	36306.0	244263276
JG0139d	1	245170421	U:GC[T>G]TA	1	907145.0	245170421
JG0139d	1	245240692	T:AC[T>A]TC	-1	70271.0	245240692
JG0139d	1	245361301	U:AC[T>G]TA	1	120609.0	245361301
JG0139d	1	245459693	U:GG[T>G]CA	1	98392.0	245459693
JG0139d	1	245477475	U:TG[T>C]GG	1	17782.0	245477475
JG0139d	1	246352861	U:AG[T>C]TT	-1	875386.0	246352861
JG0139d	1	246534854	N:TC[T>G]GT	1	181993.0	246534854
JG0139d	1	246932134	N:GC[T>G]TC	-1	397280.0	246932134
JG0139d	1	247355005	N:TC[T>A]TT	-1	422871.0	247355005
JG0139d	1	247381756	N:AG[T>C]CA	1	26751.0	247381756
JG0139d	1	247423467	T:CC[T>C]TT	-1	41711.0	247423467
JG0139d	1	247692213	N:GC[T>G]TC	1	268746.0	247692213
JG0139d	1	248408847	N:AC[T>C]GT	1	716634.0	248408847
JG0139d	1	248457831	N:GC[T>G]TG	-1	48984.0	248457831
JG0139d	1	248721248	N:AC[T>C]CC	-1	263417.0	248721248
JG0139d	1	248876667	N:AA[T>A]TA	-1	155419.0	248876667
JG0139d	2	21039	N:AC[T>G]TC	1		248977461
JG0139d	2	640358	N:TG[T>C]TG	1	619319.0	249596780
JG0139d	2	1899453	U:AC[T>C]CC	-1	1259095.0	250855875
JG0139d	2	2004027	T:TC[T>G]TT	1	104574.0	250960449
JG0139d	2	2432185	N:AG[T>G]CA	1	428158.0	251388607
JG0139d	2	2684438	N:CT[C>G]AG	1	252253.0	251640860
JG0139d	2	2739989	N:GC[T>C]CC	-1	55551.0	251696411
JG0139d	2	3262747	T:TC[T>G]TT	1	522758.0	252219169
JG0139d	2	3283986	U:CC[T>A]TT	-1	21239.0	252240408
JG0139d	2	3396450	U:GC[T>C]CG	1	112464.0	252352872
JG0139d	2	3608204	T:GC[T>C]TC	-1	211754.0	252564626
JG0139d	2	4156096	N:CC[T>C]TA	-1	547892.0	253112518
JG0139d	2	4391572	N:TC[T>C]GC	1	235476.0	253347994
JG0139d	2	4748621	N:AC[T>G]TG	1	357049.0	253705043
JG0139d	2	4927414	N:AC[T>A]CT	-1	178793.0	253883836
JG0139d	2	5278381	N:AT[T>G]TA	1	350967.0	254234803
JG0139d	2	5574478	N:TG[T>G]TT	1	296097.0	254530900
JG0139d	2	5805783	N:CC[T>G]TG	1	231305.0	254762205
JG0139d	2	6249128	N:AC[T>C]TT	1	443345.0	255205550
JG0139d	2	6452815	N:CC[T>G]TC	-1	203687.0	255409237
JG0139d	2	6677395	N:GC[T>C]TA	1	224580.0	255633817
JG0139d	2	7810886	N:AC[T>G]TG	-1	1133491.0	256767308
JG0139d	2	9797344	N:CA[C>A]AC	-1	1986458.0	258753766
JG0139d	2	11225361	T:TG[T>C]CT	1	1428017.0	260181783
JG0139d	2	11439118	N:TC[T>C]CT	-1	213757.0	260395540
JG0139d	2	11769650	U:TG[T>C]GC	1	330532.0	260726072
JG0139d	2	12934984	N:AC[T>A]TA	-1	1165334.0	261891406
JG0139d	2	13363918	N:GT[T>G]CA	1	428934.0	262320340
JG0139d	2	13712519	N:AA[T>G]TT	1	348601.0	262668941
JG0139d	2	14389084	N:GG[T>C]GG	1	676565.0	263345506
JG0139d	2	14681317	N:AC[T>A]TA	-1	292233.0	263637739
JG0139d	2	17117622	N:TC[T>A]TT	-1	2436305.0	266074044
JG0139d	2	18482843	N:TC[T>G]TC	-1	1365221.0	267439265
JG0139d	2	18834981	N:TT[C>A]TG	1	352138.0	267791403
JG0139d	2	21493203	N:TT[C>G]TC	-1	2658222.0	270449625
JG0139d	2	21591584	N:GC[T>G]TT	-1	98381.0	270548006
JG0139d	2	22110559	N:TC[T>G]TG	1	518975.0	271066981
JG0139d	2	22113204	N:TG[T>C]CA	1	2645.0	271069626
JG0139d	2	22519121	N:TG[T>C]CT	-1	405917.0	271475543
JG0139d	2	22578062	N:GA[T>G]TT	1	58941.0	271534484
JG0139d	2	22648914	N:AT[C>G]AC	1	70852.0	271605336
JG0139d	2	22725404	N:AG[T>C]CA	1	76490.0	271681826
JG0139d	2	24237303	U:GC[T>C]CT	-1	1511899.0	273193725
JG0139d	2	24305363	U:TC[T>A]CC	-1	68060.0	273261785
JG0139d	2	24740712	U:TC[T>C]TA	1	435349.0	273697134
JG0139d	2	26800454	N:CC[T>C]CG	1	2059742.0	275756876
JG0139d	2	26847459	N:TC[T>C]CA	1	47005.0	275803881
JG0139d	2	27187926	N:AC[T>G]TT	1	340467.0	276144348
JG0139d	2	27660748	U:AC[T>C]AG	-1	472822.0	276617170
JG0139d	2	27828337	U:CC[T>A]TT	-1	167589.0	276784759
JG0139d	2	28286685	T:GC[T>G]TA	-1	458348.0	277243107
JG0139d	2	28817016	U:GG[C>T]GC	1	530331.0	277773438
JG0139d	2	29815129	U:AG[T>G]TT	-1	998113.0	278771551
JG0139d	2	29847210	T:TC[T>C]TC	1	32081.0	278803632
JG0139d	2	30286089	U:GC[T>G]TC	1	438879.0	279242511
JG0139d	2	30515372	U:AC[T>G]TG	1	229283.0	279471794
JG0139d	2	31197834	U:GC[T>C]CC	-1	682462.0	280154256
JG0139d	2	31373302	U:AA[T>C]TT	-1	175468.0	280329724
JG0139d	2	31509243	N:GA[T>C]TT	1	135941.0	280465665
JG0139d	2	33955194	N:CC[T>G]TT	-1	2445951.0	282911616
JG0139d	2	34154524	N:TG[T>A]CA	1	199330.0	283110946
JG0139d	2	34613155	N:TG[T>C]TT	1	458631.0	283569577
JG0139d	2	35055223	N:TC[T>C]CT	1	442068.0	284011645
JG0139d	2	35435825	N:AC[T>C]GT	1	380602.0	284392247
JG0139d	2	35456992	N:CC[T>A]TA	-1	21167.0	284413414
JG0139d	2	36467596	T:AC[T>C]GT	-1	1010604.0	285424018
JG0139d	2	36695328	N:AC[T>C]TC	-1	227732.0	285651750
JG0139d	2	37383611	N:GC[T>G]TA	-1	688283.0	286340033
JG0139d	2	37975034	U:TC[T>G]TA	1	591423.0	286931456
JG0139d	2	38718501	T:AC[T>G]TG	-1	743467.0	287674923
JG0139d	2	39630353	N:TC[T>C]TT	1	911852.0	288586775
JG0139d	2	39966742	N:TC[T>G]CT	1	336389.0	288923164
JG0139d	2	39987714	N:CC[T>C]TC	1	20972.0	288944136
JG0139d	2	40917284	N:AC[T>G]TG	1	929570.0	289873706
JG0139d	2	40971288	N:TC[T>C]CT	1	54004.0	289927710
JG0139d	2	41028003	N:AT[C>T]CA	-1	56715.0	289984425
JG0139d	2	41495517	N:TC[T>G]TA	1	467514.0	290451939
JG0139d	2	42264717	U:TG[T>G]CA	1	769200.0	291221139
JG0139d	2	42445243	T:AC[T>C]CT	1	180526.0	291401665
JG0139d	2	42900594	N:CC[T>C]TC	-1	455351.0	291857016
JG0139d	2	43121394	N:AG[T>C]TG	1	220800.0	292077816
JG0139d	2	43725214	U:AC[T>G]GT	1	603820.0	292681636
JG0139d	2	43982276	T:GC[T>C]TC	1	257062.0	292938698
JG0139d	2	44399656	U:AC[T>A]CT	1	417380.0	293356078
JG0139d	2	44919562	N:CC[T>C]TG	1	519906.0	293875984
JG0139d	2	45064957	N:TC[T>G]CT	1	145395.0	294021379
JG0139d	2	45928394	T:AC[T>C]CG	-1	863437.0	294884816
JG0139d	2	47173805	U:TC[C>A]TG	-1	1245411.0	296130227
JG0139d	2	47295317	N:AC[T>G]TT	-1	121512.0	296251739
JG0139d	2	47465254	U:AC[T>G]GG	1	169937.0	296421676
JG0139d	2	48593730	T:TG[T>C]CA	-1	1128476.0	297550152
JG0139d	2	48805312	N:GG[C>G]TC	1	211582.0	297761734
JG0139d	2	49272861	N:TC[T>G]TC	-1	467549.0	298229283
JG0139d	2	50919837	T:CC[T>G]TT	1	1646976.0	299876259
JG0139d	2	51393089	N:AC[T>A]TC	1	473252.0	300349511
JG0139d	2	52630440	N:CC[T>C]TT	1	1237351.0	301586862
JG0139d	2	54511853	T:TC[T>C]GT	-1	1881413.0	303468275
JG0139d	2	54690313	N:TG[T>C]TG	-1	178460.0	303646735
JG0139d	2	54807467	T:AC[T>C]TA	-1	117154.0	303763889
JG0139d	2	55251642	U:TC[T>G]CA	-1	444175.0	304208064
JG0139d	2	55528494	T:AT[T>G]TG	-1	276852.0	304484916
JG0139d	2	55732197	N:AC[T>C]TG	-1	203703.0	304688619
JG0139d	2	57144226	N:TC[T>C]TG	-1	1412029.0	306100648
JG0139d	2	57768338	N:AC[T>A]TG	-1	624112.0	306724760
JG0139d	2	60520425	U:CC[T>C]CA	-1	2752087.0	309476847
JG0139d	2	60548935	U:AA[T>C]TT	-1	28510.0	309505357
JG0139d	2	60893276	T:CC[T>A]TT	-1	344341.0	309849698
JG0139d	2	61443198	U:CC[T>C]CC	-1	549922.0	310399620
JG0139d	2	61609269	N:CC[T>G]CA	-1	166071.0	310565691
JG0139d	2	62881913	T:AG[T>G]TA	-1	1272644.0	311838335
JG0139d	2	63243766	T:AC[T>G]TC	1	361853.0	312200188
JG0139d	2	63593702	T:AA[T>G]TC	-1	349936.0	312550124
JG0139d	2	63996123	U:CC[T>C]TT	-1	402421.0	312952545
JG0139d	2	66548395	U:AG[T>A]CA	1	2552272.0	315504817
JG0139d	2	67611004	N:AC[T>G]TC	-1	1062609.0	316567426
JG0139d	2	68368654	T:CC[T>A]TC	-1	757650.0	317325076
JG0139d	2	68623604	N:GC[T>G]TC	1	254950.0	317580026
JG0139d	2	69197871	U:AC[T>G]TA	1	574267.0	318154293
JG0139d	2	70560723	N:GC[T>G]TG	-1	1362852.0	319517145
JG0139d	2	71466285	T:TC[T>C]TC	-1	905562.0	320422707
JG0139d	2	72539173	T:GC[T>G]TG	1	1072888.0	321495595
JG0139d	2	72596623	U:CC[T>C]TC	-1	57450.0	321553045
JG0139d	2	73872145	U:GG[T>A]CA	1	1275522.0	322828567
JG0139d	2	74079823	T:AC[T>C]GA	-1	207678.0	323036245
JG0139d	2	74139708	U:TC[T>G]TA	-1	59885.0	323096130
JG0139d	2	74532166	U:AC[T>G]TG	1	392458.0	323488588
JG0139d	2	76336114	N:AC[T>G]TT	1	1803948.0	325292536
JG0139d	2	76401642	N:TC[T>G]TT	-1	65528.0	325358064
JG0139d	2	76557116	N:AC[T>C]TG	-1	155474.0	325513538
JG0139d	2	77583947	U:AC[T>C]TG	-1	1026831.0	326540369
JG0139d	2	78045700	N:TC[T>C]GC	-1	461753.0	327002122
JG0139d	2	78808760	N:CC[T>G]TT	-1	763060.0	327765182
JG0139d	2	80240604	U:CC[T>G]TC	1	1431844.0	329197026
JG0139d	2	80467124	T:GA[C>T]TT	-1	226520.0	329423546
JG0139d	2	81328572	N:AC[T>G]TC	1	861448.0	330284994
JG0139d	2	82502799	N:AG[T>G]TA	-1	1174227.0	331459221
JG0139d	2	83066958	N:TC[T>A]TT	-1	564159.0	332023380
JG0139d	2	83147144	N:TC[T>G]TA	-1	80186.0	332103566
JG0139d	2	83634329	N:GC[T>C]TA	1	487185.0	332590751
JG0139d	2	84122038	N:AT[T>C]TG	1	487709.0	333078460
JG0139d	2	85919882	N:CG[T>G]TG	1	1797844.0	334876304
JG0139d	2	85936273	N:TC[T>C]TT	1	16391.0	334892695
JG0139d	2	86659580	T:TC[T>G]TC	1	723307.0	335616002
JG0139d	2	87006966	B:TC[T>A]TC	1	347386.0	335963388
JG0139d	2	87085324	N:TC[T>G]GA	1	78358.0	336041746
JG0139d	2	87437798	N:AC[T>G]TC	-1	352474.0	336394220
JG0139d	2	89305433	N:CA[C>A]CT	-1	1867635.0	338261855
JG0139d	2	89546342	N:TC[T>G]TG	-1	240909.0	338502764
JG0139d	2	89760454	N:CC[T>C]TA	1	214112.0	338716876
JG0139d	2	90175493	N:AC[T>G]TT	-1	415039.0	339131915
JG0139d	2	90298879	N:TC[T>C]CT	-1	123386.0	339255301
JG0139d	2	90306123	N:CC[T>G]TT	1	7244.0	339262545
JG0139d	2	91723058	N:CC[T>G]TC	1	1416935.0	340679480
JG0139d	2	91871201	N:CC[T>C]CC	-1	148143.0	340827623
JG0139d	2	92822011	N:GC[T>C]TC	-1	950810.0	341778433
JG0139d	2	92904493	N:CC[T>G]TT	1	82482.0	341860915
JG0139d	2	92962077	N:TC[T>A]TT	1	57584.0	341918499
JG0139d	2	93042034	N:AC[T>C]GT	-1	79957.0	341998456
JG0139d	2	93099546	N:GC[T>G]TC	-1	57512.0	342055968
JG0139d	2	93127271	N:GC[T>C]CT	-1	27725.0	342083693
JG0139d	2	93525469	N:GC[T>C]TC	-1	398198.0	342481891
JG0139d	2	93694836	N:AC[T>G]TG	-1	169367.0	342651258
JG0139d	2	93726333	N:CC[T>G]TT	-1	31497.0	342682755
JG0139d	2	94769459	N:GC[T>G]TC	1	1043126.0	343725881
JG0139d	2	95527730	N:AC[T>G]TC	1	758271.0	344484152
JG0139d	2	95606917	N:TG[T>G]TA	1	79187.0	344563339
JG0139d	2	95767175	N:CC[T>C]TT	1	160258.0	344723597
JG0139d	2	96212084	N:AC[T>C]CC	1	444909.0	345168506
JG0139d	2	97036604	N:CC[T>C]CA	1	824520.0	345993026
JG0139d	2	97621484	N:CA[C>T]AC	-1	584880.0	346577906
JG0139d	2	97779929	U:CC[T>C]CC	-1	158445.0	346736351
JG0139d	2	98689155	T:TC[T>A]TT	1	909226.0	347645577
JG0139d	2	100622756	N:GC[T>G]TC	1	1933601.0	349579178
JG0139d	2	100650397	N:CC[T>C]TC	1	27641.0	349606819
JG0139d	2	101199175	N:CC[T>C]AG	1	548778.0	350155597
JG0139d	2	101723414	T:TC[T>C]TA	-1	524239.0	350679836
JG0139d	2	101833236	U:CC[T>G]TG	1	109822.0	350789658
JG0139d	2	101988870	N:CC[T>G]TT	1	155634.0	350945292
JG0139d	2	102792641	T:TG[T>G]TG	-1	803771.0	351749063
JG0139d	2	103326687	N:AG[T>C]AT	-1	534046.0	352283109
JG0139d	2	103621578	N:CC[T>C]TC	-1	294891.0	352578000
JG0139d	2	105798952	T:CC[T>C]CT	-1	2177374.0	354755374
JG0139d	2	106177487	U:GC[T>C]TG	-1	378535.0	355133909
JG0139d	2	106349088	N:TC[T>G]TC	1	171601.0	355305510
JG0139d	2	108061475	N:TG[T>C]CA	1	1712387.0	357017897
JG0139d	2	109512854	N:GC[T>C]CC	-1	1451379.0	358469276
JG0139d	2	109937551	N:TC[T>C]TG	1	424697.0	358893973
JG0139d	2	110561605	T:AC[T>G]TG	1	624054.0	359518027
JG0139d	2	110710994	N:AC[T>G]TT	1	149389.0	359667416
JG0139d	2	111344965	N:TG[T>G]TT	-1	633971.0	360301387
JG0139d	2	111619210	N:CC[T>C]TC	1	274245.0	360575632
JG0139d	2	113273794	T:TC[T>C]TT	1	1654584.0	362230216
JG0139d	2	116036785	N:TC[T>G]TC	-1	2762991.0	364993207
JG0139d	2	116127080	N:AA[T>G]CT	1	90295.0	365083502
JG0139d	2	116400468	N:CT[T>C]TG	-1	273388.0	365356890
JG0139d	2	116562372	N:CC[T>A]TT	1	161904.0	365518794
JG0139d	2	116861978	N:GG[T>A]TA	-1	299606.0	365818400
JG0139d	2	117819696	T:AC[T>G]TT	-1	957718.0	366776118
JG0139d	2	117966222	U:AG[T>G]TG	-1	146526.0	366922644
JG0139d	2	118105391	U:CC[T>G]TA	1	139169.0	367061813
JG0139d	2	118581792	N:AC[T>G]TT	1	476401.0	367538214
JG0139d	2	118938637	N:TG[T>A]TT	1	356845.0	367895059
JG0139d	2	121722148	N:TC[T>G]TT	-1	2783511.0	370678570
JG0139d	2	121728483	T:CC[T>C]TT	1	6335.0	370684905
JG0139d	2	122112590	N:TC[T>G]TT	1	384107.0	371069012
JG0139d	2	122276120	N:TC[T>A]CT	-1	163530.0	371232542
JG0139d	2	124050522	T:TC[T>C]TT	-1	1774402.0	373006944
JG0139d	2	127267517	T:TC[T>A]TG	1	3216995.0	376223939
JG0139d	2	128132568	T:TT[T>A]TT	-1	865051.0	377088990
JG0139d	2	128554609	N:CC[T>C]CA	-1	422041.0	377511031
JG0139d	2	128558250	N:TG[T>G]TA	1	3641.0	377514672
JG0139d	2	128987154	N:GC[T>A]CA	-1	428904.0	377943576
JG0139d	2	130396396	N:GG[T>C]CA	1	1409242.0	379352818
JG0139d	2	131085793	U:GG[T>G]CA	-1	689397.0	380042215
JG0139d	2	131416358	N:TC[T>C]TT	1	330565.0	380372780
JG0139d	2	131876002	N:AA[T>G]TA	1	459644.0	380832424
JG0139d	2	131952651	N:TC[T>C]TC	1	76649.0	380909073
JG0139d	2	132699181	T:AC[T>C]CT	1	746530.0	381655603
JG0139d	2	133339218	U:GG[T>C]AC	-1	640037.0	382295640
JG0139d	2	133578788	N:TC[T>G]GC	1	239570.0	382535210
JG0139d	2	133842258	N:CC[T>C]CC	1	263470.0	382798680
JG0139d	2	134348509	U:AC[T>A]TC	1	506251.0	383304931
JG0139d	2	134674928	T:CC[T>C]CT	1	326419.0	383631350
JG0139d	2	134897996	T:TC[T>G]TA	-1	223068.0	383854418
JG0139d	2	135487419	T:TC[T>G]TT	1	589423.0	384443841
JG0139d	2	135950201	T:TC[T>G]TT	1	462782.0	384906623
JG0139d	2	136051358	N:GT[T>G]GA	1	101157.0	385007780
JG0139d	2	136284581	N:GG[T>A]CT	-1	233223.0	385241003
JG0139d	2	136516023	N:AC[T>G]TA	-1	231442.0	385472445
JG0139d	2	138329836	N:TC[T>C]CT	-1	1813813.0	387286258
JG0139d	2	138921818	N:AA[T>G]TT	1	591982.0	387878240
JG0139d	2	139137009	N:TC[T>G]CT	1	215191.0	388093431
JG0139d	2	139572853	N:CC[T>G]TC	1	435844.0	388529275
JG0139d	2	140345378	T:TC[T>G]TC	1	772525.0	389301800
JG0139d	2	141420871	T:AG[T>C]CC	1	1075493.0	390377293
JG0139d	2	141604868	T:CC[T>G]TT	1	183997.0	390561290
JG0139d	2	142656309	N:TG[T>G]TT	1	1051441.0	391612731
JG0139d	2	143161874	T:TC[T>C]GC	-1	505565.0	392118296
JG0139d	2	143324987	U:AA[T>A]AG	1	163113.0	392281409
JG0139d	2	143583471	U:AC[T>G]TT	1	258484.0	392539893
JG0139d	2	145337306	N:CC[T>G]TG	-1	1753835.0	394293728
JG0139d	2	145810955	N:CC[T>G]TT	1	473649.0	394767377
JG0139d	2	146482622	N:CC[T>C]CA	1	671667.0	395439044
JG0139d	2	146693617	N:TC[T>A]CA	1	210995.0	395650039
JG0139d	2	146843399	N:AC[T>A]TT	-1	149782.0	395799821
JG0139d	2	147916008	T:CG[T>C]CA	-1	1072609.0	396872430
JG0139d	2	148858256	N:CC[T>C]TT	-1	942248.0	397814678
JG0139d	2	149101523	T:CC[T>C]TG	-1	243267.0	398057945
JG0139d	2	149170589	T:AC[T>G]TT	-1	69066.0	398127011
JG0139d	2	149296836	N:GC[T>C]GC	1	126247.0	398253258
JG0139d	2	151996200	U:TG[T>G]TT	-1	2699364.0	400952622
JG0139d	2	152319810	N:TC[T>G]TG	-1	323610.0	401276232
JG0139d	2	152385685	T:AC[T>G]TC	-1	65875.0	401342107
JG0139d	2	153856507	N:TG[T>A]TT	1	1470822.0	402812929
JG0139d	2	154629046	N:GC[T>C]TA	-1	772539.0	403585468
JG0139d	2	157651687	N:TC[T>C]CA	1	3022641.0	406608109
JG0139d	2	157771345	U:CA[T>C]GC	-1	119658.0	406727767
JG0139d	2	157795585	U:TT[T>G]AC	-1	24240.0	406752007
JG0139d	2	157892890	T:AC[T>G]TA	-1	97305.0	406849312
JG0139d	2	158297567	T:AG[C>A]AT	1	404677.0	407253989
JG0139d	2	158740499	N:CC[T>G]TC	-1	442932.0	407696921
JG0139d	2	158861169	U:CC[T>G]TA	1	120670.0	407817591
JG0139d	2	159370634	U:AC[T>C]TT	-1	509465.0	408327056
JG0139d	2	159972115	T:CC[T>C]CT	1	601481.0	408928537
JG0139d	2	160000452	U:AC[C>T]AC	-1	28337.0	408956874
JG0139d	2	160181469	U:TC[T>G]TT	-1	181017.0	409137891
JG0139d	2	160845648	N:TG[T>G]TA	-1	664179.0	409802070
JG0139d	2	161614559	N:AC[T>G]TC	-1	768911.0	410570981
JG0139d	2	162272747	U:CC[T>G]CC	-1	658188.0	411229169
JG0139d	2	162810331	U:AC[T>G]TA	-1	537584.0	411766753
JG0139d	2	163588503	N:GC[T>C]GG	-1	778172.0	412544925
JG0139d	2	164152568	N:GC[T>C]TA	1	564065.0	413108990
JG0139d	2	164449192	N:TC[T>A]CT	-1	296624.0	413405614
JG0139d	2	165596607	U:TT[C>T]AG	1	1147415.0	414553029
JG0139d	2	165759121	U:CC[T>G]CA	-1	162514.0	414715543
JG0139d	2	166388895	N:GT[T>G]TT	1	629774.0	415345317
JG0139d	2	166399894	N:CC[T>C]TT	-1	10999.0	415356316
JG0139d	2	166687236	N:TC[T>C]CT	-1	287342.0	415643658
JG0139d	2	167286919	N:CC[T>G]TT	-1	599683.0	416243341
JG0139d	2	167334654	N:CC[T>C]TA	1	47735.0	416291076
JG0139d	2	167555679	N:AG[T>G]TA	1	221025.0	416512101
JG0139d	2	168556179	U:CA[T>G]TA	1	1000500.0	417512601
JG0139d	2	168670716	T:TA[T>C]TG	-1	114537.0	417627138
JG0139d	2	168671994	U:GC[T>C]TC	1	1278.0	417628416
JG0139d	2	168818805	U:AC[T>G]TC	1	146811.0	417775227
JG0139d	2	169912112	U:TA[T>G]TT	1	1093307.0	418868534
JG0139d	2	171211214	T:TG[T>G]AG	1	1299102.0	420167636
JG0139d	2	171288841	N:AC[T>C]TG	-1	77627.0	420245263
JG0139d	2	171486680	N:CC[T>G]TT	1	197839.0	420443102
JG0139d	2	172812645	U:TC[T>G]TT	1	1325965.0	421769067
JG0139d	2	173272803	N:TG[T>G]CA	1	460158.0	422229225
JG0139d	2	174614092	U:TT[C>G]TG	-1	1341289.0	423570514
JG0139d	2	174881138	U:AC[T>G]TT	-1	267046.0	423837560
JG0139d	2	175304358	N:CC[C>A]CT	-1	423220.0	424260780
JG0139d	2	175371201	N:TC[T>C]CT	1	66843.0	424327623
JG0139d	2	175552720	N:TG[T>G]TC	-1	181519.0	424509142
JG0139d	2	175581991	N:AC[T>G]TT	1	29271.0	424538413
JG0139d	2	176396816	N:CT[T>G]TG	-1	814825.0	425353238
JG0139d	2	176766525	N:CC[T>A]CA	1	369709.0	425722947
JG0139d	2	176786801	N:GG[T>G]CA	-1	20276.0	425743223
JG0139d	2	176840361	N:AG[T>C]CA	-1	53560.0	425796783
JG0139d	2	177475641	U:CC[T>C]TT	1	635280.0	426432063
JG0139d	2	178075276	U:GC[T>G]TG	-1	599635.0	427031698
JG0139d	2	178836470	U:TC[T>C]TT	-1	761194.0	427792892
JG0139d	2	179127046	T:AC[T>G]TC	1	290576.0	428083468
JG0139d	2	179433892	N:CC[T>G]TT	1	306846.0	428390314
JG0139d	2	179724271	T:AC[T>A]GC	1	290379.0	428680693
JG0139d	2	181178252	N:GC[T>A]CA	-1	1453981.0	430134674
JG0139d	2	181500275	U:CT[T>C]TG	1	322023.0	430456697
JG0139d	2	181751424	N:GC[T>C]CT	-1	251149.0	430707846
JG0139d	2	183160812	T:CC[C>T]TG	-1	1409388.0	432117234
JG0139d	2	183720481	N:TC[T>C]TT	-1	559669.0	432676903
JG0139d	2	184904443	U:AG[T>A]CG	1	1183962.0	433860865
JG0139d	2	184989803	N:GG[T>C]GG	-1	85360.0	433946225
JG0139d	2	185828158	T:AC[T>A]TT	-1	838355.0	434784580
JG0139d	2	186625677	T:CA[C>A]AC	-1	797519.0	435582099
JG0139d	2	187160999	N:AG[T>G]TT	-1	535322.0	436117421
JG0139d	2	187766840	N:AC[T>G]TG	-1	605841.0	436723262
JG0139d	2	187896341	N:TC[T>G]TC	1	129501.0	436852763
JG0139d	2	187931025	N:TC[T>C]CT	-1	34684.0	436887447
JG0139d	2	188076660	N:GC[T>G]TT	-1	145635.0	437033082
JG0139d	2	188605783	N:AC[T>C]TC	-1	529123.0	437562205
JG0139d	2	189823813	T:TC[T>C]TT	-1	1218030.0	438780235
JG0139d	2	190147533	T:TC[T>G]TC	-1	323720.0	439103955
JG0139d	2	190232651	T:CT[T>A]TT	1	85118.0	439189073
JG0139d	2	190794122	N:TC[T>G]TT	1	561471.0	439750544
JG0139d	2	190996196	T:TC[T>C]TA	1	202074.0	439952618
JG0139d	2	191293037	U:GC[T>C]CT	1	296841.0	440249459
JG0139d	2	191903743	N:TA[T>G]TA	1	610706.0	440860165
JG0139d	2	193967183	N:TC[T>C]TG	-1	2063440.0	442923605
JG0139d	2	195294049	N:GC[T>G]CA	1	1326866.0	444250471
JG0139d	2	195583724	U:CC[T>G]TC	1	289675.0	444540146
JG0139d	2	195748481	U:AG[T>G]TT	-1	164757.0	444704903
JG0139d	2	196577522	U:CC[T>C]AT	-1	829041.0	445533944
JG0139d	2	196763810	T:AC[T>A]TT	1	186288.0	445720232
JG0139d	2	196846505	U:CA[T>A]TG	-1	82695.0	445802927
JG0139d	2	196940900	N:TG[T>C]GA	-1	94395.0	445897322
JG0139d	2	197187671	T:TC[T>C]CT	1	246771.0	446144093
JG0139d	2	199089241	N:TT[C>G]TC	1	1901570.0	448045663
JG0139d	2	199939724	U:AG[T>C]AT	-1	850483.0	448896146
JG0139d	2	200474867	U:CC[T>C]CC	1	535143.0	449431289
JG0139d	2	200591636	T:TT[C>A]TG	-1	116769.0	449548058
JG0139d	2	200616877	U:CG[T>C]AA	1	25241.0	449573299
JG0139d	2	200816232	T:GC[T>G]TA	-1	199355.0	449772654
JG0139d	2	202117238	U:TT[C>T]TT	1	1301006.0	451073660
JG0139d	2	202589434	N:AG[T>G]TG	1	472196.0	451545856
JG0139d	2	202841432	T:TC[T>C]TG	1	251998.0	451797854
JG0139d	2	203414958	B:TC[T>G]TG	-1	573526.0	452371380
JG0139d	2	203568134	N:TC[T>C]TT	1	153176.0	452524556
JG0139d	2	203810927	N:GC[T>G]CA	-1	242793.0	452767349
JG0139d	2	205465036	U:AG[T>G]TT	1	1654109.0	454421458
JG0139d	2	205723760	T:AG[T>C]CA	-1	258724.0	454680182
JG0139d	2	205888408	N:CC[T>G]TG	-1	164648.0	454844830
JG0139d	2	206044078	U:GC[T>A]GG	-1	155670.0	455000500
JG0139d	2	206182721	U:AC[T>C]TG	-1	138643.0	455139143
JG0139d	2	206960470	U:TC[T>G]TT	1	777749.0	455916892
JG0139d	2	207082636	T:GC[T>C]CT	1	122166.0	456039058
JG0139d	2	207692343	N:GC[T>C]AG	-1	609707.0	456648765
JG0139d	2	208218251	N:AC[T>A]TT	-1	525908.0	457174673
JG0139d	2	208634801	N:CC[T>C]TC	1	416550.0	457591223
JG0139d	2	208898787	N:TG[T>C]CA	-1	263986.0	457855209
JG0139d	2	209021327	N:GC[T>C]TC	1	122540.0	457977749
JG0139d	2	210650355	U:CC[T>G]TT	1	1629028.0	459606777
JG0139d	2	211504796	U:CC[T>C]TT	-1	854441.0	460461218
JG0139d	2	211988480	U:GC[T>G]TA	-1	483684.0	460944902
JG0139d	2	212428554	T:AG[T>C]TT	1	440074.0	461384976
JG0139d	2	213274622	N:TG[T>C]TA	-1	846068.0	462231044
JG0139d	2	214369336	U:AC[T>G]CA	1	1094714.0	463325758
JG0139d	2	214556278	T:AC[T>C]AA	-1	186942.0	463512700
JG0139d	2	214620606	N:CC[T>G]TT	-1	64328.0	463577028
JG0139d	2	214863612	N:CC[T>G]TT	-1	243006.0	463820034
JG0139d	2	215269692	N:CC[T>C]TT	1	406080.0	464226114
JG0139d	2	216130125	T:CC[T>A]TG	-1	860433.0	465086547
JG0139d	2	217021427	N:AC[T>C]CC	-1	891302.0	465977849
JG0139d	2	217089752	N:CA[T>C]CC	1	68325.0	466046174
JG0139d	2	217424291	N:TC[T>G]TG	-1	334539.0	466380713
JG0139d	2	220159326	N:TC[T>C]AC	-1	2735035.0	469115748
JG0139d	2	220213171	N:TC[T>A]TT	-1	53845.0	469169593
JG0139d	2	221937118	N:CC[T>G]TG	-1	1723947.0	470893540
JG0139d	2	224013312	U:CC[T>C]TA	-1	2076194.0	472969734
JG0139d	2	224064350	N:GC[T>A]CA	-1	51038.0	473020772
JG0139d	2	224084642	N:TC[T>C]TG	1	20292.0	473041064
JG0139d	2	224773956	U:TC[T>G]TT	-1	689314.0	473730378
JG0139d	2	225236257	N:CC[T>G]TA	-1	462301.0	474192679
JG0139d	2	225346361	N:AC[T>C]TA	-1	110104.0	474302783
JG0139d	2	225510011	T:GC[T>C]CA	-1	163650.0	474466433
JG0139d	2	225538911	T:CC[T>C]AT	-1	28900.0	474495333
JG0139d	2	225566806	U:TG[T>G]TT	1	27895.0	474523228
JG0139d	2	226011232	N:AC[T>G]TT	1	444426.0	474967654
JG0139d	2	226399685	N:CC[T>C]CA	-1	388453.0	475356107
JG0139d	2	226449943	N:CC[T>C]CA	-1	50258.0	475406365
JG0139d	2	227942892	N:CC[T>C]TA	1	1492949.0	476899314
JG0139d	2	228047005	T:TC[T>G]TG	1	104113.0	477003427
JG0139d	2	228732439	N:AC[T>C]TT	-1	685434.0	477688861
JG0139d	2	229103256	U:AG[T>A]CA	-1	370817.0	478059678
JG0139d	2	229192320	U:AG[T>G]CA	-1	89064.0	478148742
JG0139d	2	229251694	T:GC[T>G]TC	1	59374.0	478208116
JG0139d	2	229572084	T:AC[T>G]TT	1	320390.0	478528506
JG0139d	2	230505211	U:AC[T>C]TT	1	933127.0	479461633
JG0139d	2	231160976	U:GC[T>C]GA	1	655765.0	480117398
JG0139d	2	232638799	U:GC[T>C]AT	1	1477823.0	481595221
JG0139d	2	232695546	N:TC[T>C]CA	1	56747.0	481651968
JG0139d	2	233506367	T:GC[T>C]TA	1	810821.0	482462789
JG0139d	2	234110506	N:TC[T>G]TT	1	604139.0	483066928
JG0139d	2	234226382	N:TG[T>C]GC	1	115876.0	483182804
JG0139d	2	235201812	N:GC[T>G]CG	-1	975430.0	484158234
JG0139d	2	236412365	T:CC[T>A]CA	1	1210553.0	485368787
JG0139d	2	236539181	N:GG[T>G]TG	1	126816.0	485495603
JG0139d	2	236658450	N:TT[C>T]GT	1	119269.0	485614872
JG0139d	2	236777669	N:CC[T>C]CC	-1	119219.0	485734091
JG0139d	2	237059686	N:GC[T>C]TC	-1	282017.0	486016108
JG0139d	2	237064827	N:GC[C>T]AC	1	5141.0	486021249
JG0139d	2	239707285	N:CC[T>G]TG	1	2642458.0	488663707
JG0139d	2	240428318	N:AC[T>C]TT	1	721033.0	489384740
JG0139d	2	240496622	T:GC[T>A]TC	1	68304.0	489453044
JG0139d	2	240726227	U:TC[T>C]GC	-1	229605.0	489682649
JG0139d	2	241229627	T:GG[T>A]CT	1	503400.0	490186049
JG0139d	3	689722	N:TC[T>G]TA	-1		491839673
JG0139d	3	1032875	N:TC[T>C]CT	1	343153.0	492182826
JG0139d	3	1077396	N:AC[T>G]TC	-1	44521.0	492227347
JG0139d	3	1315045	T:CC[T>G]TT	-1	237649.0	492464996
JG0139d	3	1513675	N:TC[T>C]AG	-1	198630.0	492663626
JG0139d	3	1575831	N:TC[T>G]TG	1	62156.0	492725782
JG0139d	3	2945256	U:TC[T>C]TA	1	1369425.0	494095207
JG0139d	3	3292944	N:AC[T>G]CA	1	347688.0	494442895
JG0139d	3	3307589	N:TC[T>A]CA	-1	14645.0	494457540
JG0139d	3	3540143	N:AG[T>G]TG	1	232554.0	494690094
JG0139d	3	4822910	U:CC[T>G]TT	1	1282767.0	495972861
JG0139d	3	5093439	N:TC[T>G]GT	1	270529.0	496243390
JG0139d	3	5712193	N:GC[T>C]CT	-1	618754.0	496862144
JG0139d	3	5845085	N:TC[T>G]TT	1	132892.0	496995036
JG0139d	3	5846390	N:AC[T>G]TC	-1	1305.0	496996341
JG0139d	3	5956614	N:TC[T>G]TT	-1	110224.0	497106565
JG0139d	3	6268355	N:GC[T>C]GG	-1	311741.0	497418306
JG0139d	3	7160688	T:TC[T>C]TG	-1	892333.0	498310639
JG0139d	3	7204026	T:TG[T>G]TT	-1	43338.0	498353977
JG0139d	3	7334803	T:TG[T>G]TG	-1	130777.0	498484754
JG0139d	3	7610591	T:TG[T>A]TA	-1	275788.0	498760542
JG0139d	3	8632484	U:TC[T>C]TG	-1	1021893.0	499782435
JG0139d	3	9084165	U:CT[C>A]AC	-1	451681.0	500234116
JG0139d	3	9360662	N:TC[T>C]TG	-1	276497.0	500510613
JG0139d	3	9961009	N:CC[T>C]CT	1	600347.0	501110960
JG0139d	3	10491461	U:AC[T>C]TG	-1	530452.0	501641412
JG0139d	3	10726966	N:AG[T>G]TC	-1	235505.0	501876917
JG0139d	3	11325616	T:GC[T>C]CA	-1	598650.0	502475567
JG0139d	3	11531888	T:AC[T>G]TT	-1	206272.0	502681839
JG0139d	3	11673235	U:TC[T>G]TG	-1	141347.0	502823186
JG0139d	3	11897286	N:AG[T>G]TC	-1	224051.0	503047237
JG0139d	3	12441102	N:GG[T>G]TG	1	543816.0	503591053
JG0139d	3	12529264	T:TC[T>G]TG	-1	88162.0	503679215
JG0139d	3	12625905	T:AC[T>G]TC	1	96641.0	503775856
JG0139d	3	12710465	N:TC[T>G]GA	1	84560.0	503860416
JG0139d	3	13642907	N:TC[T>A]TG	-1	932442.0	504792858
JG0139d	3	13725148	N:CC[T>G]TG	1	82241.0	504875099
JG0139d	3	13772581	N:GC[T>C]CC	1	47433.0	504922532
JG0139d	3	14014580	N:CC[T>C]TA	-1	241999.0	505164531
JG0139d	3	14170546	U:AC[T>C]TT	-1	155966.0	505320497
JG0139d	3	14250018	N:TA[T>G]TC	1	79472.0	505399969
JG0139d	3	14547073	U:AG[T>C]CA	-1	297055.0	505697024
JG0139d	3	14566069	N:TG[T>C]CT	-1	18996.0	505716020
JG0139d	3	14933887	U:AC[T>C]TA	1	367818.0	506083838
JG0139d	3	15184874	N:GC[T>C]TG	1	250987.0	506334825
JG0139d	3	15747556	U:AC[T>G]CT	-1	562682.0	506897507
JG0139d	3	15757790	U:CC[T>C]TT	-1	10234.0	506907741
JG0139d	3	15977758	N:CC[T>C]TT	1	219968.0	507127709
JG0139d	3	16099584	N:AC[T>C]CA	-1	121826.0	507249535
JG0139d	3	16301747	U:GC[T>C]TT	1	202163.0	507451698
JG0139d	3	16367658	U:CC[T>C]CC	-1	65911.0	507517609
JG0139d	3	16614078	T:AG[T>G]CC	1	246420.0	507764029
JG0139d	3	16786245	N:AG[T>G]TT	1	172167.0	507936196
JG0139d	3	17204687	T:AC[T>G]CT	1	418442.0	508354638
JG0139d	3	17299108	U:CC[T>A]AA	-1	94421.0	508449059
JG0139d	3	17561239	U:CC[T>G]TT	-1	262131.0	508711190
JG0139d	3	18026181	N:CC[T>C]TC	-1	464942.0	509176132
JG0139d	3	18664183	N:TG[T>C]TT	1	638002.0	509814134
JG0139d	3	18761373	N:TT[C>T]TA	-1	97190.0	509911324
JG0139d	3	18949712	N:GT[T>C]TG	-1	188339.0	510099663
JG0139d	3	19563616	N:TG[T>C]CA	-1	613904.0	510713567
JG0139d	3	19916319	U:GC[T>G]GG	-1	352703.0	511066270
JG0139d	3	19965869	T:AG[T>G]CC	-1	49550.0	511115820
JG0139d	3	19987147	T:AG[T>G]TG	1	21278.0	511137098
JG0139d	3	20256570	N:AC[C>G]TT	1	269423.0	511406521
JG0139d	3	20853839	N:AC[T>C]TG	1	597269.0	512003790
JG0139d	3	21130908	N:AG[T>C]GT	-1	277069.0	512280859
JG0139d	3	21174945	N:AG[T>C]GT	1	44037.0	512324896
JG0139d	3	21599657	U:GC[T>C]TA	-1	424712.0	512749608
JG0139d	3	21789323	U:TC[T>A]TA	-1	189666.0	512939274
JG0139d	3	21858787	T:AG[T>G]TC	1	69464.0	513008738
JG0139d	3	22768808	N:TC[T>C]GG	1	910021.0	513918759
JG0139d	3	23158884	N:CC[T>G]TC	1	390076.0	514308835
JG0139d	3	23288220	U:AG[T>G]TT	1	129336.0	514438171
JG0139d	3	23755098	N:TC[T>A]CA	-1	466878.0	514905049
JG0139d	3	23810706	T:TC[T>A]CC	-1	55608.0	514960657
JG0139d	3	24452591	U:TG[T>G]TT	-1	641885.0	515602542
JG0139d	3	25124936	N:TC[T>G]TC	-1	672345.0	516274887
JG0139d	3	25492332	U:CC[T>A]TA	1	367396.0	516642283
JG0139d	3	25512631	U:CC[T>G]TT	1	20299.0	516662582
JG0139d	3	25532993	U:AC[T>G]TG	1	20362.0	516682944
JG0139d	3	25657821	U:TT[C>A]CA	-1	124828.0	516807772
JG0139d	3	25747900	U:CC[T>C]CT	-1	90079.0	516897851
JG0139d	3	25765614	U:AC[T>G]TT	-1	17714.0	516915565
JG0139d	3	26958808	N:GT[T>G]TT	1	1193194.0	518108759
JG0139d	3	27396789	U:GC[T>C]TA	-1	437981.0	518546740
JG0139d	3	27527231	N:TC[T>G]TT	1	130442.0	518677182
JG0139d	3	27603117	N:GC[T>G]CA	1	75886.0	518753068
JG0139d	3	27717869	U:GG[T>C]TT	-1	114752.0	518867820
JG0139d	3	27882690	N:GC[T>G]GT	-1	164821.0	519032641
JG0139d	3	28062097	N:GC[T>G]TT	-1	179407.0	519212048
JG0139d	3	28187630	N:TG[T>G]TT	1	125533.0	519337581
JG0139d	3	28190222	N:TC[T>G]GG	1	2592.0	519340173
JG0139d	3	28208151	N:AG[T>G]TT	1	17929.0	519358102
JG0139d	3	28225393	N:AC[T>G]GT	-1	17242.0	519375344
JG0139d	3	28424489	T:CC[T>G]CT	-1	199096.0	519574440
JG0139d	3	28776704	T:AC[T>G]TC	-1	352215.0	519926655
JG0139d	3	28902539	T:GC[T>C]CA	-1	125835.0	520052490
JG0139d	3	29017040	U:TG[T>G]TT	1	114501.0	520166991
JG0139d	3	29654701	U:TC[T>A]CA	1	637661.0	520804652
JG0139d	3	30086315	N:AC[T>G]TC	-1	431614.0	521236266
JG0139d	3	30665478	T:TG[T>G]TG	-1	579163.0	521815429
JG0139d	3	30812363	U:TC[T>G]TT	-1	146885.0	521962314
JG0139d	3	31215975	N:CC[T>G]TG	-1	403612.0	522365926
JG0139d	3	31633307	T:AA[T>C]GC	-1	417332.0	522783258
JG0139d	3	31716014	U:GC[T>G]TT	-1	82707.0	522865965
JG0139d	3	31948417	T:GC[T>G]TA	1	232403.0	523098368
JG0139d	3	32009131	N:CC[T>G]CC	1	60714.0	523159082
JG0139d	3	32115268	T:TC[T>C]GT	-1	106137.0	523265219
JG0139d	3	32193192	N:TC[T>C]TT	1	77924.0	523343143
JG0139d	3	32586829	N:TC[T>G]TG	1	393637.0	523736780
JG0139d	3	33153943	T:CC[T>G]CT	1	567114.0	524303894
JG0139d	3	33402758	U:GC[T>G]CA	-1	248815.0	524552709
JG0139d	3	33414506	U:AC[T>C]TC	-1	11748.0	524564457
JG0139d	3	33584673	T:AG[T>G]CT	1	170167.0	524734624
JG0139d	3	34162530	N:GC[T>G]TC	1	577857.0	525312481
JG0139d	3	34738843	N:TC[T>C]TC	-1	576313.0	525888794
JG0139d	3	34927684	N:TC[T>C]TA	-1	188841.0	526077635
JG0139d	3	35080782	N:AG[T>A]TA	-1	153098.0	526230733
JG0139d	3	35280559	N:AG[T>C]TC	-1	199777.0	526430510
JG0139d	3	35437001	N:CC[T>G]CA	-1	156442.0	526586952
JG0139d	3	35624954	N:GG[T>G]GT	-1	187953.0	526774905
JG0139d	3	35776821	T:AC[T>G]CC	-1	151867.0	526926772
JG0139d	3	36104522	N:TT[T>C]TG	-1	327701.0	527254473
JG0139d	3	37012929	T:TC[T>C]CA	-1	908407.0	528162880
JG0139d	3	37695387	U:TC[T>G]TG	1	682458.0	528845338
JG0139d	3	37779367	T:AC[T>A]TC	-1	83980.0	528929318
JG0139d	3	38327121	N:TA[T>G]CT	-1	547754.0	529477072
JG0139d	3	38449119	N:AA[T>G]TA	-1	121998.0	529599070
JG0139d	3	38515909	U:AC[T>G]TT	1	66790.0	529665860
JG0139d	3	38696439	N:CC[T>G]CA	1	180530.0	529846390
JG0139d	3	39064801	U:TC[T>C]TT	1	368362.0	530214752
JG0139d	3	39090592	U:TG[T>G]GA	1	25791.0	530240543
JG0139d	3	39559328	N:TC[T>G]TA	-1	468736.0	530709279
JG0139d	3	40233557	U:AT[T>A]AA	1	674229.0	531383508
JG0139d	3	41032166	N:CC[T>G]TT	1	798609.0	532182117
JG0139d	3	41979552	N:AG[T>C]TC	1	947386.0	533129503
JG0139d	3	42088587	U:TC[T>C]TC	1	109035.0	533238538
JG0139d	3	42197287	T:AC[T>G]TA	-1	108700.0	533347238
JG0139d	3	42944964	T:AC[T>C]GA	-1	747677.0	534094915
JG0139d	3	43310969	U:TG[T>G]TT	1	366005.0	534460920
JG0139d	3	43994339	N:AC[T>A]TG	-1	683370.0	535144290
JG0139d	3	44101247	N:AG[T>G]CT	1	106908.0	535251198
JG0139d	3	44251557	T:CT[T>G]TA	-1	150310.0	535401508
JG0139d	3	44511164	N:CG[T>G]TT	1	259607.0	535661115
JG0139d	3	45118147	T:TC[T>G]TC	1	606983.0	536268098
JG0139d	3	45659546	U:AC[T>C]CC	1	541399.0	536809497
JG0139d	3	45996078	N:GC[T>G]CC	-1	336532.0	537146029
JG0139d	3	46113056	N:AC[T>A]TT	1	116978.0	537263007
JG0139d	3	46341467	N:GC[T>G]TC	-1	228411.0	537491418
JG0139d	3	46675818	U:TT[T>C]GA	-1	334351.0	537825769
JG0139d	3	46967821	U:AC[T>G]TT	-1	292003.0	538117772
JG0139d	3	47312662	U:TG[T>G]TA	1	344841.0	538462613
JG0139d	3	47568774	U:CC[T>C]AA	-1	256112.0	538718725
JG0139d	3	47639481	U:CC[T>C]CG	-1	70707.0	538789432
JG0139d	3	47662858	U:CC[T>C]CA	-1	23377.0	538812809
JG0139d	3	48093763	N:GC[T>G]TC	-1	430905.0	539243714
JG0139d	3	48283801	T:AC[T>C]GG	-1	190038.0	539433752
JG0139d	3	48365187	N:AC[T>C]CC	1	81386.0	539515138
JG0139d	3	48427508	T:AC[T>G]TC	1	62321.0	539577459
JG0139d	3	48597883	N:GG[T>G]TG	1	170375.0	539747834
JG0139d	3	48728465	N:GG[T>C]TA	1	130582.0	539878416
JG0139d	3	48807027	T:CC[T>C]CC	1	78562.0	539956978
JG0139d	3	49062967	T:AC[T>G]CC	1	255940.0	540212918
JG0139d	3	49389305	U:AG[T>G]CT	-1	326338.0	540539256
JG0139d	3	49419270	T:CA[T>G]CC	1	29965.0	540569221
JG0139d	3	49975216	T:AC[T>G]TT	-1	555946.0	541125167
JG0139d	3	50318897	U:CC[T>G]TT	-1	343681.0	541468848
JG0139d	3	51289213	U:TG[T>G]TC	1	970316.0	542439164
JG0139d	3	51384883	N:AG[T>G]CC	1	95670.0	542534834
JG0139d	3	52177809	N:CC[T>A]GG	-1	792926.0	543327760
JG0139d	3	52485527	U:GC[T>C]CT	1	307718.0	543635478
JG0139d	3	52844288	U:GC[T>A]TG	-1	358761.0	543994239
JG0139d	3	53149590	N:CC[T>G]TT	-1	305302.0	544299541
JG0139d	3	53170753	T:CC[T>C]GA	-1	21163.0	544320704
JG0139d	3	53177015	T:TC[T>G]CT	-1	6262.0	544326966
JG0139d	3	53196567	N:AG[T>C]CT	-1	19552.0	544346518
JG0139d	3	53483200	T:CC[T>C]TA	-1	286633.0	544633151
JG0139d	3	53561696	U:CC[T>G]TA	1	78496.0	544711647
JG0139d	3	53705407	U:TC[T>G]TC	1	143711.0	544855358
JG0139d	3	54966367	U:TC[T>C]TT	1	1260960.0	546116318
JG0139d	3	55038734	U:CC[T>G]TG	1	72367.0	546188685
JG0139d	3	55517041	T:CC[T>A]CC	1	478307.0	546666992
JG0139d	3	55832199	U:GC[T>G]GT	-1	315158.0	546982150
JG0139d	3	56015548	T:CC[T>G]TT	1	183349.0	547165499
JG0139d	3	56277248	T:TC[T>A]TA	1	261700.0	547427199
JG0139d	3	56393503	T:CC[C>T]AA	1	116255.0	547543454
JG0139d	3	56574482	U:CC[T>G]TA	1	180979.0	547724433
JG0139d	3	57267264	T:GC[T>A]CA	-1	692782.0	548417215
JG0139d	3	57430672	T:TA[T>G]TA	1	163408.0	548580623
JG0139d	3	57643397	T:GC[T>C]TA	1	212725.0	548793348
JG0139d	3	57913316	U:TC[T>C]TT	1	269919.0	549063267
JG0139d	3	57942163	N:TC[T>G]TG	-1	28847.0	549092114
JG0139d	3	59401333	N:TC[T>A]CA	1	1459170.0	550551284
JG0139d	3	59711103	N:AC[T>G]TG	-1	309770.0	550861054
JG0139d	3	60475293	U:AG[T>G]TA	-1	764190.0	551625244
JG0139d	3	60771296	T:TC[T>C]CT	1	296003.0	551921247
JG0139d	3	60817068	T:TC[T>G]TG	1	45772.0	551967019
JG0139d	3	60942599	T:AG[T>G]TG	1	125531.0	552092550
JG0139d	3	61003167	U:CC[T>C]CT	-1	60568.0	552153118
JG0139d	3	61254884	N:TT[T>A]GT	-1	251717.0	552404835
JG0139d	3	61327283	N:TC[T>C]CA	-1	72399.0	552477234
JG0139d	3	61414714	N:TC[T>G]TC	1	87431.0	552564665
JG0139d	3	61842621	U:CC[T>G]TT	1	427907.0	552992572
JG0139d	3	61901493	U:CC[T>G]TG	1	58872.0	553051444
JG0139d	3	62353327	N:TC[T>G]TT	-1	451834.0	553503278
JG0139d	3	62415408	U:TG[T>G]AA	-1	62081.0	553565359
JG0139d	3	62557290	T:CC[T>G]TA	1	141882.0	553707241
JG0139d	3	63011317	N:CC[T>G]TT	1	454027.0	554161268
JG0139d	3	63122749	N:AG[T>G]TC	-1	111432.0	554272700
JG0139d	3	63192440	N:GG[T>G]TT	-1	69691.0	554342391
JG0139d	3	63193670	N:CC[T>G]TT	1	1230.0	554343621
JG0139d	3	63649807	N:AA[T>G]TC	-1	456137.0	554799758
JG0139d	3	63664123	T:CA[T>G]TA	-1	14316.0	554814074
JG0139d	3	63763758	N:AC[T>A]TG	-1	99635.0	554913709
JG0139d	3	64174179	U:AC[T>A]CA	-1	410421.0	555324130
JG0139d	3	64460353	N:AC[T>G]GA	1	286174.0	555610304
JG0139d	3	64466164	N:GG[T>G]TA	1	5811.0	555616115
JG0139d	3	65638717	T:TC[C>A]TG	1	1172553.0	556788668
JG0139d	3	65875396	T:TC[T>A]TA	1	236679.0	557025347
JG0139d	3	66714491	N:TC[T>G]TG	-1	839095.0	557864442
JG0139d	3	66925493	N:GC[T>G]CA	-1	211002.0	558075444
JG0139d	3	67083905	N:AC[T>G]TT	1	158412.0	558233856
JG0139d	3	67218888	N:TC[T>G]TA	-1	134983.0	558368839
JG0139d	3	67270644	N:AG[T>C]GG	-1	51756.0	558420595
JG0139d	3	67326033	N:TC[T>C]TA	1	55389.0	558475984
JG0139d	3	67357148	N:TG[T>G]CA	-1	31115.0	558507099
JG0139d	3	67874910	N:CC[T>C]TC	1	517762.0	559024861
JG0139d	3	67913653	N:GC[T>G]TA	-1	38743.0	559063604
JG0139d	3	68072265	T:GC[T>G]CA	-1	158612.0	559222216
JG0139d	3	68692458	N:CC[T>G]CC	-1	620193.0	559842409
JG0139d	3	68886227	T:AG[T>G]TT	1	193769.0	560036178
JG0139d	3	69378136	T:TC[T>C]CC	1	491909.0	560528087
JG0139d	3	70042059	N:AC[T>G]TC	1	663923.0	561192010
JG0139d	3	70166328	N:GC[T>A]AT	1	124269.0	561316279
JG0139d	3	70296317	T:TC[T>C]TA	1	129989.0	561446268
JG0139d	3	70512210	N:TC[T>A]CT	-1	215893.0	561662161
JG0139d	3	70775292	N:AC[T>C]AA	1	263082.0	561925243
JG0139d	3	71212085	T:GC[T>C]TA	1	436793.0	562362036
JG0139d	3	71243094	T:AC[T>G]AA	1	31009.0	562393045
JG0139d	3	71270589	U:AC[T>C]TA	-1	27495.0	562420540
JG0139d	3	71431309	U:TC[T>C]CG	-1	160720.0	562581260
JG0139d	3	71669654	U:TG[T>G]TA	-1	238345.0	562819605
JG0139d	3	72123542	N:TG[T>C]GG	-1	453888.0	563273493
JG0139d	3	72787151	T:CC[T>A]CT	1	663609.0	563937102
JG0139d	3	72819517	U:AC[T>G]TC	-1	32366.0	563969468
JG0139d	3	73077392	N:AC[T>C]CT	-1	257875.0	564227343
JG0139d	3	73138908	N:AC[T>C]TG	-1	61516.0	564288859
JG0139d	3	73269405	N:TC[T>A]CT	1	130497.0	564419356
JG0139d	3	73567314	U:TC[T>G]CC	-1	297909.0	564717265
JG0139d	3	73602896	T:AC[T>C]TC	1	35582.0	564752847
JG0139d	3	74080402	N:AC[T>C]GA	-1	477506.0	565230353
JG0139d	3	74397814	U:TG[T>G]TG	-1	317412.0	565547765
JG0139d	3	74536484	N:TC[T>G]TG	-1	138670.0	565686435
JG0139d	3	74697654	N:AC[T>C]TT	-1	161170.0	565847605
JG0139d	3	74736373	N:AT[C>G]TG	-1	38719.0	565886324
JG0139d	3	74776558	N:AG[T>G]TA	1	40185.0	565926509
JG0139d	3	74820097	N:GC[T>C]TT	1	43539.0	565970048
JG0139d	3	74846962	N:TG[T>G]GT	1	26865.0	565996913
JG0139d	3	74877627	N:AG[T>C]CA	1	30665.0	566027578
JG0139d	3	74961476	N:CC[T>C]TG	1	83849.0	566111427
JG0139d	3	75392907	N:CC[T>G]GG	-1	431431.0	566542858
JG0139d	3	75618057	N:CC[T>G]TA	-1	225150.0	566768008
JG0139d	3	75721935	N:TC[T>G]CT	-1	103878.0	566871886
JG0139d	3	75927179	U:AC[T>G]TC	1	205244.0	567077130
JG0139d	3	76039729	T:AG[T>G]TT	-1	112550.0	567189680
JG0139d	3	76040115	U:TC[T>A]CT	1	386.0	567190066
JG0139d	3	76182896	U:TG[T>G]TC	1	142781.0	567332847
JG0139d	3	76314809	U:GG[T>C]TA	1	131913.0	567464760
JG0139d	3	76848569	T:TG[T>G]CC	-1	533760.0	567998520
JG0139d	3	77187485	U:GC[T>G]TT	1	338916.0	568337436
JG0139d	3	77358531	T:CC[T>G]TA	-1	171046.0	568508482
JG0139d	3	77533289	T:TA[T>G]TA	-1	174758.0	568683240
JG0139d	3	77737270	N:TC[T>G]CT	-1	203981.0	568887221
JG0139d	3	77821292	N:GC[T>G]TC	1	84022.0	568971243
JG0139d	3	78373077	N:GC[T>G]TT	1	551785.0	569523028
JG0139d	3	78491957	N:CT[T>C]TC	-1	118880.0	569641908
JG0139d	3	79467335	T:CC[T>C]CA	1	975378.0	570617286
JG0139d	3	80261016	N:TC[T>C]CT	1	793681.0	571410967
JG0139d	3	80381031	N:GG[C>T]GA	-1	120015.0	571530982
JG0139d	3	80636535	N:TC[T>G]TA	-1	255504.0	571786486
JG0139d	3	80919837	N:TC[T>G]CT	-1	283302.0	572069788
JG0139d	3	80932959	N:TC[T>G]TT	1	13122.0	572082910
JG0139d	3	81571663	T:GC[T>G]TC	1	638704.0	572721614
JG0139d	3	81744618	U:CA[T>G]TT	-1	172955.0	572894569
JG0139d	3	81802972	N:CC[T>C]TT	1	58354.0	572952923
JG0139d	3	82107416	N:CC[T>C]CC	-1	304444.0	573257367
JG0139d	3	82120117	N:CC[T>G]CA	1	12701.0	573270068
JG0139d	3	82383574	N:TC[T>G]CT	-1	263457.0	573533525
JG0139d	3	82395005	N:TC[T>C]TT	1	11431.0	573544956
JG0139d	3	82648323	N:TC[T>G]TT	1	253318.0	573798274
JG0139d	3	82808611	N:AC[T>A]TT	-1	160288.0	573958562
JG0139d	3	83025380	N:TT[T>A]TA	-1	216769.0	574175331
JG0139d	3	83171800	N:TC[T>G]TT	1	146420.0	574321751
JG0139d	3	83527541	N:TA[C>A]AT	1	355741.0	574677492
JG0139d	3	83682723	N:TA[T>G]TC	1	155182.0	574832674
JG0139d	3	83928685	N:CC[T>G]TG	-1	245962.0	575078636
JG0139d	3	84275842	N:TT[T>G]TT	-1	347157.0	575425793
JG0139d	3	84643335	N:AC[T>G]TT	-1	367493.0	575793286
JG0139d	3	84892136	N:GG[T>C]CA	1	248801.0	576042087
JG0139d	3	85022183	T:AA[T>G]TT	-1	130047.0	576172134
JG0139d	3	85043439	T:TC[T>G]TA	-1	21256.0	576193390
JG0139d	3	85084591	T:AG[T>A]TA	-1	41152.0	576234542
JG0139d	3	85589941	T:TC[T>A]TT	-1	505350.0	576739892
JG0139d	3	85881628	U:GG[T>G]TG	1	291687.0	577031579
JG0139d	3	86672299	N:AC[T>C]AA	-1	790671.0	577822250
JG0139d	3	87114239	N:CC[T>G]TT	-1	441940.0	578264190
JG0139d	3	87638356	N:AC[T>G]TT	1	524117.0	578788307
JG0139d	3	88369055	T:TC[T>C]CA	-1	730699.0	579519006
JG0139d	3	88753552	N:TA[T>C]CA	1	384497.0	579903503
JG0139d	3	88801487	N:CC[T>G]TA	-1	47935.0	579951438
JG0139d	3	88892196	N:AG[T>G]GG	-1	90709.0	580042147
JG0139d	3	88963866	N:TC[T>C]CA	1	71670.0	580113817
JG0139d	3	89114032	T:AC[C>T]CT	-1	150166.0	580263983
JG0139d	3	89222393	T:TA[T>G]AT	-1	108361.0	580372344
JG0139d	3	89643078	N:GG[T>G]GG	-1	420685.0	580793029
JG0139d	3	89647754	N:TG[T>G]TT	1	4676.0	580797705
JG0139d	3	89660293	N:TG[T>G]TT	-1	12539.0	580810244
JG0139d	3	90106049	N:AC[T>G]TC	-1	445756.0	581256000
JG0139d	3	90776530	N:AC[T>A]AG	1	670481.0	581926481
JG0139d	3	90824057	N:GG[T>A]TT	1	47527.0	581974008
JG0139d	3	91751538	N:AC[T>G]TG	-1	927481.0	582901489
JG0139d	3	91795065	N:TC[T>G]TT	1	43527.0	582945016
JG0139d	3	92283754	N:TC[T>A]GC	-1	488689.0	583433705
JG0139d	3	92295457	N:GC[T>G]TC	-1	11703.0	583445408
JG0139d	3	92946112	N:AC[T>A]TC	1	650655.0	584096063
JG0139d	3	93307701	N:CC[T>G]TT	1	361589.0	584457652
JG0139d	3	93541005	N:TC[T>A]CT	1	233304.0	584690956
JG0139d	3	93563441	N:CC[T>G]TT	1	22436.0	584713392
JG0139d	3	93880947	T:TC[T>C]TT	1	317506.0	585030898
JG0139d	3	94120602	U:TC[T>C]TC	1	239655.0	585270553
JG0139d	3	94168522	N:TC[T>G]TT	1	47920.0	585318473
JG0139d	3	94209245	N:CA[T>G]TA	1	40723.0	585359196
JG0139d	3	94237779	N:TC[T>G]TG	1	28534.0	585387730
JG0139d	3	94338849	N:GG[T>G]TC	1	101070.0	585488800
JG0139d	3	94420395	N:AC[T>G]TG	-1	81546.0	585570346
JG0139d	3	94718710	N:TC[T>G]TA	-1	298315.0	585868661
JG0139d	3	95100065	N:AG[T>C]CT	1	381355.0	586250016
JG0139d	3	95208306	N:CC[T>G]CA	1	108241.0	586358257
JG0139d	3	95683956	N:TC[T>A]TC	-1	475650.0	586833907
JG0139d	3	96104187	N:TC[T>A]TC	1	420231.0	587254138
JG0139d	3	96452602	N:AC[T>C]GT	1	348415.0	587602553
JG0139d	3	96575202	N:GG[T>G]TC	1	122600.0	587725153
JG0139d	3	96907334	T:TC[T>G]TT	-1	332132.0	588057285
JG0139d	3	97885622	T:AC[T>G]TT	-1	978288.0	589035573
JG0139d	3	98010236	U:CC[T>G]GT	-1	124614.0	589160187
JG0139d	3	98013817	T:CC[T>C]TA	1	3581.0	589163768
JG0139d	3	98235411	N:AC[T>C]TC	-1	221594.0	589385362
JG0139d	3	98243371	N:TG[T>G]TT	1	7960.0	589393322
JG0139d	3	98502113	U:AC[T>G]TT	-1	258742.0	589652064
JG0139d	3	98687591	N:TC[T>G]TT	-1	185478.0	589837542
JG0139d	3	98752198	T:TC[T>G]TT	-1	64607.0	589902149
JG0139d	3	98967683	N:AC[T>G]TG	-1	215485.0	590117634
JG0139d	3	99608691	N:GC[T>C]GA	-1	641008.0	590758642
JG0139d	3	99957372	B:GG[C>T]TT	-1	348681.0	591107323
JG0139d	3	100139351	T:TT[T>G]TT	-1	181979.0	591289302
JG0139d	3	100318422	U:TA[T>G]TG	1	179071.0	591468373
JG0139d	3	100585859	N:TC[T>G]TA	1	267437.0	591735810
JG0139d	3	100592579	N:CC[T>G]TG	1	6720.0	591742530
JG0139d	3	100675007	U:AG[T>A]TT	1	82428.0	591824958
JG0139d	3	101049445	N:CC[T>G]TT	-1	374438.0	592199396
JG0139d	3	101208016	N:AC[T>A]TG	1	158571.0	592357967
JG0139d	3	101397634	U:TC[T>C]TG	-1	189618.0	592547585
JG0139d	3	101472856	U:TC[T>C]GG	-1	75222.0	592622807
JG0139d	3	101507043	U:TC[T>A]GT	-1	34187.0	592656994
JG0139d	3	101675307	T:TC[T>G]GT	1	168264.0	592825258
JG0139d	3	102229573	U:CC[T>C]AA	1	554266.0	593379524
JG0139d	3	102811880	N:AC[T>G]TT	-1	582307.0	593961831
JG0139d	3	103086797	N:TC[T>G]TT	1	274917.0	594236748
JG0139d	3	103126744	N:GC[T>C]GG	1	39947.0	594276695
JG0139d	3	103334300	N:GT[T>G]TT	1	207556.0	594484251
JG0139d	3	103770145	N:TG[T>G]TT	-1	435845.0	594920096
JG0139d	3	104996263	N:AC[T>G]CC	1	1226118.0	596146214
JG0139d	3	105445588	T:GC[T>C]TT	-1	449325.0	596595539
JG0139d	3	105543567	T:GC[T>C]TC	-1	97979.0	596693518
JG0139d	3	105662847	U:TC[T>G]TT	-1	119280.0	596812798
JG0139d	3	105877720	N:AC[T>G]TC	1	214873.0	597027671
JG0139d	3	106123519	N:TC[T>C]TA	1	245799.0	597273470
JG0139d	3	106140424	N:AG[T>G]TC	1	16905.0	597290375
JG0139d	3	106185746	N:GT[T>G]TT	-1	45322.0	597335697
JG0139d	3	106195088	N:AC[T>G]TA	-1	9342.0	597345039
JG0139d	3	106290322	N:TC[T>G]TT	-1	95234.0	597440273
JG0139d	3	106370479	N:TC[T>G]TA	-1	80157.0	597520430
JG0139d	3	106496865	N:GG[T>G]TT	-1	126386.0	597646816
JG0139d	3	107087164	N:CC[T>C]GC	-1	590299.0	598237115
JG0139d	3	107131403	N:TC[T>G]TT	-1	44239.0	598281354
JG0139d	3	107475565	N:TG[T>G]TC	-1	344162.0	598625516
JG0139d	3	107611665	U:TC[T>A]TT	1	136100.0	598761616
JG0139d	3	108708109	N:CC[T>G]TG	1	1096444.0	599858060
JG0139d	3	108819707	N:GC[T>C]GT	-1	111598.0	599969658
JG0139d	3	108937204	T:GC[T>G]TT	1	117497.0	600087155
JG0139d	3	109149913	T:GC[T>G]TT	-1	212709.0	600299864
JG0139d	3	109311657	T:GC[T>A]TG	1	161744.0	600461608
JG0139d	3	109411860	N:TC[T>A]GG	1	100203.0	600561811
JG0139d	3	110820444	N:TG[T>G]TT	-1	1408584.0	601970395
JG0139d	3	111725532	T:CC[T>G]TG	-1	905088.0	602875483
JG0139d	3	111940003	T:AT[C>A]AG	-1	214471.0	603089954
JG0139d	3	112005131	T:GG[T>C]CA	-1	65128.0	603155082
JG0139d	3	112138318	N:AT[T>G]AT	1	133187.0	603288269
JG0139d	3	112853137	N:AT[T>G]TA	1	714819.0	604003088
JG0139d	3	113198069	N:TC[T>A]CC	1	344932.0	604348020
JG0139d	3	113451805	T:CC[T>C]TC	1	253736.0	604601756
JG0139d	3	113762955	T:CC[T>C]TA	-1	311150.0	604912906
JG0139d	3	114042586	B:GT[T>G]TT	-1	279631.0	605192537
JG0139d	3	114118864	N:GC[T>C]CT	-1	76278.0	605268815
JG0139d	3	114497880	U:GC[T>C]TA	-1	379016.0	605647831
JG0139d	3	114803364	U:AG[T>G]TC	-1	305484.0	605953315
JG0139d	3	114940829	T:GC[T>C]CC	1	137465.0	606090780
JG0139d	3	115633537	U:AT[T>G]TT	1	692708.0	606783488
JG0139d	3	115840387	U:CA[T>G]TA	-1	206850.0	606990338
JG0139d	3	116095767	U:AC[T>G]CT	-1	255380.0	607245718
JG0139d	3	117252619	N:CC[T>G]TG	-1	1156852.0	608402570
JG0139d	3	117395850	N:AC[T>G]TC	-1	143231.0	608545801
JG0139d	3	117568968	N:AC[T>A]TC	1	173118.0	608718919
JG0139d	3	117773881	N:CT[C>T]TC	1	204913.0	608923832
JG0139d	3	117863673	N:AC[T>C]CC	-1	89792.0	609013624
JG0139d	3	118580767	N:CC[T>G]TT	1	717094.0	609730718
JG0139d	3	119717346	T:CC[T>G]AA	-1	1136579.0	610867297
JG0139d	3	120032759	T:AC[T>C]TT	1	315413.0	611182710
JG0139d	3	120157320	N:GC[T>G]TT	-1	124561.0	611307271
JG0139d	3	120325502	U:TC[T>G]TT	-1	168182.0	611475453
JG0139d	3	120589338	N:AG[T>G]TT	-1	263836.0	611739289
JG0139d	3	120782397	U:GC[T>G]TA	1	193059.0	611932348
JG0139d	3	120959203	T:CC[T>G]TC	-1	176806.0	612109154
JG0139d	3	121154437	T:GG[T>C]TT	-1	195234.0	612304388
JG0139d	3	121269283	U:AC[T>C]AT	1	114846.0	612419234
JG0139d	3	121378992	T:AG[T>G]TT	-1	109709.0	612528943
JG0139d	3	121567026	N:CC[T>G]TG	-1	188034.0	612716977
JG0139d	3	121869889	T:TT[T>G]TA	-1	302863.0	613019840
JG0139d	3	121880117	U:CC[T>G]AG	1	10228.0	613030068
JG0139d	3	122409748	T:TC[T>C]TT	-1	529631.0	613559699
JG0139d	3	122410212	U:GC[T>G]TG	1	464.0	613560163
JG0139d	3	122950158	T:GC[T>G]TA	1	539946.0	614100109
JG0139d	3	122968605	U:CC[T>G]TT	-1	18447.0	614118556
JG0139d	3	123351189	T:AC[T>G]GG	1	382584.0	614501140
JG0139d	3	123361036	U:GC[T>C]TA	-1	9847.0	614510987
JG0139d	3	123829966	U:TT[T>G]TA	-1	468930.0	614979917
JG0139d	3	123945192	T:AA[T>G]TA	1	115226.0	615095143
JG0139d	3	124143642	U:CC[T>G]TT	1	198450.0	615293593
JG0139d	3	124454924	T:AC[T>G]TG	-1	311282.0	615604875
JG0139d	3	124521453	T:AC[T>G]TG	-1	66529.0	615671404
JG0139d	3	124549028	T:AG[T>G]TC	-1	27575.0	615698979
JG0139d	3	124590516	T:TG[T>G]TG	-1	41488.0	615740467
JG0139d	3	124855982	T:TG[T>G]TT	1	265466.0	616005933
JG0139d	3	124902821	N:CC[T>G]TA	1	46839.0	616052772
JG0139d	3	125403959	N:GC[T>C]AC	-1	501138.0	616553910
JG0139d	3	125454041	U:CC[T>G]TT	-1	50082.0	616603992
JG0139d	3	125473419	T:TT[T>G]TT	1	19378.0	616623370
JG0139d	3	126181020	U:GC[T>C]GC	-1	707601.0	617330971
JG0139d	3	126424127	T:GC[T>G]TG	-1	243107.0	617574078
JG0139d	3	126542868	T:GG[T>A]TA	-1	118741.0	617692819
JG0139d	3	126911341	U:AG[T>G]CC	1	368473.0	618061292
JG0139d	3	127434646	N:AC[T>G]TC	1	523305.0	618584597
JG0139d	3	127975103	B:TC[T>A]CT	-1	540457.0	619125054
JG0139d	3	128259482	T:CC[T>C]TT	-1	284379.0	619409433
JG0139d	3	128338290	U:CC[T>A]CC	1	78808.0	619488241
JG0139d	3	128384671	T:CC[T>G]CT	-1	46381.0	619534622
JG0139d	3	128656486	U:AG[T>G]TC	-1	271815.0	619806437
JG0139d	3	128960423	T:TC[T>G]TC	1	303937.0	620110374
JG0139d	3	128998656	N:GG[T>G]TT	-1	38233.0	620148607
JG0139d	3	129118664	T:GC[T>G]TC	1	120008.0	620268615
JG0139d	3	129991490	N:CC[T>C]CA	-1	872826.0	621141441
JG0139d	3	130080159	N:GT[C>T]AC	-1	88669.0	621230110
JG0139d	3	130370926	T:GG[T>C]GG	-1	290767.0	621520877
JG0139d	3	131136434	U:TG[T>G]TT	1	765508.0	622286385
JG0139d	3	131186263	U:TG[T>G]TT	1	49829.0	622336214
JG0139d	3	131244149	U:AC[T>C]CT	1	57886.0	622394100
JG0139d	3	131672076	T:AG[T>G]TT	1	427927.0	622822027
JG0139d	3	132059826	U:AT[T>G]TC	-1	387750.0	623209777
JG0139d	3	132147666	U:CA[T>G]TG	-1	87840.0	623297617
JG0139d	3	132331306	U:TC[T>G]CT	1	183640.0	623481257
JG0139d	3	132677408	T:TG[T>C]CC	1	346102.0	623827359
JG0139d	3	132679092	U:GG[T>G]TT	-1	1684.0	623829043
JG0139d	3	132868644	N:CC[T>G]TT	-1	189552.0	624018595
JG0139d	3	132977508	N:AC[T>C]TT	1	108864.0	624127459
JG0139d	3	133158711	T:GC[T>A]CC	-1	181203.0	624308662
JG0139d	3	133243075	T:GC[T>G]TC	-1	84364.0	624393026
JG0139d	3	133268160	T:TC[T>C]TA	-1	25085.0	624418111
JG0139d	3	133867104	T:CC[T>A]CT	1	598944.0	625017055
JG0139d	3	133966321	T:CC[T>G]GG	1	99217.0	625116272
JG0139d	3	134711561	T:CC[T>C]TT	-1	745240.0	625861512
JG0139d	3	135287273	N:TC[T>G]CT	1	575712.0	626437224
JG0139d	3	135313177	N:TC[T>A]CT	1	25904.0	626463128
JG0139d	3	135345175	N:GG[T>G]TG	1	31998.0	626495126
JG0139d	3	135467154	N:CC[T>G]TG	1	121979.0	626617105
JG0139d	3	135712237	N:TC[T>C]TT	-1	245083.0	626862188
JG0139d	3	135718480	N:TC[T>A]CA	1	6243.0	626868431
JG0139d	3	135721659	N:TA[T>C]TA	-1	3179.0	626871610
JG0139d	3	135987995	U:AC[T>G]TT	1	266336.0	627137946
JG0139d	3	137198065	N:TC[T>G]TA	1	1210070.0	628348016
JG0139d	3	137652839	N:CT[T>G]TT	-1	454774.0	628802790
JG0139d	3	137974663	N:TC[T>C]CC	1	321824.0	629124614
JG0139d	3	138129862	T:GC[T>G]CC	1	155199.0	629279813
JG0139d	3	138238076	U:TT[T>G]TT	1	108214.0	629388027
JG0139d	3	138532100	T:GA[T>G]TT	1	294024.0	629682051
JG0139d	3	138916046	N:CC[T>C]CG	1	383946.0	630065997
JG0139d	3	138925075	N:AG[T>G]CT	-1	9029.0	630075026
JG0139d	3	139779501	N:GC[T>C]AT	-1	854426.0	630929452
JG0139d	3	140116109	T:AC[T>G]TC	-1	336608.0	631266060
JG0139d	3	140191350	T:CC[T>C]CA	-1	75241.0	631341301
JG0139d	3	140283655	T:AC[T>G]TA	-1	92305.0	631433606
JG0139d	3	140603222	N:CC[T>G]CT	1	319567.0	631753173
JG0139d	3	141154046	N:GG[T>G]TA	1	550824.0	632303997
JG0139d	3	142157873	U:CC[T>A]TA	-1	1003827.0	633307824
JG0139d	3	142210215	U:TA[T>G]TT	-1	52342.0	633360166
JG0139d	3	142471314	T:CA[T>G]TG	1	261099.0	633621265
JG0139d	3	142903646	N:TG[T>G]TA	1	432332.0	634053597
JG0139d	3	142967055	T:CC[T>G]TC	-1	63409.0	634117006
JG0139d	3	143734908	T:TC[T>C]CT	1	767853.0	634884859
JG0139d	3	143932453	N:TC[T>G]CT	-1	197545.0	635082404
JG0139d	3	144134326	N:AC[T>C]TT	-1	201873.0	635284277
JG0139d	3	144139957	N:CC[T>C]GC	-1	5631.0	635289908
JG0139d	3	144315010	N:TC[T>A]TG	-1	175053.0	635464961
JG0139d	3	145068515	N:TC[T>C]AA	1	753505.0	636218466
JG0139d	3	145781305	N:TC[T>G]AG	1	712790.0	636931256
JG0139d	3	146271280	N:GG[T>C]CA	-1	489975.0	637421231
JG0139d	3	146303103	N:TG[T>C]CT	-1	31823.0	637453054
JG0139d	3	147271013	N:TC[T>G]TT	-1	967910.0	638420964
JG0139d	3	147288682	N:AC[T>A]AA	-1	17669.0	638438633
JG0139d	3	147580556	N:CC[T>A]CA	1	291874.0	638730507
JG0139d	3	147601554	N:TC[T>C]CA	1	20998.0	638751505
JG0139d	3	147667465	N:CC[T>C]TG	1	65911.0	638817416
JG0139d	3	147846569	N:GC[T>G]TG	-1	179104.0	638996520
JG0139d	3	148157262	N:AC[T>G]TT	1	310693.0	639307213
JG0139d	3	148475739	N:AC[T>G]AG	-1	318477.0	639625690
JG0139d	3	148659019	N:CC[T>G]TC	1	183280.0	639808970
JG0139d	3	148719204	T:TC[T>G]TG	-1	60185.0	639869155
JG0139d	3	148789793	N:TC[T>G]TC	-1	70589.0	639939744
JG0139d	3	149076465	T:TT[T>G]TA	1	286672.0	640226416
JG0139d	3	149429719	N:GC[T>C]TT	1	353254.0	640579670
JG0139d	3	149606494	T:TC[T>C]AC	1	176775.0	640756445
JG0139d	3	149665298	T:GC[T>C]CA	1	58804.0	640815249
JG0139d	3	149986002	T:GC[T>G]CT	1	320704.0	641135953
JG0139d	3	150434440	T:GG[T>G]TG	-1	448438.0	641584391
JG0139d	3	151167456	T:TC[T>G]TT	-1	733016.0	642317407
JG0139d	3	151484630	N:GC[T>C]GC	-1	317174.0	642634581
JG0139d	3	151732808	N:AC[T>C]GT	1	248178.0	642882759
JG0139d	3	151878511	T:AC[T>G]TT	-1	145703.0	643028462
JG0139d	3	152061609	N:TC[T>C]CA	-1	183098.0	643211560
JG0139d	3	152689230	N:GC[T>A]CT	-1	627621.0	643839181
JG0139d	3	152876595	N:CC[T>G]CT	-1	187365.0	644026546
JG0139d	3	153346294	N:CC[T>G]TA	-1	469699.0	644496245
JG0139d	3	153503316	N:AC[T>A]CC	1	157022.0	644653267
JG0139d	3	153519095	N:AC[T>C]TT	1	15779.0	644669046
JG0139d	3	153913160	N:TC[T>G]TT	1	394065.0	645063111
JG0139d	3	154481878	N:CA[T>C]CC	1	568718.0	645631829
JG0139d	3	154526927	N:TG[T>G]TG	1	45049.0	645676878
JG0139d	3	155003765	N:GA[T>A]TG	-1	476838.0	646153716
JG0139d	3	155268445	N:AC[T>G]TT	-1	264680.0	646418396
JG0139d	3	155268775	N:AG[T>G]TT	-1	330.0	646418726
JG0139d	3	155318082	N:TA[T>G]TT	-1	49307.0	646468033
JG0139d	3	156466458	T:TG[T>A]CT	-1	1148376.0	647616409
JG0139d	3	156630905	N:CT[C>A]TG	1	164447.0	647780856
JG0139d	3	156977129	U:TC[T>G]CT	1	346224.0	648127080
JG0139d	3	157229014	N:CT[T>G]TG	1	251885.0	648378965
JG0139d	3	157282288	T:GC[T>G]TC	1	53274.0	648432239
JG0139d	3	157884281	N:GC[T>G]AG	-1	601993.0	649034232
JG0139d	3	158005845	N:AC[T>G]CA	-1	121564.0	649155796
JG0139d	3	158306828	U:CC[T>A]TG	1	300983.0	649456779
JG0139d	3	159421876	T:GC[T>A]TG	-1	1115048.0	650571827
JG0139d	3	159566922	T:AC[T>G]TA	-1	145046.0	650716873
JG0139d	3	159619897	T:CA[T>G]TC	-1	52975.0	650769848
JG0139d	3	159852481	T:GT[T>G]TT	-1	232584.0	651002432
JG0139d	3	159942094	N:CC[T>G]TC	-1	89613.0	651092045
JG0139d	3	159993300	T:TG[T>G]TG	-1	51206.0	651143251
JG0139d	3	160573569	N:TC[T>A]CT	1	580269.0	651723520
JG0139d	3	160889892	T:TC[T>G]TT	-1	316323.0	652039843
JG0139d	3	161248198	T:TT[T>G]TT	-1	358306.0	652398149
JG0139d	3	161828768	N:TT[C>T]CA	1	580570.0	652978719
JG0139d	3	162172233	N:AC[T>G]TT	-1	343465.0	653322184
JG0139d	3	162208264	N:TT[T>G]TT	1	36031.0	653358215
JG0139d	3	162550923	N:AC[T>G]CC	-1	342659.0	653700874
JG0139d	3	162765063	N:TC[T>G]GA	1	214140.0	653915014
JG0139d	3	162866110	N:TC[T>C]TG	1	101047.0	654016061
JG0139d	3	162947317	N:CC[T>A]CT	-1	81207.0	654097268
JG0139d	3	163364614	N:AT[T>C]TT	1	417297.0	654514565
JG0139d	3	163931922	N:TC[T>G]TT	1	567308.0	655081873
JG0139d	3	164038177	N:GC[T>G]TG	-1	106255.0	655188128
JG0139d	3	164045308	N:CC[T>G]TG	1	7131.0	655195259
JG0139d	3	164125782	N:CG[T>G]TG	-1	80474.0	655275733
JG0139d	3	164318774	N:GG[T>G]TT	1	192992.0	655468725
JG0139d	3	165291008	N:GC[T>C]TT	1	972234.0	656440959
JG0139d	3	165539049	N:TG[T>G]TC	1	248041.0	656689000
JG0139d	3	165575621	N:AC[T>G]CT	1	36572.0	656725572
JG0139d	3	165769342	N:CC[T>G]CC	1	193721.0	656919293
JG0139d	3	166270479	N:TG[T>G]TG	1	501137.0	657420430
JG0139d	3	166306685	N:AC[T>G]TA	-1	36206.0	657456636
JG0139d	3	167225943	N:GC[T>G]TT	-1	919258.0	658375894
JG0139d	3	167384435	N:TC[T>G]TC	-1	158492.0	658534386
JG0139d	3	167607435	T:AG[T>G]TT	1	223000.0	658757386
JG0139d	3	168119002	N:TA[T>G]TG	1	511567.0	659268953
JG0139d	3	168267575	N:TC[T>G]TC	1	148573.0	659417526
JG0139d	3	169054237	N:TC[T>G]TC	-1	786662.0	660204188
JG0139d	3	169315882	U:CC[T>G]TT	-1	261645.0	660465833
JG0139d	3	169656533	U:TG[T>G]TT	-1	340651.0	660806484
JG0139d	3	170452400	T:TG[T>C]GA	-1	795867.0	661602351
JG0139d	3	170498160	B:TC[T>G]CT	1	45760.0	661648111
JG0139d	3	170502442	B:AC[T>C]TC	1	4282.0	661652393
JG0139d	3	171428661	T:AC[T>C]CC	1	926219.0	662578612
JG0139d	3	171705058	T:TC[T>C]GG	1	276397.0	662855009
JG0139d	3	172102816	T:AC[T>G]TC	-1	397758.0	663252767
JG0139d	3	172167748	T:GA[T>C]CT	-1	64932.0	663317699
JG0139d	3	172282775	U:TC[T>C]CT	1	115027.0	663432726
JG0139d	3	172497054	N:TC[T>G]TG	-1	214279.0	663647005
JG0139d	3	172518481	U:CC[T>A]TT	-1	21427.0	663668432
JG0139d	3	173148674	N:CC[T>C]CT	-1	630193.0	664298625
JG0139d	3	173234260	N:TC[T>G]TG	-1	85586.0	664384211
JG0139d	3	173471801	T:TG[T>G]TT	-1	237541.0	664621752
JG0139d	3	173500287	U:CC[T>G]TT	1	28486.0	664650238
JG0139d	3	173501377	U:CC[T>A]CT	1	1090.0	664651328
JG0139d	3	173522990	U:CC[T>G]TG	1	21613.0	664672941
JG0139d	3	173639098	U:GC[T>G]TC	1	116108.0	664789049
JG0139d	3	173687799	T:GC[T>C]AG	-1	48701.0	664837750
JG0139d	3	173739078	T:TG[C>G]CC	-1	51279.0	664889029
JG0139d	3	173919289	U:CC[T>C]TG	1	180211.0	665069240
JG0139d	3	174123376	U:TG[T>G]TG	1	204087.0	665273327
JG0139d	3	174277599	U:AT[T>G]TG	1	154223.0	665427550
JG0139d	3	174452239	T:CC[T>G]AG	-1	174640.0	665602190
JG0139d	3	174689900	T:TA[T>G]TG	-1	237661.0	665839851
JG0139d	3	174850057	U:AC[T>C]TC	1	160157.0	666000008
JG0139d	3	175560652	U:GG[T>G]TT	1	710595.0	666710603
JG0139d	3	176560055	N:CC[T>G]TC	-1	999403.0	667710006
JG0139d	3	176846264	N:CC[T>G]GA	-1	286209.0	667996215
JG0139d	3	176868482	N:TC[T>G]TG	1	22218.0	668018433
JG0139d	3	176882741	N:TC[T>C]TG	-1	14259.0	668032692
JG0139d	3	176977988	N:GC[T>G]TC	1	95247.0	668127939
JG0139d	3	177176997	U:TA[T>G]TT	-1	199009.0	668326948
JG0139d	3	177413132	N:CC[T>G]TC	-1	236135.0	668563083
JG0139d	3	177646974	N:TG[T>G]GG	1	233842.0	668796925
JG0139d	3	177735503	N:AC[T>G]TT	-1	88529.0	668885454
JG0139d	3	177844816	N:TT[T>G]TC	-1	109313.0	668994767
JG0139d	3	178136639	N:AA[T>G]TT	-1	291823.0	669286590
JG0139d	3	179148740	T:AC[T>G]CC	-1	1012101.0	670298691
JG0139d	3	179183342	U:TC[T>A]TT	1	34602.0	670333293
JG0139d	3	179397851	T:CC[T>C]CA	1	214509.0	670547802
JG0139d	3	179707717	U:GC[T>A]CC	1	309866.0	670857668
JG0139d	3	179717275	T:AG[T>G]CA	-1	9558.0	670867226
JG0139d	3	180679111	T:GC[T>G]TA	1	961836.0	671829062
JG0139d	3	180731866	T:AC[T>C]TT	1	52755.0	671881817
JG0139d	3	180811743	U:GC[T>G]TT	-1	79877.0	671961694
JG0139d	3	180991783	N:AG[T>G]CC	-1	180040.0	672141734
JG0139d	3	181063438	N:GG[T>C]TT	-1	71655.0	672213389
JG0139d	3	181077464	N:TC[T>G]TT	-1	14026.0	672227415
JG0139d	3	181085632	N:CC[T>G]TT	-1	8168.0	672235583
JG0139d	3	181229301	N:GC[T>C]TC	-1	143669.0	672379252
JG0139d	3	181236698	N:GC[T>C]TG	1	7397.0	672386649
JG0139d	3	182554958	N:TC[T>C]CA	1	1318260.0	673704909
JG0139d	3	182579031	N:TC[T>G]CA	-1	24073.0	673728982
JG0139d	3	182703942	N:TG[T>C]GG	-1	124911.0	673853893
JG0139d	3	182929258	N:GC[T>G]CA	1	225316.0	674079209
JG0139d	3	182950252	U:AA[T>G]TG	-1	20994.0	674100203
JG0139d	3	183158999	U:GC[T>G]TG	-1	208747.0	674308950
JG0139d	3	183661893	T:TC[T>G]TA	-1	502894.0	674811844
JG0139d	3	184239138	T:TC[T>G]CT	-1	577245.0	675389089
JG0139d	3	184307644	U:GC[T>C]GC	1	68506.0	675457595
JG0139d	3	184716330	N:AC[T>G]TT	-1	408686.0	675866281
JG0139d	3	184773855	N:CC[T>G]TC	1	57525.0	675923806
JG0139d	3	185095031	U:TC[T>C]GC	-1	321176.0	676244982
JG0139d	3	185225582	U:AC[T>G]TA	-1	130551.0	676375533
JG0139d	3	185494601	U:GG[T>G]TT	-1	269019.0	676644552
JG0139d	3	185947194	N:TC[T>G]CT	-1	452593.0	677097145
JG0139d	3	186307248	U:TA[T>G]CC	-1	360054.0	677457199
JG0139d	3	187072746	U:GG[C>G]TC	1	765498.0	678222697
JG0139d	3	187177626	U:CC[T>G]CA	-1	104880.0	678327577
JG0139d	3	187310982	N:TC[T>A]CA	1	133356.0	678460933
JG0139d	3	187312783	N:CC[T>G]TC	1	1801.0	678462734
JG0139d	3	187351064	N:TG[T>G]TC	1	38281.0	678501015
JG0139d	3	187764781	N:CC[T>G]CT	-1	413717.0	678914732
JG0139d	3	188935967	N:TG[T>G]TC	-1	1171186.0	680085918
JG0139d	3	189256392	U:TC[T>G]TT	1	320425.0	680406343
JG0139d	3	189528472	N:CC[T>A]TA	-1	272080.0	680678423
JG0139d	3	189562662	N:TC[T>G]TC	-1	34190.0	680712613
JG0139d	3	189792114	U:TG[T>G]TC	1	229452.0	680942065
JG0139d	3	189910030	N:CC[T>C]GT	-1	117916.0	681059981
JG0139d	3	190319365	U:AG[T>A]TT	-1	409335.0	681469316
JG0139d	3	190738929	N:TC[T>G]TT	1	419564.0	681888880
JG0139d	3	190876056	N:GC[T>A]CA	-1	137127.0	682026007
JG0139d	3	190978707	N:TC[T>G]TG	-1	102651.0	682128658
JG0139d	3	191121061	N:TG[T>G]GT	-1	142354.0	682271012
JG0139d	3	191253737	U:TC[T>G]TT	1	132676.0	682403688
JG0139d	3	191308020	U:CC[T>G]TA	-1	54283.0	682457971
JG0139d	3	191350221	U:GC[T>G]GT	1	42201.0	682500172
JG0139d	3	191468341	N:TC[T>G]TT	1	118120.0	682618292
JG0139d	3	192702468	U:TC[T>G]TT	-1	1234127.0	683852419
JG0139d	3	192775898	N:CC[T>C]TG	1	73430.0	683925849
JG0139d	3	193421933	T:CC[T>C]TA	1	646035.0	684571884
JG0139d	3	193566639	N:AC[T>C]GG	-1	144706.0	684716590
JG0139d	3	194017540	N:AT[T>G]TT	1	450901.0	685167491
JG0139d	3	194395305	U:CC[T>C]TT	-1	377765.0	685545256
JG0139d	3	194457627	T:TC[T>G]TC	1	62322.0	685607578
JG0139d	3	194624681	U:AC[T>C]TC	-1	167054.0	685774632
JG0139d	3	195250940	T:GA[T>G]CT	1	626259.0	686400891
JG0139d	3	195451656	N:TG[T>G]TT	-1	200716.0	686601607
JG0139d	3	195535949	U:GG[T>G]TG	-1	84293.0	686685900
JG0139d	3	196041178	T:TG[T>G]TT	1	505229.0	687191129
JG0139d	3	196547251	N:CC[T>C]CA	-1	506073.0	687697202
JG0139d	3	196579896	U:AC[T>G]CT	1	32645.0	687729847
JG0139d	3	196705838	T:GC[T>G]CA	-1	125942.0	687855789
JG0139d	3	196708053	B:GC[T>A]TG	1	2215.0	687858004
JG0139d	3	196840378	N:GA[T>G]TA	-1	132325.0	687990329
JG0139d	3	196983355	N:TC[T>G]TC	1	142977.0	688133306
JG0139d	3	197981390	T:CA[T>C]TA	-1	998035.0	689131341
JG0139d	4	473454	U:CC[T>C]TG	-1		689918964
JG0139d	4	579820	N:CC[T>C]TT	-1	106366.0	690025330
JG0139d	4	750391	T:AT[C>T]TG	-1	170571.0	690195901
JG0139d	4	837622	N:GC[T>C]CC	1	87231.0	690283132
JG0139d	4	863077	U:TC[T>C]TA	-1	25455.0	690308587
JG0139d	4	1100753	T:TC[T>C]CT	1	237676.0	690546263
JG0139d	4	1136983	N:AC[T>G]TT	-1	36230.0	690582493
JG0139d	4	1219881	U:AC[T>G]TG	-1	82898.0	690665391
JG0139d	4	1225860	T:AC[T>G]CA	1	5979.0	690671370
JG0139d	4	1403257	T:TC[T>G]TC	1	177397.0	690848767
JG0139d	4	1569848	N:AC[T>G]TC	-1	166591.0	691015358
JG0139d	4	1682740	U:CC[T>G]TT	-1	112892.0	691128250
JG0139d	4	1878019	U:AC[T>A]CT	1	195279.0	691323529
JG0139d	4	1945461	T:TC[T>G]TT	-1	67442.0	691390971
JG0139d	4	1984951	U:TC[T>C]TC	-1	39490.0	691430461
JG0139d	4	2457818	U:TC[T>C]TT	1	472867.0	691903328
JG0139d	4	2458528	T:CC[T>G]CA	-1	710.0	691904038
JG0139d	4	2501826	U:TC[T>G]GA	1	43298.0	691947336
JG0139d	4	2528780	N:CC[T>C]GA	-1	26954.0	691974290
JG0139d	4	2668915	U:GC[T>C]CA	1	140135.0	692114425
JG0139d	4	2770558	N:CC[T>C]CA	-1	101643.0	692216068
JG0139d	4	3486176	U:TC[T>G]TG	1	715618.0	692931686
JG0139d	4	3639099	N:CT[T>G]TT	-1	152923.0	693084609
JG0139d	4	3804928	N:CC[T>G]TA	-1	165829.0	693250438
JG0139d	4	4287402	T:CG[T>C]GT	1	482474.0	693732912
JG0139d	4	4325082	N:CC[T>G]CA	-1	37680.0	693770592
JG0139d	4	4374453	U:CC[T>C]CT	1	49371.0	693819963
JG0139d	4	4576592	N:TC[T>G]TT	1	202139.0	694022102
JG0139d	4	4758800	N:AC[T>A]TG	-1	182208.0	694204310
JG0139d	4	5059121	U:TC[T>G]TG	1	300321.0	694504631
JG0139d	4	5207749	T:TC[T>G]TC	-1	148628.0	694653259
JG0139d	4	5220305	T:CC[T>G]TC	-1	12556.0	694665815
JG0139d	4	5261575	T:AA[T>G]TT	-1	41270.0	694707085
JG0139d	4	5423903	U:CC[T>G]TG	1	162328.0	694869413
JG0139d	4	5474425	U:AC[T>G]TT	1	50522.0	694919935
JG0139d	4	5633579	U:GC[T>C]TC	-1	159154.0	695079089
JG0139d	4	5633997	T:CC[T>C]TC	1	418.0	695079507
JG0139d	4	6496007	T:GC[T>C]TG	1	862010.0	695941517
JG0139d	4	6513048	U:AC[T>A]TA	-1	17041.0	695958558
JG0139d	4	6513819	T:CC[T>G]CC	1	771.0	695959329
JG0139d	4	6872422	T:TC[T>C]CC	-1	358603.0	696317932
JG0139d	4	7863416	U:TC[T>C]TG	-1	990994.0	697308926
JG0139d	4	8135157	U:CC[T>C]TT	-1	271741.0	697580667
JG0139d	4	8287198	U:CC[T>G]CC	1	152041.0	697732708
JG0139d	4	8351932	N:GC[T>C]TC	-1	64734.0	697797442
JG0139d	4	8658071	N:GC[T>C]CT	1	306139.0	698103581
JG0139d	4	8923328	N:TC[T>G]CT	-1	265257.0	698368838
JG0139d	4	8952250	N:AC[T>C]CA	-1	28922.0	698397760
JG0139d	4	9333382	N:CA[T>A]TT	-1	381132.0	698778892
JG0139d	4	9569936	N:CC[T>C]TG	-1	236554.0	699015446
JG0139d	4	9859714	T:GC[T>C]TA	1	289778.0	699305224
JG0139d	4	9912396	T:GC[T>G]TT	1	52682.0	699357906
JG0139d	4	9934390	T:CA[T>G]TT	1	21994.0	699379900
JG0139d	4	10196881	N:AG[T>A]TG	1	262491.0	699642391
JG0139d	4	10302384	N:TC[T>G]TT	-1	105503.0	699747894
JG0139d	4	10445290	U:AG[T>G]TG	-1	142906.0	699890800
JG0139d	4	11021457	N:CC[T>G]TC	1	576167.0	700466967
JG0139d	4	11036482	N:TC[T>G]TT	-1	15025.0	700481992
JG0139d	4	11324790	N:TC[T>C]CC	-1	288308.0	700770300
JG0139d	4	11437688	N:AC[T>G]TA	-1	112898.0	700883198
JG0139d	4	11833092	N:CC[T>A]CA	-1	395404.0	701278602
JG0139d	4	11950936	N:AC[T>A]CT	-1	117844.0	701396446
JG0139d	4	12589743	N:TG[T>A]TT	1	638807.0	702035253
JG0139d	4	12671385	N:AC[T>G]TC	-1	81642.0	702116895
JG0139d	4	12968695	N:AC[T>G]CT	-1	297310.0	702414205
JG0139d	4	13371373	T:GG[T>G]TA	1	402678.0	702816883
JG0139d	4	13795492	N:CT[T>G]TT	-1	424119.0	703241002
JG0139d	4	13976028	N:CC[T>C]GA	-1	180536.0	703421538
JG0139d	4	14162085	N:AT[T>A]TT	1	186057.0	703607595
JG0139d	4	14414317	N:AC[T>A]CT	1	252232.0	703859827
JG0139d	4	14719560	N:GC[T>C]CC	-1	305243.0	704165070
JG0139d	4	14835207	N:TC[T>G]TC	1	115647.0	704280717
JG0139d	4	14850557	N:CC[T>A]CG	-1	15350.0	704296067
JG0139d	4	14855958	N:CC[T>C]GG	-1	5401.0	704301468
JG0139d	4	14859886	N:AC[T>A]CA	-1	3928.0	704305396
JG0139d	4	15040642	U:TC[T>C]CC	1	180756.0	704486152
JG0139d	4	15432120	T:GC[T>A]CC	-1	391478.0	704877630
JG0139d	4	15593573	T:TC[T>C]CT	-1	161453.0	705039083
JG0139d	4	15806377	T:AA[T>G]GC	-1	212804.0	705251887
JG0139d	4	15989555	U:GC[T>G]TA	-1	183178.0	705435065
JG0139d	4	16110345	N:CC[T>C]TC	-1	120790.0	705555855
JG0139d	4	16376808	N:TC[T>C]TT	-1	266463.0	705822318
JG0139d	4	17035508	N:TC[T>G]TT	1	658700.0	706481018
JG0139d	4	17099285	N:AC[T>G]TA	1	63777.0	706544795
JG0139d	4	17201750	N:GC[T>G]TA	-1	102465.0	706647260
JG0139d	4	17687536	T:TC[T>C]TA	1	485786.0	707133046
JG0139d	4	17745289	T:CC[T>C]CC	1	57753.0	707190799
JG0139d	4	18016192	T:AC[T>C]TA	1	270903.0	707461702
JG0139d	4	18026159	N:CC[T>C]CC	-1	9967.0	707471669
JG0139d	4	18268137	N:GG[T>C]GT	-1	241978.0	707713647
JG0139d	4	18767837	N:AC[T>C]TG	1	499700.0	708213347
JG0139d	4	19028549	N:AC[T>A]TA	1	260712.0	708474059
JG0139d	4	19133975	N:GC[T>A]CT	-1	105426.0	708579485
JG0139d	4	19270591	N:TC[T>G]TT	-1	136616.0	708716101
JG0139d	4	19736584	N:CC[T>A]CA	-1	465993.0	709182094
JG0139d	4	19783008	N:CC[T>C]TC	1	46424.0	709228518
JG0139d	4	19996297	N:TC[T>G]TG	-1	213289.0	709441807
JG0139d	4	20255847	T:CC[T>C]TT	-1	259550.0	709701357
JG0139d	4	20989271	T:CC[T>C]AC	1	733424.0	710434781
JG0139d	4	21301533	U:TT[T>A]CA	-1	312262.0	710747043
JG0139d	4	21641114	U:GC[T>C]GT	-1	339581.0	711086624
JG0139d	4	21784099	U:CC[T>C]TC	-1	142985.0	711229609
JG0139d	4	22151645	N:TG[T>C]CT	-1	367546.0	711597155
JG0139d	4	22459081	U:TC[T>C]CT	-1	307436.0	711904591
JG0139d	4	23333593	N:TC[T>G]TT	-1	874512.0	712779103
JG0139d	4	23776145	N:TG[T>A]TG	1	442552.0	713221655
JG0139d	4	24069916	N:TC[T>A]CT	-1	293771.0	713515426
JG0139d	4	24379675	N:TT[T>G]TT	-1	309759.0	713825185
JG0139d	4	24395682	N:GC[T>G]TG	-1	16007.0	713841192
JG0139d	4	24496755	N:TG[C>T]CA	-1	101073.0	713942265
JG0139d	4	24684905	N:TC[T>C]CA	1	188150.0	714130415
JG0139d	4	25043442	N:TC[T>G]TT	-1	358537.0	714488952
JG0139d	4	25364159	T:AC[T>A]CA	-1	320717.0	714809669
JG0139d	4	25633298	N:AC[T>G]CC	1	269139.0	715078808
JG0139d	4	25724795	N:TC[T>G]TT	-1	91497.0	715170305
JG0139d	4	25819776	T:GC[T>G]TA	1	94981.0	715265286
JG0139d	4	25900025	N:TC[T>C]TT	1	80249.0	715345535
JG0139d	4	26218077	T:TC[T>G]TC	-1	318052.0	715663587
JG0139d	4	26377247	T:GC[T>G]TC	-1	159170.0	715822757
JG0139d	4	26553717	N:TG[T>G]TC	1	176470.0	715999227
JG0139d	4	26580295	U:TC[T>C]TT	1	26578.0	716025805
JG0139d	4	26783878	N:TC[T>G]TA	1	203583.0	716229388
JG0139d	4	26814989	N:AC[T>A]CC	1	31111.0	716260499
JG0139d	4	27062176	N:AC[T>C]TA	-1	247187.0	716507686
JG0139d	4	27461027	N:CC[T>C]TG	1	398851.0	716906537
JG0139d	4	27591362	N:CC[T>C]TG	-1	130335.0	717036872
JG0139d	4	27678389	N:AG[T>G]TG	-1	87027.0	717123899
JG0139d	4	27725896	N:AG[T>G]TT	1	47507.0	717171406
JG0139d	4	28213073	N:GC[T>C]CT	-1	487177.0	717658583
JG0139d	4	28438311	N:TG[T>G]TT	1	225238.0	717883821
JG0139d	4	29008546	N:TC[T>C]CC	1	570235.0	718454056
JG0139d	4	29637197	N:AG[T>C]CT	-1	628651.0	719082707
JG0139d	4	29668262	N:CC[T>C]TT	-1	31065.0	719113772
JG0139d	4	29999856	N:TC[T>G]TA	1	331594.0	719445366
JG0139d	4	30489717	N:CC[T>G]TT	-1	489861.0	719935227
JG0139d	4	30515578	N:GC[T>C]TT	-1	25861.0	719961088
JG0139d	4	30769499	T:AT[T>G]TC	-1	253921.0	720215009
JG0139d	4	31556819	N:TT[C>T]TT	-1	787320.0	721002329
JG0139d	4	31752608	N:GC[T>G]TC	-1	195789.0	721198118
JG0139d	4	32530636	N:CC[T>C]TA	1	778028.0	721976146
JG0139d	4	32615039	N:GG[T>C]TT	1	84403.0	722060549
JG0139d	4	32620826	N:CC[T>G]TT	-1	5787.0	722066336
JG0139d	4	32885263	N:TC[T>G]TT	-1	264437.0	722330773
JG0139d	4	33075044	N:AC[T>C]AA	-1	189781.0	722520554
JG0139d	4	33334518	N:GC[T>A]CC	-1	259474.0	722780028
JG0139d	4	33384602	N:TC[T>C]CA	-1	50084.0	722830112
JG0139d	4	33966465	N:CG[T>G]CT	1	581863.0	723411975
JG0139d	4	34567803	N:TC[T>A]TA	-1	601338.0	724013313
JG0139d	4	34588108	N:AG[T>C]TA	-1	20305.0	724033618
JG0139d	4	34752238	N:TC[T>A]TA	-1	164130.0	724197748
JG0139d	4	34792225	N:TC[T>G]TA	1	39987.0	724237735
JG0139d	4	35455990	N:TC[T>A]TT	1	663765.0	724901500
JG0139d	4	35826233	N:CC[T>G]CA	1	370243.0	725271743
JG0139d	4	35858493	N:TC[T>C]TC	-1	32260.0	725304003
JG0139d	4	36161218	U:GC[T>C]TG	-1	302725.0	725606728
JG0139d	4	36533556	N:GC[T>C]TC	1	372338.0	725979066
JG0139d	4	36645993	N:AC[T>C]AT	-1	112437.0	726091503
JG0139d	4	36755046	N:AG[T>C]TT	1	109053.0	726200556
JG0139d	4	36947039	N:TC[T>G]TC	-1	191993.0	726392549
JG0139d	4	37265064	T:AG[T>C]TC	-1	318025.0	726710574
JG0139d	4	37342424	U:TC[T>A]TT	1	77360.0	726787934
JG0139d	4	37829533	T:TC[T>A]CT	-1	487109.0	727275043
JG0139d	4	38042072	T:CC[T>C]CC	-1	212539.0	727487582
JG0139d	4	38200673	N:TC[T>G]CC	1	158601.0	727646183
JG0139d	4	38441842	N:GC[T>C]CT	-1	241169.0	727887352
JG0139d	4	38961301	N:GG[T>C]TT	-1	519459.0	728406811
JG0139d	4	38978883	U:CC[T>C]TG	-1	17582.0	728424393
JG0139d	4	39154761	N:AC[T>G]TG	1	175878.0	728600271
JG0139d	4	39160932	N:TC[T>A]TA	1	6171.0	728606442
JG0139d	4	39395963	N:GC[T>A]GG	1	235031.0	728841473
JG0139d	4	39404865	N:CC[T>A]GA	-1	8902.0	728850375
JG0139d	4	39421149	T:CC[T>C]TT	-1	16284.0	728866659
JG0139d	4	39491086	N:TC[T>G]TG	1	69937.0	728936596
JG0139d	4	39599085	U:TC[T>C]CT	-1	107999.0	729044595
JG0139d	4	39642617	N:AC[T>G]TT	-1	43532.0	729088127
JG0139d	4	39678708	N:TC[T>G]TG	-1	36091.0	729124218
JG0139d	4	39879221	T:GG[T>G]TG	1	200513.0	729324731
JG0139d	4	40013282	N:TA[T>A]TT	1	134061.0	729458792
JG0139d	4	40054853	N:AC[T>A]TT	1	41571.0	729500363
JG0139d	4	40091466	U:TG[T>G]TG	1	36613.0	729536976
JG0139d	4	40848396	T:GC[T>A]AG	1	756930.0	730293906
JG0139d	4	41091008	U:AC[T>C]TA	-1	242612.0	730536518
JG0139d	4	41122015	T:AC[T>A]TC	1	31007.0	730567525
JG0139d	4	41313650	N:AC[T>A]TG	1	191635.0	730759160
JG0139d	4	41883302	N:AG[T>G]CT	-1	569652.0	731328812
JG0139d	4	41977197	N:TC[T>A]TC	1	93895.0	731422707
JG0139d	4	42087184	U:AG[T>C]TA	1	109987.0	731532694
JG0139d	4	42794716	N:CC[T>C]GC	-1	707532.0	732240226
JG0139d	4	42983242	T:CC[T>C]TA	-1	188526.0	732428752
JG0139d	4	43410705	N:AC[T>C]TG	1	427463.0	732856215
JG0139d	4	43603423	N:AC[T>C]CT	-1	192718.0	733048933
JG0139d	4	43651871	N:TC[T>C]TC	1	48448.0	733097381
JG0139d	4	44169704	N:CC[T>A]TC	1	517833.0	733615214
JG0139d	4	44366757	T:CC[T>C]CA	1	197053.0	733812267
JG0139d	4	44414269	U:AC[T>G]TC	-1	47512.0	733859779
JG0139d	4	44646100	U:TC[T>C]TG	-1	231831.0	734091610
JG0139d	4	45139329	N:CC[T>C]CA	1	493229.0	734584839
JG0139d	4	45142145	N:GG[T>G]TG	1	2816.0	734587655
JG0139d	4	45320004	N:CC[T>A]TT	-1	177859.0	734765514
JG0139d	4	45330444	N:TG[T>G]TG	-1	10440.0	734775954
JG0139d	4	45937623	N:AC[T>C]TC	1	607179.0	735383133
JG0139d	4	46083360	U:TC[T>C]CT	-1	145737.0	735528870
JG0139d	4	46158456	N:AC[T>G]TT	-1	75096.0	735603966
JG0139d	4	46230118	N:TC[T>G]CG	1	71662.0	735675628
JG0139d	4	46298747	U:TC[T>G]TA	-1	68629.0	735744257
JG0139d	4	46436251	U:AA[T>G]AA	-1	137504.0	735881761
JG0139d	4	46474440	U:CT[C>T]CA	-1	38189.0	735919950
JG0139d	4	46480649	N:GC[T>C]TT	-1	6209.0	735926159
JG0139d	4	47169720	U:TC[T>A]CG	1	689071.0	736615230
JG0139d	4	47200349	T:CC[T>C]TG	-1	30629.0	736645859
JG0139d	4	47494399	T:AG[T>G]TA	-1	294050.0	736939909
JG0139d	4	47519706	U:CC[T>G]TT	1	25307.0	736965216
JG0139d	4	47993576	T:TC[T>G]TC	1	473870.0	737439086
JG0139d	4	48164606	U:CC[T>G]TT	-1	171030.0	737610116
JG0139d	4	48513506	U:CC[T>G]TT	-1	348900.0	737959016
JG0139d	4	48720816	T:TG[T>G]TT	1	207310.0	738166326
JG0139d	4	48947593	N:TG[T>G]TT	-1	226777.0	738393103
JG0139d	4	49073426	N:TT[T>A]CC	-1	125833.0	738518936
JG0139d	4	49161896	N:AC[T>C]CA	1	88470.0	738607406
JG0139d	4	49168507	N:TC[T>C]TG	1	6611.0	738614017
JG0139d	4	49322654	N:GC[T>G]GG	-1	154147.0	738768164
JG0139d	4	49846091	N:TC[T>C]CA	1	523437.0	739291601
JG0139d	4	49914552	N:AG[T>A]CC	1	68461.0	739360062
JG0139d	4	50689279	N:AG[T>G]TG	-1	774727.0	740134789
JG0139d	4	51028548	N:CC[T>G]TT	-1	339269.0	740474058
JG0139d	4	51064381	N:CC[T>C]TT	1	35833.0	740509891
JG0139d	4	51242499	N:GC[T>C]TG	-1	178118.0	740688009
JG0139d	4	51343242	N:TG[T>G]TT	1	100743.0	740788752
JG0139d	4	51446341	N:AC[T>G]TT	1	103099.0	740891851
JG0139d	4	51580723	N:TG[T>G]TT	-1	134382.0	741026233
JG0139d	4	52306291	N:GG[T>G]TC	1	725568.0	741751801
JG0139d	4	52361790	N:AC[T>G]TT	-1	55499.0	741807300
JG0139d	4	52512789	N:TC[T>C]TC	1	150999.0	741958299
JG0139d	4	53454938	U:TC[T>G]TC	1	942149.0	742900448
JG0139d	4	53719188	T:AC[T>G]TT	-1	264250.0	743164698
JG0139d	4	54888106	N:TC[T>G]CC	1	1168918.0	744333616
JG0139d	4	55378961	N:CC[T>C]TC	-1	490855.0	744824471
JG0139d	4	55933003	N:TC[T>G]CT	1	554042.0	745378513
JG0139d	4	56074130	U:GC[T>G]TT	1	141127.0	745519640
JG0139d	4	56453307	T:TC[T>G]TC	-1	379177.0	745898817
JG0139d	4	56635344	N:CC[T>G]TG	1	182037.0	746080854
JG0139d	4	56785764	N:TG[T>A]TT	1	150420.0	746231274
JG0139d	4	57046288	T:TC[T>A]TG	1	260524.0	746491798
JG0139d	4	57084190	T:GT[C>A]TC	1	37902.0	746529700
JG0139d	4	57112788	N:TG[T>A]CA	-1	28598.0	746558298
JG0139d	4	57126793	N:AA[T>G]TT	-1	14005.0	746572303
JG0139d	4	57401231	N:GC[T>G]TC	1	274438.0	746846741
JG0139d	4	57856385	N:AC[T>C]CT	1	455154.0	747301895
JG0139d	4	57955069	N:TC[T>C]CT	1	98684.0	747400579
JG0139d	4	58993202	N:AG[T>G]TT	-1	1038133.0	748438712
JG0139d	4	59014775	N:GC[T>A]CC	-1	21573.0	748460285
JG0139d	4	60164406	N:GC[T>A]GT	-1	1149631.0	749609916
JG0139d	4	60380292	N:TC[T>G]TC	1	215886.0	749825802
JG0139d	4	60425718	N:AC[T>A]TG	1	45426.0	749871228
JG0139d	4	60441417	N:GG[T>G]TA	-1	15699.0	749886927
JG0139d	4	60544541	N:CC[T>C]CT	-1	103124.0	749990051
JG0139d	4	60962469	N:TC[T>A]CA	1	417928.0	750407979
JG0139d	4	60981815	N:GC[T>G]TG	-1	19346.0	750427325
JG0139d	4	61374495	T:AT[C>A]TG	-1	392680.0	750820005
JG0139d	4	61528214	U:AC[T>C]TA	1	153719.0	750973724
JG0139d	4	61978968	U:TC[T>A]TC	1	450754.0	751424478
JG0139d	4	62032373	U:AC[T>A]TT	1	53405.0	751477883
JG0139d	4	62466473	N:CC[T>C]TT	-1	434100.0	751911983
JG0139d	4	62873190	N:TC[T>G]CT	1	406717.0	752318700
JG0139d	4	63032959	N:TG[T>C]CA	1	159769.0	752478469
JG0139d	4	63350611	N:GC[T>G]TA	1	317652.0	752796121
JG0139d	4	63588788	N:CC[T>G]TA	-1	238177.0	753034298
JG0139d	4	63640558	N:AC[T>C]TG	-1	51770.0	753086068
JG0139d	4	64008879	N:AC[T>G]TA	1	368321.0	753454389
JG0139d	4	65395683	U:GC[T>C]CA	-1	1386804.0	754841193
JG0139d	4	65591222	U:TC[T>G]CT	-1	195539.0	755036732
JG0139d	4	65673302	N:AC[T>C]TT	-1	82080.0	755118812
JG0139d	4	65681519	N:TC[T>C]TT	-1	8217.0	755127029
JG0139d	4	65915521	N:TG[T>G]TT	1	234002.0	755361031
JG0139d	4	66161528	N:TC[T>G]TC	-1	246007.0	755607038
JG0139d	4	66204481	N:AC[T>C]TT	1	42953.0	755649991
JG0139d	4	66930481	N:GC[T>G]TT	-1	726000.0	756375991
JG0139d	4	66947286	N:TC[T>C]TG	-1	16805.0	756392796
JG0139d	4	67234125	N:CC[T>G]TC	1	286839.0	756679635
JG0139d	4	67278001	N:AC[T>G]TG	-1	43876.0	756723511
JG0139d	4	67575766	U:TC[T>G]TG	1	297765.0	757021276
JG0139d	4	67680149	T:AC[T>C]TT	1	104383.0	757125659
JG0139d	4	68017141	N:TC[T>G]TA	1	336992.0	757462651
JG0139d	4	68336812	U:GG[T>G]TG	-1	319671.0	757782322
JG0139d	4	68546653	U:TG[T>C]CT	-1	209841.0	757992163
JG0139d	4	69064633	U:TA[C>A]AT	1	517980.0	758510143
JG0139d	4	69121498	N:TG[T>A]CT	-1	56865.0	758567008
JG0139d	4	69132482	N:AC[T>G]CA	1	10984.0	758577992
JG0139d	4	69633222	T:AC[T>G]TT	1	500740.0	759078732
JG0139d	4	70171913	N:AG[T>G]TT	-1	538691.0	759617423
JG0139d	4	70357792	N:TC[T>A]CC	1	185879.0	759803302
JG0139d	4	70734263	T:TT[T>C]TC	-1	376471.0	760179773
JG0139d	4	70772455	U:AC[T>G]TA	1	38192.0	760217965
JG0139d	4	70893699	N:GC[T>C]CA	-1	121244.0	760339209
JG0139d	4	70961127	T:TC[T>C]TT	-1	67428.0	760406637
JG0139d	4	71009030	T:TC[T>G]TC	-1	47903.0	760454540
JG0139d	4	71082626	T:TC[T>C]CT	-1	73596.0	760528136
JG0139d	4	71189887	T:CC[T>G]CT	-1	107261.0	760635397
JG0139d	4	71205477	U:TC[T>C]TC	1	15590.0	760650987
JG0139d	4	71256363	U:AG[T>G]GA	1	50886.0	760701873
JG0139d	4	71342967	U:AC[T>G]TC	1	86604.0	760788477
JG0139d	4	71432946	T:TC[T>C]CC	-1	89979.0	760878456
JG0139d	4	71543234	T:CC[T>G]TT	-1	110288.0	760988744
JG0139d	4	71806144	N:CC[T>C]CT	-1	262910.0	761251654
JG0139d	4	71930355	N:GC[T>G]GA	1	124211.0	761375865
JG0139d	4	71974731	N:TC[T>G]TT	1	44376.0	761420241
JG0139d	4	71979663	N:AC[T>C]TA	-1	4932.0	761425173
JG0139d	4	72481454	U:GC[T>C]CT	-1	501791.0	761926964
JG0139d	4	72588572	N:AC[T>G]TT	-1	107118.0	762034082
JG0139d	4	73062083	T:TC[T>A]TT	1	473511.0	762507593
JG0139d	4	73078900	U:TC[T>A]CT	-1	16817.0	762524410
JG0139d	4	73181724	U:TG[T>G]TT	-1	102824.0	762627234
JG0139d	4	73452640	U:AC[T>G]TG	1	270916.0	762898150
JG0139d	4	74009686	N:AC[T>C]TA	1	557046.0	763455196
JG0139d	4	74195769	T:TC[T>G]TA	-1	186083.0	763641279
JG0139d	4	74461335	N:TC[T>G]TT	-1	265566.0	763906845
JG0139d	4	74682680	N:CC[T>G]TC	1	221345.0	764128190
JG0139d	4	75026872	T:CC[T>A]CA	-1	344192.0	764472382
JG0139d	4	75203822	N:AC[T>C]GG	-1	176950.0	764649332
JG0139d	4	75343342	N:TC[T>A]TT	1	139520.0	764788852
JG0139d	4	75571722	N:TC[T>C]CG	1	228380.0	765017232
JG0139d	4	75670946	U:TA[T>G]TC	-1	99224.0	765116456
JG0139d	4	76137260	U:AC[T>G]TT	-1	466314.0	765582770
JG0139d	4	76238567	T:AC[T>C]CA	-1	101307.0	765684077
JG0139d	4	76281440	U:CC[T>G]AA	1	42873.0	765726950
JG0139d	4	76696833	U:GC[T>A]TG	1	415393.0	766142343
JG0139d	4	76747891	U:GC[T>C]TG	1	51058.0	766193401
JG0139d	4	76830717	N:GC[T>G]TA	-1	82826.0	766276227
JG0139d	4	76916081	N:CC[T>A]CT	1	85364.0	766361591
JG0139d	4	77224722	N:CC[T>C]GA	1	308641.0	766670232
JG0139d	4	77279898	N:GC[T>G]TT	1	55176.0	766725408
JG0139d	4	77343072	N:CT[T>A]TT	1	63174.0	766788582
JG0139d	4	77673984	N:GG[T>G]TT	1	330912.0	767119494
JG0139d	4	78195038	U:AC[T>C]CC	1	521054.0	767640548
JG0139d	4	78523583	T:TC[T>C]TA	-1	328545.0	767969093
JG0139d	4	78809371	U:TG[T>G]TT	1	285788.0	768254881
JG0139d	4	79099750	N:TC[T>G]TC	1	290379.0	768545260
JG0139d	4	79101712	N:AC[T>C]CT	-1	1962.0	768547222
JG0139d	4	79138109	N:CC[T>C]GT	-1	36397.0	768583619
JG0139d	4	79273953	N:TC[T>G]TG	-1	135844.0	768719463
JG0139d	4	79751693	N:GC[T>C]TT	-1	477740.0	769197203
JG0139d	4	79869788	N:AG[T>C]CA	1	118095.0	769315298
JG0139d	4	80138817	N:TC[T>A]CC	-1	269029.0	769584327
JG0139d	4	80579031	T:AC[T>G]TT	-1	440214.0	770024541
JG0139d	4	80613852	T:TG[T>C]TT	-1	34821.0	770059362
JG0139d	4	81116033	T:TT[T>C]TT	1	502181.0	770561543
JG0139d	4	81403951	N:CC[T>A]CT	-1	287918.0	770849461
JG0139d	4	81407095	N:TC[T>G]TA	-1	3144.0	770852605
JG0139d	4	81410982	N:AC[T>C]TT	-1	3887.0	770856492
JG0139d	4	81983307	T:TC[T>A]TA	1	572325.0	771428817
JG0139d	4	82514296	T:TC[T>G]TT	1	530989.0	771959806
JG0139d	4	82568265	N:CC[T>G]TG	-1	53969.0	772013775
JG0139d	4	82656119	T:AC[T>G]TT	1	87854.0	772101629
JG0139d	4	82779457	T:TC[T>G]AA	1	123338.0	772224967
JG0139d	4	82805181	N:CC[T>C]TC	-1	25724.0	772250691
JG0139d	4	83229548	N:CC[T>C]TC	1	424367.0	772675058
JG0139d	4	83665789	N:TC[T>A]CT	1	436241.0	773111299
JG0139d	4	84058036	N:GC[T>C]TA	-1	392247.0	773503546
JG0139d	4	84181037	N:AC[T>G]TG	1	123001.0	773626547
JG0139d	4	84190508	N:TC[T>G]CT	-1	9471.0	773636018
JG0139d	4	84428839	N:TC[T>G]TT	-1	238331.0	773874349
JG0139d	4	84457552	N:AC[T>G]TT	-1	28713.0	773903062
JG0139d	4	84516057	N:TG[T>C]CT	-1	58505.0	773961567
JG0139d	4	84541700	N:CC[T>G]TG	-1	25643.0	773987210
JG0139d	4	84717944	U:CC[T>C]CC	-1	176244.0	774163454
JG0139d	4	84810513	U:GC[T>G]TT	-1	92569.0	774256023
JG0139d	4	85469971	N:GC[T>G]TT	1	659458.0	774915481
JG0139d	4	85606901	T:TC[T>G]TC	-1	136930.0	775052411
JG0139d	4	85629453	U:AC[T>G]TA	1	22552.0	775074963
JG0139d	4	85769643	U:TC[T>G]TT	1	140190.0	775215153
JG0139d	4	85816271	T:AG[T>C]TA	-1	46628.0	775261781
JG0139d	4	86057301	U:GC[T>C]TA	-1	241030.0	775502811
JG0139d	4	86116365	U:AG[T>C]CT	-1	59064.0	775561875
JG0139d	4	86158608	U:AC[T>G]TA	-1	42243.0	775604118
JG0139d	4	86190954	T:TC[T>C]CC	1	32346.0	775636464
JG0139d	4	86339549	T:TC[T>G]TT	1	148595.0	775785059
JG0139d	4	86407589	T:TC[T>G]TC	1	68040.0	775853099
JG0139d	4	86423549	U:AC[T>C]TA	-1	15960.0	775869059
JG0139d	4	86442884	U:GC[T>C]GG	-1	19335.0	775888394
JG0139d	4	86512227	T:AC[T>G]TG	1	69343.0	775957737
JG0139d	4	86960904	T:CA[T>G]TA	-1	448677.0	776406414
JG0139d	4	87042903	T:GG[T>C]TT	-1	81999.0	776488413
JG0139d	4	87636781	N:TC[T>G]TG	-1	593878.0	777082291
JG0139d	4	87802798	T:AG[T>C]TA	-1	166017.0	777248308
JG0139d	4	87941900	N:AC[T>C]CT	1	139102.0	777387410
JG0139d	4	88095180	T:CC[T>C]TT	1	153280.0	777540690
JG0139d	4	88276554	T:CC[T>G]TA	1	181374.0	777722064
JG0139d	4	88331205	N:TC[T>G]CA	1	54651.0	777776715
JG0139d	4	88466596	T:TC[T>C]GG	-1	135391.0	777912106
JG0139d	4	88579847	T:AC[T>A]CT	-1	113251.0	778025357
JG0139d	4	88617268	U:AG[T>G]TG	1	37421.0	778062778
JG0139d	4	88698911	U:TC[T>G]TC	1	81643.0	778144421
JG0139d	4	88734527	U:GC[T>C]TC	-1	35616.0	778180037
JG0139d	4	88787479	T:TA[T>A]TT	1	52952.0	778232989
JG0139d	4	89638733	N:AC[T>C]GT	-1	851254.0	779084243
JG0139d	4	89817709	U:GC[T>G]TG	-1	178976.0	779263219
JG0139d	4	90261211	U:GC[T>G]TT	1	443502.0	779706721
JG0139d	4	90922011	U:TC[T>C]TT	1	660800.0	780367521
JG0139d	4	91912538	N:CC[T>C]TG	1	990527.0	781358048
JG0139d	4	92509702	T:TA[T>G]TA	-1	597164.0	781955212
JG0139d	4	92594927	T:TC[T>G]TA	-1	85225.0	782040437
JG0139d	4	93287100	U:AC[T>G]TA	1	692173.0	782732610
JG0139d	4	93918002	N:TC[T>G]TG	1	630902.0	783363512
JG0139d	4	94179595	N:TC[T>G]TC	1	261593.0	783625105
JG0139d	4	94420582	N:TC[T>G]TA	1	240987.0	783866092
JG0139d	4	94548199	U:AC[T>G]TA	1	127617.0	783993709
JG0139d	4	95580285	N:GC[T>C]TG	1	1032086.0	785025795
JG0139d	4	96121034	N:TC[T>C]TT	1	540749.0	785566544
JG0139d	4	96135807	N:CC[T>C]GC	-1	14773.0	785581317
JG0139d	4	96540382	N:AC[T>G]TC	-1	404575.0	785985892
JG0139d	4	96698330	N:AC[T>A]TC	1	157948.0	786143840
JG0139d	4	96853313	N:AG[T>G]CC	1	154983.0	786298823
JG0139d	4	96917657	N:CC[T>C]CA	-1	64344.0	786363167
JG0139d	4	97337590	T:TC[T>G]TA	1	419933.0	786783100
JG0139d	4	97736951	U:CC[T>C]CC	-1	399361.0	787182461
JG0139d	4	98328143	U:TC[T>G]CA	1	591192.0	787773653
JG0139d	4	98734907	N:AC[T>G]TT	1	406764.0	788180417
JG0139d	4	98810834	N:GC[T>G]CT	1	75927.0	788256344
JG0139d	4	99226219	N:CC[T>G]TA	1	415385.0	788671729
JG0139d	4	99607546	T:AG[T>A]CA	-1	381327.0	789053056
JG0139d	4	99996580	N:GC[T>A]CA	1	389034.0	789442090
JG0139d	4	100098587	N:AC[T>C]TA	1	102007.0	789544097
JG0139d	4	101539682	T:AC[T>A]CT	-1	1441095.0	790985192
JG0139d	4	101740595	T:TC[T>A]TC	-1	200913.0	791186105
JG0139d	4	101977760	U:AC[T>C]TA	1	237165.0	791423270
JG0139d	4	102385386	N:AC[T>A]TG	-1	407626.0	791830896
JG0139d	4	102449148	N:TC[T>G]CG	1	63762.0	791894658
JG0139d	4	102503668	T:TG[C>A]TT	-1	54520.0	791949178
JG0139d	4	102611794	U:GG[T>G]TG	1	108126.0	792057304
JG0139d	4	103353822	N:CC[T>G]CT	-1	742028.0	792799332
JG0139d	4	103999049	N:CC[T>C]CA	1	645227.0	793444559
JG0139d	4	104071695	N:CC[T>C]CC	1	72646.0	793517205
JG0139d	4	104450812	N:TC[T>C]TC	-1	379117.0	793896322
JG0139d	4	104588073	N:GC[T>G]TT	1	137261.0	794033583
JG0139d	4	104890723	N:AC[T>C]GA	1	302650.0	794336233
JG0139d	4	105075550	N:AC[T>G]TG	-1	184827.0	794521060
JG0139d	4	105213879	T:CC[T>C]TA	-1	138329.0	794659389
JG0139d	4	105724483	B:TA[T>G]TT	1	510604.0	795169993
JG0139d	4	105853768	T:TC[T>C]TC	1	129285.0	795299278
JG0139d	4	106040171	N:GC[T>C]TT	-1	186403.0	795485681
JG0139d	4	106131869	U:CC[T>A]CG	-1	91698.0	795577379
JG0139d	4	106231116	U:GC[T>C]TG	-1	99247.0	795676626
JG0139d	4	106235119	T:TC[T>G]TT	1	4003.0	795680629
JG0139d	4	106588301	N:TC[T>G]TG	1	353182.0	796033811
JG0139d	4	107410441	N:AC[T>G]TC	-1	822140.0	796855951
JG0139d	4	107418496	N:GC[T>C]TA	1	8055.0	796864006
JG0139d	4	107443225	N:CC[T>C]CT	-1	24729.0	796888735
JG0139d	4	107510453	N:AC[T>G]TC	1	67228.0	796955963
JG0139d	4	107513850	N:TC[T>C]TG	-1	3397.0	796959360
JG0139d	4	107757424	N:CC[T>G]TT	1	243574.0	797202934
JG0139d	4	108299343	N:TC[T>C]CC	1	541919.0	797744853
JG0139d	4	109023229	U:CC[T>G]TG	-1	723886.0	798468739
JG0139d	4	109238617	T:TG[T>C]GC	1	215388.0	798684127
JG0139d	4	109345940	N:TG[T>A]TC	-1	107323.0	798791450
JG0139d	4	109951654	T:AC[T>A]TA	-1	605714.0	799397164
JG0139d	4	110104225	U:TT[T>G]TG	-1	152571.0	799549735
JG0139d	4	110451163	N:CG[T>G]TG	-1	346938.0	799896673
JG0139d	4	110692266	N:AC[T>G]TG	1	241103.0	800137776
JG0139d	4	111516011	N:TC[T>G]CT	-1	823745.0	800961521
JG0139d	4	111542031	N:AC[T>C]TT	-1	26020.0	800987541
JG0139d	4	112027266	N:GC[T>G]TA	1	485235.0	801472776
JG0139d	4	112408692	U:TC[T>C]TG	1	381426.0	801854202
JG0139d	4	112712488	N:GC[T>C]TG	-1	303796.0	802157998
JG0139d	4	112722866	N:CC[T>C]CA	-1	10378.0	802168376
JG0139d	4	113594909	T:AC[T>G]TC	1	872043.0	803040419
JG0139d	4	113787042	N:AT[C>T]AC	-1	192133.0	803232552
JG0139d	4	113807526	N:GC[T>G]TT	1	20484.0	803253036
JG0139d	4	113830545	N:CC[T>C]CT	-1	23019.0	803276055
JG0139d	4	114001551	N:AC[T>G]CT	-1	171006.0	803447061
JG0139d	4	114121955	N:AC[T>C]CT	1	120404.0	803567465
JG0139d	4	114484918	N:GG[T>G]TT	1	362963.0	803930428
JG0139d	4	114832218	U:TG[T>G]TA	-1	347300.0	804277728
JG0139d	4	114868039	U:CC[T>G]TT	-1	35821.0	804313549
JG0139d	4	115070155	U:TC[T>C]TT	-1	202116.0	804515665
JG0139d	4	115209002	N:TC[T>C]TG	-1	138847.0	804654512
JG0139d	4	115265468	N:AC[T>C]TT	-1	56466.0	804710978
JG0139d	4	115341003	N:AC[T>G]TT	-1	75535.0	804786513
JG0139d	4	115564956	N:CC[T>C]TC	-1	223953.0	805010466
JG0139d	4	115581782	N:TC[T>G]TG	-1	16826.0	805027292
JG0139d	4	115658003	N:CC[T>G]TA	-1	76221.0	805103513
JG0139d	4	115823807	N:AG[T>A]TT	-1	165804.0	805269317
JG0139d	4	116240999	N:GC[T>G]CC	1	417192.0	805686509
JG0139d	4	116407646	N:TC[T>G]TC	-1	166647.0	805853156
JG0139d	4	116579725	N:TC[T>A]TA	-1	172079.0	806025235
JG0139d	4	117729255	N:AC[T>C]CT	1	1149530.0	807174765
JG0139d	4	117732595	N:AC[T>A]TA	1	3340.0	807178105
JG0139d	4	117794476	N:TG[T>C]CT	-1	61881.0	807239986
JG0139d	4	118364805	N:AC[T>A]TA	-1	570329.0	807810315
JG0139d	4	118671689	N:CC[T>G]TT	-1	306884.0	808117199
JG0139d	4	118673509	N:TC[T>G]CA	1	1820.0	808119019
JG0139d	4	119031017	T:GC[T>C]TT	-1	357508.0	808476527
JG0139d	4	119405985	N:CC[T>C]CC	-1	374968.0	808851495
JG0139d	4	119427921	N:CC[T>G]CC	1	21936.0	808873431
JG0139d	4	119644191	N:CC[T>C]TA	-1	216270.0	809089701
JG0139d	4	119838127	N:AG[T>G]TC	1	193936.0	809283637
JG0139d	4	119921682	N:TA[T>G]TG	-1	83555.0	809367192
JG0139d	4	119947495	N:CC[T>A]TC	1	25813.0	809393005
JG0139d	4	119983022	N:TC[T>G]TT	-1	35527.0	809428532
JG0139d	4	120068598	N:CC[T>G]TT	-1	85576.0	809514108
JG0139d	4	120332907	N:CC[T>C]GA	1	264309.0	809778417
JG0139d	4	120598939	N:TG[T>G]TA	-1	266032.0	810044449
JG0139d	4	120936663	N:AC[T>G]TA	-1	337724.0	810382173
JG0139d	4	121435204	N:TC[T>C]GT	1	498541.0	810880714
JG0139d	4	122060704	N:GC[T>C]TA	1	625500.0	811506214
JG0139d	4	122510506	N:TC[T>G]TA	-1	449802.0	811956016
JG0139d	4	123087945	U:CC[T>G]TT	1	577439.0	812533455
JG0139d	4	123102242	T:CT[T>G]TA	-1	14297.0	812547752
JG0139d	4	123103551	U:GC[T>G]TT	1	1309.0	812549061
JG0139d	4	123276263	U:GC[T>A]TG	1	172712.0	812721773
JG0139d	4	123340790	N:TC[T>G]TC	-1	64527.0	812786300
JG0139d	4	123479512	N:TC[T>C]CA	-1	138722.0	812925022
JG0139d	4	123587451	N:CC[T>C]CC	-1	107939.0	813032961
JG0139d	4	123656938	N:GT[T>G]TC	-1	69487.0	813102448
JG0139d	4	123698494	N:AC[T>G]TG	1	41556.0	813144004
JG0139d	4	123828620	N:GG[T>C]CA	1	130126.0	813274130
JG0139d	4	123869844	N:AG[T>A]CT	-1	41224.0	813315354
JG0139d	4	123954565	N:GG[T>G]TT	1	84721.0	813400075
JG0139d	4	124030202	N:GC[T>C]GC	1	75637.0	813475712
JG0139d	4	124053538	N:CC[T>A]TG	1	23336.0	813499048
JG0139d	4	124466626	N:AC[T>G]TA	-1	413088.0	813912136
JG0139d	4	124863643	N:TC[T>C]GT	1	397017.0	814309153
JG0139d	4	125486365	U:TC[T>G]TT	1	622722.0	814931875
JG0139d	4	125718634	N:TC[T>C]CT	1	232269.0	815164144
JG0139d	4	125756572	N:TC[T>G]TT	1	37938.0	815202082
JG0139d	4	125901299	N:AC[T>G]TT	1	144727.0	815346809
JG0139d	4	126263288	N:TC[T>C]TG	1	361989.0	815708798
JG0139d	4	126690220	N:GC[T>G]CC	-1	426932.0	816135730
JG0139d	4	126737639	N:AC[T>C]CC	-1	47419.0	816183149
JG0139d	4	126845406	N:AG[T>G]TA	1	107767.0	816290916
JG0139d	4	126859261	N:AC[T>G]TA	-1	13855.0	816304771
JG0139d	4	127287304	N:GC[T>A]CT	1	428043.0	816732814
JG0139d	4	127290785	N:AG[C>A]AT	-1	3481.0	816736295
JG0139d	4	127754500	U:TC[T>G]TT	1	463715.0	817200010
JG0139d	4	127846597	N:TC[T>G]CT	-1	92097.0	817292107
JG0139d	4	127885589	T:AG[T>C]GG	-1	38992.0	817331099
JG0139d	4	127982891	U:CC[T>C]TG	1	97302.0	817428401
JG0139d	4	128474220	N:TA[T>G]TT	-1	491329.0	817919730
JG0139d	4	128601494	N:TC[T>G]TG	1	127274.0	818047004
JG0139d	4	128619565	N:GG[T>G]TA	-1	18071.0	818065075
JG0139d	4	128855164	U:GC[T>C]TT	1	235599.0	818300674
JG0139d	4	129105838	U:AA[T>G]TT	1	250674.0	818551348
JG0139d	4	129597207	N:GC[T>G]CA	-1	491369.0	819042717
JG0139d	4	129679923	N:TG[T>G]TT	-1	82716.0	819125433
JG0139d	4	129783567	N:CC[T>G]TT	-1	103644.0	819229077
JG0139d	4	130137650	N:CC[T>C]TT	-1	354083.0	819583160
JG0139d	4	130579464	N:CC[T>G]TC	1	441814.0	820024974
JG0139d	4	130597120	N:GC[T>G]TA	-1	17656.0	820042630
JG0139d	4	130842731	N:TG[T>C]GA	1	245611.0	820288241
JG0139d	4	130969116	N:AC[T>C]TT	1	126385.0	820414626
JG0139d	4	131073634	N:TC[T>C]CC	1	104518.0	820519144
JG0139d	4	131275442	N:GG[T>G]TT	1	201808.0	820720952
JG0139d	4	131587783	N:AC[T>C]AG	1	312341.0	821033293
JG0139d	4	132052438	N:AC[T>A]TT	1	464655.0	821497948
JG0139d	4	132150438	N:AC[T>A]TT	1	98000.0	821595948
JG0139d	4	132342848	N:GC[T>C]TC	1	192410.0	821788358
JG0139d	4	132919435	N:GC[T>G]TG	-1	576587.0	822364945
JG0139d	4	133221733	N:GC[T>C]TT	-1	302298.0	822667243
JG0139d	4	133361238	N:TC[T>C]CA	-1	139505.0	822806748
JG0139d	4	133710375	N:CC[T>C]AT	1	349137.0	823155885
JG0139d	4	133782568	N:TC[T>C]CT	-1	72193.0	823228078
JG0139d	4	134169628	N:TG[C>A]TA	-1	387060.0	823615138
JG0139d	4	134560468	N:GC[T>C]CG	1	390840.0	824005978
JG0139d	4	134763154	N:TC[T>A]CT	-1	202686.0	824208664
JG0139d	4	134926100	N:CC[T>C]GT	1	162946.0	824371610
JG0139d	4	135076928	N:TG[T>G]TT	1	150828.0	824522438
JG0139d	4	135085244	N:CA[T>G]TG	1	8316.0	824530754
JG0139d	4	135634491	N:CC[T>C]CT	-1	549247.0	825080001
JG0139d	4	135925672	N:AC[T>A]CC	-1	291181.0	825371182
JG0139d	4	136502507	N:TC[T>A]CC	-1	576835.0	825948017
JG0139d	4	136520745	N:CC[T>G]TT	1	18238.0	825966255
JG0139d	4	136817315	N:CC[T>C]TA	-1	296570.0	826262825
JG0139d	4	137160218	N:TC[T>G]TC	1	342903.0	826605728
JG0139d	4	137229270	N:GC[T>A]AC	-1	69052.0	826674780
JG0139d	4	137581551	N:TC[T>G]CT	-1	352281.0	827027061
JG0139d	4	138299055	N:GC[T>G]CA	-1	717504.0	827744565
JG0139d	4	138507110	N:GC[T>C]GG	-1	208055.0	827952620
JG0139d	4	138702625	N:GC[T>G]TT	-1	195515.0	828148135
JG0139d	4	138742172	N:GC[T>A]GA	1	39547.0	828187682
JG0139d	4	138756475	N:GC[T>G]TT	-1	14303.0	828201985
JG0139d	4	139316768	U:TC[T>G]CA	1	560293.0	828762278
JG0139d	4	139348719	T:TC[T>G]TA	-1	31951.0	828794229
JG0139d	4	139759363	T:GC[T>G]GG	1	410644.0	829204873
JG0139d	4	140073825	U:GC[T>G]CC	-1	314462.0	829519335
JG0139d	4	140094663	T:AC[T>A]TC	1	20838.0	829540173
JG0139d	4	140480713	U:TC[T>A]TG	-1	386050.0	829926223
JG0139d	4	141282464	N:CC[T>C]CA	1	801751.0	830727974
JG0139d	4	141295422	N:AC[T>C]TT	-1	12958.0	830740932
JG0139d	4	141664558	T:AT[T>G]TA	-1	369136.0	831110068
JG0139d	4	141895402	N:AC[T>C]CC	1	230844.0	831340912
JG0139d	4	142043280	T:TC[T>C]TA	1	147878.0	831488790
JG0139d	4	142071454	U:GC[T>G]TT	-1	28174.0	831516964
JG0139d	4	142347323	U:AC[T>G]TT	-1	275869.0	831792833
JG0139d	4	142348368	T:TC[T>A]TG	1	1045.0	831793878
JG0139d	4	142757690	U:CC[T>G]TT	-1	409322.0	832203200
JG0139d	4	142865148	N:TC[T>C]CC	1	107458.0	832310658
JG0139d	4	143155274	N:CC[T>C]TA	1	290126.0	832600784
JG0139d	4	143293702	N:TC[T>C]TT	-1	138428.0	832739212
JG0139d	4	143443777	T:TG[T>G]TA	-1	150075.0	832889287
JG0139d	4	143560020	N:CC[T>C]CC	1	116243.0	833005530
JG0139d	4	143760968	N:TC[T>C]CT	-1	200948.0	833206478
JG0139d	4	143935629	N:AC[T>C]TT	1	174661.0	833381139
JG0139d	4	144065189	N:AG[T>G]GA	1	129560.0	833510699
JG0139d	4	144307428	N:CC[T>A]GG	-1	242239.0	833752938
JG0139d	4	144519531	N:AC[T>C]TT	-1	212103.0	833965041
JG0139d	4	144566416	N:TG[T>A]TA	1	46885.0	834011926
JG0139d	4	144626678	N:AC[T>A]CT	-1	60262.0	834072188
JG0139d	4	144718450	T:CC[T>G]GA	-1	91772.0	834163960
JG0139d	4	144807661	N:TC[T>G]TC	-1	89211.0	834253171
JG0139d	4	145101572	T:CC[T>C]CA	-1	293911.0	834547082
JG0139d	4	145131190	N:CA[T>G]TT	1	29618.0	834576700
JG0139d	4	145165036	U:TC[T>C]TT	-1	33846.0	834610546
JG0139d	4	145580887	N:TC[T>G]TT	-1	415851.0	835026397
JG0139d	4	145673443	N:TC[T>G]TC	1	92556.0	835118953
JG0139d	4	145897743	U:AC[T>G]TA	-1	224300.0	835343253
JG0139d	4	145924770	T:TC[T>C]CT	1	27027.0	835370280
JG0139d	4	146193270	N:TC[T>C]CC	1	268500.0	835638780
JG0139d	4	146203260	N:GG[T>G]TC	1	9990.0	835648770
JG0139d	4	146471708	T:GC[T>C]TT	1	268448.0	835917218
JG0139d	4	146536873	N:TC[T>C]TT	1	65165.0	835982383
JG0139d	4	146789270	T:CC[T>G]TA	1	252397.0	836234780
JG0139d	4	147673936	T:CC[T>G]TT	1	884666.0	837119446
JG0139d	4	147705070	N:GG[T>G]TA	-1	31134.0	837150580
JG0139d	4	147917147	U:TC[T>C]CA	1	212077.0	837362657
JG0139d	4	148167437	T:CC[T>G]TT	1	250290.0	837612947
JG0139d	4	148439743	T:CC[T>C]TT	1	272306.0	837885253
JG0139d	4	149028703	N:CC[T>G]TA	-1	588960.0	838474213
JG0139d	4	149144651	N:TC[T>G]TT	1	115948.0	838590161
JG0139d	4	149300962	N:TC[T>G]TC	-1	156311.0	838746472
JG0139d	4	149308994	N:AC[T>C]CA	1	8032.0	838754504
JG0139d	4	149809550	U:GG[C>A]AA	-1	500556.0	839255060
JG0139d	4	149869320	N:TG[T>G]TA	-1	59770.0	839314830
JG0139d	4	150003782	N:GG[T>G]TG	1	134462.0	839449292
JG0139d	4	150454733	T:CC[T>C]CA	1	450951.0	839900243
JG0139d	4	150584281	B:GG[T>G]TG	-1	129548.0	840029791
JG0139d	4	151017803	N:TG[T>C]TG	-1	433522.0	840463313
JG0139d	4	151066047	N:CC[T>A]TC	-1	48244.0	840511557
JG0139d	4	151138454	T:AC[T>G]TT	1	72407.0	840583964
JG0139d	4	151767219	N:TC[T>G]TT	1	628765.0	841212729
JG0139d	4	152185608	N:CC[T>C]TG	1	418389.0	841631118
JG0139d	4	152415375	U:TC[T>C]TA	-1	229767.0	841860885
JG0139d	4	152418445	U:TC[T>G]CA	-1	3070.0	841863955
JG0139d	4	153080611	N:TC[T>G]TG	-1	662166.0	842526121
JG0139d	4	153532059	U:CC[T>A]TG	1	451448.0	842977569
JG0139d	4	153564044	U:AC[T>C]TT	1	31985.0	843009554
JG0139d	4	153652768	N:AC[T>G]TT	-1	88724.0	843098278
JG0139d	4	153653986	N:AC[T>C]GT	-1	1218.0	843099496
JG0139d	4	153910976	N:TC[T>A]CC	1	256990.0	843356486
JG0139d	4	153924191	N:TC[T>A]CC	1	13215.0	843369701
JG0139d	4	154180299	N:TC[T>C]TC	1	256108.0	843625809
JG0139d	4	154301825	U:CC[T>G]TT	-1	121526.0	843747335
JG0139d	4	154306261	U:CA[T>G]TC	-1	4436.0	843751771
JG0139d	4	154406925	T:TC[T>C]CT	1	100664.0	843852435
JG0139d	4	154535857	T:AC[T>G]TA	1	128932.0	843981367
JG0139d	4	154580415	N:TC[T>G]TG	-1	44558.0	844025925
JG0139d	4	154651279	T:GC[T>C]GT	-1	70864.0	844096789
JG0139d	4	155051462	N:GG[T>G]TT	1	400183.0	844496972
JG0139d	4	155195059	N:TC[T>G]TT	-1	143597.0	844640569
JG0139d	4	155598740	N:TT[T>G]TT	1	403681.0	845044250
JG0139d	4	155855546	B:TG[T>G]TC	1	256806.0	845301056
JG0139d	4	155867278	T:TC[T>A]TG	-1	11732.0	845312788
JG0139d	4	155886009	U:AC[T>G]TT	1	18731.0	845331519
JG0139d	4	155893802	T:TG[T>G]TA	-1	7793.0	845339312
JG0139d	4	156028416	N:AC[T>A]TG	-1	134614.0	845473926
JG0139d	4	156201468	N:AC[T>C]TT	1	173052.0	845646978
JG0139d	4	156408866	N:AC[T>C]TA	1	207398.0	845854376
JG0139d	4	156500875	N:CC[T>A]TA	-1	92009.0	845946385
JG0139d	4	156657372	N:TC[T>G]TT	1	156497.0	846102882
JG0139d	4	156774823	T:TC[T>G]TT	1	117451.0	846220333
JG0139d	4	156901298	U:AC[T>C]TC	-1	126475.0	846346808
JG0139d	4	156934723	T:GC[T>A]TG	1	33425.0	846380233
JG0139d	4	157432952	N:AC[T>C]TT	1	498229.0	846878462
JG0139d	4	157924942	N:TA[C>T]TT	1	491990.0	847370452
JG0139d	4	158347008	U:CC[T>G]TT	1	422066.0	847792518
JG0139d	4	158419361	T:AC[T>C]CC	-1	72353.0	847864871
JG0139d	4	158719280	T:TC[T>G]TA	1	299919.0	848164790
JG0139d	4	158956278	U:GC[T>C]TG	-1	236998.0	848401788
JG0139d	4	159205996	U:TC[T>G]TG	1	249718.0	848651506
JG0139d	4	159368689	N:GC[T>G]TC	-1	162693.0	848814199
JG0139d	4	159377938	N:CG[T>G]TG	-1	9249.0	848823448
JG0139d	4	159851728	N:TC[T>C]TT	-1	473790.0	849297238
JG0139d	4	159894973	N:TC[T>C]TT	-1	43245.0	849340483
JG0139d	4	160318922	N:TC[T>C]TT	-1	423949.0	849764432
JG0139d	4	160504695	N:AG[T>G]TG	-1	185773.0	849950205
JG0139d	4	160788077	N:CC[T>G]TC	-1	283382.0	850233587
JG0139d	4	161012206	N:AC[T>C]TT	1	224129.0	850457716
JG0139d	4	161189313	N:CC[T>A]CC	1	177107.0	850634823
JG0139d	4	161278699	N:TC[T>G]TG	1	89386.0	850724209
JG0139d	4	161316474	N:CA[C>G]AG	-1	37775.0	850761984
JG0139d	4	161375908	N:TC[T>G]TA	-1	59434.0	850821418
JG0139d	4	161626295	T:AC[T>A]CG	1	250387.0	851071805
JG0139d	4	161841014	U:AG[T>G]TC	-1	214719.0	851286524
JG0139d	4	161906576	T:GC[T>G]TT	1	65562.0	851352086
JG0139d	4	162052802	T:AC[T>C]CT	1	146226.0	851498312
JG0139d	4	162306283	N:TG[T>C]AT	-1	253481.0	851751793
JG0139d	4	162347841	N:CC[T>G]TA	1	41558.0	851793351
JG0139d	4	162430700	N:CC[T>C]TT	1	82859.0	851876210
JG0139d	4	162582409	N:AC[T>G]TT	1	151709.0	852027919
JG0139d	4	162824476	N:TC[T>A]CA	1	242067.0	852269986
JG0139d	4	163022729	N:AC[T>C]TT	-1	198253.0	852468239
JG0139d	4	163062825	N:CA[T>G]CT	-1	40096.0	852508335
JG0139d	4	163086701	N:TC[T>G]TC	-1	23876.0	852532211
JG0139d	4	163221244	N:GC[T>C]CA	-1	134543.0	852666754
JG0139d	4	163343226	T:TC[T>G]TT	1	121982.0	852788736
JG0139d	4	163821794	T:GG[T>G]TT	1	478568.0	853267304
JG0139d	4	163979648	U:AC[T>C]TG	-1	157854.0	853425158
JG0139d	4	164159388	U:TT[T>G]TA	-1	179740.0	853604898
JG0139d	4	164184560	U:TC[T>A]TG	-1	25172.0	853630070
JG0139d	4	164270285	T:CC[T>C]TC	1	85725.0	853715795
JG0139d	4	164453912	N:CC[T>G]TC	-1	183627.0	853899422
JG0139d	4	164494873	N:AC[T>C]TG	1	40961.0	853940383
JG0139d	4	164768412	T:GC[T>A]CG	-1	273539.0	854213922
JG0139d	4	165140165	T:AC[T>G]TA	1	371753.0	854585675
JG0139d	4	165312155	U:AC[T>G]TG	1	171990.0	854757665
JG0139d	4	165391537	T:GT[T>G]TT	-1	79382.0	854837047
JG0139d	4	165482452	U:AC[T>G]GA	1	90915.0	854927962
JG0139d	4	165733378	N:AC[T>G]TC	-1	250926.0	855178888
JG0139d	4	165735257	N:AG[T>C]GG	1	1879.0	855180767
JG0139d	4	166007778	T:AC[T>C]CT	-1	272521.0	855453288
JG0139d	4	166079387	U:AC[T>G]TT	1	71609.0	855524897
JG0139d	4	166421664	N:GC[T>G]TG	-1	342277.0	855867174
JG0139d	4	166513261	N:AC[T>G]TC	-1	91597.0	855958771
JG0139d	4	166520413	N:AC[T>C]CA	-1	7152.0	855965923
JG0139d	4	166771294	T:GC[T>G]TC	1	250881.0	856216804
JG0139d	4	166947343	T:AC[T>A]TT	1	176049.0	856392853
JG0139d	4	167009330	T:TC[T>G]TT	1	61987.0	856454840
JG0139d	4	167056266	U:TG[T>G]TA	-1	46936.0	856501776
JG0139d	4	167542771	N:AC[T>A]CC	-1	486505.0	856988281
JG0139d	4	167882484	N:CC[T>G]TT	1	339713.0	857327994
JG0139d	4	168468503	U:CA[T>C]TA	-1	586019.0	857914013
JG0139d	4	168670254	U:GC[T>G]TT	1	201751.0	858115764
JG0139d	4	169118729	T:GA[T>G]TA	1	448475.0	858564239
JG0139d	4	169195079	T:AC[T>A]TT	1	76350.0	858640589
JG0139d	4	169276267	N:AC[T>C]CC	1	81188.0	858721777
JG0139d	4	169453072	U:TC[T>G]TT	-1	176805.0	858898582
JG0139d	4	169461220	T:CC[T>G]TT	1	8148.0	858906730
JG0139d	4	169750343	U:AC[T>G]TG	-1	289123.0	859195853
JG0139d	4	170055377	N:GG[T>G]TG	-1	305034.0	859500887
JG0139d	4	170094692	N:TC[T>G]CC	1	39315.0	859540202
JG0139d	4	170130524	N:CC[T>A]GT	1	35832.0	859576034
JG0139d	4	170157696	N:AC[T>C]AA	-1	27172.0	859603206
JG0139d	4	170353331	N:CG[C>A]TG	1	195635.0	859798841
JG0139d	4	170372246	N:AG[T>G]TT	1	18915.0	859817756
JG0139d	4	170503440	N:TG[T>G]TT	1	131194.0	859948950
JG0139d	4	170554325	N:CC[T>C]CA	1	50885.0	859999835
JG0139d	4	170809226	N:CC[T>C]CC	1	254901.0	860254736
JG0139d	4	171168043	N:AC[T>C]TT	-1	358817.0	860613553
JG0139d	4	171260556	N:TC[T>C]TG	-1	92513.0	860706066
JG0139d	4	171263781	N:CC[T>G]CT	1	3225.0	860709291
JG0139d	4	171540442	N:TC[T>G]TT	-1	276661.0	860985952
JG0139d	4	171563221	N:CC[T>G]TG	-1	22779.0	861008731
JG0139d	4	171788981	N:TC[T>G]TT	-1	225760.0	861234491
JG0139d	4	172121178	T:GC[C>T]AA	-1	332197.0	861566688
JG0139d	4	172307626	U:AC[T>A]TT	1	186448.0	861753136
JG0139d	4	172366492	U:TG[T>G]TG	1	58866.0	861812002
JG0139d	4	172378403	T:TC[T>G]TT	-1	11911.0	861823913
JG0139d	4	172438094	U:TC[T>G]TC	1	59691.0	861883604
JG0139d	4	172689048	T:GC[T>C]CT	-1	250954.0	862134558
JG0139d	4	172747682	U:AA[T>G]TG	1	58634.0	862193192
JG0139d	4	173052034	N:GC[T>G]CT	1	304352.0	862497544
JG0139d	4	173106510	N:GC[T>G]TA	-1	54476.0	862552020
JG0139d	4	173357773	N:AC[T>C]TA	-1	251263.0	862803283
JG0139d	4	173579467	N:CC[T>C]TG	-1	221694.0	863024977
JG0139d	4	174635729	N:AC[T>G]CT	-1	1056262.0	864081239
JG0139d	4	175048648	N:TG[T>G]TG	-1	412919.0	864494158
JG0139d	4	175242487	N:AC[T>G]TG	-1	193839.0	864687997
JG0139d	4	175249885	N:CC[T>G]TG	-1	7398.0	864695395
JG0139d	4	175452977	N:GC[T>G]TA	1	203092.0	864898487
JG0139d	4	175875797	T:TC[T>G]TT	1	422820.0	865321307
JG0139d	4	175918634	U:TC[T>G]TA	-1	42837.0	865364144
JG0139d	4	176404868	N:TC[T>A]AA	1	486234.0	865850378
JG0139d	4	176894704	N:TC[T>G]TC	1	489836.0	866340214
JG0139d	4	176912859	N:CC[T>G]TA	1	18155.0	866358369
JG0139d	4	177008079	N:AC[T>G]TG	1	95220.0	866453589
JG0139d	4	177051287	N:TC[T>C]GA	1	43208.0	866496797
JG0139d	4	177102281	N:AC[T>G]TT	-1	50994.0	866547791
JG0139d	4	177729560	N:AC[T>C]CG	1	627279.0	867175070
JG0139d	4	177921522	N:AC[T>C]CA	-1	191962.0	867367032
JG0139d	4	178000406	N:TC[T>G]CC	-1	78884.0	867445916
JG0139d	4	178031725	N:CC[T>G]TT	-1	31319.0	867477235
JG0139d	4	178068426	N:GC[T>C]TC	-1	36701.0	867513936
JG0139d	4	178301192	N:TC[T>G]TT	-1	232766.0	867746702
JG0139d	4	178739551	N:TC[T>C]CT	1	438359.0	868185061
JG0139d	4	178969849	N:AC[T>C]TT	1	230298.0	868415359
JG0139d	4	178977276	N:TC[T>G]TT	-1	7427.0	868422786
JG0139d	4	178979331	N:TC[T>G]TG	1	2055.0	868424841
JG0139d	4	179086868	N:TC[T>C]CT	-1	107537.0	868532378
JG0139d	4	179168861	N:CC[T>A]CA	-1	81993.0	868614371
JG0139d	4	179171500	N:GC[T>C]GC	1	2639.0	868617010
JG0139d	4	179518940	N:TC[T>G]TG	-1	347440.0	868964450
JG0139d	4	179630053	N:GC[T>C]TT	-1	111113.0	869075563
JG0139d	4	180095011	N:AA[T>G]TC	-1	464958.0	869540521
JG0139d	4	180119520	N:CG[T>C]TG	1	24509.0	869565030
JG0139d	4	180211647	N:TC[T>G]TT	-1	92127.0	869657157
JG0139d	4	180478614	N:AA[T>C]AA	1	266967.0	869924124
JG0139d	4	180567425	N:AC[T>C]CA	-1	88811.0	870012935
JG0139d	4	180714363	N:TC[T>C]TA	-1	146938.0	870159873
JG0139d	4	180884345	N:GC[T>C]TA	-1	169982.0	870329855
JG0139d	4	181111206	N:TC[T>A]CT	-1	226861.0	870556716
JG0139d	4	181284547	N:CC[T>G]CT	-1	173341.0	870730057
JG0139d	4	181521799	N:AC[T>G]TA	1	237252.0	870967309
JG0139d	4	181807296	N:TC[T>G]TT	-1	285497.0	871252806
JG0139d	4	182078235	N:CG[T>C]TT	-1	270939.0	871523745
JG0139d	4	182524118	U:CG[T>G]TT	1	445883.0	871969628
JG0139d	4	182649123	U:AC[T>C]TC	1	125005.0	872094633
JG0139d	4	182845669	N:TC[T>C]TG	1	196546.0	872291179
JG0139d	4	182881360	N:TC[T>G]TT	-1	35691.0	872326870
JG0139d	4	183114358	U:CC[T>G]TA	1	232998.0	872559868
JG0139d	4	183386873	N:AC[T>G]TG	-1	272515.0	872832383
JG0139d	4	183566529	N:CC[T>G]TT	-1	179656.0	873012039
JG0139d	4	183712092	U:AC[T>G]TT	1	145563.0	873157602
JG0139d	4	183833481	U:CC[T>C]TC	1	121389.0	873278991
JG0139d	4	185004372	N:TG[T>G]TT	1	1170891.0	874449882
JG0139d	4	185073945	N:AC[T>G]CC	1	69573.0	874519455
JG0139d	4	185077088	N:AC[T>G]TA	1	3143.0	874522598
JG0139d	4	185190261	T:TC[T>C]TT	1	113173.0	874635771
JG0139d	4	185310356	T:TG[T>C]GT	-1	120095.0	874755866
JG0139d	4	185405375	U:GC[T>C]TA	-1	95019.0	874850885
JG0139d	4	186292168	N:GC[T>G]TC	-1	886793.0	875737678
JG0139d	4	186450987	U:GG[T>A]TT	-1	158819.0	875896497
JG0139d	4	186518206	T:GG[T>A]CT	1	67219.0	875963716
JG0139d	4	186699376	U:GC[T>A]CA	-1	181170.0	876144886
JG0139d	4	187144605	N:AG[T>G]TT	1	445229.0	876590115
JG0139d	4	187184894	N:TC[T>G]TA	-1	40289.0	876630404
JG0139d	4	187545852	N:AT[T>G]TT	1	360958.0	876991362
JG0139d	4	188120163	N:CC[T>G]TC	-1	574311.0	877565673
JG0139d	4	188166755	N:GC[T>G]TT	1	46592.0	877612265
JG0139d	4	188368204	N:CC[T>G]TT	1	201449.0	877813714
JG0139d	4	188679853	N:AC[T>C]TA	-1	311649.0	878125363
JG0139d	4	189070063	N:CC[T>G]TT	-1	390210.0	878515573
JG0139d	5	328088	U:CA[T>G]CC	1		879988153
JG0139d	5	669036	U:GC[T>G]CA	-1	340948.0	880329101
JG0139d	5	1125423	N:TA[T>G]TT	1	456387.0	880785488
JG0139d	5	1434391	T:TC[T>G]TT	1	308968.0	881094456
JG0139d	5	1676312	N:CA[T>G]TT	1	241921.0	881336377
JG0139d	5	2210167	N:TA[T>G]GG	-1	533855.0	881870232
JG0139d	5	3467269	N:GC[T>G]TC	-1	1257102.0	883127334
JG0139d	5	3947245	N:GG[T>G]TG	-1	479976.0	883607310
JG0139d	5	4229783	N:AC[T>C]CA	-1	282538.0	883889848
JG0139d	5	4725023	N:CC[T>C]GG	1	495240.0	884385088
JG0139d	5	4778681	N:AC[T>C]CG	-1	53658.0	884438746
JG0139d	5	4859596	N:GG[T>A]TT	-1	80915.0	884519661
JG0139d	5	4956429	N:TC[T>C]TC	-1	96833.0	884616494
JG0139d	5	5029947	N:CC[T>G]TT	-1	73518.0	884690012
JG0139d	5	5357218	N:TC[T>C]TT	-1	327271.0	885017283
JG0139d	5	5510643	N:TC[T>C]CA	-1	153425.0	885170708
JG0139d	5	5519214	N:AC[T>C]GT	1	8571.0	885179279
JG0139d	5	5713252	N:AG[T>G]GG	-1	194038.0	885373317
JG0139d	5	6748690	U:TG[T>G]TC	1	1035438.0	886408755
JG0139d	5	7735001	U:CC[T>A]TC	1	986311.0	887395066
JG0139d	5	7923149	N:TC[T>C]CA	-1	188148.0	887583214
JG0139d	5	7929623	N:AG[T>C]TT	1	6474.0	887589688
JG0139d	5	8770859	N:TG[T>C]GT	-1	841236.0	888430924
JG0139d	5	8960474	N:TC[C>A]TT	-1	189615.0	888620539
JG0139d	5	9547188	N:GA[C>G]TG	-1	586714.0	889207253
JG0139d	5	9640001	T:CC[T>C]TT	1	92813.0	889300066
JG0139d	5	10749462	T:AC[T>C]TA	1	1109461.0	890409527
JG0139d	5	11067200	U:CC[T>A]TA	-1	317738.0	890727265
JG0139d	5	11346212	T:CA[T>G]TG	1	279012.0	891006277
JG0139d	5	11829855	U:AC[T>C]TT	-1	483643.0	891489920
JG0139d	5	13036234	N:TG[T>G]TT	-1	1206379.0	892696299
JG0139d	5	13389871	N:TC[T>G]CT	-1	353637.0	893049936
JG0139d	5	13648018	N:GC[T>G]TG	1	258147.0	893308083
JG0139d	5	14484547	U:AG[T>A]TA	1	836529.0	894144612
JG0139d	5	15996285	N:TG[T>G]TA	1	1511738.0	895656350
JG0139d	5	16022158	N:CC[T>G]TG	-1	25873.0	895682223
JG0139d	5	16554754	T:TC[T>G]TT	1	532596.0	896214819
JG0139d	5	16981019	N:AC[T>G]TA	-1	426265.0	896641084
JG0139d	5	17203315	T:AG[T>G]AT	-1	222296.0	896863380
JG0139d	5	18578111	N:AC[T>G]TA	1	1374796.0	898238176
JG0139d	5	18635957	N:AC[T>C]TG	1	57846.0	898296022
JG0139d	5	19053309	N:GC[T>C]TG	1	417352.0	898713374
JG0139d	5	19344599	N:AC[T>A]TT	-1	291290.0	899004664
JG0139d	5	19588036	T:AC[T>C]CT	1	243437.0	899248101
JG0139d	5	19948156	T:TG[T>G]TA	1	360120.0	899608221
JG0139d	5	19955383	U:GC[T>C]TT	-1	7227.0	899615448
JG0139d	5	20314360	T:AG[T>G]TA	1	358977.0	899974425
JG0139d	5	21898262	U:GG[T>C]CT	-1	1583902.0	901558327
JG0139d	5	21909136	U:GC[T>C]TG	-1	10874.0	901569201
JG0139d	5	22232695	T:GC[T>C]TC	1	323559.0	901892760
JG0139d	5	22341171	T:TG[T>G]TC	1	108476.0	902001236
JG0139d	5	22457800	U:AC[T>C]GC	-1	116629.0	902117865
JG0139d	5	22693983	U:CC[T>G]GG	-1	236183.0	902354048
JG0139d	5	23406773	N:TG[T>A]TT	1	712790.0	903066838
JG0139d	5	23407059	N:GC[T>C]TC	1	286.0	903067124
JG0139d	5	23499461	U:TC[T>G]TG	1	92402.0	903159526
JG0139d	5	23987339	N:GC[T>C]TT	1	487878.0	903647404
JG0139d	5	24074353	N:TA[T>A]GT	1	87014.0	903734418
JG0139d	5	24790163	N:TC[T>A]TC	-1	715810.0	904450228
JG0139d	5	24790891	N:TC[T>G]TT	1	728.0	904450956
JG0139d	5	25552833	N:GG[T>G]TA	-1	761942.0	905212898
JG0139d	5	26044733	N:TC[T>C]TT	-1	491900.0	905704798
JG0139d	5	26098350	N:AC[T>G]TC	-1	53617.0	905758415
JG0139d	5	26745824	N:GC[T>G]TC	1	647474.0	906405889
JG0139d	5	27520427	N:GC[T>G]TC	-1	774603.0	907180492
JG0139d	5	27820977	N:GC[T>G]TC	-1	300550.0	907481042
JG0139d	5	28640545	N:TC[T>G]TG	1	819568.0	908300610
JG0139d	5	28884815	N:AC[T>G]CC	1	244270.0	908544880
JG0139d	5	29038012	N:GC[T>G]TT	1	153197.0	908698077
JG0139d	5	29460187	N:AC[T>G]TT	1	422175.0	909120252
JG0139d	5	30392553	N:TC[T>C]CA	1	932366.0	910052618
JG0139d	5	30659369	N:CT[T>A]AT	-1	266816.0	910319434
JG0139d	5	31870905	T:CC[T>G]TT	-1	1211536.0	911530970
JG0139d	5	32244324	T:GC[T>C]CA	1	373419.0	911904389
JG0139d	5	32878096	N:GT[C>T]TC	1	633772.0	912538161
JG0139d	5	33010442	N:TC[T>A]TT	-1	132346.0	912670507
JG0139d	5	33694980	U:TC[T>C]TG	-1	684538.0	913355045
JG0139d	5	33806613	U:CC[T>G]TG	-1	111633.0	913466678
JG0139d	5	34345283	N:AC[T>C]CT	-1	538670.0	914005348
JG0139d	5	34449582	N:AC[T>G]TA	1	104299.0	914109647
JG0139d	5	34622049	N:GC[T>G]TT	1	172467.0	914282114
JG0139d	5	35040938	T:TG[T>C]TA	1	418889.0	914701003
JG0139d	5	35551434	N:AC[T>A]TA	-1	510496.0	915211499
JG0139d	5	36122450	U:AG[T>G]TC	-1	571016.0	915782515
JG0139d	5	36354140	N:CC[T>G]TA	-1	231690.0	916014205
JG0139d	5	37039414	T:CC[T>C]TA	-1	685274.0	916699479
JG0139d	5	37331644	T:TG[T>A]TT	1	292230.0	916991709
JG0139d	5	37484367	T:TG[T>G]TG	-1	152723.0	917144432
JG0139d	5	37729085	U:GC[T>G]TC	1	244718.0	917389150
JG0139d	5	37845044	N:CC[T>C]TG	-1	115959.0	917505109
JG0139d	5	37866542	N:TC[T>G]TT	-1	21498.0	917526607
JG0139d	5	38077688	N:TG[T>G]TT	1	211146.0	917737753
JG0139d	5	38163123	N:AG[T>C]GA	-1	85435.0	917823188
JG0139d	5	38408953	T:CC[T>C]TA	-1	245830.0	918069018
JG0139d	5	38421811	T:CC[T>G]TC	-1	12858.0	918081876
JG0139d	5	38872057	U:GG[T>C]CT	1	450246.0	918532122
JG0139d	5	39030391	U:TC[T>A]GA	-1	158334.0	918690456
JG0139d	5	40246181	N:TC[T>C]CT	-1	1215790.0	919906246
JG0139d	5	40517775	U:CC[T>G]TT	-1	271594.0	920177840
JG0139d	5	41310522	T:GC[T>G]CT	1	792747.0	920970587
JG0139d	5	41608044	N:AC[T>G]CA	-1	297522.0	921268109
JG0139d	5	41912225	U:GC[T>G]TC	1	304181.0	921572290
JG0139d	5	44210947	N:AT[T>C]CT	1	2298722.0	923871012
JG0139d	5	44368254	U:TC[T>G]TA	-1	157307.0	924028319
JG0139d	5	44463121	N:TT[T>G]CT	1	94867.0	924123186
JG0139d	5	45277222	T:TC[T>C]CT	1	814101.0	924937287
JG0139d	5	46314985	N:TC[T>C]TT	-1	1037763.0	925975050
JG0139d	5	46878590	N:TC[T>C]TT	1	563605.0	926538655
JG0139d	5	47015616	N:AC[T>G]TG	-1	137026.0	926675681
JG0139d	5	47148366	N:CC[T>C]TT	-1	132750.0	926808431
JG0139d	5	47341676	N:AC[T>C]TC	1	193310.0	927001741
JG0139d	5	47399201	N:AC[T>G]TG	1	57525.0	927059266
JG0139d	5	47517143	N:TC[T>G]GT	-1	117942.0	927177208
JG0139d	5	47526422	N:TC[T>G]TC	1	9279.0	927186487
JG0139d	5	48065595	N:CG[T>G]TC	-1	539173.0	927725660
JG0139d	5	48569320	N:GC[T>G]CT	-1	503725.0	928229385
JG0139d	5	48729041	N:CC[T>G]TT	1	159721.0	928389106
JG0139d	5	48910843	N:AC[T>C]GC	1	181802.0	928570908
JG0139d	5	49230418	N:TC[T>C]TC	-1	319575.0	928890483
JG0139d	5	50243101	N:TC[T>A]TT	-1	1012683.0	929903166
JG0139d	5	50473111	N:AC[T>G]CA	1	230010.0	930133176
JG0139d	5	50730989	T:TC[T>G]TT	-1	257878.0	930391054
JG0139d	5	51210658	N:TG[T>A]GG	1	479669.0	930870723
JG0139d	5	51326594	N:GC[T>G]TC	1	115936.0	930986659
JG0139d	5	51566952	N:GC[T>C]TG	-1	240358.0	931227017
JG0139d	5	51645065	N:AC[T>A]TA	-1	78113.0	931305130
JG0139d	5	51867569	N:AC[T>C]TG	1	222504.0	931527634
JG0139d	5	52065197	N:GC[T>C]TA	-1	197628.0	931725262
JG0139d	5	52109539	N:GC[T>G]TA	1	44342.0	931769604
JG0139d	5	52530796	N:TC[T>G]TT	-1	421257.0	932190861
JG0139d	5	53055625	U:GG[T>A]TC	1	524829.0	932715690
JG0139d	5	53156130	N:GC[C>T]CC	1	100505.0	932816195
JG0139d	5	53862524	N:AC[T>C]CT	-1	706394.0	933522589
JG0139d	5	54196967	U:AG[T>G]TT	-1	334443.0	933857032
JG0139d	5	54695073	N:GC[T>G]TT	-1	498106.0	934355138
JG0139d	5	55234909	N:AC[T>G]TT	-1	539836.0	934894974
JG0139d	5	55302731	T:TG[C>A]AA	1	67822.0	934962796
JG0139d	5	56436217	N:GG[T>C]TC	-1	1133486.0	936096282
JG0139d	5	56640865	N:CC[T>C]CC	-1	204648.0	936300930
JG0139d	5	57043913	N:TC[T>C]TC	1	403048.0	936703978
JG0139d	5	57287953	N:AC[T>G]TC	1	244040.0	936948018
JG0139d	5	57577504	N:AC[T>G]TC	1	289551.0	937237569
JG0139d	5	57713841	N:GC[T>C]GA	-1	136337.0	937373906
JG0139d	5	57770152	N:TT[T>A]GA	1	56311.0	937430217
JG0139d	5	58719736	U:GC[T>G]TT	1	949584.0	938379801
JG0139d	5	58926691	N:CC[T>A]TT	-1	206955.0	938586756
JG0139d	5	59480708	U:AC[T>G]TA	-1	554017.0	939140773
JG0139d	5	59605175	U:CT[T>G]TA	-1	124467.0	939265240
JG0139d	5	59805741	U:GG[T>A]CT	-1	200566.0	939465806
JG0139d	5	60227214	U:GC[T>G]TA	-1	421473.0	939887279
JG0139d	5	60662945	T:AC[T>C]AT	1	435731.0	940323010
JG0139d	5	61198363	N:AG[T>G]TT	1	535418.0	940858428
JG0139d	5	61232808	N:AC[T>G]CA	1	34445.0	940892873
JG0139d	5	62799644	N:AC[T>C]TT	1	1566836.0	942459709
JG0139d	5	63971570	N:TA[T>G]TA	1	1171926.0	943631635
JG0139d	5	64298920	U:GC[T>G]TA	1	327350.0	943958985
JG0139d	5	64319726	T:TC[T>C]TC	-1	20806.0	943979791
JG0139d	5	65846273	T:TC[T>C]TC	-1	1526547.0	945506338
JG0139d	5	66038891	T:AT[T>A]TA	-1	192618.0	945698956
JG0139d	5	66782305	T:TC[T>A]TT	-1	743414.0	946442370
JG0139d	5	66950196	T:AC[T>C]CT	-1	167891.0	946610261
JG0139d	5	67548887	N:GC[T>C]CT	1	598691.0	947208952
JG0139d	5	68049088	N:TC[T>C]TA	1	500201.0	947709153
JG0139d	5	68749773	N:TC[T>C]TG	-1	700685.0	948409838
JG0139d	5	68816940	N:GA[T>C]TA	1	67167.0	948477005
JG0139d	5	69064140	N:CC[T>G]TG	1	247200.0	948724205
JG0139d	5	69291870	U:AC[T>C]GC	-1	227730.0	948951935
JG0139d	5	69926573	N:TC[T>G]TT	-1	634703.0	949586638
JG0139d	5	70274025	N:TC[T>G]TC	-1	347452.0	949934090
JG0139d	5	71056156	U:AC[T>C]GC	-1	782131.0	950716221
JG0139d	5	71084529	N:CC[T>C]TT	1	28373.0	950744594
JG0139d	5	71530877	T:TC[T>C]CG	-1	446348.0	951190942
JG0139d	5	71747151	N:TC[T>G]TG	1	216274.0	951407216
JG0139d	5	72583030	N:TC[T>G]TT	-1	835879.0	952243095
JG0139d	5	73248461	N:GG[T>G]TG	1	665431.0	952908526
JG0139d	5	73259782	N:GC[T>G]TT	1	11321.0	952919847
JG0139d	5	73455485	N:GC[T>C]TG	-1	195703.0	953115550
JG0139d	5	73685744	U:CC[T>A]CC	1	230259.0	953345809
JG0139d	5	74438266	N:GG[T>G]TG	1	752522.0	954098331
JG0139d	5	75205255	U:AG[T>C]TC	-1	766989.0	954865320
JG0139d	5	75443510	U:AC[T>C]TG	-1	238255.0	955103575
JG0139d	5	76519861	U:AC[T>C]CT	1	1076351.0	956179926
JG0139d	5	77610290	U:CC[T>C]GA	-1	1090429.0	957270355
JG0139d	5	78276929	U:TC[T>G]TT	-1	666639.0	957936994
JG0139d	5	78322453	N:GG[T>G]TA	1	45524.0	957982518
JG0139d	5	78800950	U:TC[T>C]TC	-1	478497.0	958461015
JG0139d	5	78815924	T:TC[T>C]TG	1	14974.0	958475989
JG0139d	5	79455544	U:AG[T>G]TC	-1	639620.0	959115609
JG0139d	5	80307970	N:TC[T>C]TT	1	852426.0	959968035
JG0139d	5	80532174	T:TG[T>G]TC	-1	224204.0	960192239
JG0139d	5	80593849	N:AC[T>G]TT	-1	61675.0	960253914
JG0139d	5	80965355	U:TC[T>G]TA	1	371506.0	960625420
JG0139d	5	81046122	U:TC[T>C]TT	1	80767.0	960706187
JG0139d	5	81846647	N:GC[T>G]TG	-1	800525.0	961506712
JG0139d	5	81880588	N:TG[T>G]TA	-1	33941.0	961540653
JG0139d	5	82171852	T:CC[T>G]TA	-1	291264.0	961831917
JG0139d	5	82742636	N:AC[T>G]TT	-1	570784.0	962402701
JG0139d	5	83638762	U:TG[T>G]CA	-1	896126.0	963298827
JG0139d	5	83700460	T:CC[T>A]CA	1	61698.0	963360525
JG0139d	5	83925008	N:AA[T>G]TT	1	224548.0	963585073
JG0139d	5	84161982	T:TC[T>G]TC	1	236974.0	963822047
JG0139d	5	84194055	U:AG[T>G]TT	-1	32073.0	963854120
JG0139d	5	84444822	N:TC[T>C]CT	-1	250767.0	964104887
JG0139d	5	84830256	N:CC[T>G]CG	1	385434.0	964490321
JG0139d	5	85136631	N:TC[T>C]CC	-1	306375.0	964796696
JG0139d	5	85289738	N:CA[T>G]TT	-1	153107.0	964949803
JG0139d	5	85297222	N:CC[T>G]CT	1	7484.0	964957287
JG0139d	5	85325739	N:TG[T>G]TC	-1	28517.0	964985804
JG0139d	5	86104651	N:CC[T>G]TC	-1	778912.0	965764716
JG0139d	5	86398474	N:AG[T>G]TG	1	293823.0	966058539
JG0139d	5	88140832	N:GC[T>C]CC	-1	1742358.0	967800897
JG0139d	5	88634589	N:TC[T>G]TA	1	493757.0	968294654
JG0139d	5	89261794	N:AC[T>C]CT	1	627205.0	968921859
JG0139d	5	89607183	N:TC[T>G]TG	-1	345389.0	969267248
JG0139d	5	89898679	N:AG[T>A]CT	1	291496.0	969558744
JG0139d	5	90600388	T:AC[T>G]CA	-1	701709.0	970260453
JG0139d	5	91164964	N:TC[T>G]TG	1	564576.0	970825029
JG0139d	5	91731274	N:TC[T>G]TT	1	566310.0	971391339
JG0139d	5	91795010	N:AC[T>G]CT	1	63736.0	971455075
JG0139d	5	92594751	N:AA[T>G]TG	-1	799741.0	972254816
JG0139d	5	93033468	N:TC[T>C]TA	-1	438717.0	972693533
JG0139d	5	93292063	N:TC[T>G]TA	1	258595.0	972952128
JG0139d	5	93984760	T:CA[T>A]AA	1	692697.0	973644825
JG0139d	5	94008675	T:AC[T>C]TT	1	23915.0	973668740
JG0139d	5	94248012	U:AG[T>C]TA	-1	239337.0	973908077
JG0139d	5	94445612	U:AC[T>C]CG	-1	197600.0	974105677
JG0139d	5	95141584	U:AC[T>G]TC	-1	695972.0	974801649
JG0139d	5	96861479	N:CC[C>A]TG	-1	1719895.0	976521544
JG0139d	5	96945675	T:CC[T>G]TT	-1	84196.0	976605740
JG0139d	5	97576838	N:TG[T>G]CA	1	631163.0	977236903
JG0139d	5	97930849	N:TA[T>G]TA	-1	354011.0	977590914
JG0139d	5	97932399	N:CC[T>C]TT	1	1550.0	977592464
JG0139d	5	98024893	N:CC[T>A]TT	-1	92494.0	977684958
JG0139d	5	98845900	N:AG[T>G]TT	-1	821007.0	978505965
JG0139d	5	98886343	T:GC[T>G]TT	1	40443.0	978546408
JG0139d	5	99424586	N:CC[T>G]TA	-1	538243.0	979084651
JG0139d	5	99915645	N:AA[T>G]TT	1	491059.0	979575710
JG0139d	5	100509531	N:AC[T>C]TA	1	593886.0	980169596
JG0139d	5	100749612	N:AC[T>A]TG	-1	240081.0	980409677
JG0139d	5	101158357	N:AG[T>G]TC	1	408745.0	980818422
JG0139d	5	101160860	N:TC[T>A]CT	-1	2503.0	980820925
JG0139d	5	101797487	N:AG[T>G]TG	-1	636627.0	981457552
JG0139d	5	101876750	N:AG[T>A]TC	1	79263.0	981536815
JG0139d	5	102064444	N:GC[T>G]TT	1	187694.0	981724509
JG0139d	5	104120335	N:TC[T>C]GT	-1	2055891.0	983780400
JG0139d	5	105010143	N:TC[T>A]TT	-1	889808.0	984670208
JG0139d	5	107315445	N:CC[T>C]TT	1	2305302.0	986975510
JG0139d	5	107898224	U:TC[T>G]TC	-1	582779.0	987558289
JG0139d	5	108355919	U:TG[T>G]TT	-1	457695.0	988015984
JG0139d	5	108532729	N:TC[C>T]CT	1	176810.0	988192794
JG0139d	5	109034787	U:TG[T>C]CC	1	502058.0	988694852
JG0139d	5	109291556	N:TA[T>G]TT	-1	256769.0	988951621
JG0139d	5	109452687	N:CC[T>C]TA	-1	161131.0	989112752
JG0139d	5	109538108	N:AC[T>G]TC	1	85421.0	989198173
JG0139d	5	109890266	N:CC[T>C]CT	1	352158.0	989550331
JG0139d	5	110208096	N:GC[T>C]TC	-1	317830.0	989868161
JG0139d	5	110392207	N:TC[T>G]CC	1	184111.0	990052272
JG0139d	5	110536332	T:CC[T>G]TG	1	144125.0	990196397
JG0139d	5	111096896	U:AG[T>C]TT	1	560564.0	990756961
JG0139d	5	111486855	U:CA[T>G]TT	1	389959.0	991146920
JG0139d	5	114054344	N:CC[T>C]TG	-1	2567489.0	993714409
JG0139d	5	114539321	N:AG[T>A]TC	1	484977.0	994199386
JG0139d	5	114830308	N:GG[T>G]TG	-1	290987.0	994490373
JG0139d	5	114887612	N:AG[T>G]TG	1	57304.0	994547677
JG0139d	5	114989575	N:CC[T>G]TG	1	101963.0	994649640
JG0139d	5	117991603	N:AG[T>G]CA	-1	3002028.0	997651668
JG0139d	5	118086692	N:TC[T>G]TC	-1	95089.0	997746757
JG0139d	5	118257793	N:GC[T>G]CA	-1	171101.0	997917858
JG0139d	5	120138324	N:AC[T>G]TG	1	1880531.0	999798389
JG0139d	5	120338907	N:CC[T>C]TT	1	200583.0	999998972
JG0139d	5	120581283	U:TC[T>G]TC	1	242376.0	1000241348
JG0139d	5	120653555	T:TC[T>A]CT	-1	72272.0	1000313620
JG0139d	5	122705106	N:TC[T>C]GT	-1	2051551.0	1002365171
JG0139d	5	123112258	U:CC[T>C]TA	1	407152.0	1002772323
JG0139d	5	123670031	N:CC[T>C]CC	-1	557773.0	1003330096
JG0139d	5	124081677	N:CC[T>G]TA	1	411646.0	1003741742
JG0139d	5	124549018	N:AC[T>C]GG	-1	467341.0	1004209083
JG0139d	5	124790818	N:AC[T>G]TA	1	241800.0	1004450883
JG0139d	5	124837222	N:AG[T>C]TA	-1	46404.0	1004497287
JG0139d	5	125202092	N:AG[T>G]TA	1	364870.0	1004862157
JG0139d	5	125325457	N:TC[T>G]TT	1	123365.0	1004985522
JG0139d	5	125379491	N:AG[T>C]AA	1	54034.0	1005039556
JG0139d	5	125441528	N:AC[T>G]TA	1	62037.0	1005101593
JG0139d	5	127154296	N:TC[T>G]GT	-1	1712768.0	1006814361
JG0139d	5	127457249	U:GA[C>A]AG	1	302953.0	1007117314
JG0139d	5	127704444	U:CC[T>C]CC	1	247195.0	1007364509
JG0139d	5	128999801	T:CA[T>A]TA	-1	1295357.0	1008659866
JG0139d	5	129837553	N:TC[T>A]TA	-1	837752.0	1009497618
JG0139d	5	131220439	N:CC[T>A]CG	1	1382886.0	1010880504
JG0139d	5	131356654	U:GC[T>C]CA	1	136215.0	1011016719
JG0139d	5	131718880	U:TC[T>G]TT	-1	362226.0	1011378945
JG0139d	5	132121656	N:CC[T>C]TC	1	402776.0	1011781721
JG0139d	5	132867940	T:AC[T>C]TT	-1	746284.0	1012528005
JG0139d	5	133397113	T:TC[T>G]TC	1	529173.0	1013057178
JG0139d	5	134071060	N:CT[C>A]AG	-1	673947.0	1013731125
JG0139d	5	134718420	U:GC[T>C]TT	1	647360.0	1014378485
JG0139d	5	135076776	N:TC[T>C]GT	-1	358356.0	1014736841
JG0139d	5	135891924	N:CC[T>C]CT	1	815148.0	1015551989
JG0139d	5	136868189	N:AC[T>C]GA	1	976265.0	1016528254
JG0139d	5	137456358	U:GC[T>G]CC	-1	588169.0	1017116423
JG0139d	5	138602626	N:GC[C>T]CT	-1	1146268.0	1018262691
JG0139d	5	138781310	T:TC[C>T]CA	-1	178684.0	1018441375
JG0139d	5	139012049	T:TC[T>G]TT	1	230739.0	1018672114
JG0139d	5	139258059	N:CC[T>G]TT	-1	246010.0	1018918124
JG0139d	5	139513912	N:AG[T>C]CT	-1	255853.0	1019173977
JG0139d	5	140025814	U:TC[T>C]TC	-1	511902.0	1019685879
JG0139d	5	140158756	N:CC[T>G]TG	1	132942.0	1019818821
JG0139d	5	140934959	U:GC[T>G]TG	1	776203.0	1020595024
JG0139d	5	141797522	N:TG[T>G]TA	-1	862563.0	1021457587
JG0139d	5	141823114	N:CC[T>G]CT	-1	25592.0	1021483179
JG0139d	5	142013960	N:TC[T>C]CT	-1	190846.0	1021674025
JG0139d	5	142089416	N:GC[T>C]CT	-1	75456.0	1021749481
JG0139d	5	142944609	U:TC[T>A]TG	1	855193.0	1022604674
JG0139d	5	144179550	U:GC[T>C]CA	1	1234941.0	1023839615
JG0139d	5	144357030	U:AG[T>G]TT	1	177480.0	1024017095
JG0139d	5	144497425	N:AC[T>C]CT	-1	140395.0	1024157490
JG0139d	5	144857753	N:GC[T>G]CA	-1	360328.0	1024517818
JG0139d	5	145251974	N:CC[T>C]TC	1	394221.0	1024912039
JG0139d	5	145380274	N:AC[T>C]TG	1	128300.0	1025040339
JG0139d	5	145591224	N:CC[T>G]CC	-1	210950.0	1025251289
JG0139d	5	145720726	N:TC[T>A]CT	-1	129502.0	1025380791
JG0139d	5	147532284	N:AC[T>C]TC	-1	1811558.0	1027192349
JG0139d	5	147641740	T:TC[T>G]TC	1	109456.0	1027301805
JG0139d	5	147674297	T:GC[T>G]TT	1	32557.0	1027334362
JG0139d	5	147788026	N:TC[T>G]TG	-1	113729.0	1027448091
JG0139d	5	149024271	U:AC[T>C]TA	-1	1236245.0	1028684336
JG0139d	5	149305763	T:TC[T>G]TA	-1	281492.0	1028965828
JG0139d	5	150152421	U:CC[T>G]TC	-1	846658.0	1029812486
JG0139d	5	150249596	T:GC[T>C]GG	1	97175.0	1029909661
JG0139d	5	150334015	U:TC[T>G]TC	-1	84419.0	1029994080
JG0139d	5	150724081	U:CC[T>C]TT	-1	390066.0	1030384146
JG0139d	5	151439912	U:AA[T>A]TT	1	715831.0	1031099977
JG0139d	5	151828545	T:TC[T>G]TC	1	388633.0	1031488610
JG0139d	5	153173616	N:AC[T>C]TA	1	1345071.0	1032833681
JG0139d	5	153190068	N:TC[T>C]CA	-1	16452.0	1032850133
JG0139d	5	154051287	U:TG[T>C]CA	1	861219.0	1033711352
JG0139d	5	155180681	N:AC[T>C]CT	-1	1129394.0	1034840746
JG0139d	5	157319573	T:GC[T>C]TC	-1	2138892.0	1036979638
JG0139d	5	157396710	T:AC[T>G]TC	1	77137.0	1037056775
JG0139d	5	157636544	T:TA[C>A]AT	1	239834.0	1037296609
JG0139d	5	157641144	T:AC[T>C]TT	1	4600.0	1037301209
JG0139d	5	158234983	N:TC[T>G]TT	1	593839.0	1037895048
JG0139d	5	158948225	T:TC[T>G]TC	1	713242.0	1038608290
JG0139d	5	160070330	N:CC[T>A]TG	-1	1122105.0	1039730395
JG0139d	5	160834759	T:CG[T>C]TT	1	764429.0	1040494824
JG0139d	5	162310793	N:TC[T>G]TT	-1	1476034.0	1041970858
JG0139d	5	164043016	N:AC[T>G]TA	-1	1732223.0	1043703081
JG0139d	5	164410480	N:AC[T>G]TT	1	367464.0	1044070545
JG0139d	5	165914772	N:TC[T>C]TG	1	1504292.0	1045574837
JG0139d	5	165979702	N:CC[T>G]TC	1	64930.0	1045639767
JG0139d	5	166608703	N:CC[T>G]TG	-1	629001.0	1046268768
JG0139d	5	166988383	N:CC[T>C]TA	-1	379680.0	1046648448
JG0139d	5	167070151	N:AC[T>C]CT	1	81768.0	1046730216
JG0139d	5	167631046	U:TC[T>C]AC	1	560895.0	1047291111
JG0139d	5	168048044	T:GC[T>A]CT	-1	416998.0	1047708109
JG0139d	5	168457352	U:AA[C>A]AA	1	409308.0	1048117417
JG0139d	5	168697954	U:AA[C>T]CT	-1	240602.0	1048358019
JG0139d	5	169681638	T:AG[T>C]CA	-1	983684.0	1049341703
JG0139d	5	170036836	U:TG[T>A]TG	1	355198.0	1049696901
JG0139d	5	170516372	T:AC[T>C]CT	-1	479536.0	1050176437
JG0139d	5	170704181	U:TA[T>G]TG	1	187809.0	1050364246
JG0139d	5	170869890	U:AC[T>A]GT	1	165709.0	1050529955
JG0139d	5	170954567	U:CT[C>G]AA	1	84677.0	1050614632
JG0139d	5	171587395	N:CG[T>C]CT	-1	632828.0	1051247460
JG0139d	5	171662380	N:TC[T>G]TC	1	74985.0	1051322445
JG0139d	5	172608253	N:CC[T>C]CC	-1	945873.0	1052268318
JG0139d	5	172612294	N:AC[T>C]CT	1	4041.0	1052272359
JG0139d	5	172768055	N:CC[T>C]CT	-1	155761.0	1052428120
JG0139d	5	173117378	U:TC[T>A]CA	1	349323.0	1052777443
JG0139d	5	174059788	T:TC[T>G]TG	-1	942410.0	1053719853
JG0139d	5	174136006	U:CC[T>C]GC	1	76218.0	1053796071
JG0139d	5	174190937	T:TA[C>A]CT	-1	54931.0	1053851002
JG0139d	5	174629094	N:TC[T>C]CT	-1	438157.0	1054289159
JG0139d	5	174663285	N:GC[T>A]CA	1	34191.0	1054323350
JG0139d	5	175252039	N:TC[T>G]TT	1	588754.0	1054912104
JG0139d	5	176442475	N:GC[T>G]TT	1	1190436.0	1056102540
JG0139d	5	176733121	N:AC[T>C]TG	-1	290646.0	1056393186
JG0139d	5	176889903	U:GC[C>A]CA	-1	156782.0	1056549968
JG0139d	5	177081065	T:TC[T>C]CA	-1	191162.0	1056741130
JG0139d	5	178180248	N:CC[T>G]CC	1	1099183.0	1057840313
JG0139d	5	178285369	U:AC[T>G]TC	-1	105121.0	1057945434
JG0139d	5	178399600	T:GC[T>C]CT	1	114231.0	1058059665
JG0139d	5	178528738	U:CC[T>A]CC	-1	129138.0	1058188803
JG0139d	5	180338695	U:CC[T>C]TT	-1	1809957.0	1059998760
JG0139d	5	180877589	N:CT[C>A]AT	1	538894.0	1060537654
JG0139d	6	121520	N:TC[T>C]CC	-1		1061319844
JG0139d	6	1072043	N:CC[T>C]CT	-1	950523.0	1062270367
JG0139d	6	1207212	N:AG[T>G]GC	1	135169.0	1062405536
JG0139d	6	1631827	T:GC[T>G]TT	1	424615.0	1062830151
JG0139d	6	1866366	T:GC[T>G]TC	1	234539.0	1063064690
JG0139d	6	2485808	N:TC[T>C]TT	-1	619442.0	1063684132
JG0139d	6	2660302	N:AG[C>A]TG	1	174494.0	1063858626
JG0139d	6	3441779	U:GG[T>G]TG	-1	781477.0	1064640103
JG0139d	6	4575739	N:CC[T>C]CA	1	1133960.0	1065774063
JG0139d	6	4723106	T:TA[T>G]TT	-1	147367.0	1065921430
JG0139d	6	4733656	U:AC[T>C]CC	1	10550.0	1065931980
JG0139d	6	5015479	N:GC[T>G]CC	-1	281823.0	1066213803
JG0139d	6	5144966	U:AC[T>C]CT	-1	129487.0	1066343290
JG0139d	6	5831194	N:GC[T>G]TG	1	686228.0	1067029518
JG0139d	6	6246397	U:GG[T>A]TT	-1	415203.0	1067444721
JG0139d	6	6368375	N:AC[T>G]CC	1	121978.0	1067566699
JG0139d	6	7016103	N:AA[C>A]CC	1	647728.0	1068214427
JG0139d	6	7130511	U:TC[T>C]TC	1	114408.0	1068328835
JG0139d	6	7867075	U:TG[T>C]TG	1	736564.0	1069065399
JG0139d	6	8027180	T:AT[T>G]TT	1	160105.0	1069225504
JG0139d	6	8607261	N:CT[T>C]TG	-1	580081.0	1069805585
JG0139d	6	9090887	N:TC[T>C]GA	-1	483626.0	1070289211
JG0139d	6	9887573	N:AA[T>G]CT	1	796686.0	1071085897
JG0139d	6	10286205	N:TC[T>G]TC	-1	398632.0	1071484529
JG0139d	6	10360380	N:GG[T>G]TT	-1	74175.0	1071558704
JG0139d	6	10931583	T:TA[T>G]TT	-1	571203.0	1072129907
JG0139d	6	11332076	U:TC[T>G]TT	-1	400493.0	1072530400
JG0139d	6	11787875	U:GC[T>C]TG	-1	455799.0	1072986199
JG0139d	6	12118603	U:TC[T>G]CC	1	330728.0	1073316927
JG0139d	6	12372582	N:CC[T>C]TG	1	253979.0	1073570906
JG0139d	6	12512940	N:TC[T>A]CT	1	140358.0	1073711264
JG0139d	6	12682861	N:TA[T>G]TA	1	169921.0	1073881185
JG0139d	6	13229362	U:AC[T>A]GG	1	546501.0	1074427686
JG0139d	6	13297402	U:GC[T>A]TC	-1	68040.0	1074495726
JG0139d	6	14166646	N:TC[T>G]CC	-1	869244.0	1075364970
JG0139d	6	14170219	N:CC[T>C]TT	-1	3573.0	1075368543
JG0139d	6	14589718	N:AC[T>C]TT	-1	419499.0	1075788042
JG0139d	6	14638768	N:AG[T>G]TG	-1	49050.0	1075837092
JG0139d	6	14839455	N:AG[T>G]TC	-1	200687.0	1076037779
JG0139d	6	14878927	N:TG[T>A]TG	-1	39472.0	1076077251
JG0139d	6	15476259	T:TC[T>G]TC	-1	597332.0	1076674583
JG0139d	6	15569524	U:AA[C>T]CG	-1	93265.0	1076767848
JG0139d	6	15667712	N:CA[T>G]TA	-1	98188.0	1076866036
JG0139d	6	15745694	N:GC[T>C]TA	1	77982.0	1076944018
JG0139d	6	15962820	N:AA[T>C]TT	-1	217126.0	1077161144
JG0139d	6	16194672	N:CC[T>C]CT	-1	231852.0	1077392996
JG0139d	6	16320563	U:TC[T>A]CA	-1	125891.0	1077518887
JG0139d	6	17566635	N:TC[T>A]CA	1	1246072.0	1078764959
JG0139d	6	17617786	U:AC[T>G]GC	-1	51151.0	1078816110
JG0139d	6	17684441	U:CC[T>G]TC	-1	66655.0	1078882765
JG0139d	6	18078905	N:AC[T>C]TC	-1	394464.0	1079277229
JG0139d	6	18594758	N:AC[T>G]TT	-1	515853.0	1079793082
JG0139d	6	18910292	N:GC[T>A]TT	1	315534.0	1080108616
JG0139d	6	19260075	N:TC[T>G]CT	-1	349783.0	1080458399
JG0139d	6	20250363	N:GC[T>G]CC	-1	990288.0	1081448687
JG0139d	6	20422076	T:GC[T>C]TT	-1	171713.0	1081620400
JG0139d	6	20781811	U:TG[T>C]TT	1	359735.0	1081980135
JG0139d	6	20824545	T:GA[T>G]TG	-1	42734.0	1082022869
JG0139d	6	21031320	U:AC[T>A]TT	1	206775.0	1082229644
JG0139d	6	21183896	U:CC[T>A]CC	1	152576.0	1082382220
JG0139d	6	21229831	T:TC[T>C]AG	-1	45935.0	1082428155
JG0139d	6	21268879	N:TG[T>C]TT	-1	39048.0	1082467203
JG0139d	6	22087791	N:GG[T>G]TA	-1	818912.0	1083286115
JG0139d	6	22222324	N:TC[T>C]TT	-1	134533.0	1083420648
JG0139d	6	23117633	N:TC[T>G]TT	-1	895309.0	1084315957
JG0139d	6	23133494	N:TG[T>C]GA	-1	15861.0	1084331818
JG0139d	6	23545867	N:CC[T>C]CA	-1	412373.0	1084744191
JG0139d	6	24311979	U:AC[T>C]TC	-1	766112.0	1085510303
JG0139d	6	24687481	U:CT[C>G]CA	1	375502.0	1085885805
JG0139d	6	24793524	N:AC[T>C]CT	-1	106043.0	1085991848
JG0139d	6	26328161	N:CG[T>G]TA	-1	1534637.0	1087526485
JG0139d	6	26742378	N:AC[T>C]TC	1	414217.0	1087940702
JG0139d	6	27438310	N:AA[T>G]TA	-1	695932.0	1088636634
JG0139d	6	28554273	N:AG[T>G]TA	-1	1115963.0	1089752597
JG0139d	6	29011934	N:TC[T>C]CA	1	457661.0	1090210258
JG0139d	6	29203485	N:GC[T>C]TT	-1	191551.0	1090401809
JG0139d	6	29483422	N:TC[T>C]TT	1	279937.0	1090681746
JG0139d	6	30042149	N:TG[T>G]TT	1	558727.0	1091240473
JG0139d	6	30752970	N:AC[T>G]TG	-1	710821.0	1091951294
JG0139d	6	30890435	T:TC[T>A]CT	-1	137465.0	1092088759
JG0139d	6	31022715	T:CT[T>A]CC	-1	132280.0	1092221039
JG0139d	6	31045982	N:CC[T>C]CA	1	23267.0	1092244306
JG0139d	6	31190543	N:CC[T>C]CT	-1	144561.0	1092388867
JG0139d	6	31384485	N:AC[T>G]TC	-1	193942.0	1092582809
JG0139d	6	31766299	U:TC[T>C]TG	-1	381814.0	1092964623
JG0139d	6	32520989	T:TC[T>C]TA	1	754690.0	1093719313
JG0139d	6	33561953	N:TG[T>C]TG	-1	1040964.0	1094760277
JG0139d	6	33913518	N:TC[T>C]TT	1	351565.0	1095111842
JG0139d	6	33986402	N:AC[T>G]TT	1	72884.0	1095184726
JG0139d	6	34043184	T:AC[T>A]TG	1	56782.0	1095241508
JG0139d	6	34247563	T:CC[T>A]CC	1	204379.0	1095445887
JG0139d	6	34596192	T:CT[T>G]AA	1	348629.0	1095794516
JG0139d	6	34773616	U:TC[T>C]GC	1	177424.0	1095971940
JG0139d	6	34787705	N:TG[T>C]CT	1	14089.0	1095986029
JG0139d	6	35463979	T:CC[T>G]TT	-1	676274.0	1096662303
JG0139d	6	35543839	N:TC[T>C]CT	1	79860.0	1096742163
JG0139d	6	35814747	T:GC[T>G]TG	-1	270908.0	1097013071
JG0139d	6	36031967	T:TC[T>G]CT	-1	217220.0	1097230291
JG0139d	6	36432430	T:TC[T>G]TG	1	400463.0	1097630754
JG0139d	6	37684158	U:TG[T>G]TT	-1	1251728.0	1098882482
JG0139d	6	37696708	U:CC[T>C]CG	-1	12550.0	1098895032
JG0139d	6	38338700	T:CT[T>C]CT	1	641992.0	1099537024
JG0139d	6	38376998	T:CC[T>C]TG	1	38298.0	1099575322
JG0139d	6	38645706	N:GC[T>A]CA	1	268708.0	1099844030
JG0139d	6	38760550	U:CC[T>C]CT	1	114844.0	1099958874
JG0139d	6	38792820	U:AC[T>C]CA	1	32270.0	1099991144
JG0139d	6	39010682	U:TA[T>G]TT	1	217862.0	1100209006
JG0139d	6	39596437	T:CT[C>A]TT	1	585755.0	1100794761
JG0139d	6	39902100	T:CC[T>C]CC	-1	305663.0	1101100424
JG0139d	6	40807968	N:TC[T>G]CT	-1	905868.0	1102006292
JG0139d	6	40923090	N:AC[T>C]CA	-1	115122.0	1102121414
JG0139d	6	41317649	N:CC[T>G]CA	1	394559.0	1102515973
JG0139d	6	43204302	U:CC[T>C]GA	1	1886653.0	1104402626
JG0139d	6	43262085	T:TC[T>A]CC	-1	57783.0	1104460409
JG0139d	6	43731300	N:AC[T>C]TC	1	469215.0	1104929624
JG0139d	6	45480597	T:TC[T>C]TC	-1	1749297.0	1106678921
JG0139d	6	45703458	N:AC[T>G]TT	1	222861.0	1106901782
JG0139d	6	46052679	U:TG[T>G]TC	-1	349221.0	1107251003
JG0139d	6	46454602	T:AC[T>G]TC	1	401923.0	1107652926
JG0139d	6	48745922	N:AC[C>A]AT	1	2291320.0	1109944246
JG0139d	6	49671613	N:GC[T>C]TA	-1	925691.0	1110869937
JG0139d	6	49985539	N:TC[T>G]TT	1	313926.0	1111183863
JG0139d	6	50305928	N:TC[T>C]CT	-1	320389.0	1111504252
JG0139d	6	51406533	N:AT[T>G]TC	-1	1100605.0	1112604857
JG0139d	6	51433983	N:CC[T>G]TC	-1	27450.0	1112632307
JG0139d	6	51810015	T:TC[T>C]CG	1	376032.0	1113008339
JG0139d	6	52797845	T:TC[T>C]TT	1	987830.0	1113996169
JG0139d	6	53292409	T:GC[T>C]TA	1	494564.0	1114490733
JG0139d	6	53422668	N:AC[T>G]TT	1	130259.0	1114620992
JG0139d	6	53496200	N:CC[T>C]TC	-1	73532.0	1114694524
JG0139d	6	53810342	U:AC[T>C]GG	1	314142.0	1115008666
JG0139d	6	54149749	T:TC[T>G]TG	-1	339407.0	1115348073
JG0139d	6	54414536	N:CC[T>G]TT	-1	264787.0	1115612860
JG0139d	6	54559199	N:AC[T>C]GC	-1	144663.0	1115757523
JG0139d	6	54574588	N:GG[T>A]CC	1	15389.0	1115772912
JG0139d	6	54934857	U:TC[C>G]GA	1	360269.0	1116133181
JG0139d	6	55668901	N:AC[T>G]CC	1	734044.0	1116867225
JG0139d	6	55953886	N:AC[T>G]TG	-1	284985.0	1117152210
JG0139d	6	56438963	N:AC[T>G]TA	-1	485077.0	1117637287
JG0139d	6	56439923	N:CC[T>C]TG	-1	960.0	1117638247
JG0139d	6	56506065	T:TT[T>A]CA	1	66142.0	1117704389
JG0139d	6	56533085	U:TT[T>G]TA	-1	27020.0	1117731409
JG0139d	6	56955863	U:AC[T>C]CT	1	422778.0	1118154187
JG0139d	6	57730716	N:TC[T>C]GA	-1	774853.0	1118929040
JG0139d	6	58075333	N:GC[T>G]AC	1	344617.0	1119273657
JG0139d	6	58797443	N:TC[T>G]TG	1	722110.0	1119995767
JG0139d	6	59134887	N:CC[T>C]CA	1	337444.0	1120333211
JG0139d	6	59665472	N:CC[T>A]TT	1	530585.0	1120863796
JG0139d	6	60629579	N:CA[C>T]AG	1	964107.0	1121827903
JG0139d	6	60643888	N:TG[T>C]TT	-1	14309.0	1121842212
JG0139d	6	60710415	N:TC[T>C]TT	1	66527.0	1121908739
JG0139d	6	60806833	N:GA[T>G]TA	-1	96418.0	1122005157
JG0139d	6	61043211	N:CC[T>C]GT	-1	236378.0	1122241535
JG0139d	6	61234179	N:CG[T>A]TG	-1	190968.0	1122432503
JG0139d	6	61423025	N:TG[T>G]TC	-1	188846.0	1122621349
JG0139d	6	61444799	N:CC[T>C]CA	-1	21774.0	1122643123
JG0139d	6	62232629	U:GG[T>G]TT	-1	787830.0	1123430953
JG0139d	6	63057810	N:GG[T>G]TG	-1	825181.0	1124256134
JG0139d	6	63194663	N:CC[T>G]TG	-1	136853.0	1124392987
JG0139d	6	64450242	U:TC[T>G]TT	-1	1255579.0	1125648566
JG0139d	6	64961405	U:AG[T>G]TA	-1	511163.0	1126159729
JG0139d	6	65221865	T:CC[T>C]CT	1	260460.0	1126420189
JG0139d	6	65372213	U:GC[T>C]CC	-1	150348.0	1126570537
JG0139d	6	65617370	T:TG[T>A]TA	1	245157.0	1126815694
JG0139d	6	65619984	U:CA[T>G]TG	-1	2614.0	1126818308
JG0139d	6	65973857	N:GT[T>G]TC	-1	353873.0	1127172181
JG0139d	6	66156441	N:CC[T>C]TC	1	182584.0	1127354765
JG0139d	6	66983874	N:TC[T>C]TC	1	827433.0	1128182198
JG0139d	6	66985930	N:GC[T>A]GG	1	2056.0	1128184254
JG0139d	6	67068332	N:AC[T>G]TG	1	82402.0	1128266656
JG0139d	6	67099462	N:CC[T>G]TT	1	31130.0	1128297786
JG0139d	6	68710248	U:CC[T>G]TT	1	1610786.0	1129908572
JG0139d	6	69208637	U:TC[T>C]TT	1	498389.0	1130406961
JG0139d	6	69267061	T:TC[T>G]TA	-1	58424.0	1130465385
JG0139d	6	69982227	U:TC[T>C]GT	1	715166.0	1131180551
JG0139d	6	70125839	U:GC[T>G]CA	1	143612.0	1131324163
JG0139d	6	70633293	N:CG[T>G]CT	1	507454.0	1131831617
JG0139d	6	70843503	T:AC[T>G]TA	-1	210210.0	1132041827
JG0139d	6	71833071	N:AC[T>C]CC	1	989568.0	1133031395
JG0139d	6	72651328	T:TC[T>G]AT	-1	818257.0	1133849652
JG0139d	6	72720476	T:AC[T>C]TT	-1	69148.0	1133918800
JG0139d	6	73462970	U:TC[T>G]TT	1	742494.0	1134661294
JG0139d	6	74004121	N:TC[T>C]TC	1	541151.0	1135202445
JG0139d	6	74004598	N:AC[T>G]TT	-1	477.0	1135202922
JG0139d	6	74269386	N:TC[T>C]TC	1	264788.0	1135467710
JG0139d	6	74348599	N:TC[T>C]CT	-1	79213.0	1135546923
JG0139d	6	74621723	N:TC[T>G]TT	1	273124.0	1135820047
JG0139d	6	74986046	N:TC[T>C]TA	-1	364323.0	1136184370
JG0139d	6	75769299	T:TC[T>G]TG	-1	783253.0	1136967623
JG0139d	6	75826739	U:AG[C>T]TG	1	57440.0	1137025063
JG0139d	6	76152877	N:CC[T>A]CA	-1	326138.0	1137351201
JG0139d	6	76172561	N:AC[T>G]TT	1	19684.0	1137370885
JG0139d	6	76565323	N:TT[T>G]TA	-1	392762.0	1137763647
JG0139d	6	76599276	N:AC[T>G]TT	1	33953.0	1137797600
JG0139d	6	76877421	N:AG[T>G]TT	1	278145.0	1138075745
JG0139d	6	77415313	N:TT[T>G]TG	-1	537892.0	1138613637
JG0139d	6	77876167	U:TC[T>G]AT	1	460854.0	1139074491
JG0139d	6	77915556	U:GC[T>G]CT	1	39389.0	1139113880
JG0139d	6	78159451	N:GT[T>G]TA	1	243895.0	1139357775
JG0139d	6	78846354	N:TT[T>G]TT	-1	686903.0	1140044678
JG0139d	6	79506176	T:TC[T>G]TT	1	659822.0	1140704500
JG0139d	6	79554222	N:GG[T>A]CA	-1	48046.0	1140752546
JG0139d	6	80035337	T:TC[T>G]TT	-1	481115.0	1141233661
JG0139d	6	80388084	N:CC[T>G]AG	1	352747.0	1141586408
JG0139d	6	80448161	N:CC[T>G]TC	-1	60077.0	1141646485
JG0139d	6	81010180	N:CC[T>G]TT	1	562019.0	1142208504
JG0139d	6	81335118	N:TG[T>A]TT	-1	324938.0	1142533442
JG0139d	6	81723186	U:TG[T>G]TC	-1	388068.0	1142921510
JG0139d	6	81783274	N:CC[T>A]CT	-1	60088.0	1142981598
JG0139d	6	81838960	N:TT[C>G]TT	-1	55686.0	1143037284
JG0139d	6	82062758	N:TG[T>G]TT	-1	223798.0	1143261082
JG0139d	6	82169232	N:AT[T>A]AG	1	106474.0	1143367556
JG0139d	6	82501605	N:CA[T>A]TT	-1	332373.0	1143699929
JG0139d	6	82661953	N:TC[T>C]TA	1	160348.0	1143860277
JG0139d	6	83087897	T:AC[T>C]TC	-1	425944.0	1144286221
JG0139d	6	83468310	N:AA[T>G]TG	1	380413.0	1144666634
JG0139d	6	83823357	N:CC[T>C]TA	-1	355047.0	1145021681
JG0139d	6	84421577	N:TT[T>C]CC	1	598220.0	1145619901
JG0139d	6	84587853	N:TC[T>G]CC	1	166276.0	1145786177
JG0139d	6	84638076	N:TC[T>C]TC	1	50223.0	1145836400
JG0139d	6	84818701	N:GG[T>C]CC	1	180625.0	1146017025
JG0139d	6	84830733	N:TC[T>C]CT	1	12032.0	1146029057
JG0139d	6	85432042	N:TC[T>G]TA	-1	601309.0	1146630366
JG0139d	6	85756735	N:AC[T>A]TG	-1	324693.0	1146955059
JG0139d	6	86754144	N:TG[T>G]TT	-1	997409.0	1147952468
JG0139d	6	86889958	N:CC[T>G]TC	1	135814.0	1148088282
JG0139d	6	87118662	N:CC[T>C]AT	1	228704.0	1148316986
JG0139d	6	87377944	N:CC[T>G]TG	-1	259282.0	1148576268
JG0139d	6	87888843	N:AC[T>G]AG	1	510899.0	1149087167
JG0139d	6	88145965	U:AC[T>G]TG	-1	257122.0	1149344289
JG0139d	6	88318160	N:GG[T>C]CA	1	172195.0	1149516484
JG0139d	6	89203733	T:TC[T>A]CC	1	885573.0	1150402057
JG0139d	6	89821586	N:AC[T>G]GG	-1	617853.0	1151019910
JG0139d	6	90019445	T:TG[T>C]GG	1	197859.0	1151217769
JG0139d	6	90116869	U:CA[T>G]CT	-1	97424.0	1151315193
JG0139d	6	90923276	N:CC[T>G]TA	1	806407.0	1152121600
JG0139d	6	91719032	N:TG[T>G]TT	1	795756.0	1152917356
JG0139d	6	92274780	N:GC[T>A]CA	1	555748.0	1153473104
JG0139d	6	92665134	N:GC[T>C]GG	1	390354.0	1153863458
JG0139d	6	92716924	N:CG[T>G]CA	-1	51790.0	1153915248
JG0139d	6	93023160	N:TC[T>G]TT	-1	306236.0	1154221484
JG0139d	6	93593089	N:GT[T>G]TT	-1	569929.0	1154791413
JG0139d	6	94559715	N:TC[T>C]TT	-1	966626.0	1155758039
JG0139d	6	94759889	N:GA[T>A]CA	1	200174.0	1155958213
JG0139d	6	94763439	N:TT[T>G]AT	-1	3550.0	1155961763
JG0139d	6	94833199	N:AC[T>C]TA	1	69760.0	1156031523
JG0139d	6	95230270	N:CC[T>C]TA	1	397071.0	1156428594
JG0139d	6	95250449	N:TT[T>G]TA	1	20179.0	1156448773
JG0139d	6	96100676	T:TC[T>G]TC	-1	850227.0	1157299000
JG0139d	6	96354319	N:CC[T>C]CC	-1	253643.0	1157552643
JG0139d	6	96750873	N:GG[T>A]TC	1	396554.0	1157949197
JG0139d	6	96877334	N:TC[T>G]TC	-1	126461.0	1158075658
JG0139d	6	97432851	N:TC[T>C]AA	-1	555517.0	1158631175
JG0139d	6	97566185	N:GC[T>G]TC	1	133334.0	1158764509
JG0139d	6	97828150	N:TC[T>C]TT	-1	261965.0	1159026474
JG0139d	6	97909566	N:CC[T>G]TA	-1	81416.0	1159107890
JG0139d	6	99712703	N:TG[T>A]CA	-1	1803137.0	1160911027
JG0139d	6	100168358	N:GC[T>G]CC	-1	455655.0	1161366682
JG0139d	6	100401338	U:AC[T>G]TA	-1	232980.0	1161599662
JG0139d	6	100423215	T:CC[T>A]TC	1	21877.0	1161621539
JG0139d	6	100533117	T:TG[T>G]TT	1	109902.0	1161731441
JG0139d	6	101235643	T:CC[T>C]CA	-1	702526.0	1162433967
JG0139d	6	102052794	T:TC[T>G]TT	-1	817151.0	1163251118
JG0139d	6	102177532	N:TC[T>G]TT	-1	124738.0	1163375856
JG0139d	6	102177765	N:CA[T>G]TT	-1	233.0	1163376089
JG0139d	6	102359628	N:TC[T>G]TA	1	181863.0	1163557952
JG0139d	6	103615752	N:TC[T>G]TA	1	1256124.0	1164814076
JG0139d	6	103898549	N:GA[T>G]TG	-1	282797.0	1165096873
JG0139d	6	104012862	N:TA[T>A]CC	-1	114313.0	1165211186
JG0139d	6	104769975	U:AG[T>G]TA	-1	757113.0	1165968299
JG0139d	6	104794251	T:AC[T>G]TA	1	24276.0	1165992575
JG0139d	6	105025564	T:TC[T>C]CC	-1	231313.0	1166223888
JG0139d	6	105122656	U:TT[T>C]TG	-1	97092.0	1166320980
JG0139d	6	105199355	N:CC[T>G]TT	-1	76699.0	1166397679
JG0139d	6	105501522	N:GC[C>A]AC	1	302167.0	1166699846
JG0139d	6	105903753	N:GC[T>C]CT	-1	402231.0	1167102077
JG0139d	6	106368418	U:GC[T>C]TG	1	464665.0	1167566742
JG0139d	6	106376525	U:AG[T>G]TA	1	8107.0	1167574849
JG0139d	6	107323513	U:CC[T>C]TA	-1	946988.0	1168521837
JG0139d	6	108075551	T:GC[T>A]GG	1	752038.0	1169273875
JG0139d	6	108340391	U:AG[T>G]CT	1	264840.0	1169538715
JG0139d	6	108668733	U:TC[T>C]TG	1	328342.0	1169867057
JG0139d	6	108922916	U:CC[T>G]TA	1	254183.0	1170121240
JG0139d	6	109399341	T:CC[T>G]CG	1	476425.0	1170597665
JG0139d	6	109964753	N:CC[T>C]GG	1	565412.0	1171163077
JG0139d	6	111292435	N:GC[T>G]TG	-1	1327682.0	1172490759
JG0139d	6	111342855	T:TC[T>C]CA	1	50420.0	1172541179
JG0139d	6	112076940	U:CC[T>G]TA	-1	734085.0	1173275264
JG0139d	6	112150065	T:AC[T>G]TG	1	73125.0	1173348389
JG0139d	6	112343500	U:CC[T>G]TT	1	193435.0	1173541824
JG0139d	6	112986539	N:GG[T>G]TA	1	643039.0	1174184863
JG0139d	6	113379498	N:TC[T>G]TA	-1	392959.0	1174577822
JG0139d	6	113388112	N:AC[T>G]TA	-1	8614.0	1174586436
JG0139d	6	113616074	N:TC[T>G]TA	1	227962.0	1174814398
JG0139d	6	114066006	T:CC[T>C]CT	1	449932.0	1175264330
JG0139d	6	115320849	N:AC[T>G]TG	-1	1254843.0	1176519173
JG0139d	6	115722850	N:TC[T>G]TT	1	402001.0	1176921174
JG0139d	6	115794404	N:AC[T>G]TC	1	71554.0	1176992728
JG0139d	6	116020283	U:TA[T>A]TG	-1	225879.0	1177218607
JG0139d	6	116321487	U:TC[T>C]TC	1	301204.0	1177519811
JG0139d	6	116342625	T:GG[T>C]TT	-1	21138.0	1177540949
JG0139d	6	116909625	U:TA[T>G]TA	1	567000.0	1178107949
JG0139d	6	117820816	N:TA[T>C]TA	-1	911191.0	1179019140
JG0139d	6	117892688	N:CC[T>G]TT	-1	71872.0	1179091012
JG0139d	6	118263071	U:TG[T>C]TT	1	370383.0	1179461395
JG0139d	6	119047206	T:GC[T>C]TA	1	784135.0	1180245530
JG0139d	6	119254124	U:CC[T>G]TC	-1	206918.0	1180452448
JG0139d	6	119726219	N:GC[T>C]TT	1	472095.0	1180924543
JG0139d	6	120222991	N:AC[T>C]TG	-1	496772.0	1181421315
JG0139d	6	120313316	N:TC[T>C]GT	1	90325.0	1181511640
JG0139d	6	120673735	N:CA[T>G]TT	1	360419.0	1181872059
JG0139d	6	120831819	N:AC[T>G]TA	1	158084.0	1182030143
JG0139d	6	121351836	N:AG[T>G]TT	-1	520017.0	1182550160
JG0139d	6	121354057	N:CT[T>G]TT	-1	2221.0	1182552381
JG0139d	6	122019645	N:AC[T>C]TT	1	665588.0	1183217969
JG0139d	6	122298723	N:CC[T>G]TT	1	279078.0	1183497047
JG0139d	6	122389776	N:TC[T>A]AT	1	91053.0	1183588100
JG0139d	6	122427727	U:TG[T>G]TC	1	37951.0	1183626051
JG0139d	6	122928754	N:GC[T>C]CC	-1	501027.0	1184127078
JG0139d	6	123061289	U:TC[T>C]TT	1	132535.0	1184259613
JG0139d	6	123544315	T:AC[T>A]TA	1	483026.0	1184742639
JG0139d	6	124583449	T:TA[T>G]TT	-1	1039134.0	1185781773
JG0139d	6	124658251	T:CC[T>C]GG	-1	74802.0	1185856575
JG0139d	6	125078780	U:GC[T>C]TT	1	420529.0	1186277104
JG0139d	6	125232948	T:CC[T>C]TG	-1	154168.0	1186431272
JG0139d	6	125338016	N:GC[T>G]TT	-1	105068.0	1186536340
JG0139d	6	125662624	N:CC[T>C]TC	1	324608.0	1186860948
JG0139d	6	126051761	N:CC[T>G]TT	-1	389137.0	1187250085
JG0139d	6	126754453	N:TC[T>G]AT	1	702692.0	1187952777
JG0139d	6	126837427	N:GG[T>G]TT	1	82974.0	1188035751
JG0139d	6	126847190	N:TC[T>C]TC	1	9763.0	1188045514
JG0139d	6	127195387	U:TC[T>G]TG	1	348197.0	1188393711
JG0139d	6	127213749	N:TC[T>C]TG	1	18362.0	1188412073
JG0139d	6	127540383	N:TC[T>G]TT	1	326634.0	1188738707
JG0139d	6	127567655	N:TG[T>C]CA	1	27272.0	1188765979
JG0139d	6	127629388	N:GC[T>G]TC	-1	61733.0	1188827712
JG0139d	6	127660628	N:CA[T>G]TA	-1	31240.0	1188858952
JG0139d	6	127941751	N:TG[T>G]TT	1	281123.0	1189140075
JG0139d	6	127958607	N:TC[T>C]TA	-1	16856.0	1189156931
JG0139d	6	128007402	U:TC[T>C]TT	-1	48795.0	1189205726
JG0139d	6	128568582	N:TC[T>A]TT	1	561180.0	1189766906
JG0139d	6	129116071	U:TC[T>C]TT	1	547489.0	1190314395
JG0139d	6	129181452	T:TC[T>G]TT	-1	65381.0	1190379776
JG0139d	6	129407034	T:TC[T>G]TT	-1	225582.0	1190605358
JG0139d	6	129529988	N:GC[T>G]TG	1	122954.0	1190728312
JG0139d	6	129605537	T:GC[T>G]TA	1	75549.0	1190803861
JG0139d	6	130906992	T:AA[T>A]CA	1	1301455.0	1192105316
JG0139d	6	131193640	U:TC[T>G]TT	1	286648.0	1192391964
JG0139d	6	131220448	T:GC[T>G]TT	-1	26808.0	1192418772
JG0139d	6	131301873	N:CC[T>C]CT	-1	81425.0	1192500197
JG0139d	6	131452917	N:GC[T>G]TT	1	151044.0	1192651241
JG0139d	6	131587940	U:AG[T>G]TT	-1	135023.0	1192786264
JG0139d	6	132179470	N:AT[T>G]TT	-1	591530.0	1193377794
JG0139d	6	132233511	N:AC[T>G]TC	1	54041.0	1193431835
JG0139d	6	132831341	N:CC[T>G]TC	1	597830.0	1194029665
JG0139d	6	133749032	N:CC[T>A]CT	1	917691.0	1194947356
JG0139d	6	133895120	T:TC[T>C]TT	-1	146088.0	1195093444
JG0139d	6	134425688	N:GC[T>G]TC	-1	530568.0	1195624012
JG0139d	6	134430186	N:AC[T>A]TG	1	4498.0	1195628510
JG0139d	6	134525310	N:TC[T>G]CT	-1	95124.0	1195723634
JG0139d	6	134525427	N:GG[T>C]CC	1	117.0	1195723751
JG0139d	6	134623268	N:TC[T>G]TT	-1	97841.0	1195821592
JG0139d	6	134702155	N:AC[T>C]TC	1	78887.0	1195900479
JG0139d	6	134740807	N:TC[T>G]TG	1	38652.0	1195939131
JG0139d	6	134805771	N:GG[T>G]CT	1	64964.0	1196004095
JG0139d	6	134942611	T:AC[T>C]CT	1	136840.0	1196140935
JG0139d	6	134964695	U:CC[T>G]TT	-1	22084.0	1196163019
JG0139d	6	135183939	U:TG[T>G]CC	1	219244.0	1196382263
JG0139d	6	135334159	T:AC[T>G]TT	1	150220.0	1196532483
JG0139d	6	135470082	U:TA[T>G]TA	-1	135923.0	1196668406
JG0139d	6	135563408	N:TC[T>G]TA	1	93326.0	1196761732
JG0139d	6	135852525	T:GC[T>A]TC	-1	289117.0	1197050849
JG0139d	6	135934639	T:TC[T>G]CC	-1	82114.0	1197132963
JG0139d	6	135956835	T:CC[T>A]TT	-1	22196.0	1197155159
JG0139d	6	135972496	U:GG[T>C]TA	1	15661.0	1197170820
JG0139d	6	135976870	U:AC[T>G]TT	1	4374.0	1197175194
JG0139d	6	136499963	T:AC[T>C]CT	1	523093.0	1197698287
JG0139d	6	136601842	T:AC[T>A]TT	1	101879.0	1197800166
JG0139d	6	136797572	N:CC[T>G]TG	1	195730.0	1197995896
JG0139d	6	137938747	N:AC[T>C]TA	1	1141175.0	1199137071
JG0139d	6	138262985	U:CC[T>G]TG	1	324238.0	1199461309
JG0139d	6	138344393	U:AC[T>C]TA	1	81408.0	1199542717
JG0139d	6	138961588	T:CC[T>G]TA	1	617195.0	1200159912
JG0139d	6	139329932	N:CC[T>A]TA	1	368344.0	1200528256
JG0139d	6	139347845	N:TT[T>G]TT	-1	17913.0	1200546169
JG0139d	6	139889707	N:TC[T>G]TA	-1	541862.0	1201088031
JG0139d	6	140544706	N:AC[T>C]CA	-1	654999.0	1201743030
JG0139d	6	140728794	N:CC[T>C]CC	-1	184088.0	1201927118
JG0139d	6	141206082	N:CT[T>G]TA	-1	477288.0	1202404406
JG0139d	6	141256571	N:AG[T>G]TA	1	50489.0	1202454895
JG0139d	6	142053754	N:TC[T>G]TG	-1	797183.0	1203252078
JG0139d	6	142631251	N:AA[T>A]CA	1	577497.0	1203829575
JG0139d	6	142652674	N:AC[T>G]TA	1	21423.0	1203850998
JG0139d	6	143268957	U:GC[T>C]GG	1	616283.0	1204467281
JG0139d	6	143306400	T:GC[T>C]CC	-1	37443.0	1204504724
JG0139d	6	143461027	T:CC[T>C]TT	-1	154627.0	1204659351
JG0139d	6	143462084	U:TC[T>A]TA	1	1057.0	1204660408
JG0139d	6	143630510	U:AC[T>C]CA	1	168426.0	1204828834
JG0139d	6	144145677	N:AC[T>G]TA	1	515167.0	1205344001
JG0139d	6	145393054	T:GC[T>G]TT	1	1247377.0	1206591378
JG0139d	6	146196946	T:GC[T>G]TA	-1	803892.0	1207395270
JG0139d	6	146531023	N:TC[T>G]CA	1	334077.0	1207729347
JG0139d	6	146991599	N:TC[T>A]TA	1	460576.0	1208189923
JG0139d	6	147063207	N:GC[T>C]CT	-1	71608.0	1208261531
JG0139d	6	147916940	N:TC[T>G]TA	1	853733.0	1209115264
JG0139d	6	148047535	N:GC[T>C]TT	-1	130595.0	1209245859
JG0139d	6	148415754	T:GC[T>G]TC	-1	368219.0	1209614078
JG0139d	6	148889250	T:CC[T>G]TT	-1	473496.0	1210087574
JG0139d	6	148999736	U:CC[T>C]CT	1	110486.0	1210198060
JG0139d	6	149029524	U:AC[T>G]CT	1	29788.0	1210227848
JG0139d	6	149170851	N:CC[T>A]CT	1	141327.0	1210369175
JG0139d	6	149819141	T:GC[T>G]TT	1	648290.0	1211017465
JG0139d	6	149866716	N:CC[T>G]CT	1	47575.0	1211065040
JG0139d	6	150363681	N:TG[T>A]CT	1	496965.0	1211562005
JG0139d	6	150515567	N:AC[T>G]TC	1	151886.0	1211713891
JG0139d	6	151056742	U:CT[T>G]TT	1	541175.0	1212255066
JG0139d	6	151675788	N:GC[T>A]TG	-1	619046.0	1212874112
JG0139d	6	152116457	U:TC[T>G]TA	1	440669.0	1213314781
JG0139d	6	152354578	U:AC[T>G]TT	-1	238121.0	1213552902
JG0139d	6	152549083	U:GC[T>C]TG	-1	194505.0	1213747407
JG0139d	6	152666096	N:TC[T>A]TT	1	117013.0	1213864420
JG0139d	6	152872748	N:TG[T>A]TT	-1	206652.0	1214071072
JG0139d	6	153193812	N:AC[T>C]TT	1	321064.0	1214392136
JG0139d	6	153238530	N:TT[C>G]TC	-1	44718.0	1214436854
JG0139d	6	153432165	N:TC[T>G]CA	-1	193635.0	1214630489
JG0139d	6	153798291	N:CA[C>A]TC	-1	366126.0	1214996615
JG0139d	6	154163325	B:CC[T>G]TT	1	365034.0	1215361649
JG0139d	6	154359351	N:AG[T>G]CC	-1	196026.0	1215557675
JG0139d	6	154501352	T:AC[T>G]CT	1	142001.0	1215699676
JG0139d	6	154991086	U:AG[T>G]TT	1	489734.0	1216189410
JG0139d	6	155340039	N:GG[T>C]GA	1	348953.0	1216538363
JG0139d	6	155563912	N:GG[T>C]TG	-1	223873.0	1216762236
JG0139d	6	155815677	N:AC[T>G]TC	-1	251765.0	1217014001
JG0139d	6	155883322	N:TA[T>G]TT	-1	67645.0	1217081646
JG0139d	6	156595899	N:CC[T>G]TG	-1	712577.0	1217794223
JG0139d	6	156690325	N:GC[T>G]TC	1	94426.0	1217888649
JG0139d	6	157053272	T:TC[T>G]TT	-1	362947.0	1218251596
JG0139d	6	157211063	N:TT[T>C]TA	-1	157791.0	1218409387
JG0139d	6	158473556	U:CG[T>C]TG	1	1262493.0	1219671880
JG0139d	6	159021752	N:AC[T>G]CT	1	548196.0	1220220076
JG0139d	6	159659579	N:TC[T>G]CA	1	637827.0	1220857903
JG0139d	6	159940016	N:TG[T>G]CA	1	280437.0	1221138340
JG0139d	6	160509765	N:AC[T>C]CT	1	569749.0	1221708089
JG0139d	6	160950790	N:TT[T>G]TA	1	441025.0	1222149114
JG0139d	6	161247177	U:TG[T>G]TC	-1	296387.0	1222445501
JG0139d	6	161858302	U:CA[T>G]GC	-1	611125.0	1223056626
JG0139d	6	161904211	U:CC[T>C]CA	-1	45909.0	1223102535
JG0139d	6	162146299	T:AC[T>C]CA	1	242088.0	1223344623
JG0139d	6	162458415	U:TC[T>C]CG	-1	312116.0	1223656739
JG0139d	6	162572436	T:CC[T>C]CT	1	114021.0	1223770760
JG0139d	6	162589008	T:TC[T>C]TC	1	16572.0	1223787332
JG0139d	6	162926682	T:GT[T>G]TT	-1	337674.0	1224125006
JG0139d	6	163555096	U:TC[T>C]TC	1	628414.0	1224753420
JG0139d	6	163910130	N:TC[T>G]CA	-1	355034.0	1225108454
JG0139d	6	165926971	T:GT[T>G]AA	1	2016841.0	1227125295
JG0139d	6	166912933	T:GC[T>C]TG	1	985962.0	1228111257
JG0139d	6	167455800	N:GC[T>C]AG	1	542867.0	1228654124
JG0139d	6	167771114	N:TC[T>C]TT	1	315314.0	1228969438
JG0139d	6	167843318	T:TC[T>G]TC	-1	72204.0	1229041642
JG0139d	6	167952542	U:TC[T>G]TC	1	109224.0	1229150866
JG0139d	6	168524745	T:CC[T>C]GG	-1	572203.0	1229723069
JG0139d	6	168953997	N:TT[C>G]CG	1	429252.0	1230152321
JG0139d	6	169178954	N:GC[T>C]TC	-1	224957.0	1230377278
JG0139d	6	169265507	N:CC[T>A]TT	-1	86553.0	1230463831
JG0139d	6	169494076	U:AC[T>C]AC	-1	228569.0	1230692400
JG0139d	6	169808133	N:TC[T>C]CC	1	314057.0	1231006457
JG0139d	6	170029092	N:GC[T>G]GT	1	220959.0	1231227416
JG0139d	7	151105	N:TC[C>A]TG	-1		1232155408
JG0139d	7	257680	U:CC[T>G]TC	1	106575.0	1232261983
JG0139d	7	346480	N:GC[T>C]CT	-1	88800.0	1232350783
JG0139d	7	608059	U:TC[T>G]GC	-1	261579.0	1232612362
JG0139d	7	739219	U:GC[T>C]TG	1	131160.0	1232743522
JG0139d	7	942389	U:TC[C>G]TC	-1	203170.0	1232946692
JG0139d	7	1245608	N:CC[T>A]TC	-1	303219.0	1233249911
JG0139d	7	1252307	N:CC[T>G]CC	-1	6699.0	1233256610
JG0139d	7	1676594	N:CC[T>C]CA	1	424287.0	1233680897
JG0139d	7	1798549	N:CC[T>C]TG	1	121955.0	1233802852
JG0139d	7	1869760	T:CG[T>C]GG	1	71211.0	1233874063
JG0139d	7	2207897	U:GG[T>G]CA	-1	338137.0	1234212200
JG0139d	7	2365287	T:CC[T>C]CC	-1	157390.0	1234369590
JG0139d	7	2408654	U:AC[T>C]CA	1	43367.0	1234412957
JG0139d	7	2568057	T:AC[T>G]TC	-1	159403.0	1234572360
JG0139d	7	2594370	U:AT[T>G]TT	1	26313.0	1234598673
JG0139d	7	2606273	U:GC[T>C]TC	1	11903.0	1234610576
JG0139d	7	2618435	N:GC[T>C]CA	-1	12162.0	1234622738
JG0139d	7	2661791	T:GC[T>A]GG	-1	43356.0	1234666094
JG0139d	7	2720935	N:GC[T>C]CA	1	59144.0	1234725238
JG0139d	7	2721274	N:CC[T>G]CA	1	339.0	1234725577
JG0139d	7	2801059	T:CC[T>C]TT	1	79785.0	1234805362
JG0139d	7	2881977	N:TC[T>C]CA	-1	80918.0	1234886280
JG0139d	7	3014595	U:GC[T>G]TC	-1	132618.0	1235018898
JG0139d	7	3053195	N:AC[T>G]TT	1	38600.0	1235057498
JG0139d	7	3187393	N:TC[T>G]CA	-1	134198.0	1235191696
JG0139d	7	3293191	N:GC[T>C]TG	-1	105798.0	1235297494
JG0139d	7	3310714	T:TC[T>C]GG	-1	17523.0	1235315017
JG0139d	7	3767327	T:CC[T>A]TA	-1	456613.0	1235771630
JG0139d	7	3790852	U:AC[T>G]TG	1	23525.0	1235795155
JG0139d	7	3874104	U:TC[T>G]TT	1	83252.0	1235878407
JG0139d	7	3906728	T:GC[T>G]TG	-1	32624.0	1235911031
JG0139d	7	4000921	T:CC[C>T]CC	-1	94193.0	1236005224
JG0139d	7	4072622	T:AG[T>A]TT	-1	71701.0	1236076925
JG0139d	7	4487216	N:TC[T>G]TT	-1	414594.0	1236491519
JG0139d	7	4564051	N:AC[T>A]CT	1	76835.0	1236568354
JG0139d	7	5153478	N:TC[T>C]CG	1	589427.0	1237157781
JG0139d	7	5169260	N:AC[C>T]CC	-1	15782.0	1237173563
JG0139d	7	5384662	T:GC[T>C]CA	1	215402.0	1237388965
JG0139d	7	5616311	N:TC[T>C]TG	1	231649.0	1237620614
JG0139d	7	5888370	N:GC[T>C]TG	1	272059.0	1237892673
JG0139d	7	6005864	T:TC[T>G]TG	1	117494.0	1238010167
JG0139d	7	6530847	T:GG[T>G]TC	1	524983.0	1238535150
JG0139d	7	6709548	N:TC[T>A]AC	-1	178701.0	1238713851
JG0139d	7	6723733	N:TC[T>G]TC	-1	14185.0	1238728036
JG0139d	7	6826426	T:GC[T>A]AC	1	102693.0	1238830729
JG0139d	7	7183608	U:AC[T>G]CT	1	357182.0	1239187911
JG0139d	7	7323575	N:AC[T>C]GT	1	139967.0	1239327878
JG0139d	7	7328619	N:AC[T>G]CC	-1	5044.0	1239332922
JG0139d	7	7394620	U:GG[T>C]TT	-1	66001.0	1239398923
JG0139d	7	7398862	T:GT[T>G]TG	1	4242.0	1239403165
JG0139d	7	7471816	U:GG[T>G]TG	-1	72954.0	1239476119
JG0139d	7	7558250	N:TC[T>C]CT	-1	86434.0	1239562553
JG0139d	7	7726782	U:GC[T>C]GT	1	168532.0	1239731085
JG0139d	7	7947673	T:TA[T>G]TA	-1	220891.0	1239951976
JG0139d	7	8056282	T:GC[T>C]CT	-1	108609.0	1240060585
JG0139d	7	8161667	U:CC[T>C]CA	-1	105385.0	1240165970
JG0139d	7	8198202	T:AC[T>G]TC	1	36535.0	1240202505
JG0139d	7	8321137	N:AC[T>C]TC	-1	122935.0	1240325440
JG0139d	7	8656529	T:CC[T>A]CT	-1	335392.0	1240660832
JG0139d	7	8773650	N:TC[T>C]CT	1	117121.0	1240777953
JG0139d	7	8861426	N:TC[T>G]TG	-1	87776.0	1240865729
JG0139d	7	9153811	N:TC[T>A]TA	-1	292385.0	1241158114
JG0139d	7	9368876	N:CC[T>G]TG	-1	215065.0	1241373179
JG0139d	7	9394106	N:CC[T>C]TT	-1	25230.0	1241398409
JG0139d	7	9661323	N:CC[T>C]TT	1	267217.0	1241665626
JG0139d	7	10033677	N:CC[T>G]TT	-1	372354.0	1242037980
JG0139d	7	10119094	N:AT[T>G]CT	1	85417.0	1242123397
JG0139d	7	10215349	N:GC[T>C]TC	1	96255.0	1242219652
JG0139d	7	10452914	N:CC[T>C]TG	-1	237565.0	1242457217
JG0139d	7	10661108	N:AC[T>G]TT	-1	208194.0	1242665411
JG0139d	7	11028904	T:TC[T>G]TT	-1	367796.0	1243033207
JG0139d	7	11218660	N:AA[T>G]TT	1	189756.0	1243222963
JG0139d	7	11363435	N:TC[T>A]TT	1	144775.0	1243367738
JG0139d	7	11963281	N:TC[T>G]TC	-1	599846.0	1243967584
JG0139d	7	12039606	N:AC[T>C]CA	-1	76325.0	1244043909
JG0139d	7	12066510	N:TG[T>G]TT	1	26904.0	1244070813
JG0139d	7	12471401	N:TC[T>C]GT	1	404891.0	1244475704
JG0139d	7	12602335	T:CC[T>A]CA	-1	130934.0	1244606638
JG0139d	7	13601941	N:TC[T>G]TT	-1	999606.0	1245606244
JG0139d	7	13639278	N:GC[T>G]CT	1	37337.0	1245643581
JG0139d	7	13689160	N:AC[T>G]TA	1	49882.0	1245693463
JG0139d	7	13836719	N:TC[T>C]CC	-1	147559.0	1245841022
JG0139d	7	13895646	T:TG[T>G]TA	1	58927.0	1245899949
JG0139d	7	13898005	T:GC[T>G]TA	1	2359.0	1245902308
JG0139d	7	13940198	U:TG[T>G]TG	-1	42193.0	1245944501
JG0139d	7	13992639	N:TG[T>G]TC	1	52441.0	1245996942
JG0139d	7	14096677	N:TC[T>C]TT	1	104038.0	1246100980
JG0139d	7	14577599	U:TC[T>C]TT	-1	480922.0	1246581902
JG0139d	7	14736933	U:TC[T>C]TC	-1	159334.0	1246741236
JG0139d	7	15052656	N:TC[T>G]TG	1	315723.0	1247056959
JG0139d	7	15254427	T:CC[T>G]TC	1	201771.0	1247258730
JG0139d	7	15440274	T:GC[T>G]TC	1	185847.0	1247444577
JG0139d	7	15443078	T:AC[T>C]CA	1	2804.0	1247447381
JG0139d	7	15540002	T:AC[T>C]TG	1	96924.0	1247544305
JG0139d	7	15589154	N:AG[T>G]CC	1	49152.0	1247593457
JG0139d	7	15641060	T:CC[T>C]CC	1	51906.0	1247645363
JG0139d	7	15737487	N:TC[T>G]TT	-1	96427.0	1247741790
JG0139d	7	15856353	N:AC[T>G]TA	-1	118866.0	1247860656
JG0139d	7	15871389	N:GC[T>G]GT	1	15036.0	1247875692
JG0139d	7	15920165	N:CC[T>G]TT	-1	48776.0	1247924468
JG0139d	7	15966408	N:GC[T>G]TT	-1	46243.0	1247970711
JG0139d	7	16492491	U:TG[T>A]CT	-1	526083.0	1248496794
JG0139d	7	16885817	N:CC[T>G]TC	1	393326.0	1248890120
JG0139d	7	16967408	N:GG[T>G]TT	1	81591.0	1248971711
JG0139d	7	17189243	T:GG[T>G]TA	-1	221835.0	1249193546
JG0139d	7	17225523	U:AC[T>G]TA	1	36280.0	1249229826
JG0139d	7	17281447	T:CC[T>C]CA	-1	55924.0	1249285750
JG0139d	7	17338606	U:CA[T>C]CA	1	57159.0	1249342909
JG0139d	7	17485997	N:CA[T>G]TT	-1	147391.0	1249490300
JG0139d	7	17508194	N:AA[T>A]CA	1	22197.0	1249512497
JG0139d	7	17528552	N:AC[T>G]TG	-1	20358.0	1249532855
JG0139d	7	17732365	N:GG[T>A]TG	1	203813.0	1249736668
JG0139d	7	18012134	N:TG[T>A]TT	1	279769.0	1250016437
JG0139d	7	18039110	N:GC[T>G]GA	1	26976.0	1250043413
JG0139d	7	18812930	T:TA[T>G]TA	-1	773820.0	1250817233
JG0139d	7	18894970	U:AC[T>C]TT	1	82040.0	1250899273
JG0139d	7	18900159	U:TC[T>G]TA	1	5189.0	1250904462
JG0139d	7	19073062	N:GC[T>C]TT	1	172903.0	1251077365
JG0139d	7	19906302	N:GC[T>G]CA	-1	833240.0	1251910605
JG0139d	7	20102720	N:TC[T>C]CT	-1	196418.0	1252107023
JG0139d	7	20103502	N:TC[T>G]TG	-1	782.0	1252107805
JG0139d	7	20949844	N:GC[T>G]CA	-1	846342.0	1252954147
JG0139d	7	20955914	N:CC[T>G]TT	-1	6070.0	1252960217
JG0139d	7	21005800	N:AC[T>C]TA	1	49886.0	1253010103
JG0139d	7	21411717	N:CC[T>A]TC	1	405917.0	1253416020
JG0139d	7	21436867	U:CC[T>G]TA	1	25150.0	1253441170
JG0139d	7	21524839	N:CC[T>A]TC	1	87972.0	1253529142
JG0139d	7	21935287	U:GG[T>G]TG	-1	410448.0	1253939590
JG0139d	7	21983163	N:TC[T>C]CT	-1	47876.0	1253987466
JG0139d	7	21984329	N:AC[T>A]TA	1	1166.0	1253988632
JG0139d	7	21987131	N:GC[T>C]TA	1	2802.0	1253991434
JG0139d	7	22052627	N:GC[T>G]CC	-1	65496.0	1254056930
JG0139d	7	22061824	N:TC[T>C]TC	1	9197.0	1254066127
JG0139d	7	22064331	N:AC[T>C]TG	-1	2507.0	1254068634
JG0139d	7	22067710	N:AG[T>G]TT	1	3379.0	1254072013
JG0139d	7	22754806	N:AC[T>G]TA	-1	687096.0	1254759109
JG0139d	7	22765730	N:AC[T>G]TG	-1	10924.0	1254770033
JG0139d	7	23106870	T:TG[T>C]TA	-1	341140.0	1255111173
JG0139d	7	23192514	U:AC[T>G]CC	1	85644.0	1255196817
JG0139d	7	23690968	T:GC[T>C]CA	-1	498454.0	1255695271
JG0139d	7	23771697	U:AA[C>A]AC	1	80729.0	1255776000
JG0139d	7	24119518	N:AC[T>C]TT	-1	347821.0	1256123821
JG0139d	7	24166458	N:AC[T>G]CA	-1	46940.0	1256170761
JG0139d	7	24297902	N:GC[T>G]TT	1	131444.0	1256302205
JG0139d	7	24493976	N:TC[T>G]TC	1	196074.0	1256498279
JG0139d	7	24548517	N:CC[T>G]TG	-1	54541.0	1256552820
JG0139d	7	24561857	N:GC[T>G]TC	1	13340.0	1256566160
JG0139d	7	24795126	N:CC[T>C]TC	1	233269.0	1256799429
JG0139d	7	24820131	T:AA[C>T]AT	1	25005.0	1256824434
JG0139d	7	25228115	U:CC[T>G]CT	-1	407984.0	1257232418
JG0139d	7	25266764	N:CC[T>G]CT	-1	38649.0	1257271067
JG0139d	7	25420653	N:TC[T>G]TC	-1	153889.0	1257424956
JG0139d	7	25467132	N:AC[T>G]CC	-1	46479.0	1257471435
JG0139d	7	25976744	N:CC[T>G]TC	-1	509612.0	1257981047
JG0139d	7	26141873	N:AC[T>C]CT	-1	165129.0	1258146176
JG0139d	7	26178735	B:CC[T>G]TT	1	36862.0	1258183038
JG0139d	7	26336280	T:AC[T>G]TC	-1	157545.0	1258340583
JG0139d	7	26733144	U:AC[T>G]TT	-1	396864.0	1258737447
JG0139d	7	26758508	U:AC[T>G]TG	-1	25364.0	1258762811
JG0139d	7	27013158	N:GC[T>G]TT	1	254650.0	1259017461
JG0139d	7	27253143	N:TC[T>G]TC	-1	239985.0	1259257446
JG0139d	7	27294822	N:CC[T>G]TG	-1	41679.0	1259299125
JG0139d	7	27376106	N:GC[T>G]TT	1	81284.0	1259380409
JG0139d	7	28058271	U:CC[T>C]CT	-1	682165.0	1260062574
JG0139d	7	28203055	N:AC[T>G]TC	1	144784.0	1260207358
JG0139d	7	28242177	N:AC[T>C]TA	1	39122.0	1260246480
JG0139d	7	28447918	U:AC[T>C]TT	1	205741.0	1260452221
JG0139d	7	28546788	T:GC[T>G]TG	-1	98870.0	1260551091
JG0139d	7	28557694	T:TC[T>G]TC	-1	10906.0	1260561997
JG0139d	7	28641522	U:AC[T>A]TG	1	83828.0	1260645825
JG0139d	7	28777238	T:GG[T>G]TC	-1	135716.0	1260781541
JG0139d	7	29613042	N:TC[T>G]TC	-1	835804.0	1261617345
JG0139d	7	29707011	N:AG[T>G]TT	1	93969.0	1261711314
JG0139d	7	29772837	N:GG[T>G]CT	-1	65826.0	1261777140
JG0139d	7	29779717	N:AG[T>C]TC	1	6880.0	1261784020
JG0139d	7	30006923	N:TA[T>C]CA	-1	227206.0	1262011226
JG0139d	7	30121786	T:TC[T>G]TT	-1	114863.0	1262126089
JG0139d	7	30188069	N:TC[T>G]TG	-1	66283.0	1262192372
JG0139d	7	30261306	N:TC[T>G]TG	-1	73237.0	1262265609
JG0139d	7	30311584	T:TC[T>G]TA	-1	50278.0	1262315887
JG0139d	7	30630295	U:AC[T>A]TA	1	318711.0	1262634598
JG0139d	7	30823747	U:AC[T>A]CA	1	193452.0	1262828050
JG0139d	7	30830100	T:TC[T>C]GA	-1	6353.0	1262834403
JG0139d	7	31140576	N:TA[T>G]TT	1	310476.0	1263144879
JG0139d	7	31418443	N:CC[T>G]CC	1	277867.0	1263422746
JG0139d	7	31564629	T:TC[T>G]GC	-1	146186.0	1263568932
JG0139d	7	31609865	T:TC[T>G]TA	-1	45236.0	1263614168
JG0139d	7	31674824	N:TC[T>C]AG	-1	64959.0	1263679127
JG0139d	7	31718279	N:CC[T>A]CC	-1	43455.0	1263722582
JG0139d	7	32013103	U:AG[T>C]GG	-1	294824.0	1264017406
JG0139d	7	32144982	U:AC[T>A]TT	-1	131879.0	1264149285
JG0139d	7	32193821	T:AC[T>C]TT	1	48839.0	1264198124
JG0139d	7	32208987	T:AC[T>G]TT	1	15166.0	1264213290
JG0139d	7	32321352	N:TC[T>C]CC	-1	112365.0	1264325655
JG0139d	7	32347270	N:AC[T>C]GA	1	25918.0	1264351573
JG0139d	7	32490593	T:CC[T>C]TG	1	143323.0	1264494896
JG0139d	7	32537962	T:TC[T>C]TT	-1	47369.0	1264542265
JG0139d	7	32643021	N:GC[T>G]TG	-1	105059.0	1264647324
JG0139d	7	32647705	N:AC[T>C]TA	1	4684.0	1264652008
JG0139d	7	33055092	U:CC[T>G]TG	-1	407387.0	1265059395
JG0139d	7	33117869	N:TC[T>G]CC	1	62777.0	1265122172
JG0139d	7	33373333	T:CC[T>C]CC	-1	255464.0	1265377636
JG0139d	7	33571381	T:TC[T>A]TG	-1	198048.0	1265575684
JG0139d	7	34290428	N:TC[T>G]CA	-1	719047.0	1266294731
JG0139d	7	34340523	N:AC[T>A]TG	1	50095.0	1266344826
JG0139d	7	34422967	N:CC[T>G]TT	-1	82444.0	1266427270
JG0139d	7	34665123	T:TC[T>C]TA	-1	242156.0	1266669426
JG0139d	7	34688517	U:AC[T>G]CC	1	23394.0	1266692820
JG0139d	7	35069985	N:TC[T>A]TT	1	381468.0	1267074288
JG0139d	7	35143540	N:GC[T>G]CA	-1	73555.0	1267147843
JG0139d	7	35526705	N:GT[T>G]TG	-1	383165.0	1267531008
JG0139d	7	35584062	N:TC[T>G]TG	1	57357.0	1267588365
JG0139d	7	35861816	T:CC[T>G]TC	-1	277754.0	1267866119
JG0139d	7	36074182	N:TG[C>A]CT	-1	212366.0	1268078485
JG0139d	7	36259202	T:GC[T>C]CA	-1	185020.0	1268263505
JG0139d	7	36483275	N:GC[T>G]TG	-1	224073.0	1268487578
JG0139d	7	36772047	N:GC[T>G]TG	1	288772.0	1268776350
JG0139d	7	36865266	U:TG[T>A]CT	-1	93219.0	1268869569
JG0139d	7	37074328	T:GC[T>G]TT	1	209062.0	1269078631
JG0139d	7	37148979	U:CC[T>C]TG	-1	74651.0	1269153282
JG0139d	7	37343129	T:CG[T>C]CT	1	194150.0	1269347432
JG0139d	7	37488875	N:AC[T>G]TG	-1	145746.0	1269493178
JG0139d	7	37495610	N:TC[T>G]CA	1	6735.0	1269499913
JG0139d	7	37522067	N:AC[C>G]TA	-1	26457.0	1269526370
JG0139d	7	37593858	N:GC[T>C]CC	-1	71791.0	1269598161
JG0139d	7	37954425	U:AC[T>A]CA	-1	360567.0	1269958728
JG0139d	7	38122195	N:AA[T>A]TT	-1	167770.0	1270126498
JG0139d	7	38125148	N:AC[T>G]TT	-1	2953.0	1270129451
JG0139d	7	38446712	T:GG[T>G]TT	1	321564.0	1270451015
JG0139d	7	38447996	U:TC[T>C]CT	-1	1284.0	1270452299
JG0139d	7	38495919	U:GC[T>G]TT	-1	47923.0	1270500222
JG0139d	7	38636221	N:TC[T>G]TT	1	140302.0	1270640524
JG0139d	7	38678965	N:GC[T>C]TT	-1	42744.0	1270683268
JG0139d	7	38847788	T:TA[T>G]TT	1	168823.0	1270852091
JG0139d	7	39144185	U:CC[T>C]TG	1	296397.0	1271148488
JG0139d	7	39204212	T:AC[T>A]CC	-1	60027.0	1271208515
JG0139d	7	39347988	T:TC[T>G]TT	-1	143776.0	1271352291
JG0139d	7	39420178	U:AT[T>G]TT	1	72190.0	1271424481
JG0139d	7	39472422	N:CC[T>A]TT	-1	52244.0	1271476725
JG0139d	7	39560930	N:AC[T>G]TA	-1	88508.0	1271565233
JG0139d	7	39682816	U:TT[T>G]TG	1	121886.0	1271687119
JG0139d	7	40250778	U:GG[T>C]TG	1	567962.0	1272255081
JG0139d	7	40298105	T:GC[T>G]TG	-1	47327.0	1272302408
JG0139d	7	40308503	U:CC[T>G]TC	1	10398.0	1272312806
JG0139d	7	40582657	U:CC[T>G]CA	1	274154.0	1272586960
JG0139d	7	40946244	N:TC[T>C]CA	1	363587.0	1272950547
JG0139d	7	40997435	N:GG[T>G]CA	-1	51191.0	1273001738
JG0139d	7	41450906	N:TG[T>G]TT	1	453471.0	1273455209
JG0139d	7	41490163	N:GC[T>C]TA	1	39257.0	1273494466
JG0139d	7	41491875	N:TC[T>C]CT	1	1712.0	1273496178
JG0139d	7	41777935	N:TA[T>C]CC	1	286060.0	1273782238
JG0139d	7	41962413	U:AC[T>G]TT	-1	184478.0	1273966716
JG0139d	7	41967044	U:CC[T>G]TT	-1	4631.0	1273971347
JG0139d	7	42307009	N:GC[T>G]TT	-1	339965.0	1274311312
JG0139d	7	42454898	N:GG[T>G]TA	1	147889.0	1274459201
JG0139d	7	42505533	N:AT[T>G]TC	1	50635.0	1274509836
JG0139d	7	42556070	N:GC[T>G]CT	1	50537.0	1274560373
JG0139d	7	42609268	N:TC[T>G]TC	-1	53198.0	1274613571
JG0139d	7	43066806	N:TC[T>C]CG	1	457538.0	1275071109
JG0139d	7	43539172	U:TC[T>C]CT	1	472366.0	1275543475
JG0139d	7	43593371	U:TC[T>G]TT	1	54199.0	1275597674
JG0139d	7	43604224	U:CC[T>C]TA	1	10853.0	1275608527
JG0139d	7	43693084	T:AC[T>C]TC	1	88860.0	1275697387
JG0139d	7	43892477	U:AG[T>G]TT	-1	199393.0	1275896780
JG0139d	7	43969169	N:GC[T>C]CC	1	76692.0	1275973472
JG0139d	7	43979609	N:TC[T>G]CG	-1	10440.0	1275983912
JG0139d	7	44130571	N:TC[T>C]CA	-1	150962.0	1276134874
JG0139d	7	44211833	U:CC[T>C]CA	1	81262.0	1276216136
JG0139d	7	44393100	T:AC[T>A]TC	1	181267.0	1276397403
JG0139d	7	44432659	T:TG[T>C]TC	1	39559.0	1276436962
JG0139d	7	44559203	N:TC[T>C]TC	1	126544.0	1276563506
JG0139d	7	44721803	N:GC[T>G]GA	-1	162600.0	1276726106
JG0139d	7	44873163	N:CC[T>G]TA	-1	151360.0	1276877466
JG0139d	7	45124119	N:CC[T>A]CC	-1	250956.0	1277128422
JG0139d	7	45127880	N:CC[T>G]TC	1	3761.0	1277132183
JG0139d	7	45890474	T:AC[T>C]TC	-1	762594.0	1277894777
JG0139d	7	45933487	N:GC[T>C]CT	1	43013.0	1277937790
JG0139d	7	46076400	N:GC[T>G]TC	1	142913.0	1278080703
JG0139d	7	46203498	N:AC[T>G]TT	1	127098.0	1278207801
JG0139d	7	46223312	N:AG[T>C]TT	1	19814.0	1278227615
JG0139d	7	46424232	N:TC[T>C]TA	-1	200920.0	1278428535
JG0139d	7	46597710	N:TC[T>A]TT	1	173478.0	1278602013
JG0139d	7	46822662	N:TC[T>C]AT	-1	224952.0	1278826965
JG0139d	7	46946197	N:TC[T>G]TC	-1	123535.0	1278950500
JG0139d	7	46987025	N:TG[T>G]TT	1	40828.0	1278991328
JG0139d	7	47129009	N:AC[T>G]TT	1	141984.0	1279133312
JG0139d	7	47994518	T:AG[T>C]TA	1	865509.0	1279998821
JG0139d	7	48400064	T:TG[T>G]TC	-1	405546.0	1280404367
JG0139d	7	48663662	N:GC[T>G]AT	-1	263598.0	1280667965
JG0139d	7	48754621	N:TC[T>C]TG	1	90959.0	1280758924
JG0139d	7	49308684	N:GG[T>G]TT	1	554063.0	1281312987
JG0139d	7	49401015	N:AG[T>G]TA	-1	92331.0	1281405318
JG0139d	7	49539059	N:GG[T>C]CC	-1	138044.0	1281543362
JG0139d	7	49682144	N:AC[T>C]TC	-1	143085.0	1281686447
JG0139d	7	49802937	T:AC[T>C]CA	-1	120793.0	1281807240
JG0139d	7	49823649	T:TC[T>C]AC	-1	20712.0	1281827952
JG0139d	7	49943723	U:CC[T>C]TG	-1	120074.0	1281948026
JG0139d	7	50224749	N:TC[T>C]GC	-1	281026.0	1282229052
JG0139d	7	50237364	N:GC[T>A]CT	1	12615.0	1282241667
JG0139d	7	50281216	N:AC[T>G]TT	-1	43852.0	1282285519
JG0139d	7	50354135	U:TC[T>A]CC	1	72919.0	1282358438
JG0139d	7	50608346	T:CC[T>G]TG	1	254211.0	1282612649
JG0139d	7	51078459	U:AG[T>G]TG	-1	470113.0	1283082762
JG0139d	7	51098660	U:TC[T>C]TC	-1	20201.0	1283102963
JG0139d	7	51164608	T:GC[T>G]AA	1	65948.0	1283168911
JG0139d	7	51185969	U:CC[T>C]CC	-1	21361.0	1283190272
JG0139d	7	51280049	T:TC[T>G]CC	1	94080.0	1283284352
JG0139d	7	51332196	N:AG[T>G]TT	-1	52147.0	1283336499
JG0139d	7	52066747	N:AC[T>C]TG	-1	734551.0	1284071050
JG0139d	7	52095999	N:CC[T>C]CT	1	29252.0	1284100302
JG0139d	7	52183872	N:CC[T>G]TG	-1	87873.0	1284188175
JG0139d	7	52269659	N:CA[T>A]TA	-1	85787.0	1284273962
JG0139d	7	52333882	N:TC[T>A]GG	1	64223.0	1284338185
JG0139d	7	52637270	N:TC[T>G]TC	-1	303388.0	1284641573
JG0139d	7	52865220	N:GC[T>C]CC	1	227950.0	1284869523
JG0139d	7	53200101	N:AC[T>C]TC	1	334881.0	1285204404
JG0139d	7	53612615	N:AC[T>G]TA	1	412514.0	1285616918
JG0139d	7	53674912	N:AG[T>G]CC	1	62297.0	1285679215
JG0139d	7	53977612	N:TC[T>C]TA	1	302700.0	1285981915
JG0139d	7	54161585	N:TC[T>C]TT	-1	183973.0	1286165888
JG0139d	7	54211394	N:AC[T>C]CC	1	49809.0	1286215697
JG0139d	7	54510994	N:CC[T>G]TA	1	299600.0	1286515297
JG0139d	7	54528702	N:AC[T>C]GC	-1	17708.0	1286533005
JG0139d	7	54600567	N:TC[T>G]TG	-1	71865.0	1286604870
JG0139d	7	54691592	N:AG[T>G]TT	-1	91025.0	1286695895
JG0139d	7	54881369	N:AC[T>C]CT	-1	189777.0	1286885672
JG0139d	7	54938370	N:CA[T>G]GA	1	57001.0	1286942673
JG0139d	7	54992046	N:AC[T>C]CA	-1	53676.0	1286996349
JG0139d	7	55021268	U:CC[T>C]GC	1	29222.0	1287025571
JG0139d	7	55065104	T:AC[T>G]TT	-1	43836.0	1287069407
JG0139d	7	55209918	T:CC[T>C]CT	-1	144814.0	1287214221
JG0139d	7	55272356	N:TC[T>G]GT	-1	62438.0	1287276659
JG0139d	7	55358447	N:TC[T>C]TT	1	86091.0	1287362750
JG0139d	7	55379537	U:GA[C>A]TA	1	21090.0	1287383840
JG0139d	7	55408653	U:AG[T>G]AT	1	29116.0	1287412956
JG0139d	7	55466207	N:CC[T>G]TT	1	57554.0	1287470510
JG0139d	7	55498199	T:AC[T>G]TC	1	31992.0	1287502502
JG0139d	7	55579385	N:CC[T>A]TC	-1	81186.0	1287583688
JG0139d	7	55584789	N:TC[T>G]CT	1	5404.0	1287589092
JG0139d	7	55649175	N:CC[T>G]TG	1	64386.0	1287653478
JG0139d	7	56160889	N:CC[T>G]CG	-1	511714.0	1288165192
JG0139d	7	56189583	N:GC[T>G]TG	-1	28694.0	1288193886
JG0139d	7	56356264	N:TC[T>C]CA	-1	166681.0	1288360567
JG0139d	7	56462869	N:TC[T>C]TC	-1	106605.0	1288467172
JG0139d	7	57019929	N:CC[T>C]GC	-1	557060.0	1289024232
JG0139d	7	57673546	N:TC[T>A]CT	1	653617.0	1289677849
JG0139d	7	58325792	N:CC[T>G]TG	1	652246.0	1290330095
JG0139d	7	58346114	N:AC[T>C]TG	-1	20322.0	1290350417
JG0139d	7	58370620	N:TC[T>G]CA	1	24506.0	1290374923
JG0139d	7	58797225	N:TG[T>C]CT	-1	426605.0	1290801528
JG0139d	7	58874591	N:TC[T>G]TT	1	77366.0	1290878894
JG0139d	7	58883910	N:CC[T>G]TT	-1	9319.0	1290888213
JG0139d	7	59205117	N:AC[T>C]CT	1	321207.0	1291209420
JG0139d	7	59280322	N:AC[T>C]TC	1	75205.0	1291284625
JG0139d	7	59322092	N:TC[T>G]TT	1	41770.0	1291326395
JG0139d	7	59335916	N:TG[T>C]GG	1	13824.0	1291340219
JG0139d	7	59498541	N:CC[T>C]TT	1	162625.0	1291502844
JG0139d	7	59726346	N:AC[T>G]TG	-1	227805.0	1291730649
JG0139d	7	59826170	N:AC[T>G]TT	-1	99824.0	1291830473
JG0139d	7	60038838	N:AG[T>G]TC	1	212668.0	1292043141
JG0139d	7	60343365	N:CC[T>A]TC	1	304527.0	1292347668
JG0139d	7	60473443	N:CC[T>G]TT	1	130078.0	1292477746
JG0139d	7	60574655	N:AC[T>C]GT	1	101212.0	1292578958
JG0139d	7	60594457	N:CC[T>C]CA	-1	19802.0	1292598760
JG0139d	7	60696230	N:AC[T>C]TT	-1	101773.0	1292700533
JG0139d	7	60803958	N:AC[T>A]CT	1	107728.0	1292808261
JG0139d	7	60887979	N:GC[T>G]TC	1	84021.0	1292892282
JG0139d	7	61008759	N:AG[T>A]CT	-1	120780.0	1293013062
JG0139d	7	61121574	N:CC[T>C]TT	1	112815.0	1293125877
JG0139d	7	61256881	N:AG[T>G]TC	-1	135307.0	1293261184
JG0139d	7	61929642	N:GC[T>A]CC	1	672761.0	1293933945
JG0139d	7	62742195	N:GG[C>A]AC	-1	812553.0	1294746498
JG0139d	7	62787774	N:AA[T>G]TG	-1	45579.0	1294792077
JG0139d	7	62919507	N:TG[T>A]TT	-1	131733.0	1294923810
JG0139d	7	62983576	N:TC[T>C]CG	-1	64069.0	1294987879
JG0139d	7	63032363	N:AC[T>G]TG	-1	48787.0	1295036666
JG0139d	7	63156501	N:CC[T>C]CA	-1	124138.0	1295160804
JG0139d	7	63252248	N:AG[T>G]CA	-1	95747.0	1295256551
JG0139d	7	63331294	N:TG[T>G]TT	-1	79046.0	1295335597
JG0139d	7	63477893	N:TT[T>G]TG	1	146599.0	1295482196
JG0139d	7	63557929	N:CC[T>C]CC	-1	80036.0	1295562232
JG0139d	7	63725139	N:AC[T>C]TG	-1	167210.0	1295729442
JG0139d	7	64063517	T:AC[T>G]CC	-1	338378.0	1296067820
JG0139d	7	64130609	N:TT[T>C]TT	1	67092.0	1296134912
JG0139d	7	64294904	N:AC[T>G]TA	-1	164295.0	1296299207
JG0139d	7	64395877	N:TG[T>A]TT	1	100973.0	1296400180
JG0139d	7	64878460	N:TC[T>C]TG	1	482583.0	1296882763
JG0139d	7	65079823	N:CT[C>T]CT	1	201363.0	1297084126
JG0139d	7	65168275	N:TC[T>C]CC	-1	88452.0	1297172578
JG0139d	7	65469189	N:TC[T>C]TT	1	300914.0	1297473492
JG0139d	7	65711853	N:CC[T>C]GT	1	242664.0	1297716156
JG0139d	7	66016129	N:TG[T>G]TA	-1	304276.0	1298020432
JG0139d	7	66154728	N:CC[T>G]TC	1	138599.0	1298159031
JG0139d	7	66168148	N:AC[T>C]TG	-1	13420.0	1298172451
JG0139d	7	66351660	U:AC[T>G]CC	1	183512.0	1298355963
JG0139d	7	66446336	N:CC[T>C]CC	1	94676.0	1298450639
JG0139d	7	66629423	U:GC[T>G]TC	1	183087.0	1298633726
JG0139d	7	66868131	N:GC[T>C]CA	1	238708.0	1298872434
JG0139d	7	66896527	N:AG[T>G]TT	-1	28396.0	1298900830
JG0139d	7	66946489	T:TC[T>C]CC	-1	49962.0	1298950792
JG0139d	7	67066240	T:TC[T>G]CC	-1	119751.0	1299070543
JG0139d	7	67282896	N:CC[T>C]CC	1	216656.0	1299287199
JG0139d	7	67414688	N:AC[T>G]CT	-1	131792.0	1299418991
JG0139d	7	67542867	N:AG[T>G]GG	1	128179.0	1299547170
JG0139d	7	67881017	N:AC[T>A]TT	1	338150.0	1299885320
JG0139d	7	68244468	N:TC[T>G]TC	1	363451.0	1300248771
JG0139d	7	68251347	N:AC[T>C]CA	1	6879.0	1300255650
JG0139d	7	68274044	N:AC[T>C]TA	-1	22697.0	1300278347
JG0139d	7	68358015	N:CC[T>C]TG	-1	83971.0	1300362318
JG0139d	7	68851601	N:CC[T>A]GC	1	493586.0	1300855904
JG0139d	7	68948102	N:CC[T>C]CC	-1	96501.0	1300952405
JG0139d	7	69016030	N:CC[T>G]TA	-1	67928.0	1301020333
JG0139d	7	69386901	N:TC[T>C]GT	1	370871.0	1301391204
JG0139d	7	69484642	N:GC[T>C]CA	-1	97741.0	1301488945
JG0139d	7	69996739	U:TC[T>G]TT	1	512097.0	1302001042
JG0139d	7	70054733	T:GA[T>G]TA	-1	57994.0	1302059036
JG0139d	7	70104726	T:AA[T>G]TC	-1	49993.0	1302109029
JG0139d	7	70128681	T:CC[T>A]CC	-1	23955.0	1302132984
JG0139d	7	70641951	U:GG[T>G]TG	1	513270.0	1302646254
JG0139d	7	71270958	T:TC[T>C]TT	-1	629007.0	1303275261
JG0139d	7	71290916	U:CC[T>G]GG	1	19958.0	1303295219
JG0139d	7	71292263	U:AG[T>G]GA	1	1347.0	1303296566
JG0139d	7	71308978	T:CC[T>G]GA	-1	16715.0	1303313281
JG0139d	7	71396627	T:TC[T>C]TG	-1	87649.0	1303400930
JG0139d	7	71519941	T:TC[T>G]CT	-1	123314.0	1303524244
JG0139d	7	71593670	U:CC[T>G]TA	1	73729.0	1303597973
JG0139d	7	71790445	T:GC[T>G]TT	1	196775.0	1303794748
JG0139d	7	71936949	U:AC[T>C]TC	-1	146504.0	1303941252
JG0139d	7	72468855	N:TC[T>G]TC	1	531906.0	1304473158
JG0139d	7	72477787	N:CC[T>C]AG	1	8932.0	1304482090
JG0139d	7	72636586	U:AC[T>G]TC	-1	158799.0	1304640889
JG0139d	7	73422230	N:AC[T>G]TG	-1	785644.0	1305426533
JG0139d	7	74016610	N:CC[T>C]CA	1	594380.0	1306020913
JG0139d	7	74140589	N:GC[T>C]CA	1	123979.0	1306144892
JG0139d	7	74289726	T:CC[T>G]TC	-1	149137.0	1306294029
JG0139d	7	74353230	T:AC[T>C]GT	-1	63504.0	1306357533
JG0139d	7	74557193	T:GC[T>C]CC	-1	203963.0	1306561496
JG0139d	7	74899375	N:TT[T>G]GA	1	342182.0	1306903678
JG0139d	7	74948895	N:AA[T>G]TC	-1	49520.0	1306953198
JG0139d	7	74956482	N:AC[T>A]CA	1	7587.0	1306960785
JG0139d	7	75245339	N:CC[T>C]CA	1	288857.0	1307249642
JG0139d	7	75402006	T:AC[T>C]TC	-1	156667.0	1307406309
JG0139d	7	75423161	T:TC[T>G]TT	1	21155.0	1307427464
JG0139d	7	75556376	U:GC[T>G]TT	-1	133215.0	1307560679
JG0139d	7	75895587	N:GC[T>G]GG	1	339211.0	1307899890
JG0139d	7	75947255	T:GC[T>C]TC	-1	51668.0	1307951558
JG0139d	7	75956249	T:TC[T>G]TG	-1	8994.0	1307960552
JG0139d	7	76153621	N:TT[T>G]TT	-1	197372.0	1308157924
JG0139d	7	76232116	T:GC[T>G]GA	-1	78495.0	1308236419
JG0139d	7	76442058	T:TC[T>G]TT	-1	209942.0	1308446361
JG0139d	7	76670876	N:AT[T>C]TC	1	228818.0	1308675179
JG0139d	7	76825297	N:CC[T>G]TG	-1	154421.0	1308829600
JG0139d	7	76826187	N:GG[T>G]GT	1	890.0	1308830490
JG0139d	7	77455130	N:CC[T>A]CC	1	628943.0	1309459433
JG0139d	7	77670247	N:CC[T>G]CA	-1	215117.0	1309674550
JG0139d	7	77677752	N:TC[T>G]CG	1	7505.0	1309682055
JG0139d	7	77775708	U:TC[T>C]TG	1	97956.0	1309780011
JG0139d	7	77915319	T:AC[T>G]TG	-1	139611.0	1309919622
JG0139d	7	78026253	T:CC[T>C]TC	1	110934.0	1310030556
JG0139d	7	78636896	T:GC[T>A]GG	1	610643.0	1310641199
JG0139d	7	78685539	U:TC[T>G]TG	-1	48643.0	1310689842
JG0139d	7	78705097	T:GT[T>G]TA	1	19558.0	1310709400
JG0139d	7	78775301	U:TC[T>C]CG	-1	70204.0	1310779604
JG0139d	7	79039495	U:TT[T>G]TG	-1	264194.0	1311043798
JG0139d	7	79069661	T:TG[T>G]TA	1	30166.0	1311073964
JG0139d	7	79618724	N:CC[T>G]TC	-1	549063.0	1311623027
JG0139d	7	79871381	T:GC[T>G]TG	-1	252657.0	1311875684
JG0139d	7	79915788	U:CC[T>G]TT	1	44407.0	1311920091
JG0139d	7	80259752	N:GC[T>C]TT	1	343964.0	1312264055
JG0139d	7	80966831	N:CT[T>A]TG	-1	707079.0	1312971134
JG0139d	7	81196763	N:CC[T>G]TA	-1	229932.0	1313201066
JG0139d	7	81592358	N:TT[T>C]TG	-1	395595.0	1313596661
JG0139d	7	82081278	U:AC[T>G]TC	-1	488920.0	1314085581
JG0139d	7	82165366	T:GC[T>A]TT	1	84088.0	1314169669
JG0139d	7	82255452	U:TC[T>G]TT	-1	90086.0	1314259755
JG0139d	7	82285386	T:CT[T>G]TC	1	29934.0	1314289689
JG0139d	7	82506900	N:TG[T>A]GG	1	221514.0	1314511203
JG0139d	7	82544728	N:CC[T>G]TG	-1	37828.0	1314549031
JG0139d	7	82548925	N:TC[T>G]TC	-1	4197.0	1314553228
JG0139d	7	82616179	N:CC[T>C]TT	1	67254.0	1314620482
JG0139d	7	82738437	N:TC[T>C]TA	-1	122258.0	1314742740
JG0139d	7	83392025	U:TC[T>G]TT	-1	653588.0	1315396328
JG0139d	7	83441633	U:GC[T>A]GT	-1	49608.0	1315445936
JG0139d	7	83517737	U:AC[T>G]TT	-1	76104.0	1315522040
JG0139d	7	83571153	U:TG[T>C]TT	-1	53416.0	1315575456
JG0139d	7	83619547	U:TC[T>G]TT	-1	48394.0	1315623850
JG0139d	7	83920729	N:TC[T>C]TG	-1	301182.0	1315925032
JG0139d	7	84178749	T:TC[T>C]TT	1	258020.0	1316183052
JG0139d	7	84368803	U:TA[T>C]GT	-1	190054.0	1316373106
JG0139d	7	84465537	T:TC[T>C]AA	1	96734.0	1316469840
JG0139d	7	84829514	N:TC[T>G]CC	-1	363977.0	1316833817
JG0139d	7	84913514	N:AC[T>G]TT	1	84000.0	1316917817
JG0139d	7	84989705	N:GA[T>G]TC	1	76191.0	1316994008
JG0139d	7	85408725	N:CC[T>C]CC	-1	419020.0	1317413028
JG0139d	7	85967376	N:TG[T>G]CA	-1	558651.0	1317971679
JG0139d	7	86042628	N:TC[T>C]GT	1	75252.0	1318046931
JG0139d	7	86052166	N:GC[T>C]CA	-1	9538.0	1318056469
JG0139d	7	86569499	N:GC[T>C]TT	-1	517333.0	1318573802
JG0139d	7	86728487	U:CC[T>G]TC	1	158988.0	1318732790
JG0139d	7	86792080	T:CC[T>G]TT	-1	63593.0	1318796383
JG0139d	7	86801143	U:GC[T>C]CA	1	9063.0	1318805446
JG0139d	7	86804460	T:AC[T>C]CC	-1	3317.0	1318808763
JG0139d	7	86930867	T:AC[T>G]TG	1	126407.0	1318935170
JG0139d	7	87059772	N:GC[T>C]CC	-1	128905.0	1319064075
JG0139d	7	87091683	N:AG[T>C]TC	-1	31911.0	1319095986
JG0139d	7	87234203	N:AC[T>G]TT	1	142520.0	1319238506
JG0139d	7	87688099	B:CA[T>G]TG	-1	453896.0	1319692402
JG0139d	7	87709838	B:AC[T>G]TC	-1	21739.0	1319714141
JG0139d	7	87811955	U:GC[T>G]TC	1	102117.0	1319816258
JG0139d	7	87945873	T:TC[T>G]TT	-1	133918.0	1319950176
JG0139d	7	87999166	U:TC[T>G]CC	1	53293.0	1320003469
JG0139d	7	88151060	U:TT[T>G]TC	1	151894.0	1320155363
JG0139d	7	88321004	N:TC[T>G]TA	1	169944.0	1320325307
JG0139d	7	88332431	N:AC[T>G]TA	1	11427.0	1320336734
JG0139d	7	88358619	N:AC[T>G]TT	-1	26188.0	1320362922
JG0139d	7	89569292	N:GC[T>A]TT	-1	1210673.0	1321573595
JG0139d	7	89678035	N:TC[T>G]TT	-1	108743.0	1321682338
JG0139d	7	89858956	N:CC[T>C]GA	-1	180921.0	1321863259
JG0139d	7	90073039	N:TC[T>G]TT	-1	214083.0	1322077342
JG0139d	7	90200553	T:TT[C>T]TT	-1	127514.0	1322204856
JG0139d	7	90330579	N:TC[T>C]CT	1	130026.0	1322334882
JG0139d	7	90390941	T:CC[T>C]TG	-1	60362.0	1322395244
JG0139d	7	90435293	N:TC[T>C]CA	-1	44352.0	1322439596
JG0139d	7	90637554	T:AC[T>C]TG	-1	202261.0	1322641857
JG0139d	7	90765276	U:TC[T>G]TG	1	127722.0	1322769579
JG0139d	7	91012338	T:AC[T>C]CA	-1	247062.0	1323016641
JG0139d	7	91302717	N:GC[T>C]GG	1	290379.0	1323307020
JG0139d	7	91368917	N:AG[T>C]AT	1	66200.0	1323373220
JG0139d	7	91461978	N:AC[T>G]TT	1	93061.0	1323466281
JG0139d	7	91653923	N:AG[T>G]TA	1	191945.0	1323658226
JG0139d	7	91689671	N:AC[T>A]CA	-1	35748.0	1323693974
JG0139d	7	91740849	N:TC[T>C]CC	1	51178.0	1323745152
JG0139d	7	91974027	T:TG[T>C]TG	-1	233178.0	1323978330
JG0139d	7	92128724	U:AC[T>G]CA	-1	154697.0	1324133027
JG0139d	7	92162331	T:GC[T>A]TC	1	33607.0	1324166634
JG0139d	7	92596188	N:TC[T>C]CT	-1	433857.0	1324600491
JG0139d	7	92685292	U:TC[T>G]CT	-1	89104.0	1324689595
JG0139d	7	92924368	N:CC[T>C]TT	1	239076.0	1324928671
JG0139d	7	93531685	T:CC[T>C]TA	1	607317.0	1325535988
JG0139d	7	93567272	T:CT[T>G]TA	1	35587.0	1325571575
JG0139d	7	93616604	T:TC[T>C]TG	-1	49332.0	1325620907
JG0139d	7	93767735	T:TC[T>A]TG	-1	151131.0	1325772038
JG0139d	7	93849447	T:GG[T>G]TT	-1	81712.0	1325853750
JG0139d	7	94009619	N:AC[T>C]CC	1	160172.0	1326013922
JG0139d	7	94013000	N:GC[T>G]TC	-1	3381.0	1326017303
JG0139d	7	94278748	N:TG[T>G]TA	-1	265748.0	1326283051
JG0139d	7	94553977	T:TC[T>A]TG	-1	275229.0	1326558280
JG0139d	7	94561709	N:GC[T>G]TA	1	7732.0	1326566012
JG0139d	7	94570226	N:CC[T>C]CC	1	8517.0	1326574529
JG0139d	7	94891778	N:CC[T>C]GA	1	321552.0	1326896081
JG0139d	7	95054630	U:GC[T>A]CC	1	162852.0	1327058933
JG0139d	7	95090088	T:TC[T>A]CA	-1	35458.0	1327094391
JG0139d	7	95605137	N:TC[T>G]TT	1	515049.0	1327609440
JG0139d	7	95629128	N:AC[T>G]TG	-1	23991.0	1327633431
JG0139d	7	96014382	U:GC[T>G]TT	1	385254.0	1328018685
JG0139d	7	96461288	N:AG[T>G]TC	-1	446906.0	1328465591
JG0139d	7	96549671	N:TG[T>C]CT	-1	88383.0	1328553974
JG0139d	7	96556531	N:TC[T>C]GT	1	6860.0	1328560834
JG0139d	7	96728803	N:AA[T>G]TG	1	172272.0	1328733106
JG0139d	7	97093475	N:GC[T>G]TG	1	364672.0	1329097778
JG0139d	7	97144122	U:CC[T>C]TT	1	50647.0	1329148425
JG0139d	7	97248433	N:TG[T>A]TT	-1	104311.0	1329252736
JG0139d	7	97530175	N:AC[T>G]CT	-1	281742.0	1329534478
JG0139d	7	97601385	N:AC[T>G]TC	-1	71210.0	1329605688
JG0139d	7	97687322	N:AC[T>A]TG	1	85937.0	1329691625
JG0139d	7	97816828	N:TT[T>G]TT	-1	129506.0	1329821131
JG0139d	7	97832591	N:AC[T>A]CA	1	15763.0	1329836894
JG0139d	7	97877504	N:GG[T>G]TT	1	44913.0	1329881807
JG0139d	7	97881769	N:CC[T>A]TA	-1	4265.0	1329886072
JG0139d	7	97942435	N:AC[T>G]TC	1	60666.0	1329946738
JG0139d	7	98047157	N:GG[C>T]AC	-1	104722.0	1330051460
JG0139d	7	98095625	N:AC[T>A]CT	-1	48468.0	1330099928
JG0139d	7	98366992	U:AC[T>A]TG	-1	271367.0	1330371295
JG0139d	7	98405398	N:TC[T>C]TT	1	38406.0	1330409701
JG0139d	7	98664990	N:GC[T>C]CC	-1	259592.0	1330669293
JG0139d	7	99251988	N:GC[T>G]TT	-1	586998.0	1331256291
JG0139d	7	99541256	N:TA[T>G]TT	1	289268.0	1331545559
JG0139d	7	100073450	U:TG[C>A]TT	-1	532194.0	1332077753
JG0139d	7	100172190	U:GC[T>A]CC	-1	98740.0	1332176493
JG0139d	7	100357423	U:CC[T>A]CC	1	185233.0	1332361726
JG0139d	7	100553073	T:GC[T>C]CA	-1	195650.0	1332557376
JG0139d	7	100757253	T:AC[T>G]TT	-1	204180.0	1332761556
JG0139d	7	101253080	N:AC[T>G]TT	1	495827.0	1333257383
JG0139d	7	101640719	N:CC[T>C]GT	-1	387639.0	1333645022
JG0139d	7	101826452	U:CC[T>G]TG	1	185733.0	1333830755
JG0139d	7	102038779	U:CC[T>C]CC	1	212327.0	1334043082
JG0139d	7	102125117	T:TC[T>G]TT	-1	86338.0	1334129420
JG0139d	7	102494105	T:CA[C>T]GG	1	368988.0	1334498408
JG0139d	7	102621178	N:GC[T>G]CA	1	127073.0	1334625481
JG0139d	7	102650298	N:CC[T>A]CC	-1	29120.0	1334654601
JG0139d	7	102691847	N:AA[C>A]AG	1	41549.0	1334696150
JG0139d	7	102810333	N:GC[T>C]TG	-1	118486.0	1334814636
JG0139d	7	102869567	U:AC[T>G]TT	-1	59234.0	1334873870
JG0139d	7	103386691	U:TG[T>A]TT	-1	517124.0	1335390994
JG0139d	7	103443106	U:AC[T>G]TT	-1	56415.0	1335447409
JG0139d	7	103611030	U:TC[T>C]TT	-1	167924.0	1335615333
JG0139d	7	103696475	U:CC[T>G]TT	-1	85445.0	1335700778
JG0139d	7	103798965	U:CC[T>G]GG	-1	102490.0	1335803268
JG0139d	7	103843124	U:AC[T>G]TA	-1	44159.0	1335847427
JG0139d	7	103844552	U:AC[T>G]TG	-1	1428.0	1335848855
JG0139d	7	103882692	U:TC[T>A]TC	-1	38140.0	1335886995
JG0139d	7	104242000	N:TC[T>C]CT	1	359308.0	1336246303
JG0139d	7	104262835	N:AG[T>G]TT	1	20835.0	1336267138
JG0139d	7	104482449	T:GC[T>C]TG	-1	219614.0	1336486752
JG0139d	7	104483038	U:CC[T>G]TG	1	589.0	1336487341
JG0139d	7	104746572	T:CC[T>G]GT	-1	263534.0	1336750875
JG0139d	7	104763990	U:TG[T>G]TT	1	17418.0	1336768293
JG0139d	7	104780061	U:GC[T>G]TG	1	16071.0	1336784364
JG0139d	7	104968246	N:TC[T>G]CC	1	188185.0	1336972549
JG0139d	7	104989351	N:GC[T>C]CA	1	21105.0	1336993654
JG0139d	7	105005830	N:AC[T>G]TT	-1	16479.0	1337010133
JG0139d	7	105296103	U:AC[T>C]CT	-1	290273.0	1337300406
JG0139d	7	105368561	U:CC[T>C]TA	-1	72458.0	1337372864
JG0139d	7	105787138	U:GC[T>C]CT	-1	418577.0	1337791441
JG0139d	7	105889204	N:TA[T>G]TT	1	102066.0	1337893507
JG0139d	7	106028566	T:TC[T>G]CT	-1	139362.0	1338032869
JG0139d	7	106446390	N:TG[T>G]TA	1	417824.0	1338450693
JG0139d	7	107067935	U:AC[T>C]TT	1	621545.0	1339072238
JG0139d	7	107127385	U:TG[T>G]TC	1	59450.0	1339131688
JG0139d	7	107662256	T:GG[T>A]TC	-1	534871.0	1339666559
JG0139d	7	107922319	N:CC[T>G]CT	1	260063.0	1339926622
JG0139d	7	108039881	T:AC[T>C]CC	1	117562.0	1340044184
JG0139d	7	108270866	U:TC[T>C]TC	-1	230985.0	1340275169
JG0139d	7	108319539	T:CC[T>A]CA	1	48673.0	1340323842
JG0139d	7	108728541	N:CC[T>A]TG	1	409002.0	1340732844
JG0139d	7	108730070	N:AC[T>C]CT	1	1529.0	1340734373
JG0139d	7	109046607	N:TT[T>G]TA	1	316537.0	1341050910
JG0139d	7	109233990	N:GG[T>G]AC	1	187383.0	1341238293
JG0139d	7	109425789	N:AC[T>C]CT	1	191799.0	1341430092
JG0139d	7	109538008	N:AC[T>G]TT	-1	112219.0	1341542311
JG0139d	7	109608268	N:AC[T>C]TA	-1	70260.0	1341612571
JG0139d	7	109806844	N:TA[T>C]AT	-1	198576.0	1341811147
JG0139d	7	109851621	N:AC[T>C]TT	-1	44777.0	1341855924
JG0139d	7	109861185	N:TG[T>G]TG	-1	9564.0	1341865488
JG0139d	7	110346691	N:TC[T>G]TC	1	485506.0	1342350994
JG0139d	7	110493797	N:TC[T>A]CA	-1	147106.0	1342498100
JG0139d	7	110623638	N:CC[T>A]CT	1	129841.0	1342627941
JG0139d	7	110684521	U:AA[T>G]TG	-1	60883.0	1342688824
JG0139d	7	110963828	T:TC[T>G]TA	1	279307.0	1342968131
JG0139d	7	111069994	T:AG[T>G]CC	1	106166.0	1343074297
JG0139d	7	111265938	T:AG[T>C]CA	1	195944.0	1343270241
JG0139d	7	111289151	U:GC[T>G]GA	-1	23213.0	1343293454
JG0139d	7	111320241	T:TC[T>G]CC	1	31090.0	1343324544
JG0139d	7	111420219	T:AC[T>A]TA	1	99978.0	1343424522
JG0139d	7	111491453	T:AC[T>C]TA	1	71234.0	1343495756
JG0139d	7	111881540	U:GC[T>C]CT	-1	390087.0	1343885843
JG0139d	7	112024666	T:GC[T>G]TC	1	143126.0	1344028969
JG0139d	7	112122506	U:GC[T>C]TG	-1	97840.0	1344126809
JG0139d	7	112129640	U:CC[T>C]TC	-1	7134.0	1344133943
JG0139d	7	112326949	U:CC[T>G]TT	1	197309.0	1344331252
JG0139d	7	112332247	T:AC[T>G]CA	-1	5298.0	1344336550
JG0139d	7	112478884	U:AC[T>C]TG	1	146637.0	1344483187
JG0139d	7	112584343	N:TC[T>G]TG	1	105459.0	1344588646
JG0139d	7	112811927	N:GA[T>C]TG	1	227584.0	1344816230
JG0139d	7	112961413	N:AC[T>C]CT	-1	149486.0	1344965716
JG0139d	7	112992647	N:TG[T>G]TA	-1	31234.0	1344996950
JG0139d	7	113862068	N:TC[T>C]TT	-1	869421.0	1345866371
JG0139d	7	114015447	T:TA[T>G]TT	1	153379.0	1346019750
JG0139d	7	114375822	U:CT[T>A]AA	1	360375.0	1346380125
JG0139d	7	114823188	N:TC[T>A]CA	1	447366.0	1346827491
JG0139d	7	114893620	N:TC[T>G]TC	1	70432.0	1346897923
JG0139d	7	114971875	T:TC[T>A]TT	-1	78255.0	1346976178
JG0139d	7	115155363	N:TC[T>C]AT	-1	183488.0	1347159666
JG0139d	7	115186462	N:CC[T>C]TT	-1	31099.0	1347190765
JG0139d	7	115374996	N:GT[T>G]TG	-1	188534.0	1347379299
JG0139d	7	115418565	N:GC[T>G]TT	-1	43569.0	1347422868
JG0139d	7	115630970	N:GC[T>G]TT	1	212405.0	1347635273
JG0139d	7	116080085	U:TG[T>A]CA	-1	449115.0	1348084388
JG0139d	7	116127345	U:AC[T>G]TT	-1	47260.0	1348131648
JG0139d	7	116431319	N:TC[T>G]TC	-1	303974.0	1348435622
JG0139d	7	116601787	N:AA[T>G]CA	-1	170468.0	1348606090
JG0139d	7	116605551	N:TG[T>G]TT	-1	3764.0	1348609854
JG0139d	7	116667032	N:TC[T>C]CT	-1	61481.0	1348671335
JG0139d	7	116694150	T:CC[T>C]TC	-1	27118.0	1348698453
JG0139d	7	116939932	N:TC[T>G]TT	-1	245782.0	1348944235
JG0139d	7	117040627	U:GC[T>C]TT	1	100695.0	1349044930
JG0139d	7	117180092	T:AA[T>C]AA	-1	139465.0	1349184395
JG0139d	7	117200752	T:TC[T>G]TG	-1	20660.0	1349205055
JG0139d	7	117261362	N:AC[T>G]TT	-1	60610.0	1349265665
JG0139d	7	117385221	U:TC[C>G]TT	-1	123859.0	1349389524
JG0139d	7	117407931	T:CG[T>C]CC	1	22710.0	1349412234
JG0139d	7	117655570	U:CT[T>G]TA	1	247639.0	1349659873
JG0139d	7	117705586	T:TC[T>A]TT	-1	50016.0	1349709889
JG0139d	7	117917835	N:AA[T>A]CA	-1	212249.0	1349922138
JG0139d	7	117969038	N:AC[T>G]TT	-1	51203.0	1349973341
JG0139d	7	118246138	N:TC[T>C]TG	1	277100.0	1350250441
JG0139d	7	118250262	N:TA[T>G]TG	-1	4124.0	1350254565
JG0139d	7	118264478	N:TC[T>C]TA	-1	14216.0	1350268781
JG0139d	7	118809017	N:AC[T>C]TT	1	544539.0	1350813320
JG0139d	7	119104456	N:AC[T>G]TT	1	295439.0	1351108759
JG0139d	7	119353230	N:AC[T>G]TA	1	248774.0	1351357533
JG0139d	7	119378551	N:TC[T>G]TC	-1	25321.0	1351382854
JG0139d	7	120001497	N:AC[T>A]TG	1	622946.0	1352005800
JG0139d	7	120095663	N:GC[T>C]TT	1	94166.0	1352099966
JG0139d	7	120223220	N:CC[T>A]CA	1	127557.0	1352227523
JG0139d	7	120290698	T:TA[T>G]TG	-1	67478.0	1352295001
JG0139d	7	120441991	T:TC[T>C]CA	-1	151293.0	1352446294
JG0139d	7	120514999	U:CT[T>G]AT	1	73008.0	1352519302
JG0139d	7	121068957	T:GC[T>C]CT	-1	553958.0	1353073260
JG0139d	7	121207874	T:TC[T>G]TT	-1	138917.0	1353212177
JG0139d	7	121417941	N:CC[T>C]AA	-1	210067.0	1353422244
JG0139d	7	121876638	U:CC[T>C]TT	1	458697.0	1353880941
JG0139d	7	122285928	N:TA[T>G]TG	-1	409290.0	1354290231
JG0139d	7	122376797	T:GG[T>G]TT	1	90869.0	1354381100
JG0139d	7	122410246	U:TC[T>C]CA	-1	33449.0	1354414549
JG0139d	7	123498684	T:TG[T>A]CC	1	1088438.0	1355502987
JG0139d	7	123764218	N:CC[T>G]CC	1	265534.0	1355768521
JG0139d	7	123765838	N:CC[T>G]TA	1	1620.0	1355770141
JG0139d	7	123978019	N:CT[T>G]TC	-1	212181.0	1355982322
JG0139d	7	124143973	N:AC[T>A]TT	1	165954.0	1356148276
JG0139d	7	124370397	N:TC[T>G]TT	-1	226424.0	1356374700
JG0139d	7	124600939	N:GC[T>G]TT	-1	230542.0	1356605242
JG0139d	7	124651726	N:CT[T>G]TC	-1	50787.0	1356656029
JG0139d	7	124993240	N:TT[T>G]TA	-1	341514.0	1356997543
JG0139d	7	125070791	N:AT[T>G]TT	-1	77551.0	1357075094
JG0139d	7	125075502	N:GG[T>G]TG	-1	4711.0	1357079805
JG0139d	7	125312295	N:TC[T>A]CC	-1	236793.0	1357316598
JG0139d	7	125486639	N:TC[T>A]TT	-1	174344.0	1357490942
JG0139d	7	125552960	N:TA[T>G]TT	1	66321.0	1357557263
JG0139d	7	125966228	N:AC[T>G]TG	1	413268.0	1357970531
JG0139d	7	126020959	N:AC[T>A]TT	1	54731.0	1358025262
JG0139d	7	126154145	N:TC[T>G]TC	-1	133186.0	1358158448
JG0139d	7	126155969	N:AC[T>G]TA	-1	1824.0	1358160272
JG0139d	7	126219988	N:TG[T>G]TT	1	64019.0	1358224291
JG0139d	7	126339377	N:AC[T>C]TG	1	119389.0	1358343680
JG0139d	7	126655021	U:TC[T>C]TT	-1	315644.0	1358659324
JG0139d	7	126663671	T:AC[T>C]CA	1	8650.0	1358667974
JG0139d	7	126760291	U:GC[T>A]CT	-1	96620.0	1358764594
JG0139d	7	126913022	U:CC[T>G]TT	-1	152731.0	1358917325
JG0139d	7	126921944	U:TC[T>G]TC	-1	8922.0	1358926247
JG0139d	7	127061236	U:AC[T>C]TT	-1	139292.0	1359065539
JG0139d	7	127672828	T:AC[T>A]CA	-1	611592.0	1359677131
JG0139d	7	127705925	U:TC[T>G]TA	1	33097.0	1359710228
JG0139d	7	127797462	U:GC[T>G]TA	1	91537.0	1359801765
JG0139d	7	127816274	U:GC[T>C]CA	1	18812.0	1359820577
JG0139d	7	128065256	T:AC[T>G]TC	-1	248982.0	1360069559
JG0139d	7	128071653	T:GC[T>G]TC	-1	6397.0	1360075956
JG0139d	7	128251090	U:AC[T>C]CT	1	179437.0	1360255393
JG0139d	7	128286095	N:GC[T>G]CC	1	35005.0	1360290398
JG0139d	7	128515526	N:TG[T>A]TT	-1	229431.0	1360519829
JG0139d	7	128659628	N:GC[T>G]GA	1	144102.0	1360663931
JG0139d	7	128810924	T:CC[T>C]TG	-1	151296.0	1360815227
JG0139d	7	128815501	U:CC[T>C]TG	1	4577.0	1360819804
JG0139d	7	129190388	T:CC[T>C]CA	-1	374887.0	1361194691
JG0139d	7	129215051	N:TC[T>G]CG	1	24663.0	1361219354
JG0139d	7	129218359	N:CC[T>G]TT	-1	3308.0	1361222662
JG0139d	7	129703075	U:CC[T>G]TT	1	484716.0	1361707378
JG0139d	7	129718459	T:AG[T>C]TC	-1	15384.0	1361722762
JG0139d	7	129749881	U:GG[T>G]TG	1	31422.0	1361754184
JG0139d	7	129785700	N:CC[T>C]CC	-1	35819.0	1361790003
JG0139d	7	129790594	N:AC[T>G]TC	-1	4894.0	1361794897
JG0139d	7	129963846	N:CG[T>G]TG	-1	173252.0	1361968149
JG0139d	7	129988218	N:CC[T>C]TT	1	24372.0	1361992521
JG0139d	7	130116289	T:AC[T>G]TC	-1	128071.0	1362120592
JG0139d	7	130199446	T:TC[T>G]CC	1	83157.0	1362203749
JG0139d	7	130286748	T:AT[T>C]CA	-1	87302.0	1362291051
JG0139d	7	130288384	U:TC[T>C]CA	1	1636.0	1362292687
JG0139d	7	130412191	U:AC[T>G]TT	-1	123807.0	1362416494
JG0139d	7	130579868	U:TC[T>A]CT	-1	167677.0	1362584171
JG0139d	7	130892730	N:CC[T>G]AG	-1	312862.0	1362897033
JG0139d	7	131093885	N:CC[T>C]CC	-1	201155.0	1363098188
JG0139d	7	131246644	U:TC[T>G]TT	1	152759.0	1363250947
JG0139d	7	131322484	T:CC[T>C]TC	-1	75840.0	1363326787
JG0139d	7	131353445	U:CC[T>A]TT	1	30961.0	1363357748
JG0139d	7	131627911	N:AC[T>C]TT	1	274466.0	1363632214
JG0139d	7	131664987	N:GG[T>G]TC	1	37076.0	1363669290
JG0139d	7	131792019	N:TC[T>G]AA	1	127032.0	1363796322
JG0139d	7	131800194	N:TC[T>G]GC	-1	8175.0	1363804497
JG0139d	7	132173140	T:TC[T>C]TG	1	372946.0	1364177443
JG0139d	7	132427088	U:AC[T>C]TT	-1	253948.0	1364431391
JG0139d	7	132548294	U:TC[T>C]CA	-1	121206.0	1364552597
JG0139d	7	132581952	U:CC[T>C]CA	-1	33658.0	1364586255
JG0139d	7	132625277	U:AC[T>C]GT	-1	43325.0	1364629580
JG0139d	7	132744553	N:CC[T>G]TG	-1	119276.0	1364748856
JG0139d	7	132928806	T:CC[T>G]CC	1	184253.0	1364933109
JG0139d	7	133012675	U:AT[C>A]CT	-1	83869.0	1365016978
JG0139d	7	133805036	U:AC[T>G]TG	1	792361.0	1365809339
JG0139d	7	133877860	U:TC[T>C]TC	1	72824.0	1365882163
JG0139d	7	134039691	T:GG[T>G]AT	-1	161831.0	1366043994
JG0139d	7	134152602	U:AC[T>G]TG	1	112911.0	1366156905
JG0139d	7	134214833	T:TC[T>A]CA	-1	62231.0	1366219136
JG0139d	7	134382189	N:AC[T>A]CA	1	167356.0	1366386492
JG0139d	7	134388816	N:TC[T>G]TA	1	6627.0	1366393119
JG0139d	7	134528010	U:TC[T>C]CT	1	139194.0	1366532313
JG0139d	7	134692681	N:AC[T>G]GA	1	164671.0	1366696984
JG0139d	7	134775295	U:AC[T>G]TA	1	82614.0	1366779598
JG0139d	7	135096455	T:CA[T>G]TA	-1	321160.0	1367100758
JG0139d	7	135421492	U:CC[T>C]TG	-1	325037.0	1367425795
JG0139d	7	135442195	U:AG[T>C]TC	-1	20703.0	1367446498
JG0139d	7	135877820	N:CC[T>A]CC	-1	435625.0	1367882123
JG0139d	7	136140634	N:CC[T>G]TC	1	262814.0	1368144937
JG0139d	7	136285132	N:TC[T>G]CT	-1	144498.0	1368289435
JG0139d	7	136339131	N:CC[T>C]CT	-1	53999.0	1368343434
JG0139d	7	136697148	N:AC[T>G]GG	-1	358017.0	1368701451
JG0139d	7	136758106	N:AG[T>C]CA	1	60958.0	1368762409
JG0139d	7	137084645	N:TC[T>C]CA	-1	326539.0	1369088948
JG0139d	7	137209381	N:TG[T>G]TA	-1	124736.0	1369213684
JG0139d	7	137251396	U:CC[T>G]TT	-1	42015.0	1369255699
JG0139d	7	137449656	T:GC[T>G]TC	1	198260.0	1369453959
JG0139d	7	138257997	N:TC[T>A]TG	-1	808341.0	1370262300
JG0139d	7	138279556	N:GG[T>C]TT	-1	21559.0	1370283859
JG0139d	7	138629357	U:AC[T>G]TG	-1	349801.0	1370633660
JG0139d	7	138723713	U:CG[T>C]CT	-1	94356.0	1370728016
JG0139d	7	139023954	N:TC[T>G]CC	-1	300241.0	1371028257
JG0139d	7	139050474	T:AC[T>C]CT	1	26520.0	1371054777
JG0139d	7	139234368	U:TC[T>C]TA	1	183894.0	1371238671
JG0139d	7	139354736	T:TC[T>G]CT	-1	120368.0	1371359039
JG0139d	7	139474753	T:AC[T>G]TT	1	120017.0	1371479056
JG0139d	7	139590049	T:AG[T>A]CA	1	115296.0	1371594352
JG0139d	7	139673015	U:TG[T>G]TT	-1	82966.0	1371677318
JG0139d	7	139724263	U:AC[T>A]TT	-1	51248.0	1371728566
JG0139d	7	139785929	U:CC[T>G]TC	1	61666.0	1371790232
JG0139d	7	140219268	N:GC[T>A]TT	1	433339.0	1372223571
JG0139d	7	140245888	N:TC[T>G]TA	1	26620.0	1372250191
JG0139d	7	140465598	U:TG[T>G]TT	-1	219710.0	1372469901
JG0139d	7	140566021	U:TT[T>G]TG	-1	100423.0	1372570324
JG0139d	7	140801806	U:CC[T>A]TT	-1	235785.0	1372806109
JG0139d	7	140923820	U:GC[T>G]CC	-1	122014.0	1372928123
JG0139d	7	141046742	N:CC[T>G]GC	-1	122922.0	1373051045
JG0139d	7	141107226	T:TC[T>C]TC	-1	60484.0	1373111529
JG0139d	7	141213818	T:AC[T>G]TC	-1	106592.0	1373218121
JG0139d	7	141352273	T:CC[T>G]CT	-1	138455.0	1373356576
JG0139d	7	141373145	U:TC[T>A]TG	1	20872.0	1373377448
JG0139d	7	141452795	U:AC[T>C]AA	1	79650.0	1373457098
JG0139d	7	141535191	N:TC[T>G]CT	1	82396.0	1373539494
JG0139d	7	141631062	T:AA[T>G]TT	-1	95871.0	1373635365
JG0139d	7	141806209	N:CC[T>G]TA	-1	175147.0	1373810512
JG0139d	7	142089811	U:AG[T>G]TA	1	283602.0	1374094114
JG0139d	7	142158913	T:GC[T>A]CA	-1	69102.0	1374163216
JG0139d	7	142543786	N:AC[T>C]TA	1	384873.0	1374548089
JG0139d	7	142713117	N:AC[T>G]TT	1	169331.0	1374717420
JG0139d	7	143200345	N:AC[T>A]TG	1	487228.0	1375204648
JG0139d	7	143248597	U:AT[T>G]TC	1	48252.0	1375252900
JG0139d	7	143270807	N:AC[T>G]TT	1	22210.0	1375275110
JG0139d	7	143508513	N:AC[T>A]TT	-1	237706.0	1375512816
JG0139d	7	143787018	N:TC[T>G]TT	1	278505.0	1375791321
JG0139d	7	143856190	U:TC[T>G]CA	-1	69172.0	1375860493
JG0139d	7	144226472	N:CC[T>G]TT	1	370282.0	1376230775
JG0139d	7	144293803	N:GC[T>C]CT	-1	67331.0	1376298106
JG0139d	7	144337233	N:TC[T>C]TT	-1	43430.0	1376341536
JG0139d	7	145196563	N:CC[T>C]CA	1	859330.0	1377200866
JG0139d	7	145207577	N:GA[T>G]TT	1	11014.0	1377211880
JG0139d	7	145313598	N:AC[T>C]GT	-1	106021.0	1377317901
JG0139d	7	145670995	N:TC[T>G]TA	-1	357397.0	1377675298
JG0139d	7	145709455	N:AC[T>G]TT	1	38460.0	1377713758
JG0139d	7	145714005	N:CC[T>G]CT	1	4550.0	1377718308
JG0139d	7	145917153	N:AC[T>G]CC	1	203148.0	1377921456
JG0139d	7	146275480	T:TG[T>G]TC	-1	358327.0	1378279783
JG0139d	7	146299492	U:CC[T>C]CC	1	24012.0	1378303795
JG0139d	7	146831663	T:TC[T>G]TG	-1	532171.0	1378835966
JG0139d	7	147003635	T:TC[T>G]TA	-1	171972.0	1379007938
JG0139d	7	147021902	T:CC[T>G]TC	-1	18267.0	1379026205
JG0139d	7	147190153	U:GC[T>C]CT	1	168251.0	1379194456
JG0139d	7	147418164	U:TC[T>C]TA	1	228011.0	1379422467
JG0139d	7	147433381	U:AG[T>G]TG	1	15217.0	1379437684
JG0139d	7	147501475	T:TC[T>G]CT	-1	68094.0	1379505778
JG0139d	7	147633011	T:AG[T>G]TT	-1	131536.0	1379637314
JG0139d	7	147823710	T:GC[T>G]TG	-1	190699.0	1379828013
JG0139d	7	147823984	U:TC[T>C]TT	1	274.0	1379828287
JG0139d	7	147967539	U:TC[T>G]TG	1	143555.0	1379971842
JG0139d	7	148131418	U:AC[T>G]CT	1	163879.0	1380135721
JG0139d	7	148137100	U:GG[T>G]CT	1	5682.0	1380141403
JG0139d	7	148189402	T:CC[T>A]CA	-1	52302.0	1380193705
JG0139d	7	148257669	T:AC[T>A]TG	-1	68267.0	1380261972
JG0139d	7	148568512	N:TG[T>A]TC	-1	310843.0	1380572815
JG0139d	7	148596557	T:TC[T>G]TT	-1	28045.0	1380600860
JG0139d	7	148643615	N:TC[T>C]CT	-1	47058.0	1380647918
JG0139d	7	148979453	N:CC[T>C]CC	-1	335838.0	1380983756
JG0139d	7	149242725	U:TC[T>G]TG	1	263272.0	1381247028
JG0139d	7	149378773	N:CC[T>G]TT	1	136048.0	1381383076
JG0139d	7	149396150	N:GC[T>C]CT	-1	17377.0	1381400453
JG0139d	7	149429196	N:AG[T>G]TA	1	33046.0	1381433499
JG0139d	7	149512484	N:CC[T>A]CT	1	83288.0	1381516787
JG0139d	7	149681669	N:TC[T>C]CT	1	169185.0	1381685972
JG0139d	7	149721870	U:CC[T>G]TA	1	40201.0	1381726173
JG0139d	7	149888471	N:GC[T>G]TG	1	166601.0	1381892774
JG0139d	7	149914381	N:CC[T>C]GA	-1	25910.0	1381918684
JG0139d	7	150220164	N:AC[T>C]CC	-1	305783.0	1382224467
JG0139d	7	150345863	N:TC[T>A]CA	1	125699.0	1382350166
JG0139d	7	150518028	U:AC[T>G]TA	1	172165.0	1382522331
JG0139d	7	150539923	N:CC[T>G]TA	-1	21895.0	1382544226
JG0139d	7	150567632	T:TC[T>A]CT	-1	27709.0	1382571935
JG0139d	7	150878253	N:AC[T>C]AA	-1	310621.0	1382882556
JG0139d	7	151161068	T:TC[T>G]TT	1	282815.0	1383165371
JG0139d	7	151350146	U:AC[T>G]TT	1	189078.0	1383354449
JG0139d	7	151465771	N:CC[T>C]GT	1	115625.0	1383470074
JG0139d	7	151477562	U:GC[T>G]TC	-1	11791.0	1383481865
JG0139d	7	151704294	T:GG[T>G]CT	1	226732.0	1383708597
JG0139d	7	151758770	U:AC[T>G]TC	-1	54476.0	1383763073
JG0139d	7	151774448	T:TC[T>C]CC	1	15678.0	1383778751
JG0139d	7	152158097	T:AC[T>C]TA	1	383649.0	1384162400
JG0139d	7	152250234	T:AC[T>C]TA	1	92137.0	1384254537
JG0139d	7	152255694	U:TC[T>C]TT	-1	5460.0	1384259997
JG0139d	7	152523171	N:CC[T>C]CA	-1	267477.0	1384527474
JG0139d	7	152728337	N:AG[T>G]TT	-1	205166.0	1384732640
JG0139d	7	152927199	N:TG[T>A]TC	1	198862.0	1384931502
JG0139d	7	153194336	N:TG[T>G]TG	1	267137.0	1385198639
JG0139d	7	153446858	N:TC[T>A]CC	1	252522.0	1385451161
JG0139d	7	153473206	N:TC[T>G]TC	1	26348.0	1385477509
JG0139d	7	153617091	N:TC[T>G]GA	-1	143885.0	1385621394
JG0139d	7	154141349	T:AC[T>C]GA	-1	524258.0	1386145652
JG0139d	7	154722729	T:CC[T>G]TC	-1	581380.0	1386727032
JG0139d	7	154834660	T:GC[T>C]TC	-1	111931.0	1386838963
JG0139d	7	154879146	U:CC[T>A]TT	1	44486.0	1386883449
JG0139d	7	154948604	U:AT[T>C]TT	-1	69458.0	1386952907
JG0139d	7	154956480	U:TC[T>C]AG	-1	7876.0	1386960783
JG0139d	7	155070863	U:CC[T>C]TC	1	114383.0	1387075166
JG0139d	7	155155057	N:CC[T>A]CC	1	84194.0	1387159360
JG0139d	7	155420321	N:GC[T>G]TC	1	265264.0	1387424624
JG0139d	7	155595621	N:GC[T>G]TT	-1	175300.0	1387599924
JG0139d	7	155889320	N:CC[T>C]CC	1	293699.0	1387893623
JG0139d	7	156310395	N:TC[T>G]TT	1	421075.0	1388314698
JG0139d	7	156601609	N:TC[T>G]TT	-1	291214.0	1388605912
JG0139d	7	156627575	N:AC[T>C]GT	-1	25966.0	1388631878
JG0139d	7	157151666	T:AC[T>A]CC	-1	524091.0	1389155969
JG0139d	7	157272967	N:CC[T>C]CA	1	121301.0	1389277270
JG0139d	7	157347410	U:TG[T>G]TG	1	74443.0	1389351713
JG0139d	7	157788586	U:CC[T>C]TC	-1	441176.0	1389792889
JG0139d	7	158083465	U:TT[C>T]CA	-1	294879.0	1390087768
JG0139d	7	158317318	U:TG[T>G]TT	-1	233853.0	1390321621
JG0139d	7	159019779	N:AC[T>G]TC	1	702461.0	1391024082
JG0139d	7	159160732	N:AC[T>C]TT	-1	140953.0	1391165035
JG0139d	7	159181407	N:CC[T>C]TA	-1	20675.0	1391185710
JG0139d	8	227417	N:TC[T>G]CC	1		1391577693
JG0139d	8	371414	N:GC[T>C]CC	1	143997.0	1391721690
JG0139d	8	616981	U:TC[T>C]CT	-1	245567.0	1391967257
JG0139d	8	1181446	U:TC[T>C]TT	1	564465.0	1392531722
JG0139d	8	1329176	T:TC[T>C]TG	-1	147730.0	1392679452
JG0139d	8	1493986	T:CC[T>C]CC	-1	164810.0	1392844262
JG0139d	8	1741914	N:AC[T>C]CT	-1	247928.0	1393092190
JG0139d	8	2316823	N:GC[T>G]TT	1	574909.0	1393667099
JG0139d	8	2344428	N:TC[T>G]TT	-1	27605.0	1393694704
JG0139d	8	2502248	N:CC[T>C]GA	-1	157820.0	1393852524
JG0139d	8	3174534	U:TC[T>C]TT	-1	672286.0	1394524810
JG0139d	8	3236426	U:TC[T>G]TA	-1	61892.0	1394586702
JG0139d	8	3252647	T:CC[T>C]CC	1	16221.0	1394602923
JG0139d	8	3588178	T:CA[T>G]TC	1	335531.0	1394938454
JG0139d	8	4206931	T:CT[C>T]CT	1	618753.0	1395557207
JG0139d	8	4533484	T:TC[T>G]TG	1	326553.0	1395883760
JG0139d	8	4833213	U:AC[T>G]TT	-1	299729.0	1396183489
JG0139d	8	5035410	N:AC[T>G]TT	1	202197.0	1396385686
JG0139d	8	5287378	N:AC[T>G]TT	1	251968.0	1396637654
JG0139d	8	5502117	N:GC[T>C]TC	1	214739.0	1396852393
JG0139d	8	5616526	N:AG[T>G]TA	1	114409.0	1396966802
JG0139d	8	5640725	N:TC[T>C]CT	1	24199.0	1396991001
JG0139d	8	5825000	N:AC[T>C]CT	1	184275.0	1397175276
JG0139d	8	6054991	N:GC[T>C]CT	-1	229991.0	1397405267
JG0139d	8	6179531	N:TC[T>A]TA	-1	124540.0	1397529807
JG0139d	8	7092972	N:TG[C>T]AG	-1	913441.0	1398443248
JG0139d	8	7301590	N:GC[T>A]GT	1	208618.0	1398651866
JG0139d	8	7459791	T:TC[T>C]CT	1	158201.0	1398810067
JG0139d	8	7488480	U:TC[T>C]TG	1	28689.0	1398838756
JG0139d	8	7527948	N:CC[T>C]TT	1	39468.0	1398878224
JG0139d	8	7794549	N:TG[T>G]AT	-1	266601.0	1399144825
JG0139d	8	7827957	U:CC[T>G]GG	1	33408.0	1399178233
JG0139d	8	7981699	N:CC[T>G]TT	-1	153742.0	1399331975
JG0139d	8	8226461	N:AC[T>C]GC	-1	244762.0	1399576737
JG0139d	8	8763548	N:AC[T>G]TT	-1	537087.0	1400113824
JG0139d	8	8780862	N:GG[T>C]GG	1	17314.0	1400131138
JG0139d	8	8938220	N:CA[T>G]TT	-1	157358.0	1400288496
JG0139d	8	9067810	N:CC[T>C]GT	-1	129590.0	1400418086
JG0139d	8	9168193	N:AC[T>C]GT	1	100383.0	1400518469
JG0139d	8	9196037	N:TC[T>C]CT	1	27844.0	1400546313
JG0139d	8	9208330	N:TG[T>G]TG	-1	12293.0	1400558606
JG0139d	8	9300037	N:TT[C>G]TC	1	91707.0	1400650313
JG0139d	8	9441081	N:CC[T>A]CA	1	141044.0	1400791357
JG0139d	8	9647972	T:TG[T>C]TA	-1	206891.0	1400998248
JG0139d	8	9713497	U:CC[T>C]TT	1	65525.0	1401063773
JG0139d	8	9783311	N:AC[T>G]CG	1	69814.0	1401133587
JG0139d	8	9933599	N:AT[T>A]AA	-1	150288.0	1401283875
JG0139d	8	10047853	N:AG[T>C]CT	1	114254.0	1401398129
JG0139d	8	10672939	T:GC[T>C]CC	-1	625086.0	1402023215
JG0139d	8	10820236	U:TC[T>G]TG	-1	147297.0	1402170512
JG0139d	8	10865173	N:GG[T>C]GA	-1	44937.0	1402215449
JG0139d	8	10911590	U:TC[T>A]CT	-1	46417.0	1402261866
JG0139d	8	10915567	T:CC[T>C]CA	1	3977.0	1402265843
JG0139d	8	11105623	T:TC[T>G]TC	1	190056.0	1402455899
JG0139d	8	11276309	N:GC[T>A]TT	-1	170686.0	1402626585
JG0139d	8	11277905	N:TC[T>G]TA	1	1596.0	1402628181
JG0139d	8	11507732	T:AC[T>A]GT	-1	229827.0	1402858008
JG0139d	8	11703996	U:CC[T>C]GG	1	196264.0	1403054272
JG0139d	8	11835576	U:GG[T>G]TG	1	131580.0	1403185852
JG0139d	8	11860541	T:GC[T>C]TG	1	24965.0	1403210817
JG0139d	8	11875661	N:CC[T>C]CA	-1	15120.0	1403225937
JG0139d	8	12211251	N:CC[T>C]TT	1	335590.0	1403561527
JG0139d	8	12410852	N:AC[T>G]TT	1	199601.0	1403761128
JG0139d	8	12454560	N:GC[T>G]TT	-1	43708.0	1403804836
JG0139d	8	12530303	N:TC[T>G]TC	-1	75743.0	1403880579
JG0139d	8	12977296	T:CC[T>C]CT	-1	446993.0	1404327572
JG0139d	8	13053208	N:TA[T>G]GT	-1	75912.0	1404403484
JG0139d	8	13082324	N:TC[T>G]TT	1	29116.0	1404432600
JG0139d	8	13101044	T:AC[T>C]GT	1	18720.0	1404451320
JG0139d	8	13367244	U:CC[T>A]TC	-1	266200.0	1404717520
JG0139d	8	13445928	U:CC[T>G]TA	-1	78684.0	1404796204
JG0139d	8	13479732	U:TC[T>G]CA	-1	33804.0	1404830008
JG0139d	8	13580103	T:TT[C>A]TA	1	100371.0	1404930379
JG0139d	8	13879922	N:GC[T>G]TT	1	299819.0	1405230198
JG0139d	8	13969831	N:CC[T>G]TT	-1	89909.0	1405320107
JG0139d	8	14038832	N:CC[T>G]GT	-1	69001.0	1405389108
JG0139d	8	14290303	U:CC[T>C]CT	-1	251471.0	1405640579
JG0139d	8	14690323	T:GC[T>C]TC	1	400020.0	1406040599
JG0139d	8	15103225	U:GG[T>G]TC	-1	412902.0	1406453501
JG0139d	8	15107430	T:CT[T>G]CC	1	4205.0	1406457706
JG0139d	8	15114816	U:AC[T>C]CT	-1	7386.0	1406465092
JG0139d	8	15133530	T:TC[T>G]TC	1	18714.0	1406483806
JG0139d	8	15688820	T:TC[T>C]TT	-1	555290.0	1407039096
JG0139d	8	15868060	N:CC[T>G]TG	1	179240.0	1407218336
JG0139d	8	15969932	N:CC[T>C]TG	-1	101872.0	1407320208
JG0139d	8	16237071	T:AC[T>C]CA	1	267139.0	1407587347
JG0139d	8	16567570	N:TG[T>A]CA	1	330499.0	1407917846
JG0139d	8	16822813	N:CC[T>C]TC	-1	255243.0	1408173089
JG0139d	8	16995611	T:TA[T>C]TT	1	172798.0	1408345887
JG0139d	8	17025484	N:AC[T>G]TT	-1	29873.0	1408375760
JG0139d	8	17449354	N:TG[T>C]TT	1	423870.0	1408799630
JG0139d	8	17640444	U:TC[T>A]TC	1	191090.0	1408990720
JG0139d	8	17719107	T:GG[T>G]TG	1	78663.0	1409069383
JG0139d	8	18089246	N:CC[T>A]TT	1	370139.0	1409439522
JG0139d	8	18163258	N:AC[T>G]CA	1	74012.0	1409513534
JG0139d	8	18174968	N:AA[C>T]GC	1	11710.0	1409525244
JG0139d	8	18815098	T:CT[C>T]TC	1	640130.0	1410165374
JG0139d	8	18830611	T:AC[T>G]TT	1	15513.0	1410180887
JG0139d	8	19069860	U:GC[T>C]CA	-1	239249.0	1410420136
JG0139d	8	19106544	N:TC[T>A]TT	1	36684.0	1410456820
JG0139d	8	19122869	N:TG[T>G]TC	-1	16325.0	1410473145
JG0139d	8	19241486	N:TC[T>A]TG	1	118617.0	1410591762
JG0139d	8	20294874	U:CC[T>A]TC	-1	1053388.0	1411645150
JG0139d	8	20299186	T:TC[T>G]TG	1	4312.0	1411649462
JG0139d	8	20789966	N:TC[T>A]TC	1	490780.0	1412140242
JG0139d	8	20875330	N:TC[T>C]CA	-1	85364.0	1412225606
JG0139d	8	20904804	N:TC[T>C]CC	-1	29474.0	1412255080
JG0139d	8	21224715	N:TC[T>G]AG	1	319911.0	1412574991
JG0139d	8	21346150	N:CC[T>G]TC	1	121435.0	1412696426
JG0139d	8	21550660	N:TC[T>C]TT	1	204510.0	1412900936
JG0139d	8	21551828	N:CC[T>C]TC	1	1168.0	1412902104
JG0139d	8	21592433	N:CG[T>G]TA	-1	40605.0	1412942709
JG0139d	8	21931800	U:CC[T>C]CT	1	339367.0	1413282076
JG0139d	8	21989946	U:GG[T>G]TC	1	58146.0	1413340222
JG0139d	8	22008056	N:GC[T>C]GA	-1	18110.0	1413358332
JG0139d	8	22241313	N:TC[T>C]CT	1	233257.0	1413591589
JG0139d	8	22382836	U:CC[T>G]CC	1	141523.0	1413733112
JG0139d	8	22746332	T:AC[T>C]TT	1	363496.0	1414096608
JG0139d	8	22826565	T:AC[T>C]TC	1	80233.0	1414176841
JG0139d	8	23212421	T:TG[T>A]TT	1	385856.0	1414562697
JG0139d	8	23223555	U:CG[T>A]CA	-1	11134.0	1414573831
JG0139d	8	23438707	T:GA[T>G]TA	1	215152.0	1414788983
JG0139d	8	23945929	N:AC[T>C]TC	1	507222.0	1415296205
JG0139d	8	23995351	N:TC[T>A]CT	-1	49422.0	1415345627
JG0139d	8	24093739	N:GG[T>C]CT	-1	98388.0	1415444015
JG0139d	8	24179978	N:TC[T>G]CT	-1	86239.0	1415530254
JG0139d	8	24208958	N:AC[T>G]TC	1	28980.0	1415559234
JG0139d	8	24401066	U:TC[T>C]TT	1	192108.0	1415751342
JG0139d	8	24423606	N:AC[T>C]TT	-1	22540.0	1415773882
JG0139d	8	24442158	T:GC[T>G]CT	-1	18552.0	1415792434
JG0139d	8	25080678	N:AG[T>C]GC	1	638520.0	1416430954
JG0139d	8	25106682	N:TG[T>G]TT	1	26004.0	1416456958
JG0139d	8	25277409	T:AC[T>C]TG	-1	170727.0	1416627685
JG0139d	8	25836045	N:GA[T>G]TA	-1	558636.0	1417186321
JG0139d	8	26176870	N:CA[T>G]TC	-1	340825.0	1417527146
JG0139d	8	26240447	N:AC[T>C]CT	1	63577.0	1417590723
JG0139d	8	26318073	U:GG[T>C]TT	1	77626.0	1417668349
JG0139d	8	26363624	U:AC[T>G]TG	1	45551.0	1417713900
JG0139d	8	26578195	U:CC[T>C]TC	1	214571.0	1417928471
JG0139d	8	26680909	N:CC[T>C]TG	-1	102714.0	1418031185
JG0139d	8	27015107	N:TC[T>G]TG	1	334198.0	1418365383
JG0139d	8	27048068	N:CC[T>G]TT	1	32961.0	1418398344
JG0139d	8	27163524	N:TG[T>G]TG	1	115456.0	1418513800
JG0139d	8	27308468	U:CG[T>G]TT	-1	144944.0	1418658744
JG0139d	8	27383804	T:GG[T>G]TG	-1	75336.0	1418734080
JG0139d	8	27676267	U:GC[T>C]AG	1	292463.0	1419026543
JG0139d	8	27676576	U:AC[T>G]TT	1	309.0	1419026852
JG0139d	8	27760180	T:CC[T>A]TA	1	83604.0	1419110456
JG0139d	8	27879782	U:AG[T>G]TG	-1	119602.0	1419230058
JG0139d	8	27880298	U:AA[T>A]TC	-1	516.0	1419230574
JG0139d	8	28541315	U:AC[T>G]TG	1	661017.0	1419891591
JG0139d	8	28635699	T:TC[T>A]CA	-1	94384.0	1419985975
JG0139d	8	29018943	U:TC[T>A]CC	1	383244.0	1420369219
JG0139d	8	29045634	T:TT[T>A]TG	-1	26691.0	1420395910
JG0139d	8	29609726	N:TC[T>C]CC	-1	564092.0	1420960002
JG0139d	8	29831562	N:GG[T>A]CC	-1	221836.0	1421181838
JG0139d	8	30223677	N:TC[T>A]GA	-1	392115.0	1421573953
JG0139d	8	30326768	N:GT[T>G]TT	1	103091.0	1421677044
JG0139d	8	30365462	N:AC[T>C]CA	1	38694.0	1421715738
JG0139d	8	30511100	T:CC[T>A]CC	-1	145638.0	1421861376
JG0139d	8	30862337	U:GC[T>G]GC	-1	351237.0	1422212613
JG0139d	8	31023620	T:TC[T>C]TC	1	161283.0	1422373896
JG0139d	8	31347253	N:TC[T>C]CA	1	323633.0	1422697529
JG0139d	8	31443907	N:GC[T>G]CA	1	96654.0	1422794183
JG0139d	8	31608176	N:AT[T>C]CT	1	164269.0	1422958452
JG0139d	8	32038885	U:CC[T>A]CT	1	430709.0	1423389161
JG0139d	8	32093546	U:TC[T>C]TT	1	54661.0	1423443822
JG0139d	8	32106023	U:AC[T>C]TG	1	12477.0	1423456299
JG0139d	8	32120263	U:AC[T>G]TC	1	14240.0	1423470539
JG0139d	8	32192694	T:GG[T>G]TA	-1	72431.0	1423542970
JG0139d	8	32473322	U:AC[T>C]TC	1	280628.0	1423823598
JG0139d	8	33298639	N:CC[T>G]TG	1	825317.0	1424648915
JG0139d	8	33586812	N:GC[T>G]TC	1	288173.0	1424937088
JG0139d	8	33639357	N:TC[T>C]TA	1	52545.0	1424989633
JG0139d	8	33688969	N:CC[T>C]GA	1	49612.0	1425039245
JG0139d	8	33912133	N:AC[T>A]TT	1	223164.0	1425262409
JG0139d	8	34024152	N:TC[T>C]TT	1	112019.0	1425374428
JG0139d	8	34041693	N:GC[T>G]TT	1	17541.0	1425391969
JG0139d	8	34268560	N:TC[T>G]TT	-1	226867.0	1425618836
JG0139d	8	34631081	N:CT[T>G]TT	-1	362521.0	1425981357
JG0139d	8	34666659	N:TC[T>G]TA	1	35578.0	1426016935
JG0139d	8	34667318	N:TC[T>G]TT	1	659.0	1426017594
JG0139d	8	34791968	N:TC[T>G]TT	-1	124650.0	1426142244
JG0139d	8	34893809	N:GC[T>C]TT	-1	101841.0	1426244085
JG0139d	8	35364762	T:TC[T>G]TG	-1	470953.0	1426715038
JG0139d	8	35932873	N:AC[T>C]CT	1	568111.0	1427283149
JG0139d	8	36075792	N:AC[T>G]TT	-1	142919.0	1427426068
JG0139d	8	36202755	N:CC[T>C]CC	1	126963.0	1427553031
JG0139d	8	36286872	N:TC[T>A]TT	-1	84117.0	1427637148
JG0139d	8	36380582	N:GC[T>G]TA	-1	93710.0	1427730858
JG0139d	8	36571415	N:GA[C>G]AA	-1	190833.0	1427921691
JG0139d	8	36627999	N:CA[C>A]TC	-1	56584.0	1427978275
JG0139d	8	36933107	T:TC[T>G]TT	-1	305108.0	1428283383
JG0139d	8	37049433	N:TC[T>C]TT	-1	116326.0	1428399709
JG0139d	8	37115544	N:GT[C>A]CT	1	66111.0	1428465820
JG0139d	8	37670810	N:CC[T>G]TC	-1	555266.0	1429021086
JG0139d	8	37725165	N:TC[T>G]TG	-1	54355.0	1429075441
JG0139d	8	37737473	T:TC[T>G]CC	-1	12308.0	1429087749
JG0139d	8	37950312	T:GC[T>G]TT	1	212839.0	1429300588
JG0139d	8	38003794	N:CC[T>A]TT	-1	53482.0	1429354070
JG0139d	8	38153461	N:GC[T>C]TT	-1	149667.0	1429503737
JG0139d	8	38237297	T:GG[T>G]TC	-1	83836.0	1429587573
JG0139d	8	38328043	U:AT[T>G]TT	-1	90746.0	1429678319
JG0139d	8	38366491	T:AC[T>C]GC	1	38448.0	1429716767
JG0139d	8	38441972	U:TC[T>C]AG	-1	75481.0	1429792248
JG0139d	8	38453892	T:TC[T>G]TA	1	11920.0	1429804168
JG0139d	8	38670881	N:CC[T>C]CC	-1	216989.0	1430021157
JG0139d	8	39154714	U:AC[T>A]TT	1	483833.0	1430504990
JG0139d	8	39168044	U:GC[T>G]TA	1	13330.0	1430518320
JG0139d	8	39181499	T:AC[T>G]TC	-1	13455.0	1430531775
JG0139d	8	39419459	N:AC[T>G]TA	1	237960.0	1430769735
JG0139d	8	39439092	N:TG[T>C]CA	1	19633.0	1430789368
JG0139d	8	39762668	T:CC[T>A]TT	1	323576.0	1431112944
JG0139d	8	39804230	T:AG[T>G]TG	1	41562.0	1431154506
JG0139d	8	39906951	U:TC[T>A]CA	1	102721.0	1431257227
JG0139d	8	40033234	N:CC[T>G]CC	1	126283.0	1431383510
JG0139d	8	40898373	N:AC[T>C]CC	-1	865139.0	1432248649
JG0139d	8	41034819	N:GC[T>G]TG	-1	136446.0	1432385095
JG0139d	8	41050066	N:GC[T>C]TT	-1	15247.0	1432400342
JG0139d	8	41051843	N:AC[T>G]TT	-1	1777.0	1432402119
JG0139d	8	41162080	N:TG[T>G]TT	1	110237.0	1432512356
JG0139d	8	41403509	N:TC[T>C]TA	1	241429.0	1432753785
JG0139d	8	41689836	U:TC[T>C]CC	-1	286327.0	1433040112
JG0139d	8	42055098	N:GC[T>C]TT	1	365262.0	1433405374
JG0139d	8	42059672	N:CT[T>G]TT	-1	4574.0	1433409948
JG0139d	8	42229737	N:GC[T>A]GT	1	170065.0	1433580013
JG0139d	8	42323707	T:GC[T>C]CA	-1	93970.0	1433673983
JG0139d	8	42405017	T:AC[T>G]TA	-1	81310.0	1433755293
JG0139d	8	42458748	U:TT[T>G]TT	-1	53731.0	1433809024
JG0139d	8	43113690	U:GC[T>G]TT	1	654942.0	1434463966
JG0139d	8	43139691	N:GC[T>C]TT	1	26001.0	1434489967
JG0139d	8	43299067	N:TC[T>C]TT	1	159376.0	1434649343
JG0139d	8	43564765	N:TC[T>C]TG	1	265698.0	1434915041
JG0139d	8	43623378	N:GG[T>G]TC	1	58613.0	1434973654
JG0139d	8	45098385	N:AC[T>C]TC	-1	1475007.0	1436448661
JG0139d	8	45831852	N:GC[T>A]CT	1	733467.0	1437182128
JG0139d	8	46090043	N:CC[T>G]TT	-1	258191.0	1437440319
JG0139d	8	46308171	N:TC[T>C]GT	-1	218128.0	1437658447
JG0139d	8	46625030	N:TC[T>C]CT	1	316859.0	1437975306
JG0139d	8	46941401	N:CC[T>G]CA	1	316371.0	1438291677
JG0139d	8	47343828	T:TC[T>C]CC	-1	402427.0	1438694104
JG0139d	8	47750594	N:GC[T>C]CT	-1	406766.0	1439100870
JG0139d	8	47917631	U:AG[T>G]TT	-1	167037.0	1439267907
JG0139d	8	48029748	U:AC[T>G]TA	1	112117.0	1439380024
JG0139d	8	48091108	N:AG[T>C]CG	-1	61360.0	1439441384
JG0139d	8	48103963	N:TC[T>C]CT	-1	12855.0	1439454239
JG0139d	8	48168607	N:CT[T>C]CT	1	64644.0	1439518883
JG0139d	8	48468069	N:TC[T>C]TG	1	299462.0	1439818345
JG0139d	8	48496390	N:CC[T>A]TT	1	28321.0	1439846666
JG0139d	8	48586762	N:AC[T>A]CT	-1	90372.0	1439937038
JG0139d	8	48687745	N:GC[T>G]TG	-1	100983.0	1440038021
JG0139d	8	48765975	N:GC[T>C]TG	1	78230.0	1440116251
JG0139d	8	49426623	N:TC[T>G]TC	1	660648.0	1440776899
JG0139d	8	49734113	N:TC[T>G]TG	-1	307490.0	1441084389
JG0139d	8	49769411	N:GC[T>C]GT	-1	35298.0	1441119687
JG0139d	8	49889663	N:AC[T>G]TA	-1	120252.0	1441239939
JG0139d	8	50307890	U:CC[C>A]TG	1	418227.0	1441658166
JG0139d	8	50576529	T:CC[T>G]CA	-1	268639.0	1441926805
JG0139d	8	51021806	N:AT[T>G]TA	1	445277.0	1442372082
JG0139d	8	51045133	N:TT[C>T]TG	-1	23327.0	1442395409
JG0139d	8	51234146	N:CC[T>C]TC	1	189013.0	1442584422
JG0139d	8	51697845	T:TG[T>C]GG	1	463699.0	1443048121
JG0139d	8	51798502	U:GG[T>G]TG	-1	100657.0	1443148778
JG0139d	8	52029043	N:TG[T>G]CA	-1	230541.0	1443379319
JG0139d	8	52049924	N:TC[T>C]TT	-1	20881.0	1443400200
JG0139d	8	52265198	U:CC[T>G]TA	-1	215274.0	1443615474
JG0139d	8	52440888	N:TT[T>G]TT	-1	175690.0	1443791164
JG0139d	8	52549838	U:CC[T>C]CT	-1	108950.0	1443900114
JG0139d	8	52623836	U:CC[T>A]TT	-1	73998.0	1443974112
JG0139d	8	52857799	N:CC[T>G]GA	1	233963.0	1444208075
JG0139d	8	52926721	N:CC[T>C]TC	-1	68922.0	1444276997
JG0139d	8	53043812	N:TG[T>C]GG	-1	117091.0	1444394088
JG0139d	8	53225351	N:TG[T>A]TC	-1	181539.0	1444575627
JG0139d	8	53308279	N:CC[T>C]CG	-1	82928.0	1444658555
JG0139d	8	53473788	N:TC[T>G]TA	-1	165509.0	1444824064
JG0139d	8	53693318	N:GC[T>A]GG	-1	219530.0	1445043594
JG0139d	8	53862824	U:CT[T>G]TT	1	169506.0	1445213100
JG0139d	8	53899981	U:TC[T>C]AG	1	37157.0	1445250257
JG0139d	8	54290520	N:CT[T>G]TT	1	390539.0	1445640796
JG0139d	8	54452123	N:GC[T>G]TT	1	161603.0	1445802399
JG0139d	8	54647989	U:GG[T>G]TT	1	195866.0	1445998265
JG0139d	8	54743603	U:CC[T>C]TC	1	95614.0	1446093879
JG0139d	8	55400332	U:TC[T>C]CT	1	656729.0	1446750608
JG0139d	8	55662200	N:AC[T>C]CA	-1	261868.0	1447012476
JG0139d	8	55758628	U:TC[T>G]TG	-1	96428.0	1447108904
JG0139d	8	56560954	N:AC[T>C]TA	1	802326.0	1447911230
JG0139d	8	57337698	N:TC[T>G]CA	-1	776744.0	1448687974
JG0139d	8	57356496	N:CC[T>G]TG	-1	18798.0	1448706772
JG0139d	8	57457128	N:CC[T>C]CA	1	100632.0	1448807404
JG0139d	8	57573754	N:GC[T>G]TC	-1	116626.0	1448924030
JG0139d	8	57581249	N:CC[T>A]TT	1	7495.0	1448931525
JG0139d	8	57839959	N:AG[T>A]CC	-1	258710.0	1449190235
JG0139d	8	58080571	U:AC[T>A]CA	1	240612.0	1449430847
JG0139d	8	58732517	N:TC[T>C]TG	1	651946.0	1450082793
JG0139d	8	58899154	U:AC[T>G]TA	-1	166637.0	1450249430
JG0139d	8	58961292	T:AC[T>G]AA	1	62138.0	1450311568
JG0139d	8	59177574	N:CC[T>G]TG	1	216282.0	1450527850
JG0139d	8	59445680	N:TC[T>G]TG	-1	268106.0	1450795956
JG0139d	8	59505810	N:CC[T>C]CT	-1	60130.0	1450856086
JG0139d	8	59517875	N:CC[T>G]TT	1	12065.0	1450868151
JG0139d	8	59824720	N:CC[T>A]TT	1	306845.0	1451174996
JG0139d	8	59870623	N:CC[T>G]TC	1	45903.0	1451220899
JG0139d	8	60011426	N:CC[C>G]AG	-1	140803.0	1451361702
JG0139d	8	60065069	N:TC[T>C]TG	-1	53643.0	1451415345
JG0139d	8	60098444	N:GC[T>G]TC	-1	33375.0	1451448720
JG0139d	8	60164720	N:TC[T>C]GT	-1	66276.0	1451514996
JG0139d	8	60360093	N:CC[T>G]TT	-1	195373.0	1451710369
JG0139d	8	60922559	N:CC[T>G]CG	1	562466.0	1452272835
JG0139d	8	61145333	T:TC[T>G]TT	-1	222774.0	1452495609
JG0139d	8	61169022	U:AG[T>C]CC	1	23689.0	1452519298
JG0139d	8	61401779	T:GC[T>G]TT	-1	232757.0	1452752055
JG0139d	8	61512192	U:GC[T>C]TA	-1	110413.0	1452862468
JG0139d	8	61829766	N:AC[T>C]TA	1	317574.0	1453180042
JG0139d	8	62255749	T:TC[T>C]GC	-1	425983.0	1453606025
JG0139d	8	62267608	U:CC[T>G]TA	1	11859.0	1453617884
JG0139d	8	62275572	T:TC[T>G]TT	-1	7964.0	1453625848
JG0139d	8	62480223	T:GC[T>G]AA	-1	204651.0	1453830499
JG0139d	8	62541310	U:AC[T>C]CT	1	61087.0	1453891586
JG0139d	8	62558035	U:AG[T>C]TT	1	16725.0	1453908311
JG0139d	8	62572472	T:AC[T>C]TT	-1	14437.0	1453922748
JG0139d	8	62905277	T:AC[T>C]CT	-1	332805.0	1454255553
JG0139d	8	62944751	T:GA[T>A]TT	-1	39474.0	1454295027
JG0139d	8	62965330	T:GC[T>A]TT	-1	20579.0	1454315606
JG0139d	8	63074079	T:AG[T>A]TT	1	108749.0	1454424355
JG0139d	8	63277606	N:TC[T>G]TA	-1	203527.0	1454627882
JG0139d	8	63419915	N:AC[T>A]TC	-1	142309.0	1454770191
JG0139d	8	63568459	N:CC[T>C]TC	1	148544.0	1454918735
JG0139d	8	63574712	N:AC[T>G]TC	-1	6253.0	1454924988
JG0139d	8	63668418	N:TC[T>G]TG	1	93706.0	1455018694
JG0139d	8	63818273	N:AC[T>G]TC	1	149855.0	1455168549
JG0139d	8	63886213	N:CC[T>C]TC	1	67940.0	1455236489
JG0139d	8	63892247	N:CC[T>G]TA	-1	6034.0	1455242523
JG0139d	8	64038974	N:AC[T>G]TC	1	146727.0	1455389250
JG0139d	8	64325526	N:AG[T>A]CA	1	286552.0	1455675802
JG0139d	8	64351066	N:TC[T>C]CC	1	25540.0	1455701342
JG0139d	8	64485178	N:TC[T>G]TA	-1	134112.0	1455835454
JG0139d	8	64994521	N:TC[T>G]TT	1	509343.0	1456344797
JG0139d	8	65259269	N:AC[T>G]TC	-1	264748.0	1456609545
JG0139d	8	65815077	T:CA[T>G]CT	1	555808.0	1457165353
JG0139d	8	65890684	N:CC[T>G]TC	-1	75607.0	1457240960
JG0139d	8	66152222	T:GC[T>G]TT	-1	261538.0	1457502498
JG0139d	8	66249710	N:GG[T>C]CT	1	97488.0	1457599986
JG0139d	8	66688435	T:CC[T>A]TA	-1	438725.0	1458038711
JG0139d	8	66693079	U:CC[T>C]CC	1	4644.0	1458043355
JG0139d	8	66875103	T:CC[T>G]TT	-1	182024.0	1458225379
JG0139d	8	66879168	U:GG[T>G]GG	1	4065.0	1458229444
JG0139d	8	66998395	T:CC[T>A]TG	1	119227.0	1458348671
JG0139d	8	67124782	T:CC[T>G]TA	-1	126387.0	1458475058
JG0139d	8	67143929	U:CC[T>G]TC	1	19147.0	1458494205
JG0139d	8	67447145	U:GC[T>C]CT	-1	303216.0	1458797421
JG0139d	8	67904677	N:CC[T>A]TT	-1	457532.0	1459254953
JG0139d	8	67920632	N:TC[T>C]TT	1	15955.0	1459270908
JG0139d	8	68023592	U:TC[T>G]TT	1	102960.0	1459373868
JG0139d	8	68061600	U:TC[T>A]CT	1	38008.0	1459411876
JG0139d	8	68063637	U:TC[T>C]TC	1	2037.0	1459413913
JG0139d	8	68607383	U:TG[T>G]CT	1	543746.0	1459957659
JG0139d	8	68847457	N:TC[T>G]TC	1	240074.0	1460197733
JG0139d	8	69037509	N:TG[T>G]TT	1	190052.0	1460387785
JG0139d	8	69084318	N:TG[T>C]TT	-1	46809.0	1460434594
JG0139d	8	69119200	N:TC[T>C]TT	1	34882.0	1460469476
JG0139d	8	69388909	N:TC[T>G]CA	-1	269709.0	1460739185
JG0139d	8	69422586	N:TC[T>C]CT	-1	33677.0	1460772862
JG0139d	8	69467187	U:CG[T>G]TT	1	44601.0	1460817463
JG0139d	8	69812624	U:AC[T>C]TT	-1	345437.0	1461162900
JG0139d	8	69966284	N:CC[T>G]TC	1	153660.0	1461316560
JG0139d	8	71075401	N:TC[T>C]CT	1	1109117.0	1462425677
JG0139d	8	71079024	N:TC[T>G]TT	1	3623.0	1462429300
JG0139d	8	71159556	N:TG[T>A]CA	1	80532.0	1462509832
JG0139d	8	71559388	N:TG[T>G]TC	1	399832.0	1462909664
JG0139d	8	71726188	N:TC[T>C]TA	-1	166800.0	1463076464
JG0139d	8	71868936	N:TC[T>A]CC	-1	142748.0	1463219212
JG0139d	8	72150974	N:TC[T>C]GC	-1	282038.0	1463501250
JG0139d	8	73563834	T:GT[C>G]TT	1	1412860.0	1464914110
JG0139d	8	73576881	U:AG[T>C]TG	-1	13047.0	1464927157
JG0139d	8	73974478	N:TC[T>G]CA	-1	397597.0	1465324754
JG0139d	8	74006929	U:TC[T>G]TG	1	32451.0	1465357205
JG0139d	8	74239114	U:AC[T>A]TG	-1	232185.0	1465589390
JG0139d	8	74329928	N:GG[C>A]TT	1	90814.0	1465680204
JG0139d	8	74817780	N:CC[T>A]TC	1	487852.0	1466168056
JG0139d	8	74914777	N:GC[T>G]TC	-1	96997.0	1466265053
JG0139d	8	74951545	N:GC[T>C]TC	1	36768.0	1466301821
JG0139d	8	75101871	N:GT[T>A]AT	1	150326.0	1466452147
JG0139d	8	75110881	N:TC[T>A]TG	-1	9010.0	1466461157
JG0139d	8	75308063	N:GC[T>C]GT	-1	197182.0	1466658339
JG0139d	8	75354919	N:AC[T>C]GT	-1	46856.0	1466705195
JG0139d	8	75356731	N:TC[T>G]TT	1	1812.0	1466707007
JG0139d	8	75458337	T:TC[T>G]TC	-1	101606.0	1466808613
JG0139d	8	75638425	N:AG[T>G]TT	1	180088.0	1466988701
JG0139d	8	76012233	N:GC[T>C]TA	-1	373808.0	1467362509
JG0139d	8	76218727	N:GC[T>C]GG	1	206494.0	1467569003
JG0139d	8	76576069	N:TC[T>G]TC	-1	357342.0	1467926345
JG0139d	8	77197562	N:AC[T>G]CG	1	621493.0	1468547838
JG0139d	8	77283820	N:CC[T>C]TG	1	86258.0	1468634096
JG0139d	8	77320306	N:AC[T>G]TA	1	36486.0	1468670582
JG0139d	8	77336107	N:AC[T>C]TT	-1	15801.0	1468686383
JG0139d	8	77573557	N:TC[T>G]TC	-1	237450.0	1468923833
JG0139d	8	77687148	N:GC[T>C]GG	-1	113591.0	1469037424
JG0139d	8	77689883	N:AC[T>A]CA	-1	2735.0	1469040159
JG0139d	8	78116282	N:TT[T>C]CC	-1	426399.0	1469466558
JG0139d	8	78121763	N:CC[T>C]TG	-1	5481.0	1469472039
JG0139d	8	78704045	U:GC[T>G]TA	1	582282.0	1470054321
JG0139d	8	78824497	N:CA[C>T]AG	-1	120452.0	1470174773
JG0139d	8	79064904	N:CC[T>A]CT	-1	240407.0	1470415180
JG0139d	8	79180563	N:GG[T>G]TT	-1	115659.0	1470530839
JG0139d	8	79505976	N:AC[T>G]CT	-1	325413.0	1470856252
JG0139d	8	79508725	N:GC[T>A]TC	-1	2749.0	1470859001
JG0139d	8	79806726	N:CC[T>C]TA	-1	298001.0	1471157002
JG0139d	8	79965014	T:GC[T>C]TT	1	158288.0	1471315290
JG0139d	8	80211318	N:CC[T>C]TC	1	246304.0	1471561594
JG0139d	8	80319748	N:CC[T>C]GT	1	108430.0	1471670024
JG0139d	8	80385515	N:TC[T>A]TC	-1	65767.0	1471735791
JG0139d	8	80418412	N:GC[T>C]CA	-1	32897.0	1471768688
JG0139d	8	80610753	N:TC[T>C]CA	-1	192341.0	1471961029
JG0139d	8	80631332	U:CC[T>G]TC	-1	20579.0	1471981608
JG0139d	8	81223944	N:GC[T>C]GA	-1	592612.0	1472574220
JG0139d	8	81335011	N:TC[T>A]CT	-1	111067.0	1472685287
JG0139d	8	81394173	N:TT[C>T]TG	1	59162.0	1472744449
JG0139d	8	81403840	N:AC[T>C]TA	-1	9667.0	1472754116
JG0139d	8	81526708	U:AC[T>A]CC	-1	122868.0	1472876984
JG0139d	8	81539985	N:AG[T>G]TG	-1	13277.0	1472890261
JG0139d	8	81587031	N:GG[T>C]GC	-1	47046.0	1472937307
JG0139d	8	82034849	N:AC[T>C]TT	1	447818.0	1473385125
JG0139d	8	82834479	N:TC[T>G]TG	-1	799630.0	1474184755
JG0139d	8	82979840	N:CC[T>C]TC	1	145361.0	1474330116
JG0139d	8	83240862	N:CC[T>C]TT	1	261022.0	1474591138
JG0139d	8	83241469	N:GC[T>G]TG	1	607.0	1474591745
JG0139d	8	83798790	N:TT[T>A]TA	1	557321.0	1475149066
JG0139d	8	83921582	N:TC[T>C]CC	1	122792.0	1475271858
JG0139d	8	84142159	N:TC[T>G]TA	1	220577.0	1475492435
JG0139d	8	84272788	T:AG[T>C]CT	-1	130629.0	1475623064
JG0139d	8	84524097	U:AC[T>G]TC	1	251309.0	1475874373
JG0139d	8	84663644	U:CC[T>G]TT	1	139547.0	1476013920
JG0139d	8	84918698	T:AC[T>G]TC	-1	255054.0	1476268974
JG0139d	8	85015958	N:GC[T>G]TT	-1	97260.0	1476366234
JG0139d	8	85179125	T:TC[T>G]TT	-1	163167.0	1476529401
JG0139d	8	85313487	N:TG[T>G]TT	-1	134362.0	1476663763
JG0139d	8	85732945	N:AC[T>C]TA	-1	419458.0	1477083221
JG0139d	8	85841825	N:AC[T>G]AG	-1	108880.0	1477192101
JG0139d	8	86372670	T:AC[T>G]TA	-1	530845.0	1477722946
JG0139d	8	86606844	T:TG[T>C]CA	1	234174.0	1477957120
JG0139d	8	86872947	U:AC[T>G]TT	1	266103.0	1478223223
JG0139d	8	86928566	U:AC[T>C]TT	1	55619.0	1478278842
JG0139d	8	86947718	T:TC[T>G]CC	-1	19152.0	1478297994
JG0139d	8	87267090	T:TC[T>C]TC	-1	319372.0	1478617366
JG0139d	8	87516271	T:CC[T>C]CT	-1	249181.0	1478866547
JG0139d	8	88022784	N:GG[T>G]TT	1	506513.0	1479373060
JG0139d	8	88084497	U:TC[T>G]TT	-1	61713.0	1479434773
JG0139d	8	88344177	N:AC[T>C]AA	-1	259680.0	1479694453
JG0139d	8	88683798	N:CC[T>A]CT	-1	339621.0	1480034074
JG0139d	8	88694429	N:AG[T>C]TT	1	10631.0	1480044705
JG0139d	8	88880233	N:AC[T>G]TT	1	185804.0	1480230509
JG0139d	8	88880820	N:AC[T>G]TC	1	587.0	1480231096
JG0139d	8	89261197	N:TC[T>G]TC	1	380377.0	1480611473
JG0139d	8	89429041	N:TC[T>C]CT	-1	167844.0	1480779317
JG0139d	8	89562432	N:GC[T>G]TG	-1	133391.0	1480912708
JG0139d	8	90040898	T:AC[T>C]TA	-1	478466.0	1481391174
JG0139d	8	90068586	U:TA[T>G]TT	-1	27688.0	1481418862
JG0139d	8	90164254	N:TC[T>C]CA	-1	95668.0	1481514530
JG0139d	8	90576116	N:AC[T>G]TA	-1	411862.0	1481926392
JG0139d	8	90579818	N:TC[T>C]TC	-1	3702.0	1481930094
JG0139d	8	91028409	U:TC[T>C]CT	-1	448591.0	1482378685
JG0139d	8	91228485	T:GC[T>G]TG	-1	200076.0	1482578761
JG0139d	8	91299907	T:TC[T>C]CT	-1	71422.0	1482650183
JG0139d	8	91870556	N:GC[T>G]TC	1	570649.0	1483220832
JG0139d	8	91953009	N:TG[T>G]TT	1	82453.0	1483303285
JG0139d	8	92231907	N:AC[T>G]TC	-1	278898.0	1483582183
JG0139d	8	92281266	N:AC[T>G]TT	-1	49359.0	1483631542
JG0139d	8	92360976	N:TC[T>A]CT	-1	79710.0	1483711252
JG0139d	8	92604204	N:TC[T>C]TC	1	243228.0	1483954480
JG0139d	8	92758510	N:TC[T>C]CA	-1	154306.0	1484108786
JG0139d	8	92764802	N:AC[T>G]TC	1	6292.0	1484115078
JG0139d	8	92829977	N:CC[T>C]CA	1	65175.0	1484180253
JG0139d	8	93865199	N:AC[T>C]TT	-1	1035222.0	1485215475
JG0139d	8	94365896	N:CA[T>G]CC	-1	500697.0	1485716172
JG0139d	8	94501980	T:TC[T>C]TT	1	136084.0	1485852256
JG0139d	8	94703372	U:TC[T>C]CC	1	201392.0	1486053648
JG0139d	8	95125866	N:GG[T>C]CT	-1	422494.0	1486476142
JG0139d	8	95174311	N:TT[T>G]TT	1	48445.0	1486524587
JG0139d	8	95342090	N:CC[T>A]TG	1	167779.0	1486692366
JG0139d	8	95784144	N:GC[T>C]CA	1	442054.0	1487134420
JG0139d	8	95930493	N:AG[T>C]CG	1	146349.0	1487280769
JG0139d	8	95950438	N:TC[T>G]TG	1	19945.0	1487300714
JG0139d	8	96002956	N:TG[T>G]CC	1	52518.0	1487353232
JG0139d	8	96055517	N:CG[T>G]TC	1	52561.0	1487405793
JG0139d	8	96314171	T:AC[T>G]TA	-1	258654.0	1487664447
JG0139d	8	96930959	U:TT[C>T]AG	1	616788.0	1488281235
JG0139d	8	97134813	T:TC[T>C]TT	-1	203854.0	1488485089
JG0139d	8	97137327	T:CC[T>C]TC	-1	2514.0	1488487603
JG0139d	8	97169622	N:GC[T>G]TT	1	32295.0	1488519898
JG0139d	8	97353291	N:AC[T>C]TG	-1	183669.0	1488703567
JG0139d	8	97389449	N:AC[T>C]TT	-1	36158.0	1488739725
JG0139d	8	97412723	N:TG[T>G]TT	1	23274.0	1488762999
JG0139d	8	97533565	N:GA[T>G]TT	-1	120842.0	1488883841
JG0139d	8	97543914	N:GC[T>C]TC	1	10349.0	1488894190
JG0139d	8	97607208	N:TT[T>G]TT	-1	63294.0	1488957484
JG0139d	8	97795827	T:AG[T>G]CT	-1	188619.0	1489146103
JG0139d	8	97996305	T:TC[T>G]TC	-1	200478.0	1489346581
JG0139d	8	98141689	T:AT[T>G]TC	-1	145384.0	1489491965
JG0139d	8	98399482	N:CC[T>G]CC	-1	257793.0	1489749758
JG0139d	8	98405043	N:AC[T>G]TT	1	5561.0	1489755319
JG0139d	8	99125825	T:AC[T>C]AC	-1	720782.0	1490476101
JG0139d	8	99248386	U:AC[T>G]TT	1	122561.0	1490598662
JG0139d	8	99594894	T:CC[T>G]TT	-1	346508.0	1490945170
JG0139d	8	99899402	N:TG[T>C]TA	-1	304508.0	1491249678
JG0139d	8	100005313	T:AC[T>C]TA	1	105911.0	1491355589
JG0139d	8	100092776	T:CC[T>G]TA	1	87463.0	1491443052
JG0139d	8	100102570	T:GC[T>C]CT	1	9794.0	1491452846
JG0139d	8	100129278	N:CT[T>C]TT	-1	26708.0	1491479554
JG0139d	8	101297795	N:CC[T>C]CT	-1	1168517.0	1492648071
JG0139d	8	101533987	T:GC[T>C]CA	-1	236192.0	1492884263
JG0139d	8	102511261	N:CC[T>G]CG	1	977274.0	1493861537
JG0139d	8	102598363	N:CC[T>G]CA	-1	87102.0	1493948639
JG0139d	8	102787324	N:TC[T>C]CT	1	188961.0	1494137600
JG0139d	8	103068861	U:CC[T>C]TT	1	281537.0	1494419137
JG0139d	8	103070108	U:GC[T>G]TA	1	1247.0	1494420384
JG0139d	8	103103847	N:CC[T>G]TG	1	33739.0	1494454123
JG0139d	8	103644633	T:TC[T>G]TC	-1	540786.0	1494994909
JG0139d	8	103759112	U:GC[T>G]TT	1	114479.0	1495109388
JG0139d	8	104715169	N:AC[T>G]TT	-1	956057.0	1496065445
JG0139d	8	104847067	N:TG[T>A]TC	1	131898.0	1496197343
JG0139d	8	104979765	N:AC[T>A]TC	1	132698.0	1496330041
JG0139d	8	105053066	N:GC[T>C]TT	-1	73301.0	1496403342
JG0139d	8	105072029	N:TG[T>G]TC	-1	18963.0	1496422305
JG0139d	8	105102944	N:AA[T>C]TG	1	30915.0	1496453220
JG0139d	8	105197588	N:CC[T>C]TA	-1	94644.0	1496547864
JG0139d	8	105501870	U:TC[T>G]TT	1	304282.0	1496852146
JG0139d	8	105524939	U:TG[T>G]TC	1	23069.0	1496875215
JG0139d	8	106115441	N:TG[T>G]TG	1	590502.0	1497465717
JG0139d	8	106270966	N:AC[T>C]CC	-1	155525.0	1497621242
JG0139d	8	106342098	N:GC[T>A]CA	1	71132.0	1497692374
JG0139d	8	106785299	N:AG[T>G]AT	-1	443201.0	1498135575
JG0139d	8	106972999	N:GC[T>G]CA	-1	187700.0	1498323275
JG0139d	8	107042246	N:AC[T>G]CT	1	69247.0	1498392522
JG0139d	8	107228314	N:CC[T>C]TT	1	186068.0	1498578590
JG0139d	8	107528437	N:TC[T>G]TG	-1	300123.0	1498878713
JG0139d	8	107568171	N:AC[T>G]CC	1	39734.0	1498918447
JG0139d	8	107658719	N:GT[T>G]TC	1	90548.0	1499008995
JG0139d	8	107880793	N:TC[T>G]TA	-1	222074.0	1499231069
JG0139d	8	107910119	T:AG[T>A]TC	1	29326.0	1499260395
JG0139d	8	108162720	N:TA[T>C]CT	1	252601.0	1499512996
JG0139d	8	108177021	N:AA[T>A]TA	-1	14301.0	1499527297
JG0139d	8	108341847	N:GC[T>A]CT	-1	164826.0	1499692123
JG0139d	8	108743002	N:AC[T>G]TG	-1	401155.0	1500093278
JG0139d	8	108856093	N:CC[T>C]TC	-1	113091.0	1500206369
JG0139d	8	108914275	N:TC[T>C]CA	-1	58182.0	1500264551
JG0139d	8	109125409	N:TC[T>G]TC	-1	211134.0	1500475685
JG0139d	8	109445737	T:CC[T>C]TA	-1	320328.0	1500796013
JG0139d	8	109704340	N:GC[T>C]CC	-1	258603.0	1501054616
JG0139d	8	110159521	N:AC[T>G]TC	1	455181.0	1501509797
JG0139d	8	110561743	N:AC[T>G]TA	1	402222.0	1501912019
JG0139d	8	110705712	N:TC[T>C]CA	-1	143969.0	1502055988
JG0139d	8	110875766	N:TC[T>G]CA	-1	170054.0	1502226042
JG0139d	8	111763619	N:AG[T>C]TG	1	887853.0	1503113895
JG0139d	8	111841985	N:GC[T>G]TT	-1	78366.0	1503192261
JG0139d	8	112442036	T:AG[T>G]TT	1	600051.0	1503792312
JG0139d	8	112551957	T:GC[T>C]TT	1	109921.0	1503902233
JG0139d	8	112700937	U:GC[T>G]TT	-1	148980.0	1504051213
JG0139d	8	112746478	T:GC[T>A]TG	1	45541.0	1504096754
JG0139d	8	113334800	T:TC[T>G]TT	1	588322.0	1504685076
JG0139d	8	113565409	N:AG[T>G]TT	-1	230609.0	1504915685
JG0139d	8	113847103	N:TC[T>C]TA	-1	281694.0	1505197379
JG0139d	8	113859313	N:TC[T>A]TT	1	12210.0	1505209589
JG0139d	8	114031548	N:GC[T>G]TA	1	172235.0	1505381824
JG0139d	8	114040330	N:TC[T>C]TA	-1	8782.0	1505390606
JG0139d	8	114429627	N:AG[T>A]TC	-1	389297.0	1505779903
JG0139d	8	114446874	N:TC[T>G]TG	1	17247.0	1505797150
JG0139d	8	115188985	N:CT[C>A]TC	1	742111.0	1506539261
JG0139d	8	115413378	U:TG[T>G]AC	-1	224393.0	1506763654
JG0139d	8	115795674	T:TC[T>G]TT	1	382296.0	1507145950
JG0139d	8	116001914	N:AC[T>C]CA	1	206240.0	1507352190
JG0139d	8	116043494	N:TC[T>G]TT	-1	41580.0	1507393770
JG0139d	8	116059172	N:CC[T>G]TA	1	15678.0	1507409448
JG0139d	8	116176352	N:TC[T>A]CC	-1	117180.0	1507526628
JG0139d	8	116374541	N:TC[T>C]CC	1	198189.0	1507724817
JG0139d	8	116459347	N:AA[T>G]TT	1	84806.0	1507809623
JG0139d	8	116460890	N:AC[T>G]TG	1	1543.0	1507811166
JG0139d	8	116508873	N:CC[C>A]AG	1	47983.0	1507859149
JG0139d	8	116552399	N:AC[T>C]TT	-1	43526.0	1507902675
JG0139d	8	116669589	U:CC[T>C]TC	-1	117190.0	1508019865
JG0139d	8	116710700	U:TC[C>T]AG	-1	41111.0	1508060976
JG0139d	8	116764115	T:AC[T>G]TA	1	53415.0	1508114391
JG0139d	8	117237491	N:TC[T>C]CA	-1	473376.0	1508587767
JG0139d	8	117490365	N:CA[T>G]TG	1	252874.0	1508840641
JG0139d	8	117882436	U:CC[T>C]CT	-1	392071.0	1509232712
JG0139d	8	118043590	T:CA[T>G]TA	1	161154.0	1509393866
JG0139d	8	118105222	U:CC[T>C]TC	-1	61632.0	1509455498
JG0139d	8	118184710	N:GC[T>C]CA	1	79488.0	1509534986
JG0139d	8	118521995	T:GG[T>C]TA	1	337285.0	1509872271
JG0139d	8	118696370	N:AC[T>C]CC	-1	174375.0	1510046646
JG0139d	8	118782993	N:AG[T>G]CC	-1	86623.0	1510133269
JG0139d	8	118906814	N:TC[T>C]CC	-1	123821.0	1510257090
JG0139d	8	119279370	N:AC[T>A]TC	1	372556.0	1510629646
JG0139d	8	119369399	N:CC[T>C]CC	-1	90029.0	1510719675
JG0139d	8	119493822	N:TC[T>G]TT	-1	124423.0	1510844098
JG0139d	8	119501330	N:GG[T>G]TA	1	7508.0	1510851606
JG0139d	8	119646058	T:CC[T>G]CC	1	144728.0	1510996334
JG0139d	8	119650937	U:TC[T>G]TA	-1	4879.0	1511001213
JG0139d	8	119652591	T:TG[T>C]GC	1	1654.0	1511002867
JG0139d	8	119854292	U:CC[T>G]TT	-1	201701.0	1511204568
JG0139d	8	119858407	N:CC[T>A]CT	1	4115.0	1511208683
JG0139d	8	119956314	T:CC[T>C]TA	-1	97907.0	1511306590
JG0139d	8	120391841	N:GC[T>A]TC	1	435527.0	1511742117
JG0139d	8	120397096	U:AC[T>C]GC	-1	5255.0	1511747372
JG0139d	8	120570312	T:CC[T>C]TG	1	173216.0	1511920588
JG0139d	8	120674506	U:TC[T>C]CA	-1	104194.0	1512024782
JG0139d	8	120761513	T:AA[T>A]AA	1	87007.0	1512111789
JG0139d	8	121089875	N:AC[T>C]CT	-1	328362.0	1512440151
JG0139d	8	121262576	N:TG[T>C]TT	1	172701.0	1512612852
JG0139d	8	121395299	N:CC[T>C]TT	1	132723.0	1512745575
JG0139d	8	121430663	N:CC[T>C]TA	-1	35364.0	1512780939
JG0139d	8	121457866	N:CC[T>C]TA	-1	27203.0	1512808142
JG0139d	8	121893136	N:AC[T>C]CT	-1	435270.0	1513243412
JG0139d	8	121902246	N:AC[T>A]TG	-1	9110.0	1513252522
JG0139d	8	122269277	N:TC[T>G]TT	-1	367031.0	1513619553
JG0139d	8	122376342	N:AC[T>A]CC	-1	107065.0	1513726618
JG0139d	8	122815450	U:AC[T>C]AG	1	439108.0	1514165726
JG0139d	8	123054809	T:TC[T>C]TA	-1	239359.0	1514405085
JG0139d	8	123496059	N:GC[T>C]TT	1	441250.0	1514846335
JG0139d	8	123564070	N:TC[T>G]TC	1	68011.0	1514914346
JG0139d	8	123740017	N:TG[T>G]TG	1	175947.0	1515090293
JG0139d	8	123799909	U:TT[T>G]TG	1	59892.0	1515150185
JG0139d	8	123990099	U:TC[T>G]CT	1	190190.0	1515340375
JG0139d	8	123996683	U:GG[T>C]TG	1	6584.0	1515346959
JG0139d	8	124546389	U:AC[T>G]TT	1	549706.0	1515896665
JG0139d	8	124586154	T:CC[T>G]TT	1	39765.0	1515936430
JG0139d	8	124652416	T:CC[T>C]CA	1	66262.0	1516002692
JG0139d	8	124824788	N:GC[T>C]CA	1	172372.0	1516175064
JG0139d	8	124912931	N:GC[T>A]CA	1	88143.0	1516263207
JG0139d	8	125174134	U:AC[T>C]TG	1	261203.0	1516524410
JG0139d	8	125177060	U:AC[T>G]TG	1	2926.0	1516527336
JG0139d	8	125282503	U:GG[T>G]TG	1	105443.0	1516632779
JG0139d	8	125321959	U:TC[T>G]TT	1	39456.0	1516672235
JG0139d	8	125325201	T:AC[T>G]CA	-1	3242.0	1516675477
JG0139d	8	126038542	N:TC[T>C]TC	-1	713341.0	1517388818
JG0139d	8	126255799	N:TC[T>A]TG	1	217257.0	1517606075
JG0139d	8	126333881	N:CC[T>G]TA	1	78082.0	1517684157
JG0139d	8	126340729	N:TC[T>C]TT	-1	6848.0	1517691005
JG0139d	8	126521939	N:TC[T>C]TC	1	181210.0	1517872215
JG0139d	8	126765438	N:AG[T>A]TA	-1	243499.0	1518115714
JG0139d	8	126786911	N:GC[T>G]TA	-1	21473.0	1518137187
JG0139d	8	126863667	N:AT[T>G]TT	1	76756.0	1518213943
JG0139d	8	126938245	N:TC[T>A]CT	1	74578.0	1518288521
JG0139d	8	127330940	T:CT[C>A]CA	-1	392695.0	1518681216
JG0139d	8	127369367	U:TC[T>C]CG	1	38427.0	1518719643
JG0139d	8	127430492	N:GC[T>C]TC	1	61125.0	1518780768
JG0139d	8	127516951	N:TC[T>G]TT	-1	86459.0	1518867227
JG0139d	8	127971134	N:AC[T>C]GC	1	454183.0	1519321410
JG0139d	8	128611285	N:CA[T>G]TT	1	640151.0	1519961561
JG0139d	8	128856996	N:AG[T>G]TT	-1	245711.0	1520207272
JG0139d	8	129527645	N:AC[T>G]TT	1	670649.0	1520877921
JG0139d	8	129660299	N:TG[T>G]CT	-1	132654.0	1521010575
JG0139d	8	129688583	N:TG[T>C]TA	1	28284.0	1521038859
JG0139d	8	129840580	T:TG[T>C]TA	1	151997.0	1521190856
JG0139d	8	129913490	U:GC[T>G]TG	-1	72910.0	1521263766
JG0139d	8	129920589	U:TG[T>C]TA	-1	7099.0	1521270865
JG0139d	8	130219948	U:GG[T>G]CA	-1	299359.0	1521570224
JG0139d	8	130300315	U:TG[T>G]TT	-1	80367.0	1521650591
JG0139d	8	130350395	U:AG[T>A]CC	-1	50080.0	1521700671
JG0139d	8	130363175	U:TC[T>C]AC	-1	12780.0	1521713451
JG0139d	8	130999632	U:CC[T>C]TG	-1	636457.0	1522349908
JG0139d	8	131071062	N:CC[T>C]CC	1	71430.0	1522421338
JG0139d	8	131513014	N:TA[T>G]TT	1	441952.0	1522863290
JG0139d	8	131817786	N:GG[T>G]TG	-1	304772.0	1523168062
JG0139d	8	132099278	U:GC[T>G]TC	-1	281492.0	1523449554
JG0139d	8	132121736	U:TC[T>C]TT	-1	22458.0	1523472012
JG0139d	8	132304569	U:AA[T>A]TA	-1	182833.0	1523654845
JG0139d	8	132422796	U:TC[T>C]CT	-1	118227.0	1523773072
JG0139d	8	132771579	N:AC[T>G]TC	1	348783.0	1524121855
JG0139d	8	132998252	U:TC[T>G]GG	1	226673.0	1524348528
JG0139d	8	133536874	T:TC[T>C]CT	1	538622.0	1524887150
JG0139d	8	133788697	N:AC[C>A]TG	-1	251823.0	1525138973
JG0139d	8	133919690	N:GC[T>G]TC	-1	130993.0	1525269966
JG0139d	8	133989364	N:CC[T>G]TG	1	69674.0	1525339640
JG0139d	8	134221434	N:AG[T>G]TT	-1	232070.0	1525571710
JG0139d	8	134268411	N:TC[T>C]CA	-1	46977.0	1525618687
JG0139d	8	134561063	U:CG[T>G]TG	-1	292652.0	1525911339
JG0139d	8	135018986	N:GC[T>G]TC	-1	457923.0	1526369262
JG0139d	8	135128287	N:CT[T>G]GC	-1	109301.0	1526478563
JG0139d	8	135248332	N:AC[T>C]GA	-1	120045.0	1526598608
JG0139d	8	135262100	N:TC[T>G]TG	-1	13768.0	1526612376
JG0139d	8	135590549	U:AC[T>C]CT	1	328449.0	1526940825
JG0139d	8	136237385	N:CC[T>A]TT	1	646836.0	1527587661
JG0139d	8	136551844	N:TG[T>G]TG	1	314459.0	1527902120
JG0139d	8	136886454	N:AC[T>G]TT	1	334610.0	1528236730
JG0139d	8	137048124	N:AC[T>G]CA	-1	161670.0	1528398400
JG0139d	8	137081616	N:TC[T>G]TA	-1	33492.0	1528431892
JG0139d	8	137620729	N:AC[T>C]TT	1	539113.0	1528971005
JG0139d	8	137760996	N:GC[T>A]TT	1	140267.0	1529111272
JG0139d	8	138120245	N:CC[T>C]GT	1	359249.0	1529470521
JG0139d	8	138358435	U:AC[T>A]CT	-1	238190.0	1529708711
JG0139d	8	138563911	N:GC[T>C]TA	-1	205476.0	1529914187
JG0139d	8	138570884	N:AC[T>C]CT	1	6973.0	1529921160
JG0139d	8	138585199	N:GG[T>C]TT	1	14315.0	1529935475
JG0139d	8	138880391	U:AC[T>C]CA	-1	295192.0	1530230667
JG0139d	8	138894142	U:CC[T>G]TA	-1	13751.0	1530244418
JG0139d	8	139228787	N:TG[T>G]TT	1	334645.0	1530579063
JG0139d	8	139766443	T:TC[T>C]GG	1	537656.0	1531116719
JG0139d	8	140161244	T:AC[T>C]CT	1	394801.0	1531511520
JG0139d	8	140254399	T:TC[T>C]CT	1	93155.0	1531604675
JG0139d	8	140589464	U:GC[T>G]TC	-1	335065.0	1531939740
JG0139d	8	141142688	T:AC[T>G]TC	-1	553224.0	1532492964
JG0139d	8	141259541	T:TC[T>C]CC	1	116853.0	1532609817
JG0139d	8	141398161	T:AG[C>T]AA	-1	138620.0	1532748437
JG0139d	8	141782497	N:TC[T>G]CT	-1	384336.0	1533132773
JG0139d	8	141824587	N:TC[T>C]CC	1	42090.0	1533174863
JG0139d	8	142018520	N:AC[T>G]TT	-1	193933.0	1533368796
JG0139d	8	142076282	N:GG[T>C]TG	1	57762.0	1533426558
JG0139d	8	142101605	N:CC[T>A]TC	1	25323.0	1533451881
JG0139d	8	143025200	N:TG[T>G]TA	1	923595.0	1534375476
JG0139d	8	143127975	N:CC[C>T]TG	-1	102775.0	1534478251
JG0139d	8	143291564	T:CC[T>C]GC	-1	163589.0	1534641840
JG0139d	8	143395226	N:AC[T>G]TT	-1	103662.0	1534745502
JG0139d	8	143971204	U:CC[T>A]CT	-1	575978.0	1535321480
JG0139d	8	144081218	N:TC[T>A]CT	1	110014.0	1535431494
JG0139d	8	144401957	U:CC[T>C]GA	-1	320739.0	1535752233
JG0139d	8	144509230	T:GC[T>G]TT	-1	107273.0	1535859506
JG0139d	8	144713291	N:AC[T>G]CG	1	204061.0	1536063567
JG0139d	8	145011445	N:AC[T>A]GG	-1	298154.0	1536361721
JG0139d	8	145025017	N:TG[T>G]CA	-1	13572.0	1536375293
JG0139d	9	169529	T:AG[T>C]CA	1		1536658441
JG0139d	9	365872	T:AG[T>G]TG	-1	196343.0	1536854784
JG0139d	9	480500	U:TA[T>C]CT	1	114628.0	1536969412
JG0139d	9	823674	N:GA[T>G]TG	-1	343174.0	1537312586
JG0139d	9	1409308	N:TC[T>G]TT	1	585634.0	1537898220
JG0139d	9	3219618	U:AC[T>A]TA	-1	1810310.0	1539708530
JG0139d	9	3730978	N:CC[T>G]CT	1	511360.0	1540219890
JG0139d	9	3984233	T:GC[T>G]TG	1	253255.0	1540473145
JG0139d	9	4041444	T:CC[T>C]TA	1	57211.0	1540530356
JG0139d	9	5652224	U:GC[T>G]TG	1	1610780.0	1542141136
JG0139d	9	5755062	U:TC[T>G]TT	1	102838.0	1542243974
JG0139d	9	5814214	U:TC[T>G]TA	-1	59152.0	1542303126
JG0139d	9	5816157	T:CC[T>C]TA	1	1943.0	1542305069
JG0139d	9	6831717	T:CC[T>C]TC	-1	1015560.0	1543320629
JG0139d	9	7012382	U:AC[T>C]TT	1	180665.0	1543501294
JG0139d	9	7608992	N:TC[T>G]TC	1	596610.0	1544097904
JG0139d	9	7834370	N:TC[T>C]CT	1	225378.0	1544323282
JG0139d	9	7959152	N:AC[T>C]TG	-1	124782.0	1544448064
JG0139d	9	8336134	U:TC[T>G]TT	-1	376982.0	1544825046
JG0139d	9	8864307	U:GC[T>G]TG	-1	528173.0	1545353219
JG0139d	9	9133378	T:TC[T>G]CT	1	269071.0	1545622290
JG0139d	9	9640987	T:CC[T>C]AA	1	507609.0	1546129899
JG0139d	9	10298108	U:TT[T>G]TC	-1	657121.0	1546787020
JG0139d	9	10494118	U:AG[T>G]TG	-1	196010.0	1546983030
JG0139d	9	11226549	N:AG[T>C]CA	1	732431.0	1547715461
JG0139d	9	11665411	N:CC[T>G]TC	1	438862.0	1548154323
JG0139d	9	11878218	N:TC[T>C]CT	-1	212807.0	1548367130
JG0139d	9	11885151	N:TC[T>C]CA	-1	6933.0	1548374063
JG0139d	9	11891390	N:TG[T>A]GC	1	6239.0	1548380302
JG0139d	9	12190580	N:CC[T>C]AG	1	299190.0	1548679492
JG0139d	9	14398699	T:TG[T>C]TT	1	2208119.0	1550887611
JG0139d	9	14773123	T:TG[T>G]CC	1	374424.0	1551262035
JG0139d	9	14830803	U:GC[T>G]TC	-1	57680.0	1551319715
JG0139d	9	15504959	T:AC[T>G]TT	1	674156.0	1551993871
JG0139d	9	15564950	U:CC[T>A]CA	1	59991.0	1552053862
JG0139d	9	15652498	U:TC[T>G]TT	1	87548.0	1552141410
JG0139d	9	15655763	U:AC[T>C]TC	1	3265.0	1552144675
JG0139d	9	15830255	T:TC[T>A]TA	-1	174492.0	1552319167
JG0139d	9	16010643	N:TG[T>C]TT	-1	180388.0	1552499555
JG0139d	9	16309943	N:GC[T>A]TT	-1	299300.0	1552798855
JG0139d	9	17063662	N:TG[T>G]TT	-1	753719.0	1553552574
JG0139d	9	17173952	T:CC[T>C]TA	-1	110290.0	1553662864
JG0139d	9	18417676	T:TC[T>G]TG	-1	1243724.0	1554906588
JG0139d	9	18755821	U:TC[T>G]TC	1	338145.0	1555244733
JG0139d	9	19542164	T:TC[T>C]TC	1	786343.0	1556031076
JG0139d	9	20146540	N:AC[T>C]CA	-1	604376.0	1556635452
JG0139d	9	20435435	U:CC[T>G]TA	-1	288895.0	1556924347
JG0139d	9	20732357	T:AC[T>G]TT	-1	296922.0	1557221269
JG0139d	9	21312452	N:TC[T>G]TC	1	580095.0	1557801364
JG0139d	9	21440489	T:AC[T>A]TC	-1	128037.0	1557929401
JG0139d	9	21479504	N:GC[T>A]CC	-1	39015.0	1557968416
JG0139d	9	21964974	N:CC[T>G]CC	-1	485470.0	1558453886
JG0139d	9	22281424	N:GC[T>G]AT	1	316450.0	1558770336
JG0139d	9	22303792	N:GC[T>C]GT	-1	22368.0	1558792704
JG0139d	9	22809114	N:TC[T>C]GT	1	505322.0	1559298026
JG0139d	9	23266872	N:GG[T>A]AG	1	457758.0	1559755784
JG0139d	9	24313698	N:AG[T>C]TG	1	1046826.0	1560802610
JG0139d	9	24578178	N:AG[T>C]CT	1	264480.0	1561067090
JG0139d	9	25145428	N:TT[T>G]TT	-1	567250.0	1561634340
JG0139d	9	25682605	N:CC[T>G]CC	-1	537177.0	1562171517
JG0139d	9	26914559	U:TC[T>G]TT	-1	1231954.0	1563403471
JG0139d	9	26918131	U:TC[T>C]GA	-1	3572.0	1563407043
JG0139d	9	27542393	N:TC[T>G]CC	1	624262.0	1564031305
JG0139d	9	27787295	N:AT[C>G]TG	1	244902.0	1564276207
JG0139d	9	27876244	N:GC[T>G]TA	-1	88949.0	1564365156
JG0139d	9	28191020	T:AT[T>G]TT	1	314776.0	1564679932
JG0139d	9	28746132	N:AC[T>C]AT	1	555112.0	1565235044
JG0139d	9	29167913	N:CC[T>C]CT	-1	421781.0	1565656825
JG0139d	9	29265476	N:AG[T>G]TC	-1	97563.0	1565754388
JG0139d	9	30066079	N:TC[T>C]CA	-1	800603.0	1566554991
JG0139d	9	30373231	N:TC[T>G]TT	-1	307152.0	1566862143
JG0139d	9	30670367	N:AC[T>G]TC	-1	297136.0	1567159279
JG0139d	9	30778993	N:AT[C>T]CT	-1	108626.0	1567267905
JG0139d	9	30954902	N:AC[T>C]AA	1	175909.0	1567443814
JG0139d	9	31873920	N:GC[T>C]CA	-1	919018.0	1568362832
JG0139d	9	31919567	N:TC[T>C]CC	-1	45647.0	1568408479
JG0139d	9	32321328	N:AT[C>T]TA	-1	401761.0	1568810240
JG0139d	9	32670485	N:GC[T>C]CT	-1	349157.0	1569159397
JG0139d	9	32698216	N:GC[T>C]TG	1	27731.0	1569187128
JG0139d	9	32991551	U:CC[T>C]TG	-1	293335.0	1569480463
JG0139d	9	33198795	N:TC[T>C]CC	-1	207244.0	1569687707
JG0139d	9	33385100	U:TC[T>C]CT	-1	186305.0	1569874012
JG0139d	9	33625796	N:TG[T>C]CG	-1	240696.0	1570114708
JG0139d	9	33880218	T:GC[T>C]TC	-1	254422.0	1570369130
JG0139d	9	34120722	T:CC[T>C]GA	1	240504.0	1570609634
JG0139d	9	34320579	N:GG[T>G]TC	-1	199857.0	1570809491
JG0139d	9	35203550	U:CC[T>C]TT	1	882971.0	1571692462
JG0139d	9	35369323	T:AC[T>C]CA	-1	165773.0	1571858235
JG0139d	9	35729952	U:TC[T>G]TC	-1	360629.0	1572218864
JG0139d	9	36384293	U:TC[T>G]TG	-1	654341.0	1572873205
JG0139d	9	36547291	N:AC[T>G]TG	1	162998.0	1573036203
JG0139d	9	37454225	U:CC[T>A]TC	-1	906934.0	1573943137
JG0139d	9	37544928	U:GC[T>C]CC	-1	90703.0	1574033840
JG0139d	9	38564550	N:CC[T>G]TC	1	1019622.0	1575053462
JG0139d	9	39197381	U:TG[T>G]TT	-1	632831.0	1575686293
JG0139d	9	39636366	N:TC[T>C]TA	-1	438985.0	1576125278
JG0139d	9	39644496	N:GC[T>G]TT	1	8130.0	1576133408
JG0139d	9	41685064	N:TC[T>C]CC	-1	2040568.0	1578173976
JG0139d	9	41687273	N:TC[T>C]CC	1	2209.0	1578176185
JG0139d	9	41818179	N:TG[T>G]TC	1	130906.0	1578307091
JG0139d	9	43533948	N:AT[T>G]TT	-1	1715769.0	1580022860
JG0139d	9	43861023	N:AC[T>G]TG	-1	327075.0	1580349935
JG0139d	9	44294333	N:AC[T>C]TC	1	433310.0	1580783245
JG0139d	9	44863628	N:AC[T>A]TC	1	569295.0	1581352540
JG0139d	9	61525714	N:AC[T>G]GG	1	16662086.0	1598014626
JG0139d	9	61652105	N:GA[C>G]TC	-1	126391.0	1598141017
JG0139d	9	63155120	N:TG[T>G]TA	1	1503015.0	1599644032
JG0139d	9	63613495	N:TC[T>C]TT	1	458375.0	1600102407
JG0139d	9	64429426	N:TC[T>C]TT	-1	815931.0	1600918338
JG0139d	9	64731679	N:AA[T>C]TT	1	302253.0	1601220591
JG0139d	9	65071193	N:TC[T>C]GG	1	339514.0	1601560105
JG0139d	9	65833587	N:CA[C>A]AG	1	762394.0	1602322499
JG0139d	9	65949577	N:GC[T>G]TC	1	115990.0	1602438489
JG0139d	9	66685356	N:TC[T>G]GC	-1	735779.0	1603174268
JG0139d	9	66797517	N:GC[T>G]TC	-1	112161.0	1603286429
JG0139d	9	67504949	N:CC[T>C]TA	1	707432.0	1603993861
JG0139d	9	69887798	U:CC[T>C]CC	1	2382849.0	1606376710
JG0139d	9	69889233	U:AC[T>G]TA	1	1435.0	1606378145
JG0139d	9	70430072	N:CT[T>C]CA	-1	540839.0	1606918984
JG0139d	9	70988010	U:TC[T>A]TT	-1	557938.0	1607476922
JG0139d	9	71145073	T:AC[T>G]TG	1	157063.0	1607633985
JG0139d	9	71869824	T:CC[T>C]TG	1	724751.0	1608358736
JG0139d	9	72465644	N:TC[T>A]TC	-1	595820.0	1608954556
JG0139d	9	73088777	N:AG[T>G]CC	-1	623133.0	1609577689
JG0139d	9	73242634	N:GC[T>C]CC	-1	153857.0	1609731546
JG0139d	9	73374119	N:AC[T>G]TT	1	131485.0	1609863031
JG0139d	9	73454557	N:AT[T>G]TA	-1	80438.0	1609943469
JG0139d	9	73812547	N:TC[T>C]GT	-1	357990.0	1610301459
JG0139d	9	74434628	N:AC[T>C]GA	-1	622081.0	1610923540
JG0139d	9	74463259	N:GA[T>G]TT	-1	28631.0	1610952171
JG0139d	9	74529176	U:TC[T>C]AA	1	65917.0	1611018088
JG0139d	9	75008679	U:GC[T>C]TT	-1	479503.0	1611497591
JG0139d	9	75018151	T:TC[T>C]CC	1	9472.0	1611507063
JG0139d	9	75310954	N:TA[T>G]TT	1	292803.0	1611799866
JG0139d	9	76201667	T:CC[T>G]TG	-1	890713.0	1612690579
JG0139d	9	76880358	U:AC[T>C]TC	-1	678691.0	1613369270
JG0139d	9	77504235	T:TC[T>G]TT	1	623877.0	1613993147
JG0139d	9	78347340	N:TA[T>G]TG	1	843105.0	1614836252
JG0139d	9	79519789	N:AC[T>A]TG	1	1172449.0	1616008701
JG0139d	9	79781784	N:AA[T>C]TG	1	261995.0	1616270696
JG0139d	9	80425480	N:TC[T>G]TC	-1	643696.0	1616914392
JG0139d	9	80811348	N:CC[T>C]TA	-1	385868.0	1617300260
JG0139d	9	80920116	N:TC[T>C]CA	1	108768.0	1617409028
JG0139d	9	81499777	N:TC[T>C]CT	1	579661.0	1617988689
JG0139d	9	81992733	T:GC[T>G]TC	-1	492956.0	1618481645
JG0139d	9	82323845	N:GG[T>C]CT	1	331112.0	1618812757
JG0139d	9	82328023	N:AC[T>G]TT	1	4178.0	1618816935
JG0139d	9	82500566	N:AA[T>G]TT	-1	172543.0	1618989478
JG0139d	9	83201071	N:TC[T>C]TC	1	700505.0	1619689983
JG0139d	9	85638665	U:AG[T>G]AC	-1	2437594.0	1622127577
JG0139d	9	86590350	N:AG[C>A]AC	-1	951685.0	1623079262
JG0139d	9	86684100	N:TC[T>C]CC	-1	93750.0	1623173012
JG0139d	9	87009447	N:TC[T>G]AA	1	325347.0	1623498359
JG0139d	9	87594043	T:TG[T>A]TA	-1	584596.0	1624082955
JG0139d	9	87995385	N:CC[T>C]CA	1	401342.0	1624484297
JG0139d	9	89087811	T:CC[T>C]CC	1	1092426.0	1625576723
JG0139d	9	89456562	U:TC[T>C]TT	-1	368751.0	1625945474
JG0139d	9	90533660	N:TC[T>C]TG	-1	1077098.0	1627022572
JG0139d	9	91038146	N:TC[T>G]TG	-1	504486.0	1627527058
JG0139d	9	91085708	N:GC[T>C]CC	-1	47562.0	1627574620
JG0139d	9	91119750	N:GA[T>G]TC	1	34042.0	1627608662
JG0139d	9	91179873	N:AC[T>C]CT	1	60123.0	1627668785
JG0139d	9	91881004	T:TG[T>G]TT	1	701131.0	1628369916
JG0139d	9	92374575	U:CC[T>G]TT	1	493571.0	1628863487
JG0139d	9	92385432	B:CG[T>G]TC	-1	10857.0	1628874344
JG0139d	9	92398461	B:TG[T>G]TT	-1	13029.0	1628887373
JG0139d	9	92920806	N:TC[T>G]TG	1	522345.0	1629409718
JG0139d	9	93312640	T:AC[T>G]TT	-1	391834.0	1629801552
JG0139d	9	93353918	N:AC[T>G]TT	-1	41278.0	1629842830
JG0139d	9	94445480	T:AC[T>G]TA	-1	1091562.0	1630934392
JG0139d	9	94767533	T:GC[T>C]AG	-1	322053.0	1631256445
JG0139d	9	94902941	U:AG[T>G]TA	1	135408.0	1631391853
JG0139d	9	95019180	T:AC[T>C]CA	-1	116239.0	1631508092
JG0139d	9	95236583	T:TC[T>G]TC	1	217403.0	1631725495
JG0139d	9	95303617	U:CC[T>C]AC	-1	67034.0	1631792529
JG0139d	9	95564537	N:TC[T>C]TT	1	260920.0	1632053449
JG0139d	9	95848526	N:AC[T>A]TG	1	283989.0	1632337438
JG0139d	9	96369304	U:CC[T>G]TT	-1	520778.0	1632858216
JG0139d	9	96562562	T:TT[T>G]TT	1	193258.0	1633051474
JG0139d	9	96599052	T:AC[T>C]TA	1	36490.0	1633087964
JG0139d	9	97093463	N:TG[T>G]TA	-1	494411.0	1633582375
JG0139d	9	97725680	N:GC[T>A]GC	1	632217.0	1634214592
JG0139d	9	97780177	N:CC[T>A]CT	-1	54497.0	1634269089
JG0139d	9	97902351	N:AC[T>C]CC	-1	122174.0	1634391263
JG0139d	9	98086414	T:AC[T>C]CA	1	184063.0	1634575326
JG0139d	9	98472799	T:AC[T>C]GA	1	386385.0	1634961711
JG0139d	9	98485967	U:AC[T>A]TT	-1	13168.0	1634974879
JG0139d	9	98674736	T:GG[T>C]CT	1	188769.0	1635163648
JG0139d	9	98934287	N:CC[T>G]CA	-1	259551.0	1635423199
JG0139d	9	99111649	T:TT[T>G]TT	-1	177362.0	1635600561
JG0139d	9	99168313	N:AC[T>C]GA	1	56664.0	1635657225
JG0139d	9	99522032	N:TG[T>G]TT	-1	353719.0	1636010944
JG0139d	9	100529151	T:TC[T>G]TT	-1	1007119.0	1637018063
JG0139d	9	101274804	U:TC[T>C]CA	1	745653.0	1637763716
JG0139d	9	101294939	T:AC[T>G]TC	-1	20135.0	1637783851
JG0139d	9	101556582	T:GC[T>G]TT	-1	261643.0	1638045494
JG0139d	9	101694589	T:CC[T>C]TG	1	138007.0	1638183501
JG0139d	9	102252846	N:GC[T>C]TT	-1	558257.0	1638741758
JG0139d	9	102274881	N:CC[T>A]CT	1	22035.0	1638763793
JG0139d	9	102629122	N:TA[T>A]TA	1	354241.0	1639118034
JG0139d	9	102743878	N:TG[T>G]CA	1	114756.0	1639232790
JG0139d	9	102974200	N:AA[T>G]TC	-1	230322.0	1639463112
JG0139d	9	103936955	N:AC[T>G]TT	-1	962755.0	1640425867
JG0139d	9	104521050	N:CC[T>A]TC	1	584095.0	1641009962
JG0139d	9	104641725	N:GC[T>G]CT	1	120675.0	1641130637
JG0139d	9	104923013	U:GC[T>A]GG	-1	281288.0	1641411925
JG0139d	9	104927253	T:GC[T>C]CT	1	4240.0	1641416165
JG0139d	9	105521003	U:CC[T>C]TA	1	593750.0	1642009915
JG0139d	9	105890561	N:CC[T>A]TA	-1	369558.0	1642379473
JG0139d	9	105906255	N:AG[T>C]TC	-1	15694.0	1642395167
JG0139d	9	105954424	N:TG[T>G]TG	1	48169.0	1642443336
JG0139d	9	106416091	N:GC[T>G]TC	1	461667.0	1642905003
JG0139d	9	106485476	N:CC[T>G]CA	-1	69385.0	1642974388
JG0139d	9	106820230	N:TC[T>C]CC	1	334754.0	1643309142
JG0139d	9	107317908	U:CC[T>C]CT	1	497678.0	1643806820
JG0139d	9	108067763	N:AC[T>G]CA	-1	749855.0	1644556675
JG0139d	9	108114584	N:CC[T>C]CA	1	46821.0	1644603496
JG0139d	9	108340140	N:TC[T>C]TT	-1	225556.0	1644829052
JG0139d	9	109106153	U:AC[T>C]CC	-1	766013.0	1645595065
JG0139d	9	109905517	T:GT[T>G]TC	-1	799364.0	1646394429
JG0139d	9	109945602	U:AC[T>G]TA	1	40085.0	1646434514
JG0139d	9	109946861	U:TC[T>G]TG	1	1259.0	1646435773
JG0139d	9	110109508	U:GA[C>A]AG	1	162647.0	1646598420
JG0139d	9	110165123	T:CC[T>C]CA	-1	55615.0	1646654035
JG0139d	9	110645209	N:CC[T>A]TG	-1	480086.0	1647134121
JG0139d	9	111051750	N:CG[T>A]GG	-1	406541.0	1647540662
JG0139d	9	111570087	B:CC[T>G]TA	1	518337.0	1648058999
JG0139d	9	112207477	N:AC[T>C]TT	-1	637390.0	1648696389
JG0139d	9	112674373	N:GC[T>A]TT	1	466896.0	1649163285
JG0139d	9	113078277	N:CC[T>C]TT	-1	403904.0	1649567189
JG0139d	9	113528876	T:AG[T>C]GA	-1	450599.0	1650017788
JG0139d	9	113600828	N:AC[T>C]CA	-1	71952.0	1650089740
JG0139d	9	113713180	N:TA[T>G]TA	-1	112352.0	1650202092
JG0139d	9	114473957	T:GC[T>G]TA	1	760777.0	1650962869
JG0139d	9	114679136	U:AC[T>G]TA	-1	205179.0	1651168048
JG0139d	9	115294574	N:TC[T>C]CT	1	615438.0	1651783486
JG0139d	9	115362796	N:TC[T>C]TG	1	68222.0	1651851708
JG0139d	9	115753071	N:CC[T>G]TA	1	390275.0	1652241983
JG0139d	9	115841640	N:TC[T>C]CT	-1	88569.0	1652330552
JG0139d	9	115998886	N:CC[T>G]TC	-1	157246.0	1652487798
JG0139d	9	116214191	T:GG[T>G]CA	-1	215305.0	1652703103
JG0139d	9	116333665	T:TC[T>G]CT	-1	119474.0	1652822577
JG0139d	9	117435838	N:TC[T>A]TA	-1	1102173.0	1653924750
JG0139d	9	117602426	N:CC[T>A]TT	-1	166588.0	1654091338
JG0139d	9	117717441	U:TA[T>A]TG	1	115015.0	1654206353
JG0139d	9	117852693	U:TC[T>C]AG	1	135252.0	1654341605
JG0139d	9	118281677	N:GC[T>G]TT	1	428984.0	1654770589
JG0139d	9	119088488	N:CC[T>C]CT	1	806811.0	1655577400
JG0139d	9	119278605	U:GC[T>C]TT	-1	190117.0	1655767517
JG0139d	9	119309112	U:GG[T>G]TC	-1	30507.0	1655798024
JG0139d	9	119658178	N:TC[T>A]GT	-1	349066.0	1656147090
JG0139d	9	119804416	N:AG[T>G]TT	1	146238.0	1656293328
JG0139d	9	120371083	N:AA[T>A]TC	1	566667.0	1656859995
JG0139d	9	121290635	T:GC[T>C]GC	-1	919552.0	1657779547
JG0139d	9	121503033	N:TC[T>A]CC	1	212398.0	1657991945
JG0139d	9	122313661	T:CC[T>G]TA	-1	810628.0	1658802573
JG0139d	9	122325422	T:GG[T>G]AG	-1	11761.0	1658814334
JG0139d	9	122490667	N:AA[T>G]TT	1	165245.0	1658979579
JG0139d	9	123180243	U:TC[T>G]TA	-1	689576.0	1659669155
JG0139d	9	123526754	T:AC[T>G]TC	1	346511.0	1660015666
JG0139d	9	123747984	T:AG[T>C]GT	1	221230.0	1660236896
JG0139d	9	123832973	T:GG[T>G]TG	1	84989.0	1660321885
JG0139d	9	123962224	N:AC[T>G]CC	-1	129251.0	1660451136
JG0139d	9	124183197	N:CC[T>A]CT	1	220973.0	1660672109
JG0139d	9	124196853	N:CC[T>A]TC	-1	13656.0	1660685765
JG0139d	9	124228706	N:GC[T>A]TG	1	31853.0	1660717618
JG0139d	9	124926332	U:TC[T>C]CC	-1	697626.0	1661415244
JG0139d	9	126901729	N:CC[T>C]CC	1	1975397.0	1663390641
JG0139d	9	128091904	U:GC[T>G]TT	1	1190175.0	1664580816
JG0139d	9	128261439	U:CC[T>G]TC	-1	169535.0	1664750351
JG0139d	9	128598600	T:TG[T>G]TA	-1	337161.0	1665087512
JG0139d	9	128886534	U:AC[T>G]TA	1	287934.0	1665375446
JG0139d	9	129184102	N:TG[T>C]GT	1	297568.0	1665673014
JG0139d	9	129758974	N:AG[T>G]TT	1	574872.0	1666247886
JG0139d	9	130891122	N:AC[T>C]CC	-1	1132148.0	1667380034
JG0139d	9	131019153	U:AC[T>C]CA	1	128031.0	1667508065
JG0139d	9	131114289	U:GC[T>C]GC	1	95136.0	1667603201
JG0139d	9	132399214	U:TC[T>G]TT	-1	1284925.0	1668888126
JG0139d	9	132415440	T:GC[T>C]GC	-1	16226.0	1668904352
JG0139d	9	133159753	T:CG[T>C]GC	1	744313.0	1669648665
JG0139d	9	133222907	N:GC[T>C]CC	-1	63154.0	1669711819
JG0139d	9	133328203	N:AG[T>C]CA	-1	105296.0	1669817115
JG0139d	9	133539597	T:GC[T>C]CT	-1	211394.0	1670028509
JG0139d	9	134024012	N:AC[T>C]TG	1	484415.0	1670512924
JG0139d	9	134415596	U:GG[T>C]GG	1	391584.0	1670904508
JG0139d	9	134428991	T:GC[T>C]CT	-1	13395.0	1670917903
JG0139d	9	134668113	T:AC[T>G]CG	-1	239122.0	1671157025
JG0139d	9	135726972	U:TC[T>C]TT	1	1058859.0	1672215884
JG0139d	9	136614619	N:GC[T>A]CA	-1	887647.0	1673103531
JG0139d	9	136699050	N:TC[T>A]CA	-1	84431.0	1673187962
JG0139d	9	136765107	N:GC[T>A]GG	-1	66057.0	1673254019
JG0139d	9	137898497	U:TT[C>T]TT	1	1133390.0	1674387409
JG0139d	9	138251546	N:AC[T>G]TA	1	353049.0	1674740458
JG0139d	10	39605	N:GC[T>C]TA	-1		1674923234
JG0139d	10	73701	T:CC[T>C]CA	1	34096.0	1674957330
JG0139d	10	144252	U:GC[T>C]CT	1	70551.0	1675027881
JG0139d	10	512311	T:AG[C>A]AG	1	368059.0	1675395940
JG0139d	10	762142	N:TC[T>C]GT	-1	249831.0	1675645771
JG0139d	10	812181	U:AC[T>C]TT	-1	50039.0	1675695810
JG0139d	10	852762	U:AC[T>C]TA	-1	40581.0	1675736391
JG0139d	10	1079611	U:AC[T>G]GC	1	226849.0	1675963240
JG0139d	10	1405618	U:TC[T>G]CA	-1	326007.0	1676289247
JG0139d	10	1416735	U:TC[T>C]CT	-1	11117.0	1676300364
JG0139d	10	1705761	T:GG[T>C]TC	1	289026.0	1676589390
JG0139d	10	1771925	N:GC[T>G]CT	-1	66164.0	1676655554
JG0139d	10	2062392	N:AA[T>C]TT	1	290467.0	1676946021
JG0139d	10	2627069	N:AC[T>C]GA	-1	564677.0	1677510698
JG0139d	10	2820764	N:CC[T>G]TG	-1	193695.0	1677704393
JG0139d	10	2997724	N:CT[T>A]TG	-1	176960.0	1677881353
JG0139d	10	3001996	N:TC[T>C]CC	-1	4272.0	1677885625
JG0139d	10	3434169	N:GC[T>G]CA	1	432173.0	1678317798
JG0139d	10	3440062	N:TC[T>C]CT	1	5893.0	1678323691
JG0139d	10	4228501	N:TT[T>G]TT	1	788439.0	1679112130
JG0139d	10	4799858	U:CC[T>C]CC	1	571357.0	1679683487
JG0139d	10	4820674	U:AC[T>C]TA	1	20816.0	1679704303
JG0139d	10	4830349	T:GC[T>G]TA	-1	9675.0	1679713978
JG0139d	10	5099659	T:AT[T>G]CA	-1	269310.0	1679983288
JG0139d	10	5459388	N:CC[T>C]AG	1	359729.0	1680343017
JG0139d	10	5526400	U:CC[T>C]CA	1	67012.0	1680410029
JG0139d	10	5595452	N:AA[T>G]TC	-1	69052.0	1680479081
JG0139d	10	5678022	N:CC[T>G]TC	1	82570.0	1680561651
JG0139d	10	6049709	T:CC[T>G]CC	1	371687.0	1680933338
JG0139d	10	6492264	T:TC[T>A]TT	1	442555.0	1681375893
JG0139d	10	6961543	N:TC[T>G]TC	-1	469279.0	1681845172
JG0139d	10	7081453	N:CA[T>G]TC	1	119910.0	1681965082
JG0139d	10	7120330	N:TC[T>G]CT	1	38877.0	1682003959
JG0139d	10	7193808	T:CT[C>T]GT	1	73478.0	1682077437
JG0139d	10	7308926	T:AC[T>C]TA	1	115118.0	1682192555
JG0139d	10	7358693	U:CC[T>G]CC	-1	49767.0	1682242322
JG0139d	10	7395943	U:CC[T>G]TT	-1	37250.0	1682279572
JG0139d	10	7589165	U:CC[T>G]TC	-1	193222.0	1682472794
JG0139d	10	7934512	U:TC[T>A]CA	1	345347.0	1682818141
JG0139d	10	7943075	U:CC[T>A]TA	1	8563.0	1682826704
JG0139d	10	8217018	N:TC[T>G]TG	1	273943.0	1683100647
JG0139d	10	8257456	N:AC[T>G]TA	1	40438.0	1683141085
JG0139d	10	8398841	N:AC[T>G]TT	1	141385.0	1683282470
JG0139d	10	8642476	N:TC[T>C]CT	-1	243635.0	1683526105
JG0139d	10	9168020	N:CC[T>C]TA	1	525544.0	1684051649
JG0139d	10	9375917	N:GA[T>G]TA	1	207897.0	1684259546
JG0139d	10	9693862	N:TC[T>A]TT	-1	317945.0	1684577491
JG0139d	10	9706808	N:TT[T>G]TA	-1	12946.0	1684590437
JG0139d	10	10035545	N:GC[T>A]CT	1	328737.0	1684919174
JG0139d	10	10066584	N:AC[T>G]TC	-1	31039.0	1684950213
JG0139d	10	10376637	N:AC[T>C]CT	-1	310053.0	1685260266
JG0139d	10	10774228	N:AC[T>A]TC	1	397591.0	1685657857
JG0139d	10	11371451	N:TC[T>C]TC	1	597223.0	1686255080
JG0139d	10	11505321	T:GC[T>C]AT	1	133870.0	1686388950
JG0139d	10	11619996	N:CC[T>C]CA	1	114675.0	1686503625
JG0139d	10	11720763	N:CC[T>A]CC	1	100767.0	1686604392
JG0139d	10	11823103	N:TG[T>G]CT	-1	102340.0	1686706732
JG0139d	10	12123233	N:CC[T>C]GG	1	300130.0	1687006862
JG0139d	10	12680788	U:CC[T>C]TG	1	557555.0	1687564417
JG0139d	10	12864704	N:TC[T>G]CC	1	183916.0	1687748333
JG0139d	10	13255099	N:AA[T>C]TT	-1	390395.0	1688138728
JG0139d	10	13453858	U:CA[T>G]TA	-1	198759.0	1688337487
JG0139d	10	13812634	U:TC[T>C]TT	-1	358776.0	1688696263
JG0139d	10	14249118	U:CC[T>C]CA	-1	436484.0	1689132747
JG0139d	10	14778754	N:TG[T>G]TT	-1	529636.0	1689662383
JG0139d	10	14896033	U:CC[T>G]CC	1	117279.0	1689779662
JG0139d	10	15003873	N:AC[T>G]TC	-1	107840.0	1689887502
JG0139d	10	15287819	U:AC[T>C]CA	-1	283946.0	1690171448
JG0139d	10	15395329	N:AC[T>G]TA	1	107510.0	1690278958
JG0139d	10	15556842	T:AC[T>G]TC	1	161513.0	1690440471
JG0139d	10	15851613	T:CA[T>G]TT	1	294771.0	1690735242
JG0139d	10	15916532	N:TC[T>G]TT	1	64919.0	1690800161
JG0139d	10	16053749	N:TC[T>G]TG	1	137217.0	1690937378
JG0139d	10	16147685	N:CC[T>A]TA	1	93936.0	1691031314
JG0139d	10	16177440	N:GG[T>C]CT	-1	29755.0	1691061069
JG0139d	10	16238487	N:TC[T>C]TT	-1	61047.0	1691122116
JG0139d	10	16436961	T:AC[T>C]TC	-1	198474.0	1691320590
JG0139d	10	16547948	N:GG[T>G]CT	-1	110987.0	1691431577
JG0139d	10	16815149	U:AG[T>A]TT	-1	267201.0	1691698778
JG0139d	10	17168422	T:AC[T>G]AC	1	353273.0	1692052051
JG0139d	10	17651711	T:CC[T>C]CC	-1	483289.0	1692535340
JG0139d	10	17819313	T:GA[T>G]CT	-1	167602.0	1692702942
JG0139d	10	17959752	U:TC[T>G]CA	1	140439.0	1692843381
JG0139d	10	17964247	T:GG[T>C]GA	-1	4495.0	1692847876
JG0139d	10	18351819	U:AG[T>C]GT	1	387572.0	1693235448
JG0139d	10	19496838	T:CC[T>G]TC	-1	1145019.0	1694380467
JG0139d	10	19515589	U:TC[T>A]CG	1	18751.0	1694399218
JG0139d	10	19517695	T:AC[T>G]TC	-1	2106.0	1694401324
JG0139d	10	19830299	U:AC[T>G]CA	1	312604.0	1694713928
JG0139d	10	19846899	U:TG[T>G]CA	1	16600.0	1694730528
JG0139d	10	20271531	U:AC[T>C]GG	1	424632.0	1695155160
JG0139d	10	20439301	N:GA[T>G]CT	1	167770.0	1695322930
JG0139d	10	20497490	N:AC[T>G]TT	1	58189.0	1695381119
JG0139d	10	20540537	N:AC[T>G]TC	-1	43047.0	1695424166
JG0139d	10	20544089	N:AC[T>C]AA	-1	3552.0	1695427718
JG0139d	10	20911324	U:TC[T>G]TA	-1	367235.0	1695794953
JG0139d	10	21119041	U:TC[T>A]CT	-1	207717.0	1696002670
JG0139d	10	21305086	N:AG[T>A]AG	-1	186045.0	1696188715
JG0139d	10	21382487	N:TG[T>A]CA	1	77401.0	1696266116
JG0139d	10	21756326	N:TC[T>G]TT	1	373839.0	1696639955
JG0139d	10	21811867	T:AC[T>C]TC	1	55541.0	1696695496
JG0139d	10	21839041	T:TC[T>G]TT	1	27174.0	1696722670
JG0139d	10	22064654	N:CC[T>C]TC	1	225613.0	1696948283
JG0139d	10	22236086	N:GG[T>G]TT	-1	171432.0	1697119715
JG0139d	10	22307572	N:TC[T>C]CT	-1	71486.0	1697191201
JG0139d	10	22573802	T:TC[T>C]GT	1	266230.0	1697457431
JG0139d	10	22747390	N:AT[T>G]TC	-1	173588.0	1697631019
JG0139d	10	22778997	N:TC[T>G]CC	-1	31607.0	1697662626
JG0139d	10	23041647	N:AC[T>A]TC	1	262650.0	1697925276
JG0139d	10	23102396	U:TC[T>G]TG	1	60749.0	1697986025
JG0139d	10	23293135	U:TC[T>C]TC	-1	190739.0	1698176764
JG0139d	10	23425807	N:TC[T>A]TT	1	132672.0	1698309436
JG0139d	10	23752395	T:GC[T>C]CA	-1	326588.0	1698636024
JG0139d	10	23848932	T:AC[T>A]CA	-1	96537.0	1698732561
JG0139d	10	24165775	U:AC[T>G]AT	1	316843.0	1699049404
JG0139d	10	24267289	T:CC[T>C]TG	-1	101514.0	1699150918
JG0139d	10	24323760	U:AA[T>G]TT	1	56471.0	1699207389
JG0139d	10	24629338	T:GC[T>A]TA	1	305578.0	1699512967
JG0139d	10	24694123	T:CA[T>G]TC	1	64785.0	1699577752
JG0139d	10	25058755	U:GG[T>A]TT	-1	364632.0	1699942384
JG0139d	10	25137248	N:TA[C>A]CT	-1	78493.0	1700020877
JG0139d	10	25165409	N:AC[T>G]TC	1	28161.0	1700049038
JG0139d	10	25349647	T:CC[T>G]CA	-1	184238.0	1700233276
JG0139d	10	25475721	U:CC[T>G]TA	1	126074.0	1700359350
JG0139d	10	25670910	N:GA[T>G]TT	-1	195189.0	1700554539
JG0139d	10	25806023	N:GC[T>G]TT	-1	135113.0	1700689652
JG0139d	10	25866604	N:CC[T>G]CC	1	60581.0	1700750233
JG0139d	10	26021681	T:GC[T>G]GC	-1	155077.0	1700905310
JG0139d	10	26128021	T:AC[T>G]CT	-1	106340.0	1701011650
JG0139d	10	26246631	T:CC[T>G]TT	-1	118610.0	1701130260
JG0139d	10	26373208	N:CC[T>A]TT	1	126577.0	1701256837
JG0139d	10	26523686	T:CC[T>G]TG	-1	150478.0	1701407315
JG0139d	10	26589556	N:TG[T>G]TG	1	65870.0	1701473185
JG0139d	10	26731825	U:AC[T>C]CT	1	142269.0	1701615454
JG0139d	10	27116466	U:TC[T>C]CG	-1	384641.0	1702000095
JG0139d	10	27221237	U:AC[T>A]CT	-1	104771.0	1702104866
JG0139d	10	27551952	N:TC[T>C]CT	-1	330715.0	1702435581
JG0139d	10	27647068	N:CC[T>G]TT	-1	95116.0	1702530697
JG0139d	10	27723668	T:CC[T>C]TG	1	76600.0	1702607297
JG0139d	10	27782546	N:GG[T>G]TC	-1	58878.0	1702666175
JG0139d	10	28075049	T:AG[T>A]CA	1	292503.0	1702958678
JG0139d	10	28361545	N:GC[T>G]CA	1	286496.0	1703245174
JG0139d	10	28614440	T:TC[T>G]TT	-1	252895.0	1703498069
JG0139d	10	28724717	N:TC[T>G]TT	1	110277.0	1703608346
JG0139d	10	28875399	N:TT[T>G]TG	-1	150682.0	1703759028
JG0139d	10	28935928	N:TC[T>G]TC	1	60529.0	1703819557
JG0139d	10	28985484	N:GC[T>C]CA	-1	49556.0	1703869113
JG0139d	10	29398947	N:AA[T>G]TT	1	413463.0	1704282576
JG0139d	10	29409403	N:AC[T>C]GA	1	10456.0	1704293032
JG0139d	10	29803558	N:CC[T>C]TA	1	394155.0	1704687187
JG0139d	10	29904813	N:CC[T>G]TC	1	101255.0	1704788442
JG0139d	10	30091656	N:AG[T>G]TG	1	186843.0	1704975285
JG0139d	10	30221717	N:TC[T>G]TA	-1	130061.0	1705105346
JG0139d	10	30225421	N:GG[T>G]TA	-1	3704.0	1705109050
JG0139d	10	30339841	U:TC[T>C]TG	-1	114420.0	1705223470
JG0139d	10	30343896	T:CC[T>G]TC	1	4055.0	1705227525
JG0139d	10	30532335	N:CC[T>G]TG	1	188439.0	1705415964
JG0139d	10	30557101	N:CC[T>G]TG	-1	24766.0	1705440730
JG0139d	10	31109783	N:CC[T>C]CA	-1	552682.0	1705993412
JG0139d	10	31171577	N:AC[T>C]CC	-1	61794.0	1706055206
JG0139d	10	31200547	N:AT[T>G]CA	1	28970.0	1706084176
JG0139d	10	31329991	U:TG[T>G]TG	1	129444.0	1706213620
JG0139d	10	31744788	N:AC[T>C]TG	1	414797.0	1706628417
JG0139d	10	32078186	N:CC[T>G]TT	-1	333398.0	1706961815
JG0139d	10	32100834	N:TG[T>G]TC	-1	22648.0	1706984463
JG0139d	10	32191442	N:TC[T>G]AT	1	90608.0	1707075071
JG0139d	10	32234258	N:TC[T>C]GA	-1	42816.0	1707117887
JG0139d	10	32307827	U:AG[T>G]TT	-1	73569.0	1707191456
JG0139d	10	32511604	U:AC[T>C]TC	1	203777.0	1707395233
JG0139d	10	32712535	T:TG[T>C]TT	-1	200931.0	1707596164
JG0139d	10	33155161	N:TC[T>C]TG	-1	442626.0	1708038790
JG0139d	10	33323618	U:CC[T>C]TG	-1	168457.0	1708207247
JG0139d	10	33338589	N:TA[T>G]TA	-1	14971.0	1708222218
JG0139d	10	33649223	N:AC[T>A]CA	1	310634.0	1708532852
JG0139d	10	34136817	T:TC[T>G]TC	1	487594.0	1709020446
JG0139d	10	34864972	N:AC[T>C]TT	-1	728155.0	1709748601
JG0139d	10	35387831	U:TC[T>C]TT	1	522859.0	1710271460
JG0139d	10	35607902	T:GC[T>C]CC	-1	220071.0	1710491531
JG0139d	10	35901696	N:TC[T>G]TT	1	293794.0	1710785325
JG0139d	10	36327860	N:TC[T>G]TC	1	426164.0	1711211489
JG0139d	10	36621565	N:TG[T>A]TT	1	293705.0	1711505194
JG0139d	10	36644514	N:CC[T>A]CT	-1	22949.0	1711528143
JG0139d	10	36966480	N:TG[T>A]TC	1	321966.0	1711850109
JG0139d	10	37372211	U:CC[T>A]CC	1	405731.0	1712255840
JG0139d	10	37416954	N:TC[T>G]TT	1	44743.0	1712300583
JG0139d	10	37517949	N:AG[T>C]GG	-1	100995.0	1712401578
JG0139d	10	37575838	N:CC[T>C]TT	-1	57889.0	1712459467
JG0139d	10	37673837	N:TC[T>C]TT	1	97999.0	1712557466
JG0139d	10	38298729	N:CC[T>G]TT	1	624892.0	1713182358
JG0139d	10	38434734	N:GG[T>G]CC	-1	136005.0	1713318363
JG0139d	10	38661176	N:CC[T>C]TC	-1	226442.0	1713544805
JG0139d	10	38898670	N:TC[T>G]TT	-1	237494.0	1713782299
JG0139d	10	39276386	N:CC[T>C]CA	1	377716.0	1714160015
JG0139d	10	39541661	N:TC[T>C]GT	-1	265275.0	1714425290
JG0139d	10	39544444	N:TC[T>G]TT	1	2783.0	1714428073
JG0139d	10	39722208	N:TC[T>G]GA	-1	177764.0	1714605837
JG0139d	10	39813401	N:TC[T>C]CC	1	91193.0	1714697030
JG0139d	10	40013187	N:CG[T>G]TG	1	199786.0	1714896816
JG0139d	10	40091184	N:AC[T>C]CT	-1	77997.0	1714974813
JG0139d	10	40119583	N:AA[T>G]TC	-1	28399.0	1715003212
JG0139d	10	40123476	N:AC[T>C]CT	1	3893.0	1715007105
JG0139d	10	40273623	N:TC[T>G]TT	1	150147.0	1715157252
JG0139d	10	40320052	N:AC[T>C]CA	1	46429.0	1715203681
JG0139d	10	40381202	N:AT[T>G]TG	1	61150.0	1715264831
JG0139d	10	40557286	N:TG[T>G]TG	1	176084.0	1715440915
JG0139d	10	40848197	N:GG[T>G]CT	-1	290911.0	1715731826
JG0139d	10	41080208	N:GC[T>C]CT	-1	232011.0	1715963837
JG0139d	10	41208923	N:GC[T>C]CT	-1	128715.0	1716092552
JG0139d	10	41777161	N:TC[T>C]CA	1	568238.0	1716660790
JG0139d	10	41845655	N:CA[T>A]TG	-1	68494.0	1716729284
JG0139d	10	42196299	N:TC[T>C]CT	-1	350644.0	1717079928
JG0139d	10	42339761	N:GC[T>G]TT	-1	143462.0	1717223390
JG0139d	10	42675427	N:AC[T>G]AA	1	335666.0	1717559056
JG0139d	10	42844326	N:CC[T>C]CA	-1	168899.0	1717727955
JG0139d	10	42896289	N:TT[T>G]CC	-1	51963.0	1717779918
JG0139d	10	43021904	N:CC[T>A]CA	-1	125615.0	1717905533
JG0139d	10	43043656	N:CC[T>G]TC	-1	21752.0	1717927285
JG0139d	10	43149337	U:CC[T>C]CG	1	105681.0	1718032966
JG0139d	10	43171096	T:AC[T>G]CC	-1	21759.0	1718054725
JG0139d	10	43180735	U:GG[T>C]GG	1	9639.0	1718064364
JG0139d	10	43182647	T:AC[T>C]TG	-1	1912.0	1718066276
JG0139d	10	43186682	N:AG[T>C]TT	-1	4035.0	1718070311
JG0139d	10	43632711	N:GC[T>G]TG	1	446029.0	1718516340
JG0139d	10	43684790	N:CC[T>G]TT	1	52079.0	1718568419
JG0139d	10	43979849	N:CC[T>A]TG	-1	295059.0	1718863478
JG0139d	10	44156423	N:TG[T>C]CA	1	176574.0	1719040052
JG0139d	10	44389578	N:AC[T>G]TC	1	233155.0	1719273207
JG0139d	10	44747062	N:GC[T>A]CA	-1	357484.0	1719630691
JG0139d	10	45035401	N:AT[T>G]TT	1	288339.0	1719919030
JG0139d	10	45106713	N:TC[T>C]TT	1	71312.0	1719990342
JG0139d	10	45295863	N:TG[T>A]TG	-1	189150.0	1720179492
JG0139d	10	45647569	T:CC[T>C]TT	1	351706.0	1720531198
JG0139d	10	45909543	N:TC[T>C]CT	-1	261974.0	1720793172
JG0139d	10	46067487	N:AC[T>C]GA	-1	157944.0	1720951116
JG0139d	10	46288923	T:CC[T>G]TT	-1	221436.0	1721172552
JG0139d	10	46305905	U:AC[T>G]CC	1	16982.0	1721189534
JG0139d	10	46355755	N:AG[T>G]TT	-1	49850.0	1721239384
JG0139d	10	46444501	N:TG[T>G]TC	-1	88746.0	1721328130
JG0139d	10	46687907	N:CC[T>A]CA	1	243406.0	1721571536
JG0139d	10	46793139	N:TC[T>C]GG	1	105232.0	1721676768
JG0139d	10	46805082	N:TG[T>A]TG	-1	11943.0	1721688711
JG0139d	10	47478672	U:TG[T>C]GT	-1	673590.0	1722362301
JG0139d	10	47748829	N:AC[T>G]TC	-1	270157.0	1722632458
JG0139d	10	48520009	U:CC[T>G]CG	-1	771180.0	1723403638
JG0139d	10	48804344	T:TC[T>G]TC	-1	284335.0	1723687973
JG0139d	10	49082830	U:GC[T>G]TG	-1	278486.0	1723966459
JG0139d	10	49208763	N:CC[T>C]GG	1	125933.0	1724092392
JG0139d	10	49235844	N:GC[T>A]CA	1	27081.0	1724119473
JG0139d	10	49307533	U:CC[T>G]TT	1	71689.0	1724191162
JG0139d	10	49342050	N:CT[T>G]TT	-1	34517.0	1724225679
JG0139d	10	49411603	N:TG[T>G]TC	1	69553.0	1724295232
JG0139d	10	49429944	N:GC[T>C]TC	1	18341.0	1724313573
JG0139d	10	49488515	T:TC[T>G]TC	1	58571.0	1724372144
JG0139d	10	49781326	N:TG[T>C]TT	1	292811.0	1724664955
JG0139d	10	49967314	B:AC[T>C]TC	1	185988.0	1724850943
JG0139d	10	50061934	N:CC[T>C]TC	-1	94620.0	1724945563
JG0139d	10	50169998	N:TC[T>C]TA	-1	108064.0	1725053627
JG0139d	10	50285712	N:TC[T>G]TG	-1	115714.0	1725169341
JG0139d	10	50384499	T:CC[T>G]TC	1	98787.0	1725268128
JG0139d	10	50404136	U:GC[T>G]TT	-1	19637.0	1725287765
JG0139d	10	50559035	T:AG[T>C]CT	1	154899.0	1725442664
JG0139d	10	50685679	N:GC[T>C]TT	-1	126644.0	1725569308
JG0139d	10	51264399	T:TT[C>A]TG	-1	578720.0	1726148028
JG0139d	10	51384980	U:TC[T>G]TC	1	120581.0	1726268609
JG0139d	10	51806615	T:TC[T>G]GG	-1	421635.0	1726690244
JG0139d	10	52154619	U:TC[T>G]TT	1	348004.0	1727038248
JG0139d	10	52317029	U:AC[T>C]TA	1	162410.0	1727200658
JG0139d	10	52375286	N:AC[T>C]CC	1	58257.0	1727258915
JG0139d	10	52453075	N:AG[C>A]TT	1	77789.0	1727336704
JG0139d	10	52557762	N:TG[T>G]TT	1	104687.0	1727441391
JG0139d	10	52596650	N:TT[T>G]TT	-1	38888.0	1727480279
JG0139d	10	52830031	N:CC[T>G]TT	-1	233381.0	1727713660
JG0139d	10	52966228	N:CC[T>C]CC	1	136197.0	1727849857
JG0139d	10	53149161	N:CC[T>G]TC	-1	182933.0	1728032790
JG0139d	10	53395896	N:CC[T>C]GG	-1	246735.0	1728279525
JG0139d	10	53422884	N:TC[T>G]CA	1	26988.0	1728306513
JG0139d	10	53736436	N:TC[T>C]TG	-1	313552.0	1728620065
JG0139d	10	53780839	N:CC[T>C]GT	1	44403.0	1728664468
JG0139d	10	53808635	U:CC[T>G]TC	-1	27796.0	1728692264
JG0139d	10	53960883	U:AC[T>C]TA	-1	152248.0	1728844512
JG0139d	10	54004631	U:TT[T>G]TA	-1	43748.0	1728888260
JG0139d	10	54284835	U:CC[T>C]GA	-1	280204.0	1729168464
JG0139d	10	54350547	U:TC[T>C]CT	-1	65712.0	1729234176
JG0139d	10	54443697	T:TG[T>G]TA	1	93150.0	1729327326
JG0139d	10	54530660	T:GC[T>G]TA	1	86963.0	1729414289
JG0139d	10	54716011	T:AC[T>C]CT	1	185351.0	1729599640
JG0139d	10	54753561	T:TC[T>C]TA	1	37550.0	1729637190
JG0139d	10	54977760	T:TC[T>A]CT	1	224199.0	1729861389
JG0139d	10	55048230	T:AC[T>G]TC	1	70470.0	1729931859
JG0139d	10	55537011	U:GC[T>A]CA	-1	488781.0	1730420640
JG0139d	10	55605516	U:AT[T>G]TG	-1	68505.0	1730489145
JG0139d	10	55749857	N:AC[T>C]CT	-1	144341.0	1730633486
JG0139d	10	55912624	N:AC[T>G]TC	1	162767.0	1730796253
JG0139d	10	56260617	N:AC[T>G]TA	1	347993.0	1731144246
JG0139d	10	56354913	N:AT[T>G]TT	-1	94296.0	1731238542
JG0139d	10	56399195	N:TG[T>G]TA	-1	44282.0	1731282824
JG0139d	10	56590216	N:GC[T>C]TT	1	191021.0	1731473845
JG0139d	10	56780577	N:CC[T>A]TA	1	190361.0	1731664206
JG0139d	10	56889003	N:TG[T>G]TG	-1	108426.0	1731772632
JG0139d	10	57322458	N:CC[T>A]TA	1	433455.0	1732206087
JG0139d	10	57425737	N:TC[T>G]TT	-1	103279.0	1732309366
JG0139d	10	57690536	N:CC[T>A]TT	1	264799.0	1732574165
JG0139d	10	58043121	N:AC[T>C]TA	1	352585.0	1732926750
JG0139d	10	58299822	N:CA[T>A]TC	-1	256701.0	1733183451
JG0139d	10	58488792	N:GC[T>C]TA	1	188970.0	1733372421
JG0139d	10	58584096	T:TG[T>C]GT	-1	95304.0	1733467725
JG0139d	10	58615408	U:GC[T>A]CC	1	31312.0	1733499037
JG0139d	10	58860902	N:TC[T>C]CT	1	245494.0	1733744531
JG0139d	10	59605431	N:TC[T>A]TT	1	744529.0	1734489060
JG0139d	10	60152553	T:AC[T>A]AA	1	547122.0	1735036182
JG0139d	10	60222134	T:TC[T>C]AG	1	69581.0	1735105763
JG0139d	10	60287104	T:GG[T>C]CT	1	64970.0	1735170733
JG0139d	10	60653180	T:TC[T>G]TG	1	366076.0	1735536809
JG0139d	10	60740654	N:TC[T>C]CC	1	87474.0	1735624283
JG0139d	10	60834992	N:AC[T>A]TT	-1	94338.0	1735718621
JG0139d	10	60887934	U:GA[T>G]TT	-1	52942.0	1735771563
JG0139d	10	60962969	T:TG[T>G]TA	1	75035.0	1735846598
JG0139d	10	61022391	N:TC[T>G]TT	1	59422.0	1735906020
JG0139d	10	61051287	N:TC[T>G]CA	-1	28896.0	1735934916
JG0139d	10	61074546	N:AT[T>A]TA	1	23259.0	1735958175
JG0139d	10	61204443	N:TG[T>A]TG	-1	129897.0	1736088072
JG0139d	10	61311011	N:TG[T>G]TA	1	106568.0	1736194640
JG0139d	10	61628655	N:TC[T>A]TC	-1	317644.0	1736512284
JG0139d	10	61692993	T:TC[T>G]TT	-1	64338.0	1736576622
JG0139d	10	61953684	T:GC[T>G]TT	-1	260691.0	1736837313
JG0139d	10	62046264	T:GC[T>G]TT	-1	92580.0	1736929893
JG0139d	10	62119422	N:CA[T>G]TA	1	73158.0	1737003051
JG0139d	10	62426735	T:GC[T>G]TA	-1	307313.0	1737310364
JG0139d	10	62735966	N:TG[T>A]TT	1	309231.0	1737619595
JG0139d	10	63240820	U:CC[T>C]CT	-1	504854.0	1738124449
JG0139d	10	63342374	U:TC[T>C]CT	-1	101554.0	1738226003
JG0139d	10	63374539	U:TC[T>C]CC	-1	32165.0	1738258168
JG0139d	10	63731976	N:TC[T>A]TT	-1	357437.0	1738615605
JG0139d	10	63896652	N:AC[T>C]TT	-1	164676.0	1738780281
JG0139d	10	64059209	N:CC[T>G]TG	-1	162557.0	1738942838
JG0139d	10	64351641	N:GG[T>C]AA	1	292432.0	1739235270
JG0139d	10	64358810	N:AT[T>G]TG	-1	7169.0	1739242439
JG0139d	10	64828558	N:CC[T>G]TT	-1	469748.0	1739712187
JG0139d	10	64909534	N:CC[T>C]TC	-1	80976.0	1739793163
JG0139d	10	64935803	N:GC[T>G]TT	1	26269.0	1739819432
JG0139d	10	65039999	N:AG[T>A]TA	1	104196.0	1739923628
JG0139d	10	65227154	N:GC[T>C]TT	1	187155.0	1740110783
JG0139d	10	65368166	N:TC[T>G]TC	1	141012.0	1740251795
JG0139d	10	65428559	N:AC[T>C]CA	-1	60393.0	1740312188
JG0139d	10	65592291	N:CC[T>G]TT	1	163732.0	1740475920
JG0139d	10	65741435	N:CC[T>G]TA	1	149144.0	1740625064
JG0139d	10	66325172	T:AC[T>C]TA	1	583737.0	1741208801
JG0139d	10	66433314	T:TG[T>G]TT	1	108142.0	1741316943
JG0139d	10	66511645	T:TG[T>G]TT	1	78331.0	1741395274
JG0139d	10	66592046	U:AC[T>C]AT	-1	80401.0	1741475675
JG0139d	10	66680427	U:TC[T>G]TT	-1	88381.0	1741564056
JG0139d	10	66796007	T:TC[T>C]TT	1	115580.0	1741679636
JG0139d	10	66993657	B:AC[T>G]CA	-1	197650.0	1741877286
JG0139d	10	67035605	B:TC[T>C]CT	-1	41948.0	1741919234
JG0139d	10	67044313	B:CC[T>G]TC	-1	8708.0	1741927942
JG0139d	10	67088909	B:TC[T>G]TG	-1	44596.0	1741972538
JG0139d	10	67347580	U:AC[T>C]CA	-1	258671.0	1742231209
JG0139d	10	67521662	U:CC[T>G]TG	-1	174082.0	1742405291
JG0139d	10	68066787	U:AC[T>G]TA	-1	545125.0	1742950416
JG0139d	10	68276713	N:TG[C>A]TA	-1	209926.0	1743160342
JG0139d	10	68309636	T:CC[T>C]GC	1	32923.0	1743193265
JG0139d	10	68622378	U:TG[C>A]CT	1	312742.0	1743506007
JG0139d	10	69076626	N:GG[T>G]TT	-1	454248.0	1743960255
JG0139d	10	69154140	U:AC[T>C]TA	1	77514.0	1744037769
JG0139d	10	69287326	U:AC[T>C]CA	1	133186.0	1744170955
JG0139d	10	69784449	N:TC[T>G]TT	1	497123.0	1744668078
JG0139d	10	69792709	N:AC[T>G]TG	1	8260.0	1744676338
JG0139d	10	69872041	T:CC[T>C]TG	-1	79332.0	1744755670
JG0139d	10	70135114	N:AC[T>C]GC	1	263073.0	1745018743
JG0139d	10	70370813	U:AC[T>C]CC	-1	235699.0	1745254442
JG0139d	10	71144770	N:TC[T>C]CC	1	773957.0	1746028399
JG0139d	10	71167142	N:GT[T>G]TA	1	22372.0	1746050771
JG0139d	10	71205718	N:AA[T>G]TG	1	38576.0	1746089347
JG0139d	10	71378920	N:GA[T>C]CC	-1	173202.0	1746262549
JG0139d	10	71505477	U:AC[T>A]CG	1	126557.0	1746389106
JG0139d	10	71521047	U:GC[T>G]CT	1	15570.0	1746404676
JG0139d	10	71555961	T:CC[T>G]TC	-1	34914.0	1746439590
JG0139d	10	71691252	T:TC[T>A]TG	-1	135291.0	1746574881
JG0139d	10	71977658	T:GC[T>C]CC	-1	286406.0	1746861287
JG0139d	10	71978458	U:GC[T>G]TC	1	800.0	1746862087
JG0139d	10	72041795	N:CC[T>C]CG	-1	63337.0	1746925424
JG0139d	10	72312070	N:GC[T>C]CC	1	270275.0	1747195699
JG0139d	10	72402184	U:TG[T>A]TT	-1	90114.0	1747285813
JG0139d	10	72425890	U:CC[T>G]TG	-1	23706.0	1747309519
JG0139d	10	72874963	T:GC[T>C]TA	-1	449073.0	1747758592
JG0139d	10	72902660	T:TC[T>G]TC	-1	27697.0	1747786289
JG0139d	10	73433375	U:CC[T>G]TC	-1	530715.0	1748317004
JG0139d	10	73700295	N:AC[T>C]TT	1	266920.0	1748583924
JG0139d	10	73732867	N:CC[T>A]CC	-1	32572.0	1748616496
JG0139d	10	74149713	T:CC[T>G]TT	1	416846.0	1749033342
JG0139d	10	74211878	T:AC[T>A]TT	-1	62165.0	1749095507
JG0139d	10	74263698	U:GC[T>C]TA	1	51820.0	1749147327
JG0139d	10	74425310	T:CC[T>A]CT	-1	161612.0	1749308939
JG0139d	10	74462210	U:CA[T>G]TA	1	36900.0	1749345839
JG0139d	10	74476481	T:TT[T>C]TG	-1	14271.0	1749360110
JG0139d	10	74700475	U:CC[T>A]CA	1	223994.0	1749584104
JG0139d	10	74828967	U:AC[T>G]TC	1	128492.0	1749712596
JG0139d	10	75021793	T:AG[T>G]CG	-1	192826.0	1749905422
JG0139d	10	75573399	U:TC[T>G]TT	1	551606.0	1750457028
JG0139d	10	75703346	T:AG[T>G]TA	-1	129947.0	1750586975
JG0139d	10	76041030	T:AC[T>G]TT	-1	337684.0	1750924659
JG0139d	10	76306180	T:TG[T>A]TG	-1	265150.0	1751189809
JG0139d	10	76321862	U:GC[T>G]TG	1	15682.0	1751205491
JG0139d	10	76324976	U:TA[T>G]TA	1	3114.0	1751208605
JG0139d	10	76325196	T:GC[T>C]GC	-1	220.0	1751208825
JG0139d	10	76442466	T:TC[T>G]TC	-1	117270.0	1751326095
JG0139d	10	76725971	N:AA[T>G]TT	1	283505.0	1751609600
JG0139d	10	77110516	U:GC[T>A]CA	-1	384545.0	1751994145
JG0139d	10	77415473	T:GC[T>C]CA	1	304957.0	1752299102
JG0139d	10	77499029	U:CC[T>C]CA	-1	83556.0	1752382658
JG0139d	10	77606906	T:CC[T>G]TG	1	107877.0	1752490535
JG0139d	10	78065391	N:TC[T>A]CC	1	458485.0	1752949020
JG0139d	10	78220905	N:GG[T>C]CT	-1	155514.0	1753104534
JG0139d	10	78262884	N:AG[T>A]GG	-1	41979.0	1753146513
JG0139d	10	78350695	N:CC[T>G]TT	1	87811.0	1753234324
JG0139d	10	78419766	N:AC[T>G]CT	-1	69071.0	1753303395
JG0139d	10	78617726	N:CC[C>T]TG	1	197960.0	1753501355
JG0139d	10	78710732	N:AG[T>C]CC	-1	93006.0	1753594361
JG0139d	10	78775074	N:GC[T>G]TC	1	64342.0	1753658703
JG0139d	10	78813979	N:CC[T>G]TA	1	38905.0	1753697608
JG0139d	10	78858155	N:TC[T>C]TT	1	44176.0	1753741784
JG0139d	10	78951526	N:GC[T>A]TG	-1	93371.0	1753835155
JG0139d	10	79109432	U:TG[T>C]CA	1	157906.0	1753993061
JG0139d	10	79972907	U:CC[T>C]TG	-1	863475.0	1754856536
JG0139d	10	80123708	N:TC[T>A]CT	1	150801.0	1755007337
JG0139d	10	80242956	N:TC[T>G]TA	-1	119248.0	1755126585
JG0139d	10	80466148	U:CC[T>G]TT	1	223192.0	1755349777
JG0139d	10	80828058	N:GC[T>A]CT	1	361910.0	1755711687
JG0139d	10	81041991	N:GC[T>G]TT	-1	213933.0	1755925620
JG0139d	10	81115344	N:AC[T>C]CT	1	73353.0	1755998973
JG0139d	10	81260810	N:TC[T>C]TT	1	145466.0	1756144439
JG0139d	10	81520292	N:GC[T>C]TG	-1	259482.0	1756403921
JG0139d	10	81753210	N:AG[T>G]TC	-1	232918.0	1756636839
JG0139d	10	82263113	U:GG[T>G]TT	1	509903.0	1757146742
JG0139d	10	82506155	T:TC[T>G]TG	-1	243042.0	1757389784
JG0139d	10	82554995	U:CC[T>C]TC	1	48840.0	1757438624
JG0139d	10	82641271	T:AG[T>G]TT	-1	86276.0	1757524900
JG0139d	10	82647869	T:AT[T>C]TA	-1	6598.0	1757531498
JG0139d	10	82665168	U:TC[T>G]TC	1	17299.0	1757548797
JG0139d	10	82781773	U:AC[T>A]CC	1	116605.0	1757665402
JG0139d	10	82781944	U:TC[T>C]AC	1	171.0	1757665573
JG0139d	10	83068010	N:GC[T>C]TC	-1	286066.0	1757951639
JG0139d	10	83185172	N:TA[C>A]TG	1	117162.0	1758068801
JG0139d	10	83368278	N:CC[T>A]CC	1	183106.0	1758251907
JG0139d	10	83937795	N:TG[T>C]CA	-1	569517.0	1758821424
JG0139d	10	84212030	T:CC[T>C]TG	-1	274235.0	1759095659
JG0139d	10	84266847	N:AC[T>C]TG	1	54817.0	1759150476
JG0139d	10	85092292	N:GC[T>G]TC	-1	825445.0	1759975921
JG0139d	10	85294859	N:GG[T>G]TT	-1	202567.0	1760178488
JG0139d	10	85643779	T:GC[T>C]TG	1	348920.0	1760527408
JG0139d	10	86099783	T:AG[T>C]CT	1	456004.0	1760983412
JG0139d	10	86310347	T:AC[T>A]GA	1	210564.0	1761193976
JG0139d	10	86411420	N:TC[T>C]CT	-1	101073.0	1761295049
JG0139d	10	86470837	T:GC[T>C]TC	1	59417.0	1761354466
JG0139d	10	86641875	N:CC[T>C]TT	-1	171038.0	1761525504
JG0139d	10	86891502	U:CA[T>C]AC	1	249627.0	1761775131
JG0139d	10	86956574	U:AC[T>G]TC	-1	65072.0	1761840203
JG0139d	10	87053646	U:TC[T>C]TA	-1	97072.0	1761937275
JG0139d	10	87772239	U:AC[T>G]TT	-1	718593.0	1762655868
JG0139d	10	88341050	T:GA[T>G]TC	1	568811.0	1763224679
JG0139d	10	88614736	N:TC[T>G]TC	-1	273686.0	1763498365
JG0139d	10	88927151	T:TC[T>G]CA	-1	312415.0	1763810780
JG0139d	10	88936951	B:TC[T>G]CT	-1	9800.0	1763820580
JG0139d	10	89230460	U:TG[T>C]TG	-1	293509.0	1764114089
JG0139d	10	90054258	N:GC[T>C]TC	1	823798.0	1764937887
JG0139d	10	90085043	N:CC[T>G]CC	-1	30785.0	1764968672
JG0139d	10	90089225	N:TC[T>C]TT	-1	4182.0	1764972854
JG0139d	10	90150884	N:TC[T>A]TA	1	61659.0	1765034513
JG0139d	10	90451658	N:TT[C>T]CT	-1	300774.0	1765335287
JG0139d	10	90578559	N:GG[T>G]TT	-1	126901.0	1765462188
JG0139d	10	90700497	N:TC[T>G]TA	-1	121938.0	1765584126
JG0139d	10	90902869	U:CC[T>C]TG	1	202372.0	1765786498
JG0139d	10	91027972	N:CC[T>G]CT	-1	125103.0	1765911601
JG0139d	10	91168605	T:CC[T>A]CA	-1	140633.0	1766052234
JG0139d	10	91249350	T:GC[T>G]CA	-1	80745.0	1766132979
JG0139d	10	91435416	T:CC[T>C]GC	-1	186066.0	1766319045
JG0139d	10	91660484	N:TC[T>C]TC	1	225068.0	1766544113
JG0139d	10	91822288	U:CT[C>A]AT	1	161804.0	1766705917
JG0139d	10	91884335	N:TC[T>G]TT	1	62047.0	1766767964
JG0139d	10	92191521	U:TG[T>G]CA	-1	307186.0	1767075150
JG0139d	10	92307326	U:GC[T>C]TT	1	115805.0	1767190955
JG0139d	10	92626414	T:TC[T>G]TG	-1	319088.0	1767510043
JG0139d	10	92869238	T:AC[T>A]TA	-1	242824.0	1767752867
JG0139d	10	93028533	U:TG[T>G]TC	1	159295.0	1767912162
JG0139d	10	93049695	U:CC[T>A]CA	1	21162.0	1767933324
JG0139d	10	93205990	N:AT[T>G]TG	1	156295.0	1768089619
JG0139d	10	93566982	U:TC[T>G]TC	1	360992.0	1768450611
JG0139d	10	93627467	T:AG[T>C]CA	-1	60485.0	1768511096
JG0139d	10	93903481	U:TC[T>C]CA	1	276014.0	1768787110
JG0139d	10	94771195	U:GC[T>G]TG	1	867714.0	1769654824
JG0139d	10	94816086	U:GC[T>C]TA	1	44891.0	1769699715
JG0139d	10	95208954	T:TT[T>G]TT	-1	392868.0	1770092583
JG0139d	10	95373339	T:TC[T>C]TT	1	164385.0	1770256968
JG0139d	10	95478022	U:AA[C>A]TC	-1	104683.0	1770361651
JG0139d	10	95520677	U:GG[T>G]TT	-1	42655.0	1770404306
JG0139d	10	95824881	T:AC[T>C]GC	-1	304204.0	1770708510
JG0139d	10	96290079	N:AC[T>A]CA	-1	465198.0	1771173708
JG0139d	10	96733454	N:TC[T>C]TT	1	443375.0	1771617083
JG0139d	10	96773686	N:CC[T>C]GA	-1	40232.0	1771657315
JG0139d	10	97083304	T:AC[T>G]TT	1	309618.0	1771966933
JG0139d	10	97151121	T:CC[T>C]CC	1	67817.0	1772034750
JG0139d	10	97171736	T:GC[T>G]TG	1	20615.0	1772055365
JG0139d	10	97972209	U:TC[T>G]GG	-1	800473.0	1772855838
JG0139d	10	98214945	U:TC[T>C]GG	1	242736.0	1773098574
JG0139d	10	98418302	U:CC[T>G]TG	-1	203357.0	1773301931
JG0139d	10	98844262	U:CC[T>A]TC	-1	425960.0	1773727891
JG0139d	10	99154512	U:AC[T>G]TA	-1	310250.0	1774038141
JG0139d	10	99383368	T:AC[T>C]CA	-1	228856.0	1774266997
JG0139d	10	99426792	U:AG[T>G]TT	-1	43424.0	1774310421
JG0139d	10	99555822	N:GC[T>G]TT	-1	129030.0	1774439451
JG0139d	10	99557644	N:TG[T>A]CG	-1	1822.0	1774441273
JG0139d	10	100032482	N:CC[T>G]TC	1	474838.0	1774916111
JG0139d	10	100145137	N:AC[T>C]GC	-1	112655.0	1775028766
JG0139d	10	100382812	N:TC[T>G]TT	-1	237675.0	1775266441
JG0139d	10	100502824	U:AC[T>G]TT	-1	120012.0	1775386453
JG0139d	10	100540249	T:GC[T>G]TA	-1	37425.0	1775423878
JG0139d	10	100816843	T:CC[T>G]CC	-1	276594.0	1775700472
JG0139d	10	101184607	N:TC[T>C]TA	-1	367764.0	1776068236
JG0139d	10	101482621	U:TC[T>C]CC	1	298014.0	1776366250
JG0139d	10	101495064	U:TG[T>G]TT	1	12443.0	1776378693
JG0139d	10	101663566	U:CC[T>A]CC	-1	168502.0	1776547195
JG0139d	10	101750762	N:TC[T>C]AG	-1	87196.0	1776634391
JG0139d	10	101778232	T:GC[T>G]TT	1	27470.0	1776661861
JG0139d	10	101825679	N:AC[T>G]TG	1	47447.0	1776709308
JG0139d	10	101833102	T:CC[T>G]TC	1	7423.0	1776716731
JG0139d	10	102504271	T:AC[T>C]CT	-1	671169.0	1777387900
JG0139d	10	103038464	T:AC[T>C]CA	-1	534193.0	1777922093
JG0139d	10	103227137	N:GG[T>C]TA	-1	188673.0	1778110766
JG0139d	10	103389360	T:TG[T>G]TG	1	162223.0	1778272989
JG0139d	10	103533453	U:CC[T>A]CT	1	144093.0	1778417082
JG0139d	10	103688038	T:AC[T>G]TC	1	154585.0	1778571667
JG0139d	10	103823130	T:TG[T>G]TC	1	135092.0	1778706759
JG0139d	10	103906707	U:TC[T>A]TT	-1	83577.0	1778790336
JG0139d	10	103911050	U:GG[T>G]TT	-1	4343.0	1778794679
JG0139d	10	103923709	N:TG[T>A]CA	1	12659.0	1778807338
JG0139d	10	104050094	U:CC[T>G]CA	-1	126385.0	1778933723
JG0139d	10	104289122	T:CC[T>C]GT	-1	239028.0	1779172751
JG0139d	10	104394531	U:AA[T>G]TT	1	105409.0	1779278160
JG0139d	10	104554904	N:CC[T>C]GA	1	160373.0	1779438533
JG0139d	10	104557517	N:TG[T>G]TC	-1	2613.0	1779441146
JG0139d	10	104593763	N:TC[T>G]TT	1	36246.0	1779477392
JG0139d	10	104640648	N:AC[T>C]CT	-1	46885.0	1779524277
JG0139d	10	104807118	U:CC[T>G]TG	1	166470.0	1779690747
JG0139d	10	105143357	U:AC[T>G]TT	1	336239.0	1780026986
JG0139d	10	105224040	T:GG[T>C]GG	-1	80683.0	1780107669
JG0139d	10	105315641	N:TC[T>C]CT	-1	91601.0	1780199270
JG0139d	10	105349755	N:GC[T>G]TT	1	34114.0	1780233384
JG0139d	10	105718901	N:AG[T>G]TT	-1	369146.0	1780602530
JG0139d	10	106192376	N:TC[T>C]CC	1	473475.0	1781076005
JG0139d	10	106282665	N:TG[T>C]CT	1	90289.0	1781166294
JG0139d	10	106302608	N:AG[C>A]TT	1	19943.0	1781186237
JG0139d	10	106313663	N:AC[T>G]TA	1	11055.0	1781197292
JG0139d	10	106441133	N:GC[T>C]TT	1	127470.0	1781324762
JG0139d	10	106528999	N:CA[T>G]AC	-1	87866.0	1781412628
JG0139d	10	106590342	T:GC[T>G]CA	1	61343.0	1781473971
JG0139d	10	106713135	U:GC[T>A]CC	-1	122793.0	1781596764
JG0139d	10	106768499	U:CC[T>G]TA	-1	55364.0	1781652128
JG0139d	10	106853227	T:AC[T>G]TC	1	84728.0	1781736856
JG0139d	10	107175441	N:TC[T>A]TT	1	322214.0	1782059070
JG0139d	10	107193768	N:CC[T>C]TC	-1	18327.0	1782077397
JG0139d	10	107321591	N:TC[T>C]TC	-1	127823.0	1782205220
JG0139d	10	107333859	N:TC[T>A]TA	1	12268.0	1782217488
JG0139d	10	107486279	N:AC[T>C]TA	-1	152420.0	1782369908
JG0139d	10	108495087	N:TC[T>G]TT	-1	1008808.0	1783378716
JG0139d	10	108821269	N:TC[T>G]TA	-1	326182.0	1783704898
JG0139d	10	109178021	N:GC[T>C]TA	1	356752.0	1784061650
JG0139d	10	109299858	N:GC[T>G]TT	-1	121837.0	1784183487
JG0139d	10	109588715	N:AC[T>C]CC	-1	288857.0	1784472344
JG0139d	10	109646774	N:TC[T>C]TA	1	58059.0	1784530403
JG0139d	10	109846960	N:TC[T>G]TC	-1	200186.0	1784730589
JG0139d	10	109878691	T:AT[C>A]AG	1	31731.0	1784762320
JG0139d	10	109920729	U:TC[T>G]TC	-1	42038.0	1784804358
JG0139d	10	110019362	U:TT[T>G]TT	1	98633.0	1784902991
JG0139d	10	110103909	T:TG[T>C]GG	-1	84547.0	1784987538
JG0139d	10	110237380	T:TC[T>A]TA	-1	133471.0	1785121009
JG0139d	10	110443265	N:CC[T>C]AG	-1	205885.0	1785326894
JG0139d	10	110774063	U:CC[T>G]TC	1	330798.0	1785657692
JG0139d	10	110821300	T:CC[T>G]CA	-1	47237.0	1785704929
JG0139d	10	110839748	N:GC[T>C]TT	1	18448.0	1785723377
JG0139d	10	111162340	N:CC[T>C]AT	1	322592.0	1786045969
JG0139d	10	111246576	N:CC[T>C]CA	-1	84236.0	1786130205
JG0139d	10	111424788	N:TC[T>G]CC	-1	178212.0	1786308417
JG0139d	10	111488690	N:TC[T>C]GG	1	63902.0	1786372319
JG0139d	10	111549610	N:CC[T>G]TG	-1	60920.0	1786433239
JG0139d	10	111732518	N:CC[T>C]CA	1	182908.0	1786616147
JG0139d	10	111752637	N:AG[T>G]TA	-1	20119.0	1786636266
JG0139d	10	112074349	N:AC[T>C]CA	1	321712.0	1786957978
JG0139d	10	112125250	N:AC[T>C]TA	-1	50901.0	1787008879
JG0139d	10	112205436	N:GG[T>G]TA	-1	80186.0	1787089065
JG0139d	10	112207572	N:TA[T>G]TA	-1	2136.0	1787091201
JG0139d	10	112416610	U:AC[T>C]TT	1	209038.0	1787300239
JG0139d	10	113173980	N:GC[T>C]TG	1	757370.0	1788057609
JG0139d	10	113295581	N:GC[T>C]CC	1	121601.0	1788179210
JG0139d	10	113387277	N:CC[T>A]CC	1	91696.0	1788270906
JG0139d	10	113613981	U:CC[T>G]TA	-1	226704.0	1788497610
JG0139d	10	114020929	N:AC[T>C]CA	-1	406948.0	1788904558
JG0139d	10	114223159	U:AC[T>A]TG	1	202230.0	1789106788
JG0139d	10	114439150	U:TC[T>A]CA	-1	215991.0	1789322779
JG0139d	10	114575945	U:AG[T>G]GG	-1	136795.0	1789459574
JG0139d	10	114830794	T:AC[T>C]TA	-1	254849.0	1789714423
JG0139d	10	114940427	T:CC[T>A]TC	-1	109633.0	1789824056
JG0139d	10	115129019	T:AC[T>G]TA	-1	188592.0	1790012648
JG0139d	10	115959801	N:GC[T>G]CT	1	830782.0	1790843430
JG0139d	10	115969172	N:AG[T>C]TC	-1	9371.0	1790852801
JG0139d	10	116179610	U:TC[T>G]CC	-1	210438.0	1791063239
JG0139d	10	116268024	U:GC[T>G]TG	-1	88414.0	1791151653
JG0139d	10	116488320	N:TG[T>C]GG	-1	220296.0	1791371949
JG0139d	10	116543019	N:TG[T>G]TA	1	54699.0	1791426648
JG0139d	10	116591739	T:AT[T>G]TG	-1	48720.0	1791475368
JG0139d	10	116749786	T:CC[T>C]GG	1	158047.0	1791633415
JG0139d	10	116972402	T:TA[T>G]TC	1	222616.0	1791856031
JG0139d	10	117010934	U:CC[T>G]TT	-1	38532.0	1791894563
JG0139d	10	117050836	T:AC[T>G]TG	1	39902.0	1791934465
JG0139d	10	117192123	N:CG[T>G]GG	-1	141287.0	1792075752
JG0139d	10	117285435	U:GC[T>C]TA	-1	93312.0	1792169064
JG0139d	10	117592763	N:TC[T>C]GC	1	307328.0	1792476392
JG0139d	10	117686933	N:TC[C>A]TG	-1	94170.0	1792570562
JG0139d	10	117951973	N:TA[T>G]TA	1	265040.0	1792835602
JG0139d	10	118083483	N:AC[T>C]CT	-1	131510.0	1792967112
JG0139d	10	118278152	N:AC[T>G]TT	-1	194669.0	1793161781
JG0139d	10	119075019	T:TG[T>C]CG	1	796867.0	1793958648
JG0139d	10	119212338	U:GC[T>C]TA	1	137319.0	1794095967
JG0139d	10	119271561	U:CC[T>C]TG	1	59223.0	1794155190
JG0139d	10	119653788	T:CC[T>C]GT	-1	382227.0	1794537417
JG0139d	10	119748823	U:GC[T>G]TC	1	95035.0	1794632452
JG0139d	10	119849413	U:CC[T>G]TT	-1	100590.0	1794733042
JG0139d	10	120789694	N:GC[T>G]TG	-1	940281.0	1795673323
JG0139d	10	120817790	N:TC[T>G]TT	1	28096.0	1795701419
JG0139d	10	120945270	N:TC[T>C]CA	1	127480.0	1795828899
JG0139d	10	120989014	N:CC[T>G]TC	-1	43744.0	1795872643
JG0139d	10	120993669	N:AG[T>G]CC	1	4655.0	1795877298
JG0139d	10	121148155	N:TC[T>G]TG	1	154486.0	1796031784
JG0139d	10	121546860	U:AC[T>G]TC	-1	398705.0	1796430489
JG0139d	10	121904381	T:TG[C>T]CT	1	357521.0	1796788010
JG0139d	10	122148789	U:CC[T>A]CC	1	244408.0	1797032418
JG0139d	10	122152617	U:GC[T>G]TC	1	3828.0	1797036246
JG0139d	10	122255245	N:CC[T>A]CT	1	102628.0	1797138874
JG0139d	10	122542196	N:TT[T>G]TA	1	286951.0	1797425825
JG0139d	10	122670478	N:TG[T>C]GA	-1	128282.0	1797554107
JG0139d	10	122733139	N:CC[T>G]TG	1	62661.0	1797616768
JG0139d	10	122935346	U:AC[T>C]TA	-1	202207.0	1797818975
JG0139d	10	123086371	N:AC[T>C]CA	-1	151025.0	1797970000
JG0139d	10	123158263	U:TC[T>C]GA	1	71892.0	1798041892
JG0139d	10	123221130	N:GC[T>A]TG	1	62867.0	1798104759
JG0139d	10	123328707	N:GC[T>G]TT	1	107577.0	1798212336
JG0139d	10	123417357	N:TA[T>G]TC	1	88650.0	1798300986
JG0139d	10	123712466	N:AC[T>G]TG	-1	295109.0	1798596095
JG0139d	10	123940742	N:TC[T>A]TG	-1	228276.0	1798824371
JG0139d	10	123984884	N:AC[T>G]TA	1	44142.0	1798868513
JG0139d	10	123989873	N:GC[T>C]CT	1	4989.0	1798873502
JG0139d	10	124030672	T:TC[T>G]GT	1	40799.0	1798914301
JG0139d	10	124102976	N:TG[T>C]CT	-1	72304.0	1798986605
JG0139d	10	124130457	N:GC[T>C]GT	1	27481.0	1799014086
JG0139d	10	124289152	N:TA[T>G]TC	-1	158695.0	1799172781
JG0139d	10	124542204	U:CT[T>A]CA	1	253052.0	1799425833
JG0139d	10	125074671	U:AC[T>G]TA	-1	532467.0	1799958300
JG0139d	10	125359671	N:CC[T>C]TC	1	285000.0	1800243300
JG0139d	10	125514153	N:TC[T>G]TT	-1	154482.0	1800397782
JG0139d	10	125695819	N:CC[T>C]TC	-1	181666.0	1800579448
JG0139d	10	125842634	T:TC[T>G]TG	-1	146815.0	1800726263
JG0139d	10	126270272	T:AC[T>A]GC	1	427638.0	1801153901
JG0139d	10	126353995	U:TC[T>C]CA	-1	83723.0	1801237624
JG0139d	10	126564788	T:TC[T>G]TT	1	210793.0	1801448417
JG0139d	10	126569396	T:CC[T>G]TA	1	4608.0	1801453025
JG0139d	10	127522115	N:AC[T>C]TT	1	952719.0	1802405744
JG0139d	10	127681599	N:CC[T>G]TG	1	159484.0	1802565228
JG0139d	10	127701909	N:CC[T>C]CG	-1	20310.0	1802585538
JG0139d	10	127942251	T:AG[T>G]TT	-1	240342.0	1802825880
JG0139d	10	128046424	U:CC[T>G]TC	1	104173.0	1802930053
JG0139d	10	128628609	N:TC[T>A]CA	-1	582185.0	1803512238
JG0139d	10	129260007	N:TG[T>G]TT	1	631398.0	1804143636
JG0139d	10	129273072	N:GC[T>C]CT	1	13065.0	1804156701
JG0139d	10	129361896	N:GC[T>A]GG	-1	88824.0	1804245525
JG0139d	10	129556688	U:CG[T>G]TC	1	194792.0	1804440317
JG0139d	10	129700226	U:CG[T>C]TT	1	143538.0	1804583855
JG0139d	10	129821981	N:AC[T>C]CA	1	121755.0	1804705610
JG0139d	10	129856774	T:AC[T>G]TT	1	34793.0	1804740403
JG0139d	10	129896275	T:CC[T>C]CA	1	39501.0	1804779904
JG0139d	10	130156809	U:TC[T>C]TG	1	260534.0	1805040438
JG0139d	10	130893144	N:AC[T>C]CC	1	736335.0	1805776773
JG0139d	10	131010325	N:CC[T>A]TT	1	117181.0	1805893954
JG0139d	10	131127448	T:CG[T>C]GA	1	117123.0	1806011077
JG0139d	10	131490437	N:TT[T>G]CT	-1	362989.0	1806374066
JG0139d	10	131902853	T:GC[T>C]TG	-1	412416.0	1806786482
JG0139d	10	131935129	T:CG[T>C]GA	-1	32276.0	1806818758
JG0139d	10	132148016	T:CG[T>A]TT	-1	212887.0	1807031645
JG0139d	10	132259177	U:GC[T>C]GG	-1	111161.0	1807142806
JG0139d	10	132481523	N:TC[T>C]CT	-1	222346.0	1807365152
JG0139d	10	132543439	T:CG[T>C]CT	-1	61916.0	1807427068
JG0139d	10	132611573	T:CC[T>C]CT	-1	68134.0	1807495202
JG0139d	10	132659803	T:CC[T>C]CC	-1	48230.0	1807543432
JG0139d	10	132856944	T:CC[T>C]TT	1	197141.0	1807740573
JG0139d	10	133546330	N:TC[T>C]TT	1	689386.0	1808429959
JG0139d	10	133776480	N:TC[T>C]TA	1	230150.0	1808660109
JG0139d	11	248824	U:TC[T>G]CG	1		1808929875
JG0139d	11	542306	U:CC[T>A]GA	1	293482.0	1809223357
JG0139d	11	558180	T:TC[T>A]GT	1	15874.0	1809239231
JG0139d	11	870713	U:GC[T>C]CC	-1	312533.0	1809551764
JG0139d	11	962927	T:AT[T>G]TC	-1	92214.0	1809643978
JG0139d	11	1318278	N:CC[T>A]GT	1	355351.0	1809999329
JG0139d	11	1382642	N:AC[T>C]CC	-1	64364.0	1810063693
JG0139d	11	1477270	T:CC[T>G]TT	1	94628.0	1810158321
JG0139d	11	1782029	N:TC[T>G]TA	1	304759.0	1810463080
JG0139d	11	1839708	T:AC[T>C]TA	-1	57679.0	1810520759
JG0139d	11	1893911	N:TC[T>C]CT	-1	54203.0	1810574962
JG0139d	11	2094871	N:CC[T>G]GG	-1	200960.0	1810775922
JG0139d	11	2205969	N:CC[T>C]CC	1	111098.0	1810887020
JG0139d	11	2245031	N:GC[T>A]TT	-1	39062.0	1810926082
JG0139d	11	2792406	U:CC[T>C]TT	1	547375.0	1811473457
JG0139d	11	2955682	U:AC[T>C]TG	-1	163276.0	1811636733
JG0139d	11	3061427	N:GC[T>C]TC	-1	105745.0	1811742478
JG0139d	11	3116384	U:CC[T>G]TC	-1	54957.0	1811797435
JG0139d	11	3325195	N:CC[T>G]CC	1	208811.0	1812006246
JG0139d	11	3375811	T:AC[T>C]CA	1	50616.0	1812056862
JG0139d	11	3385486	N:AC[T>G]TT	-1	9675.0	1812066537
JG0139d	11	3509146	N:GC[T>G]TT	1	123660.0	1812190197
JG0139d	11	3763400	U:CT[C>T]AG	-1	254254.0	1812444451
JG0139d	11	3809796	T:AG[T>A]TC	-1	46396.0	1812490847
JG0139d	11	3848467	N:TC[T>G]TC	1	38671.0	1812529518
JG0139d	11	4198407	N:TC[T>C]AC	1	349940.0	1812879458
JG0139d	11	4336235	N:CC[T>C]AT	1	137828.0	1813017286
JG0139d	11	4728397	N:AG[T>G]TT	1	392162.0	1813409448
JG0139d	11	5089963	N:AC[T>G]CA	-1	361566.0	1813771014
JG0139d	11	5114240	N:AC[T>G]TG	-1	24277.0	1813795291
JG0139d	11	5307676	T:CC[T>A]CC	1	193436.0	1813988727
JG0139d	11	5563275	N:CC[T>A]TG	1	255599.0	1814244326
JG0139d	11	5581602	T:GC[T>C]TG	-1	18327.0	1814262653
JG0139d	11	5883804	B:TC[T>C]CT	-1	302202.0	1814564855
JG0139d	11	6006545	U:GC[T>C]CA	-1	122741.0	1814687596
JG0139d	11	6122034	N:AT[T>G]TG	-1	115489.0	1814803085
JG0139d	11	6204553	N:AA[T>G]TG	-1	82519.0	1814885604
JG0139d	11	6374781	N:CC[T>C]CA	-1	170228.0	1815055832
JG0139d	11	6465171	U:CC[T>G]CA	-1	90390.0	1815146222
JG0139d	11	6826536	N:TC[T>C]TA	-1	361365.0	1815507587
JG0139d	11	6841130	N:CT[T>C]CT	-1	14594.0	1815522181
JG0139d	11	6900303	N:AC[T>G]TT	1	59173.0	1815581354
JG0139d	11	7304874	T:AC[T>C]CT	-1	404571.0	1815985925
JG0139d	11	7693026	U:AG[T>G]TC	-1	388152.0	1816374077
JG0139d	11	7756263	N:AC[T>C]GT	-1	63237.0	1816437314
JG0139d	11	7804590	N:AC[T>C]CT	1	48327.0	1816485641
JG0139d	11	7984120	T:GC[T>G]TC	-1	179530.0	1816665171
JG0139d	11	8025812	U:TC[T>G]TA	1	41692.0	1816706863
JG0139d	11	8528220	U:CC[T>G]TT	-1	502408.0	1817209271
JG0139d	11	8583258	T:CC[T>G]GT	1	55038.0	1817264309
JG0139d	11	8657750	T:GC[T>G]TC	1	74492.0	1817338801
JG0139d	11	8709235	T:AA[C>A]TC	1	51485.0	1817390286
JG0139d	11	8799857	T:GT[C>A]TT	1	90622.0	1817480908
JG0139d	11	9093794	N:TC[T>A]CA	1	293937.0	1817774845
JG0139d	11	9687950	T:CC[T>G]TC	-1	594156.0	1818369001
JG0139d	11	9989560	T:TC[T>G]TC	1	301610.0	1818670611
JG0139d	11	10091759	T:AC[T>G]TT	1	102199.0	1818772810
JG0139d	11	10769788	U:AC[T>C]CC	1	678029.0	1819450839
JG0139d	11	10937604	N:CC[T>C]CC	-1	167816.0	1819618655
JG0139d	11	10954652	N:CC[T>C]CC	-1	17048.0	1819635703
JG0139d	11	10987986	N:AT[T>G]AG	-1	33334.0	1819669037
JG0139d	11	11355895	U:AC[T>C]CC	-1	367909.0	1820036946
JG0139d	11	11406875	U:CC[T>G]TG	-1	50980.0	1820087926
JG0139d	11	11574851	U:CC[T>C]TT	-1	167976.0	1820255902
JG0139d	11	12113118	U:TC[T>G]TT	1	538267.0	1820794169
JG0139d	11	12414884	T:AC[T>C]TC	-1	301766.0	1821095935
JG0139d	11	12516971	T:TC[T>C]CT	-1	102087.0	1821198022
JG0139d	11	12558505	N:TC[T>G]TT	-1	41534.0	1821239556
JG0139d	11	12724010	U:GG[T>G]TT	1	165505.0	1821405061
JG0139d	11	12860705	U:TC[T>C]TC	1	136695.0	1821541756
JG0139d	11	13212203	N:AC[T>G]TG	1	351498.0	1821893254
JG0139d	11	13767310	N:TC[T>G]CA	-1	555107.0	1822448361
JG0139d	11	14123142	T:CC[T>G]GG	-1	355832.0	1822804193
JG0139d	11	14158098	U:CC[T>C]TC	1	34956.0	1822839149
JG0139d	11	14407702	N:GC[T>G]TT	1	249604.0	1823088753
JG0139d	11	14419648	N:GG[T>G]TA	1	11946.0	1823100699
JG0139d	11	14487407	T:GG[T>A]GG	1	67759.0	1823168458
JG0139d	11	14689919	T:AC[T>G]CT	-1	202512.0	1823370970
JG0139d	11	14815325	U:GC[T>A]TG	1	125406.0	1823496376
JG0139d	11	14836084	U:GC[T>A]TT	1	20759.0	1823517135
JG0139d	11	15137478	T:AC[T>C]TA	-1	301394.0	1823818529
JG0139d	11	15220787	U:GC[T>G]TG	1	83309.0	1823901838
JG0139d	11	15309226	N:TG[T>G]TT	-1	88439.0	1823990277
JG0139d	11	15671245	N:AC[T>A]GC	-1	362019.0	1824352296
JG0139d	11	15746162	N:GC[T>G]CT	1	74917.0	1824427213
JG0139d	11	15813022	N:AC[T>G]CC	1	66860.0	1824494073
JG0139d	11	15866108	N:TG[T>G]TC	1	53086.0	1824547159
JG0139d	11	16262905	T:AG[T>G]TC	1	396797.0	1824943956
JG0139d	11	16301952	T:TC[T>C]CT	1	39047.0	1824983003
JG0139d	11	16855399	T:TC[T>G]TT	1	553447.0	1825536450
JG0139d	11	16898700	T:TG[T>G]TG	1	43301.0	1825579751
JG0139d	11	16958364	T:AC[T>G]TT	1	59664.0	1825639415
JG0139d	11	17069692	N:TC[T>C]CC	-1	111328.0	1825750743
JG0139d	11	17139560	T:CG[T>C]CT	1	69868.0	1825820611
JG0139d	11	17214863	T:TC[T>G]TT	-1	75303.0	1825895914
JG0139d	11	17644909	T:TC[T>G]CC	-1	430046.0	1826325960
JG0139d	11	17767869	U:AC[T>C]GG	1	122960.0	1826448920
JG0139d	11	18255419	N:TC[T>C]CA	1	487550.0	1826936470
JG0139d	11	18550777	T:AG[T>C]CT	1	295358.0	1827231828
JG0139d	11	18730062	U:AG[T>G]TG	-1	179285.0	1827411113
JG0139d	11	18799387	N:GC[T>G]TT	-1	69325.0	1827480438
JG0139d	11	18808798	N:AC[T>C]AT	-1	9411.0	1827489849
JG0139d	11	18892343	N:GC[T>G]TT	1	83545.0	1827573394
JG0139d	11	19283834	N:GC[T>C]TT	1	391491.0	1827964885
JG0139d	11	19508590	U:TC[T>G]TC	1	224756.0	1828189641
JG0139d	11	19776491	T:CC[T>A]TG	-1	267901.0	1828457542
JG0139d	11	19828470	U:AC[T>G]TA	1	51979.0	1828509521
JG0139d	11	20242759	N:GC[T>C]CC	-1	414289.0	1828923810
JG0139d	11	20545136	N:CA[T>G]TT	-1	302377.0	1829226187
JG0139d	11	20701129	U:AG[T>C]GT	1	155993.0	1829382180
JG0139d	11	20761968	U:AC[T>G]TC	1	60839.0	1829443019
JG0139d	11	21228531	U:CC[T>G]TC	1	466563.0	1829909582
JG0139d	11	21298587	U:CC[T>G]TC	1	70056.0	1829979638
JG0139d	11	21452388	U:AG[T>C]TT	1	153801.0	1830133439
JG0139d	11	21579245	N:TG[T>G]TT	-1	126857.0	1830260296
JG0139d	11	21713665	N:GC[T>C]TG	1	134420.0	1830394716
JG0139d	11	22174732	N:TC[T>C]TC	-1	461067.0	1830855783
JG0139d	11	22696820	U:AG[T>G]TC	1	522088.0	1831377871
JG0139d	11	23147271	N:TC[T>C]TT	1	450451.0	1831828322
JG0139d	11	23238922	N:TC[T>G]TT	1	91651.0	1831919973
JG0139d	11	23239049	N:TA[T>G]AT	-1	127.0	1831920100
JG0139d	11	23380165	N:AC[T>C]CG	-1	141116.0	1832061216
JG0139d	11	23530552	N:TC[T>C]TA	-1	150387.0	1832211603
JG0139d	11	24373053	N:GG[T>G]TT	-1	842501.0	1833054104
JG0139d	11	24462087	N:GC[T>G]TT	1	89034.0	1833143138
JG0139d	11	24555803	U:CC[T>A]TT	1	93716.0	1833236854
JG0139d	11	24878412	T:CC[T>G]GG	-1	322609.0	1833559463
JG0139d	11	25365939	N:CC[T>G]TT	-1	487527.0	1834046990
JG0139d	11	25426803	N:TC[T>G]GC	-1	60864.0	1834107854
JG0139d	11	25474703	N:AC[T>C]CA	-1	47900.0	1834155754
JG0139d	11	25767913	N:AC[T>A]TT	1	293210.0	1834448964
JG0139d	11	25825598	N:TC[T>C]TC	1	57685.0	1834506649
JG0139d	11	25861277	N:AC[T>G]TC	-1	35679.0	1834542328
JG0139d	11	26362057	T:AC[T>C]GC	-1	500780.0	1835043108
JG0139d	11	26393410	T:CC[T>C]TT	-1	31353.0	1835074461
JG0139d	11	26859176	N:CC[T>C]TC	1	465766.0	1835540227
JG0139d	11	26862030	N:CC[T>C]CA	1	2854.0	1835543081
JG0139d	11	27292043	N:TC[T>C]TT	-1	430013.0	1835973094
JG0139d	11	27504288	U:GC[T>A]TA	-1	212245.0	1836185339
JG0139d	11	27511096	N:GC[T>C]TT	1	6808.0	1836192147
JG0139d	11	27548043	N:GG[T>G]TT	1	36947.0	1836229094
JG0139d	11	27579311	N:TG[T>C]TT	1	31268.0	1836260362
JG0139d	11	27630513	N:CC[T>A]CT	1	51202.0	1836311564
JG0139d	11	27732443	N:TG[T>G]GA	1	101930.0	1836413494
JG0139d	11	27919119	N:GG[T>G]TA	-1	186676.0	1836600170
JG0139d	11	28802973	N:CA[T>A]TT	1	883854.0	1837484024
JG0139d	11	28917565	N:AC[T>G]TG	1	114592.0	1837598616
JG0139d	11	28940668	N:TA[T>G]TT	-1	23103.0	1837621719
JG0139d	11	28959025	N:AG[T>G]TA	-1	18357.0	1837640076
JG0139d	11	28986749	N:AC[T>C]CT	1	27724.0	1837667800
JG0139d	11	29056863	N:TC[T>A]CT	-1	70114.0	1837737914
JG0139d	11	29078116	N:CC[T>C]TA	-1	21253.0	1837759167
JG0139d	11	29420521	N:TC[T>G]TC	-1	342405.0	1838101572
JG0139d	11	29438192	N:AC[T>C]CC	-1	17671.0	1838119243
JG0139d	11	29545617	N:TC[T>C]CT	-1	107425.0	1838226668
JG0139d	11	29568456	N:AC[T>C]TC	-1	22839.0	1838249507
JG0139d	11	29897403	N:GA[T>C]CG	-1	328947.0	1838578454
JG0139d	11	31483331	T:AC[T>C]TT	1	1585928.0	1840164382
JG0139d	11	31529378	U:TC[T>G]CC	1	46047.0	1840210429
JG0139d	11	31541243	T:AG[T>C]CT	-1	11865.0	1840222294
JG0139d	11	31748411	T:AA[T>G]TA	-1	207168.0	1840429462
JG0139d	11	31755147	T:TC[T>A]TT	-1	6736.0	1840436198
JG0139d	11	32124345	N:CC[T>C]GC	-1	369198.0	1840805396
JG0139d	11	32332556	N:CC[T>A]TC	-1	208211.0	1841013607
JG0139d	11	32596646	U:AC[T>C]TG	1	264090.0	1841277697
JG0139d	11	32713065	T:AC[T>G]CA	1	116419.0	1841394116
JG0139d	11	32827059	N:GG[T>G]TT	1	113994.0	1841508110
JG0139d	11	32957135	U:TC[T>A]TT	1	130076.0	1841638186
JG0139d	11	33028320	T:AC[T>G]CT	-1	71185.0	1841709371
JG0139d	11	33052454	U:GC[T>G]CT	1	24134.0	1841733505
JG0139d	11	33294063	T:TC[T>A]CC	-1	241609.0	1841975114
JG0139d	11	33321899	U:GC[T>C]CT	1	27836.0	1842002950
JG0139d	11	33353118	T:TC[T>C]TG	-1	31219.0	1842034169
JG0139d	11	33452701	U:CC[T>C]TC	1	99583.0	1842133752
JG0139d	11	33601037	U:TA[T>G]TT	1	148336.0	1842282088
JG0139d	11	33636176	T:GG[T>G]TA	-1	35139.0	1842317227
JG0139d	11	33785236	N:TC[T>C]TT	-1	149060.0	1842466287
JG0139d	11	34021518	N:TC[T>A]TG	1	236282.0	1842702569
JG0139d	11	34377866	N:AC[T>G]TT	-1	356348.0	1843058917
JG0139d	11	34981778	U:TC[T>G]TT	1	603912.0	1843662829
JG0139d	11	35015035	N:GC[T>G]TA	-1	33257.0	1843696086
JG0139d	11	35649505	N:GG[T>G]TG	-1	634470.0	1844330556
JG0139d	11	35681850	U:AA[T>G]TA	1	32345.0	1844362901
JG0139d	11	36215735	U:GC[T>C]CC	1	533885.0	1844896786
JG0139d	11	36422552	U:GC[T>A]TG	1	206817.0	1845103603
JG0139d	11	36492781	U:TC[T>G]TT	-1	70229.0	1845173832
JG0139d	11	36905821	N:AA[T>G]TT	1	413040.0	1845586872
JG0139d	11	37500860	N:TC[T>G]TC	1	595039.0	1846181911
JG0139d	11	37938372	N:AA[C>G]TT	-1	437512.0	1846619423
JG0139d	11	37960513	N:AA[T>G]TA	-1	22141.0	1846641564
JG0139d	11	37977839	N:AC[T>C]TT	-1	17326.0	1846658890
JG0139d	11	38172420	N:TG[T>G]TT	1	194581.0	1846853471
JG0139d	11	38336933	N:CC[T>A]CT	1	164513.0	1847017984
JG0139d	11	38720743	N:CC[T>A]TA	-1	383810.0	1847401794
JG0139d	11	38993976	N:AC[T>C]TA	-1	273233.0	1847675027
JG0139d	11	39556368	N:TC[T>G]TC	-1	562392.0	1848237419
JG0139d	11	40119497	T:AC[T>G]CT	1	563129.0	1848800548
JG0139d	11	40154233	T:GC[T>G]GA	1	34736.0	1848835284
JG0139d	11	40496202	T:CC[T>C]CC	1	341969.0	1849177253
JG0139d	11	40538390	T:TT[T>G]TC	1	42188.0	1849219441
JG0139d	11	40992916	U:TC[T>C]TC	-1	454526.0	1849673967
JG0139d	11	41404414	U:TT[C>G]TG	-1	411498.0	1850085465
JG0139d	11	41431437	T:GG[T>C]CC	1	27023.0	1850112488
JG0139d	11	41785297	N:CC[T>C]TA	1	353860.0	1850466348
JG0139d	11	41926549	N:CC[T>G]TC	-1	141252.0	1850607600
JG0139d	11	42026104	N:AT[C>G]TC	1	99555.0	1850707155
JG0139d	11	42277238	N:AC[C>A]AT	-1	251134.0	1850958289
JG0139d	11	42445656	N:GC[T>G]TG	-1	168418.0	1851126707
JG0139d	11	42880469	N:TC[T>G]TT	-1	434813.0	1851561520
JG0139d	11	43262999	N:TC[T>C]TT	1	382530.0	1851944050
JG0139d	11	43275997	N:AC[T>C]TA	-1	12998.0	1851957048
JG0139d	11	43490394	U:CC[T>A]TT	1	214397.0	1852171445
JG0139d	11	43667974	N:GG[T>G]GC	1	177580.0	1852349025
JG0139d	11	44645791	N:TA[T>G]TG	-1	977817.0	1853326842
JG0139d	11	44729491	T:AC[T>C]TT	-1	83700.0	1853410542
JG0139d	11	45247855	U:TG[T>G]TA	-1	518364.0	1853928906
JG0139d	11	45365442	N:CC[T>C]TC	1	117587.0	1854046493
JG0139d	11	46151577	N:CA[T>G]TT	-1	786135.0	1854832628
JG0139d	11	46308510	T:TC[T>A]TG	-1	156933.0	1854989561
JG0139d	11	46591123	U:TG[T>G]GA	-1	282613.0	1855272174
JG0139d	11	46827529	U:CC[T>C]CA	-1	236406.0	1855508580
JG0139d	11	46867383	U:TC[T>C]TC	-1	39854.0	1855548434
JG0139d	11	46880731	U:CC[T>A]TT	-1	13348.0	1855561782
JG0139d	11	47033431	U:CC[T>G]TC	1	152700.0	1855714482
JG0139d	11	47308509	T:GC[T>C]CT	-1	275078.0	1855989560
JG0139d	11	47577962	T:TC[T>C]CA	1	269453.0	1856259013
JG0139d	11	47629386	T:GC[T>C]TA	1	51424.0	1856310437
JG0139d	11	47657351	N:TC[T>C]TC	-1	27965.0	1856338402
JG0139d	11	47664073	T:TC[T>C]TG	1	6722.0	1856345124
JG0139d	11	47798767	T:GG[T>C]TG	1	134694.0	1856479818
JG0139d	11	47926987	N:TC[T>G]AT	1	128220.0	1856608038
JG0139d	11	47942447	N:CC[T>G]TG	-1	15460.0	1856623498
JG0139d	11	48304972	N:AC[T>C]TC	-1	362525.0	1856986023
JG0139d	11	49352043	N:CC[T>G]TT	-1	1047071.0	1858033094
JG0139d	11	49364163	N:AC[T>C]CA	1	12120.0	1858045214
JG0139d	11	49502141	N:TC[T>C]TC	-1	137978.0	1858183192
JG0139d	11	49992239	N:TC[T>G]AC	1	490098.0	1858673290
JG0139d	11	50170452	N:CG[T>C]GC	-1	178213.0	1858851503
JG0139d	11	50205242	N:TC[T>C]CA	-1	34790.0	1858886293
JG0139d	11	50235538	N:AT[T>G]TT	1	30296.0	1858916589
JG0139d	11	50250555	N:TC[T>G]TG	-1	15017.0	1858931606
JG0139d	11	50375253	N:TC[T>G]TC	-1	124698.0	1859056304
JG0139d	11	51317339	N:GC[T>C]TT	1	942086.0	1859998390
JG0139d	11	51620753	N:GC[T>G]TC	-1	303414.0	1860301804
JG0139d	11	51857669	N:CC[T>G]TT	1	236916.0	1860538720
JG0139d	11	51967398	N:GC[T>G]TC	-1	109729.0	1860648449
JG0139d	11	52205277	N:CC[T>C]CT	1	237879.0	1860886328
JG0139d	11	52687129	N:AC[T>A]TG	-1	481852.0	1861368180
JG0139d	11	52957412	N:TC[T>C]TT	1	270283.0	1861638463
JG0139d	11	53288876	N:CG[T>G]TT	-1	331464.0	1861969927
JG0139d	11	53575938	N:AC[T>A]TG	-1	287062.0	1862256989
JG0139d	11	54074765	N:AT[T>G]CA	1	498827.0	1862755816
JG0139d	11	54140194	N:AC[T>G]TC	1	65429.0	1862821245
JG0139d	11	54301544	N:CC[T>A]CA	-1	161350.0	1862982595
JG0139d	11	54701409	N:TC[T>C]GT	1	399865.0	1863382460
JG0139d	11	54838447	N:AC[T>G]GC	-1	137038.0	1863519498
JG0139d	11	54854602	N:CC[T>G]GA	1	16155.0	1863535653
JG0139d	11	55017704	N:TC[T>G]TT	1	163102.0	1863698755
JG0139d	11	55157529	N:CC[T>G]TT	-1	139825.0	1863838580
JG0139d	11	55193008	N:TC[T>C]TT	1	35479.0	1863874059
JG0139d	11	55222917	N:AG[T>A]TT	-1	29909.0	1863903968
JG0139d	11	55234552	N:AC[T>C]TA	-1	11635.0	1863915603
JG0139d	11	55895441	N:GC[T>C]TC	-1	660889.0	1864576492
JG0139d	11	56138504	U:TG[T>G]TT	-1	243063.0	1864819555
JG0139d	11	57014516	N:TC[T>G]TC	1	876012.0	1865695567
JG0139d	11	57257818	N:CC[T>G]TT	-1	243302.0	1865938869
JG0139d	11	57486254	U:CC[T>C]TG	-1	228436.0	1866167305
JG0139d	11	57937262	N:CG[T>C]GC	1	451008.0	1866618313
JG0139d	11	58001469	N:CA[T>G]TG	1	64207.0	1866682520
JG0139d	11	58105622	U:AC[T>G]TC	1	104153.0	1866786673
JG0139d	11	58251779	N:GA[T>G]CT	1	146157.0	1866932830
JG0139d	11	58702208	T:GC[T>G]TT	1	450429.0	1867383259
JG0139d	11	58877907	N:CC[T>G]TA	1	175699.0	1867558958
JG0139d	11	59202222	U:TG[T>G]TC	1	324315.0	1867883273
JG0139d	11	60525997	U:TG[T>A]CT	1	1323775.0	1869207048
JG0139d	11	60550002	N:CC[T>G]TT	-1	24005.0	1869231053
JG0139d	11	60621888	N:CC[T>C]CA	-1	71886.0	1869302939
JG0139d	11	60635265	N:GC[T>C]CA	1	13377.0	1869316316
JG0139d	11	60646559	N:TC[T>G]TT	1	11294.0	1869327610
JG0139d	11	60806518	N:GC[T>A]TA	-1	159959.0	1869487569
JG0139d	11	61228495	T:AC[T>C]GT	-1	421977.0	1869909546
JG0139d	11	61270652	T:TG[T>G]TT	1	42157.0	1869951703
JG0139d	11	61325926	T:TC[T>G]TC	1	55274.0	1870006977
JG0139d	11	61568774	T:CC[T>A]TG	1	242848.0	1870249825
JG0139d	11	61681755	U:CC[T>C]CT	1	112981.0	1870362806
JG0139d	11	61739954	T:AC[T>G]TT	-1	58199.0	1870421005
JG0139d	11	61856038	T:CC[T>C]CT	-1	116084.0	1870537089
JG0139d	11	61862126	T:GC[T>C]TA	-1	6088.0	1870543177
JG0139d	11	61910893	U:CC[T>C]GT	-1	48767.0	1870591944
JG0139d	11	62006582	N:CC[T>C]TT	-1	95689.0	1870687633
JG0139d	11	62139103	U:TT[T>G]TC	1	132521.0	1870820154
JG0139d	11	62224432	N:TG[T>G]TT	1	85329.0	1870905483
JG0139d	11	62485470	U:CC[T>C]CG	-1	261038.0	1871166521
JG0139d	11	62583120	T:AC[T>G]CT	1	97650.0	1871264171
JG0139d	11	62789256	B:CC[T>C]CA	1	206136.0	1871470307
JG0139d	11	62934611	N:CC[T>A]CC	-1	145355.0	1871615662
JG0139d	11	63026284	N:AC[T>G]TA	-1	91673.0	1871707335
JG0139d	11	63071544	N:CC[T>G]TA	1	45260.0	1871752595
JG0139d	11	63157569	N:TC[T>C]CC	1	86025.0	1871838620
JG0139d	11	63407107	U:TC[T>C]TA	1	249538.0	1872088158
JG0139d	11	63603352	T:GG[C>A]AG	1	196245.0	1872284403
JG0139d	11	64009454	U:AC[T>G]TG	-1	406102.0	1872690505
JG0139d	11	64183863	N:CC[T>C]AA	1	174409.0	1872864914
JG0139d	11	64608403	U:CC[T>G]TA	-1	424540.0	1873289454
JG0139d	11	64776510	T:TC[T>C]TT	1	168107.0	1873457561
JG0139d	11	65083432	T:GC[T>G]GG	1	306922.0	1873764483
JG0139d	11	65170116	N:TC[T>A]GC	-1	86684.0	1873851167
JG0139d	11	65340129	U:GG[T>G]TA	1	170013.0	1874021180
JG0139d	11	65537364	U:AC[T>C]TC	1	197235.0	1874218415
JG0139d	11	65570228	N:CC[T>A]CC	-1	32864.0	1874251279
JG0139d	11	65693931	N:GC[T>C]CC	-1	123703.0	1874374982
JG0139d	11	65829882	N:TG[T>C]CC	-1	135951.0	1874510933
JG0139d	11	65860123	B:CC[T>G]TG	-1	30241.0	1874541174
JG0139d	11	65864453	U:GG[T>C]CA	1	4330.0	1874545504
JG0139d	11	66784490	T:AC[T>C]GG	-1	920037.0	1875465541
JG0139d	11	66982173	N:TC[T>G]TC	-1	197683.0	1875663224
JG0139d	11	67132188	T:AC[T>G]TC	-1	150015.0	1875813239
JG0139d	11	67199363	T:CC[T>C]TA	-1	67175.0	1875880414
JG0139d	11	67297855	U:CC[T>C]GT	1	98492.0	1875978906
JG0139d	11	67977492	N:TC[T>G]TC	-1	679637.0	1876658543
JG0139d	11	68260965	N:AC[T>G]AG	1	283473.0	1876942016
JG0139d	11	68513009	U:CC[T>C]TG	1	252044.0	1877194060
JG0139d	11	68671770	N:GC[T>A]TC	-1	158761.0	1877352821
JG0139d	11	69143170	N:CC[T>G]TG	1	471400.0	1877824221
JG0139d	11	69206580	N:CC[T>C]GC	1	63410.0	1877887631
JG0139d	11	69269049	N:CC[T>G]TC	1	62469.0	1877950100
JG0139d	11	69313579	N:CG[T>G]GG	1	44530.0	1877994630
JG0139d	11	69873974	N:CC[T>A]CT	1	560395.0	1878555025
JG0139d	11	70454089	N:CC[T>G]TA	1	580115.0	1879135140
JG0139d	11	70479744	U:GC[T>C]TC	-1	25655.0	1879160795
JG0139d	11	70628775	T:CC[T>C]CC	1	149031.0	1879309826
JG0139d	11	70857696	U:GC[T>C]CC	-1	228921.0	1879538747
JG0139d	11	70882918	U:CC[T>A]CC	-1	25222.0	1879563969
JG0139d	11	70905283	T:GC[T>A]CC	1	22365.0	1879586334
JG0139d	11	71180488	T:CC[T>C]GT	1	275205.0	1879861539
JG0139d	11	71344529	N:CC[T>A]CC	1	164041.0	1880025580
JG0139d	11	71463946	T:GC[T>G]TG	-1	119417.0	1880144997
JG0139d	11	71720786	N:GC[C>A]TC	1	256840.0	1880401837
JG0139d	11	71729859	N:CT[T>G]TG	1	9073.0	1880410910
JG0139d	11	71815906	T:TC[T>G]TG	1	86047.0	1880496957
JG0139d	11	72100292	B:CC[T>C]TG	1	284386.0	1880781343
JG0139d	11	72614160	T:CC[T>C]CC	1	513868.0	1881295211
JG0139d	11	72710792	U:GC[T>G]TG	-1	96632.0	1881391843
JG0139d	11	72907049	T:CG[T>G]TG	1	196257.0	1881588100
JG0139d	11	73742933	U:GC[T>G]TT	-1	835884.0	1882423984
JG0139d	11	73948326	N:AC[C>A]AA	1	205393.0	1882629377
JG0139d	11	74033583	T:GC[T>C]CC	1	85257.0	1882714634
JG0139d	11	74036627	U:TC[T>G]TC	-1	3044.0	1882717678
JG0139d	11	74239896	U:TT[T>G]TA	1	203269.0	1882920947
JG0139d	11	74326332	N:TT[T>G]TT	1	86436.0	1883007383
JG0139d	11	74379009	U:AC[T>G]TT	-1	52677.0	1883060060
JG0139d	11	74396581	U:AA[T>G]TA	-1	17572.0	1883077632
JG0139d	11	74512444	T:GC[T>G]TT	-1	115863.0	1883193495
JG0139d	11	74983198	N:GC[T>C]CC	-1	470754.0	1883664249
JG0139d	11	75183774	U:CC[T>A]TG	1	200576.0	1883864825
JG0139d	11	75302302	T:AC[T>G]TC	1	118528.0	1883983353
JG0139d	11	75310663	U:GG[T>G]TT	-1	8361.0	1883991714
JG0139d	11	75485015	U:CC[T>C]TT	-1	174352.0	1884166066
JG0139d	11	75813246	N:TC[T>A]GA	-1	328231.0	1884494297
JG0139d	11	75944610	T:TC[T>C]CC	-1	131364.0	1884625661
JG0139d	11	76014314	U:GC[T>G]TG	1	69704.0	1884695365
JG0139d	11	76352256	U:CC[T>G]TA	-1	337942.0	1885033307
JG0139d	11	76933199	U:AC[T>C]TC	1	580943.0	1885614250
JG0139d	11	76961924	T:TC[T>C]CC	-1	28725.0	1885642975
JG0139d	11	77032839	N:AC[T>G]TC	-1	70915.0	1885713890
JG0139d	11	77276113	U:CC[T>G]TA	-1	243274.0	1885957164
JG0139d	11	77365490	U:AG[T>G]TT	-1	89377.0	1886046541
JG0139d	11	77401210	T:TC[T>G]TT	1	35720.0	1886082261
JG0139d	11	77521315	N:CC[T>G]CA	-1	120105.0	1886202366
JG0139d	11	78146330	N:CC[T>C]CT	1	625015.0	1886827381
JG0139d	11	78306339	T:TC[T>C]CC	1	160009.0	1886987390
JG0139d	11	78315321	U:TC[T>G]TG	-1	8982.0	1886996372
JG0139d	11	78717839	T:AC[T>G]TC	1	402518.0	1887398890
JG0139d	11	78774473	T:GC[T>G]TT	1	56634.0	1887455524
JG0139d	11	79356160	U:CG[T>C]CC	-1	581687.0	1888037211
JG0139d	11	79530454	N:GC[T>G]TC	1	174294.0	1888211505
JG0139d	11	79675233	N:TG[T>C]AA	1	144779.0	1888356284
JG0139d	11	80327384	N:CC[T>C]CG	1	652151.0	1889008435
JG0139d	11	80328399	N:CC[T>A]TC	1	1015.0	1889009450
JG0139d	11	81298221	N:CC[T>G]TC	1	969822.0	1889979272
JG0139d	11	81428685	N:AC[T>C]CT	-1	130464.0	1890109736
JG0139d	11	82186306	N:CA[T>A]TT	-1	757621.0	1890867357
JG0139d	11	82469675	N:CC[T>C]CA	-1	283369.0	1891150726
JG0139d	11	82891124	T:TC[T>C]CC	1	421449.0	1891572175
JG0139d	11	83056159	T:CA[C>A]CC	1	165035.0	1891737210
JG0139d	11	83085098	N:AC[T>C]GC	1	28939.0	1891766149
JG0139d	11	83117757	N:GG[T>A]TG	-1	32659.0	1891798808
JG0139d	11	83640904	U:GC[T>G]TT	-1	523147.0	1892321955
JG0139d	11	83741118	U:GG[T>A]TT	-1	100214.0	1892422169
JG0139d	11	83995859	U:GG[T>C]TT	-1	254741.0	1892676910
JG0139d	11	84013991	T:TC[T>G]TG	1	18132.0	1892695042
JG0139d	11	84250904	T:TA[T>G]TC	1	236913.0	1892931955
JG0139d	11	84374289	T:AC[T>G]TC	1	123385.0	1893055340
JG0139d	11	84419603	U:AC[T>C]TT	-1	45314.0	1893100654
JG0139d	11	84551004	T:TC[T>A]CT	1	131401.0	1893232055
JG0139d	11	84696771	U:TC[T>A]TC	-1	145767.0	1893377822
JG0139d	11	84856777	T:CC[T>C]CT	1	160006.0	1893537828
JG0139d	11	85022980	U:CA[T>G]TC	-1	166203.0	1893704031
JG0139d	11	85071194	T:TC[T>C]TC	1	48214.0	1893752245
JG0139d	11	85182466	U:GG[T>C]TC	-1	111272.0	1893863517
JG0139d	11	85307685	T:AT[C>T]CA	1	125219.0	1893988736
JG0139d	11	85475774	U:GC[T>C]TT	-1	168089.0	1894156825
JG0139d	11	85601473	T:GC[T>A]GG	1	125699.0	1894282524
JG0139d	11	85779288	T:TG[T>G]TT	1	177815.0	1894460339
JG0139d	11	86009195	U:CC[T>C]CA	-1	229907.0	1894690246
JG0139d	11	86327327	U:TC[T>C]TT	1	318132.0	1895008378
JG0139d	11	86363882	N:TT[C>T]AT	-1	36555.0	1895044933
JG0139d	11	86612881	T:AG[T>G]TT	1	248999.0	1895293932
JG0139d	11	87762237	N:AG[C>A]AA	-1	1149356.0	1896443288
JG0139d	11	88127701	U:AC[T>G]TT	-1	365464.0	1896808752
JG0139d	11	88346214	N:GT[T>G]TA	-1	218513.0	1897027265
JG0139d	11	88510152	U:TC[T>A]CA	-1	163938.0	1897191203
JG0139d	11	89228324	U:AC[T>C]TC	1	718172.0	1897909375
JG0139d	11	89283865	U:AC[T>A]CT	1	55541.0	1897964916
JG0139d	11	89397181	U:AG[T>G]TG	-1	113316.0	1898078232
JG0139d	11	89843307	N:AC[T>C]TG	1	446126.0	1898524358
JG0139d	11	90258034	N:AC[T>C]CA	-1	414727.0	1898939085
JG0139d	11	90421144	N:TT[T>G]TA	-1	163110.0	1899102195
JG0139d	11	90730877	N:TC[T>C]TT	1	309733.0	1899411928
JG0139d	11	90751113	N:CC[T>C]GC	1	20236.0	1899432164
JG0139d	11	90803880	N:TG[C>A]TG	1	52767.0	1899484931
JG0139d	11	90826599	N:AG[T>G]TG	-1	22719.0	1899507650
JG0139d	11	91014006	N:AC[T>C]CA	1	187407.0	1899695057
JG0139d	11	91179286	N:TC[T>G]TA	1	165280.0	1899860337
JG0139d	11	91240440	N:CC[T>C]TA	-1	61154.0	1899921491
JG0139d	11	91764725	N:TG[T>G]TG	-1	524285.0	1900445776
JG0139d	11	91819332	N:TC[T>A]GG	-1	54607.0	1900500383
JG0139d	11	92328636	N:AC[T>G]TG	-1	509304.0	1901009687
JG0139d	11	92572674	U:GC[T>C]TT	1	244038.0	1901253725
JG0139d	11	92609635	T:TC[T>C]TT	-1	36961.0	1901290686
JG0139d	11	92653203	T:AC[T>G]TT	-1	43568.0	1901334254
JG0139d	11	93248957	N:AC[T>C]CA	-1	595754.0	1901930008
JG0139d	11	93349625	T:CC[T>G]TC	-1	100668.0	1902030676
JG0139d	11	93456072	N:AC[T>G]GC	1	106447.0	1902137123
JG0139d	11	93686507	T:GC[T>G]TC	-1	230435.0	1902367558
JG0139d	11	93712819	U:TA[T>G]TT	1	26312.0	1902393870
JG0139d	11	94287610	N:CT[T>A]GG	-1	574791.0	1902968661
JG0139d	11	94302298	N:CC[T>G]TA	-1	14688.0	1902983349
JG0139d	11	94743195	U:CC[T>G]TA	1	440897.0	1903424246
JG0139d	11	95044343	N:TC[T>G]TT	-1	301148.0	1903725394
JG0139d	11	95074327	N:AC[T>C]TG	1	29984.0	1903755378
JG0139d	11	95115951	U:TC[T>G]TT	1	41624.0	1903797002
JG0139d	11	95258854	N:TG[T>C]CC	1	142903.0	1903939905
JG0139d	11	95490232	N:GC[T>C]AA	-1	231378.0	1904171283
JG0139d	11	96323454	T:GC[T>G]GA	1	833222.0	1905004505
JG0139d	11	96346714	N:TC[T>C]CT	1	23260.0	1905027765
JG0139d	11	96582611	N:TC[T>C]AT	-1	235897.0	1905263662
JG0139d	11	97030968	N:GA[T>G]TA	-1	448357.0	1905712019
JG0139d	11	97926586	N:AC[T>G]TT	-1	895618.0	1906607637
JG0139d	11	97973052	N:TC[T>G]TG	-1	46466.0	1906654103
JG0139d	11	98093590	N:TC[T>G]CT	-1	120538.0	1906774641
JG0139d	11	98396083	N:TG[T>G]TG	-1	302493.0	1907077134
JG0139d	11	98559451	N:TC[T>A]TC	1	163368.0	1907240502
JG0139d	11	98939858	N:AC[T>G]TC	-1	380407.0	1907620909
JG0139d	11	99003808	N:CC[T>C]TG	1	63950.0	1907684859
JG0139d	11	99270977	T:GC[T>C]TC	-1	267169.0	1907952028
JG0139d	11	100065898	U:TC[T>A]TT	1	794921.0	1908746949
JG0139d	11	100221867	U:CC[T>C]AA	1	155969.0	1908902918
JG0139d	11	100359571	N:TC[T>C]TC	1	137704.0	1909040622
JG0139d	11	100384487	N:TC[T>G]TC	-1	24916.0	1909065538
JG0139d	11	100396020	N:CC[T>A]TT	-1	11533.0	1909077071
JG0139d	11	100459379	N:TC[T>G]TT	1	63359.0	1909140430
JG0139d	11	101256792	N:TT[C>G]AA	-1	797413.0	1909937843
JG0139d	11	101584930	N:CC[T>G]TT	-1	328138.0	1910265981
JG0139d	11	101696728	N:GC[T>G]GG	-1	111798.0	1910377779
JG0139d	11	101700588	N:TA[C>T]AG	-1	3860.0	1910381639
JG0139d	11	101702414	N:GC[T>C]TA	-1	1826.0	1910383465
JG0139d	11	101751030	N:TC[T>G]TT	-1	48616.0	1910432081
JG0139d	11	101852194	N:AC[T>A]CT	-1	101164.0	1910533245
JG0139d	11	101968095	T:AC[T>G]TG	-1	115901.0	1910649146
JG0139d	11	102896166	N:AC[T>G]TA	-1	928071.0	1911577217
JG0139d	11	103058048	N:CA[T>G]TT	-1	161882.0	1911739099
JG0139d	11	103614110	N:TC[T>A]TT	-1	556062.0	1912295161
JG0139d	11	103663591	N:AC[T>G]GC	1	49481.0	1912344642
JG0139d	11	103947035	U:AC[T>G]TA	-1	283444.0	1912628086
JG0139d	11	104245966	N:GC[T>G]TA	-1	298931.0	1912927017
JG0139d	11	104259693	N:CC[T>G]TA	1	13727.0	1912940744
JG0139d	11	104668277	N:AC[T>G]TG	1	408584.0	1913349328
JG0139d	11	104716671	N:CC[T>C]AA	1	48394.0	1913397722
JG0139d	11	104820103	N:GC[T>G]AA	1	103432.0	1913501154
JG0139d	11	104906989	N:GC[T>A]CT	-1	86886.0	1913588040
JG0139d	11	104926669	N:GG[T>G]TT	-1	19680.0	1913607720
JG0139d	11	105068168	T:TG[T>G]TC	1	141499.0	1913749219
JG0139d	11	105100409	U:TC[T>C]CT	-1	32241.0	1913781460
JG0139d	11	105242291	T:GC[T>G]TG	1	141882.0	1913923342
JG0139d	11	105746646	U:AG[T>G]TC	1	504355.0	1914427697
JG0139d	11	105827258	T:TC[T>G]TA	-1	80612.0	1914508309
JG0139d	11	105829239	T:CC[T>C]CA	-1	1981.0	1914510290
JG0139d	11	105849262	U:CC[T>G]TT	1	20023.0	1914530313
JG0139d	11	106341947	N:TC[T>G]TG	-1	492685.0	1915022998
JG0139d	11	106438476	N:TC[T>A]TA	-1	96529.0	1915119527
JG0139d	11	106656203	N:GC[T>G]TC	1	217727.0	1915337254
JG0139d	11	106668056	N:AC[T>C]AA	1	11853.0	1915349107
JG0139d	11	106733047	T:TC[T>C]TT	1	64991.0	1915414098
JG0139d	11	106837220	T:GC[T>G]TG	1	104173.0	1915518271
JG0139d	11	106884094	U:TG[T>A]TA	-1	46874.0	1915565145
JG0139d	11	107113623	N:TC[T>C]CA	1	229529.0	1915794674
JG0139d	11	107833289	U:CC[T>C]CA	-1	719666.0	1916514340
JG0139d	11	108021111	T:AC[T>C]TA	-1	187822.0	1916702162
JG0139d	11	108092559	U:AC[T>G]TT	1	71448.0	1916773610
JG0139d	11	108213377	U:AG[T>G]TC	-1	120818.0	1916894428
JG0139d	11	108778187	T:TT[T>C]TT	-1	564810.0	1917459238
JG0139d	11	109234095	N:AT[T>G]TC	-1	455908.0	1917915146
JG0139d	11	109653488	N:GC[T>G]TT	1	419393.0	1918334539
JG0139d	11	109788379	N:GC[T>C]TT	-1	134891.0	1918469430
JG0139d	11	109856285	N:TC[T>C]TG	-1	67906.0	1918537336
JG0139d	11	110122061	T:AC[T>C]TA	-1	265776.0	1918803112
JG0139d	11	110596544	T:GC[T>A]CA	1	474483.0	1919277595
JG0139d	11	110597496	T:TA[T>G]TA	1	952.0	1919278547
JG0139d	11	110897031	N:TT[T>G]TT	1	299535.0	1919578082
JG0139d	11	111237344	N:TG[T>G]TT	1	340313.0	1919918395
JG0139d	11	111585680	N:AC[T>A]TC	-1	348336.0	1920266731
JG0139d	11	111644085	T:TC[T>C]CG	-1	58405.0	1920325136
JG0139d	11	111715877	U:CA[T>G]TG	1	71792.0	1920396928
JG0139d	11	112246088	N:AC[T>G]TA	1	530211.0	1920927139
JG0139d	11	112349136	N:TC[T>C]CT	1	103048.0	1921030187
JG0139d	11	112484789	N:CC[T>C]CA	-1	135653.0	1921165840
JG0139d	11	113176354	U:AC[T>C]CT	1	691565.0	1921857405
JG0139d	11	113204611	T:GG[T>A]TA	-1	28257.0	1921885662
JG0139d	11	113482920	N:GC[T>G]TC	-1	278309.0	1922163971
JG0139d	11	113497299	N:AC[T>G]CT	-1	14379.0	1922178350
JG0139d	11	113523042	N:GC[T>G]TG	1	25743.0	1922204093
JG0139d	11	113929478	U:TC[T>C]CT	1	406436.0	1922610529
JG0139d	11	114069440	U:GC[T>C]TT	1	139962.0	1922750491
JG0139d	11	114443336	U:TC[T>C]TG	1	373896.0	1923124387
JG0139d	11	114487088	N:AC[T>C]GC	-1	43752.0	1923168139
JG0139d	11	114904933	N:TG[T>G]AC	-1	417845.0	1923585984
JG0139d	11	115156640	N:TC[T>C]AA	-1	251707.0	1923837691
JG0139d	11	115164957	N:AC[T>C]AC	1	8317.0	1923846008
JG0139d	11	115210590	U:GC[T>C]TA	-1	45633.0	1923891641
JG0139d	11	115359602	T:TC[T>G]TA	1	149012.0	1924040653
JG0139d	11	115577565	N:CC[T>A]TG	1	217963.0	1924258616
JG0139d	11	115664164	N:AC[T>C]TT	1	86599.0	1924345215
JG0139d	11	115756534	N:TC[T>A]CT	-1	92370.0	1924437585
JG0139d	11	116185873	N:AA[T>A]TT	-1	429339.0	1924866924
JG0139d	11	116938629	U:CC[T>C]CT	-1	752756.0	1925619680
JG0139d	11	117347743	U:TC[C>T]TA	1	409114.0	1926028794
JG0139d	11	117608949	T:AC[T>G]TG	1	261206.0	1926290000
JG0139d	11	117853892	T:TC[T>G]TT	1	244943.0	1926534943
JG0139d	11	118067959	U:AC[T>A]TC	-1	214067.0	1926749010
JG0139d	11	118187791	N:TC[T>A]TA	1	119832.0	1926868842
JG0139d	11	118284357	N:CC[T>G]TA	-1	96566.0	1926965408
JG0139d	11	118548268	T:TC[T>C]CA	1	263911.0	1927229319
JG0139d	11	118833743	N:CC[C>A]AT	-1	285475.0	1927514794
JG0139d	11	119270500	T:TG[C>A]AC	-1	436757.0	1927951551
JG0139d	11	119279593	T:AC[T>C]CC	-1	9093.0	1927960644
JG0139d	11	119657602	U:TC[T>C]CA	-1	378009.0	1928338653
JG0139d	11	119968392	N:TC[T>C]TC	-1	310790.0	1928649443
JG0139d	11	120380002	U:AC[T>A]TT	1	411610.0	1929061053
JG0139d	11	120400029	U:AC[T>C]TT	1	20027.0	1929081080
JG0139d	11	120641960	U:TC[T>G]TC	1	241931.0	1929323011
JG0139d	11	120991083	N:CC[T>C]CA	-1	349123.0	1929672134
JG0139d	11	121116222	U:CC[T>G]CC	1	125139.0	1929797273
JG0139d	11	121230678	N:GC[T>C]CC	-1	114456.0	1929911729
JG0139d	11	121876643	N:AC[T>C]CT	1	645965.0	1930557694
JG0139d	11	121951068	N:TG[T>C]AA	-1	74425.0	1930632119
JG0139d	11	122002333	N:TA[T>C]TT	-1	51265.0	1930683384
JG0139d	11	122308236	N:TC[T>C]TA	-1	305903.0	1930989287
JG0139d	11	122605111	N:TT[C>T]TG	-1	296875.0	1931286162
JG0139d	11	122742455	T:CC[T>C]TT	-1	137344.0	1931423506
JG0139d	11	123243795	N:TG[T>G]TG	-1	501340.0	1931924846
JG0139d	11	123295614	N:AC[T>C]GC	1	51819.0	1931976665
JG0139d	11	123471674	T:CC[T>G]TG	-1	176060.0	1932152725
JG0139d	11	123879793	N:TG[T>G]TG	1	408119.0	1932560844
JG0139d	11	123901541	N:AG[T>C]CT	-1	21748.0	1932582592
JG0139d	11	123911990	N:TG[T>C]CC	1	10449.0	1932593041
JG0139d	11	123932520	N:CC[T>C]CA	-1	20530.0	1932613571
JG0139d	11	124275166	N:TA[T>G]TT	1	342646.0	1932956217
JG0139d	11	124576088	N:GG[T>A]TG	-1	300922.0	1933257139
JG0139d	11	125006772	T:TC[T>G]TT	-1	430684.0	1933687823
JG0139d	11	125345471	T:TG[T>A]CT	-1	338699.0	1934026522
JG0139d	11	125595326	T:TG[T>G]TT	-1	249855.0	1934276377
JG0139d	11	125840542	N:CA[T>G]CT	-1	245216.0	1934521593
JG0139d	11	125936311	N:AC[T>G]TC	1	95769.0	1934617362
JG0139d	11	126081170	N:GC[T>C]GG	-1	144859.0	1934762221
JG0139d	11	126276195	T:GC[T>C]TG	-1	195025.0	1934957246
JG0139d	11	126407671	U:TC[T>A]CC	1	131476.0	1935088722
JG0139d	11	127049457	N:GC[T>C]GT	-1	641786.0	1935730508
JG0139d	11	127141900	N:TC[T>A]TA	1	92443.0	1935822951
JG0139d	11	127494644	N:AC[T>G]TT	-1	352744.0	1936175695
JG0139d	11	127779759	N:TC[T>C]TG	1	285115.0	1936460810
JG0139d	11	127870547	N:GC[T>G]TA	1	90788.0	1936551598
JG0139d	11	127933724	N:TG[T>G]TT	1	63177.0	1936614775
JG0139d	11	127934055	N:TT[T>C]TT	-1	331.0	1936615106
JG0139d	11	127935526	N:AC[T>C]TA	-1	1471.0	1936616577
JG0139d	11	128704139	T:GC[T>C]GA	-1	768613.0	1937385190
JG0139d	11	128922126	N:TC[T>C]CC	-1	217987.0	1937603177
JG0139d	11	129182835	U:CG[T>C]CA	-1	260709.0	1937863886
JG0139d	11	129249990	U:GG[T>A]CC	-1	67155.0	1937931041
JG0139d	11	129317802	N:CC[T>A]TG	-1	67812.0	1937998853
JG0139d	11	129441582	T:CC[C>A]AG	-1	123780.0	1938122633
JG0139d	11	129789801	N:CC[T>G]CC	-1	348219.0	1938470852
JG0139d	11	129831565	U:AG[T>G]TG	1	41764.0	1938512616
JG0139d	11	130089367	T:TC[T>G]TC	-1	257802.0	1938770418
JG0139d	11	130281066	U:CC[T>G]TG	-1	191699.0	1938962117
JG0139d	11	130757544	N:GC[T>C]TG	1	476478.0	1939438595
JG0139d	11	130869928	N:TC[T>A]TT	-1	112384.0	1939550979
JG0139d	11	130928403	N:TG[T>G]TT	1	58475.0	1939609454
JG0139d	11	130991596	N:CC[T>G]TT	1	63193.0	1939672647
JG0139d	11	131083832	N:AC[T>A]CC	-1	92236.0	1939764883
JG0139d	11	131142508	N:AG[T>G]CT	1	58676.0	1939823559
JG0139d	11	131231437	N:CC[T>C]TC	1	88929.0	1939912488
JG0139d	11	131329970	N:AC[T>A]TT	-1	98533.0	1940011021
JG0139d	11	131640619	U:TG[T>C]CT	1	310649.0	1940321670
JG0139d	11	132067747	U:CC[T>G]TG	1	427128.0	1940748798
JG0139d	11	132140926	T:CC[T>C]TC	-1	73179.0	1940821977
JG0139d	11	132161078	T:CC[T>G]TT	-1	20152.0	1940842129
JG0139d	11	132271644	U:GC[T>C]AA	1	110566.0	1940952695
JG0139d	11	132284625	T:TG[T>C]GA	-1	12981.0	1940965676
JG0139d	11	132546619	U:TC[T>G]CT	-1	261994.0	1941227670
JG0139d	11	132570646	U:CC[T>C]GC	-1	24027.0	1941251697
JG0139d	11	132629131	T:CC[T>G]CT	1	58485.0	1941310182
JG0139d	11	132757608	U:AC[T>G]TC	-1	128477.0	1941438659
JG0139d	11	132857406	U:TC[T>G]TC	-1	99798.0	1941538457
JG0139d	11	133260305	U:AT[T>G]TT	-1	402899.0	1941941356
JG0139d	11	133385741	T:GC[T>G]CA	1	125436.0	1942066792
JG0139d	11	134225956	T:AG[T>C]CA	-1	840215.0	1942907007
JG0139d	11	134352137	U:TG[T>G]TC	1	126181.0	1943033188
JG0139d	11	134860895	N:TC[T>C]AT	-1	508758.0	1943541946
JG0139d	12	1224499	T:AG[T>G]TT	-1		1944992172
JG0139d	12	1379291	T:TG[T>C]GT	-1	154792.0	1945146964
JG0139d	12	1630800	U:GG[T>C]GC	1	251509.0	1945398473
JG0139d	12	1920546	N:GC[T>G]GG	1	289746.0	1945688219
JG0139d	12	2461440	U:TC[T>G]CC	1	540894.0	1946229113
JG0139d	12	2515575	T:CT[T>G]TT	-1	54135.0	1946283248
JG0139d	12	3111027	U:TC[T>C]TG	1	595452.0	1946878700
JG0139d	12	3395240	U:TC[T>G]TG	1	284213.0	1947162913
JG0139d	12	3527766	U:AC[T>C]TC	1	132526.0	1947295439
JG0139d	12	5355355	N:AC[T>G]TT	-1	1827589.0	1949123028
JG0139d	12	5693792	T:CC[T>A]CT	1	338437.0	1949461465
JG0139d	12	6420828	N:AC[T>G]CT	-1	727036.0	1950188501
JG0139d	12	6429737	N:GT[T>G]TT	-1	8909.0	1950197410
JG0139d	12	7214578	T:CC[T>G]CC	-1	784841.0	1950982251
JG0139d	12	8372416	N:TC[T>G]TT	-1	1157838.0	1952140089
JG0139d	12	8717927	T:AT[T>G]TT	-1	345511.0	1952485600
JG0139d	12	8827841	U:TC[T>C]CT	1	109914.0	1952595514
JG0139d	12	8925749	T:CT[T>A]TT	-1	97908.0	1952693422
JG0139d	12	8969592	T:CC[T>A]CT	-1	43843.0	1952737265
JG0139d	12	9124894	N:AC[T>A]TG	1	155302.0	1952892567
JG0139d	12	9787695	N:AC[T>C]TC	-1	662801.0	1953555368
JG0139d	12	9960587	T:GC[T>G]TC	-1	172892.0	1953728260
JG0139d	12	10537444	N:GC[T>G]TT	1	576857.0	1954305117
JG0139d	12	10681948	N:TC[T>A]TT	1	144504.0	1954449621
JG0139d	12	10692500	N:GC[T>G]TT	1	10552.0	1954460173
JG0139d	12	11655685	U:GC[T>C]CT	1	963185.0	1955423358
JG0139d	12	12793234	N:TC[T>G]TG	1	1137549.0	1956560907
JG0139d	12	13227125	N:TC[T>C]TA	-1	433891.0	1956994798
JG0139d	12	13355686	N:AC[T>G]TA	1	128561.0	1957123359
JG0139d	12	13599577	U:AA[T>G]TG	-1	243891.0	1957367250
JG0139d	12	13714394	T:TC[T>C]TT	1	114817.0	1957482067
JG0139d	12	13934977	T:TG[T>C]TC	1	220583.0	1957702650
JG0139d	12	14038090	N:GC[T>C]TG	-1	103113.0	1957805763
JG0139d	12	14331194	N:CA[C>A]TC	-1	293104.0	1958098867
JG0139d	12	14607182	N:AC[T>C]AC	-1	275988.0	1958374855
JG0139d	12	15058988	N:CC[T>G]TT	-1	451806.0	1958826661
JG0139d	12	15283147	T:TG[T>G]TC	1	224159.0	1959050820
JG0139d	12	15415071	T:GC[T>A]CT	-1	131924.0	1959182744
JG0139d	12	16009182	U:TC[T>G]TA	1	594111.0	1959776855
JG0139d	12	16082738	N:GC[T>C]TC	1	73556.0	1959850411
JG0139d	12	16152544	N:TG[T>C]TT	-1	69806.0	1959920217
JG0139d	12	16569210	U:TT[T>G]TG	-1	416666.0	1960336883
JG0139d	12	16577042	T:TC[T>G]TT	1	7832.0	1960344715
JG0139d	12	16654463	N:AT[T>C]TG	1	77421.0	1960422136
JG0139d	12	18135534	N:TC[T>G]TT	-1	1481071.0	1961903207
JG0139d	12	18394873	T:TA[T>G]TT	-1	259339.0	1962162546
JG0139d	12	18528880	U:CC[T>G]TT	1	134007.0	1962296553
JG0139d	12	19089458	N:GG[T>C]CC	1	560578.0	1962857131
JG0139d	12	19262676	T:AC[T>A]TT	-1	173218.0	1963030349
JG0139d	12	19411663	U:TC[T>A]TC	1	148987.0	1963179336
JG0139d	12	20029585	N:CT[T>C]TC	1	617922.0	1963797258
JG0139d	12	20335658	N:CC[T>C]TG	-1	306073.0	1964103331
JG0139d	12	22119866	N:GG[T>G]TT	-1	1784208.0	1965887539
JG0139d	12	22143645	N:TC[T>G]TT	-1	23779.0	1965911318
JG0139d	12	22355565	N:AC[T>C]CA	1	211920.0	1966123238
JG0139d	12	22952351	N:GC[T>G]CT	1	596786.0	1966720024
JG0139d	12	23565544	T:TT[T>G]TA	1	613193.0	1967333217
JG0139d	12	23608616	U:CC[T>G]TG	-1	43072.0	1967376289
JG0139d	12	23704657	U:AC[T>A]TG	-1	96041.0	1967472330
JG0139d	12	23797575	U:TC[T>C]TT	-1	92918.0	1967565248
JG0139d	12	25107750	U:TG[T>A]TA	1	1310175.0	1968875423
JG0139d	12	25280142	N:AC[T>C]TT	-1	172392.0	1969047815
JG0139d	12	25497132	T:TT[T>G]TT	1	216990.0	1969264805
JG0139d	12	25537771	T:TA[C>G]TC	1	40639.0	1969305444
JG0139d	12	25645956	U:TG[T>C]CA	-1	108185.0	1969413629
JG0139d	12	25846386	N:AC[T>C]TC	1	200430.0	1969614059
JG0139d	12	25956170	N:TG[T>G]TT	1	109784.0	1969723843
JG0139d	12	26371189	U:AC[T>G]TT	-1	415019.0	1970138862
JG0139d	12	26944685	U:TC[T>G]TT	1	573496.0	1970712358
JG0139d	12	27192226	N:TG[T>C]TA	1	247541.0	1970959899
JG0139d	12	28042471	N:AC[T>G]TG	-1	850245.0	1971810144
JG0139d	12	28580007	N:GG[T>G]CG	1	537536.0	1972347680
JG0139d	12	29128674	N:GC[T>C]CC	1	548667.0	1972896347
JG0139d	12	30085561	N:TC[T>A]TC	-1	956887.0	1973853234
JG0139d	12	31536465	U:CC[T>G]TC	-1	1450904.0	1975304138
JG0139d	12	31552584	U:AC[T>C]CT	-1	16119.0	1975320257
JG0139d	12	31978747	T:CC[T>C]CT	-1	426163.0	1975746420
JG0139d	12	32087176	N:CG[T>C]TG	-1	108429.0	1975854849
JG0139d	12	32477605	U:TG[T>G]TT	1	390429.0	1976245278
JG0139d	12	32608104	U:GC[T>A]TT	1	130499.0	1976375777
JG0139d	12	33028944	N:TC[T>C]GA	-1	420840.0	1976796617
JG0139d	12	33171222	N:TG[T>G]TG	1	142278.0	1976938895
JG0139d	12	33280049	N:CC[T>C]GT	-1	108827.0	1977047722
JG0139d	12	33503206	N:GA[T>G]TT	1	223157.0	1977270879
JG0139d	12	34306139	N:AC[T>G]TA	1	802933.0	1978073812
JG0139d	12	34476349	N:AG[T>G]TG	-1	170210.0	1978244022
JG0139d	12	34483866	N:GT[T>G]TG	-1	7517.0	1978251539
JG0139d	12	34520390	N:GC[T>C]TT	-1	36524.0	1978288063
JG0139d	12	34611683	N:TG[T>C]CC	1	91293.0	1978379356
JG0139d	12	35040194	N:TC[T>G]TT	1	428511.0	1978807867
JG0139d	12	35123483	N:TC[T>C]TT	1	83289.0	1978891156
JG0139d	12	35141250	N:CC[T>G]TC	1	17767.0	1978908923
JG0139d	12	35162990	N:GC[T>C]CT	-1	21740.0	1978930663
JG0139d	12	36112328	N:TG[T>G]TC	1	949338.0	1979880001
JG0139d	12	37877464	N:GC[T>G]TG	-1	1765136.0	1981645137
JG0139d	12	38308256	N:TC[T>G]TA	1	430792.0	1982075929
JG0139d	12	38792963	U:TG[T>G]TA	-1	484707.0	1982560636
JG0139d	12	39067522	N:TC[T>C]GT	1	274559.0	1982835195
JG0139d	12	40126561	N:CC[T>A]TG	-1	1059039.0	1983894234
JG0139d	12	40940707	T:CA[T>G]TC	-1	814146.0	1984708380
JG0139d	12	42187287	U:AG[T>G]TA	-1	1246580.0	1985954960
JG0139d	12	43098725	N:GC[T>G]CA	-1	911438.0	1986866398
JG0139d	12	43153043	N:AG[T>G]TG	-1	54318.0	1986920716
JG0139d	12	43648520	N:TC[T>C]AT	-1	495477.0	1987416193
JG0139d	12	44547366	T:GC[T>G]TC	1	898846.0	1988315039
JG0139d	12	45009487	N:TT[C>A]AA	1	462121.0	1988777160
JG0139d	12	45548685	N:AC[T>G]TG	-1	539198.0	1989316358
JG0139d	12	45889723	T:CC[T>G]TG	-1	341038.0	1989657396
JG0139d	12	46777378	U:AC[T>C]CT	-1	887655.0	1990545051
JG0139d	12	47099055	U:AC[T>G]TC	1	321677.0	1990866728
JG0139d	12	47482977	N:TC[T>A]TA	1	383922.0	1991250650
JG0139d	12	47596197	N:TG[T>G]TC	1	113220.0	1991363870
JG0139d	12	47884589	U:AG[T>C]AC	-1	288392.0	1991652262
JG0139d	12	48561283	U:CC[T>G]TT	1	676694.0	1992328956
JG0139d	12	48959697	N:AG[T>G]TC	1	398414.0	1992727370
JG0139d	12	49059438	T:CC[T>G]CA	1	99741.0	1992827111
JG0139d	12	49211431	N:AC[T>A]TT	1	151993.0	1992979104
JG0139d	12	49508525	T:AC[T>G]GT	-1	297094.0	1993276198
JG0139d	12	49857287	N:AG[T>G]TT	1	348762.0	1993624960
JG0139d	12	49999327	T:AA[T>A]TT	1	142040.0	1993767000
JG0139d	12	50274974	U:CC[T>C]TT	-1	275647.0	1994042647
JG0139d	12	50303833	N:AC[T>C]TG	-1	28859.0	1994071506
JG0139d	12	51109122	T:CC[T>G]TG	1	805289.0	1994876795
JG0139d	12	51163110	U:GC[T>C]CA	-1	53988.0	1994930783
JG0139d	12	52752904	N:AC[T>A]CA	1	1589794.0	1996520577
JG0139d	12	53485739	T:TA[T>G]TA	1	732835.0	1997253412
JG0139d	12	54588886	N:AG[T>G]TC	-1	1103147.0	1998356559
JG0139d	12	54720561	N:CC[T>C]TT	-1	131675.0	1998488234
JG0139d	12	54812103	N:TC[T>C]TT	1	91542.0	1998579776
JG0139d	12	54845101	U:GC[T>C]GG	1	32998.0	1998612774
JG0139d	12	55764069	U:TC[T>C]TG	-1	918968.0	1999531742
JG0139d	12	55875384	N:TC[T>G]TC	1	111315.0	1999643057
JG0139d	12	55881120	N:GG[T>G]TT	-1	5736.0	1999648793
JG0139d	12	55980233	U:TC[T>G]CC	1	99113.0	1999747906
JG0139d	12	56147750	N:CC[T>G]CA	1	167517.0	1999915423
JG0139d	12	56607836	T:AC[T>G]TT	1	460086.0	2000375509
JG0139d	12	56625390	U:CC[T>C]GA	-1	17554.0	2000393063
JG0139d	12	57214541	N:AC[T>G]CA	1	589151.0	2000982214
JG0139d	12	57468430	U:TT[C>T]TC	1	253889.0	2001236103
JG0139d	12	57473859	U:AA[T>G]TA	-1	5429.0	2001241532
JG0139d	12	57974906	N:GC[T>G]GA	-1	501047.0	2001742579
JG0139d	12	57979402	N:CC[T>G]CT	-1	4496.0	2001747075
JG0139d	12	58269483	N:GC[T>G]TG	-1	290081.0	2002037156
JG0139d	12	59853184	N:AC[T>G]TT	-1	1583701.0	2003620857
JG0139d	12	60023979	N:AA[T>G]TT	1	170795.0	2003791652
JG0139d	12	60167147	N:CC[T>A]TT	-1	143168.0	2003934820
JG0139d	12	60591258	N:TC[T>C]CT	1	424111.0	2004358931
JG0139d	12	60695050	N:TA[T>G]TC	-1	103792.0	2004462723
JG0139d	12	61457970	N:AG[T>G]TT	-1	762920.0	2005225643
JG0139d	12	61556786	N:TC[T>G]CA	1	98816.0	2005324459
JG0139d	12	61684580	N:GC[T>G]TC	-1	127794.0	2005452253
JG0139d	12	61688626	N:TC[T>C]TC	1	4046.0	2005456299
JG0139d	12	62546283	U:CC[T>G]TT	1	857657.0	2006313956
JG0139d	12	62601650	N:TC[T>G]TA	1	55367.0	2006369323
JG0139d	12	62924803	U:CC[T>C]CC	-1	323153.0	2006692476
JG0139d	12	63016205	N:TC[T>G]TC	1	91402.0	2006783878
JG0139d	12	63073761	N:TC[T>C]TG	-1	57556.0	2006841434
JG0139d	12	63375437	N:AC[T>G]TA	1	301676.0	2007143110
JG0139d	12	64076213	T:TC[T>C]TT	-1	700776.0	2007843886
JG0139d	12	65325274	T:GC[T>G]TT	-1	1249061.0	2009092947
JG0139d	12	65518580	N:AC[T>G]AT	1	193306.0	2009286253
JG0139d	12	65593305	N:AC[T>C]CT	1	74725.0	2009360978
JG0139d	12	65650996	N:TT[T>G]TA	1	57691.0	2009418669
JG0139d	12	65849968	U:GC[T>G]TC	1	198972.0	2009617641
JG0139d	12	66005958	N:CC[T>G]CC	1	155990.0	2009773631
JG0139d	12	66216543	T:TC[T>G]CT	-1	210585.0	2009984216
JG0139d	12	67142305	N:TA[T>G]TT	-1	925762.0	2010909978
JG0139d	12	67169853	N:GC[T>A]CA	-1	27548.0	2010937526
JG0139d	12	67348372	N:AC[T>G]TG	-1	178519.0	2011116045
JG0139d	12	67816627	N:TA[T>A]TT	1	468255.0	2011584300
JG0139d	12	67923475	N:GC[T>C]TA	-1	106848.0	2011691148
JG0139d	12	68115120	N:TC[T>G]TT	1	191645.0	2011882793
JG0139d	12	68516446	N:AC[T>A]TC	-1	401326.0	2012284119
JG0139d	12	68724202	U:CC[T>C]CC	1	207756.0	2012491875
JG0139d	12	68952217	U:TA[T>C]TT	-1	228015.0	2012719890
JG0139d	12	68967112	N:TG[C>G]TT	1	14895.0	2012734785
JG0139d	12	70100307	N:TC[T>C]TT	-1	1133195.0	2013867980
JG0139d	12	70221073	N:GC[T>C]CT	-1	120766.0	2013988746
JG0139d	12	71381747	U:TC[T>C]CC	-1	1160674.0	2015149420
JG0139d	12	72272305	N:TC[T>G]CC	-1	890558.0	2016039978
JG0139d	12	72750913	N:CG[T>C]GC	-1	478608.0	2016518586
JG0139d	12	74101782	N:GG[T>G]CT	1	1350869.0	2017869455
JG0139d	12	75454589	N:GC[T>C]TG	-1	1352807.0	2019222262
JG0139d	12	77289749	N:GC[T>G]CC	-1	1835160.0	2021057422
JG0139d	12	78392226	N:TA[T>G]TT	-1	1102477.0	2022159899
JG0139d	12	78668784	N:AC[T>G]TG	-1	276558.0	2022436457
JG0139d	12	79899202	T:AA[T>G]TT	1	1230418.0	2023666875
JG0139d	12	79929358	T:GC[T>C]CA	1	30156.0	2023697031
JG0139d	12	80068959	N:AC[T>C]TT	1	139601.0	2023836632
JG0139d	12	80407609	U:CC[T>G]TC	1	338650.0	2024175282
JG0139d	12	80416262	T:TC[T>C]TC	-1	8653.0	2024183935
JG0139d	12	80568184	U:TG[T>C]CA	1	151922.0	2024335857
JG0139d	12	81019141	T:TG[T>G]TA	-1	450957.0	2024786814
JG0139d	12	81095001	U:TG[T>A]TA	1	75860.0	2024862674
JG0139d	12	81230618	U:GC[T>G]TA	1	135617.0	2024998291
JG0139d	12	82148753	N:AG[T>G]GC	-1	918135.0	2025916426
JG0139d	12	83090807	T:TC[T>C]GA	-1	942054.0	2026858480
JG0139d	12	83409509	N:AC[T>C]GA	1	318702.0	2027177182
JG0139d	12	84155292	N:TC[T>G]CA	-1	745783.0	2027922965
JG0139d	12	84628032	N:TC[T>C]TG	1	472740.0	2028395705
JG0139d	12	85779347	N:CC[T>G]TT	-1	1151315.0	2029547020
JG0139d	12	86026717	U:AC[T>G]TG	-1	247370.0	2029794390
JG0139d	12	87920097	N:TC[T>C]TC	1	1893380.0	2031687770
JG0139d	12	88540486	T:AC[T>C]CA	1	620389.0	2032308159
JG0139d	12	88982749	N:TA[T>G]CC	-1	442263.0	2032750422
JG0139d	12	89449709	T:AG[T>G]TT	1	466960.0	2033217382
JG0139d	12	89507129	T:GC[T>G]GG	1	57420.0	2033274802
JG0139d	12	90335797	N:AG[T>C]GA	-1	828668.0	2034103470
JG0139d	12	90552991	N:GC[T>G]TT	1	217194.0	2034320664
JG0139d	12	91119578	N:TC[T>G]TT	1	566587.0	2034887251
JG0139d	12	91331413	N:AC[T>G]TT	1	211835.0	2035099086
JG0139d	12	91693968	N:GC[T>C]GA	1	362555.0	2035461641
JG0139d	12	92317312	N:AC[T>G]TC	-1	623344.0	2036084985
JG0139d	12	92326580	N:AC[T>A]TT	1	9268.0	2036094253
JG0139d	12	92479188	N:AG[T>G]TC	1	152608.0	2036246861
JG0139d	12	93206423	N:TG[T>G]TC	-1	727235.0	2036974096
JG0139d	12	94317175	U:TG[T>C]CA	-1	1110752.0	2038084848
JG0139d	12	94439477	T:AC[T>A]AG	1	122302.0	2038207150
JG0139d	12	94805124	N:CC[T>C]CT	1	365647.0	2038572797
JG0139d	12	94827937	N:TG[T>A]CT	-1	22813.0	2038595610
JG0139d	12	95845123	N:GG[C>A]CA	1	1017186.0	2039612796
JG0139d	12	96535274	U:AC[T>C]CC	1	690151.0	2040302947
JG0139d	12	97527161	N:CC[T>G]CT	-1	991887.0	2041294834
JG0139d	12	97787602	N:TA[T>G]TA	1	260441.0	2041555275
JG0139d	12	98032657	N:TC[T>C]CT	1	245055.0	2041800330
JG0139d	12	98408286	N:TT[T>A]AA	1	375629.0	2042175959
JG0139d	12	99671405	U:TC[T>C]TC	-1	1263119.0	2043439078
JG0139d	12	100008072	N:AA[T>G]TT	1	336667.0	2043775745
JG0139d	12	100577668	T:TC[T>G]TC	-1	569596.0	2044345341
JG0139d	12	101139648	N:AC[T>A]CC	1	561980.0	2044907321
JG0139d	12	101255949	N:AC[T>G]TA	1	116301.0	2045023622
JG0139d	12	101370922	T:AC[T>G]TA	-1	114973.0	2045138595
JG0139d	12	101479104	U:AC[T>A]CC	1	108182.0	2045246777
JG0139d	12	102254721	N:TC[T>G]CT	1	775617.0	2046022394
JG0139d	12	102267662	N:CG[T>G]TC	-1	12941.0	2046035335
JG0139d	12	102456318	T:AC[T>G]TC	1	188656.0	2046223991
JG0139d	12	102884595	T:CT[T>G]TG	1	428277.0	2046652268
JG0139d	12	103846427	N:TC[T>A]GT	1	961832.0	2047614100
JG0139d	12	104911795	U:CC[T>C]TA	-1	1065368.0	2048679468
JG0139d	12	105119847	U:AC[T>A]TT	1	208052.0	2048887520
JG0139d	12	105335606	T:GC[T>G]TT	-1	215759.0	2049103279
JG0139d	12	106071980	T:TC[T>G]TT	1	736374.0	2049839653
JG0139d	12	106738452	U:CC[T>G]CA	1	666472.0	2050506125
JG0139d	12	106794094	T:TA[T>G]TG	-1	55642.0	2050561767
JG0139d	12	106941551	N:TG[T>G]TT	-1	147457.0	2050709224
JG0139d	12	107230610	N:TG[T>G]AT	1	289059.0	2050998283
JG0139d	12	107680810	N:GC[T>C]TA	1	450200.0	2051448483
JG0139d	12	107943563	N:CT[T>G]TT	-1	262753.0	2051711236
JG0139d	12	108342151	N:TC[T>C]TC	-1	398588.0	2052109824
JG0139d	12	109632842	N:CC[T>G]TC	-1	1290691.0	2053400515
JG0139d	12	109810516	U:CC[T>C]TC	-1	177674.0	2053578189
JG0139d	12	110359500	N:AT[T>A]AG	1	548984.0	2054127173
JG0139d	12	110654065	T:TC[T>G]TT	1	294565.0	2054421738
JG0139d	12	110730654	T:GC[T>G]TT	1	76589.0	2054498327
JG0139d	12	111055537	T:TG[C>A]TC	-1	324883.0	2054823210
JG0139d	12	111364175	T:CC[T>G]TC	1	308638.0	2055131848
JG0139d	12	111729164	U:GC[T>G]CC	1	364989.0	2055496837
JG0139d	12	111852895	U:CC[T>G]CC	1	123731.0	2055620568
JG0139d	12	112093339	U:TC[T>A]CG	-1	240444.0	2055861012
JG0139d	12	112135431	U:TC[T>G]TT	1	42092.0	2055903104
JG0139d	12	112365690	U:GC[T>G]TC	-1	230259.0	2056133363
JG0139d	12	112646257	T:TG[T>A]CA	-1	280567.0	2056413930
JG0139d	12	112709078	T:CA[T>G]TT	-1	62821.0	2056476751
JG0139d	12	112859898	U:GC[T>C]TA	1	150820.0	2056627571
JG0139d	12	113230718	T:GC[T>G]TC	-1	370820.0	2056998391
JG0139d	12	113431674	T:GC[T>A]TG	-1	200956.0	2057199347
JG0139d	12	113585822	N:AC[T>G]GC	-1	154148.0	2057353495
JG0139d	12	113750646	N:CC[T>C]TG	1	164824.0	2057518319
JG0139d	12	113912348	T:CG[T>G]GC	1	161702.0	2057680021
JG0139d	12	114114651	N:TC[T>G]CT	1	202303.0	2057882324
JG0139d	12	114551007	N:GC[T>G]TA	-1	436356.0	2058318680
JG0139d	12	115415815	N:TG[T>G]TA	1	864808.0	2059183488
JG0139d	12	115614697	N:GG[C>G]CC	1	198882.0	2059382370
JG0139d	12	116255540	U:GC[T>G]TT	-1	640843.0	2060023213
JG0139d	12	116283734	N:AC[T>G]TT	1	28194.0	2060051407
JG0139d	12	116308792	N:AC[T>G]TC	1	25058.0	2060076465
JG0139d	12	116510674	N:TC[T>G]TG	1	201882.0	2060278347
JG0139d	12	117216758	T:GG[T>C]GT	1	706084.0	2060984431
JG0139d	12	117382574	N:GT[C>G]TG	-1	165816.0	2061150247
JG0139d	12	117445338	N:AC[T>G]GA	-1	62764.0	2061213011
JG0139d	12	117493660	T:TC[T>G]CC	1	48322.0	2061261333
JG0139d	12	117502376	T:CC[T>C]TT	1	8716.0	2061270049
JG0139d	12	117850423	U:GC[T>G]TG	-1	348047.0	2061618096
JG0139d	12	117928948	U:GC[T>G]TG	-1	78525.0	2061696621
JG0139d	12	117957484	T:TC[T>C]CA	1	28536.0	2061725157
JG0139d	12	118123276	N:CC[T>C]CC	-1	165792.0	2061890949
JG0139d	12	118463300	N:GG[T>G]TG	-1	340024.0	2062230973
JG0139d	12	118892986	N:GC[T>G]TA	-1	429686.0	2062660659
JG0139d	12	119412427	T:TG[T>C]TG	-1	519441.0	2063180100
JG0139d	12	120110960	U:AG[T>G]GG	-1	698533.0	2063878633
JG0139d	12	121077745	N:AC[T>G]TT	-1	966785.0	2064845418
JG0139d	12	121081069	N:TC[T>G]TA	-1	3324.0	2064848742
JG0139d	12	121740189	T:CT[T>G]TA	-1	659120.0	2065507862
JG0139d	12	122730791	U:CC[T>G]TC	-1	990602.0	2066498464
JG0139d	12	122769391	U:GC[T>C]GC	1	38600.0	2066537064
JG0139d	12	123680335	T:TC[T>C]TG	-1	910944.0	2067448008
JG0139d	12	124644791	N:TC[T>C]CA	1	964456.0	2068412464
JG0139d	12	125175273	N:AG[T>C]GT	1	530482.0	2068942946
JG0139d	12	125274833	N:TC[T>G]TC	-1	99560.0	2069042506
JG0139d	12	126033206	N:CC[T>G]GT	-1	758373.0	2069800879
JG0139d	12	126048480	N:TC[T>C]AA	-1	15274.0	2069816153
JG0139d	12	126062746	N:TA[T>G]TT	1	14266.0	2069830419
JG0139d	12	126097665	N:CC[T>C]TC	-1	34919.0	2069865338
JG0139d	12	126956151	N:AC[T>C]GT	1	858486.0	2070723824
JG0139d	12	127062546	N:AG[T>G]CT	-1	106395.0	2070830219
JG0139d	12	127669310	N:TC[T>C]TA	1	606764.0	2071436983
JG0139d	12	128116256	N:CA[T>G]TG	-1	446946.0	2071883929
JG0139d	12	128661756	T:TA[T>G]TC	-1	545500.0	2072429429
JG0139d	12	128899600	T:AC[T>A]CC	-1	237844.0	2072667273
JG0139d	12	128978292	T:AC[T>G]TG	-1	78692.0	2072745965
JG0139d	12	129302069	U:GC[T>A]TC	-1	323777.0	2073069742
JG0139d	12	129336806	U:CC[T>C]CG	-1	34737.0	2073104479
JG0139d	12	130318906	N:CC[T>C]CA	-1	982100.0	2074086579
JG0139d	12	130556597	U:GG[T>C]CT	-1	237691.0	2074324270
JG0139d	12	131304019	N:CA[T>G]CA	1	747422.0	2075071692
JG0139d	12	131908102	T:CC[T>A]GC	-1	604083.0	2075675775
JG0139d	13	16361933	N:TG[T>G]TG	1		2093404915
JG0139d	13	17056477	N:TG[T>C]CT	-1	694544.0	2094099459
JG0139d	13	17151983	N:TG[T>G]TT	-1	95506.0	2094194965
JG0139d	13	18462627	N:GC[T>G]TA	-1	1310644.0	2095505609
JG0139d	13	18896145	N:AG[C>T]GC	1	433518.0	2095939127
JG0139d	13	19560768	N:CC[T>C]TC	-1	664623.0	2096603750
JG0139d	13	20050445	T:TT[T>G]GT	-1	489677.0	2097093427
JG0139d	13	20304440	N:GG[T>G]TG	1	253995.0	2097347422
JG0139d	13	21181904	N:TC[T>C]CA	1	877464.0	2098224886
JG0139d	13	21535382	T:AG[T>A]TT	1	353478.0	2098578364
JG0139d	13	22452545	N:TC[T>A]TG	-1	917163.0	2099495527
JG0139d	13	23071540	N:TC[T>C]CA	1	618995.0	2100114522
JG0139d	13	23896240	T:AC[T>G]CA	1	824700.0	2100939222
JG0139d	13	24536015	N:TC[T>A]CC	1	639775.0	2101578997
JG0139d	13	25783897	T:CT[T>G]TC	-1	1247882.0	2102826879
JG0139d	13	25829260	U:TG[T>C]GT	1	45363.0	2102872242
JG0139d	13	26096629	N:AC[T>C]TG	1	267369.0	2103139611
JG0139d	13	26391342	T:GC[T>G]TG	-1	294713.0	2103434324
JG0139d	13	27087731	T:GC[T>C]TG	1	696389.0	2104130713
JG0139d	13	27640557	U:AG[T>A]TC	1	552826.0	2104683539
JG0139d	13	27832012	N:AC[T>C]GG	1	191455.0	2104874994
JG0139d	13	28670098	T:TC[T>A]CA	-1	838086.0	2105713080
JG0139d	13	29159243	T:TC[T>C]TT	-1	489145.0	2106202225
JG0139d	13	29406041	U:CC[T>G]TA	1	246798.0	2106449023
JG0139d	13	29480636	U:CC[T>G]TC	1	74595.0	2106523618
JG0139d	13	29687612	N:CG[T>C]TC	-1	206976.0	2106730594
JG0139d	13	30056897	N:GG[T>C]CA	1	369285.0	2107099879
JG0139d	13	30379161	N:CC[T>G]TG	-1	322264.0	2107422143
JG0139d	13	31062532	N:TC[T>G]TG	-1	683371.0	2108105514
JG0139d	13	31936399	T:TG[T>C]CC	-1	873867.0	2108979381
JG0139d	13	31938690	T:TG[T>C]GG	-1	2291.0	2108981672
JG0139d	13	31968465	T:TC[T>C]AA	-1	29775.0	2109011447
JG0139d	13	32050008	U:TC[T>G]TG	1	81543.0	2109092990
JG0139d	13	32213500	U:TC[T>G]TT	1	163492.0	2109256482
JG0139d	13	32484100	U:TC[T>G]TG	-1	270600.0	2109527082
JG0139d	13	33847914	U:TC[T>G]TT	1	1363814.0	2110890896
JG0139d	13	34524424	N:TT[C>G]TT	1	676510.0	2111567406
JG0139d	13	36080544	T:CC[T>G]TG	1	1556120.0	2113123526
JG0139d	13	36836808	N:CC[T>A]GC	1	756264.0	2113879790
JG0139d	13	38109582	N:TC[T>G]TC	-1	1272774.0	2115152564
JG0139d	13	38896922	N:GT[T>G]TC	1	787340.0	2115939904
JG0139d	13	39247395	N:AC[T>G]TT	-1	350473.0	2116290377
JG0139d	13	39372341	U:AC[T>C]TG	-1	124946.0	2116415323
JG0139d	13	39874073	N:TC[T>G]TT	-1	501732.0	2116917055
JG0139d	13	41146266	N:TC[T>C]TA	-1	1272193.0	2118189248
JG0139d	13	42124970	U:AC[T>A]CC	1	978704.0	2119167952
JG0139d	13	43455017	T:CC[T>C]GT	1	1330047.0	2120497999
JG0139d	13	44012295	N:GC[T>C]TA	1	557278.0	2121055277
JG0139d	13	44521971	U:TC[T>G]TG	-1	509676.0	2121564953
JG0139d	13	44913889	N:AG[T>C]TG	1	391918.0	2121956871
JG0139d	13	45195529	U:TC[T>G]TG	1	281640.0	2122238511
JG0139d	13	45401134	T:GC[T>A]TC	1	205605.0	2122444116
JG0139d	13	45587886	T:CC[C>A]TG	1	186752.0	2122630868
JG0139d	13	46050981	T:GC[T>C]CC	1	463095.0	2123093963
JG0139d	13	46431590	U:GC[T>G]TT	-1	380609.0	2123474572
JG0139d	13	47765315	N:TG[T>G]TT	-1	1333725.0	2124808297
JG0139d	13	47813503	N:GC[T>A]AG	-1	48188.0	2124856485
JG0139d	13	48275541	N:TC[T>G]TC	-1	462038.0	2125318523
JG0139d	13	48289558	N:CC[T>C]CC	-1	14017.0	2125332540
JG0139d	13	48471465	T:TG[T>G]CA	-1	181907.0	2125514447
JG0139d	13	48648224	N:AC[T>G]CT	-1	176759.0	2125691206
JG0139d	13	48772504	N:CC[T>G]TC	-1	124280.0	2125815486
JG0139d	13	49073507	U:CC[T>A]CA	1	301003.0	2126116489
JG0139d	13	49095366	U:TC[T>C]GC	1	21859.0	2126138348
JG0139d	13	49630322	U:CC[T>A]TG	1	534956.0	2126673304
JG0139d	13	49782356	U:AC[T>G]TG	-1	152034.0	2126825338
JG0139d	13	50597281	N:GC[T>G]TA	1	814925.0	2127640263
JG0139d	13	51143392	N:GG[T>G]TT	-1	546111.0	2128186374
JG0139d	13	51179241	N:CC[T>G]TG	1	35849.0	2128222223
JG0139d	13	51384619	T:TC[T>C]CC	1	205378.0	2128427601
JG0139d	13	51812815	N:CC[T>C]TG	-1	428196.0	2128855797
JG0139d	13	53644214	N:TA[T>G]CA	1	1831399.0	2130687196
JG0139d	13	53739248	N:CC[T>C]TT	1	95034.0	2130782230
JG0139d	13	53918410	N:AG[T>G]TT	1	179162.0	2130961392
JG0139d	13	53997113	N:TC[T>A]TT	1	78703.0	2131040095
JG0139d	13	54124512	N:GG[T>C]CA	-1	127399.0	2131167494
JG0139d	13	54214100	N:GC[T>C]TT	1	89588.0	2131257082
JG0139d	13	54443645	N:TG[C>A]AA	-1	229545.0	2131486627
JG0139d	13	54823125	N:AC[T>C]CC	1	379480.0	2131866107
JG0139d	13	55274000	N:TG[T>C]CT	1	450875.0	2132316982
JG0139d	13	55880545	N:TC[T>C]CT	1	606545.0	2132923527
JG0139d	13	57070810	N:CC[T>C]TA	-1	1190265.0	2134113792
JG0139d	13	58011962	N:TC[T>G]TT	-1	941152.0	2135054944
JG0139d	13	58538479	N:TC[T>C]TA	1	526517.0	2135581461
JG0139d	13	59570682	N:TG[T>A]CC	1	1032203.0	2136613664
JG0139d	13	60111272	U:AC[T>C]TT	-1	540590.0	2137154254
JG0139d	13	60223644	N:TG[C>T]AT	1	112372.0	2137266626
JG0139d	13	60342679	N:GC[T>A]CA	-1	119035.0	2137385661
JG0139d	13	60418103	T:CC[T>C]TT	-1	75424.0	2137461085
JG0139d	13	60517430	U:TC[T>G]TA	1	99327.0	2137560412
JG0139d	13	61964123	N:TC[T>C]CA	-1	1446693.0	2139007105
JG0139d	13	62025901	N:CC[T>C]TT	1	61778.0	2139068883
JG0139d	13	62154534	N:TC[T>C]TA	1	128633.0	2139197516
JG0139d	13	62155585	N:AG[T>G]TA	1	1051.0	2139198567
JG0139d	13	62282642	N:GC[T>C]GG	1	127057.0	2139325624
JG0139d	13	62525169	N:AC[T>G]TG	-1	242527.0	2139568151
JG0139d	13	62595835	N:TC[T>C]AG	-1	70666.0	2139638817
JG0139d	13	64377502	N:AC[T>G]TG	1	1781667.0	2141420484
JG0139d	13	64677760	N:TC[T>A]TC	1	300258.0	2141720742
JG0139d	13	64703215	N:TC[T>A]CC	1	25455.0	2141746197
JG0139d	13	65304628	N:AT[T>C]TC	-1	601413.0	2142347610
JG0139d	13	65893189	N:TC[T>G]TG	1	588561.0	2142936171
JG0139d	13	66540137	U:AC[T>G]TT	-1	646948.0	2143583119
JG0139d	13	66760149	T:CC[T>G]TC	1	220012.0	2143803131
JG0139d	13	67072502	T:CA[T>G]TA	1	312353.0	2144115484
JG0139d	13	67299733	N:AC[T>G]TG	-1	227231.0	2144342715
JG0139d	13	67445592	N:GC[T>G]TC	1	145859.0	2144488574
JG0139d	13	68709511	N:TC[T>C]AT	-1	1263919.0	2145752493
JG0139d	13	69072914	N:AC[T>G]TA	1	363403.0	2146115896
JG0139d	13	69126496	N:TC[T>G]TA	1	53582.0	2146169478
JG0139d	13	69170767	N:AC[T>C]CT	1	44271.0	2146213749
JG0139d	13	69176203	N:AG[T>G]TA	-1	5436.0	2146219185
JG0139d	13	69759031	U:CC[T>C]GC	-1	582828.0	2146802013
JG0139d	13	69794703	U:TC[T>C]TC	-1	35672.0	2146837685
JG0139d	13	71807297	U:AC[T>C]AT	-1	2012594.0	2148850279
JG0139d	13	72504213	N:GT[T>A]GG	-1	696916.0	2149547195
JG0139d	13	73526328	N:CC[T>C]CC	1	1022115.0	2150569310
JG0139d	13	73797366	T:TC[T>G]TC	1	271038.0	2150840348
JG0139d	13	73913752	T:TT[T>G]TA	1	116386.0	2150956734
JG0139d	13	74356753	N:AC[T>G]TT	-1	443001.0	2151399735
JG0139d	13	74485654	N:CC[T>A]TG	1	128901.0	2151528636
JG0139d	13	74781011	N:TG[T>G]TT	-1	295357.0	2151823993
JG0139d	13	74984201	N:GG[T>C]TT	-1	203190.0	2152027183
JG0139d	13	75302003	U:TC[T>C]TA	-1	317802.0	2152344985
JG0139d	13	75559870	U:GC[T>G]TC	1	257867.0	2152602852
JG0139d	13	76895092	N:TC[T>G]TA	-1	1335222.0	2153938074
JG0139d	13	77167332	U:GC[T>C]CC	-1	272240.0	2154210314
JG0139d	13	77439680	N:CC[T>G]TA	1	272348.0	2154482662
JG0139d	13	77577938	U:AG[T>G]TT	1	138258.0	2154620920
JG0139d	13	77955751	T:TC[T>G]TG	1	377813.0	2154998733
JG0139d	13	78236028	N:TC[T>G]CC	1	280277.0	2155279010
JG0139d	13	78405329	N:AC[T>G]TT	-1	169301.0	2155448311
JG0139d	13	78509805	N:AA[T>A]AG	-1	104476.0	2155552787
JG0139d	13	79917139	N:GC[T>C]AA	1	1407334.0	2156960121
JG0139d	13	80606676	N:GC[T>G]GA	-1	689537.0	2157649658
JG0139d	13	81949116	N:GC[T>C]CA	-1	1342440.0	2158992098
JG0139d	13	82092720	N:TC[T>A]CC	-1	143604.0	2159135702
JG0139d	13	83353799	N:CC[T>C]CA	1	1261079.0	2160396781
JG0139d	13	83357848	N:CC[T>C]TC	1	4049.0	2160400830
JG0139d	13	83825093	N:AG[T>C]TC	-1	467245.0	2160868075
JG0139d	13	86315460	N:TC[T>A]CC	-1	2490367.0	2163358442
JG0139d	13	86364400	N:TC[T>C]TC	-1	48940.0	2163407382
JG0139d	13	86739402	N:TA[C>G]TA	-1	375002.0	2163782384
JG0139d	13	87615241	N:GG[T>C]TG	-1	875839.0	2164658223
JG0139d	13	88870757	N:GC[C>A]TC	-1	1255516.0	2165913739
JG0139d	13	89155593	N:GG[T>C]TT	1	284836.0	2166198575
JG0139d	13	89556905	N:GA[T>C]TG	1	401312.0	2166599887
JG0139d	13	89787797	N:GG[T>G]TT	1	230892.0	2166830779
JG0139d	13	90658513	N:CT[C>A]GT	1	870716.0	2167701495
JG0139d	13	90945161	N:TG[T>G]TG	1	286648.0	2167988143
JG0139d	13	92018215	T:AC[T>A]TA	-1	1073054.0	2169061197
JG0139d	13	92080903	U:GC[T>G]CC	1	62688.0	2169123885
JG0139d	13	92775851	U:TG[T>G]TT	1	694948.0	2169818833
JG0139d	13	93254402	T:TA[T>C]TT	-1	478551.0	2170297384
JG0139d	13	93509083	T:GC[T>C]CA	-1	254681.0	2170552065
JG0139d	13	93784527	T:GC[T>G]TT	-1	275444.0	2170827509
JG0139d	13	93792175	U:CC[T>A]TC	1	7648.0	2170835157
JG0139d	13	95192471	T:AT[T>G]TT	1	1400296.0	2172235453
JG0139d	13	95930617	T:TG[T>A]GT	1	738146.0	2172973599
JG0139d	13	96581727	U:AG[T>C]CA	1	651110.0	2173624709
JG0139d	13	98329897	T:CC[T>A]TA	-1	1748170.0	2175372879
JG0139d	13	100396530	U:AG[T>C]TT	1	2066633.0	2177439512
JG0139d	13	100725485	N:TG[T>C]GT	1	328955.0	2177768467
JG0139d	13	102117667	U:TC[T>C]GG	-1	1392182.0	2179160649
JG0139d	13	102220481	T:AG[T>G]TT	1	102814.0	2179263463
JG0139d	13	105692318	N:TG[T>G]TT	-1	3471837.0	2182735300
JG0139d	13	106221113	N:TG[C>T]CT	1	528795.0	2183264095
JG0139d	13	106285255	N:TC[T>C]TT	1	64142.0	2183328237
JG0139d	13	107198066	U:TC[T>C]CT	-1	912811.0	2184241048
JG0139d	13	108883608	U:GC[T>A]CA	1	1685542.0	2185926590
JG0139d	13	110890515	U:TC[T>G]GT	-1	2006907.0	2187933497
JG0139d	13	112115958	N:GG[C>T]GG	-1	1225443.0	2189158940
JG0139d	13	112243887	N:TC[T>C]TT	1	127929.0	2189286869
JG0139d	13	112292223	N:GC[T>A]CC	-1	48336.0	2189335205
JG0139d	13	112378720	T:GG[C>G]TC	-1	86497.0	2189421702
JG0139d	13	113400136	T:TC[T>C]TT	1	1021416.0	2190443118
JG0139d	13	113671695	T:CC[T>A]CG	-1	271559.0	2190714677
JG0139d	14	16226487	N:TC[T>G]TT	1		2207633797
JG0139d	14	16369537	N:AA[T>G]CT	1	143050.0	2207776847
JG0139d	14	16751978	N:AC[T>G]TG	-1	382441.0	2208159288
JG0139d	14	16783262	N:GC[T>C]TC	-1	31284.0	2208190572
JG0139d	14	16869956	N:GG[T>G]TT	1	86694.0	2208277266
JG0139d	14	16951474	N:AG[T>G]TG	-1	81518.0	2208358784
JG0139d	14	17094685	N:TC[T>C]CA	1	143211.0	2208501995
JG0139d	14	17556825	N:TC[T>A]TT	1	462140.0	2208964135
JG0139d	14	17605596	N:GC[T>C]CT	1	48771.0	2209012906
JG0139d	14	17860269	N:AC[T>G]TT	-1	254673.0	2209267579
JG0139d	14	17942524	N:GC[T>G]TC	-1	82255.0	2209349834
JG0139d	14	18064364	N:GC[T>A]TT	1	121840.0	2209471674
JG0139d	14	18171792	N:GC[T>G]TC	-1	107428.0	2209579102
JG0139d	14	19125705	N:CC[T>C]TT	1	953913.0	2210533015
JG0139d	14	19834179	N:AC[T>G]CT	-1	708474.0	2211241489
JG0139d	14	20110065	N:AC[T>A]CC	-1	275886.0	2211517375
JG0139d	14	20240360	U:AA[T>G]TT	1	130295.0	2211647670
JG0139d	14	20355526	U:TC[T>G]CA	1	115166.0	2211762836
JG0139d	14	20519106	N:CC[T>G]CC	1	163580.0	2211926416
JG0139d	14	21257535	U:AC[T>C]TC	-1	738429.0	2212664845
JG0139d	14	21537452	N:CC[T>G]TC	1	279917.0	2212944762
JG0139d	14	21668104	U:TG[T>G]TT	-1	130652.0	2213075414
JG0139d	14	21817285	N:TC[T>C]TG	-1	149181.0	2213224595
JG0139d	14	22410064	N:AG[T>G]TT	-1	592779.0	2213817374
JG0139d	14	22766890	U:CC[T>G]CG	1	356826.0	2214174200
JG0139d	14	22930303	N:AC[T>A]CC	1	163413.0	2214337613
JG0139d	14	23295591	T:GG[T>G]CA	1	365288.0	2214702901
JG0139d	14	23662125	N:TC[T>C]TC	1	366534.0	2215069435
JG0139d	14	23686586	N:TC[T>G]TT	1	24461.0	2215093896
JG0139d	14	23716418	N:TC[T>C]TG	1	29832.0	2215123728
JG0139d	14	23764609	N:TC[T>G]TC	1	48191.0	2215171919
JG0139d	14	24157513	U:CC[T>G]TT	1	392904.0	2215564823
JG0139d	14	24380168	N:AC[T>G]TT	-1	222655.0	2215787478
JG0139d	14	24550856	N:TC[T>C]TT	1	170688.0	2215958166
JG0139d	14	24718333	N:TG[T>G]TT	-1	167477.0	2216125643
JG0139d	14	24802959	N:GC[T>G]TT	-1	84626.0	2216210269
JG0139d	14	25419715	N:CC[T>C]TC	-1	616756.0	2216827025
JG0139d	14	25973708	N:AC[T>C]CA	1	553993.0	2217381018
JG0139d	14	26152057	N:TC[T>A]CT	-1	178349.0	2217559367
JG0139d	14	26283751	N:TC[T>C]CA	-1	131694.0	2217691061
JG0139d	14	26599922	N:AC[T>G]TT	-1	316171.0	2218007232
JG0139d	14	27165713	N:TC[T>G]TT	1	565791.0	2218573023
JG0139d	14	27770167	N:TC[T>C]TG	-1	604454.0	2219177477
JG0139d	14	27844574	N:CC[T>G]TC	1	74407.0	2219251884
JG0139d	14	28193610	N:TC[T>G]TG	-1	349036.0	2219600920
JG0139d	14	28194995	N:TC[T>C]TT	-1	1385.0	2219602305
JG0139d	14	28926627	N:AG[T>G]CT	1	731632.0	2220333937
JG0139d	14	29392203	N:GC[T>A]TG	-1	465576.0	2220799513
JG0139d	14	29431259	N:TG[T>A]GA	1	39056.0	2220838569
JG0139d	14	29486645	N:AC[T>G]TG	1	55386.0	2220893955
JG0139d	14	29617273	T:AC[T>C]TT	1	130628.0	2221024583
JG0139d	14	30067823	T:AC[T>A]CT	1	450550.0	2221475133
JG0139d	14	30204014	N:CC[T>C]TG	-1	136191.0	2221611324
JG0139d	14	30326543	N:TC[T>C]TA	1	122529.0	2221733853
JG0139d	14	30340375	N:TG[T>G]TG	1	13832.0	2221747685
JG0139d	14	30465827	N:TC[T>C]CA	-1	125452.0	2221873137
JG0139d	14	30525625	N:CT[T>G]TC	1	59798.0	2221932935
JG0139d	14	31094174	T:CC[T>C]CT	-1	568549.0	2222501484
JG0139d	14	31131828	U:TC[T>A]TT	-1	37654.0	2222539138
JG0139d	14	31308029	U:GC[T>G]TT	-1	176201.0	2222715339
JG0139d	14	31358765	U:CC[T>C]TA	-1	50736.0	2222766075
JG0139d	14	32001575	N:AC[T>G]TA	-1	642810.0	2223408885
JG0139d	14	32254156	N:GC[T>C]CT	-1	252581.0	2223661466
JG0139d	14	32736142	U:AC[T>A]TT	1	481986.0	2224143452
JG0139d	14	32924490	N:CC[T>C]CC	1	188348.0	2224331800
JG0139d	14	32960421	T:GC[T>C]TC	-1	35931.0	2224367731
JG0139d	14	33390495	T:TC[T>G]TA	-1	430074.0	2224797805
JG0139d	14	33513665	U:CC[T>C]TC	1	123170.0	2224920975
JG0139d	14	33563498	U:AC[T>C]TT	1	49833.0	2224970808
JG0139d	14	34727512	N:GG[T>G]TT	1	1164014.0	2226134822
JG0139d	14	35586230	T:GT[T>C]CA	1	858718.0	2226993540
JG0139d	14	35737550	U:AC[T>C]CC	-1	151320.0	2227144860
JG0139d	14	36245443	N:TC[T>A]TG	1	507893.0	2227652753
JG0139d	14	36249685	N:AC[T>G]CA	1	4242.0	2227656995
JG0139d	14	36569264	N:AC[T>G]CA	-1	319579.0	2227976574
JG0139d	14	36760111	T:AG[T>C]CG	1	190847.0	2228167421
JG0139d	14	36842056	T:CC[T>C]TA	1	81945.0	2228249366
JG0139d	14	36871924	U:TC[T>C]GA	-1	29868.0	2228279234
JG0139d	14	36927480	T:GG[T>G]TT	1	55556.0	2228334790
JG0139d	14	37062812	T:TC[T>G]TA	1	135332.0	2228470122
JG0139d	14	37550867	U:AG[T>C]TT	1	488055.0	2228958177
JG0139d	14	37933430	N:TC[T>G]TC	-1	382563.0	2229340740
JG0139d	14	38198274	N:AG[T>C]TG	1	264844.0	2229605584
JG0139d	14	38220317	N:CC[T>C]CA	-1	22043.0	2229627627
JG0139d	14	38357771	N:AG[T>G]TC	-1	137454.0	2229765081
JG0139d	14	39146438	N:GC[T>A]TC	1	788667.0	2230553748
JG0139d	14	39287487	U:AG[T>G]TT	1	141049.0	2230694797
JG0139d	14	39492765	N:TG[T>G]TG	1	205278.0	2230900075
JG0139d	14	39547815	N:TC[T>C]TT	-1	55050.0	2230955125
JG0139d	14	39887610	N:TC[T>C]TT	-1	339795.0	2231294920
JG0139d	14	40261193	N:TG[T>C]CC	-1	373583.0	2231668503
JG0139d	14	40304364	N:CC[T>G]TT	1	43171.0	2231711674
JG0139d	14	40494374	N:TA[T>G]TT	-1	190010.0	2231901684
JG0139d	14	41364367	N:GC[T>G]TT	1	869993.0	2232771677
JG0139d	14	41446795	N:GC[T>A]TG	1	82428.0	2232854105
JG0139d	14	41636717	T:TG[T>G]CT	-1	189922.0	2233044027
JG0139d	14	42035901	N:GG[T>C]GT	1	399184.0	2233443211
JG0139d	14	42124538	N:TC[T>C]CC	1	88637.0	2233531848
JG0139d	14	42397532	N:TT[C>A]AA	1	272994.0	2233804842
JG0139d	14	42608769	N:AC[T>A]CT	1	211237.0	2234016079
JG0139d	14	42759547	N:TC[T>C]AT	-1	150778.0	2234166857
JG0139d	14	43247191	N:AG[T>A]TC	1	487644.0	2234654501
JG0139d	14	43254985	N:TC[T>G]TG	-1	7794.0	2234662295
JG0139d	14	43618760	N:GC[T>C]TC	-1	363775.0	2235026070
JG0139d	14	43751558	N:AC[T>G]CT	1	132798.0	2235158868
JG0139d	14	43881776	N:GG[T>A]TT	-1	130218.0	2235289086
JG0139d	14	43889807	N:GC[T>C]CT	-1	8031.0	2235297117
JG0139d	14	44606723	N:TG[T>G]TT	-1	716916.0	2236014033
JG0139d	14	44701160	N:AA[C>A]CT	-1	94437.0	2236108470
JG0139d	14	44875898	N:GC[T>C]GT	-1	174738.0	2236283208
JG0139d	14	44892147	N:CC[T>G]TA	-1	16249.0	2236299457
JG0139d	14	44945541	T:GC[T>A]TT	1	53394.0	2236352851
JG0139d	14	44950360	T:TT[C>T]TC	1	4819.0	2236357670
JG0139d	14	45385597	N:GC[T>G]TC	-1	435237.0	2236792907
JG0139d	14	45497545	N:GC[T>C]CT	1	111948.0	2236904855
JG0139d	14	45524451	N:AC[T>A]TC	1	26906.0	2236931761
JG0139d	14	45538486	N:AC[T>C]TG	1	14035.0	2236945796
JG0139d	14	45768657	N:CC[T>C]TC	1	230171.0	2237175967
JG0139d	14	45800412	N:CC[T>G]CC	-1	31755.0	2237207722
JG0139d	14	45811192	N:CC[T>C]CT	1	10780.0	2237218502
JG0139d	14	46076822	N:AC[T>C]TT	1	265630.0	2237484132
JG0139d	14	46318648	N:AT[T>G]TT	-1	241826.0	2237725958
JG0139d	14	46373741	N:TA[T>G]TT	1	55093.0	2237781051
JG0139d	14	46598015	N:TC[T>C]TC	-1	224274.0	2238005325
JG0139d	14	47099206	T:GC[T>G]TT	1	501191.0	2238506516
JG0139d	14	47273515	U:CC[T>G]TT	-1	174309.0	2238680825
JG0139d	14	47860624	N:TC[T>C]TT	1	587109.0	2239267934
JG0139d	14	48086561	N:GC[T>C]TT	-1	225937.0	2239493871
JG0139d	14	48227824	N:AC[T>C]TA	1	141263.0	2239635134
JG0139d	14	48512620	N:AC[T>C]TC	1	284796.0	2239919930
JG0139d	14	48700710	N:GC[T>G]TG	-1	188090.0	2240108020
JG0139d	14	48799584	N:TC[T>G]TG	-1	98874.0	2240206894
JG0139d	14	48857578	N:CC[T>C]GA	-1	57994.0	2240264888
JG0139d	14	49085839	N:TC[T>C]TA	1	228261.0	2240493149
JG0139d	14	49231458	N:AC[T>C]TT	-1	145619.0	2240638768
JG0139d	14	49420052	N:TC[T>C]TT	1	188594.0	2240827362
JG0139d	14	49566792	N:AC[T>A]CG	1	146740.0	2240974102
JG0139d	14	49725844	U:TT[T>G]TT	1	159052.0	2241133154
JG0139d	14	49823891	U:CC[T>A]GG	-1	98047.0	2241231201
JG0139d	14	49949743	N:TC[T>G]TC	1	125852.0	2241357053
JG0139d	14	49979032	N:TC[T>G]TC	1	29289.0	2241386342
JG0139d	14	50005248	N:TC[T>C]GG	1	26216.0	2241412558
JG0139d	14	50272667	U:AG[T>C]CA	-1	267419.0	2241679977
JG0139d	14	50630689	U:AG[T>G]TT	1	358022.0	2242037999
JG0139d	14	50738886	T:GG[T>G]TG	1	108197.0	2242146196
JG0139d	14	51108814	N:CC[T>A]CC	-1	369928.0	2242516124
JG0139d	14	51579738	U:CC[T>C]CT	1	470924.0	2242987048
JG0139d	14	51831313	U:TG[T>G]CT	1	251575.0	2243238623
JG0139d	14	52188947	N:TC[T>C]CT	-1	357634.0	2243596257
JG0139d	14	52263544	N:AG[T>C]TA	1	74597.0	2243670854
JG0139d	14	52404864	N:TC[T>C]TC	1	141320.0	2243812174
JG0139d	14	53040636	T:AG[T>G]TT	1	635772.0	2244447946
JG0139d	14	53100403	U:GC[T>C]TC	-1	59767.0	2244507713
JG0139d	14	53124537	T:CA[T>G]TT	1	24134.0	2244531847
JG0139d	14	53215402	N:AC[T>C]TT	1	90865.0	2244622712
JG0139d	14	53382285	N:CC[T>G]TT	-1	166883.0	2244789595
JG0139d	14	53644649	N:GT[T>C]TT	1	262364.0	2245051959
JG0139d	14	54584923	U:TC[T>G]TA	1	940274.0	2245992233
JG0139d	14	54619725	T:AC[T>G]TA	-1	34802.0	2246027035
JG0139d	14	54875064	T:AC[T>C]TC	1	255339.0	2246282374
JG0139d	14	55162806	U:AC[T>C]TA	-1	287742.0	2246570116
JG0139d	14	55203586	N:TA[T>G]TT	-1	40780.0	2246610896
JG0139d	14	55911083	N:TC[T>C]CT	1	707497.0	2247318393
JG0139d	14	55947432	N:CC[T>C]CA	1	36349.0	2247354742
JG0139d	14	55991039	N:CT[T>G]TA	1	43607.0	2247398349
JG0139d	14	56211596	T:AC[T>G]TG	-1	220557.0	2247618906
JG0139d	14	56512231	T:CC[T>C]TG	-1	300635.0	2247919541
JG0139d	14	56753010	N:TC[T>C]TC	-1	240779.0	2248160320
JG0139d	14	57947806	N:GC[T>A]CT	1	1194796.0	2249355116
JG0139d	14	58104032	U:GC[T>G]TA	-1	156226.0	2249511342
JG0139d	14	58116507	T:TC[T>C]CT	1	12475.0	2249523817
JG0139d	14	58253272	T:GC[T>A]CA	-1	136765.0	2249660582
JG0139d	14	58319168	U:TC[T>C]CC	1	65896.0	2249726478
JG0139d	14	58585878	N:AC[T>G]TT	-1	266710.0	2249993188
JG0139d	14	58633731	N:AC[T>C]TC	-1	47853.0	2250041041
JG0139d	14	58900885	N:TG[T>C]TA	-1	267154.0	2250308195
JG0139d	14	58902377	N:GC[T>G]CA	1	1492.0	2250309687
JG0139d	14	58951898	N:TC[T>G]CT	1	49521.0	2250359208
JG0139d	14	59064988	N:AC[T>C]TC	1	113090.0	2250472298
JG0139d	14	59272808	U:GC[T>G]TA	1	207820.0	2250680118
JG0139d	14	59668756	U:TC[T>C]TG	-1	395948.0	2251076066
JG0139d	14	59688679	U:AC[T>G]TC	-1	19923.0	2251095989
JG0139d	14	59815009	U:GC[T>G]TG	-1	126330.0	2251222319
JG0139d	14	59907851	N:CC[T>G]TC	1	92842.0	2251315161
JG0139d	14	60518836	N:CT[T>G]TC	1	610985.0	2251926146
JG0139d	14	60700182	N:TC[T>G]TT	1	181346.0	2252107492
JG0139d	14	60894246	U:TC[T>A]TT	1	194064.0	2252301556
JG0139d	14	61009036	T:TC[T>G]TA	-1	114790.0	2252416346
JG0139d	14	61125325	N:CC[T>C]TT	-1	116289.0	2252532635
JG0139d	14	61218248	U:GC[T>C]GT	1	92923.0	2252625558
JG0139d	14	61408969	T:CC[T>G]CC	-1	190721.0	2252816279
JG0139d	14	61477160	T:GC[T>G]GG	-1	68191.0	2252884470
JG0139d	14	61612531	U:CC[T>G]TA	1	135371.0	2253019841
JG0139d	14	62171043	N:TC[T>A]TG	-1	558512.0	2253578353
JG0139d	14	62921508	U:CC[T>G]TC	-1	750465.0	2254328818
JG0139d	14	63526683	U:AC[T>C]CT	-1	605175.0	2254933993
JG0139d	14	63609110	T:CT[C>T]AA	1	82427.0	2255016420
JG0139d	14	64185656	B:AT[C>G]CT	-1	576546.0	2255592966
JG0139d	14	65468796	U:TC[T>C]TT	1	1283140.0	2256876106
JG0139d	14	65540717	U:AC[T>C]GT	1	71921.0	2256948027
JG0139d	14	65889284	N:TG[T>C]GT	-1	348567.0	2257296594
JG0139d	14	66321257	N:TT[T>C]CC	-1	431973.0	2257728567
JG0139d	14	66373395	N:TC[T>C]TT	1	52138.0	2257780705
JG0139d	14	66486609	U:TC[T>A]CT	1	113214.0	2257893919
JG0139d	14	66508606	T:CC[T>A]CC	-1	21997.0	2257915916
JG0139d	14	67134943	U:TC[T>A]TT	1	626337.0	2258542253
JG0139d	14	67419346	N:CC[T>C]CA	1	284403.0	2258826656
JG0139d	14	67561933	U:TC[T>G]TC	1	142587.0	2258969243
JG0139d	14	67693001	T:AC[T>C]TT	1	131068.0	2259100311
JG0139d	14	67742192	N:AC[T>C]CT	-1	49191.0	2259149502
JG0139d	14	68163050	U:AC[T>G]TG	1	420858.0	2259570360
JG0139d	14	68451508	T:AG[T>C]TT	-1	288458.0	2259858818
JG0139d	14	68585456	T:CC[T>A]CC	-1	133948.0	2259992766
JG0139d	14	68598406	T:TC[T>G]CC	-1	12950.0	2260005716
JG0139d	14	68714762	U:AC[T>A]TT	1	116356.0	2260122072
JG0139d	14	68724029	T:CC[T>G]TC	-1	9267.0	2260131339
JG0139d	14	69054106	U:TC[T>G]TC	-1	330077.0	2260461416
JG0139d	14	69209807	T:AC[T>G]TA	-1	155701.0	2260617117
JG0139d	14	69312291	U:TG[T>G]TC	1	102484.0	2260719601
JG0139d	14	69395706	U:GC[T>G]TT	-1	83415.0	2260803016
JG0139d	14	70253871	N:CC[T>C]TC	-1	858165.0	2261661181
JG0139d	14	70326698	U:AC[T>A]CT	-1	72827.0	2261734008
JG0139d	14	70518760	N:GC[T>C]CG	-1	192062.0	2261926070
JG0139d	14	71145139	N:GC[T>C]CC	-1	626379.0	2262552449
JG0139d	14	71340935	U:CG[T>C]CT	1	195796.0	2262748245
JG0139d	14	71591873	T:GC[T>C]GT	-1	250938.0	2262999183
JG0139d	14	71625773	T:TG[T>C]CT	-1	33900.0	2263033083
JG0139d	14	72473725	T:GC[T>C]CA	-1	847952.0	2263881035
JG0139d	14	72532652	T:TG[T>G]TC	-1	58927.0	2263939962
JG0139d	14	72584664	N:TC[T>G]GC	1	52012.0	2263991974
JG0139d	14	72670333	U:GC[T>C]GG	-1	85669.0	2264077643
JG0139d	14	72904740	N:GC[T>A]CT	-1	234407.0	2264312050
JG0139d	14	72970017	T:GC[T>G]TG	1	65277.0	2264377327
JG0139d	14	73096040	U:CG[T>C]AA	1	126023.0	2264503350
JG0139d	14	73239314	U:AC[T>C]TT	1	143274.0	2264646624
JG0139d	14	73382692	U:CC[T>G]CT	-1	143378.0	2264790002
JG0139d	14	74339695	U:AG[T>A]CC	1	957003.0	2265747005
JG0139d	14	74408203	U:CC[T>C]CG	-1	68508.0	2265815513
JG0139d	14	74460301	N:GC[T>G]TT	1	52098.0	2265867611
JG0139d	14	74661144	N:GG[T>C]CG	-1	200843.0	2266068454
JG0139d	14	74903015	U:CC[T>C]CA	1	241871.0	2266310325
JG0139d	14	75124735	T:TC[T>G]CA	1	221720.0	2266532045
JG0139d	14	75455805	T:AC[T>G]TA	-1	331070.0	2266863115
JG0139d	14	75639976	U:AG[T>G]TG	1	184171.0	2267047286
JG0139d	14	75735707	U:TC[T>G]CC	1	95731.0	2267143017
JG0139d	14	75841374	U:CC[T>G]TC	1	105667.0	2267248684
JG0139d	14	76229459	N:CT[T>G]TC	-1	388085.0	2267636769
JG0139d	14	76513623	N:GC[T>C]CT	1	284164.0	2267920933
JG0139d	14	76586724	N:GC[T>C]CA	-1	73101.0	2267994034
JG0139d	14	76626390	N:AC[T>G]CA	-1	39666.0	2268033700
JG0139d	14	77393478	N:TC[T>C]TT	-1	767088.0	2268800788
JG0139d	14	77405177	T:AC[T>C]TG	1	11699.0	2268812487
JG0139d	14	77821739	T:AC[T>C]CG	-1	416562.0	2269229049
JG0139d	14	77957935	N:GC[T>G]TT	1	136196.0	2269365245
JG0139d	14	78025319	N:TC[T>A]CC	1	67384.0	2269432629
JG0139d	14	78322889	U:GC[T>G]TT	1	297570.0	2269730199
JG0139d	14	78911007	T:AC[T>G]CT	-1	588118.0	2270318317
JG0139d	14	79110479	U:AC[T>C]TT	1	199472.0	2270517789
JG0139d	14	79268213	U:GC[T>C]TT	1	157734.0	2270675523
JG0139d	14	79683079	U:CA[T>G]TA	1	414866.0	2271090389
JG0139d	14	80081600	N:TC[T>C]TA	-1	398521.0	2271488910
JG0139d	14	80424063	N:CC[T>A]CC	1	342463.0	2271831373
JG0139d	14	80586123	T:CC[T>C]AA	1	162060.0	2271993433
JG0139d	14	80705702	T:AC[T>G]TG	1	119579.0	2272113012
JG0139d	14	81633738	N:CC[T>A]TC	-1	928036.0	2273041048
JG0139d	14	82120702	N:GC[T>C]TC	1	486964.0	2273528012
JG0139d	14	82229515	N:TC[T>C]TT	-1	108813.0	2273636825
JG0139d	14	82239673	N:TC[T>A]CC	-1	10158.0	2273646983
JG0139d	14	82883834	N:CC[T>G]TA	1	644161.0	2274291144
JG0139d	14	82907162	N:GA[T>C]GA	-1	23328.0	2274314472
JG0139d	14	83332251	N:AC[T>C]TC	-1	425089.0	2274739561
JG0139d	14	83616659	N:TC[T>C]CA	1	284408.0	2275023969
JG0139d	14	84220217	N:AC[T>A]TG	-1	603558.0	2275627527
JG0139d	14	84247699	N:CC[T>G]TC	-1	27482.0	2275655009
JG0139d	14	84265784	N:CC[T>C]TA	-1	18085.0	2275673094
JG0139d	14	84293275	N:CC[T>C]TC	1	27491.0	2275700585
JG0139d	14	84625230	N:TC[T>G]TG	-1	331955.0	2276032540
JG0139d	14	84656618	N:AC[T>G]TA	-1	31388.0	2276063928
JG0139d	14	85411456	N:TC[T>C]CA	-1	754838.0	2276818766
JG0139d	14	85640183	T:AG[T>C]TA	-1	228727.0	2277047493
JG0139d	14	86635526	N:GC[T>G]TT	1	995343.0	2278042836
JG0139d	14	87156328	N:AC[T>C]TT	1	520802.0	2278563638
JG0139d	14	87292733	N:GC[T>G]TG	1	136405.0	2278700043
JG0139d	14	87367860	N:AC[T>G]TT	-1	75127.0	2278775170
JG0139d	14	87470829	N:TC[T>C]TC	1	102969.0	2278878139
JG0139d	14	87539961	N:AC[T>C]TA	1	69132.0	2278947271
JG0139d	14	87777920	N:TC[T>C]TT	1	237959.0	2279185230
JG0139d	14	88145285	N:TC[T>C]GG	1	367365.0	2279552595
JG0139d	14	88399902	U:AC[T>G]TT	1	254617.0	2279807212
JG0139d	14	88771718	U:AG[T>A]TT	-1	371816.0	2280179028
JG0139d	14	88895478	N:GC[T>G]CA	1	123760.0	2280302788
JG0139d	14	88976286	N:AC[T>G]TG	-1	80808.0	2280383596
JG0139d	14	89060411	N:GC[T>C]TG	1	84125.0	2280467721
JG0139d	14	89084260	N:GC[T>G]TT	1	23849.0	2280491570
JG0139d	14	89110542	N:TC[T>C]GT	-1	26282.0	2280517852
JG0139d	14	89790028	N:CC[T>C]GC	-1	679486.0	2281197338
JG0139d	14	90162489	U:TG[T>G]TG	1	372461.0	2281569799
JG0139d	14	90361787	N:TG[T>G]TC	1	199298.0	2281769097
JG0139d	14	90843721	N:GG[T>G]TA	1	481934.0	2282251031
JG0139d	14	90851662	T:AC[T>G]TA	1	7941.0	2282258972
JG0139d	14	91744023	T:TG[T>G]TT	1	892361.0	2283151333
JG0139d	14	92410010	T:TC[T>G]TT	-1	665987.0	2283817320
JG0139d	14	92455417	T:TG[T>C]GT	-1	45407.0	2283862727
JG0139d	14	92488953	T:TC[T>A]TA	-1	33536.0	2283896263
JG0139d	14	92742354	U:CA[T>G]TG	-1	253401.0	2284149664
JG0139d	14	93602876	T:CC[T>G]TG	-1	860522.0	2285010186
JG0139d	14	93669476	T:TC[T>C]TG	-1	66600.0	2285076786
JG0139d	14	93982810	N:TC[T>G]CC	1	313334.0	2285390120
JG0139d	14	94221337	T:GC[T>G]TC	-1	238527.0	2285628647
JG0139d	14	95559275	N:TA[T>C]CT	1	1337938.0	2286966585
JG0139d	14	95750431	N:TC[T>G]TC	-1	191156.0	2287157741
JG0139d	14	95773011	N:GC[T>G]CT	-1	22580.0	2287180321
JG0139d	14	95852201	N:CC[T>C]CC	-1	79190.0	2287259511
JG0139d	14	96366592	T:TC[T>C]TC	-1	514391.0	2287773902
JG0139d	14	96399837	U:CC[T>C]TC	1	33245.0	2287807147
JG0139d	14	96735193	N:GC[T>G]TA	-1	335356.0	2288142503
JG0139d	14	96918827	U:GC[T>C]TC	1	183634.0	2288326137
JG0139d	14	97017905	N:TC[T>C]CA	-1	99078.0	2288425215
JG0139d	14	97806006	N:TC[T>G]TT	1	788101.0	2289213316
JG0139d	14	97937054	N:TC[T>C]TG	1	131048.0	2289344364
JG0139d	14	97950711	N:GC[T>G]GT	1	13657.0	2289358021
JG0139d	14	98064948	N:CC[T>C]TT	-1	114237.0	2289472258
JG0139d	14	98460018	N:TG[T>C]CG	-1	395070.0	2289867328
JG0139d	14	98698980	N:GC[T>C]TC	1	238962.0	2290106290
JG0139d	14	98894575	N:AT[T>G]TT	-1	195595.0	2290301885
JG0139d	14	99185382	U:GC[T>G]CA	-1	290807.0	2290592692
JG0139d	14	99386265	N:TC[T>C]TC	-1	200883.0	2290793575
JG0139d	14	99404265	U:GC[T>C]CA	-1	18000.0	2290811575
JG0139d	14	99668641	U:CC[T>A]CA	1	264376.0	2291075951
JG0139d	14	99730495	N:CC[T>C]CC	-1	61854.0	2291137805
JG0139d	14	100348085	U:AC[T>G]GT	-1	617590.0	2291755395
JG0139d	14	100657575	N:GC[T>G]CC	1	309490.0	2292064885
JG0139d	14	100681926	N:AA[T>C]CC	-1	24351.0	2292089236
JG0139d	14	100851991	N:TG[T>A]CC	-1	170065.0	2292259301
JG0139d	14	101185471	N:GC[T>A]TC	1	333480.0	2292592781
JG0139d	14	101267119	N:TG[T>G]TC	-1	81648.0	2292674429
JG0139d	14	101516229	N:GC[T>A]TC	1	249110.0	2292923539
JG0139d	14	101570268	N:CC[T>C]CA	-1	54039.0	2292977578
JG0139d	14	101966805	U:AA[T>G]TG	1	396537.0	2293374115
JG0139d	14	101993156	U:CC[T>G]TC	1	26351.0	2293400466
JG0139d	14	102121947	T:GT[C>G]TT	1	128791.0	2293529257
JG0139d	14	102189656	T:AG[T>G]TC	-1	67709.0	2293596966
JG0139d	14	102292966	T:TC[T>A]CT	1	103310.0	2293700276
JG0139d	14	102520602	N:CC[T>A]TG	1	227636.0	2293927912
JG0139d	14	102720807	U:CC[T>G]TA	1	200205.0	2294128117
JG0139d	14	102775736	N:AC[T>C]CC	-1	54929.0	2294183046
JG0139d	14	103064633	N:TC[T>C]TA	-1	288897.0	2294471943
JG0139d	14	103459260	U:AA[T>G]TA	1	394627.0	2294866570
JG0139d	14	103603338	U:TC[T>C]CA	1	144078.0	2295010648
JG0139d	14	103614454	T:TC[T>A]TG	-1	11116.0	2295021764
JG0139d	14	104015158	U:CC[T>G]TT	1	400704.0	2295422468
JG0139d	14	104049331	U:AC[T>A]TG	1	34173.0	2295456641
JG0139d	14	104192392	N:TG[T>C]GG	-1	143061.0	2295599702
JG0139d	14	104245906	N:TC[T>C]TT	1	53514.0	2295653216
JG0139d	14	104308557	N:TC[T>C]AT	1	62651.0	2295715867
JG0139d	14	104828512	N:GG[T>G]TC	1	519955.0	2296235822
JG0139d	14	105078548	N:GG[T>C]TT	1	250036.0	2296485858
JG0139d	14	105084107	N:CC[T>C]CT	1	5559.0	2296491417
JG0139d	14	105247545	U:TC[T>C]TC	-1	163438.0	2296654855
JG0139d	14	105270920	U:GC[T>G]TC	-1	23375.0	2296678230
JG0139d	14	105307642	U:GC[T>C]TT	-1	36722.0	2296714952
JG0139d	14	105560102	N:TC[T>C]CC	-1	252460.0	2296967412
JG0139d	15	20485744	N:AC[T>C]AG	1		2318936772
JG0139d	15	22215529	N:TC[T>G]TG	-1	1729785.0	2320666557
JG0139d	15	22953176	U:CC[T>G]TG	-1	737647.0	2321404204
JG0139d	15	23146687	N:TG[T>C]CT	1	193511.0	2321597715
JG0139d	15	23359550	T:TC[T>C]AC	-1	212863.0	2321810578
JG0139d	15	24240485	N:TC[T>C]GT	1	880935.0	2322691513
JG0139d	15	24532288	N:TC[T>C]AA	1	291803.0	2322983316
JG0139d	15	24630404	N:TC[T>G]TA	1	98116.0	2323081432
JG0139d	15	26941060	T:GC[T>C]CT	-1	2310656.0	2325392088
JG0139d	15	27152877	U:TT[T>G]TG	1	211817.0	2325603905
JG0139d	15	29506759	U:AG[T>G]GC	-1	2353882.0	2327957787
JG0139d	15	29963839	U:TC[T>C]CT	-1	457080.0	2328414867
JG0139d	15	30983349	U:TT[T>C]CT	-1	1019510.0	2329434377
JG0139d	15	31214105	N:GC[T>G]TG	1	230756.0	2329665133
JG0139d	15	31312964	N:AC[T>C]GC	1	98859.0	2329763992
JG0139d	15	31442223	N:TC[T>C]TA	1	129259.0	2329893251
JG0139d	15	32174207	N:AT[T>G]TG	-1	731984.0	2330625235
JG0139d	15	32995199	T:TA[T>G]TG	1	820992.0	2331446227
JG0139d	15	33626183	T:CA[T>G]TC	-1	630984.0	2332077211
JG0139d	15	37708414	N:AG[T>C]TT	1	4082231.0	2336159442
JG0139d	15	38440046	N:TG[T>G]TG	1	731632.0	2336891074
JG0139d	15	38612203	N:GG[T>G]TA	-1	172157.0	2337063231
JG0139d	15	39441597	N:TC[T>C]TT	1	829394.0	2337892625
JG0139d	15	39843522	U:AC[T>G]TG	-1	401925.0	2338294550
JG0139d	15	40793176	U:GC[T>C]CA	-1	949654.0	2339244204
JG0139d	15	40813230	T:AC[T>A]TA	-1	20054.0	2339264258
JG0139d	15	42182705	U:AC[T>C]TC	-1	1369475.0	2340633733
JG0139d	15	42562785	U:TG[T>G]CT	1	380080.0	2341013813
JG0139d	15	42640273	U:GG[T>G]CT	1	77488.0	2341091301
JG0139d	15	43587993	U:AC[T>A]TT	-1	947720.0	2342039021
JG0139d	15	44598467	U:GG[T>G]TC	-1	1010474.0	2343049495
JG0139d	15	46581542	N:CC[T>G]TA	-1	1983075.0	2345032570
JG0139d	15	46703289	N:CC[T>G]TC	-1	121747.0	2345154317
JG0139d	15	46748109	N:AC[T>G]TT	-1	44820.0	2345199137
JG0139d	15	49183205	U:AA[T>G]TT	1	2435096.0	2347634233
JG0139d	15	49737028	N:CC[T>G]TT	-1	553823.0	2348188056
JG0139d	15	53411128	N:AT[C>A]TA	1	3674100.0	2351862156
JG0139d	15	54081783	U:AC[T>G]TA	1	670655.0	2352532811
JG0139d	15	55666405	U:TC[T>G]TC	-1	1584622.0	2354117433
JG0139d	15	56256354	T:AG[T>G]TA	-1	589949.0	2354707382
JG0139d	15	56960142	U:GC[T>C]CC	1	703788.0	2355411170
JG0139d	15	58101876	T:AC[T>G]GT	1	1141734.0	2356552904
JG0139d	15	59394673	U:TA[T>G]TG	1	1292797.0	2357845701
JG0139d	15	61496421	N:TC[T>C]CT	-1	2101748.0	2359947449
JG0139d	15	62121425	N:TA[T>G]TC	-1	625004.0	2360572453
JG0139d	15	62858396	N:AC[T>C]TT	1	736971.0	2361309424
JG0139d	15	64401167	U:GC[T>A]CT	1	1542771.0	2362852195
JG0139d	15	66137490	U:TC[T>C]TC	-1	1736323.0	2364588518
JG0139d	15	66968884	N:AC[T>G]TT	1	831394.0	2365419912
JG0139d	15	68323076	U:AG[T>G]TA	-1	1354192.0	2366774104
JG0139d	15	73492547	T:TG[T>G]TA	-1	5169471.0	2371943575
JG0139d	15	74252517	U:TC[T>C]GG	1	759970.0	2372703545
JG0139d	15	74346801	T:TC[T>G]TT	1	94284.0	2372797829
JG0139d	15	79713809	N:TC[T>C]TT	1	5367008.0	2378164837
JG0139d	15	80309550	N:TC[T>A]TT	1	595741.0	2378760578
JG0139d	15	81564767	N:CC[T>A]CC	1	1255217.0	2380015795
JG0139d	15	83156337	T:CC[T>C]TC	1	1591570.0	2381607365
JG0139d	15	83980934	T:AC[T>A]TC	-1	824597.0	2382431962
JG0139d	15	85322510	N:TC[T>C]CT	1	1341576.0	2383773538
JG0139d	15	86596479	T:CC[T>C]CT	-1	1273969.0	2385047507
JG0139d	15	87960568	T:CC[T>C]CT	1	1364089.0	2386411596
JG0139d	15	92348657	N:TC[T>G]TT	-1	4388089.0	2390799685
JG0139d	15	92852549	N:TA[T>C]TA	1	503892.0	2391303577
JG0139d	15	93081920	T:TG[T>C]CA	1	229371.0	2391532948
JG0139d	15	93684933	N:GC[T>C]CC	-1	603013.0	2392135961
JG0139d	15	95313180	N:AC[T>G]TT	1	1628247.0	2393764208
JG0139d	15	96164957	N:TC[T>G]TG	1	851777.0	2394615985
JG0139d	15	97078775	N:AC[T>C]TA	1	913818.0	2395529803
JG0139d	15	97088723	N:TC[T>G]TC	1	9948.0	2395539751
JG0139d	15	98477734	U:TC[T>G]TT	-1	1389011.0	2396928762
JG0139d	16	1021257	N:CC[T>G]TG	1		2401463474
JG0139d	16	1242915	N:GC[T>G]TT	1	221658.0	2401685132
JG0139d	16	1317116	T:GG[T>A]CT	-1	74201.0	2401759333
JG0139d	16	1554360	B:GA[T>G]TT	1	237244.0	2401996577
JG0139d	16	1600438	U:TC[T>G]TG	-1	46078.0	2402042655
JG0139d	16	1731560	T:GC[T>G]TG	-1	131122.0	2402173777
JG0139d	16	1743701	U:GG[C>A]AC	1	12141.0	2402185918
JG0139d	16	1762777	T:CC[T>G]TC	-1	19076.0	2402204994
JG0139d	16	2496375	T:TG[T>A]CG	-1	733598.0	2402938592
JG0139d	16	3055418	T:TC[T>G]CT	-1	559043.0	2403497635
JG0139d	16	3560143	U:AC[T>C]GT	-1	504725.0	2404002360
JG0139d	16	3743516	T:GC[T>C]CC	1	183373.0	2404185733
JG0139d	16	3876312	T:GA[T>G]TA	1	132796.0	2404318529
JG0139d	16	3963166	T:GC[T>C]GG	1	86854.0	2404405383
JG0139d	16	4177319	N:CC[T>C]TG	-1	214153.0	2404619536
JG0139d	16	4273773	N:GC[T>G]TC	-1	96454.0	2404715990
JG0139d	16	4388301	T:TC[T>C]CG	1	114528.0	2404830518
JG0139d	16	4602416	N:AC[T>A]TC	1	214115.0	2405044633
JG0139d	16	4626571	T:TC[T>G]TC	-1	24155.0	2405068788
JG0139d	16	4699796	U:AC[T>G]TG	-1	73225.0	2405142013
JG0139d	16	4733477	U:TC[T>A]CT	-1	33681.0	2405175694
JG0139d	16	4742136	T:GC[T>C]TA	-1	8659.0	2405184353
JG0139d	16	5097920	N:CC[T>G]CA	-1	355784.0	2405540137
JG0139d	16	5429445	U:TC[T>G]TC	1	331525.0	2405871662
JG0139d	16	5515750	T:AG[T>C]CT	-1	86305.0	2405957967
JG0139d	16	5537000	T:CC[T>G]TG	-1	21250.0	2405979217
JG0139d	16	5549844	T:AC[T>C]GC	-1	12844.0	2405992061
JG0139d	16	5594352	T:TC[T>G]CA	-1	44508.0	2406036569
JG0139d	16	6102253	U:CC[T>G]TT	1	507901.0	2406544470
JG0139d	16	6760477	T:TA[T>G]TT	-1	658224.0	2407202694
JG0139d	16	7118886	U:GA[T>G]CT	1	358409.0	2407561103
JG0139d	16	7121162	U:AC[T>G]TA	1	2276.0	2407563379
JG0139d	16	7720682	N:GA[T>C]TG	1	599520.0	2408162899
JG0139d	16	7728789	N:AA[T>C]CA	1	8107.0	2408171006
JG0139d	16	8080704	N:AA[T>G]TT	1	351915.0	2408522921
JG0139d	16	8494976	N:AC[T>C]CC	-1	414272.0	2408937193
JG0139d	16	8554683	N:GG[T>G]TC	1	59707.0	2408996900
JG0139d	16	8588079	U:AC[T>C]CC	-1	33396.0	2409030296
JG0139d	16	8973540	N:GG[T>G]TG	-1	385461.0	2409415757
JG0139d	16	9158068	N:AC[T>G]TT	1	184528.0	2409600285
JG0139d	16	10049067	U:TG[T>G]TA	-1	890999.0	2410491284
JG0139d	16	10146368	T:CC[T>A]CG	1	97301.0	2410588585
JG0139d	16	10348697	N:TC[T>G]TT	1	202329.0	2410790914
JG0139d	16	10397783	T:TC[T>G]CA	-1	49086.0	2410840000
JG0139d	16	10612986	N:TC[T>C]CA	-1	215203.0	2411055203
JG0139d	16	11209067	N:AC[T>A]TG	1	596081.0	2411651284
JG0139d	16	11319743	U:CC[T>G]TG	1	110676.0	2411761960
JG0139d	16	11333592	U:GC[T>C]GC	1	13849.0	2411775809
JG0139d	16	11575178	U:CC[T>A]TT	-1	241586.0	2412017395
JG0139d	16	11955451	T:CC[T>A]GT	1	380273.0	2412397668
JG0139d	16	12695348	T:AC[T>G]TG	1	739897.0	2413137565
JG0139d	16	12931687	T:AA[C>T]AT	-1	236339.0	2413373904
JG0139d	16	13320702	N:CC[T>G]TT	1	389015.0	2413762919
JG0139d	16	13401590	N:CC[T>G]TA	1	80888.0	2413843807
JG0139d	16	13445369	N:GC[T>C]TT	1	43779.0	2413887586
JG0139d	16	13685295	N:GC[T>G]TC	-1	239926.0	2414127512
JG0139d	16	13743993	N:GG[T>G]TG	-1	58698.0	2414186210
JG0139d	16	13799399	N:GC[T>C]TG	-1	55406.0	2414241616
JG0139d	16	13962143	N:AC[T>C]TT	-1	162744.0	2414404360
JG0139d	16	14126780	T:TG[T>G]GA	-1	164637.0	2414568997
JG0139d	16	14137635	U:CC[T>G]TA	1	10855.0	2414579852
JG0139d	16	14207834	T:CC[T>C]CC	-1	70199.0	2414650051
JG0139d	16	14270876	N:TC[T>G]TT	-1	63042.0	2414713093
JG0139d	16	14754721	T:CC[T>C]CA	-1	483845.0	2415196938
JG0139d	16	14900062	N:GC[T>G]TC	1	145341.0	2415342279
JG0139d	16	15011187	T:AC[T>G]TT	-1	111125.0	2415453404
JG0139d	16	15025982	T:TC[T>G]AA	-1	14795.0	2415468199
JG0139d	16	15197327	N:AT[T>C]CC	-1	171345.0	2415639544
JG0139d	16	15199706	N:CC[T>C]GC	1	2379.0	2415641923
JG0139d	16	15481468	T:AC[T>A]GC	-1	281762.0	2415923685
JG0139d	16	16350196	U:CC[T>C]CC	1	868728.0	2416792413
JG0139d	16	16937890	N:TC[T>C]CT	1	587694.0	2417380107
JG0139d	16	17161130	T:AG[T>G]TC	1	223240.0	2417603347
JG0139d	16	17509301	N:GC[T>C]TA	-1	348171.0	2417951518
JG0139d	16	17610421	N:AC[T>G]TG	-1	101120.0	2418052638
JG0139d	16	17874818	N:CC[T>G]TC	1	264397.0	2418317035
JG0139d	16	18141730	N:AG[T>A]TT	1	266912.0	2418583947
JG0139d	16	18256320	N:TC[T>C]TT	-1	114590.0	2418698537
JG0139d	16	18523140	U:AC[T>G]GA	-1	266820.0	2418965357
JG0139d	16	18689582	N:CT[T>G]TT	-1	166442.0	2419131799
JG0139d	16	18858701	U:TC[T>C]TC	-1	169119.0	2419300918
JG0139d	16	18889272	T:CC[T>G]AT	1	30571.0	2419331489
JG0139d	16	19148681	N:CC[T>A]TA	-1	259409.0	2419590898
JG0139d	16	19189717	T:TT[C>A]CA	-1	41036.0	2419631934
JG0139d	16	19376714	N:TC[T>G]TT	-1	186997.0	2419818931
JG0139d	16	19497711	T:TG[T>C]TT	-1	120997.0	2419939928
JG0139d	16	19747100	T:TC[T>G]TG	-1	249389.0	2420189317
JG0139d	16	20447584	N:GG[T>G]GT	-1	700484.0	2420889801
JG0139d	16	20887882	U:TG[T>G]TG	-1	440298.0	2421330099
JG0139d	16	21138832	U:TC[T>C]CT	-1	250950.0	2421581049
JG0139d	16	21291470	U:TT[T>G]TT	-1	152638.0	2421733687
JG0139d	16	21492136	N:CC[T>C]CC	-1	200666.0	2421934353
JG0139d	16	21791623	N:TC[T>G]TT	1	299487.0	2422233840
JG0139d	16	21929490	N:TC[T>G]TG	1	137867.0	2422371707
JG0139d	16	21962217	U:CC[T>C]CA	1	32727.0	2422404434
JG0139d	16	22194487	N:GA[T>G]TA	1	232270.0	2422636704
JG0139d	16	22325752	U:CC[T>C]CC	1	131265.0	2422767969
JG0139d	16	22516360	U:AG[T>C]TC	1	190608.0	2422958577
JG0139d	16	22700275	N:CC[T>G]TT	-1	183915.0	2423142492
JG0139d	16	22823975	U:GG[T>G]TA	1	123700.0	2423266192
JG0139d	16	22910623	U:AC[T>C]CA	1	86648.0	2423352840
JG0139d	16	24352639	T:AC[T>C]TA	-1	1442016.0	2424794856
JG0139d	16	25133634	U:TG[T>C]GA	1	780995.0	2425575851
JG0139d	16	25378335	N:GC[T>G]CT	1	244701.0	2425820552
JG0139d	16	25883787	T:TC[T>G]TG	-1	505452.0	2426326004
JG0139d	16	26491118	N:TC[T>C]TC	-1	607331.0	2426933335
JG0139d	16	26582187	N:TT[T>G]TT	1	91069.0	2427024404
JG0139d	16	26595603	N:GC[T>C]TG	-1	13416.0	2427037820
JG0139d	16	26636197	N:GC[T>G]TG	1	40594.0	2427078414
JG0139d	16	26783594	N:TC[T>G]TG	-1	147397.0	2427225811
JG0139d	16	26798500	N:GC[T>G]TT	1	14906.0	2427240717
JG0139d	16	26824260	N:CC[T>C]CT	-1	25760.0	2427266477
JG0139d	16	27060241	N:GG[T>G]TC	-1	235981.0	2427502458
JG0139d	16	27130355	N:CC[T>C]CT	1	70114.0	2427572572
JG0139d	16	28171719	T:TC[T>C]TC	1	1041364.0	2428613936
JG0139d	16	28281864	N:GC[T>G]CT	1	110145.0	2428724081
JG0139d	16	28633636	N:AG[T>G]TC	-1	351772.0	2429075853
JG0139d	16	28746066	N:AT[T>G]TT	1	112430.0	2429188283
JG0139d	16	29252878	N:CC[T>C]CC	-1	506812.0	2429695095
JG0139d	16	29641473	N:GA[T>G]TA	1	388595.0	2430083690
JG0139d	16	29682301	T:AC[T>C]TT	-1	40828.0	2430124518
JG0139d	16	29716496	N:GC[T>A]CC	-1	34195.0	2430158713
JG0139d	16	30446561	N:TG[T>A]GG	1	730065.0	2430888778
JG0139d	16	30516297	U:TC[T>C]CG	1	69736.0	2430958514
JG0139d	16	30600025	N:GC[T>C]CA	1	83728.0	2431042242
JG0139d	16	30770514	U:CC[T>G]TG	1	170489.0	2431212731
JG0139d	16	31107473	U:AC[T>A]CT	1	336959.0	2431549690
JG0139d	16	31520678	N:CC[T>A]CA	-1	413205.0	2431962895
JG0139d	16	31526038	N:GG[T>G]CA	-1	5360.0	2431968255
JG0139d	16	32251218	N:GC[T>C]TG	1	725180.0	2432693435
JG0139d	16	32343451	N:GC[T>A]CT	1	92233.0	2432785668
JG0139d	16	32499788	N:AC[T>C]TT	-1	156337.0	2432942005
JG0139d	16	32636518	N:GA[T>A]TT	1	136730.0	2433078735
JG0139d	16	32723976	N:AC[C>T]CG	1	87458.0	2433166193
JG0139d	16	32981362	N:TC[T>G]TC	1	257386.0	2433423579
JG0139d	16	33041578	N:GA[T>A]TG	-1	60216.0	2433483795
JG0139d	16	33072169	N:CC[T>C]CT	-1	30591.0	2433514386
JG0139d	16	33484816	N:TC[T>G]CC	1	412647.0	2433927033
JG0139d	16	33979451	N:TG[T>G]TC	-1	494635.0	2434421668
JG0139d	16	34943613	N:AC[T>G]TG	-1	964162.0	2435385830
JG0139d	16	35036399	N:GC[T>G]TC	1	92786.0	2435478616
JG0139d	16	35289841	N:GT[T>G]CT	-1	253442.0	2435732058
JG0139d	16	35558891	N:AA[T>A]TT	-1	269050.0	2436001108
JG0139d	16	35768743	N:GT[T>C]TC	1	209852.0	2436210960
JG0139d	16	35831277	N:AA[T>G]TC	1	62534.0	2436273494
JG0139d	16	36161842	N:TC[C>A]CT	-1	330565.0	2436604059
JG0139d	16	36552371	N:TC[T>C]CA	1	390529.0	2436994588
JG0139d	16	36651259	N:AG[T>G]TT	1	98888.0	2437093476
JG0139d	16	36782038	N:TC[T>C]GC	1	130779.0	2437224255
JG0139d	16	36926418	N:GC[T>C]TT	1	144380.0	2437368635
JG0139d	16	37034908	N:AC[T>G]TT	-1	108490.0	2437477125
JG0139d	16	37147224	N:AC[T>C]TC	1	112316.0	2437589441
JG0139d	16	37210727	N:GC[T>G]TT	-1	63503.0	2437652944
JG0139d	16	37331580	N:GC[T>A]CT	-1	120853.0	2437773797
JG0139d	16	37359447	N:TC[T>G]TT	1	27867.0	2437801664
JG0139d	16	37438168	N:CC[T>G]CT	-1	78721.0	2437880385
JG0139d	16	37626522	N:TC[T>C]AC	-1	188354.0	2438068739
JG0139d	16	37679261	N:TC[T>G]TT	1	52739.0	2438121478
JG0139d	16	37943881	N:TC[T>G]TT	-1	264620.0	2438386098
JG0139d	16	38242575	N:AC[T>G]TC	1	298694.0	2438684792
JG0139d	16	46432468	N:AG[T>G]TG	-1	8189893.0	2446874685
JG0139d	16	47679757	U:CT[T>G]TA	1	1247289.0	2448121974
JG0139d	16	47753384	N:TC[T>G]TC	-1	73627.0	2448195601
JG0139d	16	48755965	N:GC[T>G]TT	-1	1002581.0	2449198182
JG0139d	16	48852835	N:AC[T>C]GT	1	96870.0	2449295052
JG0139d	16	48881070	N:CC[T>G]TG	1	28235.0	2449323287
JG0139d	16	48976949	N:GC[T>C]CG	1	95879.0	2449419166
JG0139d	16	50321469	U:CC[T>C]CT	-1	1344520.0	2450763686
JG0139d	16	50365190	T:AC[T>A]CA	1	43721.0	2450807407
JG0139d	16	50435847	N:GC[T>A]CA	-1	70657.0	2450878064
JG0139d	16	50542546	N:AC[T>C]TA	-1	106699.0	2450984763
JG0139d	16	50879719	N:CC[T>A]GC	-1	337173.0	2451321936
JG0139d	16	51371870	N:TC[T>C]TT	-1	492151.0	2451814087
JG0139d	16	51433754	N:TC[T>G]CT	1	61884.0	2451875971
JG0139d	16	51498449	N:AT[T>G]TT	1	64695.0	2451940666
JG0139d	16	51531038	N:TC[T>G]TT	-1	32589.0	2451973255
JG0139d	16	52232477	N:CC[T>C]TT	1	701439.0	2452674694
JG0139d	16	52351667	N:CC[T>A]TC	-1	119190.0	2452793884
JG0139d	16	52371284	N:CC[T>G]TA	1	19617.0	2452813501
JG0139d	16	52681646	N:CC[T>C]CA	-1	310362.0	2453123863
JG0139d	16	52691118	N:AA[T>G]TT	1	9472.0	2453133335
JG0139d	16	52756175	N:GC[T>G]TC	1	65057.0	2453198392
JG0139d	16	52957915	N:CC[T>G]CC	-1	201740.0	2453400132
JG0139d	16	53119760	T:CC[T>C]CC	-1	161845.0	2453561977
JG0139d	16	53210548	U:GC[T>A]TA	1	90788.0	2453652765
JG0139d	16	53453880	T:TC[T>A]CA	-1	243332.0	2453896097
JG0139d	16	53584836	N:CC[T>A]TC	1	130956.0	2454027053
JG0139d	16	53645564	U:TG[T>C]TA	-1	60728.0	2454087781
JG0139d	16	53891487	U:AC[T>C]TT	1	245923.0	2454333704
JG0139d	16	53991930	T:AG[T>C]TC	-1	100443.0	2454434147
JG0139d	16	54060151	T:TC[T>C]CA	-1	68221.0	2454502368
JG0139d	16	54147920	U:TC[T>C]GT	1	87769.0	2454590137
JG0139d	16	55057040	N:CC[T>C]TA	-1	909120.0	2455499257
JG0139d	16	55100870	N:TG[T>C]CC	1	43830.0	2455543087
JG0139d	16	55322481	N:TT[T>G]TT	1	221611.0	2455764698
JG0139d	16	55992553	N:TC[T>C]GA	1	670072.0	2456434770
JG0139d	16	56124625	N:AC[T>G]TC	1	132072.0	2456566842
JG0139d	16	56340681	U:GG[T>C]CC	1	216056.0	2456782898
JG0139d	16	56989425	N:TG[T>A]TA	1	648744.0	2457431642
JG0139d	16	57263586	U:CC[T>G]GC	-1	274161.0	2457705803
JG0139d	16	57443821	U:CC[T>C]CG	-1	180235.0	2457886038
JG0139d	16	57488777	N:CC[T>G]TA	-1	44956.0	2457930994
JG0139d	16	57497921	N:CC[T>G]TC	-1	9144.0	2457940138
JG0139d	16	57905654	T:GT[T>G]TA	1	407733.0	2458347871
JG0139d	16	58053116	N:CC[T>C]TT	-1	147462.0	2458495333
JG0139d	16	58254648	T:CC[T>G]GG	-1	201532.0	2458696865
JG0139d	16	58540183	U:TC[T>C]CA	-1	285535.0	2458982400
JG0139d	16	58566156	T:TG[T>G]TT	1	25973.0	2459008373
JG0139d	16	58612944	T:AC[T>G]CA	1	46788.0	2459055161
JG0139d	16	58879610	N:AC[T>G]TC	-1	266666.0	2459321827
JG0139d	16	59361651	N:TC[T>G]TG	-1	482041.0	2459803868
JG0139d	16	59373076	N:TG[T>A]CT	1	11425.0	2459815293
JG0139d	16	59521118	N:CC[T>A]CC	-1	148042.0	2459963335
JG0139d	16	59551461	N:AC[T>C]TT	1	30343.0	2459993678
JG0139d	16	59586834	N:TC[T>C]TT	1	35373.0	2460029051
JG0139d	16	59700071	N:TC[T>C]CC	-1	113237.0	2460142288
JG0139d	16	59753250	N:AC[T>G]TG	1	53179.0	2460195467
JG0139d	16	60666758	N:TC[T>A]AG	1	913508.0	2461108975
JG0139d	16	61212980	N:CC[T>G]TT	-1	546222.0	2461655197
JG0139d	16	61365456	N:CC[T>C]TC	1	152476.0	2461807673
JG0139d	16	61432305	N:AG[T>G]GA	-1	66849.0	2461874522
JG0139d	16	61575648	N:CC[T>C]CA	1	143343.0	2462017865
JG0139d	16	62851805	N:TC[T>G]TT	1	1276157.0	2463294022
JG0139d	16	62913156	N:CC[T>C]CC	1	61351.0	2463355373
JG0139d	16	62959285	N:TC[T>C]TT	-1	46129.0	2463401502
JG0139d	16	63407070	N:TT[T>G]TC	1	447785.0	2463849287
JG0139d	16	64006927	N:CA[T>G]TT	1	599857.0	2464449144
JG0139d	16	64041062	N:TC[T>G]TG	-1	34135.0	2464483279
JG0139d	16	64330976	N:CC[T>G]CC	1	289914.0	2464773193
JG0139d	16	64664783	N:TC[T>C]TT	1	333807.0	2465107000
JG0139d	16	64725384	N:AC[T>G]CG	-1	60601.0	2465167601
JG0139d	16	65050196	U:GC[T>C]TC	-1	324812.0	2465492413
JG0139d	16	65159660	N:CC[T>C]CT	1	109464.0	2465601877
JG0139d	16	65326069	N:TC[T>G]TA	1	166409.0	2465768286
JG0139d	16	65363925	N:TG[T>C]TC	1	37856.0	2465806142
JG0139d	16	65384444	N:AT[T>G]TT	1	20519.0	2465826661
JG0139d	16	65594203	N:TC[T>C]TG	-1	209759.0	2466036420
JG0139d	16	66923249	U:GG[T>G]TG	-1	1329046.0	2467365466
JG0139d	16	66945130	N:GC[T>C]CT	1	21881.0	2467387347
JG0139d	16	66970812	T:CC[T>A]CA	-1	25682.0	2467413029
JG0139d	16	67727800	T:AC[T>G]GC	1	756988.0	2468170017
JG0139d	16	67763625	T:TC[T>G]TC	1	35825.0	2468205842
JG0139d	16	68028013	U:CC[T>A]TA	1	264388.0	2468470230
JG0139d	16	68117886	T:TC[T>C]CC	-1	89873.0	2468560103
JG0139d	16	68575161	U:CC[T>C]CC	1	457275.0	2469017378
JG0139d	16	68675781	T:TC[T>C]TG	-1	100620.0	2469117998
JG0139d	16	68679232	U:CC[T>C]CT	1	3451.0	2469121449
JG0139d	16	68837925	N:CC[T>C]GC	-1	158693.0	2469280142
JG0139d	16	69030285	U:GA[T>G]TA	1	192360.0	2469472502
JG0139d	16	69036976	T:TC[T>G]TT	-1	6691.0	2469479193
JG0139d	16	69741434	N:AC[T>C]CA	1	704458.0	2470183651
JG0139d	16	69786910	U:TC[T>A]TT	1	45476.0	2470229127
JG0139d	16	69808434	U:AC[T>A]CT	1	21524.0	2470250651
JG0139d	16	70438895	U:GC[T>A]GC	-1	630461.0	2470881112
JG0139d	16	70529101	T:TC[T>C]CA	-1	90206.0	2470971318
JG0139d	16	71155513	T:AC[T>C]CA	1	626412.0	2471597730
JG0139d	16	71207136	U:CC[T>C]TG	-1	51623.0	2471649353
JG0139d	16	71214577	T:TT[T>G]TC	1	7441.0	2471656794
JG0139d	16	71374685	U:TC[T>C]GA	1	160108.0	2471816902
JG0139d	16	71566065	T:GC[T>C]TG	1	191380.0	2472008282
JG0139d	16	71972733	T:AC[T>C]TT	1	406668.0	2472414950
JG0139d	16	72030510	N:AC[T>G]TG	-1	57777.0	2472472727
JG0139d	16	72623042	N:GC[T>C]AC	-1	592532.0	2473065259
JG0139d	16	72740187	N:GG[T>G]TG	1	117145.0	2473182404
JG0139d	16	72860237	T:GG[T>C]TC	1	120050.0	2473302454
JG0139d	16	72863884	U:CC[T>A]CG	-1	3647.0	2473306101
JG0139d	16	73385640	U:AC[T>G]TC	-1	521756.0	2473827857
JG0139d	16	73469162	T:AT[C>G]TG	1	83522.0	2473911379
JG0139d	16	73776265	U:TC[T>C]CC	-1	307103.0	2474218482
JG0139d	16	73781196	T:GC[T>G]GT	1	4931.0	2474223413
JG0139d	16	74460462	T:AC[T>C]GA	1	679266.0	2474902679
JG0139d	16	74573100	T:AC[T>A]CT	1	112638.0	2475015317
JG0139d	16	74747474	T:AG[T>C]CC	1	174374.0	2475189691
JG0139d	16	74960577	T:TC[T>C]CT	1	213103.0	2475402794
JG0139d	16	75052549	U:GC[T>C]TG	1	91972.0	2475494766
JG0139d	16	75395329	T:GC[T>G]CA	1	342780.0	2475837546
JG0139d	16	75710213	U:AC[T>G]TA	1	314884.0	2476152430
JG0139d	16	75858194	N:TC[T>A]CC	-1	147981.0	2476300411
JG0139d	16	76126234	N:AC[T>G]TA	1	268040.0	2476568451
JG0139d	16	76233804	N:CC[T>G]CT	-1	107570.0	2476676021
JG0139d	16	76250875	N:CC[T>C]TG	1	17071.0	2476693092
JG0139d	16	76277113	N:TC[T>C]TG	1	26238.0	2476719330
JG0139d	16	76329523	T:GC[T>A]TT	-1	52410.0	2476771740
JG0139d	16	76418418	U:AC[T>A]TT	1	88895.0	2476860635
JG0139d	16	76616602	N:AT[T>G]TG	1	198184.0	2477058819
JG0139d	16	77172323	N:AC[T>G]TG	1	555721.0	2477614540
JG0139d	16	77308729	U:TG[T>G]TT	-1	136406.0	2477750946
JG0139d	16	77441301	N:GC[T>C]CT	1	132572.0	2477883518
JG0139d	16	77693769	N:CA[T>G]TT	-1	252468.0	2478135986
JG0139d	16	77797817	T:CC[T>C]TC	-1	104048.0	2478240034
JG0139d	16	78025326	U:TC[T>G]TT	1	227509.0	2478467543
JG0139d	16	78063021	N:TG[T>G]TG	-1	37695.0	2478505238
JG0139d	16	78066111	N:AC[T>A]CC	-1	3090.0	2478508328
JG0139d	16	78205898	U:CC[T>C]TC	1	139787.0	2478648115
JG0139d	16	78279738	U:TC[T>C]TC	1	73840.0	2478721955
JG0139d	16	78662312	U:TG[T>A]TG	1	382574.0	2479104529
JG0139d	16	78896139	T:CC[T>G]TC	-1	233827.0	2479338356
JG0139d	16	78991753	T:CC[T>G]TC	-1	95614.0	2479433970
JG0139d	16	79392013	N:CC[T>G]TA	-1	400260.0	2479834230
JG0139d	16	79446262	N:TC[T>A]TG	1	54249.0	2479888479
JG0139d	16	79668337	N:AC[T>C]TT	1	222075.0	2480110554
JG0139d	16	79863734	N:TC[T>C]CA	1	195397.0	2480305951
JG0139d	16	79988846	N:AC[T>C]TC	1	125112.0	2480431063
JG0139d	16	80361112	N:TC[T>G]TG	-1	372266.0	2480803329
JG0139d	16	81035561	U:AC[T>C]TC	-1	674449.0	2481477778
JG0139d	16	81114729	N:CC[T>A]TG	1	79168.0	2481556946
JG0139d	16	81243704	T:GC[T>C]TG	-1	128975.0	2481685921
JG0139d	16	81383703	T:TC[T>A]GG	-1	139999.0	2481825920
JG0139d	16	81433017	N:TG[T>C]CT	-1	49314.0	2481875234
JG0139d	16	81840606	U:CC[T>C]CA	1	407589.0	2482282823
JG0139d	16	82296237	N:AA[T>C]TT	1	455631.0	2482738454
JG0139d	16	82425303	N:TC[T>C]CC	1	129066.0	2482867520
JG0139d	16	82549848	N:TC[T>C]TG	-1	124545.0	2482992065
JG0139d	16	82828817	T:AC[T>A]TT	-1	278969.0	2483271034
JG0139d	16	82979196	T:AC[T>C]TC	-1	150379.0	2483421413
JG0139d	16	83008987	U:CC[T>C]TA	1	29791.0	2483451204
JG0139d	16	83108517	T:TC[T>A]CT	-1	99530.0	2483550734
JG0139d	16	83340206	T:CC[T>G]TC	-1	231689.0	2483782423
JG0139d	16	83371587	U:CC[T>C]GG	1	31381.0	2483813804
JG0139d	16	83571743	U:TC[T>C]CT	1	200156.0	2484013960
JG0139d	16	83600540	T:AG[T>G]TT	-1	28797.0	2484042757
JG0139d	16	83622966	T:CC[T>C]TG	-1	22426.0	2484065183
JG0139d	16	84331603	N:GC[T>C]CC	-1	708637.0	2484773820
JG0139d	16	84387519	T:TG[T>G]TT	-1	55916.0	2484829736
JG0139d	16	84459840	T:AC[T>C]CC	-1	72321.0	2484902057
JG0139d	16	84760887	T:GC[T>G]TG	-1	301047.0	2485203104
JG0139d	16	84868466	U:TC[T>A]CA	1	107579.0	2485310683
JG0139d	16	84940030	N:TC[T>G]TG	-1	71564.0	2485382247
JG0139d	16	85014367	N:AG[T>G]TA	1	74337.0	2485456584
JG0139d	16	85477395	U:TG[T>A]GC	1	463028.0	2485919612
JG0139d	16	85802398	U:CC[T>A]TT	1	325003.0	2486244615
JG0139d	16	86201754	N:AG[T>G]TG	1	399356.0	2486643971
JG0139d	16	86211252	N:AC[T>C]CT	1	9498.0	2486653469
JG0139d	16	86333019	N:AC[T>G]TA	1	121767.0	2486775236
JG0139d	16	86621800	N:AC[T>C]GG	1	288781.0	2487064017
JG0139d	16	87275863	N:AC[T>C]CT	-1	654063.0	2487718080
JG0139d	16	87657332	U:TG[T>C]GA	1	381469.0	2488099549
JG0139d	16	88108219	N:CG[T>C]GC	-1	450887.0	2488550436
JG0139d	16	88178059	N:TC[T>C]CA	-1	69840.0	2488620276
JG0139d	16	88671220	N:TC[T>C]CT	-1	493161.0	2489113437
JG0139d	16	88703256	T:TG[T>G]TG	1	32036.0	2489145473
JG0139d	16	89123784	T:AC[T>A]CT	-1	420528.0	2489566001
JG0139d	16	89268186	U:TG[T>G]TT	-1	144402.0	2489710403
JG0139d	16	89654939	T:CG[T>G]CT	1	386753.0	2490097156
JG0139d	16	89953407	U:TG[T>G]TC	1	298468.0	2490395624
JG0139d	17	686410	U:TA[T>G]TT	-1		2491466972
JG0139d	17	2352074	U:CC[T>G]CT	1	1665664.0	2493132636
JG0139d	17	2431919	T:TC[T>C]TC	1	79845.0	2493212481
JG0139d	17	2691409	U:TT[T>G]TG	-1	259490.0	2493471971
JG0139d	17	2787989	U:AG[T>G]TA	1	96580.0	2493568551
JG0139d	17	2907152	U:GG[T>C]CA	1	119163.0	2493687714
JG0139d	17	3342489	T:CC[T>A]TT	1	435337.0	2494123051
JG0139d	17	4026857	U:TC[T>G]TA	-1	684368.0	2494807419
JG0139d	17	4587111	T:CC[T>G]TC	-1	560254.0	2495367673
JG0139d	17	4865829	T:CC[T>C]CG	-1	278718.0	2495646391
JG0139d	17	5055247	N:AC[T>A]TT	1	189418.0	2495835809
JG0139d	17	5532293	U:TC[T>G]TA	-1	477046.0	2496312855
JG0139d	17	6126553	N:CC[T>A]CA	1	594260.0	2496907115
JG0139d	17	7823391	U:TC[T>G]TT	1	1696838.0	2498603953
JG0139d	17	8094709	N:CC[T>G]CA	1	271318.0	2498875271
JG0139d	17	8305431	N:TC[T>A]CC	1	210722.0	2499085993
JG0139d	17	8789328	N:CT[T>C]TA	-1	483897.0	2499569890
JG0139d	17	8912203	U:CC[T>C]CC	-1	122875.0	2499692765
JG0139d	17	9253636	U:CA[T>C]CT	-1	341433.0	2500034198
JG0139d	17	10837400	U:GG[T>G]GG	-1	1583764.0	2501617962
JG0139d	17	11275315	U:GC[T>C]TT	1	437915.0	2502055877
JG0139d	17	11655545	U:CC[T>G]TT	1	380230.0	2502436107
JG0139d	17	11804023	T:CC[T>C]TA	-1	148478.0	2502584585
JG0139d	17	12870347	U:AT[T>C]CC	1	1066324.0	2503650909
JG0139d	17	13290456	N:TC[T>G]TG	1	420109.0	2504071018
JG0139d	17	13323015	N:GG[T>G]TC	1	32559.0	2504103577
JG0139d	17	13418639	N:AG[T>G]GG	1	95624.0	2504199201
JG0139d	17	13797904	N:TG[T>C]CT	-1	379265.0	2504578466
JG0139d	17	13953703	N:TC[T>C]TT	-1	155799.0	2504734265
JG0139d	17	14126101	U:GC[T>G]GG	1	172398.0	2504906663
JG0139d	17	14787038	N:AG[T>A]TA	1	660937.0	2505567600
JG0139d	17	15094673	N:TC[T>G]TT	-1	307635.0	2505875235
JG0139d	17	15376625	N:GC[T>G]GA	-1	281952.0	2506157187
JG0139d	17	15505089	T:GG[T>C]AG	1	128464.0	2506285651
JG0139d	17	15663980	U:TC[T>G]GT	-1	158891.0	2506444542
JG0139d	17	15721947	N:GC[T>C]TT	1	57967.0	2506502509
JG0139d	17	15926371	N:TC[T>G]TC	-1	204424.0	2506706933
JG0139d	17	16049416	T:AC[T>G]TC	1	123045.0	2506829978
JG0139d	17	16463967	U:TT[T>A]TT	-1	414551.0	2507244529
JG0139d	17	16887109	N:AC[T>G]TC	-1	423142.0	2507667671
JG0139d	17	17281678	N:CG[T>G]TG	1	394569.0	2508062240
JG0139d	17	18028569	U:TG[T>C]GA	-1	746891.0	2508809131
JG0139d	17	18472734	N:CC[T>G]CA	1	444165.0	2509253296
JG0139d	17	18610123	N:AC[T>C]CC	1	137389.0	2509390685
JG0139d	17	19260981	T:AC[T>C]TC	-1	650858.0	2510041543
JG0139d	17	19617028	N:CC[T>G]AG	-1	356047.0	2510397590
JG0139d	17	19827545	U:AC[T>A]TA	-1	210517.0	2510608107
JG0139d	17	19863742	U:TC[T>G]GG	-1	36197.0	2510644304
JG0139d	17	19897150	N:TC[T>C]CC	-1	33408.0	2510677712
JG0139d	17	19924630	T:AC[T>C]CA	1	27480.0	2510705192
JG0139d	17	20413645	N:AG[T>G]CA	-1	489015.0	2511194207
JG0139d	17	20662137	N:TC[T>G]TG	1	248492.0	2511442699
JG0139d	17	21386332	U:CC[T>C]CT	1	724195.0	2512166894
JG0139d	17	21657170	N:GG[T>G]TC	-1	270838.0	2512437732
JG0139d	17	21763829	N:TC[T>C]GC	1	106659.0	2512544391
JG0139d	17	22361713	N:TC[T>A]TT	1	597884.0	2513142275
JG0139d	17	22711246	N:TG[T>C]CT	-1	349533.0	2513491808
JG0139d	17	22955572	N:CC[T>G]TT	-1	244326.0	2513736134
JG0139d	17	23133405	N:AA[T>G]TC	1	177833.0	2513913967
JG0139d	17	23202271	N:CC[T>A]CA	-1	68866.0	2513982833
JG0139d	17	24192819	N:TA[T>C]CC	-1	990548.0	2514973381
JG0139d	17	24193411	N:GC[T>C]AT	-1	592.0	2514973973
JG0139d	17	24231117	N:CC[T>A]TC	1	37706.0	2515011679
JG0139d	17	24261409	N:TC[T>C]GC	1	30292.0	2515041971
JG0139d	17	25496087	N:CG[T>G]TT	-1	1234678.0	2516276649
JG0139d	17	26268684	N:GG[C>A]TT	1	772597.0	2517049246
JG0139d	17	26758054	N:TC[T>G]TT	1	489370.0	2517538616
JG0139d	17	26983137	N:CT[C>A]TT	-1	225083.0	2517763699
JG0139d	17	28354811	T:CC[T>G]TC	1	1371674.0	2519135373
JG0139d	17	29076608	T:AC[T>A]TT	1	721797.0	2519857170
JG0139d	17	29079377	U:GC[T>G]GA	-1	2769.0	2519859939
JG0139d	17	29485411	T:TC[T>G]TC	-1	406034.0	2520265973
JG0139d	17	29877627	U:TC[T>G]TT	-1	392216.0	2520658189
JG0139d	17	30316046	N:TC[T>G]CA	1	438419.0	2521096608
JG0139d	17	30376985	N:TC[T>G]CT	1	60939.0	2521157547
JG0139d	17	31727494	N:CC[T>C]GT	-1	1350509.0	2522508056
JG0139d	17	32012451	U:GC[T>G]CA	1	284957.0	2522793013
JG0139d	17	33344657	T:TG[T>G]TC	1	1332206.0	2524125219
JG0139d	17	33746852	U:AA[T>G]CA	-1	402195.0	2524527414
JG0139d	17	33749660	T:AC[T>G]TA	1	2808.0	2524530222
JG0139d	17	34004375	U:TC[T>C]AT	-1	254715.0	2524784937
JG0139d	17	34317929	N:GA[T>G]TA	-1	313554.0	2525098491
JG0139d	17	34381753	N:TA[T>G]TT	1	63824.0	2525162315
JG0139d	17	35074273	T:CT[T>G]TT	1	692520.0	2525854835
JG0139d	17	35143126	N:AC[T>C]GC	1	68853.0	2525923688
JG0139d	17	35612027	T:TC[T>A]CA	-1	468901.0	2526392589
JG0139d	17	36169060	T:GC[T>G]GA	1	557033.0	2526949622
JG0139d	17	36906435	N:AC[T>G]TC	1	737375.0	2527686997
JG0139d	17	37219611	U:CC[T>G]TA	-1	313176.0	2528000173
JG0139d	17	37332527	T:AC[T>G]TG	1	112916.0	2528113089
JG0139d	17	37751945	N:CC[T>C]CT	-1	419418.0	2528532507
JG0139d	17	37899729	N:TC[T>C]TC	-1	147784.0	2528680291
JG0139d	17	38477745	U:CC[T>A]CG	1	578016.0	2529258307
JG0139d	17	38901304	T:GC[T>A]TG	-1	423559.0	2529681866
JG0139d	17	39054764	N:GC[T>C]CA	-1	153460.0	2529835326
JG0139d	17	39247148	N:TC[T>G]TG	-1	192384.0	2530027710
JG0139d	17	39382433	U:AG[T>C]CT	-1	135285.0	2530162995
JG0139d	17	39578878	N:TC[T>G]GA	-1	196445.0	2530359440
JG0139d	17	40635758	T:TC[T>G]TG	1	1056880.0	2531416320
JG0139d	17	40735004	N:AC[T>C]TC	1	99246.0	2531515566
JG0139d	17	40840723	N:CC[T>C]GA	1	105719.0	2531621285
JG0139d	17	41028138	N:TT[C>T]CA	-1	187415.0	2531808700
JG0139d	17	41074015	N:AG[T>G]TC	1	45877.0	2531854577
JG0139d	17	41434819	N:TG[T>G]TT	1	360804.0	2532215381
JG0139d	17	41539757	N:GA[C>A]CA	1	104938.0	2532320319
JG0139d	17	42298417	U:CC[T>G]CC	1	758660.0	2533078979
JG0139d	17	42704688	U:TC[T>C]CT	-1	406271.0	2533485250
JG0139d	17	43439297	N:GT[T>G]TG	1	734609.0	2534219859
JG0139d	17	43842403	N:TC[T>C]CC	1	403106.0	2534622965
JG0139d	17	43967403	U:GC[T>C]GT	-1	125000.0	2534747965
JG0139d	17	44002951	U:GC[T>G]TT	-1	35548.0	2534783513
JG0139d	17	45016328	N:TC[T>G]TC	-1	1013377.0	2535796890
JG0139d	17	45572349	N:CC[T>G]CC	1	556021.0	2536352911
JG0139d	17	45943290	T:AC[T>G]TG	-1	370941.0	2536723852
JG0139d	17	46393733	N:CA[T>G]TA	-1	450443.0	2537174295
JG0139d	17	46499762	N:AT[T>G]TC	1	106029.0	2537280324
JG0139d	17	46998526	N:GC[T>C]TG	-1	498764.0	2537779088
JG0139d	17	47421328	T:GG[T>C]CA	-1	422802.0	2538201890
JG0139d	17	48163840	T:TC[T>G]CT	1	742512.0	2538944402
JG0139d	17	48386337	U:GG[T>C]CT	-1	222497.0	2539166899
JG0139d	17	48515913	N:CC[T>G]TC	-1	129576.0	2539296475
JG0139d	17	49359078	U:TC[T>G]TC	-1	843165.0	2540139640
JG0139d	17	50010356	N:GC[T>C]GA	1	651278.0	2540790918
JG0139d	17	51506216	N:TC[T>C]CT	-1	1495860.0	2542286778
JG0139d	17	52526087	N:GA[T>G]TC	1	1019871.0	2543306649
JG0139d	17	52573356	N:AT[T>C]TT	-1	47269.0	2543353918
JG0139d	17	54616378	N:TC[T>A]TC	-1	2043022.0	2545396940
JG0139d	17	55393429	U:AG[C>T]AT	-1	777051.0	2546173991
JG0139d	17	56011075	U:TC[T>G]TT	1	617646.0	2546791637
JG0139d	17	56282736	T:CC[T>G]TC	-1	271661.0	2547063298
JG0139d	17	56413057	U:GC[T>G]AA	1	130321.0	2547193619
JG0139d	17	57432769	U:TC[T>G]TC	1	1019712.0	2548213331
JG0139d	17	57433986	U:GG[T>C]AC	1	1217.0	2548214548
JG0139d	17	58507444	U:GG[T>A]TG	-1	1073458.0	2549288006
JG0139d	17	58619847	U:GC[T>G]TA	-1	112403.0	2549400409
JG0139d	17	58848443	U:CA[T>C]CC	1	228596.0	2549629005
JG0139d	17	58857659	U:TC[T>G]TT	1	9216.0	2549638221
JG0139d	17	59524286	N:AC[T>C]AT	-1	666627.0	2550304848
JG0139d	17	59662220	T:AG[T>C]TA	-1	137934.0	2550442782
JG0139d	17	59791256	U:TC[T>G]CG	1	129036.0	2550571818
JG0139d	17	59882101	U:CC[T>G]GT	-1	90845.0	2550662663
JG0139d	17	59982699	N:CC[T>C]CA	-1	100598.0	2550763261
JG0139d	17	60527613	N:TT[T>G]TG	-1	544914.0	2551308175
JG0139d	17	60794711	U:AC[T>G]GT	1	267098.0	2551575273
JG0139d	17	61175437	U:AG[T>G]TG	1	380726.0	2551955999
JG0139d	17	61254912	U:AC[T>A]AG	1	79475.0	2552035474
JG0139d	17	61342002	U:GG[T>G]TT	1	87090.0	2552122564
JG0139d	17	61469540	U:AC[T>C]TG	1	127538.0	2552250102
JG0139d	17	61977245	U:TG[T>G]TC	-1	507705.0	2552757807
JG0139d	17	62205910	N:AA[T>G]TT	-1	228665.0	2552986472
JG0139d	17	62412338	U:AC[T>A]GC	1	206428.0	2553192900
JG0139d	17	62610947	U:TC[T>C]TG	1	198609.0	2553391509
JG0139d	17	63579272	U:GA[T>G]TT	1	968325.0	2554359834
JG0139d	17	64744204	N:AC[T>C]CT	-1	1164932.0	2555524766
JG0139d	17	64812033	N:AC[T>G]TC	-1	67829.0	2555592595
JG0139d	17	64856861	T:CC[T>A]GT	1	44828.0	2555637423
JG0139d	17	64981562	N:AA[T>G]TC	-1	124701.0	2555762124
JG0139d	17	65268743	N:GC[T>G]TC	-1	287181.0	2556049305
JG0139d	17	65697793	U:GC[T>G]TT	-1	429050.0	2556478355
JG0139d	17	66070957	T:TA[T>A]TC	1	373164.0	2556851519
JG0139d	17	66098320	T:TC[T>C]TT	1	27363.0	2556878882
JG0139d	17	66105094	U:TC[T>G]TG	-1	6774.0	2556885656
JG0139d	17	66676102	U:AC[T>G]TG	1	571008.0	2557456664
JG0139d	17	67663892	U:CC[T>G]CA	1	987790.0	2558444454
JG0139d	17	67833665	U:GG[T>G]TC	1	169773.0	2558614227
JG0139d	17	68060373	N:AC[T>A]TG	-1	226708.0	2558840935
JG0139d	17	68356883	T:GC[T>C]GA	-1	296510.0	2559137445
JG0139d	17	70023714	N:CC[T>C]GA	-1	1666831.0	2560804276
JG0139d	17	70351647	N:GC[T>A]TA	-1	327933.0	2561132209
JG0139d	17	71181713	N:AC[T>C]TT	-1	830066.0	2561962275
JG0139d	17	71413678	N:GC[T>C]GT	-1	231965.0	2562194240
JG0139d	17	71447856	N:GA[T>G]TT	1	34178.0	2562228418
JG0139d	17	71523275	N:CC[T>C]CA	-1	75419.0	2562303837
JG0139d	17	71527460	N:AT[T>G]TC	-1	4185.0	2562308022
JG0139d	17	71922301	N:AG[T>G]TT	1	394841.0	2562702863
JG0139d	17	72191461	N:TT[T>G]TG	1	269160.0	2562972023
JG0139d	17	72356976	N:TC[C>A]AC	-1	165515.0	2563137538
JG0139d	17	72358164	N:AC[T>G]CA	1	1188.0	2563138726
JG0139d	17	72375181	N:GG[T>C]CT	-1	17017.0	2563155743
JG0139d	17	72950627	T:TC[T>C]TT	1	575446.0	2563731189
JG0139d	17	72989585	T:TA[T>A]CA	1	38958.0	2563770147
JG0139d	17	73201606	T:TC[T>G]TC	-1	212021.0	2563982168
JG0139d	17	73962850	N:TC[T>G]TA	1	761244.0	2564743412
JG0139d	17	74393395	N:CT[T>G]TG	1	430545.0	2565173957
JG0139d	17	74502763	N:AA[T>G]TT	-1	109368.0	2565283325
JG0139d	17	74578702	N:CC[T>G]TA	-1	75939.0	2565359264
JG0139d	17	75265694	U:TC[T>C]CA	1	686992.0	2566046256
JG0139d	17	75451820	U:AC[T>A]CA	1	186126.0	2566232382
JG0139d	17	75617011	T:GC[T>G]CC	-1	165191.0	2566397573
JG0139d	17	76041818	T:CC[T>A]CT	1	424807.0	2566822380
JG0139d	17	76452565	U:CA[T>G]TG	-1	410747.0	2567233127
JG0139d	17	77331571	T:CT[T>G]TC	-1	879006.0	2568112133
JG0139d	17	77370926	T:CC[T>C]CT	-1	39355.0	2568151488
JG0139d	17	77580413	N:GC[T>G]CG	1	209487.0	2568360975
JG0139d	17	77665159	N:CC[T>C]CC	-1	84746.0	2568445721
JG0139d	17	79307551	T:AG[T>C]TA	1	1642392.0	2570088113
JG0139d	17	79809524	N:CC[T>G]TC	1	501973.0	2570590086
JG0139d	17	80399580	N:AT[T>C]TA	-1	590056.0	2571180142
JG0139d	17	80608120	T:AC[T>C]CT	-1	208540.0	2571388682
JG0139d	17	80748167	U:TG[T>C]TG	1	140047.0	2571528729
JG0139d	17	81045035	T:AC[T>C]TC	-1	296868.0	2571825597
JG0139d	17	81185560	N:CC[T>G]TT	-1	140525.0	2571966122
JG0139d	17	81584916	T:CC[T>C]AG	1	399356.0	2572365478
JG0139d	17	82198758	U:CC[T>A]CG	-1	613842.0	2572979320
JG0139d	17	83032079	U:TG[T>C]TC	-1	833321.0	2573812641
JG0139d	18	140968	N:CC[T>A]CA	1		2574178971
JG0139d	18	447405	U:CC[T>C]CC	-1	306437.0	2574485408
JG0139d	18	606437	T:AC[T>G]TC	-1	159032.0	2574644440
JG0139d	18	849276	N:AC[T>C]CA	-1	242839.0	2574887279
JG0139d	18	954577	N:TG[T>C]TC	1	105301.0	2574992580
JG0139d	18	1450724	N:CC[T>G]TG	1	496147.0	2575488727
JG0139d	18	1669790	N:TC[T>C]TA	1	219066.0	2575707793
JG0139d	18	1740628	N:CC[T>C]CA	-1	70838.0	2575778631
JG0139d	18	2168702	N:CC[T>G]TC	1	428074.0	2576206705
JG0139d	18	2332178	N:AC[T>G]TC	1	163476.0	2576370181
JG0139d	18	2460854	N:TC[T>G]TC	1	128676.0	2576498857
JG0139d	18	2673055	T:AG[T>G]CA	-1	212201.0	2576711058
JG0139d	18	2931037	U:GC[T>C]CT	-1	257982.0	2576969040
JG0139d	18	3146886	U:GG[T>G]TT	-1	215849.0	2577184889
JG0139d	18	3224927	N:AC[T>G]TT	-1	78041.0	2577262930
JG0139d	18	3329884	N:TG[T>G]TG	1	104957.0	2577367887
JG0139d	18	3422294	T:AC[T>C]TT	-1	92410.0	2577460297
JG0139d	18	3529018	T:CC[T>G]TG	1	106724.0	2577567021
JG0139d	18	3709004	U:TT[T>G]TT	-1	179986.0	2577747007
JG0139d	18	3902910	T:AC[T>G]CA	1	193906.0	2577940913
JG0139d	18	3959279	T:CC[T>G]TT	1	56369.0	2577997282
JG0139d	18	3968434	U:AG[T>G]TG	-1	9155.0	2578006437
JG0139d	18	3975281	U:CA[T>A]TT	-1	6847.0	2578013284
JG0139d	18	4700788	N:AA[T>G]TT	1	725507.0	2578738791
JG0139d	18	4807995	N:GC[T>G]CT	1	107207.0	2578845998
JG0139d	18	5023532	N:AC[T>G]TG	1	215537.0	2579061535
JG0139d	18	5141280	N:TC[T>C]CG	1	117748.0	2579179283
JG0139d	18	5158783	U:GC[T>C]CA	-1	17503.0	2579196786
JG0139d	18	5222400	N:TC[T>G]TT	-1	63617.0	2579260403
JG0139d	18	5228600	N:GC[T>G]TA	1	6200.0	2579266603
JG0139d	18	5427721	U:TA[T>G]TT	-1	199121.0	2579465724
JG0139d	18	5643659	N:AC[T>G]TT	1	215938.0	2579681662
JG0139d	18	5694379	N:TC[T>C]CC	-1	50720.0	2579732382
JG0139d	18	5704796	N:GC[T>C]TC	-1	10417.0	2579742799
JG0139d	18	5893341	U:CC[T>C]TC	-1	188545.0	2579931344
JG0139d	18	6030494	U:TC[T>C]TC	-1	137153.0	2580068497
JG0139d	18	6420484	N:AC[T>G]TT	1	389990.0	2580458487
JG0139d	18	6543164	N:TC[T>G]TT	1	122680.0	2580581167
JG0139d	18	6553342	N:TC[T>C]CT	-1	10178.0	2580591345
JG0139d	18	6725438	N:TC[T>A]CA	1	172096.0	2580763441
JG0139d	18	6897197	T:GC[T>C]CA	-1	171759.0	2580935200
JG0139d	18	6908009	T:GC[T>C]GA	-1	10812.0	2580946012
JG0139d	18	7140322	N:TT[T>G]TT	1	232313.0	2581178325
JG0139d	18	7602187	T:AC[T>G]TG	-1	461865.0	2581640190
JG0139d	18	7649136	T:GC[T>G]TT	-1	46949.0	2581687139
JG0139d	18	7731986	T:TC[T>G]TG	-1	82850.0	2581769989
JG0139d	18	8006263	U:TC[T>G]CA	1	274277.0	2582044266
JG0139d	18	8113174	T:TC[T>C]CA	-1	106911.0	2582151177
JG0139d	18	8725916	T:GC[T>C]CC	-1	612742.0	2582763919
JG0139d	18	9001611	N:GC[T>G]CA	-1	275695.0	2583039614
JG0139d	18	9102969	T:GC[T>C]TC	-1	101358.0	2583140972
JG0139d	18	9127431	U:TG[T>C]GA	1	24462.0	2583165434
JG0139d	18	9290900	N:AC[T>C]TC	-1	163469.0	2583328903
JG0139d	18	9435560	N:AG[T>A]CA	-1	144660.0	2583473563
JG0139d	18	9480273	U:TC[T>G]TG	1	44713.0	2583518276
JG0139d	18	9771552	U:CC[T>C]TG	1	291279.0	2583809555
JG0139d	18	9837054	T:TC[T>G]TC	-1	65502.0	2583875057
JG0139d	18	9955683	T:AC[T>G]TC	-1	118629.0	2583993686
JG0139d	18	10247564	N:TC[T>C]TA	1	291881.0	2584285567
JG0139d	18	10289820	N:TC[T>G]TC	1	42256.0	2584327823
JG0139d	18	10767630	U:GC[T>G]CT	-1	477810.0	2584805633
JG0139d	18	11053127	T:CC[T>C]TA	1	285497.0	2585091130
JG0139d	18	11309340	N:AC[T>C]GT	1	256213.0	2585347343
JG0139d	18	11323038	N:GG[T>G]GA	-1	13698.0	2585361041
JG0139d	18	11457381	N:TC[T>A]CT	-1	134343.0	2585495384
JG0139d	18	11471960	N:TC[T>C]TG	-1	14579.0	2585509963
JG0139d	18	11724103	T:GC[T>C]TC	-1	252143.0	2585762106
JG0139d	18	11817936	U:AA[T>C]AG	1	93833.0	2585855939
JG0139d	18	12029721	U:CC[T>G]CC	1	211785.0	2586067724
JG0139d	18	12045493	N:TC[T>A]CA	-1	15772.0	2586083496
JG0139d	18	12234843	N:AC[T>C]CT	-1	189350.0	2586272846
JG0139d	18	12565382	T:TC[T>G]TT	1	330539.0	2586603385
JG0139d	18	13083985	U:CC[T>C]CT	1	518603.0	2587121988
JG0139d	18	13137320	N:TC[T>C]GG	1	53335.0	2587175323
JG0139d	18	13260271	U:TC[T>C]TG	1	122951.0	2587298274
JG0139d	18	13368671	U:TA[T>C]GT	1	108400.0	2587406674
JG0139d	18	13796379	N:GC[T>G]TT	1	427708.0	2587834382
JG0139d	18	13843568	N:CC[T>A]CT	-1	47189.0	2587881571
JG0139d	18	14036690	N:CC[T>G]TA	-1	193122.0	2588074693
JG0139d	18	14134367	N:GC[T>G]TT	-1	97677.0	2588172370
JG0139d	18	14217932	N:TC[T>G]TA	1	83565.0	2588255935
JG0139d	18	14279142	N:TC[T>C]GC	-1	61210.0	2588317145
JG0139d	18	14294532	N:TC[T>G]TC	1	15390.0	2588332535
JG0139d	18	14815117	T:TC[T>A]TC	-1	520585.0	2588853120
JG0139d	18	15049795	N:GC[T>G]CA	1	234678.0	2589087798
JG0139d	18	15128647	N:GC[T>C]CT	1	78852.0	2589166650
JG0139d	18	15518014	N:TG[T>C]TG	1	389367.0	2589556017
JG0139d	18	16228387	N:CC[T>G]TC	-1	710373.0	2590266390
JG0139d	18	16507729	N:AG[T>G]TT	1	279342.0	2590545732
JG0139d	18	16535996	N:CT[T>A]TG	1	28267.0	2590573999
JG0139d	18	16650748	N:CC[T>G]TT	1	114752.0	2590688751
JG0139d	18	16757224	N:AC[T>C]TA	1	106476.0	2590795227
JG0139d	18	16798283	N:AC[T>A]TG	-1	41059.0	2590836286
JG0139d	18	16840326	N:CT[T>G]TG	1	42043.0	2590878329
JG0139d	18	17004145	N:CT[T>G]TT	-1	163819.0	2591042148
JG0139d	18	17040946	N:CC[T>C]CA	-1	36801.0	2591078949
JG0139d	18	17214348	N:CA[T>G]TC	1	173402.0	2591252351
JG0139d	18	17578119	N:TC[T>G]TT	1	363771.0	2591616122
JG0139d	18	17735968	N:TT[T>G]CT	-1	157849.0	2591773971
JG0139d	18	17833845	N:AC[T>A]GC	1	97877.0	2591871848
JG0139d	18	17885687	N:TC[T>C]TG	-1	51842.0	2591923690
JG0139d	18	17902567	N:AC[T>C]CG	1	16880.0	2591940570
JG0139d	18	18596679	N:AC[T>C]CT	1	694112.0	2592634682
JG0139d	18	18696663	N:GC[T>G]TG	-1	99984.0	2592734666
JG0139d	18	18707736	N:AC[T>G]CC	-1	11073.0	2592745739
JG0139d	18	18930990	N:CG[T>G]TT	-1	223254.0	2592968993
JG0139d	18	19028975	N:CC[T>G]TT	1	97985.0	2593066978
JG0139d	18	19075691	N:CC[T>C]CA	-1	46716.0	2593113694
JG0139d	18	19206980	N:CC[T>A]CT	1	131289.0	2593244983
JG0139d	18	19213813	N:TC[T>G]TT	1	6833.0	2593251816
JG0139d	18	19299532	N:TG[T>G]TA	-1	85719.0	2593337535
JG0139d	18	19479623	N:AC[T>C]CT	1	180091.0	2593517626
JG0139d	18	19866972	N:AG[T>G]TT	1	387349.0	2593904975
JG0139d	18	19957452	N:TC[T>C]AC	1	90480.0	2593995455
JG0139d	18	20074411	N:TC[T>C]TC	1	116959.0	2594112414
JG0139d	18	20077904	N:CC[T>G]TT	1	3493.0	2594115907
JG0139d	18	20380022	N:AC[T>C]CA	1	302118.0	2594418025
JG0139d	18	20669395	N:CT[T>G]TG	1	289373.0	2594707398
JG0139d	18	20725253	N:AT[T>G]TG	1	55858.0	2594763256
JG0139d	18	20824642	N:GA[T>A]AG	-1	99389.0	2594862645
JG0139d	18	20928414	N:TC[T>C]TC	1	103772.0	2594966417
JG0139d	18	21495872	U:CC[T>A]TT	1	567458.0	2595533875
JG0139d	18	21937308	N:GG[T>A]CT	1	441436.0	2595975311
JG0139d	18	22040369	N:TT[T>G]TT	-1	103061.0	2596078372
JG0139d	18	22223332	N:CC[T>C]TG	1	182963.0	2596261335
JG0139d	18	22344266	N:TG[T>G]TT	1	120934.0	2596382269
JG0139d	18	22523546	N:GC[T>G]TC	1	179280.0	2596561549
JG0139d	18	22556810	N:GC[T>G]CT	-1	33264.0	2596594813
JG0139d	18	22598358	N:TC[T>G]TG	1	41548.0	2596636361
JG0139d	18	22627834	N:TG[T>G]TG	-1	29476.0	2596665837
JG0139d	18	22746191	N:TG[T>C]TG	-1	118357.0	2596784194
JG0139d	18	23427762	U:GG[T>G]TC	-1	681571.0	2597465765
JG0139d	18	23474992	T:TC[T>C]TC	-1	47230.0	2597512995
JG0139d	18	24144222	U:TC[T>G]TG	1	669230.0	2598182225
JG0139d	18	24209386	U:TG[T>C]TT	-1	65164.0	2598247389
JG0139d	18	24552167	N:AC[T>C]TC	1	342781.0	2598590170
JG0139d	18	24566937	N:AG[T>G]TA	-1	14770.0	2598604940
JG0139d	18	24661967	N:GC[T>C]CG	-1	95030.0	2598699970
JG0139d	18	24679374	N:TC[T>G]TT	1	17407.0	2598717377
JG0139d	18	24866125	N:TC[T>C]CG	-1	186751.0	2598904128
JG0139d	18	25036423	N:AC[T>A]CA	-1	170298.0	2599074426
JG0139d	18	25076188	T:CC[T>C]CG	1	39765.0	2599114191
JG0139d	18	25449425	N:TG[T>G]TG	-1	373237.0	2599487428
JG0139d	18	25532110	N:TG[T>A]TT	1	82685.0	2599570113
JG0139d	18	25580244	N:TG[T>C]CC	1	48134.0	2599618247
JG0139d	18	25635904	N:TC[T>A]TG	1	55660.0	2599673907
JG0139d	18	25758354	N:TC[T>C]CT	-1	122450.0	2599796357
JG0139d	18	25881024	N:AC[T>G]TG	-1	122670.0	2599919027
JG0139d	18	26003738	N:GC[T>C]AG	-1	122714.0	2600041741
JG0139d	18	26090824	T:CC[T>C]TA	1	87086.0	2600128827
JG0139d	18	26241860	T:GC[T>C]CC	-1	151036.0	2600279863
JG0139d	18	26411316	N:TC[T>A]CA	-1	169456.0	2600449319
JG0139d	18	26526667	U:GC[T>C]GA	-1	115351.0	2600564670
JG0139d	18	26832131	N:AC[T>A]TG	-1	305464.0	2600870134
JG0139d	18	26933885	U:CC[T>C]TC	-1	101754.0	2600971888
JG0139d	18	27179254	U:CC[T>C]TA	-1	245369.0	2601217257
JG0139d	18	27549066	N:AG[T>C]TG	1	369812.0	2601587069
JG0139d	18	27620393	N:GC[T>C]CA	-1	71327.0	2601658396
JG0139d	18	27909050	N:AG[T>G]TT	1	288657.0	2601947053
JG0139d	18	27910176	N:AC[T>A]TC	1	1126.0	2601948179
JG0139d	18	28039095	T:AC[T>G]CT	1	128919.0	2602077098
JG0139d	18	28100042	U:AC[T>C]CA	-1	60947.0	2602138045
JG0139d	18	28339688	N:TC[T>A]TA	1	239646.0	2602377691
JG0139d	18	28348292	N:CC[T>C]TG	-1	8604.0	2602386295
JG0139d	18	28383637	N:AG[T>C]AC	1	35345.0	2602421640
JG0139d	18	28492577	N:GC[T>A]GG	1	108940.0	2602530580
JG0139d	18	28818677	N:AC[T>C]TA	1	326100.0	2602856680
JG0139d	18	28877899	N:TT[C>G]AT	1	59222.0	2602915902
JG0139d	18	28971968	N:AC[T>G]TT	-1	94069.0	2603009971
JG0139d	18	28975070	N:GA[T>G]AC	1	3102.0	2603013073
JG0139d	18	29691518	N:AT[T>G]TT	-1	716448.0	2603729521
JG0139d	18	29956335	N:CT[T>G]TT	1	264817.0	2603994338
JG0139d	18	30289780	N:TC[T>C]CT	-1	333445.0	2604327783
JG0139d	18	30779769	N:AC[T>C]AT	-1	489989.0	2604817772
JG0139d	18	30822516	N:TC[T>G]GA	-1	42747.0	2604860519
JG0139d	18	30871105	N:AC[T>C]TA	1	48589.0	2604909108
JG0139d	18	30933272	N:TC[T>G]TC	1	62167.0	2604971275
JG0139d	18	31022658	U:TC[T>G]TC	-1	89386.0	2605060661
JG0139d	18	31026542	T:AG[T>G]TA	1	3884.0	2605064545
JG0139d	18	31088309	U:TC[T>G]TT	-1	61767.0	2605126312
JG0139d	18	31233812	N:CC[T>G]CC	-1	145503.0	2605271815
JG0139d	18	31257841	N:TC[T>G]TC	1	24029.0	2605295844
JG0139d	18	31365678	N:GC[T>C]TA	1	107837.0	2605403681
JG0139d	18	31450265	U:TC[T>C]TG	1	84587.0	2605488268
JG0139d	18	31538651	U:AG[T>G]TA	1	88386.0	2605576654
JG0139d	18	31572907	U:TC[T>C]CT	1	34256.0	2605610910
JG0139d	18	31691788	N:TT[C>T]TG	1	118881.0	2605729791
JG0139d	18	31736074	N:CT[C>G]TG	-1	44286.0	2605774077
JG0139d	18	31806274	N:TC[T>G]TC	-1	70200.0	2605844277
JG0139d	18	31825706	N:GC[T>G]TC	-1	19432.0	2605863709
JG0139d	18	31838773	T:TC[T>G]TT	1	13067.0	2605876776
JG0139d	18	31914772	U:GC[T>C]TT	-1	75999.0	2605952775
JG0139d	18	32245580	T:TC[T>A]TG	1	330808.0	2606283583
JG0139d	18	32304450	T:CC[T>G]TA	1	58870.0	2606342453
JG0139d	18	32323782	U:TC[T>G]CC	-1	19332.0	2606361785
JG0139d	18	32943065	U:AC[T>G]TC	-1	619283.0	2606981068
JG0139d	18	33071258	U:TC[T>C]TT	-1	128193.0	2607109261
JG0139d	18	33276490	T:AG[T>G]TT	1	205232.0	2607314493
JG0139d	18	33300329	T:TC[T>G]TT	1	23839.0	2607338332
JG0139d	18	33834359	N:TC[T>C]CA	-1	534030.0	2607872362
JG0139d	18	34196684	U:GT[T>A]TT	-1	362325.0	2608234687
JG0139d	18	34614212	U:AC[T>C]TA	1	417528.0	2608652215
JG0139d	18	34638422	U:TC[T>C]GG	1	24210.0	2608676425
JG0139d	18	34702330	T:GC[T>A]TC	-1	63908.0	2608740333
JG0139d	18	34705901	U:GC[T>G]TA	1	3571.0	2608743904
JG0139d	18	34796837	T:GG[T>A]TA	-1	90936.0	2608834840
JG0139d	18	34895297	N:CC[T>G]CC	-1	98460.0	2608933300
JG0139d	18	35108667	T:AG[T>A]CA	-1	213370.0	2609146670
JG0139d	18	35338280	U:CC[T>C]GT	-1	229613.0	2609376283
JG0139d	18	35401409	N:TC[T>G]TT	-1	63129.0	2609439412
JG0139d	18	35489090	U:AC[T>G]TG	-1	87681.0	2609527093
JG0139d	18	35495339	U:CC[T>A]GG	-1	6249.0	2609533342
JG0139d	18	35533347	N:TC[T>G]TT	-1	38008.0	2609571350
JG0139d	18	35904307	N:AC[T>C]GC	-1	370960.0	2609942310
JG0139d	18	36092927	N:TC[T>G]TC	1	188620.0	2610130930
JG0139d	18	36114279	U:TC[T>C]CA	-1	21352.0	2610152282
JG0139d	18	36505603	T:TC[T>A]TC	-1	391324.0	2610543606
JG0139d	18	36914432	T:TC[C>T]TG	-1	408829.0	2610952435
JG0139d	18	37051072	U:TC[T>G]TT	1	136640.0	2611089075
JG0139d	18	37203893	U:GC[T>C]CC	1	152821.0	2611241896
JG0139d	18	37277719	U:AC[T>G]CC	-1	73826.0	2611315722
JG0139d	18	37322244	T:CC[T>G]TG	1	44525.0	2611360247
JG0139d	18	37326535	T:CC[T>A]GT	1	4291.0	2611364538
JG0139d	18	37391268	T:TC[T>C]TA	1	64733.0	2611429271
JG0139d	18	37423889	U:TC[T>C]GT	-1	32621.0	2611461892
JG0139d	18	37594962	N:CC[T>G]CT	1	171073.0	2611632965
JG0139d	18	37743946	N:TC[C>G]AA	-1	148984.0	2611781949
JG0139d	18	37771804	N:TC[T>C]GG	-1	27858.0	2611809807
JG0139d	18	37918677	N:AT[T>C]CT	1	146873.0	2611956680
JG0139d	18	38011475	N:TC[T>C]TG	1	92798.0	2612049478
JG0139d	18	38017025	N:GC[T>G]TT	1	5550.0	2612055028
JG0139d	18	38223835	N:CC[T>G]TG	1	206810.0	2612261838
JG0139d	18	38302143	N:CC[T>C]GG	-1	78308.0	2612340146
JG0139d	18	38387346	N:GC[T>C]GA	-1	85203.0	2612425349
JG0139d	18	38395876	N:GC[T>C]CT	1	8530.0	2612433879
JG0139d	18	38415884	N:GC[T>C]CT	1	20008.0	2612453887
JG0139d	18	38481195	N:AG[T>G]TA	1	65311.0	2612519198
JG0139d	18	38515504	N:GG[T>A]CT	-1	34309.0	2612553507
JG0139d	18	38544502	N:TC[T>C]TT	-1	28998.0	2612582505
JG0139d	18	38699406	N:TC[T>G]TA	-1	154904.0	2612737409
JG0139d	18	38784488	N:TC[T>G]CT	-1	85082.0	2612822491
JG0139d	18	38907071	N:CC[T>G]TT	-1	122583.0	2612945074
JG0139d	18	38944652	N:GC[T>A]TA	-1	37581.0	2612982655
JG0139d	18	39141171	N:TC[T>A]TC	1	196519.0	2613179174
JG0139d	18	39473972	N:TC[T>C]CA	-1	332801.0	2613511975
JG0139d	18	39646608	N:TC[T>G]TC	1	172636.0	2613684611
JG0139d	18	39706423	N:AC[T>G]TC	1	59815.0	2613744426
JG0139d	18	40216796	N:TC[T>A]TT	1	510373.0	2614254799
JG0139d	18	40357879	N:AG[T>G]TA	1	141083.0	2614395882
JG0139d	18	40624723	N:CC[T>G]CC	1	266844.0	2614662726
JG0139d	18	41044037	N:TC[T>G]TC	1	419314.0	2615082040
JG0139d	18	41103612	N:CA[T>G]TA	1	59575.0	2615141615
JG0139d	18	41124408	N:CA[C>A]AG	-1	20796.0	2615162411
JG0139d	18	41457862	N:CG[T>C]CT	-1	333454.0	2615495865
JG0139d	18	41512406	N:TC[T>A]CT	1	54544.0	2615550409
JG0139d	18	42138575	N:TC[T>C]CA	1	626169.0	2616176578
JG0139d	18	42554005	N:CC[T>C]TT	-1	415430.0	2616592008
JG0139d	18	42685566	N:TC[T>G]TT	-1	131561.0	2616723569
JG0139d	18	42701730	N:AC[T>G]CA	-1	16164.0	2616739733
JG0139d	18	42900512	U:TC[T>G]TT	-1	198782.0	2616938515
JG0139d	18	42905860	T:AG[T>C]CC	1	5348.0	2616943863
JG0139d	18	43046244	U:TC[T>G]TT	-1	140384.0	2617084247
JG0139d	18	43258405	N:TC[T>C]TT	-1	212161.0	2617296408
JG0139d	18	43511017	N:CC[T>C]CT	-1	252612.0	2617549020
JG0139d	18	44014372	N:GC[T>G]TT	1	503355.0	2618052375
JG0139d	18	44068919	N:TC[T>C]TT	-1	54547.0	2618106922
JG0139d	18	44208918	N:TC[T>C]GG	-1	139999.0	2618246921
JG0139d	18	44226401	N:AG[T>A]CC	1	17483.0	2618264404
JG0139d	18	44484035	N:GC[T>G]CC	1	257634.0	2618522038
JG0139d	18	44618010	N:GC[T>C]TT	-1	133975.0	2618656013
JG0139d	18	44770036	T:CC[T>G]TT	-1	152026.0	2618808039
JG0139d	18	45173889	N:AC[T>C]TT	-1	403853.0	2619211892
JG0139d	18	45386428	T:GC[T>G]TT	-1	212539.0	2619424431
JG0139d	18	45416113	T:AC[T>G]TA	-1	29685.0	2619454116
JG0139d	18	45574564	U:CC[T>A]CT	1	158451.0	2619612567
JG0139d	18	45784239	N:TT[T>C]TG	1	209675.0	2619822242
JG0139d	18	45801948	N:CC[T>G]CA	-1	17709.0	2619839951
JG0139d	18	45803432	N:CC[T>G]TT	-1	1484.0	2619841435
JG0139d	18	45914672	U:TG[T>A]TA	-1	111240.0	2619952675
JG0139d	18	46161908	N:CC[T>C]GA	1	247236.0	2620199911
JG0139d	18	46356984	U:TG[T>G]CC	1	195076.0	2620394987
JG0139d	18	46545338	U:TC[T>G]TT	-1	188354.0	2620583341
JG0139d	18	46723734	T:CC[T>C]GG	1	178396.0	2620761737
JG0139d	18	46945579	T:TC[T>A]TT	-1	221845.0	2620983582
JG0139d	18	47582549	N:GC[T>C]TC	1	636970.0	2621620552
JG0139d	18	47632907	N:AC[T>G]TC	-1	50358.0	2621670910
JG0139d	18	48083410	T:TC[T>C]TT	1	450503.0	2622121413
JG0139d	18	48319018	U:CC[T>G]TC	-1	235608.0	2622357021
JG0139d	18	48403938	U:CT[T>C]CA	-1	84920.0	2622441941
JG0139d	18	48419772	N:GC[T>G]TT	-1	15834.0	2622457775
JG0139d	18	48460949	N:TC[T>A]TT	-1	41177.0	2622498952
JG0139d	18	48662835	U:AC[T>C]TT	1	201886.0	2622700838
JG0139d	18	48721189	T:CC[T>C]TT	-1	58354.0	2622759192
JG0139d	18	48768123	T:GG[T>G]TT	-1	46934.0	2622806126
JG0139d	18	48875973	N:GC[T>C]CC	1	107850.0	2622913976
JG0139d	18	48915445	N:GG[T>G]TC	1	39472.0	2622953448
JG0139d	18	48995857	N:CC[T>C]CT	-1	80412.0	2623033860
JG0139d	18	49044923	U:AC[T>C]GA	-1	49066.0	2623082926
JG0139d	18	49122860	T:AG[T>C]CT	1	77937.0	2623160863
JG0139d	18	49617600	N:TC[T>C]TG	1	494740.0	2623655603
JG0139d	18	49850028	U:CC[T>C]TC	-1	232428.0	2623888031
JG0139d	18	49892531	T:AC[T>C]GT	1	42503.0	2623930534
JG0139d	18	50066854	T:CT[C>A]TA	1	174323.0	2624104857
JG0139d	18	50476874	N:TC[T>C]TA	1	410020.0	2624514877
JG0139d	18	50600171	T:TC[T>C]CT	-1	123297.0	2624638174
JG0139d	18	50643176	T:AC[T>C]TC	-1	43005.0	2624681179
JG0139d	18	50820862	U:TC[T>A]CT	-1	177686.0	2624858865
JG0139d	18	51074366	T:CC[T>G]TT	-1	253504.0	2625112369
JG0139d	18	51114720	N:CC[T>A]CG	-1	40354.0	2625152723
JG0139d	18	51154028	N:GC[T>A]TC	1	39308.0	2625192031
JG0139d	18	51235435	N:TC[T>C]TT	1	81407.0	2625273438
JG0139d	18	51338837	N:TA[T>G]TT	-1	103402.0	2625376840
JG0139d	18	51425337	N:TC[T>G]CA	-1	86500.0	2625463340
JG0139d	18	51425422	N:TG[T>C]TC	1	85.0	2625463425
JG0139d	18	51836267	N:AC[T>G]TA	1	410845.0	2625874270
JG0139d	18	51895425	N:TC[T>C]CT	1	59158.0	2625933428
JG0139d	18	51984263	N:AC[T>G]AG	-1	88838.0	2626022266
JG0139d	18	52265224	N:GC[T>C]GT	1	280961.0	2626303227
JG0139d	18	52555690	T:AA[T>G]TA	-1	290466.0	2626593693
JG0139d	18	52593322	U:TC[T>A]GC	1	37632.0	2626631325
JG0139d	18	52620942	T:AG[T>G]CT	-1	27620.0	2626658945
JG0139d	18	52880006	T:TC[T>C]TT	-1	259064.0	2626918009
JG0139d	18	52908781	U:TC[T>G]TA	1	28775.0	2626946784
JG0139d	18	53354477	U:TC[T>G]CA	1	445696.0	2627392480
JG0139d	18	53508963	T:CC[T>G]TA	-1	154486.0	2627546966
JG0139d	18	53748828	N:TT[T>G]TA	1	239865.0	2627786831
JG0139d	18	53759542	N:TC[T>A]TT	1	10714.0	2627797545
JG0139d	18	54156066	T:GG[T>C]TA	1	396524.0	2628194069
JG0139d	18	54355551	T:AC[T>G]GC	1	199485.0	2628393554
JG0139d	18	54380878	U:TG[T>G]TT	1	25327.0	2628418881
JG0139d	18	54766089	T:TC[T>C]GG	-1	385211.0	2628804092
JG0139d	18	54803294	T:GC[T>G]TG	-1	37205.0	2628841297
JG0139d	18	54851021	T:TC[T>C]TC	-1	47727.0	2628889024
JG0139d	18	54887680	U:TC[T>G]TC	1	36659.0	2628925683
JG0139d	18	54958584	T:AG[T>G]TA	1	70904.0	2628996587
JG0139d	18	54989781	N:AA[C>T]CC	-1	31197.0	2629027784
JG0139d	18	55007017	N:CC[T>C]AA	-1	17236.0	2629045020
JG0139d	18	55031613	N:AC[T>G]TA	1	24596.0	2629069616
JG0139d	18	55139827	N:TG[T>C]GC	-1	108214.0	2629177830
JG0139d	18	55157298	N:AC[T>A]CA	1	17471.0	2629195301
JG0139d	18	55206342	N:CC[T>C]GT	1	49044.0	2629244345
JG0139d	18	55321879	U:TC[T>G]CT	-1	115537.0	2629359882
JG0139d	18	55608359	T:TC[T>G]TG	1	286480.0	2629646362
JG0139d	18	55666375	N:AG[T>A]CT	-1	58016.0	2629704378
JG0139d	18	55769152	N:TC[T>C]CT	-1	102777.0	2629807155
JG0139d	18	55998224	N:TC[T>G]GA	-1	229072.0	2630036227
JG0139d	18	56088157	N:AC[T>C]TT	1	89933.0	2630126160
JG0139d	18	56092789	N:TC[T>G]TC	1	4632.0	2630130792
JG0139d	18	56800457	U:TC[T>A]TT	1	707668.0	2630838460
JG0139d	18	56821477	T:GC[T>G]TA	-1	21020.0	2630859480
JG0139d	18	57285820	N:AC[T>C]TG	-1	464343.0	2631323823
JG0139d	18	57411382	N:TC[T>G]TT	-1	125562.0	2631449385
JG0139d	18	57441318	T:GC[T>G]TA	-1	29936.0	2631479321
JG0139d	18	57558981	U:CC[T>A]CG	-1	117663.0	2631596984
JG0139d	18	57795964	T:AG[T>G]TC	1	236983.0	2631833967
JG0139d	18	57804115	N:TC[T>A]TA	-1	8151.0	2631842118
JG0139d	18	57996618	N:GC[T>C]TC	1	192503.0	2632034621
JG0139d	18	58157464	T:TA[C>T]GA	-1	160846.0	2632195467
JG0139d	18	58460380	N:CC[T>C]TA	-1	302916.0	2632498383
JG0139d	18	58578138	U:CC[T>G]TA	-1	117758.0	2632616141
JG0139d	18	58650252	N:AG[T>G]TT	-1	72114.0	2632688255
JG0139d	18	58719541	T:CC[T>C]TA	-1	69289.0	2632757544
JG0139d	18	58858495	N:AC[T>C]TA	1	138954.0	2632896498
JG0139d	18	58877189	T:CA[C>A]CT	-1	18694.0	2632915192
JG0139d	18	59131094	N:AC[T>G]TG	1	253905.0	2633169097
JG0139d	18	59239895	N:GC[T>G]TG	-1	108801.0	2633277898
JG0139d	18	59335125	U:TC[T>G]TA	-1	95230.0	2633373128
JG0139d	18	59860097	N:GC[T>C]CT	1	524972.0	2633898100
JG0139d	18	60007057	N:CC[T>G]TT	1	146960.0	2634045060
JG0139d	18	60045925	N:AC[T>C]TG	1	38868.0	2634083928
JG0139d	18	60053590	N:TC[T>A]TG	-1	7665.0	2634091593
JG0139d	18	60188717	N:TG[T>A]TT	-1	135127.0	2634226720
JG0139d	18	60265321	N:CT[C>T]CT	-1	76604.0	2634303324
JG0139d	18	60296025	N:GC[T>G]TC	1	30704.0	2634334028
JG0139d	18	61256577	N:CC[T>C]TC	-1	960552.0	2635294580
JG0139d	18	61259325	N:TT[T>G]TT	-1	2748.0	2635297328
JG0139d	18	61425965	U:TC[T>G]TT	1	166640.0	2635463968
JG0139d	18	61446448	U:TC[T>A]CC	1	20483.0	2635484451
JG0139d	18	61845982	U:AC[T>C]TA	-1	399534.0	2635883985
JG0139d	18	61942381	T:TC[T>C]TT	1	96399.0	2635980384
JG0139d	18	62052111	T:GC[T>G]TT	1	109730.0	2636090114
JG0139d	18	62060660	U:CC[T>C]TA	-1	8549.0	2636098663
JG0139d	18	62416193	N:TC[T>G]TC	-1	355533.0	2636454196
JG0139d	18	62585410	N:TC[T>C]TT	-1	169217.0	2636623413
JG0139d	18	62645210	N:TC[T>C]CT	1	59800.0	2636683213
JG0139d	18	63069390	N:TC[T>A]TG	-1	424180.0	2637107393
JG0139d	18	63155980	T:TC[T>G]TG	1	86590.0	2637193983
JG0139d	18	63189843	U:AC[T>C]TA	-1	33863.0	2637227846
JG0139d	18	63265455	T:GG[T>C]CA	1	75612.0	2637303458
JG0139d	18	63500046	U:TG[C>T]TC	1	234591.0	2637538049
JG0139d	18	64095165	N:CC[T>G]CT	-1	595119.0	2638133168
JG0139d	18	64173167	N:CC[T>G]TT	1	78002.0	2638211170
JG0139d	18	64190852	N:TC[T>C]CC	1	17685.0	2638228855
JG0139d	18	64249633	N:AC[T>G]CT	1	58781.0	2638287636
JG0139d	18	64417325	N:CC[T>C]AC	1	167692.0	2638455328
JG0139d	18	65091835	N:AC[T>C]TG	-1	674510.0	2639129838
JG0139d	18	65102884	N:TC[T>G]CT	1	11049.0	2639140887
JG0139d	18	65178829	N:CC[T>C]TA	1	75945.0	2639216832
JG0139d	18	65496930	N:GG[T>G]TT	-1	318101.0	2639534933
JG0139d	18	65588287	N:CC[T>G]CC	1	91357.0	2639626290
JG0139d	18	65594647	N:TC[T>G]TA	1	6360.0	2639632650
JG0139d	18	65765792	U:TC[T>G]TG	1	171145.0	2639803795
JG0139d	18	65863464	U:GC[T>A]TA	1	97672.0	2639901467
JG0139d	18	66072099	N:CC[T>C]CC	-1	208635.0	2640110102
JG0139d	18	66533836	U:AC[T>C]GT	-1	461737.0	2640571839
JG0139d	18	66687756	N:GG[T>G]TT	1	153920.0	2640725759
JG0139d	18	66748404	N:TA[T>G]TC	-1	60648.0	2640786407
JG0139d	18	66766667	N:TC[T>G]TG	-1	18263.0	2640804670
JG0139d	18	66772234	N:TC[T>G]TG	1	5567.0	2640810237
JG0139d	18	66862900	N:TC[T>A]CT	-1	90666.0	2640900903
JG0139d	18	67176742	N:AC[T>G]TT	-1	313842.0	2641214745
JG0139d	18	67495054	N:CC[T>G]CA	1	318312.0	2641533057
JG0139d	18	67741079	N:AC[T>G]TT	1	246025.0	2641779082
JG0139d	18	67776095	N:CC[T>G]TT	1	35016.0	2641814098
JG0139d	18	67830201	N:TC[T>G]TT	1	54106.0	2641868204
JG0139d	18	68021694	N:GC[T>A]TT	-1	191493.0	2642059697
JG0139d	18	68046155	N:CC[T>G]TT	1	24461.0	2642084158
JG0139d	18	68696496	U:TC[T>C]CA	-1	650341.0	2642734499
JG0139d	18	68755249	U:AG[T>A]CT	1	58753.0	2642793252
JG0139d	18	68794157	U:TC[T>A]CA	1	38908.0	2642832160
JG0139d	18	68817986	T:GC[T>G]TT	-1	23829.0	2642855989
JG0139d	18	68879590	T:AC[T>G]CT	-1	61604.0	2642917593
JG0139d	18	69055101	U:GG[T>A]TT	1	175511.0	2643093104
JG0139d	18	69422120	T:CC[T>G]TC	-1	367019.0	2643460123
JG0139d	18	69441630	U:TC[T>C]TT	1	19510.0	2643479633
JG0139d	18	69783135	U:GC[T>C]TA	1	341505.0	2643821138
JG0139d	18	69933957	U:AC[T>G]TA	-1	150822.0	2643971960
JG0139d	18	70205443	T:CC[T>C]TC	1	271486.0	2644243446
JG0139d	18	70645218	N:AC[T>G]TG	1	439775.0	2644683221
JG0139d	18	71070710	N:AC[T>C]CG	1	425492.0	2645108713
JG0139d	18	71239735	N:CC[T>G]TC	1	169025.0	2645277738
JG0139d	18	71372462	N:AC[T>G]TC	1	132727.0	2645410465
JG0139d	18	71390695	N:TC[T>G]CA	-1	18233.0	2645428698
JG0139d	18	71520910	N:TG[T>A]AA	1	130215.0	2645558913
JG0139d	18	71602404	N:GC[T>G]TT	-1	81494.0	2645640407
JG0139d	18	71839544	N:GA[T>G]TT	-1	237140.0	2645877547
JG0139d	18	71912085	N:TC[T>G]TG	-1	72541.0	2645950088
JG0139d	18	72054743	N:CC[T>C]TA	1	142658.0	2646092746
JG0139d	18	72254780	N:CC[T>C]GC	1	200037.0	2646292783
JG0139d	18	72361256	N:CC[T>G]TC	1	106476.0	2646399259
JG0139d	18	72599634	U:GC[T>A]CT	-1	238378.0	2646637637
JG0139d	18	72958296	N:GT[T>G]TG	-1	358662.0	2646996299
JG0139d	18	73026226	N:CC[T>G]TA	-1	67930.0	2647064229
JG0139d	18	73112953	N:TA[T>A]TG	-1	86727.0	2647150956
JG0139d	18	73117041	N:TC[T>G]TA	1	4088.0	2647155044
JG0139d	18	73469077	N:TG[T>G]CC	1	352036.0	2647507080
JG0139d	18	73469187	N:GC[T>C]TC	1	110.0	2647507190
JG0139d	18	73540987	N:CC[T>C]TT	1	71800.0	2647578990
JG0139d	18	73751706	N:TC[T>C]GT	-1	210719.0	2647789709
JG0139d	18	73829849	N:TG[T>A]GA	1	78143.0	2647867852
JG0139d	18	74277303	T:AC[T>G]CT	1	447454.0	2648315306
JG0139d	18	74417974	N:TT[T>G]TG	-1	140671.0	2648455977
JG0139d	18	74450430	T:GC[T>G]TC	1	32456.0	2648488433
JG0139d	18	74467628	N:TG[T>C]CT	-1	17198.0	2648505631
JG0139d	18	74628103	U:TC[T>A]TA	1	160475.0	2648666106
JG0139d	18	74944602	T:TC[T>G]TA	-1	316499.0	2648982605
JG0139d	18	75033077	T:TC[T>A]TA	-1	88475.0	2649071080
JG0139d	18	75097738	N:TC[T>C]CC	1	64661.0	2649135741
JG0139d	18	75188015	N:TC[T>C]CA	1	90277.0	2649226018
JG0139d	18	75282629	T:TC[T>C]TC	-1	94614.0	2649320632
JG0139d	18	75388740	N:TC[T>G]TG	-1	106111.0	2649426743
JG0139d	18	75550584	N:CC[T>G]TC	-1	161844.0	2649588587
JG0139d	18	75761033	N:TC[T>G]TT	1	210449.0	2649799036
JG0139d	18	76123257	N:CC[T>G]TC	-1	362224.0	2650161260
JG0139d	18	77188822	N:AG[T>C]GA	1	1065565.0	2651226825
JG0139d	18	77278549	N:TC[T>G]TT	-1	89727.0	2651316552
JG0139d	18	77464855	N:TC[T>C]TC	-1	186306.0	2651502858
JG0139d	18	77528812	N:CC[T>G]TT	-1	63957.0	2651566815
JG0139d	18	78213085	N:GC[T>C]TA	-1	684273.0	2652251088
JG0139d	18	78231504	N:CC[T>G]CT	1	18419.0	2652269507
JG0139d	18	78311281	N:GC[T>C]CA	-1	79777.0	2652349284
JG0139d	18	78473568	N:TC[T>C]TT	1	162287.0	2652511571
JG0139d	18	78572558	N:AC[T>A]GC	-1	98990.0	2652610561
JG0139d	18	78574475	N:CC[T>C]AG	1	1917.0	2652612478
JG0139d	18	78631049	N:CC[T>G]TA	-1	56574.0	2652669052
JG0139d	18	78798764	N:AC[T>G]GA	-1	167715.0	2652836767
JG0139d	18	78989944	U:AC[T>G]CT	1	191180.0	2653027947
JG0139d	18	79517735	U:AC[T>C]CT	1	527791.0	2653555738
JG0139d	18	79852592	N:GC[T>G]TC	1	334857.0	2653890595
JG0139d	18	80121704	U:TC[T>G]TA	1	269112.0	2654159707
JG0139d	18	80252319	N:CC[T>C]CT	-1	130615.0	2654290322
JG0139d	19	151538	N:TG[T>G]TT	-1		2654562826
JG0139d	19	248761	N:TC[T>G]GT	-1	97223.0	2654660049
JG0139d	19	472769	U:TC[T>C]CT	-1	224008.0	2654884057
JG0139d	19	548629	U:CC[T>A]CG	1	75860.0	2654959917
JG0139d	19	561697	N:CC[T>G]TC	1	13068.0	2654972985
JG0139d	19	1053791	U:TC[T>A]TC	1	492094.0	2655465079
JG0139d	19	1208644	U:AG[T>G]TT	1	154853.0	2655619932
JG0139d	19	1543141	N:TC[T>C]CT	-1	334497.0	2655954429
JG0139d	19	1792585	U:TT[T>G]TT	-1	249444.0	2656203873
JG0139d	19	1949482	U:GC[T>C]CC	1	156897.0	2656360770
JG0139d	19	2209150	U:AC[T>A]CC	1	259668.0	2656620438
JG0139d	19	2448973	T:CC[T>G]CA	1	239823.0	2656860261
JG0139d	19	3046489	U:CC[T>C]CC	-1	597516.0	2657457777
JG0139d	19	3115159	U:GC[T>A]TT	1	68670.0	2657526447
JG0139d	19	3152195	T:GA[C>T]CA	-1	37036.0	2657563483
JG0139d	19	3296810	T:AC[T>G]TC	-1	144615.0	2657708098
JG0139d	19	3300475	N:TT[T>G]TT	-1	3665.0	2657711763
JG0139d	19	3318045	U:TG[T>C]TA	1	17570.0	2657729333
JG0139d	19	4322878	T:GC[T>G]CC	-1	1004833.0	2658734166
JG0139d	19	4448499	U:CT[T>G]TT	-1	125621.0	2658859787
JG0139d	19	4853223	T:CC[T>G]CC	1	404724.0	2659264511
JG0139d	19	5129549	U:TC[T>G]CT	1	276326.0	2659540837
JG0139d	19	5260204	T:AG[T>G]CT	1	130655.0	2659671492
JG0139d	19	5425013	N:GC[T>A]GC	-1	164809.0	2659836301
JG0139d	19	5674838	N:TC[T>C]TC	1	249825.0	2660086126
JG0139d	19	5702581	U:TC[T>C]AT	-1	27743.0	2660113869
JG0139d	19	5808998	N:CC[T>C]CC	1	106417.0	2660220286
JG0139d	19	6404081	N:TC[T>C]GT	-1	595083.0	2660815369
JG0139d	19	6508360	N:CC[T>G]CA	1	104279.0	2660919648
JG0139d	19	6721185	U:TC[T>G]TC	-1	212825.0	2661132473
JG0139d	19	6760825	U:TC[T>G]TT	-1	39640.0	2661172113
JG0139d	19	6865638	N:TC[T>G]CG	1	104813.0	2661276926
JG0139d	19	6923213	U:AC[T>G]TA	1	57575.0	2661334501
JG0139d	19	7042087	N:TC[T>G]TT	1	118874.0	2661453375
JG0139d	19	7065258	N:TC[T>G]TG	-1	23171.0	2661476546
JG0139d	19	7220780	T:CC[T>C]AT	1	155522.0	2661632068
JG0139d	19	7439224	T:GC[T>C]TT	-1	218444.0	2661850512
JG0139d	19	7536844	U:AC[T>C]TG	1	97620.0	2661948132
JG0139d	19	7784525	N:CC[T>G]TA	1	247681.0	2662195813
JG0139d	19	8090830	T:AT[T>G]GC	1	306305.0	2662502118
JG0139d	19	8907160	U:TC[T>C]CA	-1	816330.0	2663318448
JG0139d	19	8940348	U:CC[T>C]TT	-1	33188.0	2663351636
JG0139d	19	9128880	N:GC[T>C]CA	1	188532.0	2663540168
JG0139d	19	9197555	N:CC[T>C]TG	-1	68675.0	2663608843
JG0139d	19	9215236	U:CC[T>C]TA	-1	17681.0	2663626524
JG0139d	19	9408149	N:CC[T>C]TT	-1	192913.0	2663819437
JG0139d	19	9504355	N:GT[T>G]TA	-1	96206.0	2663915643
JG0139d	19	9663123	T:AC[T>C]GG	1	158768.0	2664074411
JG0139d	19	9669250	U:AG[T>G]TT	-1	6127.0	2664080538
JG0139d	19	10381497	N:TC[T>C]TC	1	712247.0	2664792785
JG0139d	19	11304621	U:GG[T>C]TC	1	923124.0	2665715909
JG0139d	19	11323950	B:CC[T>G]CC	-1	19329.0	2665735238
JG0139d	19	11381724	U:TC[T>C]CG	-1	57774.0	2665793012
JG0139d	19	11525973	T:TT[T>G]TT	1	144249.0	2665937261
JG0139d	19	11637802	N:AA[T>G]TC	1	111829.0	2666049090
JG0139d	19	11664450	N:AC[T>C]GT	1	26648.0	2666075738
JG0139d	19	11800294	U:CC[T>C]CT	1	135844.0	2666211582
JG0139d	19	11827319	U:CC[T>C]CC	1	27025.0	2666238607
JG0139d	19	11978230	T:GC[T>G]TC	-1	150911.0	2666389518
JG0139d	19	11986945	N:GC[T>A]TG	-1	8715.0	2666398233
JG0139d	19	12170389	T:AG[T>G]TT	-1	183444.0	2666581677
JG0139d	19	12189011	U:TG[T>G]TA	1	18622.0	2666600299
JG0139d	19	12382156	N:AC[T>C]TT	-1	193145.0	2666793444
JG0139d	19	12394513	T:CC[T>C]AT	1	12357.0	2666805801
JG0139d	19	12897968	T:AC[T>G]TA	-1	503455.0	2667309256
JG0139d	19	13258814	T:TG[T>G]TT	1	360846.0	2667670102
JG0139d	19	13298901	T:GC[T>C]CC	1	40087.0	2667710189
JG0139d	19	13312362	T:AC[T>G]TA	1	13461.0	2667723650
JG0139d	19	14521883	U:CC[T>G]TG	-1	1209521.0	2668933171
JG0139d	19	14877332	N:CA[T>G]TC	1	355449.0	2669288620
JG0139d	19	14961373	U:TT[T>G]TG	-1	84041.0	2669372661
JG0139d	19	15107857	U:AC[T>C]GG	1	146484.0	2669519145
JG0139d	19	15144450	N:AA[T>G]TG	-1	36593.0	2669555738
JG0139d	19	15225343	N:GC[T>G]TG	1	80893.0	2669636631
JG0139d	19	15631643	N:CC[T>A]CT	-1	406300.0	2670042931
JG0139d	19	15920899	T:TC[T>C]CT	1	289256.0	2670332187
JG0139d	19	16043047	N:CC[T>A]TC	-1	122148.0	2670454335
JG0139d	19	16043662	N:CC[T>G]TT	-1	615.0	2670454950
JG0139d	19	16086819	T:CC[T>C]CC	-1	43157.0	2670498107
JG0139d	19	17481615	U:CC[T>C]GC	1	1394796.0	2671892903
JG0139d	19	17804219	U:TC[T>C]TT	1	322604.0	2672215507
JG0139d	19	17986543	U:AC[T>C]CA	1	182324.0	2672397831
JG0139d	19	18278111	N:AC[T>C]TC	1	291568.0	2672689399
JG0139d	19	18391284	U:GA[T>G]TA	-1	113173.0	2672802572
JG0139d	19	18604524	T:TG[T>G]CC	1	213240.0	2673015812
JG0139d	19	19139562	N:TC[T>C]CC	1	535038.0	2673550850
JG0139d	19	19469779	U:TC[T>G]CT	1	330217.0	2673881067
JG0139d	19	19590180	T:TC[T>C]CA	1	120401.0	2674001468
JG0139d	19	19631081	U:GA[T>G]TA	-1	40901.0	2674042369
JG0139d	19	20495386	N:AG[T>C]TT	-1	864305.0	2674906674
JG0139d	19	20603749	N:TC[T>G]CC	-1	108363.0	2675015037
JG0139d	19	20650438	T:GT[T>G]TT	1	46689.0	2675061726
JG0139d	19	20675647	N:GC[T>G]TG	1	25209.0	2675086935
JG0139d	19	20922922	N:AA[T>G]TT	1	247275.0	2675334210
JG0139d	19	21235531	N:CC[T>G]TC	-1	312609.0	2675646819
JG0139d	19	21532671	T:TC[T>G]TA	-1	297140.0	2675943959
JG0139d	19	21671507	N:CA[T>G]TC	-1	138836.0	2676082795
JG0139d	19	21745898	U:AC[T>C]GG	-1	74391.0	2676157186
JG0139d	19	21752052	U:CG[T>C]GC	-1	6154.0	2676163340
JG0139d	19	22508865	U:CC[T>C]GT	-1	756813.0	2676920153
JG0139d	19	22750305	N:AC[T>G]TG	1	241440.0	2677161593
JG0139d	19	22769529	U:CC[T>C]CC	-1	19224.0	2677180817
JG0139d	19	22867819	N:TT[T>G]TT	-1	98290.0	2677279107
JG0139d	19	23375669	U:TC[T>G]TT	-1	507850.0	2677786957
JG0139d	19	23447368	N:AA[T>G]AA	1	71699.0	2677858656
JG0139d	19	23489679	N:GC[T>C]TA	-1	42311.0	2677900967
JG0139d	19	23497225	N:CC[T>G]AA	1	7546.0	2677908513
JG0139d	19	23593363	U:TG[T>G]TG	-1	96138.0	2678004651
JG0139d	19	23820020	N:CG[T>A]GC	1	226657.0	2678231308
JG0139d	19	23902471	N:AG[T>G]GG	1	82451.0	2678313759
JG0139d	19	23946442	N:AC[T>C]TT	-1	43971.0	2678357730
JG0139d	19	24384322	N:AC[T>G]GT	1	437880.0	2678795610
JG0139d	19	24427166	N:AC[T>C]TA	1	42844.0	2678838454
JG0139d	19	24555710	N:TT[T>C]GA	1	128544.0	2678966998
JG0139d	19	24560523	N:AC[T>A]TG	-1	4813.0	2678971811
JG0139d	19	25497824	N:TC[T>C]TC	1	937301.0	2679909112
JG0139d	19	25758904	N:AC[T>A]CA	1	261080.0	2680170192
JG0139d	19	25865007	N:TC[T>C]TG	1	106103.0	2680276295
JG0139d	19	26326771	N:TC[T>G]TC	1	461764.0	2680738059
JG0139d	19	26349976	N:GC[T>C]GA	-1	23205.0	2680761264
JG0139d	19	26417928	N:AC[T>G]TT	1	67952.0	2680829216
JG0139d	19	26875048	N:AC[T>G]CT	1	457120.0	2681286336
JG0139d	19	26927024	N:AG[C>A]GG	1	51976.0	2681338312
JG0139d	19	27605481	N:TC[T>G]CC	1	678457.0	2682016769
JG0139d	19	27846751	N:GC[T>G]TT	1	241270.0	2682258039
JG0139d	19	27867323	N:AC[T>G]TG	-1	20572.0	2682278611
JG0139d	19	28186035	N:CC[T>C]CA	1	318712.0	2682597323
JG0139d	19	28306138	N:TC[T>C]AT	-1	120103.0	2682717426
JG0139d	19	28475398	N:TC[T>G]TC	-1	169260.0	2682886686
JG0139d	19	28509195	N:CC[T>A]CT	-1	33797.0	2682920483
JG0139d	19	28603194	N:TC[T>C]CG	1	93999.0	2683014482
JG0139d	19	28763976	N:TC[T>G]CT	-1	160782.0	2683175264
JG0139d	19	28884058	N:AG[T>C]CT	-1	120082.0	2683295346
JG0139d	19	28955535	N:TG[T>G]CA	1	71477.0	2683366823
JG0139d	19	29033806	N:AC[T>G]TA	1	78271.0	2683445094
JG0139d	19	29053215	N:TC[T>C]CT	-1	19409.0	2683464503
JG0139d	19	29549965	T:AC[T>A]TG	-1	496750.0	2683961253
JG0139d	19	29654976	N:CC[T>G]TT	1	105011.0	2684066264
JG0139d	19	29726343	N:AC[T>A]TT	1	71367.0	2684137631
JG0139d	19	29807072	N:CC[T>G]TT	-1	80729.0	2684218360
JG0139d	19	29914917	N:GC[T>C]CC	-1	107845.0	2684326205
JG0139d	19	29919410	N:CC[T>G]GC	1	4493.0	2684330698
JG0139d	19	30155999	N:CC[T>C]TG	1	236589.0	2684567287
JG0139d	19	30239592	T:CC[T>G]TT	-1	83593.0	2684650880
JG0139d	19	30243634	T:TC[T>C]TC	-1	4042.0	2684654922
JG0139d	19	30829118	N:AC[T>G]TT	-1	585484.0	2685240406
JG0139d	19	30856532	N:CC[T>G]TC	1	27414.0	2685267820
JG0139d	19	31334396	T:TC[T>A]CT	1	477864.0	2685745684
JG0139d	19	31692233	N:TC[T>G]TC	1	357837.0	2686103521
JG0139d	19	31834281	N:GC[T>G]TA	1	142048.0	2686245569
JG0139d	19	32436412	T:AA[T>C]TA	-1	602131.0	2686847700
JG0139d	19	32786863	U:GG[T>G]TA	1	350451.0	2687198151
JG0139d	19	32845092	U:CC[T>C]CC	-1	58229.0	2687256380
JG0139d	19	33023328	U:CC[T>C]GA	-1	178236.0	2687434616
JG0139d	19	33267591	N:AC[T>G]TC	-1	244263.0	2687678879
JG0139d	19	33295359	N:GG[T>G]TG	-1	27768.0	2687706647
JG0139d	19	33676686	T:GC[T>A]CA	-1	381327.0	2688087974
JG0139d	19	33873884	N:AC[T>C]TT	1	197198.0	2688285172
JG0139d	19	34072632	N:TC[T>C]TT	1	198748.0	2688483920
JG0139d	19	34413002	T:AC[T>C]TT	-1	340370.0	2688824290
JG0139d	19	34539085	N:AC[T>C]CA	1	126083.0	2688950373
JG0139d	19	34577346	N:TC[T>G]TT	1	38261.0	2688988634
JG0139d	19	34854547	N:GA[T>A]TG	-1	277201.0	2689265835
JG0139d	19	34899156	N:TC[T>A]TG	1	44609.0	2689310444
JG0139d	19	34918567	N:TT[T>G]GG	-1	19411.0	2689329855
JG0139d	19	35002069	U:CC[T>C]CT	1	83502.0	2689413357
JG0139d	19	35118537	U:GC[T>C]GA	1	116468.0	2689529825
JG0139d	19	35148110	T:TC[T>C]TT	-1	29573.0	2689559398
JG0139d	19	35259062	U:CC[T>A]TG	1	110952.0	2689670350
JG0139d	19	35750867	T:CC[T>C]GC	-1	491805.0	2690162155
JG0139d	19	35877406	U:GC[T>G]TG	1	126539.0	2690288694
JG0139d	19	36013815	U:GC[T>G]CA	-1	136409.0	2690425103
JG0139d	19	36287773	N:GC[T>A]CT	-1	273958.0	2690699061
JG0139d	19	36384295	T:TC[T>G]AT	1	96522.0	2690795583
JG0139d	19	36395479	T:CC[T>C]GT	1	11184.0	2690806767
JG0139d	19	37129473	U:TC[T>G]TA	1	733994.0	2691540761
JG0139d	19	37276669	N:CC[T>G]TA	1	147196.0	2691687957
JG0139d	19	37465011	T:TC[T>G]TC	1	188342.0	2691876299
JG0139d	19	37852750	N:AC[T>C]TC	1	387739.0	2692264038
JG0139d	19	38406478	U:TT[T>A]AA	1	553728.0	2692817766
JG0139d	19	38578736	T:GC[T>G]CA	-1	172258.0	2692990024
JG0139d	19	38761317	T:GT[C>A]TC	1	182581.0	2693172605
JG0139d	19	39177424	T:CC[T>A]CA	-1	416107.0	2693588712
JG0139d	19	39327384	N:CC[T>G]TA	-1	149960.0	2693738672
JG0139d	19	39547648	N:GC[T>C]TT	-1	220264.0	2693958936
JG0139d	19	39660752	N:CC[T>G]TC	1	113104.0	2694072040
JG0139d	19	39727412	N:TC[T>G]TT	1	66660.0	2694138700
JG0139d	19	40245607	T:AC[T>C]CC	1	518195.0	2694656895
JG0139d	19	40587896	U:AC[T>C]CT	1	342289.0	2694999184
JG0139d	19	40675357	U:CC[T>C]GG	-1	87461.0	2695086645
JG0139d	19	40948439	N:GC[T>G]TC	-1	273082.0	2695359727
JG0139d	19	41037543	N:AC[T>G]TC	-1	89104.0	2695448831
JG0139d	19	41166399	N:TC[T>G]CG	1	128856.0	2695577687
JG0139d	19	41266689	T:TT[T>C]CA	-1	100290.0	2695677977
JG0139d	19	41759053	U:GG[T>C]CT	1	492364.0	2696170341
JG0139d	19	42040771	T:GC[T>G]TG	1	281718.0	2696452059
JG0139d	19	42892813	N:TC[T>G]TT	1	852042.0	2697304101
JG0139d	19	43061978	N:TC[T>A]CA	-1	169165.0	2697473266
JG0139d	19	43315131	N:CC[T>G]TT	1	253153.0	2697726419
JG0139d	19	43338252	N:TC[T>G]TA	-1	23121.0	2697749540
JG0139d	19	43779538	U:GG[T>A]TG	-1	441286.0	2698190826
JG0139d	19	44014621	N:GG[T>A]CC	1	235083.0	2698425909
JG0139d	19	44037696	N:TT[C>G]TT	1	23075.0	2698448984
JG0139d	19	44207322	N:AC[T>C]TC	1	169626.0	2698618610
JG0139d	19	44305163	N:GC[T>G]TG	-1	97841.0	2698716451
JG0139d	19	44839733	N:GC[T>C]TG	1	534570.0	2699251021
JG0139d	19	44889762	N:TG[T>G]TT	1	50029.0	2699301050
JG0139d	19	44975429	T:AC[T>C]CA	-1	85667.0	2699386717
JG0139d	19	45197552	U:GG[T>G]GT	1	222123.0	2699608840
JG0139d	19	45543033	U:CC[T>C]GT	-1	345481.0	2699954321
JG0139d	19	45992540	N:AC[T>C]TT	1	449507.0	2700403828
JG0139d	19	46202507	N:TC[T>G]CT	-1	209967.0	2700613795
JG0139d	19	46504280	T:CC[T>C]TT	1	301773.0	2700915568
JG0139d	19	46844257	T:TC[T>C]TC	1	339977.0	2701255545
JG0139d	19	46853925	N:TC[T>G]TT	-1	9668.0	2701265213
JG0139d	19	47388478	N:AC[T>G]TG	1	534553.0	2701799766
JG0139d	19	48262342	N:TA[T>G]TT	1	873864.0	2702673630
JG0139d	19	48326722	U:CC[T>A]CA	1	64380.0	2702738010
JG0139d	19	48507352	U:CC[T>C]GA	-1	180630.0	2702918640
JG0139d	19	49145715	U:TG[C>A]AT	1	638363.0	2703557003
JG0139d	19	49985678	U:CC[T>C]AT	-1	839963.0	2704396966
JG0139d	19	50069334	N:TC[T>C]TC	-1	83656.0	2704480622
JG0139d	19	50307658	U:TC[T>C]TG	1	238324.0	2704718946
JG0139d	19	50513170	U:CC[T>C]TG	-1	205512.0	2704924458
JG0139d	19	50549356	U:GG[C>T]AA	-1	36186.0	2704960644
JG0139d	19	51112679	N:GG[T>C]GG	-1	563323.0	2705523967
JG0139d	19	51276615	N:TA[T>G]TT	1	163936.0	2705687903
JG0139d	19	51515735	N:GC[T>C]TG	-1	239120.0	2705927023
JG0139d	19	51792466	T:TG[T>G]TT	1	276731.0	2706203754
JG0139d	19	51914989	N:CC[T>G]TG	-1	122523.0	2706326277
JG0139d	19	52007638	T:AT[C>T]GG	1	92649.0	2706418926
JG0139d	19	52636087	U:CC[T>C]GG	-1	628449.0	2707047375
JG0139d	19	52759299	N:GC[T>C]GC	-1	123212.0	2707170587
JG0139d	19	52809451	U:TC[T>G]TC	-1	50152.0	2707220739
JG0139d	19	53113919	T:AC[T>G]TG	1	304468.0	2707525207
JG0139d	19	53708568	N:GA[T>G]TC	1	594649.0	2708119856
JG0139d	19	53839478	N:CC[T>C]GG	1	130910.0	2708250766
JG0139d	19	53861906	N:AC[T>G]CC	1	22428.0	2708273194
JG0139d	19	53948723	N:CA[T>G]TA	-1	86817.0	2708360011
JG0139d	19	54090065	N:GC[T>G]AC	-1	141342.0	2708501353
JG0139d	19	54146696	U:AC[T>C]CC	1	56631.0	2708557984
JG0139d	19	54180739	T:GC[T>C]GG	1	34043.0	2708592027
JG0139d	19	54217899	T:CG[T>G]TG	1	37160.0	2708629187
JG0139d	19	55044628	U:TC[T>G]TC	-1	826729.0	2709455916
JG0139d	19	55180970	N:TG[T>G]TG	-1	136342.0	2709592258
JG0139d	19	55248761	T:AC[T>G]TC	1	67791.0	2709660049
JG0139d	19	55453517	T:AC[T>A]CC	1	204756.0	2709864805
JG0139d	19	55838511	T:TC[T>C]CA	-1	384994.0	2710249799
JG0139d	19	56266527	T:TC[T>C]CA	1	428016.0	2710677815
JG0139d	19	56413586	T:GC[T>A]TC	-1	147059.0	2710824874
JG0139d	19	56514151	U:CC[T>C]CT	1	100565.0	2710925439
JG0139d	19	56528889	U:TG[T>C]TC	1	14738.0	2710940177
JG0139d	19	56656539	N:TC[T>G]TT	1	127650.0	2711067827
JG0139d	19	57018253	N:AC[T>A]CA	1	361714.0	2711429541
JG0139d	19	57022920	N:TG[T>A]CT	-1	4667.0	2711434208
JG0139d	19	58241424	U:CC[T>G]TT	1	1218504.0	2712652712
JG0139d	19	58247630	T:CC[T>G]GA	-1	6206.0	2712658918
JG0139d	19	58369991	T:GA[T>G]CA	1	122361.0	2712781279
JG0139d	20	1127542	T:TC[T>G]TT	-1		2714156446
JG0139d	20	1549986	T:AC[T>C]CA	1	422444.0	2714578890
JG0139d	20	2388343	T:GC[T>G]TC	-1	838357.0	2715417247
JG0139d	20	2404673	U:AC[T>C]CT	1	16330.0	2715433577
JG0139d	20	2607252	T:AC[T>G]TC	-1	202579.0	2715636156
JG0139d	20	2921552	U:GG[T>G]TT	1	314300.0	2715950456
JG0139d	20	3344416	U:GG[T>G]TT	-1	422864.0	2716373320
JG0139d	20	3697469	U:GC[T>G]TG	-1	353053.0	2716726373
JG0139d	20	3721623	N:AC[T>A]TT	-1	24154.0	2716750527
JG0139d	20	3991352	U:AC[T>G]TG	-1	269729.0	2717020256
JG0139d	20	4218943	N:TA[T>G]TA	1	227591.0	2717247847
JG0139d	20	4645448	N:GC[T>G]TG	1	426505.0	2717674352
JG0139d	20	4984118	U:TC[T>G]TT	-1	338670.0	2718013022
JG0139d	20	5037582	N:CA[C>G]TT	1	53464.0	2718066486
JG0139d	20	5799531	U:TC[T>G]CA	1	761949.0	2718828435
JG0139d	20	6268104	N:AC[T>G]TC	-1	468573.0	2719297008
JG0139d	20	6455642	N:TT[C>A]TG	-1	187538.0	2719484546
JG0139d	20	6798291	N:AC[T>C]TG	-1	342649.0	2719827195
JG0139d	20	8356169	U:GC[T>A]TC	1	1557878.0	2721385073
JG0139d	20	8832709	U:CC[T>G]TG	1	476540.0	2721861613
JG0139d	20	9388134	T:CC[T>C]CC	-1	555425.0	2722417038
JG0139d	20	9430316	U:CC[T>C]TT	1	42182.0	2722459220
JG0139d	20	9857444	N:TC[T>A]TT	-1	427128.0	2722886348
JG0139d	20	9877743	N:AC[T>G]CA	1	20299.0	2722906647
JG0139d	20	10030271	N:GC[T>G]TG	-1	152528.0	2723059175
JG0139d	20	10251843	U:TT[T>G]TG	1	221572.0	2723280747
JG0139d	20	10298781	T:GC[T>G]CA	-1	46938.0	2723327685
JG0139d	20	10715574	N:TC[T>G]TC	-1	416793.0	2723744478
JG0139d	20	10975914	N:AC[T>C]TC	-1	260340.0	2724004818
JG0139d	20	11001321	N:TC[T>C]CT	1	25407.0	2724030225
JG0139d	20	11326676	N:AC[T>G]TA	1	325355.0	2724355580
JG0139d	20	11519506	N:AC[T>C]TG	1	192830.0	2724548410
JG0139d	20	11632389	N:AC[T>C]CA	-1	112883.0	2724661293
JG0139d	20	11645030	N:TC[T>C]TT	-1	12641.0	2724673934
JG0139d	20	11943500	N:CC[T>G]CA	1	298470.0	2724972404
JG0139d	20	11981307	N:TG[T>C]GT	1	37807.0	2725010211
JG0139d	20	12050763	N:CC[T>C]CA	-1	69456.0	2725079667
JG0139d	20	12537150	N:GC[T>C]CT	1	486387.0	2725566054
JG0139d	20	12734044	N:CC[T>G]TC	1	196894.0	2725762948
JG0139d	20	13474611	T:TC[T>G]TT	1	740567.0	2726503515
JG0139d	20	13828601	N:AG[T>C]CT	-1	353990.0	2726857505
JG0139d	20	13871547	T:TC[T>G]GT	1	42946.0	2726900451
JG0139d	20	14272733	U:TG[T>G]TG	1	401186.0	2727301637
JG0139d	20	14274508	T:GC[T>C]CT	-1	1775.0	2727303412
JG0139d	20	14594109	T:CC[T>C]TT	-1	319601.0	2727623013
JG0139d	20	15154165	U:TC[T>C]TC	1	560056.0	2728183069
JG0139d	20	15589220	T:TC[T>G]TT	-1	435055.0	2728618124
JG0139d	20	15714908	T:AC[T>G]TT	-1	125688.0	2728743812
JG0139d	20	16074311	N:AC[T>C]CG	1	359403.0	2729103215
JG0139d	20	16106048	N:CC[T>C]TC	1	31737.0	2729134952
JG0139d	20	16796517	N:AC[T>C]TT	-1	690469.0	2729825421
JG0139d	20	16914996	N:GC[T>G]GG	-1	118479.0	2729943900
JG0139d	20	17340495	U:TC[T>G]TC	1	425499.0	2730369399
JG0139d	20	18909221	N:TC[T>C]AG	-1	1568726.0	2731938125
JG0139d	20	18916153	N:CC[T>C]CA	1	6932.0	2731945057
JG0139d	20	19102256	N:AC[T>G]TA	1	186103.0	2732131160
JG0139d	20	19615791	U:TC[T>G]TT	1	513535.0	2732644695
JG0139d	20	19878271	N:GC[T>G]TC	1	262480.0	2732907175
JG0139d	20	19909478	T:AC[T>A]TG	-1	31207.0	2732938382
JG0139d	20	20773420	N:TC[T>C]CC	1	863942.0	2733802324
JG0139d	20	21088593	N:AC[T>G]TT	-1	315173.0	2734117497
JG0139d	20	21507029	N:CC[T>G]CC	1	418436.0	2734535933
JG0139d	20	21854649	N:GC[T>A]TC	-1	347620.0	2734883553
JG0139d	20	21880758	N:TT[T>G]TG	1	26109.0	2734909662
JG0139d	20	22596436	N:AG[T>G]TC	1	715678.0	2735625340
JG0139d	20	22816389	N:TC[T>G]TC	-1	219953.0	2735845293
JG0139d	20	23023311	N:AC[T>C]CT	1	206922.0	2736052215
JG0139d	20	23645497	N:AC[T>C]TT	1	622186.0	2736674401
JG0139d	20	24195292	N:AC[T>G]TA	1	549795.0	2737224196
JG0139d	20	24416445	N:AC[C>G]TG	-1	221153.0	2737445349
JG0139d	20	24667771	N:GG[T>G]TC	1	251326.0	2737696675
JG0139d	20	25693380	U:TT[T>G]TA	-1	1025609.0	2738722284
JG0139d	20	25918648	N:TC[T>G]TA	-1	225268.0	2738947552
JG0139d	20	26071668	N:GC[T>A]TT	1	153020.0	2739100572
JG0139d	20	26201110	N:CC[T>G]TT	1	129442.0	2739230014
JG0139d	20	27111607	N:TC[T>G]TC	1	910497.0	2740140511
JG0139d	20	27316971	N:TC[T>G]CT	-1	205364.0	2740345875
JG0139d	20	27317327	N:AC[T>G]CT	1	356.0	2740346231
JG0139d	20	27461212	N:TC[T>G]GA	-1	143885.0	2740490116
JG0139d	20	27583306	N:AC[T>G]TT	1	122094.0	2740612210
JG0139d	20	27777164	N:TG[T>G]TT	1	193858.0	2740806068
JG0139d	20	29327828	N:GC[T>C]CC	-1	1550664.0	2742356732
JG0139d	20	29449011	N:AC[T>C]CA	-1	121183.0	2742477915
JG0139d	20	29959533	N:TC[T>G]TT	1	510522.0	2742988437
JG0139d	20	30198133	N:AG[T>G]TG	-1	238600.0	2743227037
JG0139d	20	30308338	N:TT[T>C]TA	1	110205.0	2743337242
JG0139d	20	30361386	N:AC[T>C]TA	1	53048.0	2743390290
JG0139d	20	30389992	N:TT[T>A]AT	-1	28606.0	2743418896
JG0139d	20	31167316	N:AC[T>A]CG	1	777324.0	2744196220
JG0139d	20	31278925	N:CC[T>G]GG	-1	111609.0	2744307829
JG0139d	20	31705331	T:GC[T>C]CT	1	426406.0	2744734235
JG0139d	20	31714950	T:CC[T>A]CT	1	9619.0	2744743854
JG0139d	20	31772596	U:AT[T>G]TT	1	57646.0	2744801500
JG0139d	20	32500952	U:TG[T>G]TT	-1	728356.0	2745529856
JG0139d	20	32664398	U:GC[T>G]CT	-1	163446.0	2745693302
JG0139d	20	32820937	U:AC[T>A]TG	1	156539.0	2745849841
JG0139d	20	33772854	T:CT[T>C]GA	-1	951917.0	2746801758
JG0139d	20	34536047	T:TG[T>C]GA	-1	763193.0	2747564951
JG0139d	20	34688832	N:AC[T>A]TC	1	152785.0	2747717736
JG0139d	20	34889665	T:GG[T>G]TA	-1	200833.0	2747918569
JG0139d	20	36508847	U:TA[T>G]TT	1	1619182.0	2749537751
JG0139d	20	37126349	U:CC[T>C]CC	-1	617502.0	2750155253
JG0139d	20	37276324	N:GC[T>C]TG	1	149975.0	2750305228
JG0139d	20	37650569	N:AC[T>A]CC	-1	374245.0	2750679473
JG0139d	20	38122364	U:CC[T>C]GT	1	471795.0	2751151268
JG0139d	20	39106943	N:CC[T>G]CT	1	984579.0	2752135847
JG0139d	20	39404867	N:CC[T>G]TG	1	297924.0	2752433771
JG0139d	20	39507030	N:GG[T>G]TC	1	102163.0	2752535934
JG0139d	20	40381350	N:AC[T>G]TT	1	874320.0	2753410254
JG0139d	20	40519669	N:CT[T>A]CT	-1	138319.0	2753548573
JG0139d	20	41200482	U:GG[T>G]TT	-1	680813.0	2754229386
JG0139d	20	41377549	N:GC[T>G]TA	1	177067.0	2754406453
JG0139d	20	41528897	U:TC[T>A]TC	-1	151348.0	2754557801
JG0139d	20	41868851	N:AC[T>G]TA	-1	339954.0	2754897755
JG0139d	20	42664269	U:TC[T>G]TT	-1	795418.0	2755693173
JG0139d	20	43300602	N:TC[T>C]TG	-1	636333.0	2756329506
JG0139d	20	43481434	N:TC[T>G]CC	-1	180832.0	2756510338
JG0139d	20	44017846	T:CC[T>C]GG	-1	536412.0	2757046750
JG0139d	20	44023736	T:GC[C>A]AG	-1	5890.0	2757052640
JG0139d	20	44939888	U:AC[T>C]CT	1	916152.0	2757968792
JG0139d	20	45472393	U:AG[T>G]TT	1	532505.0	2758501297
JG0139d	20	45724742	T:CC[T>A]CT	-1	252349.0	2758753646
JG0139d	20	45886237	N:AT[C>T]AA	1	161495.0	2758915141
JG0139d	20	46335975	N:AC[T>G]TT	1	449738.0	2759364879
JG0139d	20	46359089	U:AC[T>C]GG	-1	23114.0	2759387993
JG0139d	20	47021460	U:CT[C>G]TA	1	662371.0	2760050364
JG0139d	20	47736948	U:AC[T>A]TG	-1	715488.0	2760765852
JG0139d	20	48172465	N:CC[T>C]CT	-1	435517.0	2761201369
JG0139d	20	48228451	N:CC[T>A]CC	1	55986.0	2761257355
JG0139d	20	48662829	U:TC[T>A]CA	-1	434378.0	2761691733
JG0139d	20	48703622	U:CC[T>G]TT	-1	40793.0	2761732526
JG0139d	20	48851588	N:CC[T>G]TA	1	147966.0	2761880492
JG0139d	20	48913855	N:CC[T>C]CT	1	62267.0	2761942759
JG0139d	20	49047366	U:TC[T>C]CC	1	133511.0	2762076270
JG0139d	20	49175475	T:GC[T>C]TT	1	128109.0	2762204379
JG0139d	20	49757882	N:GA[T>G]CC	-1	582407.0	2762786786
JG0139d	20	49871078	T:TC[T>G]TA	-1	113196.0	2762899982
JG0139d	20	50031434	N:AT[C>T]TT	-1	160356.0	2763060338
JG0139d	20	50100217	T:AG[T>G]CT	1	68783.0	2763129121
JG0139d	20	50113018	T:CC[T>G]GG	1	12801.0	2763141922
JG0139d	20	50518403	U:GC[T>C]TT	1	405385.0	2763547307
JG0139d	20	50613476	U:TC[T>C]TT	-1	95073.0	2763642380
JG0139d	20	50752695	T:TC[T>C]TC	-1	139219.0	2763781599
JG0139d	20	50870737	T:GC[T>G]TT	-1	118042.0	2763899641
JG0139d	20	51258271	N:CC[T>G]CT	-1	387534.0	2764287175
JG0139d	20	51288691	N:TC[T>G]GG	1	30420.0	2764317595
JG0139d	20	52411163	N:CC[T>C]CA	-1	1122472.0	2765440067
JG0139d	20	53352203	T:TG[C>A]AG	-1	941040.0	2766381107
JG0139d	20	54467525	N:CC[T>A]CT	1	1115322.0	2767496429
JG0139d	20	54827460	N:CC[T>C]CT	1	359935.0	2767856364
JG0139d	20	55404877	N:TT[C>A]TA	1	577417.0	2768433781
JG0139d	20	56337623	N:AC[T>G]TC	-1	932746.0	2769366527
JG0139d	20	56433537	U:AA[T>G]TT	1	95914.0	2769462441
JG0139d	20	56692442	N:CC[T>G]TT	1	258905.0	2769721346
JG0139d	20	56904629	N:TC[T>C]CC	-1	212187.0	2769933533
JG0139d	20	56984264	N:GC[T>G]TT	-1	79635.0	2770013168
JG0139d	20	57271278	N:TA[T>G]TA	1	287014.0	2770300182
JG0139d	20	57279533	N:CC[T>A]TG	1	8255.0	2770308437
JG0139d	20	57400243	U:TC[T>A]CT	1	120710.0	2770429147
JG0139d	20	57679794	T:CC[T>G]TG	1	279551.0	2770708698
JG0139d	20	57810181	N:TC[T>C]TC	1	130387.0	2770839085
JG0139d	20	57850960	N:CC[T>G]TG	1	40779.0	2770879864
JG0139d	20	58063195	N:CA[T>G]TT	-1	212235.0	2771092099
JG0139d	20	58369196	N:TC[T>G]TG	-1	306001.0	2771398100
JG0139d	20	58490165	U:GA[T>G]TG	-1	120969.0	2771519069
JG0139d	20	58655882	U:TG[T>G]AT	1	165717.0	2771684786
JG0139d	20	58686188	N:CC[T>G]TG	-1	30306.0	2771715092
JG0139d	20	59183913	U:AG[T>G]CT	1	497725.0	2772212817
JG0139d	20	59229637	T:CC[T>C]TG	-1	45724.0	2772258541
JG0139d	20	59441682	N:GC[T>C]TG	-1	212045.0	2772470586
JG0139d	20	59655727	T:AC[T>C]CG	-1	214045.0	2772684631
JG0139d	20	59715808	T:AT[T>G]TT	-1	60081.0	2772744712
JG0139d	20	60045464	N:GG[T>G]CA	1	329656.0	2773074368
JG0139d	20	60253792	N:CC[T>A]CA	-1	208328.0	2773282696
JG0139d	20	60426709	N:GG[T>C]TA	-1	172917.0	2773455613
JG0139d	20	60527581	N:AG[T>G]TG	1	100872.0	2773556485
JG0139d	20	62297194	N:GG[T>G]GC	1	1769613.0	2775326098
JG0139d	20	62471260	U:AC[T>A]CT	-1	174066.0	2775500164
JG0139d	20	62979652	N:CC[T>A]CC	1	508392.0	2776008556
JG0139d	20	63023553	N:CC[T>G]TT	1	43901.0	2776052457
JG0139d	20	63203397	U:AA[C>A]AG	-1	179844.0	2776232301
JG0139d	20	63409982	U:CC[T>A]CC	-1	206585.0	2776438886
JG0139d	20	63512092	N:AC[T>A]CC	1	102110.0	2776540996
JG0139d	20	64175876	U:TC[T>C]CC	1	663784.0	2777204780
JG0139d	20	64181151	U:TC[T>G]TT	1	5275.0	2777210055
JG0139d	20	64259472	U:CC[T>G]CT	1	78321.0	2777288376
JG0139d	21	5345514	N:AG[T>G]TT	-1		2782818585
JG0139d	21	5881645	N:GC[T>G]TG	1	536131.0	2783354716
JG0139d	21	6051931	N:GC[T>C]CA	1	170286.0	2783525002
JG0139d	21	6710330	N:AC[T>C]CT	-1	658399.0	2784183401
JG0139d	21	7101619	N:GC[T>C]GT	-1	391289.0	2784574690
JG0139d	21	8631686	N:CC[T>G]TC	-1	1530067.0	2786104757
JG0139d	21	9687753	N:TC[T>G]TT	1	1056067.0	2787160824
JG0139d	21	9699228	N:CA[T>G]TG	-1	11475.0	2787172299
JG0139d	21	9725643	N:CC[T>G]TG	-1	26415.0	2787198714
JG0139d	21	9961360	N:AC[T>A]TA	1	235717.0	2787434431
JG0139d	21	10020433	N:GC[T>C]AG	1	59073.0	2787493504
JG0139d	21	10512017	N:TG[T>C]CA	1	491584.0	2787985088
JG0139d	21	11020887	N:GC[T>A]TC	-1	508870.0	2788493958
JG0139d	21	11078413	N:GC[T>G]CA	-1	57526.0	2788551484
JG0139d	21	11464236	N:TC[T>G]TT	1	385823.0	2788937307
JG0139d	21	11737890	N:TC[T>A]CA	1	273654.0	2789210961
JG0139d	21	11784000	N:TG[C>A]TT	-1	46110.0	2789257071
JG0139d	21	11786266	N:GA[T>C]TT	1	2266.0	2789259337
JG0139d	21	11879901	N:GC[T>G]GT	-1	93635.0	2789352972
JG0139d	21	12123888	N:TG[T>G]TA	-1	243987.0	2789596959
JG0139d	21	12265024	N:AC[T>G]TC	-1	141136.0	2789738095
JG0139d	21	12380459	N:TC[T>G]TC	-1	115435.0	2789853530
JG0139d	21	12585297	N:AG[T>C]TG	1	204838.0	2790058368
JG0139d	21	12842848	N:GC[T>A]CC	-1	257551.0	2790315919
JG0139d	21	13168937	N:CC[T>G]GT	-1	326089.0	2790642008
JG0139d	21	13170309	N:TC[T>C]CA	1	1372.0	2790643380
JG0139d	21	13895074	N:TG[T>C]TT	-1	724765.0	2791368145
JG0139d	21	14496195	T:CC[T>A]TG	1	601121.0	2791969266
JG0139d	21	14539344	U:AC[T>G]TC	-1	43149.0	2792012415
JG0139d	21	15261446	N:AC[T>G]TT	1	722102.0	2792734517
JG0139d	21	15567907	N:TC[C>A]AG	-1	306461.0	2793040978
JG0139d	21	16012309	N:GC[T>C]TG	-1	444402.0	2793485380
JG0139d	21	16605105	N:CC[T>C]TC	-1	592796.0	2794078176
JG0139d	21	16755427	N:CA[C>A]AA	1	150322.0	2794228498
JG0139d	21	16869241	N:AT[C>A]TG	-1	113814.0	2794342312
JG0139d	21	17417616	N:AC[T>G]TC	-1	548375.0	2794890687
JG0139d	21	17420694	N:CC[T>G]TC	1	3078.0	2794893765
JG0139d	21	17464183	N:AC[T>C]CA	1	43489.0	2794937254
JG0139d	21	17482463	N:TC[T>G]TC	-1	18280.0	2794955534
JG0139d	21	17604947	U:AG[C>A]CT	-1	122484.0	2795078018
JG0139d	21	18377276	U:AC[T>G]TT	-1	772329.0	2795850347
JG0139d	21	18499787	N:GA[T>G]TT	-1	122511.0	2795972858
JG0139d	21	18510643	N:CC[T>C]CA	-1	10856.0	2795983714
JG0139d	21	19074519	N:AG[T>G]TT	1	563876.0	2796547590
JG0139d	21	19106737	N:GC[T>G]TT	1	32218.0	2796579808
JG0139d	21	19265307	N:CC[C>G]TC	-1	158570.0	2796738378
JG0139d	21	19659939	N:CC[T>G]AT	-1	394632.0	2797133010
JG0139d	21	19780382	N:TC[T>A]TT	1	120443.0	2797253453
JG0139d	21	19905016	N:AC[T>G]TT	1	124634.0	2797378087
JG0139d	21	20018340	N:CC[T>A]TT	1	113324.0	2797491411
JG0139d	21	20155111	N:AC[T>A]CA	-1	136771.0	2797628182
JG0139d	21	20182785	N:TG[T>G]TT	-1	27674.0	2797655856
JG0139d	21	20246377	N:AC[T>C]AA	-1	63592.0	2797719448
JG0139d	21	20686935	N:AC[T>C]CT	1	440558.0	2798160006
JG0139d	21	20736654	N:TT[T>G]CC	-1	49719.0	2798209725
JG0139d	21	20891909	N:TG[T>G]TT	1	155255.0	2798364980
JG0139d	21	20956051	N:GC[T>A]TT	-1	64142.0	2798429122
JG0139d	21	21163296	U:AC[T>C]TC	1	207245.0	2798636367
JG0139d	21	22402414	N:AC[T>G]TC	-1	1239118.0	2799875485
JG0139d	21	22550191	N:GC[T>C]TA	1	147777.0	2800023262
JG0139d	21	22594445	N:TC[T>C]TG	1	44254.0	2800067516
JG0139d	21	22828803	N:TG[T>G]TT	1	234358.0	2800301874
JG0139d	21	23073787	N:GC[T>G]TT	-1	244984.0	2800546858
JG0139d	21	23312016	N:TC[T>G]TT	1	238229.0	2800785087
JG0139d	21	24557966	N:GC[T>C]CT	-1	1245950.0	2802031037
JG0139d	21	25133438	N:GC[T>A]GA	-1	575472.0	2802606509
JG0139d	21	25142666	N:TC[T>C]GT	-1	9228.0	2802615737
JG0139d	21	25263618	N:AC[T>C]CA	1	120952.0	2802736689
JG0139d	21	25315793	N:GC[C>A]AC	-1	52175.0	2802788864
JG0139d	21	25547964	N:CA[T>A]TG	-1	232171.0	2803021035
JG0139d	21	25662735	T:TA[T>A]TT	-1	114771.0	2803135806
JG0139d	21	25856808	N:TC[T>G]TG	1	194073.0	2803329879
JG0139d	21	26615556	N:AC[T>C]CT	-1	758748.0	2804088627
JG0139d	21	27016750	N:AG[T>C]CA	-1	401194.0	2804489821
JG0139d	21	27198248	N:AC[T>G]TT	1	181498.0	2804671319
JG0139d	21	27338567	N:GT[T>G]TA	-1	140319.0	2804811638
JG0139d	21	27540674	N:TC[T>G]CC	-1	202107.0	2805013745
JG0139d	21	27745934	N:AG[T>G]AG	-1	205260.0	2805219005
JG0139d	21	28298863	N:TC[T>C]TA	1	552929.0	2805771934
JG0139d	21	29338750	U:AC[T>C]CC	1	1039887.0	2806811821
JG0139d	21	29491697	U:GC[T>G]TT	1	152947.0	2806964768
JG0139d	21	29597260	B:TC[T>C]TC	-1	105563.0	2807070331
JG0139d	21	30554081	N:TC[T>C]TT	-1	956821.0	2808027152
JG0139d	21	30881888	N:AC[T>G]CA	1	327807.0	2808354959
JG0139d	21	31378645	U:TC[T>G]TC	-1	496757.0	2808851716
JG0139d	21	32151320	N:CC[T>C]CA	-1	772675.0	2809624391
JG0139d	21	32698064	U:AC[T>G]TT	-1	546744.0	2810171135
JG0139d	21	32843198	N:GC[T>C]GA	1	145134.0	2810316269
JG0139d	21	33168289	N:GC[T>G]TG	1	325091.0	2810641360
JG0139d	21	34101067	T:TC[T>G]TG	-1	932778.0	2811574138
JG0139d	21	34270611	N:TC[T>G]TC	1	169544.0	2811743682
JG0139d	21	35119721	U:TC[T>C]CA	-1	849110.0	2812592792
JG0139d	21	35404831	T:TC[T>A]CT	1	285110.0	2812877902
JG0139d	21	35411388	T:AC[T>G]CA	1	6557.0	2812884459
JG0139d	21	35506738	U:AC[T>G]CT	-1	95350.0	2812979809
JG0139d	21	35759354	T:AC[T>C]GA	1	252616.0	2813232425
JG0139d	21	35799298	U:AG[T>C]CA	-1	39944.0	2813272369
JG0139d	21	35837301	U:AC[T>C]TT	-1	38003.0	2813310372
JG0139d	21	35866923	T:AG[T>G]CG	1	29622.0	2813339994
JG0139d	21	36133544	N:GC[T>C]CA	-1	266621.0	2813606615
JG0139d	21	36175575	U:AC[T>G]TG	1	42031.0	2813648646
JG0139d	21	36650539	N:CC[T>C]CC	-1	474964.0	2814123610
JG0139d	21	36744920	U:TC[T>C]TC	1	94381.0	2814217991
JG0139d	21	36757800	T:GC[T>C]CA	1	12880.0	2814230871
JG0139d	21	37946118	U:CC[T>C]CC	-1	1188318.0	2815419189
JG0139d	21	37971724	U:CC[C>T]GG	-1	25606.0	2815444795
JG0139d	21	38021609	T:TC[T>C]CC	1	49885.0	2815494680
JG0139d	21	38408697	T:TC[T>G]CA	1	387088.0	2815881768
JG0139d	21	38493230	U:GC[T>G]TG	-1	84533.0	2815966301
JG0139d	21	38496727	T:GC[T>G]TC	1	3497.0	2815969798
JG0139d	21	38879203	N:AC[T>G]TG	-1	382476.0	2816352274
JG0139d	21	39573987	U:CC[T>G]TT	1	694784.0	2817047058
JG0139d	21	39758987	U:AG[C>T]AT	1	185000.0	2817232058
JG0139d	21	39796292	T:TC[T>C]GT	-1	37305.0	2817269363
JG0139d	21	40421418	U:AC[T>C]CA	-1	625126.0	2817894489
JG0139d	21	40588594	U:TT[T>G]TT	-1	167176.0	2818061665
JG0139d	21	41276450	T:TC[T>C]TT	-1	687856.0	2818749521
JG0139d	21	41861709	T:CG[T>C]GC	1	585259.0	2819334780
JG0139d	21	42215669	T:AC[T>C]TT	-1	353960.0	2819688740
JG0139d	21	42223107	U:TC[T>A]CA	1	7438.0	2819696178
JG0139d	21	42343635	N:CC[T>G]TG	-1	120528.0	2819816706
JG0139d	21	43097267	U:GG[T>C]GC	-1	753632.0	2820570338
JG0139d	21	43605718	U:TG[T>C]GA	-1	508451.0	2821078789
JG0139d	21	43931562	T:TC[T>C]TT	-1	325844.0	2821404633
JG0139d	21	44081435	T:TC[T>C]GT	-1	149873.0	2821554506
JG0139d	21	44362778	U:TG[T>C]TT	1	281343.0	2821835849
JG0139d	21	44541920	T:AG[T>C]CC	1	179142.0	2822014991
JG0139d	21	45225796	U:CC[T>G]TT	1	683876.0	2822698867
JG0139d	21	45256258	N:TC[T>C]CT	1	30462.0	2822729329
JG0139d	21	46070885	N:AG[T>G]TG	-1	814627.0	2823543956
JG0139d	21	46197606	T:TG[C>A]TG	1	126721.0	2823670677
JG0139d	21	46605850	N:CC[T>G]TC	-1	408244.0	2824078921
JG0139d	21	46616449	N:AC[T>C]TC	-1	10599.0	2824089520
JG0139d	21	46664712	U:CC[T>C]CC	1	48263.0	2824137783
JG0139d	22	10516849	N:TC[T>G]TG	-1		2834699903
JG0139d	22	11247073	N:TT[T>G]TA	1	730224.0	2835430127
JG0139d	22	12332937	N:TC[T>G]CT	1	1085864.0	2836515991
JG0139d	22	13047451	N:CC[T>G]TT	-1	714514.0	2837230505
JG0139d	22	13639548	N:AC[T>C]CT	-1	592097.0	2837822602
JG0139d	22	13746432	N:AC[T>C]CC	1	106884.0	2837929486
JG0139d	22	14051914	N:AC[T>C]CA	1	305482.0	2838234968
JG0139d	22	14100907	N:GC[T>C]CT	1	48993.0	2838283961
JG0139d	22	14988323	N:GC[T>C]CT	1	887416.0	2839171377
JG0139d	22	15220950	N:CC[T>C]TT	1	232627.0	2839404004
JG0139d	22	15542039	N:TG[T>C]TT	-1	321089.0	2839725093
JG0139d	22	15577942	N:GG[T>G]TA	-1	35903.0	2839760996
JG0139d	22	15889004	N:CC[T>C]GA	1	311062.0	2840072058
JG0139d	22	16405033	N:GC[T>A]CC	1	516029.0	2840588087
JG0139d	22	16707889	N:TG[T>G]TT	1	302856.0	2840890943
JG0139d	22	16893266	N:AC[T>C]CG	1	185377.0	2841076320
JG0139d	22	17815929	U:CC[T>G]TC	-1	922663.0	2841998983
JG0139d	22	18089513	T:GC[T>A]CT	-1	273584.0	2842272567
JG0139d	22	19085483	T:CC[T>G]TC	1	995970.0	2843268537
JG0139d	22	19386562	U:CA[C>A]AT	-1	301079.0	2843569616
JG0139d	22	19827185	T:TC[T>A]TT	1	440623.0	2844010239
JG0139d	22	20046856	U:TC[T>A]CA	1	219671.0	2844229910
JG0139d	22	20074653	N:AC[T>C]CT	-1	27797.0	2844257707
JG0139d	22	21399982	N:CT[C>A]CT	1	1325329.0	2845583036
JG0139d	22	21812221	U:GG[T>G]TA	-1	412239.0	2845995275
JG0139d	22	22873771	N:GG[T>G]TA	-1	1061550.0	2847056825
JG0139d	22	23363676	N:TG[T>G]TC	-1	489905.0	2847546730
JG0139d	22	23535297	N:GC[T>G]CT	1	171621.0	2847718351
JG0139d	22	23667711	N:AG[T>G]CA	-1	132414.0	2847850765
JG0139d	22	24224800	T:TG[T>G]CT	1	557089.0	2848407854
JG0139d	22	24644459	N:CC[T>G]AG	-1	419659.0	2848827513
JG0139d	22	24726288	T:TC[T>C]TT	1	81829.0	2848909342
JG0139d	22	25375571	T:CC[T>C]TG	1	649283.0	2849558625
JG0139d	22	25927208	T:GT[T>G]TA	-1	551637.0	2850110262
JG0139d	22	26357944	U:GC[T>G]TA	1	430736.0	2850540998
JG0139d	22	26818763	N:CC[T>G]TG	1	460819.0	2851001817
JG0139d	22	27262525	N:GC[T>C]GC	1	443762.0	2851445579
JG0139d	22	27310566	N:CC[T>G]TC	-1	48041.0	2851493620
JG0139d	22	27506145	N:GG[T>G]TG	-1	195579.0	2851689199
JG0139d	22	27824602	N:GC[T>A]CC	-1	318457.0	2852007656
JG0139d	22	28386091	U:CG[T>G]TT	-1	561489.0	2852569145
JG0139d	22	29251437	T:AC[T>C]TG	-1	865346.0	2853434491
JG0139d	22	30014538	U:TC[T>A]TG	1	763101.0	2854197592
JG0139d	22	30121210	U:GA[T>C]TT	1	106672.0	2854304264
JG0139d	22	30136329	U:CA[C>A]TC	1	15119.0	2854319383
JG0139d	22	30309967	T:CC[T>G]CC	1	173638.0	2854493021
JG0139d	22	30456951	T:CC[T>G]TA	1	146984.0	2854640005
JG0139d	22	31094754	U:GC[T>C]CT	1	637803.0	2855277808
JG0139d	22	31233090	T:AG[T>C]TT	-1	138336.0	2855416144
JG0139d	22	31243184	T:AC[T>C]TT	-1	10094.0	2855426238
JG0139d	22	31638505	U:TC[T>G]TC	-1	395321.0	2855821559
JG0139d	22	32522409	T:GC[T>C]CT	1	883904.0	2856705463
JG0139d	22	32643505	T:AC[T>G]GT	1	121096.0	2856826559
JG0139d	22	32754339	U:CG[T>A]CT	-1	110834.0	2856937393
JG0139d	22	33574113	U:AA[T>G]TC	-1	819774.0	2857757167
JG0139d	22	33575579	T:TG[T>C]TG	1	1466.0	2857758633
JG0139d	22	34708344	N:CT[T>G]TC	1	1132765.0	2858891398
JG0139d	22	34867093	N:AC[T>C]TG	-1	158749.0	2859050147
JG0139d	22	35160712	N:AC[T>C]CA	-1	293619.0	2859343766
JG0139d	22	36571647	T:GG[C>A]TG	1	1410935.0	2860754701
JG0139d	22	36743819	N:CC[T>C]CC	-1	172172.0	2860926873
JG0139d	22	37737998	U:GC[T>C]TT	1	994179.0	2861921052
JG0139d	22	38086298	U:CC[T>G]TG	-1	348300.0	2862269352
JG0139d	22	38164934	U:GG[T>G]TC	-1	78636.0	2862347988
JG0139d	22	38508968	N:CC[T>C]GC	1	344034.0	2862692022
JG0139d	22	39393334	N:TC[T>C]TG	1	884366.0	2863576388
JG0139d	22	39453447	N:TC[T>C]TT	1	60113.0	2863636501
JG0139d	22	39777833	U:GC[T>G]TT	-1	324386.0	2863960887
JG0139d	22	40122600	T:TC[T>G]TA	-1	344767.0	2864305654
JG0139d	22	40521972	T:CC[T>A]CC	1	399372.0	2864705026
JG0139d	22	40523558	T:TC[T>C]CA	1	1586.0	2864706612
JG0139d	22	40529247	T:AG[T>A]TA	1	5689.0	2864712301
JG0139d	22	40624314	T:GC[T>G]TC	1	95067.0	2864807368
JG0139d	22	42385324	T:AC[T>G]TC	1	1761010.0	2866568378
JG0139d	22	42660809	N:TC[T>G]TC	-1	275485.0	2866843863
JG0139d	22	44544668	N:TC[T>C]GC	1	1883859.0	2868727722
JG0139d	22	44568659	N:AC[T>G]TT	-1	23991.0	2868751713
JG0139d	22	44931037	U:GC[T>G]TG	-1	362378.0	2869114091
JG0139d	22	45344504	U:AC[T>G]CA	-1	413467.0	2869527558
JG0139d	22	45427203	U:AT[C>A]CT	1	82699.0	2869610257
JG0139d	22	45558693	U:CC[T>A]CC	1	131490.0	2869741747
JG0139d	22	45683411	U:GC[T>C]CT	1	124718.0	2869866465
JG0139d	22	45886178	N:CC[T>C]CA	1	202767.0	2870069232
JG0139d	22	45997449	N:AC[T>C]CA	1	111271.0	2870180503
JG0139d	22	46374114	U:TC[T>C]CT	-1	376665.0	2870557168
JG0139d	22	47010181	U:TC[T>G]TT	1	636067.0	2871193235
JG0139d	22	47080150	T:AC[T>C]CC	-1	69969.0	2871263204
JG0139d	22	47289063	N:TC[T>A]CA	-1	208913.0	2871472117
JG0139d	22	47581628	N:GC[T>C]TA	1	292565.0	2871764682
JG0139d	22	47617556	N:AC[T>C]GG	1	35928.0	2871800610
JG0139d	22	49282218	N:CC[T>C]GT	-1	1664662.0	2873465272
JG0139d	22	49577998	N:TC[T>A]CT	-1	295780.0	2873761052
JG0139d	22	49791643	T:GC[T>C]GT	1	213645.0	2873974697
JG0139d	22	50657186	N:TC[T>C]CA	1	865543.0	2874840240
JG0139d	X	40272	N:AC[T>A]CG	-1		2875041794
JG0139d	X	95181	N:TC[T>G]CG	-1	54909.0	2875096703
JG0139d	X	361916	T:AC[T>C]CC	1	266735.0	2875363438
JG0139d	X	1598049	U:GC[T>G]TG	1	1236133.0	2876599571
JG0139d	X	1619596	U:TC[T>G]TT	1	21547.0	2876621118
JG0139d	X	2919219	T:TG[T>A]CC	1	1299623.0	2877920741
JG0139d	X	3297704	N:AC[T>G]CA	1	378485.0	2878299226
JG0139d	X	3501327	N:TC[T>A]CT	-1	203623.0	2878502849
JG0139d	X	4455936	N:AA[C>A]TG	-1	954609.0	2879457458
JG0139d	X	5041380	N:GG[T>C]CA	1	585444.0	2880042902
JG0139d	X	5930256	U:AC[T>G]CT	-1	888876.0	2880931778
JG0139d	X	6110138	U:TG[T>A]TT	-1	179882.0	2881111660
JG0139d	X	6122607	U:TC[T>G]TT	-1	12469.0	2881124129
JG0139d	X	7139979	U:TC[T>C]CC	-1	1017372.0	2882141501
JG0139d	X	7158438	N:AC[T>A]CC	-1	18459.0	2882159960
JG0139d	X	8375980	N:GG[C>A]TA	1	1217542.0	2883377502
JG0139d	X	9276282	N:TC[T>G]CT	1	900302.0	2884277804
JG0139d	X	9278256	N:CC[T>C]CC	-1	1974.0	2884279778
JG0139d	X	10091640	N:CC[T>C]TA	-1	813384.0	2885093162
JG0139d	X	10718863	T:GC[T>C]TC	1	627223.0	2885720385
JG0139d	X	10878290	N:CC[T>A]TA	-1	159427.0	2885879812
JG0139d	X	10971080	N:TC[T>A]GT	1	92790.0	2885972602
JG0139d	X	11740660	N:CC[T>A]TT	1	769580.0	2886742182
JG0139d	X	12919324	T:GG[T>A]TT	-1	1178664.0	2887920846
JG0139d	X	13204364	N:GC[T>C]TT	1	285040.0	2888205886
JG0139d	X	13957177	N:GG[T>G]TT	-1	752813.0	2888958699
JG0139d	X	14381684	N:TC[T>C]CA	-1	424507.0	2889383206
JG0139d	X	15510654	T:AA[C>T]TA	-1	1128970.0	2890512176
JG0139d	X	15829413	T:TT[C>A]TA	1	318759.0	2890830935
JG0139d	X	16247149	N:AA[T>G]TA	1	417736.0	2891248671
JG0139d	X	16540933	N:TC[T>C]CT	-1	293784.0	2891542455
JG0139d	X	18180901	U:AC[T>G]CG	-1	1639968.0	2893182423
JG0139d	X	19245089	N:GC[T>G]TG	-1	1064188.0	2894246611
JG0139d	X	20467409	N:CC[T>C]CT	-1	1222320.0	2895468931
JG0139d	X	20984438	N:CC[T>C]TT	-1	517029.0	2895985960
JG0139d	X	21139482	N:CC[T>C]CT	1	155044.0	2896141004
JG0139d	X	21528410	T:TC[T>G]TT	-1	388928.0	2896529932
JG0139d	X	21978732	T:AC[T>C]TT	-1	450322.0	2896980254
JG0139d	X	22005883	N:TC[T>G]TA	1	27151.0	2897007405
JG0139d	X	23508176	N:TG[T>C]CA	1	1502293.0	2898509698
JG0139d	X	24608128	U:TC[T>G]GG	-1	1099952.0	2899609650
JG0139d	X	24698509	U:GC[T>A]TT	1	90381.0	2899700031
JG0139d	X	24845703	U:TA[C>A]TG	1	147194.0	2899847225
JG0139d	X	25068323	N:CC[T>C]CT	1	222620.0	2900069845
JG0139d	X	25585498	N:AC[T>C]TT	1	517175.0	2900587020
JG0139d	X	25830897	N:AC[T>C]GT	-1	245399.0	2900832419
JG0139d	X	25953634	N:TG[T>G]TT	-1	122737.0	2900955156
JG0139d	X	26848754	N:GC[T>G]TA	1	895120.0	2901850276
JG0139d	X	26849785	N:AC[T>C]TG	-1	1031.0	2901851307
JG0139d	X	30294228	N:TC[T>G]TC	-1	3444443.0	2905295750
JG0139d	X	30418973	N:GA[T>A]GT	-1	124745.0	2905420495
JG0139d	X	31068860	N:TC[T>G]CC	-1	649887.0	2906070382
JG0139d	X	31369501	U:AC[T>C]TT	-1	300641.0	2906371023
JG0139d	X	32039151	U:CG[T>G]TT	-1	669650.0	2907040673
JG0139d	X	32273106	U:TC[T>C]TC	-1	233955.0	2907274628
JG0139d	X	32921302	U:AG[T>G]TA	-1	648196.0	2907922824
JG0139d	X	33549096	N:TC[T>C]CC	1	627794.0	2908550618
JG0139d	X	33769127	N:CC[T>G]TT	-1	220031.0	2908770649
JG0139d	X	34380197	N:TC[T>C]TA	1	611070.0	2909381719
JG0139d	X	35196461	N:GC[T>C]CT	-1	816264.0	2910197983
JG0139d	X	35658762	N:GG[T>G]CT	1	462301.0	2910660284
JG0139d	X	35970424	U:AG[T>G]CA	1	311662.0	2910971946
JG0139d	X	36561367	N:AC[T>G]TG	-1	590943.0	2911562889
JG0139d	X	36802920	N:AC[T>A]TA	1	241553.0	2911804442
JG0139d	X	37400902	U:CC[T>G]CG	1	597982.0	2912402424
JG0139d	X	37513882	U:AC[T>G]TA	1	112980.0	2912515404
JG0139d	X	38195343	B:AC[T>G]TA	-1	681461.0	2913196865
JG0139d	X	38660947	T:CC[T>C]CT	-1	465604.0	2913662469
JG0139d	X	38836371	N:AC[T>G]TA	-1	175424.0	2913837893
JG0139d	X	39065855	N:CC[T>G]TC	-1	229484.0	2914067377
JG0139d	X	39131761	N:TC[T>G]CT	1	65906.0	2914133283
JG0139d	X	39471739	N:CC[T>C]GG	-1	339978.0	2914473261
JG0139d	X	39588252	N:GC[T>C]CG	-1	116513.0	2914589774
JG0139d	X	40085618	U:AC[T>C]TC	-1	497366.0	2915087140
JG0139d	X	40306031	N:TC[T>G]TC	-1	220413.0	2915307553
JG0139d	X	40505276	N:CC[T>C]CA	1	199245.0	2915506798
JG0139d	X	40631397	T:CC[T>G]CC	1	126121.0	2915632919
JG0139d	X	41807842	T:TC[T>G]TT	1	1176445.0	2916809364
JG0139d	X	42703001	N:GC[T>G]TT	-1	895159.0	2917704523
JG0139d	X	43881013	T:CC[T>G]TG	1	1178012.0	2918882535
JG0139d	X	43882454	N:GC[T>C]GG	-1	1441.0	2918883976
JG0139d	X	44182660	T:TC[T>C]TG	1	300206.0	2919184182
JG0139d	X	44344686	N:TG[T>G]TA	1	162026.0	2919346208
JG0139d	X	44617674	N:TC[T>G]TT	1	272988.0	2919619196
JG0139d	X	44884569	T:AC[T>G]TT	-1	266895.0	2919886091
JG0139d	X	45251097	N:CT[C>G]CC	1	366528.0	2920252619
JG0139d	X	45742267	N:GC[T>G]TA	1	491170.0	2920743789
JG0139d	X	46032778	N:AA[T>G]TC	1	290511.0	2921034300
JG0139d	X	46128937	N:CT[C>G]TA	1	96159.0	2921130459
JG0139d	X	46403513	N:CC[T>A]TT	-1	274576.0	2921405035
JG0139d	X	46445942	N:TC[T>G]TT	-1	42429.0	2921447464
JG0139d	X	46577205	T:CC[T>C]CC	-1	131263.0	2921578727
JG0139d	X	46999515	T:TT[T>A]AT	-1	422310.0	2922001037
JG0139d	X	47110793	N:GG[T>G]TT	-1	111278.0	2922112315
JG0139d	X	48420850	N:TG[T>G]TA	1	1310057.0	2923422372
JG0139d	X	48667668	N:CC[T>C]TC	1	246818.0	2923669190
JG0139d	X	48964724	U:TT[T>G]TT	-1	297056.0	2923966246
JG0139d	X	49211413	T:AC[T>C]CA	1	246689.0	2924212935
JG0139d	X	50056871	U:AC[T>G]TC	1	845458.0	2925058393
JG0139d	X	50282121	T:TG[T>A]TA	-1	225250.0	2925283643
JG0139d	X	50812056	U:GC[T>C]TG	-1	529935.0	2925813578
JG0139d	X	50835177	N:CC[T>G]TT	-1	23121.0	2925836699
JG0139d	X	51098735	N:CC[T>A]CC	-1	263558.0	2926100257
JG0139d	X	51880415	T:AC[T>C]CT	-1	781680.0	2926881937
JG0139d	X	52683004	N:GC[T>G]AA	-1	802589.0	2927684526
JG0139d	X	52719109	N:AC[T>C]CT	1	36105.0	2927720631
JG0139d	X	52774780	U:GC[T>C]AA	1	55671.0	2927776302
JG0139d	X	52879269	N:TC[T>G]CT	-1	104489.0	2927880791
JG0139d	X	54034343	U:CC[T>G]CT	-1	1155074.0	2929035865
JG0139d	X	54117144	U:GC[T>A]CA	-1	82801.0	2929118666
JG0139d	X	54135781	T:TC[T>C]TA	1	18637.0	2929137303
JG0139d	X	54586726	N:TG[T>C]GG	-1	450945.0	2929588248
JG0139d	X	55460293	N:TG[T>A]GG	1	873567.0	2930461815
JG0139d	X	55504276	N:TC[T>C]TT	-1	43983.0	2930505798
JG0139d	X	56269705	T:AG[T>A]TA	-1	765429.0	2931271227
JG0139d	X	56290637	N:TC[T>A]CA	1	20932.0	2931292159
JG0139d	X	56536675	N:TC[T>C]TC	-1	246038.0	2931538197
JG0139d	X	57618998	N:CC[T>G]TG	-1	1082323.0	2932620520
JG0139d	X	58178947	N:GA[T>G]CC	-1	559949.0	2933180469
JG0139d	X	58545561	N:AG[T>G]TT	1	366614.0	2933547083
JG0139d	X	58621025	N:TC[T>C]CA	1	75464.0	2933622547
JG0139d	X	58757556	N:AC[T>G]CA	-1	136531.0	2933759078
JG0139d	X	58906122	N:AC[T>A]CA	1	148566.0	2933907644
JG0139d	X	59555246	N:TC[T>C]CC	1	649124.0	2934556768
JG0139d	X	60613120	N:TC[T>C]CA	1	1057874.0	2935614642
JG0139d	X	60766727	N:TC[T>C]TT	1	153607.0	2935768249
JG0139d	X	60806488	N:TC[T>C]TC	1	39761.0	2935808010
JG0139d	X	61056143	N:CC[T>A]TT	1	249655.0	2936057665
JG0139d	X	61104001	N:AG[C>A]TG	-1	47858.0	2936105523
JG0139d	X	61504567	N:TC[T>C]GG	-1	400566.0	2936506089
JG0139d	X	61709877	N:TC[T>A]TT	1	205310.0	2936711399
JG0139d	X	62149922	N:AG[T>C]TT	-1	440045.0	2937151444
JG0139d	X	63750385	T:TC[T>C]CT	1	1600463.0	2938751907
JG0139d	X	64078635	N:TT[C>T]TG	-1	328250.0	2939080157
JG0139d	X	64165924	N:AC[T>G]CC	1	87289.0	2939167446
JG0139d	X	64190770	T:GC[T>A]TC	1	24846.0	2939192292
JG0139d	X	64484574	N:TG[T>C]GA	1	293804.0	2939486096
JG0139d	X	65293549	N:GC[T>G]TA	-1	808975.0	2940295071
JG0139d	X	65915820	N:CC[T>A]AT	-1	622271.0	2940917342
JG0139d	X	66166509	U:GG[T>C]TA	1	250689.0	2941168031
JG0139d	X	66338680	N:TC[T>G]TT	1	172171.0	2941340202
JG0139d	X	66555066	N:AC[T>A]CC	1	216386.0	2941556588
JG0139d	X	66986813	N:CC[T>G]TT	1	431747.0	2941988335
JG0139d	X	66993328	N:TG[T>G]TT	1	6515.0	2941994850
JG0139d	X	67433374	N:AC[T>C]TA	-1	440046.0	2942434896
JG0139d	X	67517953	N:TC[T>C]TT	1	84579.0	2942519475
JG0139d	X	67803163	N:AT[T>G]CC	-1	285210.0	2942804685
JG0139d	X	68423378	U:GC[T>A]CT	-1	620215.0	2943424900
JG0139d	X	70185316	U:TC[T>A]TT	1	1761938.0	2945186838
JG0139d	X	70185459	T:TC[T>G]TT	-1	143.0	2945186981
JG0139d	X	70577929	U:AC[T>G]TG	-1	392470.0	2945579451
JG0139d	X	71314520	N:CC[T>C]CC	-1	736591.0	2946316042
JG0139d	X	73690646	N:CC[T>C]TT	-1	2376126.0	2948692168
JG0139d	X	75396500	U:CC[T>G]CA	-1	1705854.0	2950398022
JG0139d	X	76315855	N:TC[T>C]TT	1	919355.0	2951317377
JG0139d	X	76854823	N:TC[T>C]AG	1	538968.0	2951856345
JG0139d	X	77174216	N:CC[T>A]TT	-1	319393.0	2952175738
JG0139d	X	77181556	N:CC[T>G]TT	-1	7340.0	2952183078
JG0139d	X	77319943	N:AC[T>C]CT	1	138387.0	2952321465
JG0139d	X	77348729	N:GC[T>A]TT	-1	28786.0	2952350251
JG0139d	X	77893695	U:TC[T>C]CA	-1	544966.0	2952895217
JG0139d	X	78150714	N:GC[T>G]TG	1	257019.0	2953152236
JG0139d	X	78484974	N:GC[T>G]CA	-1	334260.0	2953486496
JG0139d	X	78548046	N:AC[T>C]CA	1	63072.0	2953549568
JG0139d	X	79411847	N:AT[C>A]TC	1	863801.0	2954413369
JG0139d	X	79506915	N:CG[T>A]TA	-1	95068.0	2954508437
JG0139d	X	79828136	N:AC[T>C]TC	1	321221.0	2954829658
JG0139d	X	80304753	N:TC[T>G]TT	1	476617.0	2955306275
JG0139d	X	81187908	U:TC[T>G]TG	-1	883155.0	2956189430
JG0139d	X	83316970	N:AC[T>G]TA	1	2129062.0	2958318492
JG0139d	X	83489879	N:TC[T>C]CC	-1	172909.0	2958491401
JG0139d	X	83926065	N:CC[T>C]CA	1	436186.0	2958927587
JG0139d	X	83940208	N:AC[T>G]TT	1	14143.0	2958941730
JG0139d	X	84048016	N:AC[T>G]TA	-1	107808.0	2959049538
JG0139d	X	84462065	U:CC[T>A]GC	-1	414049.0	2959463587
JG0139d	X	84883168	N:AC[T>C]TA	-1	421103.0	2959884690
JG0139d	X	85573615	N:AC[T>G]TG	1	690447.0	2960575137
JG0139d	X	85594062	N:TC[T>A]CC	-1	20447.0	2960595584
JG0139d	X	85730065	N:TC[T>G]TC	-1	136003.0	2960731587
JG0139d	X	86873691	N:AG[T>G]TA	1	1143626.0	2961875213
JG0139d	X	87079235	N:AA[T>G]TA	1	205544.0	2962080757
JG0139d	X	88369734	N:TA[T>G]GA	-1	1290499.0	2963371256
JG0139d	X	88864272	N:GG[T>G]TG	-1	494538.0	2963865794
JG0139d	X	89578009	N:TC[T>G]AA	1	713737.0	2964579531
JG0139d	X	89914225	N:TC[T>C]TC	-1	336216.0	2964915747
JG0139d	X	90049602	N:AC[T>G]TA	-1	135377.0	2965051124
JG0139d	X	91082901	N:CC[T>C]TT	-1	1033299.0	2966084423
JG0139d	X	91313870	N:TC[T>A]TG	1	230969.0	2966315392
JG0139d	X	91328340	N:TC[T>C]CT	-1	14470.0	2966329862
JG0139d	X	91565295	N:GC[T>G]TA	-1	236955.0	2966566817
JG0139d	X	91999865	U:GC[T>C]TC	1	434570.0	2967001387
JG0139d	X	92244504	U:TT[T>G]TG	1	244639.0	2967246026
JG0139d	X	92767857	N:TC[T>G]TG	-1	523353.0	2967769379
JG0139d	X	92914486	N:TG[T>C]CT	1	146629.0	2967916008
JG0139d	X	93762616	N:AT[T>G]TC	-1	848130.0	2968764138
JG0139d	X	93777425	N:AC[T>G]TG	-1	14809.0	2968778947
JG0139d	X	93925771	N:CA[C>A]AC	1	148346.0	2968927293
JG0139d	X	94064471	N:AG[T>C]CA	-1	138700.0	2969065993
JG0139d	X	94402779	N:CC[T>G]TT	1	338308.0	2969404301
JG0139d	X	94748268	N:TC[T>G]TT	1	345489.0	2969749790
JG0139d	X	95502029	N:TT[T>C]CA	-1	753761.0	2970503551
JG0139d	X	95560484	N:TC[T>C]TC	1	58455.0	2970562006
JG0139d	X	95621138	N:GC[T>C]TC	-1	60654.0	2970622660
JG0139d	X	96036949	N:GC[T>C]CC	-1	415811.0	2971038471
JG0139d	X	96411082	N:TC[T>C]CA	1	374133.0	2971412604
JG0139d	X	97374778	U:CC[T>A]TT	1	963696.0	2972376300
JG0139d	X	97499869	T:TT[C>A]TA	-1	125091.0	2972501391
JG0139d	X	97895251	N:CC[T>C]TA	-1	395382.0	2972896773
JG0139d	X	98035740	N:AC[T>G]TT	-1	140489.0	2973037262
JG0139d	X	98160713	N:CC[T>G]TG	-1	124973.0	2973162235
JG0139d	X	98191606	N:AA[C>A]CC	-1	30893.0	2973193128
JG0139d	X	98505225	N:AG[T>A]GC	1	313619.0	2973506747
JG0139d	X	99096256	N:TG[T>G]TG	1	591031.0	2974097778
JG0139d	X	99280119	N:CC[T>G]TT	-1	183863.0	2974281641
JG0139d	X	99707358	N:AC[C>A]AT	1	427239.0	2974708880
JG0139d	X	99731639	N:CC[T>G]TG	-1	24281.0	2974733161
JG0139d	X	100356787	T:AC[T>A]CA	1	625148.0	2975358309
JG0139d	X	101309983	N:AC[T>A]CA	-1	953196.0	2976311505
JG0139d	X	101572685	N:AC[T>C]CA	-1	262702.0	2976574207
JG0139d	X	101868485	N:CC[T>C]TG	1	295800.0	2976870007
JG0139d	X	101940286	N:TC[T>C]CA	1	71801.0	2976941808
JG0139d	X	102020730	N:GC[T>G]TT	-1	80444.0	2977022252
JG0139d	X	102189747	N:AC[T>C]AG	-1	169017.0	2977191269
JG0139d	X	102566717	N:AC[T>C]CC	1	376970.0	2977568239
JG0139d	X	102871602	N:AC[T>A]TG	-1	304885.0	2977873124
JG0139d	X	103554785	N:CC[T>A]CA	1	683183.0	2978556307
JG0139d	X	103819629	N:TC[T>G]TA	-1	264844.0	2978821151
JG0139d	X	105548373	T:AC[T>C]TC	-1	1728744.0	2980549895
JG0139d	X	106222671	N:GC[T>C]CT	-1	674298.0	2981224193
JG0139d	X	106810477	T:TC[T>C]GG	-1	587806.0	2981811999
JG0139d	X	108066391	U:GC[T>G]TT	1	1255914.0	2983067913
JG0139d	X	112152084	N:TC[T>C]TC	1	4085693.0	2987153606
JG0139d	X	113543201	N:GC[T>G]TC	1	1391117.0	2988544723
JG0139d	X	113598078	N:CT[T>A]CT	-1	54877.0	2988599600
JG0139d	X	114643080	T:AC[T>G]AA	-1	1045002.0	2989644602
JG0139d	X	116057226	N:AT[C>G]AA	-1	1414146.0	2991058748
JG0139d	X	116382489	N:AC[T>G]TT	1	325263.0	2991384011
JG0139d	X	116614103	N:AC[T>C]CC	-1	231614.0	2991615625
JG0139d	X	116953368	N:GC[T>C]CT	1	339265.0	2991954890
JG0139d	X	117092627	N:AC[T>G]TG	-1	139259.0	2992094149
JG0139d	X	117272352	N:TC[T>A]TA	-1	179725.0	2992273874
JG0139d	X	117313192	N:AC[T>C]CA	1	40840.0	2992314714
JG0139d	X	118470361	N:CA[T>G]TT	1	1157169.0	2993471883
JG0139d	X	118623011	U:AG[T>G]TC	1	152650.0	2993624533
JG0139d	X	118987537	U:CC[T>C]CC	1	364526.0	2993989059
JG0139d	X	119165423	N:GC[T>G]CA	1	177886.0	2994166945
JG0139d	X	119267573	N:CC[T>G]TG	1	102150.0	2994269095
JG0139d	X	119663477	T:TC[T>C]TT	1	395904.0	2994664999
JG0139d	X	119879583	N:TT[T>A]TT	1	216106.0	2994881105
JG0139d	X	120218775	N:TC[T>G]TT	-1	339192.0	2995220297
JG0139d	X	120251026	U:CC[T>G]TC	1	32251.0	2995252548
JG0139d	X	120360033	N:TC[T>G]GA	1	109007.0	2995361555
JG0139d	X	121317553	N:AC[T>A]TA	-1	957520.0	2996319075
JG0139d	X	121435292	N:TC[T>G]TA	1	117739.0	2996436814
JG0139d	X	121672897	N:CC[T>C]GC	-1	237605.0	2996674419
JG0139d	X	121693965	N:TC[T>A]TC	1	21068.0	2996695487
JG0139d	X	121838256	N:AC[T>C]CT	1	144291.0	2996839778
JG0139d	X	122163937	N:TC[T>G]TA	1	325681.0	2997165459
JG0139d	X	122236823	N:CC[T>C]TA	1	72886.0	2997238345
JG0139d	X	123509596	N:AT[T>C]TT	-1	1272773.0	2998511118
JG0139d	X	124066307	T:AC[T>G]TC	-1	556711.0	2999067829
JG0139d	X	124455822	T:AC[T>G]TA	1	389515.0	2999457344
JG0139d	X	124854449	U:TC[T>A]TC	-1	398627.0	2999855971
JG0139d	X	126087889	N:TC[T>G]TC	-1	1233440.0	3001089411
JG0139d	X	127021309	N:TT[T>G]TT	-1	933420.0	3002022831
JG0139d	X	127262887	N:AC[T>G]TA	-1	241578.0	3002264409
JG0139d	X	127562429	N:CA[T>G]TA	-1	299542.0	3002563951
JG0139d	X	127787062	N:GG[T>G]TA	1	224633.0	3002788584
JG0139d	X	128144018	N:CC[T>G]TT	-1	356956.0	3003145540
JG0139d	X	128152766	N:TC[T>C]TG	-1	8748.0	3003154288
JG0139d	X	128601809	N:AG[T>G]TT	-1	449043.0	3003603331
JG0139d	X	128822470	N:TT[C>G]CA	-1	220661.0	3003823992
JG0139d	X	129226565	N:CC[T>G]TC	-1	404095.0	3004228087
JG0139d	X	129232534	N:AA[T>C]TA	1	5969.0	3004234056
JG0139d	X	129252066	N:TG[T>C]GT	1	19532.0	3004253588
JG0139d	X	129311193	N:CC[T>C]GT	-1	59127.0	3004312715
JG0139d	X	130452578	N:CC[T>C]CT	-1	1141385.0	3005454100
JG0139d	X	130948517	N:GC[T>G]TT	-1	495939.0	3005950039
JG0139d	X	131273461	N:TC[T>C]AA	1	324944.0	3006274983
JG0139d	X	131297307	U:CC[T>C]CT	-1	23846.0	3006298829
JG0139d	X	131593438	N:AC[T>C]CT	-1	296131.0	3006594960
JG0139d	X	132007638	N:TC[C>A]TC	1	414200.0	3007009160
JG0139d	X	132237883	N:CC[T>C]CC	1	230245.0	3007239405
JG0139d	X	132358442	N:AC[T>G]CC	-1	120559.0	3007359964
JG0139d	X	132821773	T:GC[T>A]TG	1	463331.0	3007823295
JG0139d	X	132885801	T:GC[T>A]TA	1	64028.0	3007887323
JG0139d	X	132913115	U:TC[T>G]CA	-1	27314.0	3007914637
JG0139d	X	133106872	N:CC[T>C]CA	-1	193757.0	3008108394
JG0139d	X	133954624	U:AC[T>C]CA	-1	847752.0	3008956146
JG0139d	X	134148362	N:TC[T>C]TC	1	193738.0	3009149884
JG0139d	X	134157984	N:AC[T>G]TT	-1	9622.0	3009159506
JG0139d	X	134441436	N:CC[T>G]TT	-1	283452.0	3009442958
JG0139d	X	135707413	N:GC[T>C]TA	-1	1265977.0	3010708935
JG0139d	X	135712085	N:TT[T>G]TT	-1	4672.0	3010713607
JG0139d	X	135752945	N:GC[T>A]CC	1	40860.0	3010754467
JG0139d	X	136463094	N:CT[C>A]TG	1	710149.0	3011464616
JG0139d	X	136519045	N:AC[T>C]TT	-1	55951.0	3011520567
JG0139d	X	137263411	N:AC[T>A]CT	-1	744366.0	3012264933
JG0139d	X	137374123	N:TC[T>G]TC	-1	110712.0	3012375645
JG0139d	X	137674252	N:AC[T>C]TT	1	300129.0	3012675774
JG0139d	X	138061693	N:CC[T>C]TG	-1	387441.0	3013063215
JG0139d	X	138076439	N:CC[T>A]GC	-1	14746.0	3013077961
JG0139d	X	138548782	N:TC[T>C]TT	1	472343.0	3013550304
JG0139d	X	138905232	T:CC[T>G]TG	1	356450.0	3013906754
JG0139d	X	139263187	N:CC[T>C]GA	1	357955.0	3014264709
JG0139d	X	139443868	N:CC[T>C]CC	1	180681.0	3014445390
JG0139d	X	139616092	T:TC[T>C]TC	1	172224.0	3014617614
JG0139d	X	139778119	U:GC[T>G]TT	-1	162027.0	3014779641
JG0139d	X	140874435	N:TC[T>C]TT	-1	1096316.0	3015875957
JG0139d	X	141768804	N:CA[T>G]TT	1	894369.0	3016770326
JG0139d	X	141895507	T:TC[T>C]TC	-1	126703.0	3016897029
JG0139d	X	142107459	N:TA[T>C]TG	-1	211952.0	3017108981
JG0139d	X	142129103	N:AG[T>A]CA	-1	21644.0	3017130625
JG0139d	X	142375605	N:CC[T>C]CT	-1	246502.0	3017377127
JG0139d	X	142380616	N:CC[T>G]TC	-1	5011.0	3017382138
JG0139d	X	142619622	N:AC[T>A]GA	-1	239006.0	3017621144
JG0139d	X	143015429	N:TC[T>G]TC	-1	395807.0	3018016951
JG0139d	X	143134032	N:AC[T>C]TT	-1	118603.0	3018135554
JG0139d	X	143149175	N:TC[T>C]GC	-1	15143.0	3018150697
JG0139d	X	143361437	N:TC[T>C]GT	1	212262.0	3018362959
JG0139d	X	143650034	N:TA[T>A]CT	-1	288597.0	3018651556
JG0139d	X	143712246	T:CC[T>C]CC	1	62212.0	3018713768
JG0139d	X	144079882	N:TC[T>G]TA	-1	367636.0	3019081404
JG0139d	X	144176999	N:TC[T>A]TC	1	97117.0	3019178521
JG0139d	X	144383634	N:TC[T>G]TG	1	206635.0	3019385156
JG0139d	X	144829891	N:AT[C>A]TT	-1	446257.0	3019831413
JG0139d	X	145009582	N:TG[T>G]TC	-1	179691.0	3020011104
JG0139d	X	145305970	N:AC[T>C]TC	-1	296388.0	3020307492
JG0139d	X	145621835	N:TC[T>G]TG	1	315865.0	3020623357
JG0139d	X	145810788	N:CC[T>G]CT	-1	188953.0	3020812310
JG0139d	X	146137100	N:GG[T>C]CC	1	326312.0	3021138622
JG0139d	X	146898253	N:TC[T>G]AA	1	761153.0	3021899775
JG0139d	X	147092479	N:GC[T>C]CC	1	194226.0	3022094001
JG0139d	X	147166728	N:TC[T>G]TA	1	74249.0	3022168250
JG0139d	X	147530727	N:TC[T>C]CC	-1	363999.0	3022532249
JG0139d	X	147578969	N:TC[T>A]TG	-1	48242.0	3022580491
JG0139d	X	148110067	N:AC[T>G]TC	1	531098.0	3023111589
JG0139d	X	148570402	T:AC[T>G]TC	-1	460335.0	3023571924
JG0139d	X	148750637	T:GG[T>G]TG	-1	180235.0	3023752159
JG0139d	X	149018230	N:AG[C>A]AT	1	267593.0	3024019752
JG0139d	X	149479094	T:CA[C>G]TG	1	460864.0	3024480616
JG0139d	X	149824291	N:AC[T>C]TG	1	345197.0	3024825813
JG0139d	X	150074428	N:AC[T>C]GA	1	250137.0	3025075950
JG0139d	X	150909857	N:AC[T>G]TT	1	835429.0	3025911379
JG0139d	X	151697471	U:TA[T>G]TG	1	787614.0	3026698993
JG0139d	X	152025137	N:CC[T>G]TA	1	327666.0	3027026659
JG0139d	X	152551832	N:AC[T>G]TT	1	526695.0	3027553354
JG0139d	X	153830839	N:TC[T>G]CG	1	1279007.0	3028832361
JG0139d	X	154850226	T:GC[T>C]CA	1	1019387.0	3029851748
JG0139d	X	154923276	T:CC[T>C]CT	1	73050.0	3029924798
JG0139d	X	155057310	T:CA[T>G]CT	-1	134034.0	3030058832
JG0139d	X	155482317	N:GG[T>G]TG	1	425007.0	3030483839
JG0139d	X	155729484	N:TC[T>G]TA	-1	247167.0	3030731006
JG0139d	X	155757716	N:CC[T>G]CC	-1	28232.0	3030759238
