sample	chr	start	mutation	strand	dist_to_previous	start_cumulative
JG0139b	1	1084962	U:TG[C>G]CA	-1		1084962
JG0139b	1	1241012	N:GC[T>C]CC	-1	156050.0	1241012
JG0139b	1	1262186	T:TC[T>C]TC	1	21174.0	1262186
JG0139b	1	2209236	N:GC[T>C]GG	1	947050.0	2209236
JG0139b	1	3743914	N:TC[T>G]TT	1	1534678.0	3743914
JG0139b	1	4497829	N:CC[T>C]TC	1	753915.0	4497829
JG0139b	1	4805863	N:GC[T>A]TT	1	308034.0	4805863
JG0139b	1	4938818	N:GC[T>G]TC	1	132955.0	4938818
JG0139b	1	6195490	T:GC[T>G]TG	1	1256672.0	6195490
JG0139b	1	6344006	U:CC[T>C]TA	-1	148516.0	6344006
JG0139b	1	6533107	U:TC[T>G]GC	-1	189101.0	6533107
JG0139b	1	7423077	U:AG[T>G]TA	1	889970.0	7423077
JG0139b	1	8070477	N:CC[T>C]GA	-1	647400.0	8070477
JG0139b	1	8356425	U:TC[T>G]TG	-1	285948.0	8356425
JG0139b	1	8755837	U:TC[T>G]TG	-1	399412.0	8755837
JG0139b	1	9860748	T:TC[T>G]TC	1	1104911.0	9860748
JG0139b	1	9985585	N:CC[T>C]TG	1	124837.0	9985585
JG0139b	1	10316624	U:CC[T>C]CT	1	331039.0	10316624
JG0139b	1	11143780	T:AA[T>C]GG	1	827156.0	11143780
JG0139b	1	11877748	N:GC[T>C]TT	1	733968.0	11877748
JG0139b	1	11947461	U:AC[T>A]TG	1	69713.0	11947461
JG0139b	1	11955388	U:CC[T>G]CA	1	7927.0	11955388
JG0139b	1	13441611	N:AC[T>G]TT	1	1486223.0	13441611
JG0139b	1	13721498	U:AC[T>G]TA	1	279887.0	13721498
JG0139b	1	14108696	U:TC[T>A]TT	1	387198.0	14108696
JG0139b	1	15200242	U:AC[T>C]CC	1	1091546.0	15200242
JG0139b	1	16316933	U:TC[T>A]TT	-1	1116691.0	16316933
JG0139b	1	17090953	U:CC[T>C]CA	-1	774020.0	17090953
JG0139b	1	17325599	U:TC[T>C]TA	1	234646.0	17325599
JG0139b	1	17961612	N:CC[T>C]TG	1	636013.0	17961612
JG0139b	1	18565394	N:GC[T>C]CC	-1	603782.0	18565394
JG0139b	1	19815684	N:GC[T>C]TT	1	1250290.0	19815684
JG0139b	1	19878910	N:GC[T>C]CC	-1	63226.0	19878910
JG0139b	1	20543497	N:CC[T>C]GA	1	664587.0	20543497
JG0139b	1	20548836	N:TG[C>A]AC	1	5339.0	20548836
JG0139b	1	20592167	T:GG[T>G]TT	-1	43331.0	20592167
JG0139b	1	20629257	N:CC[T>G]CA	1	37090.0	20629257
JG0139b	1	20923045	U:AC[T>G]CT	-1	293788.0	20923045
JG0139b	1	21665942	T:CC[T>G]CT	1	742897.0	21665942
JG0139b	1	22149377	N:AA[T>G]TT	-1	483435.0	22149377
JG0139b	1	22746287	U:GC[T>A]TC	1	596910.0	22746287
JG0139b	1	22748600	U:TC[T>C]CG	1	2313.0	22748600
JG0139b	1	24021170	N:AC[T>G]CC	-1	1272570.0	24021170
JG0139b	1	24629996	N:AT[T>G]GT	1	608826.0	24629996
JG0139b	1	24686127	N:CC[T>C]CC	1	56131.0	24686127
JG0139b	1	24827274	T:AG[T>C]TT	-1	141147.0	24827274
JG0139b	1	25079191	N:TC[T>G]TA	-1	251917.0	25079191
JG0139b	1	25404448	U:CC[T>G]TC	-1	325257.0	25404448
JG0139b	1	25515052	N:AC[T>C]TG	-1	110604.0	25515052
JG0139b	1	25801169	T:TC[T>C]CC	-1	286117.0	25801169
JG0139b	1	26471671	N:TC[T>C]CC	1	670502.0	26471671
JG0139b	1	26690200	N:CC[T>C]CC	-1	218529.0	26690200
JG0139b	1	26796803	T:CC[T>G]CT	-1	106603.0	26796803
JG0139b	1	27861123	N:TC[T>A]GT	1	1064320.0	27861123
JG0139b	1	28021313	T:AC[T>G]TC	1	160190.0	28021313
JG0139b	1	28193220	U:AC[T>A]CC	-1	171907.0	28193220
JG0139b	1	28557110	T:GG[T>G]TG	-1	363890.0	28557110
JG0139b	1	29116668	U:AC[T>G]TG	1	559558.0	29116668
JG0139b	1	29189998	N:AG[C>T]GT	-1	73330.0	29189998
JG0139b	1	29520149	N:CC[T>G]TC	1	330151.0	29520149
JG0139b	1	29861015	N:GC[T>C]CT	1	340866.0	29861015
JG0139b	1	30024224	N:AC[T>G]TT	-1	163209.0	30024224
JG0139b	1	31070690	N:GG[T>G]TT	1	1046466.0	31070690
JG0139b	1	31381562	N:GC[T>G]TA	1	310872.0	31381562
JG0139b	1	31865104	N:AC[T>C]TA	-1	483542.0	31865104
JG0139b	1	32081853	U:AC[T>C]GC	1	216749.0	32081853
JG0139b	1	32709220	N:TT[T>G]TG	-1	627367.0	32709220
JG0139b	1	32841909	T:TC[T>C]TG	-1	132689.0	32841909
JG0139b	1	33192786	N:CC[T>G]CT	1	350877.0	33192786
JG0139b	1	33418290	N:TC[T>A]TT	1	225504.0	33418290
JG0139b	1	34113695	U:AG[T>G]CA	-1	695405.0	34113695
JG0139b	1	34582595	N:CC[T>G]TA	-1	468900.0	34582595
JG0139b	1	34857657	U:CC[T>G]TG	-1	275062.0	34857657
JG0139b	1	35091917	T:TC[T>G]TT	-1	234260.0	35091917
JG0139b	1	35376771	U:GC[C>A]CA	1	284854.0	35376771
JG0139b	1	35561651	U:AC[T>C]CC	1	184880.0	35561651
JG0139b	1	35799081	N:AC[T>C]TT	-1	237430.0	35799081
JG0139b	1	35865018	N:AC[T>A]CA	-1	65937.0	35865018
JG0139b	1	36008992	U:CC[T>G]TC	1	143974.0	36008992
JG0139b	1	36896062	T:AC[T>G]TT	1	887070.0	36896062
JG0139b	1	37239279	N:CC[T>G]TT	1	343217.0	37239279
JG0139b	1	37265368	N:CC[T>G]TC	1	26089.0	37265368
JG0139b	1	37614830	T:TC[T>G]CC	1	349462.0	37614830
JG0139b	1	37745350	U:CC[T>C]AG	-1	130520.0	37745350
JG0139b	1	37942627	U:GC[T>C]TG	-1	197277.0	37942627
JG0139b	1	38426360	N:CC[T>A]TC	1	483733.0	38426360
JG0139b	1	39044713	N:GC[T>G]TT	1	618353.0	39044713
JG0139b	1	39157693	U:AC[T>C]TA	1	112980.0	39157693
JG0139b	1	39430515	T:GC[T>C]TG	-1	272822.0	39430515
JG0139b	1	39442190	T:GC[T>C]TC	-1	11675.0	39442190
JG0139b	1	39590025	N:TC[T>G]TG	-1	147835.0	39590025
JG0139b	1	39604316	N:TC[T>G]TA	1	14291.0	39604316
JG0139b	1	39612075	N:GC[T>A]CT	-1	7759.0	39612075
JG0139b	1	40712705	T:GG[C>T]AA	-1	1100630.0	40712705
JG0139b	1	41251595	N:AC[T>C]GG	1	538890.0	41251595
JG0139b	1	41321088	N:GC[T>C]CT	1	69493.0	41321088
JG0139b	1	41502054	N:CC[T>A]CT	-1	180966.0	41502054
JG0139b	1	42542375	U:CC[T>G]TT	1	1040321.0	42542375
JG0139b	1	43466434	N:CC[T>A]CT	-1	924059.0	43466434
JG0139b	1	43797873	U:AC[T>C]GA	1	331439.0	43797873
JG0139b	1	44205754	N:TC[T>C]GT	-1	407881.0	44205754
JG0139b	1	45201969	T:AC[T>G]TA	1	996215.0	45201969
JG0139b	1	45226394	N:TG[T>C]TT	1	24425.0	45226394
JG0139b	1	45471935	U:GC[T>C]CA	-1	245541.0	45471935
JG0139b	1	45493101	N:GC[T>G]TA	1	21166.0	45493101
JG0139b	1	45954759	T:GC[T>C]GC	-1	461658.0	45954759
JG0139b	1	46299988	U:GC[T>G]TA	-1	345229.0	46299988
JG0139b	1	47429294	N:TC[T>A]CT	-1	1129306.0	47429294
JG0139b	1	48367513	U:AG[T>A]TA	-1	938219.0	48367513
JG0139b	1	48515736	N:CC[T>G]TT	-1	148223.0	48515736
JG0139b	1	48597744	U:TC[T>C]CC	-1	82008.0	48597744
JG0139b	1	48727919	T:TC[T>G]TC	1	130175.0	48727919
JG0139b	1	49066593	T:AC[T>G]TG	1	338674.0	49066593
JG0139b	1	49176570	U:AC[T>C]TC	-1	109977.0	49176570
JG0139b	1	49442828	T:GT[T>A]TT	1	266258.0	49442828
JG0139b	1	50071150	T:TC[T>G]TC	-1	628322.0	50071150
JG0139b	1	50353103	N:TC[T>C]TT	1	281953.0	50353103
JG0139b	1	50681509	T:TC[T>G]TT	1	328406.0	50681509
JG0139b	1	51672948	T:AC[T>C]TT	-1	991439.0	51672948
JG0139b	1	53024321	U:AG[T>C]TA	1	1351373.0	53024321
JG0139b	1	53271187	U:CC[T>C]CC	-1	246866.0	53271187
JG0139b	1	53462519	U:GC[T>G]TA	1	191332.0	53462519
JG0139b	1	53591881	T:AC[T>C]TG	1	129362.0	53591881
JG0139b	1	53976101	N:TC[T>C]TG	1	384220.0	53976101
JG0139b	1	54665919	T:AG[T>A]CC	-1	689818.0	54665919
JG0139b	1	55573361	N:AG[C>A]AG	1	907442.0	55573361
JG0139b	1	55898435	N:TG[T>G]TA	-1	325074.0	55898435
JG0139b	1	56354205	N:TC[T>G]TC	-1	455770.0	56354205
JG0139b	1	56580387	N:CC[T>G]TA	1	226182.0	56580387
JG0139b	1	57165849	U:AC[T>G]TC	-1	585462.0	57165849
JG0139b	1	57250029	U:AC[T>C]TT	-1	84180.0	57250029
JG0139b	1	57538001	N:AC[T>C]CA	1	287972.0	57538001
JG0139b	1	57922141	N:TG[T>A]CA	-1	384140.0	57922141
JG0139b	1	58843239	N:CC[T>G]TG	1	921098.0	58843239
JG0139b	1	58890752	N:AC[T>C]TT	-1	47513.0	58890752
JG0139b	1	58980134	N:TC[T>G]CC	1	89382.0	58980134
JG0139b	1	59072205	N:AC[T>C]TA	-1	92071.0	59072205
JG0139b	1	59130394	N:GC[T>C]TT	-1	58189.0	59130394
JG0139b	1	59313935	U:CC[T>G]GT	1	183541.0	59313935
JG0139b	1	59332405	T:GG[T>C]GA	-1	18470.0	59332405
JG0139b	1	59729077	U:TC[T>G]TT	1	396672.0	59729077
JG0139b	1	59741510	U:CC[T>C]CT	1	12433.0	59741510
JG0139b	1	60492592	N:CC[T>G]TG	-1	751082.0	60492592
JG0139b	1	60500002	N:TA[T>C]TT	-1	7410.0	60500002
JG0139b	1	61066774	U:AG[C>A]TA	1	566772.0	61066774
JG0139b	1	61180847	U:GC[T>A]CA	1	114073.0	61180847
JG0139b	1	61476594	N:TC[T>G]CC	1	295747.0	61476594
JG0139b	1	61607443	N:AC[T>A]TC	-1	130849.0	61607443
JG0139b	1	61822180	U:AC[T>C]CT	1	214737.0	61822180
JG0139b	1	62011279	T:AC[T>C]TA	-1	189099.0	62011279
JG0139b	1	62370938	N:AC[T>A]CT	1	359659.0	62370938
JG0139b	1	62727596	N:TC[T>G]TC	1	356658.0	62727596
JG0139b	1	62731918	N:GC[T>G]CC	1	4322.0	62731918
JG0139b	1	63801377	U:AC[T>C]TC	1	1069459.0	63801377
JG0139b	1	63863364	T:TG[T>G]TT	-1	61987.0	63863364
JG0139b	1	63986163	T:TC[T>G]CT	-1	122799.0	63986163
JG0139b	1	64271027	N:CC[T>C]CC	-1	284864.0	64271027
JG0139b	1	64328763	N:TC[T>C]TG	-1	57736.0	64328763
JG0139b	1	65340710	T:AC[T>G]TT	-1	1011947.0	65340710
JG0139b	1	65739526	N:TC[T>A]CC	1	398816.0	65739526
JG0139b	1	65974462	U:GC[T>G]TG	1	234936.0	65974462
JG0139b	1	66090223	U:CC[T>C]TC	1	115761.0	66090223
JG0139b	1	66240344	T:AC[T>G]TA	-1	150121.0	66240344
JG0139b	1	67118453	T:CC[T>G]CA	1	878109.0	67118453
JG0139b	1	67942795	N:AC[T>C]GA	-1	824342.0	67942795
JG0139b	1	68248054	N:CC[T>C]TA	-1	305259.0	68248054
JG0139b	1	68418029	N:GC[T>G]TT	1	169975.0	68418029
JG0139b	1	68451772	N:CA[C>A]AG	-1	33743.0	68451772
JG0139b	1	68845295	N:TC[T>G]AC	1	393523.0	68845295
JG0139b	1	69005475	N:GC[T>G]TC	-1	160180.0	69005475
JG0139b	1	69069637	N:TC[T>A]CT	1	64162.0	69069637
JG0139b	1	69168364	N:AC[T>A]TT	-1	98727.0	69168364
JG0139b	1	69634042	U:AC[T>C]TA	1	465678.0	69634042
JG0139b	1	70486382	N:CC[T>C]CT	-1	852340.0	70486382
JG0139b	1	70611360	N:TC[T>G]TA	-1	124978.0	70611360
JG0139b	1	70845489	N:AG[C>A]AT	1	234129.0	70845489
JG0139b	1	71540871	T:TC[T>C]TT	1	695382.0	71540871
JG0139b	1	71565131	U:TG[T>G]TT	-1	24260.0	71565131
JG0139b	1	72842071	N:TC[T>G]TC	1	1276940.0	72842071
JG0139b	1	73216351	N:GC[T>C]TT	-1	374280.0	73216351
JG0139b	1	74148838	U:TC[T>C]CA	-1	932487.0	74148838
JG0139b	1	74339922	U:TC[T>G]TT	1	191084.0	74339922
JG0139b	1	74438989	U:AT[T>G]TA	1	99067.0	74438989
JG0139b	1	74647828	T:TC[T>C]TT	1	208839.0	74647828
JG0139b	1	74874777	N:TC[T>C]TG	1	226949.0	74874777
JG0139b	1	75768878	N:TC[T>A]TT	1	894101.0	75768878
JG0139b	1	76574966	U:TC[T>C]TC	1	806088.0	76574966
JG0139b	1	76792928	N:GC[T>C]TT	1	217962.0	76792928
JG0139b	1	76930814	U:AC[T>C]TT	1	137886.0	76930814
JG0139b	1	77807709	U:TT[C>A]CA	1	876895.0	77807709
JG0139b	1	78202940	N:AA[T>G]TA	-1	395231.0	78202940
JG0139b	1	78925694	U:CC[T>C]TT	-1	722754.0	78925694
JG0139b	1	79267241	N:TC[T>C]TA	1	341547.0	79267241
JG0139b	1	80062860	N:AC[T>G]TC	1	795619.0	80062860
JG0139b	1	80471600	N:TG[T>G]TG	-1	408740.0	80471600
JG0139b	1	80918466	N:GC[T>C]TC	-1	446866.0	80918466
JG0139b	1	81301790	N:CT[T>G]TG	-1	383324.0	81301790
JG0139b	1	82735135	N:CC[T>G]TA	-1	1433345.0	82735135
JG0139b	1	83024077	N:AG[T>G]TA	-1	288942.0	83024077
JG0139b	1	83147935	N:AC[T>G]TT	1	123858.0	83147935
JG0139b	1	83309186	N:TC[T>C]CT	-1	161251.0	83309186
JG0139b	1	84038816	N:TA[C>A]CT	-1	729630.0	84038816
JG0139b	1	84040819	N:TG[C>A]CA	-1	2003.0	84040819
JG0139b	1	84359527	T:GG[T>G]CC	-1	318708.0	84359527
JG0139b	1	84602518	N:AC[T>C]TT	-1	242991.0	84602518
JG0139b	1	84610959	N:AC[T>C]TG	-1	8441.0	84610959
JG0139b	1	84986034	T:AC[T>A]TC	1	375075.0	84986034
JG0139b	1	85140599	N:TC[T>C]CG	-1	154565.0	85140599
JG0139b	1	85394068	U:TA[T>G]TA	-1	253469.0	85394068
JG0139b	1	85671408	T:GC[T>A]TG	1	277340.0	85671408
JG0139b	1	85742601	T:TG[T>C]CT	1	71193.0	85742601
JG0139b	1	86138601	T:AC[T>C]TG	1	396000.0	86138601
JG0139b	1	86897620	T:GC[T>C]TT	1	759019.0	86897620
JG0139b	1	87199614	N:TC[T>C]CC	-1	301994.0	87199614
JG0139b	1	87399739	N:TC[T>G]TG	-1	200125.0	87399739
JG0139b	1	87449032	N:CC[T>C]CA	-1	49293.0	87449032
JG0139b	1	87476792	N:GC[T>C]CA	1	27760.0	87476792
JG0139b	1	88109441	N:AC[T>C]TC	-1	632649.0	88109441
JG0139b	1	88152959	N:TC[T>A]TA	1	43518.0	88152959
JG0139b	1	90538293	N:TC[T>G]TC	1	2385334.0	90538293
JG0139b	1	91190450	N:TC[T>G]GG	-1	652157.0	91190450
JG0139b	1	91665778	N:AC[T>A]CC	1	475328.0	91665778
JG0139b	1	92473557	N:TC[T>C]CA	-1	807779.0	92473557
JG0139b	1	93559266	N:TC[T>C]TG	1	1085709.0	93559266
JG0139b	1	94229357	U:GC[T>C]TA	-1	670091.0	94229357
JG0139b	1	94354943	N:TC[T>C]CA	1	125586.0	94354943
JG0139b	1	94404353	N:CC[T>C]CA	-1	49410.0	94404353
JG0139b	1	94704855	N:GC[T>C]CG	-1	300502.0	94704855
JG0139b	1	95034579	U:CC[T>C]CA	-1	329724.0	95034579
JG0139b	1	95399177	N:CT[T>C]TC	-1	364598.0	95399177
JG0139b	1	95400044	N:CC[T>C]GT	-1	867.0	95400044
JG0139b	1	95556330	N:TG[T>C]TT	1	156286.0	95556330
JG0139b	1	97051902	N:CC[T>A]CC	-1	1495572.0	97051902
JG0139b	1	97283341	T:GG[T>G]TC	1	231439.0	97283341
JG0139b	1	99206501	N:AC[T>G]TA	1	1923160.0	99206501
JG0139b	1	99250309	N:TC[T>C]TA	-1	43808.0	99250309
JG0139b	1	99604812	N:TC[T>C]TT	-1	354503.0	99604812
JG0139b	1	99766442	T:GC[T>C]CA	1	161630.0	99766442
JG0139b	1	100179772	N:AG[T>C]TT	1	413330.0	100179772
JG0139b	1	100821478	N:AC[T>G]TT	-1	641706.0	100821478
JG0139b	1	101246218	N:TC[T>G]TT	1	424740.0	101246218
JG0139b	1	101437647	N:AC[T>A]TT	1	191429.0	101437647
JG0139b	1	101910954	U:TC[T>C]CT	-1	473307.0	101910954
JG0139b	1	101927304	U:AG[T>C]TC	-1	16350.0	101927304
JG0139b	1	102156582	N:GC[T>A]TT	-1	229278.0	102156582
JG0139b	1	102309189	N:AC[T>C]TC	1	152607.0	102309189
JG0139b	1	102640233	N:TG[T>A]GT	1	331044.0	102640233
JG0139b	1	102972385	T:TC[T>G]TA	1	332152.0	102972385
JG0139b	1	103015659	U:TC[T>C]TT	-1	43274.0	103015659
JG0139b	1	103319849	N:TG[T>G]TG	1	304190.0	103319849
JG0139b	1	103323732	N:AA[T>G]TA	-1	3883.0	103323732
JG0139b	1	103876885	N:CC[T>C]CC	1	553153.0	103876885
JG0139b	1	104115561	N:TC[T>C]CT	-1	238676.0	104115561
JG0139b	1	104309163	N:CC[T>A]CC	-1	193602.0	104309163
JG0139b	1	104749648	N:TC[T>C]TG	-1	440485.0	104749648
JG0139b	1	105781605	N:TC[T>G]TC	1	1031957.0	105781605
JG0139b	1	106289776	N:CC[T>A]CA	-1	508171.0	106289776
JG0139b	1	106372467	N:CT[C>T]CT	1	82691.0	106372467
JG0139b	1	106743960	N:AC[T>A]TA	1	371493.0	106743960
JG0139b	1	106945532	N:CC[T>G]CC	1	201572.0	106945532
JG0139b	1	106975540	N:GC[T>G]TC	1	30008.0	106975540
JG0139b	1	108544944	N:CT[T>A]TT	-1	1569404.0	108544944
JG0139b	1	110033735	T:AC[T>C]CA	-1	1488791.0	110033735
JG0139b	1	110153038	T:TC[T>G]TA	-1	119303.0	110153038
JG0139b	1	110801813	N:GC[T>A]TA	1	648775.0	110801813
JG0139b	1	110987751	N:TC[T>G]TC	-1	185938.0	110987751
JG0139b	1	111135891	T:CC[T>G]TT	1	148140.0	111135891
JG0139b	1	111401572	N:AC[T>A]AA	-1	265681.0	111401572
JG0139b	1	111749033	U:CC[T>A]CC	-1	347461.0	111749033
JG0139b	1	111865290	T:CC[T>G]TC	1	116257.0	111865290
JG0139b	1	112094904	N:GC[T>A]GG	-1	229614.0	112094904
JG0139b	1	112429331	T:AC[T>C]CT	-1	334427.0	112429331
JG0139b	1	112784319	N:TG[T>G]GG	1	354988.0	112784319
JG0139b	1	114045526	N:TC[T>G]TT	-1	1261207.0	114045526
JG0139b	1	114056075	N:AG[T>A]TT	-1	10549.0	114056075
JG0139b	1	114059064	N:TC[T>G]CT	1	2989.0	114059064
JG0139b	1	114176296	N:CC[T>A]TT	-1	117232.0	114176296
JG0139b	1	114182042	N:CC[T>C]TA	-1	5746.0	114182042
JG0139b	1	114384493	N:AC[T>C]TG	-1	202451.0	114384493
JG0139b	1	114490083	T:TC[T>G]CA	1	105590.0	114490083
JG0139b	1	114791817	N:CC[T>A]CA	-1	301734.0	114791817
JG0139b	1	115281255	N:AC[T>C]TC	-1	489438.0	115281255
JG0139b	1	115342709	N:CC[T>A]TG	1	61454.0	115342709
JG0139b	1	116030889	U:TT[T>A]TT	1	688180.0	116030889
JG0139b	1	116136409	N:AG[T>G]TG	-1	105520.0	116136409
JG0139b	1	116477154	N:AC[T>C]TT	1	340745.0	116477154
JG0139b	1	116766705	T:AG[T>G]TT	-1	289551.0	116766705
JG0139b	1	116850099	N:GC[T>C]CT	1	83394.0	116850099
JG0139b	1	116903914	N:AG[T>C]AC	-1	53815.0	116903914
JG0139b	1	116952532	T:TC[T>G]TG	-1	48618.0	116952532
JG0139b	1	117199252	T:CC[T>C]TT	1	246720.0	117199252
JG0139b	1	117228273	N:TC[T>C]TC	1	29021.0	117228273
JG0139b	1	118207829	N:TC[T>G]TA	-1	979556.0	118207829
JG0139b	1	119454634	N:TC[T>C]AC	-1	1246805.0	119454634
JG0139b	1	120056642	U:AC[T>C]GT	-1	602008.0	120056642
JG0139b	1	121034413	N:CC[T>C]CT	-1	977771.0	121034413
JG0139b	1	121528459	N:CC[T>G]TA	1	494046.0	121528459
JG0139b	1	122588740	N:CG[T>G]TT	-1	1060281.0	122588740
JG0139b	1	122772264	N:AC[T>C]CT	1	183524.0	122772264
JG0139b	1	123495423	N:GC[T>C]TT	1	723159.0	123495423
JG0139b	1	123579863	N:AC[T>C]TG	-1	84440.0	123579863
JG0139b	1	124138953	N:CC[T>C]TC	1	559090.0	124138953
JG0139b	1	124844348	N:AG[T>C]GA	-1	705395.0	124844348
JG0139b	1	125059821	N:TG[T>A]GC	1	215473.0	125059821
JG0139b	1	143508107	N:TT[T>G]AT	1	18448286.0	143508107
JG0139b	1	143875371	N:TC[T>A]CC	1	367264.0	143875371
JG0139b	1	144699521	N:TC[T>A]CA	1	824150.0	144699521
JG0139b	1	145000313	T:CC[T>C]CC	1	300792.0	145000313
JG0139b	1	146041293	N:CC[T>A]TT	1	1040980.0	146041293
JG0139b	1	146811919	N:CC[T>G]TC	-1	770626.0	146811919
JG0139b	1	148814333	U:TC[T>C]TC	1	2002414.0	148814333
JG0139b	1	149173326	N:AC[T>A]TC	-1	358993.0	149173326
JG0139b	1	149236827	N:TC[T>G]TA	1	63501.0	149236827
JG0139b	1	149316889	N:GC[T>A]TG	-1	80062.0	149316889
JG0139b	1	149364277	N:GC[T>C]TG	-1	47388.0	149364277
JG0139b	1	150248297	N:CC[T>C]CG	1	884020.0	150248297
JG0139b	1	150720079	T:TA[C>T]AA	1	471782.0	150720079
JG0139b	1	150788655	N:CC[T>C]TT	-1	68576.0	150788655
JG0139b	1	151891740	U:TC[T>G]TA	-1	1103085.0	151891740
JG0139b	1	152290909	N:TC[T>G]TC	1	399169.0	152290909
JG0139b	1	153166742	N:TC[T>C]TT	-1	875833.0	153166742
JG0139b	1	153221847	N:GC[T>A]CA	1	55105.0	153221847
JG0139b	1	153525289	N:TC[T>C]TC	-1	303442.0	153525289
JG0139b	1	153553235	N:CC[T>C]TG	1	27946.0	153553235
JG0139b	1	153637115	U:AC[T>G]TT	1	83880.0	153637115
JG0139b	1	153750193	T:TG[T>A]TT	-1	113078.0	153750193
JG0139b	1	153794436	T:GC[T>G]TT	1	44243.0	153794436
JG0139b	1	153821828	U:AC[T>A]TT	-1	27392.0	153821828
JG0139b	1	154291386	N:CC[T>C]TG	-1	469558.0	154291386
JG0139b	1	154295762	N:TC[T>G]TG	-1	4376.0	154295762
JG0139b	1	155633362	N:GC[T>C]CC	-1	1337600.0	155633362
JG0139b	1	155673325	T:AC[T>C]TT	1	39963.0	155673325
JG0139b	1	156631165	N:AG[T>G]TC	-1	957840.0	156631165
JG0139b	1	156890082	N:TG[T>G]TT	-1	258917.0	156890082
JG0139b	1	158224805	N:AC[T>G]TC	1	1334723.0	158224805
JG0139b	1	158455092	N:TC[T>G]TT	-1	230287.0	158455092
JG0139b	1	159592540	N:TC[T>G]TA	-1	1137448.0	159592540
JG0139b	1	159637811	N:TG[T>G]TA	1	45271.0	159637811
JG0139b	1	159729981	N:TC[T>G]TC	-1	92170.0	159729981
JG0139b	1	159955076	N:TC[T>C]CA	1	225095.0	159955076
JG0139b	1	160971831	N:AC[T>A]TG	-1	1016755.0	160971831
JG0139b	1	161045751	T:GC[T>A]TC	1	73920.0	161045751
JG0139b	1	161402889	N:TC[T>A]CA	-1	357138.0	161402889
JG0139b	1	161481046	N:CC[T>A]CT	1	78157.0	161481046
JG0139b	1	161544358	U:TC[T>G]TA	-1	63312.0	161544358
JG0139b	1	161550893	N:AC[T>C]CC	-1	6535.0	161550893
JG0139b	1	161746493	N:TC[T>G]TT	1	195600.0	161746493
JG0139b	1	161749689	N:GG[T>C]CC	1	3196.0	161749689
JG0139b	1	162894722	N:TG[T>C]GG	-1	1145033.0	162894722
JG0139b	1	163235402	U:CC[T>C]TT	-1	340680.0	163235402
JG0139b	1	163291024	B:AA[T>G]TA	1	55622.0	163291024
JG0139b	1	163388628	N:TC[T>G]TG	1	97604.0	163388628
JG0139b	1	163786426	N:GA[T>G]TA	-1	397798.0	163786426
JG0139b	1	164342406	N:AC[T>C]TG	-1	555980.0	164342406
JG0139b	1	164495961	N:AC[T>C]TC	-1	153555.0	164495961
JG0139b	1	164955030	N:GC[T>C]TT	-1	459069.0	164955030
JG0139b	1	165767009	U:CC[T>A]TA	-1	811979.0	165767009
JG0139b	1	166172741	N:CC[T>C]TG	-1	405732.0	166172741
JG0139b	1	166729573	N:TG[T>G]TG	-1	556832.0	166729573
JG0139b	1	167816880	U:TC[T>G]TC	-1	1087307.0	167816880
JG0139b	1	167947454	U:CG[T>G]TC	1	130574.0	167947454
JG0139b	1	168334026	N:AC[T>A]CA	1	386572.0	168334026
JG0139b	1	169045511	N:AG[T>G]TA	1	711485.0	169045511
JG0139b	1	169315361	T:GG[T>G]TC	1	269850.0	169315361
JG0139b	1	169888999	U:AG[T>G]TA	-1	573638.0	169888999
JG0139b	1	170519915	N:AC[T>G]GA	-1	630916.0	170519915
JG0139b	1	170750340	N:TC[T>G]TT	1	230425.0	170750340
JG0139b	1	170893576	N:TC[T>A]CA	-1	143236.0	170893576
JG0139b	1	171313435	N:AC[T>G]TT	1	419859.0	171313435
JG0139b	1	171855642	U:GC[T>G]TT	1	542207.0	171855642
JG0139b	1	172112515	U:TC[T>A]TT	1	256873.0	172112515
JG0139b	1	172285279	T:GC[T>C]AT	-1	172764.0	172285279
JG0139b	1	172308507	T:AG[T>G]TA	-1	23228.0	172308507
JG0139b	1	172499035	N:GC[T>C]TC	1	190528.0	172499035
JG0139b	1	172605482	U:GC[T>A]TA	1	106447.0	172605482
JG0139b	1	172921417	N:TC[T>C]TA	1	315935.0	172921417
JG0139b	1	172982811	N:TC[T>A]TC	-1	61394.0	172982811
JG0139b	1	173103228	N:AG[T>G]TC	1	120417.0	173103228
JG0139b	1	173690454	N:TC[T>C]TC	1	587226.0	173690454
JG0139b	1	173840539	U:TC[T>G]TA	1	150085.0	173840539
JG0139b	1	174133564	N:CC[T>C]CT	-1	293025.0	174133564
JG0139b	1	174304733	T:TC[T>C]TT	-1	171169.0	174304733
JG0139b	1	174659537	U:TC[T>A]CT	1	354804.0	174659537
JG0139b	1	174925244	T:CC[T>G]CC	-1	265707.0	174925244
JG0139b	1	174974805	U:AT[C>A]TG	1	49561.0	174974805
JG0139b	1	175130967	T:GC[T>C]TT	-1	156162.0	175130967
JG0139b	1	176504936	T:TC[T>C]CA	-1	1373969.0	176504936
JG0139b	1	177481392	N:GC[T>C]TT	-1	976456.0	177481392
JG0139b	1	177671068	N:CC[T>A]GG	1	189676.0	177671068
JG0139b	1	178413878	U:CC[T>G]TT	1	742810.0	178413878
JG0139b	1	178779834	T:GC[T>G]TG	-1	365956.0	178779834
JG0139b	1	179235506	N:AC[T>C]TC	1	455672.0	179235506
JG0139b	1	179279558	N:GC[T>G]TC	1	44052.0	179279558
JG0139b	1	180223935	N:CC[T>C]TA	-1	944377.0	180223935
JG0139b	1	180690808	U:AC[T>G]TG	1	466873.0	180690808
JG0139b	1	180777188	U:TC[T>C]TT	1	86380.0	180777188
JG0139b	1	181990930	N:AG[T>C]TA	-1	1213742.0	181990930
JG0139b	1	182450559	T:AC[T>A]TC	-1	459629.0	182450559
JG0139b	1	182866479	T:AC[T>C]CG	-1	415920.0	182866479
JG0139b	1	182981831	N:GC[T>C]TG	1	115352.0	182981831
JG0139b	1	183464350	N:CC[T>C]TC	-1	482519.0	183464350
JG0139b	1	183609271	N:GC[T>C]TC	1	144921.0	183609271
JG0139b	1	183662336	U:CC[T>G]TA	1	53065.0	183662336
JG0139b	1	184459822	U:GC[T>A]TT	1	797486.0	184459822
JG0139b	1	185277481	T:AC[T>C]CC	-1	817659.0	185277481
JG0139b	1	185409967	N:TC[T>G]TT	1	132486.0	185409967
JG0139b	1	186271920	N:TG[T>A]TT	1	861953.0	186271920
JG0139b	1	186552129	N:CC[T>G]TG	1	280209.0	186552129
JG0139b	1	186780716	N:AG[T>G]TC	1	228587.0	186780716
JG0139b	1	187672144	N:AC[T>G]TG	-1	891428.0	187672144
JG0139b	1	188027590	N:CC[T>G]CA	-1	355446.0	188027590
JG0139b	1	189185220	N:TG[T>C]CT	1	1157630.0	189185220
JG0139b	1	189551175	N:TC[T>C]GG	-1	365955.0	189551175
JG0139b	1	190200903	T:TC[T>G]TT	1	649728.0	190200903
JG0139b	1	190245589	U:AC[T>C]TC	-1	44686.0	190245589
JG0139b	1	190691527	N:CC[T>C]TT	1	445938.0	190691527
JG0139b	1	191071294	N:TC[T>C]TG	-1	379767.0	191071294
JG0139b	1	191199803	N:AC[T>C]CT	-1	128509.0	191199803
JG0139b	1	191618367	N:AC[T>C]CA	-1	418564.0	191618367
JG0139b	1	191914600	N:TG[T>C]TT	-1	296233.0	191914600
JG0139b	1	192815253	N:TG[T>G]TT	1	900653.0	192815253
JG0139b	1	193151287	U:AC[T>C]TC	1	336034.0	193151287
JG0139b	1	193186170	B:TG[T>A]CC	1	34883.0	193186170
JG0139b	1	194520520	N:CG[C>G]CT	-1	1334350.0	194520520
JG0139b	1	196853447	N:CC[T>G]TT	1	2332927.0	196853447
JG0139b	1	197447852	U:TC[T>C]CA	1	594405.0	197447852
JG0139b	1	197882521	N:AC[T>C]TT	1	434669.0	197882521
JG0139b	1	197977127	N:TC[T>C]TA	1	94606.0	197977127
JG0139b	1	198040884	N:TG[C>A]CT	1	63757.0	198040884
JG0139b	1	198318946	U:AC[T>C]TT	1	278062.0	198318946
JG0139b	1	199086823	N:TC[T>C]TA	-1	767877.0	199086823
JG0139b	1	199247675	N:TC[T>C]CT	-1	160852.0	199247675
JG0139b	1	199252819	N:AG[T>C]TG	-1	5144.0	199252819
JG0139b	1	200771194	T:AG[T>C]CA	-1	1518375.0	200771194
JG0139b	1	200801096	U:TC[T>C]CT	1	29902.0	200801096
JG0139b	1	200801812	U:TC[T>A]TA	1	716.0	200801812
JG0139b	1	202241198	T:AC[T>G]TC	-1	1439386.0	202241198
JG0139b	1	202340798	U:TC[T>G]TG	-1	99600.0	202340798
JG0139b	1	203015431	T:AC[T>C]TA	-1	674633.0	203015431
JG0139b	1	203085196	T:CC[T>C]CA	1	69765.0	203085196
JG0139b	1	203303075	N:CC[T>G]TG	1	217879.0	203303075
JG0139b	1	203474308	N:TC[T>G]TC	1	171233.0	203474308
JG0139b	1	203545259	N:TC[T>C]CG	1	70951.0	203545259
JG0139b	1	203881184	N:CC[T>A]CA	1	335925.0	203881184
JG0139b	1	204452969	T:CC[T>A]TT	1	571785.0	204452969
JG0139b	1	204537655	U:TC[T>C]GT	1	84686.0	204537655
JG0139b	1	204590474	N:CC[T>C]TC	-1	52819.0	204590474
JG0139b	1	204905661	T:AG[T>C]CA	-1	315187.0	204905661
JG0139b	1	205456985	N:GC[T>G]CC	-1	551324.0	205456985
JG0139b	1	205493350	N:CC[T>C]TG	-1	36365.0	205493350
JG0139b	1	206576756	T:TG[T>G]TT	-1	1083406.0	206576756
JG0139b	1	207003107	N:TG[C>G]AT	1	426351.0	207003107
JG0139b	1	208117796	U:TC[T>C]TT	-1	1114689.0	208117796
JG0139b	1	208657174	N:TC[T>A]CT	1	539378.0	208657174
JG0139b	1	208658177	N:TC[T>C]TC	1	1003.0	208658177
JG0139b	1	209343327	N:GC[T>C]CA	-1	685150.0	209343327
JG0139b	1	209491596	N:AC[T>C]TC	-1	148269.0	209491596
JG0139b	1	209503763	N:CC[T>C]TA	-1	12167.0	209503763
JG0139b	1	209677773	N:GT[T>G]TT	-1	174010.0	209677773
JG0139b	1	210185708	N:AG[T>A]TC	-1	507935.0	210185708
JG0139b	1	210188887	N:GC[T>G]TG	-1	3179.0	210188887
JG0139b	1	210288389	N:CC[T>A]TC	-1	99502.0	210288389
JG0139b	1	210488981	T:AC[T>C]TA	-1	200592.0	210488981
JG0139b	1	210625726	U:TT[C>A]TC	1	136745.0	210625726
JG0139b	1	211325882	N:TC[T>C]TA	-1	700156.0	211325882
JG0139b	1	211524548	N:GT[T>C]CC	1	198666.0	211524548
JG0139b	1	211624825	N:CC[T>C]CC	1	100277.0	211624825
JG0139b	1	211802031	T:AG[T>A]GA	1	177206.0	211802031
JG0139b	1	212597349	T:TC[T>A]GA	-1	795318.0	212597349
JG0139b	1	212919959	N:TC[T>G]TC	1	322610.0	212919959
JG0139b	1	212929258	N:TC[T>A]TA	1	9299.0	212929258
JG0139b	1	214674884	N:TG[T>C]TT	1	1745626.0	214674884
JG0139b	1	214745726	N:CG[T>G]TG	1	70842.0	214745726
JG0139b	1	215073977	T:GC[T>A]TG	-1	328251.0	215073977
JG0139b	1	215254875	N:GC[T>G]GA	-1	180898.0	215254875
JG0139b	1	215683860	U:AG[T>G]CA	-1	428985.0	215683860
JG0139b	1	215836024	U:CC[T>C]TT	-1	152164.0	215836024
JG0139b	1	216973717	T:AC[T>A]CG	1	1137693.0	216973717
JG0139b	1	217106569	U:AC[T>G]CA	-1	132852.0	217106569
JG0139b	1	217312445	N:CC[T>C]TA	-1	205876.0	217312445
JG0139b	1	217402759	N:AC[T>G]TG	1	90314.0	217402759
JG0139b	1	218241783	N:AC[T>A]TA	1	839024.0	218241783
JG0139b	1	218286673	U:CC[T>C]TG	1	44890.0	218286673
JG0139b	1	218795792	N:TC[T>C]TG	1	509119.0	218795792
JG0139b	1	219002355	N:TC[T>C]TT	1	206563.0	219002355
JG0139b	1	219268349	N:GC[T>G]TG	1	265994.0	219268349
JG0139b	1	219373309	N:AC[T>G]TC	-1	104960.0	219373309
JG0139b	1	219528298	N:GC[T>C]CG	1	154989.0	219528298
JG0139b	1	219787335	N:AC[T>C]TG	1	259037.0	219787335
JG0139b	1	219807601	N:TC[T>C]TC	-1	20266.0	219807601
JG0139b	1	220030338	T:GC[T>C]TT	1	222737.0	220030338
JG0139b	1	220213944	U:AC[T>C]TC	-1	183606.0	220213944
JG0139b	1	220242902	T:TG[T>C]CA	1	28958.0	220242902
JG0139b	1	220289852	N:AG[T>C]TA	-1	46950.0	220289852
JG0139b	1	220417812	N:TC[T>G]TC	-1	127960.0	220417812
JG0139b	1	220454200	N:TC[T>G]TT	1	36388.0	220454200
JG0139b	1	220618741	T:TC[T>C]CT	-1	164541.0	220618741
JG0139b	1	220940961	N:GC[T>C]CC	-1	322220.0	220940961
JG0139b	1	221647569	N:TC[T>C]CT	1	706608.0	221647569
JG0139b	1	221686620	N:CC[T>C]CA	1	39051.0	221686620
JG0139b	1	222916899	N:TC[T>G]TA	-1	1230279.0	222916899
JG0139b	1	224002198	N:AC[T>C]CA	1	1085299.0	224002198
JG0139b	1	224351983	N:GC[T>A]TT	1	349785.0	224351983
JG0139b	1	224510877	N:GC[T>A]TT	1	158894.0	224510877
JG0139b	1	225135452	T:AC[T>C]AC	-1	624575.0	225135452
JG0139b	1	225438242	N:CC[T>C]TG	-1	302790.0	225438242
JG0139b	1	225875690	T:AC[T>G]TC	1	437448.0	225875690
JG0139b	1	226436319	N:AC[T>C]TG	1	560629.0	226436319
JG0139b	1	226645589	T:AC[T>C]TG	1	209270.0	226645589
JG0139b	1	226703129	T:GA[T>G]TA	1	57540.0	226703129
JG0139b	1	226734575	U:GC[T>C]TT	-1	31446.0	226734575
JG0139b	1	227115397	T:TC[T>C]AT	1	380822.0	227115397
JG0139b	1	228654785	N:TC[T>A]TT	1	1539388.0	228654785
JG0139b	1	228864174	N:CC[T>G]TT	1	209389.0	228864174
JG0139b	1	229385517	N:TC[T>G]CA	1	521343.0	229385517
JG0139b	1	230821361	N:GC[T>C]TT	-1	1435844.0	230821361
JG0139b	1	230940011	U:TC[T>C]CT	-1	118650.0	230940011
JG0139b	1	230961642	T:TC[T>G]TG	1	21631.0	230961642
JG0139b	1	231192932	U:TC[T>A]GT	1	231290.0	231192932
JG0139b	1	231314485	N:CC[T>G]TT	1	121553.0	231314485
JG0139b	1	232031554	T:TC[T>G]TA	-1	717069.0	232031554
JG0139b	1	232225060	N:CC[T>A]TT	-1	193506.0	232225060
JG0139b	1	232243369	N:AC[T>G]TC	-1	18309.0	232243369
JG0139b	1	232531112	U:AC[T>C]TA	-1	287743.0	232531112
JG0139b	1	232847601	N:AC[T>A]TG	1	316489.0	232847601
JG0139b	1	233629424	T:AC[T>G]TC	-1	781823.0	233629424
JG0139b	1	233706740	N:TC[T>G]TG	-1	77316.0	233706740
JG0139b	1	234432483	T:AC[T>C]CC	1	725743.0	234432483
JG0139b	1	234609533	N:CC[T>G]CC	-1	177050.0	234609533
JG0139b	1	235517815	N:CC[T>C]AC	1	908282.0	235517815
JG0139b	1	236831488	U:CC[T>C]CT	1	1313673.0	236831488
JG0139b	1	237143366	U:AC[T>A]CT	1	311878.0	237143366
JG0139b	1	238088674	N:TG[T>G]GA	1	945308.0	238088674
JG0139b	1	238221900	N:GC[T>G]CA	1	133226.0	238221900
JG0139b	1	238981869	N:AC[T>C]TA	1	759969.0	238981869
JG0139b	1	239274317	N:CC[T>A]CT	1	292448.0	239274317
JG0139b	1	239736476	U:CC[T>G]TA	1	462159.0	239736476
JG0139b	1	239815390	T:AC[T>C]TG	-1	78914.0	239815390
JG0139b	1	239833276	U:GC[T>C]TG	1	17886.0	239833276
JG0139b	1	240074977	U:GC[T>A]GC	1	241701.0	240074977
JG0139b	1	240118968	T:TT[C>A]CA	-1	43991.0	240118968
JG0139b	1	240252531	T:AC[T>G]CT	-1	133563.0	240252531
JG0139b	1	240718222	N:GC[T>A]GG	1	465691.0	240718222
JG0139b	1	240824854	U:AC[T>C]CT	-1	106632.0	240824854
JG0139b	1	241991747	N:TT[C>G]TC	1	1166893.0	241991747
JG0139b	1	242069443	N:TC[T>G]TA	-1	77696.0	242069443
JG0139b	1	243690579	U:TC[T>C]TT	-1	1621136.0	243690579
JG0139b	1	244012803	N:AC[T>G]TT	1	322224.0	244012803
JG0139b	1	244516537	U:TC[T>C]TT	1	503734.0	244516537
JG0139b	1	244821292	N:AG[T>G]CA	1	304755.0	244821292
JG0139b	1	245296875	U:AC[T>C]CT	1	475583.0	245296875
JG0139b	1	245952010	T:AC[T>G]TT	1	655135.0	245952010
JG0139b	1	247951588	N:TG[T>G]TG	1	1999578.0	247951588
JG0139b	1	248098885	T:TC[T>C]CT	-1	147297.0	248098885
JG0139b	1	248879618	N:TC[T>A]CC	1	780733.0	248879618
JG0139b	2	746503	N:TC[T>G]TC	-1		249702925
JG0139b	2	849608	N:AC[T>C]CG	-1	103105.0	249806030
JG0139b	2	904913	N:GC[T>C]CC	-1	55305.0	249861335
JG0139b	2	1124706	T:GG[T>C]CA	-1	219793.0	250081128
JG0139b	2	1369155	N:CC[T>C]TC	1	244449.0	250325577
JG0139b	2	1418308	T:TC[T>C]CT	-1	49153.0	250374730
JG0139b	2	1432601	T:CC[T>C]CA	-1	14293.0	250389023
JG0139b	2	1934404	T:GC[T>C]TT	1	501803.0	250890826
JG0139b	2	2297130	U:AC[T>G]TG	-1	362726.0	251253552
JG0139b	2	2440416	N:CC[T>A]TT	-1	143286.0	251396838
JG0139b	2	2665036	N:TC[T>G]TA	-1	224620.0	251621458
JG0139b	2	3346259	T:CG[T>G]TG	1	681223.0	252302681
JG0139b	2	3435716	U:TC[T>G]TT	1	89457.0	252392138
JG0139b	2	3525761	N:CC[T>C]TG	-1	90045.0	252482183
JG0139b	2	3656864	N:CC[T>G]TC	1	131103.0	252613286
JG0139b	2	3866617	N:AG[T>C]CT	1	209753.0	252823039
JG0139b	2	3955230	N:GG[T>A]TT	-1	88613.0	252911652
JG0139b	2	4094249	N:CC[T>G]TT	1	139019.0	253050671
JG0139b	2	4240233	N:TC[T>A]TA	1	145984.0	253196655
JG0139b	2	4356375	N:TC[T>C]TT	-1	116142.0	253312797
JG0139b	2	4674935	N:TC[T>C]CC	-1	318560.0	253631357
JG0139b	2	4763984	N:TC[T>A]CT	-1	89049.0	253720406
JG0139b	2	4852961	N:TG[T>G]TG	1	88977.0	253809383
JG0139b	2	4982685	N:TC[T>C]TT	-1	129724.0	253939107
JG0139b	2	5125779	N:CC[T>C]CA	-1	143094.0	254082201
JG0139b	2	5297909	N:GC[T>C]GC	-1	172130.0	254254331
JG0139b	2	5298949	N:TC[T>G]TA	1	1040.0	254255371
JG0139b	2	5392613	N:AC[T>G]CA	-1	93664.0	254349035
JG0139b	2	5507392	N:TC[T>C]AA	1	114779.0	254463814
JG0139b	2	6542748	N:AC[T>C]TC	1	1035356.0	255499170
JG0139b	2	6751712	N:CC[T>G]TC	-1	208964.0	255708134
JG0139b	2	6961450	U:CC[T>G]TC	1	209738.0	255917872
JG0139b	2	6996988	T:GC[T>C]TG	-1	35538.0	255953410
JG0139b	2	7427926	N:GG[C>G]TG	-1	430938.0	256384348
JG0139b	2	7449341	N:GC[T>C]TT	1	21415.0	256405763
JG0139b	2	7502511	N:CC[T>G]TC	-1	53170.0	256458933
JG0139b	2	7524316	N:AC[T>C]TC	-1	21805.0	256480738
JG0139b	2	7602318	N:TC[T>C]TA	1	78002.0	256558740
JG0139b	2	7620766	N:AC[T>G]GA	-1	18448.0	256577188
JG0139b	2	8046375	N:AC[T>C]GA	-1	425609.0	257002797
JG0139b	2	8057163	N:GC[T>G]TG	1	10788.0	257013585
JG0139b	2	8261230	N:TC[T>A]CA	-1	204067.0	257217652
JG0139b	2	8423199	N:TC[T>C]TT	1	161969.0	257379621
JG0139b	2	8436157	N:TG[T>G]TA	1	12958.0	257392579
JG0139b	2	8478680	N:TC[T>G]TC	1	42523.0	257435102
JG0139b	2	8501319	N:AC[T>G]TC	1	22639.0	257457741
JG0139b	2	8802732	U:TG[T>A]TG	-1	301413.0	257759154
JG0139b	2	8850844	N:TG[C>T]GT	1	48112.0	257807266
JG0139b	2	8873381	T:TC[T>G]TC	1	22537.0	257829803
JG0139b	2	8965070	T:TC[T>G]TT	1	91689.0	257921492
JG0139b	2	8989800	U:GC[T>C]TG	-1	24730.0	257946222
JG0139b	2	9432017	T:AC[T>G]CT	-1	442217.0	258388439
JG0139b	2	9559530	N:TC[T>G]TT	-1	127513.0	258515952
JG0139b	2	9689459	N:GG[C>A]AT	1	129929.0	258645881
JG0139b	2	10172215	N:AC[T>C]TA	-1	482756.0	259128637
JG0139b	2	10487038	N:CC[T>A]CC	1	314823.0	259443460
JG0139b	2	11017696	N:TC[T>C]GT	1	530658.0	259974118
JG0139b	2	11209117	T:CC[T>C]TA	1	191421.0	260165539
JG0139b	2	11381653	N:CC[T>A]CG	1	172536.0	260338075
JG0139b	2	12011552	N:TG[C>A]TG	-1	629899.0	260967974
JG0139b	2	12278464	N:TC[T>G]TG	1	266912.0	261234886
JG0139b	2	12344079	N:TG[T>G]TG	1	65615.0	261300501
JG0139b	2	12474395	N:TC[T>C]CT	1	130316.0	261430817
JG0139b	2	12489884	N:GC[T>G]TA	1	15489.0	261446306
JG0139b	2	13587553	N:TC[T>C]TT	-1	1097669.0	262543975
JG0139b	2	13984775	N:GT[T>G]CC	-1	397222.0	262941197
JG0139b	2	14065894	N:AC[T>C]CT	-1	81119.0	263022316
JG0139b	2	14305421	N:AG[T>A]TA	-1	239527.0	263261843
JG0139b	2	14578423	N:TC[T>G]TC	-1	273002.0	263534845
JG0139b	2	14902012	N:AC[T>C]CA	-1	323589.0	263858434
JG0139b	2	15626872	T:AC[T>C]CT	-1	724860.0	264583294
JG0139b	2	15741277	N:TC[T>C]GA	1	114405.0	264697699
JG0139b	2	15810335	N:TC[T>A]CT	1	69058.0	264766757
JG0139b	2	16209349	N:AC[T>C]GG	1	399014.0	265165771
JG0139b	2	17118288	N:TC[T>C]CA	-1	908939.0	266074710
JG0139b	2	17268128	N:CC[T>C]TA	-1	149840.0	266224550
JG0139b	2	17292004	N:CC[T>C]CC	1	23876.0	266248426
JG0139b	2	17297238	N:AC[T>C]GA	1	5234.0	266253660
JG0139b	2	17589774	U:CG[T>G]TG	1	292536.0	266546196
JG0139b	2	17775411	B:GC[T>C]TC	-1	185637.0	266731833
JG0139b	2	17873812	N:TC[T>C]CG	1	98401.0	266830234
JG0139b	2	17974881	N:TC[T>G]TA	1	101069.0	266931303
JG0139b	2	18079739	N:TC[C>G]AA	-1	104858.0	267036161
JG0139b	2	18805473	N:TC[T>G]TC	-1	725734.0	267761895
JG0139b	2	18830184	N:GG[T>G]TT	1	24711.0	267786606
JG0139b	2	18850410	N:TC[T>G]TT	1	20226.0	267806832
JG0139b	2	19112276	N:GC[T>G]TT	1	261866.0	268068698
JG0139b	2	19427309	N:GC[T>A]GC	1	315033.0	268383731
JG0139b	2	19784226	N:CA[C>A]AC	1	356917.0	268740648
JG0139b	2	19817866	N:AC[T>G]TA	1	33640.0	268774288
JG0139b	2	20072166	N:GC[T>C]TC	1	254300.0	269028588
JG0139b	2	20816988	U:CC[T>G]TA	-1	744822.0	269773410
JG0139b	2	20923809	N:CC[T>G]TG	1	106821.0	269880231
JG0139b	2	20946133	N:AC[T>G]TG	-1	22324.0	269902555
JG0139b	2	20963237	N:TC[T>C]TC	1	17104.0	269919659
JG0139b	2	21365977	N:TC[T>G]TG	1	402740.0	270322399
JG0139b	2	21424177	N:GG[T>C]TG	-1	58200.0	270380599
JG0139b	2	21438242	N:CC[T>G]CC	-1	14065.0	270394664
JG0139b	2	21512089	N:TC[T>C]TA	1	73847.0	270468511
JG0139b	2	21674887	N:TC[T>C]CA	-1	162798.0	270631309
JG0139b	2	21749052	N:AC[T>G]TC	1	74165.0	270705474
JG0139b	2	21761084	N:TT[T>G]TT	1	12032.0	270717506
JG0139b	2	21913728	N:TG[T>A]TC	-1	152644.0	270870150
JG0139b	2	22134554	N:AC[T>G]TG	1	220826.0	271090976
JG0139b	2	22501877	N:TC[T>C]CC	1	367323.0	271458299
JG0139b	2	22997827	N:TC[T>G]TT	-1	495950.0	271954249
JG0139b	2	23378333	N:CA[T>A]TT	-1	380506.0	272334755
JG0139b	2	23474356	T:CC[T>G]TG	-1	96023.0	272430778
JG0139b	2	23999275	T:TC[T>G]TA	-1	524919.0	272955697
JG0139b	2	24009110	N:GC[T>G]TC	-1	9835.0	272965532
JG0139b	2	24295192	U:AC[T>C]AA	-1	286082.0	273251614
JG0139b	2	24490445	N:AC[T>G]CT	1	195253.0	273446867
JG0139b	2	24806656	T:AC[T>G]TT	-1	316211.0	273763078
JG0139b	2	25430833	T:GC[T>A]TC	1	624177.0	274387255
JG0139b	2	25709594	N:AC[T>C]TA	1	278761.0	274666016
JG0139b	2	25799405	T:TC[T>G]TT	1	89811.0	274755827
JG0139b	2	25903099	N:AG[T>C]TA	-1	103694.0	274859521
JG0139b	2	26234436	T:AC[T>C]TA	1	331337.0	275190858
JG0139b	2	26319830	B:GC[T>C]TG	-1	85394.0	275276252
JG0139b	2	26678994	N:AC[T>G]TT	1	359164.0	275635416
JG0139b	2	26805325	N:CC[T>A]CA	1	126331.0	275761747
JG0139b	2	26867658	U:CG[T>G]TT	1	62333.0	275824080
JG0139b	2	27098758	T:GC[T>G]CC	-1	231100.0	276055180
JG0139b	2	27310116	T:CC[T>C]TT	1	211358.0	276266538
JG0139b	2	27372624	U:GC[T>C]TC	1	62508.0	276329046
JG0139b	2	27601605	U:GG[T>G]TA	1	228981.0	276558027
JG0139b	2	28104638	U:CC[T>C]TA	1	503033.0	277061060
JG0139b	2	28148365	T:AC[T>C]TA	-1	43727.0	277104787
JG0139b	2	28221677	U:TG[T>G]TG	1	73312.0	277178099
JG0139b	2	28276509	U:CC[T>C]TT	1	54832.0	277232931
JG0139b	2	28525194	U:GG[C>A]AG	1	248685.0	277481616
JG0139b	2	28644580	N:TG[T>G]TC	1	119386.0	277601002
JG0139b	2	28678695	N:TC[T>A]TG	-1	34115.0	277635117
JG0139b	2	28731917	N:CA[T>G]TC	-1	53222.0	277688339
JG0139b	2	29095967	N:GC[T>G]TG	1	364050.0	278052389
JG0139b	2	29127279	T:GC[T>C]TC	-1	31312.0	278083701
JG0139b	2	29145906	U:CC[T>G]CC	1	18627.0	278102328
JG0139b	2	29215677	U:TC[T>C]CT	-1	69771.0	278172099
JG0139b	2	29274335	U:AC[T>C]CT	-1	58658.0	278230757
JG0139b	2	29547048	T:CC[T>C]CT	1	272713.0	278503470
JG0139b	2	29596314	U:TG[T>A]GA	-1	49266.0	278552736
JG0139b	2	29799376	U:AC[T>G]TT	-1	203062.0	278755798
JG0139b	2	30438992	N:TC[T>C]CT	1	639616.0	279395414
JG0139b	2	31071666	U:CC[T>G]TA	-1	632674.0	280028088
JG0139b	2	31082185	U:AG[T>C]CC	-1	10519.0	280038607
JG0139b	2	31289088	N:GC[T>A]CT	1	206903.0	280245510
JG0139b	2	31446485	N:CA[T>G]TC	1	157397.0	280402907
JG0139b	2	31482546	N:TC[T>A]TG	1	36061.0	280438968
JG0139b	2	31537413	T:GC[C>G]AC	1	54867.0	280493835
JG0139b	2	31585499	N:CC[T>C]CA	-1	48086.0	280541921
JG0139b	2	31737635	N:GC[T>G]GG	-1	152136.0	280694057
JG0139b	2	31872815	T:TC[T>G]TT	1	135180.0	280829237
JG0139b	2	32235494	T:GC[T>G]CA	1	362679.0	281191916
JG0139b	2	32580046	U:CC[T>G]GG	1	344552.0	281536468
JG0139b	2	32762244	T:AC[T>A]CT	-1	182198.0	281718666
JG0139b	2	32830996	N:AC[T>G]TT	-1	68752.0	281787418
JG0139b	2	33046981	U:TG[T>G]GT	1	215985.0	282003403
JG0139b	2	33162567	U:GA[T>G]TC	1	115586.0	282118989
JG0139b	2	33184002	U:CC[T>G]TG	1	21435.0	282140424
JG0139b	2	33210552	U:TA[T>A]AA	1	26550.0	282166974
JG0139b	2	33263337	U:GC[T>C]CC	1	52785.0	282219759
JG0139b	2	33279646	U:CC[T>C]CT	1	16309.0	282236068
JG0139b	2	33348806	T:CC[T>G]TC	-1	69160.0	282305228
JG0139b	2	33444319	T:TA[T>A]TA	-1	95513.0	282400741
JG0139b	2	33552793	U:AC[T>G]TC	1	108474.0	282509215
JG0139b	2	33731329	N:TC[T>G]TT	1	178536.0	282687751
JG0139b	2	33884262	N:GC[T>C]CA	-1	152933.0	282840684
JG0139b	2	33903143	N:GC[T>C]CT	-1	18881.0	282859565
JG0139b	2	34196293	N:CC[T>A]TT	1	293150.0	283152715
JG0139b	2	34479647	N:AC[T>C]TT	1	283354.0	283436069
JG0139b	2	34663679	N:AC[T>G]TA	1	184032.0	283620101
JG0139b	2	35295454	N:GC[T>G]TC	-1	631775.0	284251876
JG0139b	2	35429142	N:TC[T>C]CC	-1	133688.0	284385564
JG0139b	2	35541758	N:AC[T>C]TT	1	112616.0	284498180
JG0139b	2	35814425	N:CC[T>G]TA	1	272667.0	284770847
JG0139b	2	36352886	N:TC[T>A]GG	-1	538461.0	285309308
JG0139b	2	36449863	T:AG[T>C]TT	-1	96977.0	285406285
JG0139b	2	36602605	U:GC[T>C]CT	-1	152742.0	285559027
JG0139b	2	36628033	T:AC[T>G]CA	1	25428.0	285584455
JG0139b	2	36889134	U:TC[T>G]TC	-1	261101.0	285845556
JG0139b	2	36935727	U:AC[T>A]TT	-1	46593.0	285892149
JG0139b	2	37014767	U:CC[T>A]GA	-1	79040.0	285971189
JG0139b	2	37527327	N:TC[T>C]CA	-1	512560.0	286483749
JG0139b	2	38373054	U:AC[T>C]TT	-1	845727.0	287329476
JG0139b	2	38477805	N:GG[C>A]TT	-1	104751.0	287434227
JG0139b	2	38661237	N:GG[T>G]TC	-1	183432.0	287617659
JG0139b	2	39041252	T:TC[T>C]CA	1	380015.0	287997674
JG0139b	2	39094204	T:TC[T>C]TA	1	52952.0	288050626
JG0139b	2	39290315	T:AA[T>A]TT	1	196111.0	288246737
JG0139b	2	39418790	T:CC[T>G]TA	1	128475.0	288375212
JG0139b	2	39533447	N:AT[T>G]TG	1	114657.0	288489869
JG0139b	2	39579894	N:GG[T>C]TA	1	46447.0	288536316
JG0139b	2	39585023	N:CC[T>C]GG	-1	5129.0	288541445
JG0139b	2	39963050	N:GG[T>G]TA	-1	378027.0	288919472
JG0139b	2	40092925	N:TC[T>C]GT	1	129875.0	289049347
JG0139b	2	40433370	T:TC[T>A]TA	1	340445.0	289389792
JG0139b	2	40617961	N:CC[T>G]TT	-1	184591.0	289574383
JG0139b	2	40657005	N:AC[T>A]TT	-1	39044.0	289613427
JG0139b	2	40731732	N:CC[T>G]TA	1	74727.0	289688154
JG0139b	2	40860834	N:AC[T>G]TA	1	129102.0	289817256
JG0139b	2	40876009	N:TG[T>G]TA	-1	15175.0	289832431
JG0139b	2	41109652	N:AC[T>G]TT	1	233643.0	290066074
JG0139b	2	41356213	N:AC[T>A]TT	1	246561.0	290312635
JG0139b	2	41402857	N:TC[T>A]CC	1	46644.0	290359279
JG0139b	2	41620560	N:AC[T>G]TC	-1	217703.0	290576982
JG0139b	2	41741370	N:CC[T>A]TA	-1	120810.0	290697792
JG0139b	2	42686006	T:CC[T>A]GA	-1	944636.0	291642428
JG0139b	2	42748465	U:TC[T>G]TC	1	62459.0	291704887
JG0139b	2	43087471	N:CC[T>G]CT	1	339006.0	292043893
JG0139b	2	43194354	N:CC[T>G]TA	-1	106883.0	292150776
JG0139b	2	43242323	U:TC[T>A]TG	-1	47969.0	292198745
JG0139b	2	43303065	U:TC[T>G]CC	-1	60742.0	292259487
JG0139b	2	43382264	T:CC[T>C]TA	1	79199.0	292338686
JG0139b	2	43409908	T:AC[T>A]CA	1	27644.0	292366330
JG0139b	2	43538519	U:AC[T>C]TT	-1	128611.0	292494941
JG0139b	2	43634711	N:AG[T>A]TT	1	96192.0	292591133
JG0139b	2	43817594	U:AC[T>C]TA	-1	182883.0	292774016
JG0139b	2	43883132	N:AC[T>A]TG	-1	65538.0	292839554
JG0139b	2	44016435	N:TC[T>C]CT	-1	133303.0	292972857
JG0139b	2	45003739	N:TC[T>A]CC	-1	987304.0	293960161
JG0139b	2	45059090	N:TC[T>C]CT	1	55351.0	294015512
JG0139b	2	45061008	N:TG[T>G]TC	1	1918.0	294017430
JG0139b	2	45201917	N:GC[T>C]TC	-1	140909.0	294158339
JG0139b	2	45339761	N:GC[T>G]TC	-1	137844.0	294296183
JG0139b	2	45642597	N:GC[T>C]GG	-1	302836.0	294599019
JG0139b	2	45683607	T:AC[T>C]TC	-1	41010.0	294640029
JG0139b	2	45728483	U:CC[T>A]CT	1	44876.0	294684905
JG0139b	2	45749653	U:TC[T>G]CA	1	21170.0	294706075
JG0139b	2	46116332	T:GC[T>C]CA	-1	366679.0	295072754
JG0139b	2	46583971	T:AC[T>A]CT	1	467639.0	295540393
JG0139b	2	46839843	N:TC[T>G]TC	-1	255872.0	295796265
JG0139b	2	46936705	B:TC[T>A]TT	-1	96862.0	295893127
JG0139b	2	47096074	T:GC[T>A]TA	1	159369.0	296052496
JG0139b	2	47418326	U:TC[T>G]CT	1	322252.0	296374748
JG0139b	2	47441243	U:TC[T>C]CT	1	22917.0	296397665
JG0139b	2	47533664	B:TC[T>G]AG	-1	92421.0	296490086
JG0139b	2	47865262	U:TA[T>G]TC	-1	331598.0	296821684
JG0139b	2	47947919	N:AC[T>C]CA	-1	82657.0	296904341
JG0139b	2	48189635	N:TC[T>C]TG	1	241716.0	297146057
JG0139b	2	48283414	N:TC[T>C]CT	1	93779.0	297239836
JG0139b	2	48339356	U:TC[T>G]TG	1	55942.0	297295778
JG0139b	2	49075858	T:TC[T>G]TC	1	736502.0	298032280
JG0139b	2	49159030	N:TC[T>G]TT	1	83172.0	298115452
JG0139b	2	49165700	N:GC[T>G]TA	-1	6670.0	298122122
JG0139b	2	49590507	N:AC[T>C]TC	1	424807.0	298546929
JG0139b	2	49757375	N:CC[T>C]TA	1	166868.0	298713797
JG0139b	2	50031257	U:GT[T>G]TG	-1	273882.0	298987679
JG0139b	2	50303542	U:AC[C>G]AA	-1	272285.0	299259964
JG0139b	2	50422115	T:TG[T>G]TA	1	118573.0	299378537
JG0139b	2	50607066	U:TG[T>C]TC	-1	184951.0	299563488
JG0139b	2	50636709	U:CC[T>A]TT	-1	29643.0	299593131
JG0139b	2	50770125	U:TC[T>G]TG	-1	133416.0	299726547
JG0139b	2	50808260	U:GC[T>G]TC	-1	38135.0	299764682
JG0139b	2	50936964	T:TG[T>C]TT	1	128704.0	299893386
JG0139b	2	50947120	U:TC[T>G]TT	-1	10156.0	299903542
JG0139b	2	51164208	N:AT[C>G]CC	-1	217088.0	300120630
JG0139b	2	51760152	N:AC[T>A]CC	1	595944.0	300716574
JG0139b	2	52284049	N:CC[T>C]TG	1	523897.0	301240471
JG0139b	2	52454758	N:AC[T>C]TT	-1	170709.0	301411180
JG0139b	2	52625486	N:TG[T>C]TT	-1	170728.0	301581908
JG0139b	2	52768924	N:TC[T>G]TA	-1	143438.0	301725346
JG0139b	2	52819162	N:GC[T>A]CC	-1	50238.0	301775584
JG0139b	2	53079683	N:CC[T>C]TT	-1	260521.0	302036105
JG0139b	2	53494713	N:CC[T>C]CA	1	415030.0	302451135
JG0139b	2	53508430	N:AC[T>C]TA	-1	13717.0	302464852
JG0139b	2	53556473	U:AC[T>C]CA	-1	48043.0	302512895
JG0139b	2	53776682	U:AC[T>C]AC	-1	220209.0	302733104
JG0139b	2	53927390	T:CC[T>G]TA	1	150708.0	302883812
JG0139b	2	53930527	U:AC[T>A]TA	-1	3137.0	302886949
JG0139b	2	54082575	U:CC[T>G]TA	1	152048.0	303038997
JG0139b	2	54092052	T:CC[T>C]TA	-1	9477.0	303048474
JG0139b	2	54399502	N:CC[T>A]CA	1	307450.0	303355924
JG0139b	2	54723177	N:GT[C>A]TC	-1	323675.0	303679599
JG0139b	2	54937646	U:AC[T>G]TT	1	214469.0	303894068
JG0139b	2	55176817	U:AC[T>C]TC	-1	239171.0	304133239
JG0139b	2	55229169	U:TC[T>A]TT	-1	52352.0	304185591
JG0139b	2	55258001	U:CC[T>C]GG	-1	28832.0	304214423
JG0139b	2	55308565	T:GC[T>C]CT	1	50564.0	304264987
JG0139b	2	55405198	T:CC[T>A]CC	1	96633.0	304361620
JG0139b	2	55546348	N:AC[T>G]TC	-1	141150.0	304502770
JG0139b	2	55764680	N:AC[T>C]TC	1	218332.0	304721102
JG0139b	2	55895937	T:AA[T>G]TA	1	131257.0	304852359
JG0139b	2	56003681	N:CC[T>A]AG	1	107744.0	304960103
JG0139b	2	56127673	N:GG[C>A]AG	1	123992.0	305084095
JG0139b	2	56324920	U:TC[T>A]TC	1	197247.0	305281342
JG0139b	2	56579483	N:GG[T>G]TA	-1	254563.0	305535905
JG0139b	2	56727758	N:TG[T>G]TT	-1	148275.0	305684180
JG0139b	2	56769252	N:AC[C>T]CC	-1	41494.0	305725674
JG0139b	2	57506361	N:GC[T>C]TG	-1	737109.0	306462783
JG0139b	2	57615198	N:CC[T>C]TG	1	108837.0	306571620
JG0139b	2	57631599	N:CC[T>G]TC	-1	16401.0	306588021
JG0139b	2	57665037	N:AC[T>G]TT	1	33438.0	306621459
JG0139b	2	57965562	U:GC[T>G]TC	1	300525.0	306921984
JG0139b	2	58101983	T:GC[T>C]TG	-1	136421.0	307058405
JG0139b	2	58703513	N:GC[T>A]TT	-1	601530.0	307659935
JG0139b	2	59170923	N:CC[T>C]CA	-1	467410.0	308127345
JG0139b	2	59258896	N:TG[T>G]TT	-1	87973.0	308215318
JG0139b	2	59306070	N:GC[T>A]CA	-1	47174.0	308262492
JG0139b	2	60101543	N:TC[T>C]TA	1	795473.0	309057965
JG0139b	2	60388106	N:GC[T>C]TC	-1	286563.0	309344528
JG0139b	2	60547496	T:TC[T>A]TA	1	159390.0	309503918
JG0139b	2	60683485	N:AC[T>G]TT	1	135989.0	309639907
JG0139b	2	60774017	U:CC[T>C]TT	1	90532.0	309730439
JG0139b	2	61053500	N:GC[T>C]CA	-1	279483.0	310009922
JG0139b	2	61786332	N:GC[T>A]GA	1	732832.0	310742754
JG0139b	2	61931870	T:TC[T>C]TT	-1	145538.0	310888292
JG0139b	2	61996856	T:AC[T>A]TC	-1	64986.0	310953278
JG0139b	2	62076009	T:CA[T>G]TC	-1	79153.0	311032431
JG0139b	2	62242735	N:CC[T>G]TA	-1	166726.0	311199157
JG0139b	2	62760843	U:CC[T>C]TA	1	518108.0	311717265
JG0139b	2	62818659	T:AC[T>G]TT	-1	57816.0	311775081
JG0139b	2	62872626	U:AC[T>C]TT	1	53967.0	311829048
JG0139b	2	62879140	U:CC[T>A]CA	1	6514.0	311835562
JG0139b	2	62928381	T:AC[T>G]TA	-1	49241.0	311884803
JG0139b	2	62976576	U:TG[T>G]TC	1	48195.0	311932998
JG0139b	2	63117150	N:TC[T>C]GC	1	140574.0	312073572
JG0139b	2	63118469	N:AG[T>A]TT	-1	1319.0	312074891
JG0139b	2	64299995	N:CT[T>G]TT	1	1181526.0	313256417
JG0139b	2	64347431	N:GC[T>A]TT	1	47436.0	313303853
JG0139b	2	64528622	T:TC[T>C]CT	-1	181191.0	313485044
JG0139b	2	65070315	T:GC[T>C]GC	-1	541693.0	314026737
JG0139b	2	65204519	N:TA[T>G]TT	-1	134204.0	314160941
JG0139b	2	65375529	U:CC[T>G]TT	-1	171010.0	314331951
JG0139b	2	66161009	N:AC[T>G]TT	-1	785480.0	315117431
JG0139b	2	66248269	N:TC[T>A]TC	1	87260.0	315204691
JG0139b	2	66280930	N:TG[T>G]TT	-1	32661.0	315237352
JG0139b	2	66315923	N:TC[T>G]TT	1	34993.0	315272345
JG0139b	2	66343976	N:CC[T>G]TG	-1	28053.0	315300398
JG0139b	2	66774365	N:GC[T>C]TG	1	430389.0	315730787
JG0139b	2	66840898	N:TC[T>C]TT	1	66533.0	315797320
JG0139b	2	67177478	N:TC[T>C]TA	1	336580.0	316133900
JG0139b	2	67233495	N:GC[T>C]CT	1	56017.0	316189917
JG0139b	2	67423083	N:AC[T>C]TC	1	189588.0	316379505
JG0139b	2	67607241	N:GC[T>C]TT	1	184158.0	316563663
JG0139b	2	68084871	N:TT[T>C]TA	1	477630.0	317041293
JG0139b	2	68263775	N:GC[T>G]TT	-1	178904.0	317220197
JG0139b	2	68438536	N:TC[T>C]GT	-1	174761.0	317394958
JG0139b	2	68567488	U:GC[T>C]TC	1	128952.0	317523910
JG0139b	2	69042243	U:TC[T>G]TA	1	474755.0	317998665
JG0139b	2	69479608	T:GC[T>G]TA	1	437365.0	318436030
JG0139b	2	69481642	U:CC[T>G]GT	-1	2034.0	318438064
JG0139b	2	69905417	T:AC[T>C]TA	-1	423775.0	318861839
JG0139b	2	70112312	N:TC[T>C]CT	1	206895.0	319068734
JG0139b	2	70263342	U:CC[T>C]TT	1	151030.0	319219764
JG0139b	2	70481284	T:GC[T>G]CA	1	217942.0	319437706
JG0139b	2	70488486	U:TA[T>G]TA	-1	7202.0	319444908
JG0139b	2	70524583	U:TC[T>A]CT	-1	36097.0	319481005
JG0139b	2	70647805	N:TC[T>G]TT	-1	123222.0	319604227
JG0139b	2	70660162	U:GC[T>C]CC	-1	12357.0	319616584
JG0139b	2	71210877	T:AC[T>G]TA	1	550715.0	320167299
JG0139b	2	71253549	N:AC[T>G]TC	-1	42672.0	320209971
JG0139b	2	71580762	U:TC[T>C]TC	1	327213.0	320537184
JG0139b	2	71591087	U:GG[T>G]TC	1	10325.0	320547509
JG0139b	2	71857147	N:CC[T>C]CA	-1	266060.0	320813569
JG0139b	2	71896333	N:CA[T>G]TA	1	39186.0	320852755
JG0139b	2	71910365	N:TC[T>A]GA	-1	14032.0	320866787
JG0139b	2	72232979	U:TC[T>G]TG	-1	322614.0	321189401
JG0139b	2	72333687	U:TC[T>C]CT	-1	100708.0	321290109
JG0139b	2	73029131	U:GC[T>A]CG	-1	695444.0	321985553
JG0139b	2	73558910	T:TG[T>C]CT	-1	529779.0	322515332
JG0139b	2	73577621	U:TG[T>C]TT	1	18711.0	322534043
JG0139b	2	74165669	U:GC[T>C]CC	-1	588048.0	323122091
JG0139b	2	74204194	U:GC[T>C]TG	1	38525.0	323160616
JG0139b	2	74275801	U:CC[T>G]CA	-1	71607.0	323232223
JG0139b	2	74294160	T:CT[C>A]AG	1	18359.0	323250582
JG0139b	2	74464259	T:CC[T>C]CT	1	170099.0	323420681
JG0139b	2	74581370	U:TC[T>C]CA	-1	117111.0	323537792
JG0139b	2	75381701	N:CC[T>C]TG	-1	800331.0	324338123
JG0139b	2	75579760	N:TC[T>C]TC	-1	198059.0	324536182
JG0139b	2	76154106	N:TC[T>A]TC	1	574346.0	325110528
JG0139b	2	76179190	N:GT[T>G]TT	1	25084.0	325135612
JG0139b	2	76490393	N:AG[T>C]CC	1	311203.0	325446815
JG0139b	2	76823278	T:CC[T>C]TA	1	332885.0	325779700
JG0139b	2	77016716	T:CC[T>G]TG	1	193438.0	325973138
JG0139b	2	77271617	U:AC[T>C]CT	-1	254901.0	326228039
JG0139b	2	77603889	N:CC[T>G]TA	-1	332272.0	326560311
JG0139b	2	77840813	N:GG[T>G]TT	1	236924.0	326797235
JG0139b	2	78405202	N:AA[T>G]TT	1	564389.0	327361624
JG0139b	2	78595801	N:AC[T>G]TT	1	190599.0	327552223
JG0139b	2	78984927	N:TG[T>G]TT	-1	389126.0	327941349
JG0139b	2	79282128	T:TC[T>C]GA	-1	297201.0	328238550
JG0139b	2	79645623	U:TC[T>G]TG	1	363495.0	328602045
JG0139b	2	80155857	T:GC[T>C]TT	-1	510234.0	329112279
JG0139b	2	80178677	T:TA[T>G]TA	-1	22820.0	329135099
JG0139b	2	80367141	U:AC[T>G]TT	1	188464.0	329323563
JG0139b	2	80485122	U:TG[T>A]TT	1	117981.0	329441544
JG0139b	2	80494806	U:AC[T>G]CA	1	9684.0	329451228
JG0139b	2	80527314	T:GC[T>C]TC	-1	32508.0	329483736
JG0139b	2	80612467	U:TC[T>A]TA	1	85153.0	329568889
JG0139b	2	80615105	T:GA[T>C]TT	-1	2638.0	329571527
JG0139b	2	80631168	T:AG[T>G]TT	-1	16063.0	329587590
JG0139b	2	80673945	N:AA[T>C]CT	1	42777.0	329630367
JG0139b	2	81032268	N:TT[T>G]TG	1	358323.0	329988690
JG0139b	2	81174792	N:TC[T>A]TG	-1	142524.0	330131214
JG0139b	2	81321125	N:AG[T>A]TT	1	146333.0	330277547
JG0139b	2	81332141	N:GG[T>G]TA	1	11016.0	330288563
JG0139b	2	81359063	N:GC[T>G]TC	1	26922.0	330315485
JG0139b	2	81516618	N:AC[T>C]TT	-1	157555.0	330473040
JG0139b	2	81525239	N:GC[T>A]TG	-1	8621.0	330481661
JG0139b	2	82164218	N:AC[T>C]TT	-1	638979.0	331120640
JG0139b	2	82423210	N:GC[T>C]GA	-1	258992.0	331379632
JG0139b	2	82444514	N:AC[T>C]GC	-1	21304.0	331400936
JG0139b	2	82446580	N:TC[T>G]TG	-1	2066.0	331403002
JG0139b	2	82483650	N:GC[T>G]TT	1	37070.0	331440072
JG0139b	2	82854117	N:AC[T>C]CA	1	370467.0	331810539
JG0139b	2	83338053	N:AG[T>G]TA	1	483936.0	332294475
JG0139b	2	83361820	N:AG[T>G]TC	1	23767.0	332318242
JG0139b	2	83569008	N:GC[T>A]CA	-1	207188.0	332525430
JG0139b	2	83733537	N:TG[T>C]CA	-1	164529.0	332689959
JG0139b	2	83893816	N:CG[T>C]CA	1	160279.0	332850238
JG0139b	2	84258629	N:TC[T>C]CT	-1	364813.0	333215051
JG0139b	2	84444857	T:TT[T>G]GA	1	186228.0	333401279
JG0139b	2	84445368	T:CC[T>C]TA	1	511.0	333401790
JG0139b	2	84845383	U:AC[T>C]CT	-1	400015.0	333801805
JG0139b	2	85550987	U:GC[T>C]TG	-1	705604.0	334507409
JG0139b	2	85640404	U:CC[T>C]CA	1	89417.0	334596826
JG0139b	2	85758713	U:GC[T>C]GG	1	118309.0	334715135
JG0139b	2	86278739	U:TC[T>G]TG	-1	520026.0	335235161
JG0139b	2	86411378	N:CC[T>C]GG	-1	132639.0	335367800
JG0139b	2	86505321	T:AC[T>C]TC	1	93943.0	335461743
JG0139b	2	86769035	U:CC[T>C]CC	1	263714.0	335725457
JG0139b	2	86860215	U:GC[T>A]CA	-1	91180.0	335816637
JG0139b	2	86898681	N:TC[T>C]CC	1	38466.0	335855103
JG0139b	2	87260219	N:TC[T>C]TT	1	361538.0	336216641
JG0139b	2	87303439	N:AC[T>C]TC	1	43220.0	336259861
JG0139b	2	87844920	N:TC[T>C]AT	1	541481.0	336801342
JG0139b	2	88242451	N:GG[T>C]TT	1	397531.0	337198873
JG0139b	2	88331094	N:CC[T>G]TC	-1	88643.0	337287516
JG0139b	2	88458616	N:GC[T>A]TC	1	127522.0	337415038
JG0139b	2	88506967	N:GC[T>G]TA	1	48351.0	337463389
JG0139b	2	88791988	N:TC[T>G]TT	-1	285021.0	337748410
JG0139b	2	88954598	N:CC[T>A]CT	-1	162610.0	337911020
JG0139b	2	89013169	N:AC[T>C]CA	-1	58571.0	337969591
JG0139b	2	89327459	N:AC[T>A]GA	-1	314290.0	338283881
JG0139b	2	89963977	N:AC[T>A]GC	-1	636518.0	338920399
JG0139b	2	90089411	N:TC[T>A]TA	1	125434.0	339045833
JG0139b	2	90266718	N:GC[T>C]TC	-1	177307.0	339223140
JG0139b	2	90375378	N:CC[T>C]TG	-1	108660.0	339331800
JG0139b	2	91888148	N:TC[T>G]TA	-1	1512770.0	340844570
JG0139b	2	91931834	N:GC[T>C]TG	-1	43686.0	340888256
JG0139b	2	92512855	N:AT[T>G]TC	1	581021.0	341469277
JG0139b	2	92819663	N:TG[T>G]TT	-1	306808.0	341776085
JG0139b	2	93102916	N:GC[T>G]TT	-1	283253.0	342059338
JG0139b	2	93441675	N:TC[T>A]TT	1	338759.0	342398097
JG0139b	2	93525369	N:AC[T>C]CT	1	83694.0	342481791
JG0139b	2	93841159	N:TC[T>G]CA	1	315790.0	342797581
JG0139b	2	93873752	N:TC[T>C]TC	1	32593.0	342830174
JG0139b	2	93894617	N:CC[T>C]TT	-1	20865.0	342851039
JG0139b	2	94754514	N:GC[T>G]GC	-1	859897.0	343710936
JG0139b	2	94779699	N:AC[T>C]TC	-1	25185.0	343736121
JG0139b	2	94796130	N:TG[T>C]TG	-1	16431.0	343752552
JG0139b	2	95275082	U:AC[T>A]CA	1	478952.0	344231504
JG0139b	2	95396961	N:CC[T>C]CT	-1	121879.0	344353383
JG0139b	2	96678949	T:TG[T>G]TG	-1	1281988.0	345635371
JG0139b	2	96931768	U:AC[T>C]CG	-1	252819.0	345888190
JG0139b	2	97257255	N:TC[T>C]CA	-1	325487.0	346213677
JG0139b	2	97341911	N:TC[T>C]TG	-1	84656.0	346298333
JG0139b	2	97360948	N:TG[T>C]TA	1	19037.0	346317370
JG0139b	2	97853898	T:AC[T>G]CC	1	492950.0	346810320
JG0139b	2	98079686	N:TG[T>G]TC	1	225788.0	347036108
JG0139b	2	98167459	T:TC[T>G]TT	-1	87773.0	347123881
JG0139b	2	98266820	T:AC[T>G]CC	-1	99361.0	347223242
JG0139b	2	98518623	T:CC[T>G]CT	-1	251803.0	347475045
JG0139b	2	98687882	T:TC[T>A]TA	1	169259.0	347644304
JG0139b	2	98889330	U:TC[T>G]TT	-1	201448.0	347845752
JG0139b	2	99040961	T:AC[T>C]CA	1	151631.0	347997383
JG0139b	2	99163611	T:GC[T>G]CA	-1	122650.0	348120033
JG0139b	2	99215800	N:GC[T>C]CA	-1	52189.0	348172222
JG0139b	2	99498337	N:TC[T>C]TC	1	282537.0	348454759
JG0139b	2	99610723	T:TC[T>G]TT	1	112386.0	348567145
JG0139b	2	99751773	U:AC[T>G]TA	-1	141050.0	348708195
JG0139b	2	99752492	T:TC[T>G]TG	1	719.0	348708914
JG0139b	2	100025285	U:GG[T>G]TG	-1	272793.0	348981707
JG0139b	2	100055646	T:AC[T>C]TT	1	30361.0	349012068
JG0139b	2	100533118	N:AC[T>A]TT	-1	477472.0	349489540
JG0139b	2	100696629	N:CC[T>C]TC	-1	163511.0	349653051
JG0139b	2	100766401	N:CC[T>G]TG	1	69772.0	349722823
JG0139b	2	100988728	U:CC[T>C]CC	1	222327.0	349945150
JG0139b	2	101078440	U:CC[T>C]TG	-1	89712.0	350034862
JG0139b	2	101409252	T:TG[T>A]TG	1	330812.0	350365674
JG0139b	2	101442756	U:AG[T>C]GG	-1	33504.0	350399178
JG0139b	2	101444340	U:GC[T>C]GT	-1	1584.0	350400762
JG0139b	2	101806951	U:GC[T>C]GG	1	362611.0	350763373
JG0139b	2	102106008	T:CC[T>C]TA	-1	299057.0	351062430
JG0139b	2	103011553	T:TC[T>G]TC	-1	905545.0	351967975
JG0139b	2	103264266	N:GC[T>C]CC	1	252713.0	352220688
JG0139b	2	103320318	N:TC[T>G]TA	-1	56052.0	352276740
JG0139b	2	103646090	N:CC[T>C]GA	-1	325772.0	352602512
JG0139b	2	104095676	N:GA[C>A]AC	1	449586.0	353052098
JG0139b	2	104230037	N:AC[T>A]CT	1	134361.0	353186459
JG0139b	2	104450627	N:GC[T>C]CT	-1	220590.0	353407049
JG0139b	2	104661520	N:CC[T>C]TA	-1	210893.0	353617942
JG0139b	2	104899854	N:GC[T>G]TG	-1	238334.0	353856276
JG0139b	2	105119410	N:TC[T>G]TC	-1	219556.0	354075832
JG0139b	2	105293468	U:GC[T>G]TC	-1	174058.0	354249890
JG0139b	2	105481877	N:TC[T>C]TT	-1	188409.0	354438299
JG0139b	2	105559158	N:CC[T>G]TC	1	77281.0	354515580
JG0139b	2	105601861	N:TG[T>C]TG	-1	42703.0	354558283
JG0139b	2	106169835	T:GC[T>G]TC	1	567974.0	355126257
JG0139b	2	106515215	U:AC[T>C]TT	1	345380.0	355471637
JG0139b	2	106892843	N:GC[T>C]GG	-1	377628.0	355849265
JG0139b	2	107090524	N:TC[T>G]TT	-1	197681.0	356046946
JG0139b	2	107245512	N:GC[T>G]TT	-1	154988.0	356201934
JG0139b	2	107463927	N:AA[T>G]TA	-1	218415.0	356420349
JG0139b	2	107548975	N:AC[T>C]CA	-1	85048.0	356505397
JG0139b	2	107622645	N:GC[T>C]CA	1	73670.0	356579067
JG0139b	2	109331363	U:TC[T>A]CC	1	1708718.0	358287785
JG0139b	2	109446382	U:CC[T>A]CA	1	115019.0	358402804
JG0139b	2	109595393	T:GC[T>A]TT	1	149011.0	358551815
JG0139b	2	109653917	N:AG[T>G]TG	1	58524.0	358610339
JG0139b	2	109662199	N:CC[T>C]CC	1	8282.0	358618621
JG0139b	2	109714021	N:AC[T>A]GC	1	51822.0	358670443
JG0139b	2	109833671	T:TC[T>G]TC	-1	119650.0	358790093
JG0139b	2	110218050	T:TG[T>G]CT	1	384379.0	359174472
JG0139b	2	110279113	N:CC[T>G]CA	-1	61063.0	359235535
JG0139b	2	110630874	N:AC[T>G]TT	1	351761.0	359587296
JG0139b	2	111295230	N:CC[T>C]TC	-1	664356.0	360251652
JG0139b	2	111687399	N:GC[T>G]TC	-1	392169.0	360643821
JG0139b	2	111831997	U:TC[T>G]TT	-1	144598.0	360788419
JG0139b	2	112048706	N:AA[T>G]TA	1	216709.0	361005128
JG0139b	2	112129721	N:TC[T>C]TC	-1	81015.0	361086143
JG0139b	2	112205366	N:AG[T>A]CC	-1	75645.0	361161788
JG0139b	2	112583442	N:TC[T>C]GT	1	378076.0	361539864
JG0139b	2	112589662	N:TC[T>C]GT	1	6220.0	361546084
JG0139b	2	112635187	N:GC[T>A]CC	-1	45525.0	361591609
JG0139b	2	112900700	N:AC[T>C]GA	1	265513.0	361857122
JG0139b	2	113085790	N:TT[C>T]AC	-1	185090.0	362042212
JG0139b	2	113815602	N:TG[T>G]TT	1	729812.0	362772024
JG0139b	2	113869247	N:TC[T>C]TA	-1	53645.0	362825669
JG0139b	2	114114672	N:AG[T>G]GC	1	245425.0	363071094
JG0139b	2	114209583	N:TC[T>G]TC	-1	94911.0	363166005
JG0139b	2	114416173	N:CC[T>G]TC	-1	206590.0	363372595
JG0139b	2	114422417	N:CC[T>C]CT	-1	6244.0	363378839
JG0139b	2	114469790	T:CC[T>C]CA	-1	47373.0	363426212
JG0139b	2	114743094	T:TC[T>C]TT	-1	273304.0	363699516
JG0139b	2	114783114	T:TC[T>G]TT	-1	40020.0	363739536
JG0139b	2	114883467	U:TC[T>A]CA	1	100353.0	363839889
JG0139b	2	114915113	T:TC[T>C]GT	-1	31646.0	363871535
JG0139b	2	115057969	T:TC[T>G]TA	-1	142856.0	364014391
JG0139b	2	115377275	U:GG[T>G]TT	1	319306.0	364333697
JG0139b	2	115377528	U:TC[T>G]TT	1	253.0	364333950
JG0139b	2	115487451	T:CC[T>G]CC	-1	109923.0	364443873
JG0139b	2	115680835	T:GC[T>C]CT	-1	193384.0	364637257
JG0139b	2	115739306	U:CA[T>G]TT	1	58471.0	364695728
JG0139b	2	116660797	N:AC[T>G]TC	-1	921491.0	365617219
JG0139b	2	116762815	N:TC[T>C]TT	-1	102018.0	365719237
JG0139b	2	116811802	N:TG[T>C]TG	1	48987.0	365768224
JG0139b	2	117319571	N:GC[T>A]CA	-1	507769.0	366275993
JG0139b	2	117325763	N:TC[T>C]TC	1	6192.0	366282185
JG0139b	2	117360945	N:AG[T>G]TT	-1	35182.0	366317367
JG0139b	2	117380333	N:TC[T>C]CC	1	19388.0	366336755
JG0139b	2	117463217	N:CC[T>G]TT	-1	82884.0	366419639
JG0139b	2	117464334	N:AC[T>C]CA	-1	1117.0	366420756
JG0139b	2	117724906	N:AC[T>G]CT	-1	260572.0	366681328
JG0139b	2	117822121	U:GG[T>G]TG	1	97215.0	366778543
JG0139b	2	117857811	N:GA[T>G]TT	1	35690.0	366814233
JG0139b	2	117891718	N:TC[T>C]TA	1	33907.0	366848140
JG0139b	2	118035092	N:GG[T>G]TT	-1	143374.0	366991514
JG0139b	2	118711059	N:AC[T>C]CA	1	675967.0	367667481
JG0139b	2	118731047	N:GC[T>G]TT	-1	19988.0	367687469
JG0139b	2	119002234	N:AC[T>C]TG	-1	271187.0	367958656
JG0139b	2	119095840	N:GA[T>G]TC	1	93606.0	368052262
JG0139b	2	119113184	N:TC[T>C]TT	1	17344.0	368069606
JG0139b	2	119152284	N:AT[T>G]TC	-1	39100.0	368108706
JG0139b	2	119277188	N:TC[T>G]TG	1	124904.0	368233610
JG0139b	2	119301480	N:GC[T>C]CT	-1	24292.0	368257902
JG0139b	2	119538977	N:CA[T>G]TC	-1	237497.0	368495399
JG0139b	2	119738404	N:TC[T>C]CA	1	199427.0	368694826
JG0139b	2	119909881	T:AC[T>G]TT	-1	171477.0	368866303
JG0139b	2	121323775	N:TC[T>G]TG	1	1413894.0	370280197
JG0139b	2	121561028	T:CC[T>G]CC	1	237253.0	370517450
JG0139b	2	121600336	U:GC[T>C]CT	-1	39308.0	370556758
JG0139b	2	121704857	N:TA[T>G]TT	-1	104521.0	370661279
JG0139b	2	122104470	N:TC[T>G]TC	1	399613.0	371060892
JG0139b	2	122121437	N:AG[T>G]TT	1	16967.0	371077859
JG0139b	2	122521134	N:GG[T>G]TT	-1	399697.0	371477556
JG0139b	2	122539980	N:TA[T>A]AT	-1	18846.0	371496402
JG0139b	2	123220735	N:TC[T>A]CG	1	680755.0	372177157
JG0139b	2	123228358	N:TG[T>G]TG	1	7623.0	372184780
JG0139b	2	123231418	N:GC[T>C]TC	1	3060.0	372187840
JG0139b	2	123664368	N:TC[T>A]TA	1	432950.0	372620790
JG0139b	2	123764761	N:AG[T>G]TT	1	100393.0	372721183
JG0139b	2	123781243	N:TC[T>C]GG	1	16482.0	372737665
JG0139b	2	124069375	U:TC[C>A]AA	1	288132.0	373025797
JG0139b	2	124231081	U:TC[T>G]TG	1	161706.0	373187503
JG0139b	2	124422510	U:TG[T>C]CT	1	191429.0	373378932
JG0139b	2	124486080	T:CC[T>C]TT	-1	63570.0	373442502
JG0139b	2	124579861	T:GC[T>G]TA	-1	93781.0	373536283
JG0139b	2	124607646	T:TC[T>G]CC	-1	27785.0	373564068
JG0139b	2	124620922	T:TC[T>G]TT	-1	13276.0	373577344
JG0139b	2	125129710	N:GC[T>G]TA	-1	508788.0	374086132
JG0139b	2	125273276	N:CC[T>C]TA	-1	143566.0	374229698
JG0139b	2	125487697	N:TG[T>G]TA	-1	214421.0	374444119
JG0139b	2	126315783	N:CC[T>G]TC	-1	828086.0	375272205
JG0139b	2	126463960	N:CC[T>G]CA	-1	148177.0	375420382
JG0139b	2	126711230	N:TC[T>C]TA	-1	247270.0	375667652
JG0139b	2	126727302	N:GT[C>T]CT	-1	16072.0	375683724
JG0139b	2	126855049	N:CC[T>C]CC	1	127747.0	375811471
JG0139b	2	127752112	T:CC[T>G]TA	1	897063.0	376708534
JG0139b	2	128045638	N:GC[T>C]GG	-1	293526.0	377002060
JG0139b	2	128216782	N:CC[T>G]TT	1	171144.0	377173204
JG0139b	2	128319131	N:GC[T>C]CC	-1	102349.0	377275553
JG0139b	2	128366232	N:AC[T>C]CC	1	47101.0	377322654
JG0139b	2	128458703	N:AC[T>G]TT	-1	92471.0	377415125
JG0139b	2	129005987	N:AA[C>G]TT	1	547284.0	377962409
JG0139b	2	129265446	N:CC[T>G]TT	1	259459.0	378221868
JG0139b	2	129681887	N:AG[T>A]TG	-1	416441.0	378638309
JG0139b	2	129746220	N:TC[T>A]TT	1	64333.0	378702642
JG0139b	2	129892609	N:AC[T>C]CT	1	146389.0	378849031
JG0139b	2	130130919	N:CC[T>C]CC	-1	238310.0	379087341
JG0139b	2	130145438	N:TC[T>C]CT	-1	14519.0	379101860
JG0139b	2	130242322	N:GC[T>C]CT	-1	96884.0	379198744
JG0139b	2	130328119	N:CC[T>G]TT	1	85797.0	379284541
JG0139b	2	130355907	N:GC[T>G]CC	1	27788.0	379312329
JG0139b	2	130504738	T:AC[T>C]TT	1	148831.0	379461160
JG0139b	2	130699635	N:TC[T>G]TG	1	194897.0	379656057
JG0139b	2	130862365	U:AC[T>G]TG	1	162730.0	379818787
JG0139b	2	131047507	N:TG[T>G]TT	1	185142.0	380003929
JG0139b	2	131073208	T:CC[T>A]CA	1	25701.0	380029630
JG0139b	2	131248859	U:GC[T>A]TG	1	175651.0	380205281
JG0139b	2	131405523	N:AG[T>C]TA	-1	156664.0	380361945
JG0139b	2	131765578	N:GT[T>A]CA	-1	360055.0	380722000
JG0139b	2	132025610	N:TC[T>C]CA	1	260032.0	380982032
JG0139b	2	132381865	N:TC[T>C]TC	-1	356255.0	381338287
JG0139b	2	132420882	T:GC[T>G]AG	-1	39017.0	381377304
JG0139b	2	132449789	U:CC[T>C]TC	1	28907.0	381406211
JG0139b	2	132663466	U:AC[T>C]CC	-1	213677.0	381619888
JG0139b	2	132753537	U:CA[T>G]TT	-1	90071.0	381709959
JG0139b	2	132789431	U:CC[T>C]CT	-1	35894.0	381745853
JG0139b	2	132924146	T:GC[T>C]TT	1	134715.0	381880568
JG0139b	2	132932761	U:CC[T>G]TG	-1	8615.0	381889183
JG0139b	2	132978508	U:TC[C>T]AG	-1	45747.0	381934930
JG0139b	2	133089335	U:AC[T>A]TA	-1	110827.0	382045757
JG0139b	2	133090767	T:TC[T>A]CT	1	1432.0	382047189
JG0139b	2	133397061	U:CC[T>C]GA	-1	306294.0	382353483
JG0139b	2	133480293	U:AC[T>C]CA	-1	83232.0	382436715
JG0139b	2	133551036	U:CC[T>G]TG	-1	70743.0	382507458
JG0139b	2	133725869	N:TG[T>G]CG	1	174833.0	382682291
JG0139b	2	133923637	N:CC[T>C]GT	-1	197768.0	382880059
JG0139b	2	134011078	N:CC[T>G]TC	-1	87441.0	382967500
JG0139b	2	134197385	U:GG[T>A]AG	1	186307.0	383153807
JG0139b	2	134292100	T:CC[T>G]TT	-1	94715.0	383248522
JG0139b	2	134603033	T:TC[T>G]CA	1	310933.0	383559455
JG0139b	2	134647275	U:CC[T>A]CT	-1	44242.0	383603697
JG0139b	2	134994674	U:CC[T>G]TT	-1	347399.0	383951096
JG0139b	2	135021891	U:TC[T>G]TC	-1	27217.0	383978313
JG0139b	2	135148621	B:AC[T>C]CA	-1	126730.0	384105043
JG0139b	2	135365967	U:TC[T>C]TT	-1	217346.0	384322389
JG0139b	2	135487061	T:AA[T>G]TA	1	121094.0	384443483
JG0139b	2	135650859	T:AA[T>A]TG	-1	163798.0	384607281
JG0139b	2	136156419	N:CA[T>G]CC	-1	505560.0	385112841
JG0139b	2	136230104	N:AG[T>G]TT	1	73685.0	385186526
JG0139b	2	136250935	N:GG[T>G]TG	1	20831.0	385207357
JG0139b	2	136358440	N:GC[T>C]GG	-1	107505.0	385314862
JG0139b	2	136630844	N:TC[T>C]TA	-1	272404.0	385587266
JG0139b	2	136805530	T:GC[T>A]GT	-1	174686.0	385761952
JG0139b	2	136940280	U:AC[T>C]TT	1	134750.0	385896702
JG0139b	2	137032511	T:CG[T>G]TT	-1	92231.0	385988933
JG0139b	2	137182147	T:CC[T>G]TT	-1	149636.0	386138569
JG0139b	2	137409096	T:CC[T>C]CT	-1	226949.0	386365518
JG0139b	2	137436386	T:TC[T>G]TT	-1	27290.0	386392808
JG0139b	2	137580883	U:CC[T>G]TA	1	144497.0	386537305
JG0139b	2	137785458	N:TC[T>C]CA	-1	204575.0	386741880
JG0139b	2	137793204	N:TC[T>G]TC	1	7746.0	386749626
JG0139b	2	137844032	N:TG[T>G]TT	-1	50828.0	386800454
JG0139b	2	137974223	U:AG[T>G]TT	1	130191.0	386930645
JG0139b	2	138011014	T:TC[T>C]CA	-1	36791.0	386967436
JG0139b	2	138237769	N:TC[T>G]TC	-1	226755.0	387194191
JG0139b	2	138487038	N:CT[T>G]CC	1	249269.0	387443460
JG0139b	2	139247476	N:TC[T>C]TG	1	760438.0	388203898
JG0139b	2	139657928	N:TG[T>G]TT	-1	410452.0	388614350
JG0139b	2	139807984	N:TC[T>A]GA	-1	150056.0	388764406
JG0139b	2	140448188	T:CC[T>G]TC	1	640204.0	389404610
JG0139b	2	140452166	U:GC[T>C]AC	-1	3978.0	389408588
JG0139b	2	140677293	U:TC[T>G]TT	-1	225127.0	389633715
JG0139b	2	140733243	T:CC[T>C]TA	1	55950.0	389689665
JG0139b	2	141033173	T:AA[C>G]TG	1	299930.0	389989595
JG0139b	2	141175924	U:TG[T>C]CT	-1	142751.0	390132346
JG0139b	2	141317428	T:TG[T>G]TT	1	141504.0	390273850
JG0139b	2	141632852	T:TG[T>G]TA	1	315424.0	390589274
JG0139b	2	142290950	N:TC[T>G]TG	-1	658098.0	391247372
JG0139b	2	142702107	N:CG[T>C]CT	-1	411157.0	391658529
JG0139b	2	142948699	U:CC[T>A]CC	1	246592.0	391905121
JG0139b	2	143036075	U:TT[T>G]TA	1	87376.0	391992497
JG0139b	2	143706699	U:TC[T>C]TC	1	670624.0	392663121
JG0139b	2	144054414	U:GC[T>G]AA	-1	347715.0	393010836
JG0139b	2	144152816	T:GG[T>C]GA	1	98402.0	393109238
JG0139b	2	144279320	T:GC[T>A]TC	1	126504.0	393235742
JG0139b	2	144492384	U:AC[T>G]TG	-1	213064.0	393448806
JG0139b	2	144584274	N:GC[T>G]CA	-1	91890.0	393540696
JG0139b	2	144600720	N:TC[T>A]TC	1	16446.0	393557142
JG0139b	2	144713680	N:CA[T>G]CA	-1	112960.0	393670102
JG0139b	2	144928947	N:TC[T>C]TT	1	215267.0	393885369
JG0139b	2	144995044	N:AG[T>C]TT	-1	66097.0	393951466
JG0139b	2	145086231	N:TC[T>C]TC	-1	91187.0	394042653
JG0139b	2	145092542	N:AC[T>G]TC	-1	6311.0	394048964
JG0139b	2	145104048	N:AC[T>C]TT	1	11506.0	394060470
JG0139b	2	145243643	N:CC[T>C]CC	-1	139595.0	394200065
JG0139b	2	145606764	N:TG[T>A]TA	1	363121.0	394563186
JG0139b	2	145647625	N:AC[T>C]TT	-1	40861.0	394604047
JG0139b	2	146048474	N:TC[T>C]TG	1	400849.0	395004896
JG0139b	2	146717917	N:AC[T>C]GA	1	669443.0	395674339
JG0139b	2	146828651	N:GC[T>C]TT	-1	110734.0	395785073
JG0139b	2	146830067	N:TC[T>A]TT	-1	1416.0	395786489
JG0139b	2	146938058	N:AG[T>C]TC	-1	107991.0	395894480
JG0139b	2	147444591	N:GC[T>C]TT	1	506533.0	396401013
JG0139b	2	148289802	U:AC[T>G]GC	1	845211.0	397246224
JG0139b	2	148459283	U:TC[T>G]TA	1	169481.0	397415705
JG0139b	2	148714086	U:TG[T>C]GG	1	254803.0	397670508
JG0139b	2	148954079	U:TC[T>G]CA	1	239993.0	397910501
JG0139b	2	148963179	T:AG[T>G]TA	-1	9100.0	397919601
JG0139b	2	148977223	U:CC[T>G]TG	1	14044.0	397933645
JG0139b	2	149373687	T:GC[T>C]GA	-1	396464.0	398330109
JG0139b	2	150322796	N:GG[T>G]TT	1	949109.0	399279218
JG0139b	2	150359585	N:GG[T>A]CT	-1	36789.0	399316007
JG0139b	2	150945998	N:TC[T>C]TA	-1	586413.0	399902420
JG0139b	2	151198404	N:TC[T>A]TT	-1	252406.0	400154826
JG0139b	2	151318573	N:TC[T>C]TG	-1	120169.0	400274995
JG0139b	2	151341264	N:AA[T>G]TC	1	22691.0	400297686
JG0139b	2	151666134	U:CC[T>C]TG	-1	324870.0	400622556
JG0139b	2	151989251	T:CC[T>C]TG	1	323117.0	400945673
JG0139b	2	152150740	U:CC[T>G]TG	-1	161489.0	401107162
JG0139b	2	152252587	N:GC[T>C]TC	1	101847.0	401209009
JG0139b	2	152428601	U:TC[T>C]TT	1	176014.0	401385023
JG0139b	2	152429726	U:GC[T>C]CT	1	1125.0	401386148
JG0139b	2	152518218	T:TC[T>A]AC	-1	88492.0	401474640
JG0139b	2	152572123	U:TC[T>C]CA	1	53905.0	401528545
JG0139b	2	152585271	U:AG[T>G]CA	1	13148.0	401541693
JG0139b	2	152633367	T:AC[T>A]CC	-1	48096.0	401589789
JG0139b	2	152993240	N:CC[T>C]TG	-1	359873.0	401949662
JG0139b	2	153040208	N:TC[T>G]TT	1	46968.0	401996630
JG0139b	2	153457495	N:TC[T>G]TT	1	417287.0	402413917
JG0139b	2	153631194	N:TC[T>A]TA	1	173699.0	402587616
JG0139b	2	153696373	N:CC[T>G]AG	1	65179.0	402652795
JG0139b	2	153710694	N:CC[T>G]TG	1	14321.0	402667116
JG0139b	2	153970566	U:AC[T>C]TC	1	259872.0	402926988
JG0139b	2	154196359	T:TC[T>C]TT	-1	225793.0	403152781
JG0139b	2	154205063	U:TC[T>G]TC	1	8704.0	403161485
JG0139b	2	154205953	U:GC[T>G]CT	1	890.0	403162375
JG0139b	2	154255982	T:AC[T>A]TC	-1	50029.0	403212404
JG0139b	2	154608051	N:CC[T>G]GC	1	352069.0	403564473
JG0139b	2	155309298	N:AC[T>G]CT	1	701247.0	404265720
JG0139b	2	155367937	N:GC[T>G]CC	1	58639.0	404324359
JG0139b	2	155396996	N:CC[T>C]CA	-1	29059.0	404353418
JG0139b	2	155456471	N:GC[T>C]TT	-1	59475.0	404412893
JG0139b	2	155541170	N:GC[T>C]GC	1	84699.0	404497592
JG0139b	2	155621810	N:GC[T>G]TT	-1	80640.0	404578232
JG0139b	2	155803877	N:CC[T>G]TC	1	182067.0	404760299
JG0139b	2	155995527	N:CC[T>C]TG	-1	191650.0	404951949
JG0139b	2	156282867	N:AG[T>C]AT	1	287340.0	405239289
JG0139b	2	156404100	N:AG[T>A]TA	-1	121233.0	405360522
JG0139b	2	156874487	N:AC[T>C]TC	1	470387.0	405830909
JG0139b	2	156911740	N:TA[T>G]TA	-1	37253.0	405868162
JG0139b	2	157122810	N:AA[T>C]TC	1	211070.0	406079232
JG0139b	2	158345343	U:GC[T>C]CC	-1	1222533.0	407301765
JG0139b	2	158921764	N:AC[T>G]TG	1	576421.0	407878186
JG0139b	2	158940014	N:TG[T>G]TG	1	18250.0	407896436
JG0139b	2	158946183	N:TC[T>G]TT	-1	6169.0	407902605
JG0139b	2	158972823	T:TC[T>A]CT	-1	26640.0	407929245
JG0139b	2	159248991	T:CC[T>A]TA	1	276168.0	408205413
JG0139b	2	159652512	N:AC[T>C]GT	1	403521.0	408608934
JG0139b	2	159725583	U:TC[T>C]TT	1	73071.0	408682005
JG0139b	2	159866365	T:AC[T>A]TT	1	140782.0	408822787
JG0139b	2	159885057	U:CC[T>A]TT	-1	18692.0	408841479
JG0139b	2	160147187	U:TC[T>C]TT	-1	262130.0	409103609
JG0139b	2	160162653	T:TC[T>G]TG	1	15466.0	409119075
JG0139b	2	160329984	U:TC[T>C]CT	-1	167331.0	409286406
JG0139b	2	160751438	N:AG[T>A]TT	1	421454.0	409707860
JG0139b	2	161141347	T:AC[T>G]TA	-1	389909.0	410097769
JG0139b	2	161511757	N:AG[T>C]TT	-1	370410.0	410468179
JG0139b	2	161522645	N:AC[T>G]CT	-1	10888.0	410479067
JG0139b	2	161616066	N:CC[T>A]TG	-1	93421.0	410572488
JG0139b	2	161645002	T:TC[T>C]CA	-1	28936.0	410601424
JG0139b	2	161807090	U:AC[T>C]CT	1	162088.0	410763512
JG0139b	2	161843034	T:GC[T>C]TC	-1	35944.0	410799456
JG0139b	2	162069635	U:GC[T>G]TG	-1	226601.0	411026057
JG0139b	2	162248839	N:AC[T>C]GA	-1	179204.0	411205261
JG0139b	2	162519502	U:TC[T>C]CC	-1	270663.0	411475924
JG0139b	2	162819471	U:CC[T>C]TC	-1	299969.0	411775893
JG0139b	2	163176212	N:CC[T>C]TT	-1	356741.0	412132634
JG0139b	2	163204158	N:GC[T>G]TT	1	27946.0	412160580
JG0139b	2	163552655	N:CC[T>C]CT	-1	348497.0	412509077
JG0139b	2	164200364	N:AC[T>G]TT	-1	647709.0	413156786
JG0139b	2	164394491	N:TC[T>C]TC	1	194127.0	413350913
JG0139b	2	165023404	N:TC[T>C]TC	1	628913.0	413979826
JG0139b	2	165168610	T:TC[T>C]TT	1	145206.0	414125032
JG0139b	2	165186999	T:CC[T>C]TG	1	18389.0	414143421
JG0139b	2	165205990	N:AC[T>G]TG	-1	18991.0	414162412
JG0139b	2	165241825	T:TT[T>G]TC	-1	35835.0	414198247
JG0139b	2	165431652	N:GC[T>C]TC	1	189827.0	414388074
JG0139b	2	165494320	T:TC[T>A]TT	-1	62668.0	414450742
JG0139b	2	165576473	T:TG[T>C]TT	-1	82153.0	414532895
JG0139b	2	165598030	T:GC[T>G]TT	-1	21557.0	414554452
JG0139b	2	165625579	T:GC[T>C]CA	-1	27549.0	414582001
JG0139b	2	165721340	N:CC[T>G]CC	1	95761.0	414677762
JG0139b	2	165784635	U:TC[T>C]TG	-1	63295.0	414741057
JG0139b	2	166052188	U:TC[T>G]TC	-1	267553.0	415008610
JG0139b	2	166192594	N:AT[C>A]TG	1	140406.0	415149016
JG0139b	2	166222177	U:GG[T>C]TG	-1	29583.0	415178599
JG0139b	2	166320363	T:CC[T>C]TC	1	98186.0	415276785
JG0139b	2	166468270	T:GC[T>G]TG	1	147907.0	415424692
JG0139b	2	166599972	N:TG[T>A]TT	-1	131702.0	415556394
JG0139b	2	166615682	N:TA[T>G]TT	1	15710.0	415572104
JG0139b	2	166988816	T:GG[C>T]GT	-1	373134.0	415945238
JG0139b	2	167001409	U:AC[T>G]TG	1	12593.0	415957831
JG0139b	2	167226685	T:GC[T>C]TT	-1	225276.0	416183107
JG0139b	2	167235776	T:TC[T>A]CT	-1	9091.0	416192198
JG0139b	2	167348193	N:TG[T>G]TT	-1	112417.0	416304615
JG0139b	2	167417527	N:TC[T>G]TA	-1	69334.0	416373949
JG0139b	2	167696584	N:TG[T>G]TC	-1	279057.0	416653006
JG0139b	2	167706760	N:AC[T>A]TA	-1	10176.0	416663182
JG0139b	2	167787601	N:CA[T>G]TT	1	80841.0	416744023
JG0139b	2	167813479	N:CC[T>C]TA	1	25878.0	416769901
JG0139b	2	167885672	N:TC[T>C]TT	-1	72193.0	416842094
JG0139b	2	168290851	N:CC[T>C]TT	1	405179.0	417247273
JG0139b	2	168567404	U:AC[T>C]TT	1	276553.0	417523826
JG0139b	2	168621989	T:AC[T>A]CA	-1	54585.0	417578411
JG0139b	2	169163025	U:AC[T>C]CT	-1	541036.0	418119447
JG0139b	2	169603555	T:AG[T>G]TA	-1	440530.0	418559977
JG0139b	2	169617182	U:CG[T>G]TA	1	13627.0	418573604
JG0139b	2	170240994	U:AT[T>G]CT	1	623812.0	419197416
JG0139b	2	170337437	U:CC[T>C]CT	1	96443.0	419293859
JG0139b	2	170604844	T:AC[T>G]TG	-1	267407.0	419561266
JG0139b	2	170863015	N:AC[T>C]GA	-1	258171.0	419819437
JG0139b	2	170988321	N:TC[T>C]TT	-1	125306.0	419944743
JG0139b	2	171519704	N:AC[T>C]CA	-1	531383.0	420476126
JG0139b	2	171587945	N:CC[T>C]GG	1	68241.0	420544367
JG0139b	2	171674941	N:TC[T>C]AA	-1	86996.0	420631363
JG0139b	2	171693559	T:TG[T>G]TA	-1	18618.0	420649981
JG0139b	2	171816805	U:CC[T>G]TG	-1	123246.0	420773227
JG0139b	2	172078296	U:AC[T>G]TC	1	261491.0	421034718
JG0139b	2	172193718	N:CC[T>A]CT	1	115422.0	421150140
JG0139b	2	172219860	N:TC[T>C]TA	-1	26142.0	421176282
JG0139b	2	172344278	N:AC[T>G]TT	1	124418.0	421300700
JG0139b	2	172507781	N:TC[T>G]TA	-1	163503.0	421464203
JG0139b	2	172922123	T:AC[T>A]TA	-1	414342.0	421878545
JG0139b	2	173020770	T:GC[T>C]CC	-1	98647.0	421977192
JG0139b	2	173028696	T:TC[T>G]CT	-1	7926.0	421985118
JG0139b	2	173354657	N:CT[T>G]TA	-1	325961.0	422311079
JG0139b	2	173453445	N:TC[T>G]TT	1	98788.0	422409867
JG0139b	2	173457623	N:CC[T>C]CC	-1	4178.0	422414045
JG0139b	2	173498371	N:AC[T>C]CT	1	40748.0	422454793
JG0139b	2	173555514	N:TC[T>C]TT	1	57143.0	422511936
JG0139b	2	173640243	N:GC[T>G]AC	-1	84729.0	422596665
JG0139b	2	173837552	N:GC[T>C]TA	-1	197309.0	422793974
JG0139b	2	173862978	N:TC[T>C]TC	-1	25426.0	422819400
JG0139b	2	173871229	N:AC[T>G]TA	-1	8251.0	422827651
JG0139b	2	173898686	N:CC[T>C]GT	1	27457.0	422855108
JG0139b	2	173959803	U:TC[T>C]CG	-1	61117.0	422916225
JG0139b	2	174296717	N:AC[T>C]CA	1	336914.0	423253139
JG0139b	2	174477103	T:GC[T>C]CT	1	180386.0	423433525
JG0139b	2	174584720	T:CC[T>C]GG	1	107617.0	423541142
JG0139b	2	174963905	U:GC[T>C]TA	-1	379185.0	423920327
JG0139b	2	175249229	N:AC[T>C]GT	-1	285324.0	424205651
JG0139b	2	175350744	N:TC[T>C]CT	-1	101515.0	424307166
JG0139b	2	176229643	N:CC[T>C]CA	1	878899.0	425186065
JG0139b	2	176455289	N:TG[T>C]TA	1	225646.0	425411711
JG0139b	2	176979089	N:TC[T>G]TG	-1	523800.0	425935511
JG0139b	2	177117900	N:TC[T>C]CT	-1	138811.0	426074322
JG0139b	2	177743974	T:GC[T>G]TG	1	626074.0	426700396
JG0139b	2	178492954	T:TC[T>G]TT	-1	748980.0	427449376
JG0139b	2	178845817	U:TC[T>G]TC	-1	352863.0	427802239
JG0139b	2	179103362	U:TA[T>G]TG	-1	257545.0	428059784
JG0139b	2	179387074	N:GC[T>C]TT	-1	283712.0	428343496
JG0139b	2	179621046	T:TC[T>G]TG	1	233972.0	428577468
JG0139b	2	179654044	U:TC[T>C]TT	-1	32998.0	428610466
JG0139b	2	179670957	T:AC[T>C]TA	1	16913.0	428627379
JG0139b	2	179958350	U:TC[T>G]TT	-1	287393.0	428914772
JG0139b	2	180212239	N:AC[T>A]TA	-1	253889.0	429168661
JG0139b	2	180228140	N:CC[T>C]TA	1	15901.0	429184562
JG0139b	2	180550027	N:AT[T>G]TC	-1	321887.0	429506449
JG0139b	2	180659567	N:AA[T>G]TG	-1	109540.0	429615989
JG0139b	2	181142754	N:CC[T>G]GT	-1	483187.0	430099176
JG0139b	2	181276664	N:AC[T>C]TT	1	133910.0	430233086
JG0139b	2	181287356	N:AT[T>G]TT	1	10692.0	430243778
JG0139b	2	182180076	T:TC[T>A]TC	1	892720.0	431136498
JG0139b	2	182620592	N:GC[T>G]AG	1	440516.0	431577014
JG0139b	2	182644965	N:GC[T>G]TG	-1	24373.0	431601387
JG0139b	2	183087881	U:CT[T>C]CC	1	442916.0	432044303
JG0139b	2	183273329	N:TC[T>C]TT	1	185448.0	432229751
JG0139b	2	183364077	N:AC[T>A]TT	-1	90748.0	432320499
JG0139b	2	184581671	N:TC[T>C]CT	1	1217594.0	433538093
JG0139b	2	185081931	N:AT[T>G]TT	1	500260.0	434038353
JG0139b	2	185245484	N:TC[T>G]CT	1	163553.0	434201906
JG0139b	2	185501036	N:CC[T>A]TG	1	255552.0	434457458
JG0139b	2	185675538	N:CC[T>A]CT	1	174502.0	434631960
JG0139b	2	186308637	N:AA[T>G]TT	-1	633099.0	435265059
JG0139b	2	186345626	N:TC[T>G]TG	-1	36989.0	435302048
JG0139b	2	186595588	U:TC[T>A]CC	1	249962.0	435552010
JG0139b	2	186903000	N:AG[T>G]TT	-1	307412.0	435859422
JG0139b	2	187121779	N:TC[T>G]TA	1	218779.0	436078201
JG0139b	2	187281386	N:CC[T>C]TT	1	159607.0	436237808
JG0139b	2	187476661	T:TC[T>C]TA	1	195275.0	436433083
JG0139b	2	187497207	U:AC[T>C]TT	-1	20546.0	436453629
JG0139b	2	187821125	N:GT[C>A]TT	-1	323918.0	436777547
JG0139b	2	187950366	N:CC[T>G]TT	-1	129241.0	436906788
JG0139b	2	188060679	N:AC[T>A]CA	1	110313.0	437017101
JG0139b	2	188232020	N:GC[T>C]CA	-1	171341.0	437188442
JG0139b	2	188275454	N:AC[T>G]TC	1	43434.0	437231876
JG0139b	2	188785811	U:TG[T>C]TA	-1	510357.0	437742233
JG0139b	2	189317642	N:AC[T>G]TA	1	531831.0	438274064
JG0139b	2	189391696	N:AC[T>G]TT	-1	74054.0	438348118
JG0139b	2	189917939	N:AC[T>C]TA	1	526243.0	438874361
JG0139b	2	190124630	T:GC[T>A]CA	-1	206691.0	439081052
JG0139b	2	190230292	U:TC[T>C]CT	-1	105662.0	439186714
JG0139b	2	190255779	U:GC[T>C]TT	-1	25487.0	439212201
JG0139b	2	190441138	U:TC[T>C]TT	1	185359.0	439397560
JG0139b	2	190742060	N:GC[T>G]TC	-1	300922.0	439698482
JG0139b	2	191262231	U:TC[T>A]TT	1	520171.0	440218653
JG0139b	2	191405087	U:TG[T>A]CA	1	142856.0	440361509
JG0139b	2	191675778	N:TC[T>G]TA	-1	270691.0	440632200
JG0139b	2	191744916	N:AC[T>C]TC	-1	69138.0	440701338
JG0139b	2	191870476	N:GC[T>A]CC	1	125560.0	440826898
JG0139b	2	192037328	U:TC[T>G]TT	-1	166852.0	440993750
JG0139b	2	192078000	T:CA[T>G]TT	1	40672.0	441034422
JG0139b	2	192263013	N:CT[C>T]CC	1	185013.0	441219435
JG0139b	2	192271733	N:GC[T>C]CA	-1	8720.0	441228155
JG0139b	2	192292066	N:TC[T>G]TT	1	20333.0	441248488
JG0139b	2	192469186	N:TG[T>G]TT	-1	177120.0	441425608
JG0139b	2	192785265	N:CC[T>G]TC	-1	316079.0	441741687
JG0139b	2	192869803	N:TG[T>G]TT	1	84538.0	441826225
JG0139b	2	193940277	N:AC[T>G]TT	1	1070474.0	442896699
JG0139b	2	194103990	N:TC[T>A]TG	1	163713.0	443060412
JG0139b	2	194387169	N:AC[T>G]AA	-1	283179.0	443343591
JG0139b	2	194539778	N:CC[T>C]CA	-1	152609.0	443496200
JG0139b	2	194559113	N:CC[T>C]CT	1	19335.0	443515535
JG0139b	2	194586293	N:TG[T>G]TA	1	27180.0	443542715
JG0139b	2	194660642	N:TC[T>G]TT	1	74349.0	443617064
JG0139b	2	194811387	N:TC[T>C]CC	-1	150745.0	443767809
JG0139b	2	194987340	N:GC[T>A]TA	1	175953.0	443943762
JG0139b	2	195389514	N:GC[T>G]GT	1	402174.0	444345936
JG0139b	2	195396118	N:TC[T>C]CC	-1	6604.0	444352540
JG0139b	2	195493772	N:CC[T>A]TC	1	97654.0	444450194
JG0139b	2	195822174	U:TT[T>G]TT	-1	328402.0	444778596
JG0139b	2	195888587	T:AC[T>G]TT	1	66413.0	444845009
JG0139b	2	196144572	U:CC[T>A]TT	-1	255985.0	445100994
JG0139b	2	196482275	T:CC[T>G]TC	1	337703.0	445438697
JG0139b	2	196526048	T:TC[T>G]CC	1	43773.0	445482470
JG0139b	2	196668177	T:AC[T>C]AC	-1	142129.0	445624599
JG0139b	2	196730277	T:TC[T>A]TC	-1	62100.0	445686699
JG0139b	2	196836908	U:AC[T>G]TG	-1	106631.0	445793330
JG0139b	2	197411584	U:CA[T>G]TC	-1	574676.0	446368006
JG0139b	2	197476441	N:AC[T>C]TG	-1	64857.0	446432863
JG0139b	2	197485454	N:GG[T>A]CA	-1	9013.0	446441876
JG0139b	2	197807526	T:TC[T>C]CA	-1	322072.0	446763948
JG0139b	2	197956043	U:GC[T>C]CC	1	148517.0	446912465
JG0139b	2	198234318	N:AC[T>C]TA	1	278275.0	447190740
JG0139b	2	198441695	N:CC[T>G]TA	-1	207377.0	447398117
JG0139b	2	198704228	N:GC[T>G]TT	1	262533.0	447660650
JG0139b	2	198723164	N:TC[T>C]CC	-1	18936.0	447679586
JG0139b	2	198723242	N:CC[T>G]GG	1	78.0	447679664
JG0139b	2	199136295	N:AG[T>G]TC	-1	413053.0	448092717
JG0139b	2	200294464	N:AC[T>A]TG	-1	1158169.0	449250886
JG0139b	2	200403523	T:GA[T>G]GA	-1	109059.0	449359945
JG0139b	2	200403640	U:AC[T>A]CA	1	117.0	449360062
JG0139b	2	200449672	U:TC[T>G]TT	1	46032.0	449406094
JG0139b	2	200473337	U:TC[T>C]CA	1	23665.0	449429759
JG0139b	2	201157722	T:AG[T>C]CA	-1	684385.0	450114144
JG0139b	2	201794047	U:TC[T>A]TC	1	636325.0	450750469
JG0139b	2	201852333	T:GG[T>G]TA	-1	58286.0	450808755
JG0139b	2	201902470	N:AC[C>A]AA	1	50137.0	450858892
JG0139b	2	202005134	N:TG[T>G]TA	-1	102664.0	450961556
JG0139b	2	202103362	T:TC[T>G]TC	-1	98228.0	451059784
JG0139b	2	202173960	T:GC[T>C]TC	-1	70598.0	451130382
JG0139b	2	202245860	N:AC[T>C]TG	1	71900.0	451202282
JG0139b	2	202486800	T:TC[T>C]CC	-1	240940.0	451443222
JG0139b	2	202531721	U:CC[T>G]CC	1	44921.0	451488143
JG0139b	2	203416005	B:TC[T>C]AT	1	884284.0	452372427
JG0139b	2	203551896	N:CC[T>C]CC	1	135891.0	452508318
JG0139b	2	203615255	N:GC[T>C]AG	1	63359.0	452571677
JG0139b	2	203639302	N:TG[T>G]TA	1	24047.0	452595724
JG0139b	2	203836309	N:CC[T>G]TC	1	197007.0	452792731
JG0139b	2	204280764	N:GC[T>A]TC	-1	444455.0	453237186
JG0139b	2	204469830	N:TC[T>C]TA	1	189066.0	453426252
JG0139b	2	204829016	T:AC[T>C]TG	-1	359186.0	453785438
JG0139b	2	205316248	T:CC[T>C]TT	-1	487232.0	454272670
JG0139b	2	205597912	U:CC[T>G]TT	1	281664.0	454554334
JG0139b	2	205797353	T:TC[T>C]TC	-1	199441.0	454753775
JG0139b	2	205946829	N:TC[T>A]CA	1	149476.0	454903251
JG0139b	2	205999153	U:GC[T>A]CT	-1	52324.0	454955575
JG0139b	2	206749895	U:GC[T>G]TG	-1	750742.0	455706317
JG0139b	2	206831883	N:TC[T>C]TT	-1	81988.0	455788305
JG0139b	2	206879454	N:GG[T>G]TT	1	47571.0	455835876
JG0139b	2	207492964	N:TC[T>G]TA	-1	613510.0	456449386
JG0139b	2	207565820	U:TC[T>G]TG	1	72856.0	456522242
JG0139b	2	207597085	B:CC[T>A]TA	-1	31265.0	456553507
JG0139b	2	208106716	N:AG[T>A]GA	-1	509631.0	457063138
JG0139b	2	208245248	U:TT[T>G]TT	-1	138532.0	457201670
JG0139b	2	208470914	T:CC[T>C]TA	-1	225666.0	457427336
JG0139b	2	208543005	N:TC[T>C]CC	1	72091.0	457499427
JG0139b	2	208713272	N:TC[T>G]TT	-1	170267.0	457669694
JG0139b	2	209170408	N:GC[T>C]TT	1	457136.0	458126830
JG0139b	2	209397304	N:AG[T>C]TT	-1	226896.0	458353726
JG0139b	2	209505338	U:AT[T>G]TT	1	108034.0	458461760
JG0139b	2	209811967	U:AC[T>A]CA	1	306629.0	458768389
JG0139b	2	209818793	U:TC[T>G]TT	1	6826.0	458775215
JG0139b	2	210240456	N:TC[T>G]TA	1	421663.0	459196878
JG0139b	2	210509716	T:GC[T>G]TG	-1	269260.0	459466138
JG0139b	2	210757351	N:AG[T>G]TT	1	247635.0	459713773
JG0139b	2	210768709	N:CC[T>G]TG	1	11358.0	459725131
JG0139b	2	210979164	N:TC[T>C]TT	1	210455.0	459935586
JG0139b	2	211253857	N:AC[T>C]TC	-1	274693.0	460210279
JG0139b	2	211366311	N:AC[T>A]TC	-1	112454.0	460322733
JG0139b	2	211428118	U:GG[T>G]TT	-1	61807.0	460384540
JG0139b	2	211677119	U:TC[T>G]TC	-1	249001.0	460633541
JG0139b	2	211794925	U:AC[T>A]TT	-1	117806.0	460751347
JG0139b	2	211828247	T:CC[T>C]TT	1	33322.0	460784669
JG0139b	2	212251805	T:CA[T>G]TG	1	423558.0	461208227
JG0139b	2	212851915	N:TT[T>G]TT	1	600110.0	461808337
JG0139b	2	212867749	N:CC[T>G]TT	1	15834.0	461824171
JG0139b	2	213504287	T:CC[T>C]TC	-1	636538.0	462460709
JG0139b	2	214423827	U:AC[T>G]TT	1	919540.0	463380249
JG0139b	2	214553951	U:CC[T>G]CA	1	130124.0	463510373
JG0139b	2	214600700	N:AC[T>A]TT	1	46749.0	463557122
JG0139b	2	215042151	U:GC[T>A]CT	-1	441451.0	463998573
JG0139b	2	215051767	U:AG[T>G]CC	-1	9616.0	464008189
JG0139b	2	215676511	N:TC[T>C]CT	1	624744.0	464632933
JG0139b	2	215776790	N:TC[T>G]TA	-1	100279.0	464733212
JG0139b	2	216202832	T:CC[T>G]TA	-1	426042.0	465159254
JG0139b	2	216267352	U:TC[T>G]TT	-1	64520.0	465223774
JG0139b	2	216599383	N:CC[T>G]TG	1	332031.0	465555805
JG0139b	2	216975833	N:AG[T>C]CC	1	376450.0	465932255
JG0139b	2	217035863	N:CC[T>C]GG	1	60030.0	465992285
JG0139b	2	217173843	N:CT[T>A]CA	-1	137980.0	466130265
JG0139b	2	217357430	N:CC[T>G]GG	-1	183587.0	466313852
JG0139b	2	217585983	N:AC[T>G]CA	1	228553.0	466542405
JG0139b	2	217588807	N:AC[T>G]TT	1	2824.0	466545229
JG0139b	2	217788828	N:CC[T>C]CT	-1	200021.0	466745250
JG0139b	2	217874902	T:GC[T>C]TA	1	86074.0	466831324
JG0139b	2	218310297	T:AG[T>C]GA	-1	435395.0	467266719
JG0139b	2	218398045	N:CC[T>A]TC	1	87748.0	467354467
JG0139b	2	218583630	U:AC[T>C]TT	1	185585.0	467540052
JG0139b	2	218665403	U:TC[T>A]CT	-1	81773.0	467621825
JG0139b	2	219060259	T:TC[T>C]TG	1	394856.0	468016681
JG0139b	2	219378098	T:TG[T>G]TT	1	317839.0	468334520
JG0139b	2	219464162	T:CG[T>A]GC	-1	86064.0	468420584
JG0139b	2	219898940	N:AG[T>G]GT	-1	434778.0	468855362
JG0139b	2	219934309	N:AG[T>C]TC	-1	35369.0	468890731
JG0139b	2	220080503	N:GC[T>G]TT	1	146194.0	469036925
JG0139b	2	220207259	N:AC[T>A]GT	-1	126756.0	469163681
JG0139b	2	220411772	N:TC[T>G]TG	1	204513.0	469368194
JG0139b	2	220419601	N:CA[C>G]TC	1	7829.0	469376023
JG0139b	2	220475596	N:GT[T>G]CA	-1	55995.0	469432018
JG0139b	2	220666804	N:AG[C>G]CT	-1	191208.0	469623226
JG0139b	2	220856125	N:AC[T>C]CT	1	189321.0	469812547
JG0139b	2	220898214	N:TC[T>C]TC	-1	42089.0	469854636
JG0139b	2	221100364	N:CC[T>A]CC	-1	202150.0	470056786
JG0139b	2	221339531	N:GC[T>A]TA	-1	239167.0	470295953
JG0139b	2	221405074	N:TG[T>G]TC	-1	65543.0	470361496
JG0139b	2	221648074	N:TC[T>G]TC	1	243000.0	470604496
JG0139b	2	221759545	N:TT[T>G]TT	1	111471.0	470715967
JG0139b	2	222364294	N:TG[T>C]TG	1	604749.0	471320716
JG0139b	2	222377902	N:CC[T>C]TC	-1	13608.0	471334324
JG0139b	2	222870753	T:AC[T>C]TC	-1	492851.0	471827175
JG0139b	2	222891086	T:TC[T>G]TC	-1	20333.0	471847508
JG0139b	2	223129665	N:TC[T>C]AA	1	238579.0	472086087
JG0139b	2	223598494	T:TC[T>A]TC	1	468829.0	472554916
JG0139b	2	224150482	N:TC[T>C]TA	-1	551988.0	473106904
JG0139b	2	224318038	N:GC[T>C]CT	-1	167556.0	473274460
JG0139b	2	224584011	U:AC[T>G]TG	-1	265973.0	473540433
JG0139b	2	224886827	T:GC[T>G]CA	1	302816.0	473843249
JG0139b	2	225017571	T:CC[T>G]TC	1	130744.0	473973993
JG0139b	2	225203627	N:TG[T>G]TC	-1	186056.0	474160049
JG0139b	2	225992376	N:AC[T>G]CA	1	788749.0	474948798
JG0139b	2	226110560	N:CT[T>G]TA	-1	118184.0	475066982
JG0139b	2	227031289	U:TC[T>G]TT	-1	920729.0	475987711
JG0139b	2	227050707	U:CC[T>G]CA	-1	19418.0	476007129
JG0139b	2	227064705	U:GC[T>G]TG	-1	13998.0	476021127
JG0139b	2	227134156	T:CC[T>C]TT	1	69451.0	476090578
JG0139b	2	227552163	U:CC[T>C]TT	1	418007.0	476508585
JG0139b	2	227630212	T:AC[T>C]TG	1	78049.0	476586634
JG0139b	2	227697789	T:AC[T>G]TC	1	67577.0	476654211
JG0139b	2	228033755	T:AC[T>C]GA	1	335966.0	476990177
JG0139b	2	228072967	T:CC[T>G]GG	1	39212.0	477029389
JG0139b	2	228399971	N:TC[T>C]TA	-1	327004.0	477356393
JG0139b	2	228539063	N:TC[T>G]TT	-1	139092.0	477495485
JG0139b	2	228591622	N:TG[T>G]TT	-1	52559.0	477548044
JG0139b	2	228647646	N:AC[T>G]TG	1	56024.0	477604068
JG0139b	2	231103535	T:TC[T>C]GT	-1	2455889.0	480059957
JG0139b	2	231221733	T:CC[T>C]CA	-1	118198.0	480178155
JG0139b	2	231418182	N:TC[T>G]CA	1	196449.0	480374604
JG0139b	2	231538948	N:GC[T>A]CA	-1	120766.0	480495370
JG0139b	2	231559813	N:TC[T>C]CC	-1	20865.0	480516235
JG0139b	2	231570564	N:TC[T>G]TG	-1	10751.0	480526986
JG0139b	2	231724627	N:GC[T>G]TA	1	154063.0	480681049
JG0139b	2	231955056	N:CC[T>A]CC	1	230429.0	480911478
JG0139b	2	232076578	T:AC[T>A]TC	-1	121522.0	481033000
JG0139b	2	233188658	U:GG[T>A]TC	1	1112080.0	482145080
JG0139b	2	233861421	N:AG[T>C]CC	-1	672763.0	482817843
JG0139b	2	233964687	T:AC[T>G]TT	-1	103266.0	482921109
JG0139b	2	234196746	N:TC[T>G]TG	-1	232059.0	483153168
JG0139b	2	234485534	N:CC[T>C]AG	1	288788.0	483441956
JG0139b	2	234508128	N:CC[T>C]GT	-1	22594.0	483464550
JG0139b	2	234719037	N:AC[T>G]TG	1	210909.0	483675459
JG0139b	2	234862854	N:CG[T>G]GT	-1	143817.0	483819276
JG0139b	2	234884886	N:CC[T>G]TT	-1	22032.0	483841308
JG0139b	2	235134718	N:AG[T>C]CT	-1	249832.0	484091140
JG0139b	2	235365112	N:CC[T>A]TC	1	230394.0	484321534
JG0139b	2	235411298	N:CC[T>G]TC	-1	46186.0	484367720
JG0139b	2	235629380	T:TC[T>C]CA	-1	218082.0	484585802
JG0139b	2	236497558	T:CC[T>C]CT	1	868178.0	485453980
JG0139b	2	236734066	N:AC[T>C]CA	-1	236508.0	485690488
JG0139b	2	237074785	N:AC[T>C]CA	-1	340719.0	486031207
JG0139b	2	237202119	N:CC[C>T]AT	1	127334.0	486158541
JG0139b	2	237559584	N:CG[T>G]TT	-1	357465.0	486516006
JG0139b	2	237707029	U:CC[T>C]TG	1	147445.0	486663451
JG0139b	2	237728612	U:CA[T>C]TA	1	21583.0	486685034
JG0139b	2	237994826	T:AC[T>C]TA	-1	266214.0	486951248
JG0139b	2	238161755	U:GG[T>G]TC	1	166929.0	487118177
JG0139b	2	238299947	N:CC[T>C]TT	-1	138192.0	487256369
JG0139b	2	238387481	U:AG[T>G]TG	1	87534.0	487343903
JG0139b	2	238710384	N:GC[T>C]TT	-1	322903.0	487666806
JG0139b	2	239083681	U:TC[T>C]CT	-1	373297.0	488040103
JG0139b	2	239301740	T:CC[T>C]CC	1	218059.0	488258162
JG0139b	2	239601571	N:CC[T>A]TT	1	299831.0	488557993
JG0139b	2	239815525	N:AG[T>A]AT	1	213954.0	488771947
JG0139b	2	240221171	N:AC[T>C]TT	1	405646.0	489177593
JG0139b	2	240363500	N:GC[T>G]TC	-1	142329.0	489319922
JG0139b	2	240393024	N:CC[T>C]CC	-1	29524.0	489349446
JG0139b	2	240544372	T:TG[C>A]AC	1	151348.0	489500794
JG0139b	2	241511824	N:GC[T>G]TT	-1	967452.0	490468246
JG0139b	2	241544389	N:TC[T>A]CA	-1	32565.0	490500811
JG0139b	3	137181	N:TC[T>G]TG	1		491287132
JG0139b	3	137388	N:TC[T>C]TC	1	207.0	491287339
JG0139b	3	194917	N:CC[T>G]TC	1	57529.0	491344868
JG0139b	3	242594	U:TC[T>G]CA	1	47677.0	491392545
JG0139b	3	560443	N:AG[T>G]TT	1	317849.0	491710394
JG0139b	3	787079	N:AC[T>C]CA	-1	226636.0	491937030
JG0139b	3	871347	N:TC[T>C]GA	1	84268.0	492021298
JG0139b	3	935450	N:CC[T>G]CC	-1	64103.0	492085401
JG0139b	3	1219013	T:GC[T>G]TT	-1	283563.0	492368964
JG0139b	3	1573606	N:TC[T>C]AC	1	354593.0	492723557
JG0139b	3	1623488	N:GC[T>G]TA	-1	49882.0	492773439
JG0139b	3	2133291	U:TC[T>C]TA	1	509803.0	493283242
JG0139b	3	2404591	U:GC[T>C]TT	1	271300.0	493554542
JG0139b	3	2593846	T:AC[T>G]TC	-1	189255.0	493743797
JG0139b	3	3047125	T:GC[T>G]TT	-1	453279.0	494197076
JG0139b	3	3171315	U:AC[T>G]TC	-1	124190.0	494321266
JG0139b	3	3365083	N:TC[T>G]TA	1	193768.0	494515034
JG0139b	3	3598519	N:AC[T>G]TG	-1	233436.0	494748470
JG0139b	3	3690247	N:AG[T>G]TA	1	91728.0	494840198
JG0139b	3	4098287	N:GC[T>G]TC	-1	408040.0	495248238
JG0139b	3	4696266	U:AC[T>G]TC	1	597979.0	495846217
JG0139b	3	4737040	U:TC[T>C]CC	1	40774.0	495886991
JG0139b	3	5074537	N:TG[T>G]TG	-1	337497.0	496224488
JG0139b	3	5124824	T:AG[T>G]TA	-1	50287.0	496274775
JG0139b	3	5376586	N:GG[T>G]TG	1	251762.0	496526537
JG0139b	3	5777384	N:CC[T>G]TT	1	400798.0	496927335
JG0139b	3	5835432	N:CC[T>G]TC	1	58048.0	496985383
JG0139b	3	6327051	N:GC[T>C]TC	1	491619.0	497477002
JG0139b	3	6437475	N:TC[T>A]TT	1	110424.0	497587426
JG0139b	3	7086390	U:TT[T>G]TT	1	648915.0	498236341
JG0139b	3	7378555	U:AC[T>C]TC	1	292165.0	498528506
JG0139b	3	7801185	N:GC[T>G]TT	-1	422630.0	498951136
JG0139b	3	7865317	N:GC[T>A]TT	1	64132.0	499015268
JG0139b	3	8023960	N:TC[T>A]TC	1	158643.0	499173911
JG0139b	3	8030091	N:TC[T>G]TA	1	6131.0	499180042
JG0139b	3	8193506	N:AC[T>C]TC	-1	163415.0	499343457
JG0139b	3	8381521	N:TC[T>C]TA	-1	188015.0	499531472
JG0139b	3	8525367	U:TC[T>C]TA	1	143846.0	499675318
JG0139b	3	8569887	T:TC[T>C]AG	-1	44520.0	499719838
JG0139b	3	8841520	T:CC[T>G]TA	1	271633.0	499991471
JG0139b	3	9277765	N:AC[T>G]CT	-1	436245.0	500427716
JG0139b	3	9692804	U:TC[T>A]TC	1	415039.0	500842755
JG0139b	3	9841296	B:GC[T>G]TC	-1	148492.0	500991247
JG0139b	3	10406037	U:CC[T>A]GT	-1	564741.0	501555988
JG0139b	3	10685021	U:TC[T>C]CA	-1	278984.0	501834972
JG0139b	3	10709216	N:GC[T>G]TG	1	24195.0	501859167
JG0139b	3	10803975	N:TC[T>G]TG	-1	94759.0	501953926
JG0139b	3	11169592	T:GC[T>C]CC	-1	365617.0	502319543
JG0139b	3	11631441	T:CC[T>C]TA	1	461849.0	502781392
JG0139b	3	11871736	N:AC[T>C]TT	-1	240295.0	503021687
JG0139b	3	11968302	N:AC[T>C]CC	-1	96566.0	503118253
JG0139b	3	12197510	N:TC[T>C]TG	1	229208.0	503347461
JG0139b	3	12275908	N:CC[T>G]CA	-1	78398.0	503425859
JG0139b	3	12573934	U:TC[T>C]TG	1	298026.0	503723885
JG0139b	3	12756646	U:AC[T>G]CA	-1	182712.0	503906597
JG0139b	3	12911388	U:AC[T>G]TC	-1	154742.0	504061339
JG0139b	3	12959684	T:GC[T>A]AG	1	48296.0	504109635
JG0139b	3	13634397	U:GC[T>G]TG	1	674713.0	504784348
JG0139b	3	13937784	N:AC[T>C]CT	1	303387.0	505087735
JG0139b	3	14126951	T:GC[T>G]CT	-1	189167.0	505276902
JG0139b	3	14231725	N:GC[T>A]TG	-1	104774.0	505381676
JG0139b	3	14815026	T:AC[T>G]CC	-1	583301.0	505964977
JG0139b	3	14830178	U:GC[T>G]TT	1	15152.0	505980129
JG0139b	3	14865392	U:TC[T>G]TT	1	35214.0	506015343
JG0139b	3	14965764	T:GC[T>G]TG	-1	100372.0	506115715
JG0139b	3	15388482	U:CC[T>C]GA	-1	422718.0	506538433
JG0139b	3	15661744	N:TC[T>C]TA	-1	273262.0	506811695
JG0139b	3	15757602	U:AC[T>G]TT	-1	95858.0	506907553
JG0139b	3	15890005	N:TG[T>G]TT	-1	132403.0	507039956
JG0139b	3	15939969	N:AC[T>C]TG	-1	49964.0	507089920
JG0139b	3	16167500	N:AC[T>C]CA	1	227531.0	507317451
JG0139b	3	16272820	U:TC[T>G]TT	1	105320.0	507422771
JG0139b	3	16400789	U:CC[T>C]CT	-1	127969.0	507550740
JG0139b	3	16467845	U:GC[T>C]CC	-1	67056.0	507617796
JG0139b	3	16589983	U:CC[T>G]TC	-1	122138.0	507739934
JG0139b	3	16807998	N:CC[T>C]TT	1	218015.0	507957949
JG0139b	3	17085337	T:CC[T>C]GG	-1	277339.0	508235288
JG0139b	3	17368847	U:TC[T>C]CA	-1	283510.0	508518798
JG0139b	3	17531543	U:CT[T>A]TT	-1	162696.0	508681494
JG0139b	3	18307748	N:AC[T>G]TT	-1	776205.0	509457699
JG0139b	3	18609752	N:CA[T>G]TG	-1	302004.0	509759703
JG0139b	3	18943536	N:GC[T>A]TA	1	333784.0	510093487
JG0139b	3	19684564	N:TC[T>C]TA	1	741028.0	510834515
JG0139b	3	19719980	N:CC[T>C]TT	-1	35416.0	510869931
JG0139b	3	19869814	N:GC[T>G]CT	1	149834.0	511019765
JG0139b	3	20695903	N:AG[T>G]TG	-1	826089.0	511845854
JG0139b	3	20732452	N:TC[T>C]TT	1	36549.0	511882403
JG0139b	3	21164751	N:CC[T>C]CT	-1	432299.0	512314702
JG0139b	3	21341064	N:AG[T>G]TA	-1	176313.0	512491015
JG0139b	3	21928535	U:AC[T>C]GC	-1	587471.0	513078486
JG0139b	3	22144212	U:TT[T>G]TT	-1	215677.0	513294163
JG0139b	3	22410109	N:AC[T>C]TT	-1	265897.0	513560060
JG0139b	3	22505622	N:CA[T>G]TC	1	95513.0	513655573
JG0139b	3	22648381	N:AC[T>G]TG	1	142759.0	513798332
JG0139b	3	23071685	N:GC[T>G]TC	-1	423304.0	514221636
JG0139b	3	23183516	N:TC[T>C]TG	-1	111831.0	514333467
JG0139b	3	23348764	T:AC[T>C]CT	-1	165248.0	514498715
JG0139b	3	23391772	T:AC[T>G]CA	-1	43008.0	514541723
JG0139b	3	23810902	U:AC[T>C]CG	1	419130.0	514960853
JG0139b	3	24282890	U:AC[T>G]TC	-1	471988.0	515432841
JG0139b	3	24585652	N:AC[T>C]TA	1	302762.0	515735603
JG0139b	3	24712969	N:AC[T>C]CA	-1	127317.0	515862920
JG0139b	3	25054654	N:CC[T>G]GC	-1	341685.0	516204605
JG0139b	3	25095827	N:TC[T>C]TC	1	41173.0	516245778
JG0139b	3	25221627	U:AC[T>G]TG	1	125800.0	516371578
JG0139b	3	25409133	U:GC[T>C]GG	1	187506.0	516559084
JG0139b	3	25424131	T:CC[T>C]TC	-1	14998.0	516574082
JG0139b	3	25473095	U:CA[T>C]CC	1	48964.0	516623046
JG0139b	3	25951137	N:CC[T>C]GA	1	478042.0	517101088
JG0139b	3	26203181	N:CC[T>C]CT	-1	252044.0	517353132
JG0139b	3	26419087	N:CC[T>C]TT	1	215906.0	517569038
JG0139b	3	26652132	U:AC[T>C]TC	1	233045.0	517802083
JG0139b	3	26818946	N:TC[T>G]TG	-1	166814.0	517968897
JG0139b	3	27134307	U:TG[T>G]GC	-1	315361.0	518284258
JG0139b	3	27178068	U:GA[T>G]TT	-1	43761.0	518328019
JG0139b	3	27235302	U:TC[T>A]TT	-1	57234.0	518385253
JG0139b	3	27288005	U:AG[T>G]TC	-1	52703.0	518437956
JG0139b	3	27378329	U:CC[T>G]TC	-1	90324.0	518528280
JG0139b	3	27490962	N:TG[T>C]TT	-1	112633.0	518640913
JG0139b	3	27500126	N:AG[T>G]CT	-1	9164.0	518650077
JG0139b	3	27640910	N:CC[T>C]CC	1	140784.0	518790861
JG0139b	3	27650314	N:TG[T>C]AA	-1	9404.0	518800265
JG0139b	3	27748406	N:CC[T>G]TT	1	98092.0	518898357
JG0139b	3	27964259	N:AG[T>G]TT	1	215853.0	519114210
JG0139b	3	28285174	T:GG[T>G]TA	-1	320915.0	519435125
JG0139b	3	28392634	T:TC[T>C]TA	-1	107460.0	519542585
JG0139b	3	28753197	U:CC[T>C]TC	1	360563.0	519903148
JG0139b	3	28985817	U:AC[T>C]TG	1	232620.0	520135768
JG0139b	3	29252145	T:TC[T>C]TG	-1	266328.0	520402096
JG0139b	3	29383440	T:TT[C>A]TT	-1	131295.0	520533391
JG0139b	3	29612621	T:AC[T>G]TT	-1	229181.0	520762572
JG0139b	3	30124546	N:CC[T>G]CT	-1	511925.0	521274497
JG0139b	3	30347609	N:TG[T>C]TA	1	223063.0	521497560
JG0139b	3	30419360	N:TC[T>C]TT	1	71751.0	521569311
JG0139b	3	30553218	N:CT[T>G]TG	-1	133858.0	521703169
JG0139b	3	31771072	U:CC[T>G]CA	-1	1217854.0	522921023
JG0139b	3	32382812	N:AC[T>C]TC	-1	611740.0	523532763
JG0139b	3	32574307	N:AC[T>C]TG	-1	191495.0	523724258
JG0139b	3	33149656	N:AC[T>G]TG	-1	575349.0	524299607
JG0139b	3	33357415	T:GC[T>C]CT	-1	207759.0	524507366
JG0139b	3	33787741	N:TG[T>G]TT	-1	430326.0	524937692
JG0139b	3	34016618	N:TG[T>G]TG	-1	228877.0	525166569
JG0139b	3	34114235	N:AC[T>G]TT	1	97617.0	525264186
JG0139b	3	35110237	N:AA[T>G]CT	1	996002.0	526260188
JG0139b	3	35422634	N:CC[T>A]TG	-1	312397.0	526572585
JG0139b	3	35592034	N:AC[T>C]TC	1	169400.0	526741985
JG0139b	3	35615892	N:TG[T>G]TT	-1	23858.0	526765843
JG0139b	3	35941574	N:CT[T>A]TT	1	325682.0	527091525
JG0139b	3	36012771	N:GC[T>G]TA	1	71197.0	527162722
JG0139b	3	36282997	N:AG[T>A]TG	1	270226.0	527432948
JG0139b	3	36305665	N:AA[T>G]TT	-1	22668.0	527455616
JG0139b	3	36629179	N:CC[T>C]TG	-1	323514.0	527779130
JG0139b	3	36696682	N:AG[T>C]CC	1	67503.0	527846633
JG0139b	3	36826291	N:CC[T>G]TT	-1	129609.0	527976242
JG0139b	3	37260836	U:AG[T>C]TT	1	434545.0	528410787
JG0139b	3	37552993	T:TC[T>C]CC	-1	292157.0	528702944
JG0139b	3	37668387	T:CC[T>C]CC	-1	115394.0	528818338
JG0139b	3	37740913	T:CC[T>G]GG	-1	72526.0	528890864
JG0139b	3	38182271	U:GC[T>G]TG	1	441358.0	529332222
JG0139b	3	38289420	U:TG[T>G]TA	1	107149.0	529439371
JG0139b	3	38603669	U:TC[T>C]CC	-1	314249.0	529753620
JG0139b	3	38609394	T:GC[T>G]CC	1	5725.0	529759345
JG0139b	3	38917391	U:TC[T>G]TG	-1	307997.0	530067342
JG0139b	3	39152994	T:GC[T>C]CC	1	235603.0	530302945
JG0139b	3	39220815	N:GC[T>G]TG	1	67821.0	530370766
JG0139b	3	39827872	U:GA[T>G]TG	1	607057.0	530977823
JG0139b	3	40283272	N:AC[T>G]CT	-1	455400.0	531433223
JG0139b	3	40333930	N:AG[T>C]GC	1	50658.0	531483881
JG0139b	3	40531663	T:AC[T>G]TA	-1	197733.0	531681614
JG0139b	3	40712857	N:TC[T>C]CC	-1	181194.0	531862808
JG0139b	3	40814466	N:TC[T>G]TA	1	101609.0	531964417
JG0139b	3	41167715	N:TC[T>A]TC	-1	353249.0	532317666
JG0139b	3	41390355	T:TG[T>C]CT	1	222640.0	532540306
JG0139b	3	41407816	T:AC[T>A]CT	1	17461.0	532557767
JG0139b	3	41881187	T:TT[T>G]TC	1	473371.0	533031138
JG0139b	3	42145500	T:GG[T>A]TT	-1	264313.0	533295451
JG0139b	3	42167801	T:GG[T>G]TC	-1	22301.0	533317752
JG0139b	3	42177888	T:AC[T>G]TC	-1	10087.0	533327839
JG0139b	3	42529650	T:CC[T>G]TC	-1	351762.0	533679601
JG0139b	3	42671623	N:TC[T>A]TC	1	141973.0	533821574
JG0139b	3	42690869	U:CC[T>C]TC	1	19246.0	533840820
JG0139b	3	42976735	T:TC[T>G]AG	-1	285866.0	534126686
JG0139b	3	43436988	U:AC[T>G]CC	-1	460253.0	534586939
JG0139b	3	44259231	T:AC[T>C]CA	-1	822243.0	535409182
JG0139b	3	44616545	T:TC[T>G]TT	-1	357314.0	535766496
JG0139b	3	44654850	U:TT[T>A]TG	1	38305.0	535804801
JG0139b	3	44739287	N:AC[T>G]TG	-1	84437.0	535889238
JG0139b	3	45117426	U:TC[T>G]AG	-1	378139.0	536267377
JG0139b	3	45337892	N:CC[T>C]TC	1	220466.0	536487843
JG0139b	3	45730199	U:TT[T>G]TT	1	392307.0	536880150
JG0139b	3	45764788	T:CC[T>C]GG	1	34589.0	536914739
JG0139b	3	45911218	U:CC[T>G]TC	-1	146430.0	537061169
JG0139b	3	45994551	U:CC[T>C]TC	-1	83333.0	537144502
JG0139b	3	46086337	N:GC[T>G]TC	-1	91786.0	537236288
JG0139b	3	46094077	N:TA[T>G]TT	-1	7740.0	537244028
JG0139b	3	46737254	U:CC[T>C]TT	-1	643177.0	537887205
JG0139b	3	46760571	U:AC[T>G]TG	-1	23317.0	537910522
JG0139b	3	47442338	T:GC[T>C]CT	1	681767.0	538592289
JG0139b	3	47646994	U:GC[T>G]CA	-1	204656.0	538796945
JG0139b	3	47783814	N:AC[T>C]TC	-1	136820.0	538933765
JG0139b	3	48093124	N:GC[T>G]TA	-1	309310.0	539243075
JG0139b	3	48749435	U:AG[T>C]TG	-1	656311.0	539899386
JG0139b	3	48762084	U:AG[T>G]CC	-1	12649.0	539912035
JG0139b	3	48862257	T:AC[T>G]TT	1	100173.0	540012208
JG0139b	3	49304991	T:CC[T>C]GA	1	442734.0	540454942
JG0139b	3	49433018	N:CC[T>C]CA	-1	128027.0	540582969
JG0139b	3	49543111	N:CC[T>C]TG	-1	110093.0	540693062
JG0139b	3	49626662	U:TG[T>A]TT	1	83551.0	540776613
JG0139b	3	50912262	U:AC[T>C]CT	1	1285600.0	542062213
JG0139b	3	51431612	U:AC[T>C]GT	-1	519350.0	542581563
JG0139b	3	51919418	N:TC[T>A]TA	1	487806.0	543069369
JG0139b	3	52054588	U:CC[T>G]TC	-1	135170.0	543204539
JG0139b	3	52234765	T:CC[T>G]CT	1	180177.0	543384716
JG0139b	3	52681366	B:TG[T>G]TC	1	446601.0	543831317
JG0139b	3	52912404	T:AC[T>C]CC	1	231038.0	544062355
JG0139b	3	53005098	T:AC[T>G]TT	1	92694.0	544155049
JG0139b	3	53462438	U:TT[T>G]TA	1	457340.0	544612389
JG0139b	3	53583801	T:GC[T>G]CT	-1	121363.0	544733752
JG0139b	3	53881126	T:GC[T>G]TA	1	297325.0	545031077
JG0139b	3	54441727	U:TC[T>C]AG	1	560601.0	545591678
JG0139b	3	54449664	U:TC[T>G]GG	1	7937.0	545599615
JG0139b	3	54601951	T:AT[T>G]TT	-1	152287.0	545751902
JG0139b	3	54734878	U:AG[T>A]TC	1	132927.0	545884829
JG0139b	3	54768541	U:TG[T>G]GA	1	33663.0	545918492
JG0139b	3	54791345	T:CC[T>G]TG	-1	22804.0	545941296
JG0139b	3	54896772	T:CC[T>A]TG	-1	105427.0	546046723
JG0139b	3	54898810	T:AC[T>G]TT	-1	2038.0	546048761
JG0139b	3	55175003	N:CC[T>G]TG	1	276193.0	546324954
JG0139b	3	55305761	N:CC[T>G]CA	-1	130758.0	546455712
JG0139b	3	55645909	T:CC[T>C]TT	1	340148.0	546795860
JG0139b	3	55717442	T:CC[T>G]TC	1	71533.0	546867393
JG0139b	3	55994520	U:TC[T>C]CC	-1	277078.0	547144471
JG0139b	3	56067433	T:CC[T>G]TA	1	72913.0	547217384
JG0139b	3	56248187	T:GC[T>G]CA	1	180754.0	547398138
JG0139b	3	56292268	U:AA[T>G]TG	-1	44081.0	547442219
JG0139b	3	56447729	T:CC[T>C]TA	1	155461.0	547597680
JG0139b	3	56640804	U:GG[T>G]TT	-1	193075.0	547790755
JG0139b	3	56755992	T:TC[T>A]CA	1	115188.0	547905943
JG0139b	3	56822538	U:GC[T>C]TT	-1	66546.0	547972489
JG0139b	3	57199063	T:GG[T>G]TC	1	376525.0	548349014
JG0139b	3	57337926	T:TC[T>G]CT	1	138863.0	548487877
JG0139b	3	57446407	T:AC[T>C]CC	1	108481.0	548596358
JG0139b	3	57463754	U:AC[T>G]TT	-1	17347.0	548613705
JG0139b	3	57687340	U:AA[T>G]TG	-1	223586.0	548837291
JG0139b	3	57944334	N:TC[T>G]TT	-1	256994.0	549094285
JG0139b	3	58347300	T:AC[T>G]TA	-1	402966.0	549497251
JG0139b	3	58379622	U:AC[T>C]CT	1	32322.0	549529573
JG0139b	3	58726288	U:AC[T>C]TA	-1	346666.0	549876239
JG0139b	3	58968892	T:TG[T>G]AA	1	242604.0	550118843
JG0139b	3	59152544	N:GC[T>A]TA	1	183652.0	550302495
JG0139b	3	59167888	N:AA[T>G]TC	1	15344.0	550317839
JG0139b	3	59278427	N:TC[T>C]CC	1	110539.0	550428378
JG0139b	3	59371292	N:TC[T>G]TT	-1	92865.0	550521243
JG0139b	3	59381789	N:GC[T>C]TG	-1	10497.0	550531740
JG0139b	3	59672999	N:TC[T>G]CT	1	291210.0	550822950
JG0139b	3	59901175	T:GT[T>C]TA	1	228176.0	551051126
JG0139b	3	60017987	T:TC[T>C]TA	1	116812.0	551167938
JG0139b	3	60281320	T:TG[T>A]GA	1	263333.0	551431271
JG0139b	3	60562148	T:TC[T>G]TA	1	280828.0	551712099
JG0139b	3	61095229	U:CA[T>G]TG	-1	533081.0	552245180
JG0139b	3	61238222	U:CC[T>G]TT	-1	142993.0	552388173
JG0139b	3	61287102	N:GC[T>C]CA	-1	48880.0	552437053
JG0139b	3	61324028	N:CA[T>C]TG	-1	36926.0	552473979
JG0139b	3	62288442	T:CC[T>C]TG	-1	964414.0	553438393
JG0139b	3	62812062	U:AC[T>C]TT	-1	523620.0	553962013
JG0139b	3	62833382	T:CC[T>A]GG	1	21320.0	553983333
JG0139b	3	63504741	U:AC[T>C]TC	1	671359.0	554654692
JG0139b	3	63578532	T:GC[T>A]TC	-1	73791.0	554728483
JG0139b	3	63642693	N:AC[T>C]TG	-1	64161.0	554792644
JG0139b	3	63860959	U:CC[T>C]TT	-1	218266.0	555010910
JG0139b	3	63925158	U:TC[T>C]CG	1	64199.0	555075109
JG0139b	3	64108557	U:TA[T>G]TG	-1	183399.0	555258508
JG0139b	3	64504439	N:AC[T>A]CC	1	395882.0	555654390
JG0139b	3	64713918	N:AC[T>C]TA	-1	209479.0	555863869
JG0139b	3	64746584	N:TC[T>C]CT	-1	32666.0	555896535
JG0139b	3	65167102	N:AG[T>C]TT	1	420518.0	556317053
JG0139b	3	65558422	U:TC[T>C]TG	-1	391320.0	556708373
JG0139b	3	65707382	T:CC[T>C]CG	1	148960.0	556857333
JG0139b	3	65805521	U:TG[T>G]CT	-1	98139.0	556955472
JG0139b	3	66101822	N:TC[T>C]TC	1	296301.0	557251773
JG0139b	3	66717734	N:CC[T>G]TC	1	615912.0	557867685
JG0139b	3	66788214	N:TC[T>G]TC	-1	70480.0	557938165
JG0139b	3	66866536	N:AC[T>G]TA	-1	78322.0	558016487
JG0139b	3	67489411	U:AC[T>G]TC	-1	622875.0	558639362
JG0139b	3	67854953	N:TC[T>C]TT	-1	365542.0	559004904
JG0139b	3	68251797	T:CC[T>A]CC	-1	396844.0	559401748
JG0139b	3	68729762	N:AC[T>G]TG	-1	477965.0	559879713
JG0139b	3	68804965	U:GT[T>G]TA	-1	75203.0	559954916
JG0139b	3	68990916	U:CT[T>G]TT	-1	185951.0	560140867
JG0139b	3	69204368	T:GC[T>G]TG	1	213452.0	560354319
JG0139b	3	69323322	T:AC[T>G]TT	1	118954.0	560473273
JG0139b	3	69483081	T:CC[T>G]AA	1	159759.0	560633032
JG0139b	3	69630715	N:TA[T>G]TT	1	147634.0	560780666
JG0139b	3	69712316	N:TG[T>A]TT	1	81601.0	560862267
JG0139b	3	69883450	T:CC[T>G]TC	-1	171134.0	561033401
JG0139b	3	69971864	N:TC[T>C]AA	-1	88414.0	561121815
JG0139b	3	70520851	N:CT[T>G]TC	1	548987.0	561670802
JG0139b	3	71276265	T:AC[T>G]TA	1	755414.0	562426216
JG0139b	3	71726240	U:AC[T>G]TT	-1	449975.0	562876191
JG0139b	3	72082132	N:GC[T>C]CA	1	355892.0	563232083
JG0139b	3	72517644	N:TC[T>G]CA	1	435512.0	563667595
JG0139b	3	72563223	N:GC[T>G]GT	-1	45579.0	563713174
JG0139b	3	72604957	N:TC[C>A]AA	-1	41734.0	563754908
JG0139b	3	72660141	N:CC[T>G]TG	-1	55184.0	563810092
JG0139b	3	72828871	U:GC[T>G]CT	-1	168730.0	563978822
JG0139b	3	73031043	T:TC[T>C]CT	-1	202172.0	564180994
JG0139b	3	73163428	N:AC[T>G]TA	1	132385.0	564313379
JG0139b	3	73473325	T:CC[T>C]TC	1	309897.0	564623276
JG0139b	3	73880142	N:TC[T>C]GC	-1	406817.0	565030093
JG0139b	3	74402256	U:AG[T>C]GC	-1	522114.0	565552207
JG0139b	3	74807675	N:TT[T>G]TG	-1	405419.0	565957626
JG0139b	3	75120511	N:CC[T>C]GT	1	312836.0	566270462
JG0139b	3	75280976	N:AG[C>A]AG	1	160465.0	566430927
JG0139b	3	75296903	N:TC[T>G]CA	-1	15927.0	566446854
JG0139b	3	75324498	N:AG[T>G]TA	1	27595.0	566474449
JG0139b	3	76364716	T:TG[T>G]TC	-1	1040218.0	567514667
JG0139b	3	76714923	T:AC[T>A]CC	-1	350207.0	567864874
JG0139b	3	76888484	U:TC[T>C]TG	1	173561.0	568038435
JG0139b	3	77299909	T:GC[T>G]TA	-1	411425.0	568449860
JG0139b	3	77427923	U:CG[T>G]TT	1	128014.0	568577874
JG0139b	3	77488964	U:TG[T>G]TT	1	61041.0	568638915
JG0139b	3	77655064	N:TC[T>C]TC	-1	166100.0	568805015
JG0139b	3	77729280	N:TC[T>G]TT	1	74216.0	568879231
JG0139b	3	77822291	N:AC[T>G]TT	-1	93011.0	568972242
JG0139b	3	78159195	N:GG[T>G]TA	-1	336904.0	569309146
JG0139b	3	78165017	N:CC[T>C]TA	1	5822.0	569314968
JG0139b	3	78242543	N:AC[T>C]TT	-1	77526.0	569392494
JG0139b	3	78321518	N:TC[T>C]TA	-1	78975.0	569471469
JG0139b	3	78403761	N:AC[T>G]TG	-1	82243.0	569553712
JG0139b	3	78554791	N:TC[T>C]GT	1	151030.0	569704742
JG0139b	3	78849561	U:AC[T>C]TT	-1	294770.0	569999512
JG0139b	3	78921778	U:TG[T>G]TT	-1	72217.0	570071729
JG0139b	3	78978921	T:TC[T>G]TC	1	57143.0	570128872
JG0139b	3	79262072	U:GC[T>G]TG	-1	283151.0	570412023
JG0139b	3	79441259	T:TC[T>G]TG	1	179187.0	570591210
JG0139b	3	79492057	U:TC[T>C]TG	-1	50798.0	570642008
JG0139b	3	79837679	N:TC[T>A]CA	-1	345622.0	570987630
JG0139b	3	80534022	N:TG[T>C]GC	1	696343.0	571683973
JG0139b	3	80948507	N:AC[T>G]CT	-1	414485.0	572098458
JG0139b	3	81675483	U:CG[C>A]AT	-1	726976.0	572825434
JG0139b	3	81791258	N:AG[T>G]TA	-1	115775.0	572941209
JG0139b	3	81903981	N:TC[T>G]TT	1	112723.0	573053932
JG0139b	3	81934229	N:AA[C>G]TA	1	30248.0	573084180
JG0139b	3	82003780	N:AC[T>C]TT	1	69551.0	573153731
JG0139b	3	82150005	N:GC[T>C]TT	1	146225.0	573299956
JG0139b	3	82233818	N:CC[T>G]TC	-1	83813.0	573383769
JG0139b	3	82479708	N:CC[T>G]TT	1	245890.0	573629659
JG0139b	3	82570927	N:CA[T>A]TC	1	91219.0	573720878
JG0139b	3	82661376	N:CC[T>C]CA	-1	90449.0	573811327
JG0139b	3	82848020	N:CC[T>G]TG	-1	186644.0	573997971
JG0139b	3	82883352	N:CC[T>C]CA	-1	35332.0	574033303
JG0139b	3	82988111	N:AT[T>A]AC	-1	104759.0	574138062
JG0139b	3	83088328	N:CC[T>G]TC	-1	100217.0	574238279
JG0139b	3	83171738	N:AG[T>G]AC	-1	83410.0	574321689
JG0139b	3	84000031	N:AC[T>C]TG	1	828293.0	575149982
JG0139b	3	84347472	N:GC[T>G]TT	-1	347441.0	575497423
JG0139b	3	84366844	N:TG[T>G]AA	1	19372.0	575516795
JG0139b	3	84375476	N:TA[T>G]TG	1	8632.0	575525427
JG0139b	3	84539375	N:GC[T>G]GA	-1	163899.0	575689326
JG0139b	3	84658096	N:CA[T>G]TG	-1	118721.0	575808047
JG0139b	3	84733867	N:TG[T>A]CT	-1	75771.0	575883818
JG0139b	3	84836387	N:TC[T>C]AC	-1	102520.0	575986338
JG0139b	3	84936351	N:GC[T>G]TT	-1	99964.0	576086302
JG0139b	3	84989484	U:TG[T>G]TA	1	53133.0	576139435
JG0139b	3	85245848	T:TC[T>C]TG	-1	256364.0	576395799
JG0139b	3	85540043	U:CC[T>G]TG	1	294195.0	576689994
JG0139b	3	85629599	U:GC[T>G]TG	1	89556.0	576779550
JG0139b	3	85875086	T:AG[T>G]TT	-1	245487.0	577025037
JG0139b	3	86137186	N:AG[T>G]TT	-1	262100.0	577287137
JG0139b	3	86670715	N:TA[T>G]TT	1	533529.0	577820666
JG0139b	3	86928738	N:CC[T>A]TG	1	258023.0	578078689
JG0139b	3	87237521	U:TC[T>G]AC	1	308783.0	578387472
JG0139b	3	87427306	N:TC[T>C]TT	-1	189785.0	578577257
JG0139b	3	87635511	N:TC[T>C]CG	1	208205.0	578785462
JG0139b	3	87714840	N:AC[T>G]TC	1	79329.0	578864791
JG0139b	3	87742163	N:CC[T>G]TC	-1	27323.0	578892114
JG0139b	3	87778670	N:TC[T>C]TC	1	36507.0	578928621
JG0139b	3	88019746	N:GC[T>G]TG	1	241076.0	579169697
JG0139b	3	88844788	N:TC[T>G]TT	-1	825042.0	579994739
JG0139b	3	88982654	N:AC[T>C]TG	1	137866.0	580132605
JG0139b	3	89190062	T:GC[T>G]AC	-1	207408.0	580340013
JG0139b	3	89346913	T:TC[T>G]TT	-1	156851.0	580496864
JG0139b	3	89385240	T:CT[C>A]TT	-1	38327.0	580535191
JG0139b	3	89443356	U:GC[T>C]CA	1	58116.0	580593307
JG0139b	3	89678123	N:TG[T>G]TC	1	234767.0	580828074
JG0139b	3	89687788	N:AG[T>A]CA	1	9665.0	580837739
JG0139b	3	89788153	N:AC[T>A]CC	-1	100365.0	580938104
JG0139b	3	89956021	N:CC[T>C]TT	-1	167868.0	581105972
JG0139b	3	90016615	N:GC[T>G]TT	1	60594.0	581166566
JG0139b	3	90240976	N:AC[T>G]TC	1	224361.0	581390927
JG0139b	3	90628069	N:TG[T>G]AG	-1	387093.0	581778020
JG0139b	3	90639603	N:TA[C>T]CA	1	11534.0	581789554
JG0139b	3	91020198	N:AC[T>G]TC	1	380595.0	582170149
JG0139b	3	91420723	N:CC[T>G]CA	-1	400525.0	582570674
JG0139b	3	91526330	N:TC[T>G]TC	-1	105607.0	582676281
JG0139b	3	91591199	N:AG[T>A]TT	-1	64869.0	582741150
JG0139b	3	91933619	N:TC[T>A]TT	1	342420.0	583083570
JG0139b	3	92412544	N:CC[T>C]TT	1	478925.0	583562495
JG0139b	3	92668358	N:GT[T>G]TT	-1	255814.0	583818309
JG0139b	3	92862430	N:CC[T>A]TC	1	194072.0	584012381
JG0139b	3	93164838	N:TC[T>G]TT	1	302408.0	584314789
JG0139b	3	93341941	N:TC[T>A]GC	1	177103.0	584491892
JG0139b	3	93525136	N:CA[T>G]TC	1	183195.0	584675087
JG0139b	3	94202076	N:TG[T>A]CC	1	676940.0	585352027
JG0139b	3	94451814	N:CC[T>G]CC	1	249738.0	585601765
JG0139b	3	95081742	N:TC[T>G]TC	-1	629928.0	586231693
JG0139b	3	95204428	N:AC[T>G]TA	-1	122686.0	586354379
JG0139b	3	95591262	N:CC[T>C]TA	1	386834.0	586741213
JG0139b	3	95640607	N:AC[T>C]TT	-1	49345.0	586790558
JG0139b	3	95649368	N:AC[T>G]TT	-1	8761.0	586799319
JG0139b	3	95760137	N:CG[T>A]CC	1	110769.0	586910088
JG0139b	3	95764367	N:CC[T>C]TC	1	4230.0	586914318
JG0139b	3	96054090	N:GC[T>G]TC	-1	289723.0	587204041
JG0139b	3	96567230	N:AC[T>C]TG	1	513140.0	587717181
JG0139b	3	96758795	N:GC[T>G]TC	1	191565.0	587908746
JG0139b	3	97398635	T:TC[T>G]TT	-1	639840.0	588548586
JG0139b	3	98521375	U:CC[T>G]CA	-1	1122740.0	589671326
JG0139b	3	98677425	N:GC[T>A]CA	1	156050.0	589827376
JG0139b	3	99202564	N:TC[T>C]CC	-1	525139.0	590352515
JG0139b	3	99396004	N:AG[T>C]AC	-1	193440.0	590545955
JG0139b	3	99552735	N:CA[T>G]TT	-1	156731.0	590702686
JG0139b	3	99842745	B:GG[T>G]TA	1	290010.0	590992696
JG0139b	3	99888080	U:TC[T>G]TC	1	45335.0	591038031
JG0139b	3	100328470	N:GA[T>G]TA	-1	440390.0	591478421
JG0139b	3	100859206	U:CC[T>G]TT	-1	530736.0	592009157
JG0139b	3	100965253	T:TC[T>G]TT	1	106047.0	592115204
JG0139b	3	101344455	U:AC[T>G]TC	-1	379202.0	592494406
JG0139b	3	101410588	T:CC[T>C]GT	1	66133.0	592560539
JG0139b	3	101448900	U:TC[T>G]TC	-1	38312.0	592598851
JG0139b	3	101624877	N:CC[T>G]TA	-1	175977.0	592774828
JG0139b	3	101755872	U:AG[T>G]TG	1	130995.0	592905823
JG0139b	3	101873019	N:GC[T>G]CA	-1	117147.0	593022970
JG0139b	3	101901890	N:TG[T>A]CT	1	28871.0	593051841
JG0139b	3	102960842	N:GG[T>C]CT	1	1058952.0	594110793
JG0139b	3	103453707	N:AG[T>A]TT	-1	492865.0	594603658
JG0139b	3	103965815	N:GC[T>G]TC	-1	512108.0	595115766
JG0139b	3	104015688	N:TT[T>G]TT	1	49873.0	595165639
JG0139b	3	104039566	N:TG[T>G]TA	1	23878.0	595189517
JG0139b	3	104252092	N:AC[T>G]TG	1	212526.0	595402043
JG0139b	3	104864442	N:AC[T>G]TA	1	612350.0	596014393
JG0139b	3	105008906	N:TC[T>A]CA	-1	144464.0	596158857
JG0139b	3	105282030	N:TC[T>C]TG	-1	273124.0	596431981
JG0139b	3	106305539	N:GC[T>C]TG	-1	1023509.0	597455490
JG0139b	3	106327248	N:CC[T>A]TA	-1	21709.0	597477199
JG0139b	3	106351646	N:TC[T>G]TT	1	24398.0	597501597
JG0139b	3	106537007	N:TG[T>A]TC	-1	185361.0	597686958
JG0139b	3	106641135	N:GC[T>G]GC	-1	104128.0	597791086
JG0139b	3	106976572	N:TC[T>G]TC	-1	335437.0	598126523
JG0139b	3	107952215	N:AC[T>G]TT	1	975643.0	599102166
JG0139b	3	108050008	U:CC[T>G]TT	-1	97793.0	599199959
JG0139b	3	108166843	T:AT[T>G]CT	1	116835.0	599316794
JG0139b	3	108364595	U:AA[T>G]TT	1	197752.0	599514546
JG0139b	3	108741662	N:CC[T>A]CC	-1	377067.0	599891613
JG0139b	3	108827842	U:TC[T>G]TG	1	86180.0	599977793
JG0139b	3	108892657	N:CC[T>G]TC	-1	64815.0	600042608
JG0139b	3	108967571	T:TG[T>C]CA	1	74914.0	600117522
JG0139b	3	109387993	N:TC[T>G]TT	1	420422.0	600537944
JG0139b	3	109518109	N:AG[T>C]CT	1	130116.0	600668060
JG0139b	3	109748056	N:TC[T>G]TT	1	229947.0	600898007
JG0139b	3	110150856	N:TC[T>G]TT	1	402800.0	601300807
JG0139b	3	110173255	N:TC[T>G]GC	1	22399.0	601323206
JG0139b	3	110478696	N:CA[T>A]TT	1	305441.0	601628647
JG0139b	3	110515935	N:CC[T>C]CT	1	37239.0	601665886
JG0139b	3	110662167	N:GC[T>C]TG	-1	146232.0	601812118
JG0139b	3	110891621	N:TC[T>G]CA	-1	229454.0	602041572
JG0139b	3	111068263	N:CC[T>G]TT	-1	176642.0	602218214
JG0139b	3	111131502	U:CC[T>A]CT	1	63239.0	602281453
JG0139b	3	111153065	U:AG[T>G]TA	1	21563.0	602303016
JG0139b	3	111838225	U:AC[T>C]CC	1	685160.0	602988176
JG0139b	3	112050064	U:TA[T>A]TC	1	211839.0	603200015
JG0139b	3	112532298	N:AT[T>G]TA	-1	482234.0	603682249
JG0139b	3	113100987	N:TC[T>C]TT	1	568689.0	604250938
JG0139b	3	113629110	U:CG[T>C]TA	1	528123.0	604779061
JG0139b	3	114252826	N:GC[T>G]CC	-1	623716.0	605402777
JG0139b	3	114373230	T:TC[T>C]TA	1	120404.0	605523181
JG0139b	3	114424531	U:AC[T>G]TT	-1	51301.0	605574482
JG0139b	3	114602464	U:CC[T>G]TC	-1	177933.0	605752415
JG0139b	3	114624617	U:TC[T>G]GG	-1	22153.0	605774568
JG0139b	3	114815179	T:TC[T>C]TT	1	190562.0	605965130
JG0139b	3	115138199	T:CC[T>G]TC	1	323020.0	606288150
JG0139b	3	115263370	N:CC[T>G]AT	1	125171.0	606413321
JG0139b	3	115342264	N:AC[T>G]TA	-1	78894.0	606492215
JG0139b	3	115770537	N:AG[T>C]TA	-1	428273.0	606920488
JG0139b	3	115997295	U:TA[T>C]TC	-1	226758.0	607147246
JG0139b	3	116024588	T:TC[T>G]TT	1	27293.0	607174539
JG0139b	3	116227769	U:TC[T>G]TC	-1	203181.0	607377720
JG0139b	3	116604790	U:TC[T>A]CT	-1	377021.0	607754741
JG0139b	3	116906509	U:AC[T>G]TG	-1	301719.0	608056460
JG0139b	3	117088231	T:GC[T>G]TG	1	181722.0	608238182
JG0139b	3	117267502	N:AT[T>C]TA	1	179271.0	608417453
JG0139b	3	117517679	N:AC[T>G]TA	-1	250177.0	608667630
JG0139b	3	117545367	N:GT[T>G]TT	-1	27688.0	608695318
JG0139b	3	117622890	N:AC[T>G]TG	1	77523.0	608772841
JG0139b	3	117840555	N:AG[T>G]TC	-1	217665.0	608990506
JG0139b	3	118144936	N:GG[T>G]TT	1	304381.0	609294887
JG0139b	3	118191923	N:TC[T>C]CA	-1	46987.0	609341874
JG0139b	3	118267264	N:TC[T>G]TA	1	75341.0	609417215
JG0139b	3	118622526	N:AC[T>C]AT	1	355262.0	609772477
JG0139b	3	118862557	N:AC[T>G]TC	-1	240031.0	610012508
JG0139b	3	118958498	T:CA[T>G]TA	1	95941.0	610108449
JG0139b	3	119061264	U:AA[C>G]TG	-1	102766.0	610211215
JG0139b	3	119349197	U:AA[T>G]TG	1	287933.0	610499148
JG0139b	3	119613724	U:TC[T>G]CT	1	264527.0	610763675
JG0139b	3	119754323	T:AG[T>A]TG	-1	140599.0	610904274
JG0139b	3	119961185	T:TC[T>G]CT	1	206862.0	611111136
JG0139b	3	120356899	N:GG[C>A]AG	-1	395714.0	611506850
JG0139b	3	120383662	N:CC[T>C]TG	-1	26763.0	611533613
JG0139b	3	121018636	T:TC[T>A]TC	-1	634974.0	612168587
JG0139b	3	121583770	U:GC[T>C]CT	1	565134.0	612733721
JG0139b	3	121594234	U:AC[T>C]CT	1	10464.0	612744185
JG0139b	3	122035452	N:TC[T>G]TT	-1	441218.0	613185403
JG0139b	3	122061790	U:TC[T>C]TA	1	26338.0	613211741
JG0139b	3	122251671	T:TC[T>G]TT	-1	189881.0	613401622
JG0139b	3	122387498	U:GC[T>C]TG	1	135827.0	613537449
JG0139b	3	122610166	U:TC[T>G]TC	1	222668.0	613760117
JG0139b	3	123173835	N:CC[T>G]TC	-1	563669.0	614323786
JG0139b	3	123809225	T:GG[T>A]TA	1	635390.0	614959176
JG0139b	3	123931436	T:GC[T>A]CT	1	122211.0	615081387
JG0139b	3	124455546	U:CC[T>G]TC	1	524110.0	615605497
JG0139b	3	124675224	U:CC[T>G]TA	1	219678.0	615825175
JG0139b	3	125290069	T:CC[T>G]TC	1	614845.0	616440020
JG0139b	3	125418657	N:TC[T>G]TT	1	128588.0	616568608
JG0139b	3	125455294	T:TC[T>G]GT	1	36637.0	616605245
JG0139b	3	125476194	U:CC[T>C]CC	-1	20900.0	616626145
JG0139b	3	125518861	U:AT[T>G]TT	-1	42667.0	616668812
JG0139b	3	125548930	U:CC[T>C]TA	-1	30069.0	616698881
JG0139b	3	126258221	N:AG[T>A]CT	1	709291.0	617408172
JG0139b	3	126260143	N:CC[T>G]TC	1	1922.0	617410094
JG0139b	3	126617538	U:TC[T>C]CC	-1	357395.0	617767489
JG0139b	3	126706674	T:CC[T>G]CT	-1	89136.0	617856625
JG0139b	3	127310243	N:CC[T>G]TA	-1	603569.0	618460194
JG0139b	3	127452414	N:TC[T>C]TT	-1	142171.0	618602365
JG0139b	3	127908405	T:TC[T>G]TA	1	455991.0	619058356
JG0139b	3	128118766	U:AG[C>A]TG	-1	210361.0	619268717
JG0139b	3	128130734	T:AC[T>G]CC	1	11968.0	619280685
JG0139b	3	128251942	T:AC[T>G]TT	-1	121208.0	619401893
JG0139b	3	128327489	T:CC[T>C]TG	-1	75547.0	619477440
JG0139b	3	128396362	U:CC[T>C]TG	1	68873.0	619546313
JG0139b	3	128491484	T:CC[T>G]TA	1	95122.0	619641435
JG0139b	3	129017207	U:GC[T>C]TC	1	525723.0	620167158
JG0139b	3	129092093	T:TC[T>C]AA	1	74886.0	620242044
JG0139b	3	129391471	N:GC[T>C]CA	-1	299378.0	620541422
JG0139b	3	130045494	N:AC[T>A]CT	-1	654023.0	621195445
JG0139b	3	130052654	N:AC[T>C]CC	-1	7160.0	621202605
JG0139b	3	130172500	N:AC[T>C]TG	-1	119846.0	621322451
JG0139b	3	130252541	N:AC[T>A]TT	-1	80041.0	621402492
JG0139b	3	130538178	N:TC[T>C]TG	-1	285637.0	621688129
JG0139b	3	131796242	T:AC[T>A]TC	1	1258064.0	622946193
JG0139b	3	131889149	T:CC[T>C]TA	1	92907.0	623039100
JG0139b	3	132326420	T:GG[T>C]CA	-1	437271.0	623476371
JG0139b	3	132809850	N:CA[T>G]TT	1	483430.0	623959801
JG0139b	3	133420089	T:GA[T>G]TT	-1	610239.0	624570040
JG0139b	3	133683735	N:AC[T>C]CC	1	263646.0	624833686
JG0139b	3	133974753	T:TC[T>A]CC	1	291018.0	625124704
JG0139b	3	134114007	N:TC[T>G]TT	-1	139254.0	625263958
JG0139b	3	134338462	N:CC[T>C]GA	1	224455.0	625488413
JG0139b	3	134586446	N:AC[T>C]TA	1	247984.0	625736397
JG0139b	3	134617061	B:CC[T>G]TT	-1	30615.0	625767012
JG0139b	3	134965573	T:TC[T>G]TT	-1	348512.0	626115524
JG0139b	3	135462356	N:GC[T>C]TC	-1	496783.0	626612307
JG0139b	3	135770653	N:AC[T>A]CC	-1	308297.0	626920604
JG0139b	3	136085266	U:GC[T>A]CA	1	314613.0	627235217
JG0139b	3	136095320	U:CC[T>G]TT	1	10054.0	627245271
JG0139b	3	136198093	N:CC[T>G]CT	-1	102773.0	627348044
JG0139b	3	136334409	T:GG[T>C]GA	-1	136316.0	627484360
JG0139b	3	136359148	T:AC[T>G]TG	1	24739.0	627509099
JG0139b	3	136813963	N:AC[T>G]TT	-1	454815.0	627963914
JG0139b	3	136992326	U:CC[T>G]TA	1	178363.0	628142277
JG0139b	3	137331032	N:TG[T>G]TG	1	338706.0	628480983
JG0139b	3	137542338	N:GC[T>C]CT	1	211306.0	628692289
JG0139b	3	138214048	T:CC[T>A]CC	-1	671710.0	629363999
JG0139b	3	138814001	T:CT[T>A]TC	1	599953.0	629963952
JG0139b	3	138969823	N:AC[T>C]TT	-1	155822.0	630119774
JG0139b	3	139059261	U:CC[T>A]CT	1	89438.0	630209212
JG0139b	3	139266680	T:CC[T>C]CT	-1	207419.0	630416631
JG0139b	3	139522787	U:CC[T>G]TA	-1	256107.0	630672738
JG0139b	3	139647092	T:CC[T>A]TC	1	124305.0	630797043
JG0139b	3	139729459	N:TC[T>A]CA	-1	82367.0	630879410
JG0139b	3	139928209	N:TC[T>G]TA	1	198750.0	631078160
JG0139b	3	140977151	U:CT[T>G]TT	1	1048942.0	632127102
JG0139b	3	141023063	N:TC[T>C]CA	-1	45912.0	632173014
JG0139b	3	141197380	N:CC[T>G]TG	-1	174317.0	632347331
JG0139b	3	141370837	U:AA[T>G]TC	1	173457.0	632520788
JG0139b	3	142234159	N:CC[T>G]TA	1	863322.0	633384110
JG0139b	3	142237131	N:AC[T>G]TT	1	2972.0	633387082
JG0139b	3	142312430	U:AG[T>G]TT	-1	75299.0	633462381
JG0139b	3	142375805	U:AC[T>A]TA	-1	63375.0	633525756
JG0139b	3	142583673	N:CC[T>A]TT	1	207868.0	633733624
JG0139b	3	142629020	U:AC[T>G]TG	1	45347.0	633778971
JG0139b	3	142933140	N:CC[T>C]CA	1	304120.0	634083091
JG0139b	3	143174266	N:GT[T>C]GT	1	241126.0	634324217
JG0139b	3	143578038	U:AA[T>G]CA	-1	403772.0	634727989
JG0139b	3	143636374	T:TC[T>G]CT	1	58336.0	634786325
JG0139b	3	144165685	N:TC[T>C]TT	1	529311.0	635315636
JG0139b	3	144907189	N:CC[T>A]TA	-1	741504.0	636057140
JG0139b	3	144989043	N:CC[T>C]TT	-1	81854.0	636138994
JG0139b	3	145292814	N:TG[C>A]CT	1	303771.0	636442765
JG0139b	3	145860172	N:TC[T>C]CA	-1	567358.0	637010123
JG0139b	3	146169624	N:GC[T>A]TT	1	309452.0	637319575
JG0139b	3	146554833	N:AA[C>A]AA	-1	385209.0	637704784
JG0139b	3	147033003	N:AA[T>G]TC	1	478170.0	638182954
JG0139b	3	147147969	N:AC[T>G]CT	-1	114966.0	638297920
JG0139b	3	147218800	N:GC[T>G]TC	-1	70831.0	638368751
JG0139b	3	147362756	N:CT[T>A]GA	-1	143956.0	638512707
JG0139b	3	147772098	N:GC[T>G]TG	1	409342.0	638922049
JG0139b	3	147908585	N:TC[T>C]TT	-1	136487.0	639058536
JG0139b	3	147916859	N:AC[T>G]TT	1	8274.0	639066810
JG0139b	3	148222006	N:AG[T>G]TA	1	305147.0	639371957
JG0139b	3	148342796	N:CC[T>G]AG	1	120790.0	639492747
JG0139b	3	148392197	N:TG[T>A]CA	1	49401.0	639542148
JG0139b	3	148412257	N:GC[T>G]GA	1	20060.0	639562208
JG0139b	3	148777317	N:GG[T>C]GT	1	365060.0	639927268
JG0139b	3	148823272	T:AG[T>C]AA	-1	45955.0	639973223
JG0139b	3	148856570	U:TC[T>C]CC	1	33298.0	640006521
JG0139b	3	149007394	T:TT[C>A]AC	-1	150824.0	640157345
JG0139b	3	149188471	U:TG[C>T]AC	-1	181077.0	640338422
JG0139b	3	149388878	N:CC[T>G]TG	1	200407.0	640538829
JG0139b	3	149898632	T:CC[T>A]TA	-1	509754.0	641048583
JG0139b	3	150071888	N:CC[T>C]TC	1	173256.0	641221839
JG0139b	3	150331071	N:CA[T>C]GA	-1	259183.0	641481022
JG0139b	3	150885953	T:AC[T>G]TT	1	554882.0	642035904
JG0139b	3	151109431	U:AC[T>C]TT	1	223478.0	642259382
JG0139b	3	151581668	N:AA[T>C]AA	1	472237.0	642731619
JG0139b	3	151703290	N:AC[T>C]TA	1	121622.0	642853241
JG0139b	3	152178524	N:GC[T>C]TA	-1	475234.0	643328475
JG0139b	3	152276415	T:AC[T>C]TA	-1	97891.0	643426366
JG0139b	3	152555479	N:TC[T>C]TT	-1	279064.0	643705430
JG0139b	3	152722745	N:AC[T>C]CA	-1	167266.0	643872696
JG0139b	3	153023156	N:GG[T>A]TT	-1	300411.0	644173107
JG0139b	3	153266508	N:TC[T>G]TT	-1	243352.0	644416459
JG0139b	3	154463920	N:TC[T>G]TT	1	1197412.0	645613871
JG0139b	3	154591606	N:TC[T>C]CA	1	127686.0	645741557
JG0139b	3	154964959	N:TG[T>A]CA	1	373353.0	646114910
JG0139b	3	155009349	N:CA[T>G]TG	-1	44390.0	646159300
JG0139b	3	155521302	T:AC[T>G]TC	1	511953.0	646671253
JG0139b	3	155619981	T:GC[T>C]TC	1	98679.0	646769932
JG0139b	3	156026773	N:TG[T>C]GA	1	406792.0	647176724
JG0139b	3	156937005	T:AC[T>G]AC	-1	910232.0	648086956
JG0139b	3	157398116	T:AC[T>C]TC	1	461111.0	648548067
JG0139b	3	157928885	N:TG[T>G]TG	-1	530769.0	649078836
JG0139b	3	158031417	N:TC[T>G]TT	-1	102532.0	649181368
JG0139b	3	158073042	N:CC[T>C]TG	-1	41625.0	649222993
JG0139b	3	158089329	N:AC[T>G]TG	1	16287.0	649239280
JG0139b	3	158175901	U:TC[T>A]TC	1	86572.0	649325852
JG0139b	3	158184444	U:TG[T>G]TT	1	8543.0	649334395
JG0139b	3	159396671	T:AC[T>G]CT	-1	1212227.0	650546622
JG0139b	3	159695436	U:AC[T>C]CC	1	298765.0	650845387
JG0139b	3	159964611	N:GC[T>G]TT	1	269175.0	651114562
JG0139b	3	160135526	N:TC[T>C]CA	1	170915.0	651285477
JG0139b	3	160423216	T:AC[T>G]GA	-1	287690.0	651573167
JG0139b	3	160743125	N:TA[T>G]TG	-1	319909.0	651893076
JG0139b	3	160793727	U:AG[T>G]TT	1	50602.0	651943678
JG0139b	3	160810301	U:GC[T>C]CT	1	16574.0	651960252
JG0139b	3	160915189	U:GC[T>C]GA	1	104888.0	652065140
JG0139b	3	161033934	T:GA[T>G]TG	-1	118745.0	652183885
JG0139b	3	161471515	N:TG[T>G]TA	-1	437581.0	652621466
JG0139b	3	161667352	N:TC[T>C]CT	-1	195837.0	652817303
JG0139b	3	161777558	N:AC[T>C]CA	1	110206.0	652927509
JG0139b	3	162144799	N:CC[T>C]AT	1	367241.0	653294750
JG0139b	3	162183535	N:GC[T>C]CA	1	38736.0	653333486
JG0139b	3	162425281	N:AC[T>G]TT	1	241746.0	653575232
JG0139b	3	162812571	N:CC[T>G]TT	1	387290.0	653962522
JG0139b	3	162966821	N:AG[T>G]TT	-1	154250.0	654116772
JG0139b	3	163056907	N:TC[T>G]TA	1	90086.0	654206858
JG0139b	3	163620855	N:TG[T>G]TC	-1	563948.0	654770806
JG0139b	3	163778296	N:GA[T>G]TA	-1	157441.0	654928247
JG0139b	3	163862937	N:GT[T>G]TA	-1	84641.0	655012888
JG0139b	3	164208857	N:CA[T>A]CA	1	345920.0	655358808
JG0139b	3	164475927	N:TC[T>C]TG	1	267070.0	655625878
JG0139b	3	164515254	N:CC[T>G]TT	1	39327.0	655665205
JG0139b	3	164784120	N:TC[T>C]CC	-1	268866.0	655934071
JG0139b	3	164972697	N:CA[T>G]CC	-1	188577.0	656122648
JG0139b	3	165084178	N:AC[T>G]TC	-1	111481.0	656234129
JG0139b	3	165144165	N:TC[T>A]CT	-1	59987.0	656294116
JG0139b	3	165168225	N:CC[T>G]TA	1	24060.0	656318176
JG0139b	3	165297889	N:TG[T>G]TT	1	129664.0	656447840
JG0139b	3	165675039	N:TC[T>C]CA	-1	377150.0	656824990
JG0139b	3	165804105	U:TC[T>C]TT	-1	129066.0	656954056
JG0139b	3	165900098	N:GC[T>C]TT	1	95993.0	657050049
JG0139b	3	165949082	N:TC[T>G]TG	-1	48984.0	657099033
JG0139b	3	165953852	N:AC[T>C]GG	-1	4770.0	657103803
JG0139b	3	166931875	N:TC[T>A]CC	-1	978023.0	658081826
JG0139b	3	167156130	N:TC[T>C]CC	1	224255.0	658306081
JG0139b	3	167738533	T:TC[T>C]TT	-1	582403.0	658888484
JG0139b	3	167795493	U:TC[T>C]CT	1	56960.0	658945444
JG0139b	3	168685613	N:TC[T>C]TC	1	890120.0	659835564
JG0139b	3	168927582	N:TG[T>G]TG	-1	241969.0	660077533
JG0139b	3	168955548	N:TC[T>C]GC	1	27966.0	660105499
JG0139b	3	169154110	T:GC[T>G]TG	1	198562.0	660304061
JG0139b	3	169391433	U:AC[T>G]CC	-1	237323.0	660541384
JG0139b	3	169449046	U:TC[T>G]TT	-1	57613.0	660598997
JG0139b	3	169637299	U:GG[T>A]CT	-1	188253.0	660787250
JG0139b	3	169671012	N:TG[T>G]TT	1	33713.0	660820963
JG0139b	3	169862321	U:TG[T>G]TT	-1	191309.0	661012272
JG0139b	3	170662032	U:AT[C>G]TC	1	799711.0	661811983
JG0139b	3	171211785	U:TA[C>T]TC	-1	549753.0	662361736
JG0139b	3	171359781	T:TC[T>A]TT	1	147996.0	662509732
JG0139b	3	171439899	T:GC[T>G]CA	1	80118.0	662589850
JG0139b	3	172023162	N:AC[T>C]TG	1	583263.0	663173113
JG0139b	3	172369838	U:TA[T>C]CC	1	346676.0	663519789
JG0139b	3	172399234	U:AC[T>C]TA	1	29396.0	663549185
JG0139b	3	172423927	N:AC[T>C]TC	1	24693.0	663573878
JG0139b	3	172569616	N:GC[T>A]TC	1	145689.0	663719567
JG0139b	3	173057629	T:AC[T>C]TA	1	488013.0	664207580
JG0139b	3	173124884	T:CC[T>G]CA	1	67255.0	664274835
JG0139b	3	173930011	U:TC[T>G]TC	1	805127.0	665079962
JG0139b	3	173987271	T:TC[T>G]TC	-1	57260.0	665137222
JG0139b	3	174210602	U:TC[T>C]CT	1	223331.0	665360553
JG0139b	3	174530989	T:GC[T>A]TT	-1	320387.0	665680940
JG0139b	3	174553266	U:AG[T>G]GC	1	22277.0	665703217
JG0139b	3	174783097	U:GC[T>G]TT	1	229831.0	665933048
JG0139b	3	174943236	T:CC[T>C]CA	-1	160139.0	666093187
JG0139b	3	175112147	U:TC[T>C]TC	1	168911.0	666262098
JG0139b	3	175122196	U:CC[T>C]CA	1	10049.0	666272147
JG0139b	3	175233312	T:AG[T>G]CC	-1	111116.0	666383263
JG0139b	3	175940450	N:TC[T>C]CT	-1	707138.0	667090401
JG0139b	3	176221404	N:CC[T>A]AC	-1	280954.0	667371355
JG0139b	3	176272600	N:AG[T>C]CA	-1	51196.0	667422551
JG0139b	3	176583851	N:AC[T>C]GC	-1	311251.0	667733802
JG0139b	3	176778379	N:AA[T>G]TT	1	194528.0	667928330
JG0139b	3	176865356	N:TC[T>C]TG	-1	86977.0	668015307
JG0139b	3	176868721	N:GC[T>G]TG	-1	3365.0	668018672
JG0139b	3	176963812	N:AC[T>G]TC	1	95091.0	668113763
JG0139b	3	177162242	U:TC[T>G]TT	-1	198430.0	668312193
JG0139b	3	177330167	N:CA[T>A]TT	-1	167925.0	668480118
JG0139b	3	177575125	N:CC[T>G]TG	-1	244958.0	668725076
JG0139b	3	177665448	N:TC[T>G]TT	1	90323.0	668815399
JG0139b	3	178172398	N:GC[T>C]CT	-1	506950.0	669322349
JG0139b	3	178287392	T:GC[T>G]TT	-1	114994.0	669437343
JG0139b	3	178441376	T:TC[T>C]GT	-1	153984.0	669591327
JG0139b	3	178675320	U:GT[T>G]TG	1	233944.0	669825271
JG0139b	3	178755553	U:TG[T>G]CA	1	80233.0	669905504
JG0139b	3	178876373	N:CC[T>G]TG	-1	120820.0	670026324
JG0139b	3	179157946	T:TA[T>G]TT	-1	281573.0	670307897
JG0139b	3	179406559	T:TC[T>C]CC	1	248613.0	670556510
JG0139b	3	180048828	N:AC[T>A]TT	-1	642269.0	671198779
JG0139b	3	180106331	N:CC[T>G]TT	-1	57503.0	671256282
JG0139b	3	180186026	N:TC[T>G]CT	1	79695.0	671335977
JG0139b	3	180956247	T:GG[T>A]TT	-1	770221.0	672106198
JG0139b	3	181092302	N:AC[T>G]TC	-1	136055.0	672242253
JG0139b	3	181093613	N:CC[T>C]CC	-1	1311.0	672243564
JG0139b	3	181620751	N:CC[T>G]CA	1	527138.0	672770702
JG0139b	3	181671366	N:GC[C>G]AC	1	50615.0	672821317
JG0139b	3	182338537	N:AC[T>C]TA	-1	667171.0	673488488
JG0139b	3	182676112	N:CC[T>A]CA	1	337575.0	673826063
JG0139b	3	182680511	N:TA[T>C]TG	-1	4399.0	673830462
JG0139b	3	182874019	T:TC[T>G]TA	-1	193508.0	674023970
JG0139b	3	183661852	U:AC[T>G]TC	1	787833.0	674811803
JG0139b	3	183807125	T:TC[T>G]GC	-1	145273.0	674957076
JG0139b	3	184442570	N:CC[T>G]TT	-1	635445.0	675592521
JG0139b	3	184488345	N:AC[T>C]TC	1	45775.0	675638296
JG0139b	3	184748547	N:TC[T>C]TC	-1	260202.0	675898498
JG0139b	3	184846726	U:CC[T>A]CT	1	98179.0	675996677
JG0139b	3	184853148	U:AG[T>G]TA	1	6422.0	676003099
JG0139b	3	185225766	T:TT[C>A]CA	1	372618.0	676375717
JG0139b	3	185354354	T:AC[T>C]TG	-1	128588.0	676504305
JG0139b	3	185439935	U:TG[T>G]TT	1	85581.0	676589886
JG0139b	3	185566836	N:AG[T>G]TG	1	126901.0	676716787
JG0139b	3	186590242	T:AC[T>A]CT	-1	1023406.0	677740193
JG0139b	3	186667347	T:AG[T>G]CA	-1	77105.0	677817298
JG0139b	3	186686418	N:TG[T>G]TC	-1	19071.0	677836369
JG0139b	3	186704306	N:GC[T>A]CC	1	17888.0	677854257
JG0139b	3	186891234	N:CA[T>G]CC	1	186928.0	678041185
JG0139b	3	187165858	U:CC[T>C]TC	-1	274624.0	678315809
JG0139b	3	187320979	N:AC[T>G]GC	-1	155121.0	678470930
JG0139b	3	187332131	N:AC[T>G]TA	1	11152.0	678482082
JG0139b	3	187521321	N:GC[T>G]TG	1	189190.0	678671272
JG0139b	3	187712690	N:AC[T>G]TG	1	191369.0	678862641
JG0139b	3	187788812	N:AC[T>C]TA	-1	76122.0	678938763
JG0139b	3	188036937	N:TG[T>G]TC	-1	248125.0	679186888
JG0139b	3	188047820	N:GC[T>C]CT	1	10883.0	679197771
JG0139b	3	188132571	N:AG[T>A]TA	1	84751.0	679282522
JG0139b	3	188608183	T:GC[T>C]CC	-1	475612.0	679758134
JG0139b	3	188620041	U:AT[T>G]TT	1	11858.0	679769992
JG0139b	3	188852624	U:CT[T>C]CT	1	232583.0	680002575
JG0139b	3	189437682	N:AA[T>A]TC	1	585058.0	680587633
JG0139b	3	189513954	N:GC[T>G]GT	-1	76272.0	680663905
JG0139b	3	189667557	T:GC[T>C]CC	-1	153603.0	680817508
JG0139b	3	189868720	T:AC[T>C]TA	-1	201163.0	681018671
JG0139b	3	189892808	T:GC[T>G]TT	-1	24088.0	681042759
JG0139b	3	190094593	T:AC[T>A]CA	1	201785.0	681244544
JG0139b	3	190302692	N:GA[C>G]TC	-1	208099.0	681452643
JG0139b	3	190471862	N:GC[T>A]CA	1	169170.0	681621813
JG0139b	3	190491784	N:CC[T>C]TC	1	19922.0	681641735
JG0139b	3	190620996	T:TC[T>A]CA	-1	129212.0	681770947
JG0139b	3	190833695	N:AT[T>G]TT	1	212699.0	681983646
JG0139b	3	190949903	N:TG[T>G]TT	1	116208.0	682099854
JG0139b	3	191874023	N:CC[T>C]TA	-1	924120.0	683023974
JG0139b	3	191968930	N:TC[T>C]TC	-1	94907.0	683118881
JG0139b	3	192061345	N:AC[T>C]CT	1	92415.0	683211296
JG0139b	3	192733360	T:GC[T>C]TA	1	672015.0	683883311
JG0139b	3	192902152	T:GC[T>C]CT	1	168792.0	684052103
JG0139b	3	193208179	N:AC[T>G]TC	1	306027.0	684358130
JG0139b	3	193283958	U:AC[T>C]GG	-1	75779.0	684433909
JG0139b	3	193507621	T:AC[T>C]CA	1	223663.0	684657572
JG0139b	3	193526590	T:TC[T>A]TC	1	18969.0	684676541
JG0139b	3	193738015	N:AA[T>G]TA	-1	211425.0	684887966
JG0139b	3	193998645	N:TC[T>G]TG	1	260630.0	685148596
JG0139b	3	194114892	N:GC[T>C]GC	-1	116247.0	685264843
JG0139b	3	194163596	N:TC[T>C]TG	1	48704.0	685313547
JG0139b	3	194563597	N:CC[T>C]CC	1	400001.0	685713548
JG0139b	3	194726719	N:TC[T>C]TT	1	163122.0	685876670
JG0139b	3	195093592	U:AC[T>C]AA	-1	366873.0	686243543
JG0139b	3	196510447	T:CC[T>C]CG	1	1416855.0	687660398
JG0139b	3	196872351	U:CC[T>G]TC	1	361904.0	688022302
JG0139b	3	197064493	T:CC[T>G]TT	1	192142.0	688214444
JG0139b	3	197140755	T:GC[T>G]TA	1	76262.0	688290706
JG0139b	3	197290936	U:TC[T>C]TG	-1	150181.0	688440887
JG0139b	3	198189149	N:TC[T>A]TT	-1	898213.0	689339100
JG0139b	4	498825	U:GC[T>G]TG	-1		689944335
JG0139b	4	550348	N:GC[T>A]CA	-1	51523.0	689995858
JG0139b	4	887965	T:GC[T>C]CA	1	337617.0	690333475
JG0139b	4	1341500	N:CC[T>C]TG	1	453535.0	690787010
JG0139b	4	2368869	T:AC[T>A]TT	1	1027369.0	691814379
JG0139b	4	3169408	U:GC[T>G]TA	1	800539.0	692614918
JG0139b	4	3201953	U:GG[T>G]TT	1	32545.0	692647463
JG0139b	4	3381337	U:TG[T>A]TA	1	179384.0	692826847
JG0139b	4	3488401	T:AC[T>G]GT	-1	107064.0	692933911
JG0139b	4	3582313	N:GC[T>G]TC	1	93912.0	693027823
JG0139b	4	3708578	N:CC[T>A]CT	1	126265.0	693154088
JG0139b	4	3859733	N:GC[T>C]CC	1	151155.0	693305243
JG0139b	4	3871714	N:TC[T>A]CG	-1	11981.0	693317224
JG0139b	4	4534802	T:GC[T>C]CT	1	663088.0	693980312
JG0139b	4	5138137	T:AC[T>G]TG	-1	603335.0	694583647
JG0139b	4	5564044	U:GC[T>C]TG	-1	425907.0	695009554
JG0139b	4	5883620	T:AC[T>G]TT	1	319576.0	695329130
JG0139b	4	5968379	T:GC[T>G]TA	1	84759.0	695413889
JG0139b	4	5987348	T:GG[T>C]TA	1	18969.0	695432858
JG0139b	4	6020721	U:GC[T>C]CA	-1	33373.0	695466231
JG0139b	4	6150790	U:TG[T>C]TT	-1	130069.0	695596300
JG0139b	4	6242600	N:CG[T>A]GA	1	91810.0	695688110
JG0139b	4	6745615	N:CC[T>G]GG	-1	503015.0	696191125
JG0139b	4	6797504	U:GC[T>C]CA	1	51889.0	696243014
JG0139b	4	6854959	U:AA[T>G]TA	1	57455.0	696300469
JG0139b	4	7170284	N:GC[T>G]TG	-1	315325.0	696615794
JG0139b	4	7992658	U:CC[T>C]CC	-1	822374.0	697438168
JG0139b	4	8668050	N:AC[T>C]CC	-1	675392.0	698113560
JG0139b	4	8717732	N:TC[T>G]TT	-1	49682.0	698163242
JG0139b	4	8977569	N:CC[T>C]CT	1	259837.0	698423079
JG0139b	4	9132407	N:AC[T>G]TC	1	154838.0	698577917
JG0139b	4	9245627	T:AC[T>G]TG	-1	113220.0	698691137
JG0139b	4	10067215	N:GA[T>G]TA	1	821588.0	699512725
JG0139b	4	10128544	N:AC[T>A]CG	1	61329.0	699574054
JG0139b	4	10152312	N:GC[T>G]TA	-1	23768.0	699597822
JG0139b	4	10179738	N:AC[T>C]AA	-1	27426.0	699625248
JG0139b	4	10318757	N:CG[T>A]CT	-1	139019.0	699764267
JG0139b	4	10529349	U:CC[T>A]CA	-1	210592.0	699974859
JG0139b	4	10590038	U:TC[T>C]TT	-1	60689.0	700035548
JG0139b	4	10804014	N:TC[T>C]TA	1	213976.0	700249524
JG0139b	4	10815247	N:TG[T>G]CT	-1	11233.0	700260757
JG0139b	4	10936893	N:AC[T>C]CT	-1	121646.0	700382403
JG0139b	4	11003880	N:CC[T>C]GA	-1	66987.0	700449390
JG0139b	4	11071276	N:AG[T>C]CC	-1	67396.0	700516786
JG0139b	4	11412555	T:AC[T>G]TC	1	341279.0	700858065
JG0139b	4	12061638	N:CC[T>G]CA	1	649083.0	701507148
JG0139b	4	12252926	N:AC[T>G]GC	1	191288.0	701698436
JG0139b	4	12313074	N:CA[T>G]TT	1	60148.0	701758584
JG0139b	4	12624907	N:GC[T>C]CT	1	311833.0	702070417
JG0139b	4	12702236	N:TG[T>G]TA	1	77329.0	702147746
JG0139b	4	12878348	N:CC[T>G]CA	1	176112.0	702323858
JG0139b	4	12956544	N:TG[T>C]CC	-1	78196.0	702402054
JG0139b	4	13003792	N:CC[T>A]CC	1	47248.0	702449302
JG0139b	4	13097229	N:GC[T>G]TT	-1	93437.0	702542739
JG0139b	4	13278836	N:TC[T>G]TC	-1	181607.0	702724346
JG0139b	4	13484657	N:AC[T>C]GC	-1	205821.0	702930167
JG0139b	4	13678197	N:TG[T>G]TA	1	193540.0	703123707
JG0139b	4	13971931	N:AC[T>C]TC	-1	293734.0	703417441
JG0139b	4	14026629	N:TC[T>G]CC	-1	54698.0	703472139
JG0139b	4	14199203	N:AG[T>G]TT	1	172574.0	703644713
JG0139b	4	14379420	N:CC[T>G]GG	1	180217.0	703824930
JG0139b	4	15097890	N:TC[T>G]CA	1	718470.0	704543400
JG0139b	4	15405752	U:CC[T>C]TC	1	307862.0	704851262
JG0139b	4	15684172	U:TC[T>A]TT	1	278420.0	705129682
JG0139b	4	15807000	T:AA[T>G]CT	-1	122828.0	705252510
JG0139b	4	16002928	U:CC[T>A]CC	-1	195928.0	705448438
JG0139b	4	16118221	N:TC[T>G]TA	-1	115293.0	705563731
JG0139b	4	16208810	T:CC[T>C]TC	1	90589.0	705654320
JG0139b	4	16344138	N:TC[T>G]TC	-1	135328.0	705789648
JG0139b	4	16616432	U:CC[T>C]TC	-1	272294.0	706061942
JG0139b	4	16775197	U:GC[T>G]TA	-1	158765.0	706220707
JG0139b	4	16936229	N:AC[T>A]TG	-1	161032.0	706381739
JG0139b	4	17689481	U:GC[T>A]TT	-1	753252.0	707134991
JG0139b	4	17905954	U:GC[T>G]TC	-1	216473.0	707351464
JG0139b	4	18289068	N:TC[T>A]CA	1	383114.0	707734578
JG0139b	4	19009532	N:AG[T>G]GA	-1	720464.0	708455042
JG0139b	4	19272671	N:GA[T>G]TC	1	263139.0	708718181
JG0139b	4	19567752	N:AC[T>G]TA	-1	295081.0	709013262
JG0139b	4	19598671	N:TT[C>A]AA	1	30919.0	709044181
JG0139b	4	19870288	N:AC[T>G]TA	-1	271617.0	709315798
JG0139b	4	20038781	N:TC[T>G]TC	1	168493.0	709484291
JG0139b	4	20783954	U:TC[T>C]CA	-1	745173.0	710229464
JG0139b	4	20904185	U:AG[T>C]TA	-1	120231.0	710349695
JG0139b	4	20910037	T:AG[T>G]TT	1	5852.0	710355547
JG0139b	4	21004528	T:AC[T>C]CC	1	94491.0	710450038
JG0139b	4	21067831	U:TG[T>G]TC	-1	63303.0	710513341
JG0139b	4	21077872	U:AC[T>C]TC	-1	10041.0	710523382
JG0139b	4	21080951	T:CC[T>A]CC	1	3079.0	710526461
JG0139b	4	21413937	T:AC[T>C]TA	1	332986.0	710859447
JG0139b	4	21504356	T:GC[T>A]AC	1	90419.0	710949866
JG0139b	4	21689127	T:AC[T>A]TA	1	184771.0	711134637
JG0139b	4	21955491	N:AC[T>G]TT	1	266364.0	711401001
JG0139b	4	22038483	N:AC[T>G]TA	-1	82992.0	711483993
JG0139b	4	22622591	N:AC[T>A]CT	1	584108.0	712068101
JG0139b	4	22744613	N:GC[T>A]TG	-1	122022.0	712190123
JG0139b	4	22776930	N:AC[T>C]TT	1	32317.0	712222440
JG0139b	4	22882649	N:GC[T>G]TA	-1	105719.0	712328159
JG0139b	4	23085365	N:TA[T>A]TT	1	202716.0	712530875
JG0139b	4	23508166	N:AC[T>C]CC	-1	422801.0	712953676
JG0139b	4	23803596	T:TC[T>C]TG	1	295430.0	713249106
JG0139b	4	24042945	N:CC[T>C]TG	1	239349.0	713488455
JG0139b	4	24240313	N:TC[T>G]TT	1	197368.0	713685823
JG0139b	4	24676077	N:AC[T>A]CA	1	435764.0	714121587
JG0139b	4	24869895	U:AC[T>G]TT	-1	193818.0	714315405
JG0139b	4	25136767	U:GC[T>G]TA	-1	266872.0	714582277
JG0139b	4	25617151	N:CC[T>G]CG	-1	480384.0	715062661
JG0139b	4	25650564	T:TC[T>A]CT	-1	33413.0	715096074
JG0139b	4	25943059	N:TC[T>G]GA	1	292495.0	715388569
JG0139b	4	26166542	U:CC[T>C]TT	1	223483.0	715612052
JG0139b	4	26400545	U:TC[T>A]TG	1	234003.0	715846055
JG0139b	4	26413454	T:AC[T>C]CT	-1	12909.0	715858964
JG0139b	4	26520501	N:GC[T>G]TT	-1	107047.0	715966011
JG0139b	4	26642716	T:AT[T>G]TT	-1	122215.0	716088226
JG0139b	4	26799888	N:TC[T>C]TC	-1	157172.0	716245398
JG0139b	4	26914056	T:TT[C>G]CA	-1	114168.0	716359566
JG0139b	4	27163412	N:CC[T>C]CA	1	249356.0	716608922
JG0139b	4	27177586	N:TC[T>C]CT	1	14174.0	716623096
JG0139b	4	27773492	N:CC[T>C]TT	1	595906.0	717219002
JG0139b	4	27788770	N:TG[T>G]TA	-1	15278.0	717234280
JG0139b	4	27875452	N:TC[T>C]TT	1	86682.0	717320962
JG0139b	4	28019377	N:CG[T>G]TT	1	143925.0	717464887
JG0139b	4	28326184	N:CT[C>A]TG	1	306807.0	717771694
JG0139b	4	28403698	N:GC[T>G]CA	1	77514.0	717849208
JG0139b	4	28648062	N:GC[T>C]TT	1	244364.0	718093572
JG0139b	4	28753809	N:TC[T>G]TC	-1	105747.0	718199319
JG0139b	4	28842547	N:AC[T>C]TA	-1	88738.0	718288057
JG0139b	4	28987350	N:GC[T>C]GA	1	144803.0	718432860
JG0139b	4	29245927	N:TC[T>G]TA	1	258577.0	718691437
JG0139b	4	29406085	N:TC[T>C]TC	1	160158.0	718851595
JG0139b	4	29414670	N:GT[C>T]TC	-1	8585.0	718860180
JG0139b	4	29895211	N:GC[T>A]GG	1	480541.0	719340721
JG0139b	4	30027564	N:TC[T>C]CT	1	132353.0	719473074
JG0139b	4	30233940	N:CA[T>G]TT	-1	206376.0	719679450
JG0139b	4	30312382	N:TC[T>G]TT	-1	78442.0	719757892
JG0139b	4	30943593	U:CC[T>G]GC	1	631211.0	720389103
JG0139b	4	31285439	N:TC[T>G]TC	1	341846.0	720730949
JG0139b	4	31512975	N:TC[T>C]TC	-1	227536.0	720958485
JG0139b	4	31894606	N:CC[T>G]TT	1	381631.0	721340116
JG0139b	4	32339074	N:TC[T>A]CT	1	444468.0	721784584
JG0139b	4	32944148	N:AC[T>G]TC	1	605074.0	722389658
JG0139b	4	32951962	N:CC[T>G]TT	-1	7814.0	722397472
JG0139b	4	33197868	N:TC[T>C]TG	-1	245906.0	722643378
JG0139b	4	33406338	N:TC[T>C]CT	-1	208470.0	722851848
JG0139b	4	33756708	N:CC[T>G]CC	1	350370.0	723202218
JG0139b	4	33860987	N:TC[T>A]TC	1	104279.0	723306497
JG0139b	4	34618143	N:AC[T>A]CC	1	757156.0	724063653
JG0139b	4	34829032	N:TG[T>G]TG	1	210889.0	724274542
JG0139b	4	34870897	N:AG[T>G]TT	-1	41865.0	724316407
JG0139b	4	34970517	N:TC[T>G]CA	1	99620.0	724416027
JG0139b	4	35239850	N:TC[T>G]TT	1	269333.0	724685360
JG0139b	4	35256704	N:GC[T>G]TA	1	16854.0	724702214
JG0139b	4	35583169	N:AG[T>C]TA	-1	326465.0	725028679
JG0139b	4	35694848	N:CC[T>G]GG	1	111679.0	725140358
JG0139b	4	36431111	N:AC[T>G]CT	1	736263.0	725876621
JG0139b	4	36598031	N:CC[T>G]GT	1	166920.0	726043541
JG0139b	4	36657362	N:AG[T>G]TC	-1	59331.0	726102872
JG0139b	4	37195455	N:GC[T>C]TT	1	538093.0	726640965
JG0139b	4	37223971	N:GC[T>A]TC	-1	28516.0	726669481
JG0139b	4	37695700	N:TC[T>G]CT	1	471729.0	727141210
JG0139b	4	38614130	N:CC[T>G]TC	-1	918430.0	728059640
JG0139b	4	38760424	N:GT[C>A]TC	1	146294.0	728205934
JG0139b	4	38887192	U:AC[T>C]CA	1	126768.0	728332702
JG0139b	4	39083391	T:CC[T>C]CC	-1	196199.0	728528901
JG0139b	4	39360031	U:TT[T>G]TT	-1	276640.0	728805541
JG0139b	4	39826566	U:GC[T>G]TG	-1	466535.0	729272076
JG0139b	4	40130959	T:GC[T>C]CT	-1	304393.0	729576469
JG0139b	4	40223096	U:TC[T>C]TA	1	92137.0	729668606
JG0139b	4	40270183	N:TC[T>G]TA	-1	47087.0	729715693
JG0139b	4	40307688	N:TC[T>C]TT	-1	37505.0	729753198
JG0139b	4	40701872	N:CA[T>G]TC	1	394184.0	730147382
JG0139b	4	40961305	T:TC[T>G]CC	1	259433.0	730406815
JG0139b	4	41157215	U:CC[T>G]CG	-1	195910.0	730602725
JG0139b	4	41277477	N:AC[T>G]TC	-1	120262.0	730722987
JG0139b	4	41283489	N:AC[T>G]TT	1	6012.0	730728999
JG0139b	4	41448736	U:CC[T>G]TT	1	165247.0	730894246
JG0139b	4	41516747	T:CC[T>C]CT	-1	68011.0	730962257
JG0139b	4	43332942	N:AG[T>C]AA	1	1816195.0	732778452
JG0139b	4	43773741	N:TG[T>G]TA	-1	440799.0	733219251
JG0139b	4	43850752	N:AG[T>G]TC	1	77011.0	733296262
JG0139b	4	43909832	N:AC[T>G]TT	-1	59080.0	733355342
JG0139b	4	43949356	N:TC[T>C]TT	-1	39524.0	733394866
JG0139b	4	44070663	N:GC[T>C]TC	1	121307.0	733516173
JG0139b	4	44259074	T:AC[T>G]TG	1	188411.0	733704584
JG0139b	4	44598749	N:GC[T>A]GC	1	339675.0	734044259
JG0139b	4	44862904	N:GC[T>G]TA	-1	264155.0	734308414
JG0139b	4	45370209	N:AG[T>G]TT	-1	507305.0	734815719
JG0139b	4	45379263	N:CC[T>C]TG	1	9054.0	734824773
JG0139b	4	45507517	N:AG[C>A]AC	1	128254.0	734953027
JG0139b	4	45657034	N:GC[T>C]GG	1	149517.0	735102544
JG0139b	4	46311743	T:GC[T>C]TT	1	654709.0	735757253
JG0139b	4	46344800	U:TC[T>C]TA	-1	33057.0	735790310
JG0139b	4	46360388	U:TC[T>G]TG	-1	15588.0	735805898
JG0139b	4	46413014	T:AA[T>G]TG	1	52626.0	735858524
JG0139b	4	46754031	T:GT[T>A]AG	1	341017.0	736199541
JG0139b	4	46987953	T:CC[T>C]CT	1	233922.0	736433463
JG0139b	4	47208993	U:TG[T>G]TA	1	221040.0	736654503
JG0139b	4	47239240	T:CA[T>G]TG	-1	30247.0	736684750
JG0139b	4	47426603	N:CC[T>C]TT	-1	187363.0	736872113
JG0139b	4	47760061	T:TT[T>G]TC	1	333458.0	737205571
JG0139b	4	47876033	T:TC[T>G]TA	1	115972.0	737321543
JG0139b	4	47999714	T:AC[T>C]TC	1	123681.0	737445224
JG0139b	4	48023744	U:AC[T>C]TG	1	24030.0	737469254
JG0139b	4	48449605	N:TT[T>G]TT	-1	425861.0	737895115
JG0139b	4	48952115	N:CC[T>G]TT	1	502510.0	738397625
JG0139b	4	49598021	N:AC[T>C]TC	1	645906.0	739043531
JG0139b	4	49709461	N:AC[T>G]TT	-1	111440.0	739154971
JG0139b	4	49723257	N:AC[T>G]TC	-1	13796.0	739168767
JG0139b	4	49998350	N:CC[T>C]CA	-1	275093.0	739443860
JG0139b	4	50043391	N:GC[T>G]TT	1	45041.0	739488901
JG0139b	4	50494145	N:AC[T>C]CA	-1	450754.0	739939655
JG0139b	4	51349258	N:CC[T>A]TC	-1	855113.0	740794768
JG0139b	4	51578909	N:CG[T>C]TG	1	229651.0	741024419
JG0139b	4	52531759	N:TG[T>C]TT	-1	952850.0	741977269
JG0139b	4	52741054	N:TC[T>C]TT	-1	209295.0	742186564
JG0139b	4	52933671	T:TC[T>G]TA	1	192617.0	742379181
JG0139b	4	53086811	T:AT[T>C]TG	1	153140.0	742532321
JG0139b	4	53349807	T:TC[T>G]TT	1	262996.0	742795317
JG0139b	4	54485006	N:GC[T>A]TT	1	1135199.0	743930516
JG0139b	4	54598373	N:TC[T>C]TT	-1	113367.0	744043883
JG0139b	4	55021864	N:TC[T>A]CC	-1	423491.0	744467374
JG0139b	4	55591210	U:TT[C>A]TC	-1	569346.0	745036720
JG0139b	4	55703090	N:TC[T>A]TG	-1	111880.0	745148600
JG0139b	4	55789171	N:CC[T>C]TG	-1	86081.0	745234681
JG0139b	4	56345764	U:TC[T>G]TA	-1	556593.0	745791274
JG0139b	4	56633981	N:GC[T>G]TT	-1	288217.0	746079491
JG0139b	4	56646525	N:CC[T>G]TG	1	12544.0	746092035
JG0139b	4	56849078	N:GC[C>A]TG	-1	202553.0	746294588
JG0139b	4	57009876	U:GC[T>A]TA	1	160798.0	746455386
JG0139b	4	57118014	N:TC[T>G]TA	1	108138.0	746563524
JG0139b	4	57338773	N:TC[T>A]CA	1	220759.0	746784283
JG0139b	4	57554905	N:GC[T>G]TG	-1	216132.0	747000415
JG0139b	4	57629014	N:AC[T>C]TA	1	74109.0	747074524
JG0139b	4	58875977	N:CC[T>C]TG	1	1246963.0	748321487
JG0139b	4	58930349	N:TC[T>G]GG	1	54372.0	748375859
JG0139b	4	59034021	N:AC[T>C]TG	1	103672.0	748479531
JG0139b	4	59070695	N:CC[T>G]CT	-1	36674.0	748516205
JG0139b	4	59185306	N:CC[T>G]TG	-1	114611.0	748630816
JG0139b	4	59252765	N:AG[T>G]TA	1	67459.0	748698275
JG0139b	4	59380514	N:CC[T>C]TT	-1	127749.0	748826024
JG0139b	4	59418639	N:TA[T>G]TT	1	38125.0	748864149
JG0139b	4	59467618	N:GC[T>G]CC	1	48979.0	748913128
JG0139b	4	59718145	N:CT[T>G]CC	1	250527.0	749163655
JG0139b	4	59828978	N:AC[T>G]TA	-1	110833.0	749274488
JG0139b	4	60113768	N:TG[T>G]TT	1	284790.0	749559278
JG0139b	4	60385959	N:GC[T>C]CA	-1	272191.0	749831469
JG0139b	4	60935240	N:TA[T>G]TT	-1	549281.0	750380750
JG0139b	4	61259150	U:GG[T>C]GC	1	323910.0	750704660
JG0139b	4	61331842	U:TG[T>G]CA	1	72692.0	750777352
JG0139b	4	61536396	U:GC[T>G]CA	1	204554.0	750981906
JG0139b	4	61805444	U:TC[T>G]TT	1	269048.0	751250954
JG0139b	4	61831992	T:AC[T>C]CA	-1	26548.0	751277502
JG0139b	4	61913001	T:CC[T>A]CT	-1	81009.0	751358511
JG0139b	4	61989284	U:AC[T>C]TA	1	76283.0	751434794
JG0139b	4	62094252	N:AT[T>G]TC	1	104968.0	751539762
JG0139b	4	62106134	N:CC[T>C]GT	1	11882.0	751551644
JG0139b	4	62159580	N:AC[T>C]GA	-1	53446.0	751605090
JG0139b	4	62710853	N:TC[T>G]TT	1	551273.0	752156363
JG0139b	4	62731261	N:TC[T>G]TA	-1	20408.0	752176771
JG0139b	4	63478227	N:AG[T>G]TT	-1	746966.0	752923737
JG0139b	4	63926376	N:AC[T>C]TG	-1	448149.0	753371886
JG0139b	4	64206963	N:AT[T>G]GG	-1	280587.0	753652473
JG0139b	4	64590104	N:GC[T>G]TG	1	383141.0	754035614
JG0139b	4	64857586	N:TG[T>A]TC	1	267482.0	754303096
JG0139b	4	65183939	N:TC[T>C]GT	-1	326353.0	754629449
JG0139b	4	65916491	N:CC[T>C]CT	-1	732552.0	755362001
JG0139b	4	66073147	N:TC[T>A]AA	1	156656.0	755518657
JG0139b	4	66111534	N:AC[T>C]TT	-1	38387.0	755557044
JG0139b	4	66503848	N:CT[C>T]AA	1	392314.0	755949358
JG0139b	4	66933059	N:TC[T>C]CA	-1	429211.0	756378569
JG0139b	4	67773002	N:TC[T>G]CT	1	839943.0	757218512
JG0139b	4	67905880	N:TC[T>C]AG	1	132878.0	757351390
JG0139b	4	68581963	N:TC[T>G]TC	-1	676083.0	758027473
JG0139b	4	68674911	N:GC[T>C]CT	1	92948.0	758120421
JG0139b	4	69352666	N:TC[T>C]CA	-1	677755.0	758798176
JG0139b	4	69940029	U:TC[T>C]CT	1	587363.0	759385539
JG0139b	4	70861960	N:AG[T>G]TC	-1	921931.0	760307470
JG0139b	4	70872600	N:TC[T>G]TA	-1	10640.0	760318110
JG0139b	4	71055722	N:CC[T>A]TA	-1	183122.0	760501232
JG0139b	4	71487368	U:TC[T>C]CT	1	431646.0	760932878
JG0139b	4	71535757	T:CC[T>G]TC	-1	48389.0	760981267
JG0139b	4	71542060	T:GG[T>G]TA	-1	6303.0	760987570
JG0139b	4	72114145	T:GC[T>C]GC	-1	572085.0	761559655
JG0139b	4	72118159	U:GC[T>C]CT	1	4014.0	761563669
JG0139b	4	72140886	U:TC[T>C]CG	1	22727.0	761586396
JG0139b	4	72321584	U:TC[T>C]CA	-1	180698.0	761767094
JG0139b	4	72513240	T:TC[T>G]TG	1	191656.0	761958750
JG0139b	4	73256387	T:AG[T>G]TT	1	743147.0	762701897
JG0139b	4	74171387	U:AG[T>G]GT	1	915000.0	763616897
JG0139b	4	75120348	N:GC[T>G]TC	-1	948961.0	764565858
JG0139b	4	75200146	N:AC[T>C]CA	-1	79798.0	764645656
JG0139b	4	75711021	T:GC[T>G]TT	1	510875.0	765156531
JG0139b	4	75857380	N:TC[T>G]CA	-1	146359.0	765302890
JG0139b	4	75917284	U:GC[T>A]TA	-1	59904.0	765362794
JG0139b	4	76241960	U:TC[T>G]TC	1	324676.0	765687470
JG0139b	4	76705202	T:AG[T>G]TA	-1	463242.0	766150712
JG0139b	4	76722072	U:GC[T>A]GC	1	16870.0	766167582
JG0139b	4	76828984	N:AC[T>G]GG	-1	106912.0	766274494
JG0139b	4	77634486	N:AT[T>G]TC	1	805502.0	767079996
JG0139b	4	77812014	T:TC[T>G]GG	1	177528.0	767257524
JG0139b	4	77844264	N:TC[T>G]CC	1	32250.0	767289774
JG0139b	4	78053443	N:GC[T>A]TT	-1	209179.0	767498953
JG0139b	4	78229918	U:GC[T>C]TG	1	176475.0	767675428
JG0139b	4	78298065	U:TC[T>C]TT	1	68147.0	767743575
JG0139b	4	78466434	T:CC[T>C]CT	-1	168369.0	767911944
JG0139b	4	78469461	T:TG[T>G]TT	-1	3027.0	767914971
JG0139b	4	78479921	U:AC[T>A]CT	1	10460.0	767925431
JG0139b	4	78809340	U:CC[T>G]TT	1	329419.0	768254850
JG0139b	4	78824030	U:TC[T>A]TT	1	14690.0	768269540
JG0139b	4	79236968	N:TC[T>C]CA	1	412938.0	768682478
JG0139b	4	79452535	N:AC[T>C]CA	-1	215567.0	768898045
JG0139b	4	79570109	N:TG[T>G]CT	-1	117574.0	769015619
JG0139b	4	79592099	N:AC[T>A]TA	-1	21990.0	769037609
JG0139b	4	79621328	N:TC[T>G]TA	-1	29229.0	769066838
JG0139b	4	79657204	N:GC[T>C]TT	1	35876.0	769102714
JG0139b	4	79858906	N:AC[T>C]TC	-1	201702.0	769304416
JG0139b	4	79909925	T:TC[C>T]AC	1	51019.0	769355435
JG0139b	4	80092204	N:TC[T>C]TT	1	182279.0	769537714
JG0139b	4	80855644	T:TC[T>C]CA	-1	763440.0	770301154
JG0139b	4	80952761	U:TC[T>G]CC	1	97117.0	770398271
JG0139b	4	81527682	T:TG[T>A]TT	1	574921.0	770973192
JG0139b	4	81533858	U:CT[T>G]TC	-1	6176.0	770979368
JG0139b	4	81954924	U:TC[T>A]TG	-1	421066.0	771400434
JG0139b	4	82679266	U:CC[T>G]TC	-1	724342.0	772124776
JG0139b	4	83004088	T:CA[T>A]CA	1	324822.0	772449598
JG0139b	4	83418502	T:TC[T>G]TT	1	414414.0	772864012
JG0139b	4	83471653	U:CC[T>C]CT	-1	53151.0	772917163
JG0139b	4	83684838	N:AA[C>A]AC	-1	213185.0	773130348
JG0139b	4	83794417	N:GC[T>A]TA	1	109579.0	773239927
JG0139b	4	84122380	N:TC[T>C]TC	-1	327963.0	773567890
JG0139b	4	84211497	N:AC[T>C]TT	-1	89117.0	773657007
JG0139b	4	84427787	N:GC[T>G]TA	1	216290.0	773873297
JG0139b	4	84570375	N:TC[T>C]TT	-1	142588.0	774015885
JG0139b	4	84900593	U:TC[T>G]TT	-1	330218.0	774346103
JG0139b	4	84925241	U:TC[T>C]TT	-1	24648.0	774370751
JG0139b	4	84982099	N:AC[T>A]TC	-1	56858.0	774427609
JG0139b	4	85595206	T:CC[T>C]GA	-1	613107.0	775040716
JG0139b	4	85625711	U:TC[T>G]CT	1	30505.0	775071221
JG0139b	4	86111574	U:GC[T>G]TC	-1	485863.0	775557084
JG0139b	4	86776659	U:GC[T>A]TA	1	665085.0	776222169
JG0139b	4	87027025	T:TC[T>G]TG	-1	250366.0	776472535
JG0139b	4	87091569	U:AC[T>G]TA	1	64544.0	776537079
JG0139b	4	88139069	U:CC[T>C]CC	-1	1047500.0	777584579
JG0139b	4	88648893	U:GC[T>G]TT	1	509824.0	778094403
JG0139b	4	88744401	U:AC[T>C]CA	-1	95508.0	778189911
JG0139b	4	88812534	T:CC[T>G]TA	1	68133.0	778258044
JG0139b	4	89084069	N:TC[T>C]TG	1	271535.0	778529579
JG0139b	4	89357526	N:TC[T>G]CT	1	273457.0	778803036
JG0139b	4	89417411	N:GC[T>C]TC	1	59885.0	778862921
JG0139b	4	89897161	U:CC[T>C]TG	1	479750.0	779342671
JG0139b	4	89923240	T:GC[T>A]CA	-1	26079.0	779368750
JG0139b	4	90236335	T:GC[T>C]TT	-1	313095.0	779681845
JG0139b	4	90428272	T:TC[T>C]TT	-1	191937.0	779873782
JG0139b	4	90510603	U:TC[T>C]TT	1	82331.0	779956113
JG0139b	4	91462833	T:AG[C>T]CT	-1	952230.0	780908343
JG0139b	4	91465472	T:GC[T>G]TT	-1	2639.0	780910982
JG0139b	4	92531714	T:TC[T>C]CA	-1	1066242.0	781977224
JG0139b	4	92788258	U:TC[T>G]CA	1	256544.0	782233768
JG0139b	4	93143730	U:CT[T>G]TC	1	355472.0	782589240
JG0139b	4	93392929	T:CC[T>G]TA	-1	249199.0	782838439
JG0139b	4	93627023	T:CC[T>G]TC	-1	234094.0	783072533
JG0139b	4	93900201	N:TC[T>G]CT	-1	273178.0	783345711
JG0139b	4	94116385	N:AA[T>G]TT	1	216184.0	783561895
JG0139b	4	94335324	T:AG[C>G]CA	1	218939.0	783780834
JG0139b	4	94425887	N:TC[T>C]CT	1	90563.0	783871397
JG0139b	4	94630475	T:GC[T>A]TG	-1	204588.0	784075985
JG0139b	4	95129990	T:GC[T>G]TC	-1	499515.0	784575500
JG0139b	4	95281026	U:TC[T>C]TT	-1	151036.0	784726536
JG0139b	4	95290073	U:AA[T>A]CT	-1	9047.0	784735583
JG0139b	4	95360152	T:TG[T>C]TA	1	70079.0	784805662
JG0139b	4	95626544	N:TC[T>G]TC	-1	266392.0	785072054
JG0139b	4	95813228	N:AC[T>C]CA	1	186684.0	785258738
JG0139b	4	96034145	N:TC[T>A]TT	-1	220917.0	785479655
JG0139b	4	96203387	N:TC[T>C]TA	1	169242.0	785648897
JG0139b	4	96482559	N:TC[T>C]CT	1	279172.0	785928069
JG0139b	4	96504901	N:TC[T>C]TT	1	22342.0	785950411
JG0139b	4	96541747	N:CC[T>G]GT	1	36846.0	785987257
JG0139b	4	96652604	N:AC[T>G]TC	1	110857.0	786098114
JG0139b	4	97047118	N:GT[T>C]TG	1	394514.0	786492628
JG0139b	4	97061208	N:TC[T>C]TT	1	14090.0	786506718
JG0139b	4	97378703	U:TC[T>G]TT	-1	317495.0	786824213
JG0139b	4	98195906	N:GC[T>C]GG	-1	817203.0	787641416
JG0139b	4	98297426	T:AC[T>C]TG	-1	101520.0	787742936
JG0139b	4	98310863	U:TC[T>C]TT	1	13437.0	787756373
JG0139b	4	98649981	U:AC[T>A]TT	-1	339118.0	788095491
JG0139b	4	98737148	N:GG[T>G]TG	-1	87167.0	788182658
JG0139b	4	98865299	N:CC[T>G]CC	-1	128151.0	788310809
JG0139b	4	98905690	U:TC[T>C]TA	-1	40391.0	788351200
JG0139b	4	99431543	U:AC[T>G]TC	-1	525853.0	788877053
JG0139b	4	100121793	N:TG[T>C]TT	1	690250.0	789567303
JG0139b	4	100544275	N:TC[T>G]TA	-1	422482.0	789989785
JG0139b	4	100659147	N:AC[T>G]TG	1	114872.0	790104657
JG0139b	4	100691464	N:AC[T>C]TC	-1	32317.0	790136974
JG0139b	4	100743273	N:AG[T>C]CA	1	51809.0	790188783
JG0139b	4	100930289	N:TC[T>C]TG	-1	187016.0	790375799
JG0139b	4	101029372	U:TC[T>C]TT	-1	99083.0	790474882
JG0139b	4	101069190	U:CA[T>C]GG	-1	39818.0	790514700
JG0139b	4	101515273	T:CC[T>G]TA	-1	446083.0	790960783
JG0139b	4	101613183	T:GG[T>G]CT	-1	97910.0	791058693
JG0139b	4	101918775	T:TC[T>G]TC	-1	305592.0	791364285
JG0139b	4	102155796	N:TC[T>G]TC	1	237021.0	791601306
JG0139b	4	102318029	U:TG[T>G]TA	-1	162233.0	791763539
JG0139b	4	102659578	T:CC[T>G]TA	1	341549.0	792105088
JG0139b	4	102678452	U:TC[T>C]TT	-1	18874.0	792123962
JG0139b	4	102743184	U:TC[T>C]CT	-1	64732.0	792188694
JG0139b	4	102797547	T:TC[T>A]CC	1	54363.0	792243057
JG0139b	4	102837590	U:CC[T>G]CA	-1	40043.0	792283100
JG0139b	4	102896899	T:AC[T>G]CA	1	59309.0	792342409
JG0139b	4	103291842	N:AC[T>C]AT	-1	394943.0	792737352
JG0139b	4	103299839	N:GA[T>C]TT	1	7997.0	792745349
JG0139b	4	104092957	N:AG[T>C]TG	-1	793118.0	793538467
JG0139b	4	105477943	N:CC[T>G]TA	1	1384986.0	794923453
JG0139b	4	105514215	N:GC[T>C]TT	1	36272.0	794959725
JG0139b	4	105589317	T:TC[T>G]TC	-1	75102.0	795034827
JG0139b	4	106254506	T:TC[T>G]TT	1	665189.0	795700016
JG0139b	4	106555953	N:TG[T>G]TT	-1	301447.0	796001463
JG0139b	4	107229125	T:GC[T>C]CC	1	673172.0	796674635
JG0139b	4	107327701	N:AG[C>A]TA	-1	98576.0	796773211
JG0139b	4	107386929	N:TC[T>A]CT	1	59228.0	796832439
JG0139b	4	107585587	N:TC[T>G]TT	1	198658.0	797031097
JG0139b	4	107889957	U:AC[T>A]GA	1	304370.0	797335467
JG0139b	4	108101849	T:GG[T>G]CA	1	211892.0	797547359
JG0139b	4	108296932	N:CC[T>A]CA	-1	195083.0	797742442
JG0139b	4	108596048	N:AC[T>G]TC	-1	299116.0	798041558
JG0139b	4	108794900	N:CC[T>G]CG	1	198852.0	798240410
JG0139b	4	108840915	U:TA[T>G]TT	-1	46015.0	798286425
JG0139b	4	108857858	U:GC[T>C]TG	-1	16943.0	798303368
JG0139b	4	108916064	U:TC[T>C]CC	-1	58206.0	798361574
JG0139b	4	109466119	U:TC[T>C]CA	1	550055.0	798911629
JG0139b	4	109471826	U:CC[T>A]CG	1	5707.0	798917336
JG0139b	4	109723129	T:CC[T>A]TT	1	251303.0	799168639
JG0139b	4	109878179	N:GA[T>G]TC	-1	155050.0	799323689
JG0139b	4	109990829	U:TC[T>G]TT	1	112650.0	799436339
JG0139b	4	110026835	N:AC[T>C]TG	-1	36006.0	799472345
JG0139b	4	110319587	N:AT[T>G]TT	1	292752.0	799765097
JG0139b	4	110594532	N:AC[T>G]TC	1	274945.0	800040042
JG0139b	4	111049008	N:AC[T>G]TT	1	454476.0	800494518
JG0139b	4	111204810	N:AG[T>G]AT	-1	155802.0	800650320
JG0139b	4	111279489	N:TC[T>C]TA	1	74679.0	800724999
JG0139b	4	111298580	N:TC[T>G]TT	-1	19091.0	800744090
JG0139b	4	111590596	N:TG[T>G]TG	1	292016.0	801036106
JG0139b	4	111684085	N:AG[T>C]TT	1	93489.0	801129595
JG0139b	4	111742189	N:TT[T>G]TA	-1	58104.0	801187699
JG0139b	4	112398120	T:CC[T>C]CA	-1	655931.0	801843630
JG0139b	4	112404675	U:TC[T>C]TT	1	6555.0	801850185
JG0139b	4	112517803	N:TC[T>G]TC	1	113128.0	801963313
JG0139b	4	112622351	T:TC[T>A]CT	1	104548.0	802067861
JG0139b	4	113032290	T:TC[T>C]AT	-1	409939.0	802477800
JG0139b	4	114271211	N:AC[T>C]CA	-1	1238921.0	803716721
JG0139b	4	114335636	N:TG[T>C]TT	1	64425.0	803781146
JG0139b	4	114341719	N:AC[T>C]GA	-1	6083.0	803787229
JG0139b	4	115034842	T:TC[T>G]TT	1	693123.0	804480352
JG0139b	4	115314117	N:AC[T>C]TC	-1	279275.0	804759627
JG0139b	4	115361955	N:TC[T>C]TA	-1	47838.0	804807465
JG0139b	4	115408327	N:AG[T>G]CA	-1	46372.0	804853837
JG0139b	4	115748255	N:CC[T>G]CC	1	339928.0	805193765
JG0139b	4	115971772	N:CC[T>G]TT	1	223517.0	805417282
JG0139b	4	116712674	N:TC[T>C]TT	-1	740902.0	806158184
JG0139b	4	117243078	N:TA[T>G]TA	-1	530404.0	806688588
JG0139b	4	118052334	T:GC[T>C]CA	-1	809256.0	807497844
JG0139b	4	118438256	N:GA[T>G]TA	1	385922.0	807883766
JG0139b	4	118561299	N:TC[T>G]TT	-1	123043.0	808006809
JG0139b	4	118887489	U:CC[T>A]TT	1	326190.0	808332999
JG0139b	4	118915863	U:TT[T>G]TA	1	28374.0	808361373
JG0139b	4	119069451	N:CC[T>C]TG	1	153588.0	808514961
JG0139b	4	119084888	N:GC[T>C]TG	-1	15437.0	808530398
JG0139b	4	119282595	T:GC[T>G]TT	-1	197707.0	808728105
JG0139b	4	119356887	N:TC[T>G]TT	1	74292.0	808802397
JG0139b	4	119812445	N:TC[T>G]TC	1	455558.0	809257955
JG0139b	4	120321903	N:CC[T>G]TT	-1	509458.0	809767413
JG0139b	4	120777642	U:GC[T>G]TC	-1	455739.0	810223152
JG0139b	4	121107849	N:TC[T>G]TT	-1	330207.0	810553359
JG0139b	4	121121628	N:CC[T>G]TA	-1	13779.0	810567138
JG0139b	4	121170814	U:TC[T>G]TA	-1	49186.0	810616324
JG0139b	4	121352484	U:AG[T>G]CT	-1	181670.0	810797994
JG0139b	4	121801150	N:CC[T>C]TT	1	448666.0	811246660
JG0139b	4	122038749	N:TC[T>C]CC	1	237599.0	811484259
JG0139b	4	122361115	U:CG[C>G]AA	1	322366.0	811806625
JG0139b	4	122588933	N:GA[T>A]TT	1	227818.0	812034443
JG0139b	4	122609709	N:CG[T>C]TG	1	20776.0	812055219
JG0139b	4	122637251	N:GC[T>G]TC	1	27542.0	812082761
JG0139b	4	122753469	N:AC[T>G]TT	-1	116218.0	812198979
JG0139b	4	122780805	N:TC[T>A]TA	1	27336.0	812226315
JG0139b	4	122993429	U:AC[T>C]TT	1	212624.0	812438939
JG0139b	4	123021012	T:AC[T>A]TC	-1	27583.0	812466522
JG0139b	4	123413335	N:TC[T>C]CC	-1	392323.0	812858845
JG0139b	4	123714400	N:AC[T>G]TG	-1	301065.0	813159910
JG0139b	4	123752145	N:GC[T>G]TA	1	37745.0	813197655
JG0139b	4	124546536	N:TC[T>A]CC	-1	794391.0	813992046
JG0139b	4	124620864	N:TC[T>G]TT	1	74328.0	814066374
JG0139b	4	124640615	N:GC[T>C]TC	-1	19751.0	814086125
JG0139b	4	125694259	N:AC[T>A]TG	-1	1053644.0	815139769
JG0139b	4	125864639	N:AA[T>G]TG	-1	170380.0	815310149
JG0139b	4	126110018	N:TG[T>G]TC	1	245379.0	815555528
JG0139b	4	126695145	N:GC[T>C]TC	1	585127.0	816140655
JG0139b	4	126985179	N:GC[T>G]TT	1	290034.0	816430689
JG0139b	4	127070015	N:AC[T>A]CA	-1	84836.0	816515525
JG0139b	4	127467154	N:AC[T>C]CA	1	397139.0	816912664
JG0139b	4	127604674	N:GC[T>G]TT	1	137520.0	817050184
JG0139b	4	127660740	T:TC[T>G]TT	-1	56066.0	817106250
JG0139b	4	127814195	U:GC[T>C]TT	1	153455.0	817259705
JG0139b	4	128830675	U:CA[T>G]TT	1	1016480.0	818276185
JG0139b	4	129137322	N:TC[T>C]CT	1	306647.0	818582832
JG0139b	4	129447111	N:TC[T>A]CA	-1	309789.0	818892621
JG0139b	4	129584811	N:TC[T>C]TT	-1	137700.0	819030321
JG0139b	4	129848672	N:TC[T>G]TA	1	263861.0	819294182
JG0139b	4	129860725	N:CA[T>G]TA	1	12053.0	819306235
JG0139b	4	129904714	N:AA[T>G]TT	1	43989.0	819350224
JG0139b	4	130272290	N:TC[T>C]TT	-1	367576.0	819717800
JG0139b	4	130384465	N:AC[T>C]TC	1	112175.0	819829975
JG0139b	4	130492444	N:GC[T>C]GG	-1	107979.0	819937954
JG0139b	4	131282563	N:CC[C>A]TG	1	790119.0	820728073
JG0139b	4	131462627	N:TT[C>T]CA	-1	180064.0	820908137
JG0139b	4	131904339	N:TC[T>C]TT	-1	441712.0	821349849
JG0139b	4	132550497	N:GC[T>C]TA	-1	646158.0	821996007
JG0139b	4	132599795	N:CC[T>G]TT	1	49298.0	822045305
JG0139b	4	132631573	N:GA[T>A]TT	1	31778.0	822077083
JG0139b	4	132676464	N:AC[T>G]TC	-1	44891.0	822121974
JG0139b	4	133032192	N:AC[C>T]CT	1	355728.0	822477702
JG0139b	4	133038240	N:TC[T>G]TT	1	6048.0	822483750
JG0139b	4	133080887	N:AC[T>C]TC	-1	42647.0	822526397
JG0139b	4	133088215	N:AC[T>G]GT	-1	7328.0	822533725
JG0139b	4	133289205	N:TC[T>G]TA	-1	200990.0	822734715
JG0139b	4	133351320	N:TA[T>G]TG	-1	62115.0	822796830
JG0139b	4	134062487	N:GC[T>C]CC	-1	711167.0	823507997
JG0139b	4	134220004	N:GC[T>G]TA	-1	157517.0	823665514
JG0139b	4	134222872	N:AC[T>G]TG	1	2868.0	823668382
JG0139b	4	134227702	N:AT[C>T]TC	1	4830.0	823673212
JG0139b	4	134695038	N:CC[T>G]TA	1	467336.0	824140548
JG0139b	4	134783987	N:TC[T>C]CT	1	88949.0	824229497
JG0139b	4	135002417	N:TC[T>C]TC	-1	218430.0	824447927
JG0139b	4	135127019	N:TC[T>G]TC	1	124602.0	824572529
JG0139b	4	135450902	N:GC[T>G]TA	1	323883.0	824896412
JG0139b	4	135993236	N:TC[T>G]TT	1	542334.0	825438746
JG0139b	4	136547164	N:AC[T>G]TG	1	553928.0	825992674
JG0139b	4	136682398	N:GT[T>A]GT	1	135234.0	826127908
JG0139b	4	136760183	N:TC[T>G]TA	1	77785.0	826205693
JG0139b	4	136865183	N:AC[T>C]TA	-1	105000.0	826310693
JG0139b	4	136907999	N:GC[T>C]CT	-1	42816.0	826353509
JG0139b	4	137041677	N:CC[T>C]CT	1	133678.0	826487187
JG0139b	4	137228305	N:TA[T>G]TC	-1	186628.0	826673815
JG0139b	4	137391371	N:TC[T>G]TA	-1	163066.0	826836881
JG0139b	4	137692266	N:AC[T>G]CT	1	300895.0	827137776
JG0139b	4	137799306	N:CT[T>C]CT	-1	107040.0	827244816
JG0139b	4	137872076	N:CT[C>G]AG	-1	72770.0	827317586
JG0139b	4	138042446	N:AC[T>C]TT	-1	170370.0	827487956
JG0139b	4	138219637	T:CC[T>C]CT	1	177191.0	827665147
JG0139b	4	138275494	N:AC[T>C]GG	-1	55857.0	827721004
JG0139b	4	138576958	N:CT[T>G]AG	-1	301464.0	828022468
JG0139b	4	138609625	N:CC[T>G]CA	-1	32667.0	828055135
JG0139b	4	138703798	N:AG[T>A]CT	-1	94173.0	828149308
JG0139b	4	138989128	N:GC[T>C]TT	1	285330.0	828434638
JG0139b	4	139127392	U:TG[T>A]CT	-1	138264.0	828572902
JG0139b	4	139185265	N:TC[T>G]CC	1	57873.0	828630775
JG0139b	4	139527804	T:CC[T>G]TT	1	342539.0	828973314
JG0139b	4	139682408	T:TC[T>C]CT	-1	154604.0	829127918
JG0139b	4	139835029	U:TG[C>A]CA	-1	152621.0	829280539
JG0139b	4	140214790	N:TC[T>C]CT	1	379761.0	829660300
JG0139b	4	140463220	T:CC[T>G]TA	1	248430.0	829908730
JG0139b	4	140655107	T:AC[T>A]TT	1	191887.0	830100617
JG0139b	4	141108476	T:GC[T>G]TT	1	453369.0	830553986
JG0139b	4	141338019	N:TG[T>G]TA	1	229543.0	830783529
JG0139b	4	141928589	N:TC[T>C]CC	-1	590570.0	831374099
JG0139b	4	142054639	U:AG[T>G]CC	-1	126050.0	831500149
JG0139b	4	142083469	U:TG[T>A]TA	-1	28830.0	831528979
JG0139b	4	142314189	T:TC[T>G]TG	1	230720.0	831759699
JG0139b	4	142533313	U:CC[T>C]TT	-1	219124.0	831978823
JG0139b	4	142708141	U:GC[T>G]TA	-1	174828.0	832153651
JG0139b	4	143609049	U:CC[T>C]CC	-1	900908.0	833054559
JG0139b	4	143748930	N:TG[T>G]TC	1	139881.0	833194440
JG0139b	4	144006646	T:GC[T>G]CC	1	257716.0	833452156
JG0139b	4	144011657	U:TG[T>G]TT	-1	5011.0	833457167
JG0139b	4	144318070	N:GC[T>C]TT	-1	306413.0	833763580
JG0139b	4	144481418	N:CC[T>A]TA	-1	163348.0	833926928
JG0139b	4	144528298	N:AC[T>A]CA	-1	46880.0	833973808
JG0139b	4	144651015	U:TG[T>G]TT	1	122717.0	834096525
JG0139b	4	144682407	U:CT[C>A]TG	1	31392.0	834127917
JG0139b	4	144976355	N:TC[T>G]TG	1	293948.0	834421865
JG0139b	4	145334190	N:TC[T>G]TT	-1	357835.0	834779700
JG0139b	4	145559566	N:CC[T>G]TT	1	225376.0	835005076
JG0139b	4	145583181	N:CC[T>G]TC	-1	23615.0	835028691
JG0139b	4	145977006	N:TG[T>G]TG	-1	393825.0	835422516
JG0139b	4	146206897	N:TC[T>G]GT	1	229891.0	835652407
JG0139b	4	146272409	U:AC[T>G]TT	-1	65512.0	835717919
JG0139b	4	146344938	T:TC[T>C]CT	1	72529.0	835790448
JG0139b	4	146365331	T:AT[T>G]TA	1	20393.0	835810841
JG0139b	4	146587247	N:AC[T>C]GG	1	221916.0	836032757
JG0139b	4	146833471	U:GC[T>C]GT	-1	246224.0	836278981
JG0139b	4	146934013	U:TC[T>G]CT	-1	100542.0	836379523
JG0139b	4	147066531	N:TC[T>C]CA	1	132518.0	836512041
JG0139b	4	147073395	N:AC[T>C]TC	1	6864.0	836518905
JG0139b	4	147892747	U:CC[T>G]TT	1	819352.0	837338257
JG0139b	4	147924781	T:CC[T>G]TT	-1	32034.0	837370291
JG0139b	4	148056096	T:TC[T>G]GC	-1	131315.0	837501606
JG0139b	4	148111249	T:TC[T>A]TT	1	55153.0	837556759
JG0139b	4	148362658	U:AC[T>C]GT	-1	251409.0	837808168
JG0139b	4	148465111	N:GC[T>G]TG	1	102453.0	837910621
JG0139b	4	148541335	N:TA[T>G]TG	1	76224.0	837986845
JG0139b	4	148719599	N:AC[T>C]CA	-1	178264.0	838165109
JG0139b	4	148735917	N:CT[C>T]TG	1	16318.0	838181427
JG0139b	4	148956965	N:GC[T>C]CG	1	221048.0	838402475
JG0139b	4	149143014	N:TA[T>G]TG	-1	186049.0	838588524
JG0139b	4	149380737	T:GC[T>G]AA	1	237723.0	838826247
JG0139b	4	149427178	U:AG[T>G]TT	-1	46441.0	838872688
JG0139b	4	149634583	T:AC[T>C]TC	1	207405.0	839080093
JG0139b	4	150957414	U:TC[T>C]TT	-1	1322831.0	840402924
JG0139b	4	151029601	N:TA[T>G]TT	-1	72187.0	840475111
JG0139b	4	151080722	N:AC[T>C]TG	1	51121.0	840526232
JG0139b	4	151119229	N:TC[T>C]CT	1	38507.0	840564739
JG0139b	4	151559364	T:AC[T>G]TT	-1	440135.0	841004874
JG0139b	4	152376426	T:TG[T>C]TT	1	817062.0	841821936
JG0139b	4	152507606	U:TC[T>G]TT	-1	131180.0	841953116
JG0139b	4	152590042	N:CC[T>C]TC	-1	82436.0	842035552
JG0139b	4	152648276	U:AC[T>G]CC	-1	58234.0	842093786
JG0139b	4	153310808	U:CG[T>G]TT	1	662532.0	842756318
JG0139b	4	153382487	U:CC[T>C]CT	1	71679.0	842827997
JG0139b	4	154010712	N:GC[T>C]CT	-1	628225.0	843456222
JG0139b	4	154383877	U:AC[T>A]CC	-1	373165.0	843829387
JG0139b	4	154403173	T:TA[T>G]TC	1	19296.0	843848683
JG0139b	4	155256720	N:CC[T>C]TG	-1	853547.0	844702230
JG0139b	4	155274296	N:AT[C>A]AC	-1	17576.0	844719806
JG0139b	4	155508186	N:GC[T>A]TC	1	233890.0	844953696
JG0139b	4	155916430	T:AC[T>C]TT	-1	408244.0	845361940
JG0139b	4	156017481	N:TC[T>C]CC	-1	101051.0	845462991
JG0139b	4	156263939	N:TC[T>G]CT	-1	246458.0	845709449
JG0139b	4	156898735	T:AC[T>G]GC	1	634796.0	846344245
JG0139b	4	156964283	T:TA[T>C]AT	1	65548.0	846409793
JG0139b	4	157109621	T:CC[T>G]TT	-1	145338.0	846555131
JG0139b	4	157531824	N:GC[T>A]CT	-1	422203.0	846977334
JG0139b	4	157552655	N:GC[T>C]CC	1	20831.0	846998165
JG0139b	4	158013642	N:TC[T>C]CT	-1	460987.0	847459152
JG0139b	4	158487105	U:CC[T>G]CT	1	473463.0	847932615
JG0139b	4	158632686	T:GC[T>C]CT	-1	145581.0	848078196
JG0139b	4	159044555	N:AA[T>G]TT	1	411869.0	848490065
JG0139b	4	159091358	N:TC[T>G]TG	1	46803.0	848536868
JG0139b	4	159172136	T:TG[T>A]GG	-1	80778.0	848617646
JG0139b	4	159607216	N:GC[T>G]CA	-1	435080.0	849052726
JG0139b	4	159666259	N:GC[T>G]TT	-1	59043.0	849111769
JG0139b	4	159866401	N:CC[T>C]TA	-1	200142.0	849311911
JG0139b	4	160114049	N:TG[T>G]TG	1	247648.0	849559559
JG0139b	4	160235659	N:GC[T>G]TT	1	121610.0	849681169
JG0139b	4	160756758	N:TG[T>A]AC	1	521099.0	850202268
JG0139b	4	160912541	N:GC[T>A]TT	1	155783.0	850358051
JG0139b	4	161071612	N:AG[T>G]TG	-1	159071.0	850517122
JG0139b	4	161142184	N:TG[T>G]TC	-1	70572.0	850587694
JG0139b	4	161578537	U:TG[T>G]TT	-1	436353.0	851024047
JG0139b	4	161932200	T:TG[T>C]CA	1	353663.0	851377710
JG0139b	4	162222804	N:CC[T>C]CA	1	290604.0	851668314
JG0139b	4	162406610	N:TC[T>G]CT	1	183806.0	851852120
JG0139b	4	162810078	N:GG[T>G]TG	1	403468.0	852255588
JG0139b	4	162880460	N:AC[T>G]TT	1	70382.0	852325970
JG0139b	4	163399913	N:CC[T>G]GT	-1	519453.0	852845423
JG0139b	4	163510597	U:CC[T>C]CA	1	110684.0	852956107
JG0139b	4	163987442	U:TC[T>G]TC	-1	476845.0	853432952
JG0139b	4	164073448	U:TC[T>C]CT	-1	86006.0	853518958
JG0139b	4	164101850	U:AC[T>C]TA	-1	28402.0	853547360
JG0139b	4	165010330	N:GC[T>G]TC	-1	908480.0	854455840
JG0139b	4	165344422	N:AG[T>C]CT	-1	334092.0	854789932
JG0139b	4	165527530	N:TG[C>A]AG	1	183108.0	854973040
JG0139b	4	165635461	N:GC[T>A]CA	1	107931.0	855080971
JG0139b	4	165777068	N:AC[T>A]TG	-1	141607.0	855222578
JG0139b	4	166431759	N:CC[T>C]TC	-1	654691.0	855877269
JG0139b	4	166573721	N:TG[T>G]TT	-1	141962.0	856019231
JG0139b	4	166952846	T:TA[T>A]TT	1	379125.0	856398356
JG0139b	4	167341974	N:GG[T>G]GT	1	389128.0	856787484
JG0139b	4	167668219	N:AC[T>G]TT	1	326245.0	857113729
JG0139b	4	167798463	N:AC[T>A]TT	-1	130244.0	857243973
JG0139b	4	167832761	N:AC[T>C]CA	1	34298.0	857278271
JG0139b	4	167920907	N:GC[T>G]CA	-1	88146.0	857366417
JG0139b	4	168117262	T:TC[T>G]TC	-1	196355.0	857562772
JG0139b	4	168225890	T:AC[T>G]CA	1	108628.0	857671400
JG0139b	4	168422350	U:TC[T>C]TG	-1	196460.0	857867860
JG0139b	4	168610607	T:TC[T>A]TG	-1	188257.0	858056117
JG0139b	4	168714046	U:CA[T>G]TT	1	103439.0	858159556
JG0139b	4	168770005	U:TC[T>A]TT	1	55959.0	858215515
JG0139b	4	169507579	U:TT[T>A]TT	-1	737574.0	858953089
JG0139b	4	169509622	T:AC[T>G]TT	1	2043.0	858955132
JG0139b	4	169523030	T:AA[T>G]TA	1	13408.0	858968540
JG0139b	4	169623672	U:CC[T>G]TC	1	100642.0	859069182
JG0139b	4	169707768	T:AG[T>G]GA	-1	84096.0	859153278
JG0139b	4	170957996	N:CC[T>C]GT	-1	1250228.0	860403506
JG0139b	4	171129611	N:GG[C>A]GT	-1	171615.0	860575121
JG0139b	4	171918006	T:TA[T>G]CC	-1	788395.0	861363516
JG0139b	4	172591403	U:TC[T>G]TT	1	673397.0	862036913
JG0139b	4	172872800	U:TC[T>G]TG	1	281397.0	862318310
JG0139b	4	173037782	U:TC[T>C]CC	1	164982.0	862483292
JG0139b	4	173128438	N:TG[T>G]TT	-1	90656.0	862573948
JG0139b	4	173275427	T:CT[C>A]CC	-1	146989.0	862720937
JG0139b	4	173613917	N:TG[T>G]TG	1	338490.0	863059427
JG0139b	4	174061732	N:AC[T>C]TG	1	447815.0	863507242
JG0139b	4	174260413	U:GC[T>A]GT	-1	198681.0	863705923
JG0139b	4	174290945	U:TG[T>G]CT	1	30532.0	863736455
JG0139b	4	174591267	N:TC[T>C]TC	1	300322.0	864036777
JG0139b	4	174675339	T:TT[T>G]TA	1	84072.0	864120849
JG0139b	4	175394485	N:GC[T>C]TT	1	719146.0	864839995
JG0139b	4	176389121	N:TC[T>A]CC	1	994636.0	865834631
JG0139b	4	176544872	N:CC[T>G]CG	1	155751.0	865990382
JG0139b	4	177198099	N:TC[T>C]CA	1	653227.0	866643609
JG0139b	4	177200859	N:CC[T>G]TT	1	2760.0	866646369
JG0139b	4	177247414	N:GC[T>C]TC	-1	46555.0	866692924
JG0139b	4	177431080	T:AC[T>G]TT	1	183666.0	866876590
JG0139b	4	177636223	N:TC[T>C]CC	-1	205143.0	867081733
JG0139b	4	177826320	N:AC[T>A]CA	1	190097.0	867271830
JG0139b	4	178117622	N:AG[T>A]TT	1	291302.0	867563132
JG0139b	4	178287601	N:TG[T>G]TT	-1	169979.0	867733111
JG0139b	4	178534731	N:TC[T>G]CA	1	247130.0	867980241
JG0139b	4	178595037	N:AC[T>C]TG	1	60306.0	868040547
JG0139b	4	178712507	N:TC[T>A]TC	1	117470.0	868158017
JG0139b	4	178727552	N:GC[T>G]TT	-1	15045.0	868173062
JG0139b	4	178813787	N:TT[T>G]TT	1	86235.0	868259297
JG0139b	4	179024260	N:AG[T>G]TC	-1	210473.0	868469770
JG0139b	4	179392886	N:AT[T>A]TA	-1	368626.0	868838396
JG0139b	4	179411443	N:GA[T>G]TT	1	18557.0	868856953
JG0139b	4	180205172	N:TC[T>C]TC	-1	793729.0	869650682
JG0139b	4	180771339	N:AG[T>C]AT	1	566167.0	870216849
JG0139b	4	180942538	N:TC[T>G]TA	1	171199.0	870388048
JG0139b	4	180986817	N:TC[T>G]TT	-1	44279.0	870432327
JG0139b	4	181173729	N:AC[T>G]TG	1	186912.0	870619239
JG0139b	4	181940459	N:AG[T>G]CC	1	766730.0	871385969
JG0139b	4	182211088	T:TC[T>G]CC	-1	270629.0	871656598
JG0139b	4	182401423	U:CT[T>C]TA	1	190335.0	871846933
JG0139b	4	182587353	T:CC[T>C]CA	-1	185930.0	872032863
JG0139b	4	182922878	N:TT[C>A]TT	-1	335525.0	872368388
JG0139b	4	183275481	U:TC[T>G]TC	1	352603.0	872720991
JG0139b	4	184163778	U:TG[T>A]CG	-1	888297.0	873609288
JG0139b	4	184593433	N:CC[T>C]TG	1	429655.0	874038943
JG0139b	4	184935168	N:TC[T>A]CT	-1	341735.0	874380678
JG0139b	4	185007510	N:AT[T>G]TT	-1	72342.0	874453020
JG0139b	4	185131363	N:CC[T>G]TC	-1	123853.0	874576873
JG0139b	4	185266940	U:TC[T>C]CA	1	135577.0	874712450
JG0139b	4	185833773	T:TC[T>G]TT	1	566833.0	875279283
JG0139b	4	186039875	N:TC[T>C]TA	-1	206102.0	875485385
JG0139b	4	186393807	N:TC[T>C]GG	-1	353932.0	875839317
JG0139b	4	186432026	U:CC[T>G]TA	-1	38219.0	875877536
JG0139b	4	186482707	T:GC[T>C]CC	1	50681.0	875928217
JG0139b	4	186602437	T:TC[T>G]TT	1	119730.0	876047947
JG0139b	4	186639266	U:GC[T>G]CT	-1	36829.0	876084776
JG0139b	4	187011946	N:AT[T>C]CA	-1	372680.0	876457456
JG0139b	4	187194850	N:CC[T>G]GA	1	182904.0	876640360
JG0139b	4	187640902	N:AG[T>G]TG	-1	446052.0	877086412
JG0139b	4	187881967	N:CA[T>G]TT	1	241065.0	877327477
JG0139b	4	187970063	N:AC[T>C]TA	1	88096.0	877415573
JG0139b	4	188790435	N:CA[T>A]TT	1	820372.0	878235945
JG0139b	4	188930926	N:GC[T>G]TC	-1	140491.0	878376436
JG0139b	4	189337146	N:AC[T>G]TC	-1	406220.0	878782656
JG0139b	4	189571850	N:TG[T>A]CT	-1	234704.0	879017360
JG0139b	4	189744000	N:GG[T>G]TA	-1	172150.0	879189510
JG0139b	4	189797714	N:GC[T>C]TA	1	53714.0	879243224
JG0139b	5	187224	U:TG[T>A]CA	1		879847289
JG0139b	5	193774	T:TG[T>G]CC	-1	6550.0	879853839
JG0139b	5	700175	N:TC[T>G]TT	-1	506401.0	880360240
JG0139b	5	808048	U:CC[T>G]TA	-1	107873.0	880468113
JG0139b	5	974131	N:CC[T>C]CA	1	166083.0	880634196
JG0139b	5	1009942	T:AC[T>C]CC	-1	35811.0	880670007
JG0139b	5	1091939	U:GC[T>G]TG	-1	81997.0	880752004
JG0139b	5	1292745	T:CC[T>C]CA	1	200806.0	880952810
JG0139b	5	1398306	U:GC[T>G]CA	-1	105561.0	881058371
JG0139b	5	1765753	N:AC[T>A]CA	-1	367447.0	881425818
JG0139b	5	1770543	N:AA[T>G]TC	-1	4790.0	881430608
JG0139b	5	1821754	N:CC[T>C]TT	1	51211.0	881481819
JG0139b	5	1969379	N:TC[T>C]TG	-1	147625.0	881629444
JG0139b	5	3028241	N:AC[T>C]CC	-1	1058862.0	882688306
JG0139b	5	3138354	N:TC[T>G]TC	1	110113.0	882798419
JG0139b	5	3320725	N:AC[T>C]TC	-1	182371.0	882980790
JG0139b	5	3644621	N:GC[T>C]CC	1	323896.0	883304686
JG0139b	5	3716311	N:TC[T>A]CA	-1	71690.0	883376376
JG0139b	5	3809299	N:CC[T>A]TC	-1	92988.0	883469364
JG0139b	5	3952730	N:CC[T>C]TA	1	143431.0	883612795
JG0139b	5	4063148	N:CC[T>C]TC	1	110418.0	883723213
JG0139b	5	4186975	N:TC[T>A]TT	-1	123827.0	883847040
JG0139b	5	4188356	N:GC[T>C]GT	1	1381.0	883848421
JG0139b	5	4229381	N:CC[T>G]CC	1	41025.0	883889446
JG0139b	5	4628439	N:CC[T>G]TG	1	399058.0	884288504
JG0139b	5	4728667	N:AC[T>C]TG	-1	100228.0	884388732
JG0139b	5	4771461	N:AC[T>G]TT	-1	42794.0	884431526
JG0139b	5	4774169	N:AC[T>G]CA	-1	2708.0	884434234
JG0139b	5	4851969	N:AT[T>G]TA	1	77800.0	884512034
JG0139b	5	4880867	N:CC[T>C]TG	1	28898.0	884540932
JG0139b	5	5126124	N:CC[T>G]TC	1	245257.0	884786189
JG0139b	5	5286132	T:AG[T>A]TC	-1	160008.0	884946197
JG0139b	5	5296508	T:AG[T>G]TC	-1	10376.0	884956573
JG0139b	5	5453090	T:AC[T>C]TT	-1	156582.0	885113155
JG0139b	5	5543891	N:TC[T>A]CT	-1	90801.0	885203956
JG0139b	5	5570034	N:AC[T>C]TA	-1	26143.0	885230099
JG0139b	5	5659056	N:CC[T>G]TT	-1	89022.0	885319121
JG0139b	5	5679383	N:CC[T>G]TC	1	20327.0	885339448
JG0139b	5	5704867	N:AA[T>G]TT	1	25484.0	885364932
JG0139b	5	5943539	N:TC[T>G]TT	1	238672.0	885603604
JG0139b	5	5967136	N:CC[T>G]TG	-1	23597.0	885627201
JG0139b	5	6166734	N:TC[T>C]CA	-1	199598.0	885826799
JG0139b	5	6316248	N:AC[T>C]CC	-1	149514.0	885976313
JG0139b	5	6590775	N:CC[T>G]AG	1	274527.0	886250840
JG0139b	5	6729908	T:AC[T>C]GA	-1	139133.0	886389973
JG0139b	5	6897777	N:AC[T>G]TG	-1	167869.0	886557842
JG0139b	5	7241154	N:AC[T>C]CA	1	343377.0	886901219
JG0139b	5	7378934	N:TC[T>C]CA	-1	137780.0	887038999
JG0139b	5	7646267	U:CC[T>A]TG	1	267333.0	887306332
JG0139b	5	8031174	N:AA[T>G]TC	1	384907.0	887691239
JG0139b	5	8253611	N:GC[T>G]GT	-1	222437.0	887913676
JG0139b	5	8477875	N:AC[T>G]TC	-1	224264.0	888137940
JG0139b	5	8534890	N:AG[T>G]TT	-1	57015.0	888194955
JG0139b	5	8864720	N:TC[T>A]TG	-1	329830.0	888524785
JG0139b	5	9191843	U:CA[C>A]AC	-1	327123.0	888851908
JG0139b	5	9237274	U:TG[T>G]TT	-1	45431.0	888897339
JG0139b	5	9241444	T:AG[T>C]CA	1	4170.0	888901509
JG0139b	5	9340249	T:GC[T>G]CC	1	98805.0	889000314
JG0139b	5	9363577	U:GC[T>C]CT	-1	23328.0	889023642
JG0139b	5	9944809	N:CC[T>G]TC	-1	581232.0	889604874
JG0139b	5	9953200	N:AC[T>G]CA	-1	8391.0	889613265
JG0139b	5	10156951	N:GC[T>G]TT	1	203751.0	889817016
JG0139b	5	10246525	T:TC[T>C]GT	1	89574.0	889906590
JG0139b	5	10574646	T:AC[T>C]TT	-1	328121.0	890234711
JG0139b	5	10579098	T:CC[T>C]TG	-1	4452.0	890239163
JG0139b	5	10694444	U:TG[T>G]TT	-1	115346.0	890354509
JG0139b	5	10951630	N:AC[T>A]TC	1	257186.0	890611695
JG0139b	5	11464631	U:TG[T>A]TC	-1	513001.0	891124696
JG0139b	5	11472286	T:CC[T>G]TG	1	7655.0	891132351
JG0139b	5	11782918	U:CC[T>G]TT	-1	310632.0	891442983
JG0139b	5	12495709	N:TC[T>C]TT	-1	712791.0	892155774
JG0139b	5	12782815	N:TG[T>G]TC	1	287106.0	892442880
JG0139b	5	12938757	N:GC[T>G]TT	-1	155942.0	892598822
JG0139b	5	13176654	N:GC[T>G]TC	1	237897.0	892836719
JG0139b	5	13219051	N:CC[T>C]TG	1	42397.0	892879116
JG0139b	5	13255478	N:AG[T>A]CA	1	36427.0	892915543
JG0139b	5	13396179	N:TC[T>C]GA	-1	140701.0	893056244
JG0139b	5	13441754	N:TC[T>C]TT	1	45575.0	893101819
JG0139b	5	13563207	N:TC[T>G]CT	-1	121453.0	893223272
JG0139b	5	13615962	N:AC[T>A]TG	-1	52755.0	893276027
JG0139b	5	13821480	U:CC[T>A]TC	-1	205518.0	893481545
JG0139b	5	14272531	T:GA[T>G]TT	-1	451051.0	893932596
JG0139b	5	14668572	T:TG[T>G]TG	-1	396041.0	894328637
JG0139b	5	14784261	U:CC[T>C]TA	-1	115689.0	894444326
JG0139b	5	14825863	U:TG[T>G]TT	-1	41602.0	894485928
JG0139b	5	15673255	T:TG[C>T]AA	-1	847392.0	895333320
JG0139b	5	15744978	U:CC[T>A]CC	1	71723.0	895405043
JG0139b	5	15973508	N:CC[T>G]TC	-1	228530.0	895633573
JG0139b	5	16178232	U:TC[T>C]TT	-1	204724.0	895838297
JG0139b	5	16205113	N:CC[T>C]CA	1	26881.0	895865178
JG0139b	5	16238961	N:GC[T>A]CT	1	33848.0	895899026
JG0139b	5	16306827	N:GG[T>C]GT	-1	67866.0	895966892
JG0139b	5	16520430	U:GC[T>A]TG	-1	213603.0	896180495
JG0139b	5	16613468	T:TC[T>G]TC	1	93038.0	896273533
JG0139b	5	17139640	U:CC[T>A]TA	1	526172.0	896799705
JG0139b	5	17281827	N:TC[T>A]CA	-1	142187.0	896941892
JG0139b	5	17781377	N:AA[T>G]TA	1	499550.0	897441442
JG0139b	5	17784952	N:AG[T>G]TG	1	3575.0	897445017
JG0139b	5	17858514	N:GC[T>G]TT	1	73562.0	897518579
JG0139b	5	18155256	N:CC[T>G]TC	-1	296742.0	897815321
JG0139b	5	18302022	N:TC[T>C]CA	-1	146766.0	897962087
JG0139b	5	18513550	N:TG[T>C]TG	-1	211528.0	898173615
JG0139b	5	18803828	N:AC[T>G]TC	1	290278.0	898463893
JG0139b	5	18817419	N:AC[T>A]CA	1	13591.0	898477484
JG0139b	5	18837476	N:CC[T>C]TC	-1	20057.0	898497541
JG0139b	5	18968216	N:CC[T>C]CC	1	130740.0	898628281
JG0139b	5	19105763	N:CC[T>A]TC	-1	137547.0	898765828
JG0139b	5	19280037	N:AC[T>G]TT	-1	174274.0	898940102
JG0139b	5	19306046	N:AC[T>C]CT	-1	26009.0	898966111
JG0139b	5	19523703	U:TC[T>A]TT	-1	217657.0	899183768
JG0139b	5	19562752	U:TC[T>C]TT	-1	39049.0	899222817
JG0139b	5	19569326	T:CC[T>G]CA	1	6574.0	899229391
JG0139b	5	19585108	T:TC[T>C]TG	1	15782.0	899245173
JG0139b	5	19638218	U:AC[T>G]TC	-1	53110.0	899298283
JG0139b	5	19643370	U:TA[T>A]CT	-1	5152.0	899303435
JG0139b	5	19760736	T:CC[T>A]CT	1	117366.0	899420801
JG0139b	5	20240431	U:TC[T>G]TC	-1	479695.0	899900496
JG0139b	5	20306252	T:TG[T>C]TA	1	65821.0	899966317
JG0139b	5	20344284	U:TT[T>G]TA	-1	38032.0	900004349
JG0139b	5	20566739	T:TG[T>A]TT	1	222455.0	900226804
JG0139b	5	20821888	N:CC[T>C]GG	1	255149.0	900481953
JG0139b	5	20922461	N:CC[T>C]TT	-1	100573.0	900582526
JG0139b	5	20991372	N:TG[C>A]TT	1	68911.0	900651437
JG0139b	5	21212510	N:AC[T>C]TT	1	221138.0	900872575
JG0139b	5	21433020	N:TC[T>C]TC	-1	220510.0	901093085
JG0139b	5	21571216	N:AC[T>C]TC	-1	138196.0	901231281
JG0139b	5	21614673	N:AC[T>G]TC	1	43457.0	901274738
JG0139b	5	21764673	U:TC[T>G]TT	-1	150000.0	901424738
JG0139b	5	22344598	U:GC[T>C]TG	-1	579925.0	902004663
JG0139b	5	22609660	T:GC[T>G]TT	1	265062.0	902269725
JG0139b	5	22716965	T:TG[T>G]TT	1	107305.0	902377030
JG0139b	5	22718446	T:GC[T>C]TT	1	1481.0	902378511
JG0139b	5	22721461	T:TC[T>C]TG	1	3015.0	902381526
JG0139b	5	22812102	T:GC[T>A]TA	1	90641.0	902472167
JG0139b	5	23095485	N:TC[T>G]TT	1	283383.0	902755550
JG0139b	5	23137261	N:AG[T>G]TG	1	41776.0	902797326
JG0139b	5	23725197	N:AG[T>G]TG	-1	587936.0	903385262
JG0139b	5	23780114	N:AG[T>C]CC	1	54917.0	903440179
JG0139b	5	23854365	N:AA[T>G]TA	1	74251.0	903514430
JG0139b	5	23882509	N:TC[T>G]TG	1	28144.0	903542574
JG0139b	5	24559296	U:GC[T>A]TA	-1	676787.0	904219361
JG0139b	5	24705273	N:TC[T>C]CA	1	145977.0	904365338
JG0139b	5	25212617	N:TC[T>A]TC	1	507344.0	904872682
JG0139b	5	25213204	N:CC[T>A]TT	-1	587.0	904873269
JG0139b	5	25575639	N:CC[T>C]TT	1	362435.0	905235704
JG0139b	5	25799463	N:TG[T>C]TT	-1	223824.0	905459528
JG0139b	5	25930497	N:TG[T>G]TC	-1	131034.0	905590562
JG0139b	5	26075624	N:TC[T>C]TT	1	145127.0	905735689
JG0139b	5	26110014	N:TC[T>G]TA	-1	34390.0	905770079
JG0139b	5	26235445	N:CC[T>C]GC	-1	125431.0	905895510
JG0139b	5	26564249	N:AG[T>G]TA	1	328804.0	906224314
JG0139b	5	26638416	N:GC[T>C]TT	1	74167.0	906298481
JG0139b	5	26734490	N:AC[T>C]TT	1	96074.0	906394555
JG0139b	5	26951282	U:AG[T>G]CT	-1	216792.0	906611347
JG0139b	5	27159723	N:CC[T>C]TG	-1	208441.0	906819788
JG0139b	5	27505097	N:AC[T>A]TT	1	345374.0	907165162
JG0139b	5	27507970	N:TC[T>C]CC	1	2873.0	907168035
JG0139b	5	27539393	N:TC[T>C]CT	-1	31423.0	907199458
JG0139b	5	27712198	N:AC[T>G]CT	1	172805.0	907372263
JG0139b	5	28020025	N:CA[T>A]TA	-1	307827.0	907680090
JG0139b	5	28111109	N:GC[T>G]TA	1	91084.0	907771174
JG0139b	5	28499743	N:AC[T>C]GG	1	388634.0	908159808
JG0139b	5	28617442	N:AC[T>G]TT	-1	117699.0	908277507
JG0139b	5	29167023	N:CC[T>C]CA	-1	549581.0	908827088
JG0139b	5	29604626	N:AC[T>C]TA	1	437603.0	909264691
JG0139b	5	29611714	N:GC[T>C]CC	1	7088.0	909271779
JG0139b	5	29979011	N:TC[T>C]TC	1	367297.0	909639076
JG0139b	5	30054815	N:TC[T>G]TA	-1	75804.0	909714880
JG0139b	5	30056873	N:TC[T>C]CC	-1	2058.0	909716938
JG0139b	5	30123322	N:TC[T>G]TT	1	66449.0	909783387
JG0139b	5	30201584	N:TC[T>C]TT	1	78262.0	909861649
JG0139b	5	30501094	N:TC[T>G]TG	1	299510.0	910161159
JG0139b	5	31125650	N:AC[T>C]TT	-1	624556.0	910785715
JG0139b	5	31332170	N:TC[T>A]CA	-1	206520.0	910992235
JG0139b	5	31364185	N:GG[T>C]TG	1	32015.0	911024250
JG0139b	5	31585428	N:GC[T>C]CT	1	221243.0	911245493
JG0139b	5	31586209	N:GC[T>G]CA	1	781.0	911246274
JG0139b	5	31750810	U:AC[T>G]GT	1	164601.0	911410875
JG0139b	5	31812565	T:AC[T>C]TG	-1	61755.0	911472630
JG0139b	5	32103352	T:CC[T>C]CC	-1	290787.0	911763417
JG0139b	5	32126073	U:TC[T>G]TT	-1	22721.0	911786138
JG0139b	5	32199017	N:TC[T>C]TA	-1	72944.0	911859082
JG0139b	5	32254550	U:AG[T>A]TT	-1	55533.0	911914615
JG0139b	5	32363256	U:CC[T>A]TT	-1	108706.0	912023321
JG0139b	5	32424278	T:GC[T>A]CA	1	61022.0	912084343
JG0139b	5	32460694	N:CC[T>C]CA	1	36416.0	912120759
JG0139b	5	32579602	U:AG[T>A]CT	1	118908.0	912239667
JG0139b	5	32818045	N:CC[T>C]GG	1	238443.0	912478110
JG0139b	5	33222556	N:TC[T>G]TG	1	404511.0	912882621
JG0139b	5	33261679	N:TC[T>G]CC	-1	39123.0	912921744
JG0139b	5	33298113	N:AC[T>C]TG	-1	36434.0	912958178
JG0139b	5	33337274	N:CC[T>C]CT	1	39161.0	912997339
JG0139b	5	33353315	N:TC[T>G]TT	1	16041.0	913013380
JG0139b	5	33512745	N:TC[T>A]CA	-1	159430.0	913172810
JG0139b	5	33888544	U:TC[T>G]AT	-1	375799.0	913548609
JG0139b	5	34025498	U:CC[T>C]TC	-1	136954.0	913685563
JG0139b	5	34155840	N:AG[T>A]GA	1	130342.0	913815905
JG0139b	5	34832362	U:CC[T>G]TT	1	676522.0	914492427
JG0139b	5	35018983	T:CA[T>G]TA	1	186621.0	914679048
JG0139b	5	35098944	T:TC[T>G]TT	1	79961.0	914759009
JG0139b	5	35147447	T:CA[T>G]TT	1	48503.0	914807512
JG0139b	5	35313023	N:GC[T>G]TT	-1	165576.0	914973088
JG0139b	5	35494833	N:TC[T>C]CC	-1	181810.0	915154898
JG0139b	5	35515964	N:CC[T>C]CA	-1	21131.0	915176029
JG0139b	5	35521703	N:CC[T>G]TC	-1	5739.0	915181768
JG0139b	5	35670440	T:CA[C>A]TC	-1	148737.0	915330505
JG0139b	5	35907877	T:TC[T>G]TC	1	237437.0	915567942
JG0139b	5	36165570	T:TC[T>C]TG	-1	257693.0	915825635
JG0139b	5	36318985	N:CC[T>G]GG	-1	153415.0	915979050
JG0139b	5	36424781	N:AC[T>C]TC	-1	105796.0	916084846
JG0139b	5	36444418	N:TG[T>G]TT	-1	19637.0	916104483
JG0139b	5	36756073	N:GC[T>G]TC	-1	311655.0	916416138
JG0139b	5	37146047	T:AC[T>A]AT	1	389974.0	916806112
JG0139b	5	37250830	N:AG[T>C]TT	1	104783.0	916910895
JG0139b	5	37367641	T:TC[T>C]CC	1	116811.0	917027706
JG0139b	5	37396718	U:AG[T>G]TA	1	29077.0	917056783
JG0139b	5	38016142	N:GC[T>C]CA	-1	619424.0	917676207
JG0139b	5	38352584	U:GG[T>G]TG	1	336442.0	918012649
JG0139b	5	38437259	U:AG[T>A]GG	1	84675.0	918097324
JG0139b	5	38656058	N:CC[T>C]TT	1	218799.0	918316123
JG0139b	5	38658317	N:TC[T>C]CT	-1	2259.0	918318382
JG0139b	5	38761453	N:TC[T>C]TC	-1	103136.0	918421518
JG0139b	5	38798889	N:GC[T>A]CT	1	37436.0	918458954
JG0139b	5	38812911	N:AC[T>G]TG	1	14022.0	918472976
JG0139b	5	39078340	N:GC[T>C]GA	1	265429.0	918738405
JG0139b	5	39197817	T:CC[T>C]TT	1	119477.0	918857882
JG0139b	5	39383330	U:TC[T>C]CA	-1	185513.0	919043395
JG0139b	5	39416786	T:GC[T>C]TT	1	33456.0	919076851
JG0139b	5	39476235	N:GC[T>G]TT	-1	59449.0	919136300
JG0139b	5	39481540	N:CC[T>C]AC	-1	5305.0	919141605
JG0139b	5	39514744	N:TA[C>A]GG	-1	33204.0	919174809
JG0139b	5	39865878	N:CC[T>G]TA	-1	351134.0	919525943
JG0139b	5	40331384	N:AC[T>G]CA	-1	465506.0	919991449
JG0139b	5	40511172	N:AT[T>G]TC	-1	179788.0	920171237
JG0139b	5	40608643	T:CC[T>C]CT	1	97471.0	920268708
JG0139b	5	40708198	U:TC[T>A]CC	-1	99555.0	920368263
JG0139b	5	40794652	T:AG[T>C]TG	1	86454.0	920454717
JG0139b	5	41334773	U:TC[T>C]TA	-1	540121.0	920994838
JG0139b	5	41370675	T:TG[T>A]CT	1	35902.0	921030740
JG0139b	5	41740386	U:GC[T>C]CT	-1	369711.0	921400451
JG0139b	5	41872316	N:TC[T>G]TT	1	131930.0	921532381
JG0139b	5	42116475	N:TC[T>A]CT	-1	244159.0	921776540
JG0139b	5	42125951	N:CC[T>G]CC	-1	9476.0	921786016
JG0139b	5	42480447	T:AG[T>G]TA	-1	354496.0	922140512
JG0139b	5	42601528	T:AC[T>G]TA	-1	121081.0	922261593
JG0139b	5	42650979	U:AC[T>G]TT	1	49451.0	922311044
JG0139b	5	42746844	N:TC[T>C]CC	-1	95865.0	922406909
JG0139b	5	42864195	U:TT[C>G]CA	-1	117351.0	922524260
JG0139b	5	42870294	T:CC[T>C]TC	1	6099.0	922530359
JG0139b	5	43066986	N:GG[C>A]AG	-1	196692.0	922727051
JG0139b	5	43254666	U:CC[T>C]GG	1	187680.0	922914731
JG0139b	5	43304389	U:CC[T>G]TC	-1	49723.0	922964454
JG0139b	5	43566843	N:CC[T>A]CT	-1	262454.0	923226908
JG0139b	5	43589868	N:CC[T>G]TT	-1	23025.0	923249933
JG0139b	5	43654363	U:AC[T>C]TG	1	64495.0	923314428
JG0139b	5	43768750	N:CC[T>G]TC	-1	114387.0	923428815
JG0139b	5	43881163	N:CC[T>G]TT	1	112413.0	923541228
JG0139b	5	44422924	N:AC[T>G]TC	-1	541761.0	924082989
JG0139b	5	44483039	N:CC[T>C]CC	-1	60115.0	924143104
JG0139b	5	44577532	N:AC[T>G]TG	1	94493.0	924237597
JG0139b	5	44667595	N:GC[T>G]TT	-1	90063.0	924327660
JG0139b	5	44808633	N:CC[T>A]TG	-1	141038.0	924468698
JG0139b	5	44839494	N:GC[T>C]CC	-1	30861.0	924499559
JG0139b	5	44851168	N:TC[T>C]TG	-1	11674.0	924511233
JG0139b	5	44920820	N:TC[T>C]AA	-1	69652.0	924580885
JG0139b	5	44958169	N:AC[T>C]TT	1	37349.0	924618234
JG0139b	5	45143158	N:AC[T>G]TG	1	184989.0	924803223
JG0139b	5	45603370	T:AG[T>C]CA	1	460212.0	925263435
JG0139b	5	45982671	N:CC[T>C]TT	-1	379301.0	925642736
JG0139b	5	46062792	N:CC[T>G]TA	-1	80121.0	925722857
JG0139b	5	46131979	N:CC[T>A]CC	1	69187.0	925792044
JG0139b	5	46674277	N:AC[T>C]CT	-1	542298.0	926334342
JG0139b	5	46852424	N:TG[T>C]TC	1	178147.0	926512489
JG0139b	5	46969728	N:TC[T>G]CA	-1	117304.0	926629793
JG0139b	5	47114609	N:AC[T>C]CT	1	144881.0	926774674
JG0139b	5	47621822	N:AC[T>G]TC	1	507213.0	927281887
JG0139b	5	47655337	N:CA[C>G]AT	-1	33515.0	927315402
JG0139b	5	47777067	N:GG[T>G]TA	-1	121730.0	927437132
JG0139b	5	47905752	N:AC[T>C]TG	-1	128685.0	927565817
JG0139b	5	47914559	N:AG[T>G]TA	1	8807.0	927574624
JG0139b	5	47916968	N:AC[T>G]TG	-1	2409.0	927577033
JG0139b	5	47923274	N:CC[T>A]CA	-1	6306.0	927583339
JG0139b	5	47931087	N:GC[T>G]TT	1	7813.0	927591152
JG0139b	5	48167761	N:TG[T>G]TT	-1	236674.0	927827826
JG0139b	5	48422703	N:AC[T>C]TT	1	254942.0	928082768
JG0139b	5	48545504	N:AC[T>A]CT	-1	122801.0	928205569
JG0139b	5	48796690	N:AG[T>G]TA	1	251186.0	928456755
JG0139b	5	48886152	N:CG[T>C]TG	1	89462.0	928546217
JG0139b	5	49061813	N:AC[T>C]TC	1	175661.0	928721878
JG0139b	5	49090540	N:GT[T>G]GT	1	28727.0	928750605
JG0139b	5	49280772	N:AC[T>A]CT	-1	190232.0	928940837
JG0139b	5	49316576	N:AT[T>G]CT	-1	35804.0	928976641
JG0139b	5	49354439	N:TC[T>G]TC	1	37863.0	929014504
JG0139b	5	49548845	N:AC[T>G]TA	1	194406.0	929208910
JG0139b	5	49666881	N:AA[T>G]CA	-1	118036.0	929326946
JG0139b	5	49976769	N:TA[T>A]CT	1	309888.0	929636834
JG0139b	5	50461596	N:GG[T>C]GT	1	484827.0	930121661
JG0139b	5	50613771	N:AG[T>G]TC	1	152175.0	930273836
JG0139b	5	50888537	N:AC[T>G]TC	1	274766.0	930548602
JG0139b	5	51004102	N:CC[T>C]CA	1	115565.0	930664167
JG0139b	5	51173673	N:CC[T>A]TT	1	169571.0	930833738
JG0139b	5	51549404	N:TC[T>A]AA	1	375731.0	931209469
JG0139b	5	51569914	N:CC[T>G]CG	-1	20510.0	931229979
JG0139b	5	51609913	N:TC[T>G]TG	1	39999.0	931269978
JG0139b	5	51652311	N:TC[T>A]TT	1	42398.0	931312376
JG0139b	5	51662096	N:AG[T>G]TA	1	9785.0	931322161
JG0139b	5	51786940	N:TC[T>A]CT	1	124844.0	931447005
JG0139b	5	51865334	N:TC[T>C]TA	-1	78394.0	931525399
JG0139b	5	52174561	N:TC[T>C]TT	1	309227.0	931834626
JG0139b	5	52321725	N:GC[T>C]TC	-1	147164.0	931981790
JG0139b	5	52398858	N:CC[T>C]TA	-1	77133.0	932058923
JG0139b	5	52827090	U:AC[T>G]TT	1	428232.0	932487155
JG0139b	5	53095241	N:GC[T>G]TA	-1	268151.0	932755306
JG0139b	5	53333296	N:TC[T>G]TA	-1	238055.0	932993361
JG0139b	5	53797794	N:GG[T>C]GG	1	464498.0	933457859
JG0139b	5	54043540	U:CC[T>G]TT	-1	245746.0	933703605
JG0139b	5	54119865	T:GC[T>G]TT	1	76325.0	933779930
JG0139b	5	54285619	T:CC[T>A]CT	1	165754.0	933945684
JG0139b	5	54417370	N:GC[T>C]TT	1	131751.0	934077435
JG0139b	5	54458356	N:GC[T>C]CA	-1	40986.0	934118421
JG0139b	5	54662636	N:GG[T>G]TT	-1	204280.0	934322701
JG0139b	5	54761362	N:CC[T>C]GT	1	98726.0	934421427
JG0139b	5	54928932	N:CC[T>G]CC	-1	167570.0	934588997
JG0139b	5	55042132	N:TC[T>C]CC	-1	113200.0	934702197
JG0139b	5	55166032	U:GT[T>G]TT	-1	123900.0	934826097
JG0139b	5	55489523	U:AC[T>G]TT	-1	323491.0	935149588
JG0139b	5	55862900	U:TC[T>G]TC	1	373377.0	935522965
JG0139b	5	56220955	U:TC[T>A]CC	-1	358055.0	935881020
JG0139b	5	56491751	N:AC[T>G]TG	-1	270796.0	936151816
JG0139b	5	56508401	N:AC[T>C]TA	1	16650.0	936168466
JG0139b	5	56510284	N:CC[T>C]CG	1	1883.0	936170349
JG0139b	5	56548963	U:TC[T>G]TG	-1	38679.0	936209028
JG0139b	5	56642596	N:CC[T>G]TC	1	93633.0	936302661
JG0139b	5	56692986	N:CC[T>G]TT	-1	50390.0	936353051
JG0139b	5	56715945	N:CC[T>G]TT	-1	22959.0	936376010
JG0139b	5	56726654	N:TG[T>G]TT	-1	10709.0	936386719
JG0139b	5	56832144	U:CC[T>G]TC	1	105490.0	936492209
JG0139b	5	57201048	U:AC[T>A]CC	1	368904.0	936861113
JG0139b	5	57477305	N:TC[T>G]TT	-1	276257.0	937137370
JG0139b	5	57714442	N:TG[T>G]TC	-1	237137.0	937374507
JG0139b	5	58383120	N:TG[T>A]CA	1	668678.0	938043185
JG0139b	5	58436093	N:CC[T>G]CA	-1	52973.0	938096158
JG0139b	5	58702649	U:TC[T>C]TC	1	266556.0	938362714
JG0139b	5	58758468	T:TC[T>C]CT	-1	55819.0	938418533
JG0139b	5	58883394	N:GC[T>G]TA	1	124926.0	938543459
JG0139b	5	58972417	U:TC[T>G]TT	-1	89023.0	938632482
JG0139b	5	59001134	T:TT[T>A]TC	1	28717.0	938661199
JG0139b	5	59416745	U:CC[T>G]TT	-1	415611.0	939076810
JG0139b	5	59462781	T:TC[T>G]TT	1	46036.0	939122846
JG0139b	5	59615943	T:TA[T>G]TT	1	153162.0	939276008
JG0139b	5	59685957	U:TC[T>C]CT	-1	70014.0	939346022
JG0139b	5	60012501	U:TT[T>G]TC	-1	326544.0	939672566
JG0139b	5	60199730	U:AG[T>A]TT	-1	187229.0	939859795
JG0139b	5	60255774	U:GC[T>C]GG	-1	56044.0	939915839
JG0139b	5	60266056	T:GC[T>G]TG	1	10282.0	939926121
JG0139b	5	60300123	T:GG[T>C]TT	1	34067.0	939960188
JG0139b	5	60349836	U:TT[T>G]TT	-1	49713.0	940009901
JG0139b	5	60456339	U:TC[T>G]TG	-1	106503.0	940116404
JG0139b	5	60534317	N:TC[T>C]GA	-1	77978.0	940194382
JG0139b	5	60618393	U:TC[T>A]TG	-1	84076.0	940278458
JG0139b	5	60626823	U:TA[T>G]TT	-1	8430.0	940286888
JG0139b	5	60797975	T:TC[T>C]CA	1	171152.0	940458040
JG0139b	5	60988057	U:AC[T>G]TG	1	190082.0	940648122
JG0139b	5	61267082	N:CC[T>C]CC	-1	279025.0	940927147
JG0139b	5	61275894	N:TC[T>C]CC	1	8812.0	940935959
JG0139b	5	61331673	N:GC[T>G]TT	1	55779.0	940991738
JG0139b	5	61406066	U:GC[T>A]TC	1	74393.0	941066131
JG0139b	5	62014047	N:CA[T>G]TC	1	607981.0	941674112
JG0139b	5	62100625	N:AG[T>G]TG	-1	86578.0	941760690
JG0139b	5	62171693	N:AC[T>A]GT	1	71068.0	941831758
JG0139b	5	62261681	N:AG[T>C]GA	-1	89988.0	941921746
JG0139b	5	62500430	T:GC[T>C]TA	-1	238749.0	942160495
JG0139b	5	62626744	U:CC[T>G]TT	1	126314.0	942286809
JG0139b	5	62813202	N:CC[T>C]TG	-1	186458.0	942473267
JG0139b	5	63022177	N:AC[T>G]TA	1	208975.0	942682242
JG0139b	5	63086360	N:TG[T>C]TA	1	64183.0	942746425
JG0139b	5	63138069	N:AG[T>A]TC	1	51709.0	942798134
JG0139b	5	63259163	N:GC[T>C]TT	1	121094.0	942919228
JG0139b	5	63354920	N:CC[T>C]TA	-1	95757.0	943014985
JG0139b	5	63585367	N:CC[T>A]TC	1	230447.0	943245432
JG0139b	5	64233130	U:GC[T>C]TA	1	647763.0	943893195
JG0139b	5	64814663	T:TC[T>C]GT	-1	581533.0	944474728
JG0139b	5	64829806	U:CC[T>C]CT	1	15143.0	944489871
JG0139b	5	65152489	U:TC[T>G]TT	-1	322683.0	944812554
JG0139b	5	65422110	U:TC[T>C]TG	-1	269621.0	945082175
JG0139b	5	66287238	N:TC[T>C]TT	-1	865128.0	945947303
JG0139b	5	66352266	N:GC[T>C]CT	-1	65028.0	946012331
JG0139b	5	66573189	N:TC[T>C]TT	-1	220923.0	946233254
JG0139b	5	66587005	N:GG[T>G]TG	1	13816.0	946247070
JG0139b	5	66615920	U:GC[T>C]TC	1	28915.0	946275985
JG0139b	5	66735772	T:CC[T>C]AG	-1	119852.0	946395837
JG0139b	5	66804196	U:TC[T>C]TT	1	68424.0	946464261
JG0139b	5	66857936	U:TC[T>G]TT	1	53740.0	946518001
JG0139b	5	66910974	U:TC[T>G]TG	1	53038.0	946571039
JG0139b	5	67156459	U:AC[T>C]TA	1	245485.0	946816524
JG0139b	5	67301362	N:TC[T>A]AA	-1	144903.0	946961427
JG0139b	5	67445486	N:AG[T>G]CT	-1	144124.0	947105551
JG0139b	5	67545588	N:TG[T>C]TA	1	100102.0	947205653
JG0139b	5	67549712	N:TG[T>G]TG	1	4124.0	947209777
JG0139b	5	67689036	N:GA[T>G]TT	-1	139324.0	947349101
JG0139b	5	67913229	N:AA[T>G]TT	1	224193.0	947573294
JG0139b	5	68345996	N:CC[T>C]GC	1	432767.0	948006061
JG0139b	5	68380006	N:AC[T>A]TG	1	34010.0	948040071
JG0139b	5	68510971	N:CC[T>C]CC	1	130965.0	948171036
JG0139b	5	68515528	N:TC[T>C]GT	-1	4557.0	948175593
JG0139b	5	68711497	N:TC[T>A]CT	-1	195969.0	948371562
JG0139b	5	68762854	N:GG[T>G]TC	-1	51357.0	948422919
JG0139b	5	68824276	N:CC[T>G]CT	-1	61422.0	948484341
JG0139b	5	68952152	N:CC[T>C]CC	1	127876.0	948612217
JG0139b	5	68963646	N:CC[T>C]CC	-1	11494.0	948623711
JG0139b	5	69137501	N:AC[T>G]CC	1	173855.0	948797566
JG0139b	5	69153054	N:TC[T>G]TC	1	15553.0	948813119
JG0139b	5	69176767	U:GC[T>C]CA	1	23713.0	948836832
JG0139b	5	69666426	N:CC[T>G]TG	1	489659.0	949326491
JG0139b	5	70011098	N:CC[T>G]TC	1	344672.0	949671163
JG0139b	5	70045900	N:GC[T>C]GA	-1	34802.0	949705965
JG0139b	5	70201144	N:GC[T>G]CT	-1	155244.0	949861209
JG0139b	5	70238384	N:CC[T>G]TG	-1	37240.0	949898449
JG0139b	5	70248375	N:AC[T>G]CA	1	9991.0	949908440
JG0139b	5	70299453	N:AC[T>G]TT	-1	51078.0	949959518
JG0139b	5	70585923	N:GC[T>A]CC	1	286470.0	950245988
JG0139b	5	70590670	N:AC[T>C]CA	-1	4747.0	950250735
JG0139b	5	70636596	N:CC[T>A]TG	1	45926.0	950296661
JG0139b	5	70870251	N:CC[T>G]TA	-1	233655.0	950530316
JG0139b	5	71223463	N:GG[T>C]TT	-1	353212.0	950883528
JG0139b	5	71283660	N:AC[T>G]TG	1	60197.0	950943725
JG0139b	5	71522998	U:AC[T>G]TA	1	239338.0	951183063
JG0139b	5	71634380	T:GC[T>G]TG	-1	111382.0	951294445
JG0139b	5	71697678	N:GC[T>C]TG	1	63298.0	951357743
JG0139b	5	71734717	N:AG[T>A]CT	1	37039.0	951394782
JG0139b	5	71799440	N:AT[C>G]AT	1	64723.0	951459505
JG0139b	5	71847980	N:AG[T>A]CC	-1	48540.0	951508045
JG0139b	5	72028478	N:CC[T>C]TC	-1	180498.0	951688543
JG0139b	5	72099015	N:CC[T>C]TA	1	70537.0	951759080
JG0139b	5	72167415	U:TC[T>C]CT	1	68400.0	951827480
JG0139b	5	72873041	T:AC[T>G]TG	-1	705626.0	952533106
JG0139b	5	72888114	U:GC[T>C]TA	1	15073.0	952548179
JG0139b	5	73293966	N:AA[T>A]TT	-1	405852.0	952954031
JG0139b	5	73322920	N:CC[T>C]TC	-1	28954.0	952982985
JG0139b	5	73546918	N:AC[T>A]CT	1	223998.0	953206983
JG0139b	5	73582931	T:TC[T>C]CA	-1	36013.0	953242996
JG0139b	5	73766102	T:TC[T>C]CA	-1	183171.0	953426167
JG0139b	5	73931180	T:AG[T>C]CA	-1	165078.0	953591245
JG0139b	5	73984276	N:TC[T>C]CA	-1	53096.0	953644341
JG0139b	5	73990315	N:TC[T>A]TA	-1	6039.0	953650380
JG0139b	5	74040285	N:TC[T>G]TA	1	49970.0	953700350
JG0139b	5	74086432	N:CC[T>C]TG	1	46147.0	953746497
JG0139b	5	74550650	N:TC[T>G]TA	-1	464218.0	954210715
JG0139b	5	74751726	U:AC[T>G]TA	-1	201076.0	954411791
JG0139b	5	74781159	T:TA[T>G]TT	1	29433.0	954441224
JG0139b	5	75203157	U:AC[T>A]TC	-1	421998.0	954863222
JG0139b	5	75514000	U:CT[T>G]TT	1	310843.0	955174065
JG0139b	5	75789276	N:GG[T>C]CG	-1	275276.0	955449341
JG0139b	5	75892770	N:TC[T>G]TT	1	103494.0	955552835
JG0139b	5	75997929	N:AC[T>G]TG	1	105159.0	955657994
JG0139b	5	76148454	U:TC[T>C]CT	1	150525.0	955808519
JG0139b	5	76189729	U:TC[T>C]TA	1	41275.0	955849794
JG0139b	5	76280597	U:CC[T>A]TG	1	90868.0	955940662
JG0139b	5	76297732	T:GG[T>C]TC	-1	17135.0	955957797
JG0139b	5	76813252	N:TC[T>A]CA	-1	515520.0	956473317
JG0139b	5	76880734	U:GC[T>C]TG	1	67482.0	956540799
JG0139b	5	77048919	U:AC[T>G]TT	1	168185.0	956708984
JG0139b	5	77422771	U:GG[T>A]CT	1	373852.0	957082836
JG0139b	5	77707888	T:GC[T>G]CA	1	285117.0	957367953
JG0139b	5	77764672	U:CC[T>A]TC	-1	56784.0	957424737
JG0139b	5	77857793	T:AC[T>G]TA	1	93121.0	957517858
JG0139b	5	77985086	N:CC[T>C]CA	1	127293.0	957645151
JG0139b	5	78221886	T:CC[T>G]TG	1	236800.0	957881951
JG0139b	5	78569392	U:CC[C>A]CT	-1	347506.0	958229457
JG0139b	5	78676132	N:AC[T>G]TT	-1	106740.0	958336197
JG0139b	5	79563914	N:CC[T>G]GA	1	887782.0	959223979
JG0139b	5	79681054	U:CC[T>C]TT	1	117140.0	959341119
JG0139b	5	79929481	N:GC[T>A]TT	1	248427.0	959589546
JG0139b	5	79934006	N:CC[T>C]GG	1	4525.0	959594071
JG0139b	5	80015170	N:CC[T>C]TT	-1	81164.0	959675235
JG0139b	5	80146739	U:GC[T>C]TA	-1	131569.0	959806804
JG0139b	5	80283272	N:TC[T>C]CT	1	136533.0	959943337
JG0139b	5	80294941	N:TC[T>C]TT	1	11669.0	959955006
JG0139b	5	80450692	T:TC[T>G]TC	-1	155751.0	960110757
JG0139b	5	80583444	N:TG[T>G]TA	-1	132752.0	960243509
JG0139b	5	80627368	U:TG[T>C]CT	-1	43924.0	960287433
JG0139b	5	80927169	N:GG[T>G]TT	1	299801.0	960587234
JG0139b	5	81060017	T:AC[T>G]TG	-1	132848.0	960720082
JG0139b	5	81060939	U:TC[T>C]CT	1	922.0	960721004
JG0139b	5	81092077	T:GA[T>G]TA	-1	31138.0	960752142
JG0139b	5	81291690	N:GC[T>A]TT	-1	199613.0	960951755
JG0139b	5	81396605	N:TC[T>C]CT	-1	104915.0	961056670
JG0139b	5	81412735	N:CC[T>G]CA	-1	16130.0	961072800
JG0139b	5	81432357	T:GC[T>C]TG	1	19622.0	961092422
JG0139b	5	81565028	T:TC[T>A]TT	1	132671.0	961225093
JG0139b	5	81700782	T:CC[T>G]CT	1	135754.0	961360847
JG0139b	5	81725257	U:TA[T>G]TT	-1	24475.0	961385322
JG0139b	5	81822771	N:AG[T>G]GA	1	97514.0	961482836
JG0139b	5	82033421	U:CC[T>C]CC	1	210650.0	961693486
JG0139b	5	82223352	U:AC[T>G]TG	1	189931.0	961883417
JG0139b	5	82447656	N:AC[T>G]TG	-1	224304.0	962107721
JG0139b	5	82511597	N:GC[T>G]TC	1	63941.0	962171662
JG0139b	5	82585920	N:CC[T>C]TG	-1	74323.0	962245985
JG0139b	5	82626628	N:GC[T>C]GT	1	40708.0	962286693
JG0139b	5	82757841	N:CC[T>A]GC	-1	131213.0	962417906
JG0139b	5	82862503	N:TC[T>C]TG	-1	104662.0	962522568
JG0139b	5	83409106	N:AC[T>C]TC	1	546603.0	963069171
JG0139b	5	83459694	N:TC[T>C]CC	-1	50588.0	963119759
JG0139b	5	83471512	T:CC[T>C]CT	-1	11818.0	963131577
JG0139b	5	83482663	U:TC[T>C]TC	1	11151.0	963142728
JG0139b	5	83498373	U:CC[T>G]TA	1	15710.0	963158438
JG0139b	5	83555640	T:AC[T>C]CA	-1	57267.0	963215705
JG0139b	5	83762485	N:AC[T>G]TA	-1	206845.0	963422550
JG0139b	5	84028352	T:AC[T>G]TA	1	265867.0	963688417
JG0139b	5	84217092	T:CC[T>G]CT	1	188740.0	963877157
JG0139b	5	84304027	U:TC[T>C]GT	-1	86935.0	963964092
JG0139b	5	84538250	N:GC[T>G]TT	1	234223.0	964198315
JG0139b	5	84546544	N:TC[T>G]TC	-1	8294.0	964206609
JG0139b	5	84600030	N:AG[T>G]TC	1	53486.0	964260095
JG0139b	5	84612658	N:AC[T>G]TA	-1	12628.0	964272723
JG0139b	5	84841947	N:GC[T>G]CT	1	229289.0	964502012
JG0139b	5	85001657	N:CC[T>C]CC	1	159710.0	964661722
JG0139b	5	85119862	N:CC[T>C]TC	-1	118205.0	964779927
JG0139b	5	85195900	N:GC[T>C]CA	-1	76038.0	964855965
JG0139b	5	85246672	N:AC[T>C]CC	-1	50772.0	964906737
JG0139b	5	85607666	N:TG[T>C]TC	-1	360994.0	965267731
JG0139b	5	85677073	N:CG[T>G]TG	1	69407.0	965337138
JG0139b	5	86494733	N:AG[T>G]TA	-1	817660.0	966154798
JG0139b	5	86515558	N:TC[T>C]TG	-1	20825.0	966175623
JG0139b	5	86727520	N:GG[T>A]TT	1	211962.0	966387585
JG0139b	5	86833249	N:TG[T>G]TT	1	105729.0	966493314
JG0139b	5	87311001	T:AC[T>C]TA	-1	477752.0	966971066
JG0139b	5	87470543	N:TC[T>C]TG	-1	159542.0	967130608
JG0139b	5	87994848	N:AG[C>T]TG	1	524305.0	967654913
JG0139b	5	88096573	N:CC[T>C]TG	1	101725.0	967756638
JG0139b	5	88602148	N:AG[C>G]CC	1	505575.0	968262213
JG0139b	5	88801798	T:AC[T>G]TT	1	199650.0	968461863
JG0139b	5	89105592	N:AC[T>C]CC	1	303794.0	968765657
JG0139b	5	89503750	N:GC[T>G]TT	1	398158.0	969163815
JG0139b	5	89509129	N:GC[T>G]CC	-1	5379.0	969169194
JG0139b	5	89671795	N:AC[T>C]TC	1	162666.0	969331860
JG0139b	5	89845564	N:AC[T>C]CT	-1	173769.0	969505629
JG0139b	5	89867329	N:TC[T>G]TT	-1	21765.0	969527394
JG0139b	5	90543012	T:TC[T>G]TA	-1	675683.0	970203077
JG0139b	5	90808488	T:AT[T>A]TC	-1	265476.0	970468553
JG0139b	5	90919979	T:AC[T>C]CT	-1	111491.0	970580044
JG0139b	5	91124785	T:TC[T>C]CT	-1	204806.0	970784850
JG0139b	5	91378472	T:AC[T>C]TT	1	253687.0	971038537
JG0139b	5	91676100	N:TG[T>A]TT	-1	297628.0	971336165
JG0139b	5	91774006	N:TC[T>G]TT	1	97906.0	971434071
JG0139b	5	91972210	N:AG[T>C]TA	1	198204.0	971632275
JG0139b	5	92055821	N:AG[T>C]CA	-1	83611.0	971715886
JG0139b	5	92078838	N:TG[T>C]TC	-1	23017.0	971738903
JG0139b	5	92357818	N:TG[T>A]GG	-1	278980.0	972017883
JG0139b	5	92404853	N:AC[T>C]TT	-1	47035.0	972064918
JG0139b	5	92783038	N:AC[T>G]TT	-1	378185.0	972443103
JG0139b	5	92811219	N:TG[T>C]TT	1	28181.0	972471284
JG0139b	5	92834177	N:CA[T>G]TT	1	22958.0	972494242
JG0139b	5	92847414	N:AG[T>C]CA	1	13237.0	972507479
JG0139b	5	92933192	N:AG[T>C]GT	1	85778.0	972593257
JG0139b	5	93047018	N:AC[T>C]TC	1	113826.0	972707083
JG0139b	5	93238225	N:AC[T>C]TT	-1	191207.0	972898290
JG0139b	5	93240249	N:CC[T>C]TG	1	2024.0	972900314
JG0139b	5	93400344	N:AC[T>C]TC	1	160095.0	973060409
JG0139b	5	93480380	N:CC[T>G]TT	-1	80036.0	973140445
JG0139b	5	93656209	T:TG[T>G]TA	1	175829.0	973316274
JG0139b	5	93667992	T:TA[C>T]AA	1	11783.0	973328057
JG0139b	5	93733729	U:AG[T>G]TA	-1	65737.0	973393794
JG0139b	5	93910969	U:TC[T>A]CT	-1	177240.0	973571034
JG0139b	5	94140778	N:GC[T>G]TT	1	229809.0	973800843
JG0139b	5	94193579	T:GC[T>G]TA	1	52801.0	973853644
JG0139b	5	94234472	T:TC[T>G]TC	1	40893.0	973894537
JG0139b	5	94241705	U:AA[T>G]TC	-1	7233.0	973901770
JG0139b	5	94353241	U:TG[T>G]TA	-1	111536.0	974013306
JG0139b	5	94621541	T:AG[T>C]CA	-1	268300.0	974281606
JG0139b	5	94816683	U:CC[T>G]TA	-1	195142.0	974476748
JG0139b	5	94825115	T:TC[T>C]TT	1	8432.0	974485180
JG0139b	5	94854982	T:AC[T>C]TT	1	29867.0	974515047
JG0139b	5	95151640	U:AG[T>G]CC	-1	296658.0	974811705
JG0139b	5	95218178	U:TC[T>C]CA	-1	66538.0	974878243
JG0139b	5	95393860	T:TT[T>C]AT	-1	175682.0	975053925
JG0139b	5	95598593	U:AC[T>C]TT	1	204733.0	975258658
JG0139b	5	95894185	U:GC[T>A]CA	-1	295592.0	975554250
JG0139b	5	95940162	T:CC[T>G]TT	1	45977.0	975600227
JG0139b	5	96496989	N:TC[T>A]CC	1	556827.0	976157054
JG0139b	5	96586411	U:GG[T>C]TG	1	89422.0	976246476
JG0139b	5	96747515	T:CC[T>C]TT	-1	161104.0	976407580
JG0139b	5	96811196	N:GC[T>G]TG	1	63681.0	976471261
JG0139b	5	96816474	N:CC[T>G]TA	1	5278.0	976476539
JG0139b	5	96929937	N:TG[C>A]CT	1	113463.0	976590002
JG0139b	5	96948917	U:TC[T>G]TT	1	18980.0	976608982
JG0139b	5	97445964	N:CC[T>C]GT	-1	497047.0	977106029
JG0139b	5	97511810	N:CC[T>A]TA	1	65846.0	977171875
JG0139b	5	97551724	N:AC[T>A]CT	1	39914.0	977211789
JG0139b	5	97681316	N:AG[T>C]GG	1	129592.0	977341381
JG0139b	5	97997041	N:GG[T>G]TG	-1	315725.0	977657106
JG0139b	5	98099053	N:GG[T>A]CA	1	102012.0	977759118
JG0139b	5	98220649	N:GC[T>C]CT	1	121596.0	977880714
JG0139b	5	98246138	N:TC[T>C]CC	1	25489.0	977906203
JG0139b	5	99008884	N:AT[T>G]TG	1	762746.0	978668949
JG0139b	5	99178600	N:GC[T>C]AA	1	169716.0	978838665
JG0139b	5	99248990	N:GC[T>C]TT	-1	70390.0	978909055
JG0139b	5	99365887	N:CC[T>C]CA	-1	116897.0	979025952
JG0139b	5	99540820	N:GC[T>C]TT	1	174933.0	979200885
JG0139b	5	99555458	N:TC[T>G]TT	1	14638.0	979215523
JG0139b	5	99784324	N:CC[T>G]TC	-1	228866.0	979444389
JG0139b	5	99812781	N:CC[T>C]TT	-1	28457.0	979472846
JG0139b	5	100181034	N:CC[T>A]GG	1	368253.0	979841099
JG0139b	5	100230730	N:AA[C>T]TT	1	49696.0	979890795
JG0139b	5	100766647	N:GC[T>G]CC	-1	535917.0	980426712
JG0139b	5	100776394	N:AA[T>G]TT	-1	9747.0	980436459
JG0139b	5	100776580	N:CC[T>C]TC	-1	186.0	980436645
JG0139b	5	100788780	N:AC[T>C]TA	-1	12200.0	980448845
JG0139b	5	100793344	N:TC[T>C]GA	-1	4564.0	980453409
JG0139b	5	101032566	N:AC[T>G]TC	1	239222.0	980692631
JG0139b	5	101344863	N:AC[T>G]TG	1	312297.0	981004928
JG0139b	5	102059162	N:AC[T>G]TC	-1	714299.0	981719227
JG0139b	5	102083585	N:GC[T>C]TC	1	24423.0	981743650
JG0139b	5	102094234	N:GC[T>A]TA	1	10649.0	981754299
JG0139b	5	102232233	N:TT[C>G]CA	-1	137999.0	981892298
JG0139b	5	102321882	N:TG[T>G]TT	1	89649.0	981981947
JG0139b	5	102642804	N:TG[T>C]TA	1	320922.0	982302869
JG0139b	5	102738902	N:GC[T>G]TG	1	96098.0	982398967
JG0139b	5	103068558	N:GC[T>G]TT	1	329656.0	982728623
JG0139b	5	103835124	N:GT[C>T]TA	-1	766566.0	983495189
JG0139b	5	103838259	N:AC[T>G]TA	1	3135.0	983498324
JG0139b	5	103912175	N:AC[T>G]TT	-1	73916.0	983572240
JG0139b	5	103987525	N:AC[T>C]GT	1	75350.0	983647590
JG0139b	5	104191166	N:CC[T>G]CA	-1	203641.0	983851231
JG0139b	5	104304679	N:CC[T>G]TG	-1	113513.0	983964744
JG0139b	5	104333063	N:GG[T>C]GT	1	28384.0	983993128
JG0139b	5	104423858	N:TA[T>C]TG	1	90795.0	984083923
JG0139b	5	104589775	N:AC[T>C]TT	-1	165917.0	984249840
JG0139b	5	104878680	N:TG[T>C]GT	1	288905.0	984538745
JG0139b	5	104900430	N:TC[T>C]CA	1	21750.0	984560495
JG0139b	5	105090444	N:CC[T>G]TC	-1	190014.0	984750509
JG0139b	5	105171794	N:TT[T>G]TC	-1	81350.0	984831859
JG0139b	5	105396630	N:TC[T>G]CA	1	224836.0	985056695
JG0139b	5	105527945	N:GG[T>G]TG	1	131315.0	985188010
JG0139b	5	105615208	N:GA[T>G]TA	-1	87263.0	985275273
JG0139b	5	105889728	N:GC[T>C]CC	1	274520.0	985549793
JG0139b	5	106000932	N:CC[T>C]TA	-1	111204.0	985660997
JG0139b	5	106073039	N:AG[T>G]TA	1	72107.0	985733104
JG0139b	5	106118383	N:TC[T>C]CA	-1	45344.0	985778448
JG0139b	5	106553124	N:TA[T>A]CT	-1	434741.0	986213189
JG0139b	5	106592592	N:CC[T>C]GA	1	39468.0	986252657
JG0139b	5	106706962	N:AC[T>C]TA	1	114370.0	986367027
JG0139b	5	106709010	N:CC[T>G]TT	-1	2048.0	986369075
JG0139b	5	107400864	U:TC[T>C]AG	-1	691854.0	987060929
JG0139b	5	107425156	U:TA[T>G]TT	-1	24292.0	987085221
JG0139b	5	107521960	T:AG[T>G]TA	1	96804.0	987182025
JG0139b	5	107565701	U:AG[T>G]TT	-1	43741.0	987225766
JG0139b	5	107600820	U:AC[T>G]TC	-1	35119.0	987260885
JG0139b	5	107974830	U:TC[T>A]CT	-1	374010.0	987634895
JG0139b	5	108038533	U:AA[T>G]TT	-1	63703.0	987698598
JG0139b	5	108136198	U:GG[T>G]TT	-1	97665.0	987796263
JG0139b	5	108259247	U:GA[T>G]TG	-1	123049.0	987919312
JG0139b	5	108306234	T:AC[T>C]GC	1	46987.0	987966299
JG0139b	5	108488262	N:TC[T>G]TC	1	182028.0	988148327
JG0139b	5	108553821	N:TC[T>G]TT	1	65559.0	988213886
JG0139b	5	108575716	N:GA[T>G]TC	1	21895.0	988235781
JG0139b	5	108793960	U:TG[T>C]TT	1	218244.0	988454025
JG0139b	5	108806364	T:AT[T>C]TC	-1	12404.0	988466429
JG0139b	5	108908853	T:TG[T>C]GG	-1	102489.0	988568918
JG0139b	5	109133094	U:GG[T>A]TT	1	224241.0	988793159
JG0139b	5	109156570	T:AC[T>G]TC	-1	23476.0	988816635
JG0139b	5	109298049	N:AC[T>G]TT	1	141479.0	988958114
JG0139b	5	109809212	U:TC[T>C]TT	1	511163.0	989469277
JG0139b	5	109896203	N:CC[T>G]TC	-1	86991.0	989556268
JG0139b	5	109927516	N:AG[T>G]TT	-1	31313.0	989587581
JG0139b	5	109928411	N:TT[T>G]TC	1	895.0	989588476
JG0139b	5	109946041	N:TC[T>A]CA	-1	17630.0	989606106
JG0139b	5	110396941	N:AC[T>C]TT	-1	450900.0	990057006
JG0139b	5	110750308	U:GC[T>A]TT	1	353367.0	990410373
JG0139b	5	111038780	N:TG[T>A]CA	1	288472.0	990698845
JG0139b	5	111075485	U:TC[T>C]TG	1	36705.0	990735550
JG0139b	5	111133479	N:AC[T>C]CC	-1	57994.0	990793544
JG0139b	5	111138281	N:GC[T>G]TT	1	4802.0	990798346
JG0139b	5	111300232	T:TC[T>C]CG	-1	161951.0	990960297
JG0139b	5	111427377	U:CC[T>C]TA	1	127145.0	991087442
JG0139b	5	111484939	U:TG[T>A]TT	1	57562.0	991145004
JG0139b	5	111552652	N:TC[T>C]GT	1	67713.0	991212717
JG0139b	5	111928687	U:AC[T>G]TA	-1	376035.0	991588752
JG0139b	5	112078252	N:GC[T>G]CC	1	149565.0	991738317
JG0139b	5	112126663	N:TC[T>G]TC	1	48411.0	991786728
JG0139b	5	112217176	T:CC[T>A]CA	1	90513.0	991877241
JG0139b	5	112418292	T:CC[T>G]TT	1	201116.0	992078357
JG0139b	5	112568188	N:TC[T>G]TA	1	149896.0	992228253
JG0139b	5	112615303	N:AC[T>C]TC	1	47115.0	992275368
JG0139b	5	112673442	N:TC[T>A]TT	1	58139.0	992333507
JG0139b	5	113099235	U:AG[T>G]TA	-1	425793.0	992759300
JG0139b	5	113167714	T:CC[T>G]TG	1	68479.0	992827779
JG0139b	5	113195806	T:TC[T>G]GC	1	28092.0	992855871
JG0139b	5	113260125	U:AC[T>C]GC	-1	64319.0	992920190
JG0139b	5	113887774	N:GA[T>G]TC	1	627649.0	993547839
JG0139b	5	114005476	N:GC[T>G]CA	1	117702.0	993665541
JG0139b	5	114203138	T:CC[T>G]TT	-1	197662.0	993863203
JG0139b	5	114476788	T:TC[T>G]TC	-1	273650.0	994136853
JG0139b	5	114689852	N:CC[T>A]GA	1	213064.0	994349917
JG0139b	5	114857749	N:TC[T>C]CC	1	167897.0	994517814
JG0139b	5	114934749	N:TC[T>C]TA	1	77000.0	994594814
JG0139b	5	115018644	N:TC[T>G]TG	-1	83895.0	994678709
JG0139b	5	115458333	N:AG[T>G]TC	1	439689.0	995118398
JG0139b	5	115548066	N:GG[T>C]TC	1	89733.0	995208131
JG0139b	5	115687650	N:AG[T>G]TC	1	139584.0	995347715
JG0139b	5	115871695	T:AC[T>A]TT	-1	184045.0	995531760
JG0139b	5	115935571	N:GT[T>G]TG	-1	63876.0	995595636
JG0139b	5	116067248	N:AC[T>C]TG	-1	131677.0	995727313
JG0139b	5	116080495	N:CC[T>C]CC	-1	13247.0	995740560
JG0139b	5	116237062	T:TC[T>C]CA	-1	156567.0	995897127
JG0139b	5	116246854	T:GC[T>G]TT	-1	9792.0	995906919
JG0139b	5	116769381	N:AC[T>G]TA	1	522527.0	996429446
JG0139b	5	116791236	N:GC[T>G]TT	1	21855.0	996451301
JG0139b	5	116849046	N:AG[T>A]CT	1	57810.0	996509111
JG0139b	5	116909601	N:TT[T>G]TA	-1	60555.0	996569666
JG0139b	5	117023355	N:CC[T>G]TT	1	113754.0	996683420
JG0139b	5	117189635	N:TT[T>G]TT	-1	166280.0	996849700
JG0139b	5	117275377	N:AC[T>C]CA	1	85742.0	996935442
JG0139b	5	117329824	N:TG[T>G]TC	1	54447.0	996989889
JG0139b	5	117363471	N:TC[T>G]CT	1	33647.0	997023536
JG0139b	5	117368912	N:TC[T>C]CT	-1	5441.0	997028977
JG0139b	5	117560221	N:CC[T>G]TT	1	191309.0	997220286
JG0139b	5	117607590	N:TC[T>C]TG	-1	47369.0	997267655
JG0139b	5	117962501	N:CC[T>G]TA	1	354911.0	997622566
JG0139b	5	118118029	N:TG[T>G]TT	1	155528.0	997778094
JG0139b	5	118282617	N:GC[T>C]CC	-1	164588.0	997942682
JG0139b	5	118706760	N:AG[T>A]CA	1	424143.0	998366825
JG0139b	5	119003291	N:TC[T>C]TA	1	296531.0	998663356
JG0139b	5	119257913	N:TC[T>G]TT	-1	254622.0	998917978
JG0139b	5	119808049	N:AG[T>C]TT	1	550136.0	999468114
JG0139b	5	119831962	N:GC[T>G]TA	1	23913.0	999492027
JG0139b	5	119832300	N:AC[T>G]TA	1	338.0	999492365
JG0139b	5	119858908	N:GC[T>G]TT	1	26608.0	999518973
JG0139b	5	119877880	N:TA[T>G]TT	1	18972.0	999537945
JG0139b	5	120074640	N:AC[T>C]TA	-1	196760.0	999734705
JG0139b	5	120389128	N:AG[T>G]TC	1	314488.0	1000049193
JG0139b	5	120406915	N:TC[T>A]TC	1	17787.0	1000066980
JG0139b	5	120538515	T:TG[T>A]TT	-1	131600.0	1000198580
JG0139b	5	120685756	U:TA[T>C]TA	1	147241.0	1000345821
JG0139b	5	120824625	N:AG[T>G]TC	1	138869.0	1000484690
JG0139b	5	120923224	N:TT[T>C]CT	1	98599.0	1000583289
JG0139b	5	121204046	N:GC[T>C]TT	1	280822.0	1000864111
JG0139b	5	121506900	N:TA[T>G]TA	1	302854.0	1001166965
JG0139b	5	121679471	N:AC[T>C]CA	-1	172571.0	1001339536
JG0139b	5	121864576	N:TC[T>G]TC	-1	185105.0	1001524641
JG0139b	5	122548128	N:TC[T>G]TG	-1	683552.0	1002208193
JG0139b	5	122799312	U:TC[T>C]TT	1	251184.0	1002459377
JG0139b	5	123102438	T:GC[T>C]TT	-1	303126.0	1002762503
JG0139b	5	123531102	T:CC[T>C]CC	-1	428664.0	1003191167
JG0139b	5	123611516	T:TC[T>C]TT	-1	80414.0	1003271581
JG0139b	5	123901655	N:GC[T>G]TC	-1	290139.0	1003561720
JG0139b	5	123994516	N:TC[T>A]TT	1	92861.0	1003654581
JG0139b	5	124070685	N:CC[T>C]CT	1	76169.0	1003730750
JG0139b	5	124110386	N:AC[T>C]CC	-1	39701.0	1003770451
JG0139b	5	124253275	N:TG[T>G]TG	1	142889.0	1003913340
JG0139b	5	124308645	N:AC[T>A]CT	1	55370.0	1003968710
JG0139b	5	124483018	N:AC[T>A]TT	-1	174373.0	1004143083
JG0139b	5	124685704	U:AG[T>C]TC	-1	202686.0	1004345769
JG0139b	5	124787740	N:TG[T>G]TG	1	102036.0	1004447805
JG0139b	5	124839755	N:TC[T>G]TT	1	52015.0	1004499820
JG0139b	5	125186459	N:GC[T>G]AT	-1	346704.0	1004846524
JG0139b	5	125229935	N:TG[T>G]TA	1	43476.0	1004890000
JG0139b	5	125466487	N:GT[T>A]AC	1	236552.0	1005126552
JG0139b	5	125502865	N:CC[T>G]TG	1	36378.0	1005162930
JG0139b	5	125898315	N:AC[T>G]TT	1	395450.0	1005558380
JG0139b	5	125960295	N:TC[T>G]TC	1	61980.0	1005620360
JG0139b	5	126241785	N:TC[T>C]TG	1	281490.0	1005901850
JG0139b	5	126419337	T:TC[T>G]CG	-1	177552.0	1006079402
JG0139b	5	127236254	N:GC[T>G]CA	-1	816917.0	1006896319
JG0139b	5	127571680	N:TC[T>C]TT	-1	335426.0	1007231745
JG0139b	5	127582113	N:TC[T>C]CT	-1	10433.0	1007242178
JG0139b	5	127619575	N:AC[T>A]TT	-1	37462.0	1007279640
JG0139b	5	127767159	U:GC[T>C]CT	1	147584.0	1007427224
JG0139b	5	127814575	U:AG[T>G]TT	1	47416.0	1007474640
JG0139b	5	128196486	N:TC[T>C]TT	1	381911.0	1007856551
JG0139b	5	128359865	U:GG[T>C]TC	-1	163379.0	1008019930
JG0139b	5	128604076	U:AC[T>A]TA	-1	244211.0	1008264141
JG0139b	5	129165859	N:GC[T>G]TG	1	561783.0	1008825924
JG0139b	5	129316964	N:CC[T>G]CC	-1	151105.0	1008977029
JG0139b	5	129577187	T:TC[T>G]TC	-1	260223.0	1009237252
JG0139b	5	129817527	N:AG[T>C]AT	-1	240340.0	1009477592
JG0139b	5	129868540	N:GC[T>A]CA	-1	51013.0	1009528605
JG0139b	5	130186544	U:CC[T>G]TC	1	318004.0	1009846609
JG0139b	5	130340425	N:CC[T>C]CA	1	153881.0	1010000490
JG0139b	5	130427425	N:GC[T>A]TT	1	87000.0	1010087490
JG0139b	5	130855111	N:CC[T>C]CA	-1	427686.0	1010515176
JG0139b	5	131178372	T:AC[T>C]TT	-1	323261.0	1010838437
JG0139b	5	131521647	T:AC[T>C]TT	1	343275.0	1011181712
JG0139b	5	131544958	U:CC[T>C]GA	-1	23311.0	1011205023
JG0139b	5	131634407	T:AC[T>A]GT	1	89449.0	1011294472
JG0139b	5	131816019	T:AC[T>G]TT	1	181612.0	1011476084
JG0139b	5	131863371	T:TG[T>G]TG	1	47352.0	1011523436
JG0139b	5	132251413	T:TC[T>G]CG	1	388042.0	1011911478
JG0139b	5	132645508	U:AC[T>G]TA	1	394095.0	1012305573
JG0139b	5	132883414	U:TG[T>C]TC	-1	237906.0	1012543479
JG0139b	5	132987719	N:TC[T>C]TC	1	104305.0	1012647784
JG0139b	5	133035995	N:TC[T>C]TT	1	48276.0	1012696060
JG0139b	5	133102845	U:TC[T>C]CC	1	66850.0	1012762910
JG0139b	5	133115634	N:CC[T>C]CA	1	12789.0	1012775699
JG0139b	5	133158866	N:AC[T>G]GA	1	43232.0	1012818931
JG0139b	5	133305908	T:CC[T>C]GT	1	147042.0	1012965973
JG0139b	5	133334868	T:TC[T>C]CT	1	28960.0	1012994933
JG0139b	5	133478023	T:TC[T>C]CT	1	143155.0	1013138088
JG0139b	5	133509298	U:TC[T>C]TG	-1	31275.0	1013169363
JG0139b	5	133801383	N:GC[T>G]TG	-1	292085.0	1013461448
JG0139b	5	133814200	N:AC[T>A]CA	-1	12817.0	1013474265
JG0139b	5	133838479	N:GG[T>A]TT	1	24279.0	1013498544
JG0139b	5	133977159	U:GC[T>A]CT	-1	138680.0	1013637224
JG0139b	5	134255226	N:TC[T>C]TC	-1	278067.0	1013915291
JG0139b	5	134394677	N:GC[T>G]CC	1	139451.0	1014054742
JG0139b	5	134547494	T:TG[T>C]GG	-1	152817.0	1014207559
JG0139b	5	134555691	U:GC[T>C]TA	1	8197.0	1014215756
JG0139b	5	135115666	N:TG[T>G]TT	-1	559975.0	1014775731
JG0139b	5	135215737	N:TC[T>C]CT	1	100071.0	1014875802
JG0139b	5	135272906	N:AC[T>C]CC	1	57169.0	1014932971
JG0139b	5	135342327	T:AC[T>G]TC	1	69421.0	1015002392
JG0139b	5	135439172	N:CG[T>G]TA	1	96845.0	1015099237
JG0139b	5	136070984	N:CC[T>C]CT	-1	631812.0	1015731049
JG0139b	5	136351986	U:CC[T>G]TT	-1	281002.0	1016012051
JG0139b	5	136608842	N:AC[T>A]TT	-1	256856.0	1016268907
JG0139b	5	137033822	T:TC[T>G]TG	1	424980.0	1016693887
JG0139b	5	137195252	T:AC[T>G]TT	1	161430.0	1016855317
JG0139b	5	137247680	T:GC[T>C]CA	1	52428.0	1016907745
JG0139b	5	137493989	U:AC[T>C]TC	-1	246309.0	1017154054
JG0139b	5	137610849	N:TC[T>C]CC	1	116860.0	1017270914
JG0139b	5	137813466	N:GG[T>G]GA	1	202617.0	1017473531
JG0139b	5	138318738	U:TC[T>G]TT	-1	505272.0	1017978803
JG0139b	5	138417770	T:CC[T>C]TT	-1	99032.0	1018077835
JG0139b	5	138527735	U:CC[T>A]TG	-1	109965.0	1018187800
JG0139b	5	138808262	U:TC[T>C]CC	1	280527.0	1018468327
JG0139b	5	138834944	T:GC[T>G]CC	-1	26682.0	1018495009
JG0139b	5	139023478	U:TC[T>C]CC	-1	188534.0	1018683543
JG0139b	5	139737972	N:TC[T>G]TC	1	714494.0	1019398037
JG0139b	5	139746595	N:TC[T>C]TT	1	8623.0	1019406660
JG0139b	5	139753321	N:CC[T>C]CC	-1	6726.0	1019413386
JG0139b	5	139986214	U:AA[T>G]TC	-1	232893.0	1019646279
JG0139b	5	140140863	N:TC[T>G]TT	-1	154649.0	1019800928
JG0139b	5	140153426	N:TC[T>C]CC	1	12563.0	1019813491
JG0139b	5	140179661	U:TC[T>C]TT	1	26235.0	1019839726
JG0139b	5	140188836	T:GC[T>C]GG	-1	9175.0	1019848901
JG0139b	5	140600197	N:AC[T>C]TA	1	411361.0	1020260262
JG0139b	5	140749083	N:CA[C>A]AA	-1	148886.0	1020409148
JG0139b	5	140829485	T:CC[T>G]TC	-1	80402.0	1020489550
JG0139b	5	141258071	N:AT[T>A]AA	-1	428586.0	1020918136
JG0139b	5	141927322	U:CC[T>A]CC	1	669251.0	1021587387
JG0139b	5	141931427	U:GC[T>A]TT	1	4105.0	1021591492
JG0139b	5	142135201	T:GA[T>C]CG	-1	203774.0	1021795266
JG0139b	5	142284680	N:CC[T>C]CA	-1	149479.0	1021944745
JG0139b	5	142301122	N:TA[T>C]GA	1	16442.0	1021961187
JG0139b	5	142321787	T:CC[T>G]TT	1	20665.0	1021981852
JG0139b	5	142432907	N:AC[T>C]CT	-1	111120.0	1022092972
JG0139b	5	142585547	N:TC[T>G]TC	1	152640.0	1022245612
JG0139b	5	142668831	U:AC[T>G]TA	-1	83284.0	1022328896
JG0139b	5	142670619	U:TC[T>C]GC	-1	1788.0	1022330684
JG0139b	5	142681851	U:AC[T>A]CA	-1	11232.0	1022341916
JG0139b	5	142932161	T:CC[T>G]TC	-1	250310.0	1022592226
JG0139b	5	142984686	T:TC[T>G]TA	-1	52525.0	1022644751
JG0139b	5	143073603	U:TC[T>C]TT	1	88917.0	1022733668
JG0139b	5	143292022	T:TT[T>C]TG	1	218419.0	1022952087
JG0139b	5	143537320	N:TC[T>G]TT	-1	245298.0	1023197385
JG0139b	5	143806515	N:CC[T>C]TT	-1	269195.0	1023466580
JG0139b	5	143963504	N:GC[T>G]AT	-1	156989.0	1023623569
JG0139b	5	144024134	N:AC[T>G]TG	-1	60630.0	1023684199
JG0139b	5	144040962	N:CC[T>G]TA	1	16828.0	1023701027
JG0139b	5	144095289	N:TC[T>A]CA	1	54327.0	1023755354
JG0139b	5	144189161	U:AC[T>G]TG	1	93872.0	1023849226
JG0139b	5	144505509	N:TC[T>C]CA	1	316348.0	1024165574
JG0139b	5	144771932	N:TG[T>G]TT	-1	266423.0	1024431997
JG0139b	5	145060130	N:AC[T>C]TA	1	288198.0	1024720195
JG0139b	5	145175766	N:AC[T>G]TC	1	115636.0	1024835831
JG0139b	5	145316274	N:GC[T>C]CT	-1	140508.0	1024976339
JG0139b	5	145574567	N:AG[T>A]TT	1	258293.0	1025234632
JG0139b	5	145595151	N:AC[T>C]CT	-1	20584.0	1025255216
JG0139b	5	145987040	U:AG[T>A]TA	1	391889.0	1025647105
JG0139b	5	146151316	U:AG[T>C]CA	-1	164276.0	1025811381
JG0139b	5	146195089	N:TC[T>C]TG	-1	43773.0	1025855154
JG0139b	5	146218381	U:GT[T>C]TC	1	23292.0	1025878446
JG0139b	5	146304790	U:TG[T>G]TA	1	86409.0	1025964855
JG0139b	5	146472414	U:AC[T>C]TT	1	167624.0	1026132479
JG0139b	5	146605304	T:CC[T>A]TC	1	132890.0	1026265369
JG0139b	5	146850031	U:CA[C>G]TT	-1	244727.0	1026510096
JG0139b	5	146948525	U:TG[T>C]TA	-1	98494.0	1026608590
JG0139b	5	146952679	U:TC[T>A]TC	-1	4154.0	1026612744
JG0139b	5	147156952	N:CG[T>G]CA	-1	204273.0	1026817017
JG0139b	5	147177543	N:TC[T>C]TC	1	20591.0	1026837608
JG0139b	5	147264293	U:AT[C>A]CC	1	86750.0	1026924358
JG0139b	5	147495526	U:GC[T>C]TG	-1	231233.0	1027155591
JG0139b	5	147669174	T:CC[T>C]AT	1	173648.0	1027329239
JG0139b	5	147936227	N:AC[T>C]CC	1	267053.0	1027596292
JG0139b	5	148012866	N:TC[T>A]TA	-1	76639.0	1027672931
JG0139b	5	148055976	U:TG[T>G]GG	1	43110.0	1027716041
JG0139b	5	148421034	U:TC[T>A]TG	1	365058.0	1028081099
JG0139b	5	148513609	T:TG[T>G]TT	1	92575.0	1028173674
JG0139b	5	148726206	N:AC[T>C]CT	-1	212597.0	1028386271
JG0139b	5	149149376	U:AC[T>C]GT	1	423170.0	1028809441
JG0139b	5	149164867	U:TC[T>C]TT	1	15491.0	1028824932
JG0139b	5	149357394	N:CC[T>C]TC	1	192527.0	1029017459
JG0139b	5	149391544	N:AG[T>C]CC	1	34150.0	1029051609
JG0139b	5	149396887	N:TC[T>C]TC	1	5343.0	1029056952
JG0139b	5	149680538	N:CC[T>G]TC	1	283651.0	1029340603
JG0139b	5	150161006	N:AG[T>G]TC	1	480468.0	1029821071
JG0139b	5	150184829	N:GC[T>A]TC	-1	23823.0	1029844894
JG0139b	5	150559919	N:GG[T>C]CT	1	375090.0	1030219984
JG0139b	5	150712555	U:AC[T>G]TT	-1	152636.0	1030372620
JG0139b	5	150749781	U:AC[T>C]CT	-1	37226.0	1030409846
JG0139b	5	150772823	N:AC[T>C]TC	1	23042.0	1030432888
JG0139b	5	151049804	U:CC[T>C]TC	-1	276981.0	1030709869
JG0139b	5	151129210	T:AC[T>G]CA	1	79406.0	1030789275
JG0139b	5	151159088	N:CC[T>G]CA	1	29878.0	1030819153
JG0139b	5	151633103	N:GC[T>C]GC	-1	474015.0	1031293168
JG0139b	5	151661665	T:TC[T>C]TA	1	28562.0	1031321730
JG0139b	5	152460177	N:AC[T>G]TA	-1	798512.0	1032120242
JG0139b	5	152608663	N:CC[T>G]TT	1	148486.0	1032268728
JG0139b	5	152680508	N:TG[T>C]CT	-1	71845.0	1032340573
JG0139b	5	152801533	N:TC[T>C]GA	-1	121025.0	1032461598
JG0139b	5	152926535	N:TC[T>A]CC	-1	125002.0	1032586600
JG0139b	5	152943519	N:TC[T>A]TC	-1	16984.0	1032603584
JG0139b	5	152967085	N:CC[T>G]GT	1	23566.0	1032627150
JG0139b	5	153066394	N:CC[T>C]GA	1	99309.0	1032726459
JG0139b	5	153237764	N:TG[T>G]TA	1	171370.0	1032897829
JG0139b	5	153290495	N:AA[C>G]TT	1	52731.0	1032950560
JG0139b	5	153295036	N:TG[T>G]TA	1	4541.0	1032955101
JG0139b	5	153371235	N:AC[T>G]TC	1	76199.0	1033031300
JG0139b	5	154254540	U:AC[T>C]TT	1	883305.0	1033914605
JG0139b	5	154458805	U:AC[T>A]CT	1	204265.0	1034118870
JG0139b	5	154714714	T:CC[T>C]TG	-1	255909.0	1034374779
JG0139b	5	154750816	U:TG[T>G]TG	1	36102.0	1034410881
JG0139b	5	155019817	N:TC[T>C]CC	-1	269001.0	1034679882
JG0139b	5	155094796	N:CC[T>C]TT	-1	74979.0	1034754861
JG0139b	5	155825804	N:AC[T>C]TC	-1	731008.0	1035485869
JG0139b	5	155897369	T:AC[T>C]CA	-1	71565.0	1035557434
JG0139b	5	155927848	U:AC[T>C]TC	1	30479.0	1035587913
JG0139b	5	156701574	T:TC[T>G]CT	-1	773726.0	1036361639
JG0139b	5	157123330	U:AG[T>C]GT	-1	421756.0	1036783395
JG0139b	5	157320498	T:AC[T>C]CT	-1	197168.0	1036980563
JG0139b	5	157397448	T:CC[T>C]TC	1	76950.0	1037057513
JG0139b	5	157458773	U:GC[T>G]TC	-1	61325.0	1037118838
JG0139b	5	157563015	U:GC[T>G]TT	-1	104242.0	1037223080
JG0139b	5	157584927	N:GA[T>G]TA	1	21912.0	1037244992
JG0139b	5	157899113	N:TC[T>C]CG	-1	314186.0	1037559178
JG0139b	5	157960942	N:AG[T>C]TC	-1	61829.0	1037621007
JG0139b	5	158103087	N:CC[T>G]CT	1	142145.0	1037763152
JG0139b	5	158116047	N:AC[T>C]CA	1	12960.0	1037776112
JG0139b	5	158324810	N:TC[T>C]CT	1	208763.0	1037984875
JG0139b	5	158675601	N:TC[T>G]TA	-1	350791.0	1038335666
JG0139b	5	159116829	N:AC[T>C]CA	1	441228.0	1038776894
JG0139b	5	159550839	N:GC[T>G]TA	1	434010.0	1039210904
JG0139b	5	159567176	N:AC[T>C]TG	-1	16337.0	1039227241
JG0139b	5	159597904	N:AA[T>G]TG	-1	30728.0	1039257969
JG0139b	5	159761827	N:TC[T>G]TG	-1	163923.0	1039421892
JG0139b	5	160176579	N:TC[T>G]TT	-1	414752.0	1039836644
JG0139b	5	160194605	T:GC[T>C]CA	-1	18026.0	1039854670
JG0139b	5	160310415	U:TC[T>C]TT	-1	115810.0	1039970480
JG0139b	5	160396359	U:GC[T>G]TA	-1	85944.0	1040056424
JG0139b	5	160442059	N:CC[T>G]TT	1	45700.0	1040102124
JG0139b	5	160835122	U:TC[T>C]CT	-1	393063.0	1040495187
JG0139b	5	160866031	N:AG[T>G]TC	-1	30909.0	1040526096
JG0139b	5	160882615	N:TC[T>G]TC	1	16584.0	1040542680
JG0139b	5	160921257	N:GC[T>C]TT	1	38642.0	1040581322
JG0139b	5	161001802	N:AC[T>G]AA	-1	80545.0	1040661867
JG0139b	5	161004637	N:TC[T>G]TT	1	2835.0	1040664702
JG0139b	5	161006254	N:CC[T>G]TG	1	1617.0	1040666319
JG0139b	5	161106648	N:AC[T>C]TT	-1	100394.0	1040766713
JG0139b	5	161164361	N:CC[T>C]CC	1	57713.0	1040824426
JG0139b	5	161420639	T:CC[T>G]TT	1	256278.0	1041080704
JG0139b	5	161528245	T:TC[T>C]GA	1	107606.0	1041188310
JG0139b	5	161545889	U:TC[T>G]TC	-1	17644.0	1041205954
JG0139b	5	161730237	N:TC[T>C]TT	-1	184348.0	1041390302
JG0139b	5	161787688	N:CT[C>A]TT	-1	57451.0	1041447753
JG0139b	5	161840164	N:AC[T>C]CA	-1	52476.0	1041500229
JG0139b	5	162441807	N:TC[T>A]TT	1	601643.0	1042101872
JG0139b	5	162644871	N:TG[T>G]TG	1	203064.0	1042304936
JG0139b	5	162841632	N:CC[T>C]TT	-1	196761.0	1042501697
JG0139b	5	162861112	N:AC[T>C]TG	-1	19480.0	1042521177
JG0139b	5	162955359	N:TC[T>C]TA	-1	94247.0	1042615424
JG0139b	5	163002547	N:GG[T>G]CT	-1	47188.0	1042662612
JG0139b	5	163837396	N:GT[T>G]CA	1	834849.0	1043497461
JG0139b	5	163952847	N:TC[T>C]TA	1	115451.0	1043612912
JG0139b	5	163983199	N:CC[T>G]TG	1	30352.0	1043643264
JG0139b	5	164780496	N:TC[T>G]TA	-1	797297.0	1044440561
JG0139b	5	164934359	N:GC[T>C]TG	1	153863.0	1044594424
JG0139b	5	164960128	N:TC[T>C]TT	1	25769.0	1044620193
JG0139b	5	165037867	N:AC[T>G]TA	-1	77739.0	1044697932
JG0139b	5	165060476	N:CC[T>C]TA	-1	22609.0	1044720541
JG0139b	5	165146793	N:TC[T>C]CT	-1	86317.0	1044806858
JG0139b	5	165270307	N:GC[T>G]TT	1	123514.0	1044930372
JG0139b	5	165333854	N:TC[T>C]TG	1	63547.0	1044993919
JG0139b	5	165452517	N:GC[T>C]AT	1	118663.0	1045112582
JG0139b	5	165452802	N:TC[T>C]CC	1	285.0	1045112867
JG0139b	5	165707542	N:TC[T>C]CA	1	254740.0	1045367607
JG0139b	5	165716396	N:TC[T>C]CA	1	8854.0	1045376461
JG0139b	5	165792731	N:CC[T>C]TT	1	76335.0	1045452796
JG0139b	5	166141141	N:GC[T>G]TT	-1	348410.0	1045801206
JG0139b	5	166478446	N:TC[T>A]CA	1	337305.0	1046138511
JG0139b	5	166497377	N:TC[T>G]TT	-1	18931.0	1046157442
JG0139b	5	166885700	N:TC[T>G]TC	-1	388323.0	1046545765
JG0139b	5	166940156	N:TC[T>C]TT	1	54456.0	1046600221
JG0139b	5	167009622	N:GC[T>G]TC	1	69466.0	1046669687
JG0139b	5	167583897	T:AC[T>G]GG	-1	574275.0	1047243962
JG0139b	5	167597181	U:TT[T>G]TG	1	13284.0	1047257246
JG0139b	5	168073736	T:TG[T>C]TA	-1	476555.0	1047733801
JG0139b	5	168130192	U:CC[T>A]TT	1	56456.0	1047790257
JG0139b	5	168259618	T:GC[T>A]TT	-1	129426.0	1047919683
JG0139b	5	168481835	N:TC[T>C]TT	1	222217.0	1048141900
JG0139b	5	168787996	T:GC[T>C]TC	1	306161.0	1048448061
JG0139b	5	168880674	T:TT[T>G]TA	1	92678.0	1048540739
JG0139b	5	169192872	T:GC[T>C]TC	1	312198.0	1048852937
JG0139b	5	169199066	U:GC[T>C]TA	-1	6194.0	1048859131
JG0139b	5	169248237	T:TC[T>A]TG	1	49171.0	1048908302
JG0139b	5	169288129	U:CC[T>G]TC	-1	39892.0	1048948194
JG0139b	5	169341412	N:TC[T>C]TG	-1	53283.0	1049001477
JG0139b	5	169606339	N:TC[T>G]TT	-1	264927.0	1049266404
JG0139b	5	169839562	T:TC[T>C]TG	-1	233223.0	1049499627
JG0139b	5	169950435	B:GC[T>G]TT	1	110873.0	1049610500
JG0139b	5	170305987	N:TC[T>C]TG	1	355552.0	1049966052
JG0139b	5	170502522	U:TC[T>C]GC	1	196535.0	1050162587
JG0139b	5	170508958	U:CG[T>C]CT	1	6436.0	1050169023
JG0139b	5	170553894	T:AC[T>G]TT	-1	44936.0	1050213959
JG0139b	5	171002358	U:TC[T>C]TT	1	448464.0	1050662423
JG0139b	5	171241135	T:AG[T>G]CA	-1	238777.0	1050901200
JG0139b	5	171411264	N:GC[T>G]TC	1	170129.0	1051071329
JG0139b	5	171600950	N:AC[T>C]CA	1	189686.0	1051261015
JG0139b	5	171601017	N:CC[T>C]CC	1	67.0	1051261082
JG0139b	5	171635382	N:AC[T>G]TC	1	34365.0	1051295447
JG0139b	5	171888715	U:GA[T>A]TG	-1	253333.0	1051548780
JG0139b	5	171993103	U:TC[T>G]TC	-1	104388.0	1051653168
JG0139b	5	172114996	T:AC[T>C]TC	1	121893.0	1051775061
JG0139b	5	172539895	N:CC[T>C]TG	1	424899.0	1052199960
JG0139b	5	172631052	N:GC[T>C]TG	1	91157.0	1052291117
JG0139b	5	172647202	T:TC[T>G]AT	-1	16150.0	1052307267
JG0139b	5	172746233	N:AC[T>C]CA	1	99031.0	1052406298
JG0139b	5	172942778	T:CC[T>G]CT	-1	196545.0	1052602843
JG0139b	5	173353441	N:TC[T>C]TC	1	410663.0	1053013506
JG0139b	5	173573859	N:GT[C>A]CA	1	220418.0	1053233924
JG0139b	5	173629734	N:CC[T>G]TC	1	55875.0	1053289799
JG0139b	5	173759569	N:GC[T>A]CA	1	129835.0	1053419634
JG0139b	5	174064928	T:CC[T>C]TG	-1	305359.0	1053724993
JG0139b	5	174082445	T:AC[T>A]GA	-1	17517.0	1053742510
JG0139b	5	174321729	N:GG[T>G]CC	-1	239284.0	1053981794
JG0139b	5	174324635	N:CC[T>A]TG	-1	2906.0	1053984700
JG0139b	5	174340644	N:GC[T>C]TC	-1	16009.0	1054000709
JG0139b	5	174612885	N:AC[T>G]TC	-1	272241.0	1054272950
JG0139b	5	174675748	N:AC[T>G]TT	-1	62863.0	1054335813
JG0139b	5	174780478	N:TG[T>G]GG	-1	104730.0	1054440543
JG0139b	5	175248340	N:TG[T>A]TT	-1	467862.0	1054908405
JG0139b	5	175282050	N:GG[T>C]TT	1	33710.0	1054942115
JG0139b	5	175300826	N:TC[T>G]TG	1	18776.0	1054960891
JG0139b	5	175333329	N:GC[T>A]TC	1	32503.0	1054993394
JG0139b	5	175572478	N:AC[T>G]TA	-1	239149.0	1055232543
JG0139b	5	175627613	N:TC[T>G]CA	-1	55135.0	1055287678
JG0139b	5	175692796	U:AC[T>C]TA	1	65183.0	1055352861
JG0139b	5	175779774	N:AC[T>C]AG	-1	86978.0	1055439839
JG0139b	5	175870927	T:AC[T>C]CA	-1	91153.0	1055530992
JG0139b	5	176122556	N:CC[T>C]TC	-1	251629.0	1055782621
JG0139b	5	176127435	N:GC[T>G]TG	1	4879.0	1055787500
JG0139b	5	176191889	N:CC[T>G]CA	1	64454.0	1055851954
JG0139b	5	176194142	N:CC[T>C]TC	-1	2253.0	1055854207
JG0139b	5	176210667	N:TC[T>C]CA	-1	16525.0	1055870732
JG0139b	5	176301472	T:GC[T>C]TT	-1	90805.0	1055961537
JG0139b	5	176451338	U:AC[T>C]CC	1	149866.0	1056111403
JG0139b	5	176544367	U:TC[T>G]TT	1	93029.0	1056204432
JG0139b	5	176932607	T:GC[T>C]TG	1	388240.0	1056592672
JG0139b	5	176948977	U:AG[T>G]TA	-1	16370.0	1056609042
JG0139b	5	176983438	T:TG[T>G]TG	1	34461.0	1056643503
JG0139b	5	177279394	T:CC[T>G]CC	-1	295956.0	1056939459
JG0139b	5	177355519	N:TC[T>C]GT	1	76125.0	1057015584
JG0139b	5	177595911	U:GG[T>G]TT	1	240392.0	1057255976
JG0139b	5	177621139	N:AA[T>G]TA	-1	25228.0	1057281204
JG0139b	5	177653305	N:TC[T>C]TT	-1	32166.0	1057313370
JG0139b	5	177790517	N:GC[T>G]TG	1	137212.0	1057450582
JG0139b	5	177924462	N:CC[T>C]TG	1	133945.0	1057584527
JG0139b	5	178234053	N:CC[T>G]TT	-1	309591.0	1057894118
JG0139b	5	178308046	T:TC[T>C]AT	1	73993.0	1057968111
JG0139b	5	178323531	U:CT[C>A]TG	-1	15485.0	1057983596
JG0139b	5	178422247	T:AC[T>C]CA	1	98716.0	1058082312
JG0139b	5	178532935	U:AG[T>G]TC	-1	110688.0	1058193000
JG0139b	5	178665491	N:AG[T>C]TT	-1	132556.0	1058325556
JG0139b	5	178777924	N:AG[T>G]CA	-1	112433.0	1058437989
JG0139b	5	178783823	N:GC[T>C]TG	-1	5899.0	1058443888
JG0139b	5	179014371	N:CC[T>C]CG	1	230548.0	1058674436
JG0139b	5	179169301	T:CA[T>G]CA	1	154930.0	1058829366
JG0139b	5	179193888	T:CC[T>C]GG	1	24587.0	1058853953
JG0139b	5	179390709	N:TC[T>G]CT	-1	196821.0	1059050774
JG0139b	5	179437220	N:TC[T>G]CC	1	46511.0	1059097285
JG0139b	5	179538240	N:CC[T>C]CC	1	101020.0	1059198305
JG0139b	5	179827049	T:TG[T>G]TC	-1	288809.0	1059487114
JG0139b	5	180021530	T:TC[T>C]TA	1	194481.0	1059681595
JG0139b	5	180063957	T:CA[T>G]TC	1	42427.0	1059724022
JG0139b	5	180624639	T:AC[T>C]CT	1	560682.0	1060284704
JG0139b	5	180689841	N:AC[T>G]TA	-1	65202.0	1060349906
JG0139b	5	180696774	N:GT[T>G]TT	-1	6933.0	1060356839
JG0139b	5	181302478	N:TC[T>C]GT	1	605704.0	1060962543
JG0139b	6	433538	N:CA[C>G]CT	-1		1061631862
JG0139b	6	465429	N:AT[T>G]CA	1	31891.0	1061663753
JG0139b	6	576732	U:AC[T>C]GG	-1	111303.0	1061775056
JG0139b	6	1219209	N:CC[T>A]CC	-1	642477.0	1062417533
JG0139b	6	1334069	N:TC[T>C]TA	-1	114860.0	1062532393
JG0139b	6	1890829	U:CC[T>A]TA	-1	556760.0	1063089153
JG0139b	6	2088931	U:CC[T>G]TG	-1	198102.0	1063287255
JG0139b	6	2470302	N:CC[T>A]CT	-1	381371.0	1063668626
JG0139b	6	2557349	N:CA[T>G]GT	-1	87047.0	1063755673
JG0139b	6	2683181	T:AC[T>G]GA	1	125832.0	1063881505
JG0139b	6	2883157	N:TC[T>G]TT	-1	199976.0	1064081481
JG0139b	6	3187421	N:GC[T>A]TT	-1	304264.0	1064385745
JG0139b	6	3546645	N:CG[T>C]TC	1	359224.0	1064744969
JG0139b	6	3636289	N:TC[T>G]TC	-1	89644.0	1064834613
JG0139b	6	3804663	N:AC[T>C]TT	1	168374.0	1065002987
JG0139b	6	4287001	N:CC[T>G]TT	1	482338.0	1065485325
JG0139b	6	4423419	N:TA[T>G]TC	-1	136418.0	1065621743
JG0139b	6	4582374	N:TC[T>C]TT	-1	158955.0	1065780698
JG0139b	6	4615084	N:GC[T>C]CT	1	32710.0	1065813408
JG0139b	6	5002262	T:AA[T>A]AC	1	387178.0	1066200586
JG0139b	6	5215308	T:CC[T>G]CA	1	213046.0	1066413632
JG0139b	6	5491156	U:TG[T>G]TT	1	275848.0	1066689480
JG0139b	6	5497275	T:AC[T>A]CA	-1	6119.0	1066695599
JG0139b	6	5796665	N:TC[T>G]TG	1	299390.0	1066994989
JG0139b	6	6017010	N:AA[T>G]TC	-1	220345.0	1067215334
JG0139b	6	6052728	N:CC[T>G]CT	-1	35718.0	1067251052
JG0139b	6	6122862	N:AC[T>C]TT	1	70134.0	1067321186
JG0139b	6	6624043	T:GC[T>G]CA	-1	501181.0	1067822367
JG0139b	6	6721830	N:AC[T>G]TG	-1	97787.0	1067920154
JG0139b	6	7211136	U:CC[T>C]CT	1	489306.0	1068409460
JG0139b	6	7352058	U:CC[T>C]TA	-1	140922.0	1068550382
JG0139b	6	7581109	U:GC[T>C]GG	1	229051.0	1068779433
JG0139b	6	8170115	N:TG[T>G]TC	-1	589006.0	1069368439
JG0139b	6	8551845	N:TC[T>C]GC	-1	381730.0	1069750169
JG0139b	6	8755632	N:CC[T>C]TG	-1	203787.0	1069953956
JG0139b	6	8963976	N:CA[T>G]TG	-1	208344.0	1070162300
JG0139b	6	9020752	N:AA[T>G]TC	-1	56776.0	1070219076
JG0139b	6	9395176	N:TC[T>A]GT	-1	374424.0	1070593500
JG0139b	6	9798999	N:AC[T>G]TT	-1	403823.0	1070997323
JG0139b	6	9955892	N:TC[T>C]CA	1	156893.0	1071154216
JG0139b	6	10207512	N:TC[T>C]TA	-1	251620.0	1071405836
JG0139b	6	10762141	N:TC[T>C]TG	-1	554629.0	1071960465
JG0139b	6	11678967	N:AC[T>G]TT	-1	916826.0	1072877291
JG0139b	6	12047358	T:TG[T>A]CT	-1	368391.0	1073245682
JG0139b	6	12066365	U:TC[T>A]TA	1	19007.0	1073264689
JG0139b	6	12217494	N:TG[T>C]CT	1	151129.0	1073415818
JG0139b	6	12281003	N:TC[T>C]TA	-1	63509.0	1073479327
JG0139b	6	12489464	N:AG[T>G]TC	-1	208461.0	1073687788
JG0139b	6	12708325	N:AG[T>G]TC	-1	218861.0	1073906649
JG0139b	6	13026346	U:GC[T>C]CG	1	318021.0	1074224670
JG0139b	6	13531682	N:AC[T>G]CT	-1	505336.0	1074730006
JG0139b	6	13772461	N:GC[T>A]CC	-1	240779.0	1074970785
JG0139b	6	13872509	N:TC[T>G]TG	1	100048.0	1075070833
JG0139b	6	14676473	N:CC[T>C]CA	1	803964.0	1075874797
JG0139b	6	14789337	N:AC[T>G]TC	-1	112864.0	1075987661
JG0139b	6	14837472	N:AC[T>G]CT	-1	48135.0	1076035796
JG0139b	6	14918575	N:GC[T>G]CT	1	81103.0	1076116899
JG0139b	6	15518052	U:GC[T>C]GG	1	599477.0	1076716376
JG0139b	6	16005350	N:TC[T>G]TT	-1	487298.0	1077203674
JG0139b	6	16074487	N:AG[T>G]TT	-1	69137.0	1077272811
JG0139b	6	16503302	U:GC[T>A]CG	-1	428815.0	1077701626
JG0139b	6	16981925	N:TG[T>G]CT	1	478623.0	1078180249
JG0139b	6	18067008	N:CC[T>C]CC	-1	1085083.0	1079265332
JG0139b	6	18074579	N:AC[T>C]CA	-1	7571.0	1079272903
JG0139b	6	18163381	T:CT[T>G]TG	-1	88802.0	1079361705
JG0139b	6	18214150	T:CC[T>A]CA	-1	50769.0	1079412474
JG0139b	6	18752981	N:AA[T>G]CT	-1	538831.0	1079951305
JG0139b	6	18979734	N:GC[T>C]TT	-1	226753.0	1080178058
JG0139b	6	19177446	N:CC[T>G]TC	-1	197712.0	1080375770
JG0139b	6	19295636	N:TC[T>G]GG	1	118190.0	1080493960
JG0139b	6	19874272	N:TG[T>C]TC	-1	578636.0	1081072596
JG0139b	6	20289097	N:CC[T>A]CT	-1	414825.0	1081487421
JG0139b	6	20577416	U:TC[T>C]TT	1	288319.0	1081775740
JG0139b	6	20592813	T:AC[T>A]TA	-1	15397.0	1081791137
JG0139b	6	20724263	T:CC[T>G]TT	-1	131450.0	1081922587
JG0139b	6	21045244	U:AC[T>G]TT	1	320981.0	1082243568
JG0139b	6	21504555	N:AC[T>C]TG	1	459311.0	1082702879
JG0139b	6	21683748	N:GC[T>C]TT	-1	179193.0	1082882072
JG0139b	6	22066136	N:AC[T>C]TT	1	382388.0	1083264460
JG0139b	6	22152197	N:CC[T>C]TT	-1	86061.0	1083350521
JG0139b	6	22277744	N:TC[T>C]GT	1	125547.0	1083476068
JG0139b	6	22410278	N:TG[T>G]TA	1	132534.0	1083608602
JG0139b	6	22602897	N:GC[T>G]CA	-1	192619.0	1083801221
JG0139b	6	22634700	N:TC[T>G]TG	1	31803.0	1083833024
JG0139b	6	22745601	N:GC[T>C]TC	1	110901.0	1083943925
JG0139b	6	23164209	N:GC[T>C]TG	-1	418608.0	1084362533
JG0139b	6	23715945	N:AC[T>G]TT	1	551736.0	1084914269
JG0139b	6	23794414	N:AA[T>G]TA	1	78469.0	1084992738
JG0139b	6	24029770	N:TC[T>A]TC	1	235356.0	1085228094
JG0139b	6	24191455	T:AG[T>G]TC	1	161685.0	1085389779
JG0139b	6	24302960	T:AC[T>A]TT	1	111505.0	1085501284
JG0139b	6	24349296	T:TC[T>G]TT	1	46336.0	1085547620
JG0139b	6	24663043	T:AC[T>C]CA	1	313747.0	1085861367
JG0139b	6	24724305	N:CC[T>C]CC	-1	61262.0	1085922629
JG0139b	6	24737694	N:TC[T>G]TA	-1	13389.0	1085936018
JG0139b	6	25155799	N:TC[T>A]CT	-1	418105.0	1086354123
JG0139b	6	25362948	U:AA[T>G]TG	1	207149.0	1086561272
JG0139b	6	25365055	U:AC[T>A]CA	1	2107.0	1086563379
JG0139b	6	25654471	U:GC[T>C]CA	1	289416.0	1086852795
JG0139b	6	25972937	T:TC[T>C]TA	-1	318466.0	1087171261
JG0139b	6	26144848	N:AG[T>G]TC	1	171911.0	1087343172
JG0139b	6	26474849	T:GC[T>G]TG	-1	330001.0	1087673173
JG0139b	6	26600034	T:CT[T>G]TT	-1	125185.0	1087798358
JG0139b	6	27154283	N:AC[T>G]CC	1	554249.0	1088352607
JG0139b	6	27538770	N:TC[T>G]TG	-1	384487.0	1088737094
JG0139b	6	27603707	N:GC[T>G]GG	1	64937.0	1088802031
JG0139b	6	27764238	N:CC[T>G]CC	-1	160531.0	1088962562
JG0139b	6	28320197	N:TC[T>G]TC	-1	555959.0	1089518521
JG0139b	6	28606052	N:GA[T>G]TA	1	285855.0	1089804376
JG0139b	6	28607442	N:TC[T>G]TT	1	1390.0	1089805766
JG0139b	6	28934052	N:AC[T>G]TC	1	326610.0	1090132376
JG0139b	6	29249424	N:TC[T>G]CT	-1	315372.0	1090447748
JG0139b	6	29336968	N:CC[T>C]CC	-1	87544.0	1090535292
JG0139b	6	29443626	U:AC[T>C]TT	-1	106658.0	1090641950
JG0139b	6	29861298	N:AG[T>G]TG	1	417672.0	1091059622
JG0139b	6	30124340	N:CG[T>G]TT	1	263042.0	1091322664
JG0139b	6	30828754	N:AT[T>G]TT	1	704414.0	1092027078
JG0139b	6	30839361	N:TC[T>G]TG	1	10607.0	1092037685
JG0139b	6	30983375	N:TC[T>C]TT	1	144014.0	1092181699
JG0139b	6	31275699	T:TC[T>C]CT	1	292324.0	1092474023
JG0139b	6	31586584	U:TC[T>C]GG	1	310885.0	1092784908
JG0139b	6	32263077	N:GC[T>G]TT	1	676493.0	1093461401
JG0139b	6	32283109	N:CC[T>G]TC	-1	20032.0	1093481433
JG0139b	6	32414566	N:TC[T>G]TT	-1	131457.0	1093612890
JG0139b	6	32657711	N:CC[T>G]TC	1	243145.0	1093856035
JG0139b	6	32764816	N:TC[T>A]TG	-1	107105.0	1093963140
JG0139b	6	32794851	N:TC[T>G]CT	-1	30035.0	1093993175
JG0139b	6	33067446	T:CC[T>C]TC	1	272595.0	1094265770
JG0139b	6	33195773	U:CC[T>G]TC	-1	128327.0	1094394097
JG0139b	6	33505473	N:CC[T>G]GG	1	309700.0	1094703797
JG0139b	6	33649216	U:TA[T>G]TT	1	143743.0	1094847540
JG0139b	6	33651901	U:TC[T>G]TA	1	2685.0	1094850225
JG0139b	6	34189851	N:TG[T>G]AC	-1	537950.0	1095388175
JG0139b	6	34233662	N:TC[T>C]CA	-1	43811.0	1095431986
JG0139b	6	34315993	T:CC[T>G]TA	1	82331.0	1095514317
JG0139b	6	34767015	U:GC[T>G]TC	1	451022.0	1095965339
JG0139b	6	34978562	U:CT[T>C]TG	1	211547.0	1096176886
JG0139b	6	35089503	T:CC[T>C]TA	-1	110941.0	1096287827
JG0139b	6	35267835	U:AG[T>G]CA	1	178332.0	1096466159
JG0139b	6	35339589	N:TC[C>T]AG	1	71754.0	1096537913
JG0139b	6	35342203	N:AC[T>C]TG	1	2614.0	1096540527
JG0139b	6	35677032	T:AG[T>C]GT	1	334829.0	1096875356
JG0139b	6	35706595	U:CC[T>C]GT	-1	29563.0	1096904919
JG0139b	6	35762379	N:TC[T>A]CT	1	55784.0	1096960703
JG0139b	6	36811859	T:AC[T>G]TT	1	1049480.0	1098010183
JG0139b	6	37194829	N:AC[T>C]GA	1	382970.0	1098393153
JG0139b	6	37208412	N:TC[T>A]CT	-1	13583.0	1098406736
JG0139b	6	37302560	T:AC[T>G]CT	-1	94148.0	1098500884
JG0139b	6	37323593	T:TC[T>C]CC	-1	21033.0	1098521917
JG0139b	6	37663822	T:GC[T>C]AT	1	340229.0	1098862146
JG0139b	6	37717248	N:TC[T>G]TG	1	53426.0	1098915572
JG0139b	6	38131401	U:CC[T>G]TC	1	414153.0	1099329725
JG0139b	6	38420108	U:GC[T>G]TA	-1	288707.0	1099618432
JG0139b	6	38770552	U:AC[T>G]GG	1	350444.0	1099968876
JG0139b	6	38850381	T:GC[T>C]CA	-1	79829.0	1100048705
JG0139b	6	38918919	U:CC[T>G]TA	1	68538.0	1100117243
JG0139b	6	39389278	T:AG[T>G]TT	1	470359.0	1100587602
JG0139b	6	39506736	T:TC[T>C]TG	1	117458.0	1100705060
JG0139b	6	39793109	U:AC[T>A]TA	1	286373.0	1100991433
JG0139b	6	39862326	U:TG[T>G]TT	1	69217.0	1101060650
JG0139b	6	39916411	U:GG[T>G]TG	-1	54085.0	1101114735
JG0139b	6	39978809	N:TC[T>G]TG	-1	62398.0	1101177133
JG0139b	6	40170240	N:AC[T>G]TC	1	191431.0	1101368564
JG0139b	6	40558713	U:GC[T>G]TA	-1	388473.0	1101757037
JG0139b	6	40666713	N:AC[T>G]CT	-1	108000.0	1101865037
JG0139b	6	40705937	N:GC[T>G]TT	1	39224.0	1101904261
JG0139b	6	40763043	N:TC[T>A]CA	-1	57106.0	1101961367
JG0139b	6	40926224	N:TG[T>G]GT	1	163181.0	1102124548
JG0139b	6	40990272	N:CC[T>A]CA	-1	64048.0	1102188596
JG0139b	6	41173913	N:TC[T>G]TT	1	183641.0	1102372237
JG0139b	6	41834972	U:TT[T>C]TT	-1	661059.0	1103033296
JG0139b	6	42030290	T:TC[T>C]TA	1	195318.0	1103228614
JG0139b	6	42563735	N:TT[T>C]TA	-1	533445.0	1103762059
JG0139b	6	42662446	T:AC[T>G]TT	-1	98711.0	1103860770
JG0139b	6	42922504	U:AC[T>A]TT	1	260058.0	1104120828
JG0139b	6	43109768	T:GC[T>G]GA	-1	187264.0	1104308092
JG0139b	6	43149289	U:GC[T>C]TG	1	39521.0	1104347613
JG0139b	6	43257135	T:GC[T>G]TG	-1	107846.0	1104455459
JG0139b	6	43697981	N:GC[T>G]TG	-1	440846.0	1104896305
JG0139b	6	44114957	U:AC[T>A]TA	-1	416976.0	1105313281
JG0139b	6	44185660	N:TC[T>C]TA	-1	70703.0	1105383984
JG0139b	6	44205914	N:CC[T>G]CT	-1	20254.0	1105404238
JG0139b	6	44262582	T:TG[T>G]CC	1	56668.0	1105460906
JG0139b	6	44420695	T:CC[T>G]TT	-1	158113.0	1105619019
JG0139b	6	44507482	N:AG[T>G]TT	-1	86787.0	1105705806
JG0139b	6	44874206	U:AA[T>G]TC	-1	366724.0	1106072530
JG0139b	6	45077842	U:CC[T>C]TT	-1	203636.0	1106276166
JG0139b	6	45150615	T:TC[T>G]CC	1	72773.0	1106348939
JG0139b	6	45303187	U:GG[T>G]TT	-1	152572.0	1106501511
JG0139b	6	45837662	N:GA[T>G]TC	-1	534475.0	1107035986
JG0139b	6	46248157	U:GC[T>G]TA	-1	410495.0	1107446481
JG0139b	6	46300904	U:TT[T>G]TG	-1	52747.0	1107499228
JG0139b	6	46440442	U:AG[T>G]TA	-1	139538.0	1107638766
JG0139b	6	46523951	N:AC[T>G]TA	-1	83509.0	1107722275
JG0139b	6	46552681	U:GT[T>G]TG	-1	28730.0	1107751005
JG0139b	6	46768840	N:GC[T>A]GT	-1	216159.0	1107967164
JG0139b	6	46819299	U:AC[T>G]TT	1	50459.0	1108017623
JG0139b	6	46889609	U:CC[T>C]CA	-1	70310.0	1108087933
JG0139b	6	46960874	N:CC[T>C]TT	1	71265.0	1108159198
JG0139b	6	47157284	N:TG[T>A]CA	-1	196410.0	1108355608
JG0139b	6	48447498	N:CC[T>G]TA	1	1290214.0	1109645822
JG0139b	6	48587831	N:TC[T>C]GG	1	140333.0	1109786155
JG0139b	6	48860983	N:TC[T>G]TG	-1	273152.0	1110059307
JG0139b	6	48920610	N:AG[T>C]CC	-1	59627.0	1110118934
JG0139b	6	49239613	N:TC[T>A]GA	1	319003.0	1110437937
JG0139b	6	49705777	U:CC[T>G]TA	-1	466164.0	1110904101
JG0139b	6	49954278	N:GA[C>A]AC	1	248501.0	1111152602
JG0139b	6	50140240	N:CG[T>G]TG	1	185962.0	1111338564
JG0139b	6	50441300	N:TC[T>G]TT	-1	301060.0	1111639624
JG0139b	6	50631672	N:TC[T>G]TC	1	190372.0	1111829996
JG0139b	6	51005065	N:AC[T>G]TA	1	373393.0	1112203389
JG0139b	6	51035813	N:TC[T>A]CT	1	30748.0	1112234137
JG0139b	6	51462816	N:AC[T>G]TT	1	427003.0	1112661140
JG0139b	6	51585010	N:TC[T>A]CT	-1	122194.0	1112783334
JG0139b	6	52027612	T:TC[T>C]CC	1	442602.0	1113225936
JG0139b	6	52040920	U:TA[T>G]TA	-1	13308.0	1113239244
JG0139b	6	53099763	U:GG[T>C]TG	1	1058843.0	1114298087
JG0139b	6	53425832	N:TA[C>G]TA	1	326069.0	1114624156
JG0139b	6	54232580	U:TC[T>A]TG	1	806748.0	1115430904
JG0139b	6	54417369	N:CC[T>G]TA	1	184789.0	1115615693
JG0139b	6	54473113	N:AC[T>G]TT	1	55744.0	1115671437
JG0139b	6	55106699	U:TT[C>G]AA	1	633586.0	1116305023
JG0139b	6	55173835	T:AC[T>A]TT	-1	67136.0	1116372159
JG0139b	6	55296150	N:TG[T>G]GT	-1	122315.0	1116494474
JG0139b	6	55318614	N:AC[T>A]CC	1	22464.0	1116516938
JG0139b	6	55438723	U:TC[T>A]GC	-1	120109.0	1116637047
JG0139b	6	55637639	N:TC[T>C]TC	1	198916.0	1116835963
JG0139b	6	55768597	T:AG[T>C]TG	1	130958.0	1116966921
JG0139b	6	55822586	U:AT[T>G]TT	-1	53989.0	1117020910
JG0139b	6	55900072	N:CC[T>G]TG	-1	77486.0	1117098396
JG0139b	6	56335917	U:TC[T>C]CA	-1	435845.0	1117534241
JG0139b	6	56975510	U:TC[T>A]TT	1	639593.0	1118173834
JG0139b	6	57189272	B:AC[T>G]TC	-1	213762.0	1118387596
JG0139b	6	57308685	N:AC[T>G]TT	1	119413.0	1118507009
JG0139b	6	57420308	T:CA[T>G]TG	-1	111623.0	1118618632
JG0139b	6	57781906	N:AC[T>G]TG	1	361598.0	1118980230
JG0139b	6	58068971	N:TC[T>C]TT	-1	287065.0	1119267295
JG0139b	6	58254865	N:TG[T>G]GT	1	185894.0	1119453189
JG0139b	6	58815829	N:CC[T>C]TT	1	560964.0	1120014153
JG0139b	6	58893646	N:AC[T>A]TT	1	77817.0	1120091970
JG0139b	6	58957451	N:AC[T>G]TT	-1	63805.0	1120155775
JG0139b	6	59202482	N:AG[T>G]TT	1	245031.0	1120400806
JG0139b	6	59249857	N:CC[T>G]TT	1	47375.0	1120448181
JG0139b	6	59281349	N:CC[T>C]CC	1	31492.0	1120479673
JG0139b	6	59513160	N:GC[T>C]TC	-1	231811.0	1120711484
JG0139b	6	60293068	N:GC[T>G]TA	-1	779908.0	1121491392
JG0139b	6	60801987	N:AC[T>G]TT	1	508919.0	1122000311
JG0139b	6	60960751	N:TC[T>C]CA	1	158764.0	1122159075
JG0139b	6	61235411	N:TC[T>A]TC	-1	274660.0	1122433735
JG0139b	6	62026267	U:GC[T>G]TA	-1	790856.0	1123224591
JG0139b	6	62422360	N:CC[T>G]TT	-1	396093.0	1123620684
JG0139b	6	62808758	N:TG[T>A]CA	1	386398.0	1124007082
JG0139b	6	63298145	U:AC[T>G]TC	-1	489387.0	1124496469
JG0139b	6	63400977	N:TC[T>G]TG	-1	102832.0	1124599301
JG0139b	6	63567579	T:GC[T>C]GT	-1	166602.0	1124765903
JG0139b	6	63609316	N:TC[T>G]CA	1	41737.0	1124807640
JG0139b	6	63627846	N:CC[T>A]CT	1	18530.0	1124826170
JG0139b	6	63714723	U:AC[T>G]TT	1	86877.0	1124913047
JG0139b	6	63877727	U:AC[T>G]GA	-1	163004.0	1125076051
JG0139b	6	63879583	T:GC[T>G]TA	1	1856.0	1125077907
JG0139b	6	64368194	T:TG[T>G]TT	1	488611.0	1125566518
JG0139b	6	64410879	U:GA[T>G]TT	-1	42685.0	1125609203
JG0139b	6	64507804	T:GC[T>A]TC	1	96925.0	1125706128
JG0139b	6	64770564	T:GC[T>C]TC	1	262760.0	1125968888
JG0139b	6	64871355	U:TC[T>C]GT	-1	100791.0	1126069679
JG0139b	6	65031815	U:TC[T>C]GA	-1	160460.0	1126230139
JG0139b	6	65049315	T:TC[T>G]TT	1	17500.0	1126247639
JG0139b	6	65595936	T:GC[T>C]CT	1	546621.0	1126794260
JG0139b	6	65650986	U:AG[T>G]CC	-1	55050.0	1126849310
JG0139b	6	65675672	T:CC[T>C]TT	1	24686.0	1126873996
JG0139b	6	65687844	U:TC[T>A]CT	-1	12172.0	1126886168
JG0139b	6	65755345	N:TG[T>G]TC	-1	67501.0	1126953669
JG0139b	6	66108065	N:CC[T>G]TG	1	352720.0	1127306389
JG0139b	6	66241991	N:TC[T>G]CA	1	133926.0	1127440315
JG0139b	6	66504356	N:GC[T>A]TA	1	262365.0	1127702680
JG0139b	6	66880809	N:CC[T>G]TT	1	376453.0	1128079133
JG0139b	6	67056614	N:AG[T>G]TC	1	175805.0	1128254938
JG0139b	6	67243577	N:AT[T>G]TT	-1	186963.0	1128441901
JG0139b	6	67328213	N:GC[T>G]AA	1	84636.0	1128526537
JG0139b	6	67720032	N:AG[T>G]TA	1	391819.0	1128918356
JG0139b	6	68082650	N:AC[T>G]TT	-1	362618.0	1129280974
JG0139b	6	68163621	N:AA[T>A]TA	1	80971.0	1129361945
JG0139b	6	68272843	N:TC[T>G]TT	-1	109222.0	1129471167
JG0139b	6	68587517	N:AG[C>A]AT	1	314674.0	1129785841
JG0139b	6	68697025	T:TC[T>G]TT	-1	109508.0	1129895349
JG0139b	6	68755534	T:AC[T>G]TC	-1	58509.0	1129953858
JG0139b	6	68771604	T:TG[T>G]TT	-1	16070.0	1129969928
JG0139b	6	68859334	U:TC[T>C]GA	1	87730.0	1130057658
JG0139b	6	69002797	U:CT[T>A]TT	1	143463.0	1130201121
JG0139b	6	69124657	T:CT[T>C]TT	-1	121860.0	1130322981
JG0139b	6	69203303	U:AC[T>C]AC	1	78646.0	1130401627
JG0139b	6	69247767	T:AA[T>G]TT	-1	44464.0	1130446091
JG0139b	6	69329029	T:GG[T>G]TT	-1	81262.0	1130527353
JG0139b	6	69508646	N:CC[T>C]TT	-1	179617.0	1130706970
JG0139b	6	69963755	U:TC[T>G]TA	1	455109.0	1131162079
JG0139b	6	69966856	T:AC[T>G]TG	-1	3101.0	1131165180
JG0139b	6	70532138	T:AC[T>G]TT	-1	565282.0	1131730462
JG0139b	6	70900118	T:AG[T>G]CA	1	367980.0	1132098442
JG0139b	6	71067793	N:CC[T>A]CT	1	167675.0	1132266117
JG0139b	6	71085109	N:CC[T>G]CA	-1	17316.0	1132283433
JG0139b	6	71160854	N:GT[T>G]TA	-1	75745.0	1132359178
JG0139b	6	71614952	N:GC[T>A]TT	1	454098.0	1132813276
JG0139b	6	72765577	T:TC[T>C]GT	-1	1150625.0	1133963901
JG0139b	6	72932372	T:GC[T>C]TA	-1	166795.0	1134130696
JG0139b	6	72960340	U:AC[T>G]TT	1	27968.0	1134158664
JG0139b	6	73109370	U:TG[T>A]CT	1	149030.0	1134307694
JG0139b	6	73198516	T:CC[T>C]TA	-1	89146.0	1134396840
JG0139b	6	74418092	N:CC[T>C]TT	1	1219576.0	1135616416
JG0139b	6	74756430	N:TC[T>C]CT	1	338338.0	1135954754
JG0139b	6	74841243	N:AC[T>G]TA	-1	84813.0	1136039567
JG0139b	6	75014911	N:CC[T>C]TG	-1	173668.0	1136213235
JG0139b	6	75243356	T:GC[T>C]TG	1	228445.0	1136441680
JG0139b	6	75627808	U:AC[T>C]GG	1	384452.0	1136826132
JG0139b	6	75741956	N:TC[T>C]TA	-1	114148.0	1136940280
JG0139b	6	75764240	U:CC[T>G]TT	1	22284.0	1136962564
JG0139b	6	76011015	T:AG[T>G]TC	1	246775.0	1137209339
JG0139b	6	76035950	U:TG[T>C]CA	-1	24935.0	1137234274
JG0139b	6	76236460	N:TC[T>C]CC	-1	200510.0	1137434784
JG0139b	6	76462038	N:TC[T>C]CT	-1	225578.0	1137660362
JG0139b	6	76759636	N:TC[T>G]TA	-1	297598.0	1137957960
JG0139b	6	77048816	N:GG[T>A]GG	-1	289180.0	1138247140
JG0139b	6	77545164	N:AC[T>A]CC	-1	496348.0	1138743488
JG0139b	6	77754765	T:GC[T>C]TT	-1	209601.0	1138953089
JG0139b	6	77920690	T:TC[T>A]TA	-1	165925.0	1139119014
JG0139b	6	77973287	N:TT[T>G]TT	-1	52597.0	1139171611
JG0139b	6	78042406	N:AG[T>G]TG	-1	69119.0	1139240730
JG0139b	6	78430549	N:TT[T>G]CT	-1	388143.0	1139628873
JG0139b	6	78467516	N:GC[T>G]TA	1	36967.0	1139665840
JG0139b	6	78691813	N:AC[T>G]TT	1	224297.0	1139890137
JG0139b	6	78756694	N:CC[T>G]TT	-1	64881.0	1139955018
JG0139b	6	79809800	N:GC[T>A]CC	-1	1053106.0	1141008124
JG0139b	6	79821261	N:AG[T>G]TG	1	11461.0	1141019585
JG0139b	6	80007325	T:TC[T>G]CT	-1	186064.0	1141205649
JG0139b	6	80149805	T:TG[T>G]TC	-1	142480.0	1141348129
JG0139b	6	80270381	U:GC[T>C]CA	1	120576.0	1141468705
JG0139b	6	80311720	T:CT[T>A]TG	-1	41339.0	1141510044
JG0139b	6	80319351	U:GG[T>G]TT	1	7631.0	1141517675
JG0139b	6	80392861	N:AG[T>G]TA	-1	73510.0	1141591185
JG0139b	6	80423526	N:AC[T>G]TG	1	30665.0	1141621850
JG0139b	6	80594200	N:GT[T>C]TA	1	170674.0	1141792524
JG0139b	6	80695824	N:GC[T>C]TA	-1	101624.0	1141894148
JG0139b	6	80734111	N:AC[T>G]TG	1	38287.0	1141932435
JG0139b	6	80838069	N:CC[T>G]CA	1	103958.0	1142036393
JG0139b	6	80944620	N:CC[T>G]TT	1	106551.0	1142142944
JG0139b	6	81375609	N:CC[T>C]CC	-1	430989.0	1142573933
JG0139b	6	81507763	T:GC[T>G]TA	1	132154.0	1142706087
JG0139b	6	81625636	U:AC[T>G]TT	-1	117873.0	1142823960
JG0139b	6	81737886	T:AC[T>C]TT	1	112250.0	1142936210
JG0139b	6	81772494	N:TC[T>G]AG	-1	34608.0	1142970818
JG0139b	6	81779345	N:TC[T>G]TA	-1	6851.0	1142977669
JG0139b	6	82191192	T:AG[T>G]TT	1	411847.0	1143389516
JG0139b	6	83256876	T:AG[T>G]TC	1	1065684.0	1144455200
JG0139b	6	83344047	U:CC[T>C]CC	-1	87171.0	1144542371
JG0139b	6	83362182	U:TG[T>A]CT	-1	18135.0	1144560506
JG0139b	6	83509595	N:TT[C>G]AT	-1	147413.0	1144707919
JG0139b	6	83587397	U:CC[T>G]TT	-1	77802.0	1144785721
JG0139b	6	83728662	N:AC[T>C]CA	-1	141265.0	1144926986
JG0139b	6	83768924	N:TC[T>G]TC	1	40262.0	1144967248
JG0139b	6	83956227	U:CC[T>A]CA	1	187303.0	1145154551
JG0139b	6	84167584	T:GC[T>G]TG	1	211357.0	1145365908
JG0139b	6	85745549	N:TC[T>G]TT	-1	1577965.0	1146943873
JG0139b	6	85944246	N:TC[T>G]TT	1	198697.0	1147142570
JG0139b	6	85969102	N:GC[T>G]TA	-1	24856.0	1147167426
JG0139b	6	86119382	N:AC[T>C]GG	-1	150280.0	1147317706
JG0139b	6	86183843	N:TC[T>C]CC	1	64461.0	1147382167
JG0139b	6	86509240	N:CC[T>A]TT	1	325397.0	1147707564
JG0139b	6	86642983	N:TC[T>A]TT	1	133743.0	1147841307
JG0139b	6	86748460	N:CC[T>C]TC	1	105477.0	1147946784
JG0139b	6	86771422	N:AC[T>G]TA	1	22962.0	1147969746
JG0139b	6	86902693	N:GC[T>G]TT	-1	131271.0	1148101017
JG0139b	6	87216533	U:TC[T>C]CA	1	313840.0	1148414857
JG0139b	6	87258738	T:TC[T>G]TT	-1	42205.0	1148457062
JG0139b	6	87413286	U:TT[T>G]TA	1	154548.0	1148611610
JG0139b	6	87519691	U:CC[T>G]TT	-1	106405.0	1148718015
JG0139b	6	87601217	U:AC[T>C]GT	1	81526.0	1148799541
JG0139b	6	87710955	N:CC[T>A]TA	-1	109738.0	1148909279
JG0139b	6	87807892	N:AA[T>G]TA	1	96937.0	1149006216
JG0139b	6	87995991	N:AC[T>G]TC	1	188099.0	1149194315
JG0139b	6	88123403	N:TC[T>G]TT	-1	127412.0	1149321727
JG0139b	6	88280544	N:TC[T>C]GC	-1	157141.0	1149478868
JG0139b	6	88313890	N:AC[T>G]TA	-1	33346.0	1149512214
JG0139b	6	88314401	N:AC[T>G]TC	1	511.0	1149512725
JG0139b	6	88642364	T:AC[T>G]TT	1	327963.0	1149840688
JG0139b	6	88646285	U:TG[T>G]GG	-1	3921.0	1149844609
JG0139b	6	88737333	U:GA[T>G]TC	-1	91048.0	1149935657
JG0139b	6	88798353	T:GC[T>C]AC	1	61020.0	1149996677
JG0139b	6	88885595	T:AT[T>G]AA	1	87242.0	1150083919
JG0139b	6	89039017	N:TC[T>G]CG	1	153422.0	1150237341
JG0139b	6	89142845	N:TC[T>G]CT	-1	103828.0	1150341169
JG0139b	6	89197412	U:GC[T>G]GC	-1	54567.0	1150395736
JG0139b	6	89558684	U:AC[T>C]GT	1	361272.0	1150757008
JG0139b	6	89676130	U:GC[T>G]TA	-1	117446.0	1150874454
JG0139b	6	89711852	T:TC[T>G]TG	1	35722.0	1150910176
JG0139b	6	89744315	T:GC[T>G]CA	1	32463.0	1150942639
JG0139b	6	89978415	U:AC[T>G]TG	-1	234100.0	1151176739
JG0139b	6	90455889	N:GC[T>G]TC	-1	477474.0	1151654213
JG0139b	6	90763176	N:TC[T>G]TT	1	307287.0	1151961500
JG0139b	6	91884055	N:GC[T>C]TG	-1	1120879.0	1153082379
JG0139b	6	92907690	N:GG[T>G]TT	-1	1023635.0	1154106014
JG0139b	6	92951072	N:CC[T>G]CC	-1	43382.0	1154149396
JG0139b	6	93107723	N:TC[T>C]TC	1	156651.0	1154306047
JG0139b	6	93158216	N:GC[T>G]TA	-1	50493.0	1154356540
JG0139b	6	94746751	N:TG[T>G]TC	1	1588535.0	1155945075
JG0139b	6	94972813	N:CA[T>G]TG	1	226062.0	1156171137
JG0139b	6	95158550	N:TC[T>G]TA	1	185737.0	1156356874
JG0139b	6	95427335	N:AA[T>G]TC	-1	268785.0	1156625659
JG0139b	6	95967660	N:AG[T>G]TG	-1	540325.0	1157165984
JG0139b	6	96147187	T:AC[T>A]CC	-1	179527.0	1157345511
JG0139b	6	96519589	N:GC[T>C]TT	-1	372402.0	1157717913
JG0139b	6	96697479	N:GG[T>G]TC	-1	177890.0	1157895803
JG0139b	6	96707977	N:AC[T>C]TA	-1	10498.0	1157906301
JG0139b	6	96751111	N:GC[T>G]TG	1	43134.0	1157949435
JG0139b	6	97007687	T:AC[T>A]CC	-1	256576.0	1158206011
JG0139b	6	97012325	T:TC[T>G]GC	-1	4638.0	1158210649
JG0139b	6	97139364	U:GC[T>C]TC	1	127039.0	1158337688
JG0139b	6	98346969	N:TC[T>G]TT	-1	1207605.0	1159545293
JG0139b	6	98372556	N:AT[T>G]TA	1	25587.0	1159570880
JG0139b	6	98724994	N:GA[C>A]TG	1	352438.0	1159923318
JG0139b	6	99639827	N:GC[T>C]CA	1	914833.0	1160838151
JG0139b	6	99818043	N:TC[T>C]CA	1	178216.0	1161016367
JG0139b	6	99873734	N:AC[T>G]TG	1	55691.0	1161072058
JG0139b	6	100040307	N:GC[T>C]CA	-1	166573.0	1161238631
JG0139b	6	100304787	N:GG[C>T]AG	1	264480.0	1161503111
JG0139b	6	100393299	T:GT[C>G]AA	1	88512.0	1161591623
JG0139b	6	100782940	U:TC[T>G]TT	-1	389641.0	1161981264
JG0139b	6	101020281	N:TC[T>G]TT	1	237341.0	1162218605
JG0139b	6	101288758	T:CC[T>G]TA	-1	268477.0	1162487082
JG0139b	6	101471041	T:AG[T>C]TA	-1	182283.0	1162669365
JG0139b	6	101572320	U:TA[T>G]TT	1	101279.0	1162770644
JG0139b	6	101679059	T:GC[T>A]CT	-1	106739.0	1162877383
JG0139b	6	102341439	N:TC[T>G]TT	-1	662380.0	1163539763
JG0139b	6	102362138	N:AC[T>C]TA	-1	20699.0	1163560462
JG0139b	6	102528206	N:TC[T>C]CC	-1	166068.0	1163726530
JG0139b	6	102638393	N:AC[T>G]TA	1	110187.0	1163836717
JG0139b	6	102750950	N:AC[T>C]CA	-1	112557.0	1163949274
JG0139b	6	102865775	N:TT[T>G]AT	-1	114825.0	1164064099
JG0139b	6	103281682	N:CC[T>C]CC	1	415907.0	1164480006
JG0139b	6	103303644	N:GT[T>C]TA	-1	21962.0	1164501968
JG0139b	6	103386142	N:AC[T>C]TC	1	82498.0	1164584466
JG0139b	6	103878500	N:GC[T>G]TA	1	492358.0	1165076824
JG0139b	6	103930700	N:TC[T>C]TC	-1	52200.0	1165129024
JG0139b	6	104298053	N:AC[T>A]CT	-1	367353.0	1165496377
JG0139b	6	104416615	N:TT[T>C]TT	1	118562.0	1165614939
JG0139b	6	104610859	N:GC[T>C]CA	-1	194244.0	1165809183
JG0139b	6	104667435	N:GC[T>C]TC	1	56576.0	1165865759
JG0139b	6	104962020	U:AT[T>G]TA	1	294585.0	1166160344
JG0139b	6	105049658	T:CC[T>C]TA	-1	87638.0	1166247982
JG0139b	6	105156556	N:GC[T>G]TA	1	106898.0	1166354880
JG0139b	6	105564658	N:TC[T>C]TT	-1	408102.0	1166762982
JG0139b	6	105723866	N:TC[T>C]CA	1	159208.0	1166922190
JG0139b	6	105959619	N:AC[T>C]CA	1	235753.0	1167157943
JG0139b	6	106370829	U:AC[T>C]TC	1	411210.0	1167569153
JG0139b	6	106415099	U:TT[T>G]CA	1	44270.0	1167613423
JG0139b	6	106447064	T:TC[T>A]TT	-1	31965.0	1167645388
JG0139b	6	107224964	U:CC[T>C]TC	-1	777900.0	1168423288
JG0139b	6	107759397	U:AC[T>G]TC	-1	534433.0	1168957721
JG0139b	6	107816130	T:AG[T>G]TA	1	56733.0	1169014454
JG0139b	6	107866083	N:AC[T>A]CA	-1	49953.0	1169064407
JG0139b	6	108360703	T:CC[T>G]TA	-1	494620.0	1169559027
JG0139b	6	108664302	T:GG[T>C]CC	-1	303599.0	1169862626
JG0139b	6	108833508	N:CA[T>G]TT	-1	169206.0	1170031832
JG0139b	6	109544471	T:CC[T>G]TG	1	710963.0	1170742795
JG0139b	6	109671216	U:AG[T>G]TA	-1	126745.0	1170869540
JG0139b	6	109699629	T:AC[T>A]TG	-1	28413.0	1170897953
JG0139b	6	109708141	U:CC[T>C]CC	1	8512.0	1170906465
JG0139b	6	109872481	N:CC[T>C]TC	-1	164340.0	1171070805
JG0139b	6	109880364	N:TC[T>G]CA	-1	7883.0	1171078688
JG0139b	6	110479068	N:CC[T>G]TC	1	598704.0	1171677392
JG0139b	6	110689142	T:CA[C>A]TC	1	210074.0	1171887466
JG0139b	6	110795204	T:CT[C>T]AA	1	106062.0	1171993528
JG0139b	6	110804739	U:CC[T>C]CG	-1	9535.0	1172003063
JG0139b	6	111218297	U:TT[C>T]GG	1	413558.0	1172416621
JG0139b	6	111308564	T:TC[T>G]TA	1	90267.0	1172506888
JG0139b	6	111341393	U:AC[T>G]TA	-1	32829.0	1172539717
JG0139b	6	111344798	T:AG[T>G]TC	1	3405.0	1172543122
JG0139b	6	112030666	N:TC[T>C]CA	-1	685868.0	1173228990
JG0139b	6	112076033	U:TC[T>C]GG	-1	45367.0	1173274357
JG0139b	6	112391797	N:TC[T>G]GG	-1	315764.0	1173590121
JG0139b	6	112480280	N:CC[T>G]CC	1	88483.0	1173678604
JG0139b	6	112681900	N:CC[T>G]TG	1	201620.0	1173880224
JG0139b	6	113250799	N:GG[T>G]TA	-1	568899.0	1174449123
JG0139b	6	113377908	N:TC[T>C]AA	1	127109.0	1174576232
JG0139b	6	113512435	N:AC[T>G]TA	1	134527.0	1174710759
JG0139b	6	113873670	N:CC[T>C]TT	-1	361235.0	1175071994
JG0139b	6	114336597	U:AC[T>C]CA	-1	462927.0	1175534921
JG0139b	6	114617409	N:TC[T>C]CA	1	280812.0	1175815733
JG0139b	6	114697577	N:AA[T>G]CC	-1	80168.0	1175895901
JG0139b	6	114731368	N:CC[T>A]TA	-1	33791.0	1175929692
JG0139b	6	115073452	N:TA[T>G]TT	-1	342084.0	1176271776
JG0139b	6	115732282	N:GC[T>G]TT	1	658830.0	1176930606
JG0139b	6	116281479	T:GC[T>G]GC	-1	549197.0	1177479803
JG0139b	6	116435635	U:CC[T>C]AC	1	154156.0	1177633959
JG0139b	6	116580539	T:CT[C>G]TA	-1	144904.0	1177778863
JG0139b	6	117001604	N:CC[T>C]TT	1	421065.0	1178199928
JG0139b	6	117246368	N:CC[T>C]TT	-1	244764.0	1178444692
JG0139b	6	117260758	N:TC[T>G]CC	1	14390.0	1178459082
JG0139b	6	117292007	T:TG[T>C]CG	1	31249.0	1178490331
JG0139b	6	117331977	U:AG[T>G]TT	-1	39970.0	1178530301
JG0139b	6	117435530	U:GG[T>G]TA	-1	103553.0	1178633854
JG0139b	6	117527965	B:CC[T>A]TC	1	92435.0	1178726289
JG0139b	6	117621031	N:CC[T>C]AA	1	93066.0	1178819355
JG0139b	6	117649746	N:TG[T>G]TT	1	28715.0	1178848070
JG0139b	6	118039501	U:TG[T>G]TT	1	389755.0	1179237825
JG0139b	6	118085488	U:CC[T>C]TT	1	45987.0	1179283812
JG0139b	6	118363281	N:AC[T>C]AC	1	277793.0	1179561605
JG0139b	6	118430992	N:CC[T>C]CT	-1	67711.0	1179629316
JG0139b	6	118529558	U:TC[T>A]CG	-1	98566.0	1179727882
JG0139b	6	118691879	U:GC[T>C]TA	-1	162321.0	1179890203
JG0139b	6	118759928	N:AG[T>G]TT	1	68049.0	1179958252
JG0139b	6	118834336	T:TC[T>G]TT	1	74408.0	1180032660
JG0139b	6	119001573	U:TT[T>G]TC	-1	167237.0	1180199897
JG0139b	6	119026089	T:GC[T>C]TT	1	24516.0	1180224413
JG0139b	6	119043139	T:TG[T>G]TC	1	17050.0	1180241463
JG0139b	6	119047414	U:TC[T>G]TT	-1	4275.0	1180245738
JG0139b	6	119250062	T:AC[T>A]TG	1	202648.0	1180448386
JG0139b	6	119641248	N:GC[T>G]AC	1	391186.0	1180839572
JG0139b	6	119850511	N:AC[T>G]TA	-1	209263.0	1181048835
JG0139b	6	119983292	N:TC[T>C]TG	1	132781.0	1181181616
JG0139b	6	120013173	N:TC[T>C]TT	1	29881.0	1181211497
JG0139b	6	120196066	N:CC[T>G]TA	1	182893.0	1181394390
JG0139b	6	120424836	N:CT[T>G]TT	-1	228770.0	1181623160
JG0139b	6	120577923	N:AA[T>G]TA	-1	153087.0	1181776247
JG0139b	6	121070330	N:AC[T>C]AC	-1	492407.0	1182268654
JG0139b	6	121419117	N:GG[T>G]TG	-1	348787.0	1182617441
JG0139b	6	121462301	N:AT[C>G]CG	1	43184.0	1182660625
JG0139b	6	121560837	N:CC[T>G]TT	-1	98536.0	1182759161
JG0139b	6	121978469	N:AC[T>G]TT	-1	417632.0	1183176793
JG0139b	6	122040914	N:CC[T>C]CA	-1	62445.0	1183239238
JG0139b	6	122237904	N:TC[T>C]TC	1	196990.0	1183436228
JG0139b	6	122300237	N:TG[T>A]CA	1	62333.0	1183498561
JG0139b	6	122359889	N:TT[T>G]TA	-1	59652.0	1183558213
JG0139b	6	122474393	U:TC[T>G]TT	1	114504.0	1183672717
JG0139b	6	122501314	U:TC[T>G]CA	1	26921.0	1183699638
JG0139b	6	122528338	U:CA[T>G]TC	1	27024.0	1183726662
JG0139b	6	122600614	U:AC[T>G]TC	1	72276.0	1183798938
JG0139b	6	122663983	U:TC[T>G]TT	1	63369.0	1183862307
JG0139b	6	122721785	T:TT[T>A]AT	-1	57802.0	1183920109
JG0139b	6	122904368	N:CC[T>A]CC	-1	182583.0	1184102692
JG0139b	6	123176784	N:TC[T>G]TG	1	272416.0	1184375108
JG0139b	6	123313248	U:TC[T>G]TC	-1	136464.0	1184511572
JG0139b	6	123400058	T:TA[T>G]TG	1	86810.0	1184598382
JG0139b	6	123607336	T:TA[T>G]TG	1	207278.0	1184805660
JG0139b	6	123631810	U:AG[T>A]TG	-1	24474.0	1184830134
JG0139b	6	124302667	U:AC[T>G]TT	1	670857.0	1185500991
JG0139b	6	124609300	T:TC[T>C]TT	-1	306633.0	1185807624
JG0139b	6	124736210	T:GC[T>G]TT	-1	126910.0	1185934534
JG0139b	6	124903937	N:GC[T>G]TA	1	167727.0	1186102261
JG0139b	6	125756718	U:GC[T>C]CT	1	852781.0	1186955042
JG0139b	6	125807431	U:GG[T>G]TT	1	50713.0	1187005755
JG0139b	6	126061166	N:GC[T>G]TC	-1	253735.0	1187259490
JG0139b	6	126159349	N:AG[T>G]TC	1	98183.0	1187357673
JG0139b	6	126682369	N:GC[T>C]TT	-1	523020.0	1187880693
JG0139b	6	126748775	N:CC[T>C]CT	-1	66406.0	1187947099
JG0139b	6	127421283	N:TG[T>G]TT	1	672508.0	1188619607
JG0139b	6	127849255	T:TC[T>C]GA	1	427972.0	1189047579
JG0139b	6	128328287	U:GC[T>C]TA	-1	479032.0	1189526611
JG0139b	6	128523650	N:AT[T>G]CT	-1	195363.0	1189721974
JG0139b	6	128731626	N:TC[T>G]TT	-1	207976.0	1189929950
JG0139b	6	129013445	T:TT[T>G]TT	-1	281819.0	1190211769
JG0139b	6	129532902	N:GA[T>G]TT	1	519457.0	1190731226
JG0139b	6	129569231	N:GC[T>G]TG	1	36329.0	1190767555
JG0139b	6	129594642	T:AC[T>C]CA	1	25411.0	1190792966
JG0139b	6	129691483	U:TC[T>G]TG	-1	96841.0	1190889807
JG0139b	6	129837137	T:GG[T>G]TG	1	145654.0	1191035461
JG0139b	6	130168540	U:TC[T>G]TT	-1	331403.0	1191366864
JG0139b	6	130183629	T:AC[T>G]TT	1	15089.0	1191381953
JG0139b	6	130344353	T:TC[T>A]TC	1	160724.0	1191542677
JG0139b	6	130405452	T:TC[T>G]TA	-1	61099.0	1191603776
JG0139b	6	130417985	U:CC[T>C]TG	1	12533.0	1191616309
JG0139b	6	130666291	N:CC[T>C]TC	1	248306.0	1191864615
JG0139b	6	130669985	N:GA[T>G]TA	1	3694.0	1191868309
JG0139b	6	130701341	N:GC[T>C]CT	-1	31356.0	1191899665
JG0139b	6	130973802	T:GT[T>A]TC	1	272461.0	1192172126
JG0139b	6	131016701	T:AC[T>C]CG	1	42899.0	1192215025
JG0139b	6	131085601	N:AC[T>G]TG	1	68900.0	1192283925
JG0139b	6	131136715	T:AG[T>G]TA	-1	51114.0	1192335039
JG0139b	6	131352071	N:TA[T>C]TT	1	215356.0	1192550395
JG0139b	6	132338003	U:AC[T>G]TA	-1	985932.0	1193536327
JG0139b	6	133064527	N:AT[T>G]TC	1	726524.0	1194262851
JG0139b	6	133152626	N:CC[T>G]TG	1	88099.0	1194350950
JG0139b	6	133160148	N:AC[T>A]TG	-1	7522.0	1194358472
JG0139b	6	133878143	N:AC[T>A]CT	1	717995.0	1195076467
JG0139b	6	134993846	T:AC[T>G]TT	1	1115703.0	1196192170
JG0139b	6	135140319	N:TC[T>C]CA	1	146473.0	1196338643
JG0139b	6	135460731	T:TG[T>G]CT	1	320412.0	1196659055
JG0139b	6	135544806	N:CC[T>G]TC	1	84075.0	1196743130
JG0139b	6	135818862	N:CC[T>C]TA	1	274056.0	1197017186
JG0139b	6	135990129	U:GC[T>C]CT	1	171267.0	1197188453
JG0139b	6	136187471	U:TC[T>G]GC	1	197342.0	1197385795
JG0139b	6	136527426	T:AC[T>C]TT	1	339955.0	1197725750
JG0139b	6	137039276	U:CT[C>T]AC	-1	511850.0	1198237600
JG0139b	6	137556465	N:AA[T>G]TA	-1	517189.0	1198754789
JG0139b	6	137632741	N:TC[T>G]CA	-1	76276.0	1198831065
JG0139b	6	137824089	N:CC[T>C]CA	-1	191348.0	1199022413
JG0139b	6	137935647	N:AC[T>A]CT	-1	111558.0	1199133971
JG0139b	6	138121994	N:AC[T>C]CT	-1	186347.0	1199320318
JG0139b	6	138436043	T:CC[T>G]CT	1	314049.0	1199634367
JG0139b	6	138736175	T:CC[T>G]TG	1	300132.0	1199934499
JG0139b	6	139579605	N:CC[T>C]TG	1	843430.0	1200777929
JG0139b	6	139931051	N:AC[T>C]TC	-1	351446.0	1201129375
JG0139b	6	140101974	N:TA[T>G]TT	-1	170923.0	1201300298
JG0139b	6	140498440	N:TG[T>C]GT	1	396466.0	1201696764
JG0139b	6	140513437	N:TC[T>G]TG	-1	14997.0	1201711761
JG0139b	6	140649191	N:TG[T>G]TC	-1	135754.0	1201847515
JG0139b	6	140684828	N:TG[T>C]CA	-1	35637.0	1201883152
JG0139b	6	140762059	N:TC[T>G]CT	-1	77231.0	1201960383
JG0139b	6	140858952	N:TC[T>C]TG	1	96893.0	1202057276
JG0139b	6	141313448	N:TC[T>G]TA	1	454496.0	1202511772
JG0139b	6	141324404	N:TG[T>G]TC	-1	10956.0	1202522728
JG0139b	6	141364783	N:AC[T>C]TT	1	40379.0	1202563107
JG0139b	6	141396462	N:TG[T>G]TG	-1	31679.0	1202594786
JG0139b	6	141409412	N:GC[T>G]TG	1	12950.0	1202607736
JG0139b	6	141506996	N:GC[T>G]TG	1	97584.0	1202705320
JG0139b	6	141780911	N:TC[T>C]TA	-1	273915.0	1202979235
JG0139b	6	142338459	T:TC[T>A]TA	-1	557548.0	1203536783
JG0139b	6	142356865	U:TG[T>G]CT	1	18406.0	1203555189
JG0139b	6	142454955	N:AC[T>G]TC	-1	98090.0	1203653279
JG0139b	6	142507696	N:TA[T>G]TA	1	52741.0	1203706020
JG0139b	6	142611461	N:CC[T>G]TT	-1	103765.0	1203809785
JG0139b	6	142625102	N:TC[T>C]TA	-1	13641.0	1203823426
JG0139b	6	142711113	N:TG[T>C]CT	-1	86011.0	1203909437
JG0139b	6	142929591	T:TC[T>A]TT	1	218478.0	1204127915
JG0139b	6	143073020	U:CT[C>A]CC	1	143429.0	1204271344
JG0139b	6	143178939	U:AC[T>G]TA	1	105919.0	1204377263
JG0139b	6	143247116	U:GC[T>A]CA	1	68177.0	1204445440
JG0139b	6	143328511	U:TC[T>C]TA	1	81395.0	1204526835
JG0139b	6	143675169	T:AA[T>G]TA	-1	346658.0	1204873493
JG0139b	6	143768190	U:CA[T>G]TC	1	93021.0	1204966514
JG0139b	6	143844237	T:AG[T>G]CA	-1	76047.0	1205042561
JG0139b	6	143962520	U:AC[T>G]TT	-1	118283.0	1205160844
JG0139b	6	144403469	T:TT[T>G]TC	-1	440949.0	1205601793
JG0139b	6	144456827	U:GC[T>G]TT	1	53358.0	1205655151
JG0139b	6	145034743	N:TC[T>C]CA	1	577916.0	1206233067
JG0139b	6	145567959	T:CC[T>G]TG	1	533216.0	1206766283
JG0139b	6	145587728	U:AA[T>G]TC	-1	19769.0	1206786052
JG0139b	6	146044172	U:TC[T>G]TT	1	456444.0	1207242496
JG0139b	6	146268332	U:GC[T>C]TA	1	224160.0	1207466656
JG0139b	6	146318581	U:AC[T>C]GT	1	50249.0	1207516905
JG0139b	6	146375705	T:GG[T>G]CT	-1	57124.0	1207574029
JG0139b	6	146407314	U:CC[T>G]TG	1	31609.0	1207605638
JG0139b	6	146544371	T:CC[T>A]CG	-1	137057.0	1207742695
JG0139b	6	147187325	N:GC[T>A]CA	1	642954.0	1208385649
JG0139b	6	147322606	U:TG[T>G]TC	1	135281.0	1208520930
JG0139b	6	147679276	T:AC[T>A]CT	-1	356670.0	1208877600
JG0139b	6	147709649	T:AC[T>G]TG	-1	30373.0	1208907973
JG0139b	6	147844364	N:TC[T>C]CT	-1	134715.0	1209042688
JG0139b	6	148498752	U:AG[T>G]TT	1	654388.0	1209697076
JG0139b	6	148995992	T:AC[T>G]CT	-1	497240.0	1210194316
JG0139b	6	149140566	N:TC[T>G]AC	1	144574.0	1210338890
JG0139b	6	149179198	N:GC[T>C]GA	-1	38632.0	1210377522
JG0139b	6	149401973	U:AG[T>G]TT	1	222775.0	1210600297
JG0139b	6	149576266	T:CC[T>C]TC	-1	174293.0	1210774590
JG0139b	6	149684725	U:AC[T>G]TT	-1	108459.0	1210883049
JG0139b	6	149824127	T:TC[T>C]CA	1	139402.0	1211022451
JG0139b	6	149991264	N:AC[T>C]TG	1	167137.0	1211189588
JG0139b	6	150752985	U:CC[T>G]TC	1	761721.0	1211951309
JG0139b	6	150767285	T:CC[T>G]TA	-1	14300.0	1211965609
JG0139b	6	151251342	T:CC[T>G]TA	-1	484057.0	1212449666
JG0139b	6	151321046	T:CG[T>C]CA	-1	69704.0	1212519370
JG0139b	6	151357906	U:CG[T>G]TT	1	36860.0	1212556230
JG0139b	6	151617349	U:AC[T>G]TG	1	259443.0	1212815673
JG0139b	6	151783532	U:AC[T>G]TC	1	166183.0	1212981856
JG0139b	6	151837752	U:TC[T>C]TA	1	54220.0	1213036076
JG0139b	6	152211463	T:CC[T>A]TT	1	373711.0	1213409787
JG0139b	6	152281788	T:CC[T>G]TT	1	70325.0	1213480112
JG0139b	6	152603533	U:CC[T>C]GT	-1	321745.0	1213801857
JG0139b	6	152713494	U:TG[C>A]TA	1	109961.0	1213911818
JG0139b	6	152873096	N:TC[T>G]TC	-1	159602.0	1214071420
JG0139b	6	152879828	N:GC[T>G]TC	-1	6732.0	1214078152
JG0139b	6	152936981	N:AC[T>C]GC	-1	57153.0	1214135305
JG0139b	6	152968442	N:GC[T>A]TC	1	31461.0	1214166766
JG0139b	6	153446881	N:GC[T>A]TG	-1	478439.0	1214645205
JG0139b	6	153549560	N:CC[T>C]CT	-1	102679.0	1214747884
JG0139b	6	153884567	N:AC[T>C]TA	-1	335007.0	1215082891
JG0139b	6	153991605	N:TC[T>C]CC	1	107038.0	1215189929
JG0139b	6	154096796	U:AC[T>C]TT	1	105191.0	1215295120
JG0139b	6	154266811	U:TC[T>C]TG	-1	170015.0	1215465135
JG0139b	6	154852376	U:CC[T>G]TC	1	585565.0	1216050700
JG0139b	6	154924555	T:AA[T>A]TA	-1	72179.0	1216122879
JG0139b	6	155399995	U:TT[T>G]TC	-1	475440.0	1216598319
JG0139b	6	155791087	N:TC[T>C]GT	1	391092.0	1216989411
JG0139b	6	155906486	N:CC[T>G]TC	1	115399.0	1217104810
JG0139b	6	155911262	N:TC[T>C]TT	1	4776.0	1217109586
JG0139b	6	156016130	N:TC[T>G]TT	-1	104868.0	1217214454
JG0139b	6	156070472	N:TG[C>A]AT	-1	54342.0	1217268796
JG0139b	6	156375727	N:TC[T>A]TC	-1	305255.0	1217574051
JG0139b	6	156438198	N:CC[T>C]CT	1	62471.0	1217636522
JG0139b	6	157067972	T:TC[T>C]GA	-1	629774.0	1218266296
JG0139b	6	157395785	U:AC[T>A]CC	1	327813.0	1218594109
JG0139b	6	157568176	U:TC[T>C]TT	1	172391.0	1218766500
JG0139b	6	157728630	T:GC[T>G]CT	-1	160454.0	1218926954
JG0139b	6	157985345	U:GC[T>G]TC	1	256715.0	1219183669
JG0139b	6	158017625	T:CC[T>C]GA	-1	32280.0	1219215949
JG0139b	6	158112836	U:TG[T>C]AC	-1	95211.0	1219311160
JG0139b	6	158188897	U:TC[T>G]TG	1	76061.0	1219387221
JG0139b	6	158386975	T:TG[T>G]TC	-1	198078.0	1219585299
JG0139b	6	158739593	U:TC[T>C]CT	1	352618.0	1219937917
JG0139b	6	158748892	T:TC[T>C]TT	-1	9299.0	1219947216
JG0139b	6	158855378	N:TC[T>G]TG	1	106486.0	1220053702
JG0139b	6	159299046	N:TC[T>C]GC	1	443668.0	1220497370
JG0139b	6	159368340	N:GG[C>G]TG	1	69294.0	1220566664
JG0139b	6	159911649	T:TC[T>A]CC	-1	543309.0	1221109973
JG0139b	6	159988368	T:GC[T>C]AA	-1	76719.0	1221186692
JG0139b	6	160113452	N:GC[T>G]TG	1	125084.0	1221311776
JG0139b	6	160130378	T:AC[T>G]CC	-1	16926.0	1221328702
JG0139b	6	160538759	T:CC[T>C]CA	1	408381.0	1221737083
JG0139b	6	160604682	T:CC[T>C]TC	1	65923.0	1221803006
JG0139b	6	161016839	U:AC[T>A]TG	1	412157.0	1222215163
JG0139b	6	161304754	N:CC[T>C]CA	-1	287915.0	1222503078
JG0139b	6	161314261	N:CC[T>C]CT	1	9507.0	1222512585
JG0139b	6	161770774	U:CC[T>A]GT	-1	456513.0	1222969098
JG0139b	6	161782201	U:CC[T>G]TT	-1	11427.0	1222980525
JG0139b	6	161877583	T:TC[T>G]TG	1	95382.0	1223075907
JG0139b	6	162273682	U:CC[T>A]TT	-1	396099.0	1223472006
JG0139b	6	162403007	T:AC[T>C]CA	1	129325.0	1223601331
JG0139b	6	162732647	T:AC[T>A]TC	-1	329640.0	1223930971
JG0139b	6	162908597	U:TC[T>C]CT	1	175950.0	1224106921
JG0139b	6	163114232	T:TC[T>G]CT	-1	205635.0	1224312556
JG0139b	6	163271547	T:CC[T>G]TG	-1	157315.0	1224469871
JG0139b	6	163369989	N:CC[T>G]TG	-1	98442.0	1224568313
JG0139b	6	163556502	U:CC[T>A]CA	1	186513.0	1224754826
JG0139b	6	163751504	N:TG[T>C]CC	1	195002.0	1224949828
JG0139b	6	163773963	N:TC[T>C]TT	1	22459.0	1224972287
JG0139b	6	164221756	N:TA[T>G]TT	-1	447793.0	1225420080
JG0139b	6	164849380	N:TG[T>A]TT	-1	627624.0	1226047704
JG0139b	6	164883627	N:CC[T>C]TT	-1	34247.0	1226081951
JG0139b	6	164989480	N:TG[T>G]CC	1	105853.0	1226187804
JG0139b	6	165356524	U:CC[T>G]TA	-1	367044.0	1226554848
JG0139b	6	165371511	T:TC[T>G]CC	1	14987.0	1226569835
JG0139b	6	165765990	T:CG[T>A]CC	1	394479.0	1226964314
JG0139b	6	166335126	U:TC[T>C]CT	-1	569136.0	1227533450
JG0139b	6	166660548	U:GC[T>C]GT	-1	325422.0	1227858872
JG0139b	6	166667836	T:CC[T>A]TG	1	7288.0	1227866160
JG0139b	6	167029687	U:TC[T>A]TT	1	361851.0	1228228011
JG0139b	6	167316855	N:CC[T>A]GC	-1	287168.0	1228515179
JG0139b	6	167420353	N:CC[T>C]CG	-1	103498.0	1228618677
JG0139b	6	167486832	N:TC[T>C]CC	1	66479.0	1228685156
JG0139b	6	167493958	N:CC[T>G]CT	-1	7126.0	1228692282
JG0139b	6	167808713	N:AC[T>C]TG	-1	314755.0	1229007037
JG0139b	6	167906484	T:TC[T>G]TA	-1	97771.0	1229104808
JG0139b	6	168204939	N:TC[T>C]TT	1	298455.0	1229403263
JG0139b	6	168607629	T:CC[T>A]CG	-1	402690.0	1229805953
JG0139b	6	168660708	T:CC[T>C]TG	-1	53079.0	1229859032
JG0139b	6	168791258	N:TC[T>C]GT	-1	130550.0	1229989582
JG0139b	6	168821838	N:TC[T>C]TT	-1	30580.0	1230020162
JG0139b	6	169029435	N:TG[T>G]CG	-1	207597.0	1230227759
JG0139b	6	169477619	U:AC[T>C]AA	-1	448184.0	1230675943
JG0139b	6	169636692	U:TT[T>G]TA	-1	159073.0	1230835016
JG0139b	6	170131744	N:TC[T>C]TG	-1	495052.0	1231330068
JG0139b	6	170255581	N:GG[T>C]TT	-1	123837.0	1231453905
JG0139b	6	170632985	N:TC[T>A]TC	1	377404.0	1231831309
JG0139b	6	170692266	N:GC[T>G]TG	-1	59281.0	1231890590
JG0139b	7	328624	N:AC[T>G]TA	1		1232332927
JG0139b	7	1757551	N:GC[T>C]CA	-1	1428927.0	1233761854
JG0139b	7	1847837	T:TG[T>C]CA	1	90286.0	1233852140
JG0139b	7	1899864	U:CC[T>C]GG	-1	52027.0	1233904167
JG0139b	7	2048094	T:CA[T>C]GC	1	148230.0	1234052397
JG0139b	7	2937652	T:GC[T>C]TG	1	889558.0	1234941955
JG0139b	7	2985035	T:TC[T>C]CT	1	47383.0	1234989338
JG0139b	7	4169228	U:GC[T>C]CC	1	1184193.0	1236173531
JG0139b	7	4377691	N:TC[T>G]TA	-1	208463.0	1236381994
JG0139b	7	4649535	N:CC[T>C]CC	1	271844.0	1236653838
JG0139b	7	4826158	T:TC[T>G]GA	1	176623.0	1236830461
JG0139b	7	4876497	T:TT[C>A]AC	1	50339.0	1236880800
JG0139b	7	5095870	N:CC[T>C]CC	-1	219373.0	1237100173
JG0139b	7	7133857	N:CC[T>C]GC	-1	2037987.0	1239138160
JG0139b	7	7659096	B:GC[T>G]TG	1	525239.0	1239663399
JG0139b	7	8150154	U:GT[T>C]TC	-1	491058.0	1240154457
JG0139b	7	8968445	N:GA[T>G]TC	-1	818291.0	1240972748
JG0139b	7	9888435	N:TC[T>G]TT	1	919990.0	1241892738
JG0139b	7	9960662	N:CA[T>G]TG	-1	72227.0	1241964965
JG0139b	7	10103559	N:AC[T>C]TG	1	142897.0	1242107862
JG0139b	7	11561167	U:CC[T>A]TC	-1	1457608.0	1243565470
JG0139b	7	11901419	N:AC[T>G]TA	-1	340252.0	1243905722
JG0139b	7	12277895	N:TC[T>G]TT	1	376476.0	1244282198
JG0139b	7	12608146	U:AC[T>G]TT	1	330251.0	1244612449
JG0139b	7	12691969	N:TT[C>A]TC	-1	83823.0	1244696272
JG0139b	7	12864994	N:CC[T>C]CA	1	173025.0	1244869297
JG0139b	7	13132301	N:AC[T>G]CC	-1	267307.0	1245136604
JG0139b	7	13767004	N:TC[T>G]TT	-1	634703.0	1245771307
JG0139b	7	13779241	N:TC[T>C]GC	-1	12237.0	1245783544
JG0139b	7	14215860	U:TG[T>G]TT	-1	436619.0	1246220163
JG0139b	7	14303833	U:AC[T>C]CA	-1	87973.0	1246308136
JG0139b	7	14870595	U:TC[T>C]CA	-1	566762.0	1246874898
JG0139b	7	15113626	N:AT[C>G]TC	1	243031.0	1247117929
JG0139b	7	15612984	T:TC[T>G]TT	1	499358.0	1247617287
JG0139b	7	15658424	T:CC[T>G]TT	1	45440.0	1247662727
JG0139b	7	16992971	N:GC[T>G]TC	1	1334547.0	1248997274
JG0139b	7	17174761	U:AC[T>G]TT	1	181790.0	1249179064
JG0139b	7	17390115	T:AG[T>G]TA	-1	215354.0	1249394418
JG0139b	7	17602681	N:CA[T>C]CT	-1	212566.0	1249606984
JG0139b	7	18108166	T:CC[T>G]AG	-1	505485.0	1250112469
JG0139b	7	18166869	U:AG[T>G]TT	1	58703.0	1250171172
JG0139b	7	18501694	U:GC[T>C]GT	1	334825.0	1250505997
JG0139b	7	18694126	U:CG[T>G]TT	1	192432.0	1250698429
JG0139b	7	19114934	N:TC[T>C]TC	-1	420808.0	1251119237
JG0139b	7	19253036	N:AC[T>C]TT	1	138102.0	1251257339
JG0139b	7	19954453	N:TC[T>A]CA	1	701417.0	1251958756
JG0139b	7	20537057	N:TC[T>G]TA	1	582604.0	1252541360
JG0139b	7	20959587	N:GC[C>A]TT	1	422530.0	1252963890
JG0139b	7	21015077	N:TT[T>C]AC	1	55490.0	1253019380
JG0139b	7	21144353	N:GC[T>A]CC	-1	129276.0	1253148656
JG0139b	7	21858209	T:AC[T>G]TT	-1	713856.0	1253862512
JG0139b	7	22029019	N:AC[T>C]CC	-1	170810.0	1254033322
JG0139b	7	23193174	T:CC[T>C]TT	-1	1164155.0	1255197477
JG0139b	7	23780959	T:GC[T>C]TT	-1	587785.0	1255785262
JG0139b	7	24357488	N:GC[T>G]CA	-1	576529.0	1256361791
JG0139b	7	24958716	T:AG[C>A]AC	1	601228.0	1256963019
JG0139b	7	25018973	N:TC[T>C]GC	1	60257.0	1257023276
JG0139b	7	25559299	N:GG[T>A]CT	-1	540326.0	1257563602
JG0139b	7	25756387	N:TG[T>C]TA	1	197088.0	1257760690
JG0139b	7	25888814	N:AC[T>G]CT	1	132427.0	1257893117
JG0139b	7	26007932	N:AC[T>G]TC	-1	119118.0	1258012235
JG0139b	7	26252751	N:AC[T>G]TT	1	244819.0	1258257054
JG0139b	7	26342933	T:AC[T>G]TG	-1	90182.0	1258347236
JG0139b	7	26442693	N:CC[T>C]CC	1	99760.0	1258446996
JG0139b	7	26539331	N:TG[T>G]TT	1	96638.0	1258543634
JG0139b	7	26592050	N:GC[T>C]TT	1	52719.0	1258596353
JG0139b	7	27369147	N:GG[T>C]GG	1	777097.0	1259373450
JG0139b	7	28093996	U:AG[T>G]TC	-1	724849.0	1260098299
JG0139b	7	28184413	N:TC[T>C]CC	1	90417.0	1260188716
JG0139b	7	29043016	U:CC[T>C]TT	-1	858603.0	1261047319
JG0139b	7	29534626	N:AC[T>G]TC	-1	491610.0	1261538929
JG0139b	7	29595285	N:TA[T>G]TA	-1	60659.0	1261599588
JG0139b	7	29688162	N:AC[T>G]CT	1	92877.0	1261692465
JG0139b	7	29717010	N:TC[T>C]CT	1	28848.0	1261721313
JG0139b	7	29749424	N:CC[T>C]CC	1	32414.0	1261753727
JG0139b	7	30783656	U:GC[T>C]TT	1	1034232.0	1262787959
JG0139b	7	31001913	N:CC[T>A]TG	-1	218257.0	1263006216
JG0139b	7	31324549	N:GA[T>G]TA	1	322636.0	1263328852
JG0139b	7	31844454	T:TC[T>C]TT	1	519905.0	1263848757
JG0139b	7	32835297	N:GG[T>C]CG	-1	990843.0	1264839600
JG0139b	7	32999120	U:GG[T>G]TC	1	163823.0	1265003423
JG0139b	7	34994873	T:CC[T>C]CA	1	1995753.0	1266999176
JG0139b	7	35339936	N:CC[T>G]TT	1	345063.0	1267344239
JG0139b	7	35452823	N:GA[C>A]AG	1	112887.0	1267457126
JG0139b	7	35520087	N:TC[T>G]CA	1	67264.0	1267524390
JG0139b	7	35986274	N:GC[T>C]CC	-1	466187.0	1267990577
JG0139b	7	36166378	T:AT[T>G]TC	-1	180104.0	1268170681
JG0139b	7	36258231	T:GC[T>G]GA	-1	91853.0	1268262534
JG0139b	7	36387724	U:AC[T>A]CA	-1	129493.0	1268392027
JG0139b	7	36917168	T:AG[T>G]TT	1	529444.0	1268921471
JG0139b	7	37016805	U:CC[T>C]TT	-1	99637.0	1269021108
JG0139b	7	38115027	N:AC[T>G]TC	1	1098222.0	1270119330
JG0139b	7	38978250	T:CG[C>A]AT	-1	863223.0	1270982553
JG0139b	7	39875792	N:CC[T>G]TT	1	897542.0	1271880095
JG0139b	7	39951637	U:TC[T>G]CA	1	75845.0	1271955940
JG0139b	7	40352897	T:AC[T>G]GT	-1	401260.0	1272357200
JG0139b	7	41154235	N:TG[T>G]TC	1	801338.0	1273158538
JG0139b	7	41212409	N:CC[T>C]AA	1	58174.0	1273216712
JG0139b	7	41295156	N:AA[T>C]TG	-1	82747.0	1273299459
JG0139b	7	41501489	N:TC[T>C]CA	1	206333.0	1273505792
JG0139b	7	41753643	N:TC[T>G]TT	1	252154.0	1273757946
JG0139b	7	41792683	N:TC[T>C]TT	1	39040.0	1273796986
JG0139b	7	41916522	N:GC[T>G]TG	1	123839.0	1273920825
JG0139b	7	41954300	N:CC[T>G]CA	-1	37778.0	1273958603
JG0139b	7	43232884	T:TT[T>G]CT	-1	1278584.0	1275237187
JG0139b	7	43380562	U:TC[T>G]TG	1	147678.0	1275384865
JG0139b	7	43469462	U:TG[T>C]TT	1	88900.0	1275473765
JG0139b	7	43928614	T:CC[T>G]TC	-1	459152.0	1275932917
JG0139b	7	44806069	N:AC[T>G]CT	-1	877455.0	1276810372
JG0139b	7	44888295	N:AC[T>G]CT	1	82226.0	1276892598
JG0139b	7	44923649	N:AC[T>G]TG	1	35354.0	1276927952
JG0139b	7	45165531	U:AG[C>A]AT	1	241882.0	1277169834
JG0139b	7	45247434	N:CC[T>G]TG	-1	81903.0	1277251737
JG0139b	7	45640981	T:GG[T>G]TG	-1	393547.0	1277645284
JG0139b	7	46359445	N:TT[T>G]TA	-1	718464.0	1278363748
JG0139b	7	47586742	N:AC[T>G]TC	1	1227297.0	1279591045
JG0139b	7	47814935	T:GC[T>C]TC	1	228193.0	1279819238
JG0139b	7	48586893	U:TC[T>G]TG	1	771958.0	1280591196
JG0139b	7	48643535	U:CC[T>C]CC	1	56642.0	1280647838
JG0139b	7	49949992	T:TC[T>G]TG	1	1306457.0	1281954295
JG0139b	7	52067041	N:AC[T>G]CA	-1	2117049.0	1284071344
JG0139b	7	52882803	N:TC[T>G]TC	-1	815762.0	1284887106
JG0139b	7	53643021	N:CG[T>G]CA	-1	760218.0	1285647324
JG0139b	7	53972420	N:GC[T>G]TG	1	329399.0	1285976723
JG0139b	7	54061330	N:TC[T>G]TG	1	88910.0	1286065633
JG0139b	7	54304009	N:AA[T>G]TG	-1	242679.0	1286308312
JG0139b	7	54360943	N:TG[T>G]TA	1	56934.0	1286365246
JG0139b	7	54365888	N:TC[T>G]TG	1	4945.0	1286370191
JG0139b	7	54884728	N:GC[T>G]TG	1	518840.0	1286889031
JG0139b	7	55219496	N:GG[T>C]TG	-1	334768.0	1287223799
JG0139b	7	55422251	U:TG[T>C]TT	1	202755.0	1287426554
JG0139b	7	55628821	N:TG[T>G]GT	-1	206570.0	1287633124
JG0139b	7	55646010	N:CC[T>C]GA	-1	17189.0	1287650313
JG0139b	7	56202841	N:AC[T>G]TG	-1	556831.0	1288207144
JG0139b	7	56219810	N:AC[T>G]TC	1	16969.0	1288224113
JG0139b	7	56398424	N:TG[T>G]TG	-1	178614.0	1288402727
JG0139b	7	57242606	N:AC[T>G]TA	1	844182.0	1289246909
JG0139b	7	57887557	N:CT[C>T]AA	1	644951.0	1289891860
JG0139b	7	57952440	N:GC[T>G]TC	1	64883.0	1289956743
JG0139b	7	58549729	N:AC[T>A]TG	-1	597289.0	1290554032
JG0139b	7	58970742	N:AC[T>G]TG	-1	421013.0	1290975045
JG0139b	7	58986313	N:TC[T>G]TC	-1	15571.0	1290990616
JG0139b	7	59053640	N:AC[T>G]CT	-1	67327.0	1291057943
JG0139b	7	59129658	N:GT[T>C]TC	-1	76018.0	1291133961
JG0139b	7	59483006	N:GC[T>C]GT	1	353348.0	1291487309
JG0139b	7	59941406	N:AG[T>G]TA	-1	458400.0	1291945709
JG0139b	7	60310259	N:CC[T>G]TT	-1	368853.0	1292314562
JG0139b	7	60728733	N:TC[T>C]TC	1	418474.0	1292733036
JG0139b	7	61722127	N:AC[T>C]TT	-1	993394.0	1293726430
JG0139b	7	61742747	N:GC[T>C]TT	1	20620.0	1293747050
JG0139b	7	61921814	N:GC[T>A]TC	-1	179067.0	1293926117
JG0139b	7	62707855	N:GC[T>G]TT	1	786041.0	1294712158
JG0139b	7	62959810	N:CC[T>G]TT	1	251955.0	1294964113
JG0139b	7	63358115	N:AC[T>G]TT	1	398305.0	1295362418
JG0139b	7	64305545	N:TT[T>C]TT	1	947430.0	1296309848
JG0139b	7	64338128	T:CT[T>C]CA	-1	32583.0	1296342431
JG0139b	7	64882320	N:GC[T>C]CC	-1	544192.0	1296886623
JG0139b	7	65298304	N:CC[T>C]GG	1	415984.0	1297302607
JG0139b	7	65679676	N:CC[T>C]CT	1	381372.0	1297683979
JG0139b	7	66105564	T:AA[T>A]TA	-1	425888.0	1298109867
JG0139b	7	66504442	N:TC[T>G]TA	-1	398878.0	1298508745
JG0139b	7	66517240	N:GC[T>C]GG	-1	12798.0	1298521543
JG0139b	7	66811701	N:TA[T>A]TG	-1	294461.0	1298816004
JG0139b	7	67299164	N:AC[T>C]TA	1	487463.0	1299303467
JG0139b	7	67568561	N:CC[T>A]CT	1	269397.0	1299572864
JG0139b	7	67792798	N:GC[T>G]TT	1	224237.0	1299797101
JG0139b	7	68655199	N:GC[T>G]TA	-1	862401.0	1300659502
JG0139b	7	68871372	N:CC[T>C]GA	1	216173.0	1300875675
JG0139b	7	68940835	N:AT[C>G]AG	-1	69463.0	1300945138
JG0139b	7	69287907	N:GG[T>A]CG	1	347072.0	1301292210
JG0139b	7	69350766	N:AC[T>G]TA	1	62859.0	1301355069
JG0139b	7	69807476	T:CC[T>G]TT	-1	456710.0	1301811779
JG0139b	7	69933411	U:CC[T>G]TG	1	125935.0	1301937714
JG0139b	7	69939825	T:TC[T>C]CT	-1	6414.0	1301944128
JG0139b	7	70217368	T:AC[T>G]TC	-1	277543.0	1302221671
JG0139b	7	71240533	U:GG[T>G]TT	1	1023165.0	1303244836
JG0139b	7	72465647	N:TC[T>G]TC	1	1225114.0	1304469950
JG0139b	7	72649431	U:AT[T>G]TT	-1	183784.0	1304653734
JG0139b	7	72950445	U:CT[C>T]TG	1	301014.0	1304954748
JG0139b	7	73051898	N:AC[T>G]TC	-1	101453.0	1305056201
JG0139b	7	73566276	N:GC[T>G]TG	-1	514378.0	1305570579
JG0139b	7	73932345	N:TC[T>A]TG	1	366069.0	1305936648
JG0139b	7	74836088	T:GC[T>G]TG	1	903743.0	1306840391
JG0139b	7	75178590	N:GC[T>G]TT	-1	342502.0	1307182893
JG0139b	7	75526949	N:TG[T>G]TT	1	348359.0	1307531252
JG0139b	7	75752389	N:CC[T>C]AG	1	225440.0	1307756692
JG0139b	7	76721685	N:TC[T>G]TT	1	969296.0	1308725988
JG0139b	7	78049014	U:CC[T>C]GC	-1	1327329.0	1310053317
JG0139b	7	78490497	U:CA[T>G]TT	-1	441483.0	1310494800
JG0139b	7	78516698	U:CC[T>A]TT	-1	26201.0	1310521001
JG0139b	7	78643683	U:AC[T>G]TT	-1	126985.0	1310647986
JG0139b	7	79239666	U:TG[T>G]CC	-1	595983.0	1311243969
JG0139b	7	79374021	T:GC[T>G]CT	1	134355.0	1311378324
JG0139b	7	81392226	N:TG[T>G]TT	1	2018205.0	1313396529
JG0139b	7	81706906	U:CA[T>G]CC	-1	314680.0	1313711209
JG0139b	7	82480850	N:TC[T>G]TT	-1	773944.0	1314485153
JG0139b	7	82568396	N:TC[T>G]TA	1	87546.0	1314572699
JG0139b	7	82779211	U:GG[T>G]TT	-1	210815.0	1314783514
JG0139b	7	82782818	T:GC[C>G]TT	1	3607.0	1314787121
JG0139b	7	83019838	U:GC[T>A]TC	-1	237020.0	1315024141
JG0139b	7	83553939	U:AT[T>G]TA	-1	534101.0	1315558242
JG0139b	7	83575317	U:AC[T>C]CT	-1	21378.0	1315579620
JG0139b	7	83673392	N:GC[T>C]TG	1	98075.0	1315677695
JG0139b	7	85612034	N:TC[T>G]TA	-1	1938642.0	1317616337
JG0139b	7	85841882	N:TC[T>C]CA	1	229848.0	1317846185
JG0139b	7	85959416	N:TC[T>C]TT	1	117534.0	1317963719
JG0139b	7	86548132	N:AC[T>C]TT	-1	588716.0	1318552435
JG0139b	7	86942339	U:TC[T>C]CT	-1	394207.0	1318946642
JG0139b	7	87290462	N:TC[T>C]CC	1	348123.0	1319294765
JG0139b	7	88128387	T:TG[T>G]CT	-1	837925.0	1320132690
JG0139b	7	88241025	N:GC[T>G]TA	-1	112638.0	1320245328
JG0139b	7	88440218	N:CC[T>A]CT	1	199193.0	1320444521
JG0139b	7	89188816	T:GC[T>G]TC	-1	748598.0	1321193119
JG0139b	7	89556190	N:AC[T>C]TT	-1	367374.0	1321560493
JG0139b	7	90838073	T:CC[T>C]GA	-1	1281883.0	1322842376
JG0139b	7	91049212	U:CC[T>G]TT	1	211139.0	1323053515
JG0139b	7	91353567	N:AC[T>G]TG	1	304355.0	1323357870
JG0139b	7	91964096	U:AA[T>G]TT	1	610529.0	1323968399
JG0139b	7	91998253	U:GG[T>C]CT	1	34157.0	1324002556
JG0139b	7	92313752	T:GG[T>G]TG	-1	315499.0	1324318055
JG0139b	7	92843763	N:GC[T>G]CT	1	530011.0	1324848066
JG0139b	7	93198905	T:TC[T>A]CT	1	355142.0	1325203208
JG0139b	7	93419843	N:TG[T>G]TC	-1	220938.0	1325424146
JG0139b	7	94331072	N:GC[T>A]TG	-1	911229.0	1326335375
JG0139b	7	94696752	N:TA[T>C]TT	-1	365680.0	1326701055
JG0139b	7	95649487	N:TC[T>G]TT	1	952735.0	1327653790
JG0139b	7	95692823	N:CC[T>C]GG	-1	43336.0	1327697126
JG0139b	7	97140760	U:CC[T>C]CA	1	1447937.0	1329145063
JG0139b	7	98380766	U:CC[T>G]TT	-1	1240006.0	1330385069
JG0139b	7	98389674	T:CC[T>C]CT	1	8908.0	1330393977
JG0139b	7	99499373	B:CA[T>A]CT	1	1109699.0	1331503676
JG0139b	7	100721045	T:CC[C>G]GC	-1	1221672.0	1332725348
JG0139b	7	100904226	N:AC[T>G]CC	-1	183181.0	1332908529
JG0139b	7	101306465	N:CC[T>C]TA	-1	402239.0	1333310768
JG0139b	7	101674144	N:GC[T>C]TG	-1	367679.0	1333678447
JG0139b	7	101799572	N:TC[T>A]CC	-1	125428.0	1333803875
JG0139b	7	101906173	T:GG[T>C]CC	-1	106601.0	1333910476
JG0139b	7	103222129	N:GC[T>G]TC	-1	1315956.0	1335226432
JG0139b	7	103340882	U:GG[T>G]TT	-1	118753.0	1335345185
JG0139b	7	103511293	U:AG[T>G]TA	-1	170411.0	1335515596
JG0139b	7	103670918	T:AG[T>G]TG	1	159625.0	1335675221
JG0139b	7	104116494	N:AT[T>C]TA	1	445576.0	1336120797
JG0139b	7	104312293	N:GC[T>G]CT	-1	195799.0	1336316596
JG0139b	7	105075786	T:AC[T>C]GG	-1	763493.0	1337080089
JG0139b	7	106530909	N:GC[T>A]TT	-1	1455123.0	1338535212
JG0139b	7	106833558	N:TC[C>A]AG	-1	302649.0	1338837861
JG0139b	7	107958233	T:TG[T>A]AT	1	1124675.0	1339962536
JG0139b	7	108343078	T:AC[T>G]TG	1	384845.0	1340347381
JG0139b	7	109028776	N:GC[T>G]CT	-1	685698.0	1341033079
JG0139b	7	109916759	N:CT[T>G]TG	-1	887983.0	1341921062
JG0139b	7	109969064	N:CC[T>C]TT	1	52305.0	1341973367
JG0139b	7	110354730	N:GG[T>G]CT	1	385666.0	1342359033
JG0139b	7	110481540	N:GG[T>C]GG	1	126810.0	1342485843
JG0139b	7	110609039	N:AA[T>G]TT	-1	127499.0	1342613342
JG0139b	7	111725854	N:CC[T>C]AA	-1	1116815.0	1343730157
JG0139b	7	111813968	T:AC[T>G]TT	1	88114.0	1343818271
JG0139b	7	112050582	U:AC[T>C]GT	-1	236614.0	1344054885
JG0139b	7	112310307	U:AC[T>G]CA	1	259725.0	1344314610
JG0139b	7	112897869	U:TC[T>G]TA	-1	587562.0	1344902172
JG0139b	7	112958662	N:TC[T>A]CT	1	60793.0	1344962965
JG0139b	7	113180218	N:TA[T>G]TA	-1	221556.0	1345184521
JG0139b	7	114000286	T:GC[T>G]TG	1	820068.0	1346004589
JG0139b	7	114429795	T:AC[T>G]CT	-1	429509.0	1346434098
JG0139b	7	114781478	N:AG[T>G]GC	-1	351683.0	1346785781
JG0139b	7	115415551	N:CC[T>G]CA	-1	634073.0	1347419854
JG0139b	7	115933393	N:TC[T>G]CT	-1	517842.0	1347937696
JG0139b	7	116437975	N:AG[T>C]AC	1	504582.0	1348442278
JG0139b	7	117626845	T:TC[T>A]TT	-1	1188870.0	1349631148
JG0139b	7	117638212	U:AC[T>C]TC	1	11367.0	1349642515
JG0139b	7	117798710	U:CT[T>G]CT	-1	160498.0	1349803013
JG0139b	7	117820008	T:TC[T>G]CT	1	21298.0	1349824311
JG0139b	7	118620037	N:GC[T>G]TT	1	800029.0	1350624340
JG0139b	7	118653990	N:CC[T>C]CT	1	33953.0	1350658293
JG0139b	7	118911337	N:GG[T>C]CA	-1	257347.0	1350915640
JG0139b	7	119174564	N:GC[T>G]TT	-1	263227.0	1351178867
JG0139b	7	120923683	N:TG[T>G]TT	1	1749119.0	1352927986
JG0139b	7	121447667	N:TC[T>C]CT	-1	523984.0	1353451970
JG0139b	7	121693007	N:AT[T>G]TA	-1	245340.0	1353697310
JG0139b	7	123507236	T:AC[T>G]TC	1	1814229.0	1355511539
JG0139b	7	124287505	N:AC[T>C]TG	1	780269.0	1356291808
JG0139b	7	124306018	N:CC[T>G]TA	-1	18513.0	1356310321
JG0139b	7	124999174	N:TG[T>G]GG	1	693156.0	1357003477
JG0139b	7	125667605	N:TC[T>G]TG	-1	668431.0	1357671908
JG0139b	7	126222196	N:TC[T>G]TT	1	554591.0	1358226499
JG0139b	7	127275829	N:GC[T>G]TA	1	1053633.0	1359280132
JG0139b	7	127298270	N:AC[T>G]CT	-1	22441.0	1359302573
JG0139b	7	127681893	T:AA[C>A]AG	-1	383623.0	1359686196
JG0139b	7	128029318	B:CT[C>A]AC	1	347425.0	1360033621
JG0139b	7	129074717	N:AT[T>G]TA	-1	1045399.0	1361079020
JG0139b	7	129148444	T:CA[C>A]AG	-1	73727.0	1361152747
JG0139b	7	129181363	N:TG[T>G]TT	1	32919.0	1361185666
JG0139b	7	129812927	N:GC[T>C]CA	-1	631564.0	1361817230
JG0139b	7	130138438	N:AC[T>G]TT	-1	325511.0	1362142741
JG0139b	7	131358613	U:TG[T>G]TT	1	1220175.0	1363362916
JG0139b	7	131728229	N:GC[T>G]TC	-1	369616.0	1363732532
JG0139b	7	131895574	N:CC[T>G]TT	-1	167345.0	1363899877
JG0139b	7	131901203	N:CC[T>C]CT	-1	5629.0	1363905506
JG0139b	7	132304229	U:CC[T>C]CA	-1	403026.0	1364308532
JG0139b	7	132950627	T:AC[T>C]TT	1	646398.0	1364954930
JG0139b	7	133398363	T:CC[T>G]TA	-1	447736.0	1365402666
JG0139b	7	134079431	N:AG[T>C]TG	1	681068.0	1366083734
JG0139b	7	134347354	N:TT[T>A]TC	-1	267923.0	1366351657
JG0139b	7	134441684	N:AG[T>G]TA	-1	94330.0	1366445987
JG0139b	7	134886819	U:CT[T>G]TC	1	445135.0	1366891122
JG0139b	7	135331839	N:AC[T>G]TC	-1	445020.0	1367336142
JG0139b	7	136993233	T:TC[T>C]TC	-1	1661394.0	1368997536
JG0139b	7	137873122	N:AC[T>C]CA	1	879889.0	1369877425
JG0139b	7	137982895	U:CC[T>G]TT	-1	109773.0	1369987198
JG0139b	7	138359694	N:TC[T>G]TG	-1	376799.0	1370363997
JG0139b	7	138871787	U:AC[T>G]CC	-1	512093.0	1370876090
JG0139b	7	139057453	T:AG[T>G]TG	1	185666.0	1371061756
JG0139b	7	139913965	U:CC[T>G]CA	1	856512.0	1371918268
JG0139b	7	140812293	U:GC[T>G]TC	-1	898328.0	1372816596
JG0139b	7	141896045	N:CC[T>G]TT	-1	1083752.0	1373900348
JG0139b	7	142053418	U:TC[T>G]TA	1	157373.0	1374057721
JG0139b	7	142341809	N:TC[T>C]CT	1	288391.0	1374346112
JG0139b	7	142934015	N:AC[T>C]CT	-1	592206.0	1374938318
JG0139b	7	144386322	N:CC[T>G]CC	1	1452307.0	1376390625
JG0139b	7	144651288	T:GC[T>A]CA	1	264966.0	1376655591
JG0139b	7	144653477	U:CC[T>G]TC	-1	2189.0	1376657780
JG0139b	7	144791069	T:AC[T>G]TT	1	137592.0	1376795372
JG0139b	7	144804565	U:TC[T>C]CC	-1	13496.0	1376808868
JG0139b	7	144870877	N:TC[T>G]TC	-1	66312.0	1376875180
JG0139b	7	145459950	N:GC[T>A]TT	-1	589073.0	1377464253
JG0139b	7	145821921	N:AT[T>C]GT	-1	361971.0	1377826224
JG0139b	7	146163149	T:AC[T>A]TT	-1	341228.0	1378167452
JG0139b	7	146378805	U:TC[T>G]TG	1	215656.0	1378383108
JG0139b	7	146511215	T:TC[T>G]TA	-1	132410.0	1378515518
JG0139b	7	147336537	T:TC[T>G]TG	-1	825322.0	1379340840
JG0139b	7	148467551	N:TC[T>G]TA	1	1131014.0	1380471854
JG0139b	7	149260269	N:AC[C>A]AG	1	792718.0	1381264572
JG0139b	7	149747889	N:CG[C>A]TC	1	487620.0	1381752192
JG0139b	7	149993603	N:AC[T>G]TC	1	245714.0	1381997906
JG0139b	7	150027034	N:GG[C>A]TC	-1	33431.0	1382031337
JG0139b	7	150207965	N:AC[T>G]TC	1	180931.0	1382212268
JG0139b	7	150696361	N:TG[T>G]TT	-1	488396.0	1382700664
JG0139b	7	151434895	U:GT[C>T]CT	-1	738534.0	1383439198
JG0139b	7	151725573	U:TC[T>G]TT	-1	290678.0	1383729876
JG0139b	7	153314646	N:TC[C>A]GG	-1	1589073.0	1385318949
JG0139b	7	153846789	N:GG[T>G]TC	1	532143.0	1385851092
JG0139b	7	154237868	T:GC[T>A]CC	-1	391079.0	1386242171
JG0139b	7	154306593	U:AA[T>G]TC	1	68725.0	1386310896
JG0139b	7	154516069	U:AC[T>C]CT	1	209476.0	1386520372
JG0139b	7	155404435	N:GG[T>C]CT	-1	888366.0	1387408738
JG0139b	7	155489024	T:TG[T>A]CT	1	84589.0	1387493327
JG0139b	7	155931011	N:TG[T>G]TT	1	441987.0	1387935314
JG0139b	7	156007887	N:CC[T>G]TG	1	76876.0	1388012190
JG0139b	7	156321764	N:CC[T>G]TT	-1	313877.0	1388326067
JG0139b	7	157236950	U:TC[T>C]CG	1	915186.0	1389241253
JG0139b	7	157792452	T:GC[T>C]CA	1	555502.0	1389796755
JG0139b	7	157797674	T:CC[T>C]TC	1	5222.0	1389801977
JG0139b	7	158135663	T:TC[T>A]CC	1	337989.0	1390139966
JG0139b	7	158220365	U:TC[T>G]TT	-1	84702.0	1390224668
JG0139b	7	158300165	U:AA[C>A]TT	-1	79800.0	1390304468
JG0139b	7	158879617	T:TC[T>C]CT	-1	579452.0	1390883920
JG0139b	7	159182921	N:TC[T>C]TT	-1	303304.0	1391187224
JG0139b	8	92018	N:GC[T>A]CC	-1		1391442294
JG0139b	8	323439	N:AC[T>C]TC	-1	231421.0	1391673715
JG0139b	8	329068	N:TC[T>C]TT	-1	5629.0	1391679344
JG0139b	8	1043833	T:CC[T>G]TC	-1	714765.0	1392394109
JG0139b	8	1102144	T:GC[T>G]TT	-1	58311.0	1392452420
JG0139b	8	1259517	U:AC[T>A]CT	1	157373.0	1392609793
JG0139b	8	1266845	U:GC[T>G]TC	1	7328.0	1392617121
JG0139b	8	1992448	U:TT[T>G]TT	1	725603.0	1393342724
JG0139b	8	2487451	N:CC[T>A]TT	-1	495003.0	1393837727
JG0139b	8	2979520	T:GC[T>G]TT	1	492069.0	1394329796
JG0139b	8	3100822	U:TC[T>G]TA	-1	121302.0	1394451098
JG0139b	8	3144174	U:CC[T>G]TA	-1	43352.0	1394494450
JG0139b	8	3443692	U:GC[T>G]TT	-1	299518.0	1394793968
JG0139b	8	3759687	U:AC[T>C]CC	-1	315995.0	1395109963
JG0139b	8	3916302	T:CC[T>C]GG	1	156615.0	1395266578
JG0139b	8	4109446	U:AC[T>C]CA	-1	193144.0	1395459722
JG0139b	8	4183945	U:AG[T>G]TC	-1	74499.0	1395534221
JG0139b	8	4283259	U:TC[T>G]TC	-1	99314.0	1395633535
JG0139b	8	4497157	T:TC[T>G]TT	1	213898.0	1395847433
JG0139b	8	4656023	T:GC[T>C]CT	1	158866.0	1396006299
JG0139b	8	4685706	U:CG[T>C]TT	-1	29683.0	1396035982
JG0139b	8	4935121	T:GC[T>C]CA	1	249415.0	1396285397
JG0139b	8	5044939	N:AA[T>C]TA	1	109818.0	1396395215
JG0139b	8	6142339	N:CC[T>C]CT	1	1097400.0	1397492615
JG0139b	8	6803987	N:CC[T>G]TG	-1	661648.0	1398154263
JG0139b	8	8284504	N:AC[T>A]TT	-1	1480517.0	1399634780
JG0139b	8	8411163	N:GC[T>C]CC	1	126659.0	1399761439
JG0139b	8	8747157	N:CC[T>C]TT	-1	335994.0	1400097433
JG0139b	8	8829677	T:TG[T>G]CT	1	82520.0	1400179953
JG0139b	8	9178621	N:TC[T>G]TG	-1	348944.0	1400528897
JG0139b	8	9396078	N:TC[T>C]TG	1	217457.0	1400746354
JG0139b	8	9406873	N:TG[T>C]CC	-1	10795.0	1400757149
JG0139b	8	9568588	T:CC[T>G]TT	-1	161715.0	1400918864
JG0139b	8	9623114	U:GG[T>G]TG	1	54526.0	1400973390
JG0139b	8	9815912	N:GC[T>C]CA	-1	192798.0	1401166188
JG0139b	8	9855677	N:CC[T>C]TG	1	39765.0	1401205953
JG0139b	8	10174306	T:TC[T>G]TT	-1	318629.0	1401524582
JG0139b	8	10264129	U:GC[T>G]TT	1	89823.0	1401614405
JG0139b	8	10675579	T:TC[T>C]CT	-1	411450.0	1402025855
JG0139b	8	10703034	N:CC[T>G]CA	-1	27455.0	1402053310
JG0139b	8	11318532	U:GC[T>G]TA	1	615498.0	1402668808
JG0139b	8	11385644	N:TC[T>G]TC	-1	67112.0	1402735920
JG0139b	8	11858162	U:CC[T>G]TA	-1	472518.0	1403208438
JG0139b	8	11874174	N:TT[C>A]AT	1	16012.0	1403224450
JG0139b	8	12220251	N:CA[T>G]TT	1	346077.0	1403570527
JG0139b	8	12349559	N:TC[T>G]TC	-1	129308.0	1403699835
JG0139b	8	12385988	N:TC[T>C]CC	1	36429.0	1403736264
JG0139b	8	13053764	N:TA[T>G]TT	1	667776.0	1404404040
JG0139b	8	14024242	N:AT[T>G]TT	-1	970478.0	1405374518
JG0139b	8	14276002	U:CC[T>C]AG	-1	251760.0	1405626278
JG0139b	8	15839574	N:TG[T>G]TC	-1	1563572.0	1407189850
JG0139b	8	16033993	N:TC[T>G]TT	-1	194419.0	1407384269
JG0139b	8	16562136	U:TC[T>C]AG	-1	528143.0	1407912412
JG0139b	8	16679190	N:TC[T>C]TC	1	117054.0	1408029466
JG0139b	8	17045369	T:CC[T>C]TC	-1	366179.0	1408395645
JG0139b	8	17050410	U:AC[T>G]TT	1	5041.0	1408400686
JG0139b	8	17289543	U:TC[T>C]GT	1	239133.0	1408639819
JG0139b	8	17629026	U:CC[T>G]CC	1	339483.0	1408979302
JG0139b	8	17809016	N:AC[T>C]TC	1	179990.0	1409159292
JG0139b	8	17812248	N:TT[C>A]AT	1	3232.0	1409162524
JG0139b	8	18065445	T:TC[T>G]CA	1	253197.0	1409415721
JG0139b	8	18416297	N:CC[T>G]TG	-1	350852.0	1409766573
JG0139b	8	18974534	U:TC[T>A]TG	-1	558237.0	1410324810
JG0139b	8	19163522	N:TC[T>C]CC	-1	188988.0	1410513798
JG0139b	8	19178378	N:CC[T>C]TG	-1	14856.0	1410528654
JG0139b	8	19253952	N:GA[T>G]TC	-1	75574.0	1410604228
JG0139b	8	19930085	T:AC[T>A]CA	-1	676133.0	1411280361
JG0139b	8	20077426	N:GC[T>A]AC	-1	147341.0	1411427702
JG0139b	8	20078800	N:CG[T>G]TG	1	1374.0	1411429076
JG0139b	8	20205513	T:TC[T>C]TA	-1	126713.0	1411555789
JG0139b	8	20693969	N:GC[T>C]GC	1	488456.0	1412044245
JG0139b	8	21083887	N:AA[T>G]TT	1	389918.0	1412434163
JG0139b	8	21365592	N:TC[T>C]TT	1	281705.0	1412715868
JG0139b	8	21919443	N:CC[T>G]TT	1	553851.0	1413269719
JG0139b	8	22115861	T:GG[T>G]GG	1	196418.0	1413466137
JG0139b	8	22176956	U:CC[T>C]CC	1	61095.0	1413527232
JG0139b	8	22917224	T:AG[T>A]CA	1	740268.0	1414267500
JG0139b	8	23099418	T:CC[T>A]TC	-1	182194.0	1414449694
JG0139b	8	23198541	U:TC[T>G]TG	-1	99123.0	1414548817
JG0139b	8	23743179	N:TC[T>A]CC	-1	544638.0	1415093455
JG0139b	8	23987939	N:AC[T>G]TG	1	244760.0	1415338215
JG0139b	8	24072652	N:AT[T>G]TG	1	84713.0	1415422928
JG0139b	8	24450315	U:TC[T>G]TT	1	377663.0	1415800591
JG0139b	8	24543110	N:TC[T>A]TT	1	92795.0	1415893386
JG0139b	8	25275962	U:CC[T>C]CC	1	732852.0	1416626238
JG0139b	8	25739964	N:CC[T>G]TT	1	464002.0	1417090240
JG0139b	8	26018328	U:AC[T>G]TG	-1	278364.0	1417368604
JG0139b	8	26110746	N:TG[T>A]TT	1	92418.0	1417461022
JG0139b	8	26223723	N:AG[T>G]TC	-1	112977.0	1417573999
JG0139b	8	26373635	N:TC[T>C]AT	1	149912.0	1417723911
JG0139b	8	26578063	T:TC[T>G]TT	-1	204428.0	1417928339
JG0139b	8	26893170	N:TG[T>C]CC	1	315107.0	1418243446
JG0139b	8	27841087	N:TC[T>G]TC	1	947917.0	1419191363
JG0139b	8	28001638	N:TC[T>C]TC	1	160551.0	1419351914
JG0139b	8	28017999	N:TC[T>C]CT	1	16361.0	1419368275
JG0139b	8	28110689	T:AC[T>A]TT	-1	92690.0	1419460965
JG0139b	8	28598769	N:TC[T>A]CA	1	488080.0	1419949045
JG0139b	8	28696579	T:TC[T>G]CG	-1	97810.0	1420046855
JG0139b	8	28869532	T:AC[T>A]CC	1	172953.0	1420219808
JG0139b	8	29133002	U:AC[T>C]GT	-1	263470.0	1420483278
JG0139b	8	29145611	U:TG[T>A]CA	-1	12609.0	1420495887
JG0139b	8	29183313	U:GC[T>C]GG	-1	37702.0	1420533589
JG0139b	8	29578580	N:GC[T>C]CT	1	395267.0	1420928856
JG0139b	8	30023019	N:GG[T>G]TG	1	444439.0	1421373295
JG0139b	8	30143404	U:AT[T>G]TT	-1	120385.0	1421493680
JG0139b	8	30247518	N:CC[T>G]CC	-1	104114.0	1421597794
JG0139b	8	30563536	U:AA[T>A]TT	1	316018.0	1421913812
JG0139b	8	31473260	N:CC[T>A]CC	1	909724.0	1422823536
JG0139b	8	31622410	N:AC[T>G]TT	1	149150.0	1422972686
JG0139b	8	31744006	T:AG[T>C]TT	-1	121596.0	1423094282
JG0139b	8	31751808	T:TC[T>C]CT	-1	7802.0	1423102084
JG0139b	8	32147084	T:TC[T>C]AA	-1	395276.0	1423497360
JG0139b	8	32812760	N:TG[T>G]TA	1	665676.0	1424163036
JG0139b	8	32955469	N:CC[T>G]TG	-1	142709.0	1424305745
JG0139b	8	33298155	N:TC[T>A]CT	-1	342686.0	1424648431
JG0139b	8	33406971	U:AC[T>G]TC	-1	108816.0	1424757247
JG0139b	8	33512642	T:TC[T>G]CT	1	105671.0	1424862918
JG0139b	8	34094091	N:CC[T>C]TG	-1	581449.0	1425444367
JG0139b	8	34281579	N:CC[T>G]TG	1	187488.0	1425631855
JG0139b	8	34399444	N:TC[T>C]AC	-1	117865.0	1425749720
JG0139b	8	34477316	N:CT[T>G]TT	-1	77872.0	1425827592
JG0139b	8	34917301	N:TC[T>G]TG	-1	439985.0	1426267577
JG0139b	8	35076293	N:GC[T>G]TT	1	158992.0	1426426569
JG0139b	8	35635053	T:AG[T>C]GG	-1	558760.0	1426985329
JG0139b	8	35670967	U:AC[T>G]CA	1	35914.0	1427021243
JG0139b	8	35781303	T:AC[T>C]TA	-1	110336.0	1427131579
JG0139b	8	36289125	N:AG[T>G]TG	1	507822.0	1427639401
JG0139b	8	36611602	N:GG[T>G]TT	1	322477.0	1427961878
JG0139b	8	36776927	N:CC[T>C]CA	-1	165325.0	1428127203
JG0139b	8	37385989	N:GC[T>C]CC	-1	609062.0	1428736265
JG0139b	8	37807836	T:CC[T>C]CT	-1	421847.0	1429158112
JG0139b	8	38118438	T:CC[T>C]TG	-1	310602.0	1429468714
JG0139b	8	38314383	U:TG[T>G]TA	-1	195945.0	1429664659
JG0139b	8	38730096	T:GC[T>C]TG	-1	415713.0	1430080372
JG0139b	8	39852147	N:TC[T>C]TA	1	1122051.0	1431202423
JG0139b	8	40130787	N:AC[T>C]TA	1	278640.0	1431481063
JG0139b	8	40530522	N:TG[T>C]GT	-1	399735.0	1431880798
JG0139b	8	41283825	U:AC[T>A]TT	-1	753303.0	1432634101
JG0139b	8	41306776	U:TC[T>A]CA	-1	22951.0	1432657052
JG0139b	8	41522247	N:GC[T>C]CA	-1	215471.0	1432872523
JG0139b	8	42461587	U:AG[T>C]CA	-1	939340.0	1433811863
JG0139b	8	42750992	N:TA[T>G]TA	1	289405.0	1434101268
JG0139b	8	42797261	N:CC[T>C]TT	1	46269.0	1434147537
JG0139b	8	42843189	T:CT[T>G]TT	1	45928.0	1434193465
JG0139b	8	42940171	T:AG[T>G]GG	-1	96982.0	1434290447
JG0139b	8	43104587	T:TC[T>G]TC	-1	164416.0	1434454863
JG0139b	8	43135757	N:CC[T>A]TA	-1	31170.0	1434486033
JG0139b	8	43192488	T:AC[T>G]TT	-1	56731.0	1434542764
JG0139b	8	43603919	N:AG[T>C]TT	-1	411431.0	1434954195
JG0139b	8	43741242	N:GC[T>G]TT	-1	137323.0	1435091518
JG0139b	8	43775029	N:TG[T>C]GG	1	33787.0	1435125305
JG0139b	8	43807452	N:CC[T>A]TT	1	32423.0	1435157728
JG0139b	8	45093577	N:AC[T>A]TG	1	1286125.0	1436443853
JG0139b	8	45158205	N:AC[T>C]TG	-1	64628.0	1436508481
JG0139b	8	45565677	N:GC[T>A]GT	-1	407472.0	1436915953
JG0139b	8	45771391	N:CC[T>G]TG	1	205714.0	1437121667
JG0139b	8	46274195	N:TC[T>A]CT	-1	502804.0	1437624471
JG0139b	8	46385510	N:CC[T>G]TC	1	111315.0	1437735786
JG0139b	8	46385946	N:GC[C>A]CT	1	436.0	1437736222
JG0139b	8	46507940	N:TT[C>T]AT	1	121994.0	1437858216
JG0139b	8	46731325	N:GG[T>C]AG	1	223385.0	1438081601
JG0139b	8	47183504	N:CC[T>G]TC	-1	452179.0	1438533780
JG0139b	8	47331069	U:AG[T>C]GT	1	147565.0	1438681345
JG0139b	8	47370198	T:TG[T>G]TA	-1	39129.0	1438720474
JG0139b	8	47530463	U:CC[T>G]TT	1	160265.0	1438880739
JG0139b	8	47825495	U:TC[T>C]TG	-1	295032.0	1439175771
JG0139b	8	47830506	T:TG[T>G]TG	1	5011.0	1439180782
JG0139b	8	48346188	N:AC[T>G]GG	1	515682.0	1439696464
JG0139b	8	48492816	N:AC[T>C]TT	1	146628.0	1439843092
JG0139b	8	48495174	N:AC[T>G]TT	1	2358.0	1439845450
JG0139b	8	48590243	N:GC[T>G]TT	-1	95069.0	1439940519
JG0139b	8	48874091	N:TC[T>A]TT	-1	283848.0	1440224367
JG0139b	8	49325802	N:CC[T>G]TC	-1	451711.0	1440676078
JG0139b	8	49398664	N:TC[T>G]TT	-1	72862.0	1440748940
JG0139b	8	49801778	N:AC[T>A]TC	-1	403114.0	1441152054
JG0139b	8	49861106	N:GC[T>A]GG	-1	59328.0	1441211382
JG0139b	8	49879062	N:TC[T>G]TG	1	17956.0	1441229338
JG0139b	8	50123760	U:CC[T>G]GT	1	244698.0	1441474036
JG0139b	8	50797156	N:TG[T>C]TG	1	673396.0	1442147432
JG0139b	8	51274401	N:TG[T>C]GA	-1	477245.0	1442624677
JG0139b	8	51284571	N:AG[T>C]TC	-1	10170.0	1442634847
JG0139b	8	51388154	U:AC[T>C]TT	-1	103583.0	1442738430
JG0139b	8	52917352	N:TG[T>G]TT	1	1529198.0	1444267628
JG0139b	8	53024128	N:TG[T>C]GC	-1	106776.0	1444374404
JG0139b	8	53035013	N:GC[T>C]TG	1	10885.0	1444385289
JG0139b	8	53050489	N:CC[T>G]TT	1	15476.0	1444400765
JG0139b	8	53335068	N:TC[T>G]TT	1	284579.0	1444685344
JG0139b	8	53384452	N:CC[T>A]CA	1	49384.0	1444734728
JG0139b	8	53426722	N:CA[C>A]AC	1	42270.0	1444776998
JG0139b	8	53684815	N:GG[T>G]TT	-1	258093.0	1445035091
JG0139b	8	53757758	T:CC[T>C]AA	1	72943.0	1445108034
JG0139b	8	54777461	T:AC[T>C]TT	-1	1019703.0	1446127737
JG0139b	8	55212263	U:TC[T>C]CC	1	434802.0	1446562539
JG0139b	8	55295385	T:TC[T>G]TA	-1	83122.0	1446645661
JG0139b	8	56274757	N:GC[T>C]CC	-1	979372.0	1447625033
JG0139b	8	56324969	N:CC[T>C]TG	-1	50212.0	1447675245
JG0139b	8	56411251	N:AG[T>A]TT	1	86282.0	1447761527
JG0139b	8	56873153	N:TC[T>A]CC	-1	461902.0	1448223429
JG0139b	8	57776864	N:GC[T>G]TT	1	903711.0	1449127140
JG0139b	8	58166270	N:AC[T>C]GC	-1	389406.0	1449516546
JG0139b	8	58371300	N:AC[T>A]CT	-1	205030.0	1449721576
JG0139b	8	58514649	N:GC[T>G]TT	1	143349.0	1449864925
JG0139b	8	58520002	N:CC[T>G]TT	1	5353.0	1449870278
JG0139b	8	58810694	U:CT[T>G]TT	-1	290692.0	1450160970
JG0139b	8	59382677	N:TC[T>G]TT	-1	571983.0	1450732953
JG0139b	8	59557949	N:AT[C>A]AT	-1	175272.0	1450908225
JG0139b	8	59929179	N:CC[T>G]TC	1	371230.0	1451279455
JG0139b	8	59958481	N:CC[T>G]TT	-1	29302.0	1451308757
JG0139b	8	60036451	N:GC[T>G]TT	-1	77970.0	1451386727
JG0139b	8	61215400	T:AC[T>G]CA	-1	1178949.0	1452565676
JG0139b	8	61221690	U:GC[T>C]GG	1	6290.0	1452571966
JG0139b	8	61353184	T:GA[T>G]TG	-1	131494.0	1452703460
JG0139b	8	61598693	T:AC[T>A]CT	1	245509.0	1452948969
JG0139b	8	61606492	U:AC[T>C]TT	-1	7799.0	1452956768
JG0139b	8	61949775	N:AC[T>C]TT	-1	343283.0	1453300051
JG0139b	8	61957572	N:GC[C>A]AG	-1	7797.0	1453307848
JG0139b	8	62081268	N:CT[T>G]TG	-1	123696.0	1453431544
JG0139b	8	62091146	N:AG[T>G]TC	1	9878.0	1453441422
JG0139b	8	62747303	U:TC[T>C]CT	1	656157.0	1454097579
JG0139b	8	62846298	U:TC[T>G]TT	1	98995.0	1454196574
JG0139b	8	63108122	N:TC[T>G]TA	1	261824.0	1454458398
JG0139b	8	63439268	N:GA[T>G]TA	-1	331146.0	1454789544
JG0139b	8	63448298	N:CC[T>A]TT	1	9030.0	1454798574
JG0139b	8	63700976	N:TT[T>G]CA	-1	252678.0	1455051252
JG0139b	8	63879850	N:CC[T>A]AA	1	178874.0	1455230126
JG0139b	8	64125647	N:AC[T>G]TC	1	245797.0	1455475923
JG0139b	8	64158402	N:CT[C>A]AA	1	32755.0	1455508678
JG0139b	8	64489805	N:GC[T>G]TT	1	331403.0	1455840081
JG0139b	8	64565387	N:TC[T>G]TT	-1	75582.0	1455915663
JG0139b	8	64585145	N:TC[T>C]CC	-1	19758.0	1455935421
JG0139b	8	64797519	U:TC[T>C]TC	-1	212374.0	1456147795
JG0139b	8	64912193	N:GC[T>G]TG	-1	114674.0	1456262469
JG0139b	8	65777927	T:TG[T>A]CC	1	865734.0	1457128203
JG0139b	8	66633585	T:GC[T>A]CA	1	855658.0	1457983861
JG0139b	8	66715935	U:TC[T>A]TC	1	82350.0	1458066211
JG0139b	8	66730801	U:TC[T>C]AG	1	14866.0	1458081077
JG0139b	8	66743325	T:TT[T>A]TA	-1	12524.0	1458093601
JG0139b	8	67090777	U:AC[C>A]TG	1	347452.0	1458441053
JG0139b	8	67407501	N:CC[T>C]TG	-1	316724.0	1458757777
JG0139b	8	67434957	U:GG[C>A]TC	-1	27456.0	1458785233
JG0139b	8	67742931	U:TT[T>A]TA	-1	307974.0	1459093207
JG0139b	8	67825847	N:CC[T>G]CC	1	82916.0	1459176123
JG0139b	8	67970671	T:AC[T>C]CT	-1	144824.0	1459320947
JG0139b	8	67980409	U:GA[T>G]TG	1	9738.0	1459330685
JG0139b	8	68160541	U:AC[T>C]TC	1	180132.0	1459510817
JG0139b	8	68755181	T:TG[T>C]TG	-1	594640.0	1460105457
JG0139b	8	69038367	N:TC[T>C]TT	-1	283186.0	1460388643
JG0139b	8	69160258	N:TT[T>G]TA	-1	121891.0	1460510534
JG0139b	8	69201635	N:TG[T>G]TA	1	41377.0	1460551911
JG0139b	8	69550181	T:CC[T>C]TC	-1	348546.0	1460900457
JG0139b	8	69977566	N:TC[T>G]TT	-1	427385.0	1461327842
JG0139b	8	70006524	N:CC[T>C]CA	-1	28958.0	1461356800
JG0139b	8	70464540	N:GC[T>A]CT	1	458016.0	1461814816
JG0139b	8	71599378	N:CC[T>C]CA	1	1134838.0	1462949654
JG0139b	8	72150252	N:TT[C>G]TC	1	550874.0	1463500528
JG0139b	8	72675538	T:AC[T>C]CA	-1	525286.0	1464025814
JG0139b	8	73069676	T:CC[T>C]CA	1	394138.0	1464419952
JG0139b	8	73248427	T:TC[T>C]TT	1	178751.0	1464598703
JG0139b	8	73659662	U:TC[T>A]TT	-1	411235.0	1465009938
JG0139b	8	73908052	N:CC[T>C]GT	-1	248390.0	1465258328
JG0139b	8	73938757	N:CC[T>G]TG	1	30705.0	1465289033
JG0139b	8	74388165	N:TC[T>A]CT	1	449408.0	1465738441
JG0139b	8	74654092	N:GG[T>C]GG	1	265927.0	1466004368
JG0139b	8	74777816	N:GA[T>C]TA	1	123724.0	1466128092
JG0139b	8	74940350	N:CC[T>G]GA	-1	162534.0	1466290626
JG0139b	8	75197705	N:CC[T>C]CC	1	257355.0	1466547981
JG0139b	8	75536347	T:GC[T>A]TT	-1	338642.0	1466886623
JG0139b	8	75768059	N:GC[T>C]CC	1	231712.0	1467118335
JG0139b	8	75935067	N:AC[T>G]TT	1	167008.0	1467285343
JG0139b	8	76282632	N:AC[T>C]TT	1	347565.0	1467632908
JG0139b	8	76340684	N:TC[T>G]TT	1	58052.0	1467690960
JG0139b	8	76592109	N:AC[T>C]CA	1	251425.0	1467942385
JG0139b	8	76904842	N:TG[T>C]GT	1	312733.0	1468255118
JG0139b	8	77430008	N:AC[T>C]TC	-1	525166.0	1468780284
JG0139b	8	77431879	N:CC[T>G]CT	-1	1871.0	1468782155
JG0139b	8	78223654	N:GC[T>C]TG	-1	791775.0	1469573930
JG0139b	8	78699194	U:TC[T>G]TA	1	475540.0	1470049470
JG0139b	8	78848229	N:TC[T>C]CA	1	149035.0	1470198505
JG0139b	8	79465878	N:CA[T>G]TG	-1	617649.0	1470816154
JG0139b	8	79773004	N:GC[T>C]TT	1	307126.0	1471123280
JG0139b	8	79955530	T:TG[T>A]GC	1	182526.0	1471305806
JG0139b	8	79988376	U:AG[T>G]TA	-1	32846.0	1471338652
JG0139b	8	80253713	N:CC[T>C]CT	-1	265337.0	1471603989
JG0139b	8	80432252	N:CC[T>C]TC	-1	178539.0	1471782528
JG0139b	8	80870446	U:AG[T>G]TT	-1	438194.0	1472220722
JG0139b	8	80959418	N:AC[T>C]CT	-1	88972.0	1472309694
JG0139b	8	81485118	N:TC[T>G]TA	1	525700.0	1472835394
JG0139b	8	81974713	N:TG[T>C]TG	-1	489595.0	1473324989
JG0139b	8	82352722	N:TG[T>A]AA	-1	378009.0	1473702998
JG0139b	8	82436099	N:CC[T>C]TG	-1	83377.0	1473786375
JG0139b	8	82690683	N:GC[T>A]CA	1	254584.0	1474040959
JG0139b	8	82904681	N:GG[T>A]CA	1	213998.0	1474254957
JG0139b	8	83080187	N:GC[T>G]TT	-1	175506.0	1474430463
JG0139b	8	83346871	N:CC[T>A]AT	-1	266684.0	1474697147
JG0139b	8	84256650	U:AC[T>C]TT	1	909779.0	1475606926
JG0139b	8	84341937	T:CC[T>C]CC	-1	85287.0	1475692213
JG0139b	8	84493763	U:TC[T>G]TG	1	151826.0	1475844039
JG0139b	8	84781893	T:TC[T>A]CA	-1	288130.0	1476132169
JG0139b	8	84910343	U:TG[T>G]TA	1	128450.0	1476260619
JG0139b	8	85056155	N:AT[T>C]TT	1	145812.0	1476406431
JG0139b	8	85171476	N:TG[T>G]TT	1	115321.0	1476521752
JG0139b	8	85386086	U:GC[T>C]AT	1	214610.0	1476736362
JG0139b	8	85390168	T:CC[T>G]TA	-1	4082.0	1476740444
JG0139b	8	86184129	N:GC[T>C]TA	-1	793961.0	1477534405
JG0139b	8	86232857	N:TC[T>G]TG	1	48728.0	1477583133
JG0139b	8	86590079	T:CC[T>G]TT	1	357222.0	1477940355
JG0139b	8	87067153	U:GC[T>A]CA	1	477074.0	1478417429
JG0139b	8	87139703	T:CC[T>C]TC	-1	72550.0	1478489979
JG0139b	8	87251120	U:CC[T>G]TA	1	111417.0	1478601396
JG0139b	8	88140516	U:GC[T>C]TC	-1	889396.0	1479490792
JG0139b	8	88674258	N:GC[T>G]CC	1	533742.0	1480024534
JG0139b	8	89176675	N:TC[T>G]TG	-1	502417.0	1480526951
JG0139b	8	89435390	N:AG[T>A]TA	1	258715.0	1480785666
JG0139b	8	89662813	N:TC[T>G]TA	1	227423.0	1481013089
JG0139b	8	90469996	N:TG[T>G]TA	1	807183.0	1481820272
JG0139b	8	90553981	N:TC[T>A]CA	1	83985.0	1481904257
JG0139b	8	90831073	U:CT[C>A]AC	1	277092.0	1482181349
JG0139b	8	90939935	U:CC[T>A]TG	1	108862.0	1482290211
JG0139b	8	90975998	U:TC[T>G]TT	-1	36063.0	1482326274
JG0139b	8	91146392	T:AC[T>G]CC	-1	170394.0	1482496668
JG0139b	8	91718192	N:CC[T>C]TG	1	571800.0	1483068468
JG0139b	8	91950568	N:CC[T>G]TG	-1	232376.0	1483300844
JG0139b	8	92129865	N:GG[T>G]TT	1	179297.0	1483480141
JG0139b	8	92431476	N:TC[T>C]TT	-1	301611.0	1483781752
JG0139b	8	92450358	N:TG[T>G]TT	-1	18882.0	1483800634
JG0139b	8	92629184	N:AT[T>G]TG	-1	178826.0	1483979460
JG0139b	8	92687144	N:CC[T>C]TT	1	57960.0	1484037420
JG0139b	8	92922407	U:TC[T>G]TG	-1	235263.0	1484272683
JG0139b	8	93301775	N:GC[T>C]TC	-1	379368.0	1484652051
JG0139b	8	93428856	N:TC[T>A]TT	1	127081.0	1484779132
JG0139b	8	93488220	N:AT[T>G]TT	-1	59364.0	1484838496
JG0139b	8	93686276	N:AG[T>G]CA	1	198056.0	1485036552
JG0139b	8	93708808	U:TC[T>G]TT	1	22532.0	1485059084
JG0139b	8	94042230	N:GG[T>G]TC	1	333422.0	1485392506
JG0139b	8	94131935	T:TG[T>G]TA	1	89705.0	1485482211
JG0139b	8	94256689	T:CC[T>G]CT	1	124754.0	1485606965
JG0139b	8	94458817	U:TC[T>G]TG	-1	202128.0	1485809093
JG0139b	8	94852880	U:GA[T>G]TA	1	394063.0	1486203156
JG0139b	8	95022398	U:AG[T>G]TT	1	169518.0	1486372674
JG0139b	8	95507753	N:CA[T>G]TG	-1	485355.0	1486858029
JG0139b	8	95997851	N:TC[T>C]TC	-1	490098.0	1487348127
JG0139b	8	96067468	N:AC[T>G]TG	1	69617.0	1487417744
JG0139b	8	96139843	N:GC[T>C]CA	-1	72375.0	1487490119
JG0139b	8	96178231	N:TC[T>C]CA	1	38388.0	1487528507
JG0139b	8	96439913	N:CG[T>G]TT	1	261682.0	1487790189
JG0139b	8	96808601	T:CC[T>G]TT	-1	368688.0	1488158877
JG0139b	8	96828591	U:CC[T>C]CT	1	19990.0	1488178867
JG0139b	8	96948381	U:CT[T>A]TT	1	119790.0	1488298657
JG0139b	8	96961477	U:TC[T>G]TC	1	13096.0	1488311753
JG0139b	8	97276315	U:CC[T>G]TG	-1	314838.0	1488626591
JG0139b	8	97360316	N:TC[T>G]TT	1	84001.0	1488710592
JG0139b	8	97484655	N:TC[T>C]AT	1	124339.0	1488834931
JG0139b	8	97610062	N:TC[T>C]CC	-1	125407.0	1488960338
JG0139b	8	97684254	U:CT[T>G]TT	1	74192.0	1489034530
JG0139b	8	97729576	N:GC[T>G]GG	-1	45322.0	1489079852
JG0139b	8	97918286	T:GC[T>C]CA	-1	188710.0	1489268562
JG0139b	8	98128945	T:TG[T>A]TT	-1	210659.0	1489479221
JG0139b	8	98416021	N:CC[T>G]TG	1	287076.0	1489766297
JG0139b	8	98820340	T:TT[T>G]TA	1	404319.0	1490170616
JG0139b	8	99087606	U:AC[T>G]GT	1	267266.0	1490437882
JG0139b	8	99194512	U:CA[T>G]TT	1	106906.0	1490544788
JG0139b	8	99229747	T:TC[T>G]CT	-1	35235.0	1490580023
JG0139b	8	99375385	U:GA[T>G]TA	1	145638.0	1490725661
JG0139b	8	99636881	T:CC[T>C]CT	-1	261496.0	1490987157
JG0139b	8	99795151	T:GC[T>G]GC	-1	158270.0	1491145427
JG0139b	8	99965191	T:AC[T>C]CC	1	170040.0	1491315467
JG0139b	8	100058579	T:AC[T>C]TT	1	93388.0	1491408855
JG0139b	8	100127729	N:CC[T>G]TG	1	69150.0	1491478005
JG0139b	8	100272846	U:GC[T>C]GG	-1	145117.0	1491623122
JG0139b	8	100330631	U:TC[T>C]CT	-1	57785.0	1491680907
JG0139b	8	101351904	N:TC[T>C]GA	1	1021273.0	1492702180
JG0139b	8	101376039	N:GC[T>G]GG	-1	24135.0	1492726315
JG0139b	8	101506532	U:TC[T>C]CG	1	130493.0	1492856808
JG0139b	8	101585710	U:TG[T>C]GA	1	79178.0	1492935986
JG0139b	8	101675927	N:TC[T>A]TT	1	90217.0	1493026203
JG0139b	8	102869005	U:GC[T>C]TA	-1	1193078.0	1494219281
JG0139b	8	103546254	U:AC[T>C]TT	1	677249.0	1494896530
JG0139b	8	103618439	T:GC[T>C]GT	-1	72185.0	1494968715
JG0139b	8	103851711	T:TC[T>G]TA	-1	233272.0	1495201987
JG0139b	8	104322497	N:TA[T>G]TT	-1	470786.0	1495672773
JG0139b	8	105015442	N:GC[T>C]TC	1	692945.0	1496365718
JG0139b	8	105537117	T:AC[T>G]CT	-1	521675.0	1496887393
JG0139b	8	105744057	T:TT[T>G]TA	-1	206940.0	1497094333
JG0139b	8	106096127	N:TC[T>G]TG	-1	352070.0	1497446403
JG0139b	8	106462041	U:TC[T>G]TT	1	365914.0	1497812317
JG0139b	8	106593471	U:CC[T>C]TT	1	131430.0	1497943747
JG0139b	8	106770489	N:AG[T>G]CA	1	177018.0	1498120765
JG0139b	8	106829988	N:CC[T>C]AA	-1	59499.0	1498180264
JG0139b	8	107098882	N:TG[T>G]TA	1	268894.0	1498449158
JG0139b	8	107348691	U:TC[T>C]CT	-1	249809.0	1498698967
JG0139b	8	107653853	N:AC[T>G]GC	-1	305162.0	1499004129
JG0139b	8	108254558	N:CC[T>G]TG	1	600705.0	1499604834
JG0139b	8	108354887	N:GC[T>G]TT	-1	100329.0	1499705163
JG0139b	8	108371352	N:AA[T>G]TT	-1	16465.0	1499721628
JG0139b	8	108570984	N:TC[T>C]CT	1	199632.0	1499921260
JG0139b	8	109394662	U:CC[T>C]CC	1	823678.0	1500744938
JG0139b	8	109510041	U:TC[T>C]TG	1	115379.0	1500860317
JG0139b	8	109947973	N:CC[T>C]CC	1	437932.0	1501298249
JG0139b	8	109957076	N:AC[T>C]TC	1	9103.0	1501307352
JG0139b	8	110465358	N:AG[T>C]TG	1	508282.0	1501815634
JG0139b	8	111090370	N:AC[T>C]CC	-1	625012.0	1502440646
JG0139b	8	111112897	N:TT[T>G]TT	-1	22527.0	1502463173
JG0139b	8	111419772	N:TC[T>G]TT	1	306875.0	1502770048
JG0139b	8	112735556	U:TC[T>C]TT	-1	1315784.0	1504085832
JG0139b	8	113149108	U:AA[T>G]TA	-1	413552.0	1504499384
JG0139b	8	113522374	N:AG[T>C]CT	-1	373266.0	1504872650
JG0139b	8	113714421	N:TG[T>G]TT	1	192047.0	1505064697
JG0139b	8	113814111	N:CA[T>G]TA	-1	99690.0	1505164387
JG0139b	8	114120056	N:TC[T>A]TA	-1	305945.0	1505470332
JG0139b	8	114193503	N:TG[T>G]TC	-1	73447.0	1505543779
JG0139b	8	114393485	N:AG[T>G]TT	-1	199982.0	1505743761
JG0139b	8	114533972	N:AG[T>G]TC	-1	140487.0	1505884248
JG0139b	8	115025300	N:TG[T>C]GG	1	491328.0	1506375576
JG0139b	8	115271028	N:AC[T>G]TG	-1	245728.0	1506621304
JG0139b	8	115482576	U:AG[T>G]TA	-1	211548.0	1506832852
JG0139b	8	115802409	T:GG[T>A]TC	1	319833.0	1507152685
JG0139b	8	115829634	N:GA[T>G]TT	1	27225.0	1507179910
JG0139b	8	116202127	N:AT[T>G]CC	-1	372493.0	1507552403
JG0139b	8	116272804	N:AC[T>C]TG	1	70677.0	1507623080
JG0139b	8	116417654	N:AC[T>G]TC	1	144850.0	1507767930
JG0139b	8	116457671	N:GC[T>G]TT	1	40017.0	1507807947
JG0139b	8	116748343	U:GG[T>G]TA	-1	290672.0	1508098619
JG0139b	8	117004665	U:TC[T>G]TT	1	256322.0	1508354941
JG0139b	8	117371123	N:TC[T>A]TT	1	366458.0	1508721399
JG0139b	8	117977278	T:AC[T>C]TG	1	606155.0	1509327554
JG0139b	8	118359625	T:CT[T>C]CA	1	382347.0	1509709901
JG0139b	8	118751395	N:CC[T>C]TC	-1	391770.0	1510101671
JG0139b	8	118777545	N:GC[T>G]CC	1	26150.0	1510127821
JG0139b	8	118868771	N:AA[T>G]TG	-1	91226.0	1510219047
JG0139b	8	119305295	N:TC[T>C]CA	1	436524.0	1510655571
JG0139b	8	119307367	N:AG[T>A]CT	-1	2072.0	1510657643
JG0139b	8	119517729	N:TC[T>G]TG	-1	210362.0	1510868005
JG0139b	8	120549306	U:GC[T>A]TG	-1	1031577.0	1511899582
JG0139b	8	121577050	N:AC[T>A]TA	1	1027744.0	1512927326
JG0139b	8	121675119	N:TC[T>C]CC	-1	98069.0	1513025395
JG0139b	8	122078220	N:CC[T>G]TG	-1	403101.0	1513428496
JG0139b	8	122380242	N:CC[T>C]TT	1	302022.0	1513730518
JG0139b	8	122556369	N:CC[T>A]TA	1	176127.0	1513906645
JG0139b	8	122648999	N:TC[T>G]TG	-1	92630.0	1513999275
JG0139b	8	122653595	N:AC[T>G]CA	1	4596.0	1514003871
JG0139b	8	122709322	N:GG[T>C]TA	1	55727.0	1514059598
JG0139b	8	123025115	U:TC[T>G]CT	-1	315793.0	1514375391
JG0139b	8	123292395	N:TC[T>C]CA	-1	267280.0	1514642671
JG0139b	8	123436662	T:CC[T>A]CT	-1	144267.0	1514786938
JG0139b	8	123844703	N:TG[T>C]GT	1	408041.0	1515194979
JG0139b	8	124115463	U:TC[T>G]TC	1	270760.0	1515465739
JG0139b	8	124436464	N:GC[T>C]CT	1	321001.0	1515786740
JG0139b	8	124852575	N:GC[T>C]CA	1	416111.0	1516202851
JG0139b	8	125341605	T:TG[T>G]TT	-1	489030.0	1516691881
JG0139b	8	125424980	N:TG[T>A]TG	-1	83375.0	1516775256
JG0139b	8	125641499	N:GC[T>C]CC	-1	216519.0	1516991775
JG0139b	8	126282249	N:GC[T>C]GA	1	640750.0	1517632525
JG0139b	8	126424693	N:GC[T>C]TT	-1	142444.0	1517774969
JG0139b	8	126550853	N:AC[T>G]TC	1	126160.0	1517901129
JG0139b	8	126709248	N:GA[T>G]TT	-1	158395.0	1518059524
JG0139b	8	126830080	N:AT[C>A]TA	1	120832.0	1518180356
JG0139b	8	127032575	N:AC[T>G]TA	1	202495.0	1518382851
JG0139b	8	127412168	U:TC[T>A]CT	1	379593.0	1518762444
JG0139b	8	127597767	N:TC[T>G]TC	-1	185599.0	1518948043
JG0139b	8	127653424	N:CC[T>G]CA	-1	55657.0	1519003700
JG0139b	8	128059934	N:TC[T>A]TT	-1	406510.0	1519410210
JG0139b	8	128408245	N:TC[T>A]TC	-1	348311.0	1519758521
JG0139b	8	128563947	N:AC[T>C]TC	1	155702.0	1519914223
JG0139b	8	128831012	N:GC[T>G]TG	1	267065.0	1520181288
JG0139b	8	128932139	N:TG[T>C]CC	1	101127.0	1520282415
JG0139b	8	129057762	N:AA[T>G]CT	1	125623.0	1520408038
JG0139b	8	129164503	N:GC[T>C]TC	-1	106741.0	1520514779
JG0139b	8	130720086	N:TC[T>C]TA	-1	1555583.0	1522070362
JG0139b	8	130768130	N:TC[T>G]TT	1	48044.0	1522118406
JG0139b	8	130806851	U:TC[T>C]TC	-1	38721.0	1522157127
JG0139b	8	131349812	N:AG[T>G]TT	-1	542961.0	1522700088
JG0139b	8	131350191	N:TG[T>G]TC	-1	379.0	1522700467
JG0139b	8	131480767	N:CC[T>G]TT	-1	130576.0	1522831043
JG0139b	8	131699370	N:CC[T>A]CT	1	218603.0	1523049646
JG0139b	8	131979515	T:GC[T>G]TA	-1	280145.0	1523329791
JG0139b	8	132283077	T:TC[T>C]CT	1	303562.0	1523633353
JG0139b	8	132489423	N:TC[T>C]CA	-1	206346.0	1523839699
JG0139b	8	132557174	N:AG[T>G]TC	1	67751.0	1523907450
JG0139b	8	132581591	U:AC[T>C]GC	-1	24417.0	1523931867
JG0139b	8	132713957	T:CC[T>G]TG	1	132366.0	1524064233
JG0139b	8	133064525	B:TC[T>C]CC	1	350568.0	1524414801
JG0139b	8	133339256	N:AC[T>G]TG	-1	274731.0	1524689532
JG0139b	8	133599642	N:CC[T>C]CC	-1	260386.0	1524949918
JG0139b	8	133671205	N:AG[T>C]TA	1	71563.0	1525021481
JG0139b	8	133806659	N:AA[T>G]GA	-1	135454.0	1525156935
JG0139b	8	133919665	N:AC[T>C]TC	1	113006.0	1525269941
JG0139b	8	134421284	N:AA[T>G]TT	-1	501619.0	1525771560
JG0139b	8	134654724	U:TC[T>G]TG	-1	233440.0	1526005000
JG0139b	8	136802438	N:TC[T>A]TC	1	2147714.0	1528152714
JG0139b	8	136869303	N:CC[T>C]TT	1	66865.0	1528219579
JG0139b	8	137123311	N:AG[T>G]TC	-1	254008.0	1528473587
JG0139b	8	137233478	N:CC[T>C]TC	-1	110167.0	1528583754
JG0139b	8	137423766	N:TC[T>G]TC	-1	190288.0	1528774042
JG0139b	8	137653338	N:TC[T>C]AA	1	229572.0	1529003614
JG0139b	8	137900275	N:GC[T>A]CT	-1	246937.0	1529250551
JG0139b	8	138219238	U:AC[T>G]TC	-1	318963.0	1529569514
JG0139b	8	138434266	T:TG[T>G]TG	1	215028.0	1529784542
JG0139b	8	138455139	U:TC[T>C]TA	-1	20873.0	1529805415
JG0139b	8	138473855	T:AC[T>G]TT	1	18716.0	1529824131
JG0139b	8	138531803	N:TA[T>G]TT	1	57948.0	1529882079
JG0139b	8	138720627	U:CC[T>G]GG	-1	188824.0	1530070903
JG0139b	8	138756995	T:GC[T>G]TC	1	36368.0	1530107271
JG0139b	8	138766714	U:TG[T>G]CC	-1	9719.0	1530116990
JG0139b	8	138770735	T:GG[C>A]TC	1	4021.0	1530121011
JG0139b	8	138947891	N:TG[T>C]GG	-1	177156.0	1530298167
JG0139b	8	138957605	N:AC[T>G]TC	-1	9714.0	1530307881
JG0139b	8	139503427	N:TG[T>G]TG	1	545822.0	1530853703
JG0139b	8	139724207	N:AC[T>G]TT	1	220780.0	1531074483
JG0139b	8	139737037	U:GC[T>C]TG	-1	12830.0	1531087313
JG0139b	8	139831045	T:AC[T>C]TG	1	94008.0	1531181321
JG0139b	8	139840898	T:AG[C>G]CA	1	9853.0	1531191174
JG0139b	8	140366397	U:TC[T>G]TT	-1	525499.0	1531716673
JG0139b	8	141597096	N:CC[T>C]TT	1	1230699.0	1532947372
JG0139b	8	142317239	T:GC[T>A]CA	1	720143.0	1533667515
JG0139b	8	142945671	N:GC[T>G]TG	-1	628432.0	1534295947
JG0139b	8	143061217	N:TC[T>A]TG	-1	115546.0	1534411493
JG0139b	8	143391262	N:GC[T>A]CC	-1	330045.0	1534741538
JG0139b	8	144087454	N:AG[T>C]CT	1	696192.0	1535437730
JG0139b	8	144615057	N:CG[T>G]GA	-1	527603.0	1535965333
JG0139b	8	144793618	N:GC[T>A]TC	-1	178561.0	1536143894
JG0139b	8	144927544	N:AG[T>C]TG	-1	133926.0	1536277820
JG0139b	8	145004798	N:GC[T>C]CG	-1	77254.0	1536355074
JG0139b	9	715426	U:CC[T>C]CC	1		1537204338
JG0139b	9	1103383	N:AC[T>G]TA	-1	387957.0	1537592295
JG0139b	9	1105051	N:CC[T>G]TT	1	1668.0	1537593963
JG0139b	9	1698362	N:AT[C>A]AC	-1	593311.0	1538187274
JG0139b	9	1843721	N:GT[C>T]TG	-1	145359.0	1538332633
JG0139b	9	2081992	U:CC[T>A]TT	1	238271.0	1538570904
JG0139b	9	2206709	N:AC[T>C]CA	-1	124717.0	1538695621
JG0139b	9	2292869	N:CC[T>C]CA	1	86160.0	1538781781
JG0139b	9	2501533	N:TC[T>G]GG	-1	208664.0	1538990445
JG0139b	9	3142753	N:TG[T>C]CT	1	641220.0	1539631665
JG0139b	9	3188074	N:AC[T>G]TT	-1	45321.0	1539676986
JG0139b	9	4823375	U:CG[T>C]CA	1	1635301.0	1541312287
JG0139b	9	5609890	N:CT[T>G]TT	-1	786515.0	1542098802
JG0139b	9	6706473	N:CC[T>C]CA	-1	1096583.0	1543195385
JG0139b	9	7135478	T:AG[T>C]CC	-1	429005.0	1543624390
JG0139b	9	7505276	N:TC[T>G]TC	-1	369798.0	1543994188
JG0139b	9	7589518	N:TC[T>C]TC	1	84242.0	1544078430
JG0139b	9	7769229	N:AC[T>C]TT	-1	179711.0	1544258141
JG0139b	9	7839009	N:AC[T>C]TG	1	69780.0	1544327921
JG0139b	9	8730689	T:AC[T>A]CA	1	891680.0	1545219601
JG0139b	9	9187440	T:TC[T>G]TA	1	456751.0	1545676352
JG0139b	9	9514262	T:GC[T>G]TT	1	326822.0	1546003174
JG0139b	9	10147338	T:CA[T>C]GT	1	633076.0	1546636250
JG0139b	9	10482359	U:TC[T>G]TG	-1	335021.0	1546971271
JG0139b	9	11017807	N:GC[T>G]TA	-1	535448.0	1547506719
JG0139b	9	11098428	N:AC[T>G]AA	-1	80621.0	1547587340
JG0139b	9	11548696	N:GG[T>C]AT	-1	450268.0	1548037608
JG0139b	9	11625408	N:GA[T>G]TA	1	76712.0	1548114320
JG0139b	9	12421459	N:CC[T>C]TT	1	796051.0	1548910371
JG0139b	9	12502851	N:CC[T>C]CC	1	81392.0	1548991763
JG0139b	9	12559321	N:GT[T>G]TA	-1	56470.0	1549048233
JG0139b	9	13532825	N:AG[T>G]TT	1	973504.0	1550021737
JG0139b	9	13993527	N:AC[T>C]TT	1	460702.0	1550482439
JG0139b	9	14138987	U:GG[T>C]GT	-1	145460.0	1550627899
JG0139b	9	14641504	T:TT[T>G]TA	1	502517.0	1551130416
JG0139b	9	14837330	U:GC[T>A]GA	-1	195826.0	1551326242
JG0139b	9	15655264	T:CC[T>G]TC	-1	817934.0	1552144176
JG0139b	9	15965063	U:CC[T>G]TA	1	309799.0	1552453975
JG0139b	9	16689700	T:GC[T>C]CC	1	724637.0	1553178612
JG0139b	9	16708736	U:TC[T>C]TT	-1	19036.0	1553197648
JG0139b	9	18126818	U:GC[T>G]TA	1	1418082.0	1554615730
JG0139b	9	18320977	T:AG[T>C]TA	-1	194159.0	1554809889
JG0139b	9	18396964	U:TC[T>C]TT	1	75987.0	1554885876
JG0139b	9	18515474	T:TG[T>A]CG	-1	118510.0	1555004386
JG0139b	9	18778597	U:CC[T>G]TA	1	263123.0	1555267509
JG0139b	9	18976335	U:TC[T>G]TC	-1	197738.0	1555465247
JG0139b	9	20097484	N:AG[T>G]CT	-1	1121149.0	1556586396
JG0139b	9	20101628	N:CC[T>G]CC	-1	4144.0	1556590540
JG0139b	9	20156389	N:GG[T>G]AT	-1	54761.0	1556645301
JG0139b	9	20237173	N:TT[C>A]AG	1	80784.0	1556726085
JG0139b	9	20956176	U:TA[T>G]TA	1	719003.0	1557445088
JG0139b	9	21413070	N:AC[T>G]CC	-1	456894.0	1557901982
JG0139b	9	21615697	N:TC[T>G]TT	1	202627.0	1558104609
JG0139b	9	23696541	T:GC[T>A]CA	1	2080844.0	1560185453
JG0139b	9	24355452	N:TC[T>C]CT	1	658911.0	1560844364
JG0139b	9	25708462	N:CC[T>G]GA	1	1353010.0	1562197374
JG0139b	9	25819553	N:TC[T>G]CA	1	111091.0	1562308465
JG0139b	9	26304572	N:TG[T>C]TA	-1	485019.0	1562793484
JG0139b	9	26472624	N:GG[T>G]TT	-1	168052.0	1562961536
JG0139b	9	26550290	N:AC[T>C]CC	1	77666.0	1563039202
JG0139b	9	27873119	N:CC[T>G]TA	-1	1322829.0	1564362031
JG0139b	9	28594064	U:AC[T>G]TT	-1	720945.0	1565082976
JG0139b	9	28926363	N:TA[T>G]TC	-1	332299.0	1565415275
JG0139b	9	28970329	N:TC[T>G]TG	-1	43966.0	1565459241
JG0139b	9	28986360	N:GG[T>G]TT	1	16031.0	1565475272
JG0139b	9	29256914	N:TC[T>C]CA	-1	270554.0	1565745826
JG0139b	9	29452384	N:AC[T>C]CT	1	195470.0	1565941296
JG0139b	9	29765688	N:GC[T>G]TT	-1	313304.0	1566254600
JG0139b	9	29769226	N:GC[T>C]GG	1	3538.0	1566258138
JG0139b	9	29988159	N:TG[T>C]TT	1	218933.0	1566477071
JG0139b	9	30273105	N:AC[T>G]TA	-1	284946.0	1566762017
JG0139b	9	30377728	N:CC[T>C]TT	-1	104623.0	1566866640
JG0139b	9	30844351	N:CT[T>G]CC	1	466623.0	1567333263
JG0139b	9	31225158	N:TC[T>G]CC	1	380807.0	1567714070
JG0139b	9	32158720	N:TC[T>G]TC	1	933562.0	1568647632
JG0139b	9	32447797	U:TG[T>G]TA	1	289077.0	1568936709
JG0139b	9	32968988	N:CT[T>G]TT	1	521191.0	1569457900
JG0139b	9	32989154	U:AG[T>G]TA	-1	20166.0	1569478066
JG0139b	9	33106495	U:AC[T>G]TC	-1	117341.0	1569595407
JG0139b	9	33935054	U:TC[T>G]TT	-1	828559.0	1570423966
JG0139b	9	34200873	T:GC[T>G]CA	-1	265819.0	1570689785
JG0139b	9	34297309	T:TC[T>G]TA	1	96436.0	1570786221
JG0139b	9	34808180	N:TC[T>C]TT	1	510871.0	1571297092
JG0139b	9	34810242	N:CC[T>A]CA	-1	2062.0	1571299154
JG0139b	9	34822547	N:CA[T>A]TC	1	12305.0	1571311459
JG0139b	9	35014555	N:CC[T>C]CC	1	192008.0	1571503467
JG0139b	9	35352968	T:TC[T>C]TC	-1	338413.0	1571841880
JG0139b	9	35756394	T:CC[T>G]TG	-1	403426.0	1572245306
JG0139b	9	36225318	U:GC[T>C]CT	-1	468924.0	1572714230
JG0139b	9	36418109	N:GC[T>G]TG	1	192791.0	1572907021
JG0139b	9	36521127	N:GC[T>G]TT	1	103018.0	1573010039
JG0139b	9	37000410	T:TC[T>G]TC	1	479283.0	1573489322
JG0139b	9	37310853	T:CC[T>C]CC	-1	310443.0	1573799765
JG0139b	9	38962595	N:CC[T>A]CC	-1	1651742.0	1575451507
JG0139b	9	39005453	N:AC[T>C]CA	-1	42858.0	1575494365
JG0139b	9	39410446	N:CC[T>G]CC	1	404993.0	1575899358
JG0139b	9	39423611	N:AT[T>G]TT	1	13165.0	1575912523
JG0139b	9	39564107	N:AC[T>A]CA	1	140496.0	1576053019
JG0139b	9	40007289	N:AC[T>G]TG	-1	443182.0	1576496201
JG0139b	9	40499367	N:CC[T>C]CT	-1	492078.0	1576988279
JG0139b	9	40849370	N:AC[T>C]CA	1	350003.0	1577338282
JG0139b	9	40881025	N:GG[T>G]TT	1	31655.0	1577369937
JG0139b	9	41222603	N:TA[T>G]TA	-1	341578.0	1577711515
JG0139b	9	41822641	N:CT[T>G]TC	1	600038.0	1578311553
JG0139b	9	42055927	T:GC[T>C]TT	1	233286.0	1578544839
JG0139b	9	42720522	N:GC[T>C]CT	1	664595.0	1579209434
JG0139b	9	42809138	N:CC[T>G]TC	-1	88616.0	1579298050
JG0139b	9	42889107	N:AC[T>A]CA	-1	79969.0	1579378019
JG0139b	9	42922376	N:CC[T>C]GC	1	33269.0	1579411288
JG0139b	9	43170598	N:CC[T>G]TT	-1	248222.0	1579659510
JG0139b	9	43548202	N:GC[T>G]TT	1	377604.0	1580037114
JG0139b	9	43680356	N:AG[T>C]TG	1	132154.0	1580169268
JG0139b	9	43856253	N:TC[T>G]TC	1	175897.0	1580345165
JG0139b	9	43926919	N:TC[T>C]TT	1	70666.0	1580415831
JG0139b	9	44119645	N:GC[T>G]TT	1	192726.0	1580608557
JG0139b	9	44287216	N:AC[T>G]CT	-1	167571.0	1580776128
JG0139b	9	44965247	N:TG[T>A]CC	-1	678031.0	1581454159
JG0139b	9	45277503	N:TG[C>A]AC	1	312256.0	1581766415
JG0139b	9	45383603	N:AC[T>G]CT	1	106100.0	1581872515
JG0139b	9	60598189	N:AC[T>A]TT	-1	15214586.0	1597087101
JG0139b	9	60891500	N:TC[T>G]TC	1	293311.0	1597380412
JG0139b	9	61540623	N:CC[T>G]TC	-1	649123.0	1598029535
JG0139b	9	61890734	N:TC[T>G]TT	1	350111.0	1598379646
JG0139b	9	62608986	N:CC[T>C]CA	1	718252.0	1599097898
JG0139b	9	62939473	N:TC[T>A]CT	-1	330487.0	1599428385
JG0139b	9	63062082	N:AG[T>G]TG	1	122609.0	1599550994
JG0139b	9	63147680	N:AC[T>G]TG	-1	85598.0	1599636592
JG0139b	9	63153645	N:TC[T>G]TT	1	5965.0	1599642557
JG0139b	9	63186145	N:CT[T>A]TG	1	32500.0	1599675057
JG0139b	9	63792582	N:TG[T>G]TG	1	606437.0	1600281494
JG0139b	9	64641503	N:CC[T>C]GT	1	848921.0	1601130415
JG0139b	9	64677559	N:GT[C>A]CA	-1	36056.0	1601166471
JG0139b	9	65456731	N:GC[T>C]TG	-1	779172.0	1601945643
JG0139b	9	65479175	N:GC[T>C]CA	1	22444.0	1601968087
JG0139b	9	65662280	N:TC[T>G]TT	-1	183105.0	1602151192
JG0139b	9	65714839	U:AC[T>G]GC	1	52559.0	1602203751
JG0139b	9	66076372	N:CC[T>G]TG	1	361533.0	1602565284
JG0139b	9	66351366	N:TC[T>G]TC	-1	274994.0	1602840278
JG0139b	9	67073823	N:TC[T>G]TA	-1	722457.0	1603562735
JG0139b	9	67633663	N:AC[T>C]TC	-1	559840.0	1604122575
JG0139b	9	67780589	N:CC[T>G]TG	1	146926.0	1604269501
JG0139b	9	68799056	T:TC[T>C]TT	-1	1018467.0	1605287968
JG0139b	9	69410143	N:TC[T>C]CT	-1	611087.0	1605899055
JG0139b	9	69786489	N:GC[T>G]TG	1	376346.0	1606275401
JG0139b	9	69921718	N:TC[T>G]CC	-1	135229.0	1606410630
JG0139b	9	70194951	T:CT[C>T]AT	-1	273233.0	1606683863
JG0139b	9	70379007	N:AC[T>G]TG	-1	184056.0	1606867919
JG0139b	9	71096087	T:TC[T>G]TG	1	717080.0	1607584999
JG0139b	9	71500259	N:CC[T>G]TC	-1	404172.0	1607989171
JG0139b	9	71557151	N:TC[T>G]GA	1	56892.0	1608046063
JG0139b	9	71743614	T:GC[T>C]CC	1	186463.0	1608232526
JG0139b	9	71884120	T:GG[C>T]TC	1	140506.0	1608373032
JG0139b	9	71989316	N:AC[T>G]TT	-1	105196.0	1608478228
JG0139b	9	72232642	T:TC[T>C]GA	-1	243326.0	1608721554
JG0139b	9	72388085	N:CC[T>G]CA	-1	155443.0	1608876997
JG0139b	9	72826635	U:GG[T>G]TA	1	438550.0	1609315547
JG0139b	9	73331856	N:CC[T>G]TG	-1	505221.0	1609820768
JG0139b	9	73849628	N:TT[C>A]CC	1	517772.0	1610338540
JG0139b	9	73971203	N:CC[T>C]GG	-1	121575.0	1610460115
JG0139b	9	74083420	N:CC[T>A]TG	1	112217.0	1610572332
JG0139b	9	74250745	N:TC[T>G]TA	1	167325.0	1610739657
JG0139b	9	74408983	N:AG[T>C]CA	1	158238.0	1610897895
JG0139b	9	76278480	U:TG[T>G]TT	1	1869497.0	1612767392
JG0139b	9	76541836	N:GC[T>G]TC	1	263356.0	1613030748
JG0139b	9	76600139	N:AG[C>A]TA	-1	58303.0	1613089051
JG0139b	9	77014675	N:TC[T>G]CA	1	414536.0	1613503587
JG0139b	9	77310086	T:TC[T>A]TT	-1	295411.0	1613798998
JG0139b	9	77345566	T:CC[T>G]TT	-1	35480.0	1613834478
JG0139b	9	78042999	N:TC[T>G]CA	1	697433.0	1614531911
JG0139b	9	78270369	T:AC[T>C]TG	-1	227370.0	1614759281
JG0139b	9	78752144	N:GT[T>G]TG	1	481775.0	1615241056
JG0139b	9	79357306	N:TC[T>G]CA	-1	605162.0	1615846218
JG0139b	9	79953832	N:GC[T>G]TA	-1	596526.0	1616442744
JG0139b	9	80267930	N:CC[T>C]CA	1	314098.0	1616756842
JG0139b	9	80449538	N:GG[T>C]GG	1	181608.0	1616938450
JG0139b	9	80591559	N:GG[T>G]TC	1	142021.0	1617080471
JG0139b	9	80602788	N:CC[T>G]TC	-1	11229.0	1617091700
JG0139b	9	81121677	N:TC[T>G]CC	-1	518889.0	1617610589
JG0139b	9	81256693	N:CC[T>C]GA	-1	135016.0	1617745605
JG0139b	9	81380445	N:GC[T>G]TC	-1	123752.0	1617869357
JG0139b	9	81668559	U:CC[T>G]CT	-1	288114.0	1618157471
JG0139b	9	81771738	N:GG[T>G]TG	1	103179.0	1618260650
JG0139b	9	81784298	N:GC[T>G]GG	-1	12560.0	1618273210
JG0139b	9	81976015	N:TT[T>A]GC	1	191717.0	1618464927
JG0139b	9	82616621	N:GC[T>G]CC	1	640606.0	1619105533
JG0139b	9	83107062	N:TC[T>G]CT	1	490441.0	1619595974
JG0139b	9	83616873	N:GC[T>G]GA	1	509811.0	1620105785
JG0139b	9	83770089	T:TA[T>G]TC	1	153216.0	1620259001
JG0139b	9	84270714	N:TT[T>G]TT	-1	500625.0	1620759626
JG0139b	9	84289846	T:CC[T>A]TG	1	19132.0	1620778758
JG0139b	9	84338289	U:AC[T>C]CG	-1	48443.0	1620827201
JG0139b	9	84438204	N:GC[T>G]TT	1	99915.0	1620927116
JG0139b	9	84786707	U:TG[T>G]TG	1	348503.0	1621275619
JG0139b	9	85417853	N:TC[T>C]AT	1	631146.0	1621906765
JG0139b	9	86266999	U:TG[T>C]TG	-1	849146.0	1622755911
JG0139b	9	87245435	N:AC[T>G]TC	-1	978436.0	1623734347
JG0139b	9	87415814	N:TC[T>G]TG	1	170379.0	1623904726
JG0139b	9	87872488	N:AG[T>G]CC	1	456674.0	1624361400
JG0139b	9	88382034	N:TC[T>C]TC	-1	509546.0	1624870946
JG0139b	9	88606031	N:TC[T>G]TT	-1	223997.0	1625094943
JG0139b	9	88965615	N:CT[C>A]TC	1	359584.0	1625454527
JG0139b	9	89205592	N:CG[T>G]TA	-1	239977.0	1625694504
JG0139b	9	89462431	U:TG[T>G]TG	-1	256839.0	1625951343
JG0139b	9	89642970	N:TC[T>G]TG	1	180539.0	1626131882
JG0139b	9	89747316	N:TC[T>G]TC	1	104346.0	1626236228
JG0139b	9	90437603	N:CC[T>G]TG	1	690287.0	1626926515
JG0139b	9	90556064	N:TC[T>C]GA	1	118461.0	1627044976
JG0139b	9	90570904	N:TG[T>G]TC	1	14840.0	1627059816
JG0139b	9	90611534	U:GC[T>G]CT	-1	40630.0	1627100446
JG0139b	9	90749588	N:GA[T>G]CC	1	138054.0	1627238500
JG0139b	9	91046393	N:GC[T>A]GG	1	296805.0	1627535305
JG0139b	9	91112221	N:GC[T>G]TC	1	65828.0	1627601133
JG0139b	9	91401822	N:GC[T>G]CT	-1	289601.0	1627890734
JG0139b	9	91669114	T:AC[T>G]TG	1	267292.0	1628158026
JG0139b	9	91792889	T:TA[T>C]TA	1	123775.0	1628281801
JG0139b	9	91844852	T:CC[T>C]TG	1	51963.0	1628333764
JG0139b	9	91914505	T:TC[T>G]TT	1	69653.0	1628403417
JG0139b	9	92066130	U:GC[T>G]TC	-1	151625.0	1628555042
JG0139b	9	92203732	N:CC[C>T]TG	1	137602.0	1628692644
JG0139b	9	92213121	U:AG[T>A]TG	-1	9389.0	1628702033
JG0139b	9	92623869	U:TC[T>A]CT	-1	410748.0	1629112781
JG0139b	9	92630248	U:TC[T>C]TC	-1	6379.0	1629119160
JG0139b	9	92649594	T:GG[T>A]CA	1	19346.0	1629138506
JG0139b	9	92660539	T:AC[T>C]TT	1	10945.0	1629149451
JG0139b	9	93278703	U:AA[T>G]TA	1	618164.0	1629767615
JG0139b	9	93469527	T:CT[T>A]TA	-1	190824.0	1629958439
JG0139b	9	93750139	N:CC[T>G]TC	1	280612.0	1630239051
JG0139b	9	93868325	N:GA[C>A]AG	-1	118186.0	1630357237
JG0139b	9	93964413	N:TC[T>C]CT	1	96088.0	1630453325
JG0139b	9	94653298	N:TG[T>G]TC	1	688885.0	1631142210
JG0139b	9	94836995	T:AA[T>G]TT	-1	183697.0	1631325907
JG0139b	9	94978403	T:CC[T>G]CA	-1	141408.0	1631467315
JG0139b	9	95104615	U:CT[T>G]TC	-1	126212.0	1631593527
JG0139b	9	95205810	U:TC[T>G]TG	-1	101195.0	1631694722
JG0139b	9	95224201	T:TC[T>G]TT	1	18391.0	1631713113
JG0139b	9	95377611	N:AC[T>G]TC	-1	153410.0	1631866523
JG0139b	9	96099158	N:GC[T>C]CC	1	721547.0	1632588070
JG0139b	9	96316649	N:CC[T>G]TC	-1	217491.0	1632805561
JG0139b	9	96987784	U:TC[T>C]CA	-1	671135.0	1633476696
JG0139b	9	97281744	N:TG[T>C]CC	-1	293960.0	1633770656
JG0139b	9	97745493	N:CG[T>G]TG	-1	463749.0	1634234405
JG0139b	9	97789788	N:GC[T>C]TT	1	44295.0	1634278700
JG0139b	9	97813459	N:TC[T>G]TT	1	23671.0	1634302371
JG0139b	9	98085222	U:GC[T>C]CT	-1	271763.0	1634574134
JG0139b	9	98131895	T:CC[T>G]TC	1	46673.0	1634620807
JG0139b	9	98608678	U:GG[T>C]GC	-1	476783.0	1635097590
JG0139b	9	98698029	T:GC[T>G]TT	1	89351.0	1635186941
JG0139b	9	99472209	N:CC[T>G]GC	-1	774180.0	1635961121
JG0139b	9	99998794	T:TT[C>A]TC	1	526585.0	1636487706
JG0139b	9	100497870	U:AC[T>C]CT	1	499076.0	1636986782
JG0139b	9	100818668	N:CC[T>G]TC	-1	320798.0	1637307580
JG0139b	9	100903690	N:GC[T>A]TC	-1	85022.0	1637392602
JG0139b	9	101193178	T:CC[T>G]TG	-1	289488.0	1637682090
JG0139b	9	101883249	N:AA[T>G]TG	-1	690071.0	1638372161
JG0139b	9	102120050	N:AC[T>G]TG	1	236801.0	1638608962
JG0139b	9	102246150	N:GC[T>G]CT	1	126100.0	1638735062
JG0139b	9	102675513	N:TG[C>T]TT	-1	429363.0	1639164425
JG0139b	9	102931503	N:GG[T>G]TG	1	255990.0	1639420415
JG0139b	9	103609413	N:AC[T>G]TT	1	677910.0	1640098325
JG0139b	9	103950960	N:CC[T>G]TT	-1	341547.0	1640439872
JG0139b	9	104166814	N:CC[T>A]TA	-1	215854.0	1640655726
JG0139b	9	104627598	N:TC[T>G]TT	1	460784.0	1641116510
JG0139b	9	104641427	N:GC[T>G]TC	-1	13829.0	1641130339
JG0139b	9	104735734	N:TC[T>G]TT	1	94307.0	1641224646
JG0139b	9	105091119	N:CC[T>G]TG	1	355385.0	1641580031
JG0139b	9	106063804	N:CC[T>G]TT	-1	972685.0	1642552716
JG0139b	9	106181342	N:TG[T>G]CA	1	117538.0	1642670254
JG0139b	9	107554300	N:GC[T>G]TG	-1	1372958.0	1644043212
JG0139b	9	107610929	N:GG[T>G]CT	1	56629.0	1644099841
JG0139b	9	107968802	N:CC[T>G]TT	-1	357873.0	1644457714
JG0139b	9	108095212	N:AC[T>G]TT	1	126410.0	1644584124
JG0139b	9	108279651	N:CC[T>G]TT	-1	184439.0	1644768563
JG0139b	9	108432333	N:GC[T>G]TA	1	152682.0	1644921245
JG0139b	9	108652848	N:CC[T>A]CC	1	220515.0	1645141760
JG0139b	9	108855045	U:GC[T>C]TC	-1	202197.0	1645343957
JG0139b	9	109126040	N:CC[T>C]GT	-1	270995.0	1645614952
JG0139b	9	109260487	T:GC[T>G]CA	1	134447.0	1645749399
JG0139b	9	110740583	T:GC[T>C]CC	-1	1480096.0	1647229495
JG0139b	9	110797268	T:AA[T>G]TA	-1	56685.0	1647286180
JG0139b	9	110934781	U:CC[T>C]CT	-1	137513.0	1647423693
JG0139b	9	111198890	N:TC[T>C]TC	-1	264109.0	1647687802
JG0139b	9	111439009	U:GG[T>C]CT	-1	240119.0	1647927921
JG0139b	9	111482144	T:AC[T>G]GA	1	43135.0	1647971056
JG0139b	9	111735951	T:GG[T>C]TG	1	253807.0	1648224863
JG0139b	9	111925833	T:TC[T>C]GT	-1	189882.0	1648414745
JG0139b	9	112294124	U:GC[T>G]TC	-1	368291.0	1648783036
JG0139b	9	112529877	U:AC[T>C]CT	1	235753.0	1649018789
JG0139b	9	112582939	T:TT[T>G]TC	-1	53062.0	1649071851
JG0139b	9	112984134	N:TC[T>A]TC	-1	401195.0	1649473046
JG0139b	9	113086783	N:CC[T>C]TA	-1	102649.0	1649575695
JG0139b	9	113098236	N:TC[T>G]TA	-1	11453.0	1649587148
JG0139b	9	113316046	U:AG[T>G]TA	-1	217810.0	1649804958
JG0139b	9	113420037	U:AC[T>G]TT	1	103991.0	1649908949
JG0139b	9	114608962	N:AC[T>C]TA	-1	1188925.0	1651097874
JG0139b	9	114974752	N:TG[T>A]CA	1	365790.0	1651463664
JG0139b	9	115328994	N:CC[T>A]TC	-1	354242.0	1651817906
JG0139b	9	116137731	N:TG[T>G]TT	-1	808737.0	1652626643
JG0139b	9	116424219	N:TT[T>G]TA	-1	286488.0	1652913131
JG0139b	9	116766748	U:TG[T>C]GA	-1	342529.0	1653255660
JG0139b	9	117418742	N:CT[T>A]TG	1	651994.0	1653907654
JG0139b	9	117974848	N:TC[T>G]TT	-1	556106.0	1654463760
JG0139b	9	118360865	N:CC[T>C]TA	1	386017.0	1654849777
JG0139b	9	119121051	N:GC[T>A]CA	-1	760186.0	1655609963
JG0139b	9	119347595	U:AA[T>G]TG	-1	226544.0	1655836507
JG0139b	9	120458146	U:CC[T>C]AC	-1	1110551.0	1656947058
JG0139b	9	120508298	T:GC[T>G]CC	1	50152.0	1656997210
JG0139b	9	121025810	U:CC[T>C]GT	-1	517512.0	1657514722
JG0139b	9	121140252	U:GC[T>G]TC	1	114442.0	1657629164
JG0139b	9	122109652	N:CC[T>G]TT	1	969400.0	1658598564
JG0139b	9	122932707	N:TC[T>G]AA	-1	823055.0	1659421619
JG0139b	9	123423099	T:TT[C>G]TG	1	490392.0	1659912011
JG0139b	9	123651245	T:TA[T>G]TA	1	228146.0	1660140157
JG0139b	9	123654327	U:TC[T>A]GG	-1	3082.0	1660143239
JG0139b	9	124588079	U:TC[T>A]TA	-1	933752.0	1661076991
JG0139b	9	127249681	T:AC[T>G]TA	-1	2661602.0	1663738593
JG0139b	9	128276947	T:TC[T>A]TT	-1	1027266.0	1664765859
JG0139b	9	128369837	N:AG[T>G]TC	-1	92890.0	1664858749
JG0139b	9	128512077	U:TC[T>G]GG	1	142240.0	1665000989
JG0139b	9	128588785	U:TG[T>G]TT	1	76708.0	1665077697
JG0139b	9	128756852	T:AC[T>G]TT	1	168067.0	1665245764
JG0139b	9	129228220	N:GC[T>C]CT	-1	471368.0	1665717132
JG0139b	9	129248603	N:GG[T>G]TT	1	20383.0	1665737515
JG0139b	9	129659094	N:CA[T>C]CT	-1	410491.0	1666148006
JG0139b	9	129984991	U:CC[C>A]TA	-1	325897.0	1666473903
JG0139b	9	130214565	T:GC[T>G]TC	-1	229574.0	1666703477
JG0139b	9	131164639	U:CC[T>C]CC	1	950074.0	1667653551
JG0139b	9	131538558	N:TC[T>C]CA	1	373919.0	1668027470
JG0139b	9	131760633	N:CC[T>G]TA	1	222075.0	1668249545
JG0139b	9	132107392	N:GC[T>G]CG	-1	346759.0	1668596304
JG0139b	9	132222689	U:TC[T>C]CC	1	115297.0	1668711601
JG0139b	9	132550454	T:TC[T>G]CT	-1	327765.0	1669039366
JG0139b	9	132607812	U:GC[T>A]CA	-1	57358.0	1669096724
JG0139b	9	132688981	T:AG[T>G]TC	-1	81169.0	1669177893
JG0139b	9	133133706	T:GC[T>C]TC	1	444725.0	1669622618
JG0139b	9	133225609	N:TC[T>G]CC	-1	91903.0	1669714521
JG0139b	9	133474423	T:TC[T>G]TG	1	248814.0	1669963335
JG0139b	9	133499866	N:CC[T>A]CC	-1	25443.0	1669988778
JG0139b	9	133513829	N:GC[T>C]TC	1	13963.0	1670002741
JG0139b	9	134679675	U:GC[T>A]TC	1	1165846.0	1671168587
JG0139b	9	135032007	N:CC[T>C]CA	-1	352332.0	1671520919
JG0139b	9	135069150	N:TC[T>C]CT	-1	37143.0	1671558062
JG0139b	9	135768578	U:GC[T>A]CC	1	699428.0	1672257490
JG0139b	9	135859119	U:AC[T>C]AG	-1	90541.0	1672348031
JG0139b	9	136114821	T:TC[T>G]TT	1	255702.0	1672603733
JG0139b	9	136571905	N:TC[T>G]CA	1	457084.0	1673060817
JG0139b	9	136964875	N:CC[T>C]TT	-1	392970.0	1673453787
JG0139b	9	137056891	N:CC[T>C]TT	-1	92016.0	1673545803
JG0139b	9	137098176	U:TG[T>G]CT	1	41285.0	1673587088
JG0139b	9	137185267	U:CC[T>A]TT	-1	87091.0	1673674179
JG0139b	9	137611504	T:GC[T>C]CA	-1	426237.0	1674100416
JG0139b	9	138154162	N:GC[T>G]TG	-1	542658.0	1674643074
JG0139b	10	11009	N:GC[T>G]TG	1		1674894638
JG0139b	10	394142	T:GG[T>C]CA	1	383133.0	1675277771
JG0139b	10	562799	U:CC[T>C]CT	-1	168657.0	1675446428
JG0139b	10	591976	U:AC[T>C]TA	-1	29177.0	1675475605
JG0139b	10	1004286	T:CC[T>G]CT	-1	412310.0	1675887915
JG0139b	10	1614202	U:CC[T>G]TT	-1	609916.0	1676497831
JG0139b	10	1775946	N:TA[T>G]TA	1	161744.0	1676659575
JG0139b	10	2503532	N:TC[T>C]TG	-1	727586.0	1677387161
JG0139b	10	2608830	N:TT[T>G]TT	1	105298.0	1677492459
JG0139b	10	2635468	N:CC[T>G]TT	-1	26638.0	1677519097
JG0139b	10	2909748	N:TC[T>G]CA	-1	274280.0	1677793377
JG0139b	10	2946034	N:CC[T>G]CC	1	36286.0	1677829663
JG0139b	10	3334463	N:GC[T>C]GA	-1	388429.0	1678218092
JG0139b	10	3977958	N:GC[T>G]TT	1	643495.0	1678861587
JG0139b	10	4216083	N:AC[T>G]CA	-1	238125.0	1679099712
JG0139b	10	4629797	N:TC[T>C]TT	-1	413714.0	1679513426
JG0139b	10	4793536	T:GC[T>C]TG	-1	163739.0	1679677165
JG0139b	10	5328435	N:TC[T>G]TT	1	534899.0	1680212064
JG0139b	10	5335575	N:TC[T>C]TT	1	7140.0	1680219204
JG0139b	10	5369151	T:AC[C>T]CT	-1	33576.0	1680252780
JG0139b	10	5592909	N:TC[C>A]GA	1	223758.0	1680476538
JG0139b	10	6336012	N:AG[T>A]CC	1	743103.0	1681219641
JG0139b	10	6621165	N:TC[T>A]TA	-1	285153.0	1681504794
JG0139b	10	6927185	N:TC[T>A]CA	1	306020.0	1681810814
JG0139b	10	6994600	N:CA[T>G]CT	1	67415.0	1681878229
JG0139b	10	7180983	U:GC[T>A]CA	-1	186383.0	1682064612
JG0139b	10	7435782	N:AA[T>G]GC	-1	254799.0	1682319411
JG0139b	10	7586660	U:GA[T>G]TC	-1	150878.0	1682470289
JG0139b	10	7672972	N:TT[C>A]GT	-1	86312.0	1682556601
JG0139b	10	8002722	T:GG[T>G]TT	-1	329750.0	1682886351
JG0139b	10	8188211	N:TG[T>A]TT	1	185489.0	1683071840
JG0139b	10	8504256	N:TG[T>G]TT	-1	316045.0	1683387885
JG0139b	10	8958387	N:CG[T>G]AA	1	454131.0	1683842016
JG0139b	10	9008530	N:AC[T>G]TG	-1	50143.0	1683892159
JG0139b	10	9107375	N:GC[T>C]GG	1	98845.0	1683991004
JG0139b	10	9239813	N:GC[T>A]TA	1	132438.0	1684123442
JG0139b	10	9457801	N:TT[T>G]TT	1	217988.0	1684341430
JG0139b	10	9596393	N:TC[T>G]TT	1	138592.0	1684480022
JG0139b	10	9683831	N:CG[T>G]TC	-1	87438.0	1684567460
JG0139b	10	9755180	N:TC[C>A]TT	1	71349.0	1684638809
JG0139b	10	9882727	N:AC[T>G]TT	-1	127547.0	1684766356
JG0139b	10	10027446	N:AC[T>G]TT	-1	144719.0	1684911075
JG0139b	10	10786544	N:CC[T>C]TG	1	759098.0	1685670173
JG0139b	10	10855755	T:GA[T>G]TA	-1	69211.0	1685739384
JG0139b	10	10886288	U:GC[T>C]TC	1	30533.0	1685769917
JG0139b	10	11086504	U:AG[T>C]CC	1	200216.0	1685970133
JG0139b	10	11208075	U:GC[T>G]CA	1	121571.0	1686091704
JG0139b	10	11641459	N:GC[T>A]TG	1	433384.0	1686525088
JG0139b	10	11718861	N:TC[T>A]CC	1	77402.0	1686602490
JG0139b	10	11996420	T:GC[T>G]CA	1	277559.0	1686880049
JG0139b	10	12084512	T:TC[T>C]TA	-1	88092.0	1686968141
JG0139b	10	12338417	N:TC[T>C]TT	1	253905.0	1687222046
JG0139b	10	12661466	U:TC[T>G]TT	1	323049.0	1687545095
JG0139b	10	12689186	U:GG[T>G]TT	1	27720.0	1687572815
JG0139b	10	12693867	T:GC[T>G]CT	-1	4681.0	1687577496
JG0139b	10	13027862	T:AC[T>A]TT	1	333995.0	1687911491
JG0139b	10	13069981	T:AC[T>C]TT	1	42119.0	1687953610
JG0139b	10	13081554	U:GC[T>C]TT	-1	11573.0	1687965183
JG0139b	10	13323438	T:CC[T>C]CT	1	241884.0	1688207067
JG0139b	10	13372668	N:GC[T>G]TA	1	49230.0	1688256297
JG0139b	10	13608279	T:CC[T>C]CA	-1	235611.0	1688491908
JG0139b	10	13646528	B:CC[T>C]GC	-1	38249.0	1688530157
JG0139b	10	13951471	U:TC[T>C]TT	-1	304943.0	1688835100
JG0139b	10	13981630	T:AC[T>G]CA	1	30159.0	1688865259
JG0139b	10	15059055	U:CC[T>G]TC	1	1077425.0	1689942684
JG0139b	10	15216319	U:CC[T>G]GG	-1	157264.0	1690099948
JG0139b	10	15288906	T:CC[T>G]CC	1	72587.0	1690172535
JG0139b	10	15532648	T:GC[T>A]TC	1	243742.0	1690416277
JG0139b	10	15589450	U:CA[T>A]TA	-1	56802.0	1690473079
JG0139b	10	15758634	N:TC[T>C]CT	1	169184.0	1690642263
JG0139b	10	16405888	N:AC[T>G]TG	-1	647254.0	1691289517
JG0139b	10	16974636	U:AG[C>A]AC	-1	568748.0	1691858265
JG0139b	10	17029651	U:AT[T>G]TT	-1	55015.0	1691913280
JG0139b	10	17079872	T:CC[T>C]TT	1	50221.0	1691963501
JG0139b	10	17400017	U:CC[T>G]TT	-1	320145.0	1692283646
JG0139b	10	17591851	T:AA[T>C]TT	1	191834.0	1692475480
JG0139b	10	17672242	T:AC[T>G]TA	-1	80391.0	1692555871
JG0139b	10	17857037	T:AC[T>G]TC	-1	184795.0	1692740666
JG0139b	10	17858069	U:CA[T>G]TA	1	1032.0	1692741698
JG0139b	10	18250530	U:TC[T>C]CT	1	392461.0	1693134159
JG0139b	10	18251231	T:AC[T>C]TG	-1	701.0	1693134860
JG0139b	10	18388548	U:TG[T>G]TT	1	137317.0	1693272177
JG0139b	10	18714448	N:AC[T>G]CC	1	325900.0	1693598077
JG0139b	10	19139691	U:GC[T>G]CT	1	425243.0	1694023320
JG0139b	10	19239452	U:TC[T>G]TT	1	99761.0	1694123081
JG0139b	10	19475905	U:CC[T>C]CA	1	236453.0	1694359534
JG0139b	10	19594306	T:TC[T>G]TA	-1	118401.0	1694477935
JG0139b	10	19705494	T:GT[T>G]TG	-1	111188.0	1694589123
JG0139b	10	20040377	U:AC[T>C]CC	1	334883.0	1694924006
JG0139b	10	20132971	U:TC[T>G]TT	1	92594.0	1695016600
JG0139b	10	20133288	U:CC[T>C]TT	1	317.0	1695016917
JG0139b	10	20772742	N:AC[T>G]TC	-1	639454.0	1695656371
JG0139b	10	21167653	U:TG[T>G]GT	-1	394911.0	1696051282
JG0139b	10	21186453	N:CT[C>A]CC	1	18800.0	1696070082
JG0139b	10	21437961	N:AC[T>C]CC	-1	251508.0	1696321590
JG0139b	10	21491075	N:TG[T>G]TT	-1	53114.0	1696374704
JG0139b	10	21703566	T:TG[T>C]CT	-1	212491.0	1696587195
JG0139b	10	21709215	U:AA[T>G]CA	1	5649.0	1696592844
JG0139b	10	21802275	T:CC[T>G]TA	1	93060.0	1696685904
JG0139b	10	21930904	U:AC[T>G]TG	-1	128629.0	1696814533
JG0139b	10	22117357	N:GC[T>C]TG	1	186453.0	1697000986
JG0139b	10	22135802	N:TC[T>G]GC	-1	18445.0	1697019431
JG0139b	10	22288459	N:TT[T>G]CA	1	152657.0	1697172088
JG0139b	10	22584020	T:CC[T>A]CT	1	295561.0	1697467649
JG0139b	10	22970222	T:TC[T>G]TA	-1	386202.0	1697853851
JG0139b	10	23060634	N:GG[T>G]TT	-1	90412.0	1697944263
JG0139b	10	23328681	U:TC[T>G]CT	-1	268047.0	1698212310
JG0139b	10	23491494	N:CC[T>C]TC	1	162813.0	1698375123
JG0139b	10	23547245	N:TC[T>G]TT	1	55751.0	1698430874
JG0139b	10	23764736	U:AG[T>G]TG	1	217491.0	1698648365
JG0139b	10	23984280	U:TA[T>G]TC	1	219544.0	1698867909
JG0139b	10	24156643	U:TC[T>C]TA	1	172363.0	1699040272
JG0139b	10	24811104	N:TG[T>G]TT	1	654461.0	1699694733
JG0139b	10	24904062	T:CC[T>G]TG	1	92958.0	1699787691
JG0139b	10	24928196	T:TC[T>G]TC	1	24134.0	1699811825
JG0139b	10	25019391	B:GC[T>C]TG	1	91195.0	1699903020
JG0139b	10	25062444	N:TC[T>C]TA	-1	43053.0	1699946073
JG0139b	10	25089320	N:GC[T>C]GC	-1	26876.0	1699972949
JG0139b	10	25219948	U:AC[T>A]TT	1	130628.0	1700103577
JG0139b	10	25543532	T:AC[T>C]AC	-1	323584.0	1700427161
JG0139b	10	25899737	N:TG[T>G]CA	-1	356205.0	1700783366
JG0139b	10	25915194	N:TG[T>C]TT	-1	15457.0	1700798823
JG0139b	10	26119303	U:GC[T>C]TA	1	204109.0	1701002932
JG0139b	10	26165506	U:CC[T>C]CT	1	46203.0	1701049135
JG0139b	10	26473064	T:CC[T>A]TA	-1	307558.0	1701356693
JG0139b	10	26473862	U:GG[T>A]TT	1	798.0	1701357491
JG0139b	10	26814571	U:AG[T>C]CA	-1	340709.0	1701698200
JG0139b	10	27470843	N:TC[T>G]TT	1	656272.0	1702354472
JG0139b	10	27897853	T:GC[T>C]CT	1	427010.0	1702781482
JG0139b	10	27948654	T:GC[T>A]TC	1	50801.0	1702832283
JG0139b	10	28094216	T:CC[T>G]TA	1	145562.0	1702977845
JG0139b	10	28124956	U:AG[C>A]AT	-1	30740.0	1703008585
JG0139b	10	28228236	U:AC[T>C]TT	-1	103280.0	1703111865
JG0139b	10	29406330	N:AA[C>T]AT	-1	1178094.0	1704289959
JG0139b	10	29430478	N:CC[T>C]TC	1	24148.0	1704314107
JG0139b	10	29650466	U:AG[T>C]TG	-1	219988.0	1704534095
JG0139b	10	29958813	N:TC[T>C]TT	1	308347.0	1704842442
JG0139b	10	30082801	N:TC[T>G]TG	-1	123988.0	1704966430
JG0139b	10	30253013	N:CC[T>A]CA	1	170212.0	1705136642
JG0139b	10	30888297	U:TC[T>C]TG	-1	635284.0	1705771926
JG0139b	10	31220689	N:TC[T>G]TG	-1	332392.0	1706104318
JG0139b	10	31385788	T:AC[T>C]TT	-1	165099.0	1706269417
JG0139b	10	31799579	N:TG[T>G]TG	-1	413791.0	1706683208
JG0139b	10	31865384	T:GC[T>G]TA	1	65805.0	1706749013
JG0139b	10	31935175	N:AC[T>C]TT	1	69791.0	1706818804
JG0139b	10	32438715	N:TC[T>C]TG	-1	503540.0	1707322344
JG0139b	10	32487676	U:CC[T>C]TT	1	48961.0	1707371305
JG0139b	10	32874068	T:GC[T>G]TG	-1	386392.0	1707757697
JG0139b	10	32941215	T:CC[T>C]TC	1	67147.0	1707824844
JG0139b	10	33064380	N:CC[T>C]TT	1	123165.0	1707948009
JG0139b	10	33331744	T:AG[T>C]CT	1	267364.0	1708215373
JG0139b	10	33532176	N:AG[T>C]CA	-1	200432.0	1708415805
JG0139b	10	34125251	U:CT[C>A]TA	-1	593075.0	1709008880
JG0139b	10	34536035	U:TC[T>G]TG	-1	410784.0	1709419664
JG0139b	10	34856300	N:GC[T>C]CT	-1	320265.0	1709739929
JG0139b	10	34987782	N:GG[T>A]CA	-1	131482.0	1709871411
JG0139b	10	35487363	T:CC[T>A]CA	-1	499581.0	1710370992
JG0139b	10	35542699	U:CC[T>A]TC	1	55336.0	1710426328
JG0139b	10	35830181	N:TC[T>C]TC	1	287482.0	1710713810
JG0139b	10	35928456	N:CC[T>G]GC	-1	98275.0	1710812085
JG0139b	10	35937704	N:GG[T>A]TC	-1	9248.0	1710821333
JG0139b	10	35971315	N:CC[T>C]TC	-1	33611.0	1710854944
JG0139b	10	36811969	N:TG[T>G]TA	-1	840654.0	1711695598
JG0139b	10	36857405	N:TG[T>G]TC	1	45436.0	1711741034
JG0139b	10	37002068	N:TC[T>C]TT	1	144663.0	1711885697
JG0139b	10	37034730	N:AC[T>C]TT	1	32662.0	1711918359
JG0139b	10	37043526	N:CT[T>G]TC	1	8796.0	1711927155
JG0139b	10	37347952	T:AC[T>G]TT	-1	304426.0	1712231581
JG0139b	10	37694260	N:TC[T>A]TC	-1	346308.0	1712577889
JG0139b	10	37785878	U:CC[T>A]CC	-1	91618.0	1712669507
JG0139b	10	37917330	N:CC[T>C]GG	1	131452.0	1712800959
JG0139b	10	38182234	N:CC[T>G]GT	1	264904.0	1713065863
JG0139b	10	38231699	N:TC[T>G]TC	1	49465.0	1713115328
JG0139b	10	38659467	N:AC[T>G]TT	1	427768.0	1713543096
JG0139b	10	38898154	N:AG[T>G]CC	-1	238687.0	1713781783
JG0139b	10	39297744	N:CC[T>G]TT	-1	399590.0	1714181373
JG0139b	10	39307728	N:AG[T>G]TT	1	9984.0	1714191357
JG0139b	10	39386408	N:TG[T>C]TC	1	78680.0	1714270037
JG0139b	10	39390321	N:GG[T>G]TC	-1	3913.0	1714273950
JG0139b	10	39608845	N:TC[T>G]TC	-1	218524.0	1714492474
JG0139b	10	39634866	N:TC[T>A]CC	-1	26021.0	1714518495
JG0139b	10	40344732	N:AA[T>A]CT	-1	709866.0	1715228361
JG0139b	10	40784598	N:AC[T>G]AG	1	439866.0	1715668227
JG0139b	10	41046313	N:CC[T>C]TC	1	261715.0	1715929942
JG0139b	10	41132720	N:GC[T>C]TG	-1	86407.0	1716016349
JG0139b	10	41259899	N:AC[T>A]CT	1	127179.0	1716143528
JG0139b	10	41321370	N:TC[T>G]TT	-1	61471.0	1716204999
JG0139b	10	41862476	N:CA[T>G]TC	-1	541106.0	1716746105
JG0139b	10	42147758	N:AC[T>C]GC	-1	285282.0	1717031387
JG0139b	10	42163897	N:TC[T>C]CA	-1	16139.0	1717047526
JG0139b	10	42210051	N:CC[T>A]CA	1	46154.0	1717093680
JG0139b	10	43344024	N:AG[T>G]TT	1	1133973.0	1718227653
JG0139b	10	44221312	N:GC[T>C]TC	1	877288.0	1719104941
JG0139b	10	44235437	N:GC[T>C]CA	-1	14125.0	1719119066
JG0139b	10	44345874	N:CC[T>C]GA	1	110437.0	1719229503
JG0139b	10	44911661	T:CC[T>C]GG	-1	565787.0	1719795290
JG0139b	10	44937989	N:TG[T>G]TA	1	26328.0	1719821618
JG0139b	10	45297540	N:AT[T>C]CA	-1	359551.0	1720181169
JG0139b	10	45913776	N:GC[T>G]TC	1	616236.0	1720797405
JG0139b	10	45928010	N:GC[T>G]TG	1	14234.0	1720811639
JG0139b	10	46008282	U:AC[T>G]TT	-1	80272.0	1720891911
JG0139b	10	46073750	N:TC[T>A]TG	-1	65468.0	1720957379
JG0139b	10	46076779	N:GG[T>A]TG	1	3029.0	1720960408
JG0139b	10	46137628	N:TC[T>C]CT	-1	60849.0	1721021257
JG0139b	10	46296792	T:TC[T>C]CT	-1	159164.0	1721180421
JG0139b	10	46381698	U:CC[T>G]CG	1	84906.0	1721265327
JG0139b	10	46459378	N:AC[T>G]CG	-1	77680.0	1721343007
JG0139b	10	46561746	N:TC[T>C]CC	-1	102368.0	1721445375
JG0139b	10	46787755	N:GG[T>G]TC	-1	226009.0	1721671384
JG0139b	10	46842898	N:CC[T>G]TG	1	55143.0	1721726527
JG0139b	10	46973672	T:TC[T>G]TT	-1	130774.0	1721857301
JG0139b	10	47044235	N:GC[T>C]GG	-1	70563.0	1721927864
JG0139b	10	47581782	N:TT[T>G]TT	1	537547.0	1722465411
JG0139b	10	47719570	N:AC[T>G]TA	1	137788.0	1722603199
JG0139b	10	47770557	N:GC[T>A]GC	-1	50987.0	1722654186
JG0139b	10	48496408	T:CA[T>G]TT	1	725851.0	1723380037
JG0139b	10	48653748	N:CA[T>G]CC	1	157340.0	1723537377
JG0139b	10	48830676	U:AG[T>C]GT	1	176928.0	1723714305
JG0139b	10	48936650	T:TG[T>G]TA	-1	105974.0	1723820279
JG0139b	10	49032314	T:CC[T>C]CT	1	95664.0	1723915943
JG0139b	10	49893636	T:CC[T>C]CC	1	861322.0	1724777265
JG0139b	10	50049687	N:AA[T>G]TG	-1	156051.0	1724933316
JG0139b	10	50774544	N:TC[T>C]TA	1	724857.0	1725658173
JG0139b	10	50776972	N:AC[T>C]TG	1	2428.0	1725660601
JG0139b	10	50948535	N:TC[T>C]CA	-1	171563.0	1725832164
JG0139b	10	51135848	T:GC[T>G]TT	-1	187313.0	1726019477
JG0139b	10	51236637	T:TC[T>G]CA	-1	100789.0	1726120266
JG0139b	10	51316990	U:TC[T>G]GC	1	80353.0	1726200619
JG0139b	10	51336437	T:TC[T>C]TC	-1	19447.0	1726220066
JG0139b	10	51684227	T:AC[T>C]TA	-1	347790.0	1726567856
JG0139b	10	51952040	T:TC[T>G]TG	-1	267813.0	1726835669
JG0139b	10	52517422	N:GC[T>C]TA	-1	565382.0	1727401051
JG0139b	10	52705265	N:TC[T>A]CG	-1	187843.0	1727588894
JG0139b	10	52765003	N:CC[T>G]CT	-1	59738.0	1727648632
JG0139b	10	53267499	N:AC[T>C]CT	1	502496.0	1728151128
JG0139b	10	53769115	N:CA[C>A]GA	1	501616.0	1728652744
JG0139b	10	54659091	U:TG[T>G]TG	-1	889976.0	1729542720
JG0139b	10	54940153	T:TT[T>C]TT	1	281062.0	1729823782
JG0139b	10	55198361	T:AC[T>C]TC	1	258208.0	1730081990
JG0139b	10	55562743	U:CC[T>C]TC	-1	364382.0	1730446372
JG0139b	10	57179639	N:CC[T>C]GG	-1	1616896.0	1732063268
JG0139b	10	57247083	N:GC[T>G]TC	-1	67444.0	1732130712
JG0139b	10	57340806	N:AC[T>C]TC	-1	93723.0	1732224435
JG0139b	10	57554967	N:TT[T>G]TT	1	214161.0	1732438596
JG0139b	10	57903813	N:GC[T>C]TC	-1	348846.0	1732787442
JG0139b	10	57917338	N:AC[T>G]TT	1	13525.0	1732800967
JG0139b	10	58146273	N:AC[T>G]TT	-1	228935.0	1733029902
JG0139b	10	58180460	N:TC[T>G]CT	1	34187.0	1733064089
JG0139b	10	58352967	U:AC[T>G]TA	1	172507.0	1733236596
JG0139b	10	58381913	N:AC[T>C]TG	-1	28946.0	1733265542
JG0139b	10	59058391	N:CC[T>A]CT	1	676478.0	1733942020
JG0139b	10	59244131	T:AG[T>G]TC	-1	185740.0	1734127760
JG0139b	10	59452746	N:AC[T>C]TT	1	208615.0	1734336375
JG0139b	10	59701120	U:AG[T>G]TT	-1	248374.0	1734584749
JG0139b	10	59974070	N:AC[T>G]GT	1	272950.0	1734857699
JG0139b	10	60085611	T:TC[T>G]TT	1	111541.0	1734969240
JG0139b	10	60223839	T:TC[T>G]AC	1	138228.0	1735107468
JG0139b	10	60303274	T:AC[T>A]TA	1	79435.0	1735186903
JG0139b	10	60504005	U:AC[T>G]TC	-1	200731.0	1735387634
JG0139b	10	61328902	N:TC[T>A]TA	1	824897.0	1736212531
JG0139b	10	61432930	U:TC[T>G]TC	-1	104028.0	1736316559
JG0139b	10	61444859	T:GC[T>G]TC	1	11929.0	1736328488
JG0139b	10	61818061	N:TC[T>C]TG	-1	373202.0	1736701690
JG0139b	10	61914888	T:AC[T>C]CT	-1	96827.0	1736798517
JG0139b	10	62181984	N:CC[T>C]GA	1	267096.0	1737065613
JG0139b	10	62616147	U:GC[T>G]TC	1	434163.0	1737499776
JG0139b	10	62804359	N:CC[T>G]TG	-1	188212.0	1737687988
JG0139b	10	62808209	T:AG[T>G]TA	-1	3850.0	1737691838
JG0139b	10	62913379	N:AC[T>G]TA	-1	105170.0	1737797008
JG0139b	10	63159826	N:TG[T>G]TT	1	246447.0	1738043455
JG0139b	10	63329342	T:TC[T>A]CA	1	169516.0	1738212971
JG0139b	10	63340050	U:AG[T>G]CT	-1	10708.0	1738223679
JG0139b	10	63478842	N:CC[T>C]AC	1	138792.0	1738362471
JG0139b	10	63550243	T:GC[T>G]TT	-1	71401.0	1738433872
JG0139b	10	63865280	N:GC[T>A]TG	1	315037.0	1738748909
JG0139b	10	63987818	N:TC[T>A]CT	1	122538.0	1738871447
JG0139b	10	64020302	N:AC[T>C]TC	1	32484.0	1738903931
JG0139b	10	64236851	N:AC[T>A]TT	-1	216549.0	1739120480
JG0139b	10	64261755	N:TT[T>A]TG	-1	24904.0	1739145384
JG0139b	10	64500141	N:TC[T>G]AA	-1	238386.0	1739383770
JG0139b	10	64842805	N:AC[T>C]TG	-1	342664.0	1739726434
JG0139b	10	65196807	N:AG[T>C]CC	-1	354002.0	1740080436
JG0139b	10	65512688	N:AC[T>G]CC	-1	315881.0	1740396317
JG0139b	10	65604495	N:AC[T>G]TT	1	91807.0	1740488124
JG0139b	10	65936916	U:TG[T>A]TT	-1	332421.0	1740820545
JG0139b	10	66085339	U:CC[T>C]CA	-1	148423.0	1740968968
JG0139b	10	66127480	U:AC[T>A]TT	-1	42141.0	1741011109
JG0139b	10	66170640	U:CC[T>G]TT	-1	43160.0	1741054269
JG0139b	10	67268919	T:TG[T>G]CC	1	1098279.0	1742152548
JG0139b	10	67833639	T:TT[T>G]TG	1	564720.0	1742717268
JG0139b	10	68156216	U:CC[T>A]CA	1	322577.0	1743039845
JG0139b	10	68496585	T:TC[T>C]TT	1	340369.0	1743380214
JG0139b	10	69224660	T:TC[T>G]TT	-1	728075.0	1744108289
JG0139b	10	69409985	U:CC[T>C]TA	-1	185325.0	1744293614
JG0139b	10	69472473	U:TC[T>G]CA	1	62488.0	1744356102
JG0139b	10	69581757	N:AC[T>C]TT	1	109284.0	1744465386
JG0139b	10	69730919	N:TC[T>C]GC	1	149162.0	1744614548
JG0139b	10	69846927	T:AG[C>A]AC	-1	116008.0	1744730556
JG0139b	10	69981005	N:AC[T>A]CC	-1	134078.0	1744864634
JG0139b	10	70176152	N:CC[T>G]CG	1	195147.0	1745059781
JG0139b	10	70208274	U:GG[T>C]CT	-1	32122.0	1745091903
JG0139b	10	70212000	T:TC[T>G]TA	1	3726.0	1745095629
JG0139b	10	70760643	U:GC[T>A]CT	1	548643.0	1745644272
JG0139b	10	70863648	U:AG[T>C]CA	1	103005.0	1745747277
JG0139b	10	71038466	N:AC[T>G]TC	-1	174818.0	1745922095
JG0139b	10	71047992	N:TG[T>G]CT	-1	9526.0	1745931621
JG0139b	10	71119265	N:GT[C>A]AC	1	71273.0	1746002894
JG0139b	10	71846865	T:GC[T>A]TA	1	727600.0	1746730494
JG0139b	10	73060558	T:CC[T>G]GA	1	1213693.0	1747944187
JG0139b	10	73275319	U:TC[T>G]CT	-1	214761.0	1748158948
JG0139b	10	73321864	U:GG[T>G]TA	-1	46545.0	1748205493
JG0139b	10	73422814	N:CC[T>C]TT	-1	100950.0	1748306443
JG0139b	10	73568585	U:GC[T>C]TT	-1	145771.0	1748452214
JG0139b	10	73572987	U:TT[T>G]TA	-1	4402.0	1748456616
JG0139b	10	73809265	T:AG[T>C]CA	1	236278.0	1748692894
JG0139b	10	73987655	N:GC[T>A]TC	-1	178390.0	1748871284
JG0139b	10	74154835	U:GC[T>G]TA	1	167180.0	1749038464
JG0139b	10	74242248	T:GC[T>C]TT	-1	87413.0	1749125877
JG0139b	10	74641225	T:TA[T>G]TT	-1	398977.0	1749524854
JG0139b	10	74854968	U:TC[T>C]CC	1	213743.0	1749738597
JG0139b	10	74880383	U:TC[T>C]TT	1	25415.0	1749764012
JG0139b	10	75012578	U:GC[T>A]CA	1	132195.0	1749896207
JG0139b	10	75377167	N:AG[T>G]TT	1	364589.0	1750260796
JG0139b	10	75727735	U:AT[T>A]TT	1	350568.0	1750611364
JG0139b	10	75783935	U:TC[T>C]TA	1	56200.0	1750667564
JG0139b	10	75997623	T:AG[T>G]TT	-1	213688.0	1750881252
JG0139b	10	76457204	U:GC[T>C]TT	1	459581.0	1751340833
JG0139b	10	76496637	U:TC[T>G]TG	1	39433.0	1751380266
JG0139b	10	76606789	N:CC[T>C]TT	-1	110152.0	1751490418
JG0139b	10	76690342	N:TC[T>G]TC	1	83553.0	1751573971
JG0139b	10	76860922	N:CC[T>C]GG	-1	170580.0	1751744551
JG0139b	10	77413645	U:AC[C>T]AG	-1	552723.0	1752297274
JG0139b	10	77672780	N:CC[T>G]CT	1	259135.0	1752556409
JG0139b	10	77718301	N:GC[T>G]TC	1	45521.0	1752601930
JG0139b	10	77833061	T:CC[T>C]CA	1	114760.0	1752716690
JG0139b	10	77939758	N:GC[T>C]TT	1	106697.0	1752823387
JG0139b	10	78192271	N:CC[T>C]CG	-1	252513.0	1753075900
JG0139b	10	78341328	N:TC[T>A]TT	1	149057.0	1753224957
JG0139b	10	78368898	N:TG[C>A]TC	1	27570.0	1753252527
JG0139b	10	78941378	N:AG[T>G]TT	-1	572480.0	1753825007
JG0139b	10	79272717	U:TC[T>G]GG	1	331339.0	1754156346
JG0139b	10	79333912	N:TC[T>C]TT	-1	61195.0	1754217541
JG0139b	10	80476432	U:TT[T>A]TG	1	1142520.0	1755360061
JG0139b	10	80489301	T:TG[T>G]TG	-1	12869.0	1755372930
JG0139b	10	80825202	N:AC[T>G]TG	1	335901.0	1755708831
JG0139b	10	81257974	N:AG[T>G]TT	-1	432772.0	1756141603
JG0139b	10	81565976	N:AC[T>G]TC	-1	308002.0	1756449605
JG0139b	10	82379795	U:TC[T>C]GA	1	813819.0	1757263424
JG0139b	10	82397676	U:AC[T>C]TT	1	17881.0	1757281305
JG0139b	10	83267542	N:AC[T>G]TT	1	869866.0	1758151171
JG0139b	10	83287660	N:TC[T>C]TT	1	20118.0	1758171289
JG0139b	10	83378228	N:TG[T>A]TG	-1	90568.0	1758261857
JG0139b	10	83485054	N:CC[T>A]TT	1	106826.0	1758368683
JG0139b	10	83565988	N:TC[T>G]TT	1	80934.0	1758449617
JG0139b	10	83868828	N:GC[T>G]AC	-1	302840.0	1758752457
JG0139b	10	84181178	U:CG[T>G]GC	1	312350.0	1759064807
JG0139b	10	84688311	N:TC[T>C]TA	-1	507133.0	1759571940
JG0139b	10	85080431	N:AC[T>C]GT	1	392120.0	1759964060
JG0139b	10	85110373	N:AC[T>C]TC	1	29942.0	1759994002
JG0139b	10	85289431	N:TC[T>G]TG	-1	179058.0	1760173060
JG0139b	10	85298181	N:GC[T>C]CC	1	8750.0	1760181810
JG0139b	10	85363877	N:CC[T>C]TC	-1	65696.0	1760247506
JG0139b	10	85546127	N:CC[T>C]CT	1	182250.0	1760429756
JG0139b	10	85633775	U:GG[T>G]CA	-1	87648.0	1760517404
JG0139b	10	85656635	U:TG[T>G]TT	-1	22860.0	1760540264
JG0139b	10	85714453	U:AC[T>C]TC	-1	57818.0	1760598082
JG0139b	10	85957688	U:CC[T>C]GT	-1	243235.0	1760841317
JG0139b	10	86273250	T:TT[T>G]TT	1	315562.0	1761156879
JG0139b	10	87092167	U:GC[T>A]TT	-1	818917.0	1761975796
JG0139b	10	87829885	N:TT[T>G]AG	1	737718.0	1762713514
JG0139b	10	87891461	U:TC[T>G]TA	1	61576.0	1762775090
JG0139b	10	88070777	N:CA[T>G]TT	1	179316.0	1762954406
JG0139b	10	88212395	N:AC[T>C]GT	1	141618.0	1763096024
JG0139b	10	88615182	N:CC[T>G]GA	-1	402787.0	1763498811
JG0139b	10	88706943	N:TC[T>C]TA	-1	91761.0	1763590572
JG0139b	10	88743463	U:TC[T>G]TG	1	36520.0	1763627092
JG0139b	10	88771764	T:TC[T>G]AT	-1	28301.0	1763655393
JG0139b	10	88813095	T:CC[T>G]GC	-1	41331.0	1763696724
JG0139b	10	88876848	N:TC[T>G]TT	-1	63753.0	1763760477
JG0139b	10	89256647	T:AC[T>C]TG	1	379799.0	1764140276
JG0139b	10	89586542	T:AC[T>A]TT	1	329895.0	1764470171
JG0139b	10	90050066	N:TC[T>C]TG	1	463524.0	1764933695
JG0139b	10	90832686	U:CC[T>C]CC	-1	782620.0	1765716315
JG0139b	10	90973575	N:GC[C>A]AT	1	140889.0	1765857204
JG0139b	10	91003829	N:CC[T>G]TT	-1	30254.0	1765887458
JG0139b	10	91544199	N:GC[T>C]GA	1	540370.0	1766427828
JG0139b	10	91632029	T:CC[T>A]CA	1	87830.0	1766515658
JG0139b	10	92044990	N:TC[T>G]AT	-1	412961.0	1766928619
JG0139b	10	92214336	U:CC[T>C]CT	-1	169346.0	1767097965
JG0139b	10	93108700	N:AG[T>G]CT	1	894364.0	1767992329
JG0139b	10	93194646	N:TC[T>C]TG	-1	85946.0	1768078275
JG0139b	10	93396077	T:CA[T>G]TT	1	201431.0	1768279706
JG0139b	10	93816452	N:AT[T>G]TA	1	420375.0	1768700081
JG0139b	10	94400248	N:GC[C>A]CT	-1	583796.0	1769283877
JG0139b	10	95079800	N:AC[T>C]GC	-1	679552.0	1769963429
JG0139b	10	95636772	T:TG[T>G]TA	1	556972.0	1770520401
JG0139b	10	95940065	U:AC[T>C]TC	1	303293.0	1770823694
JG0139b	10	96167473	N:TC[T>C]TT	-1	227408.0	1771051102
JG0139b	10	96539034	U:AC[T>G]TA	-1	371561.0	1771422663
JG0139b	10	96977967	U:AC[T>C]AA	1	438933.0	1771861596
JG0139b	10	97108084	T:TC[T>A]TC	1	130117.0	1771991713
JG0139b	10	97161818	U:GC[T>C]CT	-1	53734.0	1772045447
JG0139b	10	97728894	N:CC[T>C]CC	1	567076.0	1772612523
JG0139b	10	97751569	U:AC[T>G]TG	1	22675.0	1772635198
JG0139b	10	97858095	U:TC[T>C]CT	1	106526.0	1772741724
JG0139b	10	97876966	T:TT[T>G]TT	1	18871.0	1772760595
JG0139b	10	97952740	T:GC[T>A]TT	1	75774.0	1772836369
JG0139b	10	98332201	N:GC[T>G]TT	1	379461.0	1773215830
JG0139b	10	98446276	T:GC[T>G]TC	1	114075.0	1773329905
JG0139b	10	98535257	T:TC[T>C]TG	1	88981.0	1773418886
JG0139b	10	98743205	T:CC[T>C]CG	1	207948.0	1773626834
JG0139b	10	99397089	U:TT[C>G]TG	-1	653884.0	1774280718
JG0139b	10	99642612	N:AC[T>G]CC	-1	245523.0	1774526241
JG0139b	10	99834023	U:CC[T>A]CT	1	191411.0	1774717652
JG0139b	10	100205020	T:AA[T>G]TC	1	370997.0	1775088649
JG0139b	10	100249779	T:GG[T>G]TT	1	44759.0	1775133408
JG0139b	10	100940110	U:AC[T>G]TT	1	690331.0	1775823739
JG0139b	10	101028853	U:CC[T>A]CT	-1	88743.0	1775912482
JG0139b	10	101284947	N:GC[T>A]TC	-1	256094.0	1776168576
JG0139b	10	101403696	U:GA[T>C]CT	1	118749.0	1776287325
JG0139b	10	101439309	T:GC[T>C]TT	-1	35613.0	1776322938
JG0139b	10	101619115	T:GC[T>C]TT	1	179806.0	1776502744
JG0139b	10	101728434	N:CT[C>G]TC	1	109319.0	1776612063
JG0139b	10	101809364	U:CT[T>A]CT	-1	80930.0	1776692993
JG0139b	10	101924749	T:AC[T>A]TT	1	115385.0	1776808378
JG0139b	10	101944716	U:CC[T>C]CA	-1	19967.0	1776828345
JG0139b	10	101988945	U:GC[T>A]TT	-1	44229.0	1776872574
JG0139b	10	102032238	U:AG[T>G]TT	-1	43293.0	1776915867
JG0139b	10	102085318	N:AC[T>C]CA	1	53080.0	1776968947
JG0139b	10	102444228	N:TT[T>G]TT	1	358910.0	1777327857
JG0139b	10	102933998	U:GC[T>A]TA	1	489770.0	1777817627
JG0139b	10	102948978	T:GC[T>A]TC	-1	14980.0	1777832607
JG0139b	10	102969765	U:CC[T>C]CC	1	20787.0	1777853394
JG0139b	10	103185720	T:TC[T>C]CT	1	215955.0	1778069349
JG0139b	10	103363772	N:CC[T>G]CT	1	178052.0	1778247401
JG0139b	10	103452966	N:CC[T>C]TG	-1	89194.0	1778336595
JG0139b	10	103644727	T:CC[T>C]GT	1	191761.0	1778528356
JG0139b	10	104080894	T:TC[T>C]TT	1	436167.0	1778964523
JG0139b	10	104122051	N:GC[T>G]GA	1	41157.0	1779005680
JG0139b	10	104381219	T:GC[T>C]CC	-1	259168.0	1779264848
JG0139b	10	104396152	T:AC[T>C]CC	-1	14933.0	1779279781
JG0139b	10	104476041	N:CC[T>C]CT	-1	79889.0	1779359670
JG0139b	10	104779833	U:AC[T>G]CT	1	303792.0	1779663462
JG0139b	10	104792376	T:CC[T>G]CA	-1	12543.0	1779676005
JG0139b	10	104972317	T:AA[T>G]CT	-1	179941.0	1779855946
JG0139b	10	105912065	N:AC[T>G]CT	1	939748.0	1780795694
JG0139b	10	106054801	N:GC[T>C]TA	1	142736.0	1780938430
JG0139b	10	106108056	N:GC[T>G]TA	-1	53255.0	1780991685
JG0139b	10	106372412	N:AC[T>A]TA	1	264356.0	1781256041
JG0139b	10	106551966	N:AG[T>A]CT	-1	179554.0	1781435595
JG0139b	10	107100255	T:CC[T>G]GT	1	548289.0	1781983884
JG0139b	10	107466023	N:CC[T>G]TC	-1	365768.0	1782349652
JG0139b	10	107495906	N:CC[T>C]GG	-1	29883.0	1782379535
JG0139b	10	107514651	N:TC[T>G]TT	-1	18745.0	1782398280
JG0139b	10	107604532	N:TC[T>G]TT	-1	89881.0	1782488161
JG0139b	10	107730037	N:TC[T>C]TT	1	125505.0	1782613666
JG0139b	10	108514907	N:GC[T>G]TT	1	784870.0	1783398536
JG0139b	10	108915830	N:GC[T>G]TC	-1	400923.0	1783799459
JG0139b	10	109648440	N:CC[T>A]TA	-1	732610.0	1784532069
JG0139b	10	109653238	N:GG[T>G]CT	1	4798.0	1784536867
JG0139b	10	109978026	N:AC[T>G]TG	-1	324788.0	1784861655
JG0139b	10	110026594	T:GA[C>G]TT	-1	48568.0	1784910223
JG0139b	10	110121724	U:TC[T>C]TT	1	95130.0	1785005353
JG0139b	10	110391812	N:CC[T>C]GG	-1	270088.0	1785275441
JG0139b	10	110583839	T:TC[T>G]GT	-1	192027.0	1785467468
JG0139b	10	110802641	T:TC[T>G]CC	-1	218802.0	1785686270
JG0139b	10	110836560	U:TC[T>A]TC	1	33919.0	1785720189
JG0139b	10	111065007	N:GT[T>G]CA	-1	228447.0	1785948636
JG0139b	10	111190884	N:TC[T>G]TG	1	125877.0	1786074513
JG0139b	10	111278278	N:AC[T>C]CA	-1	87394.0	1786161907
JG0139b	10	111572468	N:TC[T>G]TA	-1	294190.0	1786456097
JG0139b	10	111584043	N:TC[T>C]GG	-1	11575.0	1786467672
JG0139b	10	111863380	N:AC[T>C]TT	1	279337.0	1786747009
JG0139b	10	111949306	N:AC[T>G]TA	-1	85926.0	1786832935
JG0139b	10	112077713	N:TG[T>G]TT	-1	128407.0	1786961342
JG0139b	10	112115193	N:CC[T>A]CC	-1	37480.0	1786998822
JG0139b	10	112308865	N:CC[T>C]TC	1	193672.0	1787192494
JG0139b	10	112351894	N:GC[T>C]TG	1	43029.0	1787235523
JG0139b	10	112491985	T:TC[T>G]CT	-1	140091.0	1787375614
JG0139b	10	112799631	U:GC[T>G]TC	1	307646.0	1787683260
JG0139b	10	113508058	N:CC[T>C]TT	1	708427.0	1788391687
JG0139b	10	113554686	U:AG[T>C]CG	1	46628.0	1788438315
JG0139b	10	113815251	N:AT[C>A]AT	1	260565.0	1788698880
JG0139b	10	113938455	N:CC[T>G]TG	1	123204.0	1788822084
JG0139b	10	114017057	N:AG[T>G]TT	1	78602.0	1788900686
JG0139b	10	114766774	N:TG[T>C]TC	-1	749717.0	1789650403
JG0139b	10	114924047	N:TT[T>G]CT	-1	157273.0	1789807676
JG0139b	10	115000553	N:TC[T>G]TT	-1	76506.0	1789884182
JG0139b	10	115206402	T:TA[T>C]TG	-1	205849.0	1790090031
JG0139b	10	115538934	U:TG[T>G]TA	1	332532.0	1790422563
JG0139b	10	115900666	U:GC[T>G]CA	1	361732.0	1790784295
JG0139b	10	115969061	N:CT[T>C]TG	1	68395.0	1790852690
JG0139b	10	116898888	B:TC[T>C]TT	1	929827.0	1791782517
JG0139b	10	117023032	T:GG[T>C]CT	1	124144.0	1791906661
JG0139b	10	117093111	T:CC[T>C]CA	1	70079.0	1791976740
JG0139b	10	117520483	N:TT[T>G]TT	-1	427372.0	1792404112
JG0139b	10	117859955	N:TC[T>G]TC	-1	339472.0	1792743584
JG0139b	10	117864606	N:CC[T>C]TT	1	4651.0	1792748235
JG0139b	10	118093940	N:CC[T>G]TC	-1	229334.0	1792977569
JG0139b	10	118185011	N:AA[T>G]CC	1	91071.0	1793068640
JG0139b	10	118327015	T:GC[T>A]TA	1	142004.0	1793210644
JG0139b	10	118663430	N:CC[T>C]TC	-1	336415.0	1793547059
JG0139b	10	118794516	N:CC[T>C]CT	1	131086.0	1793678145
JG0139b	10	119154889	U:AG[T>A]CT	-1	360373.0	1794038518
JG0139b	10	119314682	T:CC[T>C]GT	-1	159793.0	1794198311
JG0139b	10	119331383	U:CC[T>C]TC	1	16701.0	1794215012
JG0139b	10	119604326	N:GC[T>C]CA	1	272943.0	1794487955
JG0139b	10	119869128	T:GC[T>G]TT	1	264802.0	1794752757
JG0139b	10	120626706	N:TC[T>G]CA	1	757578.0	1795510335
JG0139b	10	120631647	N:TC[T>C]TT	-1	4941.0	1795515276
JG0139b	10	120639876	N:GC[T>C]GA	1	8229.0	1795523505
JG0139b	10	121024996	N:TT[T>G]TC	-1	385120.0	1795908625
JG0139b	10	121098180	N:GC[T>G]TT	1	73184.0	1795981809
JG0139b	10	121161518	N:GC[T>A]AA	1	63338.0	1796045147
JG0139b	10	121342943	N:AC[T>A]GA	1	181425.0	1796226572
JG0139b	10	121410673	N:TC[T>C]TG	1	67730.0	1796294302
JG0139b	10	121789997	T:AG[T>G]TT	1	379324.0	1796673626
JG0139b	10	121899793	U:TC[T>A]TG	-1	109796.0	1796783422
JG0139b	10	122188673	U:AC[T>A]CC	1	288880.0	1797072302
JG0139b	10	122338915	N:CA[T>G]TT	1	150242.0	1797222544
JG0139b	10	122791629	N:GC[T>G]CA	-1	452714.0	1797675258
JG0139b	10	123571247	N:CC[T>C]CC	-1	779618.0	1798454876
JG0139b	10	123611639	N:GA[T>C]GT	1	40392.0	1798495268
JG0139b	10	123665750	N:AC[T>C]CG	-1	54111.0	1798549379
JG0139b	10	123837143	U:GC[T>C]TT	-1	171393.0	1798720772
JG0139b	10	123905199	N:AT[T>G]TC	-1	68056.0	1798788828
JG0139b	10	123982278	N:AG[T>G]TT	1	77079.0	1798865907
JG0139b	10	124086985	U:GC[T>C]CT	-1	104707.0	1798970614
JG0139b	10	124148592	N:AG[T>C]GA	1	61607.0	1799032221
JG0139b	10	124333377	N:TC[T>G]CC	1	184785.0	1799217006
JG0139b	10	124612025	U:GC[T>A]GT	1	278648.0	1799495654
JG0139b	10	124715836	U:CG[T>G]TA	-1	103811.0	1799599465
JG0139b	10	125321088	N:TT[T>C]AT	1	605252.0	1800204717
JG0139b	10	125704066	N:TC[T>C]TC	1	382978.0	1800587695
JG0139b	10	125730433	T:CA[T>G]TT	-1	26367.0	1800614062
JG0139b	10	125738807	U:AC[T>A]TT	1	8374.0	1800622436
JG0139b	10	125825393	T:CC[T>C]TA	-1	86586.0	1800709022
JG0139b	10	125825920	T:AG[T>G]AC	-1	527.0	1800709549
JG0139b	10	126241334	U:TC[T>C]GC	-1	415414.0	1801124963
JG0139b	10	126346394	T:TG[T>G]TA	1	105060.0	1801230023
JG0139b	10	126552168	T:TC[T>G]TC	1	205774.0	1801435797
JG0139b	10	126609922	T:TC[T>A]TC	1	57754.0	1801493551
JG0139b	10	126836947	N:AC[T>C]CT	-1	227025.0	1801720576
JG0139b	10	126928022	U:AC[T>A]CT	1	91075.0	1801811651
JG0139b	10	127061808	U:TC[T>C]CC	1	133786.0	1801945437
JG0139b	10	127299968	U:TC[T>C]CA	1	238160.0	1802183597
JG0139b	10	127305418	U:AC[T>G]TG	1	5450.0	1802189047
JG0139b	10	127430398	U:GC[T>G]TC	1	124980.0	1802314027
JG0139b	10	127446844	T:TG[T>G]TG	-1	16446.0	1802330473
JG0139b	10	127562123	N:TC[T>G]TA	1	115279.0	1802445752
JG0139b	10	127592388	N:TC[T>A]TC	1	30265.0	1802476017
JG0139b	10	127741856	N:AC[T>G]TT	1	149468.0	1802625485
JG0139b	10	127856271	N:CC[T>C]GG	1	114415.0	1802739900
JG0139b	10	128139871	N:CG[T>G]GA	1	283600.0	1803023500
JG0139b	10	128159494	N:GC[T>G]TG	1	19623.0	1803043123
JG0139b	10	128227343	N:TC[T>G]TT	1	67849.0	1803110972
JG0139b	10	128379863	N:CC[T>C]CA	1	152520.0	1803263492
JG0139b	10	128540952	N:TC[T>G]TT	1	161089.0	1803424581
JG0139b	10	128547383	N:CC[T>C]CT	-1	6431.0	1803431012
JG0139b	10	128694219	N:TC[T>C]TA	1	146836.0	1803577848
JG0139b	10	128937521	N:GC[T>C]TT	1	243302.0	1803821150
JG0139b	10	129374765	N:GC[T>C]GG	1	437244.0	1804258394
JG0139b	10	129448032	N:CG[T>C]CA	1	73267.0	1804331661
JG0139b	10	129495459	T:GC[T>A]TC	-1	47427.0	1804379088
JG0139b	10	129608091	U:TA[T>C]CA	1	112632.0	1804491720
JG0139b	10	130155616	T:CC[T>C]CC	-1	547525.0	1805039245
JG0139b	10	130335307	N:CC[T>G]TG	-1	179691.0	1805218936
JG0139b	10	130394518	N:GC[T>C]CA	-1	59211.0	1805278147
JG0139b	10	130444203	N:AC[T>C]CA	1	49685.0	1805327832
JG0139b	10	130473489	N:TC[T>G]TG	1	29286.0	1805357118
JG0139b	10	130694564	N:GC[T>G]CA	1	221075.0	1805578193
JG0139b	10	130801377	N:CC[T>G]CA	1	106813.0	1805685006
JG0139b	10	130835315	N:AC[T>A]CC	-1	33938.0	1805718944
JG0139b	10	130900432	N:GG[T>G]GC	1	65117.0	1805784061
JG0139b	10	131023890	N:GC[T>G]GG	1	123458.0	1805907519
JG0139b	10	131186732	T:GC[T>A]CT	1	162842.0	1806070361
JG0139b	10	131217108	T:TC[T>C]CA	1	30376.0	1806100737
JG0139b	10	131362479	N:TC[T>C]TA	1	145371.0	1806246108
JG0139b	10	131680845	N:AC[T>C]TG	1	318366.0	1806564474
JG0139b	10	131729144	N:TC[T>C]TT	1	48299.0	1806612773
JG0139b	10	131988000	N:CC[T>C]TT	1	258856.0	1806871629
JG0139b	10	132370842	U:AC[T>A]CA	1	382842.0	1807254471
JG0139b	10	132402693	T:TC[T>C]CC	-1	31851.0	1807286322
JG0139b	10	132662550	U:AG[T>C]CT	1	259857.0	1807546179
JG0139b	10	132743483	U:CC[T>G]TG	1	80933.0	1807627112
JG0139b	10	133040838	N:TC[T>C]CC	-1	297355.0	1807924467
JG0139b	10	133042915	N:AA[C>A]AT	1	2077.0	1807926544
JG0139b	10	133114426	U:CC[T>G]CA	1	71511.0	1807998055
JG0139b	11	61286	N:TC[T>G]TG	-1		1808742337
JG0139b	11	237084	T:TC[T>G]GG	-1	175798.0	1808918135
JG0139b	11	369141	N:AC[T>C]GT	1	132057.0	1809050192
JG0139b	11	538683	T:GC[T>A]TT	-1	169542.0	1809219734
JG0139b	11	661108	U:TC[T>A]CC	-1	122425.0	1809342159
JG0139b	11	793863	U:GC[T>G]GC	-1	132755.0	1809474914
JG0139b	11	818384	N:TC[T>C]TG	1	24521.0	1809499435
JG0139b	11	1459617	T:CC[T>C]CC	-1	641233.0	1810140668
JG0139b	11	1783002	N:GG[T>G]TC	-1	323385.0	1810464053
JG0139b	11	1991749	N:AC[T>G]CA	-1	208747.0	1810672800
JG0139b	11	2013842	N:GC[T>A]CC	-1	22093.0	1810694893
JG0139b	11	2215808	N:CC[T>C]CA	-1	201966.0	1810896859
JG0139b	11	2537045	T:GG[T>G]CA	-1	321237.0	1811218096
JG0139b	11	2592619	T:CC[T>C]TC	-1	55574.0	1811273670
JG0139b	11	2889824	T:TG[T>G]TC	1	297205.0	1811570875
JG0139b	11	3133948	U:TC[T>C]TC	-1	244124.0	1811814999
JG0139b	11	3461022	N:GC[T>G]TG	1	327074.0	1812142073
JG0139b	11	3500943	N:CC[T>C]TT	1	39921.0	1812181994
JG0139b	11	3566979	N:TC[T>G]TA	-1	66036.0	1812248030
JG0139b	11	3619964	N:AC[T>C]CC	1	52985.0	1812301015
JG0139b	11	3680579	T:TC[T>C]CA	1	60615.0	1812361630
JG0139b	11	3842567	N:AC[T>G]TA	1	161988.0	1812523618
JG0139b	11	3936589	U:GC[T>C]CC	1	94022.0	1812617640
JG0139b	11	4000118	T:CC[T>C]CC	-1	63529.0	1812681169
JG0139b	11	4086547	T:AC[C>A]AA	-1	86429.0	1812767598
JG0139b	11	4157118	N:CC[T>C]TT	-1	70571.0	1812838169
JG0139b	11	4275930	N:TG[T>G]TT	-1	118812.0	1812956981
JG0139b	11	4317642	N:CC[T>C]AA	-1	41712.0	1812998693
JG0139b	11	4482299	N:TC[T>G]TC	-1	164657.0	1813163350
JG0139b	11	4740889	N:GC[T>C]TT	-1	258590.0	1813421940
JG0139b	11	5023496	N:AG[T>G]TT	-1	282607.0	1813704547
JG0139b	11	5069687	N:CC[T>G]TG	1	46191.0	1813750738
JG0139b	11	5094121	N:TC[T>G]TC	-1	24434.0	1813775172
JG0139b	11	5306082	T:GC[T>A]CA	1	211961.0	1813987133
JG0139b	11	5378498	U:TC[T>C]TT	-1	72416.0	1814059549
JG0139b	11	5446625	U:AG[T>C]CA	-1	68127.0	1814127676
JG0139b	11	5886968	B:AA[T>G]TA	-1	440343.0	1814568019
JG0139b	11	5985378	N:GC[T>G]CT	-1	98410.0	1814666429
JG0139b	11	6310577	N:GC[T>A]CT	-1	325199.0	1814991628
JG0139b	11	6643924	T:GC[T>A]TA	1	333347.0	1815324975
JG0139b	11	6848653	N:GC[T>G]TC	-1	204729.0	1815529704
JG0139b	11	6856986	N:GC[T>A]GA	-1	8333.0	1815538037
JG0139b	11	6865436	U:CC[T>G]TA	1	8450.0	1815546487
JG0139b	11	6947887	U:TC[T>C]CA	1	82451.0	1815628938
JG0139b	11	6995876	N:CC[T>G]CA	1	47989.0	1815676927
JG0139b	11	7037941	T:AC[T>C]TT	-1	42065.0	1815718992
JG0139b	11	7214182	N:CC[T>G]TT	-1	176241.0	1815895233
JG0139b	11	7235789	N:CC[T>C]GT	-1	21607.0	1815916840
JG0139b	11	7708828	N:CC[T>G]TC	1	473039.0	1816389879
JG0139b	11	7804185	N:TC[T>G]TA	-1	95357.0	1816485236
JG0139b	11	7881028	N:AC[T>G]TA	-1	76843.0	1816562079
JG0139b	11	7903148	N:CC[T>A]TA	1	22120.0	1816584199
JG0139b	11	8105435	U:AA[T>G]TT	1	202287.0	1816786486
JG0139b	11	8192130	N:GC[T>A]CT	1	86695.0	1816873181
JG0139b	11	8268920	N:TC[T>C]GG	-1	76790.0	1816949971
JG0139b	11	8331607	N:TC[T>C]CC	-1	62687.0	1817012658
JG0139b	11	8465007	T:CG[T>C]TG	1	133400.0	1817146058
JG0139b	11	8550611	U:AC[T>G]TT	-1	85604.0	1817231662
JG0139b	11	8685960	U:CC[T>C]CA	1	135349.0	1817367011
JG0139b	11	8928796	T:CC[T>C]TG	1	242836.0	1817609847
JG0139b	11	9181005	T:AC[T>A]CC	1	252209.0	1817862056
JG0139b	11	9249874	U:TG[T>C]CT	-1	68869.0	1817930925
JG0139b	11	9367315	N:AC[T>G]TT	-1	117441.0	1818048366
JG0139b	11	9584580	T:CC[T>C]TG	-1	217265.0	1818265631
JG0139b	11	9618872	N:TC[T>C]TT	-1	34292.0	1818299923
JG0139b	11	9648509	N:AC[T>A]TA	-1	29637.0	1818329560
JG0139b	11	9693920	T:CC[T>G]AC	-1	45411.0	1818374971
JG0139b	11	9746063	T:TG[T>G]TG	-1	52143.0	1818427114
JG0139b	11	9777893	N:GC[T>G]CA	-1	31830.0	1818458944
JG0139b	11	9858222	T:TC[T>A]TA	1	80329.0	1818539273
JG0139b	11	9928599	T:TA[T>G]TT	1	70377.0	1818609650
JG0139b	11	9980910	U:TC[T>C]TT	-1	52311.0	1818661961
JG0139b	11	10071262	T:TC[T>A]CT	1	90352.0	1818752313
JG0139b	11	10215525	U:CC[T>C]TG	-1	144263.0	1818896576
JG0139b	11	10306752	T:TC[T>A]CC	-1	91227.0	1818987803
JG0139b	11	10508856	T:AC[T>C]CG	1	202104.0	1819189907
JG0139b	11	10978540	N:TG[T>C]CT	-1	469684.0	1819659591
JG0139b	11	11106562	N:GC[T>C]GA	1	128022.0	1819787613
JG0139b	11	11244995	N:TC[T>C]CT	1	138433.0	1819926046
JG0139b	11	11453862	T:AG[T>C]CT	1	208867.0	1820134913
JG0139b	11	11461067	U:AC[T>C]GA	-1	7205.0	1820142118
JG0139b	11	11651711	N:TC[T>C]CA	-1	190644.0	1820332762
JG0139b	11	11672880	N:TG[T>G]TA	-1	21169.0	1820353931
JG0139b	11	11742635	N:AC[T>C]CT	1	69755.0	1820423686
JG0139b	11	11773366	N:TC[T>C]GC	1	30731.0	1820454417
JG0139b	11	12085234	N:TC[T>G]AA	1	311868.0	1820766285
JG0139b	11	12238990	U:GC[T>G]TC	1	153756.0	1820920041
JG0139b	11	12387515	U:TC[T>C]TC	1	148525.0	1821068566
JG0139b	11	12464245	U:TC[T>C]TG	1	76730.0	1821145296
JG0139b	11	12907204	U:GC[T>C]GG	1	442959.0	1821588255
JG0139b	11	13478936	N:GG[T>G]TC	1	571732.0	1822159987
JG0139b	11	13659518	N:AG[T>G]TA	-1	180582.0	1822340569
JG0139b	11	13691263	T:GC[T>C]TC	-1	31745.0	1822372314
JG0139b	11	13768080	N:AT[T>C]CA	1	76817.0	1822449131
JG0139b	11	13834910	N:AT[T>G]TT	1	66830.0	1822515961
JG0139b	11	13981515	T:CG[T>C]CT	-1	146605.0	1822662566
JG0139b	11	14158086	T:TG[T>A]CA	-1	176571.0	1822839137
JG0139b	11	14435964	N:GC[T>G]CT	-1	277878.0	1823117015
JG0139b	11	14727088	T:AC[T>C]TT	-1	291124.0	1823408139
JG0139b	11	15190099	U:CC[T>G]TT	1	463011.0	1823871150
JG0139b	11	15253240	N:CC[T>C]TA	-1	63141.0	1823934291
JG0139b	11	15518241	N:GC[T>C]AA	1	265001.0	1824199292
JG0139b	11	15525716	N:AC[T>G]TC	-1	7475.0	1824206767
JG0139b	11	15642595	N:GC[T>A]CC	-1	116879.0	1824323646
JG0139b	11	15681590	N:AC[T>A]TT	-1	38995.0	1824362641
JG0139b	11	15714517	N:GC[T>C]TG	-1	32927.0	1824395568
JG0139b	11	15895449	N:CC[T>G]TC	1	180932.0	1824576500
JG0139b	11	16058319	T:GA[T>G]TT	1	162870.0	1824739370
JG0139b	11	16182830	U:CC[T>G]TG	-1	124511.0	1824863881
JG0139b	11	16333162	U:CC[T>G]TG	-1	150332.0	1825014213
JG0139b	11	16414872	U:TC[T>C]CA	-1	81710.0	1825095923
JG0139b	11	16431313	U:TC[T>C]CA	-1	16441.0	1825112364
JG0139b	11	16514412	N:TC[T>G]TT	-1	83099.0	1825195463
JG0139b	11	16517944	N:CC[T>G]CT	1	3532.0	1825198995
JG0139b	11	16607598	N:AG[T>G]TT	1	89654.0	1825288649
JG0139b	11	16609386	N:CC[T>G]TA	1	1788.0	1825290437
JG0139b	11	16755106	U:AC[T>C]CC	1	145720.0	1825436157
JG0139b	11	16882582	T:AC[T>G]GT	1	127476.0	1825563633
JG0139b	11	16931313	T:GC[T>G]TG	1	48731.0	1825612364
JG0139b	11	17259761	T:AG[T>C]TT	-1	328448.0	1825940812
JG0139b	11	17441630	U:AC[T>C]TC	-1	181869.0	1826122681
JG0139b	11	17500037	U:TC[T>G]TC	-1	58407.0	1826181088
JG0139b	11	17523295	U:CC[T>C]CG	-1	23258.0	1826204346
JG0139b	11	17781107	U:TC[T>C]CC	1	257812.0	1826462158
JG0139b	11	17898489	U:TC[T>G]TA	-1	117382.0	1826579540
JG0139b	11	18099991	U:CC[T>C]TT	-1	201502.0	1826781042
JG0139b	11	18153847	N:GC[T>C]GA	1	53856.0	1826834898
JG0139b	11	18247216	T:TC[T>G]TG	1	93369.0	1826928267
JG0139b	11	18260449	N:CC[T>G]CG	1	13233.0	1826941500
JG0139b	11	18668156	N:AG[T>G]TC	1	407707.0	1827349207
JG0139b	11	18916332	N:TC[T>G]TG	1	248176.0	1827597383
JG0139b	11	19450282	U:AC[T>C]TA	1	533950.0	1828131333
JG0139b	11	19452851	T:GG[T>G]CC	-1	2569.0	1828133902
JG0139b	11	19474702	T:TC[T>A]TT	-1	21851.0	1828155753
JG0139b	11	19527008	U:TC[T>C]CC	1	52306.0	1828208059
JG0139b	11	19561643	T:AC[T>C]TA	-1	34635.0	1828242694
JG0139b	11	19569880	T:CC[T>G]TC	-1	8237.0	1828250931
JG0139b	11	19905494	T:GC[T>C]CT	-1	335614.0	1828586545
JG0139b	11	19966021	U:TC[T>G]TA	1	60527.0	1828647072
JG0139b	11	20015712	T:AC[T>C]TT	-1	49691.0	1828696763
JG0139b	11	20100134	U:CC[T>G]TT	1	84422.0	1828781185
JG0139b	11	20331885	N:GC[T>C]CA	-1	231751.0	1829012936
JG0139b	11	20488856	U:CC[T>G]TT	1	156971.0	1829169907
JG0139b	11	20560077	N:GC[T>C]CA	1	71221.0	1829241128
JG0139b	11	20828976	T:AC[T>C]TG	-1	268899.0	1829510027
JG0139b	11	20990265	U:CC[T>C]CA	1	161289.0	1829671316
JG0139b	11	21114344	T:CC[T>C]TA	-1	124079.0	1829795395
JG0139b	11	21275127	T:TC[T>G]TT	-1	160783.0	1829956178
JG0139b	11	21337753	U:TC[T>C]TT	1	62626.0	1830018804
JG0139b	11	21584171	N:GT[C>A]AC	1	246418.0	1830265222
JG0139b	11	21869296	N:AC[T>G]TA	1	285125.0	1830550347
JG0139b	11	21874904	N:AC[T>A]TA	-1	5608.0	1830555955
JG0139b	11	22013216	N:TC[T>C]TC	1	138312.0	1830694267
JG0139b	11	22055027	N:GA[T>G]TC	1	41811.0	1830736078
JG0139b	11	22117218	N:AG[T>C]AT	1	62191.0	1830798269
JG0139b	11	22438013	N:AC[T>C]CT	-1	320795.0	1831119064
JG0139b	11	22559704	N:AC[T>A]TT	1	121691.0	1831240755
JG0139b	11	22638067	T:TG[T>G]TC	-1	78363.0	1831319118
JG0139b	11	22673692	T:CC[T>A]CA	-1	35625.0	1831354743
JG0139b	11	22944183	N:GG[T>G]CA	1	270491.0	1831625234
JG0139b	11	23080532	N:CC[T>C]CT	-1	136349.0	1831761583
JG0139b	11	23363802	N:TC[T>C]CC	1	283270.0	1832044853
JG0139b	11	23406226	N:GC[T>C]GG	-1	42424.0	1832087277
JG0139b	11	23859981	N:GC[T>C]TG	-1	453755.0	1832541032
JG0139b	11	24122115	N:TC[T>C]CT	-1	262134.0	1832803166
JG0139b	11	24143522	N:GC[T>A]TC	-1	21407.0	1832824573
JG0139b	11	24295617	N:CC[T>C]TG	-1	152095.0	1832976668
JG0139b	11	24359940	N:TC[T>A]CT	-1	64323.0	1833040991
JG0139b	11	24389899	N:TT[T>C]TG	-1	29959.0	1833070950
JG0139b	11	24397120	N:AG[T>C]CA	-1	7221.0	1833078171
JG0139b	11	24474757	N:TC[T>G]TG	1	77637.0	1833155808
JG0139b	11	24488586	N:TG[T>G]TC	-1	13829.0	1833169637
JG0139b	11	24578446	T:CC[T>G]AC	-1	89860.0	1833259497
JG0139b	11	24597725	U:TC[T>C]CC	1	19279.0	1833278776
JG0139b	11	24702858	T:AC[T>C]CA	-1	105133.0	1833383909
JG0139b	11	25032713	T:TC[T>C]CT	-1	329855.0	1833713764
JG0139b	11	25090161	N:AC[T>G]TC	-1	57448.0	1833771212
JG0139b	11	25223098	N:CC[T>C]TC	1	132937.0	1833904149
JG0139b	11	25225414	N:AC[T>C]TA	1	2316.0	1833906465
JG0139b	11	25258285	N:TC[T>C]TC	1	32871.0	1833939336
JG0139b	11	25289169	N:TC[T>G]TG	1	30884.0	1833970220
JG0139b	11	25538238	N:CC[T>G]TC	1	249069.0	1834219289
JG0139b	11	25538403	N:AC[T>G]TT	1	165.0	1834219454
JG0139b	11	25857030	N:TC[T>C]TC	-1	318627.0	1834538081
JG0139b	11	25910390	N:CC[T>C]CT	-1	53360.0	1834591441
JG0139b	11	25913040	N:TC[T>G]TC	-1	2650.0	1834594091
JG0139b	11	26263264	N:TC[T>G]TT	1	350224.0	1834944315
JG0139b	11	26466517	U:AC[T>C]CC	1	203253.0	1835147568
JG0139b	11	26478699	T:GC[T>G]TG	-1	12182.0	1835159750
JG0139b	11	27261702	N:CG[T>G]GC	1	783003.0	1835942753
JG0139b	11	27341201	T:TA[T>G]TT	1	79499.0	1836022252
JG0139b	11	27527076	N:GC[T>C]CT	1	185875.0	1836208127
JG0139b	11	27585899	N:AC[T>C]TA	1	58823.0	1836266950
JG0139b	11	27613019	N:TC[T>G]TG	-1	27120.0	1836294070
JG0139b	11	27752920	N:CC[T>A]TG	-1	139901.0	1836433971
JG0139b	11	27814280	N:CC[T>C]GC	1	61360.0	1836495331
JG0139b	11	27828416	N:TC[T>C]TA	1	14136.0	1836509467
JG0139b	11	27965182	N:TC[T>G]CC	1	136766.0	1836646233
JG0139b	11	28048078	U:CC[T>G]CT	-1	82896.0	1836729129
JG0139b	11	28218913	U:AC[T>G]TG	1	170835.0	1836899964
JG0139b	11	28259942	U:AC[T>C]CC	1	41029.0	1836940993
JG0139b	11	28318275	T:AC[T>C]TC	-1	58333.0	1836999326
JG0139b	11	28488442	N:AC[T>C]TT	1	170167.0	1837169493
JG0139b	11	28772608	N:TC[T>G]TT	1	284166.0	1837453659
JG0139b	11	28922250	N:TC[T>G]TT	1	149642.0	1837603301
JG0139b	11	29155166	N:GG[T>C]CT	1	232916.0	1837836217
JG0139b	11	29172059	N:GC[T>C]TT	-1	16893.0	1837853110
JG0139b	11	29241952	N:GC[T>G]TA	1	69893.0	1837923003
JG0139b	11	29341544	N:TG[T>G]CT	-1	99592.0	1838022595
JG0139b	11	29348602	N:TC[T>G]CA	1	7058.0	1838029653
JG0139b	11	29435812	N:CC[T>G]TC	1	87210.0	1838116863
JG0139b	11	29472823	N:AC[T>C]TA	1	37011.0	1838153874
JG0139b	11	29932675	N:GC[T>C]TG	-1	459852.0	1838613726
JG0139b	11	30084294	N:AC[T>C]TT	-1	151619.0	1838765345
JG0139b	11	30159753	N:AC[T>C]CC	-1	75459.0	1838840804
JG0139b	11	30236531	N:AC[T>A]TA	1	76778.0	1838917582
JG0139b	11	30398638	T:CC[T>G]GT	1	162107.0	1839079689
JG0139b	11	30524331	U:CC[T>C]CA	-1	125693.0	1839205382
JG0139b	11	30551154	T:AC[T>C]CT	1	26823.0	1839232205
JG0139b	11	31031809	U:TC[T>C]CT	-1	480655.0	1839712860
JG0139b	11	31188990	U:CC[T>C]CA	-1	157181.0	1839870041
JG0139b	11	31452345	T:TC[T>C]TT	1	263355.0	1840133396
JG0139b	11	31589466	U:CC[T>A]CT	1	137121.0	1840270517
JG0139b	11	31638580	U:TG[T>G]CT	1	49114.0	1840319631
JG0139b	11	31705493	U:AC[T>C]TT	1	66913.0	1840386544
JG0139b	11	31801098	T:TC[T>C]CT	1	95605.0	1840482149
JG0139b	11	31878650	T:TC[T>C]CC	-1	77552.0	1840559701
JG0139b	11	32188584	N:AC[T>G]TA	-1	309934.0	1840869635
JG0139b	11	32222966	N:TT[T>G]TT	-1	34382.0	1840904017
JG0139b	11	32410124	T:GG[T>C]TT	1	187158.0	1841091175
JG0139b	11	32436915	N:GC[T>C]TC	-1	26791.0	1841117966
JG0139b	11	32477627	N:TC[T>G]TC	1	40712.0	1841158678
JG0139b	11	33065270	U:TA[T>G]TT	1	587643.0	1841746321
JG0139b	11	33076052	U:TC[T>C]TA	1	10782.0	1841757103
JG0139b	11	33143028	U:TC[T>C]CA	-1	66976.0	1841824079
JG0139b	11	33279670	T:TC[T>G]TA	-1	136642.0	1841960721
JG0139b	11	33431108	T:AC[T>G]CC	-1	151438.0	1842112159
JG0139b	11	33477283	T:TG[T>G]TC	-1	46175.0	1842158334
JG0139b	11	33534580	U:TC[T>G]TG	1	57297.0	1842215631
JG0139b	11	33574733	T:CC[T>G]TC	-1	40153.0	1842255784
JG0139b	11	33681674	N:AC[T>C]TC	-1	106941.0	1842362725
JG0139b	11	33832964	N:AC[T>A]GT	1	151290.0	1842514015
JG0139b	11	33857712	N:AC[T>C]TG	1	24748.0	1842538763
JG0139b	11	33917557	N:TC[T>C]CT	1	59845.0	1842598608
JG0139b	11	34229582	U:CC[T>G]TT	-1	312025.0	1842910633
JG0139b	11	34299474	T:AC[T>A]CC	1	69892.0	1842980525
JG0139b	11	34308989	T:TG[T>C]TT	1	9515.0	1842990040
JG0139b	11	34342006	U:TG[T>G]CA	-1	33017.0	1843023057
JG0139b	11	34650354	T:TG[T>C]CT	-1	308348.0	1843331405
JG0139b	11	35112125	N:TA[T>G]TA	-1	461771.0	1843793176
JG0139b	11	35347991	T:GC[T>C]TC	1	235866.0	1844029042
JG0139b	11	35426365	N:AC[T>G]TC	-1	78374.0	1844107416
JG0139b	11	35489435	T:TC[T>A]TC	1	63070.0	1844170486
JG0139b	11	35528053	T:CC[T>G]CA	1	38618.0	1844209104
JG0139b	11	35924227	N:GT[T>G]TT	1	396174.0	1844605278
JG0139b	11	36006542	U:TC[T>G]CC	1	82315.0	1844687593
JG0139b	11	36103700	T:GC[T>C]TC	-1	97158.0	1844784751
JG0139b	11	36108490	U:GG[T>A]CA	1	4790.0	1844789541
JG0139b	11	36116461	U:GC[T>G]TC	1	7971.0	1844797512
JG0139b	11	36161947	T:CA[C>A]AA	-1	45486.0	1844842998
JG0139b	11	36289757	N:CC[T>C]TG	1	127810.0	1844970808
JG0139b	11	36447174	U:TG[T>G]TT	1	157417.0	1845128225
JG0139b	11	36667366	N:CA[T>G]TC	1	220192.0	1845348417
JG0139b	11	36879674	N:GC[T>C]CG	-1	212308.0	1845560725
JG0139b	11	36976911	N:CC[T>C]GG	1	97237.0	1845657962
JG0139b	11	37012311	N:TC[T>G]TT	1	35400.0	1845693362
JG0139b	11	37033449	N:GC[T>A]TC	1	21138.0	1845714500
JG0139b	11	37194535	N:GC[T>A]TG	-1	161086.0	1845875586
JG0139b	11	37781559	N:TC[T>C]CA	-1	587024.0	1846462610
JG0139b	11	38024960	N:CC[T>C]CA	-1	243401.0	1846706011
JG0139b	11	38490451	N:CC[T>C]TC	1	465491.0	1847171502
JG0139b	11	38519657	N:AG[T>G]TA	-1	29206.0	1847200708
JG0139b	11	38625314	N:AC[T>A]TC	-1	105657.0	1847306365
JG0139b	11	38707460	N:TC[T>G]TT	-1	82146.0	1847388511
JG0139b	11	38759907	N:TC[T>A]TT	1	52447.0	1847440958
JG0139b	11	38828811	N:TC[T>C]TC	-1	68904.0	1847509862
JG0139b	11	38992745	N:CT[T>G]TT	-1	163934.0	1847673796
JG0139b	11	39257689	N:AC[T>G]TT	1	264944.0	1847938740
JG0139b	11	39972233	N:GC[T>C]TG	1	714544.0	1848653284
JG0139b	11	40269540	T:AC[T>G]TG	1	297307.0	1848950591
JG0139b	11	40280524	T:TC[T>C]TC	1	10984.0	1848961575
JG0139b	11	40288787	T:GC[T>G]TA	1	8263.0	1848969838
JG0139b	11	40532364	T:AC[T>C]TC	1	243577.0	1849213415
JG0139b	11	40544808	T:AC[T>G]TT	1	12444.0	1849225859
JG0139b	11	40841304	U:TC[T>A]TA	-1	296496.0	1849522355
JG0139b	11	40918829	T:AC[T>C]CA	1	77525.0	1849599880
JG0139b	11	40970544	U:TC[T>C]CA	-1	51715.0	1849651595
JG0139b	11	41010478	U:CC[T>G]GT	-1	39934.0	1849691529
JG0139b	11	41111610	U:AC[T>G]TT	-1	101132.0	1849792661
JG0139b	11	41113162	T:AC[T>G]TT	1	1552.0	1849794213
JG0139b	11	41355617	U:GC[T>A]TT	-1	242455.0	1850036668
JG0139b	11	41719297	N:TC[T>G]GT	-1	363680.0	1850400348
JG0139b	11	41877943	N:TC[T>A]CT	-1	158646.0	1850558994
JG0139b	11	41952200	N:TC[T>G]TT	1	74257.0	1850633251
JG0139b	11	42074458	N:AC[T>A]TT	-1	122258.0	1850755509
JG0139b	11	42155306	N:GT[T>G]CA	1	80848.0	1850836357
JG0139b	11	42203600	N:GC[T>C]CG	1	48294.0	1850884651
JG0139b	11	42212607	N:AG[T>G]GA	1	9007.0	1850893658
JG0139b	11	42225636	N:GC[T>C]TT	1	13029.0	1850906687
JG0139b	11	42316937	N:TC[T>G]TT	1	91301.0	1850997988
JG0139b	11	42388050	N:CC[T>C]TC	1	71113.0	1851069101
JG0139b	11	42408604	N:CC[T>A]CT	1	20554.0	1851089655
JG0139b	11	42536151	N:AC[T>G]TT	1	127547.0	1851217202
JG0139b	11	42706998	N:CC[T>G]TT	1	170847.0	1851388049
JG0139b	11	42762417	N:TC[T>C]TC	-1	55419.0	1851443468
JG0139b	11	42850585	N:AA[T>G]TC	1	88168.0	1851531636
JG0139b	11	43268130	N:AA[T>G]TG	-1	417545.0	1851949181
JG0139b	11	43272057	N:GC[T>C]AC	-1	3927.0	1851953108
JG0139b	11	43414096	U:GC[T>G]TA	1	142039.0	1852095147
JG0139b	11	43543907	N:TC[T>A]TC	-1	129811.0	1852224958
JG0139b	11	43999025	N:TA[T>G]TA	1	455118.0	1852680076
JG0139b	11	44026503	N:AC[T>C]TT	-1	27478.0	1852707554
JG0139b	11	44181183	U:TC[T>C]TA	1	154680.0	1852862234
JG0139b	11	44285065	U:GC[T>A]TG	-1	103882.0	1852966116
JG0139b	11	44380873	N:GC[T>G]TT	-1	95808.0	1853061924
JG0139b	11	44403480	N:GC[T>C]CT	1	22607.0	1853084531
JG0139b	11	44491052	N:AA[T>G]TC	1	87572.0	1853172103
JG0139b	11	44616587	T:AC[T>A]CC	-1	125535.0	1853297638
JG0139b	11	44682605	N:GC[T>A]TA	1	66018.0	1853363656
JG0139b	11	44714590	N:CC[T>A]CA	-1	31985.0	1853395641
JG0139b	11	44744376	T:TC[T>A]GT	-1	29786.0	1853425427
JG0139b	11	44814079	U:TC[T>G]TC	1	69703.0	1853495130
JG0139b	11	45014470	N:CC[T>C]CA	1	200391.0	1853695521
JG0139b	11	45187509	T:CC[T>G]TC	-1	173039.0	1853868560
JG0139b	11	45226047	T:AC[T>A]TC	-1	38538.0	1853907098
JG0139b	11	45238838	N:CC[T>G]TC	-1	12791.0	1853919889
JG0139b	11	45300816	N:TC[T>C]CA	-1	61978.0	1853981867
JG0139b	11	45379818	N:CC[T>C]CA	-1	79002.0	1854060869
JG0139b	11	45454956	N:CA[C>T]AG	-1	75138.0	1854136007
JG0139b	11	45518027	N:TC[T>C]GG	-1	63071.0	1854199078
JG0139b	11	45587151	N:AT[T>G]TT	1	69124.0	1854268202
JG0139b	11	45920703	N:TC[T>C]TC	-1	333552.0	1854601754
JG0139b	11	45944850	T:CC[T>C]CC	1	24147.0	1854625901
JG0139b	11	46038999	U:AC[T>G]TG	-1	94149.0	1854720050
JG0139b	11	46452703	T:AC[T>C]CA	1	413704.0	1855133754
JG0139b	11	46480188	U:TC[T>G]TG	-1	27485.0	1855161239
JG0139b	11	46533291	U:CC[T>G]CT	-1	53103.0	1855214342
JG0139b	11	46754217	T:TC[T>C]TG	1	220926.0	1855435268
JG0139b	11	46756713	U:CC[T>G]AC	-1	2496.0	1855437764
JG0139b	11	46803286	U:AC[T>G]TT	-1	46573.0	1855484337
JG0139b	11	46966246	U:TG[T>C]TG	1	162960.0	1855647297
JG0139b	11	47412834	U:GC[T>C]CA	1	446588.0	1856093885
JG0139b	11	47619625	U:TC[T>G]TA	-1	206791.0	1856300676
JG0139b	11	47675629	T:GA[T>G]CC	1	56004.0	1856356680
JG0139b	11	47724856	T:GG[T>C]CA	1	49227.0	1856405907
JG0139b	11	47811097	U:TG[T>G]TG	-1	86241.0	1856492148
JG0139b	11	48035340	U:CC[T>C]TT	1	224243.0	1856716391
JG0139b	11	48120460	U:TC[T>G]TG	1	85120.0	1856801511
JG0139b	11	48167602	U:AC[T>C]TT	1	47142.0	1856848653
JG0139b	11	48181899	N:GC[T>G]TC	1	14297.0	1856862950
JG0139b	11	48246312	N:TC[T>C]TT	-1	64413.0	1856927363
JG0139b	11	48533847	N:CC[T>C]TT	-1	287535.0	1857214898
JG0139b	11	48662585	N:GG[T>G]TT	-1	128738.0	1857343636
JG0139b	11	48691147	N:AC[T>C]TT	1	28562.0	1857372198
JG0139b	11	48806069	N:CC[T>C]TT	-1	114922.0	1857487120
JG0139b	11	48988651	N:AC[T>A]TC	-1	182582.0	1857669702
JG0139b	11	49045361	N:TG[T>C]AC	1	56710.0	1857726412
JG0139b	11	49108499	N:AC[T>C]TG	-1	63138.0	1857789550
JG0139b	11	49252650	N:AC[T>G]TT	-1	144151.0	1857933701
JG0139b	11	49268377	N:TC[T>C]TT	-1	15727.0	1857949428
JG0139b	11	49388342	N:CC[T>C]GT	1	119965.0	1858069393
JG0139b	11	49553292	N:TC[T>A]TT	-1	164950.0	1858234343
JG0139b	11	49910986	N:TC[T>A]CT	1	357694.0	1858592037
JG0139b	11	49946181	N:AG[T>G]TT	1	35195.0	1858627232
JG0139b	11	50188996	N:CC[T>A]CA	1	242815.0	1858870047
JG0139b	11	50233258	N:TT[T>A]AT	1	44262.0	1858914309
JG0139b	11	50727007	N:TC[T>C]CA	1	493749.0	1859408058
JG0139b	11	50807079	N:TC[T>G]TC	1	80072.0	1859488130
JG0139b	11	51088826	N:AC[T>G]CT	-1	281747.0	1859769877
JG0139b	11	51130543	N:AG[T>C]CC	-1	41717.0	1859811594
JG0139b	11	51179189	N:CC[T>C]TC	1	48646.0	1859860240
JG0139b	11	51181141	N:TC[T>C]TG	-1	1952.0	1859862192
JG0139b	11	51455585	N:TC[T>C]TT	1	274444.0	1860136636
JG0139b	11	51545856	N:GC[T>C]TT	1	90271.0	1860226907
JG0139b	11	51764623	N:GC[T>C]TT	1	218767.0	1860445674
JG0139b	11	51791044	N:TC[T>C]TA	1	26421.0	1860472095
JG0139b	11	51835516	N:TC[T>C]GT	-1	44472.0	1860516567
JG0139b	11	52011640	N:AG[T>G]TC	-1	176124.0	1860692691
JG0139b	11	52294571	N:TC[T>C]TC	-1	282931.0	1860975622
JG0139b	11	52574746	N:GC[T>C]TT	1	280175.0	1861255797
JG0139b	11	52639374	N:TC[T>G]TG	-1	64628.0	1861320425
JG0139b	11	52642547	N:TG[T>G]TA	-1	3173.0	1861323598
JG0139b	11	52717541	N:AC[T>C]CT	1	74994.0	1861398592
JG0139b	11	52742364	N:TC[T>C]TT	1	24823.0	1861423415
JG0139b	11	52942783	N:TG[T>G]TT	-1	200419.0	1861623834
JG0139b	11	52983527	N:TC[T>C]TT	1	40744.0	1861664578
JG0139b	11	53013259	N:GC[T>G]TC	-1	29732.0	1861694310
JG0139b	11	53017811	N:CG[T>G]TG	1	4552.0	1861698862
JG0139b	11	53226071	N:TG[T>G]TT	-1	208260.0	1861907122
JG0139b	11	53228603	N:GC[T>C]TT	1	2532.0	1861909654
JG0139b	11	53355914	N:TC[T>G]TA	1	127311.0	1862036965
JG0139b	11	53709058	N:AC[T>C]CT	1	353144.0	1862390109
JG0139b	11	53774610	N:TC[T>C]CA	1	65552.0	1862455661
JG0139b	11	53914803	N:GC[T>G]TT	1	140193.0	1862595854
JG0139b	11	53935101	N:CC[T>C]CA	-1	20298.0	1862616152
JG0139b	11	53939580	N:TG[T>G]TT	1	4479.0	1862620631
JG0139b	11	54760905	N:AC[T>G]CG	1	821325.0	1863441956
JG0139b	11	54851862	N:CC[T>G]TC	-1	90957.0	1863532913
JG0139b	11	54873866	N:TG[T>G]TT	1	22004.0	1863554917
JG0139b	11	54901836	N:TC[T>A]CT	1	27970.0	1863582887
JG0139b	11	54949383	N:TC[T>A]CC	-1	47547.0	1863630434
JG0139b	11	55000716	N:TC[T>C]AG	1	51333.0	1863681767
JG0139b	11	55128752	N:CC[T>C]CT	1	128036.0	1863809803
JG0139b	11	55213393	N:TC[T>C]CA	1	84641.0	1863894444
JG0139b	11	55230550	N:AC[T>A]TG	1	17157.0	1863911601
JG0139b	11	55282171	N:GC[T>C]CC	-1	51621.0	1863963222
JG0139b	11	55287195	N:AC[T>G]TT	-1	5024.0	1863968246
JG0139b	11	55839625	U:TC[T>C]AC	1	552430.0	1864520676
JG0139b	11	55940316	N:AC[T>G]TT	-1	100691.0	1864621367
JG0139b	11	55962621	N:AC[T>C]CC	1	22305.0	1864643672
JG0139b	11	56043825	N:AC[T>G]CA	1	81204.0	1864724876
JG0139b	11	56058563	N:AC[T>C]TG	-1	14738.0	1864739614
JG0139b	11	56166807	N:GC[T>A]CC	-1	108244.0	1864847858
JG0139b	11	56350604	N:CG[T>G]AG	-1	183797.0	1865031655
JG0139b	11	56461714	U:TC[T>C]TA	-1	111110.0	1865142765
JG0139b	11	56633396	N:TC[T>C]CC	-1	171682.0	1865314447
JG0139b	11	56934719	N:GC[T>A]TT	1	301323.0	1865615770
JG0139b	11	57143146	N:AC[T>G]TG	-1	208427.0	1865824197
JG0139b	11	57196721	N:CA[T>G]CA	-1	53575.0	1865877772
JG0139b	11	57271703	N:TC[T>C]TC	1	74982.0	1865952754
JG0139b	11	57396602	U:AC[T>G]TG	-1	124899.0	1866077653
JG0139b	11	57758342	T:TG[T>G]TG	-1	361740.0	1866439393
JG0139b	11	58180148	T:TC[T>G]TG	-1	421806.0	1866861199
JG0139b	11	58209948	N:TC[T>C]CC	1	29800.0	1866890999
JG0139b	11	58270256	N:TC[T>A]GC	1	60308.0	1866951307
JG0139b	11	58944472	U:TC[T>G]CA	1	674216.0	1867625523
JG0139b	11	58971629	N:AC[T>A]TT	1	27157.0	1867652680
JG0139b	11	59009757	N:CC[T>C]TT	-1	38128.0	1867690808
JG0139b	11	59193540	T:CC[T>A]TT	-1	183783.0	1867874591
JG0139b	11	59416988	U:TC[T>C]TT	-1	223448.0	1868098039
JG0139b	11	59444789	T:AC[T>C]CA	-1	27801.0	1868125840
JG0139b	11	59545349	N:TC[T>A]CC	-1	100560.0	1868226400
JG0139b	11	59600438	T:TC[T>G]TC	1	55089.0	1868281489
JG0139b	11	59621763	N:GC[T>A]CG	1	21325.0	1868302814
JG0139b	11	59694671	N:TA[T>G]TC	1	72908.0	1868375722
JG0139b	11	59699670	N:TC[T>C]GA	1	4999.0	1868380721
JG0139b	11	59789239	U:CT[T>G]TC	1	89569.0	1868470290
JG0139b	11	60106563	N:CG[T>C]TA	-1	317324.0	1868787614
JG0139b	11	60138894	N:TC[T>C]GA	-1	32331.0	1868819945
JG0139b	11	60421309	N:TA[T>G]TA	1	282415.0	1869102360
JG0139b	11	60638102	N:GC[T>G]TT	-1	216793.0	1869319153
JG0139b	11	60663572	N:GC[T>A]TG	-1	25470.0	1869344623
JG0139b	11	60744483	N:TC[T>G]TG	-1	80911.0	1869425534
JG0139b	11	60780219	N:AC[T>C]CA	1	35736.0	1869461270
JG0139b	11	60796789	U:TC[T>A]CT	1	16570.0	1869477840
JG0139b	11	60858747	N:GC[T>G]TT	1	61958.0	1869539798
JG0139b	11	60892059	T:TG[T>A]TA	1	33312.0	1869573110
JG0139b	11	60974316	U:CC[T>C]CT	1	82257.0	1869655367
JG0139b	11	61035033	N:TC[T>G]TA	-1	60717.0	1869716084
JG0139b	11	61136406	T:CC[T>A]CA	1	101373.0	1869817457
JG0139b	11	61644391	N:CC[T>G]CT	-1	507985.0	1870325442
JG0139b	11	61886742	T:CC[T>C]CA	1	242351.0	1870567793
JG0139b	11	61986617	N:AC[T>G]CC	1	99875.0	1870667668
JG0139b	11	62087910	N:TG[T>G]TC	-1	101293.0	1870768961
JG0139b	11	62126506	U:GT[T>G]TT	1	38596.0	1870807557
JG0139b	11	62241430	N:TC[T>G]TC	1	114924.0	1870922481
JG0139b	11	62425758	N:GG[T>G]TG	-1	184328.0	1871106809
JG0139b	11	62436019	U:TC[T>G]TG	-1	10261.0	1871117070
JG0139b	11	62529244	U:GC[T>A]TC	-1	93225.0	1871210295
JG0139b	11	62980078	T:TC[T>G]TC	1	450834.0	1871661129
JG0139b	11	63034133	N:CC[T>G]TC	1	54055.0	1871715184
JG0139b	11	63055075	N:CC[T>C]TG	1	20942.0	1871736126
JG0139b	11	63111560	T:TC[T>G]TC	1	56485.0	1871792611
JG0139b	11	63169377	T:AA[T>C]TG	1	57817.0	1871850428
JG0139b	11	63213115	U:AC[T>C]GG	-1	43738.0	1871894166
JG0139b	11	63418523	N:CC[T>C]CT	-1	205408.0	1872099574
JG0139b	11	63457510	N:TC[T>G]TG	-1	38987.0	1872138561
JG0139b	11	63605952	U:AC[T>C]TG	-1	148442.0	1872287003
JG0139b	11	63861760	T:TC[T>G]CA	-1	255808.0	1872542811
JG0139b	11	63981031	U:TC[T>C]TC	1	119271.0	1872662082
JG0139b	11	63997846	T:CC[T>C]CC	-1	16815.0	1872678897
JG0139b	11	64191973	U:AC[T>C]TC	1	194127.0	1872873024
JG0139b	11	64435054	N:CG[T>C]TA	1	243081.0	1873116105
JG0139b	11	64704200	T:AC[T>A]TC	1	269146.0	1873385251
JG0139b	11	64743172	T:GC[T>G]TC	1	38972.0	1873424223
JG0139b	11	65087683	T:TG[T>G]CA	-1	344511.0	1873768734
JG0139b	11	65096007	T:GG[T>G]TG	-1	8324.0	1873777058
JG0139b	11	65245950	N:TG[T>A]TT	-1	149943.0	1873927001
JG0139b	11	65533405	T:TC[T>G]TG	-1	287455.0	1874214456
JG0139b	11	65551365	U:GC[T>G]AA	-1	17960.0	1874232416
JG0139b	11	65588722	T:TG[T>C]CA	-1	37357.0	1874269773
JG0139b	11	65921198	U:CC[T>G]GG	1	332476.0	1874602249
JG0139b	11	66014906	N:GC[T>G]TT	-1	93708.0	1874695957
JG0139b	11	66029236	N:GC[T>G]AA	-1	14330.0	1874710287
JG0139b	11	66048181	T:TC[T>A]CC	1	18945.0	1874729232
JG0139b	11	66175805	T:GC[T>C]CA	-1	127624.0	1874856856
JG0139b	11	66227718	U:TC[T>C]CT	1	51913.0	1874908769
JG0139b	11	66271664	U:CC[T>G]TA	1	43946.0	1874952715
JG0139b	11	66301079	N:TC[T>C]TT	1	29415.0	1874982130
JG0139b	11	66464422	N:GG[T>G]TT	-1	163343.0	1875145473
JG0139b	11	66715446	T:TC[T>C]TC	1	251024.0	1875396497
JG0139b	11	66861824	T:TC[T>C]CT	1	146378.0	1875542875
JG0139b	11	67016485	U:GC[T>G]TC	1	154661.0	1875697536
JG0139b	11	67176873	T:AC[T>G]CA	-1	160388.0	1875857924
JG0139b	11	67281550	T:GC[T>G]GA	-1	104677.0	1875962601
JG0139b	11	67446530	N:TC[T>A]TT	-1	164980.0	1876127581
JG0139b	11	67488128	T:GC[T>G]TC	-1	41598.0	1876169179
JG0139b	11	67550708	N:CC[T>A]CC	-1	62580.0	1876231759
JG0139b	11	67560155	N:GC[T>C]CT	1	9447.0	1876241206
JG0139b	11	67633842	T:CC[T>C]CT	1	73687.0	1876314893
JG0139b	11	67647900	U:AC[T>C]TT	-1	14058.0	1876328951
JG0139b	11	67823734	N:TC[T>C]TA	1	175834.0	1876504785
JG0139b	11	67869234	N:AC[T>A]TT	1	45500.0	1876550285
JG0139b	11	68013888	T:TC[T>G]TC	-1	144654.0	1876694939
JG0139b	11	68071350	U:GC[T>C]GG	-1	57462.0	1876752401
JG0139b	11	68127118	N:AC[T>G]TG	-1	55768.0	1876808169
JG0139b	11	68185766	U:CT[T>G]TA	-1	58648.0	1876866817
JG0139b	11	68296768	N:AC[T>A]CT	1	111002.0	1876977819
JG0139b	11	68433058	U:GC[T>A]CC	1	136290.0	1877114109
JG0139b	11	68633169	N:GC[T>G]TC	-1	200111.0	1877314220
JG0139b	11	68729730	T:AG[T>C]TT	1	96561.0	1877410781
JG0139b	11	68941776	N:CC[T>C]GG	-1	212046.0	1877622827
JG0139b	11	69010214	T:TC[T>C]CC	1	68438.0	1877691265
JG0139b	11	69131807	T:GC[T>A]CT	-1	121593.0	1877812858
JG0139b	11	69308064	N:CC[T>G]TC	1	176257.0	1877989115
JG0139b	11	69314705	N:TC[T>C]CA	-1	6641.0	1877995756
JG0139b	11	69410950	N:CC[T>A]GT	1	96245.0	1878092001
JG0139b	11	69462973	N:AG[T>C]TT	1	52023.0	1878144024
JG0139b	11	69498093	N:CC[T>C]TC	-1	35120.0	1878179144
JG0139b	11	69545425	N:CC[T>G]TC	-1	47332.0	1878226476
JG0139b	11	69635590	N:TC[T>G]TT	1	90165.0	1878316641
JG0139b	11	69783713	N:AC[T>C]CA	-1	148123.0	1878464764
JG0139b	11	69981121	N:AC[T>G]GC	-1	197408.0	1878662172
JG0139b	11	70058775	N:TT[T>G]TA	-1	77654.0	1878739826
JG0139b	11	70477886	U:AT[C>T]TG	-1	419111.0	1879158937
JG0139b	11	70526134	U:CC[T>G]TG	-1	48248.0	1879207185
JG0139b	11	70550262	T:CC[T>C]CA	1	24128.0	1879231313
JG0139b	11	70644129	U:TC[T>C]TC	-1	93867.0	1879325180
JG0139b	11	70722982	U:AC[T>C]GA	-1	78853.0	1879404033
JG0139b	11	70827778	U:AC[T>C]TT	-1	104796.0	1879508829
JG0139b	11	70879780	T:TC[T>G]CC	1	52002.0	1879560831
JG0139b	11	71172696	U:TC[T>C]CA	-1	292916.0	1879853747
JG0139b	11	71350051	N:TC[T>G]TC	-1	177355.0	1880031102
JG0139b	11	71560910	N:AC[T>C]AT	-1	210859.0	1880241961
JG0139b	11	71836592	T:TC[T>C]GG	-1	275682.0	1880517643
JG0139b	11	71924848	U:AC[T>C]TT	-1	88256.0	1880605899
JG0139b	11	72302732	T:TC[T>G]CT	1	377884.0	1880983783
JG0139b	11	72380114	T:AC[T>G]GT	1	77382.0	1881061165
JG0139b	11	72426552	U:CC[T>A]CC	-1	46438.0	1881107603
JG0139b	11	72434227	U:CC[T>C]CG	-1	7675.0	1881115278
JG0139b	11	72681156	N:GC[T>A]CC	-1	246929.0	1881362207
JG0139b	11	72927948	T:GC[T>G]TT	1	246792.0	1881608999
JG0139b	11	72936145	U:TC[T>C]GT	-1	8197.0	1881617196
JG0139b	11	73042318	T:CC[T>C]TT	1	106173.0	1881723369
JG0139b	11	73104690	T:CC[T>C]CC	1	62372.0	1881785741
JG0139b	11	73222711	U:CT[C>A]CT	1	118021.0	1881903762
JG0139b	11	73237562	N:TC[T>G]TA	1	14851.0	1881918613
JG0139b	11	73239931	N:GC[T>C]TG	1	2369.0	1881920982
JG0139b	11	73273862	T:AC[T>G]CT	-1	33931.0	1881954913
JG0139b	11	73321019	T:TC[T>C]TG	-1	47157.0	1882002070
JG0139b	11	73325515	U:GC[T>G]TG	1	4496.0	1882006566
JG0139b	11	73439110	U:GC[T>A]TG	-1	113595.0	1882120161
JG0139b	11	73485664	U:CG[T>C]AA	-1	46554.0	1882166715
JG0139b	11	73494643	U:CA[T>C]CC	-1	8979.0	1882175694
JG0139b	11	73561050	U:TC[T>C]TG	-1	66407.0	1882242101
JG0139b	11	73987663	N:GG[T>C]GG	1	426613.0	1882668714
JG0139b	11	74091204	T:AC[T>A]TA	1	103541.0	1882772255
JG0139b	11	74173442	T:TC[T>G]TC	-1	82238.0	1882854493
JG0139b	11	74256090	N:GG[T>G]AG	1	82648.0	1882937141
JG0139b	11	74785229	U:TA[T>C]AT	1	529139.0	1883466280
JG0139b	11	74909294	T:TC[T>C]TT	1	124065.0	1883590345
JG0139b	11	75209990	N:CC[T>G]TC	-1	300696.0	1883891041
JG0139b	11	75222871	N:AC[T>C]TT	1	12881.0	1883903922
JG0139b	11	75403105	T:GC[T>G]TT	-1	180234.0	1884084156
JG0139b	11	75431223	N:TC[T>C]CC	1	28118.0	1884112274
JG0139b	11	75642529	T:TC[T>G]CC	1	211306.0	1884323580
JG0139b	11	75853215	U:TC[T>G]TT	1	210686.0	1884534266
JG0139b	11	75917013	U:CC[T>C]CT	1	63798.0	1884598064
JG0139b	11	76206908	U:AC[T>C]CC	-1	289895.0	1884887959
JG0139b	11	76580816	N:TC[T>G]TT	1	373908.0	1885261867
JG0139b	11	77045897	N:GC[T>G]TT	1	465081.0	1885726948
JG0139b	11	77281946	U:TC[T>G]TT	-1	236049.0	1885962997
JG0139b	11	77302707	N:CC[T>G]TG	1	20761.0	1885983758
JG0139b	11	77334575	T:GC[T>C]CT	1	31868.0	1886015626
JG0139b	11	77571005	N:AC[T>G]TG	-1	236430.0	1886252056
JG0139b	11	77682956	U:AC[T>A]TC	-1	111951.0	1886364007
JG0139b	11	77970423	T:AC[T>G]TC	1	287467.0	1886651474
JG0139b	11	77972486	U:GC[T>C]GT	-1	2063.0	1886653537
JG0139b	11	78042316	T:CC[T>A]TG	1	69830.0	1886723367
JG0139b	11	78055934	T:AC[T>G]TT	1	13618.0	1886736985
JG0139b	11	78097650	N:CC[T>C]TT	-1	41716.0	1886778701
JG0139b	11	78576673	N:TC[T>G]TT	1	479023.0	1887257724
JG0139b	11	78816114	T:GC[T>A]GA	1	239441.0	1887497165
JG0139b	11	79066246	U:CC[T>G]CT	-1	250132.0	1887747297
JG0139b	11	79154580	T:TG[T>G]TC	1	88334.0	1887835631
JG0139b	11	79189899	T:AC[T>C]CT	1	35319.0	1887870950
JG0139b	11	79430901	T:CC[T>G]TG	1	241002.0	1888111952
JG0139b	11	79527183	N:AC[T>C]TC	1	96282.0	1888208234
JG0139b	11	79706098	N:TC[T>C]TT	-1	178915.0	1888387149
JG0139b	11	79819622	N:GC[T>C]CA	-1	113524.0	1888500673
JG0139b	11	79968030	N:TC[T>A]TC	-1	148408.0	1888649081
JG0139b	11	80143225	N:CC[T>G]TC	-1	175195.0	1888824276
JG0139b	11	80470418	N:TC[T>G]TC	1	327193.0	1889151469
JG0139b	11	80496073	N:GC[T>C]TG	1	25655.0	1889177124
JG0139b	11	80562497	N:TC[T>G]TT	-1	66424.0	1889243548
JG0139b	11	80627765	N:AC[T>C]CC	1	65268.0	1889308816
JG0139b	11	80722866	N:GG[T>G]TG	1	95101.0	1889403917
JG0139b	11	81151121	N:CC[T>G]TC	-1	428255.0	1889832172
JG0139b	11	81289764	N:TG[T>G]TT	1	138643.0	1889970815
JG0139b	11	81443905	N:TG[T>G]TA	-1	154141.0	1890124956
JG0139b	11	81644292	N:TT[T>G]TT	-1	200387.0	1890325343
JG0139b	11	82146042	N:AC[T>A]TA	1	501750.0	1890827093
JG0139b	11	82324032	N:AC[T>G]TT	1	177990.0	1891005083
JG0139b	11	82792001	N:AC[T>C]CT	1	467969.0	1891473052
JG0139b	11	82801187	N:TC[T>C]TT	1	9186.0	1891482238
JG0139b	11	82867701	U:AC[T>G]TT	-1	66514.0	1891548752
JG0139b	11	82895840	T:CC[T>G]AG	1	28139.0	1891576891
JG0139b	11	82953664	T:AG[T>A]TG	1	57824.0	1891634715
JG0139b	11	83112567	N:AC[T>C]TG	1	158903.0	1891793618
JG0139b	11	83182602	U:TC[T>G]TA	1	70035.0	1891863653
JG0139b	11	83723942	T:GG[T>G]TT	1	541340.0	1892404993
JG0139b	11	83895043	U:AC[T>C]TC	-1	171101.0	1892576094
JG0139b	11	84391585	U:CA[T>G]TA	-1	496542.0	1893072636
JG0139b	11	84462041	T:TC[T>G]TG	1	70456.0	1893143092
JG0139b	11	84607578	U:TC[T>G]TT	-1	145537.0	1893288629
JG0139b	11	84627638	T:TC[T>C]TG	1	20060.0	1893308689
JG0139b	11	84771909	T:CA[T>G]TT	1	144271.0	1893452960
JG0139b	11	84803339	T:TC[T>G]TC	1	31430.0	1893484390
JG0139b	11	84882259	U:AC[T>G]TG	-1	78920.0	1893563310
JG0139b	11	84943387	T:CC[T>G]TC	1	61128.0	1893624438
JG0139b	11	85236296	T:AC[T>G]GG	1	292909.0	1893917347
JG0139b	11	85394169	U:AG[T>C]TA	-1	157873.0	1894075220
JG0139b	11	85443731	T:TC[T>A]TA	1	49562.0	1894124782
JG0139b	11	85586578	T:GC[T>A]CA	1	142847.0	1894267629
JG0139b	11	85628732	U:CC[T>A]TC	1	42154.0	1894309783
JG0139b	11	85650194	U:GG[T>G]TT	1	21462.0	1894331245
JG0139b	11	85810240	U:TC[T>G]TC	-1	160046.0	1894491291
JG0139b	11	85823512	N:GC[T>A]TT	1	13272.0	1894504563
JG0139b	11	86039564	T:TC[T>A]CA	1	216052.0	1894720615
JG0139b	11	86147850	N:CC[T>G]TT	1	108286.0	1894828901
JG0139b	11	86343050	U:TC[T>G]TT	1	195200.0	1895024101
JG0139b	11	86395671	T:AC[T>C]CC	-1	52621.0	1895076722
JG0139b	11	86718866	N:AG[T>C]TG	-1	323195.0	1895399917
JG0139b	11	86740123	N:GG[T>C]CC	1	21257.0	1895421174
JG0139b	11	86950026	B:TC[T>C]GA	1	209903.0	1895631077
JG0139b	11	87036736	N:TC[T>C]CT	-1	86710.0	1895717787
JG0139b	11	87168452	T:AA[T>A]TT	-1	131716.0	1895849503
JG0139b	11	87200773	T:GC[T>C]CA	-1	32321.0	1895881824
JG0139b	11	87450390	N:TC[T>A]TT	-1	249617.0	1896131441
JG0139b	11	87501453	N:TC[T>G]CA	-1	51063.0	1896182504
JG0139b	11	87526644	N:TC[T>G]TA	1	25191.0	1896207695
JG0139b	11	87648368	N:AC[T>G]TG	-1	121724.0	1896329419
JG0139b	11	87829529	N:AG[T>G]TC	-1	181161.0	1896510580
JG0139b	11	87906301	N:CC[T>G]TA	1	76772.0	1896587352
JG0139b	11	87972955	N:AC[T>C]TT	-1	66654.0	1896654006
JG0139b	11	88061155	N:TC[T>G]TA	1	88200.0	1896742206
JG0139b	11	88120048	T:TG[T>C]CC	1	58893.0	1896801099
JG0139b	11	88182008	N:TG[T>C]TC	1	61960.0	1896863059
JG0139b	11	88255583	N:GC[T>G]TT	-1	73575.0	1896936634
JG0139b	11	88424745	N:TG[T>C]CC	-1	169162.0	1897105796
JG0139b	11	88510418	T:CC[T>C]TA	1	85673.0	1897191469
JG0139b	11	88602516	U:CC[T>C]GG	-1	92098.0	1897283567
JG0139b	11	88693784	U:TC[T>C]CA	-1	91268.0	1897374835
JG0139b	11	88795007	U:TC[T>C]TT	-1	101223.0	1897476058
JG0139b	11	88801309	U:GC[T>G]TC	-1	6302.0	1897482360
JG0139b	11	88805888	T:CC[T>C]TG	1	4579.0	1897486939
JG0139b	11	88847533	U:AC[T>C]CT	-1	41645.0	1897528584
JG0139b	11	88874855	U:AC[T>C]TC	-1	27322.0	1897555906
JG0139b	11	89121802	N:GC[T>G]TT	1	246947.0	1897802853
JG0139b	11	89162013	N:CC[T>G]TA	-1	40211.0	1897843064
JG0139b	11	89283093	U:TC[T>A]TT	1	121080.0	1897964144
JG0139b	11	89538631	N:TT[T>C]CT	1	255538.0	1898219682
JG0139b	11	89607191	N:GC[T>C]TG	1	68560.0	1898288242
JG0139b	11	89898018	N:CC[T>C]GG	-1	290827.0	1898579069
JG0139b	11	90115860	N:CC[T>A]TT	-1	217842.0	1898796911
JG0139b	11	90147697	T:AC[T>G]TA	-1	31837.0	1898828748
JG0139b	11	90148867	U:CA[T>G]TG	1	1170.0	1898829918
JG0139b	11	90334093	N:GC[T>G]TA	-1	185226.0	1899015144
JG0139b	11	90774236	N:GG[T>G]TT	1	440143.0	1899455287
JG0139b	11	90948833	N:AC[T>C]TA	-1	174597.0	1899629884
JG0139b	11	91010508	N:GT[T>C]TC	-1	61675.0	1899691559
JG0139b	11	91034972	N:GC[T>A]TT	1	24464.0	1899716023
JG0139b	11	91107155	N:AC[T>G]TG	-1	72183.0	1899788206
JG0139b	11	91171476	N:TC[T>G]TG	-1	64321.0	1899852527
JG0139b	11	91383722	N:GC[T>C]TG	-1	212246.0	1900064773
JG0139b	11	91482337	N:AC[T>G]TA	1	98615.0	1900163388
JG0139b	11	91661246	N:GC[T>G]TA	-1	178909.0	1900342297
JG0139b	11	91900033	N:TT[T>G]TG	-1	238787.0	1900581084
JG0139b	11	91959775	N:GC[T>G]TT	-1	59742.0	1900640826
JG0139b	11	92168790	N:AC[T>G]TT	-1	209015.0	1900849841
JG0139b	11	92411946	U:CA[T>G]TC	1	243156.0	1901092997
JG0139b	11	92420543	T:TC[T>G]TC	-1	8597.0	1901101594
JG0139b	11	92567422	U:AC[T>G]TT	1	146879.0	1901248473
JG0139b	11	92811658	T:CC[T>C]TA	-1	244236.0	1901492709
JG0139b	11	92836524	U:CC[T>G]TA	1	24866.0	1901517575
JG0139b	11	92848206	U:TC[T>G]TG	1	11682.0	1901529257
JG0139b	11	92898179	N:CC[T>G]TG	1	49973.0	1901579230
JG0139b	11	93006571	N:TG[T>G]TT	1	108392.0	1901687622
JG0139b	11	93065935	N:TC[T>C]GT	1	59364.0	1901746986
JG0139b	11	93154638	U:AT[T>G]TA	-1	88703.0	1901835689
JG0139b	11	93213443	N:TC[T>C]CA	1	58805.0	1901894494
JG0139b	11	93636178	N:TC[T>A]TT	1	422735.0	1902317229
JG0139b	11	93732392	N:GC[T>G]TG	-1	96214.0	1902413443
JG0139b	11	93994912	N:AC[T>G]TG	-1	262520.0	1902675963
JG0139b	11	94090521	T:CC[T>G]TC	-1	95609.0	1902771572
JG0139b	11	94400519	U:TC[T>G]CT	-1	309998.0	1903081570
JG0139b	11	94446205	T:TT[C>A]AA	1	45686.0	1903127256
JG0139b	11	94499082	U:TC[T>A]TT	1	52877.0	1903180133
JG0139b	11	94550818	N:GC[T>G]TG	1	51736.0	1903231869
JG0139b	11	94653103	N:AG[T>G]TA	-1	102285.0	1903334154
JG0139b	11	94791244	T:AT[T>G]TC	-1	138141.0	1903472295
JG0139b	11	95037337	N:TC[T>C]TC	1	246093.0	1903718388
JG0139b	11	95201705	T:AT[T>A]AG	1	164368.0	1903882756
JG0139b	11	95266296	N:CA[T>A]TT	-1	64591.0	1903947347
JG0139b	11	95646378	N:TC[T>G]TT	-1	380082.0	1904327429
JG0139b	11	95864948	T:AC[T>C]TT	1	218570.0	1904545999
JG0139b	11	95955002	N:TG[T>G]TT	-1	90054.0	1904636053
JG0139b	11	96108114	T:TC[T>C]TA	1	153112.0	1904789165
JG0139b	11	96179138	T:GC[T>C]GC	1	71024.0	1904860189
JG0139b	11	96192083	T:TC[T>A]CA	1	12945.0	1904873134
JG0139b	11	96216704	U:CC[T>G]GA	-1	24621.0	1904897755
JG0139b	11	96288626	U:TG[T>G]TG	-1	71922.0	1904969677
JG0139b	11	96296221	T:TG[T>G]TA	1	7595.0	1904977272
JG0139b	11	96360078	U:TC[T>C]TC	-1	63857.0	1905041129
JG0139b	11	96518976	N:GG[T>C]CA	1	158898.0	1905200027
JG0139b	11	96640480	N:TC[T>C]TG	-1	121504.0	1905321531
JG0139b	11	96788551	N:TG[T>C]TT	1	148071.0	1905469602
JG0139b	11	97031054	N:TC[T>C]TC	1	242503.0	1905712105
JG0139b	11	97049922	N:TT[T>G]TT	1	18868.0	1905730973
JG0139b	11	97164149	N:AC[T>C]TA	-1	114227.0	1905845200
JG0139b	11	97373048	N:AC[T>A]TG	1	208899.0	1906054099
JG0139b	11	97438117	N:CC[T>C]CT	1	65069.0	1906119168
JG0139b	11	97600859	N:AC[T>A]TT	1	162742.0	1906281910
JG0139b	11	97721394	N:AC[T>C]TG	-1	120535.0	1906402445
JG0139b	11	97799297	N:GG[T>G]TA	-1	77903.0	1906480348
JG0139b	11	97853534	N:TG[T>G]CC	-1	54237.0	1906534585
JG0139b	11	97959960	N:TC[T>C]CA	1	106426.0	1906641011
JG0139b	11	98081177	N:TT[C>G]CA	-1	121217.0	1906762228
JG0139b	11	98225993	N:TT[T>G]TT	1	144816.0	1906907044
JG0139b	11	98267540	N:GC[T>G]TA	-1	41547.0	1906948591
JG0139b	11	98698460	N:GC[T>C]TT	1	430920.0	1907379511
JG0139b	11	98847902	N:TA[C>A]TC	1	149442.0	1907528953
JG0139b	11	99268545	U:CC[T>C]GA	1	420643.0	1907949596
JG0139b	11	99278204	U:AC[T>A]TG	1	9659.0	1907959255
JG0139b	11	99537242	T:AG[T>G]TA	-1	259038.0	1908218293
JG0139b	11	99757074	T:AC[T>C]TT	-1	219832.0	1908438125
JG0139b	11	100001251	T:TC[T>C]CT	-1	244177.0	1908682302
JG0139b	11	100052762	T:TC[T>G]TT	-1	51511.0	1908733813
JG0139b	11	100425200	N:TC[T>C]TC	1	372438.0	1909106251
JG0139b	11	100543604	N:GC[T>C]CC	-1	118404.0	1909224655
JG0139b	11	100769412	U:TC[T>G]TA	1	225808.0	1909450463
JG0139b	11	100856358	U:AC[T>G]TG	1	86946.0	1909537409
JG0139b	11	100925340	T:TA[T>A]TG	-1	68982.0	1909606391
JG0139b	11	101038482	T:AC[T>C]TC	1	113142.0	1909719533
JG0139b	11	101462663	T:CC[T>C]GA	1	424181.0	1910143714
JG0139b	11	101507525	T:TC[T>C]TC	1	44862.0	1910188576
JG0139b	11	101511313	U:AC[T>C]TT	-1	3788.0	1910192364
JG0139b	11	101648931	N:AC[T>C]GA	-1	137618.0	1910329982
JG0139b	11	101651247	N:AC[T>G]TC	1	2316.0	1910332298
JG0139b	11	101774443	N:AC[T>C]AA	1	123196.0	1910455494
JG0139b	11	101878037	N:AG[T>C]CT	1	103594.0	1910559088
JG0139b	11	101984184	U:AA[C>A]AG	1	106147.0	1910665235
JG0139b	11	102005142	N:TC[T>A]TT	-1	20958.0	1910686193
JG0139b	11	102070460	U:CC[T>A]TG	1	65318.0	1910751511
JG0139b	11	102118160	U:AG[T>G]TT	1	47700.0	1910799211
JG0139b	11	102383377	N:TC[T>G]TA	-1	265217.0	1911064428
JG0139b	11	102583346	T:AT[T>G]TG	1	199969.0	1911264397
JG0139b	11	102674460	N:TC[T>G]GC	1	91114.0	1911355511
JG0139b	11	102845281	N:CC[T>C]TG	-1	170821.0	1911526332
JG0139b	11	103097292	N:AC[T>C]CT	1	252011.0	1911778343
JG0139b	11	103107431	N:TC[T>C]CA	1	10139.0	1911788482
JG0139b	11	103125328	U:TA[T>G]TT	1	17897.0	1911806379
JG0139b	11	103161652	U:GC[T>G]TT	1	36324.0	1911842703
JG0139b	11	103296974	U:TC[T>A]TC	1	135322.0	1911978025
JG0139b	11	103520260	N:CC[T>C]TT	-1	223286.0	1912201311
JG0139b	11	103701117	N:CC[T>A]TG	1	180857.0	1912382168
JG0139b	11	104001288	T:GC[T>A]GA	1	300171.0	1912682339
JG0139b	11	104366523	N:GC[T>G]CG	1	365235.0	1913047574
JG0139b	11	104432754	N:GC[T>C]TC	-1	66231.0	1913113805
JG0139b	11	104439285	N:CC[T>G]TC	1	6531.0	1913120336
JG0139b	11	104617735	N:GC[T>G]GG	-1	178450.0	1913298786
JG0139b	11	104715718	N:TG[T>G]TG	-1	97983.0	1913396769
JG0139b	11	104816475	N:AC[T>A]TT	-1	100757.0	1913497526
JG0139b	11	104846543	N:TC[T>G]GC	-1	30068.0	1913527594
JG0139b	11	105206983	T:CA[T>G]CT	1	360440.0	1913888034
JG0139b	11	105311263	U:GC[T>G]TT	-1	104280.0	1913992314
JG0139b	11	105329917	T:AG[T>G]TG	1	18654.0	1914010968
JG0139b	11	105379910	T:TC[T>A]TG	1	49993.0	1914060961
JG0139b	11	105439651	U:TC[T>G]TT	-1	59741.0	1914120702
JG0139b	11	105448175	T:AG[T>G]CT	1	8524.0	1914129226
JG0139b	11	105455460	U:CA[T>C]GG	-1	7285.0	1914136511
JG0139b	11	105962624	T:TC[T>A]CA	-1	507164.0	1914643675
JG0139b	11	106028492	N:AC[T>C]TC	-1	65868.0	1914709543
JG0139b	11	106141372	N:CC[T>G]TT	1	112880.0	1914822423
JG0139b	11	106286940	N:AG[T>G]TT	-1	145568.0	1914967991
JG0139b	11	106713838	T:AC[T>G]TT	1	426898.0	1915394889
JG0139b	11	106783115	T:CC[T>C]CT	1	69277.0	1915464166
JG0139b	11	106922784	T:GA[T>G]TC	1	139669.0	1915603835
JG0139b	11	106945195	T:AG[T>G]TG	1	22411.0	1915626246
JG0139b	11	106945289	U:TC[T>C]CT	-1	94.0	1915626340
JG0139b	11	107030783	N:TC[T>C]TT	-1	85494.0	1915711834
JG0139b	11	107563979	T:TC[T>C]CA	1	533196.0	1916245030
JG0139b	11	107661757	U:TC[T>C]TA	1	97778.0	1916342808
JG0139b	11	107671912	N:AC[T>C]CA	1	10155.0	1916352963
JG0139b	11	107731166	N:AC[T>C]TG	1	59254.0	1916412217
JG0139b	11	107942233	T:TC[T>G]TA	-1	211067.0	1916623284
JG0139b	11	108174085	U:TC[T>G]GT	-1	231852.0	1916855136
JG0139b	11	108678111	T:GC[T>A]CA	-1	504026.0	1917359162
JG0139b	11	108728623	U:TC[T>G]TC	1	50512.0	1917409674
JG0139b	11	108748251	T:GA[T>G]TG	-1	19628.0	1917429302
JG0139b	11	108799485	T:GG[T>G]TC	-1	51234.0	1917480536
JG0139b	11	108866021	T:AC[T>C]TA	-1	66536.0	1917547072
JG0139b	11	108873524	U:TC[T>C]TG	1	7503.0	1917554575
JG0139b	11	108940534	T:CC[T>G]TT	-1	67010.0	1917621585
JG0139b	11	108959862	N:TC[T>C]CC	1	19328.0	1917640913
JG0139b	11	109512571	N:CC[T>G]TG	-1	552709.0	1918193622
JG0139b	11	109690372	N:AC[T>C]TT	1	177801.0	1918371423
JG0139b	11	110028625	N:CC[T>C]TA	-1	338253.0	1918709676
JG0139b	11	110063224	N:CC[T>C]CC	-1	34599.0	1918744275
JG0139b	11	110172882	N:CC[T>C]TG	-1	109658.0	1918853933
JG0139b	11	110176186	U:TC[T>G]TG	-1	3304.0	1918857237
JG0139b	11	110255773	T:CC[T>G]TT	1	79587.0	1918936824
JG0139b	11	110298009	N:TC[T>A]CC	1	42236.0	1918979060
JG0139b	11	110402517	N:AG[T>C]AC	1	104508.0	1919083568
JG0139b	11	110445676	U:TC[T>G]TT	1	43159.0	1919126727
JG0139b	11	110626714	T:TC[T>C]TC	1	181038.0	1919307765
JG0139b	11	110634284	T:TT[T>G]TT	1	7570.0	1919315335
JG0139b	11	110706611	U:TC[T>C]TG	-1	72327.0	1919387662
JG0139b	11	110800984	N:AC[T>G]CC	-1	94373.0	1919482035
JG0139b	11	110845343	N:AC[T>C]CT	-1	44359.0	1919526394
JG0139b	11	110875311	N:AC[T>C]TT	1	29968.0	1919556362
JG0139b	11	110880980	N:GG[T>A]GA	1	5669.0	1919562031
JG0139b	11	110965603	N:AC[C>A]TG	1	84623.0	1919646654
JG0139b	11	110988815	N:TA[T>G]TC	-1	23212.0	1919669866
JG0139b	11	111006627	N:TC[T>G]CG	1	17812.0	1919687678
JG0139b	11	111210590	N:AC[T>G]CA	-1	203963.0	1919891641
JG0139b	11	111227852	N:GC[T>A]CA	-1	17262.0	1919908903
JG0139b	11	111236773	N:GC[T>C]CT	1	8921.0	1919917824
JG0139b	11	111243081	N:TC[T>A]TG	1	6308.0	1919924132
JG0139b	11	111244997	N:CT[T>G]TC	-1	1916.0	1919926048
JG0139b	11	111284797	U:GC[T>C]CC	1	39800.0	1919965848
JG0139b	11	111524536	T:TC[T>G]TG	-1	239739.0	1920205587
JG0139b	11	111612892	U:CC[T>G]TA	1	88356.0	1920293943
JG0139b	11	111647267	U:TC[T>G]TA	1	34375.0	1920328318
JG0139b	11	111681309	T:CC[T>G]TC	-1	34042.0	1920362360
JG0139b	11	111699002	U:TA[T>G]AG	1	17693.0	1920380053
JG0139b	11	111827455	U:TC[T>C]TT	-1	128453.0	1920508506
JG0139b	11	111973838	U:AC[T>C]TT	1	146383.0	1920654889
JG0139b	11	112023098	N:TC[T>G]TT	1	49260.0	1920704149
JG0139b	11	112135285	N:GC[T>A]TG	-1	112187.0	1920816336
JG0139b	11	112151194	U:CC[T>G]TT	-1	15909.0	1920832245
JG0139b	11	112362045	N:AC[T>G]TT	-1	210851.0	1921043096
JG0139b	11	112464692	N:CC[T>G]GG	1	102647.0	1921145743
JG0139b	11	112642736	N:TC[T>C]TG	-1	178044.0	1921323787
JG0139b	11	112766036	N:CC[T>C]GT	-1	123300.0	1921447087
JG0139b	11	112867498	N:CG[T>G]TT	-1	101462.0	1921548549
JG0139b	11	112917855	N:CC[T>C]GA	-1	50357.0	1921598906
JG0139b	11	113028178	T:TC[T>G]TC	-1	110323.0	1921709229
JG0139b	11	113049837	T:GC[T>A]TT	-1	21659.0	1921730888
JG0139b	11	113149876	U:TC[T>G]TT	1	100039.0	1921830927
JG0139b	11	113159533	T:AC[T>G]TC	-1	9657.0	1921840584
JG0139b	11	113204343	U:GC[T>C]CA	1	44810.0	1921885394
JG0139b	11	113293765	N:AC[T>C]TC	1	89422.0	1921974816
JG0139b	11	113411242	T:AC[T>C]TC	1	117477.0	1922092293
JG0139b	11	113652569	N:CC[T>C]TG	1	241327.0	1922333620
JG0139b	11	113841767	T:AC[T>C]TC	1	189198.0	1922522818
JG0139b	11	113912324	T:GC[T>C]TG	-1	70557.0	1922593375
JG0139b	11	114018943	N:CC[T>C]TG	1	106619.0	1922699994
JG0139b	11	114192817	T:AC[T>A]CT	-1	173874.0	1922873868
JG0139b	11	114277947	U:CC[T>C]CT	1	85130.0	1922958998
JG0139b	11	114524245	U:TC[T>C]TA	-1	246298.0	1923205296
JG0139b	11	114568268	N:CC[T>G]TT	1	44023.0	1923249319
JG0139b	11	114764674	N:CC[T>C]TA	1	196406.0	1923445725
JG0139b	11	114873304	N:TC[T>C]TT	1	108630.0	1923554355
JG0139b	11	114922188	N:TC[T>C]TG	1	48884.0	1923603239
JG0139b	11	115106043	N:TG[T>G]TT	1	183855.0	1923787094
JG0139b	11	115138016	N:GC[T>C]CC	1	31973.0	1923819067
JG0139b	11	115180887	T:GC[T>A]TC	1	42871.0	1923861938
JG0139b	11	115232233	U:AC[T>G]TT	-1	51346.0	1923913284
JG0139b	11	115240006	U:AC[T>G]TA	-1	7773.0	1923921057
JG0139b	11	115387706	T:TC[T>A]CT	1	147700.0	1924068757
JG0139b	11	115398896	U:TC[T>G]TT	-1	11190.0	1924079947
JG0139b	11	115468317	U:TC[T>C]CA	-1	69421.0	1924149368
JG0139b	11	115713866	N:TC[T>A]TT	1	245549.0	1924394917
JG0139b	11	116032503	N:CC[T>A]CA	-1	318637.0	1924713554
JG0139b	11	116034440	N:TG[T>C]CG	-1	1937.0	1924715491
JG0139b	11	116444484	N:GG[T>C]GG	-1	410044.0	1925125535
JG0139b	11	116782864	T:CC[T>G]CT	1	338380.0	1925463915
JG0139b	11	116839475	N:GC[T>A]CA	-1	56611.0	1925520526
JG0139b	11	116909391	T:TC[T>C]TG	1	69916.0	1925590442
JG0139b	11	116960733	U:AA[T>G]CA	-1	51342.0	1925641784
JG0139b	11	117015928	T:AC[T>A]TA	1	55195.0	1925696979
JG0139b	11	117385297	T:TC[T>C]GA	-1	369369.0	1926066348
JG0139b	11	117464567	U:CC[T>G]TT	-1	79270.0	1926145618
JG0139b	11	117522024	U:CC[T>C]TG	-1	57457.0	1926203075
JG0139b	11	118043515	U:TC[T>G]CT	-1	521491.0	1926724566
JG0139b	11	118175276	T:TA[C>A]GT	1	131761.0	1926856327
JG0139b	11	118195728	U:GC[T>C]TA	-1	20452.0	1926876779
JG0139b	11	118230178	U:TC[T>G]TG	-1	34450.0	1926911229
JG0139b	11	118381691	U:TG[T>G]TG	1	151513.0	1927062742
JG0139b	11	118997225	N:AC[T>A]CT	-1	615534.0	1927678276
JG0139b	11	119027265	U:CC[T>C]TG	-1	30040.0	1927708316
JG0139b	11	119082628	N:AC[T>C]TT	1	55363.0	1927763679
JG0139b	11	119212181	T:AC[T>G]TT	-1	129553.0	1927893232
JG0139b	11	119236034	U:GG[T>A]TT	1	23853.0	1927917085
JG0139b	11	119261315	T:AC[T>A]TG	-1	25281.0	1927942366
JG0139b	11	119390662	N:TG[T>C]CT	-1	129347.0	1928071713
JG0139b	11	119486199	N:GC[T>C]CC	-1	95537.0	1928167250
JG0139b	11	119566029	N:AC[T>A]TA	-1	79830.0	1928247080
JG0139b	11	119623060	N:CC[T>C]TT	1	57031.0	1928304111
JG0139b	11	119718079	T:CC[T>G]TC	1	95019.0	1928399130
JG0139b	11	119871530	N:AC[T>A]CC	-1	153451.0	1928552581
JG0139b	11	120029705	N:CC[T>C]CT	1	158175.0	1928710756
JG0139b	11	120060896	N:TC[T>A]TA	1	31191.0	1928741947
JG0139b	11	120085114	N:CC[T>G]CG	1	24218.0	1928766165
JG0139b	11	120089044	N:TC[T>C]TC	1	3930.0	1928770095
JG0139b	11	120187952	N:CC[T>G]TC	1	98908.0	1928869003
JG0139b	11	120223133	U:GC[T>C]GC	1	35181.0	1928904184
JG0139b	11	120381712	U:GG[T>C]TC	1	158579.0	1929062763
JG0139b	11	120508499	N:CC[T>A]TC	-1	126787.0	1929189550
JG0139b	11	120515846	T:CC[T>G]TC	-1	7347.0	1929196897
JG0139b	11	120564926	U:GC[T>G]TT	1	49080.0	1929245977
JG0139b	11	120619907	T:TG[T>G]TA	-1	54981.0	1929300958
JG0139b	11	120921389	T:TC[T>A]TC	-1	301482.0	1929602440
JG0139b	11	121028332	U:TC[T>G]TC	1	106943.0	1929709383
JG0139b	11	121253063	N:GG[T>A]TT	-1	224731.0	1929934114
JG0139b	11	121383316	N:GC[T>A]CA	1	130253.0	1930064367
JG0139b	11	121534718	T:AC[T>C]TG	-1	151402.0	1930215769
JG0139b	11	121572168	U:CC[T>C]TG	1	37450.0	1930253219
JG0139b	11	121639633	N:CC[T>G]TT	1	67465.0	1930320684
JG0139b	11	121896223	N:TC[T>C]TA	-1	256590.0	1930577274
JG0139b	11	121913369	N:CC[T>C]TG	-1	17146.0	1930594420
JG0139b	11	122177694	N:TC[T>A]CC	1	264325.0	1930858745
JG0139b	11	122185350	N:GC[T>G]TC	1	7656.0	1930866401
JG0139b	11	122244448	N:AG[T>G]TT	-1	59098.0	1930925499
JG0139b	11	122312849	N:GC[T>A]TC	1	68401.0	1930993900
JG0139b	11	122830633	N:AG[T>G]TG	-1	517784.0	1931511684
JG0139b	11	123059716	U:AC[T>C]TC	-1	229083.0	1931740767
JG0139b	11	123164393	T:CC[T>C]CC	1	104677.0	1931845444
JG0139b	11	123203631	N:TC[T>C]TG	1	39238.0	1931884682
JG0139b	11	123352906	N:TA[T>G]TA	1	149275.0	1932033957
JG0139b	11	123395520	U:CC[T>A]TC	1	42614.0	1932076571
JG0139b	11	123578425	U:TC[T>G]CA	1	182905.0	1932259476
JG0139b	11	123590736	U:GC[T>C]GC	1	12311.0	1932271787
JG0139b	11	123763680	N:CC[T>C]CC	-1	172944.0	1932444731
JG0139b	11	124020641	N:AC[T>A]CA	1	256961.0	1932701692
JG0139b	11	124027109	U:AC[T>A]TC	1	6468.0	1932708160
JG0139b	11	124095783	N:AC[T>G]TG	1	68674.0	1932776834
JG0139b	11	124097302	N:AG[T>G]TT	1	1519.0	1932778353
JG0139b	11	124457877	N:TC[T>C]TT	1	360575.0	1933138928
JG0139b	11	124518092	N:TC[T>C]CC	1	60215.0	1933199143
JG0139b	11	124597103	N:GC[T>G]TT	1	79011.0	1933278154
JG0139b	11	124735383	N:AG[T>G]TT	-1	138280.0	1933416434
JG0139b	11	124739842	N:CC[C>T]TC	1	4459.0	1933420893
JG0139b	11	124780891	U:GC[T>G]TT	-1	41049.0	1933461942
JG0139b	11	124844581	N:CC[T>A]TG	-1	63690.0	1933525632
JG0139b	11	125213104	U:CC[T>G]TC	1	368523.0	1933894155
JG0139b	11	125317474	U:CC[T>G]TG	1	104370.0	1933998525
JG0139b	11	125342874	U:GC[T>C]TG	1	25400.0	1934023925
JG0139b	11	125714179	N:GC[T>C]CT	-1	371305.0	1934395230
JG0139b	11	125891827	U:CC[T>C]CA	1	177648.0	1934572878
JG0139b	11	125906355	U:TC[T>C]GT	1	14528.0	1934587406
JG0139b	11	125976282	U:AC[T>G]CA	-1	69927.0	1934657333
JG0139b	11	126482057	U:TC[T>G]CA	-1	505775.0	1935163108
JG0139b	11	126710576	U:TT[C>A]AC	-1	228519.0	1935391627
JG0139b	11	126804608	U:AC[T>G]TA	-1	94032.0	1935485659
JG0139b	11	126869685	T:AC[T>C]TA	1	65077.0	1935550736
JG0139b	11	126964451	T:AG[T>G]CT	1	94766.0	1935645502
JG0139b	11	126989167	T:AC[T>C]CT	1	24716.0	1935670218
JG0139b	11	127190996	N:GC[T>G]TC	-1	201829.0	1935872047
JG0139b	11	127390361	N:AC[T>C]CT	-1	199365.0	1936071412
JG0139b	11	127735599	N:TG[T>G]TT	-1	345238.0	1936416650
JG0139b	11	127811539	N:GC[T>G]TC	-1	75940.0	1936492590
JG0139b	11	127848693	N:TC[T>A]TT	-1	37154.0	1936529744
JG0139b	11	127881589	N:AC[T>C]CC	1	32896.0	1936562640
JG0139b	11	127961112	N:CC[T>G]TA	-1	79523.0	1936642163
JG0139b	11	127981576	N:CC[T>C]TT	1	20464.0	1936662627
JG0139b	11	128060839	N:CC[T>A]TG	-1	79263.0	1936741890
JG0139b	11	128070845	N:TC[T>C]TG	1	10006.0	1936751896
JG0139b	11	128223373	N:GC[T>G]CA	1	152528.0	1936904424
JG0139b	11	128309846	N:CC[T>C]CC	-1	86473.0	1936990897
JG0139b	11	128332956	N:AC[T>A]TT	-1	23110.0	1937014007
JG0139b	11	128460622	T:AC[T>A]TT	1	127666.0	1937141673
JG0139b	11	128589235	N:AC[T>C]GT	1	128613.0	1937270286
JG0139b	11	128658873	N:TC[T>C]TT	1	69638.0	1937339924
JG0139b	11	128801854	U:AC[T>C]CT	1	142981.0	1937482905
JG0139b	11	128882672	N:GC[T>G]CT	-1	80818.0	1937563723
JG0139b	11	128885057	N:GG[C>A]TC	-1	2385.0	1937566108
JG0139b	11	129022398	U:CC[T>C]CT	-1	137341.0	1937703449
JG0139b	11	129027842	U:GG[T>C]GT	-1	5444.0	1937708893
JG0139b	11	129164358	U:CC[T>C]CG	-1	136516.0	1937845409
JG0139b	11	129208722	T:AG[T>C]GG	1	44364.0	1937889773
JG0139b	11	129381372	U:TC[T>G]TT	1	172650.0	1938062423
JG0139b	11	129434496	U:GC[T>G]TC	1	53124.0	1938115547
JG0139b	11	129444504	T:GC[T>C]CA	-1	10008.0	1938125555
JG0139b	11	129679115	N:GG[T>C]CA	-1	234611.0	1938360166
JG0139b	11	129729356	N:CC[T>G]TC	1	50241.0	1938410407
JG0139b	11	129799206	N:GC[T>C]TC	1	69850.0	1938480257
JG0139b	11	129841833	T:AC[T>C]TG	-1	42627.0	1938522884
JG0139b	11	129911284	T:AC[T>G]TG	1	69451.0	1938592335
JG0139b	11	129915107	U:AC[T>C]TT	-1	3823.0	1938596158
JG0139b	11	129971243	U:CC[T>G]TC	-1	56136.0	1938652294
JG0139b	11	130030589	N:CC[T>G]TG	1	59346.0	1938711640
JG0139b	11	130134146	U:CG[T>G]GT	1	103557.0	1938815197
JG0139b	11	130147657	N:CC[T>G]TG	1	13511.0	1938828708
JG0139b	11	130213528	N:GC[T>C]CT	1	65871.0	1938894579
JG0139b	11	130248995	T:AC[T>C]TG	1	35467.0	1938930046
JG0139b	11	130287984	U:TC[T>A]TT	-1	38989.0	1938969035
JG0139b	11	130367862	N:TC[T>C]TG	-1	79878.0	1939048913
JG0139b	11	130469478	T:CC[T>C]CC	-1	101616.0	1939150529
JG0139b	11	130496171	N:GC[T>A]TT	1	26693.0	1939177222
JG0139b	11	130534858	N:GG[T>G]TT	-1	38687.0	1939215909
JG0139b	11	130695254	N:TG[T>G]TA	-1	160396.0	1939376305
JG0139b	11	130739958	N:AC[T>G]TA	1	44704.0	1939421009
JG0139b	11	130746131	N:TC[T>C]TT	-1	6173.0	1939427182
JG0139b	11	130811415	N:GT[T>G]TT	1	65284.0	1939492466
JG0139b	11	130913074	U:TC[T>A]TT	-1	101659.0	1939594125
JG0139b	11	130993418	N:AC[T>C]TC	1	80344.0	1939674469
JG0139b	11	131163991	N:AC[T>C]GC	1	170573.0	1939845042
JG0139b	11	131208114	N:AC[T>A]TG	1	44123.0	1939889165
JG0139b	11	131333323	N:CC[T>C]CT	-1	125209.0	1940014374
JG0139b	11	131577674	U:TC[T>G]GC	1	244351.0	1940258725
JG0139b	11	131816968	U:TC[T>C]TC	1	239294.0	1940498019
JG0139b	11	131865333	U:GC[T>G]TG	1	48365.0	1940546384
JG0139b	11	131868919	U:GT[T>G]TT	1	3586.0	1940549970
JG0139b	11	131899325	U:CC[T>C]CC	1	30406.0	1940580376
JG0139b	11	132192949	U:AC[T>C]TA	1	293624.0	1940874000
JG0139b	11	132297435	U:CC[T>G]CT	1	104486.0	1940978486
JG0139b	11	132342846	N:AG[C>A]AA	-1	45411.0	1941023897
JG0139b	11	132350751	N:TC[T>G]TG	-1	7905.0	1941031802
JG0139b	11	132519449	U:CC[T>G]TC	-1	168698.0	1941200500
JG0139b	11	132530316	T:GG[T>C]CA	1	10867.0	1941211367
JG0139b	11	132640495	T:TC[T>C]CT	1	110179.0	1941321546
JG0139b	11	132698429	T:AA[C>G]TG	1	57934.0	1941379480
JG0139b	11	132719138	T:TC[T>C]CT	1	20709.0	1941400189
JG0139b	11	132978286	U:AC[T>C]TC	-1	259148.0	1941659337
JG0139b	11	133033585	U:AG[T>G]TA	-1	55299.0	1941714636
JG0139b	11	133389213	T:TC[T>A]TG	1	355628.0	1942070264
JG0139b	11	133429008	U:AT[C>G]TC	-1	39795.0	1942110059
JG0139b	11	133596858	N:GC[T>C]GG	1	167850.0	1942277909
JG0139b	11	133713075	N:GC[T>C]CC	1	116217.0	1942394126
JG0139b	11	133776206	N:TC[T>G]TG	-1	63131.0	1942457257
JG0139b	11	133860872	N:AC[T>G]TG	-1	84666.0	1942541923
JG0139b	11	134064907	N:GC[T>C]TT	1	204035.0	1942745958
JG0139b	11	134074935	T:AC[T>C]TC	-1	10028.0	1942755986
JG0139b	11	134192033	T:GA[T>G]TT	1	117098.0	1942873084
JG0139b	11	134206015	U:GC[T>G]TT	-1	13982.0	1942887066
JG0139b	11	134262353	U:CC[T>C]TG	1	56338.0	1942943404
JG0139b	11	134424506	N:GC[T>C]CT	1	162153.0	1943105557
JG0139b	11	134548512	N:CC[T>G]TA	-1	124006.0	1943229563
JG0139b	11	134576948	N:AC[T>A]CC	-1	28436.0	1943257999
JG0139b	11	134804927	N:CC[T>C]GG	-1	227979.0	1943485978
JG0139b	11	134809248	N:TC[T>G]TT	-1	4321.0	1943490299
JG0139b	12	295547	T:AC[T>C]GT	1		1944063220
JG0139b	12	316176	U:AC[T>G]TC	-1	20629.0	1944083849
JG0139b	12	327865	T:AT[T>G]TA	1	11689.0	1944095538
JG0139b	12	845455	U:CC[T>G]TC	1	517590.0	1944613128
JG0139b	12	882765	U:TC[T>C]TC	1	37310.0	1944650438
JG0139b	12	905524	U:TC[T>C]TG	1	22759.0	1944673197
JG0139b	12	1117865	T:AA[T>G]TC	-1	212341.0	1944885538
JG0139b	12	1173435	T:AC[T>C]CT	-1	55570.0	1944941108
JG0139b	12	1185983	U:CT[T>G]TT	1	12548.0	1944953656
JG0139b	12	1323630	U:AG[T>A]TC	1	137647.0	1945091303
JG0139b	12	1373268	T:TC[T>A]CC	-1	49638.0	1945140941
JG0139b	12	1862473	T:TG[T>A]CG	1	489205.0	1945630146
JG0139b	12	1916357	U:TG[T>C]GT	-1	53884.0	1945684030
JG0139b	12	2292534	U:AC[T>C]TA	1	376177.0	1946060207
JG0139b	12	2632494	U:CC[T>C]TG	1	339960.0	1946400167
JG0139b	12	3082543	T:GC[T>G]CA	-1	450049.0	1946850216
JG0139b	12	3356404	N:CC[T>A]AA	-1	273861.0	1947124077
JG0139b	12	3483834	T:TC[T>C]CA	-1	127430.0	1947251507
JG0139b	12	3625596	T:AC[T>G]TT	1	141762.0	1947393269
JG0139b	12	3898556	N:AG[T>G]TA	1	272960.0	1947666229
JG0139b	12	4144782	N:AC[T>C]TT	-1	246226.0	1947912455
JG0139b	12	4168135	N:CC[T>G]TG	-1	23353.0	1947935808
JG0139b	12	4743310	U:CC[T>G]TG	1	575175.0	1948510983
JG0139b	12	4809311	T:AC[T>C]CT	-1	66001.0	1948576984
JG0139b	12	5164698	N:TC[T>G]GT	1	355387.0	1948932371
JG0139b	12	5258223	N:TC[T>G]GA	1	93525.0	1949025896
JG0139b	12	5327402	N:CC[T>C]CT	1	69179.0	1949095075
JG0139b	12	5342803	N:CC[T>C]TA	-1	15401.0	1949110476
JG0139b	12	5581393	U:TG[T>G]GT	-1	238590.0	1949349066
JG0139b	12	5685569	U:GC[T>C]CA	-1	104176.0	1949453242
JG0139b	12	5774054	U:TC[T>C]CT	-1	88485.0	1949541727
JG0139b	12	5811006	U:TG[T>A]CC	-1	36952.0	1949578679
JG0139b	12	6206500	T:CC[T>G]GT	-1	395494.0	1949974173
JG0139b	12	6638305	U:CC[T>C]TG	-1	431805.0	1950405978
JG0139b	12	6911701	T:GC[T>G]TT	-1	273396.0	1950679374
JG0139b	12	7748447	U:GG[T>G]TC	-1	836746.0	1951516120
JG0139b	12	8100313	N:CC[T>G]TA	-1	351866.0	1951867986
JG0139b	12	8129554	T:CC[T>A]CC	-1	29241.0	1951897227
JG0139b	12	8180820	T:GG[T>C]CC	-1	51266.0	1951948493
JG0139b	12	8781731	U:TC[T>C]CT	1	600911.0	1952549404
JG0139b	12	8830789	U:TG[T>G]TT	1	49058.0	1952598462
JG0139b	12	8873070	U:TC[T>G]TA	1	42281.0	1952640743
JG0139b	12	9162845	U:CA[T>C]GG	-1	289775.0	1952930518
JG0139b	12	9452627	N:AG[T>A]TT	1	289782.0	1953220300
JG0139b	12	10005497	T:TC[T>C]TT	1	552870.0	1953773170
JG0139b	12	10179586	T:AC[T>C]CG	-1	174089.0	1953947259
JG0139b	12	10316215	T:AC[T>G]CC	-1	136629.0	1954083888
JG0139b	12	10382824	U:GT[T>G]TG	-1	66609.0	1954150497
JG0139b	12	10616498	N:TG[T>G]TG	1	233674.0	1954384171
JG0139b	12	10622787	U:CC[T>G]TC	-1	6289.0	1954390460
JG0139b	12	11167325	T:CC[T>C]TT	1	544538.0	1954934998
JG0139b	12	11219571	N:GC[T>G]GG	-1	52246.0	1954987244
JG0139b	12	11374247	U:TG[T>G]TC	-1	154676.0	1955141920
JG0139b	12	11586446	N:AC[T>C]CG	1	212199.0	1955354119
JG0139b	12	11730767	T:AC[T>G]TC	-1	144321.0	1955498440
JG0139b	12	11743805	U:TC[T>C]TC	1	13038.0	1955511478
JG0139b	12	11864618	T:AC[T>C]TT	-1	120813.0	1955632291
JG0139b	12	12062942	T:AG[T>G]TG	-1	198324.0	1955830615
JG0139b	12	12388351	T:GT[C>A]TT	-1	325409.0	1956156024
JG0139b	12	12704558	N:TG[T>A]GT	1	316207.0	1956472231
JG0139b	12	13034112	N:TC[T>C]TA	-1	329554.0	1956801785
JG0139b	12	13255517	N:CC[T>C]TT	-1	221405.0	1957023190
JG0139b	12	13259501	N:TG[T>C]GA	-1	3984.0	1957027174
JG0139b	12	13777588	U:CC[T>A]TG	-1	518087.0	1957545261
JG0139b	12	14300252	N:TG[T>C]TT	-1	522664.0	1958067925
JG0139b	12	14532629	U:GC[T>G]CT	-1	232377.0	1958300302
JG0139b	12	15463984	T:AC[T>G]TT	-1	931355.0	1959231657
JG0139b	12	15721714	U:GC[T>A]TT	-1	257730.0	1959489387
JG0139b	12	15759834	T:AG[T>G]TT	1	38120.0	1959527507
JG0139b	12	15874573	T:CC[T>G]TT	1	114739.0	1959642246
JG0139b	12	15877068	U:TC[T>G]TA	-1	2495.0	1959644741
JG0139b	12	16034892	T:TA[T>G]TA	-1	157824.0	1959802565
JG0139b	12	16049178	N:TC[T>G]TT	1	14286.0	1959816851
JG0139b	12	16348681	T:AC[T>A]CA	-1	299503.0	1960116354
JG0139b	12	16592494	T:TC[T>G]CA	1	243813.0	1960360167
JG0139b	12	16684188	N:TC[T>G]TA	1	91694.0	1960451861
JG0139b	12	17124643	N:GC[T>C]TA	1	440455.0	1960892316
JG0139b	12	17313755	N:AC[T>G]TA	-1	189112.0	1961081428
JG0139b	12	17338629	N:TT[T>G]TG	-1	24874.0	1961106302
JG0139b	12	17342497	N:AG[T>G]TC	1	3868.0	1961110170
JG0139b	12	17554384	N:CC[T>A]TG	1	211887.0	1961322057
JG0139b	12	17643856	N:AC[T>G]TC	-1	89472.0	1961411529
JG0139b	12	17653825	N:AA[T>G]TG	1	9969.0	1961421498
JG0139b	12	17750712	N:AC[T>G]TC	-1	96887.0	1961518385
JG0139b	12	17788090	N:TC[T>G]TT	1	37378.0	1961555763
JG0139b	12	18036272	N:TC[T>C]CG	-1	248182.0	1961803945
JG0139b	12	18056447	N:TC[T>A]TC	1	20175.0	1961824120
JG0139b	12	18104855	N:TC[T>C]TT	1	48408.0	1961872528
JG0139b	12	18410027	U:CC[T>G]CC	1	305172.0	1962177700
JG0139b	12	18420418	U:AG[T>G]TT	1	10391.0	1962188091
JG0139b	12	18622234	U:TG[T>G]TA	1	201816.0	1962389907
JG0139b	12	18914246	N:CC[T>G]TT	-1	292012.0	1962681919
JG0139b	12	19011282	N:CC[T>C]TG	1	97036.0	1962778955
JG0139b	12	19496600	U:CC[T>G]TA	1	485318.0	1963264273
JG0139b	12	19516418	U:TC[T>G]TA	1	19818.0	1963284091
JG0139b	12	19519608	T:AC[T>C]CC	-1	3190.0	1963287281
JG0139b	12	19821951	N:AC[T>G]TT	1	302343.0	1963589624
JG0139b	12	19826450	N:GC[T>C]TC	-1	4499.0	1963594123
JG0139b	12	20018002	N:CC[T>C]TT	1	191552.0	1963785675
JG0139b	12	20129046	N:TC[T>C]TT	-1	111044.0	1963896719
JG0139b	12	20397251	U:TC[T>C]CT	1	268205.0	1964164924
JG0139b	12	20637321	U:AC[T>G]TG	1	240070.0	1964404994
JG0139b	12	20881424	U:CC[T>C]GC	1	244103.0	1964649097
JG0139b	12	21119564	N:AC[T>G]CA	1	238140.0	1964887237
JG0139b	12	21158895	U:CC[T>C]TA	1	39331.0	1964926568
JG0139b	12	21195457	U:CC[T>C]CC	1	36562.0	1964963130
JG0139b	12	21810873	T:TC[T>G]TT	1	615416.0	1965578546
JG0139b	12	21834500	U:CC[T>C]TT	-1	23627.0	1965602173
JG0139b	12	21914170	T:TC[T>G]TC	1	79670.0	1965681843
JG0139b	12	21990550	N:CC[T>C]CA	-1	76380.0	1965758223
JG0139b	12	22037010	N:GC[T>C]GG	-1	46460.0	1965804683
JG0139b	12	22370852	N:GC[T>A]TT	-1	333842.0	1966138525
JG0139b	12	22382731	N:TC[T>A]CC	-1	11879.0	1966150404
JG0139b	12	22482125	T:TC[T>G]TG	1	99394.0	1966249798
JG0139b	12	22581991	N:AG[T>G]TA	-1	99866.0	1966349664
JG0139b	12	22956248	N:TC[T>G]TT	-1	374257.0	1966723921
JG0139b	12	22980712	N:AC[T>C]TT	-1	24464.0	1966748385
JG0139b	12	23267370	N:TC[T>C]TC	1	286658.0	1967035043
JG0139b	12	23637374	T:CT[C>A]TT	1	370004.0	1967405047
JG0139b	12	23733272	T:AC[T>C]TA	1	95898.0	1967500945
JG0139b	12	23975184	U:TC[T>G]TT	-1	241912.0	1967742857
JG0139b	12	24027267	T:TT[C>A]TG	1	52083.0	1967794940
JG0139b	12	24246544	T:CC[T>G]TC	1	219277.0	1968014217
JG0139b	12	24787677	N:CC[T>G]TC	-1	541133.0	1968555350
JG0139b	12	25186678	T:AG[T>C]CC	1	399001.0	1968954351
JG0139b	12	25463998	U:AC[T>G]AG	-1	277320.0	1969231671
JG0139b	12	26246920	U:GA[T>A]CC	1	782922.0	1970014593
JG0139b	12	26472165	T:CC[T>G]TG	1	225245.0	1970239838
JG0139b	12	26548505	T:CC[T>G]TG	1	76340.0	1970316178
JG0139b	12	26595441	T:CC[T>C]TC	1	46936.0	1970363114
JG0139b	12	26866686	N:CC[T>G]GT	1	271245.0	1970634359
JG0139b	12	26941796	U:GC[T>G]TG	1	75110.0	1970709469
JG0139b	12	26954331	T:GC[T>G]TT	-1	12535.0	1970722004
JG0139b	12	27415870	U:GG[T>C]TA	1	461539.0	1971183543
JG0139b	12	27580088	T:AC[T>G]TT	-1	164218.0	1971347761
JG0139b	12	27840389	N:CA[T>G]TG	1	260301.0	1971608062
JG0139b	12	27974762	N:TC[T>C]CT	1	134373.0	1971742435
JG0139b	12	27989878	N:AC[T>A]GG	1	15116.0	1971757551
JG0139b	12	28186602	U:GC[T>G]GT	1	196724.0	1971954275
JG0139b	12	28224959	U:AC[T>G]TA	1	38357.0	1971992632
JG0139b	12	28369804	T:GC[T>G]TC	-1	144845.0	1972137477
JG0139b	12	28425273	U:CC[T>G]TT	1	55469.0	1972192946
JG0139b	12	28482297	U:TC[T>A]TT	1	57024.0	1972249970
JG0139b	12	28508763	T:GC[T>A]TC	-1	26466.0	1972276436
JG0139b	12	28580228	N:TC[T>G]TG	1	71465.0	1972347901
JG0139b	12	28615099	N:TC[T>C]TC	-1	34871.0	1972382772
JG0139b	12	28804715	N:TC[T>C]TA	1	189616.0	1972572388
JG0139b	12	28970400	N:CC[T>C]CC	1	165685.0	1972738073
JG0139b	12	29118773	N:TG[T>G]TT	-1	148373.0	1972886446
JG0139b	12	29455160	T:TC[T>G]TT	1	336387.0	1973222833
JG0139b	12	29735091	U:CC[T>A]CT	-1	279931.0	1973502764
JG0139b	12	30327192	N:AC[T>C]CT	-1	592101.0	1974094865
JG0139b	12	30710003	U:TC[T>G]TC	-1	382811.0	1974477676
JG0139b	12	30932105	T:TT[T>G]TG	-1	222102.0	1974699778
JG0139b	12	31291397	U:TC[T>A]TG	-1	359292.0	1975059070
JG0139b	12	31354368	N:GC[T>C]TT	-1	62971.0	1975122041
JG0139b	12	31633848	N:AC[T>C]TT	-1	279480.0	1975401521
JG0139b	12	31793440	N:AT[T>G]TC	-1	159592.0	1975561113
JG0139b	12	32011053	N:CC[T>G]TG	1	217613.0	1975778726
JG0139b	12	32321583	T:GG[T>G]TT	-1	310530.0	1976089256
JG0139b	12	32377507	U:TG[T>G]TT	1	55924.0	1976145180
JG0139b	12	32403941	U:GC[T>C]TT	1	26434.0	1976171614
JG0139b	12	32438245	U:AC[T>A]TG	1	34304.0	1976205918
JG0139b	12	32569299	T:AC[T>C]TA	-1	131054.0	1976336972
JG0139b	12	32805577	T:GC[T>G]TG	1	236278.0	1976573250
JG0139b	12	33344707	N:AC[T>C]AT	-1	539130.0	1977112380
JG0139b	12	33776428	N:CC[T>C]TG	-1	431721.0	1977544101
JG0139b	12	33990027	N:CC[T>G]TA	-1	213599.0	1977757700
JG0139b	12	34401723	N:AC[T>G]TT	-1	411696.0	1978169396
JG0139b	12	34972241	N:AG[T>G]TT	1	570518.0	1978739914
JG0139b	12	35295783	N:AC[T>C]CA	1	323542.0	1979063456
JG0139b	12	35371422	N:TA[T>G]CC	-1	75639.0	1979139095
JG0139b	12	35533861	N:AC[T>G]TT	1	162439.0	1979301534
JG0139b	12	35725482	N:AC[T>C]TT	-1	191621.0	1979493155
JG0139b	12	35929954	N:GC[T>C]CC	-1	204472.0	1979697627
JG0139b	12	36098936	N:CC[T>G]TC	1	168982.0	1979866609
JG0139b	12	36792635	N:TC[T>A]TT	1	693699.0	1980560308
JG0139b	12	36829294	N:CC[T>G]TC	1	36659.0	1980596967
JG0139b	12	36829582	N:TC[T>A]CC	-1	288.0	1980597255
JG0139b	12	36846036	N:CC[T>G]TC	1	16454.0	1980613709
JG0139b	12	36981488	N:GC[T>C]CA	1	135452.0	1980749161
JG0139b	12	37067809	N:AC[T>G]GT	1	86321.0	1980835482
JG0139b	12	37340150	N:AC[T>C]CT	1	272341.0	1981107823
JG0139b	12	37471614	N:CC[T>G]TG	-1	131464.0	1981239287
JG0139b	12	37611691	N:CC[T>A]TC	1	140077.0	1981379364
JG0139b	12	37613076	N:TG[T>G]TT	-1	1385.0	1981380749
JG0139b	12	38051603	N:TC[T>C]CA	-1	438527.0	1981819276
JG0139b	12	38181233	N:CC[T>G]TC	-1	129630.0	1981948906
JG0139b	12	38192275	N:GT[T>G]GT	-1	11042.0	1981959948
JG0139b	12	38199641	N:CC[T>C]CC	-1	7366.0	1981967314
JG0139b	12	38761142	U:TC[T>A]GT	-1	561501.0	1982528815
JG0139b	12	38912328	N:GC[T>G]TT	-1	151186.0	1982680001
JG0139b	12	39090105	N:GC[T>G]CC	1	177777.0	1982857778
JG0139b	12	39496964	N:GG[T>G]TT	1	406859.0	1983264637
JG0139b	12	39791661	T:AC[T>G]TA	1	294697.0	1983559334
JG0139b	12	39840952	T:CC[T>C]CG	1	49291.0	1983608625
JG0139b	12	40119687	N:TC[T>G]TT	1	278735.0	1983887360
JG0139b	12	40231277	T:CA[C>A]CT	-1	111590.0	1983998950
JG0139b	12	40236132	U:TC[T>C]CC	1	4855.0	1984003805
JG0139b	12	40873583	T:CA[C>G]TA	-1	637451.0	1984641256
JG0139b	12	40891211	U:AG[T>C]TG	1	17628.0	1984658884
JG0139b	12	40918384	U:GC[T>C]TG	1	27173.0	1984686057
JG0139b	12	41497408	U:CC[T>G]TG	1	579024.0	1985265081
JG0139b	12	41626193	N:AC[T>G]GA	-1	128785.0	1985393866
JG0139b	12	41914535	N:GG[T>G]TG	1	288342.0	1985682208
JG0139b	12	42113075	U:TT[T>C]GC	-1	198540.0	1985880748
JG0139b	12	42607176	N:AC[T>G]GT	1	494101.0	1986374849
JG0139b	12	42751791	N:AC[T>C]AA	1	144615.0	1986519464
JG0139b	12	42949230	N:AA[T>G]TC	-1	197439.0	1986716903
JG0139b	12	43010421	N:AC[T>G]TC	1	61191.0	1986778094
JG0139b	12	43217109	N:CA[T>G]TT	-1	206688.0	1986984782
JG0139b	12	43511862	T:AC[T>G]TA	1	294753.0	1987279535
JG0139b	12	43776289	U:AC[T>G]TA	1	264427.0	1987543962
JG0139b	12	44044042	T:CC[T>G]TC	-1	267753.0	1987811715
JG0139b	12	44085679	T:AG[T>G]TA	-1	41637.0	1987853352
JG0139b	12	44891964	T:TG[T>G]TT	1	806285.0	1988659637
JG0139b	12	45115231	N:TC[T>C]CT	1	223267.0	1988882904
JG0139b	12	45599114	N:CC[T>A]TA	-1	483883.0	1989366787
JG0139b	12	45870333	T:GC[T>C]CG	-1	271219.0	1989638006
JG0139b	12	46447551	N:GA[T>G]TA	-1	577218.0	1990215224
JG0139b	12	46489013	N:AC[T>G]TT	-1	41462.0	1990256686
JG0139b	12	46585143	N:TC[T>A]TG	1	96130.0	1990352816
JG0139b	12	46731489	N:AC[T>C]TG	-1	146346.0	1990499162
JG0139b	12	46975997	N:AG[T>G]TT	1	244508.0	1990743670
JG0139b	12	47028945	N:AC[T>G]TC	-1	52948.0	1990796618
JG0139b	12	47099814	U:AC[T>C]TT	1	70869.0	1990867487
JG0139b	12	47128669	U:TG[T>G]TT	1	28855.0	1990896342
JG0139b	12	47167013	U:AC[T>G]TC	1	38344.0	1990934686
JG0139b	12	47220831	T:AC[T>A]CA	-1	53818.0	1990988504
JG0139b	12	47456719	N:AC[T>A]TC	1	235888.0	1991224392
JG0139b	12	47803384	U:TC[T>A]CG	-1	346665.0	1991571057
JG0139b	12	47832701	T:CC[C>T]TT	1	29317.0	1991600374
JG0139b	12	47953440	N:CC[T>C]TG	-1	120739.0	1991721113
JG0139b	12	48124599	U:TC[T>G]TA	1	171159.0	1991892272
JG0139b	12	48196852	N:GG[C>A]TA	-1	72253.0	1991964525
JG0139b	12	48445313	N:GC[T>C]TG	1	248461.0	1992212986
JG0139b	12	48572923	N:GC[T>G]TC	-1	127610.0	1992340596
JG0139b	12	48732051	T:CC[T>A]CA	-1	159128.0	1992499724
JG0139b	12	48748901	U:TC[T>G]TT	1	16850.0	1992516574
JG0139b	12	48843893	U:TC[T>G]TC	-1	94992.0	1992611566
JG0139b	12	48903566	T:AC[T>C]TC	1	59673.0	1992671239
JG0139b	12	48922329	B:TG[T>G]GG	1	18763.0	1992690002
JG0139b	12	48980751	T:AC[T>G]TC	-1	58422.0	1992748424
JG0139b	12	49734367	U:AG[T>A]CT	1	753616.0	1993502040
JG0139b	12	49865866	N:CC[T>G]TG	1	131499.0	1993633539
JG0139b	12	49902964	T:TC[T>C]CA	1	37098.0	1993670637
JG0139b	12	49978455	T:GC[T>C]CC	1	75491.0	1993746128
JG0139b	12	49992648	T:TC[T>C]GT	1	14193.0	1993760321
JG0139b	12	50099406	U:AC[T>A]CA	1	106758.0	1993867079
JG0139b	12	50246913	T:AC[T>C]TG	1	147507.0	1994014586
JG0139b	12	50287476	N:CC[T>A]TC	-1	40563.0	1994055149
JG0139b	12	50297111	N:CC[T>G]TT	-1	9635.0	1994064784
JG0139b	12	50795145	U:CC[T>A]TG	1	498034.0	1994562818
JG0139b	12	51211940	T:GC[T>C]CT	1	416795.0	1994979613
JG0139b	12	51375630	T:GC[T>C]CA	1	163690.0	1995143303
JG0139b	12	51377227	T:TC[T>G]CC	1	1597.0	1995144900
JG0139b	12	51405332	T:GC[T>G]TG	-1	28105.0	1995173005
JG0139b	12	51480958	U:GC[T>A]TG	1	75626.0	1995248631
JG0139b	12	51595193	U:GC[T>A]CA	1	114235.0	1995362866
JG0139b	12	51815974	N:TC[T>A]CC	1	220781.0	1995583647
JG0139b	12	51986355	U:GG[T>G]TC	1	170381.0	1995754028
JG0139b	12	52165529	N:AG[T>G]TA	-1	179174.0	1995933202
JG0139b	12	52200701	N:CC[T>G]TT	1	35172.0	1995968374
JG0139b	12	52225918	N:TG[T>G]TT	1	25217.0	1995993591
JG0139b	12	52400382	U:AC[T>A]CA	-1	174464.0	1996168055
JG0139b	12	52410584	N:GG[T>C]TT	-1	10202.0	1996178257
JG0139b	12	52470906	U:TC[T>C]CT	-1	60322.0	1996238579
JG0139b	12	52790500	U:CC[T>C]TG	-1	319594.0	1996558173
JG0139b	12	53153511	N:GC[T>C]GG	1	363011.0	1996921184
JG0139b	12	53262314	N:AG[T>C]CC	-1	108803.0	1997029987
JG0139b	12	53474956	U:CC[T>G]TC	1	212642.0	1997242629
JG0139b	12	53508810	U:CC[T>G]CC	-1	33854.0	1997276483
JG0139b	12	53630643	N:TC[T>G]TG	1	121833.0	1997398316
JG0139b	12	54094211	N:TC[T>C]GC	1	463568.0	1997861884
JG0139b	12	54221824	N:CC[T>A]TG	-1	127613.0	1997989497
JG0139b	12	54224749	N:GC[T>G]TG	-1	2925.0	1997992422
JG0139b	12	55033476	N:AC[T>C]TT	1	808727.0	1998801149
JG0139b	12	55246709	N:CA[T>C]TT	-1	213233.0	1999014382
JG0139b	12	55322728	N:TC[T>G]TT	-1	76019.0	1999090401
JG0139b	12	55457701	N:AC[T>G]TT	1	134973.0	1999225374
JG0139b	12	55563093	N:GC[T>A]CT	1	105392.0	1999330766
JG0139b	12	55689259	T:AC[T>A]TA	1	126166.0	1999456932
JG0139b	12	55707120	U:AC[T>C]GT	-1	17861.0	1999474793
JG0139b	12	55880296	N:TT[T>G]TT	-1	173176.0	1999647969
JG0139b	12	55900648	N:CC[T>C]CC	-1	20352.0	1999668321
JG0139b	12	56056154	N:AG[T>G]CT	-1	155506.0	1999823827
JG0139b	12	56339054	T:GC[T>C]CC	-1	282900.0	2000106727
JG0139b	12	56447507	U:AC[T>A]CA	-1	108453.0	2000215180
JG0139b	12	56569278	U:AT[T>G]TT	1	121771.0	2000336951
JG0139b	12	56591267	U:AC[T>C]GT	1	21989.0	2000358940
JG0139b	12	56750414	U:AG[T>G]TA	-1	159147.0	2000518087
JG0139b	12	57197277	T:CC[T>G]CA	-1	446863.0	2000964950
JG0139b	12	57303684	U:CC[T>C]CA	-1	106407.0	2001071357
JG0139b	12	57356751	T:GG[T>G]TA	1	53067.0	2001124424
JG0139b	12	57362511	T:GC[T>A]TC	1	5760.0	2001130184
JG0139b	12	57621422	U:TC[T>G]TC	1	258911.0	2001389095
JG0139b	12	57930534	N:AC[T>G]TC	-1	309112.0	2001698207
JG0139b	12	58132211	N:TC[T>G]TG	1	201677.0	2001899884
JG0139b	12	58243428	N:CC[T>A]CC	1	111217.0	2002011101
JG0139b	12	58351029	N:AC[T>G]TC	-1	107601.0	2002118702
JG0139b	12	58503122	N:AC[T>C]TT	1	152093.0	2002270795
JG0139b	12	58517881	N:TG[T>G]TT	-1	14759.0	2002285554
JG0139b	12	58696757	N:CC[T>G]CA	-1	178876.0	2002464430
JG0139b	12	58705142	N:TG[T>A]CT	1	8385.0	2002472815
JG0139b	12	58751728	N:AC[T>G]TT	1	46586.0	2002519401
JG0139b	12	58769046	N:TT[T>G]TT	-1	17318.0	2002536719
JG0139b	12	58789554	N:TC[T>C]TA	-1	20508.0	2002557227
JG0139b	12	58807785	N:TG[T>G]CC	1	18231.0	2002575458
JG0139b	12	59142261	N:AT[T>G]TT	1	334476.0	2002909934
JG0139b	12	59178635	N:AC[T>C]TA	1	36374.0	2002946308
JG0139b	12	59358820	N:TA[T>G]TA	-1	180185.0	2003126493
JG0139b	12	59599294	U:AA[T>G]CC	1	240474.0	2003366967
JG0139b	12	59808779	N:GG[T>G]TA	1	209485.0	2003576452
JG0139b	12	59849059	N:TC[T>G]CT	1	40280.0	2003616732
JG0139b	12	59981462	N:AC[T>G]TT	1	132403.0	2003749135
JG0139b	12	60089179	N:TC[T>C]CT	1	107717.0	2003856852
JG0139b	12	60580814	N:TG[T>C]CT	-1	491635.0	2004348487
JG0139b	12	60581282	N:AA[T>G]TT	1	468.0	2004348955
JG0139b	12	60695260	N:GC[T>C]TT	1	113978.0	2004462933
JG0139b	12	61007301	N:TC[T>C]TC	1	312041.0	2004774974
JG0139b	12	61168132	N:CC[T>C]TC	1	160831.0	2004935805
JG0139b	12	61202568	N:TG[T>A]TT	-1	34436.0	2004970241
JG0139b	12	61330230	N:CC[T>G]TC	-1	127662.0	2005097903
JG0139b	12	61917358	T:CC[T>G]TT	1	587128.0	2005685031
JG0139b	12	61924837	U:TC[T>C]CC	-1	7479.0	2005692510
JG0139b	12	61957650	U:CG[T>C]CT	-1	32813.0	2005725323
JG0139b	12	62041816	U:TC[T>C]TT	-1	84166.0	2005809489
JG0139b	12	62120772	T:TC[T>A]CT	1	78956.0	2005888445
JG0139b	12	62585959	U:TC[T>G]TT	1	465187.0	2006353632
JG0139b	12	62847487	T:AG[T>G]CA	1	261528.0	2006615160
JG0139b	12	62996363	N:CC[T>G]TC	1	148876.0	2006764036
JG0139b	12	63809694	N:CC[T>G]TT	-1	813331.0	2007577367
JG0139b	12	63867244	U:TC[T>C]CA	1	57550.0	2007634917
JG0139b	12	63870008	U:TG[T>C]GC	1	2764.0	2007637681
JG0139b	12	63898221	T:CC[T>C]TT	-1	28213.0	2007665894
JG0139b	12	63931950	T:TC[T>G]TA	-1	33729.0	2007699623
JG0139b	12	64013583	T:CC[T>C]TT	-1	81633.0	2007781256
JG0139b	12	64603760	T:TC[T>C]AC	-1	590177.0	2008371433
JG0139b	12	64626317	U:AC[T>G]TG	1	22557.0	2008393990
JG0139b	12	65095925	U:GG[T>G]TT	-1	469608.0	2008863598
JG0139b	12	65441775	U:GC[T>G]TT	1	345850.0	2009209448
JG0139b	12	65735444	N:AC[T>G]CG	1	293669.0	2009503117
JG0139b	12	66038344	N:AG[T>C]TT	1	302900.0	2009806017
JG0139b	12	66587191	U:CC[T>A]TG	-1	548847.0	2010354864
JG0139b	12	66591087	T:CC[T>A]CC	1	3896.0	2010358760
JG0139b	12	66738592	U:CT[T>G]AC	-1	147505.0	2010506265
JG0139b	12	67082528	N:GC[T>C]TT	1	343936.0	2010850201
JG0139b	12	67213904	N:CC[T>G]TG	-1	131376.0	2010981577
JG0139b	12	67293314	U:CC[T>G]TT	1	79410.0	2011060987
JG0139b	12	67787263	N:CC[T>G]TT	1	493949.0	2011554936
JG0139b	12	68013042	N:TC[T>C]TT	-1	225779.0	2011780715
JG0139b	12	68048776	N:TC[T>A]TA	1	35734.0	2011816449
JG0139b	12	68242322	N:AC[T>G]TA	-1	193546.0	2012009995
JG0139b	12	68505410	N:TC[T>G]TA	-1	263088.0	2012273083
JG0139b	12	68547839	N:AG[T>G]CC	1	42429.0	2012315512
JG0139b	12	68559271	N:AG[T>G]TA	-1	11432.0	2012326944
JG0139b	12	68982197	N:CC[T>C]GG	1	422926.0	2012749870
JG0139b	12	69460726	N:TC[T>C]TA	-1	478529.0	2013228399
JG0139b	12	69556542	U:GG[T>A]CT	1	95816.0	2013324215
JG0139b	12	70493190	N:AC[T>G]TT	1	936648.0	2014260863
JG0139b	12	70719496	T:AG[T>G]TC	1	226306.0	2014487169
JG0139b	12	70731395	U:TC[T>A]CC	-1	11899.0	2014499068
JG0139b	12	70742192	T:CC[T>C]TA	1	10797.0	2014509865
JG0139b	12	70837593	U:TC[T>C]TT	-1	95401.0	2014605266
JG0139b	12	71113262	N:AG[T>G]TT	1	275669.0	2014880935
JG0139b	12	71159756	T:TC[T>G]TA	1	46494.0	2014927429
JG0139b	12	71535283	T:AC[T>A]CC	-1	375527.0	2015302956
JG0139b	12	71994190	T:TC[T>G]TA	-1	458907.0	2015761863
JG0139b	12	72059735	N:CC[T>C]TT	-1	65545.0	2015827408
JG0139b	12	72293336	T:AC[T>G]TC	-1	233601.0	2016061009
JG0139b	12	72685347	N:AC[T>G]TC	-1	392011.0	2016453020
JG0139b	12	72701168	N:AG[T>G]TA	-1	15821.0	2016468841
JG0139b	12	73088459	N:AC[T>G]GA	-1	387291.0	2016856132
JG0139b	12	73169453	N:CA[T>G]TA	1	80994.0	2016937126
JG0139b	12	73174949	N:CC[T>C]TT	1	5496.0	2016942622
JG0139b	12	73214579	N:TC[T>G]TT	1	39630.0	2016982252
JG0139b	12	73404441	N:TC[T>G]CT	1	189862.0	2017172114
JG0139b	12	73478638	N:TC[T>G]TG	1	74197.0	2017246311
JG0139b	12	73603794	N:TC[T>G]TA	1	125156.0	2017371467
JG0139b	12	73766239	N:CA[T>G]TA	1	162445.0	2017533912
JG0139b	12	73776374	N:AC[T>G]TG	-1	10135.0	2017544047
JG0139b	12	73994715	N:TA[T>C]TC	-1	218341.0	2017762388
JG0139b	12	74702060	N:TC[T>C]CC	-1	707345.0	2018469733
JG0139b	12	74711995	N:GC[T>A]AG	-1	9935.0	2018479668
JG0139b	12	74990076	N:TG[T>A]TC	1	278081.0	2018757749
JG0139b	12	75054196	U:GC[T>A]CG	-1	64120.0	2018821869
JG0139b	12	75128464	U:TC[T>C]TA	-1	74268.0	2018896137
JG0139b	12	75563387	N:AC[T>A]TA	1	434923.0	2019331060
JG0139b	12	75603104	N:GC[T>G]TT	1	39717.0	2019370777
JG0139b	12	75739065	N:TC[T>A]TA	-1	135961.0	2019506738
JG0139b	12	76267831	N:TC[T>G]TG	1	528766.0	2020035504
JG0139b	12	76348677	N:CC[T>C]CC	1	80846.0	2020116350
JG0139b	12	76364798	U:AC[T>C]TT	-1	16121.0	2020132471
JG0139b	12	76366502	T:GG[T>G]TT	1	1704.0	2020134175
JG0139b	12	76500139	U:TC[T>C]TT	-1	133637.0	2020267812
JG0139b	12	76624198	N:CC[T>A]TC	-1	124059.0	2020391871
JG0139b	12	76923930	N:TG[T>G]TA	-1	299732.0	2020691603
JG0139b	12	76944272	N:CC[T>A]CC	1	20342.0	2020711945
JG0139b	12	77207123	N:TC[T>G]CC	-1	262851.0	2020974796
JG0139b	12	77211069	N:TC[T>C]TT	1	3946.0	2020978742
JG0139b	12	77425373	U:TG[T>G]TG	1	214304.0	2021193046
JG0139b	12	77836961	U:GC[T>G]GG	1	411588.0	2021604634
JG0139b	12	77921817	T:TC[T>C]CT	-1	84856.0	2021689490
JG0139b	12	78393677	N:CC[T>G]TT	-1	471860.0	2022161350
JG0139b	12	78726755	N:TC[T>C]TT	1	333078.0	2022494428
JG0139b	12	79697182	N:TG[T>G]AA	-1	970427.0	2023464855
JG0139b	12	79785285	U:CC[T>C]CA	-1	88103.0	2023552958
JG0139b	12	79843040	T:CA[T>A]TT	1	57755.0	2023610713
JG0139b	12	79903957	U:TC[T>C]TG	-1	60917.0	2023671630
JG0139b	12	80068064	N:GG[T>G]TG	1	164107.0	2023835737
JG0139b	12	80619522	U:AG[T>C]GC	1	551458.0	2024387195
JG0139b	12	80756812	N:TG[T>G]TC	1	137290.0	2024524485
JG0139b	12	81251456	T:CC[T>C]CC	-1	494644.0	2025019129
JG0139b	12	81484001	T:AA[T>C]CA	1	232545.0	2025251674
JG0139b	12	81527363	U:GC[T>C]CC	-1	43362.0	2025295036
JG0139b	12	81598079	U:GC[T>G]CT	-1	70716.0	2025365752
JG0139b	12	81767231	N:TT[T>C]CC	-1	169152.0	2025534904
JG0139b	12	81792444	N:CA[T>A]TG	-1	25213.0	2025560117
JG0139b	12	82041118	N:AG[T>C]TG	-1	248674.0	2025808791
JG0139b	12	82190756	N:AC[T>G]TC	-1	149638.0	2025958429
JG0139b	12	82275463	T:AC[T>G]TT	1	84707.0	2026043136
JG0139b	12	82878343	U:GA[C>G]CT	1	602880.0	2026646016
JG0139b	12	83029213	T:AC[T>G]TG	-1	150870.0	2026796886
JG0139b	12	83560938	N:TC[T>G]CT	1	531725.0	2027328611
JG0139b	12	83719804	N:TC[T>C]CT	1	158866.0	2027487477
JG0139b	12	84056942	N:CC[T>G]TC	-1	337138.0	2027824615
JG0139b	12	84201074	N:TC[T>G]TT	-1	144132.0	2027968747
JG0139b	12	84217013	N:TC[T>G]TC	1	15939.0	2027984686
JG0139b	12	84223528	N:TC[T>G]TC	1	6515.0	2027991201
JG0139b	12	84307344	N:AC[T>A]TA	-1	83816.0	2028075017
JG0139b	12	84464665	N:GT[T>A]TT	-1	157321.0	2028232338
JG0139b	12	84742609	N:TC[T>G]TT	-1	277944.0	2028510282
JG0139b	12	85272006	N:AC[T>C]TT	-1	529397.0	2029039679
JG0139b	12	85364108	N:TC[T>C]GA	1	92102.0	2029131781
JG0139b	12	85555017	N:TC[T>C]TA	1	190909.0	2029322690
JG0139b	12	85674429	N:GC[T>G]TC	-1	119412.0	2029442102
JG0139b	12	85904531	N:TC[T>G]TT	1	230102.0	2029672204
JG0139b	12	86090504	T:GG[T>G]TG	1	185973.0	2029858177
JG0139b	12	86202838	U:TC[T>G]AT	-1	112334.0	2029970511
JG0139b	12	86406791	T:TC[T>G]CT	1	203953.0	2030174464
JG0139b	12	86601311	U:TA[T>G]CA	-1	194520.0	2030368984
JG0139b	12	86680697	U:TC[T>A]TC	-1	79386.0	2030448370
JG0139b	12	86704654	T:AC[T>G]TA	1	23957.0	2030472327
JG0139b	12	86884101	N:TC[T>C]TG	-1	179447.0	2030651774
JG0139b	12	87371885	N:AC[T>C]CA	1	487784.0	2031139558
JG0139b	12	87387324	N:AT[T>G]TT	-1	15439.0	2031154997
JG0139b	12	87411332	N:AG[T>G]TT	1	24008.0	2031179005
JG0139b	12	88144007	U:TC[T>G]TT	1	732675.0	2031911680
JG0139b	12	88201634	N:GC[T>G]TG	-1	57627.0	2031969307
JG0139b	12	88216395	N:AC[T>G]TT	-1	14761.0	2031984068
JG0139b	12	88448218	N:TC[T>C]CA	1	231823.0	2032215891
JG0139b	12	88595453	N:CC[T>G]TT	-1	147235.0	2032363126
JG0139b	12	88713513	N:TC[T>G]TT	1	118060.0	2032481186
JG0139b	12	88946112	N:CA[T>G]TT	-1	232599.0	2032713785
JG0139b	12	88990512	N:AG[T>G]TA	1	44400.0	2032758185
JG0139b	12	89051653	N:GA[T>G]TC	1	61141.0	2032819326
JG0139b	12	89860409	N:GC[T>G]TC	-1	808756.0	2033628082
JG0139b	12	89968742	N:TT[T>C]TA	-1	108333.0	2033736415
JG0139b	12	90055474	N:TC[T>A]TT	1	86732.0	2033823147
JG0139b	12	90191692	N:CC[T>G]TA	-1	136218.0	2033959365
JG0139b	12	90208443	N:TC[T>C]GA	-1	16751.0	2033976116
JG0139b	12	90461972	N:TC[T>C]TT	1	253529.0	2034229645
JG0139b	12	90605457	N:TC[T>G]TA	-1	143485.0	2034373130
JG0139b	12	90672498	N:TC[T>G]TC	1	67041.0	2034440171
JG0139b	12	90822768	N:GC[T>G]TG	1	150270.0	2034590441
JG0139b	12	90928367	N:CC[T>C]TA	1	105599.0	2034696040
JG0139b	12	91201559	N:TC[T>A]TA	1	273192.0	2034969232
JG0139b	12	91284427	N:AC[T>G]TC	1	82868.0	2035052100
JG0139b	12	91543910	N:GC[T>C]TT	1	259483.0	2035311583
JG0139b	12	91716377	N:AG[T>C]CT	1	172467.0	2035484050
JG0139b	12	91986542	N:AG[T>G]TA	1	270165.0	2035754215
JG0139b	12	92050938	N:TG[T>C]GA	1	64396.0	2035818611
JG0139b	12	92188076	N:CC[T>C]TA	1	137138.0	2035955749
JG0139b	12	92393628	N:AG[T>G]TC	1	205552.0	2036161301
JG0139b	12	92482176	N:GG[T>C]TA	1	88548.0	2036249849
JG0139b	12	92575560	N:CC[T>G]CT	-1	93384.0	2036343233
JG0139b	12	93491300	T:CC[T>A]CA	-1	915740.0	2037258973
JG0139b	12	93569459	N:CC[T>G]TG	1	78159.0	2037337132
JG0139b	12	93664132	N:AC[T>C]TG	-1	94673.0	2037431805
JG0139b	12	94143815	N:GC[T>A]TG	-1	479683.0	2037911488
JG0139b	12	94216808	U:CC[T>G]TG	1	72993.0	2037984481
JG0139b	12	94638075	U:AG[T>C]CT	-1	421267.0	2038405748
JG0139b	12	95111170	U:CC[T>A]TT	-1	473095.0	2038878843
JG0139b	12	95426448	N:TG[C>A]AG	-1	315278.0	2039194121
JG0139b	12	95604063	N:AA[T>G]TA	1	177615.0	2039371736
JG0139b	12	95646072	N:AC[T>G]GA	-1	42009.0	2039413745
JG0139b	12	95728847	U:GG[T>C]GC	-1	82775.0	2039496520
JG0139b	12	95937466	T:AC[T>G]TT	1	208619.0	2039705139
JG0139b	12	95973235	U:CC[T>C]CT	-1	35769.0	2039740908
JG0139b	12	96194518	U:AC[T>G]TC	1	221283.0	2039962191
JG0139b	12	96207348	T:GC[T>G]TT	-1	12830.0	2039975021
JG0139b	12	96375967	T:TC[T>G]TT	1	168619.0	2040143640
JG0139b	12	96397082	U:CC[T>A]TT	-1	21115.0	2040164755
JG0139b	12	96515088	T:GC[T>C]TG	-1	118006.0	2040282761
JG0139b	12	96813277	T:TG[T>G]TG	-1	298189.0	2040580950
JG0139b	12	96951332	U:CA[T>A]TC	1	138055.0	2040719005
JG0139b	12	97015906	N:GC[T>G]AC	1	64574.0	2040783579
JG0139b	12	97246700	N:AG[T>A]TT	1	230794.0	2041014373
JG0139b	12	97600178	N:AA[C>A]TA	1	353478.0	2041367851
JG0139b	12	97937628	N:CC[T>G]TC	1	337450.0	2041705301
JG0139b	12	98081057	N:TC[T>A]CT	-1	143429.0	2041848730
JG0139b	12	98645875	U:TC[T>C]TT	1	564818.0	2042413548
JG0139b	12	98750249	U:CC[T>C]CT	-1	104374.0	2042517922
JG0139b	12	98972951	T:GC[T>A]TT	1	222702.0	2042740624
JG0139b	12	99161641	T:AG[T>G]TT	1	188690.0	2042929314
JG0139b	12	99927990	U:AC[T>C]TA	-1	766349.0	2043695663
JG0139b	12	100370172	U:TC[T>A]CA	1	442182.0	2044137845
JG0139b	12	100484497	U:CC[T>G]TA	1	114325.0	2044252170
JG0139b	12	100968727	T:GC[T>C]TG	-1	484230.0	2044736400
JG0139b	12	101004068	U:TC[T>G]TT	1	35341.0	2044771741
JG0139b	12	101136636	N:GC[T>C]GG	-1	132568.0	2044904309
JG0139b	12	101370534	T:TC[T>G]TG	-1	233898.0	2045138207
JG0139b	12	101415805	N:CA[T>G]TC	1	45271.0	2045183478
JG0139b	12	101613031	U:TG[T>C]CT	1	197226.0	2045380704
JG0139b	12	101652347	U:TC[T>C]TA	1	39316.0	2045420020
JG0139b	12	101935620	U:CC[T>C]TT	1	283273.0	2045703293
JG0139b	12	102340045	N:AG[T>A]GT	-1	404425.0	2046107718
JG0139b	12	102688460	N:TG[T>G]TG	1	348415.0	2046456133
JG0139b	12	102734093	N:AC[T>C]AA	1	45633.0	2046501766
JG0139b	12	102979157	N:GC[T>G]TT	1	245064.0	2046746830
JG0139b	12	103205715	N:GC[T>G]TC	-1	226558.0	2046973388
JG0139b	12	103307923	T:TC[T>A]TG	1	102208.0	2047075596
JG0139b	12	103713734	T:GC[T>G]TT	-1	405811.0	2047481407
JG0139b	12	103992349	T:GC[T>G]TT	1	278615.0	2047760022
JG0139b	12	104034081	T:TC[T>G]TA	1	41732.0	2047801754
JG0139b	12	104084079	U:CC[T>C]CA	1	49998.0	2047851752
JG0139b	12	104503404	U:CC[T>A]CG	1	419325.0	2048271077
JG0139b	12	104544276	U:GC[T>G]AA	1	40872.0	2048311949
JG0139b	12	104553478	U:GC[T>C]GT	1	9202.0	2048321151
JG0139b	12	105127795	U:TC[T>C]CC	1	574317.0	2048895468
JG0139b	12	105172433	N:TG[T>G]TT	1	44638.0	2048940106
JG0139b	12	105233804	U:TC[T>G]CT	-1	61371.0	2049001477
JG0139b	12	105533391	N:CC[T>A]TA	1	299587.0	2049301064
JG0139b	12	105831748	N:GC[T>G]TC	1	298357.0	2049599421
JG0139b	12	106071748	U:AC[T>C]CG	-1	240000.0	2049839421
JG0139b	12	106210574	N:TG[T>G]TC	1	138826.0	2049978247
JG0139b	12	106568480	N:GC[T>G]TG	-1	357906.0	2050336153
JG0139b	12	106789012	U:GC[T>A]TT	1	220532.0	2050556685
JG0139b	12	107002977	T:TC[T>C]TT	1	213965.0	2050770650
JG0139b	12	107146831	N:CC[T>C]TC	-1	143854.0	2050914504
JG0139b	12	107332182	T:GC[T>G]CA	-1	185351.0	2051099855
JG0139b	12	107413318	U:CC[T>C]TA	1	81136.0	2051180991
JG0139b	12	107459755	T:GC[T>G]TC	-1	46437.0	2051227428
JG0139b	12	107782371	N:GC[T>C]TT	1	322616.0	2051550044
JG0139b	12	107915186	N:CC[T>C]CT	-1	132815.0	2051682859
JG0139b	12	108052895	N:TC[T>A]TC	1	137709.0	2051820568
JG0139b	12	108332147	U:TC[T>C]TT	-1	279252.0	2052099820
JG0139b	12	108409590	N:TG[T>G]TA	-1	77443.0	2052177263
JG0139b	12	108961740	U:AT[C>G]TG	-1	552150.0	2052729413
JG0139b	12	109114192	N:GG[T>G]TC	-1	152452.0	2052881865
JG0139b	12	109215984	T:TC[T>C]TT	-1	101792.0	2052983657
JG0139b	12	109440561	T:GC[T>A]TA	-1	224577.0	2053208234
JG0139b	12	109485489	T:TA[T>G]TG	-1	44928.0	2053253162
JG0139b	12	109614301	N:AC[T>G]TT	-1	128812.0	2053381974
JG0139b	12	109903796	U:CC[T>G]GC	1	289495.0	2053671469
JG0139b	12	110010091	U:AC[T>G]CC	1	106295.0	2053777764
JG0139b	12	110077165	N:TC[T>A]CT	1	67074.0	2053844838
JG0139b	12	110427449	N:TC[T>C]TT	1	350284.0	2054195122
JG0139b	12	111001719	N:AC[T>C]TC	-1	574270.0	2054769392
JG0139b	12	111066673	T:CA[T>G]GC	-1	64954.0	2054834346
JG0139b	12	111141865	T:AG[T>G]GA	-1	75192.0	2054909538
JG0139b	12	111501761	U:AG[T>G]TG	-1	359896.0	2055269434
JG0139b	12	111664502	U:TC[T>G]TA	-1	162741.0	2055432175
JG0139b	12	112021487	U:TC[T>C]CC	1	356985.0	2055789160
JG0139b	12	112067692	U:TC[T>G]TT	-1	46205.0	2055835365
JG0139b	12	112098351	U:TG[T>G]GG	-1	30659.0	2055866024
JG0139b	12	112130797	T:TC[T>G]TA	-1	32446.0	2055898470
JG0139b	12	112345840	U:GC[T>A]CA	-1	215043.0	2056113513
JG0139b	12	112355655	T:GC[T>A]TG	1	9815.0	2056123328
JG0139b	12	112402153	N:GG[T>G]TG	-1	46498.0	2056169826
JG0139b	12	112479398	T:TC[T>C]CC	-1	77245.0	2056247071
JG0139b	12	112759565	T:GC[T>C]TT	-1	280167.0	2056527238
JG0139b	12	113161413	U:GC[T>C]TC	-1	401848.0	2056929086
JG0139b	12	113270201	U:TC[T>C]CA	1	108788.0	2057037874
JG0139b	12	113275807	T:GG[T>A]CA	-1	5606.0	2057043480
JG0139b	12	113458354	N:AC[T>G]TT	1	182547.0	2057226027
JG0139b	12	113595725	N:TC[T>C]TG	1	137371.0	2057363398
JG0139b	12	113749239	N:TC[T>C]CA	-1	153514.0	2057516912
JG0139b	12	114111970	N:GC[T>G]TT	-1	362731.0	2057879643
JG0139b	12	114126432	N:GC[T>G]TA	1	14462.0	2057894105
JG0139b	12	114127088	N:CG[T>A]CC	-1	656.0	2057894761
JG0139b	12	114157949	N:TC[T>C]TC	-1	30861.0	2057925622
JG0139b	12	114404477	U:TC[T>A]TT	-1	246528.0	2058172150
JG0139b	12	114903573	N:CC[T>G]TC	1	499096.0	2058671246
JG0139b	12	115203287	N:AC[T>G]TA	1	299714.0	2058970960
JG0139b	12	115242296	N:CC[T>G]TC	-1	39009.0	2059009969
JG0139b	12	115387291	N:CC[T>C]TA	-1	144995.0	2059154964
JG0139b	12	115504788	N:GC[T>C]CA	1	117497.0	2059272461
JG0139b	12	115622490	N:GC[T>C]GC	1	117702.0	2059390163
JG0139b	12	115840366	N:TC[T>A]CC	1	217876.0	2059608039
JG0139b	12	115855825	N:AG[T>G]TT	1	15459.0	2059623498
JG0139b	12	116411429	N:GC[T>C]TT	1	555604.0	2060179102
JG0139b	12	116494484	N:GC[T>C]CA	-1	83055.0	2060262157
JG0139b	12	116547685	N:TC[T>C]CT	1	53201.0	2060315358
JG0139b	12	116705539	N:TC[T>G]TC	-1	157854.0	2060473212
JG0139b	12	117093422	T:TC[T>G]CT	1	387883.0	2060861095
JG0139b	12	117115341	N:AC[T>G]CT	1	21919.0	2060883014
JG0139b	12	117134322	N:AC[T>G]TC	1	18981.0	2060901995
JG0139b	12	117320097	U:CC[T>A]GG	-1	185775.0	2061087770
JG0139b	12	117569436	U:CC[T>C]CT	-1	249339.0	2061337109
JG0139b	12	117640628	T:AC[T>C]CA	1	71192.0	2061408301
JG0139b	12	117681253	U:CC[T>G]TG	-1	40625.0	2061448926
JG0139b	12	117917172	U:AC[T>G]GG	-1	235919.0	2061684845
JG0139b	12	118142449	U:CC[T>C]CC	1	225277.0	2061910122
JG0139b	12	118173570	U:TC[T>A]CT	-1	31121.0	2061941243
JG0139b	12	118238750	T:TC[T>C]CA	1	65180.0	2062006423
JG0139b	12	118550815	N:GC[T>G]TC	1	312065.0	2062318488
JG0139b	12	118554164	N:CC[T>G]TG	1	3349.0	2062321837
JG0139b	12	118962284	N:AG[T>C]TA	-1	408120.0	2062729957
JG0139b	12	119064628	U:CC[T>C]CT	1	102344.0	2062832301
JG0139b	12	119860217	U:AC[T>C]CT	-1	795589.0	2063627890
JG0139b	12	119961223	N:GG[T>G]TT	-1	101006.0	2063728896
JG0139b	12	120017523	T:AC[T>C]CC	-1	56300.0	2063785196
JG0139b	12	120017525	U:AG[T>G]TT	1	2.0	2063785198
JG0139b	12	120024289	T:TG[T>G]TT	-1	6764.0	2063791962
JG0139b	12	120038740	T:TC[T>C]CC	-1	14451.0	2063806413
JG0139b	12	120128354	U:TC[T>A]CC	-1	89614.0	2063896027
JG0139b	12	120311283	T:CC[T>C]CC	-1	182929.0	2064078956
JG0139b	12	120437146	N:AC[T>C]TT	1	125863.0	2064204819
JG0139b	12	120490027	U:GG[C>T]GT	1	52881.0	2064257700
JG0139b	12	120890670	U:TG[T>C]GT	-1	400643.0	2064658343
JG0139b	12	121212860	T:AA[C>T]TG	-1	322190.0	2064980533
JG0139b	12	121289686	U:AC[T>C]CC	-1	76826.0	2065057359
JG0139b	12	121431757	T:GC[T>G]GG	1	142071.0	2065199430
JG0139b	12	121653409	U:GC[T>C]CA	-1	221652.0	2065421082
JG0139b	12	121729230	U:GC[T>G]TG	1	75821.0	2065496903
JG0139b	12	121897178	U:TA[T>A]AC	1	167948.0	2065664851
JG0139b	12	122030043	U:CC[T>G]TG	1	132865.0	2065797716
JG0139b	12	122155707	N:GG[T>G]TG	-1	125664.0	2065923380
JG0139b	12	122265075	U:GG[T>C]GG	-1	109368.0	2066032748
JG0139b	12	122644492	N:CC[T>C]GA	1	379417.0	2066412165
JG0139b	12	122807094	U:GG[T>G]AC	1	162602.0	2066574767
JG0139b	12	122964881	U:CC[T>G]TT	-1	157787.0	2066732554
JG0139b	12	122966697	T:AC[T>G]CC	1	1816.0	2066734370
JG0139b	12	123131872	T:CC[T>G]TT	1	165175.0	2066899545
JG0139b	12	123146522	U:CC[T>A]CC	-1	14650.0	2066914195
JG0139b	12	123204406	U:GC[T>A]CT	-1	57884.0	2066972079
JG0139b	12	123296924	T:CC[T>G]GG	1	92518.0	2067064597
JG0139b	12	123689151	U:CC[T>C]CC	1	392227.0	2067456824
JG0139b	12	124032912	U:CG[T>C]CT	1	343761.0	2067800585
JG0139b	12	124084447	U:CC[T>C]CA	1	51535.0	2067852120
JG0139b	12	124171256	U:TC[T>G]TC	1	86809.0	2067938929
JG0139b	12	124179865	T:TC[T>A]CT	-1	8609.0	2067947538
JG0139b	12	124188526	U:GC[T>A]CA	1	8661.0	2067956199
JG0139b	12	124284115	U:CC[T>G]TG	1	95589.0	2068051788
JG0139b	12	124292171	U:TC[T>C]TT	1	8056.0	2068059844
JG0139b	12	124398745	U:AG[T>G]TT	-1	106574.0	2068166418
JG0139b	12	124554429	U:GC[T>C]TC	-1	155684.0	2068322102
JG0139b	12	124751754	N:GG[T>C]TT	1	197325.0	2068519427
JG0139b	12	125348866	U:CC[T>G]TG	1	597112.0	2069116539
JG0139b	12	125618049	T:GC[T>A]CT	-1	269183.0	2069385722
JG0139b	12	125763884	N:GG[T>G]TA	-1	145835.0	2069531557
JG0139b	12	125784987	N:AC[T>G]AT	-1	21103.0	2069552660
JG0139b	12	125887884	N:GG[T>C]AT	1	102897.0	2069655557
JG0139b	12	126186901	N:CC[T>C]TC	1	299017.0	2069954574
JG0139b	12	126239257	N:TC[T>C]TC	-1	52356.0	2070006930
JG0139b	12	126299031	N:AC[T>G]CT	1	59774.0	2070066704
JG0139b	12	126476168	N:TC[T>C]CT	-1	177137.0	2070243841
JG0139b	12	126492315	N:TC[T>G]TA	-1	16147.0	2070259988
JG0139b	12	126531216	N:GC[T>C]TC	1	38901.0	2070298889
JG0139b	12	126803441	N:AG[T>C]AA	-1	272225.0	2070571114
JG0139b	12	127119960	N:CC[T>C]CT	-1	316519.0	2070887633
JG0139b	12	127235431	N:CC[T>C]CA	-1	115471.0	2071003104
JG0139b	12	128113454	N:CC[T>C]TG	-1	878023.0	2071881127
JG0139b	12	128136512	N:GG[T>C]TT	1	23058.0	2071904185
JG0139b	12	128361307	T:CC[T>G]TC	-1	224795.0	2072128980
JG0139b	12	128842578	N:TG[T>G]TT	-1	481271.0	2072610251
JG0139b	12	128974725	U:GC[T>G]GG	1	132147.0	2072742398
JG0139b	12	128994718	N:TC[T>C]CT	1	19993.0	2072762391
JG0139b	12	129027830	N:GC[T>G]TG	1	33112.0	2072795503
JG0139b	12	129045568	N:AG[T>A]CA	1	17738.0	2072813241
JG0139b	12	129227453	T:TC[T>A]CT	1	181885.0	2072995126
JG0139b	12	129288704	U:TT[T>G]TG	-1	61251.0	2073056377
JG0139b	12	129704642	T:TG[T>C]CA	1	415938.0	2073472315
JG0139b	12	129867624	U:TG[T>G]TT	-1	162982.0	2073635297
JG0139b	12	129932478	N:GC[T>C]CA	-1	64854.0	2073700151
JG0139b	12	129998111	N:TG[T>G]GC	-1	65633.0	2073765784
JG0139b	12	130275792	N:TC[T>G]TG	1	277681.0	2074043465
JG0139b	12	130820452	U:AC[T>C]TT	-1	544660.0	2074588125
JG0139b	12	131008911	U:TG[T>C]CC	1	188459.0	2074776584
JG0139b	12	132142243	U:GG[T>G]GT	-1	1133332.0	2075909916
JG0139b	12	132258656	U:CC[T>C]CC	-1	116413.0	2076026329
JG0139b	12	132259340	U:CC[T>C]TT	-1	684.0	2076027013
JG0139b	12	132298488	T:AC[T>C]CC	1	39148.0	2076066161
JG0139b	12	132396187	N:CC[T>C]TC	1	97699.0	2076163860
JG0139b	12	132915614	T:TC[T>G]CC	1	519427.0	2076683287
JG0139b	13	16223449	N:TC[T>A]TT	1		2093266431
JG0139b	13	16535307	N:AG[T>G]TT	-1	311858.0	2093578289
JG0139b	13	16597070	N:GC[T>C]GC	-1	61763.0	2093640052
JG0139b	13	16796544	N:CC[T>C]CA	-1	199474.0	2093839526
JG0139b	13	17192663	N:GC[T>A]TT	1	396119.0	2094235645
JG0139b	13	17296360	N:GC[T>G]TT	1	103697.0	2094339342
JG0139b	13	17399441	N:AC[T>G]TC	-1	103081.0	2094442423
JG0139b	13	17751045	N:GC[T>G]TT	1	351604.0	2094794027
JG0139b	13	17780495	N:GC[T>C]GC	-1	29450.0	2094823477
JG0139b	13	17963508	N:GC[T>G]TT	1	183013.0	2095006490
JG0139b	13	19051721	N:CC[T>C]GG	-1	1088213.0	2096094703
JG0139b	13	19197052	N:TC[T>G]TT	-1	145331.0	2096240034
JG0139b	13	19352800	N:AG[T>A]GG	-1	155748.0	2096395782
JG0139b	13	19821565	N:CC[T>C]CG	1	468765.0	2096864547
JG0139b	13	19860161	T:TC[T>C]GT	1	38596.0	2096903143
JG0139b	13	19959396	U:TC[T>G]TT	1	99235.0	2097002378
JG0139b	13	20019575	T:CC[T>A]CC	-1	60179.0	2097062557
JG0139b	13	20302733	N:TC[T>G]AC	1	283158.0	2097345715
JG0139b	13	20310721	N:GC[T>G]GG	-1	7988.0	2097353703
JG0139b	13	20378780	N:TC[T>G]CT	1	68059.0	2097421762
JG0139b	13	20404420	T:AG[T>C]CA	1	25640.0	2097447402
JG0139b	13	20937384	N:GC[T>C]TA	1	532964.0	2097980366
JG0139b	13	21095063	N:AC[T>A]CG	-1	157679.0	2098138045
JG0139b	13	21254077	N:TC[T>C]TT	-1	159014.0	2098297059
JG0139b	13	21747830	N:GC[T>G]TT	-1	493753.0	2098790812
JG0139b	13	22015351	N:AC[T>G]TT	1	267521.0	2099058333
JG0139b	13	22090995	N:CC[T>G]TC	-1	75644.0	2099133977
JG0139b	13	22412333	N:AC[T>G]TC	1	321338.0	2099455315
JG0139b	13	22483154	N:AG[T>G]TA	1	70821.0	2099526136
JG0139b	13	22687667	N:AC[T>C]CA	1	204513.0	2099730649
JG0139b	13	23128220	N:AC[T>A]CT	1	440553.0	2100171202
JG0139b	13	23237823	T:AG[T>G]TT	-1	109603.0	2100280805
JG0139b	13	23444468	N:TC[T>C]CA	1	206645.0	2100487450
JG0139b	13	23582703	U:CC[T>A]TT	1	138235.0	2100625685
JG0139b	13	24721888	N:TC[T>C]TT	-1	1139185.0	2101764870
JG0139b	13	24731530	N:TG[T>G]TC	-1	9642.0	2101774512
JG0139b	13	25342575	N:GC[T>G]TT	1	611045.0	2102385557
JG0139b	13	25474240	U:GC[T>G]TT	1	131665.0	2102517222
JG0139b	13	25551941	U:TC[T>C]TA	1	77701.0	2102594923
JG0139b	13	25641588	U:GC[T>A]CA	1	89647.0	2102684570
JG0139b	13	26054372	N:CC[T>C]TA	-1	412784.0	2103097354
JG0139b	13	26373427	T:GC[T>G]TT	-1	319055.0	2103416409
JG0139b	13	26508220	N:TC[T>G]TT	1	134793.0	2103551202
JG0139b	13	26932505	N:CC[T>G]TC	-1	424285.0	2103975487
JG0139b	13	27386478	N:CC[T>C]GC	1	453973.0	2104429460
JG0139b	13	27396150	N:CG[T>G]TC	1	9672.0	2104439132
JG0139b	13	27557080	T:CC[T>C]GG	1	160930.0	2104600062
JG0139b	13	27579854	U:CC[T>G]GG	-1	22774.0	2104622836
JG0139b	13	27613600	T:TC[T>C]CT	1	33746.0	2104656582
JG0139b	13	27704440	T:TC[T>C]AA	-1	90840.0	2104747422
JG0139b	13	27802128	N:AG[T>G]TG	1	97688.0	2104845110
JG0139b	13	27968384	U:AG[T>C]GC	-1	166256.0	2105011366
JG0139b	13	28169103	T:CC[T>C]TC	-1	200719.0	2105212085
JG0139b	13	28199490	U:CC[T>G]TT	1	30387.0	2105242472
JG0139b	13	28210818	U:CC[T>C]CT	1	11328.0	2105253800
JG0139b	13	28286592	U:AG[T>C]TT	1	75774.0	2105329574
JG0139b	13	28771928	N:CC[T>C]TT	1	485336.0	2105814910
JG0139b	13	28788813	N:CC[T>G]TC	1	16885.0	2105831795
JG0139b	13	28878480	U:TC[T>C]CC	1	89667.0	2105921462
JG0139b	13	29594015	T:AC[T>C]TA	1	715535.0	2106636997
JG0139b	13	29627902	N:TC[T>C]TG	-1	33887.0	2106670884
JG0139b	13	29680344	N:AC[T>G]CC	1	52442.0	2106723326
JG0139b	13	29802053	T:AC[T>G]TT	1	121709.0	2106845035
JG0139b	13	30062552	N:GC[T>G]TT	1	260499.0	2107105534
JG0139b	13	30097669	N:GC[T>C]GA	-1	35117.0	2107140651
JG0139b	13	30348988	N:TC[T>A]CT	-1	251319.0	2107391970
JG0139b	13	30772443	N:TC[T>G]CT	-1	423455.0	2107815425
JG0139b	13	30797871	N:AC[T>A]TG	1	25428.0	2107840853
JG0139b	13	30901635	N:TC[T>C]GC	-1	103764.0	2107944617
JG0139b	13	31570783	N:GC[T>G]TT	1	669148.0	2108613765
JG0139b	13	31938025	U:GG[T>G]TT	1	367242.0	2108981007
JG0139b	13	32178302	T:TC[T>C]TT	-1	240277.0	2109221284
JG0139b	13	32273393	U:TT[T>G]TT	1	95091.0	2109316375
JG0139b	13	32369357	U:TC[T>G]TC	1	95964.0	2109412339
JG0139b	13	32577735	N:AC[T>G]TA	-1	208378.0	2109620717
JG0139b	13	32807972	N:GC[T>G]TT	1	230237.0	2109850954
JG0139b	13	33013886	N:GG[T>C]TG	1	205914.0	2110056868
JG0139b	13	33068604	N:AC[T>C]CC	-1	54718.0	2110111586
JG0139b	13	33181804	T:GC[T>C]TC	1	113200.0	2110224786
JG0139b	13	33511412	N:CC[T>C]AC	-1	329608.0	2110554394
JG0139b	13	33640130	N:CC[T>C]TA	1	128718.0	2110683112
JG0139b	13	34915194	N:CC[T>A]TC	-1	1275064.0	2111958176
JG0139b	13	35337198	U:AC[T>C]TT	1	422004.0	2112380180
JG0139b	13	35430697	U:TC[T>A]CT	1	93499.0	2112473679
JG0139b	13	35593887	U:GC[T>G]TT	1	163190.0	2112636869
JG0139b	13	35693464	N:TC[T>G]TC	-1	99577.0	2112736446
JG0139b	13	36002435	T:CC[T>C]TC	1	308971.0	2113045417
JG0139b	13	36903359	T:CC[T>C]CG	1	900924.0	2113946341
JG0139b	13	37073729	N:TC[T>G]AT	-1	170370.0	2114116711
JG0139b	13	37459284	N:GC[T>G]CA	-1	385555.0	2114502266
JG0139b	13	37604199	N:CC[T>G]TC	-1	144915.0	2114647181
JG0139b	13	37742131	T:TC[T>G]TC	1	137932.0	2114785113
JG0139b	13	38663886	N:TG[T>G]TT	-1	921755.0	2115706868
JG0139b	13	38693290	T:GC[T>A]TG	-1	29404.0	2115736272
JG0139b	13	39009503	N:AC[T>C]TG	1	316213.0	2116052485
JG0139b	13	39226976	N:GC[T>G]TC	-1	217473.0	2116269958
JG0139b	13	39705932	U:CC[T>A]TA	1	478956.0	2116748914
JG0139b	13	39713452	U:AC[T>C]TG	1	7520.0	2116756434
JG0139b	13	39955023	N:GC[T>C]TC	1	241571.0	2116998005
JG0139b	13	40463400	N:CC[T>G]TT	1	508377.0	2117506382
JG0139b	13	40725043	N:AC[T>C]TG	-1	261643.0	2117768025
JG0139b	13	40770560	T:AC[T>C]TG	1	45517.0	2117813542
JG0139b	13	41125923	N:AC[T>C]CT	1	355363.0	2118168905
JG0139b	13	41479058	N:TC[T>G]TT	1	353135.0	2118522040
JG0139b	13	41559639	N:CC[T>A]TC	1	80581.0	2118602621
JG0139b	13	41663480	T:TC[T>A]CC	1	103841.0	2118706462
JG0139b	13	42236491	T:CC[T>A]TG	-1	573011.0	2119279473
JG0139b	13	42308661	T:AC[T>G]TC	-1	72170.0	2119351643
JG0139b	13	42804607	N:AC[T>G]TT	1	495946.0	2119847589
JG0139b	13	43024093	U:TC[T>A]TG	1	219486.0	2120067075
JG0139b	13	43417064	T:AG[T>C]CA	1	392971.0	2120460046
JG0139b	13	43539396	T:TT[T>G]TC	1	122332.0	2120582378
JG0139b	13	43572810	T:CC[T>A]CC	1	33414.0	2120615792
JG0139b	13	43767553	U:AC[T>G]TC	-1	194743.0	2120810535
JG0139b	13	44076802	N:TT[C>A]TT	-1	309249.0	2121119784
JG0139b	13	44362731	N:GG[T>G]TA	1	285929.0	2121405713
JG0139b	13	44574182	T:TG[T>G]TG	1	211451.0	2121617164
JG0139b	13	44575881	T:GC[T>C]GA	1	1699.0	2121618863
JG0139b	13	45147004	U:GC[T>C]TT	1	571123.0	2122189986
JG0139b	13	45573969	U:AC[T>C]GA	-1	426965.0	2122616951
JG0139b	13	46278111	N:AG[T>A]TA	-1	704142.0	2123321093
JG0139b	13	46399149	U:CT[T>G]GG	-1	121038.0	2123442131
JG0139b	13	46505640	N:CC[T>C]CA	1	106491.0	2123548622
JG0139b	13	46828631	N:GC[T>C]CC	1	322991.0	2123871613
JG0139b	13	47636052	N:GT[T>G]TT	-1	807421.0	2124679034
JG0139b	13	47720919	N:GC[T>C]TA	-1	84867.0	2124763901
JG0139b	13	48479999	U:GC[T>C]TC	1	759080.0	2125522981
JG0139b	13	48524384	B:AG[T>A]GC	-1	44385.0	2125567366
JG0139b	13	48568915	T:CC[T>G]TT	-1	44531.0	2125611897
JG0139b	13	49073820	U:TG[T>G]AT	1	504905.0	2126116802
JG0139b	13	49269660	U:TG[T>G]TG	1	195840.0	2126312642
JG0139b	13	49507271	U:CC[T>A]TC	1	237611.0	2126550253
JG0139b	13	49514071	T:CC[T>C]TA	-1	6800.0	2126557053
JG0139b	13	49852505	N:TC[T>C]CA	-1	338434.0	2126895487
JG0139b	13	49929515	U:TC[T>G]CA	-1	77010.0	2126972497
JG0139b	13	49938049	N:CT[T>G]TG	1	8534.0	2126981031
JG0139b	13	50070093	N:TC[T>C]TA	1	132044.0	2127113075
JG0139b	13	50162893	N:AC[T>C]CT	1	92800.0	2127205875
JG0139b	13	50346666	N:CC[T>A]TT	-1	183773.0	2127389648
JG0139b	13	50457645	N:TC[T>C]TG	-1	110979.0	2127500627
JG0139b	13	50686823	N:TC[T>G]TT	1	229178.0	2127729805
JG0139b	13	50691938	N:CC[T>A]TC	1	5115.0	2127734920
JG0139b	13	50791637	T:CC[T>G]AA	1	99699.0	2127834619
JG0139b	13	51206439	N:AC[T>C]CC	-1	414802.0	2128249421
JG0139b	13	51354549	T:AC[T>C]TC	-1	148110.0	2128397531
JG0139b	13	51375714	U:AC[T>C]TA	-1	21165.0	2128418696
JG0139b	13	51579174	N:AC[T>G]CT	-1	203460.0	2128622156
JG0139b	13	51713067	T:GC[T>C]TG	-1	133893.0	2128756049
JG0139b	13	51713143	U:TC[T>C]TG	1	76.0	2128756125
JG0139b	13	51891280	N:GC[T>C]TA	1	178137.0	2128934262
JG0139b	13	51915994	N:GG[T>C]TC	-1	24714.0	2128958976
JG0139b	13	52250428	N:TG[T>G]TA	1	334434.0	2129293410
JG0139b	13	52412920	T:TC[T>G]TG	1	162492.0	2129455902
JG0139b	13	52828254	N:GC[T>C]TT	1	415334.0	2129871236
JG0139b	13	52864326	N:TC[T>C]TT	1	36072.0	2129907308
JG0139b	13	53072070	N:AC[T>G]TA	-1	207744.0	2130115052
JG0139b	13	53230593	N:TG[T>G]TT	-1	158523.0	2130273575
JG0139b	13	53522168	N:GC[T>C]TT	1	291575.0	2130565150
JG0139b	13	53532540	N:TC[T>C]TC	1	10372.0	2130575522
JG0139b	13	53581815	N:CG[T>A]TC	-1	49275.0	2130624797
JG0139b	13	54256734	N:TC[T>A]CT	1	674919.0	2131299716
JG0139b	13	54279679	N:TC[T>C]TT	1	22945.0	2131322661
JG0139b	13	54382078	N:AC[T>C]CT	-1	102399.0	2131425060
JG0139b	13	54405343	N:TC[T>C]TT	-1	23265.0	2131448325
JG0139b	13	54718071	N:TA[T>G]TA	1	312728.0	2131761053
JG0139b	13	55104673	N:AC[T>C]GA	-1	386602.0	2132147655
JG0139b	13	55143655	N:AC[T>G]TG	-1	38982.0	2132186637
JG0139b	13	55228567	N:GT[T>A]TT	-1	84912.0	2132271549
JG0139b	13	55842223	N:CC[T>G]TA	1	613656.0	2132885205
JG0139b	13	55948249	N:CC[T>C]GA	1	106026.0	2132991231
JG0139b	13	56540859	N:AC[T>C]TA	1	592610.0	2133583841
JG0139b	13	56706510	N:GG[C>T]AG	-1	165651.0	2133749492
JG0139b	13	56890808	N:CC[T>C]TA	1	184298.0	2133933790
JG0139b	13	56972751	N:AT[T>G]TA	1	81943.0	2134015733
JG0139b	13	57349799	N:TC[T>G]TT	-1	377048.0	2134392781
JG0139b	13	57467477	N:GC[T>C]TT	-1	117678.0	2134510459
JG0139b	13	57779513	N:CC[T>A]CT	-1	312036.0	2134822495
JG0139b	13	58664450	N:CT[T>C]AC	1	884937.0	2135707432
JG0139b	13	58694908	N:AC[T>G]CA	-1	30458.0	2135737890
JG0139b	13	58887290	N:TC[T>G]TC	-1	192382.0	2135930272
JG0139b	13	59095721	N:CC[T>G]GG	-1	208431.0	2136138703
JG0139b	13	59603486	N:GC[T>G]TG	-1	507765.0	2136646468
JG0139b	13	60359239	N:TC[T>G]CT	1	755753.0	2137402221
JG0139b	13	60363076	N:TC[T>C]TC	-1	3837.0	2137406058
JG0139b	13	60510742	U:AC[T>G]TT	1	147666.0	2137553724
JG0139b	13	61470058	N:CC[T>C]CT	1	959316.0	2138513040
JG0139b	13	61610417	N:AC[T>C]TT	1	140359.0	2138653399
JG0139b	13	61776482	N:AA[T>G]TG	-1	166065.0	2138819464
JG0139b	13	61989255	N:TC[T>C]TA	1	212773.0	2139032237
JG0139b	13	62017249	N:CC[T>G]TT	-1	27994.0	2139060231
JG0139b	13	62091269	N:GG[T>G]TT	-1	74020.0	2139134251
JG0139b	13	62321394	N:CT[T>G]TT	1	230125.0	2139364376
JG0139b	13	62439981	N:TG[T>C]CT	-1	118587.0	2139482963
JG0139b	13	62589995	N:AC[T>C]TA	-1	150014.0	2139632977
JG0139b	13	62592078	N:AC[T>C]CA	1	2083.0	2139635060
JG0139b	13	62740104	N:TT[T>G]TT	1	148026.0	2139783086
JG0139b	13	62837022	N:TG[T>G]TA	-1	96918.0	2139880004
JG0139b	13	62924807	N:TG[T>C]TT	-1	87785.0	2139967789
JG0139b	13	63059707	N:TC[T>G]TG	1	134900.0	2140102689
JG0139b	13	63101928	N:GC[T>C]CA	-1	42221.0	2140144910
JG0139b	13	63862225	N:GC[T>C]TT	-1	760297.0	2140905207
JG0139b	13	64395122	N:CG[T>G]TT	1	532897.0	2141438104
JG0139b	13	64813911	N:TC[T>G]TG	1	418789.0	2141856893
JG0139b	13	65266542	N:TC[T>A]TT	-1	452631.0	2142309524
JG0139b	13	65380782	N:AT[T>G]TT	-1	114240.0	2142423764
JG0139b	13	65426796	N:CA[T>G]TC	1	46014.0	2142469778
JG0139b	13	65437720	N:CC[T>A]GC	-1	10924.0	2142480702
JG0139b	13	65622642	N:GG[T>G]TT	-1	184922.0	2142665624
JG0139b	13	65841084	N:AC[T>C]TT	-1	218442.0	2142884066
JG0139b	13	66772384	U:AC[T>C]TG	-1	931300.0	2143815366
JG0139b	13	67117326	U:GC[T>G]TT	-1	344942.0	2144160308
JG0139b	13	67142583	U:GT[C>T]TT	-1	25257.0	2144185565
JG0139b	13	68559307	N:AC[T>G]CT	1	1416724.0	2145602289
JG0139b	13	68942047	N:AA[T>C]CA	-1	382740.0	2145985029
JG0139b	13	69229329	N:TC[T>A]CA	1	287282.0	2146272311
JG0139b	13	69356873	N:AC[T>C]CA	-1	127544.0	2146399855
JG0139b	13	69628052	N:AC[T>C]TC	1	271179.0	2146671034
JG0139b	13	70137931	N:CC[T>A]TC	-1	509879.0	2147180913
JG0139b	13	70284728	N:TC[T>G]TT	-1	146797.0	2147327710
JG0139b	13	70588203	N:AC[T>G]GT	1	303475.0	2147631185
JG0139b	13	70843639	N:TC[T>G]TC	-1	255436.0	2147886621
JG0139b	13	70904588	N:TC[T>A]TA	1	60949.0	2147947570
JG0139b	13	71051233	N:TT[T>C]AA	1	146645.0	2148094215
JG0139b	13	71290619	N:TG[T>G]TG	-1	239386.0	2148333601
JG0139b	13	71755186	U:GG[T>A]CT	-1	464567.0	2148798168
JG0139b	13	71856516	U:TC[T>C]GG	-1	101330.0	2148899498
JG0139b	13	72109349	N:AG[T>G]TA	1	252833.0	2149152331
JG0139b	13	72231430	N:TC[T>C]TC	1	122081.0	2149274412
JG0139b	13	72267798	N:TG[T>G]TG	1	36368.0	2149310780
JG0139b	13	72304713	N:CC[T>G]TT	1	36915.0	2149347695
JG0139b	13	72322376	N:CT[T>G]AG	1	17663.0	2149365358
JG0139b	13	72528433	N:AC[T>C]TG	-1	206057.0	2149571415
JG0139b	13	72744156	U:TC[T>G]TG	1	215723.0	2149787138
JG0139b	13	72767439	U:AC[T>A]TG	-1	23283.0	2149810421
JG0139b	13	72855680	T:TA[T>G]TT	-1	88241.0	2149898662
JG0139b	13	73405690	N:AC[T>C]CC	1	550010.0	2150448672
JG0139b	13	73781378	U:CC[T>C]CA	-1	375688.0	2150824360
JG0139b	13	73934496	T:AC[T>A]CA	1	153118.0	2150977478
JG0139b	13	74478075	N:TC[T>C]TA	-1	543579.0	2151521057
JG0139b	13	74647135	N:AC[T>G]TT	1	169060.0	2151690117
JG0139b	13	74799126	N:AC[T>G]TG	1	151991.0	2151842108
JG0139b	13	75183557	N:CC[T>G]TG	-1	384431.0	2152226539
JG0139b	13	75242379	N:AG[T>C]TT	1	58822.0	2152285361
JG0139b	13	75337456	U:AG[T>A]TT	-1	95077.0	2152380438
JG0139b	13	75804133	U:TC[T>G]TA	1	466677.0	2152847115
JG0139b	13	75843287	T:CC[T>C]GG	-1	39154.0	2152886269
JG0139b	13	75953760	N:AC[T>C]CT	-1	110473.0	2152996742
JG0139b	13	76011322	N:CC[T>C]CA	1	57562.0	2153054304
JG0139b	13	76324248	N:TC[T>G]TT	1	312926.0	2153367230
JG0139b	13	76339841	N:TC[T>C]TT	1	15593.0	2153382823
JG0139b	13	76633974	N:GC[T>C]TG	-1	294133.0	2153676956
JG0139b	13	76937319	N:TG[T>C]CA	1	303345.0	2153980301
JG0139b	13	76955288	U:GC[T>G]TT	1	17969.0	2153998270
JG0139b	13	77572589	U:GC[T>C]CC	1	617301.0	2154615571
JG0139b	13	77601568	T:GG[T>G]CC	-1	28979.0	2154644550
JG0139b	13	77660560	N:TC[T>C]CA	1	58992.0	2154703542
JG0139b	13	77663619	N:TC[T>A]TT	1	3059.0	2154706601
JG0139b	13	77706660	U:CC[T>G]TT	1	43041.0	2154749642
JG0139b	13	77777136	N:GC[T>C]TC	1	70476.0	2154820118
JG0139b	13	77877819	N:TG[T>G]TC	-1	100683.0	2154920801
JG0139b	13	77884195	N:CC[T>G]TT	-1	6376.0	2154927177
JG0139b	13	78275342	N:CC[T>G]TC	1	391147.0	2155318324
JG0139b	13	78361045	N:GC[T>G]TT	1	85703.0	2155404027
JG0139b	13	78445849	N:AC[T>G]TA	-1	84804.0	2155488831
JG0139b	13	78511251	N:AG[T>C]TA	1	65402.0	2155554233
JG0139b	13	78835521	N:AG[T>C]TG	1	324270.0	2155878503
JG0139b	13	79114680	N:CA[T>G]TC	1	279159.0	2156157662
JG0139b	13	79132504	N:CC[T>C]TA	-1	17824.0	2156175486
JG0139b	13	79310730	N:GG[T>G]TA	1	178226.0	2156353712
JG0139b	13	79323026	U:TG[T>G]TT	-1	12296.0	2156366008
JG0139b	13	79510081	T:AC[T>C]CC	-1	187055.0	2156553063
JG0139b	13	79568958	N:AT[T>G]CA	1	58877.0	2156611940
JG0139b	13	79806404	N:CA[T>C]TG	1	237446.0	2156849386
JG0139b	13	79824808	N:AG[T>G]TT	-1	18404.0	2156867790
JG0139b	13	80159207	N:CC[T>G]TC	1	334399.0	2157202189
JG0139b	13	80168364	N:GG[T>G]TT	1	9157.0	2157211346
JG0139b	13	80434957	N:CC[T>C]AT	-1	266593.0	2157477939
JG0139b	13	80483177	N:TC[T>A]TC	1	48220.0	2157526159
JG0139b	13	80540952	N:AG[T>G]TA	1	57775.0	2157583934
JG0139b	13	80678428	N:CC[T>G]TC	1	137476.0	2157721410
JG0139b	13	80770299	N:TC[T>A]CC	1	91871.0	2157813281
JG0139b	13	80926095	N:CC[T>A]CC	-1	155796.0	2157969077
JG0139b	13	80932809	N:TG[T>A]CA	1	6714.0	2157975791
JG0139b	13	81360359	N:GC[T>C]CT	-1	427550.0	2158403341
JG0139b	13	81365597	N:AC[T>A]GC	-1	5238.0	2158408579
JG0139b	13	81940293	N:CC[T>A]AT	-1	574696.0	2158983275
JG0139b	13	82811311	N:AC[T>C]CT	1	871018.0	2159854293
JG0139b	13	82884715	N:GC[T>C]CC	-1	73404.0	2159927697
JG0139b	13	82900291	N:TC[T>C]TA	-1	15576.0	2159943273
JG0139b	13	82954570	N:TC[T>A]TC	-1	54279.0	2159997552
JG0139b	13	83297517	N:AC[T>G]TT	-1	342947.0	2160340499
JG0139b	13	83408495	N:CC[T>C]TG	1	110978.0	2160451477
JG0139b	13	83601031	N:AC[T>C]AA	-1	192536.0	2160644013
JG0139b	13	83840157	N:GC[T>G]TT	-1	239126.0	2160883139
JG0139b	13	83887105	N:AC[T>A]TA	1	46948.0	2160930087
JG0139b	13	83983665	N:GC[T>G]TC	1	96560.0	2161026647
JG0139b	13	84796087	N:TT[T>G]TA	1	812422.0	2161839069
JG0139b	13	84806579	N:AC[T>C]CC	-1	10492.0	2161849561
JG0139b	13	84826929	N:TC[T>G]TA	1	20350.0	2161869911
JG0139b	13	84835585	N:CC[T>G]TA	-1	8656.0	2161878567
JG0139b	13	85021165	N:AG[T>C]TC	-1	185580.0	2162064147
JG0139b	13	85318388	N:GC[T>G]TG	1	297223.0	2162361370
JG0139b	13	85942185	N:TC[T>C]TT	-1	623797.0	2162985167
JG0139b	13	86039186	N:CC[T>C]GG	1	97001.0	2163082168
JG0139b	13	86405419	N:AC[T>G]TA	-1	366233.0	2163448401
JG0139b	13	86587542	N:TC[T>G]TC	1	182123.0	2163630524
JG0139b	13	86611818	N:AG[T>C]TA	-1	24276.0	2163654800
JG0139b	13	86615400	N:GG[T>C]CA	1	3582.0	2163658382
JG0139b	13	86872678	N:AA[T>G]TT	-1	257278.0	2163915660
JG0139b	13	87536115	N:AC[T>G]TG	1	663437.0	2164579097
JG0139b	13	87897857	N:TA[T>G]TG	-1	361742.0	2164940839
JG0139b	13	88493738	N:CC[T>C]GG	1	595881.0	2165536720
JG0139b	13	89107695	N:AC[T>G]TA	1	613957.0	2166150677
JG0139b	13	89257900	N:GC[T>C]TT	-1	150205.0	2166300882
JG0139b	13	89435573	N:AC[T>C]CA	1	177673.0	2166478555
JG0139b	13	89836128	N:TC[T>C]TT	1	400555.0	2166879110
JG0139b	13	90172033	N:AC[T>G]TC	-1	335905.0	2167215015
JG0139b	13	90254782	N:GT[T>C]CA	1	82749.0	2167297764
JG0139b	13	90274504	N:TC[T>G]CC	-1	19722.0	2167317486
JG0139b	13	90740312	N:GC[T>G]TG	1	465808.0	2167783294
JG0139b	13	90994103	N:AT[T>C]TT	1	253791.0	2168037085
JG0139b	13	91596489	U:TC[T>G]TT	1	602386.0	2168639471
JG0139b	13	91607541	T:GA[T>G]TG	-1	11052.0	2168650523
JG0139b	13	91678647	U:AC[T>G]TG	1	71106.0	2168721629
JG0139b	13	91714389	T:TC[T>G]TC	-1	35742.0	2168757371
JG0139b	13	91736808	T:GA[T>G]TC	-1	22419.0	2168779790
JG0139b	13	92017739	T:TG[T>A]AC	-1	280931.0	2169060721
JG0139b	13	92175835	T:TC[T>C]AA	-1	158096.0	2169218817
JG0139b	13	92225731	T:GC[T>C]TT	-1	49896.0	2169268713
JG0139b	13	92372507	T:AC[T>C]CA	-1	146776.0	2169415489
JG0139b	13	93485815	U:TC[T>C]TC	1	1113308.0	2170528797
JG0139b	13	93586479	U:GC[T>A]CT	1	100664.0	2170629461
JG0139b	13	94470759	U:CC[T>C]TA	-1	884280.0	2171513741
JG0139b	13	94711643	T:CC[T>C]TC	1	240884.0	2171754625
JG0139b	13	94806439	N:TC[T>G]TT	-1	94796.0	2171849421
JG0139b	13	94893851	N:AC[T>G]TG	1	87412.0	2171936833
JG0139b	13	95115670	T:AC[T>G]TA	1	221819.0	2172158652
JG0139b	13	95118643	U:TG[T>A]TT	-1	2973.0	2172161625
JG0139b	13	95432589	N:TC[T>C]TG	-1	313946.0	2172475571
JG0139b	13	96171878	U:CT[T>A]CA	1	739289.0	2173214860
JG0139b	13	96304093	T:TC[T>A]CG	-1	132215.0	2173347075
JG0139b	13	96706992	T:TC[T>C]GA	-1	402899.0	2173749974
JG0139b	13	96712481	T:GC[T>G]TT	-1	5489.0	2173755463
JG0139b	13	96839556	T:TC[T>G]TG	-1	127075.0	2173882538
JG0139b	13	96954373	N:TC[T>A]TT	1	114817.0	2173997355
JG0139b	13	97050911	N:AC[T>G]TA	-1	96538.0	2174093893
JG0139b	13	97152338	N:TC[T>C]TA	-1	101427.0	2174195320
JG0139b	13	97212201	N:TC[T>C]GC	-1	59863.0	2174255183
JG0139b	13	97286885	U:AC[T>G]TT	1	74684.0	2174329867
JG0139b	13	97293315	T:TA[T>G]TT	-1	6430.0	2174336297
JG0139b	13	97493575	N:CG[T>C]GG	-1	200260.0	2174536557
JG0139b	13	97570110	N:AC[T>C]AT	1	76535.0	2174613092
JG0139b	13	97883976	N:TC[T>C]CA	-1	313866.0	2174926958
JG0139b	13	97915503	N:AC[T>C]CT	1	31527.0	2174958485
JG0139b	13	97930182	N:AT[T>G]TT	-1	14679.0	2174973164
JG0139b	13	98265159	T:CC[T>G]TC	-1	334977.0	2175308141
JG0139b	13	98316549	U:CC[T>C]GG	1	51390.0	2175359531
JG0139b	13	98523493	T:GC[T>G]CT	1	206944.0	2175566475
JG0139b	13	98713495	U:AG[T>G]TC	-1	190002.0	2175756477
JG0139b	13	99455491	U:CA[T>G]TC	1	741996.0	2176498473
JG0139b	13	100245966	U:TC[T>G]CA	1	790475.0	2177288948
JG0139b	13	100529400	U:CC[T>A]CC	1	283434.0	2177572382
JG0139b	13	100607226	U:AC[T>G]GA	-1	77826.0	2177650208
JG0139b	13	101035291	N:GC[T>C]TT	1	428065.0	2178078273
JG0139b	13	101470620	U:AG[T>G]CA	1	435329.0	2178513602
JG0139b	13	101509481	T:TG[T>G]TT	-1	38861.0	2178552463
JG0139b	13	101579935	T:AC[T>G]TT	-1	70454.0	2178622917
JG0139b	13	101861236	U:CA[T>G]TG	-1	281301.0	2178904218
JG0139b	13	102112964	U:AC[T>C]TT	-1	251728.0	2179155946
JG0139b	13	102271200	U:AC[T>G]AG	-1	158236.0	2179314182
JG0139b	13	102336457	U:CC[T>C]CT	-1	65257.0	2179379439
JG0139b	13	102567505	N:AC[T>G]TT	-1	231048.0	2179610487
JG0139b	13	102736939	T:TC[T>A]TT	1	169434.0	2179779921
JG0139b	13	102748527	T:AT[T>G]TT	1	11588.0	2179791509
JG0139b	13	102917337	N:TT[C>T]CT	1	168810.0	2179960319
JG0139b	13	103157049	N:TC[T>A]CC	-1	239712.0	2180200031
JG0139b	13	103293034	N:TC[T>A]TC	-1	135985.0	2180336016
JG0139b	13	103468900	N:CC[T>G]CC	1	175866.0	2180511882
JG0139b	13	103649256	N:GG[T>A]AC	1	180356.0	2180692238
JG0139b	13	104220574	N:AC[T>C]TA	1	571318.0	2181263556
JG0139b	13	104719139	N:TC[T>C]CC	-1	498565.0	2181762121
JG0139b	13	105191410	N:AC[T>C]CA	1	472271.0	2182234392
JG0139b	13	105342856	N:CC[T>C]TT	1	151446.0	2182385838
JG0139b	13	105688727	N:GC[T>C]GT	1	345871.0	2182731709
JG0139b	13	106666640	N:GA[T>G]TG	-1	977913.0	2183709622
JG0139b	13	106666849	N:CC[T>G]TC	-1	209.0	2183709831
JG0139b	13	106728098	N:TC[T>C]CA	-1	61249.0	2183771080
JG0139b	13	107268735	T:GG[T>G]TA	1	540637.0	2184311717
JG0139b	13	107418026	U:AG[T>G]TC	-1	149291.0	2184461008
JG0139b	13	107625325	T:TG[T>G]TG	1	207299.0	2184668307
JG0139b	13	108720825	T:TA[C>G]AT	-1	1095500.0	2185763807
JG0139b	13	109111308	U:TC[T>C]GA	1	390483.0	2186154290
JG0139b	13	109273342	N:GC[T>C]TT	-1	162034.0	2186316324
JG0139b	13	109450290	N:CC[T>C]CC	1	176948.0	2186493272
JG0139b	13	109684025	N:AC[T>G]TT	-1	233735.0	2186727007
JG0139b	13	109845508	N:TC[T>G]TA	1	161483.0	2186888490
JG0139b	13	110154895	T:GC[T>C]CA	1	309387.0	2187197877
JG0139b	13	110174711	T:TC[T>A]CC	1	19816.0	2187217693
JG0139b	13	110206943	T:TG[T>G]TA	1	32232.0	2187249925
JG0139b	13	110212351	T:CC[T>G]GA	1	5408.0	2187255333
JG0139b	13	110241599	U:TC[T>G]TC	-1	29248.0	2187284581
JG0139b	13	110600108	N:GC[T>G]TA	-1	358509.0	2187643090
JG0139b	13	110770572	N:GC[T>C]TC	-1	170464.0	2187813554
JG0139b	13	111049035	N:GC[T>C]GT	-1	278463.0	2188092017
JG0139b	13	111101708	N:TC[C>A]CA	-1	52673.0	2188144690
JG0139b	13	111308604	N:GC[T>G]CC	-1	206896.0	2188351586
JG0139b	13	111549163	N:TC[T>G]AA	1	240559.0	2188592145
JG0139b	13	111617492	N:TC[T>C]TT	-1	68329.0	2188660474
JG0139b	13	111762139	N:CC[T>C]AT	-1	144647.0	2188805121
JG0139b	13	111764141	N:CC[T>C]TG	-1	2002.0	2188807123
JG0139b	13	112073149	N:CG[T>G]CC	1	309008.0	2189116131
JG0139b	13	112174773	N:GC[T>A]CC	-1	101624.0	2189217755
JG0139b	13	112383152	T:TC[T>G]TT	-1	208379.0	2189426134
JG0139b	13	112445576	N:CC[T>G]CC	-1	62424.0	2189488558
JG0139b	13	113227818	U:AA[T>C]CG	1	782242.0	2190270800
JG0139b	13	113875840	N:CC[T>G]TG	-1	648022.0	2190918822
JG0139b	14	16034288	N:CC[T>C]GC	1		2207441598
JG0139b	14	16149943	N:AC[T>A]CC	-1	115655.0	2207557253
JG0139b	14	16182870	N:AC[T>A]TC	1	32927.0	2207590180
JG0139b	14	16528846	N:GC[T>G]GC	-1	345976.0	2207936156
JG0139b	14	16638515	N:CC[T>C]CT	1	109669.0	2208045825
JG0139b	14	17184410	N:CG[T>G]CA	-1	545895.0	2208591720
JG0139b	14	17318767	N:TC[T>G]TC	1	134357.0	2208726077
JG0139b	14	17340584	N:CC[T>C]TT	-1	21817.0	2208747894
JG0139b	14	17502598	N:CC[T>G]TT	1	162014.0	2208909908
JG0139b	14	17741828	N:AC[T>A]CA	1	239230.0	2209149138
JG0139b	14	17809538	N:GT[T>C]TC	-1	67710.0	2209216848
JG0139b	14	18025715	N:AC[T>G]TT	1	216177.0	2209433025
JG0139b	14	18093098	N:CC[T>G]TT	1	67383.0	2209500408
JG0139b	14	18487686	N:AG[T>C]GT	1	394588.0	2209894996
JG0139b	14	19076588	N:GC[T>A]GT	1	588902.0	2210483898
JG0139b	14	19150278	N:CC[T>C]AG	1	73690.0	2210557588
JG0139b	14	19231166	N:GC[T>G]TG	1	80888.0	2210638476
JG0139b	14	19412380	U:CC[T>A]TG	-1	181214.0	2210819690
JG0139b	14	19498981	N:TT[T>C]TA	-1	86601.0	2210906291
JG0139b	14	19655895	N:TG[T>G]TT	-1	156914.0	2211063205
JG0139b	14	19875409	U:TG[T>G]TA	1	219514.0	2211282719
JG0139b	14	19905324	N:CT[T>G]TT	1	29915.0	2211312634
JG0139b	14	20064927	N:TC[T>G]TT	-1	159603.0	2211472237
JG0139b	14	20295693	T:CC[T>G]TC	1	230766.0	2211703003
JG0139b	14	20515230	N:AC[T>A]TC	-1	219537.0	2211922540
JG0139b	14	20838465	N:TG[T>G]TG	1	323235.0	2212245775
JG0139b	14	21613530	N:AC[T>G]TA	-1	775065.0	2213020840
JG0139b	14	22335852	N:GC[T>G]TT	-1	722322.0	2213743162
JG0139b	14	22422304	N:GA[T>G]TA	-1	86452.0	2213829614
JG0139b	14	22523173	N:GC[T>C]TC	-1	100869.0	2213930483
JG0139b	14	22806848	U:TC[T>C]CA	-1	283675.0	2214214158
JG0139b	14	22957232	T:GC[T>C]CG	1	150384.0	2214364542
JG0139b	14	23119343	T:CC[T>G]TG	1	162111.0	2214526653
JG0139b	14	23198573	T:GC[T>G]TC	-1	79230.0	2214605883
JG0139b	14	23394938	T:GC[T>C]CA	1	196365.0	2214802248
JG0139b	14	23667180	N:AC[T>C]TA	1	272242.0	2215074490
JG0139b	14	23765350	N:TC[T>C]CA	-1	98170.0	2215172660
JG0139b	14	24574058	T:TG[T>G]TG	1	808708.0	2215981368
JG0139b	14	24759296	N:TC[T>G]CC	-1	185238.0	2216166606
JG0139b	14	24761275	N:GG[T>G]TT	-1	1979.0	2216168585
JG0139b	14	25521942	N:TG[T>A]GT	-1	760667.0	2216929252
JG0139b	14	26043594	N:TG[T>A]TA	-1	521652.0	2217450904
JG0139b	14	26381545	N:CC[T>G]TA	1	337951.0	2217788855
JG0139b	14	26523243	T:GC[T>G]TC	1	141698.0	2217930553
JG0139b	14	26668714	N:TC[T>G]TC	1	145471.0	2218076024
JG0139b	14	27128757	N:TC[T>G]TT	1	460043.0	2218536067
JG0139b	14	27764122	N:TT[T>G]TT	-1	635365.0	2219171432
JG0139b	14	28738529	N:CC[T>C]TC	-1	974407.0	2220145839
JG0139b	14	29058854	N:TC[T>G]TA	-1	320325.0	2220466164
JG0139b	14	29146043	N:AC[T>G]CT	1	87189.0	2220553353
JG0139b	14	29404227	N:CC[C>A]AA	-1	258184.0	2220811537
JG0139b	14	29480047	N:TC[T>C]CA	-1	75820.0	2220887357
JG0139b	14	29745315	T:AC[T>C]TT	1	265268.0	2221152625
JG0139b	14	30036369	U:CC[T>G]TG	-1	291054.0	2221443679
JG0139b	14	30299410	N:CA[T>G]TA	-1	263041.0	2221706720
JG0139b	14	30428335	N:AC[T>G]TG	-1	128925.0	2221835645
JG0139b	14	30575387	T:TC[T>C]TA	-1	147052.0	2221982697
JG0139b	14	31115269	T:TG[T>G]TC	1	539882.0	2222522579
JG0139b	14	31167543	U:GC[T>G]TT	-1	52274.0	2222574853
JG0139b	14	31213646	N:TC[T>C]TA	-1	46103.0	2222620956
JG0139b	14	31678824	U:GG[T>G]CC	1	465178.0	2223086134
JG0139b	14	32139790	U:TC[T>A]TT	1	460966.0	2223547100
JG0139b	14	32449033	U:TC[T>A]CA	1	309243.0	2223856343
JG0139b	14	32850244	N:TC[T>G]TT	-1	401211.0	2224257554
JG0139b	14	33119973	T:TC[T>G]TT	-1	269729.0	2224527283
JG0139b	14	33185732	T:CC[T>C]TG	-1	65759.0	2224593042
JG0139b	14	33321616	T:TG[T>C]TC	-1	135884.0	2224728926
JG0139b	14	34386966	N:TC[T>G]CC	1	1065350.0	2225794276
JG0139b	14	35783991	U:TG[T>G]TT	-1	1397025.0	2227191301
JG0139b	14	36271075	N:TG[T>C]GG	1	487084.0	2227678385
JG0139b	14	36383876	N:GC[T>C]GA	1	112801.0	2227791186
JG0139b	14	36487215	U:AC[T>C]CC	-1	103339.0	2227894525
JG0139b	14	36632688	N:AC[T>C]CC	1	145473.0	2228039998
JG0139b	14	36638346	N:CC[T>G]TT	-1	5658.0	2228045656
JG0139b	14	36790847	T:AC[T>C]GT	1	152501.0	2228198157
JG0139b	14	36931087	T:AC[T>C]CA	1	140240.0	2228338397
JG0139b	14	37156801	U:TC[T>G]TT	-1	225714.0	2228564111
JG0139b	14	37475895	T:AG[T>G]CA	-1	319094.0	2228883205
JG0139b	14	37887768	N:CC[T>G]TA	1	411873.0	2229295078
JG0139b	14	38372332	N:TC[T>C]TG	1	484564.0	2229779642
JG0139b	14	38766712	N:GC[T>C]TA	-1	394380.0	2230174022
JG0139b	14	38951763	N:AC[T>A]TA	1	185051.0	2230359073
JG0139b	14	39195064	N:TC[T>A]TT	-1	243301.0	2230602374
JG0139b	14	39574756	N:TG[T>G]CT	1	379692.0	2230982066
JG0139b	14	40223390	N:AC[T>C]TT	-1	648634.0	2231630700
JG0139b	14	40344160	N:AC[T>G]TC	1	120770.0	2231751470
JG0139b	14	40792210	N:CT[T>G]TC	-1	448050.0	2232199520
JG0139b	14	40985140	N:TC[T>G]TT	1	192930.0	2232392450
JG0139b	14	41347803	N:AG[T>G]CA	-1	362663.0	2232755113
JG0139b	14	41504159	N:GC[T>G]GA	1	156356.0	2232911469
JG0139b	14	42465218	N:AC[T>G]TC	1	961059.0	2233872528
JG0139b	14	42921772	N:AC[T>C]TG	1	456554.0	2234329082
JG0139b	14	42982833	N:AC[T>C]TT	1	61061.0	2234390143
JG0139b	14	43743248	N:TC[T>C]CC	1	760415.0	2235150558
JG0139b	14	43935277	N:TG[T>A]TG	1	192029.0	2235342587
JG0139b	14	44156736	N:TC[T>C]TT	-1	221459.0	2235564046
JG0139b	14	44548739	N:CC[T>A]TT	1	392003.0	2235956049
JG0139b	14	45357947	N:CC[T>C]AA	-1	809208.0	2236765257
JG0139b	14	45656530	N:GC[T>G]TC	-1	298583.0	2237063840
JG0139b	14	45689892	N:AA[T>G]TT	1	33362.0	2237097202
JG0139b	14	45788410	N:TC[T>G]CT	-1	98518.0	2237195720
JG0139b	14	46070177	N:TC[T>G]GT	1	281767.0	2237477487
JG0139b	14	46299282	N:CG[C>A]TT	1	229105.0	2237706592
JG0139b	14	46698065	N:TC[T>C]CC	1	398783.0	2238105375
JG0139b	14	46923805	U:TC[T>C]TA	-1	225740.0	2238331115
JG0139b	14	47104892	T:CC[T>C]TT	1	181087.0	2238512202
JG0139b	14	47148385	T:GG[T>G]CA	1	43493.0	2238555695
JG0139b	14	47520671	U:GA[C>T]GT	-1	372286.0	2238927981
JG0139b	14	48000494	N:AC[T>A]TA	-1	479823.0	2239407804
JG0139b	14	48179370	N:CC[T>C]CC	1	178876.0	2239586680
JG0139b	14	48715837	N:TC[T>C]TA	-1	536467.0	2240123147
JG0139b	14	49242812	N:TG[T>C]CA	-1	526975.0	2240650122
JG0139b	14	49336231	N:TC[T>C]GG	1	93419.0	2240743541
JG0139b	14	49628690	U:GC[T>G]TG	-1	292459.0	2241036000
JG0139b	14	49788681	U:AC[T>G]TG	-1	159991.0	2241195991
JG0139b	14	49957125	N:CA[T>G]TC	-1	168444.0	2241364435
JG0139b	14	51340027	N:TC[T>C]CA	1	1382902.0	2242747337
JG0139b	14	51558438	T:GC[T>C]GG	-1	218411.0	2242965748
JG0139b	14	51990394	U:CG[T>G]TT	1	431956.0	2243397704
JG0139b	14	52266312	N:GG[T>G]AG	-1	275918.0	2243673622
JG0139b	14	52304416	N:TC[T>G]TC	-1	38104.0	2243711726
JG0139b	14	53485303	N:GG[T>G]TG	-1	1180887.0	2244892613
JG0139b	14	53531278	N:GC[T>C]TT	1	45975.0	2244938588
JG0139b	14	53685779	N:TC[T>G]TC	-1	154501.0	2245093089
JG0139b	14	53862473	N:TC[T>C]CT	1	176694.0	2245269783
JG0139b	14	53955270	U:CC[T>C]TC	-1	92797.0	2245362580
JG0139b	14	54020317	N:AC[T>G]CA	1	65047.0	2245427627
JG0139b	14	54085848	N:AC[T>C]TA	-1	65531.0	2245493158
JG0139b	14	54129830	N:AC[T>G]TC	-1	43982.0	2245537140
JG0139b	14	54234399	N:CC[T>C]TG	-1	104569.0	2245641709
JG0139b	14	54235574	N:AC[T>G]TT	-1	1175.0	2245642884
JG0139b	14	54291180	N:TG[T>G]TA	1	55606.0	2245698490
JG0139b	14	54494585	N:AC[T>C]AC	1	203405.0	2245901895
JG0139b	14	54802512	N:GC[T>G]TA	-1	307927.0	2246209822
JG0139b	14	55259101	N:TC[T>G]TA	1	456589.0	2246666411
JG0139b	14	55325085	U:AG[T>G]TT	1	65984.0	2246732395
JG0139b	14	55454050	T:TC[T>G]TC	1	128965.0	2246861360
JG0139b	14	56394626	N:CC[T>G]CT	-1	940576.0	2247801936
JG0139b	14	56395999	N:AC[T>A]TT	-1	1373.0	2247803309
JG0139b	14	56469053	N:AC[T>C]AC	1	73054.0	2247876363
JG0139b	14	57255441	T:AG[T>A]TT	1	786388.0	2248662751
JG0139b	14	57310675	N:CG[T>C]CT	-1	55234.0	2248717985
JG0139b	14	57509249	N:CC[T>C]TT	-1	198574.0	2248916559
JG0139b	14	57554472	N:TC[T>A]CC	1	45223.0	2248961782
JG0139b	14	58482476	U:TC[T>C]TG	1	928004.0	2249889786
JG0139b	14	59186719	N:GC[T>C]CT	-1	704243.0	2250594029
JG0139b	14	59342095	U:AC[T>C]TT	1	155376.0	2250749405
JG0139b	14	59358940	U:AC[T>C]CT	1	16845.0	2250766250
JG0139b	14	59433086	N:GC[T>G]TG	1	74146.0	2250840396
JG0139b	14	59543960	U:CC[T>G]TC	-1	110874.0	2250951270
JG0139b	14	59560043	T:TG[T>C]AA	1	16083.0	2250967353
JG0139b	14	60128505	U:TC[T>C]TT	1	568462.0	2251535815
JG0139b	14	60756885	T:CA[T>C]TT	-1	628380.0	2252164195
JG0139b	14	60893865	T:CC[T>C]TC	-1	136980.0	2252301175
JG0139b	14	60982593	U:CC[T>G]TG	1	88728.0	2252389903
JG0139b	14	61826814	T:TC[T>C]TG	-1	844221.0	2253234124
JG0139b	14	62110223	T:GC[T>C]CA	-1	283409.0	2253517533
JG0139b	14	62436359	N:TG[T>G]TA	1	326136.0	2253843669
JG0139b	14	63106225	N:TC[T>G]TA	1	669866.0	2254513535
JG0139b	14	63774262	N:AC[T>C]CC	-1	668037.0	2255181572
JG0139b	14	63936640	T:GC[T>G]TC	-1	162378.0	2255343950
JG0139b	14	63944506	U:AC[T>G]TA	1	7866.0	2255351816
JG0139b	14	64498413	U:AC[T>C]TG	-1	553907.0	2255905723
JG0139b	14	64740556	T:AT[T>G]TC	-1	242143.0	2256147866
JG0139b	14	64760661	U:CC[T>G]CA	-1	20105.0	2256167971
JG0139b	14	64900737	N:CC[T>G]TT	1	140076.0	2256308047
JG0139b	14	65151742	N:GC[T>G]TT	1	251005.0	2256559052
JG0139b	14	65408977	N:AC[T>G]TT	1	257235.0	2256816287
JG0139b	14	65570885	U:TC[T>G]TG	1	161908.0	2256978195
JG0139b	14	66110587	N:GC[T>G]CA	-1	539702.0	2257517897
JG0139b	14	66242425	N:AT[T>G]TT	-1	131838.0	2257649735
JG0139b	14	66284150	N:TC[T>G]TT	-1	41725.0	2257691460
JG0139b	14	66372570	N:GC[T>C]GG	1	88420.0	2257779880
JG0139b	14	66447586	N:TC[T>C]TT	-1	75016.0	2257854896
JG0139b	14	66597576	U:TC[T>G]TG	1	149990.0	2258004886
JG0139b	14	67035779	T:CT[T>G]TA	-1	438203.0	2258443089
JG0139b	14	67516748	U:GC[T>A]TA	-1	480969.0	2258924058
JG0139b	14	67572933	T:CC[T>C]CT	-1	56185.0	2258980243
JG0139b	14	68020630	T:TA[T>G]AT	-1	447697.0	2259427940
JG0139b	14	68362157	T:TA[T>G]TT	-1	341527.0	2259769467
JG0139b	14	69037200	N:TC[T>G]TG	-1	675043.0	2260444510
JG0139b	14	69043852	N:TC[T>C]TC	-1	6652.0	2260451162
JG0139b	14	69579349	N:AA[T>A]TG	-1	535497.0	2260986659
JG0139b	14	69949168	U:TC[T>C]GG	1	369819.0	2261356478
JG0139b	14	70498909	N:TC[T>G]TG	-1	549741.0	2261906219
JG0139b	14	70679267	N:TC[T>G]TT	-1	180358.0	2262086577
JG0139b	14	71102891	U:AC[T>C]TA	1	423624.0	2262510201
JG0139b	14	71555382	U:TC[T>G]TC	1	452491.0	2262962692
JG0139b	14	72197280	T:AC[T>C]AG	-1	641898.0	2263604590
JG0139b	14	72307011	T:TG[C>A]TA	-1	109731.0	2263714321
JG0139b	14	72612902	N:AC[T>C]TC	1	305891.0	2264020212
JG0139b	14	73054484	N:TC[T>C]CC	-1	441582.0	2264461794
JG0139b	14	73327843	U:AC[T>G]TG	-1	273359.0	2264735153
JG0139b	14	73445108	U:TC[T>C]CT	-1	117265.0	2264852418
JG0139b	14	74509850	T:AC[T>A]CA	1	1064742.0	2265917160
JG0139b	14	74610242	U:TC[T>C]TC	-1	100392.0	2266017552
JG0139b	14	74687228	T:TC[T>G]TA	1	76986.0	2266094538
JG0139b	14	74846445	T:TC[T>C]CC	-1	159217.0	2266253755
JG0139b	14	74857502	B:GC[T>G]TT	-1	11057.0	2266264812
JG0139b	14	75427911	U:CC[T>C]CT	1	570409.0	2266835221
JG0139b	14	76039520	T:CC[T>A]TT	-1	611609.0	2267446830
JG0139b	14	76587039	N:TC[T>C]TG	-1	547519.0	2267994349
JG0139b	14	76694172	N:AC[T>G]GG	1	107133.0	2268101482
JG0139b	14	76728598	N:AC[T>C]CT	1	34426.0	2268135908
JG0139b	14	76737892	N:TT[T>G]TG	1	9294.0	2268145202
JG0139b	14	76957497	N:AC[T>G]TA	1	219605.0	2268364807
JG0139b	14	77622173	N:GC[T>G]TC	1	664676.0	2269029483
JG0139b	14	77698125	T:GC[T>G]TA	1	75952.0	2269105435
JG0139b	14	78161288	N:CC[T>C]CC	-1	463163.0	2269568598
JG0139b	14	78718752	U:TG[T>C]CT	1	557464.0	2270126062
JG0139b	14	78733862	T:CC[T>C]TT	-1	15110.0	2270141172
JG0139b	14	79017865	U:TG[T>G]TT	1	284003.0	2270425175
JG0139b	14	79325613	U:AC[T>G]CT	1	307748.0	2270732923
JG0139b	14	79344005	T:CC[T>C]GG	-1	18392.0	2270751315
JG0139b	14	79608043	U:AC[T>C]CC	1	264038.0	2271015353
JG0139b	14	79788543	T:AC[T>G]TC	-1	180500.0	2271195853
JG0139b	14	80299624	U:TC[T>C]TG	-1	511081.0	2271706934
JG0139b	14	80496870	T:TC[T>G]TT	1	197246.0	2271904180
JG0139b	14	80538595	T:AC[T>G]CT	1	41725.0	2271945905
JG0139b	14	80788476	U:AG[T>A]TT	-1	249881.0	2272195786
JG0139b	14	80889000	U:GC[T>G]CC	-1	100524.0	2272296310
JG0139b	14	81334557	T:TC[T>C]TT	1	445557.0	2272741867
JG0139b	14	81409156	U:TG[T>G]TA	-1	74599.0	2272816466
JG0139b	14	81681966	N:TC[T>A]TG	-1	272810.0	2273089276
JG0139b	14	81954738	N:TG[T>G]CA	1	272772.0	2273362048
JG0139b	14	82291944	N:TC[T>G]TG	-1	337206.0	2273699254
JG0139b	14	82370191	N:CC[T>G]TG	1	78247.0	2273777501
JG0139b	14	82386293	N:GC[T>A]TC	1	16102.0	2273793603
JG0139b	14	82667317	N:TC[T>G]TT	-1	281024.0	2274074627
JG0139b	14	82761706	N:GC[T>C]CA	1	94389.0	2274169016
JG0139b	14	83241359	N:AC[C>T]TT	-1	479653.0	2274648669
JG0139b	14	83342705	N:GC[T>G]TC	1	101346.0	2274750015
JG0139b	14	83393144	N:AC[T>C]CA	-1	50439.0	2274800454
JG0139b	14	83461941	N:CC[T>A]TC	-1	68797.0	2274869251
JG0139b	14	83880381	N:CC[T>C]CT	1	418440.0	2275287691
JG0139b	14	83986658	N:TC[T>C]CT	-1	106277.0	2275393968
JG0139b	14	84068980	N:GC[T>G]TT	-1	82322.0	2275476290
JG0139b	14	84110439	N:CC[T>C]AA	-1	41459.0	2275517749
JG0139b	14	84261666	N:TA[T>G]TT	1	151227.0	2275668976
JG0139b	14	84345755	N:AC[T>A]TG	1	84089.0	2275753065
JG0139b	14	84377959	N:TC[T>G]TT	-1	32204.0	2275785269
JG0139b	14	84792312	N:AC[T>C]GC	-1	414353.0	2276199622
JG0139b	14	84923182	N:AT[T>A]AT	-1	130870.0	2276330492
JG0139b	14	85018724	N:AC[T>G]TG	-1	95542.0	2276426034
JG0139b	14	85025464	N:AA[T>G]TT	-1	6740.0	2276432774
JG0139b	14	85175119	N:CC[T>G]CA	-1	149655.0	2276582429
JG0139b	14	85406853	N:TC[T>C]CT	-1	231734.0	2276814163
JG0139b	14	86710910	N:TC[T>G]TT	1	1304057.0	2278118220
JG0139b	14	86965009	N:TC[T>G]TT	-1	254099.0	2278372319
JG0139b	14	87612959	N:TA[T>G]TC	-1	647950.0	2279020269
JG0139b	14	87916714	N:TC[T>C]CG	1	303755.0	2279324024
JG0139b	14	88716867	U:AC[T>C]CT	-1	800153.0	2280124177
JG0139b	14	88838948	T:AC[T>G]TT	-1	122081.0	2280246258
JG0139b	14	89626963	N:TC[T>G]TC	1	788015.0	2281034273
JG0139b	14	89667706	N:TC[T>G]CA	1	40743.0	2281075016
JG0139b	14	89734656	N:TC[T>C]TT	1	66950.0	2281141966
JG0139b	14	90177965	T:CC[T>A]CA	-1	443309.0	2281585275
JG0139b	14	90226273	N:AT[T>G]TT	1	48308.0	2281633583
JG0139b	14	90411496	N:AT[T>G]TT	-1	185223.0	2281818806
JG0139b	14	90480409	N:GC[T>A]TC	-1	68913.0	2281887719
JG0139b	14	90736667	T:GC[T>G]TG	1	256258.0	2282143977
JG0139b	14	90939866	U:TC[T>A]GC	-1	203199.0	2282347176
JG0139b	14	91024157	T:CC[T>G]TG	1	84291.0	2282431467
JG0139b	14	91124464	U:GC[T>G]TG	1	100307.0	2282531774
JG0139b	14	91420334	N:AC[T>C]TT	-1	295870.0	2282827644
JG0139b	14	91659422	U:GC[T>A]CT	-1	239088.0	2283066732
JG0139b	14	92143093	U:GG[T>C]CT	1	483671.0	2283550403
JG0139b	14	92215710	N:TC[T>G]CT	1	72617.0	2283623020
JG0139b	14	92398304	U:GC[T>G]TC	1	182594.0	2283805614
JG0139b	14	92480927	U:TT[C>A]AT	1	82623.0	2283888237
JG0139b	14	92590540	T:CC[T>G]TG	-1	109613.0	2283997850
JG0139b	14	92657590	T:TG[T>G]TT	-1	67050.0	2284064900
JG0139b	14	92747578	T:AG[T>G]TA	1	89988.0	2284154888
JG0139b	14	93049540	T:TC[T>C]CC	1	301962.0	2284456850
JG0139b	14	93197019	U:AC[T>A]AA	1	147479.0	2284604329
JG0139b	14	93545789	T:TC[T>G]TT	-1	348770.0	2284953099
JG0139b	14	93856477	N:CC[T>C]CT	1	310688.0	2285263787
JG0139b	14	93859311	N:AC[T>G]CT	1	2834.0	2285266621
JG0139b	14	94107230	U:CC[T>C]TG	1	247919.0	2285514540
JG0139b	14	94697384	N:CC[C>G]TG	1	590154.0	2286104694
JG0139b	14	94730497	N:AC[T>A]TA	-1	33113.0	2286137807
JG0139b	14	94917816	N:TT[T>G]TT	1	187319.0	2286325126
JG0139b	14	95042366	N:AG[T>C]TT	1	124550.0	2286449676
JG0139b	14	95243059	U:AG[T>G]GT	-1	200693.0	2286650369
JG0139b	14	95556387	N:TC[T>C]CT	1	313328.0	2286963697
JG0139b	14	95815066	N:GG[T>C]CA	-1	258679.0	2287222376
JG0139b	14	95877292	U:CT[T>C]CC	1	62226.0	2287284602
JG0139b	14	95938290	N:CC[T>A]GT	-1	60998.0	2287345600
JG0139b	14	95947401	N:GC[T>A]CA	1	9111.0	2287354711
JG0139b	14	96160752	N:GC[T>G]CT	-1	213351.0	2287568062
JG0139b	14	96479705	U:GC[T>G]GC	1	318953.0	2287887015
JG0139b	14	96629061	N:CC[T>G]TG	-1	149356.0	2288036371
JG0139b	14	97340457	N:CC[T>G]TT	-1	711396.0	2288747767
JG0139b	14	97364297	N:CC[T>G]TC	1	23840.0	2288771607
JG0139b	14	97425099	N:AG[T>C]TC	1	60802.0	2288832409
JG0139b	14	97660641	N:AC[T>G]TT	-1	235542.0	2289067951
JG0139b	14	98124225	N:CA[T>G]GA	1	463584.0	2289531535
JG0139b	14	98730580	N:TC[T>C]AG	-1	606355.0	2290137890
JG0139b	14	98979687	N:TC[T>G]TG	-1	249107.0	2290386997
JG0139b	14	99846164	T:CA[T>A]TG	-1	866477.0	2291253474
JG0139b	14	99887858	T:TG[T>G]GC	-1	41694.0	2291295168
JG0139b	14	100010925	T:TC[T>C]CC	-1	123067.0	2291418235
JG0139b	14	100502520	U:GC[T>G]GC	1	491595.0	2291909830
JG0139b	14	100585763	T:CC[T>A]CC	1	83243.0	2291993073
JG0139b	14	100786241	N:CC[T>G]CC	1	200478.0	2292193551
JG0139b	14	100878162	N:GC[T>A]CC	-1	91921.0	2292285472
JG0139b	14	100915504	N:TG[T>C]GT	1	37342.0	2292322814
JG0139b	14	101150883	N:CC[T>C]CC	1	235379.0	2292558193
JG0139b	14	101517270	N:CC[T>G]TC	-1	366387.0	2292924580
JG0139b	14	102206866	U:CC[T>C]TG	1	689596.0	2293614176
JG0139b	14	102224918	U:AG[T>A]AC	-1	18052.0	2293632228
JG0139b	14	102695416	T:AG[T>A]TG	-1	470498.0	2294102726
JG0139b	14	102697334	U:AC[T>A]CA	1	1918.0	2294104644
JG0139b	14	102966414	T:TC[T>A]CA	1	269080.0	2294373724
JG0139b	14	103606750	U:TC[T>C]TT	1	640336.0	2295014060
JG0139b	14	104131911	N:AC[T>G]TA	-1	525161.0	2295539221
JG0139b	14	104391349	N:TC[T>C]CC	-1	259438.0	2295798659
JG0139b	14	104585961	B:GC[T>C]CT	-1	194612.0	2295993271
JG0139b	14	104750053	N:TC[T>A]TA	-1	164092.0	2296157363
JG0139b	14	104775306	U:GC[T>C]CT	-1	25253.0	2296182616
JG0139b	14	105063838	T:TC[T>A]TT	1	288532.0	2296471148
JG0139b	14	105596893	N:AC[T>G]GT	1	533055.0	2297004203
JG0139b	14	105839054	N:AC[T>C]GT	1	242161.0	2297246364
JG0139b	14	105861276	N:TC[T>C]CT	-1	22222.0	2297268586
JG0139b	14	105866277	N:AC[T>G]GG	1	5001.0	2297273587
JG0139b	14	106108190	N:TA[T>C]CC	1	241913.0	2297515500
JG0139b	14	106465088	N:TG[T>G]GT	-1	356898.0	2297872398
JG0139b	15	17320146	N:TG[T>A]TC	-1		2315771174
JG0139b	15	17464139	N:CC[T>G]TT	-1	143993.0	2315915167
JG0139b	15	18377097	N:GC[T>G]TT	-1	912958.0	2316828125
JG0139b	15	18589670	N:CC[T>C]TT	1	212573.0	2317040698
JG0139b	15	18728628	N:AC[T>A]CT	-1	138958.0	2317179656
JG0139b	15	19044759	N:GG[T>G]TC	-1	316131.0	2317495787
JG0139b	15	19155130	N:GC[T>G]TT	1	110371.0	2317606158
JG0139b	15	19250659	N:TG[T>A]TA	-1	95529.0	2317701687
JG0139b	15	19557789	N:GA[T>A]TC	-1	307130.0	2318008817
JG0139b	15	20987970	N:TC[T>G]CT	-1	1430181.0	2319438998
JG0139b	15	21486233	N:TC[T>C]CA	1	498263.0	2319937261
JG0139b	15	21910477	N:GG[T>G]TT	1	424244.0	2320361505
JG0139b	15	22076033	U:AC[T>G]TT	1	165556.0	2320527061
JG0139b	15	22121081	N:TC[T>C]GG	1	45048.0	2320572109
JG0139b	15	22388993	N:GC[T>C]TG	1	267912.0	2320840021
JG0139b	15	22528782	N:GG[T>C]AC	-1	139789.0	2320979810
JG0139b	15	22925537	U:TC[T>G]CA	-1	396755.0	2321376565
JG0139b	15	23374233	N:GC[T>C]CA	-1	448696.0	2321825261
JG0139b	15	24531775	N:AC[T>C]CA	1	1157542.0	2322982803
JG0139b	15	24622131	N:AC[T>C]CG	-1	90356.0	2323073159
JG0139b	15	24927765	U:TG[T>G]TT	1	305634.0	2323378793
JG0139b	15	25115479	N:AC[C>A]AC	1	187714.0	2323566507
JG0139b	15	26845038	T:TG[T>G]TA	1	1729559.0	2325296066
JG0139b	15	27022731	T:CC[T>C]TG	-1	177693.0	2325473759
JG0139b	15	27320678	T:AC[T>C]CT	-1	297947.0	2325771706
JG0139b	15	27466537	U:GC[T>G]TG	1	145859.0	2325917565
JG0139b	15	29418770	T:GC[T>G]TC	1	1952233.0	2327869798
JG0139b	15	29433611	U:AC[T>G]TG	-1	14841.0	2327884639
JG0139b	15	29510078	U:AC[T>G]TT	-1	76467.0	2327961106
JG0139b	15	29645319	N:AC[T>G]TT	1	135241.0	2328096347
JG0139b	15	29762732	U:GC[T>C]TG	-1	117413.0	2328213760
JG0139b	15	30245201	N:CC[T>G]TG	1	482469.0	2328696229
JG0139b	15	30436730	N:GG[T>C]GG	-1	191529.0	2328887758
JG0139b	15	30695648	N:TG[T>G]TC	1	258918.0	2329146676
JG0139b	15	31072153	U:AC[T>G]TA	-1	376505.0	2329523181
JG0139b	15	31496534	T:TC[T>G]TT	1	424381.0	2329947562
JG0139b	15	32579882	N:GG[T>G]TT	1	1083348.0	2331030910
JG0139b	15	32884300	T:CC[T>G]TT	1	304418.0	2331335328
JG0139b	15	33043793	U:AC[T>A]TA	-1	159493.0	2331494821
JG0139b	15	33634141	U:TC[T>C]CC	1	590348.0	2332085169
JG0139b	15	33978166	B:CC[T>A]CT	-1	344025.0	2332429194
JG0139b	15	34684321	N:TC[T>A]CA	1	706155.0	2333135349
JG0139b	15	34772794	N:GC[T>C]TC	-1	88473.0	2333223822
JG0139b	15	34912730	T:TC[T>A]TT	1	139936.0	2333363758
JG0139b	15	36285079	N:AC[T>C]CA	-1	1372349.0	2334736107
JG0139b	15	36362322	N:TT[T>G]TT	1	77243.0	2334813350
JG0139b	15	36590061	U:GC[T>C]TC	1	227739.0	2335041089
JG0139b	15	37259243	N:CC[T>G]CT	-1	669182.0	2335710271
JG0139b	15	38203647	N:TC[T>G]TT	1	944404.0	2336654675
JG0139b	15	38405047	N:TC[T>A]TT	1	201400.0	2336856075
JG0139b	15	38710187	N:AC[T>G]TC	-1	305140.0	2337161215
JG0139b	15	38871976	N:TC[T>G]TG	1	161789.0	2337323004
JG0139b	15	38972912	N:GC[T>C]CA	-1	100936.0	2337423940
JG0139b	15	39450365	N:GC[T>G]TC	-1	477453.0	2337901393
JG0139b	15	39483528	N:AA[T>G]TG	1	33163.0	2337934556
JG0139b	15	39792738	N:TA[T>G]CT	-1	309210.0	2338243766
JG0139b	15	39907048	T:GA[T>G]TG	1	114310.0	2338358076
JG0139b	15	40635232	U:TT[T>G]TA	1	728184.0	2339086260
JG0139b	15	40849382	T:AC[T>G]TA	-1	214150.0	2339300410
JG0139b	15	41673666	U:TC[T>C]GG	1	824284.0	2340124694
JG0139b	15	42607438	T:AC[T>C]TG	-1	933772.0	2341058466
JG0139b	15	43078934	U:TC[T>C]TG	-1	471496.0	2341529962
JG0139b	15	43727426	N:TG[T>C]CC	1	648492.0	2342178454
JG0139b	15	43786609	T:AC[T>G]TC	-1	59183.0	2342237637
JG0139b	15	44435040	U:GA[T>G]TA	1	648431.0	2342886068
JG0139b	15	44657238	T:TC[T>A]TT	1	222198.0	2343108266
JG0139b	15	44800404	N:CC[T>C]CT	1	143166.0	2343251432
JG0139b	15	46514557	N:GC[T>A]TT	1	1714153.0	2344965585
JG0139b	15	47688313	U:GC[T>C]TC	1	1173756.0	2346139341
JG0139b	15	47799629	N:TC[T>A]TC	-1	111316.0	2346250657
JG0139b	15	50334745	T:AG[T>G]TT	1	2535116.0	2348785773
JG0139b	15	51086971	T:AC[T>C]TC	1	752226.0	2349537999
JG0139b	15	51806402	T:TC[T>C]CT	-1	719431.0	2350257430
JG0139b	15	51935225	N:AC[T>G]TG	-1	128823.0	2350386253
JG0139b	15	51980219	N:CC[T>C]GG	1	44994.0	2350431247
JG0139b	15	52196935	U:TC[T>G]TA	-1	216716.0	2350647963
JG0139b	15	52678179	U:AC[T>C]TG	-1	481244.0	2351129207
JG0139b	15	53153148	N:TC[C>A]AA	-1	474969.0	2351604176
JG0139b	15	53380320	N:TC[T>C]TC	1	227172.0	2351831348
JG0139b	15	54402792	U:GG[T>G]TA	1	1022472.0	2352853820
JG0139b	15	55138164	N:AG[T>C]GG	1	735372.0	2353589192
JG0139b	15	55300225	T:TC[T>G]CA	1	162061.0	2353751253
JG0139b	15	55671882	U:TC[T>C]TC	-1	371657.0	2354122910
JG0139b	15	55789124	N:CC[T>C]TT	-1	117242.0	2354240152
JG0139b	15	56145860	T:AC[T>G]TT	1	356736.0	2354596888
JG0139b	15	57405327	U:TC[T>G]AT	1	1259467.0	2355856355
JG0139b	15	57551330	N:GC[T>G]CC	1	146003.0	2356002358
JG0139b	15	57706630	T:CG[T>G]TA	-1	155300.0	2356157658
JG0139b	15	57803168	N:TC[T>C]TG	1	96538.0	2356254196
JG0139b	15	58235793	U:AC[T>A]TA	-1	432625.0	2356686821
JG0139b	15	58527478	U:CC[T>C]CC	1	291685.0	2356978506
JG0139b	15	58779077	U:TC[T>G]CT	1	251599.0	2357230105
JG0139b	15	59779348	N:TC[T>G]TG	1	1000271.0	2358230376
JG0139b	15	59881822	N:GG[T>C]CA	-1	102474.0	2358332850
JG0139b	15	59911496	N:GG[T>G]TC	-1	29674.0	2358362524
JG0139b	15	60036068	N:AC[T>G]TT	-1	124572.0	2358487096
JG0139b	15	60768654	U:GC[T>G]TT	-1	732586.0	2359219682
JG0139b	15	61366103	N:CC[T>G]GT	1	597449.0	2359817131
JG0139b	15	61602141	N:AT[T>G]TA	-1	236038.0	2360053169
JG0139b	15	61646292	N:CC[T>A]TC	-1	44151.0	2360097320
JG0139b	15	62248443	N:CC[T>C]CC	1	602151.0	2360699471
JG0139b	15	63369374	U:TC[T>C]TT	-1	1120931.0	2361820402
JG0139b	15	64520695	T:CC[T>C]TT	-1	1151321.0	2362971723
JG0139b	15	64590995	U:TC[T>G]TT	1	70300.0	2363042023
JG0139b	15	64708004	N:CC[T>A]TA	1	117009.0	2363159032
JG0139b	15	64791110	N:AG[T>C]CT	-1	83106.0	2363242138
JG0139b	15	65361333	T:AC[T>G]TG	1	570223.0	2363812361
JG0139b	15	66784915	N:CC[T>A]CA	1	1423582.0	2365235943
JG0139b	15	66999806	N:TC[T>C]AT	1	214891.0	2365450834
JG0139b	15	67002399	N:CC[T>C]TG	1	2593.0	2365453427
JG0139b	15	67330435	T:GC[T>G]TG	-1	328036.0	2365781463
JG0139b	15	67810926	N:AC[T>A]TC	-1	480491.0	2366261954
JG0139b	15	68158466	U:GG[T>G]TA	1	347540.0	2366609494
JG0139b	15	68478548	N:TC[T>C]TC	1	320082.0	2366929576
JG0139b	15	68659733	T:TC[T>G]TG	-1	181185.0	2367110761
JG0139b	15	68795518	U:GT[T>C]TA	-1	135785.0	2367246546
JG0139b	15	69407076	U:TG[T>C]TC	1	611558.0	2367858104
JG0139b	15	71139849	U:CC[T>G]TG	1	1732773.0	2369590877
JG0139b	15	71290195	T:TG[T>C]CT	-1	150346.0	2369741223
JG0139b	15	72333675	N:CC[T>G]TC	1	1043480.0	2370784703
JG0139b	15	72441798	N:TC[T>A]TC	1	108123.0	2370892826
JG0139b	15	73195721	T:TC[T>G]TA	-1	753923.0	2371646749
JG0139b	15	73996818	U:AC[T>G]TC	1	801097.0	2372447846
JG0139b	15	74027319	T:CG[T>G]CA	-1	30501.0	2372478347
JG0139b	15	75530983	U:GC[T>A]TT	-1	1503664.0	2373982011
JG0139b	15	75642155	U:AC[T>G]TT	-1	111172.0	2374093183
JG0139b	15	76814615	U:AT[T>G]TT	-1	1172460.0	2375265643
JG0139b	15	77235541	U:AG[T>G]TT	-1	420926.0	2375686569
JG0139b	15	77270953	T:GC[T>G]TC	1	35412.0	2375721981
JG0139b	15	77331964	U:CC[T>C]CG	-1	61011.0	2375782992
JG0139b	15	78144323	N:AG[T>G]GC	-1	812359.0	2376595351
JG0139b	15	78640210	U:AC[C>G]TC	-1	495887.0	2377091238
JG0139b	15	78689957	N:TT[T>G]TT	1	49747.0	2377140985
JG0139b	15	79384505	U:GC[T>G]TC	1	694548.0	2377835533
JG0139b	15	79390929	U:TG[T>C]CT	1	6424.0	2377841957
JG0139b	15	79972206	N:TC[T>C]CC	1	581277.0	2378423234
JG0139b	15	80169606	U:GC[T>A]CA	1	197400.0	2378620634
JG0139b	15	80850287	U:TC[T>G]TT	1	680681.0	2379301315
JG0139b	15	82117895	N:CT[C>G]TG	-1	1267608.0	2380568923
JG0139b	15	82168122	T:GC[T>G]TT	1	50227.0	2380619150
JG0139b	15	82487462	N:AC[T>A]CA	-1	319340.0	2380938490
JG0139b	15	82585203	U:AG[C>G]AC	-1	97741.0	2381036231
JG0139b	15	82604978	U:CC[T>G]TT	-1	19775.0	2381056006
JG0139b	15	82792946	T:TC[T>G]CA	1	187968.0	2381243974
JG0139b	15	82930858	T:TC[T>C]CT	1	137912.0	2381381886
JG0139b	15	83039882	U:TC[T>A]TT	-1	109024.0	2381490910
JG0139b	15	84130040	N:AG[T>G]TT	1	1090158.0	2382581068
JG0139b	15	84232440	N:GC[T>G]TC	-1	102400.0	2382683468
JG0139b	15	84514102	N:TC[T>A]CT	-1	281662.0	2382965130
JG0139b	15	84598289	N:CC[T>C]AG	-1	84187.0	2383049317
JG0139b	15	85179437	N:GC[T>G]TG	-1	581148.0	2383630465
JG0139b	15	86549492	T:TC[T>C]GC	-1	1370055.0	2385000520
JG0139b	15	86628873	T:CA[T>G]TT	-1	79381.0	2385079901
JG0139b	15	86631478	T:AC[T>G]TG	-1	2605.0	2385082506
JG0139b	15	87171542	N:CT[T>G]TA	-1	540064.0	2385622570
JG0139b	15	87190381	N:AC[T>A]TC	-1	18839.0	2385641409
JG0139b	15	87228739	N:GC[T>C]GC	1	38358.0	2385679767
JG0139b	15	87936283	U:TC[T>G]CC	-1	707544.0	2386387311
JG0139b	15	88315138	N:TC[T>C]CT	1	378855.0	2386766166
JG0139b	15	88804762	T:GC[T>C]CA	-1	489624.0	2387255790
JG0139b	15	89426879	N:CA[C>G]TC	-1	622117.0	2387877907
JG0139b	15	90045512	T:CC[T>A]TG	-1	618633.0	2388496540
JG0139b	15	90378883	N:GC[T>C]CT	1	333371.0	2388829911
JG0139b	15	90624817	T:CC[T>G]TT	-1	245934.0	2389075845
JG0139b	15	90735793	T:AA[T>G]GT	-1	110976.0	2389186821
JG0139b	15	90769754	T:GC[T>G]CT	-1	33961.0	2389220782
JG0139b	15	93006642	T:TC[T>G]TC	-1	2236888.0	2391457670
JG0139b	15	93338273	N:CC[T>G]TC	1	331631.0	2391789301
JG0139b	15	93479320	N:AC[T>C]AG	-1	141047.0	2391930348
JG0139b	15	93933301	N:TT[T>G]TT	-1	453981.0	2392384329
JG0139b	15	94205593	N:GC[T>G]TC	1	272292.0	2392656621
JG0139b	15	95009641	N:AC[T>G]TC	1	804048.0	2393460669
JG0139b	15	95311100	N:GC[T>A]TT	1	301459.0	2393762128
JG0139b	15	95908401	N:AC[T>G]TT	1	597301.0	2394359429
JG0139b	15	96579041	N:TG[T>G]TC	1	670640.0	2395030069
JG0139b	15	96639962	N:AC[T>A]GG	1	60921.0	2395090990
JG0139b	15	97056679	N:TC[T>A]CT	1	416717.0	2395507707
JG0139b	15	97446712	N:GC[T>G]TG	1	390033.0	2395897740
JG0139b	15	98271158	N:CC[T>C]TC	1	824446.0	2396722186
JG0139b	15	98300208	N:AG[T>G]TC	1	29050.0	2396751236
JG0139b	15	98511904	N:AG[T>G]GT	-1	211696.0	2396962932
JG0139b	15	98552303	N:CC[T>C]CT	1	40399.0	2397003331
JG0139b	15	98854757	T:AG[T>A]CA	-1	302454.0	2397305785
JG0139b	15	98994503	U:TT[T>G]TT	-1	139746.0	2397445531
JG0139b	15	99501605	N:TC[T>A]GG	-1	507102.0	2397952633
JG0139b	15	99720588	N:AT[T>G]TA	-1	218983.0	2398171616
JG0139b	15	100165906	U:TC[T>A]GG	-1	445318.0	2398616934
JG0139b	15	100400493	T:CC[T>C]TG	1	234587.0	2398851521
JG0139b	15	100813125	N:TC[T>A]TT	-1	412632.0	2399264153
JG0139b	15	101209250	T:AC[T>A]TG	1	396125.0	2399660278
JG0139b	15	101662301	T:AC[T>G]TA	1	453051.0	2400113329
JG0139b	16	289234	T:TC[T>C]TT	1		2400731451
JG0139b	16	344281	U:AA[T>G]TT	-1	55047.0	2400786498
JG0139b	16	478679	T:CA[T>G]TT	-1	134398.0	2400920896
JG0139b	16	766143	U:CG[T>C]GG	1	287464.0	2401208360
JG0139b	16	1077861	N:CC[T>G]CC	1	311718.0	2401520078
JG0139b	16	1584824	T:GT[T>G]TC	1	506963.0	2402027041
JG0139b	16	1765269	U:TC[T>C]CG	1	180445.0	2402207486
JG0139b	16	2074128	T:CC[T>G]CG	-1	308859.0	2402516345
JG0139b	16	2116001	T:GC[T>C]GA	1	41873.0	2402558218
JG0139b	16	2586653	U:TC[T>C]CA	1	470652.0	2403028870
JG0139b	16	3181012	N:AC[T>C]CA	-1	594359.0	2403623229
JG0139b	16	3655925	T:TG[T>A]CC	-1	474913.0	2404098142
JG0139b	16	3694754	U:CC[T>A]GT	-1	38829.0	2404136971
JG0139b	16	4066320	T:GC[T>C]TT	1	371566.0	2404508537
JG0139b	16	4650353	U:CC[T>C]TT	1	584033.0	2405092570
JG0139b	16	5220764	N:TC[T>G]TC	1	570411.0	2405662981
JG0139b	16	5368227	T:GC[T>G]TC	-1	147463.0	2405810444
JG0139b	16	5756676	U:AT[T>G]TC	1	388449.0	2406198893
JG0139b	16	5975670	U:TC[T>C]TG	1	218994.0	2406417887
JG0139b	16	6147480	T:GC[T>A]TT	-1	171810.0	2406589697
JG0139b	16	6295878	U:CC[T>G]TG	1	148398.0	2406738095
JG0139b	16	6315243	T:GC[T>C]TC	-1	19365.0	2406757460
JG0139b	16	6342010	U:AC[T>G]TA	1	26767.0	2406784227
JG0139b	16	6627341	T:TG[T>A]CC	-1	285331.0	2407069558
JG0139b	16	7451293	T:CC[T>G]TG	-1	823952.0	2407893510
JG0139b	16	7468312	U:GC[T>C]TT	1	17019.0	2407910529
JG0139b	16	8084041	N:CC[T>A]CT	-1	615729.0	2408526258
JG0139b	16	8352626	N:AC[T>A]TT	1	268585.0	2408794843
JG0139b	16	8524033	N:AG[T>C]CT	-1	171407.0	2408966250
JG0139b	16	8593713	N:CC[T>G]TC	-1	69680.0	2409035930
JG0139b	16	8984494	N:CC[T>C]TG	1	390781.0	2409426711
JG0139b	16	9549294	N:GC[T>C]CA	1	564800.0	2409991511
JG0139b	16	9632938	N:CC[T>G]TT	1	83644.0	2410075155
JG0139b	16	9748975	N:TC[T>A]TA	1	116037.0	2410191192
JG0139b	16	9848165	T:TT[T>A]TA	1	99190.0	2410290382
JG0139b	16	9849876	T:TG[T>C]CA	1	1711.0	2410292093
JG0139b	16	10122548	T:GC[T>G]TT	1	272672.0	2410564765
JG0139b	16	11433743	U:GC[T>A]TC	-1	1311195.0	2411875960
JG0139b	16	11495941	U:AG[C>T]CC	-1	62198.0	2411938158
JG0139b	16	11898137	U:GC[T>G]TG	-1	402196.0	2412340354
JG0139b	16	11903801	T:TG[T>G]TT	1	5664.0	2412346018
JG0139b	16	12002912	T:GC[T>C]TA	-1	99111.0	2412445129
JG0139b	16	12700616	T:AC[T>G]CC	1	697704.0	2413142833
JG0139b	16	13318242	N:TG[T>G]TT	1	617626.0	2413760459
JG0139b	16	13328445	N:AC[T>C]CT	1	10203.0	2413770662
JG0139b	16	13328450	N:TG[T>C]CA	1	5.0	2413770667
JG0139b	16	14493022	U:TC[T>G]TT	-1	1164572.0	2414935239
JG0139b	16	14619201	T:CC[T>C]CA	1	126179.0	2415061418
JG0139b	16	14939776	U:TG[T>C]CT	1	320575.0	2415381993
JG0139b	16	14986308	T:AT[T>G]TT	-1	46532.0	2415428525
JG0139b	16	15016624	T:AC[T>G]TC	-1	30316.0	2415458841
JG0139b	16	15618356	B:CC[T>A]TG	1	601732.0	2416060573
JG0139b	16	15782591	T:TC[T>C]CC	1	164235.0	2416224808
JG0139b	16	16631606	N:GC[T>C]CA	-1	849015.0	2417073823
JG0139b	16	16692525	N:TC[T>G]TT	1	60919.0	2417134742
JG0139b	16	16959683	N:AG[T>A]TT	-1	267158.0	2417401900
JG0139b	16	17478047	N:GC[T>G]TG	1	518364.0	2417920264
JG0139b	16	17564978	N:GC[T>C]TA	-1	86931.0	2418007195
JG0139b	16	18259656	N:GC[T>C]TG	1	694678.0	2418701873
JG0139b	16	18431799	U:AC[T>A]TG	-1	172143.0	2418874016
JG0139b	16	18592744	N:TC[T>A]TC	1	160945.0	2419034961
JG0139b	16	19556340	T:CC[C>A]CC	-1	963596.0	2419998557
JG0139b	16	19819892	T:TG[T>G]TT	-1	263552.0	2420262109
JG0139b	16	19828779	T:CC[T>G]TC	-1	8887.0	2420270996
JG0139b	16	19969093	N:GC[T>C]TA	1	140314.0	2420411310
JG0139b	16	20577882	N:CC[T>C]TT	1	608789.0	2421020099
JG0139b	16	20928739	N:GC[T>C]AC	-1	350857.0	2421370956
JG0139b	16	21604707	T:TC[T>C]AA	-1	675968.0	2422046924
JG0139b	16	22137209	U:CA[C>T]CT	1	532502.0	2422579426
JG0139b	16	23228797	N:CC[T>C]CA	-1	1091588.0	2423671014
JG0139b	16	23297648	N:TC[T>G]TT	-1	68851.0	2423739865
JG0139b	16	24293755	U:TC[T>C]CA	1	996107.0	2424735972
JG0139b	16	24527742	N:TC[T>C]TG	1	233987.0	2424969959
JG0139b	16	25394353	N:GC[T>C]TG	1	866611.0	2425836570
JG0139b	16	25740479	U:AC[T>C]CC	1	346126.0	2426182696
JG0139b	16	26357893	N:CC[T>G]TA	1	617414.0	2426800110
JG0139b	16	26498661	N:TC[T>A]CC	-1	140768.0	2426940878
JG0139b	16	26600925	N:TC[T>C]TT	-1	102264.0	2427043142
JG0139b	16	26695421	N:AC[T>C]CT	-1	94496.0	2427137638
JG0139b	16	26993415	N:CC[T>G]CT	1	297994.0	2427435632
JG0139b	16	27337276	T:AC[T>G]TA	-1	343861.0	2427779493
JG0139b	16	27825133	U:TC[T>C]CG	-1	487857.0	2428267350
JG0139b	16	28899160	T:AG[T>G]CT	-1	1074027.0	2429341377
JG0139b	16	28956228	T:CT[T>G]GG	-1	57068.0	2429398445
JG0139b	16	29278024	N:TC[T>A]CA	1	321796.0	2429720241
JG0139b	16	29675624	T:CC[T>A]CC	-1	397600.0	2430117841
JG0139b	16	29913692	U:AC[T>G]TG	-1	238068.0	2430355909
JG0139b	16	30049343	U:GC[T>A]GC	-1	135651.0	2430491560
JG0139b	16	30104350	N:TC[T>G]TC	-1	55007.0	2430546567
JG0139b	16	30164001	N:GC[T>C]TG	-1	59651.0	2430606218
JG0139b	16	30214080	N:GC[T>G]TT	1	50079.0	2430656297
JG0139b	16	30517251	T:TC[T>C]CA	-1	303171.0	2430959468
JG0139b	16	30554346	T:CC[T>C]GT	1	37095.0	2430996563
JG0139b	16	30564921	N:AC[T>G]TT	1	10575.0	2431007138
JG0139b	16	30751293	U:TC[T>C]TC	1	186372.0	2431193510
JG0139b	16	31834976	N:TG[T>C]CT	-1	1083683.0	2432277193
JG0139b	16	32304093	N:TG[T>A]CG	1	469117.0	2432746310
JG0139b	16	32415105	N:GC[T>G]TC	1	111012.0	2432857322
JG0139b	16	32488380	N:GC[T>A]CC	-1	73275.0	2432930597
JG0139b	16	33550956	N:CC[T>C]CA	-1	1062576.0	2433993173
JG0139b	16	33630742	N:AA[T>G]TC	1	79786.0	2434072959
JG0139b	16	35598990	N:AC[T>A]TT	1	1968248.0	2436041207
JG0139b	16	36171970	N:TC[T>A]TT	1	572980.0	2436614187
JG0139b	16	36937749	N:GC[T>C]CT	-1	765779.0	2437379966
JG0139b	16	37134681	N:TT[T>G]TC	-1	196932.0	2437576898
JG0139b	16	37390726	N:GC[T>C]TT	1	256045.0	2437832943
JG0139b	16	37439162	N:AG[T>G]TT	-1	48436.0	2437881379
JG0139b	16	37566445	N:TG[C>T]GT	1	127283.0	2438008662
JG0139b	16	46513673	N:AC[T>G]CT	-1	8947228.0	2446955890
JG0139b	16	46748561	T:GG[T>A]TC	1	234888.0	2447190778
JG0139b	16	47104970	T:CC[T>G]TG	1	356409.0	2447547187
JG0139b	16	47250059	U:TC[T>C]TA	-1	145089.0	2447692276
JG0139b	16	47370979	T:AG[T>A]TA	1	120920.0	2447813196
JG0139b	16	47517703	U:GC[T>G]TA	1	146724.0	2447959920
JG0139b	16	48406130	N:AC[T>C]CA	1	888427.0	2448848347
JG0139b	16	48543929	U:CT[T>G]TG	-1	137799.0	2448986146
JG0139b	16	48724058	N:CC[T>G]TG	-1	180129.0	2449166275
JG0139b	16	48798243	N:CC[T>C]TT	-1	74185.0	2449240460
JG0139b	16	49011970	N:TC[T>A]CT	-1	213727.0	2449454187
JG0139b	16	49061081	N:AG[T>G]TA	-1	49111.0	2449503298
JG0139b	16	49228027	N:CC[T>C]AA	1	166946.0	2449670244
JG0139b	16	49761544	T:AC[T>A]CA	1	533517.0	2450203761
JG0139b	16	49813739	T:GC[T>C]TC	1	52195.0	2450255956
JG0139b	16	50245898	N:GC[T>C]CG	-1	432159.0	2450688115
JG0139b	16	50268869	U:TC[T>C]CT	1	22971.0	2450711086
JG0139b	16	50288497	T:TC[T>A]CA	-1	19628.0	2450730714
JG0139b	16	50603394	T:TC[T>G]TC	-1	314897.0	2451045611
JG0139b	16	51075613	N:TC[T>C]CT	-1	472219.0	2451517830
JG0139b	16	51549381	N:GC[T>C]CA	-1	473768.0	2451991598
JG0139b	16	51549792	N:TC[T>C]TT	-1	411.0	2451992009
JG0139b	16	51711732	N:GC[T>A]TT	-1	161940.0	2452153949
JG0139b	16	52357651	N:TC[T>C]TA	1	645919.0	2452799868
JG0139b	16	52411545	N:AC[T>A]CA	-1	53894.0	2452853762
JG0139b	16	52557696	N:CC[T>C]TG	-1	146151.0	2452999913
JG0139b	16	53204431	U:GC[T>C]TC	1	646735.0	2453646648
JG0139b	16	53714960	U:AC[T>C]TT	1	510529.0	2454157177
JG0139b	16	53928667	U:TT[T>A]TA	1	213707.0	2454370884
JG0139b	16	53971988	U:AC[T>C]CT	1	43321.0	2454414205
JG0139b	16	54052199	T:AC[T>C]CA	-1	80211.0	2454494416
JG0139b	16	54067131	U:GG[T>G]TG	1	14932.0	2454509348
JG0139b	16	54740142	N:CC[T>G]TT	1	673011.0	2455182359
JG0139b	16	55288806	N:CC[T>A]TT	1	548664.0	2455731023
JG0139b	16	55426441	T:AC[T>G]TC	-1	137635.0	2455868658
JG0139b	16	55993901	N:TT[C>A]TA	1	567460.0	2456436118
JG0139b	16	56322153	U:CC[T>A]CC	1	328252.0	2456764370
JG0139b	16	56739813	U:CC[T>C]CA	1	417660.0	2457182030
JG0139b	16	56812148	U:AC[T>G]TG	1	72335.0	2457254365
JG0139b	16	57168928	T:TC[T>C]CA	1	356780.0	2457611145
JG0139b	16	57628835	T:CC[T>A]TC	-1	459907.0	2458071052
JG0139b	16	58000452	U:GC[T>C]CT	1	371617.0	2458442669
JG0139b	16	58016961	T:GC[T>C]CC	-1	16509.0	2458459178
JG0139b	16	58430815	N:TC[T>C]CT	1	413854.0	2458873032
JG0139b	16	58946832	N:AC[T>A]TT	-1	516017.0	2459389049
JG0139b	16	59641780	N:TG[T>G]TT	1	694948.0	2460083997
JG0139b	16	60199959	N:TC[T>C]TT	-1	558179.0	2460642176
JG0139b	16	60412144	N:AA[T>A]TA	1	212185.0	2460854361
JG0139b	16	61196751	N:TC[T>C]TT	1	784607.0	2461638968
JG0139b	16	61712317	T:CC[T>C]TA	1	515566.0	2462154534
JG0139b	16	62080623	N:TC[T>G]CT	1	368306.0	2462522840
JG0139b	16	62368465	N:TC[T>C]TA	1	287842.0	2462810682
JG0139b	16	62465287	N:TC[T>G]TT	-1	96822.0	2462907504
JG0139b	16	62748749	N:AC[T>C]TT	1	283462.0	2463190966
JG0139b	16	62828488	N:TC[T>C]TG	-1	79739.0	2463270705
JG0139b	16	62877644	N:AC[T>G]TA	-1	49156.0	2463319861
JG0139b	16	63096590	N:CC[T>G]TC	1	218946.0	2463538807
JG0139b	16	63597538	N:GT[C>A]AC	1	500948.0	2464039755
JG0139b	16	64023113	N:TC[T>G]TT	1	425575.0	2464465330
JG0139b	16	64025431	N:AG[T>G]TA	1	2318.0	2464467648
JG0139b	16	64263263	N:TA[T>G]TT	-1	237832.0	2464705480
JG0139b	16	64422451	N:AC[T>A]TA	1	159188.0	2464864668
JG0139b	16	64571649	N:GA[C>A]TG	-1	149198.0	2465013866
JG0139b	16	64737277	N:AC[T>C]CC	1	165628.0	2465179494
JG0139b	16	65762799	N:AC[T>C]CC	-1	1025522.0	2466205016
JG0139b	16	66010225	N:GG[T>C]CC	-1	247426.0	2466452442
JG0139b	16	66207552	N:GC[T>C]TG	-1	197327.0	2466649769
JG0139b	16	68182296	T:AC[T>G]TT	-1	1974744.0	2468624513
JG0139b	16	68829990	U:AC[T>C]CT	1	647694.0	2469272207
JG0139b	16	69189429	T:GT[T>C]CA	-1	359439.0	2469631646
JG0139b	16	69829690	U:TG[T>G]TA	1	640261.0	2470271907
JG0139b	16	70116902	U:CC[T>C]TT	1	287212.0	2470559119
JG0139b	16	70374504	N:TC[T>G]CT	1	257602.0	2470816721
JG0139b	16	70607643	U:GG[T>C]TA	1	233139.0	2471049860
JG0139b	16	70670238	T:AC[T>C]CC	1	62595.0	2471112455
JG0139b	16	70901209	U:TC[T>C]CT	-1	230971.0	2471343426
JG0139b	16	71240993	N:TC[T>C]TC	-1	339784.0	2471683210
JG0139b	16	71263235	N:TG[T>G]GA	-1	22242.0	2471705452
JG0139b	16	71602715	N:AC[T>C]CT	1	339480.0	2472044932
JG0139b	16	72032752	N:AC[T>G]TT	-1	430037.0	2472474969
JG0139b	16	72630841	N:TC[T>G]CT	-1	598089.0	2473073058
JG0139b	16	73038417	T:AC[T>A]CA	1	407576.0	2473480634
JG0139b	16	73626957	T:AC[T>C]TC	1	588540.0	2474069174
JG0139b	16	73834340	T:GG[T>G]TA	1	207383.0	2474276557
JG0139b	16	73876618	T:AC[T>G]TG	1	42278.0	2474318835
JG0139b	16	73921449	N:GC[T>A]TC	1	44831.0	2474363666
JG0139b	16	75267524	U:GC[T>A]CC	-1	1346075.0	2475709741
JG0139b	16	75299381	U:GA[T>C]TT	-1	31857.0	2475741598
JG0139b	16	75334578	T:TC[T>G]TG	1	35197.0	2475776795
JG0139b	16	75470779	N:GT[T>G]TT	1	136201.0	2475912996
JG0139b	16	76422905	U:AC[T>G]TC	1	952126.0	2476865122
JG0139b	16	76724538	N:GC[T>G]TT	-1	301633.0	2477166755
JG0139b	16	77204986	T:AC[T>A]GC	-1	480448.0	2477647203
JG0139b	16	77623118	N:CC[T>C]TT	1	418132.0	2478065335
JG0139b	16	78036732	N:AC[T>C]TC	-1	413614.0	2478478949
JG0139b	16	78094363	N:TC[T>A]GG	1	57631.0	2478536580
JG0139b	16	78498703	U:GT[T>G]TT	1	404340.0	2478940920
JG0139b	16	78667936	U:AC[T>G]CT	1	169233.0	2479110153
JG0139b	16	79146155	T:AC[T>C]TC	-1	478219.0	2479588372
JG0139b	16	79197167	U:CC[T>C]TC	1	51012.0	2479639384
JG0139b	16	79367931	N:TC[T>C]TT	-1	170764.0	2479810148
JG0139b	16	79774769	N:TC[T>G]TC	1	406838.0	2480216986
JG0139b	16	80930149	N:CC[T>C]GT	1	1155380.0	2481372366
JG0139b	16	81061264	T:TG[T>A]TT	1	131115.0	2481503481
JG0139b	16	81181260	N:AG[T>G]TC	1	119996.0	2481623477
JG0139b	16	81530504	T:AC[T>A]CA	-1	349244.0	2481972721
JG0139b	16	82695394	U:TC[T>C]TT	1	1164890.0	2483137611
JG0139b	16	82947350	T:TC[T>C]TG	-1	251956.0	2483389567
JG0139b	16	83099509	T:TC[T>A]CT	-1	152159.0	2483541726
JG0139b	16	83197987	U:TA[T>G]TG	1	98478.0	2483640204
JG0139b	16	83654289	T:GC[T>G]TA	-1	456302.0	2484096506
JG0139b	16	83764296	T:CC[T>A]TT	-1	110007.0	2484206513
JG0139b	16	84249679	N:CC[T>C]TC	1	485383.0	2484691896
JG0139b	16	84636359	N:AC[T>A]CT	1	386680.0	2485078576
JG0139b	16	84861112	U:TC[T>A]CC	1	224753.0	2485303329
JG0139b	16	85072256	T:CC[T>C]TG	-1	211144.0	2485514473
JG0139b	16	85423002	U:CA[C>G]CA	1	350746.0	2485865219
JG0139b	16	86067954	N:CC[T>C]CC	1	644952.0	2486510171
JG0139b	16	86329829	N:TC[T>C]TT	1	261875.0	2486772046
JG0139b	16	86903128	N:TC[T>C]TG	1	573299.0	2487345345
JG0139b	16	87502416	N:TG[T>G]CT	1	599288.0	2487944633
JG0139b	16	87665208	T:CC[T>A]GT	-1	162792.0	2488107425
JG0139b	16	87666790	U:CC[T>C]TG	1	1582.0	2488109007
JG0139b	16	87910611	T:AC[T>A]CT	1	243821.0	2488352828
JG0139b	16	88055553	U:CC[T>A]TC	1	144942.0	2488497770
JG0139b	16	89108120	T:TC[T>A]TT	-1	1052567.0	2489550337
JG0139b	16	89394530	U:CC[T>C]CA	-1	286410.0	2489836747
JG0139b	16	89533195	U:AG[T>C]CT	1	138665.0	2489975412
JG0139b	17	189312	N:GC[T>G]TT	-1		2490969874
JG0139b	17	316504	T:TC[T>C]GT	1	127192.0	2491097066
JG0139b	17	553546	T:CG[T>G]TT	1	237042.0	2491334108
JG0139b	17	864881	U:GG[T>G]TC	-1	311335.0	2491645443
JG0139b	17	958811	U:AC[T>G]AC	-1	93930.0	2491739373
JG0139b	17	1401048	N:CC[T>G]TG	-1	442237.0	2492181610
JG0139b	17	1402795	N:CC[T>C]TC	1	1747.0	2492183357
JG0139b	17	1820091	U:AC[T>C]TT	-1	417296.0	2492600653
JG0139b	17	1841384	T:GG[T>G]TG	-1	21293.0	2492621946
JG0139b	17	1849139	T:TG[T>G]TG	-1	7755.0	2492629701
JG0139b	17	1900184	N:AC[T>C]CC	-1	51045.0	2492680746
JG0139b	17	1979072	U:TC[T>G]TG	-1	78888.0	2492759634
JG0139b	17	2380043	T:TC[T>C]CC	-1	400971.0	2493160605
JG0139b	17	3217237	U:TC[T>C]TC	1	837194.0	2493997799
JG0139b	17	3262116	N:CC[T>C]TC	1	44879.0	2494042678
JG0139b	17	3804463	T:GC[T>G]TG	1	542347.0	2494585025
JG0139b	17	3985231	N:GC[T>A]CA	1	180768.0	2494765793
JG0139b	17	4143216	T:TG[T>C]CA	-1	157985.0	2494923778
JG0139b	17	4249656	T:AC[C>T]AA	1	106440.0	2495030218
JG0139b	17	4301513	U:CC[T>C]GC	-1	51857.0	2495082075
JG0139b	17	4324900	U:GG[T>A]TT	-1	23387.0	2495105462
JG0139b	17	4505102	T:AG[T>G]TA	-1	180202.0	2495285664
JG0139b	17	4843395	U:GC[T>C]TG	1	338293.0	2495623957
JG0139b	17	4860963	U:CC[T>A]CC	1	17568.0	2495641525
JG0139b	17	4861483	U:TC[T>A]CC	1	520.0	2495642045
JG0139b	17	4955693	U:AC[T>G]TG	1	94210.0	2495736255
JG0139b	17	5152255	T:TT[T>G]TT	-1	196562.0	2495932817
JG0139b	17	5538646	U:AC[T>G]GA	-1	386391.0	2496319208
JG0139b	17	5654635	N:TC[T>G]TA	1	115989.0	2496435197
JG0139b	17	6148733	N:TC[T>A]CT	1	494098.0	2496929295
JG0139b	17	6474165	T:CA[C>A]CG	1	325432.0	2497254727
JG0139b	17	6945830	N:TC[T>C]CA	-1	471665.0	2497726392
JG0139b	17	6969097	N:TC[T>C]TT	1	23267.0	2497749659
JG0139b	17	7019278	N:TC[T>C]TG	-1	50181.0	2497799840
JG0139b	17	7151194	N:CC[T>C]GT	-1	131916.0	2497931756
JG0139b	17	7281867	T:AC[T>A]CC	-1	130673.0	2498062429
JG0139b	17	7710671	T:TC[T>G]TA	-1	428804.0	2498491233
JG0139b	17	8560222	U:AT[T>C]TA	-1	849551.0	2499340784
JG0139b	17	8594228	U:CC[T>A]TT	-1	34006.0	2499374790
JG0139b	17	8634918	N:AC[T>G]TC	-1	40690.0	2499415480
JG0139b	17	8971126	N:GG[T>A]TT	1	336208.0	2499751688
JG0139b	17	9044235	U:AC[T>C]TT	1	73109.0	2499824797
JG0139b	17	9511586	U:CC[T>A]TC	-1	467351.0	2500292148
JG0139b	17	9584899	T:CC[T>C]TG	-1	73313.0	2500365461
JG0139b	17	9640894	U:AC[T>G]CG	1	55995.0	2500421456
JG0139b	17	9753760	N:CC[T>C]CA	-1	112866.0	2500534322
JG0139b	17	9848059	U:AC[T>G]TT	1	94299.0	2500628621
JG0139b	17	9908685	N:TC[T>A]CC	-1	60626.0	2500689247
JG0139b	17	10130977	U:AG[T>C]GT	-1	222292.0	2500911539
JG0139b	17	10170372	U:TG[T>G]GT	-1	39395.0	2500950934
JG0139b	17	10295289	N:TC[T>C]CC	-1	124917.0	2501075851
JG0139b	17	11172215	N:AG[T>C]CT	-1	876926.0	2501952777
JG0139b	17	11533186	T:TG[T>G]TT	-1	360971.0	2502313748
JG0139b	17	11623282	U:TC[T>C]TT	1	90096.0	2502403844
JG0139b	17	11657973	U:CC[T>G]TT	1	34691.0	2502438535
JG0139b	17	11876720	U:TG[T>G]TT	1	218747.0	2502657282
JG0139b	17	12523036	N:TC[C>T]TC	-1	646316.0	2503303598
JG0139b	17	13009224	T:TC[T>C]TG	1	486188.0	2503789786
JG0139b	17	13223936	N:TC[T>C]GG	1	214712.0	2504004498
JG0139b	17	13483150	N:CC[T>G]TC	-1	259214.0	2504263712
JG0139b	17	13507053	U:GC[T>G]TT	-1	23903.0	2504287615
JG0139b	17	13829888	N:TC[T>C]CC	1	322835.0	2504610450
JG0139b	17	13980690	N:TC[T>G]TT	1	150802.0	2504761252
JG0139b	17	14041195	N:TC[T>G]TT	1	60505.0	2504821757
JG0139b	17	14332362	U:GC[T>G]TT	1	291167.0	2505112924
JG0139b	17	15094184	N:GC[T>G]TT	-1	761822.0	2505874746
JG0139b	17	15222015	N:AC[T>G]AA	-1	127831.0	2506002577
JG0139b	17	15357644	N:TG[C>A]TT	-1	135629.0	2506138206
JG0139b	17	15395882	N:CC[T>C]CC	1	38238.0	2506176444
JG0139b	17	15504586	U:CC[T>C]GT	-1	108704.0	2506285148
JG0139b	17	15618085	T:AC[T>G]TT	1	113499.0	2506398647
JG0139b	17	15636952	U:CA[T>A]TC	-1	18867.0	2506417514
JG0139b	17	15908226	N:AC[T>C]AC	1	271274.0	2506688788
JG0139b	17	15940864	N:CC[T>C]CA	-1	32638.0	2506721426
JG0139b	17	16510439	N:AC[T>G]TG	-1	569575.0	2507291001
JG0139b	17	16514249	N:TC[T>G]TC	1	3810.0	2507294811
JG0139b	17	16713970	T:AC[T>G]TG	-1	199721.0	2507494532
JG0139b	17	18013410	T:TC[T>G]GT	-1	1299440.0	2508793972
JG0139b	17	18227908	U:GC[C>T]CC	1	214498.0	2509008470
JG0139b	17	18379298	T:GC[T>C]TT	-1	151390.0	2509159860
JG0139b	17	18436273	N:TT[T>G]TC	1	56975.0	2509216835
JG0139b	17	18631326	N:TC[T>C]TC	1	195053.0	2509411888
JG0139b	17	19183656	N:TG[T>G]TA	-1	552330.0	2509964218
JG0139b	17	19411466	T:AC[T>A]TG	-1	227810.0	2510192028
JG0139b	17	19646335	N:AT[T>G]TT	-1	234869.0	2510426897
JG0139b	17	19776113	T:AC[T>C]CT	1	129778.0	2510556675
JG0139b	17	20680135	N:CC[T>A]GG	1	904022.0	2511460697
JG0139b	17	20885894	U:GC[T>G]TA	-1	205759.0	2511666456
JG0139b	17	21036817	T:TG[T>G]TT	1	150923.0	2511817379
JG0139b	17	21087023	N:AA[T>G]TA	1	50206.0	2511867585
JG0139b	17	21100382	N:GC[T>G]CA	-1	13359.0	2511880944
JG0139b	17	21867731	N:AC[T>C]CG	-1	767349.0	2512648293
JG0139b	17	22199484	N:AC[T>G]CA	-1	331753.0	2512980046
JG0139b	17	22456655	N:GG[T>C]TT	1	257171.0	2513237217
JG0139b	17	22543012	N:TC[T>A]TC	-1	86357.0	2513323574
JG0139b	17	22584333	N:AG[T>G]TT	-1	41321.0	2513364895
JG0139b	17	22955572	N:CC[T>G]TT	-1	371239.0	2513736134
JG0139b	17	23314621	N:CG[T>G]TG	1	359049.0	2514095183
JG0139b	17	23410010	N:CA[T>G]TC	1	95389.0	2514190572
JG0139b	17	23498476	N:AC[T>G]CT	1	88466.0	2514279038
JG0139b	17	23866780	N:TC[T>G]TT	1	368304.0	2514647342
JG0139b	17	24019710	N:AC[T>C]AA	1	152930.0	2514800272
JG0139b	17	24083976	N:CC[T>G]TT	-1	64266.0	2514864538
JG0139b	17	24328700	N:TC[T>C]TC	1	244724.0	2515109262
JG0139b	17	24349679	N:CG[T>G]TG	1	20979.0	2515130241
JG0139b	17	24418242	N:GC[T>C]TT	1	68563.0	2515198804
JG0139b	17	24612438	N:CA[T>G]TC	1	194196.0	2515393000
JG0139b	17	24675766	N:AG[T>G]TG	1	63328.0	2515456328
JG0139b	17	24778949	N:AC[T>G]TG	-1	103183.0	2515559511
JG0139b	17	25027193	N:CA[T>G]TC	1	248244.0	2515807755
JG0139b	17	25135617	N:GG[T>G]TC	-1	108424.0	2515916179
JG0139b	17	25451084	N:AG[T>C]GG	1	315467.0	2516231646
JG0139b	17	25485103	N:AC[T>C]TT	1	34019.0	2516265665
JG0139b	17	25493922	N:GG[T>G]TC	-1	8819.0	2516274484
JG0139b	17	25594873	N:GC[T>G]TC	-1	100951.0	2516375435
JG0139b	17	25688274	N:GC[T>C]TG	1	93401.0	2516468836
JG0139b	17	25942650	N:TC[T>G]GT	-1	254376.0	2516723212
JG0139b	17	26203662	N:AC[T>A]CT	1	261012.0	2516984224
JG0139b	17	26296100	N:AG[T>G]TG	1	92438.0	2517076662
JG0139b	17	26491678	N:TG[T>G]TT	-1	195578.0	2517272240
JG0139b	17	26492826	N:AC[T>C]CA	1	1148.0	2517273388
JG0139b	17	26498234	N:TC[T>G]TC	1	5408.0	2517278796
JG0139b	17	26559610	N:AC[T>C]TG	-1	61376.0	2517340172
JG0139b	17	26778549	N:TG[T>G]TC	1	218939.0	2517559111
JG0139b	17	26869140	N:CA[T>G]TC	-1	90591.0	2517649702
JG0139b	17	27012662	N:TC[T>G]TC	-1	143522.0	2517793224
JG0139b	17	27052267	N:TG[T>C]GT	-1	39605.0	2517832829
JG0139b	17	27738364	N:AA[C>A]TA	-1	686097.0	2518518926
JG0139b	17	27790657	U:CC[T>G]TG	-1	52293.0	2518571219
JG0139b	17	28347840	U:AG[T>G]TT	-1	557183.0	2519128402
JG0139b	17	28356210	T:TC[T>G]TG	1	8370.0	2519136772
JG0139b	17	28920295	T:TC[T>C]TG	1	564085.0	2519700857
JG0139b	17	29072809	U:CC[T>G]TC	-1	152514.0	2519853371
JG0139b	17	29230935	N:AG[T>C]TC	1	158126.0	2520011497
JG0139b	17	29300279	N:TC[T>G]TT	1	69344.0	2520080841
JG0139b	17	29684132	T:TC[T>C]TT	1	383853.0	2520464694
JG0139b	17	29745747	U:TC[T>C]TT	-1	61615.0	2520526309
JG0139b	17	29837127	U:GC[T>C]TG	-1	91380.0	2520617689
JG0139b	17	30022977	T:GG[T>G]TT	-1	185850.0	2520803539
JG0139b	17	30072969	U:TT[T>G]TG	1	49992.0	2520853531
JG0139b	17	30303985	N:TG[T>G]TC	1	231016.0	2521084547
JG0139b	17	30597313	N:TC[T>G]CA	-1	293328.0	2521377875
JG0139b	17	30669057	N:TC[T>C]TT	-1	71744.0	2521449619
JG0139b	17	30862868	T:AC[T>A]CA	-1	193811.0	2521643430
JG0139b	17	30918795	N:CC[T>G]CC	-1	55927.0	2521699357
JG0139b	17	31620095	N:TC[T>G]CA	1	701300.0	2522400657
JG0139b	17	31702044	N:CC[T>C]GT	-1	81949.0	2522482606
JG0139b	17	31760216	N:TC[T>C]TA	1	58172.0	2522540778
JG0139b	17	31842335	N:AC[T>A]TC	1	82119.0	2522622897
JG0139b	17	31881446	T:TC[T>C]TT	1	39111.0	2522662008
JG0139b	17	32139069	N:CC[T>A]AG	1	257623.0	2522919631
JG0139b	17	32449330	T:CC[T>A]CG	-1	310261.0	2523229892
JG0139b	17	32460966	T:TC[T>G]TC	-1	11636.0	2523241528
JG0139b	17	32957845	N:CA[T>C]CT	1	496879.0	2523738407
JG0139b	17	33211333	T:GC[T>G]TC	1	253488.0	2523991895
JG0139b	17	33421794	T:CC[T>C]TC	1	210461.0	2524202356
JG0139b	17	33643763	T:TG[T>A]TG	1	221969.0	2524424325
JG0139b	17	33873329	U:AC[T>A]TA	-1	229566.0	2524653891
JG0139b	17	33894759	T:CC[T>G]TA	1	21430.0	2524675321
JG0139b	17	34700237	N:TC[T>A]CC	-1	805478.0	2525480799
JG0139b	17	34715016	N:AC[T>G]TT	1	14779.0	2525495578
JG0139b	17	34988556	T:CC[T>G]CC	-1	273540.0	2525769118
JG0139b	17	35101914	T:TA[T>G]TT	1	113358.0	2525882476
JG0139b	17	35226286	N:TA[T>G]TA	1	124372.0	2526006848
JG0139b	17	35381921	N:AC[T>G]CT	-1	155635.0	2526162483
JG0139b	17	35466747	N:CC[T>C]TT	1	84826.0	2526247309
JG0139b	17	35857651	B:CT[C>G]GG	1	390904.0	2526638213
JG0139b	17	35883786	N:TC[T>C]TA	-1	26135.0	2526664348
JG0139b	17	36001023	T:AC[T>G]TA	1	117237.0	2526781585
JG0139b	17	36087177	N:GC[T>C]TA	-1	86154.0	2526867739
JG0139b	17	36382315	T:AC[T>G]TT	1	295138.0	2527162877
JG0139b	17	36451116	N:GC[T>C]CT	1	68801.0	2527231678
JG0139b	17	36475096	N:CC[T>C]TC	1	23980.0	2527255658
JG0139b	17	36513523	T:AG[T>G]TC	1	38427.0	2527294085
JG0139b	17	36591387	N:AC[T>A]TA	1	77864.0	2527371949
JG0139b	17	36596167	U:TT[T>G]TT	1	4780.0	2527376729
JG0139b	17	36619469	N:GG[T>C]CT	-1	23302.0	2527400031
JG0139b	17	36752767	N:CC[T>C]TA	1	133298.0	2527533329
JG0139b	17	36764141	N:TG[T>G]TA	1	11374.0	2527544703
JG0139b	17	36855685	N:CC[T>C]CC	-1	91544.0	2527636247
JG0139b	17	36875938	N:TC[T>G]CC	1	20253.0	2527656500
JG0139b	17	37166153	U:TC[T>G]TA	-1	290215.0	2527946715
JG0139b	17	37295434	U:TG[T>C]TC	-1	129281.0	2528075996
JG0139b	17	37967066	N:AC[T>A]GT	-1	671632.0	2528747628
JG0139b	17	38052758	N:TC[T>C]TT	1	85692.0	2528833320
JG0139b	17	38120107	N:AC[T>C]GG	1	67349.0	2528900669
JG0139b	17	38162005	N:CC[T>C]AC	1	41898.0	2528942567
JG0139b	17	38667363	N:CC[T>G]TG	-1	505358.0	2529447925
JG0139b	17	38673050	T:CC[T>C]CC	1	5687.0	2529453612
JG0139b	17	38792772	U:TC[T>C]CT	-1	119722.0	2529573334
JG0139b	17	38895648	U:TC[T>G]TA	1	102876.0	2529676210
JG0139b	17	39030195	N:GC[T>G]TC	-1	134547.0	2529810757
JG0139b	17	39364588	U:TC[T>C]CC	-1	334393.0	2530145150
JG0139b	17	39406907	T:TC[T>G]TC	1	42319.0	2530187469
JG0139b	17	39461176	N:AG[T>G]TA	1	54269.0	2530241738
JG0139b	17	39533643	T:GC[T>C]TA	-1	72467.0	2530314205
JG0139b	17	39680799	T:CC[T>G]TC	1	147156.0	2530461361
JG0139b	17	40114197	N:CC[T>A]CC	-1	433398.0	2530894759
JG0139b	17	40126006	U:TC[T>C]CT	1	11809.0	2530906568
JG0139b	17	40354567	U:TC[T>G]TC	1	228561.0	2531135129
JG0139b	17	40458709	N:TC[T>G]CC	-1	104142.0	2531239271
JG0139b	17	40770924	T:CC[T>C]CA	1	312215.0	2531551486
JG0139b	17	41009152	N:TC[T>G]TA	1	238228.0	2531789714
JG0139b	17	41365033	T:GC[T>G]GC	1	355881.0	2532145595
JG0139b	17	41431621	N:TG[T>G]TG	-1	66588.0	2532212183
JG0139b	17	41508410	N:TC[T>C]GA	1	76789.0	2532288972
JG0139b	17	41625078	N:CC[T>G]TG	1	116668.0	2532405640
JG0139b	17	41979043	T:TC[T>C]TA	1	353965.0	2532759605
JG0139b	17	42333774	U:TC[T>G]TT	-1	354731.0	2533114336
JG0139b	17	42336012	T:TC[T>C]TT	1	2238.0	2533116574
JG0139b	17	42460023	U:TG[T>C]CT	1	124011.0	2533240585
JG0139b	17	42649111	N:AC[T>C]CT	-1	189088.0	2533429673
JG0139b	17	43242982	U:TC[T>A]TC	-1	593871.0	2534023544
JG0139b	17	43282351	T:TG[T>G]TT	1	39369.0	2534062913
JG0139b	17	43339474	N:AC[T>C]TG	1	57123.0	2534120036
JG0139b	17	43627794	N:CC[T>G]TC	-1	288320.0	2534408356
JG0139b	17	43937271	N:GC[T>G]CT	1	309477.0	2534717833
JG0139b	17	44486856	T:TA[T>G]TA	1	549585.0	2535267418
JG0139b	17	44674293	B:TC[T>C]TT	1	187437.0	2535454855
JG0139b	17	45087432	U:GA[T>G]TT	1	413139.0	2535867994
JG0139b	17	45311122	T:CC[T>G]TG	1	223690.0	2536091684
JG0139b	17	45509623	N:CC[T>C]GG	-1	198501.0	2536290185
JG0139b	17	45596377	N:AG[T>G]TG	1	86754.0	2536376939
JG0139b	17	45827197	T:GC[T>A]GT	-1	230820.0	2536607759
JG0139b	17	46151541	T:CC[T>G]TC	1	324344.0	2536932103
JG0139b	17	46227130	N:AC[T>A]CT	-1	75589.0	2537007692
JG0139b	17	46277120	U:GC[T>G]TA	-1	49990.0	2537057682
JG0139b	17	47011192	N:CC[T>A]TA	-1	734072.0	2537791754
JG0139b	17	47043930	N:TA[C>A]TC	1	32738.0	2537824492
JG0139b	17	47212581	U:GC[T>G]TT	1	168651.0	2537993143
JG0139b	17	48175262	U:TC[T>C]TT	-1	962681.0	2538955824
JG0139b	17	48269139	T:TC[T>C]TG	1	93877.0	2539049701
JG0139b	17	48416017	U:AC[T>G]TT	-1	146878.0	2539196579
JG0139b	17	48477515	N:CC[T>G]CT	1	61498.0	2539258077
JG0139b	17	48505642	N:AC[T>A]CT	-1	28127.0	2539286204
JG0139b	17	48628956	N:CC[T>G]TC	-1	123314.0	2539409518
JG0139b	17	48659607	N:AC[T>G]TG	-1	30651.0	2539440169
JG0139b	17	48781964	T:TC[T>C]CA	1	122357.0	2539562526
JG0139b	17	48870266	N:AC[T>A]GG	-1	88302.0	2539650828
JG0139b	17	49051729	U:TC[T>A]CT	1	181463.0	2539832291
JG0139b	17	49119773	N:CC[T>C]TT	1	68044.0	2539900335
JG0139b	17	49330497	U:CC[T>G]AA	-1	210724.0	2540111059
JG0139b	17	49478824	N:GC[T>A]CA	1	148327.0	2540259386
JG0139b	17	49693979	N:CC[T>C]TC	1	215155.0	2540474541
JG0139b	17	49900264	N:TA[T>G]TC	1	206285.0	2540680826
JG0139b	17	50071691	U:TG[T>G]GG	1	171427.0	2540852253
JG0139b	17	50085654	T:AG[T>A]TC	-1	13963.0	2540866216
JG0139b	17	50267619	N:CC[T>G]TA	-1	181965.0	2541048181
JG0139b	17	50306684	N:GC[T>C]GG	-1	39065.0	2541087246
JG0139b	17	51087692	U:GC[T>G]TG	-1	781008.0	2541868254
JG0139b	17	51195721	T:CT[T>G]TG	1	108029.0	2541976283
JG0139b	17	51305131	N:GC[T>G]TC	-1	109410.0	2542085693
JG0139b	17	51347593	N:TC[T>A]CA	1	42462.0	2542128155
JG0139b	17	51348100	N:AC[T>G]TC	1	507.0	2542128662
JG0139b	17	51925872	U:CC[T>G]CA	-1	577772.0	2542706434
JG0139b	17	51996760	T:CC[T>G]TG	1	70888.0	2542777322
JG0139b	17	52015036	U:CC[T>G]TT	-1	18276.0	2542795598
JG0139b	17	52116579	U:TC[T>C]TC	-1	101543.0	2542897141
JG0139b	17	52168802	N:TC[T>C]CT	1	52223.0	2542949364
JG0139b	17	52869803	N:GC[T>C]TT	-1	701001.0	2543650365
JG0139b	17	53061341	N:CC[T>G]CC	-1	191538.0	2543841903
JG0139b	17	53311837	N:TC[T>A]TT	-1	250496.0	2544092399
JG0139b	17	53404037	N:GA[C>T]TC	1	92200.0	2544184599
JG0139b	17	53410394	N:AC[T>G]CA	-1	6357.0	2544190956
JG0139b	17	53884702	N:TG[T>G]TT	1	474308.0	2544665264
JG0139b	17	53981412	N:AA[T>G]TC	1	96710.0	2544761974
JG0139b	17	54069903	N:GC[T>G]TT	1	88491.0	2544850465
JG0139b	17	54273806	N:AC[T>G]TT	-1	203903.0	2545054368
JG0139b	17	54447240	N:AC[T>C]AT	1	173434.0	2545227802
JG0139b	17	54733916	N:AC[T>C]TA	1	286676.0	2545514478
JG0139b	17	54790412	N:GC[T>G]TC	1	56496.0	2545570974
JG0139b	17	54925088	T:TC[T>G]CT	-1	134676.0	2545705650
JG0139b	17	55294272	T:TC[T>C]CT	-1	369184.0	2546074834
JG0139b	17	55598622	N:AG[T>C]TT	-1	304350.0	2546379184
JG0139b	17	55835806	N:TC[T>C]CT	1	237184.0	2546616368
JG0139b	17	55857058	N:TA[T>G]TT	1	21252.0	2546637620
JG0139b	17	55970178	T:AG[T>G]GA	-1	113120.0	2546750740
JG0139b	17	56112600	T:TG[T>C]GT	-1	142422.0	2546893162
JG0139b	17	57235683	N:CC[T>C]CA	-1	1123083.0	2548016245
JG0139b	17	57710871	N:TC[T>G]TT	1	475188.0	2548491433
JG0139b	17	57736664	N:TG[T>C]TC	-1	25793.0	2548517226
JG0139b	17	57784798	N:GC[T>C]CT	1	48134.0	2548565360
JG0139b	17	58005619	T:AC[T>G]TT	1	220821.0	2548786181
JG0139b	17	58047700	N:CC[T>C]TC	1	42081.0	2548828262
JG0139b	17	58344230	N:GG[T>G]TC	1	296530.0	2549124792
JG0139b	17	58469249	T:GA[T>G]TA	1	125019.0	2549249811
JG0139b	17	58508058	U:AC[T>C]CT	-1	38809.0	2549288620
JG0139b	17	58704388	U:CC[T>G]CA	1	196330.0	2549484950
JG0139b	17	58802955	U:TA[T>A]TA	1	98567.0	2549583517
JG0139b	17	58867345	T:TA[T>G]TC	-1	64390.0	2549647907
JG0139b	17	59012324	T:CC[T>A]TA	1	144979.0	2549792886
JG0139b	17	59044224	T:AC[T>G]TG	1	31900.0	2549824786
JG0139b	17	59435385	N:TT[T>C]TC	-1	391161.0	2550215947
JG0139b	17	59592279	T:AC[T>A]TA	-1	156894.0	2550372841
JG0139b	17	60297058	U:GG[T>G]TT	-1	704779.0	2551077620
JG0139b	17	60435941	N:GC[T>C]TT	-1	138883.0	2551216503
JG0139b	17	60523749	T:AC[T>A]CC	1	87808.0	2551304311
JG0139b	17	61083140	U:CC[T>C]CT	1	559391.0	2551863702
JG0139b	17	61526230	N:TG[T>G]TA	-1	443090.0	2552306792
JG0139b	17	61667005	N:AC[T>C]TT	-1	140775.0	2552447567
JG0139b	17	62206091	N:AC[T>A]TT	1	539086.0	2552986653
JG0139b	17	62582223	U:TC[T>G]AG	1	376132.0	2553362785
JG0139b	17	62635237	U:CA[T>A]TA	1	53014.0	2553415799
JG0139b	17	62790320	U:AC[T>C]CC	-1	155083.0	2553570882
JG0139b	17	62797239	T:TC[T>G]TG	1	6919.0	2553577801
JG0139b	17	63181828	U:CC[T>G]TG	1	384589.0	2553962390
JG0139b	17	63303400	U:TC[T>C]TT	1	121572.0	2554083962
JG0139b	17	63867469	N:CC[T>G]TC	-1	564069.0	2554648031
JG0139b	17	63993377	N:CC[T>C]CC	-1	125908.0	2554773939
JG0139b	17	64003362	B:AC[T>C]TC	1	9985.0	2554783924
JG0139b	17	64277698	N:CC[T>A]CA	-1	274336.0	2555058260
JG0139b	17	64300830	N:CC[T>G]CC	1	23132.0	2555081392
JG0139b	17	64595657	U:CC[T>G]TT	-1	294827.0	2555376219
JG0139b	17	65051770	U:AC[T>C]TG	-1	456113.0	2555832332
JG0139b	17	65081709	N:GC[T>G]TA	-1	29939.0	2555862271
JG0139b	17	65212263	U:AA[T>G]TT	1	130554.0	2555992825
JG0139b	17	65250394	N:GC[T>C]TG	1	38131.0	2556030956
JG0139b	17	65306144	N:TC[T>C]CT	-1	55750.0	2556086706
JG0139b	17	65312961	N:TC[T>A]TT	-1	6817.0	2556093523
JG0139b	17	65455625	N:TG[T>C]GC	1	142664.0	2556236187
JG0139b	17	66067963	U:CC[T>C]CA	-1	612338.0	2556848525
JG0139b	17	66075964	U:CC[T>G]GC	-1	8001.0	2556856526
JG0139b	17	66125321	U:AA[T>A]TC	-1	49357.0	2556905883
JG0139b	17	66393925	U:AA[T>G]TG	1	268604.0	2557174487
JG0139b	17	66531967	T:GC[T>G]CC	-1	138042.0	2557312529
JG0139b	17	66549571	T:CC[T>G]TT	-1	17604.0	2557330133
JG0139b	17	67018858	T:GC[T>C]CC	-1	469287.0	2557799420
JG0139b	17	67527259	T:AC[T>G]TC	-1	508401.0	2558307821
JG0139b	17	67551271	T:CA[T>G]TT	-1	24012.0	2558331833
JG0139b	17	67732175	U:CT[T>G]TC	1	180904.0	2558512737
JG0139b	17	67769565	N:TC[T>C]AT	1	37390.0	2558550127
JG0139b	17	67885574	T:AC[T>C]CT	-1	116009.0	2558666136
JG0139b	17	68175034	N:CC[T>C]TG	1	289460.0	2558955596
JG0139b	17	68399122	U:GC[T>C]GT	1	224088.0	2559179684
JG0139b	17	68509390	N:AC[T>C]CC	1	110268.0	2559289952
JG0139b	17	68531705	U:AC[T>G]TT	1	22315.0	2559312267
JG0139b	17	68664742	N:TC[T>C]TT	-1	133037.0	2559445304
JG0139b	17	68752196	N:AA[T>G]TT	1	87454.0	2559532758
JG0139b	17	69029302	T:GC[T>A]TA	1	277106.0	2559809864
JG0139b	17	69207038	T:AC[T>A]CA	1	177736.0	2559987600
JG0139b	17	69419407	U:CC[T>G]TT	1	212369.0	2560199969
JG0139b	17	69905175	N:AG[T>G]TA	-1	485768.0	2560685737
JG0139b	17	70054650	T:TC[T>C]TC	-1	149475.0	2560835212
JG0139b	17	70891027	N:TC[T>C]TT	1	836377.0	2561671589
JG0139b	17	71107003	N:CC[T>C]GC	-1	215976.0	2561887565
JG0139b	17	71148202	N:CC[T>A]CA	1	41199.0	2561928764
JG0139b	17	71214793	N:TT[T>G]TT	-1	66591.0	2561995355
JG0139b	17	71266065	N:AC[T>C]TA	1	51272.0	2562046627
JG0139b	17	71287939	N:TC[T>C]TA	-1	21874.0	2562068501
JG0139b	17	71522603	N:TC[T>G]TA	-1	234664.0	2562303165
JG0139b	17	71690600	N:CC[T>C]AG	-1	167997.0	2562471162
JG0139b	17	71696463	N:TC[T>C]CA	-1	5863.0	2562477025
JG0139b	17	71879955	N:TC[T>C]AT	-1	183492.0	2562660517
JG0139b	17	72274618	N:TC[T>A]TA	1	394663.0	2563055180
JG0139b	17	72288326	N:GT[T>A]AA	1	13708.0	2563068888
JG0139b	17	72295476	N:CC[T>C]TC	-1	7150.0	2563076038
JG0139b	17	72344315	N:TC[T>C]CT	1	48839.0	2563124877
JG0139b	17	72446108	N:CC[T>C]TG	1	101793.0	2563226670
JG0139b	17	72634986	N:AT[T>A]AG	-1	188878.0	2563415548
JG0139b	17	72840351	T:TC[T>G]TC	1	205365.0	2563620913
JG0139b	17	72885220	T:TC[T>C]CT	1	44869.0	2563665782
JG0139b	17	73137856	N:AC[T>C]TT	-1	252636.0	2563918418
JG0139b	17	73175027	T:TC[T>G]CT	-1	37171.0	2563955589
JG0139b	17	73520983	T:GG[T>G]TG	1	345956.0	2564301545
JG0139b	17	73762873	N:TT[T>G]TA	-1	241890.0	2564543435
JG0139b	17	74225779	T:GC[T>C]GG	-1	462906.0	2565006341
JG0139b	17	74246098	U:CC[C>A]TG	1	20319.0	2565026660
JG0139b	17	74249044	U:CC[T>C]TC	1	2946.0	2565029606
JG0139b	17	74500554	N:TC[T>A]TA	-1	251510.0	2565281116
JG0139b	17	74511548	N:GC[T>A]TG	1	10994.0	2565292110
JG0139b	17	75207683	U:TC[T>G]TG	1	696135.0	2565988245
JG0139b	17	75988871	T:GC[T>G]TG	-1	781188.0	2566769433
JG0139b	17	76145760	U:AC[T>G]TC	-1	156889.0	2566926322
JG0139b	17	76272765	N:TG[T>A]CA	-1	127005.0	2567053327
JG0139b	17	76785999	N:CC[T>G]GG	-1	513234.0	2567566561
JG0139b	17	76837746	N:GC[T>G]CA	1	51747.0	2567618308
JG0139b	17	77242658	N:CC[T>C]GG	-1	404912.0	2568023220
JG0139b	17	77410168	T:CC[T>G]TC	-1	167510.0	2568190730
JG0139b	17	77502609	N:CC[T>C]TA	-1	92441.0	2568283171
JG0139b	17	77550439	N:GC[T>G]CA	1	47830.0	2568331001
JG0139b	17	77551249	N:CC[T>C]CT	1	810.0	2568331811
JG0139b	17	77696620	N:GC[T>C]TG	1	145371.0	2568477182
JG0139b	17	78331414	N:TT[T>C]TT	1	634794.0	2569111976
JG0139b	17	78386609	T:TA[T>G]TT	-1	55195.0	2569167171
JG0139b	17	78398859	U:CC[T>G]TG	1	12250.0	2569179421
JG0139b	17	78433951	U:CC[T>G]TC	-1	35092.0	2569214513
JG0139b	17	78811997	U:CC[T>C]GG	-1	378046.0	2569592559
JG0139b	17	78997391	T:CC[T>C]CC	1	185394.0	2569777953
JG0139b	17	80289747	T:GC[T>A]TC	-1	1292356.0	2571070309
JG0139b	17	80785529	U:AC[T>G]GG	1	495782.0	2571566091
JG0139b	17	80789156	T:AC[T>A]TA	-1	3627.0	2571569718
JG0139b	17	80791370	U:TC[T>A]TC	1	2214.0	2571571932
JG0139b	17	81361242	N:AC[T>C]TG	-1	569872.0	2572141804
JG0139b	17	81569299	T:AC[T>C]CC	1	208057.0	2572349861
JG0139b	17	82058650	T:AT[C>A]CA	1	489351.0	2572839212
JG0139b	17	82065999	N:TG[T>G]CG	-1	7349.0	2572846561
JG0139b	17	82151138	U:GG[T>C]TC	-1	85139.0	2572931700
JG0139b	17	82169001	T:CC[T>C]CT	1	17863.0	2572949563
JG0139b	17	82898694	U:TG[T>A]TC	1	729693.0	2573679256
JG0139b	17	83140623	N:TT[T>G]TG	1	241929.0	2573921185
JG0139b	17	83188989	N:AC[T>A]TC	-1	48366.0	2573969551
JG0139b	18	501640	N:AA[T>G]CG	1		2574539643
JG0139b	18	574660	N:GT[C>G]TT	-1	73020.0	2574612663
JG0139b	18	756495	U:AC[T>G]TA	-1	181835.0	2574794498
JG0139b	18	1130244	N:TT[C>A]TG	1	373749.0	2575168247
JG0139b	18	2305963	N:TA[T>G]TA	1	1175719.0	2576343966
JG0139b	18	2316444	N:CC[T>C]GA	1	10481.0	2576354447
JG0139b	18	2476465	N:TC[T>G]TT	1	160021.0	2576514468
JG0139b	18	2486447	N:AC[T>G]TT	1	9982.0	2576524450
JG0139b	18	3100184	U:GC[T>C]CT	-1	613737.0	2577138187
JG0139b	18	3457191	U:GC[T>G]TG	1	357007.0	2577495194
JG0139b	18	4283477	U:TC[T>C]TA	-1	826286.0	2578321480
JG0139b	18	4303780	T:TC[T>G]TA	1	20303.0	2578341783
JG0139b	18	5176357	T:GC[T>C]TG	1	872577.0	2579214360
JG0139b	18	5292858	T:AC[T>C]TC	1	116501.0	2579330861
JG0139b	18	5569206	U:TG[T>G]TC	-1	276348.0	2579607209
JG0139b	18	5907491	N:AC[T>G]TG	-1	338285.0	2579945494
JG0139b	18	5951516	N:TT[T>G]TC	1	44025.0	2579989519
JG0139b	18	5999109	T:TC[T>G]TT	1	47593.0	2580037112
JG0139b	18	6325929	U:CC[T>G]TG	-1	326820.0	2580363932
JG0139b	18	6857741	T:GC[T>G]TC	-1	531812.0	2580895744
JG0139b	18	6891613	T:AC[T>C]CC	-1	33872.0	2580929616
JG0139b	18	7234206	N:AC[T>G]TG	1	342593.0	2581272209
JG0139b	18	7351951	N:TG[T>G]CC	-1	117745.0	2581389954
JG0139b	18	7473113	N:TC[T>G]GG	-1	121162.0	2581511116
JG0139b	18	7870959	T:CT[T>C]TG	-1	397846.0	2581908962
JG0139b	18	8350652	U:TC[T>C]GT	1	479693.0	2582388655
JG0139b	18	8828906	T:TC[T>G]GG	-1	478254.0	2582866909
JG0139b	18	8834028	N:TT[T>G]TA	1	5122.0	2582872031
JG0139b	18	9003196	N:TC[T>G]TG	-1	169168.0	2583041199
JG0139b	18	9368627	T:TG[T>G]TG	-1	365431.0	2583406630
JG0139b	18	9870796	N:AC[T>G]TT	1	502169.0	2583908799
JG0139b	18	10194095	N:CC[T>A]CC	-1	323299.0	2584232098
JG0139b	18	10302131	N:TC[T>G]CG	1	108036.0	2584340134
JG0139b	18	11279463	N:GG[T>A]GT	1	977332.0	2585317466
JG0139b	18	11504720	N:TC[T>C]TG	1	225257.0	2585542723
JG0139b	18	11524689	N:TT[T>G]TG	-1	19969.0	2585562692
JG0139b	18	11712942	T:TC[T>A]CT	-1	188253.0	2585750945
JG0139b	18	11890328	U:TC[T>C]CA	-1	177386.0	2585928331
JG0139b	18	12086930	N:GG[T>G]TG	1	196602.0	2586124933
JG0139b	18	12111183	T:CC[T>C]CT	-1	24253.0	2586149186
JG0139b	18	12216596	N:TC[T>G]TT	1	105413.0	2586254599
JG0139b	18	12681723	B:AT[T>G]TT	-1	465127.0	2586719726
JG0139b	18	12754288	N:AT[T>A]AA	1	72565.0	2586792291
JG0139b	18	13391626	U:CC[T>C]TT	1	637338.0	2587429629
JG0139b	18	13925484	N:AC[T>A]GT	1	533858.0	2587963487
JG0139b	18	14467072	N:CC[T>C]TT	-1	541588.0	2588505075
JG0139b	18	15065634	N:AG[T>G]CC	-1	598562.0	2589103637
JG0139b	18	15123347	N:AC[T>A]GG	-1	57713.0	2589161350
JG0139b	18	15676514	N:TT[C>G]GA	1	553167.0	2589714517
JG0139b	18	15931467	N:TA[T>G]TC	1	254953.0	2589969470
JG0139b	18	16229293	N:TT[C>A]AG	1	297826.0	2590267296
JG0139b	18	16548415	N:GG[T>G]TC	-1	319122.0	2590586418
JG0139b	18	16778622	N:GC[T>C]CT	-1	230207.0	2590816625
JG0139b	18	16778657	N:AC[T>G]TC	-1	35.0	2590816660
JG0139b	18	16818430	N:GC[T>C]TG	-1	39773.0	2590856433
JG0139b	18	17363237	N:CC[T>C]TT	-1	544807.0	2591401240
JG0139b	18	17405985	N:GC[C>A]CT	-1	42748.0	2591443988
JG0139b	18	17417290	N:AC[T>C]GC	-1	11305.0	2591455293
JG0139b	18	18428403	N:GC[T>G]TT	1	1011113.0	2592466406
JG0139b	18	18567325	N:TC[T>G]AT	-1	138922.0	2592605328
JG0139b	18	18766940	N:TC[T>A]TA	-1	199615.0	2592804943
JG0139b	18	18899525	N:TT[T>G]TA	-1	132585.0	2592937528
JG0139b	18	19040325	N:CC[T>G]TT	-1	140800.0	2593078328
JG0139b	18	19156004	N:CC[T>G]TC	-1	115679.0	2593194007
JG0139b	18	19637967	N:TC[T>C]GA	-1	481963.0	2593675970
JG0139b	18	19935682	N:CC[T>G]CA	-1	297715.0	2593973685
JG0139b	18	19975463	N:CC[T>C]TC	-1	39781.0	2594013466
JG0139b	18	20554383	N:GC[T>C]CT	-1	578920.0	2594592386
JG0139b	18	21357627	U:AG[T>C]CT	1	803244.0	2595395630
JG0139b	18	22149029	N:CC[T>G]TA	1	791402.0	2596187032
JG0139b	18	22250795	N:GC[T>C]GG	-1	101766.0	2596288798
JG0139b	18	22355512	N:AC[T>C]CA	-1	104717.0	2596393515
JG0139b	18	22465325	N:TC[T>C]TA	-1	109813.0	2596503328
JG0139b	18	22469374	N:AT[T>A]AT	-1	4049.0	2596507377
JG0139b	18	22486253	N:CC[T>G]GC	1	16879.0	2596524256
JG0139b	18	23277317	N:GC[T>G]TT	1	791064.0	2597315320
JG0139b	18	23750356	T:AC[T>G]CA	-1	473039.0	2597788359
JG0139b	18	24106789	T:AC[T>G]TG	-1	356433.0	2598144792
JG0139b	18	25215439	T:TC[T>G]TT	1	1108650.0	2599253442
JG0139b	18	25446080	N:CC[T>G]TC	-1	230641.0	2599484083
JG0139b	18	26149148	U:AT[C>A]AT	1	703068.0	2600187151
JG0139b	18	26159401	T:CC[T>C]TC	-1	10253.0	2600197404
JG0139b	18	26498329	U:TC[T>C]CT	-1	338928.0	2600536332
JG0139b	18	26510565	T:TG[T>G]TT	1	12236.0	2600548568
JG0139b	18	26530404	U:CC[T>C]CA	-1	19839.0	2600568407
JG0139b	18	27096765	T:AC[T>G]TC	1	566361.0	2601134768
JG0139b	18	27286741	N:TG[T>G]TT	1	189976.0	2601324744
JG0139b	18	27657308	N:AA[T>G]TC	1	370567.0	2601695311
JG0139b	18	27696925	N:TC[T>C]GG	-1	39617.0	2601734928
JG0139b	18	27701192	N:TC[T>G]TT	-1	4267.0	2601739195
JG0139b	18	28143244	T:AC[T>C]CT	1	442052.0	2602181247
JG0139b	18	28184933	N:AG[T>G]CC	-1	41689.0	2602222936
JG0139b	18	28302555	N:GG[T>G]CT	1	117622.0	2602340558
JG0139b	18	28839834	N:TT[T>G]TT	-1	537279.0	2602877837
JG0139b	18	28846933	N:CC[T>G]CT	-1	7099.0	2602884936
JG0139b	18	28956166	N:TA[T>G]TT	-1	109233.0	2602994169
JG0139b	18	29268670	N:CC[T>C]TA	1	312504.0	2603306673
JG0139b	18	29697313	N:GG[C>A]AA	1	428643.0	2603735316
JG0139b	18	29699200	N:AG[T>G]TG	1	1887.0	2603737203
JG0139b	18	30448445	N:GC[T>G]TT	1	749245.0	2604486448
JG0139b	18	30724212	N:GC[T>G]TG	1	275767.0	2604762215
JG0139b	18	30979250	N:TC[T>G]CA	-1	255038.0	2605017253
JG0139b	18	31073972	U:TC[T>C]TT	-1	94722.0	2605111975
JG0139b	18	31233525	N:TC[T>G]TT	1	159553.0	2605271528
JG0139b	18	31930731	U:TG[T>G]TA	-1	697206.0	2605968734
JG0139b	18	32103304	U:CC[T>C]CA	1	172573.0	2606141307
JG0139b	18	32219722	U:TC[T>G]TT	-1	116418.0	2606257725
JG0139b	18	33122895	T:TC[T>G]TA	1	903173.0	2607160898
JG0139b	18	33817655	N:CC[T>A]TT	-1	694760.0	2607855658
JG0139b	18	33947635	T:AC[T>C]TC	1	129980.0	2607985638
JG0139b	18	34211478	T:CC[T>G]TA	1	263843.0	2608249481
JG0139b	18	34960250	N:AC[T>A]CA	1	748772.0	2608998253
JG0139b	18	35175046	N:TA[T>G]TA	1	214796.0	2609213049
JG0139b	18	35279668	T:TC[T>A]TC	1	104622.0	2609317671
JG0139b	18	35507731	N:GC[T>A]CC	1	228063.0	2609545734
JG0139b	18	36757987	T:GC[T>C]GG	-1	1250256.0	2610795990
JG0139b	18	37267744	U:CC[T>G]TT	-1	509757.0	2611305747
JG0139b	18	38011734	N:GC[T>C]GA	1	743990.0	2612049737
JG0139b	18	38427764	N:TC[T>C]CA	1	416030.0	2612465767
JG0139b	18	39052426	N:GC[T>G]TG	-1	624662.0	2613090429
JG0139b	18	39614277	N:TC[T>G]CC	1	561851.0	2613652280
JG0139b	18	39884904	N:TG[T>G]TT	1	270627.0	2613922907
JG0139b	18	40168633	N:TT[T>C]AT	-1	283729.0	2614206636
JG0139b	18	40353594	N:AC[T>A]GC	1	184961.0	2614391597
JG0139b	18	40549630	N:CA[T>C]TG	-1	196036.0	2614587633
JG0139b	18	40813204	N:AC[T>G]TT	1	263574.0	2614851207
JG0139b	18	40851243	N:AC[T>G]TT	-1	38039.0	2614889246
JG0139b	18	41152218	N:AG[T>G]TC	1	300975.0	2615190221
JG0139b	18	41833923	N:TG[T>G]CT	1	681705.0	2615871926
JG0139b	18	42327687	N:TC[T>A]CA	1	493764.0	2616365690
JG0139b	18	42691966	N:TG[T>C]CT	-1	364279.0	2616729969
JG0139b	18	43013759	U:AG[T>G]TT	-1	321793.0	2617051762
JG0139b	18	43139520	N:CC[T>A]CC	-1	125761.0	2617177523
JG0139b	18	43597741	N:AT[T>G]TA	-1	458221.0	2617635744
JG0139b	18	43808539	N:TA[T>G]TT	-1	210798.0	2617846542
JG0139b	18	43991653	N:GC[T>C]GC	1	183114.0	2618029656
JG0139b	18	44152649	N:TC[T>C]CA	-1	160996.0	2618190652
JG0139b	18	44349945	N:CC[T>G]TG	1	197296.0	2618387948
JG0139b	18	45046559	T:TC[T>G]TC	-1	696614.0	2619084562
JG0139b	18	45156129	N:TG[T>C]CA	1	109570.0	2619194132
JG0139b	18	45730584	U:TC[T>G]TT	1	574455.0	2619768587
JG0139b	18	45796183	N:AC[T>G]CA	-1	65599.0	2619834186
JG0139b	18	46535468	T:TC[T>G]TC	1	739285.0	2620573471
JG0139b	18	47181652	N:GG[T>G]TG	1	646184.0	2621219655
JG0139b	18	47315364	N:AC[T>G]TG	-1	133712.0	2621353367
JG0139b	18	47761723	N:GC[T>A]CT	-1	446359.0	2621799726
JG0139b	18	47982739	N:TC[T>C]CT	-1	221016.0	2622020742
JG0139b	18	48113565	T:CC[T>C]AG	1	130826.0	2622151568
JG0139b	18	48630973	T:GC[T>G]GG	-1	517408.0	2622668976
JG0139b	18	50192706	T:CC[T>G]TC	1	1561733.0	2624230709
JG0139b	18	50563829	T:AG[T>A]TT	-1	371123.0	2624601832
JG0139b	18	50725154	T:AG[T>A]TC	-1	161325.0	2624763157
JG0139b	18	51557427	N:TG[T>G]TT	1	832273.0	2625595430
JG0139b	18	51926842	N:AC[T>G]TA	1	369415.0	2625964845
JG0139b	18	52744963	U:CC[T>C]TA	1	818121.0	2626782966
JG0139b	18	52988966	U:TG[T>G]TC	1	244003.0	2627026969
JG0139b	18	54566508	N:AC[T>C]GG	1	1577542.0	2628604511
JG0139b	18	54867464	U:TC[T>A]GA	1	300956.0	2628905467
JG0139b	18	54961999	N:TC[T>C]CT	-1	94535.0	2629000002
JG0139b	18	55130123	N:CC[T>C]CG	1	168124.0	2629168126
JG0139b	18	55206611	N:TC[T>G]TA	-1	76488.0	2629244614
JG0139b	18	55369157	T:TA[T>G]TG	1	162546.0	2629407160
JG0139b	18	55370811	U:AG[T>G]TA	-1	1654.0	2629408814
JG0139b	18	55953600	N:GC[T>G]TC	-1	582789.0	2629991603
JG0139b	18	56022253	N:CT[T>G]TT	1	68653.0	2630060256
JG0139b	18	56265238	N:TC[T>C]CT	-1	242985.0	2630303241
JG0139b	18	56494219	N:TC[T>C]CA	1	228981.0	2630532222
JG0139b	18	57171217	N:CC[T>A]CT	1	676998.0	2631209220
JG0139b	18	59411715	N:TC[T>G]TT	1	2240498.0	2633449718
JG0139b	18	59789769	N:TC[T>C]TC	1	378054.0	2633827772
JG0139b	18	59957676	N:GT[T>G]TA	-1	167907.0	2633995679
JG0139b	18	60145296	N:TC[T>C]TT	1	187620.0	2634183299
JG0139b	18	60287647	N:TC[T>C]GA	1	142351.0	2634325650
JG0139b	18	60875496	N:TC[T>G]TG	1	587849.0	2634913499
JG0139b	18	61219506	N:AG[T>G]TA	-1	344010.0	2635257509
JG0139b	18	61518324	T:TC[T>C]CC	-1	298818.0	2635556327
JG0139b	18	61656648	N:GG[T>G]TA	-1	138324.0	2635694651
JG0139b	18	61790322	N:CC[T>G]TG	1	133674.0	2635828325
JG0139b	18	62494266	N:CC[T>A]TT	-1	703944.0	2636532269
JG0139b	18	63450789	N:TC[T>G]TC	-1	956523.0	2637488792
JG0139b	18	63818115	N:TC[T>C]GT	1	367326.0	2637856118
JG0139b	18	64808551	N:TG[T>C]TC	1	990436.0	2638846554
JG0139b	18	65159912	N:TG[T>G]TT	-1	351361.0	2639197915
JG0139b	18	65528741	N:AA[T>G]TG	1	368829.0	2639566744
JG0139b	18	66000964	N:TC[T>G]TT	1	472223.0	2640038967
JG0139b	18	66279536	N:TC[T>G]TA	-1	278572.0	2640317539
JG0139b	18	67180250	N:AC[T>A]TT	-1	900714.0	2641218253
JG0139b	18	67267482	N:AC[T>C]TA	1	87232.0	2641305485
JG0139b	18	67354445	N:AC[T>G]TT	-1	86963.0	2641392448
JG0139b	18	68121876	N:AC[T>A]CT	-1	767431.0	2642159879
JG0139b	18	68396332	N:AG[T>G]TC	1	274456.0	2642434335
JG0139b	18	68675016	U:TG[T>C]CT	-1	278684.0	2642713019
JG0139b	18	68826514	U:AC[T>G]TT	1	151498.0	2642864517
JG0139b	18	69616965	T:TA[T>A]TC	-1	790451.0	2643654968
JG0139b	18	69834118	T:TC[T>C]CT	-1	217153.0	2643872121
JG0139b	18	70164035	U:AC[T>G]TT	-1	329917.0	2644202038
JG0139b	18	71129550	N:CC[T>G]TG	-1	965515.0	2645167553
JG0139b	18	71521857	N:CG[T>G]CC	1	392307.0	2645559860
JG0139b	18	71622749	N:TG[T>G]GG	1	100892.0	2645660752
JG0139b	18	71765277	N:AG[T>A]GG	-1	142528.0	2645803280
JG0139b	18	71795478	N:AA[T>A]TA	-1	30201.0	2645833481
JG0139b	18	71880438	N:GA[T>G]TC	-1	84960.0	2645918441
JG0139b	18	72469693	N:GC[T>A]TA	-1	589255.0	2646507696
JG0139b	18	72613072	T:TC[T>G]TT	1	143379.0	2646651075
JG0139b	18	72623086	U:CC[T>G]CC	-1	10014.0	2646661089
JG0139b	18	72747925	U:AC[T>G]TG	-1	124839.0	2646785928
JG0139b	18	72796515	T:GC[T>A]CT	1	48590.0	2646834518
JG0139b	18	73583819	N:CA[T>G]TG	-1	787304.0	2647621822
JG0139b	18	73900334	N:TC[T>G]GT	-1	316515.0	2647938337
JG0139b	18	74352354	U:TG[T>C]AC	1	452020.0	2648390357
JG0139b	18	74504871	T:AC[T>G]CA	-1	152517.0	2648542874
JG0139b	18	74716620	U:CC[T>C]TA	1	211749.0	2648754623
JG0139b	18	74910519	T:AC[T>A]TA	-1	193899.0	2648948522
JG0139b	18	74988931	T:TG[T>G]TT	-1	78412.0	2649026934
JG0139b	18	75099497	N:TC[T>C]TT	1	110566.0	2649137500
JG0139b	18	75450810	N:AC[T>G]TT	1	351313.0	2649488813
JG0139b	18	75811499	N:AC[T>C]CC	1	360689.0	2649849502
JG0139b	18	76221018	N:GC[T>C]CT	-1	409519.0	2650259021
JG0139b	18	76488917	U:AC[T>G]TC	-1	267899.0	2650526920
JG0139b	18	77076629	U:GC[T>C]GG	-1	587712.0	2651114632
JG0139b	18	77140593	N:AG[T>G]TT	1	63964.0	2651178596
JG0139b	18	77203325	N:AG[T>C]GG	-1	62732.0	2651241328
JG0139b	18	77316733	N:TC[T>G]AG	-1	113408.0	2651354736
JG0139b	18	78229936	N:AC[T>C]TT	1	913203.0	2652267939
JG0139b	18	78316565	N:TC[T>G]CT	-1	86629.0	2652354568
JG0139b	18	78401800	N:TC[T>C]CC	1	85235.0	2652439803
JG0139b	18	79513222	U:AC[T>C]GG	1	1111422.0	2653551225
JG0139b	18	80023168	U:TC[T>G]TT	-1	509946.0	2654061171
JG0139b	18	80035222	U:CT[T>A]TA	1	12054.0	2654073225
JG0139b	19	129732	N:AC[T>G]TC	1		2654541020
JG0139b	19	235235	N:TC[T>G]TT	1	105503.0	2654646523
JG0139b	19	1613761	U:AC[T>A]GT	-1	1378526.0	2656025049
JG0139b	19	1904264	N:TC[T>C]CG	1	290503.0	2656315552
JG0139b	19	2336080	T:GC[T>G]CA	-1	431816.0	2656747368
JG0139b	19	2503465	N:GC[T>C]TT	1	167385.0	2656914753
JG0139b	19	2551445	T:CC[T>C]TG	1	47980.0	2656962733
JG0139b	19	3195089	T:AG[T>G]GA	-1	643644.0	2657606377
JG0139b	19	3464667	T:GG[T>G]TT	-1	269578.0	2657875955
JG0139b	19	3607465	N:GC[T>C]CG	1	142798.0	2658018753
JG0139b	19	3697534	U:GC[T>G]TG	-1	90069.0	2658108822
JG0139b	19	4256813	U:CC[T>G]CA	1	559279.0	2658668101
JG0139b	19	4300163	U:CC[T>G]CA	-1	43350.0	2658711451
JG0139b	19	4409630	T:TC[T>A]TC	-1	109467.0	2658820918
JG0139b	19	4435922	U:CC[T>A]GA	1	26292.0	2658847210
JG0139b	19	4459017	N:TG[T>G]TT	-1	23095.0	2658870305
JG0139b	19	4476948	T:CC[T>A]CC	-1	17931.0	2658888236
JG0139b	19	4933886	T:GC[T>G]TT	-1	456938.0	2659345174
JG0139b	19	5100305	U:TC[T>A]TG	1	166419.0	2659511593
JG0139b	19	5176784	N:GC[T>C]TG	1	76479.0	2659588072
JG0139b	19	5263425	T:TC[T>G]TT	1	86641.0	2659674713
JG0139b	19	5782208	N:TC[T>G]CG	-1	518783.0	2660193496
JG0139b	19	6001023	U:GC[T>G]TC	-1	218815.0	2660412311
JG0139b	19	6212301	U:CC[T>C]TT	-1	211278.0	2660623589
JG0139b	19	6339915	N:CC[T>C]CA	1	127614.0	2660751203
JG0139b	19	7265783	T:CT[T>G]TC	1	925868.0	2661677071
JG0139b	19	7716467	N:TC[T>G]TA	1	450684.0	2662127755
JG0139b	19	7797364	N:TC[T>C]TC	1	80897.0	2662208652
JG0139b	19	8451354	T:TC[T>C]TT	-1	653990.0	2662862642
JG0139b	19	8755023	N:AC[T>A]CT	-1	303669.0	2663166311
JG0139b	19	8925972	U:CC[T>C]CA	-1	170949.0	2663337260
JG0139b	19	8943270	U:AG[T>C]GG	-1	17298.0	2663354558
JG0139b	19	9039993	N:AC[T>C]TT	-1	96723.0	2663451281
JG0139b	19	9055729	N:AG[T>C]CA	-1	15736.0	2663467017
JG0139b	19	9760347	U:TC[T>C]TC	-1	704618.0	2664171635
JG0139b	19	9945805	N:AT[C>T]AG	-1	185458.0	2664357093
JG0139b	19	10078536	N:AG[T>C]GT	-1	132731.0	2664489824
JG0139b	19	10185316	T:AC[T>C]CA	1	106780.0	2664596604
JG0139b	19	10520570	N:AC[T>G]TC	-1	335254.0	2664931858
JG0139b	19	10687553	T:GC[T>C]GC	-1	166983.0	2665098841
JG0139b	19	10747623	U:TG[T>G]TC	1	60070.0	2665158911
JG0139b	19	11413964	T:GG[T>C]CT	1	666341.0	2665825252
JG0139b	19	11974197	U:TC[T>G]CT	1	560233.0	2666385485
JG0139b	19	12038843	N:AC[T>C]TT	1	64646.0	2666450131
JG0139b	19	12297649	N:CA[T>G]TA	-1	258806.0	2666708937
JG0139b	19	12402511	U:TC[T>C]GG	-1	104862.0	2666813799
JG0139b	19	12418097	U:CC[T>C]TA	-1	15586.0	2666829385
JG0139b	19	12763862	T:TC[T>G]TT	1	345765.0	2667175150
JG0139b	19	13244526	U:GC[T>G]TG	-1	480664.0	2667655814
JG0139b	19	13295997	T:GG[T>G]TT	1	51471.0	2667707285
JG0139b	19	14019574	N:TC[T>C]CG	-1	723577.0	2668430862
JG0139b	19	14153631	T:TG[T>A]TG	1	134057.0	2668564919
JG0139b	19	14176313	T:AC[T>G]GC	1	22682.0	2668587601
JG0139b	19	14328157	N:AC[T>C]TC	-1	151844.0	2668739445
JG0139b	19	14439019	U:AG[T>C]CC	1	110862.0	2668850307
JG0139b	19	14567682	T:CC[T>G]CC	1	128663.0	2668978970
JG0139b	19	14852035	N:TA[T>G]TG	1	284353.0	2669263323
JG0139b	19	15058425	N:GC[T>G]TC	1	206390.0	2669469713
JG0139b	19	15183358	T:TG[T>G]TA	1	124933.0	2669594646
JG0139b	19	15556833	N:TG[T>G]TC	1	373475.0	2669968121
JG0139b	19	15815315	T:CC[T>G]GG	1	258482.0	2670226603
JG0139b	19	16419734	U:TC[T>G]TT	-1	604419.0	2670831022
JG0139b	19	16468457	T:TG[T>C]GC	1	48723.0	2670879745
JG0139b	19	16798753	T:AC[T>G]TG	-1	330296.0	2671210041
JG0139b	19	16854992	U:GC[T>G]TG	1	56239.0	2671266280
JG0139b	19	17141620	T:GC[T>C]GA	-1	286628.0	2671552908
JG0139b	19	17210489	U:CC[T>A]TC	1	68869.0	2671621777
JG0139b	19	17575759	U:CC[T>G]TG	1	365270.0	2671987047
JG0139b	19	17583515	N:AC[T>G]GC	-1	7756.0	2671994803
JG0139b	19	17595227	N:TC[T>C]TA	1	11712.0	2672006515
JG0139b	19	17786926	T:TG[T>G]TT	-1	191699.0	2672198214
JG0139b	19	17970448	T:AG[C>G]TA	-1	183522.0	2672381736
JG0139b	19	18781257	T:TC[T>G]TA	-1	810809.0	2673192545
JG0139b	19	19092790	T:AC[T>C]CC	-1	311533.0	2673504078
JG0139b	19	19156008	T:TC[T>G]TG	1	63218.0	2673567296
JG0139b	19	19228785	U:GC[T>C]TA	1	72777.0	2673640073
JG0139b	19	19564865	T:CC[T>G]CC	1	336080.0	2673976153
JG0139b	19	20237471	N:TC[T>G]CG	-1	672606.0	2674648759
JG0139b	19	21364406	U:CT[T>A]AG	1	1126935.0	2675775694
JG0139b	19	21451406	N:TC[T>C]TG	1	87000.0	2675862694
JG0139b	19	21451452	N:AC[T>G]TT	1	46.0	2675862740
JG0139b	19	21558886	N:CC[T>C]CT	1	107434.0	2675970174
JG0139b	19	21600858	N:TA[T>A]TT	-1	41972.0	2676012146
JG0139b	19	22648872	U:TC[T>G]TG	1	1048014.0	2677060160
JG0139b	19	22746790	N:TC[T>G]TC	1	97918.0	2677158078
JG0139b	19	22754427	U:AA[T>A]TT	-1	7637.0	2677165715
JG0139b	19	22790901	N:AC[T>C]AC	1	36474.0	2677202189
JG0139b	19	23392448	U:CC[T>C]CC	-1	601547.0	2677803736
JG0139b	19	23881792	N:CC[T>C]TT	-1	489344.0	2678293080
JG0139b	19	24083517	T:TG[T>G]TT	-1	201725.0	2678494805
JG0139b	19	24129085	T:TC[T>A]TA	-1	45568.0	2678540373
JG0139b	19	24421116	N:AC[T>G]TG	-1	292031.0	2678832404
JG0139b	19	24500804	N:GC[T>G]CC	-1	79688.0	2678912092
JG0139b	19	24750949	N:GC[T>G]CT	-1	250145.0	2679162237
JG0139b	19	24861146	N:AG[T>G]TG	1	110197.0	2679272434
JG0139b	19	25386528	N:AT[T>G]TC	1	525382.0	2679797816
JG0139b	19	25396865	N:GC[T>G]TT	1	10337.0	2679808153
JG0139b	19	25750236	N:CG[T>C]TC	1	353371.0	2680161524
JG0139b	19	25782094	N:CC[T>C]CA	-1	31858.0	2680193382
JG0139b	19	26179642	N:TC[T>G]CA	1	397548.0	2680590930
JG0139b	19	26180340	N:TG[T>A]TG	1	698.0	2680591628
JG0139b	19	26226583	N:AC[T>C]TT	1	46243.0	2680637871
JG0139b	19	26624138	N:AG[T>A]TG	-1	397555.0	2681035426
JG0139b	19	26990072	N:AC[T>G]TG	1	365934.0	2681401360
JG0139b	19	27491390	N:TC[T>A]TC	1	501318.0	2681902678
JG0139b	19	28073810	N:TC[T>G]TG	1	582420.0	2682485098
JG0139b	19	28231445	N:TC[T>A]CT	-1	157635.0	2682642733
JG0139b	19	28387569	N:AC[T>A]CG	1	156124.0	2682798857
JG0139b	19	28404527	N:CC[T>C]TG	-1	16958.0	2682815815
JG0139b	19	28442015	N:GC[T>C]AC	-1	37488.0	2682853303
JG0139b	19	29020361	N:CC[T>G]TG	1	578346.0	2683431649
JG0139b	19	29315531	N:TC[T>C]CT	1	295170.0	2683726819
JG0139b	19	29472622	N:TA[T>G]TT	-1	157091.0	2683883910
JG0139b	19	29518069	N:AT[C>A]TG	-1	45447.0	2683929357
JG0139b	19	29591161	N:GC[T>G]CT	1	73092.0	2684002449
JG0139b	19	29645203	N:TA[T>G]TT	1	54042.0	2684056491
JG0139b	19	29921024	N:TG[T>C]GT	1	275821.0	2684332312
JG0139b	19	30036734	N:TC[T>G]TG	-1	115710.0	2684448022
JG0139b	19	30043704	N:AC[T>C]TG	1	6970.0	2684454992
JG0139b	19	30529159	T:AC[T>G]TC	-1	485455.0	2684940447
JG0139b	19	30900910	N:CC[T>G]TA	1	371751.0	2685312198
JG0139b	19	31256985	N:TG[T>C]TC	1	356075.0	2685668273
JG0139b	19	31341697	U:TC[T>C]TA	-1	84712.0	2685752985
JG0139b	19	31597236	N:TC[T>C]TA	-1	255539.0	2686008524
JG0139b	19	31749029	N:AC[T>C]TC	1	151793.0	2686160317
JG0139b	19	32559235	N:AT[T>G]TT	-1	810206.0	2686970523
JG0139b	19	32887879	U:TC[T>G]GT	-1	328644.0	2687299167
JG0139b	19	33189075	U:GC[T>A]TT	1	301196.0	2687600363
JG0139b	19	33406733	U:AC[T>C]CC	-1	217658.0	2687818021
JG0139b	19	33631954	T:GA[T>G]TG	-1	225221.0	2688043242
JG0139b	19	34110113	N:CC[T>G]TG	1	478159.0	2688521401
JG0139b	19	34166322	N:GC[T>G]TT	-1	56209.0	2688577610
JG0139b	19	35127224	T:TC[T>G]CC	1	960902.0	2689538512
JG0139b	19	35176416	N:GC[T>C]CA	1	49192.0	2689587704
JG0139b	19	35773604	N:CC[T>C]CA	1	597188.0	2690184892
JG0139b	19	35962192	N:TC[T>A]CC	-1	188588.0	2690373480
JG0139b	19	36174494	N:CA[C>T]TG	1	212302.0	2690585782
JG0139b	19	36338702	U:AC[T>A]TG	-1	164208.0	2690749990
JG0139b	19	36797929	N:TA[T>C]TT	-1	459227.0	2691209217
JG0139b	19	36953538	U:CC[T>C]TA	1	155609.0	2691364826
JG0139b	19	37032622	T:CC[T>C]TG	-1	79084.0	2691443910
JG0139b	19	37111244	B:TC[T>G]TC	1	78622.0	2691522532
JG0139b	19	37426055	U:CC[T>G]TT	-1	314811.0	2691837343
JG0139b	19	37675633	U:TC[T>A]CA	-1	249578.0	2692086921
JG0139b	19	37968505	U:CC[T>G]TC	1	292872.0	2692379793
JG0139b	19	39214723	N:TC[T>G]CA	-1	1246218.0	2693626011
JG0139b	19	39324495	N:TC[T>G]TC	-1	109772.0	2693735783
JG0139b	19	40174200	N:CC[T>G]TC	-1	849705.0	2694585488
JG0139b	19	40189658	N:AC[T>G]CC	1	15458.0	2694600946
JG0139b	19	40196502	T:TC[T>G]TT	-1	6844.0	2694607790
JG0139b	19	40385614	U:GC[T>G]TT	-1	189112.0	2694796902
JG0139b	19	40628459	T:GC[T>C]CA	-1	242845.0	2695039747
JG0139b	19	40772663	T:AG[T>C]CC	-1	144204.0	2695183951
JG0139b	19	41131612	N:TC[T>G]TC	-1	358949.0	2695542900
JG0139b	19	41135196	N:AC[T>G]CT	1	3584.0	2695546484
JG0139b	19	41138634	N:TC[T>A]TT	-1	3438.0	2695549922
JG0139b	19	41225787	U:TC[T>G]TC	1	87153.0	2695637075
JG0139b	19	41502944	N:AC[T>A]TC	1	277157.0	2695914232
JG0139b	19	42414934	U:TC[T>G]TA	-1	911990.0	2696826222
JG0139b	19	42713458	N:TC[T>C]TT	1	298524.0	2697124746
JG0139b	19	43760263	N:AC[T>G]TT	1	1046805.0	2698171551
JG0139b	19	43991119	T:AG[T>G]TT	-1	230856.0	2698402407
JG0139b	19	44366253	T:GC[T>C]TG	1	375134.0	2698777541
JG0139b	19	45115383	U:CC[T>C]TG	1	749130.0	2699526671
JG0139b	19	45117098	T:TC[T>C]CT	-1	1715.0	2699528386
JG0139b	19	45659260	N:GC[T>G]CC	1	542162.0	2700070548
JG0139b	19	46214025	N:CC[T>C]TG	1	554765.0	2700625313
JG0139b	19	46253937	N:AC[T>G]CC	1	39912.0	2700665225
JG0139b	19	46308807	T:CG[T>G]CC	-1	54870.0	2700720095
JG0139b	19	46397948	N:AC[T>C]CT	1	89141.0	2700809236
JG0139b	19	46686980	U:GG[T>G]TT	-1	289032.0	2701098268
JG0139b	19	47050864	N:AC[T>C]GT	-1	363884.0	2701462152
JG0139b	19	47345035	T:AC[T>C]TT	-1	294171.0	2701756323
JG0139b	19	48222446	T:GC[T>C]TT	1	877411.0	2702633734
JG0139b	19	48264496	N:GC[T>C]TC	1	42050.0	2702675784
JG0139b	19	49190531	U:CC[T>C]TT	1	926035.0	2703601819
JG0139b	19	49460145	U:CC[T>C]CA	1	269614.0	2703871433
JG0139b	19	49710416	U:GC[T>C]TC	1	250271.0	2704121704
JG0139b	19	49783615	T:GC[T>C]CC	-1	73199.0	2704194903
JG0139b	19	49806485	U:CC[T>C]TT	1	22870.0	2704217773
JG0139b	19	50151034	N:GG[T>G]GT	-1	344549.0	2704562322
JG0139b	19	50745080	N:TC[T>C]CA	-1	594046.0	2705156368
JG0139b	19	50868630	T:GC[T>C]TT	-1	123550.0	2705279918
JG0139b	19	51383143	T:TC[T>C]CC	1	514513.0	2705794431
JG0139b	19	51557930	N:TC[T>C]TA	1	174787.0	2705969218
JG0139b	19	51672392	N:GC[T>G]TT	-1	114462.0	2706083680
JG0139b	19	51905050	N:TC[T>G]TC	1	232658.0	2706316338
JG0139b	19	52061888	U:TC[T>C]TC	-1	156838.0	2706473176
JG0139b	19	52436384	U:TC[T>C]CT	1	374496.0	2706847672
JG0139b	19	52462266	T:CT[T>G]CA	-1	25882.0	2706873554
JG0139b	19	52494487	T:GG[T>G]CT	-1	32221.0	2706905775
JG0139b	19	53974871	T:GG[T>C]CA	-1	1480384.0	2708386159
JG0139b	19	54486503	N:TT[T>G]TT	-1	511632.0	2708897791
JG0139b	19	55492686	T:CC[T>C]CT	-1	1006183.0	2709903974
JG0139b	19	55777940	N:GC[T>G]GA	1	285254.0	2710189228
JG0139b	19	56379415	U:CC[T>G]TG	-1	601475.0	2710790703
JG0139b	19	56385508	U:TC[T>G]TG	-1	6093.0	2710796796
JG0139b	19	57043359	N:CC[T>C]CT	1	657851.0	2711454647
JG0139b	19	58251601	U:TC[T>G]TG	1	1208242.0	2712662889
JG0139b	19	58256896	T:CC[T>G]GC	-1	5295.0	2712668184
JG0139b	19	58379545	T:CC[T>G]TG	1	122649.0	2712790833
JG0139b	20	210961	N:AC[T>C]TC	-1		2713239865
JG0139b	20	322004	N:GC[T>G]TT	-1	111043.0	2713350908
JG0139b	20	329883	T:TC[T>G]TC	-1	7879.0	2713358787
JG0139b	20	939972	N:GC[T>G]TC	-1	610089.0	2713968876
JG0139b	20	970912	U:GC[T>A]TA	-1	30940.0	2713999816
JG0139b	20	996189	T:AC[T>A]CT	1	25277.0	2714025093
JG0139b	20	1044557	N:CC[T>A]CT	-1	48368.0	2714073461
JG0139b	20	1187161	T:TC[T>C]CT	-1	142604.0	2714216065
JG0139b	20	1212510	N:TC[T>C]CG	1	25349.0	2714241414
JG0139b	20	1583074	T:TG[T>C]GA	1	370564.0	2714611978
JG0139b	20	2516259	U:CC[T>C]CC	-1	933185.0	2715545163
JG0139b	20	2582278	T:AA[T>G]TT	-1	66019.0	2715611182
JG0139b	20	2770168	N:TC[T>C]TG	-1	187890.0	2715799072
JG0139b	20	2812801	N:CC[T>C]TC	1	42633.0	2715841705
JG0139b	20	3042219	N:TC[T>G]TG	-1	229418.0	2716071123
JG0139b	20	3049358	N:CC[T>C]GC	-1	7139.0	2716078262
JG0139b	20	3077732	N:TC[T>C]CC	1	28374.0	2716106636
JG0139b	20	3205471	N:AC[T>G]TC	-1	127739.0	2716234375
JG0139b	20	3366990	T:TC[T>A]TC	1	161519.0	2716395894
JG0139b	20	3411722	N:TC[T>A]TA	-1	44732.0	2716440626
JG0139b	20	3520596	T:CA[T>G]TT	-1	108874.0	2716549500
JG0139b	20	3532878	U:CC[T>C]CA	1	12282.0	2716561782
JG0139b	20	3659061	N:TC[T>G]TC	-1	126183.0	2716687965
JG0139b	20	3706074	T:GC[T>G]TT	1	47013.0	2716734978
JG0139b	20	3783132	N:AC[T>C]TC	-1	77058.0	2716812036
JG0139b	20	3877006	N:AC[T>C]CA	-1	93874.0	2716905910
JG0139b	20	3922508	U:TC[T>C]TC	1	45502.0	2716951412
JG0139b	20	3950352	U:TC[T>A]TT	-1	27844.0	2716979256
JG0139b	20	4056937	N:TC[T>C]TG	1	106585.0	2717085841
JG0139b	20	4478475	N:AT[T>G]TA	-1	421538.0	2717507379
JG0139b	20	4962760	U:CC[T>C]CC	-1	484285.0	2717991664
JG0139b	20	5032446	N:AC[T>C]TG	-1	69686.0	2718061350
JG0139b	20	5047171	N:GA[T>G]TC	1	14725.0	2718076075
JG0139b	20	5539614	N:GC[T>A]TG	-1	492443.0	2718568518
JG0139b	20	5916366	T:CC[T>G]TC	-1	376752.0	2718945270
JG0139b	20	5945454	T:GC[T>A]TT	1	29088.0	2718974358
JG0139b	20	6092034	U:CC[T>A]GG	-1	146580.0	2719120938
JG0139b	20	6317872	N:AC[T>C]CC	-1	225838.0	2719346776
JG0139b	20	6605680	N:CC[T>A]TC	-1	287808.0	2719634584
JG0139b	20	6723065	N:AC[T>A]CA	1	117385.0	2719751969
JG0139b	20	6893132	N:AC[T>C]TC	-1	170067.0	2719922036
JG0139b	20	6937817	N:TG[T>G]TG	1	44685.0	2719966721
JG0139b	20	6981874	N:CC[T>G]TG	1	44057.0	2720010778
JG0139b	20	7033775	N:AC[T>G]TT	1	51901.0	2720062679
JG0139b	20	7034342	N:GC[T>C]TT	1	567.0	2720063246
JG0139b	20	7289281	N:CC[T>C]CC	-1	254939.0	2720318185
JG0139b	20	7567530	N:TC[T>C]CC	-1	278249.0	2720596434
JG0139b	20	7605205	N:TC[T>C]TG	-1	37675.0	2720634109
JG0139b	20	8166165	U:GC[T>G]TC	1	560960.0	2721195069
JG0139b	20	8284868	U:TC[T>C]TC	1	118703.0	2721313772
JG0139b	20	8310215	T:CC[T>G]TT	-1	25347.0	2721339119
JG0139b	20	8369990	T:TC[T>G]TA	-1	59775.0	2721398894
JG0139b	20	8376684	U:AC[T>G]TT	1	6694.0	2721405588
JG0139b	20	9252557	U:GC[T>G]TT	1	875873.0	2722281461
JG0139b	20	9389567	U:TC[T>G]GA	1	137010.0	2722418471
JG0139b	20	9586746	T:AA[T>G]TA	1	197179.0	2722615650
JG0139b	20	9909502	N:AC[T>C]TG	1	322756.0	2722938406
JG0139b	20	10074439	N:CC[T>A]CC	-1	164937.0	2723103343
JG0139b	20	10251671	T:AA[T>A]CA	-1	177232.0	2723280575
JG0139b	20	10253673	T:TC[T>C]CA	-1	2002.0	2723282577
JG0139b	20	10274889	T:TG[T>G]CT	-1	21216.0	2723303793
JG0139b	20	10343512	N:TC[T>C]TC	1	68623.0	2723372416
JG0139b	20	10580382	U:TC[T>A]CA	1	236870.0	2723609286
JG0139b	20	10643927	T:AC[T>A]CA	1	63545.0	2723672831
JG0139b	20	11376643	N:TC[T>A]TA	1	732716.0	2724405547
JG0139b	20	11394174	N:GC[T>G]TG	-1	17531.0	2724423078
JG0139b	20	11566728	N:GC[T>G]TT	1	172554.0	2724595632
JG0139b	20	11686347	N:GC[T>C]CC	1	119619.0	2724715251
JG0139b	20	11697246	N:CC[T>C]TC	-1	10899.0	2724726150
JG0139b	20	11714650	N:AC[T>A]TG	1	17404.0	2724743554
JG0139b	20	11849485	N:TC[T>C]TC	-1	134835.0	2724878389
JG0139b	20	11850104	N:CC[T>G]TC	1	619.0	2724879008
JG0139b	20	11906703	U:AC[T>G]TT	1	56599.0	2724935607
JG0139b	20	12041224	N:CC[T>G]TG	1	134521.0	2725070128
JG0139b	20	12238800	N:GC[T>G]CT	1	197576.0	2725267704
JG0139b	20	12328944	N:TC[T>G]TT	1	90144.0	2725357848
JG0139b	20	12360147	N:AC[T>G]TC	1	31203.0	2725389051
JG0139b	20	12546867	N:TC[T>G]TT	1	186720.0	2725575771
JG0139b	20	12646624	N:AC[T>C]CT	-1	99757.0	2725675528
JG0139b	20	13071179	T:GG[T>G]TT	-1	424555.0	2726100083
JG0139b	20	13192606	N:GC[T>C]CA	1	121427.0	2726221510
JG0139b	20	13492455	T:AC[T>G]TC	1	299849.0	2726521359
JG0139b	20	13569282	T:TC[T>A]TT	1	76827.0	2726598186
JG0139b	20	13634473	T:TG[T>C]AA	1	65191.0	2726663377
JG0139b	20	13691458	N:TC[T>C]TG	-1	56985.0	2726720362
JG0139b	20	13724624	T:TC[T>C]CA	1	33166.0	2726753528
JG0139b	20	14009274	T:TG[T>G]TT	-1	284650.0	2727038178
JG0139b	20	14395125	U:TC[T>G]TC	1	385851.0	2727424029
JG0139b	20	14648659	T:CC[T>A]CT	-1	253534.0	2727677563
JG0139b	20	14671180	T:TG[T>C]CA	-1	22521.0	2727700084
JG0139b	20	14983881	T:GC[T>C]TC	-1	312701.0	2728012785
JG0139b	20	14996398	T:GC[T>G]TT	-1	12517.0	2728025302
JG0139b	20	15386246	U:TG[T>A]TA	1	389848.0	2728415150
JG0139b	20	15748209	U:TC[C>A]TA	1	361963.0	2728777113
JG0139b	20	15781538	U:GC[T>G]TC	1	33329.0	2728810442
JG0139b	20	16403203	T:TC[T>A]TC	1	621665.0	2729432107
JG0139b	20	16450236	U:TC[T>A]TT	-1	47033.0	2729479140
JG0139b	20	16513082	T:TC[T>G]AC	1	62846.0	2729541986
JG0139b	20	16526785	U:GG[T>A]TC	-1	13703.0	2729555689
JG0139b	20	16545814	U:AC[T>G]TC	-1	19029.0	2729574718
JG0139b	20	16810215	N:TC[T>G]TC	-1	264401.0	2729839119
JG0139b	20	17108204	N:GC[T>C]CT	-1	297989.0	2730137108
JG0139b	20	17189451	N:AT[T>C]CT	1	81247.0	2730218355
JG0139b	20	17505451	T:GC[T>C]TC	1	316000.0	2730534355
JG0139b	20	17568115	N:GT[C>T]TG	1	62664.0	2730597019
JG0139b	20	17668871	T:GC[T>C]TA	1	100756.0	2730697775
JG0139b	20	18200606	N:TC[T>A]CT	1	531735.0	2731229510
JG0139b	20	18742313	U:AC[T>G]TA	1	541707.0	2731771217
JG0139b	20	18859504	N:GC[T>C]CC	1	117191.0	2731888408
JG0139b	20	18885422	N:AC[T>C]TC	1	25918.0	2731914326
JG0139b	20	19106456	N:GC[T>G]TG	1	221034.0	2732135360
JG0139b	20	19255153	U:TG[T>G]TT	1	148697.0	2732284057
JG0139b	20	19263308	T:TC[T>C]CA	-1	8155.0	2732292212
JG0139b	20	19377861	U:AC[T>G]AC	1	114553.0	2732406765
JG0139b	20	19810432	N:TC[T>C]TG	-1	432571.0	2732839336
JG0139b	20	20284609	U:TC[T>C]TA	1	474177.0	2733313513
JG0139b	20	20363074	N:CC[T>A]CC	-1	78465.0	2733391978
JG0139b	20	20443223	U:AG[T>A]TT	-1	80149.0	2733472127
JG0139b	20	20583603	U:AC[T>A]TG	-1	140380.0	2733612507
JG0139b	20	20601830	U:CC[T>C]CA	-1	18227.0	2733630734
JG0139b	20	20684326	U:GC[T>G]TT	-1	82496.0	2733713230
JG0139b	20	20803197	N:TT[T>G]TG	1	118871.0	2733832101
JG0139b	20	20895454	N:AC[T>G]TG	1	92257.0	2733924358
JG0139b	20	21186603	U:GC[T>C]TT	1	291149.0	2734215507
JG0139b	20	21936687	N:AG[T>G]TT	1	750084.0	2734965591
JG0139b	20	21956251	N:TC[T>C]TC	1	19564.0	2734985155
JG0139b	20	22211027	N:CT[T>G]TG	-1	254776.0	2735239931
JG0139b	20	22536873	N:CC[T>C]GT	-1	325846.0	2735565777
JG0139b	20	22718465	N:CC[T>C]TG	-1	181592.0	2735747369
JG0139b	20	23076774	N:AA[C>G]TG	-1	358309.0	2736105678
JG0139b	20	23221751	N:TG[T>G]TT	1	144977.0	2736250655
JG0139b	20	23226756	N:AC[T>G]TC	1	5005.0	2736255660
JG0139b	20	23441860	T:GC[T>A]TT	-1	215104.0	2736470764
JG0139b	20	23766718	N:GG[T>C]GC	1	324858.0	2736795622
JG0139b	20	24198274	N:AC[T>C]TG	1	431556.0	2737227178
JG0139b	20	24363266	N:CC[T>G]CA	1	164992.0	2737392170
JG0139b	20	24499776	T:CC[T>A]TG	-1	136510.0	2737528680
JG0139b	20	24802387	N:GC[T>C]GG	1	302611.0	2737831291
JG0139b	20	24808207	N:GC[C>A]TC	1	5820.0	2737837111
JG0139b	20	24928720	N:GC[T>A]CC	1	120513.0	2737957624
JG0139b	20	25395518	N:TC[T>C]TA	1	466798.0	2738424422
JG0139b	20	25945613	N:AC[T>G]CA	1	550095.0	2738974517
JG0139b	20	26319274	N:TC[T>C]GC	-1	373661.0	2739348178
JG0139b	20	26553419	N:GC[T>G]TT	1	234145.0	2739582323
JG0139b	20	26708868	N:GA[T>G]TT	1	155449.0	2739737772
JG0139b	20	26896233	N:TA[T>A]TT	-1	187365.0	2739925137
JG0139b	20	26906553	N:TC[T>C]TG	-1	10320.0	2739935457
JG0139b	20	26982193	N:AC[T>C]TC	-1	75640.0	2740011097
JG0139b	20	26984598	N:CG[T>G]TA	-1	2405.0	2740013502
JG0139b	20	27055781	N:AC[T>G]TT	1	71183.0	2740084685
JG0139b	20	27190826	N:GC[T>G]TC	-1	135045.0	2740219730
JG0139b	20	27342468	N:GC[T>C]CT	-1	151642.0	2740371372
JG0139b	20	27419883	N:CG[T>G]TT	-1	77415.0	2740448787
JG0139b	20	27504831	N:AC[T>G]TC	-1	84948.0	2740533735
JG0139b	20	27705098	N:AC[T>G]TC	1	200267.0	2740734002
JG0139b	20	27902159	N:AC[T>C]TC	-1	197061.0	2740931063
JG0139b	20	28142373	N:TC[T>C]TG	-1	240214.0	2741171277
JG0139b	20	28380445	N:AG[T>G]TT	1	238072.0	2741409349
JG0139b	20	28409529	N:TC[T>A]TG	-1	29084.0	2741438433
JG0139b	20	28442583	N:AG[T>G]TT	-1	33054.0	2741471487
JG0139b	20	28624612	N:GC[T>G]TC	1	182029.0	2741653516
JG0139b	20	28774535	N:AC[T>A]TT	-1	149923.0	2741803439
JG0139b	20	28886465	N:GC[T>G]TC	1	111930.0	2741915369
JG0139b	20	29434424	N:TC[T>C]TT	-1	547959.0	2742463328
JG0139b	20	29543740	N:AC[T>C]AC	-1	109316.0	2742572644
JG0139b	20	29642079	N:TC[T>C]CC	-1	98339.0	2742670983
JG0139b	20	29673129	N:TT[T>G]TT	1	31050.0	2742702033
JG0139b	20	29703175	N:TG[T>C]GA	1	30046.0	2742732079
JG0139b	20	29713657	N:AC[T>C]TG	-1	10482.0	2742742561
JG0139b	20	29736138	N:AG[T>C]TC	-1	22481.0	2742765042
JG0139b	20	29765453	N:TC[T>C]CA	1	29315.0	2742794357
JG0139b	20	29840004	N:TC[T>A]CA	-1	74551.0	2742868908
JG0139b	20	30019240	N:AC[T>A]CT	1	179236.0	2743048144
JG0139b	20	30351861	N:CA[T>G]TT	1	332621.0	2743380765
JG0139b	20	30415277	N:GG[T>C]TT	1	63416.0	2743444181
JG0139b	20	30517636	N:GG[T>G]TT	1	102359.0	2743546540
JG0139b	20	30863038	N:GC[T>G]TA	1	345402.0	2743891942
JG0139b	20	30901366	N:CC[T>A]CC	-1	38328.0	2743930270
JG0139b	20	31068127	N:AC[T>C]CG	-1	166761.0	2744097031
JG0139b	20	31223547	N:AC[T>A]CG	1	155420.0	2744252451
JG0139b	20	31277695	N:TC[T>A]TC	-1	54148.0	2744306599
JG0139b	20	31557072	U:AC[T>A]TC	1	279377.0	2744585976
JG0139b	20	31671748	T:TC[T>C]CC	1	114676.0	2744700652
JG0139b	20	31797459	T:TG[T>G]TT	-1	125711.0	2744826363
JG0139b	20	31879030	U:AC[T>G]TC	1	81571.0	2744907934
JG0139b	20	31954323	N:GG[T>C]GT	-1	75293.0	2744983227
JG0139b	20	32253660	N:CC[T>G]TG	-1	299337.0	2745282564
JG0139b	20	32256924	N:CC[T>G]TG	-1	3264.0	2745285828
JG0139b	20	32279007	U:CC[T>C]CC	1	22083.0	2745307911
JG0139b	20	32809806	N:GC[T>G]AC	1	530799.0	2745838710
JG0139b	20	32976752	N:GC[T>C]TC	1	166946.0	2746005656
JG0139b	20	32990972	T:TG[T>C]TG	1	14220.0	2746019876
JG0139b	20	33268244	N:TC[T>G]TT	-1	277272.0	2746297148
JG0139b	20	33378987	T:TC[T>C]CA	1	110743.0	2746407891
JG0139b	20	33502395	U:TC[T>G]TC	1	123408.0	2746531299
JG0139b	20	33900930	N:CC[T>C]TC	-1	398535.0	2746929834
JG0139b	20	34026915	T:TC[T>G]TA	-1	125985.0	2747055819
JG0139b	20	34030412	U:GT[C>A]TG	1	3497.0	2747059316
JG0139b	20	34207672	T:AC[T>C]TA	-1	177260.0	2747236576
JG0139b	20	34213985	U:AC[T>G]TC	1	6313.0	2747242889
JG0139b	20	34233625	U:TC[T>C]CT	1	19640.0	2747262529
JG0139b	20	34267579	U:GC[T>C]GG	1	33954.0	2747296483
JG0139b	20	34307627	T:GC[T>G]TC	1	40048.0	2747336531
JG0139b	20	34390297	U:GC[T>C]TA	1	82670.0	2747419201
JG0139b	20	34907168	T:AC[T>C]CC	-1	516871.0	2747936072
JG0139b	20	34927482	U:TC[T>C]CC	1	20314.0	2747956386
JG0139b	20	35035019	T:AC[T>G]CT	1	107537.0	2748063923
JG0139b	20	35389862	U:TC[T>G]TA	-1	354843.0	2748418766
JG0139b	20	35424465	N:AC[T>A]CT	1	34603.0	2748453369
JG0139b	20	35738711	T:TC[T>G]AA	1	314246.0	2748767615
JG0139b	20	36046733	N:AC[T>C]TA	1	308022.0	2749075637
JG0139b	20	36064006	N:GG[T>C]CT	1	17273.0	2749092910
JG0139b	20	36148511	U:GC[T>G]GA	1	84505.0	2749177415
JG0139b	20	36240908	T:CC[T>C]TC	-1	92397.0	2749269812
JG0139b	20	36620089	T:CC[T>G]CA	1	379181.0	2749648993
JG0139b	20	37119134	T:TT[C>A]TT	1	499045.0	2750148038
JG0139b	20	37305252	T:CC[T>C]CA	-1	186118.0	2750334156
JG0139b	20	37434728	N:TC[T>G]TG	1	129476.0	2750463632
JG0139b	20	37501218	N:CC[T>G]TC	1	66490.0	2750530122
JG0139b	20	37609814	N:CC[T>C]GC	-1	108596.0	2750638718
JG0139b	20	38007429	T:TC[T>A]CA	1	397615.0	2751036333
JG0139b	20	38553451	T:TC[T>G]GG	-1	546022.0	2751582355
JG0139b	20	38562280	U:CA[T>C]TA	1	8829.0	2751591184
JG0139b	20	39085513	N:TG[T>G]TA	1	523233.0	2752114417
JG0139b	20	39232168	N:TC[T>A]CT	1	146655.0	2752261072
JG0139b	20	39405573	N:CC[T>C]TG	-1	173405.0	2752434477
JG0139b	20	40072122	N:TC[T>C]CC	-1	666549.0	2753101026
JG0139b	20	40921222	N:TG[T>G]GA	-1	849100.0	2753950126
JG0139b	20	40980308	N:GC[T>C]CA	-1	59086.0	2754009212
JG0139b	20	41057252	U:AG[T>G]GC	1	76944.0	2754086156
JG0139b	20	41058751	U:TC[T>A]TA	1	1499.0	2754087655
JG0139b	20	41071847	U:AA[T>G]TG	1	13096.0	2754100751
JG0139b	20	41410632	U:AC[T>A]CC	-1	338785.0	2754439536
JG0139b	20	41553342	T:TC[T>C]TC	1	142710.0	2754582246
JG0139b	20	41703508	N:GA[T>G]TC	1	150166.0	2754732412
JG0139b	20	41711238	N:CG[T>G]TT	1	7730.0	2754740142
JG0139b	20	41713475	N:AC[T>A]CT	1	2237.0	2754742379
JG0139b	20	41880913	N:TC[T>G]TC	-1	167438.0	2754909817
JG0139b	20	42044166	N:CC[T>G]TG	-1	163253.0	2755073070
JG0139b	20	42084958	T:TC[T>C]AA	1	40792.0	2755113862
JG0139b	20	42239272	T:AG[T>G]TG	1	154314.0	2755268176
JG0139b	20	42266189	T:GC[T>A]GA	1	26917.0	2755295093
JG0139b	20	42319361	T:GC[T>G]TA	1	53172.0	2755348265
JG0139b	20	42351890	U:AA[T>C]TA	-1	32529.0	2755380794
JG0139b	20	42475655	T:GG[T>C]CT	1	123765.0	2755504559
JG0139b	20	42529272	U:CC[T>C]TT	-1	53617.0	2755558176
JG0139b	20	42866345	U:TG[T>A]GA	-1	337073.0	2755895249
JG0139b	20	42880080	T:AC[T>C]CC	1	13735.0	2755908984
JG0139b	20	42942224	T:AC[T>G]TG	1	62144.0	2755971128
JG0139b	20	42945944	U:TG[T>C]GC	-1	3720.0	2755974848
JG0139b	20	42963938	T:GC[T>C]TT	1	17994.0	2755992842
JG0139b	20	43116333	U:TG[T>C]GT	-1	152395.0	2756145237
JG0139b	20	43196866	N:AC[T>C]TT	-1	80533.0	2756225770
JG0139b	20	43352860	N:CA[T>C]TG	1	155994.0	2756381764
JG0139b	20	43414976	N:CC[T>C]TC	-1	62116.0	2756443880
JG0139b	20	43688726	T:GC[T>A]CA	-1	273750.0	2756717630
JG0139b	20	43857871	N:CC[T>C]TT	1	169145.0	2756886775
JG0139b	20	44019234	U:GC[T>A]TC	1	161363.0	2757048138
JG0139b	20	44022047	T:CC[T>G]TC	-1	2813.0	2757050951
JG0139b	20	44121688	U:AC[T>A]CC	-1	99641.0	2757150592
JG0139b	20	44183235	T:GC[T>A]TT	1	61547.0	2757212139
JG0139b	20	44355325	N:AC[T>C]GT	-1	172090.0	2757384229
JG0139b	20	45103714	N:TC[T>G]TA	-1	748389.0	2758132618
JG0139b	20	45205270	N:AG[T>C]TG	-1	101556.0	2758234174
JG0139b	20	45928162	N:GG[T>A]TT	1	722892.0	2758957066
JG0139b	20	46094858	N:TC[T>C]CC	-1	166696.0	2759123762
JG0139b	20	46565649	U:AC[T>C]CC	-1	470791.0	2759594553
JG0139b	20	46567771	T:CC[T>C]TA	1	2122.0	2759596675
JG0139b	20	46743313	N:TG[T>C]GA	-1	175542.0	2759772217
JG0139b	20	47088351	U:TC[T>A]TC	1	345038.0	2760117255
JG0139b	20	47220261	U:GC[T>C]CT	-1	131910.0	2760249165
JG0139b	20	47388292	N:TC[T>C]CA	1	168031.0	2760417196
JG0139b	20	47456685	N:CC[T>G]CA	1	68393.0	2760485589
JG0139b	20	47517234	U:CC[T>G]TA	1	60549.0	2760546138
JG0139b	20	47547385	U:TG[T>G]TG	1	30151.0	2760576289
JG0139b	20	48252884	N:GG[T>G]TT	-1	705499.0	2761281788
JG0139b	20	48275780	N:AC[T>C]GC	-1	22896.0	2761304684
JG0139b	20	48300356	N:AC[T>G]TA	1	24576.0	2761329260
JG0139b	20	48605556	N:TC[T>C]TA	-1	305200.0	2761634460
JG0139b	20	48820371	T:GG[C>A]AA	1	214815.0	2761849275
JG0139b	20	49107492	N:CC[T>C]CA	-1	287121.0	2762136396
JG0139b	20	49171965	U:TC[T>G]TG	-1	64473.0	2762200869
JG0139b	20	49192181	N:TA[C>G]TA	1	20216.0	2762221085
JG0139b	20	49312488	U:CC[T>G]TG	-1	120307.0	2762341392
JG0139b	20	49361087	T:TG[T>G]GT	1	48599.0	2762389991
JG0139b	20	49424237	T:GC[T>C]TG	1	63150.0	2762453141
JG0139b	20	49454377	U:CC[T>A]CC	-1	30140.0	2762483281
JG0139b	20	49708766	T:GG[T>C]GA	1	254389.0	2762737670
JG0139b	20	49751575	N:GC[T>G]TC	-1	42809.0	2762780479
JG0139b	20	49962593	N:TC[C>G]CA	-1	211018.0	2762991497
JG0139b	20	50313815	N:GC[T>G]TA	-1	351222.0	2763342719
JG0139b	20	50398032	N:AC[T>C]TC	1	84217.0	2763426936
JG0139b	20	50399464	N:CC[T>C]TC	-1	1432.0	2763428368
JG0139b	20	50448790	N:AC[T>C]TA	1	49326.0	2763477694
JG0139b	20	50517851	U:GC[T>G]TG	1	69061.0	2763546755
JG0139b	20	50560583	U:TC[T>A]CC	1	42732.0	2763589487
JG0139b	20	50662497	U:AG[T>C]CA	-1	101914.0	2763691401
JG0139b	20	50976939	N:AG[T>G]TA	1	314442.0	2764005843
JG0139b	20	51000301	N:CC[T>G]GT	1	23362.0	2764029205
JG0139b	20	51014236	T:TC[T>G]CC	1	13935.0	2764043140
JG0139b	20	51122138	N:AC[T>G]TG	-1	107902.0	2764151042
JG0139b	20	51185676	N:AG[T>G]TT	-1	63538.0	2764214580
JG0139b	20	51347031	N:TG[C>A]TG	1	161355.0	2764375935
JG0139b	20	51420277	U:GC[T>A]CC	-1	73246.0	2764449181
JG0139b	20	51512704	T:GC[T>C]TA	1	92427.0	2764541608
JG0139b	20	51883099	N:AC[T>C]TC	1	370395.0	2764912003
JG0139b	20	52300802	N:AG[T>G]CA	1	417703.0	2765329706
JG0139b	20	52855873	N:GC[T>C]TT	-1	555071.0	2765884777
JG0139b	20	52932240	N:GC[T>G]CA	1	76367.0	2765961144
JG0139b	20	53077719	T:CC[T>G]TT	-1	145479.0	2766106623
JG0139b	20	53418838	T:CC[T>G]TT	-1	341119.0	2766447742
JG0139b	20	53501182	N:CC[T>C]CA	1	82344.0	2766530086
JG0139b	20	53733080	N:TC[T>G]TC	-1	231898.0	2766761984
JG0139b	20	53852848	N:CC[T>C]TC	-1	119768.0	2766881752
JG0139b	20	54398370	N:AC[T>C]GA	-1	545522.0	2767427274
JG0139b	20	54423586	N:TC[T>G]TG	1	25216.0	2767452490
JG0139b	20	54497193	T:AC[T>G]TC	-1	73607.0	2767526097
JG0139b	20	54693183	N:AC[T>A]TT	-1	195990.0	2767722087
JG0139b	20	54742750	N:TC[T>C]TC	-1	49567.0	2767771654
JG0139b	20	54826687	N:GA[T>G]TT	-1	83937.0	2767855591
JG0139b	20	54970684	N:AC[T>G]TT	-1	143997.0	2767999588
JG0139b	20	54973165	N:GC[T>C]CA	1	2481.0	2768002069
JG0139b	20	55079342	N:AC[T>G]TT	-1	106177.0	2768108246
JG0139b	20	55132799	N:AC[T>C]CT	-1	53457.0	2768161703
JG0139b	20	55376028	N:TC[T>G]TG	-1	243229.0	2768404932
JG0139b	20	55568238	N:AG[C>A]TG	1	192210.0	2768597142
JG0139b	20	55901182	N:CC[T>C]GT	1	332944.0	2768930086
JG0139b	20	55996192	N:TC[T>C]TC	-1	95010.0	2769025096
JG0139b	20	56004592	U:TC[T>C]TT	-1	8400.0	2769033496
JG0139b	20	56011575	N:TC[T>A]TA	-1	6983.0	2769040479
JG0139b	20	56245021	N:AC[T>G]TC	-1	233446.0	2769273925
JG0139b	20	56988223	N:TC[T>G]CC	1	743202.0	2770017127
JG0139b	20	57052969	N:AC[T>G]TT	-1	64746.0	2770081873
JG0139b	20	57337435	U:AC[T>A]CA	1	284466.0	2770366339
JG0139b	20	57359333	B:GC[T>G]TA	-1	21898.0	2770388237
JG0139b	20	57748281	N:GC[T>C]CA	-1	388948.0	2770777185
JG0139b	20	57854212	N:CC[T>C]TG	-1	105931.0	2770883116
JG0139b	20	57870125	N:GC[T>G]TA	-1	15913.0	2770899029
JG0139b	20	58143928	N:TC[T>C]CC	-1	273803.0	2771172832
JG0139b	20	58552163	N:TC[T>G]TG	-1	408235.0	2771581067
JG0139b	20	58560464	N:TC[T>C]TT	-1	8301.0	2771589368
JG0139b	20	58747495	N:GC[T>C]TC	-1	187031.0	2771776399
JG0139b	20	58828272	N:TC[T>A]TT	1	80777.0	2771857176
JG0139b	20	59070244	N:AC[T>G]TT	-1	241972.0	2772099148
JG0139b	20	59226621	T:TC[T>G]TC	-1	156377.0	2772255525
JG0139b	20	59266918	N:AC[T>A]CC	1	40297.0	2772295822
JG0139b	20	59600966	U:GC[T>G]TT	1	334048.0	2772629870
JG0139b	20	59713038	U:CC[T>C]TG	1	112072.0	2772741942
JG0139b	20	59833490	U:GC[T>A]CA	1	120452.0	2772862394
JG0139b	20	59866341	U:AA[T>G]TT	-1	32851.0	2772895245
JG0139b	20	59920128	U:AC[T>C]TG	-1	53787.0	2772949032
JG0139b	20	60245720	N:CG[T>G]AA	1	325592.0	2773274624
JG0139b	20	60431633	N:GC[T>C]TG	1	185913.0	2773460537
JG0139b	20	60617311	N:CC[T>G]TG	1	185678.0	2773646215
JG0139b	20	60757304	N:TC[T>A]TA	-1	139993.0	2773786208
JG0139b	20	61715955	T:AC[T>C]TT	-1	958651.0	2774744859
JG0139b	20	61997655	T:AG[T>G]TC	1	281700.0	2775026559
JG0139b	20	62068061	N:GC[T>A]CC	-1	70406.0	2775096965
JG0139b	20	62097306	N:CC[T>C]GC	1	29245.0	2775126210
JG0139b	20	62104893	N:TC[T>G]TG	-1	7587.0	2775133797
JG0139b	20	62112303	N:GG[T>C]GC	1	7410.0	2775141207
JG0139b	20	62412870	T:AC[T>A]CT	1	300567.0	2775441774
JG0139b	20	62435569	N:TC[T>G]TT	1	22699.0	2775464473
JG0139b	20	62712289	U:GC[T>C]GA	1	276720.0	2775741193
JG0139b	20	62724341	T:CC[T>C]TT	-1	12052.0	2775753245
JG0139b	20	62826670	T:CC[T>C]TC	-1	102329.0	2775855574
JG0139b	20	62960498	U:TG[T>G]TG	1	133828.0	2775989402
JG0139b	20	63200449	U:GG[T>A]CA	-1	239951.0	2776229353
JG0139b	20	63323569	U:CC[T>C]CT	1	123120.0	2776352473
JG0139b	20	63479197	N:GC[T>C]CC	1	155628.0	2776508101
JG0139b	20	63685895	U:GC[T>C]CC	1	206698.0	2776714799
JG0139b	20	63974515	U:TC[T>G]TG	-1	288620.0	2777003419
JG0139b	21	5227682	N:TC[T>A]CT	1		2782700753
JG0139b	21	5235376	N:TG[T>A]CT	1	7694.0	2782708447
JG0139b	21	5591948	N:CG[T>A]CT	1	356572.0	2783065019
JG0139b	21	6257893	N:GC[T>A]CT	1	665945.0	2783730964
JG0139b	21	6376430	N:AC[T>C]TT	1	118537.0	2783849501
JG0139b	21	6461201	T:TC[T>G]TC	1	84771.0	2783934272
JG0139b	21	6681105	N:CC[T>G]TT	1	219904.0	2784154176
JG0139b	21	6703609	N:TG[T>G]GC	1	22504.0	2784176680
JG0139b	21	6904043	N:CC[T>C]AG	-1	200434.0	2784377114
JG0139b	21	7208018	N:AC[T>C]CT	1	303975.0	2784681089
JG0139b	21	7271639	N:TC[T>G]TC	1	63621.0	2784744710
JG0139b	21	7846806	N:TG[T>A]TC	1	575167.0	2785319877
JG0139b	21	7931989	N:TT[C>A]CA	1	85183.0	2785405060
JG0139b	21	8176180	N:GA[T>G]TA	1	244191.0	2785649251
JG0139b	21	8189805	N:AG[T>C]TG	1	13625.0	2785662876
JG0139b	21	8391717	N:CC[T>C]CG	1	201912.0	2785864788
JG0139b	21	8536002	N:AC[T>C]AA	1	144285.0	2786009073
JG0139b	21	8555308	N:AC[T>G]CT	-1	19306.0	2786028379
JG0139b	21	8596644	N:TG[T>G]CT	-1	41336.0	2786069715
JG0139b	21	8626915	N:AG[T>C]TG	1	30271.0	2786099986
JG0139b	21	8627336	N:GC[T>G]TT	1	421.0	2786100407
JG0139b	21	9255931	N:TC[T>C]CT	1	628595.0	2786729002
JG0139b	21	9961264	N:TC[T>G]TT	-1	705333.0	2787434335
JG0139b	21	10115632	N:TG[T>C]TT	1	154368.0	2787588703
JG0139b	21	10484264	N:AC[T>C]GT	-1	368632.0	2787957335
JG0139b	21	10944372	N:CC[T>A]AC	-1	460108.0	2788417443
JG0139b	21	11026456	N:TC[T>C]TT	1	82084.0	2788499527
JG0139b	21	11372223	N:TC[T>C]CA	1	345767.0	2788845294
JG0139b	21	11528096	N:TC[T>G]CG	1	155873.0	2789001167
JG0139b	21	11963679	N:GC[T>G]TC	-1	435583.0	2789436750
JG0139b	21	12067383	N:GC[T>A]TC	-1	103704.0	2789540454
JG0139b	21	12101455	N:TC[T>C]TC	1	34072.0	2789574526
JG0139b	21	12190712	N:GC[T>G]TC	-1	89257.0	2789663783
JG0139b	21	12299918	N:CC[T>G]TT	-1	109206.0	2789772989
JG0139b	21	12301957	N:AG[T>G]TG	1	2039.0	2789775028
JG0139b	21	12438213	N:GC[T>G]TC	-1	136256.0	2789911284
JG0139b	21	12627234	N:TC[T>G]TT	1	189021.0	2790100305
JG0139b	21	12855856	N:TC[T>G]TC	-1	228622.0	2790328927
JG0139b	21	13203091	N:AC[T>G]AG	-1	347235.0	2790676162
JG0139b	21	13523612	N:AC[T>C]AA	-1	320521.0	2790996683
JG0139b	21	14009036	N:CC[T>C]CC	-1	485424.0	2791482107
JG0139b	21	14283951	N:AC[T>C]GC	-1	274915.0	2791757022
JG0139b	21	14503962	U:GC[T>C]CC	-1	220011.0	2791977033
JG0139b	21	15202824	N:GC[T>G]TG	1	698862.0	2792675895
JG0139b	21	15288970	N:TC[T>G]TT	-1	86146.0	2792762041
JG0139b	21	15583187	N:TC[T>C]TT	-1	294217.0	2793056258
JG0139b	21	15652337	N:TG[T>G]TT	-1	69150.0	2793125408
JG0139b	21	15661065	N:GA[T>G]TA	-1	8728.0	2793134136
JG0139b	21	16018114	N:GC[T>G]TA	1	357049.0	2793491185
JG0139b	21	16044390	N:AC[T>G]TT	1	26276.0	2793517461
JG0139b	21	16065716	N:TC[T>C]TC	1	21326.0	2793538787
JG0139b	21	16267593	N:AC[T>A]CA	1	201877.0	2793740664
JG0139b	21	16565432	N:AC[T>G]TA	-1	297839.0	2794038503
JG0139b	21	17167310	N:CC[T>G]TG	-1	601878.0	2794640381
JG0139b	21	17339608	N:CC[T>C]TG	-1	172298.0	2794812679
JG0139b	21	17553981	U:TC[T>G]TC	1	214373.0	2795027052
JG0139b	21	17657187	N:CA[C>A]CA	1	103206.0	2795130258
JG0139b	21	17717569	N:TC[T>G]TC	-1	60382.0	2795190640
JG0139b	21	17891052	N:TC[T>C]CC	-1	173483.0	2795364123
JG0139b	21	18140494	U:CC[T>C]TA	1	249442.0	2795613565
JG0139b	21	18149587	T:TC[T>G]TG	-1	9093.0	2795622658
JG0139b	21	18231721	U:TC[T>C]TT	1	82134.0	2795704792
JG0139b	21	18390557	T:AG[C>A]CT	1	158836.0	2795863628
JG0139b	21	18399559	T:TC[T>C]TA	1	9002.0	2795872630
JG0139b	21	18713491	N:CC[T>A]CC	-1	313932.0	2796186562
JG0139b	21	18891332	N:TG[T>G]TG	1	177841.0	2796364403
JG0139b	21	19178624	N:GC[T>C]TA	-1	287292.0	2796651695
JG0139b	21	19699689	N:GC[T>C]TG	1	521065.0	2797172760
JG0139b	21	20024001	N:AC[T>C]TT	1	324312.0	2797497072
JG0139b	21	20125937	N:GC[T>G]TA	1	101936.0	2797599008
JG0139b	21	20150753	N:AT[T>A]CT	1	24816.0	2797623824
JG0139b	21	20281399	N:CC[T>C]TT	-1	130646.0	2797754470
JG0139b	21	20383588	N:TC[T>A]TT	1	102189.0	2797856659
JG0139b	21	20822515	N:AC[T>G]TA	-1	438927.0	2798295586
JG0139b	21	21257339	U:TG[T>G]TT	1	434824.0	2798730410
JG0139b	21	21341449	T:TG[T>G]TG	-1	84110.0	2798814520
JG0139b	21	21382272	U:TT[T>G]CT	1	40823.0	2798855343
JG0139b	21	21575449	N:TC[T>C]TG	1	193177.0	2799048520
JG0139b	21	21837915	N:AC[T>A]TC	-1	262466.0	2799310986
JG0139b	21	21859063	N:TC[T>G]TT	-1	21148.0	2799332134
JG0139b	21	22097881	N:TC[T>C]TG	1	238818.0	2799570952
JG0139b	21	22316471	N:TC[T>C]CT	1	218590.0	2799789542
JG0139b	21	22625217	N:TC[T>G]GG	1	308746.0	2800098288
JG0139b	21	22638209	N:GG[T>C]CA	-1	12992.0	2800111280
JG0139b	21	22830582	N:CC[T>G]GC	1	192373.0	2800303653
JG0139b	21	22837558	N:AC[T>C]TT	1	6976.0	2800310629
JG0139b	21	23305069	N:GC[T>A]CA	-1	467511.0	2800778140
JG0139b	21	23769631	N:CC[T>G]TC	-1	464562.0	2801242702
JG0139b	21	25723232	T:TG[T>A]TT	1	1953601.0	2803196303
JG0139b	21	25817419	N:AC[T>G]TG	1	94187.0	2803290490
JG0139b	21	25864432	N:TC[T>G]TG	-1	47013.0	2803337503
JG0139b	21	25900639	T:TC[T>G]TG	1	36207.0	2803373710
JG0139b	21	26478700	U:CC[T>G]TT	-1	578061.0	2803951771
JG0139b	21	27025223	N:GG[T>G]TT	-1	546523.0	2804498294
JG0139b	21	27413358	N:AC[T>C]CG	-1	388135.0	2804886429
JG0139b	21	27441976	N:GC[T>C]TT	1	28618.0	2804915047
JG0139b	21	27652743	N:AG[T>A]TA	-1	210767.0	2805125814
JG0139b	21	27706873	N:GC[T>G]TG	1	54130.0	2805179944
JG0139b	21	27881186	N:CG[T>C]TG	1	174313.0	2805354257
JG0139b	21	27962459	N:TC[T>G]TG	1	81273.0	2805435530
JG0139b	21	28213317	N:AG[T>G]TT	1	250858.0	2805686388
JG0139b	21	28380928	N:GC[T>A]TT	1	167611.0	2805853999
JG0139b	21	28861851	N:GG[T>G]GA	-1	480923.0	2806334922
JG0139b	21	29294397	T:TC[T>G]TT	-1	432546.0	2806767468
JG0139b	21	29648498	U:GC[T>A]TC	-1	354101.0	2807121569
JG0139b	21	30622252	N:AC[T>A]TG	-1	973754.0	2808095323
JG0139b	21	30756120	N:CC[T>G]TA	-1	133868.0	2808229191
JG0139b	21	30834133	N:AC[T>G]TA	1	78013.0	2808307204
JG0139b	21	30981534	N:GC[T>C]TA	1	147401.0	2808454605
JG0139b	21	32061977	N:AC[T>A]TC	1	1080443.0	2809535048
JG0139b	21	32704369	U:TC[T>C]CT	-1	642392.0	2810177440
JG0139b	21	32767671	T:GC[T>A]TT	1	63302.0	2810240742
JG0139b	21	32959956	N:CC[T>C]CT	1	192285.0	2810433027
JG0139b	21	33370729	N:GC[T>A]CT	-1	410773.0	2810843800
JG0139b	21	33400732	N:GG[T>G]TC	1	30003.0	2810873803
JG0139b	21	33674515	B:AA[T>C]TA	1	273783.0	2811147586
JG0139b	21	33784270	B:TC[T>G]CG	-1	109755.0	2811257341
JG0139b	21	34092404	T:CC[T>G]TC	-1	308134.0	2811565475
JG0139b	21	34413381	N:GC[T>C]TA	1	320977.0	2811886452
JG0139b	21	35146043	U:GC[T>C]CT	-1	732662.0	2812619114
JG0139b	21	35162376	U:AC[T>A]TG	-1	16333.0	2812635447
JG0139b	21	35238672	T:TT[T>C]CC	1	76296.0	2812711743
JG0139b	21	35247354	T:TC[T>C]CT	1	8682.0	2812720425
JG0139b	21	35509876	T:CC[T>C]TA	1	262522.0	2812982947
JG0139b	21	35983973	T:TC[T>G]TC	1	474097.0	2813457044
JG0139b	21	36065524	T:AC[T>A]CC	1	81551.0	2813538595
JG0139b	21	36076552	U:GC[T>C]TG	-1	11028.0	2813549623
JG0139b	21	36547151	U:AC[T>C]TG	-1	470599.0	2814020222
JG0139b	21	36939670	T:CC[T>C]TC	1	392519.0	2814412741
JG0139b	21	37345768	N:AG[T>G]TT	-1	406098.0	2814818839
JG0139b	21	37821743	T:AC[T>C]TT	1	475975.0	2815294814
JG0139b	21	37926125	T:GC[T>A]CA	1	104382.0	2815399196
JG0139b	21	38091549	T:AC[T>G]TA	1	165424.0	2815564620
JG0139b	21	38131272	N:CC[T>C]TG	-1	39723.0	2815604343
JG0139b	21	38517333	U:CA[T>C]TC	-1	386061.0	2815990404
JG0139b	21	38635897	U:AA[T>G]TG	-1	118564.0	2816108968
JG0139b	21	38959111	N:TC[T>C]TG	-1	323214.0	2816432182
JG0139b	21	39216245	U:TC[T>A]TT	-1	257134.0	2816689316
JG0139b	21	39712295	N:AC[T>C]TG	1	496050.0	2817185366
JG0139b	21	39965467	N:GC[T>C]TG	1	253172.0	2817438538
JG0139b	21	40121368	T:TC[T>C]CA	1	155901.0	2817594439
JG0139b	21	40223525	T:TC[T>A]TT	1	102157.0	2817696596
JG0139b	21	40565442	U:TC[T>C]TG	-1	341917.0	2818038513
JG0139b	21	40572397	U:TG[T>G]TT	-1	6955.0	2818045468
JG0139b	21	40643340	T:CC[T>C]GT	1	70943.0	2818116411
JG0139b	21	40723819	T:AC[T>A]TC	1	80479.0	2818196890
JG0139b	21	40821133	T:TC[T>C]TC	1	97314.0	2818294204
JG0139b	21	40963535	N:GG[T>C]TT	-1	142402.0	2818436606
JG0139b	21	41152058	N:TC[T>G]TC	-1	188523.0	2818625129
JG0139b	21	41473591	U:CC[T>G]TG	-1	321533.0	2818946662
JG0139b	21	41797062	N:TC[T>G]TC	-1	323471.0	2819270133
JG0139b	21	42255871	T:AG[T>A]TA	-1	458809.0	2819728942
JG0139b	21	42439287	T:TC[T>G]TG	-1	183416.0	2819912358
JG0139b	21	42834300	N:CC[T>G]TC	-1	395013.0	2820307371
JG0139b	21	42956937	N:GC[T>G]AC	1	122637.0	2820430008
JG0139b	21	43041097	N:GC[T>C]CT	1	84160.0	2820514168
JG0139b	21	43084270	N:AC[T>A]CC	1	43173.0	2820557341
JG0139b	21	43630607	U:GC[T>C]TT	-1	546337.0	2821103678
JG0139b	21	44037563	U:CC[T>G]TG	1	406956.0	2821510634
JG0139b	21	44050117	U:CC[T>G]TA	1	12554.0	2821523188
JG0139b	21	44111714	U:CT[T>G]TT	1	61597.0	2821584785
JG0139b	21	44130237	U:TC[T>C]CG	1	18523.0	2821603308
JG0139b	21	44138190	U:TC[T>G]TT	1	7953.0	2821611261
JG0139b	21	44188136	U:CC[T>G]TG	1	49946.0	2821661207
JG0139b	21	44234014	T:TC[T>C]CT	1	45878.0	2821707085
JG0139b	21	44420495	U:GC[T>C]GG	1	186481.0	2821893566
JG0139b	21	45149057	U:CC[T>G]TT	1	728562.0	2822622128
JG0139b	21	45196501	T:AC[T>C]TT	-1	47444.0	2822669572
JG0139b	21	45586841	N:AC[T>G]CA	-1	390340.0	2823059912
JG0139b	21	45989679	T:GC[T>C]CG	-1	402838.0	2823462750
JG0139b	21	46107514	T:TG[T>G]TA	-1	117835.0	2823580585
JG0139b	21	46347661	U:TC[T>G]TT	1	240147.0	2823820732
JG0139b	21	46587273	N:AC[T>G]TA	1	239612.0	2824060344
JG0139b	22	11809186	N:GG[T>G]TT	1		2835992240
JG0139b	22	12280445	N:CC[T>G]TT	1	471259.0	2836463499
JG0139b	22	13888965	N:GC[T>G]TG	1	1608520.0	2838072019
JG0139b	22	13976703	N:AG[T>G]TG	-1	87738.0	2838159757
JG0139b	22	14847169	N:CC[T>C]TT	1	870466.0	2839030223
JG0139b	22	15203942	N:GA[T>G]GG	1	356773.0	2839386996
JG0139b	22	15521407	N:TC[T>G]CA	-1	317465.0	2839704461
JG0139b	22	16478520	N:CT[T>C]GT	-1	957113.0	2840661574
JG0139b	22	16739231	N:AA[T>G]TA	1	260711.0	2840922285
JG0139b	22	18059067	N:GC[T>C]CG	1	1319836.0	2842242121
JG0139b	22	19080056	T:CC[T>C]CT	1	1020989.0	2843263110
JG0139b	22	19733205	N:CC[T>C]TG	-1	653149.0	2843916259
JG0139b	22	20940461	U:TG[T>C]GA	1	1207256.0	2845123515
JG0139b	22	21062400	N:GG[T>G]TG	1	121939.0	2845245454
JG0139b	22	21593741	U:GC[T>C]CG	1	531341.0	2845776795
JG0139b	22	22213276	N:AT[T>A]CT	1	619535.0	2846396330
JG0139b	22	22464482	N:TC[T>G]TC	-1	251206.0	2846647536
JG0139b	22	22952857	N:AG[T>G]CG	-1	488375.0	2847135911
JG0139b	22	23182059	T:GC[T>G]TT	-1	229202.0	2847365113
JG0139b	22	23270243	U:CC[T>G]GA	1	88184.0	2847453297
JG0139b	22	24543248	T:CC[T>C]CC	1	1273005.0	2848726302
JG0139b	22	25607252	U:TC[T>G]TA	1	1064004.0	2849790306
JG0139b	22	25623984	U:TT[T>A]TC	1	16732.0	2849807038
JG0139b	22	25682192	U:GC[T>A]CC	1	58208.0	2849865246
JG0139b	22	25870676	T:AC[T>G]TT	-1	188484.0	2850053730
JG0139b	22	27100597	N:GC[T>C]CT	-1	1229921.0	2851283651
JG0139b	22	27137801	N:AC[T>G]TG	-1	37204.0	2851320855
JG0139b	22	27205629	N:GC[T>C]TT	1	67828.0	2851388683
JG0139b	22	30818812	T:CC[T>G]TG	-1	3613183.0	2855001866
JG0139b	22	30844257	U:CA[T>G]TG	1	25445.0	2855027311
JG0139b	22	31107182	U:AC[T>G]TT	-1	262925.0	2855290236
JG0139b	22	33326082	U:CC[T>C]GG	-1	2218900.0	2857509136
JG0139b	22	34909005	N:TC[T>G]GA	1	1582923.0	2859092059
JG0139b	22	37031637	N:TG[T>G]CT	-1	2122632.0	2861214691
JG0139b	22	37113434	N:CA[C>A]AA	1	81797.0	2861296488
JG0139b	22	37296951	T:AC[T>C]CA	-1	183517.0	2861480005
JG0139b	22	37476548	U:CC[T>C]TT	-1	179597.0	2861659602
JG0139b	22	37510764	U:CC[T>G]TT	-1	34216.0	2861693818
JG0139b	22	38893586	N:AG[T>C]TG	1	1382822.0	2863076640
JG0139b	22	39670742	U:TG[T>C]GC	1	777156.0	2863853796
JG0139b	22	39737472	N:TC[T>G]TG	1	66730.0	2863920526
JG0139b	22	41117961	T:AC[T>G]TC	-1	1380489.0	2865301015
JG0139b	22	41205982	U:AC[T>C]CA	1	88021.0	2865389036
JG0139b	22	41846778	U:GC[T>G]CG	1	640796.0	2866029832
JG0139b	22	41943800	T:GC[T>C]CA	1	97022.0	2866126854
JG0139b	22	42575446	N:GC[T>C]CA	1	631646.0	2866758500
JG0139b	22	42855295	U:CC[T>G]TT	-1	279849.0	2867038349
JG0139b	22	43084251	U:GC[T>G]TG	-1	228956.0	2867267305
JG0139b	22	43437621	U:TC[T>C]GC	1	353370.0	2867620675
JG0139b	22	44059370	U:TC[T>A]AG	1	621749.0	2868242424
JG0139b	22	46488352	T:GC[T>A]GA	1	2428982.0	2870671406
JG0139b	22	46767978	U:GC[T>G]TT	1	279626.0	2870951032
JG0139b	22	47619828	N:CC[T>G]CC	1	851850.0	2871802882
JG0139b	22	47821437	N:GC[T>C]GA	-1	201609.0	2872004491
JG0139b	22	48400111	N:AC[T>G]TC	-1	578674.0	2872583165
JG0139b	22	49601241	N:CC[T>A]CA	-1	1201130.0	2873784295
JG0139b	22	50329345	N:AC[T>A]TC	-1	728104.0	2874512399
JG0139b	22	50804275	N:TC[T>C]CA	-1	474930.0	2874987329
JG0139b	X	118801	N:AG[T>G]CT	-1		2875120323
JG0139b	X	561533	N:TC[T>G]CA	1	442732.0	2875563055
JG0139b	X	917236	N:GC[T>C]TC	1	355703.0	2875918758
JG0139b	X	1031577	N:AC[T>C]CC	1	114341.0	2876033099
JG0139b	X	1092651	N:TC[T>C]CT	1	61074.0	2876094173
JG0139b	X	1260926	N:GG[T>C]CT	1	168275.0	2876262448
JG0139b	X	1359456	U:TC[T>G]CT	1	98530.0	2876360978
JG0139b	X	1699022	N:CC[T>C]CC	1	339566.0	2876700544
JG0139b	X	1804794	N:TT[T>G]TG	-1	105772.0	2876806316
JG0139b	X	2237334	U:TC[T>C]TA	-1	432540.0	2877238856
JG0139b	X	2773713	T:CC[T>C]TC	-1	536379.0	2877775235
JG0139b	X	2913587	T:TC[T>G]TA	1	139874.0	2877915109
JG0139b	X	4111062	N:AC[T>G]TC	1	1197475.0	2879112584
JG0139b	X	4119144	N:CC[T>C]TC	1	8082.0	2879120666
JG0139b	X	4761096	N:AC[T>G]AA	1	641952.0	2879762618
JG0139b	X	4962356	N:TC[T>A]CC	1	201260.0	2879963878
JG0139b	X	5394911	N:CC[T>G]TA	-1	432555.0	2880396433
JG0139b	X	5904070	T:TG[T>A]TA	1	509159.0	2880905592
JG0139b	X	5944198	T:CC[T>C]CT	1	40128.0	2880945720
JG0139b	X	5979789	T:TA[T>A]AT	1	35591.0	2880981311
JG0139b	X	6284600	N:AC[T>C]TT	1	304811.0	2881286122
JG0139b	X	6538530	N:GC[T>C]TT	1	253930.0	2881540052
JG0139b	X	6542927	N:AC[T>C]TC	1	4397.0	2881544449
JG0139b	X	6559678	N:CC[T>G]TT	-1	16751.0	2881561200
JG0139b	X	6851943	N:TG[T>C]TT	1	292265.0	2881853465
JG0139b	X	6943990	N:CA[T>C]TT	1	92047.0	2881945512
JG0139b	X	6956338	N:TG[T>G]TA	1	12348.0	2881957860
JG0139b	X	7234700	T:CC[T>C]AA	-1	278362.0	2882236222
JG0139b	X	7425515	N:CC[T>C]TT	-1	190815.0	2882427037
JG0139b	X	7572212	N:TC[T>C]TC	-1	146697.0	2882573734
JG0139b	X	7586746	N:CC[T>A]TA	-1	14534.0	2882588268
JG0139b	X	7604664	N:TC[T>G]TT	-1	17918.0	2882606186
JG0139b	X	7700819	N:AG[T>C]TC	-1	96155.0	2882702341
JG0139b	X	7865674	N:TC[T>G]TC	1	164855.0	2882867196
JG0139b	X	7935280	N:TC[T>A]TA	1	69606.0	2882936802
JG0139b	X	7988942	N:TC[T>G]TT	1	53662.0	2882990464
JG0139b	X	8057251	N:TA[T>G]TT	1	68309.0	2883058773
JG0139b	X	8298317	N:AA[T>A]GA	1	241066.0	2883299839
JG0139b	X	8386977	N:CC[T>C]CC	-1	88660.0	2883388499
JG0139b	X	8532716	U:GC[T>C]CA	-1	145739.0	2883534238
JG0139b	X	8792530	U:TC[T>C]TG	-1	259814.0	2883794052
JG0139b	X	9181707	N:AC[T>G]CC	-1	389177.0	2884183229
JG0139b	X	9652359	T:CC[T>A]TA	-1	470652.0	2884653881
JG0139b	X	9729893	B:GG[T>G]TA	-1	77534.0	2884731415
JG0139b	X	9938543	T:GG[T>C]CT	-1	208650.0	2884940065
JG0139b	X	10869400	N:AT[C>G]AT	1	930857.0	2885870922
JG0139b	X	11270063	U:CC[T>G]GC	-1	400663.0	2886271585
JG0139b	X	11381468	T:CT[T>G]TC	1	111405.0	2886382990
JG0139b	X	11398031	U:CC[T>A]GT	-1	16563.0	2886399553
JG0139b	X	11679527	N:TC[T>C]CT	-1	281496.0	2886681049
JG0139b	X	12070177	N:AC[T>C]CA	-1	390650.0	2887071699
JG0139b	X	12219974	U:TC[T>C]CT	1	149797.0	2887221496
JG0139b	X	12285008	T:CC[T>G]TA	-1	65034.0	2887286530
JG0139b	X	12309401	U:TC[T>G]TA	1	24393.0	2887310923
JG0139b	X	12662226	T:AC[T>G]TA	-1	352825.0	2887663748
JG0139b	X	12686042	T:TC[T>G]TT	-1	23816.0	2887687564
JG0139b	X	13031583	N:TC[T>C]CT	-1	345541.0	2888033105
JG0139b	X	13082566	N:TG[T>G]CT	1	50983.0	2888084088
JG0139b	X	13209141	N:GC[T>G]TA	-1	126575.0	2888210663
JG0139b	X	13289063	N:CC[T>C]TC	1	79922.0	2888290585
JG0139b	X	13511484	N:TC[T>C]TA	-1	222421.0	2888513006
JG0139b	X	13619757	U:AC[T>C]CA	1	108273.0	2888621279
JG0139b	X	13674659	N:CC[T>G]CT	1	54902.0	2888676181
JG0139b	X	13711587	N:GC[T>C]CT	1	36928.0	2888713109
JG0139b	X	13791513	T:CC[T>C]TC	1	79926.0	2888793035
JG0139b	X	14175149	N:GC[T>C]CA	1	383636.0	2889176671
JG0139b	X	14393220	N:CC[T>A]TC	-1	218071.0	2889394742
JG0139b	X	14515453	N:TT[T>C]TT	-1	122233.0	2889516975
JG0139b	X	14718290	U:AC[T>C]TT	1	202837.0	2889719812
JG0139b	X	14757935	N:TC[T>A]CA	1	39645.0	2889759457
JG0139b	X	14805236	N:AC[T>A]CC	1	47301.0	2889806758
JG0139b	X	15725855	U:AG[T>A]TT	1	920619.0	2890727377
JG0139b	X	16157897	N:AG[T>G]TT	-1	432042.0	2891159419
JG0139b	X	17724014	T:TC[T>G]CA	-1	1566117.0	2892725536
JG0139b	X	18002325	N:GC[T>A]CC	1	278311.0	2893003847
JG0139b	X	18331814	T:CC[T>A]TT	1	329489.0	2893333336
JG0139b	X	18427949	U:GG[T>A]TT	1	96135.0	2893429471
JG0139b	X	18823579	T:CA[T>C]CT	-1	395630.0	2893825101
JG0139b	X	18916306	T:AC[T>G]TG	1	92727.0	2893917828
JG0139b	X	19191780	N:AC[T>G]TT	-1	275474.0	2894193302
JG0139b	X	19269344	N:GG[T>C]TA	1	77564.0	2894270866
JG0139b	X	19309020	N:AC[T>C]TA	-1	39676.0	2894310542
JG0139b	X	19316476	N:TC[T>G]TA	-1	7456.0	2894317998
JG0139b	X	19326880	N:AG[T>G]TT	1	10404.0	2894328402
JG0139b	X	19580786	T:GC[T>A]CC	1	253906.0	2894582308
JG0139b	X	19695505	U:GC[T>G]TA	-1	114719.0	2894697027
JG0139b	X	19782342	T:AC[T>G]TC	1	86837.0	2894783864
JG0139b	X	20431397	N:CC[T>C]TT	-1	649055.0	2895432919
JG0139b	X	20703880	N:AC[T>A]CA	-1	272483.0	2895705402
JG0139b	X	20758300	N:CC[T>G]TT	-1	54420.0	2895759822
JG0139b	X	20880744	N:TC[T>C]TT	1	122444.0	2895882266
JG0139b	X	20968177	N:GC[T>A]TT	-1	87433.0	2895969699
JG0139b	X	21063566	N:CC[T>A]TT	1	95389.0	2896065088
JG0139b	X	21066178	N:AC[T>A]TT	1	2612.0	2896067700
JG0139b	X	21149850	N:GC[T>C]TA	1	83672.0	2896151372
JG0139b	X	21193615	N:CC[T>C]AT	1	43765.0	2896195137
JG0139b	X	21398732	T:CA[T>G]TT	-1	205117.0	2896400254
JG0139b	X	21556000	T:AC[T>A]GT	-1	157268.0	2896557522
JG0139b	X	21634033	U:TC[T>C]TA	1	78033.0	2896635555
JG0139b	X	21745873	U:CC[T>C]TA	-1	111840.0	2896747395
JG0139b	X	22246117	T:CC[T>A]TT	-1	500244.0	2897247639
JG0139b	X	22345784	N:TC[T>C]CT	1	99667.0	2897347306
JG0139b	X	22435897	N:CC[T>G]CC	-1	90113.0	2897437419
JG0139b	X	22625071	N:TG[T>A]CA	1	189174.0	2897626593
JG0139b	X	22700264	N:CG[T>G]TG	1	75193.0	2897701786
JG0139b	X	23245726	N:TC[T>C]AT	-1	545462.0	2898247248
JG0139b	X	23448439	N:AC[T>C]TC	1	202713.0	2898449961
JG0139b	X	23685857	T:CC[T>G]TT	-1	237418.0	2898687379
JG0139b	X	23710330	U:GG[T>A]TC	-1	24473.0	2898711852
JG0139b	X	23897398	T:AC[T>C]GG	1	187068.0	2898898920
JG0139b	X	24128262	N:TT[T>G]TT	-1	230864.0	2899129784
JG0139b	X	24566218	T:AG[T>C]AA	1	437956.0	2899567740
JG0139b	X	24589421	T:GT[T>G]TC	1	23203.0	2899590943
JG0139b	X	24601062	T:TC[T>G]TC	1	11641.0	2899602584
JG0139b	X	24813322	U:AC[T>C]TT	1	212260.0	2899814844
JG0139b	X	24860884	U:CC[T>A]CT	1	47562.0	2899862406
JG0139b	X	25013895	U:CC[T>C]AG	-1	153011.0	2900015417
JG0139b	X	25418945	N:CC[T>G]CT	1	405050.0	2900420467
JG0139b	X	25661862	N:AC[T>C]TG	-1	242917.0	2900663384
JG0139b	X	26025434	N:TA[T>G]TT	-1	363572.0	2901026956
JG0139b	X	26181155	N:TC[T>C]CC	1	155721.0	2901182677
JG0139b	X	26186728	N:TC[T>A]CC	1	5573.0	2901188250
JG0139b	X	26231143	N:TG[T>C]GG	-1	44415.0	2901232665
JG0139b	X	26275169	N:GC[T>C]AT	-1	44026.0	2901276691
JG0139b	X	26444954	N:TG[T>C]GC	-1	169785.0	2901446476
JG0139b	X	26526269	N:CC[T>C]TG	1	81315.0	2901527791
JG0139b	X	26688900	N:CC[T>G]CC	-1	162631.0	2901690422
JG0139b	X	26718794	N:AC[T>C]GA	1	29894.0	2901720316
JG0139b	X	27163293	N:AG[T>G]TT	1	444499.0	2902164815
JG0139b	X	27453925	N:GC[T>G]TC	-1	290632.0	2902455447
JG0139b	X	27518673	N:CC[T>C]CC	-1	64748.0	2902520195
JG0139b	X	27538902	N:AC[T>G]GG	1	20229.0	2902540424
JG0139b	X	27595001	U:AC[T>C]TG	1	56099.0	2902596523
JG0139b	X	28020223	N:CC[T>C]TT	-1	425222.0	2903021745
JG0139b	X	28424318	N:CC[T>G]TT	-1	404095.0	2903425840
JG0139b	X	28453154	N:TC[T>C]TG	-1	28836.0	2903454676
JG0139b	X	28517224	N:CC[T>G]CT	1	64070.0	2903518746
JG0139b	X	28654700	T:AG[T>G]TG	-1	137476.0	2903656222
JG0139b	X	28715812	U:AC[T>C]CT	1	61112.0	2903717334
JG0139b	X	28944215	U:AA[T>G]TA	1	228403.0	2903945737
JG0139b	X	29517476	T:GC[T>C]TC	-1	573261.0	2904518998
JG0139b	X	29580957	U:AC[T>C]GA	1	63481.0	2904582479
JG0139b	X	29635428	T:AC[T>C]TT	-1	54471.0	2904636950
JG0139b	X	29725200	U:CC[T>G]TA	1	89772.0	2904726722
JG0139b	X	29852590	U:CC[T>G]TT	1	127390.0	2904854112
JG0139b	X	30310548	N:AC[T>G]TA	-1	457958.0	2905312070
JG0139b	X	30373994	N:TC[T>G]CT	-1	63446.0	2905375516
JG0139b	X	30541474	N:GC[T>A]CA	-1	167480.0	2905542996
JG0139b	X	30706319	T:GC[T>C]GC	-1	164845.0	2905707841
JG0139b	X	30925132	U:AT[T>G]TC	-1	218813.0	2905926654
JG0139b	X	31110380	N:AT[T>C]TT	-1	185248.0	2906111902
JG0139b	X	31352817	U:AC[T>C]TT	-1	242437.0	2906354339
JG0139b	X	31390244	T:TC[T>C]CT	1	37427.0	2906391766
JG0139b	X	31411717	T:CC[T>G]TG	1	21473.0	2906413239
JG0139b	X	31554713	T:AC[T>C]TA	1	142996.0	2906556235
JG0139b	X	31687462	T:TC[T>A]CT	1	132749.0	2906688984
JG0139b	X	31825391	U:AC[T>C]AT	-1	137929.0	2906826913
JG0139b	X	31990412	U:TC[T>G]TA	-1	165021.0	2906991934
JG0139b	X	32287091	U:AC[T>G]TT	-1	296679.0	2907288613
JG0139b	X	32472125	U:GC[T>G]TA	-1	185034.0	2907473647
JG0139b	X	33133276	T:AC[T>C]TC	1	661151.0	2908134798
JG0139b	X	33294754	U:TT[T>G]TT	-1	161478.0	2908296276
JG0139b	X	33495763	N:AC[T>A]CT	1	201009.0	2908497285
JG0139b	X	33573410	N:TC[T>C]GT	1	77647.0	2908574932
JG0139b	X	33975995	N:TC[T>C]CA	1	402585.0	2908977517
JG0139b	X	34043169	N:TA[T>G]TT	-1	67174.0	2909044691
JG0139b	X	34354163	N:TC[T>C]TT	-1	310994.0	2909355685
JG0139b	X	34408746	N:CC[T>C]CC	-1	54583.0	2909410268
JG0139b	X	34748229	N:CC[T>A]CC	1	339483.0	2909749751
JG0139b	X	34949397	N:AC[T>A]CT	1	201168.0	2909950919
JG0139b	X	35732580	N:TC[T>C]TG	-1	783183.0	2910734102
JG0139b	X	35791897	N:TC[T>C]TG	1	59317.0	2910793419
JG0139b	X	35895218	N:AC[T>A]TA	-1	103321.0	2910896740
JG0139b	X	36019343	T:GC[T>G]TT	-1	124125.0	2911020865
JG0139b	X	36258290	T:AC[T>A]TC	-1	238947.0	2911259812
JG0139b	X	36682781	N:TC[T>C]GA	1	424491.0	2911684303
JG0139b	X	37033232	N:TC[T>G]TA	1	350451.0	2912034754
JG0139b	X	37481662	T:GG[T>G]TA	-1	448430.0	2912483184
JG0139b	X	37888213	T:GC[T>A]CA	-1	406551.0	2912889735
JG0139b	X	37999926	T:TA[T>G]TT	-1	111713.0	2913001448
JG0139b	X	38030191	U:CC[T>A]TC	1	30265.0	2913031713
JG0139b	X	38492937	U:TC[T>C]TT	1	462746.0	2913494459
JG0139b	X	38501548	T:CC[T>G]CC	-1	8611.0	2913503070
JG0139b	X	38589934	U:TC[T>G]CT	1	88386.0	2913591456
JG0139b	X	38678471	U:AC[T>G]TT	1	88537.0	2913679993
JG0139b	X	38775626	N:TC[T>C]TC	1	97155.0	2913777148
JG0139b	X	38928903	N:TA[T>G]TC	-1	153277.0	2913930425
JG0139b	X	39264856	N:GC[T>A]CT	1	335953.0	2914266378
JG0139b	X	39321700	N:GC[T>G]GT	-1	56844.0	2914323222
JG0139b	X	39662628	N:AC[T>G]TC	1	340928.0	2914664150
JG0139b	X	39983107	N:GC[T>C]TG	1	320479.0	2914984629
JG0139b	X	40147237	U:GC[T>C]CT	-1	164130.0	2915148759
JG0139b	X	40232383	N:TC[T>G]TC	-1	85146.0	2915233905
JG0139b	X	40708030	T:TC[T>G]TT	1	475647.0	2915709552
JG0139b	X	40905925	N:CC[T>C]CC	1	197895.0	2915907447
JG0139b	X	41161932	U:AG[T>C]CC	1	256007.0	2916163454
JG0139b	X	41234031	U:GG[T>C]TA	1	72099.0	2916235553
JG0139b	X	41604428	U:TC[T>C]CT	-1	370397.0	2916605950
JG0139b	X	41732625	T:AC[T>C]AC	1	128197.0	2916734147
JG0139b	X	41782827	T:CA[T>G]TA	1	50202.0	2916784349
JG0139b	X	41870674	U:TC[T>C]TA	-1	87847.0	2916872196
JG0139b	X	42273321	N:TC[T>C]GA	-1	402647.0	2917274843
JG0139b	X	42324331	N:TC[T>C]TT	1	51010.0	2917325853
JG0139b	X	42361692	N:TC[T>G]TA	1	37361.0	2917363214
JG0139b	X	42859470	N:TC[T>A]CT	-1	497778.0	2917860992
JG0139b	X	42874601	N:TC[T>G]TT	1	15131.0	2917876123
JG0139b	X	43375545	N:GC[T>C]TG	1	500944.0	2918377067
JG0139b	X	43414957	N:CC[T>C]CT	-1	39412.0	2918416479
JG0139b	X	44644497	N:CC[T>C]CC	-1	1229540.0	2919646019
JG0139b	X	45216372	N:CC[T>C]GA	1	571875.0	2920217894
JG0139b	X	45268665	N:GC[T>C]TT	1	52293.0	2920270187
JG0139b	X	45758655	N:GC[T>G]TG	-1	489990.0	2920760177
JG0139b	X	46068940	N:AC[T>A]TA	-1	310285.0	2921070462
JG0139b	X	46288461	N:TC[T>C]CC	1	219521.0	2921289983
JG0139b	X	46361000	N:TC[T>C]CG	1	72539.0	2921362522
JG0139b	X	46850729	U:TC[T>G]CT	1	489729.0	2921852251
JG0139b	X	46893194	N:GC[T>A]GT	1	42465.0	2921894716
JG0139b	X	47046825	T:GC[T>C]CA	-1	153631.0	2922048347
JG0139b	X	47274884	N:CC[T>C]CT	1	228059.0	2922276406
JG0139b	X	47391026	U:CC[T>A]TT	1	116142.0	2922392548
JG0139b	X	47477080	T:TC[T>A]CC	1	86054.0	2922478602
JG0139b	X	47724595	N:AC[T>C]TT	-1	247515.0	2922726117
JG0139b	X	47808946	N:CC[T>G]TC	-1	84351.0	2922810468
JG0139b	X	48192408	U:TC[T>G]CA	-1	383462.0	2923193930
JG0139b	X	48508400	N:AG[T>C]CT	1	315992.0	2923509922
JG0139b	X	48536177	N:CC[T>C]CA	1	27777.0	2923537699
JG0139b	X	48897987	B:TG[T>G]TT	1	361810.0	2923899509
JG0139b	X	49027558	N:CC[T>C]CA	-1	129571.0	2924029080
JG0139b	X	49675453	N:TC[T>G]TG	-1	647895.0	2924676975
JG0139b	X	49854970	N:TG[T>C]CC	1	179517.0	2924856492
JG0139b	X	49974618	T:CC[T>A]CT	-1	119648.0	2924976140
JG0139b	X	50038493	T:TC[T>G]TT	-1	63875.0	2925040015
JG0139b	X	50132163	N:TC[T>C]TA	-1	93670.0	2925133685
JG0139b	X	50667433	T:TC[T>A]TA	1	535270.0	2925668955
JG0139b	X	50802795	T:AC[T>G]TG	1	135362.0	2925804317
JG0139b	X	51212207	N:CC[T>G]CA	1	409412.0	2926213729
JG0139b	X	51257953	N:TG[T>G]TT	-1	45746.0	2926259475
JG0139b	X	51397138	N:AC[T>A]TT	1	139185.0	2926398660
JG0139b	X	51649921	N:TG[T>A]TT	-1	252783.0	2926651443
JG0139b	X	51718784	N:AC[T>A]TA	1	68863.0	2926720306
JG0139b	X	51798861	N:AC[T>A]CC	-1	80077.0	2926800383
JG0139b	X	51862057	U:TT[C>T]TC	1	63196.0	2926863579
JG0139b	X	52363693	N:CC[T>A]TT	-1	501636.0	2927365215
JG0139b	X	52855073	N:GG[T>G]TA	1	491380.0	2927856595
JG0139b	X	53136908	N:GC[T>C]AA	1	281835.0	2928138430
JG0139b	X	53229247	T:GC[T>C]TC	1	92339.0	2928230769
JG0139b	X	53259633	T:TC[T>C]CT	1	30386.0	2928261155
JG0139b	X	53270742	T:AG[T>C]GA	1	11109.0	2928272264
JG0139b	X	53318379	U:TC[T>A]TT	-1	47637.0	2928319901
JG0139b	X	53338259	N:CA[T>A]TG	1	19880.0	2928339781
JG0139b	X	53589808	U:GC[T>A]TG	-1	251549.0	2928591330
JG0139b	X	53751504	N:TC[T>A]TC	-1	161696.0	2928753026
JG0139b	X	53755194	N:AT[T>C]TT	1	3690.0	2928756716
JG0139b	X	54326615	T:AC[T>G]TG	1	571421.0	2929328137
JG0139b	X	54746777	N:TC[T>A]TC	1	420162.0	2929748299
JG0139b	X	54805077	N:CC[T>C]TT	1	58300.0	2929806599
JG0139b	X	54937787	U:TT[C>A]TT	-1	132710.0	2929939309
JG0139b	X	55447213	N:CC[T>A]TC	1	509426.0	2930448735
JG0139b	X	55500672	N:AC[T>A]AA	1	53459.0	2930502194
JG0139b	X	55681915	N:GC[T>C]CA	-1	181243.0	2930683437
JG0139b	X	55995978	N:GC[T>A]TG	1	314063.0	2930997500
JG0139b	X	56054936	N:AT[C>G]TA	-1	58958.0	2931056458
JG0139b	X	56619227	N:AC[T>C]CA	-1	564291.0	2931620749
JG0139b	X	56670700	N:GG[T>C]GT	1	51473.0	2931672222
JG0139b	X	56770969	U:CC[T>G]TG	1	100269.0	2931772491
JG0139b	X	56807253	U:GC[T>G]TC	1	36284.0	2931808775
JG0139b	X	56946390	N:AC[T>G]CC	1	139137.0	2931947912
JG0139b	X	57704954	N:AG[T>C]TA	1	758564.0	2932706476
JG0139b	X	57992258	N:TC[T>G]TG	-1	287304.0	2932993780
JG0139b	X	58224692	N:CC[T>C]TT	-1	232434.0	2933226214
JG0139b	X	58547054	N:TG[T>G]TC	1	322362.0	2933548576
JG0139b	X	59176152	N:CC[T>C]TC	1	629098.0	2934177674
JG0139b	X	59224721	N:AC[T>A]TT	-1	48569.0	2934226243
JG0139b	X	59385194	N:TT[C>G]AC	1	160473.0	2934386716
JG0139b	X	59539434	N:TC[T>C]TT	1	154240.0	2934540956
JG0139b	X	59580105	N:TC[T>C]GG	-1	40671.0	2934581627
JG0139b	X	59760822	N:AC[T>C]CC	-1	180717.0	2934762344
JG0139b	X	59848135	N:AC[T>C]TT	1	87313.0	2934849657
JG0139b	X	59907275	N:TC[T>A]TT	1	59140.0	2934908797
JG0139b	X	59955424	N:AG[T>G]TT	1	48149.0	2934956946
JG0139b	X	60148990	N:TC[T>A]GC	1	193566.0	2935150512
JG0139b	X	60319915	N:CC[T>G]TC	-1	170925.0	2935321437
JG0139b	X	60649557	N:CA[T>G]TT	-1	329642.0	2935651079
JG0139b	X	60780312	N:GC[T>A]CT	-1	130755.0	2935781834
JG0139b	X	60857316	N:GA[T>A]TC	-1	77004.0	2935858838
JG0139b	X	60882883	N:TC[T>C]TC	-1	25567.0	2935884405
JG0139b	X	61049974	N:TT[T>A]TG	1	167091.0	2936051496
JG0139b	X	61071693	N:GC[T>G]TC	-1	21719.0	2936073215
JG0139b	X	61080688	N:TC[T>G]TT	1	8995.0	2936082210
JG0139b	X	61375694	N:CC[T>C]TT	1	295006.0	2936377216
JG0139b	X	61521712	N:GC[T>A]TC	-1	146018.0	2936523234
JG0139b	X	61613810	N:TC[T>G]TC	-1	92098.0	2936615332
JG0139b	X	61642372	N:TC[T>C]TC	1	28562.0	2936643894
JG0139b	X	61772697	N:CC[T>A]TT	1	130325.0	2936774219
JG0139b	X	61883744	N:TG[T>C]GA	1	111047.0	2936885266
JG0139b	X	62028208	N:CC[T>A]CT	1	144464.0	2937029730
JG0139b	X	62087512	N:AC[T>G]CG	1	59304.0	2937089034
JG0139b	X	62245636	N:TC[T>C]GC	-1	158124.0	2937247158
JG0139b	X	62357858	N:CT[T>G]TC	-1	112222.0	2937359380
JG0139b	X	62463981	N:AC[T>G]TT	-1	106123.0	2937465503
JG0139b	X	62624096	N:CG[C>A]TC	-1	160115.0	2937625618
JG0139b	X	62812927	N:AG[T>A]TT	1	188831.0	2937814449
JG0139b	X	62936086	N:CC[T>G]TC	1	123159.0	2937937608
JG0139b	X	63135010	N:AC[T>G]TA	-1	198924.0	2938136532
JG0139b	X	63671354	T:TG[T>C]CT	1	536344.0	2938672876
JG0139b	X	63950403	N:TC[T>G]TT	1	279049.0	2938951925
JG0139b	X	64241102	N:AC[T>G]TT	1	290699.0	2939242624
JG0139b	X	64351010	U:AC[T>C]TT	-1	109908.0	2939352532
JG0139b	X	64467213	N:GC[T>C]TC	-1	116203.0	2939468735
JG0139b	X	64658245	N:TC[T>G]TT	1	191032.0	2939659767
JG0139b	X	64738486	N:TC[T>G]TA	1	80241.0	2939740008
JG0139b	X	64782596	N:CC[T>C]TT	1	44110.0	2939784118
JG0139b	X	64908742	N:AG[T>G]TG	1	126146.0	2939910264
JG0139b	X	66133933	N:TC[T>C]TA	1	1225191.0	2941135455
JG0139b	X	66321178	N:TC[T>A]TG	1	187245.0	2941322700
JG0139b	X	66362918	N:CC[T>C]TA	1	41740.0	2941364440
JG0139b	X	66483456	N:AC[T>A]GT	1	120538.0	2941484978
JG0139b	X	66613756	T:GC[T>A]TG	1	130300.0	2941615278
JG0139b	X	66882806	N:CC[T>C]AC	1	269050.0	2941884328
JG0139b	X	67054161	N:AG[T>C]TT	-1	171355.0	2942055683
JG0139b	X	67059894	N:TC[T>G]TA	-1	5733.0	2942061416
JG0139b	X	67097975	N:TC[T>G]TC	1	38081.0	2942099497
JG0139b	X	67135939	N:GC[T>C]TA	-1	37964.0	2942137461
JG0139b	X	67315709	N:AC[T>C]CT	1	179770.0	2942317231
JG0139b	X	67338635	N:AC[T>C]CT	-1	22926.0	2942340157
JG0139b	X	67588758	U:TC[T>G]TT	1	250123.0	2942590280
JG0139b	X	67596516	U:TC[T>G]TG	1	7758.0	2942598038
JG0139b	X	68047278	T:TC[T>G]TC	1	450762.0	2943048800
JG0139b	X	68215682	T:TC[T>G]TA	1	168404.0	2943217204
JG0139b	X	68355262	U:CC[T>G]AC	-1	139580.0	2943356784
JG0139b	X	68424134	T:AC[T>C]CC	1	68872.0	2943425656
JG0139b	X	68757356	N:CC[T>C]TT	-1	333222.0	2943758878
JG0139b	X	68823936	N:CT[C>T]TG	1	66580.0	2943825458
JG0139b	X	69144353	N:CC[T>A]CT	1	320417.0	2944145875
JG0139b	X	69150396	N:TC[T>C]TT	-1	6043.0	2944151918
JG0139b	X	69180028	N:AG[T>A]TT	1	29632.0	2944181550
JG0139b	X	69264498	N:GC[T>G]TT	1	84470.0	2944266020
JG0139b	X	69313097	N:TC[T>G]TT	1	48599.0	2944314619
JG0139b	X	69365184	N:CC[T>C]GT	-1	52087.0	2944366706
JG0139b	X	69470084	N:GC[T>C]TT	1	104900.0	2944471606
JG0139b	X	69485718	N:CC[T>C]CT	1	15634.0	2944487240
JG0139b	X	70002669	U:AC[T>C]TA	1	516951.0	2945004191
JG0139b	X	70184959	U:TC[T>C]TA	1	182290.0	2945186481
JG0139b	X	70916454	N:CA[T>G]TT	1	731495.0	2945917976
JG0139b	X	71180653	N:AC[T>C]TT	-1	264199.0	2946182175
JG0139b	X	71375549	U:TC[T>G]TT	1	194896.0	2946377071
JG0139b	X	71761004	N:AC[T>G]CA	1	385455.0	2946762526
JG0139b	X	72066722	U:CC[T>G]TG	1	305718.0	2947068244
JG0139b	X	72085781	U:TC[T>G]TT	1	19059.0	2947087303
JG0139b	X	72252484	T:GC[T>C]TC	-1	166703.0	2947254006
JG0139b	X	72531314	U:AT[T>A]CT	-1	278830.0	2947532836
JG0139b	X	72805741	U:CC[T>G]TT	1	274427.0	2947807263
JG0139b	X	72922036	U:GC[T>G]TT	-1	116295.0	2947923558
JG0139b	X	72975574	N:AC[T>C]CC	1	53538.0	2947977096
JG0139b	X	72994601	N:AG[T>G]TT	-1	19027.0	2947996123
JG0139b	X	73001014	N:AC[T>C]TT	1	6413.0	2948002536
JG0139b	X	73174395	N:TG[T>A]TT	1	173381.0	2948175917
JG0139b	X	73312436	N:AA[T>A]TA	1	138041.0	2948313958
JG0139b	X	73340263	N:TA[T>C]CT	-1	27827.0	2948341785
JG0139b	X	73407785	N:TA[T>G]TC	-1	67522.0	2948409307
JG0139b	X	73444759	N:AA[T>G]TG	1	36974.0	2948446281
JG0139b	X	73762741	N:TC[T>G]TA	-1	317982.0	2948764263
JG0139b	X	73854388	N:GC[T>A]AC	1	91647.0	2948855910
JG0139b	X	74134630	N:TT[T>A]GT	1	280242.0	2949136152
JG0139b	X	74361660	N:GG[T>G]TT	-1	227030.0	2949363182
JG0139b	X	74761558	U:AC[T>C]GA	-1	399898.0	2949763080
JG0139b	X	75099246	T:AC[T>G]TT	1	337688.0	2950100768
JG0139b	X	75349942	N:TT[T>A]GG	1	250696.0	2950351464
JG0139b	X	75830679	N:AC[T>C]TT	-1	480737.0	2950832201
JG0139b	X	76401768	N:AC[T>G]TT	1	571089.0	2951403290
JG0139b	X	76437127	N:TC[T>C]TT	1	35359.0	2951438649
JG0139b	X	76563553	N:TC[T>C]TA	-1	126426.0	2951565075
JG0139b	X	77093534	N:CC[T>A]TA	1	529981.0	2952095056
JG0139b	X	77221031	N:TC[T>G]CC	1	127497.0	2952222553
JG0139b	X	77349478	N:GC[T>G]CC	1	128447.0	2952351000
JG0139b	X	77440674	N:AC[T>G]TG	1	91196.0	2952442196
JG0139b	X	77740036	U:GC[T>C]TC	-1	299362.0	2952741558
JG0139b	X	77836490	T:TC[T>A]CA	1	96454.0	2952838012
JG0139b	X	78310182	U:TC[T>G]TT	-1	473692.0	2953311704
JG0139b	X	78453686	N:AC[T>G]CT	1	143504.0	2953455208
JG0139b	X	78696297	N:AA[T>G]TA	-1	242611.0	2953697819
JG0139b	X	78801145	N:AG[T>G]TT	-1	104848.0	2953802667
JG0139b	X	78979727	N:AC[T>C]TA	-1	178582.0	2953981249
JG0139b	X	79114773	N:TC[T>C]CA	-1	135046.0	2954116295
JG0139b	X	79540157	N:TC[T>G]TG	1	425384.0	2954541679
JG0139b	X	79895769	N:GG[T>G]TG	-1	355612.0	2954897291
JG0139b	X	80068782	N:AC[T>C]CA	-1	173013.0	2955070304
JG0139b	X	80138563	N:TC[T>C]CA	1	69781.0	2955140085
JG0139b	X	80381522	T:AC[T>G]TC	-1	242959.0	2955383044
JG0139b	X	81187800	T:TC[T>C]TT	1	806278.0	2956189322
JG0139b	X	81349662	N:CC[T>C]CT	-1	161862.0	2956351184
JG0139b	X	81441779	N:TC[T>C]CT	1	92117.0	2956443301
JG0139b	X	81463791	N:TC[T>C]TT	1	22012.0	2956465313
JG0139b	X	81486736	N:CC[T>C]TT	-1	22945.0	2956488258
JG0139b	X	81611228	N:CC[T>A]CA	1	124492.0	2956612750
JG0139b	X	82776832	N:CC[T>C]TC	1	1165604.0	2957778354
JG0139b	X	82965128	N:TC[T>A]TT	1	188296.0	2957966650
JG0139b	X	83235478	N:TC[T>C]TG	-1	270350.0	2958237000
JG0139b	X	83603925	N:TG[T>G]TT	1	368447.0	2958605447
JG0139b	X	83709899	N:GC[T>C]GT	1	105974.0	2958711421
JG0139b	X	83768319	N:AC[T>C]CT	1	58420.0	2958769841
JG0139b	X	84224835	N:TC[T>A]TT	-1	456516.0	2959226357
JG0139b	X	84311775	N:GC[T>C]GC	-1	86940.0	2959313297
JG0139b	X	84584626	N:TC[T>A]TC	1	272851.0	2959586148
JG0139b	X	84853812	N:CC[T>G]TA	1	269186.0	2959855334
JG0139b	X	84984213	N:TC[T>G]TG	1	130401.0	2959985735
JG0139b	X	84997993	N:TC[T>C]CA	-1	13780.0	2959999515
JG0139b	X	85167279	U:GG[T>A]CT	-1	169286.0	2960168801
JG0139b	X	85346615	U:AG[T>A]TA	-1	179336.0	2960348137
JG0139b	X	86087075	N:CC[T>A]CC	-1	740460.0	2961088597
JG0139b	X	86193511	U:CC[T>G]TT	1	106436.0	2961195033
JG0139b	X	86238423	T:CC[T>A]TG	-1	44912.0	2961239945
JG0139b	X	86431157	T:GG[T>C]CT	-1	192734.0	2961432679
JG0139b	X	86722509	U:CC[T>C]GG	1	291352.0	2961724031
JG0139b	X	86896137	N:AC[T>C]TC	-1	173628.0	2961897659
JG0139b	X	86978545	N:TC[T>C]TC	-1	82408.0	2961980067
JG0139b	X	87230097	N:AG[T>C]CT	-1	251552.0	2962231619
JG0139b	X	87424082	N:TC[T>C]TT	1	193985.0	2962425604
JG0139b	X	87794388	N:CC[T>A]TC	1	370306.0	2962795910
JG0139b	X	88384964	N:CC[T>C]CC	1	590576.0	2963386486
JG0139b	X	88552688	N:TC[T>C]CT	1	167724.0	2963554210
JG0139b	X	88773631	N:CC[T>C]GT	1	220943.0	2963775153
JG0139b	X	89084218	N:TG[T>A]TT	-1	310587.0	2964085740
JG0139b	X	89164163	N:AG[T>G]TT	1	79945.0	2964165685
JG0139b	X	90040877	N:TC[T>C]TC	1	876714.0	2965042399
JG0139b	X	90234347	N:TG[T>C]CT	1	193470.0	2965235869
JG0139b	X	90521228	N:AC[T>C]TT	1	286881.0	2965522750
JG0139b	X	90548869	N:GC[T>G]TT	-1	27641.0	2965550391
JG0139b	X	90614590	N:TC[T>C]CA	-1	65721.0	2965616112
JG0139b	X	90732457	N:TC[T>A]TT	1	117867.0	2965733979
JG0139b	X	90774089	N:AA[T>G]TG	1	41632.0	2965775611
JG0139b	X	90826139	N:CA[T>G]TC	-1	52050.0	2965827661
JG0139b	X	90839131	N:TA[T>G]TT	-1	12992.0	2965840653
JG0139b	X	90943825	N:AC[T>C]TG	1	104694.0	2965945347
JG0139b	X	90946704	N:AG[T>C]TT	1	2879.0	2965948226
JG0139b	X	90950152	N:GC[T>A]TT	1	3448.0	2965951674
JG0139b	X	91110800	N:GC[T>A]TA	-1	160648.0	2966112322
JG0139b	X	91660202	N:AA[C>G]CT	-1	549402.0	2966661724
JG0139b	X	91906376	T:GC[T>G]TG	-1	246174.0	2966907898
JG0139b	X	92026590	U:CT[T>G]TT	1	120214.0	2967028112
JG0139b	X	92257330	T:AC[T>C]CA	-1	230740.0	2967258852
JG0139b	X	92395125	U:TC[T>G]TT	1	137795.0	2967396647
JG0139b	X	92438888	U:TC[T>G]TG	1	43763.0	2967440410
JG0139b	X	93125146	N:AC[T>C]CA	1	686258.0	2968126668
JG0139b	X	93262059	N:GC[T>C]TC	-1	136913.0	2968263581
JG0139b	X	93745601	N:GC[T>G]TG	1	483542.0	2968747123
JG0139b	X	93913457	N:AT[T>A]AA	1	167856.0	2968914979
JG0139b	X	93957362	N:AC[T>G]TT	-1	43905.0	2968958884
JG0139b	X	94035522	N:TC[T>C]TT	-1	78160.0	2969037044
JG0139b	X	94266008	N:TC[T>C]TT	-1	230486.0	2969267530
JG0139b	X	94316557	N:CC[T>C]TG	-1	50549.0	2969318079
JG0139b	X	94391994	N:CG[T>C]TA	1	75437.0	2969393516
JG0139b	X	94686197	N:TC[T>C]GA	-1	294203.0	2969687719
JG0139b	X	94737342	N:CC[T>C]TA	-1	51145.0	2969738864
JG0139b	X	95037098	N:CC[T>A]TC	1	299756.0	2970038620
JG0139b	X	95134478	N:AC[T>G]TT	-1	97380.0	2970136000
JG0139b	X	95139118	N:TC[T>C]AT	1	4640.0	2970140640
JG0139b	X	95203467	N:GC[T>C]CA	-1	64349.0	2970204989
JG0139b	X	95305722	N:GC[T>C]TT	-1	102255.0	2970307244
JG0139b	X	96037426	N:TC[T>G]TT	-1	731704.0	2971038948
JG0139b	X	96040951	N:AC[T>C]TC	-1	3525.0	2971042473
JG0139b	X	96075358	N:GG[T>A]CT	1	34407.0	2971076880
JG0139b	X	96176673	N:TA[T>G]TT	-1	101315.0	2971178195
JG0139b	X	96595662	N:AC[T>C]CG	1	418989.0	2971597184
JG0139b	X	96597456	N:GG[T>G]TA	1	1794.0	2971598978
JG0139b	X	97062575	T:TC[T>C]AT	-1	465119.0	2972064097
JG0139b	X	97079709	U:AC[T>C]GC	1	17134.0	2972081231
JG0139b	X	97507733	U:TT[T>G]TG	1	428024.0	2972509255
JG0139b	X	97779076	N:AC[T>G]TA	1	271343.0	2972780598
JG0139b	X	97796740	N:AC[T>C]CA	-1	17664.0	2972798262
JG0139b	X	98494507	N:CC[T>C]CC	1	697767.0	2973496029
JG0139b	X	98984156	N:GC[T>C]CC	-1	489649.0	2973985678
JG0139b	X	99057717	N:AC[T>C]TT	-1	73561.0	2974059239
JG0139b	X	99337562	N:AA[T>G]TA	-1	279845.0	2974339084
JG0139b	X	99479385	N:CC[T>C]TA	-1	141823.0	2974480907
JG0139b	X	99658223	N:TC[T>A]CA	1	178838.0	2974659745
JG0139b	X	99933095	N:AC[T>C]CT	-1	274872.0	2974934617
JG0139b	X	100120461	N:AC[T>C]TG	-1	187366.0	2975121983
JG0139b	X	100435646	N:GC[T>C]GT	1	315185.0	2975437168
JG0139b	X	100912331	N:CC[T>C]TT	-1	476685.0	2975913853
JG0139b	X	101408611	T:AC[T>A]CA	-1	496280.0	2976410133
JG0139b	X	101954649	N:CC[T>A]CT	1	546038.0	2976956171
JG0139b	X	102179826	N:TC[T>C]CT	1	225177.0	2977181348
JG0139b	X	102323983	T:CC[T>C]TT	-1	144157.0	2977325505
JG0139b	X	102395631	U:TC[T>G]TT	-1	71648.0	2977397153
JG0139b	X	102640807	N:GC[T>C]TT	1	245176.0	2977642329
JG0139b	X	102650249	N:AG[T>C]GT	1	9442.0	2977651771
JG0139b	X	102700664	N:AC[T>G]TC	1	50415.0	2977702186
JG0139b	X	102735781	U:AC[T>G]TA	1	35117.0	2977737303
JG0139b	X	102784417	N:GC[T>C]CA	1	48636.0	2977785939
JG0139b	X	102784652	N:TC[T>C]TG	-1	235.0	2977786174
JG0139b	X	102821938	N:CC[T>C]CT	1	37286.0	2977823460
JG0139b	X	102938617	N:GT[T>G]TT	-1	116679.0	2977940139
JG0139b	X	102964956	N:TG[T>G]TG	1	26339.0	2977966478
JG0139b	X	102970824	N:TC[T>C]CC	1	5868.0	2977972346
JG0139b	X	103348350	N:GC[T>C]CC	1	377526.0	2978349872
JG0139b	X	103555065	N:CC[T>C]TC	1	206715.0	2978556587
JG0139b	X	103640279	N:CC[T>C]CG	-1	85214.0	2978641801
JG0139b	X	104110358	T:CC[T>C]CC	1	470079.0	2979111880
JG0139b	X	104241270	N:GC[T>C]TT	1	130912.0	2979242792
JG0139b	X	104252730	U:GC[T>C]TT	-1	11460.0	2979254252
JG0139b	X	104462178	N:AC[T>C]CT	1	209448.0	2979463700
JG0139b	X	104994793	T:TT[T>G]TC	-1	532615.0	2979996315
JG0139b	X	105205696	T:GC[T>G]TT	-1	210903.0	2980207218
JG0139b	X	105303749	U:AC[T>C]TC	1	98053.0	2980305271
JG0139b	X	105414807	T:AC[T>G]TT	-1	111058.0	2980416329
JG0139b	X	105541821	U:TC[T>C]CC	1	127014.0	2980543343
JG0139b	X	106099659	N:TG[T>G]TC	1	557838.0	2981101181
JG0139b	X	106483468	N:AC[T>C]TG	1	383809.0	2981484990
JG0139b	X	106880503	U:CT[T>G]TC	-1	397035.0	2981882025
JG0139b	X	106927718	B:CC[T>G]CA	-1	47215.0	2981929240
JG0139b	X	107276075	N:CC[T>C]TT	1	348357.0	2982277597
JG0139b	X	107392732	N:TC[T>C]TG	-1	116657.0	2982394254
JG0139b	X	107562634	U:AC[T>C]CA	1	169902.0	2982564156
JG0139b	X	107846199	T:GC[T>A]CA	-1	283565.0	2982847721
JG0139b	X	107919540	U:TC[T>G]TT	1	73341.0	2982921062
JG0139b	X	108312002	T:AC[T>G]CA	1	392462.0	2983313524
JG0139b	X	108546538	T:GC[T>G]AA	-1	234536.0	2983548060
JG0139b	X	108721174	N:TG[T>G]TT	-1	174636.0	2983722696
JG0139b	X	108757995	N:AC[T>G]GA	1	36821.0	2983759517
JG0139b	X	108938794	N:CC[T>C]TT	-1	180799.0	2983940316
JG0139b	X	109065597	N:CA[T>G]TA	1	126803.0	2984067119
JG0139b	X	109150074	N:AG[T>G]TC	-1	84477.0	2984151596
JG0139b	X	109195024	N:AG[T>C]GT	1	44950.0	2984196546
JG0139b	X	109573425	N:GC[T>C]TT	-1	378401.0	2984574947
JG0139b	X	109823766	N:GA[T>A]TT	-1	250341.0	2984825288
JG0139b	X	109838778	N:TC[T>C]TC	1	15012.0	2984840300
JG0139b	X	109889629	N:AC[T>C]TT	-1	50851.0	2984891151
JG0139b	X	110100014	T:AC[T>C]TC	-1	210385.0	2985101536
JG0139b	X	110306398	T:CC[T>C]CG	1	206384.0	2985307920
JG0139b	X	110558137	N:AC[T>C]TC	1	251739.0	2985559659
JG0139b	X	110710041	T:GC[T>C]AC	1	151904.0	2985711563
JG0139b	X	111107375	U:GC[T>C]GT	1	397334.0	2986108897
JG0139b	X	111149370	U:TC[T>A]TC	1	41995.0	2986150892
JG0139b	X	111210972	U:TA[T>G]CT	1	61602.0	2986212494
JG0139b	X	111483234	N:CC[T>C]TG	1	272262.0	2986484756
JG0139b	X	111635364	N:TC[T>C]TT	-1	152130.0	2986636886
JG0139b	X	111780804	T:TC[T>A]TT	1	145440.0	2986782326
JG0139b	X	112160218	N:AC[T>G]CC	-1	379414.0	2987161740
JG0139b	X	112349107	N:AC[T>C]CT	-1	188889.0	2987350629
JG0139b	X	112449940	N:TG[T>G]CT	-1	100833.0	2987451462
JG0139b	X	112457329	N:AC[T>C]CT	1	7389.0	2987458851
JG0139b	X	112747379	N:CC[T>A]GA	1	290050.0	2987748901
JG0139b	X	112780918	T:GC[T>G]TT	1	33539.0	2987782440
JG0139b	X	112804057	U:GC[T>C]GG	-1	23139.0	2987805579
JG0139b	X	113029981	N:AC[T>G]TA	1	225924.0	2988031503
JG0139b	X	113232229	N:AC[T>A]CA	-1	202248.0	2988233751
JG0139b	X	113318771	N:TC[T>C]CT	1	86542.0	2988320293
JG0139b	X	113812178	N:GC[T>C]GC	-1	493407.0	2988813700
JG0139b	X	113918287	N:AC[T>G]TT	-1	106109.0	2988919809
JG0139b	X	114029210	N:GC[T>G]TC	1	110923.0	2989030732
JG0139b	X	114589976	T:AC[T>C]CA	-1	560766.0	2989591498
JG0139b	X	114623930	T:TG[T>G]CT	-1	33954.0	2989625452
JG0139b	X	114685414	T:TG[T>G]TA	-1	61484.0	2989686936
JG0139b	X	114710945	U:AC[T>A]TC	1	25531.0	2989712467
JG0139b	X	114840404	T:AC[T>C]GT	-1	129459.0	2989841926
JG0139b	X	115323379	N:AG[T>G]TT	1	482975.0	2990324901
JG0139b	X	115380885	N:CC[T>A]TT	1	57506.0	2990382407
JG0139b	X	115409080	N:CA[T>C]TC	-1	28195.0	2990410602
JG0139b	X	115567717	U:TT[T>G]TT	1	158637.0	2990569239
JG0139b	X	115580976	U:AA[T>C]CC	1	13259.0	2990582498
JG0139b	X	115630535	U:AC[T>A]CA	1	49559.0	2990632057
JG0139b	X	115642547	U:CC[T>C]TC	1	12012.0	2990644069
JG0139b	X	115871405	N:CC[T>G]GG	-1	228858.0	2990872927
JG0139b	X	115920594	N:TC[T>C]TT	-1	49189.0	2990922116
JG0139b	X	116120537	N:TC[T>C]TC	1	199943.0	2991122059
JG0139b	X	116178336	N:CC[T>C]TC	1	57799.0	2991179858
JG0139b	X	116293418	N:TC[T>A]TG	-1	115082.0	2991294940
JG0139b	X	116393200	N:GC[T>C]GT	-1	99782.0	2991394722
JG0139b	X	116998572	N:TC[T>G]TC	-1	605372.0	2992000094
JG0139b	X	117248068	N:AC[T>C]TT	1	249496.0	2992249590
JG0139b	X	117317879	N:TC[T>A]TT	-1	69811.0	2992319401
JG0139b	X	117543193	N:TG[T>A]CA	-1	225314.0	2992544715
JG0139b	X	117882620	N:CC[T>C]TT	-1	339427.0	2992884142
JG0139b	X	118109707	U:TG[T>A]CT	-1	227087.0	2993111229
JG0139b	X	118148349	N:AC[T>C]TT	-1	38642.0	2993149871
JG0139b	X	118547387	T:GC[T>G]TG	-1	399038.0	2993548909
JG0139b	X	118592196	T:CC[T>C]CA	-1	44809.0	2993593718
JG0139b	X	118695841	N:TC[T>G]CT	-1	103645.0	2993697363
JG0139b	X	118728934	T:CC[T>C]TT	-1	33093.0	2993730456
JG0139b	X	119033565	N:CC[T>A]CT	-1	304631.0	2994035087
JG0139b	X	119060528	N:AC[T>G]TT	-1	26963.0	2994062050
JG0139b	X	120037397	N:TC[T>C]CC	1	976869.0	2995038919
JG0139b	X	120070967	U:TG[T>G]TG	-1	33570.0	2995072489
JG0139b	X	120095243	N:GG[T>C]TT	-1	24276.0	2995096765
JG0139b	X	120486511	N:AG[T>C]CA	-1	391268.0	2995488033
JG0139b	X	120546167	T:AC[T>G]TG	1	59656.0	2995547689
JG0139b	X	120567103	U:TG[T>A]CT	-1	20936.0	2995568625
JG0139b	X	120592185	N:CC[T>C]TG	-1	25082.0	2995593707
JG0139b	X	120772702	N:TA[T>G]TA	1	180517.0	2995774224
JG0139b	X	120851205	N:AC[T>G]CA	-1	78503.0	2995852727
JG0139b	X	120930377	T:CC[T>C]CT	1	79172.0	2995931899
JG0139b	X	121553167	N:TC[T>G]TT	-1	622790.0	2996554689
JG0139b	X	121651724	N:TC[T>G]TG	1	98557.0	2996653246
JG0139b	X	122238772	N:CC[T>G]TG	1	587048.0	2997240294
JG0139b	X	122544691	N:TC[T>A]TG	-1	305919.0	2997546213
JG0139b	X	122722260	N:TC[T>C]TA	-1	177569.0	2997723782
JG0139b	X	123032762	N:GA[C>A]AG	-1	310502.0	2998034284
JG0139b	X	123114611	N:CC[T>C]CT	-1	81849.0	2998116133
JG0139b	X	123216808	U:TC[T>C]TC	1	102197.0	2998218330
JG0139b	X	123365520	T:AC[T>G]TT	-1	148712.0	2998367042
JG0139b	X	123393017	T:AC[T>C]CA	-1	27497.0	2998394539
JG0139b	X	123446451	U:AC[T>C]TT	1	53434.0	2998447973
JG0139b	X	123764467	N:GC[T>C]CA	1	318016.0	2998765989
JG0139b	X	123800526	N:CC[T>G]CT	1	36059.0	2998802048
JG0139b	X	124085021	T:TC[T>A]TT	-1	284495.0	2999086543
JG0139b	X	124198828	N:AG[T>G]TT	1	113807.0	2999200350
JG0139b	X	124309801	N:TT[T>G]TT	-1	110973.0	2999311323
JG0139b	X	124788114	T:AT[T>A]CA	1	478313.0	2999789636
JG0139b	X	124803402	T:TC[T>G]TA	1	15288.0	2999804924
JG0139b	X	125055215	N:GG[T>A]CA	1	251813.0	3000056737
JG0139b	X	125060031	N:TT[C>A]AG	1	4816.0	3000061553
JG0139b	X	125098343	N:CC[T>C]TG	1	38312.0	3000099865
JG0139b	X	125766926	N:TC[T>A]CC	1	668583.0	3000768448
JG0139b	X	125875905	N:TC[T>A]TT	1	108979.0	3000877427
JG0139b	X	125929941	N:GC[T>G]TT	1	54036.0	3000931463
JG0139b	X	126170741	N:TC[T>C]TG	1	240800.0	3001172263
JG0139b	X	126173079	N:AC[T>A]GA	1	2338.0	3001174601
JG0139b	X	126549417	T:AC[T>G]TA	1	376338.0	3001550939
JG0139b	X	126554989	N:CC[T>G]CT	-1	5572.0	3001556511
JG0139b	X	126761519	N:TC[T>G]TT	1	206530.0	3001763041
JG0139b	X	126776366	N:CC[T>G]TA	1	14847.0	3001777888
JG0139b	X	127089518	N:CC[T>C]CT	1	313152.0	3002091040
JG0139b	X	127217140	N:TC[T>C]TC	-1	127622.0	3002218662
JG0139b	X	127249448	N:AC[T>C]TA	-1	32308.0	3002250970
JG0139b	X	127256261	N:CC[T>A]TG	-1	6813.0	3002257783
JG0139b	X	127294302	N:AC[T>C]TG	1	38041.0	3002295824
JG0139b	X	127841551	N:AC[T>A]CC	1	547249.0	3002843073
JG0139b	X	128145170	N:GC[T>G]TA	1	303619.0	3003146692
JG0139b	X	128297715	N:AC[T>A]CT	-1	152545.0	3003299237
JG0139b	X	128496414	N:TG[T>G]TT	-1	198699.0	3003497936
JG0139b	X	128643560	N:AG[T>G]CT	-1	147146.0	3003645082
JG0139b	X	128787188	N:GC[T>C]CT	-1	143628.0	3003788710
JG0139b	X	129020086	N:CC[T>G]TA	-1	232898.0	3004021608
JG0139b	X	129705166	N:CC[T>C]TG	1	685080.0	3004706688
JG0139b	X	129818059	U:GG[T>A]TC	-1	112893.0	3004819581
JG0139b	X	129919671	T:AG[T>C]CA	-1	101612.0	3004921193
JG0139b	X	129951925	N:TC[T>A]TA	-1	32254.0	3004953447
JG0139b	X	130210054	U:CC[T>A]TC	-1	258129.0	3005211576
JG0139b	X	130227858	U:AC[T>G]TG	-1	17804.0	3005229380
JG0139b	X	130402817	U:GC[T>C]CC	1	174959.0	3005404339
JG0139b	X	130421841	N:GC[T>C]TC	-1	19024.0	3005423363
JG0139b	X	130449884	N:TT[T>G]GA	1	28043.0	3005451406
JG0139b	X	130514980	N:CC[T>C]CA	-1	65096.0	3005516502
JG0139b	X	130923339	N:CC[T>A]CT	-1	408359.0	3005924861
JG0139b	X	131045025	N:TC[T>C]TT	1	121686.0	3006046547
JG0139b	X	131156709	N:CC[T>G]TC	1	111684.0	3006158231
JG0139b	X	131221874	N:GC[T>G]TC	-1	65165.0	3006223396
JG0139b	X	131230629	N:TC[T>C]TT	1	8755.0	3006232151
JG0139b	X	131539599	T:AC[T>C]TT	1	308970.0	3006541121
JG0139b	X	131598591	N:CC[T>A]CC	-1	58992.0	3006600113
JG0139b	X	131846689	N:TC[T>C]TT	-1	248098.0	3006848211
JG0139b	X	131861477	N:CC[T>C]CC	-1	14788.0	3006862999
JG0139b	X	131973356	N:AC[T>C]CA	-1	111879.0	3006974878
JG0139b	X	131992524	N:TC[T>C]TG	-1	19168.0	3006994046
JG0139b	X	132075443	T:GA[T>G]TT	-1	82919.0	3007076965
JG0139b	X	132108137	T:AA[T>G]TG	1	32694.0	3007109659
JG0139b	X	132294940	N:TC[T>C]TC	1	186803.0	3007296462
JG0139b	X	132350287	N:TG[T>C]AT	-1	55347.0	3007351809
JG0139b	X	132582032	N:TC[T>C]TC	-1	231745.0	3007583554
JG0139b	X	132582495	N:CC[T>G]TT	-1	463.0	3007584017
JG0139b	X	132884298	U:TC[T>A]CC	-1	301803.0	3007885820
JG0139b	X	132967271	N:AC[T>C]CA	1	82973.0	3007968793
JG0139b	X	132995695	N:CC[T>C]CC	-1	28424.0	3007997217
JG0139b	X	133041104	U:CC[T>G]TG	-1	45409.0	3008042626
JG0139b	X	133043837	U:CC[T>C]CG	-1	2733.0	3008045359
JG0139b	X	133049163	T:TT[T>G]TC	1	5326.0	3008050685
JG0139b	X	133060003	T:AC[T>C]GA	1	10840.0	3008061525
JG0139b	X	133155016	N:CT[T>C]CG	-1	95013.0	3008156538
JG0139b	X	133662192	U:CC[T>C]CC	-1	507176.0	3008663714
JG0139b	X	133785696	U:AC[T>C]TG	-1	123504.0	3008787218
JG0139b	X	134054844	N:TC[T>G]TG	-1	269148.0	3009056366
JG0139b	X	134121627	N:CC[T>C]TG	-1	66783.0	3009123149
JG0139b	X	134181324	N:GC[T>C]CA	1	59697.0	3009182846
JG0139b	X	134847496	T:AC[T>G]TT	-1	666172.0	3009849018
JG0139b	X	135166204	T:TC[T>C]TT	1	318708.0	3010167726
JG0139b	X	135202439	N:CC[T>C]CT	1	36235.0	3010203961
JG0139b	X	135274055	N:TG[T>G]TT	-1	71616.0	3010275577
JG0139b	X	135339538	U:GC[T>C]GC	-1	65483.0	3010341060
JG0139b	X	135478355	N:GC[T>C]TA	-1	138817.0	3010479877
JG0139b	X	135816704	T:GC[T>G]TA	1	338349.0	3010818226
JG0139b	X	135896485	U:AC[T>A]TT	1	79781.0	3010898007
JG0139b	X	135966596	U:TC[T>C]TT	-1	70111.0	3010968118
JG0139b	X	136087196	N:CA[T>G]TC	-1	120600.0	3011088718
JG0139b	X	136489328	U:GC[T>A]TT	1	402132.0	3011490850
JG0139b	X	136623759	N:CC[T>C]AT	-1	134431.0	3011625281
JG0139b	X	137355404	N:TG[T>A]CT	1	731645.0	3012356926
JG0139b	X	137358635	N:AC[T>C]TT	-1	3231.0	3012360157
JG0139b	X	137417926	N:TC[T>G]TT	-1	59291.0	3012419448
JG0139b	X	137475472	N:AC[T>C]TC	-1	57546.0	3012476994
JG0139b	X	137547257	N:GC[T>C]GG	-1	71785.0	3012548779
JG0139b	X	137578590	N:TC[T>G]CA	1	31333.0	3012580112
JG0139b	X	137612023	N:GC[T>A]CT	1	33433.0	3012613545
JG0139b	X	137707214	N:CC[T>C]TT	-1	95191.0	3012708736
JG0139b	X	137718518	N:AC[T>C]CA	1	11304.0	3012720040
JG0139b	X	137901206	N:CA[T>G]TT	-1	182688.0	3012902728
JG0139b	X	137954634	N:TC[T>C]TT	1	53428.0	3012956156
JG0139b	X	138142015	N:TC[T>C]AG	-1	187381.0	3013143537
JG0139b	X	138198239	N:GC[T>C]TT	1	56224.0	3013199761
JG0139b	X	138221971	N:TC[T>A]CA	-1	23732.0	3013223493
JG0139b	X	138674111	U:TC[T>C]TC	-1	452140.0	3013675633
JG0139b	X	138784772	U:GA[T>G]TA	-1	110661.0	3013786294
JG0139b	X	138846777	U:AC[T>C]TG	-1	62005.0	3013848299
JG0139b	X	139546354	U:TC[T>C]GC	1	699577.0	3014547876
JG0139b	X	139616138	U:AC[T>C]GT	-1	69784.0	3014617660
JG0139b	X	139640408	T:CC[T>G]TA	1	24270.0	3014641930
JG0139b	X	139723823	N:CC[T>C]TT	1	83415.0	3014725345
JG0139b	X	139802426	T:AG[T>A]TT	1	78603.0	3014803948
JG0139b	X	139831973	U:CC[T>G]TA	-1	29547.0	3014833495
JG0139b	X	140207826	N:CC[T>A]TT	-1	375853.0	3015209348
JG0139b	X	140296632	N:AC[T>A]GC	1	88806.0	3015298154
JG0139b	X	140599117	N:TC[T>C]GG	1	302485.0	3015600639
JG0139b	X	141154622	N:GC[T>G]TC	-1	555505.0	3016156144
JG0139b	X	141364191	N:TC[T>C]TT	-1	209569.0	3016365713
JG0139b	X	141400376	N:GC[T>C]AA	-1	36185.0	3016401898
JG0139b	X	141480934	N:TC[T>C]TT	1	80558.0	3016482456
JG0139b	X	141628084	N:GC[T>G]TT	-1	147150.0	3016629606
JG0139b	X	141732086	N:CC[T>C]TA	-1	104002.0	3016733608
JG0139b	X	141907976	U:CC[T>A]TC	1	175890.0	3016909498
JG0139b	X	141910337	N:AC[T>C]TT	1	2361.0	3016911859
JG0139b	X	143146214	N:CC[T>G]TA	-1	1235877.0	3018147736
JG0139b	X	143576849	N:TC[T>C]CA	-1	430635.0	3018578371
JG0139b	X	143925767	N:CC[T>C]TT	-1	348918.0	3018927289
JG0139b	X	144182232	N:AC[T>A]CA	-1	256465.0	3019183754
JG0139b	X	145245577	N:TC[T>C]CA	-1	1063345.0	3020247099
JG0139b	X	145399585	N:AC[T>C]TT	-1	154008.0	3020401107
JG0139b	X	145535882	N:TC[T>G]CA	-1	136297.0	3020537404
JG0139b	X	145546296	N:TC[T>A]TT	-1	10414.0	3020547818
JG0139b	X	145591741	N:GC[T>C]CC	-1	45445.0	3020593263
JG0139b	X	145729753	N:TC[T>C]CT	1	138012.0	3020731275
JG0139b	X	145731667	N:AG[T>A]TA	1	1914.0	3020733189
JG0139b	X	146476272	N:CC[T>G]CC	1	744605.0	3021477794
JG0139b	X	146928449	N:CC[T>C]TC	-1	452177.0	3021929971
JG0139b	X	147748183	N:GC[T>A]CA	-1	819734.0	3022749705
JG0139b	X	148072879	N:TG[T>G]TT	-1	324696.0	3023074401
JG0139b	X	148109523	N:AG[T>C]CC	1	36644.0	3023111045
JG0139b	X	148199406	N:CC[T>G]TT	1	89883.0	3023200928
JG0139b	X	148449074	N:AC[T>C]AA	1	249668.0	3023450596
JG0139b	X	148499696	N:CC[T>G]TT	1	50622.0	3023501218
JG0139b	X	148864813	T:AG[T>G]TA	-1	365117.0	3023866335
JG0139b	X	149119352	N:AT[C>G]TC	1	254539.0	3024120874
JG0139b	X	149689921	T:AG[T>C]CC	-1	570569.0	3024691443
JG0139b	X	149769468	N:AC[T>A]TT	1	79547.0	3024770990
JG0139b	X	149956811	N:TC[T>C]TT	1	187343.0	3024958333
JG0139b	X	150026136	N:AG[T>G]TC	-1	69325.0	3025027658
JG0139b	X	150037888	N:TC[T>C]TT	1	11752.0	3025039410
JG0139b	X	150231160	N:TG[T>A]TG	-1	193272.0	3025232682
JG0139b	X	150240169	N:GG[T>A]CC	1	9009.0	3025241691
JG0139b	X	150366557	U:TG[C>A]CG	1	126388.0	3025368079
JG0139b	X	150396882	T:CC[T>C]AG	-1	30325.0	3025398404
JG0139b	X	150713178	U:GC[T>C]TG	1	316296.0	3025714700
JG0139b	X	150986825	U:TT[T>G]TA	1	273647.0	3025988347
JG0139b	X	151146179	N:GC[T>C]TC	-1	159354.0	3026147701
JG0139b	X	151151872	N:TC[T>A]CA	-1	5693.0	3026153394
JG0139b	X	151243316	N:TC[T>C]TT	1	91444.0	3026244838
JG0139b	X	151368015	N:TC[T>G]TA	1	124699.0	3026369537
JG0139b	X	151440266	N:TC[T>C]CG	1	72251.0	3026441788
JG0139b	X	151461452	N:CC[T>C]CC	-1	21186.0	3026462974
JG0139b	X	151753331	N:CC[T>G]TC	-1	291879.0	3026754853
JG0139b	X	151807848	N:CC[T>G]CT	-1	54517.0	3026809370
JG0139b	X	152166767	U:AC[T>G]TG	-1	358919.0	3027168289
JG0139b	X	152687455	N:TC[T>G]TT	1	520688.0	3027688977
JG0139b	X	152725319	N:AC[T>A]CT	-1	37864.0	3027726841
JG0139b	X	153201689	N:TC[T>C]GT	-1	476370.0	3028203211
JG0139b	X	153367216	N:CC[T>C]GT	1	165527.0	3028368738
JG0139b	X	153454936	T:CC[T>A]CT	1	87720.0	3028456458
JG0139b	X	153455412	U:GC[T>C]GG	-1	476.0	3028456934
JG0139b	X	153949642	U:GC[T>C]CA	-1	494230.0	3028951164
JG0139b	X	154107594	N:AC[T>G]TC	-1	157952.0	3029109116
JG0139b	X	154119617	N:GT[T>G]TG	-1	12023.0	3029121139
JG0139b	X	154392209	N:AC[T>A]TT	1	272592.0	3029393731
JG0139b	X	154437228	T:GC[T>A]CG	-1	45019.0	3029438750
JG0139b	X	154536840	U:AC[T>G]TT	-1	99612.0	3029538362
JG0139b	X	154682345	T:TC[T>G]TT	1	145505.0	3029683867
JG0139b	X	154700789	U:AC[T>C]TG	-1	18444.0	3029702311
JG0139b	X	154847740	T:CC[T>C]TT	1	146951.0	3029849262
JG0139b	X	154897235	U:AC[T>G]TG	-1	49495.0	3029898757
JG0139b	X	154954422	U:AC[T>C]TA	-1	57187.0	3029955944
JG0139b	X	155292583	U:TG[T>C]TA	-1	338161.0	3030294105
JG0139b	X	155522066	T:TC[T>G]TA	1	229483.0	3030523588
JG0139b	X	155648594	N:TC[T>G]TT	-1	126528.0	3030650116
JG0139b	X	155773108	U:GG[T>C]TT	1	124514.0	3030774630
JG0139b	X	155950470	N:AG[T>G]TT	1	177362.0	3030951992
JG0139b	X	155964749	N:CC[T>C]CA	-1	14279.0	3030966271
JG0139b	X	155998969	U:AC[T>C]GT	1	34220.0	3031000491
JG0139b	X	156015166	N:GC[T>G]TG	1	16197.0	3031016688
