sample	chr	start	mutation	strand	dist_to_previous	start_cumulative
JG0139e	1	729981	N:AT[C>G]TG	-1		729981
JG0139e	1	911432	N:CC[T>G]TT	1	181451.0	911432
JG0139e	1	1140998	N:CC[T>C]TT	-1	229566.0	1140998
JG0139e	1	2342723	T:GC[T>C]GG	1	1201725.0	2342723
JG0139e	1	3194730	T:CG[T>C]GT	-1	852007.0	3194730
JG0139e	1	3225282	U:GC[T>G]CA	1	30552.0	3225282
JG0139e	1	3917069	N:TA[C>G]AA	1	691787.0	3917069
JG0139e	1	4599757	N:GC[T>A]CA	1	682688.0	4599757
JG0139e	1	4745033	T:GC[T>G]TC	-1	145276.0	4745033
JG0139e	1	5732776	N:AT[C>A]AC	-1	987743.0	5732776
JG0139e	1	6172017	T:GC[T>C]CA	1	439241.0	6172017
JG0139e	1	6289731	U:CA[C>A]AG	-1	117714.0	6289731
JG0139e	1	6291852	U:GC[T>G]CT	-1	2121.0	6291852
JG0139e	1	6874509	U:CC[C>A]CA	1	582657.0	6874509
JG0139e	1	7877192	N:TG[T>G]TT	-1	1002683.0	7877192
JG0139e	1	8177992	N:TG[T>G]TT	1	300800.0	8177992
JG0139e	1	8415630	T:CC[T>A]TT	1	237638.0	8415630
JG0139e	1	8482183	T:GC[T>C]CA	1	66553.0	8482183
JG0139e	1	8493249	T:CC[T>A]CA	1	11066.0	8493249
JG0139e	1	8634985	T:CC[T>G]CA	1	141736.0	8634985
JG0139e	1	8672271	T:GC[T>C]CA	1	37286.0	8672271
JG0139e	1	8704458	U:AC[T>G]TG	-1	32187.0	8704458
JG0139e	1	8765229	U:AC[T>C]TA	-1	60771.0	8765229
JG0139e	1	8874570	T:AC[T>C]CC	1	109341.0	8874570
JG0139e	1	9044304	T:GC[C>A]TG	1	169734.0	9044304
JG0139e	1	9502519	N:AC[T>G]TA	-1	458215.0	9502519
JG0139e	1	10123305	U:TG[T>C]CT	1	620786.0	10123305
JG0139e	1	11164167	U:GG[T>G]TT	-1	1040862.0	11164167
JG0139e	1	12053598	N:CC[T>G]TG	-1	889431.0	12053598
JG0139e	1	12468821	U:GC[T>C]CA	1	415223.0	12468821
JG0139e	1	13445741	N:TG[T>C]CT	-1	976920.0	13445741
JG0139e	1	13628260	N:CC[T>C]TA	1	182519.0	13628260
JG0139e	1	14525350	U:TC[T>C]GT	1	897090.0	14525350
JG0139e	1	14632654	U:TC[T>C]TC	1	107304.0	14632654
JG0139e	1	16441354	T:GG[T>A]GA	-1	1808700.0	16441354
JG0139e	1	17055972	N:GG[T>C]TT	1	614618.0	17055972
JG0139e	1	17215333	U:TC[T>G]TG	1	159361.0	17215333
JG0139e	1	17368351	N:TC[T>G]CT	1	153018.0	17368351
JG0139e	1	17690185	U:CT[C>A]AG	1	321834.0	17690185
JG0139e	1	18169364	T:TC[T>C]TC	-1	479179.0	18169364
JG0139e	1	18299732	T:AC[T>C]CC	-1	130368.0	18299732
JG0139e	1	18356455	U:TC[T>G]TT	1	56723.0	18356455
JG0139e	1	18601412	N:AG[T>G]CC	-1	244957.0	18601412
JG0139e	1	18972500	N:AC[T>C]TC	-1	371088.0	18972500
JG0139e	1	19006832	N:CC[T>G]TC	1	34332.0	19006832
JG0139e	1	19092667	T:AC[T>C]TC	1	85835.0	19092667
JG0139e	1	19339222	U:AC[T>C]GT	-1	246555.0	19339222
JG0139e	1	19522141	U:AC[T>C]GC	1	182919.0	19522141
JG0139e	1	20591683	T:TC[T>C]GG	-1	1069542.0	20591683
JG0139e	1	20974477	U:AC[T>G]TT	-1	382794.0	20974477
JG0139e	1	21040481	U:TC[T>G]TT	-1	66004.0	21040481
JG0139e	1	21518417	T:TC[T>G]GA	-1	477936.0	21518417
JG0139e	1	22002879	T:CC[T>C]CT	-1	484462.0	22002879
JG0139e	1	22380369	N:AC[T>C]CC	1	377490.0	22380369
JG0139e	1	22422798	N:AA[C>T]CT	-1	42429.0	22422798
JG0139e	1	22500232	U:TG[T>G]TT	1	77434.0	22500232
JG0139e	1	22698338	N:GC[T>C]CA	1	198106.0	22698338
JG0139e	1	23189926	N:CC[T>G]TC	1	491588.0	23189926
JG0139e	1	24541721	N:TC[T>C]TT	1	1351795.0	24541721
JG0139e	1	26460780	T:GG[T>C]TG	-1	1919059.0	26460780
JG0139e	1	26555467	T:GT[C>G]CA	-1	94687.0	26555467
JG0139e	1	28270518	T:TC[T>G]GG	-1	1715051.0	28270518
JG0139e	1	28376075	T:GT[T>G]TT	-1	105557.0	28376075
JG0139e	1	28773188	N:CC[T>C]CC	1	397113.0	28773188
JG0139e	1	28981357	T:TC[T>C]TT	-1	208169.0	28981357
JG0139e	1	29292014	U:GC[T>G]AC	1	310657.0	29292014
JG0139e	1	29607962	N:AT[T>G]TT	1	315948.0	29607962
JG0139e	1	29640338	N:AT[T>G]TT	-1	32376.0	29640338
JG0139e	1	29644556	N:CC[T>G]GG	1	4218.0	29644556
JG0139e	1	30177400	N:AA[T>G]TT	-1	532844.0	30177400
JG0139e	1	30247576	N:TC[T>C]GC	1	70176.0	30247576
JG0139e	1	31495112	N:AC[T>G]TT	1	1247536.0	31495112
JG0139e	1	32138977	U:TC[T>G]TC	1	643865.0	32138977
JG0139e	1	32421878	N:TC[T>G]TG	1	282901.0	32421878
JG0139e	1	32679058	T:CC[T>C]CT	-1	257180.0	32679058
JG0139e	1	34160583	U:TC[T>G]TT	-1	1481525.0	34160583
JG0139e	1	34937351	N:AC[T>C]TA	1	776768.0	34937351
JG0139e	1	35435037	U:AC[T>C]CC	-1	497686.0	35435037
JG0139e	1	36146651	T:AC[T>G]TG	1	711614.0	36146651
JG0139e	1	37948986	N:TC[T>G]CC	-1	1802335.0	37948986
JG0139e	1	38774796	N:CC[T>C]TC	1	825810.0	38774796
JG0139e	1	39230879	U:GC[T>C]TG	1	456083.0	39230879
JG0139e	1	39683673	T:GC[T>G]AT	1	452794.0	39683673
JG0139e	1	39811404	N:TG[T>G]TG	-1	127731.0	39811404
JG0139e	1	39894623	N:GC[T>C]CT	1	83219.0	39894623
JG0139e	1	40100532	N:GC[T>G]AT	-1	205909.0	40100532
JG0139e	1	40241609	N:GC[T>C]TG	1	141077.0	40241609
JG0139e	1	40377873	T:CC[T>G]GG	-1	136264.0	40377873
JG0139e	1	40468352	N:TC[T>C]TT	-1	90479.0	40468352
JG0139e	1	40589442	N:TT[T>G]TC	1	121090.0	40589442
JG0139e	1	40925557	N:TC[T>G]TA	-1	336115.0	40925557
JG0139e	1	41548838	T:CC[T>C]TG	1	623281.0	41548838
JG0139e	1	42296318	T:GC[T>G]TT	1	747480.0	42296318
JG0139e	1	42816439	T:TC[T>G]TT	1	520121.0	42816439
JG0139e	1	42977536	N:TT[T>G]TA	1	161097.0	42977536
JG0139e	1	43620279	U:CC[T>C]TG	1	642743.0	43620279
JG0139e	1	44232152	T:TC[T>G]TG	1	611873.0	44232152
JG0139e	1	44447209	T:TC[T>C]TC	-1	215057.0	44447209
JG0139e	1	44544461	T:AC[T>C]CA	-1	97252.0	44544461
JG0139e	1	44776907	T:CC[T>G]CA	-1	232446.0	44776907
JG0139e	1	44786759	T:CG[C>A]CT	1	9852.0	44786759
JG0139e	1	45548811	N:CC[T>C]CC	1	762052.0	45548811
JG0139e	1	45692778	T:CC[T>G]TC	-1	143967.0	45692778
JG0139e	1	46474399	N:AT[C>T]CC	-1	781621.0	46474399
JG0139e	1	46876546	N:TA[T>A]TG	-1	402147.0	46876546
JG0139e	1	46925047	N:TC[T>G]CA	-1	48501.0	46925047
JG0139e	1	47573876	N:TC[T>C]TC	-1	648829.0	47573876
JG0139e	1	49051150	U:TC[T>C]AC	-1	1477274.0	49051150
JG0139e	1	49469848	T:TC[T>G]TT	1	418698.0	49469848
JG0139e	1	49657849	U:TT[T>G]TT	-1	188001.0	49657849
JG0139e	1	49789260	T:GA[T>G]TT	1	131411.0	49789260
JG0139e	1	50437219	T:GG[T>C]TT	1	647959.0	50437219
JG0139e	1	51309506	U:CC[T>G]GG	-1	872287.0	51309506
JG0139e	1	51489774	T:AG[T>G]TC	1	180268.0	51489774
JG0139e	1	51667133	T:TG[T>G]AA	-1	177359.0	51667133
JG0139e	1	51883510	N:AG[T>G]TC	-1	216377.0	51883510
JG0139e	1	51921134	U:TC[T>C]AA	-1	37624.0	51921134
JG0139e	1	52192256	U:CA[C>T]TT	1	271122.0	52192256
JG0139e	1	52506566	T:CC[T>G]TT	1	314310.0	52506566
JG0139e	1	52870240	T:TC[T>A]CT	-1	363674.0	52870240
JG0139e	1	52876868	U:AA[T>G]CG	1	6628.0	52876868
JG0139e	1	53117125	T:GC[T>C]CT	1	240257.0	53117125
JG0139e	1	53441800	N:TC[T>C]TC	-1	324675.0	53441800
JG0139e	1	54461287	N:TC[T>G]TC	-1	1019487.0	54461287
JG0139e	1	54852139	T:TC[T>G]TT	1	390852.0	54852139
JG0139e	1	56179526	N:AC[T>C]TC	-1	1327387.0	56179526
JG0139e	1	56221328	N:AG[T>G]TC	-1	41802.0	56221328
JG0139e	1	56570629	T:TC[T>G]TT	1	349301.0	56570629
JG0139e	1	56696105	U:CC[T>A]GA	1	125476.0	56696105
JG0139e	1	57001678	T:TC[T>C]CC	1	305573.0	57001678
JG0139e	1	57400459	U:AC[T>C]TT	-1	398781.0	57400459
JG0139e	1	58009056	N:CC[T>C]GG	-1	608597.0	58009056
JG0139e	1	58850435	N:CC[T>G]TG	-1	841379.0	58850435
JG0139e	1	59336152	T:AC[T>C]TA	-1	485717.0	59336152
JG0139e	1	60228296	N:AA[T>C]TT	1	892144.0	60228296
JG0139e	1	60270301	N:CT[T>G]TG	1	42005.0	60270301
JG0139e	1	61146958	T:AC[T>C]TA	-1	876657.0	61146958
JG0139e	1	61179688	T:CC[T>G]TG	-1	32730.0	61179688
JG0139e	1	61222962	U:GC[T>G]TC	1	43274.0	61222962
JG0139e	1	61757654	T:CC[T>G]AG	-1	534692.0	61757654
JG0139e	1	62050830	T:TG[T>G]TT	-1	293176.0	62050830
JG0139e	1	62547039	T:AC[T>G]TT	1	496209.0	62547039
JG0139e	1	62933599	N:TC[T>C]GG	-1	386560.0	62933599
JG0139e	1	63414985	U:CC[T>G]TT	1	481386.0	63414985
JG0139e	1	63680576	N:AA[T>C]TG	1	265591.0	63680576
JG0139e	1	63768961	N:GC[T>G]CA	-1	88385.0	63768961
JG0139e	1	63797099	U:AC[T>C]TG	1	28138.0	63797099
JG0139e	1	64539846	T:CC[T>A]TT	-1	742747.0	64539846
JG0139e	1	65481117	U:CC[T>C]CA	1	941271.0	65481117
JG0139e	1	65733845	N:GC[T>C]GT	-1	252728.0	65733845
JG0139e	1	66736714	U:CC[T>G]AG	1	1002869.0	66736714
JG0139e	1	67061625	N:AC[T>C]TG	1	324911.0	67061625
JG0139e	1	67701100	N:GC[T>G]TC	1	639475.0	67701100
JG0139e	1	69213943	N:TC[T>A]CA	-1	1512843.0	69213943
JG0139e	1	70092911	T:CC[T>A]TG	-1	878968.0	70092911
JG0139e	1	70107528	U:AC[T>G]TT	1	14617.0	70107528
JG0139e	1	70595977	N:TC[T>C]TG	1	488449.0	70595977
JG0139e	1	70667451	N:AT[T>G]TT	1	71474.0	70667451
JG0139e	1	72047054	U:GG[T>G]TT	-1	1379603.0	72047054
JG0139e	1	72610670	N:AA[C>A]TG	-1	563616.0	72610670
JG0139e	1	72794972	N:TC[T>G]TT	1	184302.0	72794972
JG0139e	1	72824280	N:AC[T>C]TG	-1	29308.0	72824280
JG0139e	1	73124842	N:TC[T>G]TG	1	300562.0	73124842
JG0139e	1	73204222	N:AC[T>G]TC	1	79380.0	73204222
JG0139e	1	74003239	N:TC[T>G]CA	1	799017.0	74003239
JG0139e	1	74050278	T:TC[T>A]CC	1	47039.0	74050278
JG0139e	1	75556957	U:TC[T>C]TC	-1	1506679.0	75556957
JG0139e	1	75661032	N:AG[C>A]AA	1	104075.0	75661032
JG0139e	1	76198279	U:CC[T>G]CC	1	537247.0	76198279
JG0139e	1	77776240	N:TC[T>A]CG	-1	1577961.0	77776240
JG0139e	1	78030929	N:AC[T>C]CA	-1	254689.0	78030929
JG0139e	1	78563116	N:TG[C>A]AG	1	532187.0	78563116
JG0139e	1	79626203	N:AC[T>C]TA	1	1063087.0	79626203
JG0139e	1	79779837	N:CC[T>C]CA	-1	153634.0	79779837
JG0139e	1	80124919	N:AC[T>G]TA	-1	345082.0	80124919
JG0139e	1	80155128	N:TC[T>G]TT	-1	30209.0	80155128
JG0139e	1	80387482	N:CC[T>G]TA	-1	232354.0	80387482
JG0139e	1	81823731	T:CC[T>A]TT	-1	1436249.0	81823731
JG0139e	1	82894093	N:TC[T>C]AT	1	1070362.0	82894093
JG0139e	1	82906005	N:CC[T>G]TT	1	11912.0	82906005
JG0139e	1	83506204	N:TC[T>G]TC	1	600199.0	83506204
JG0139e	1	83688659	N:CC[T>C]TT	1	182455.0	83688659
JG0139e	1	84654509	U:TC[T>G]TG	-1	965850.0	84654509
JG0139e	1	84934076	T:TG[T>C]AA	1	279567.0	84934076
JG0139e	1	85635219	N:AC[T>C]TG	1	701143.0	85635219
JG0139e	1	86167681	N:TG[T>A]TG	1	532462.0	86167681
JG0139e	1	86272371	N:TA[T>G]TC	-1	104690.0	86272371
JG0139e	1	86672876	N:TC[T>G]TG	-1	400505.0	86672876
JG0139e	1	87235503	N:TG[T>G]TG	1	562627.0	87235503
JG0139e	1	87986715	N:AG[T>C]CT	-1	751212.0	87986715
JG0139e	1	88411265	N:TT[C>A]AG	-1	424550.0	88411265
JG0139e	1	88844338	N:GA[T>A]TT	1	433073.0	88844338
JG0139e	1	90761115	N:AC[T>G]TG	-1	1916777.0	90761115
JG0139e	1	91083091	N:TT[T>G]TC	1	321976.0	91083091
JG0139e	1	91390800	U:TC[T>G]TT	-1	307709.0	91390800
JG0139e	1	92848375	T:TC[T>A]TG	1	1457575.0	92848375
JG0139e	1	93098550	U:TC[T>G]CA	1	250175.0	93098550
JG0139e	1	94229667	U:AA[T>G]TT	-1	1131117.0	94229667
JG0139e	1	95353074	N:AC[T>G]TA	1	1123407.0	95353074
JG0139e	1	96254807	N:TC[T>C]TT	1	901733.0	96254807
JG0139e	1	96443930	N:AC[T>G]TT	1	189123.0	96443930
JG0139e	1	97001677	N:TC[T>G]CA	1	557747.0	97001677
JG0139e	1	97236072	T:TG[T>G]TA	1	234395.0	97236072
JG0139e	1	98150099	N:AC[T>C]GT	-1	914027.0	98150099
JG0139e	1	98638552	N:TG[T>G]TC	-1	488453.0	98638552
JG0139e	1	98913798	T:AT[T>G]TA	1	275246.0	98913798
JG0139e	1	100258897	N:CC[T>C]CA	-1	1345099.0	100258897
JG0139e	1	100342994	N:AC[T>C]CT	1	84097.0	100342994
JG0139e	1	100461543	T:TC[T>C]GT	-1	118549.0	100461543
JG0139e	1	100551265	N:TG[T>G]TT	-1	89722.0	100551265
JG0139e	1	100721129	U:CC[T>G]TC	1	169864.0	100721129
JG0139e	1	100868704	N:AG[C>T]TC	1	147575.0	100868704
JG0139e	1	101173111	N:CC[T>G]TA	1	304407.0	101173111
JG0139e	1	102554041	N:TC[T>C]TT	1	1380930.0	102554041
JG0139e	1	103003901	U:TG[T>C]CA	-1	449860.0	103003901
JG0139e	1	103374272	N:TC[T>G]TA	-1	370371.0	103374272
JG0139e	1	103568505	U:TC[T>C]TA	1	194233.0	103568505
JG0139e	1	103947444	N:TC[T>G]CT	1	378939.0	103947444
JG0139e	1	104461749	N:CC[T>G]TT	1	514305.0	104461749
JG0139e	1	104602516	N:GC[T>C]TC	1	140767.0	104602516
JG0139e	1	104774208	N:AC[T>A]TG	1	171692.0	104774208
JG0139e	1	104856391	N:TC[T>G]CC	1	82183.0	104856391
JG0139e	1	105336514	N:CC[T>C]CT	1	480123.0	105336514
JG0139e	1	106092498	N:AG[T>G]TT	-1	755984.0	106092498
JG0139e	1	106601257	N:CA[T>G]TA	-1	508759.0	106601257
JG0139e	1	106864693	N:GC[C>T]AT	-1	263436.0	106864693
JG0139e	1	107521494	N:TC[T>C]TT	-1	656801.0	107521494
JG0139e	1	108690690	N:AC[T>G]TT	-1	1169196.0	108690690
JG0139e	1	109130821	U:AC[T>G]TA	1	440131.0	109130821
JG0139e	1	109866357	N:TG[T>G]TT	-1	735536.0	109866357
JG0139e	1	110180169	T:AG[T>G]TC	-1	313812.0	110180169
JG0139e	1	110212955	U:TG[T>G]TG	1	32786.0	110212955
JG0139e	1	110974945	N:CA[T>G]TT	1	761990.0	110974945
JG0139e	1	111283125	N:TC[T>A]TC	1	308180.0	111283125
JG0139e	1	112469305	U:CA[T>G]TG	1	1186180.0	112469305
JG0139e	1	112526237	B:AG[C>G]CA	-1	56932.0	112526237
JG0139e	1	112730092	N:GC[T>G]CA	-1	203855.0	112730092
JG0139e	1	112853970	N:GC[T>G]TT	-1	123878.0	112853970
JG0139e	1	113031350	N:CC[T>G]TC	1	177380.0	113031350
JG0139e	1	113159698	N:AG[T>G]TA	-1	128348.0	113159698
JG0139e	1	113607816	U:AG[T>C]CC	1	448118.0	113607816
JG0139e	1	113857292	U:GT[T>G]TG	-1	249476.0	113857292
JG0139e	1	113872231	N:CC[T>G]TC	-1	14939.0	113872231
JG0139e	1	114107894	T:CA[C>A]AT	1	235663.0	114107894
JG0139e	1	114873391	U:CC[T>C]CC	1	765497.0	114873391
JG0139e	1	115112799	N:AC[T>C]CA	1	239408.0	115112799
JG0139e	1	115492298	N:TC[T>G]TT	-1	379499.0	115492298
JG0139e	1	115589393	N:CC[T>C]TT	-1	97095.0	115589393
JG0139e	1	115955087	N:CC[T>C]TC	1	365694.0	115955087
JG0139e	1	117656682	N:TT[T>G]TT	1	1701595.0	117656682
JG0139e	1	118178500	U:GC[T>A]TT	-1	521818.0	118178500
JG0139e	1	118462172	N:CC[T>G]GG	-1	283672.0	118462172
JG0139e	1	119111251	U:AG[C>G]CT	-1	649079.0	119111251
JG0139e	1	119598750	N:TC[T>G]TG	-1	487499.0	119598750
JG0139e	1	120615269	N:AA[C>G]TT	1	1016519.0	120615269
JG0139e	1	121241406	U:AC[T>G]TG	1	626137.0	121241406
JG0139e	1	122355105	N:TC[T>C]CC	-1	1113699.0	122355105
JG0139e	1	122515510	N:CC[T>G]TT	1	160405.0	122515510
JG0139e	1	122541090	N:AC[T>G]TT	-1	25580.0	122541090
JG0139e	1	122836311	N:TA[T>G]TC	1	295221.0	122836311
JG0139e	1	122877221	N:TC[T>C]TC	1	40910.0	122877221
JG0139e	1	123606335	N:TC[T>A]TT	1	729114.0	123606335
JG0139e	1	123651797	N:CC[T>G]TT	-1	45462.0	123651797
JG0139e	1	123698359	N:CC[T>C]TT	-1	46562.0	123698359
JG0139e	1	124010806	N:AG[T>A]TA	1	312447.0	124010806
JG0139e	1	144672199	N:GC[T>A]CT	1	20661393.0	144672199
JG0139e	1	144870805	N:GC[T>C]GG	1	198606.0	144870805
JG0139e	1	145839624	U:AC[T>G]TG	1	968819.0	145839624
JG0139e	1	146267143	N:TC[T>A]CA	-1	427519.0	146267143
JG0139e	1	146504724	N:TC[T>A]CT	-1	237581.0	146504724
JG0139e	1	146852737	N:TC[T>A]AT	-1	348013.0	146852737
JG0139e	1	147822264	N:GC[T>C]CA	1	969527.0	147822264
JG0139e	1	147982966	T:TC[T>G]TA	-1	160702.0	147982966
JG0139e	1	148057701	N:AC[T>G]AT	-1	74735.0	148057701
JG0139e	1	148291809	N:TC[T>G]TT	1	234108.0	148291809
JG0139e	1	148391560	N:TC[T>C]CT	1	99751.0	148391560
JG0139e	1	148405271	N:GG[T>C]TT	1	13711.0	148405271
JG0139e	1	149223200	N:GC[T>G]TG	-1	817929.0	149223200
JG0139e	1	151039002	T:AC[T>C]GT	-1	1815802.0	151039002
JG0139e	1	151481071	N:TC[T>C]TG	-1	442069.0	151481071
JG0139e	1	152053641	N:CC[T>G]TC	1	572570.0	152053641
JG0139e	1	153475103	N:AC[T>C]CT	1	1421462.0	153475103
JG0139e	1	154098840	T:AC[T>C]TG	1	623737.0	154098840
JG0139e	1	155649237	N:GC[T>C]TG	-1	1550397.0	155649237
JG0139e	1	156818209	U:TC[T>G]TG	1	1168972.0	156818209
JG0139e	1	157240858	N:AA[T>G]TA	-1	422649.0	157240858
JG0139e	1	157490635	N:CC[T>C]CA	-1	249777.0	157490635
JG0139e	1	157545609	U:GC[T>G]TG	-1	54974.0	157545609
JG0139e	1	157726535	N:GC[T>G]TC	-1	180926.0	157726535
JG0139e	1	158034324	U:CC[T>A]CT	1	307789.0	158034324
JG0139e	1	158246474	N:TC[T>G]TC	1	212150.0	158246474
JG0139e	1	158299039	N:AC[T>C]TC	1	52565.0	158299039
JG0139e	1	158454014	N:TC[T>G]TT	-1	154975.0	158454014
JG0139e	1	159458446	N:GC[T>C]GG	-1	1004432.0	159458446
JG0139e	1	159692480	N:CC[T>G]TT	-1	234034.0	159692480
JG0139e	1	159818666	N:CA[C>G]TG	1	126186.0	159818666
JG0139e	1	160164428	T:AC[T>C]CA	-1	345762.0	160164428
JG0139e	1	160306085	T:TG[T>A]CT	1	141657.0	160306085
JG0139e	1	160350141	T:AG[T>C]GA	-1	44056.0	160350141
JG0139e	1	160772606	N:TT[T>G]TT	-1	422465.0	160772606
JG0139e	1	160880741	U:TC[T>G]TT	-1	108135.0	160880741
JG0139e	1	161198844	T:AC[T>A]CT	1	318103.0	161198844
JG0139e	1	161634299	N:TG[T>G]TC	-1	435455.0	161634299
JG0139e	1	161977698	N:CC[T>C]TC	-1	343399.0	161977698
JG0139e	1	162595697	U:TC[T>G]TA	1	617999.0	162595697
JG0139e	1	163385394	N:GG[T>G]TT	-1	789697.0	163385394
JG0139e	1	164075636	N:AG[T>G]TT	1	690242.0	164075636
JG0139e	1	164148635	N:GC[T>A]TT	-1	72999.0	164148635
JG0139e	1	164903097	N:TC[T>C]CT	1	754462.0	164903097
JG0139e	1	165407820	T:AC[T>C]TC	1	504723.0	165407820
JG0139e	1	165561414	T:GC[T>G]CA	-1	153594.0	165561414
JG0139e	1	166524970	N:GC[T>C]GG	1	963556.0	166524970
JG0139e	1	166550161	N:TC[T>G]TC	1	25191.0	166550161
JG0139e	1	167729892	T:TC[T>G]CT	-1	1179731.0	167729892
JG0139e	1	168856134	N:TG[T>C]TA	-1	1126242.0	168856134
JG0139e	1	169518407	T:AC[T>G]TG	1	662273.0	169518407
JG0139e	1	169665621	N:CC[T>G]TC	-1	147214.0	169665621
JG0139e	1	169750434	U:TC[T>G]TC	-1	84813.0	169750434
JG0139e	1	169776913	N:CC[T>G]TT	1	26479.0	169776913
JG0139e	1	169833359	U:AC[T>G]TG	1	56446.0	169833359
JG0139e	1	170823595	N:GG[T>G]AC	1	990236.0	170823595
JG0139e	1	171174115	N:TG[T>G]GG	-1	350520.0	171174115
JG0139e	1	172273850	T:AC[T>G]GG	-1	1099735.0	172273850
JG0139e	1	172303831	T:TC[T>C]CA	-1	29981.0	172303831
JG0139e	1	173696693	N:AC[T>C]TC	-1	1392862.0	173696693
JG0139e	1	173757786	U:TG[C>G]CC	1	61093.0	173757786
JG0139e	1	173984561	T:CC[T>A]CA	1	226775.0	173984561
JG0139e	1	174095957	N:TC[T>G]TG	1	111396.0	174095957
JG0139e	1	174229189	U:GC[T>G]TG	1	133232.0	174229189
JG0139e	1	174939388	U:TC[T>G]CT	1	710199.0	174939388
JG0139e	1	175402377	T:TC[T>C]CA	1	462989.0	175402377
JG0139e	1	175573629	U:TC[T>G]TT	-1	171252.0	175573629
JG0139e	1	176228889	N:AC[T>C]TT	1	655260.0	176228889
JG0139e	1	176449568	N:TA[T>G]TG	-1	220679.0	176449568
JG0139e	1	177192041	T:CC[T>C]TT	-1	742473.0	177192041
JG0139e	1	177235297	T:TC[T>G]TC	-1	43256.0	177235297
JG0139e	1	177850321	N:TC[T>C]CA	-1	615024.0	177850321
JG0139e	1	178384328	T:TA[T>G]TT	-1	534007.0	178384328
JG0139e	1	178970594	N:CC[T>A]TG	-1	586266.0	178970594
JG0139e	1	180184621	U:TC[T>G]CT	1	1214027.0	180184621
JG0139e	1	180327012	T:TG[T>C]TG	1	142391.0	180327012
JG0139e	1	180661217	U:CC[T>A]TT	1	334205.0	180661217
JG0139e	1	180997591	T:TA[T>G]TG	1	336374.0	180997591
JG0139e	1	181044898	T:CT[T>A]TT	-1	47307.0	181044898
JG0139e	1	181668904	U:CC[T>G]GT	1	624006.0	181668904
JG0139e	1	181967013	N:GC[T>C]TG	1	298109.0	181967013
JG0139e	1	181986106	N:GC[T>A]TG	-1	19093.0	181986106
JG0139e	1	183045048	T:TC[T>C]CT	-1	1058942.0	183045048
JG0139e	1	183425797	N:AC[T>C]TT	-1	380749.0	183425797
JG0139e	1	185599237	N:TG[T>G]TT	1	2173440.0	185599237
JG0139e	1	186046469	T:TG[T>G]TT	-1	447232.0	186046469
JG0139e	1	186298208	U:TC[T>G]TG	1	251739.0	186298208
JG0139e	1	186558012	N:TC[T>C]TA	-1	259804.0	186558012
JG0139e	1	186897086	T:CC[T>C]CC	-1	339074.0	186897086
JG0139e	1	186972884	U:TC[T>C]GT	1	75798.0	186972884
JG0139e	1	186989315	N:GG[T>G]TT	1	16431.0	186989315
JG0139e	1	187263114	N:TC[T>G]TA	1	273799.0	187263114
JG0139e	1	187338342	N:GC[T>G]TT	-1	75228.0	187338342
JG0139e	1	188383469	N:AC[T>C]TC	1	1045127.0	188383469
JG0139e	1	188611109	N:CC[T>C]CT	-1	227640.0	188611109
JG0139e	1	189261463	N:GG[T>A]TG	1	650354.0	189261463
JG0139e	1	189455105	N:TC[T>C]CC	-1	193642.0	189455105
JG0139e	1	189599057	N:TC[T>G]TA	1	143952.0	189599057
JG0139e	1	189936432	N:GC[T>G]TA	-1	337375.0	189936432
JG0139e	1	192082897	N:AC[T>G]TG	1	2146465.0	192082897
JG0139e	1	192280680	N:AG[T>G]TG	-1	197783.0	192280680
JG0139e	1	193079558	T:GC[T>G]CT	-1	798878.0	193079558
JG0139e	1	193379240	N:AC[T>G]TG	1	299682.0	193379240
JG0139e	1	193613621	N:CC[T>A]TA	-1	234381.0	193613621
JG0139e	1	193783881	N:TA[T>G]TA	-1	170260.0	193783881
JG0139e	1	193800836	N:TG[C>T]TC	1	16955.0	193800836
JG0139e	1	195109406	N:TG[C>A]CA	-1	1308570.0	195109406
JG0139e	1	195277252	N:GC[T>C]AA	1	167846.0	195277252
JG0139e	1	195295015	N:GC[T>C]CT	-1	17763.0	195295015
JG0139e	1	195344412	N:TC[T>C]CC	-1	49397.0	195344412
JG0139e	1	195747881	N:TC[T>G]TA	1	403469.0	195747881
JG0139e	1	195908806	N:AA[T>G]CA	-1	160925.0	195908806
JG0139e	1	197846463	N:AC[T>G]TT	-1	1937657.0	197846463
JG0139e	1	198163278	T:TC[T>G]CA	-1	316815.0	198163278
JG0139e	1	199012626	N:TC[T>C]TT	1	849348.0	199012626
JG0139e	1	199447254	N:TC[T>G]TT	1	434628.0	199447254
JG0139e	1	199521131	N:GA[T>G]TG	-1	73877.0	199521131
JG0139e	1	199599569	N:TG[T>G]TG	1	78438.0	199599569
JG0139e	1	200101228	U:AG[T>G]TC	1	501659.0	200101228
JG0139e	1	200350894	N:GG[T>G]TT	-1	249666.0	200350894
JG0139e	1	200411888	N:AG[T>G]CT	-1	60994.0	200411888
JG0139e	1	200418296	N:TC[T>C]CC	-1	6408.0	200418296
JG0139e	1	200517209	N:CC[T>A]CC	1	98913.0	200517209
JG0139e	1	200696545	N:TC[T>G]TG	1	179336.0	200696545
JG0139e	1	200908553	T:AC[T>G]TA	-1	212008.0	200908553
JG0139e	1	200931286	N:CC[T>G]CA	1	22733.0	200931286
JG0139e	1	201321302	U:CC[T>G]TA	1	390016.0	201321302
JG0139e	1	201692771	T:TC[T>G]TC	-1	371469.0	201692771
JG0139e	1	201942476	U:TT[T>A]AC	-1	249705.0	201942476
JG0139e	1	202270868	T:CC[T>A]CC	-1	328392.0	202270868
JG0139e	1	202412253	T:GC[T>G]GG	-1	141385.0	202412253
JG0139e	1	202691281	T:TC[T>C]GC	1	279028.0	202691281
JG0139e	1	202974869	N:TT[T>C]TC	-1	283588.0	202974869
JG0139e	1	203583536	N:TA[C>A]AG	-1	608667.0	203583536
JG0139e	1	204176896	T:GG[T>G]GC	1	593360.0	204176896
JG0139e	1	204728286	N:GC[T>A]CC	1	551390.0	204728286
JG0139e	1	204827856	N:GC[T>C]TC	-1	99570.0	204827856
JG0139e	1	205002752	T:TC[T>G]CA	-1	174896.0	205002752
JG0139e	1	205755049	N:CC[T>C]TT	1	752297.0	205755049
JG0139e	1	205813088	U:GG[T>G]GC	-1	58039.0	205813088
JG0139e	1	206096534	T:GG[T>C]TC	-1	283446.0	206096534
JG0139e	1	207082978	N:TC[T>C]CT	-1	986444.0	207082978
JG0139e	1	208302100	N:TC[T>C]CT	-1	1219122.0	208302100
JG0139e	1	208359258	N:AC[T>G]CT	1	57158.0	208359258
JG0139e	1	208721032	N:GC[T>C]CA	1	361774.0	208721032
JG0139e	1	209530520	N:CC[T>C]CC	1	809488.0	209530520
JG0139e	1	209758893	T:CC[T>A]TC	-1	228373.0	209758893
JG0139e	1	210958691	T:AC[T>C]TG	1	1199798.0	210958691
JG0139e	1	211854916	N:AA[T>G]TG	1	896225.0	211854916
JG0139e	1	212602102	U:TC[T>G]TA	1	747186.0	212602102
JG0139e	1	212787825	T:TC[T>C]CA	1	185723.0	212787825
JG0139e	1	213631425	N:TA[T>G]TG	1	843600.0	213631425
JG0139e	1	213722570	N:TG[T>G]TT	1	91145.0	213722570
JG0139e	1	214514517	U:CC[T>C]TT	-1	791947.0	214514517
JG0139e	1	214653142	U:TC[T>C]TT	1	138625.0	214653142
JG0139e	1	214948459	N:TC[T>C]TT	1	295317.0	214948459
JG0139e	1	216190144	U:AC[T>C]TG	-1	1241685.0	216190144
JG0139e	1	216238550	T:AT[T>G]TT	1	48406.0	216238550
JG0139e	1	216531841	T:CC[T>C]TC	1	293291.0	216531841
JG0139e	1	217569138	T:AC[T>G]CC	1	1037297.0	217569138
JG0139e	1	217600106	U:TC[T>C]CA	-1	30968.0	217600106
JG0139e	1	220824493	N:GA[C>T]TC	-1	3224387.0	220824493
JG0139e	1	222084085	N:AA[T>G]TA	-1	1259592.0	222084085
JG0139e	1	222463903	N:GG[T>G]TA	1	379818.0	222463903
JG0139e	1	222514151	N:TC[T>G]TG	-1	50248.0	222514151
JG0139e	1	223047917	N:AC[T>G]TT	1	533766.0	223047917
JG0139e	1	223506960	N:CC[T>C]GC	-1	459043.0	223506960
JG0139e	1	223553592	T:TA[T>C]TT	1	46632.0	223553592
JG0139e	1	224770721	N:AC[T>C]TT	1	1217129.0	224770721
JG0139e	1	226098828	N:CC[T>C]CT	1	1328107.0	226098828
JG0139e	1	226528088	N:GG[T>A]CA	1	429260.0	226528088
JG0139e	1	226955325	U:AC[T>A]CC	1	427237.0	226955325
JG0139e	1	227136042	U:TT[T>G]TC	-1	180717.0	227136042
JG0139e	1	227537584	N:CC[T>C]CC	1	401542.0	227537584
JG0139e	1	227657202	T:TT[T>A]TG	-1	119618.0	227657202
JG0139e	1	227738907	T:GC[T>C]CA	-1	81705.0	227738907
JG0139e	1	228282059	T:TC[T>G]TC	-1	543152.0	228282059
JG0139e	1	228644115	N:AC[T>C]CC	-1	362056.0	228644115
JG0139e	1	228659785	N:AG[T>A]CT	-1	15670.0	228659785
JG0139e	1	229439393	N:AC[T>C]CA	1	779608.0	229439393
JG0139e	1	229645620	T:TC[T>G]TT	-1	206227.0	229645620
JG0139e	1	229957749	N:AG[T>G]TT	1	312129.0	229957749
JG0139e	1	230023507	N:CA[T>C]CC	1	65758.0	230023507
JG0139e	1	231284121	N:CC[T>G]CA	1	1260614.0	231284121
JG0139e	1	233392682	N:GT[C>A]TT	-1	2108561.0	233392682
JG0139e	1	233570992	N:TC[T>G]GA	-1	178310.0	233570992
JG0139e	1	233738108	N:AA[T>G]TA	-1	167116.0	233738108
JG0139e	1	234255329	T:TC[T>C]TG	-1	517221.0	234255329
JG0139e	1	234318396	U:GC[T>A]TA	1	63067.0	234318396
JG0139e	1	234390238	N:GG[T>G]TA	1	71842.0	234390238
JG0139e	1	234696894	N:TC[T>C]CA	1	306656.0	234696894
JG0139e	1	234717491	N:AG[T>G]TG	1	20597.0	234717491
JG0139e	1	235039126	N:CC[T>C]CC	1	321635.0	235039126
JG0139e	1	235497839	U:TC[T>G]TT	-1	458713.0	235497839
JG0139e	1	236732447	U:AT[T>G]TT	1	1234608.0	236732447
JG0139e	1	237464543	U:CC[T>G]TT	1	732096.0	237464543
JG0139e	1	237727700	U:TG[T>G]TA	1	263157.0	237727700
JG0139e	1	238065619	N:GC[T>A]TC	-1	337919.0	238065619
JG0139e	1	238425791	N:AG[T>G]TT	-1	360172.0	238425791
JG0139e	1	238990980	N:TA[T>C]TT	1	565189.0	238990980
JG0139e	1	239007703	N:GC[T>G]TT	-1	16723.0	239007703
JG0139e	1	239202231	N:CC[T>G]TT	-1	194528.0	239202231
JG0139e	1	239869908	T:TT[T>A]GT	-1	667677.0	239869908
JG0139e	1	240277871	T:AC[T>C]CT	-1	407963.0	240277871
JG0139e	1	240417575	T:AC[T>G]TG	-1	139704.0	240417575
JG0139e	1	241089252	U:TC[T>C]CT	-1	671677.0	241089252
JG0139e	1	241964782	N:AC[T>C]CC	1	875530.0	241964782
JG0139e	1	243475727	U:TC[T>G]TG	1	1510945.0	243475727
JG0139e	1	243753709	T:TC[T>G]CC	1	277982.0	243753709
JG0139e	1	243896412	N:AC[T>C]TT	1	142703.0	243896412
JG0139e	1	244197990	N:TC[T>G]TA	1	301578.0	244197990
JG0139e	1	244288083	N:AC[T>G]TT	-1	90093.0	244288083
JG0139e	1	244524013	T:TC[T>G]TT	-1	235930.0	244524013
JG0139e	1	245590804	T:CC[T>C]CC	-1	1066791.0	245590804
JG0139e	1	245771973	U:CC[T>A]CT	-1	181169.0	245771973
JG0139e	1	246302945	T:GG[T>G]TT	1	530972.0	246302945
JG0139e	1	247687751	N:TC[T>G]TT	-1	1384806.0	247687751
JG0139e	1	247702722	N:CG[T>G]TA	1	14971.0	247702722
JG0139e	1	247747867	N:AC[T>A]TA	1	45145.0	247747867
JG0139e	1	247867570	U:GG[T>C]GG	1	119703.0	247867570
JG0139e	1	248404087	T:TG[T>G]TT	-1	536517.0	248404087
JG0139e	1	248687088	N:AC[T>G]CC	-1	283001.0	248687088
JG0139e	1	248885703	N:TC[T>G]TT	1	198615.0	248885703
JG0139e	2	45677	U:AC[T>A]TC	-1		249002099
JG0139e	2	240263	U:CC[T>G]TG	-1	194586.0	249196685
JG0139e	2	588349	N:CC[T>C]GC	1	348086.0	249544771
JG0139e	2	795020	N:TC[T>C]TG	1	206671.0	249751442
JG0139e	2	1036115	U:AC[T>G]TA	1	241095.0	249992537
JG0139e	2	1141992	U:TC[T>A]CT	1	105877.0	250098414
JG0139e	2	2003164	T:AC[T>A]TA	1	861172.0	250959586
JG0139e	2	3223121	T:GC[T>G]TA	1	1219957.0	252179543
JG0139e	2	3609554	T:AC[T>C]CC	-1	386433.0	252565976
JG0139e	2	4069659	N:TC[T>C]TT	1	460105.0	253026081
JG0139e	2	4347320	N:CC[T>G]TT	1	277661.0	253303742
JG0139e	2	4556588	N:GC[T>C]TC	-1	209268.0	253513010
JG0139e	2	5159762	N:AC[T>G]TA	1	603174.0	254116184
JG0139e	2	5328818	N:GG[T>C]TA	-1	169056.0	254285240
JG0139e	2	5503328	N:TC[T>A]GT	-1	174510.0	254459750
JG0139e	2	6099245	N:GT[C>A]CT	-1	595917.0	255055667
JG0139e	2	6158627	N:CC[T>A]TT	1	59382.0	255115049
JG0139e	2	6740053	N:AC[T>A]TC	1	581426.0	255696475
JG0139e	2	7290090	N:AC[T>C]TC	-1	550037.0	256246512
JG0139e	2	7308806	N:AC[T>G]TA	1	18716.0	256265228
JG0139e	2	7430699	N:CC[T>G]TG	-1	121893.0	256387121
JG0139e	2	7866838	N:AA[C>A]AT	1	436139.0	256823260
JG0139e	2	8255030	N:GC[T>C]CA	1	388192.0	257211452
JG0139e	2	8480300	N:AC[T>C]CC	1	225270.0	257436722
JG0139e	2	8497702	N:TC[T>G]TA	1	17402.0	257454124
JG0139e	2	8853386	U:CC[T>A]CT	-1	355684.0	257809808
JG0139e	2	9039985	N:TC[T>C]CC	-1	186599.0	257996407
JG0139e	2	10002365	N:GC[T>G]TA	1	962380.0	258958787
JG0139e	2	10085069	N:GC[T>A]CC	-1	82704.0	259041491
JG0139e	2	10260275	N:GA[T>G]GG	-1	175206.0	259216697
JG0139e	2	11661677	T:TG[T>G]TC	1	1401402.0	260618099
JG0139e	2	12239538	N:AG[T>G]TG	-1	577861.0	261195960
JG0139e	2	12286574	N:AA[C>A]CA	-1	47036.0	261242996
JG0139e	2	12346207	N:AC[T>C]TA	-1	59633.0	261302629
JG0139e	2	12651693	N:TC[T>G]TC	-1	305486.0	261608115
JG0139e	2	13651378	N:AA[T>G]TC	1	999685.0	262607800
JG0139e	2	13868318	N:TC[T>G]CC	-1	216940.0	262824740
JG0139e	2	14342359	N:AA[C>A]TG	-1	474041.0	263298781
JG0139e	2	14530325	N:CC[T>G]TT	-1	187966.0	263486747
JG0139e	2	14924151	N:TC[T>C]TT	-1	393826.0	263880573
JG0139e	2	15825938	N:CC[T>C]GG	-1	901787.0	264782360
JG0139e	2	16082109	N:AC[T>C]CT	-1	256171.0	265038531
JG0139e	2	16195583	N:TC[T>C]TT	-1	113474.0	265152005
JG0139e	2	16250721	N:AG[T>G]TC	-1	55138.0	265207143
JG0139e	2	16254257	N:AC[T>C]CA	-1	3536.0	265210679
JG0139e	2	16910357	N:AC[T>G]TA	-1	656100.0	265866779
JG0139e	2	17152985	N:TC[T>C]TG	-1	242628.0	266109407
JG0139e	2	17350671	N:GC[T>G]TA	-1	197686.0	266307093
JG0139e	2	18511838	N:TC[T>G]TG	-1	1161167.0	267468260
JG0139e	2	18999144	N:GG[T>C]TT	1	487306.0	267955566
JG0139e	2	19019732	N:GT[C>A]TC	1	20588.0	267976154
JG0139e	2	19333927	N:CC[C>A]AG	1	314195.0	268290349
JG0139e	2	19548711	N:TC[T>C]CC	-1	214784.0	268505133
JG0139e	2	19909908	N:GC[T>A]CC	-1	361197.0	268866330
JG0139e	2	20020891	N:CC[T>C]TG	-1	110983.0	268977313
JG0139e	2	20568309	T:TC[T>C]AG	1	547418.0	269524731
JG0139e	2	20804417	U:TG[T>G]TA	-1	236108.0	269760839
JG0139e	2	20866257	N:TG[T>G]TG	-1	61840.0	269822679
JG0139e	2	21994752	N:CC[T>C]CT	1	1128495.0	270951174
JG0139e	2	22220908	N:CC[T>C]CC	-1	226156.0	271177330
JG0139e	2	22433903	N:AG[T>G]GA	-1	212995.0	271390325
JG0139e	2	22460369	N:GC[T>G]CA	-1	26466.0	271416791
JG0139e	2	22701667	N:CC[T>G]TG	1	241298.0	271658089
JG0139e	2	23342707	N:GC[T>G]TG	-1	641040.0	272299129
JG0139e	2	23547043	T:GC[T>C]CT	-1	204336.0	272503465
JG0139e	2	23740252	N:TC[T>G]TT	-1	193209.0	272696674
JG0139e	2	23854193	T:GC[T>C]GA	1	113941.0	272810615
JG0139e	2	23874735	U:AA[C>A]AA	-1	20542.0	272831157
JG0139e	2	23999843	U:TC[T>G]TT	1	125108.0	272956265
JG0139e	2	24441639	N:AC[T>C]TT	1	441796.0	273398061
JG0139e	2	24593909	U:AC[T>G]TA	1	152270.0	273550331
JG0139e	2	24779304	N:TC[T>C]TG	1	185395.0	273735726
JG0139e	2	25017053	N:CC[T>C]GT	-1	237749.0	273973475
JG0139e	2	26133388	T:CC[T>C]TC	-1	1116335.0	275089810
JG0139e	2	26321516	B:TC[T>C]TG	-1	188128.0	275277938
JG0139e	2	26534695	U:GC[T>C]CT	-1	213179.0	275491117
JG0139e	2	27253300	N:AC[T>G]TT	-1	718605.0	276209722
JG0139e	2	27556358	T:TG[T>C]CT	-1	303058.0	276512780
JG0139e	2	28087212	T:CC[T>G]TA	-1	530854.0	277043634
JG0139e	2	28091165	T:GC[T>C]TA	-1	3953.0	277047587
JG0139e	2	28539965	U:GC[T>A]TC	1	448800.0	277496387
JG0139e	2	29582989	U:AC[T>G]TG	-1	1043024.0	278539411
JG0139e	2	29743665	U:TG[T>C]TT	-1	160676.0	278700087
JG0139e	2	29822204	U:CC[T>C]TG	-1	78539.0	278778626
JG0139e	2	30028214	N:AC[T>C]CA	1	206010.0	278984636
JG0139e	2	30772014	T:GC[T>A]CG	1	743800.0	279728436
JG0139e	2	31011623	U:CC[T>C]CT	-1	239609.0	279968045
JG0139e	2	31577923	U:GC[T>G]AG	-1	566300.0	280534345
JG0139e	2	32106726	U:AC[T>A]TC	1	528803.0	281063148
JG0139e	2	32166150	U:CC[T>G]GG	1	59424.0	281122572
JG0139e	2	32784838	U:TC[T>C]TG	1	618688.0	281741260
JG0139e	2	33119975	U:AC[T>G]CT	1	335137.0	282076397
JG0139e	2	33143684	T:TC[T>C]GT	-1	23709.0	282100106
JG0139e	2	34026910	N:AC[T>A]TT	-1	883226.0	282983332
JG0139e	2	34792660	N:AC[T>C]GA	1	765750.0	283749082
JG0139e	2	34971772	N:TC[T>C]GT	-1	179112.0	283928194
JG0139e	2	35682784	N:AC[T>G]TT	1	711012.0	284639206
JG0139e	2	36226453	N:AC[T>G]TC	1	543669.0	285182875
JG0139e	2	36260927	N:AC[T>C]TA	1	34474.0	285217349
JG0139e	2	36420622	U:AC[T>C]CT	1	159695.0	285377044
JG0139e	2	36605767	U:AT[T>A]TA	-1	185145.0	285562189
JG0139e	2	37104184	U:TG[T>C]CT	-1	498417.0	286060606
JG0139e	2	37314855	U:GC[T>G]TT	-1	210671.0	286271277
JG0139e	2	37472797	N:CC[T>C]GA	1	157942.0	286429219
JG0139e	2	38327049	U:GC[T>G]TT	-1	854252.0	287283471
JG0139e	2	38838961	T:TC[T>C]TG	1	511912.0	287795383
JG0139e	2	38867326	T:AG[T>G]TA	1	28365.0	287823748
JG0139e	2	39726892	N:AG[T>G]TT	-1	859566.0	288683314
JG0139e	2	40044934	N:AC[T>G]TT	-1	318042.0	289001356
JG0139e	2	40064159	N:AC[T>G]TA	-1	19225.0	289020581
JG0139e	2	40174570	T:CG[T>G]TA	1	110411.0	289130992
JG0139e	2	41985200	N:AC[T>G]TT	1	1810630.0	290941622
JG0139e	2	42398943	N:TC[T>C]TT	1	413743.0	291355365
JG0139e	2	43090652	N:CT[T>G]CT	1	691709.0	292047074
JG0139e	2	43327931	T:TC[T>C]TG	1	237279.0	292284353
JG0139e	2	43401467	U:CG[T>C]CT	-1	73536.0	292357889
JG0139e	2	43433152	U:GA[C>A]CT	-1	31685.0	292389574
JG0139e	2	43957281	U:AG[T>C]GT	-1	524129.0	292913703
JG0139e	2	44128589	N:AG[T>G]TG	1	171308.0	293085011
JG0139e	2	44738385	T:CC[T>A]CA	-1	609796.0	293694807
JG0139e	2	44760766	T:CC[T>G]TT	-1	22381.0	293717188
JG0139e	2	45065666	N:AC[T>G]TT	-1	304900.0	294022088
JG0139e	2	45377452	N:AG[T>A]TC	1	311786.0	294333874
JG0139e	2	45650232	N:CC[T>C]CA	1	272780.0	294606654
JG0139e	2	45738338	T:AC[T>C]TT	-1	88106.0	294694760
JG0139e	2	46050810	U:TC[T>C]CT	1	312472.0	295007232
JG0139e	2	47030002	T:CC[T>C]CT	-1	979192.0	295986424
JG0139e	2	47411324	U:TC[T>G]TG	1	381322.0	296367746
JG0139e	2	47652088	N:TG[T>G]TT	1	240764.0	296608510
JG0139e	2	47738241	U:AC[T>C]TT	1	86153.0	296694663
JG0139e	2	48055862	N:CC[T>C]TC	-1	317621.0	297012284
JG0139e	2	48672938	U:TC[T>C]CC	1	617076.0	297629360
JG0139e	2	49195748	N:CC[T>C]CA	1	522810.0	298152170
JG0139e	2	49307204	N:TT[C>G]AT	1	111456.0	298263626
JG0139e	2	49571689	N:GG[T>A]TG	1	264485.0	298528111
JG0139e	2	49846426	N:GC[T>G]TT	-1	274737.0	298802848
JG0139e	2	50059623	T:AC[T>C]TC	1	213197.0	299016045
JG0139e	2	50224710	U:TC[T>G]CT	-1	165087.0	299181132
JG0139e	2	50605004	T:TC[T>G]TA	1	380294.0	299561426
JG0139e	2	50760638	U:AC[T>C]TT	-1	155634.0	299717060
JG0139e	2	51217938	N:GG[T>G]TT	-1	457300.0	300174360
JG0139e	2	51923911	N:CC[T>G]CT	-1	705973.0	300880333
JG0139e	2	52211914	N:GC[T>C]TT	1	288003.0	301168336
JG0139e	2	52668419	N:TA[T>C]GG	1	456505.0	301624841
JG0139e	2	52775098	N:AT[T>G]TG	-1	106679.0	301731520
JG0139e	2	53127560	N:AC[T>C]GC	-1	352462.0	302083982
JG0139e	2	54225178	U:CC[T>C]TC	1	1097618.0	303181600
JG0139e	2	54498491	U:AG[T>G]TT	1	273313.0	303454913
JG0139e	2	54558614	U:TC[T>G]TG	1	60123.0	303515036
JG0139e	2	54700775	N:CC[T>G]TT	-1	142161.0	303657197
JG0139e	2	54924437	U:TC[T>G]TG	1	223662.0	303880859
JG0139e	2	55347414	U:CC[T>C]CT	-1	422977.0	304303836
JG0139e	2	55356457	U:TG[T>G]TA	-1	9043.0	304312879
JG0139e	2	55502884	N:AC[T>G]CT	-1	146427.0	304459306
JG0139e	2	55711861	N:GG[C>A]AT	-1	208977.0	304668283
JG0139e	2	55992639	N:CC[T>C]TT	-1	280778.0	304949061
JG0139e	2	56105494	N:GG[T>G]TT	1	112855.0	305061916
JG0139e	2	56975022	N:TC[T>G]TT	-1	869528.0	305931444
JG0139e	2	57335789	N:AC[T>C]TA	1	360767.0	306292211
JG0139e	2	57389028	N:CC[T>C]CA	1	53239.0	306345450
JG0139e	2	57552339	N:AC[T>C]TT	1	163311.0	306508761
JG0139e	2	57767817	N:CC[T>G]TT	-1	215478.0	306724239
JG0139e	2	57809196	N:TC[T>C]AA	-1	41379.0	306765618
JG0139e	2	57948083	U:AC[T>G]TA	1	138887.0	306904505
JG0139e	2	58194437	U:AC[T>G]TT	-1	246354.0	307150859
JG0139e	2	58212842	U:TC[T>C]TA	-1	18405.0	307169264
JG0139e	2	58475102	N:GC[T>G]TA	1	262260.0	307431524
JG0139e	2	58824436	N:CG[T>G]TT	-1	349334.0	307780858
JG0139e	2	58824642	N:TG[T>G]TG	1	206.0	307781064
JG0139e	2	59033791	N:AG[T>C]CC	1	209149.0	307990213
JG0139e	2	59224503	N:AC[T>A]TC	1	190712.0	308180925
JG0139e	2	59349325	N:AC[T>G]TC	-1	124822.0	308305747
JG0139e	2	59635781	N:TC[T>C]TT	1	286456.0	308592203
JG0139e	2	60194802	N:TG[T>A]TT	-1	559021.0	309151224
JG0139e	2	60394346	N:TC[T>A]CC	-1	199544.0	309350768
JG0139e	2	60659161	N:CC[T>G]CC	-1	264815.0	309615583
JG0139e	2	61020720	U:AA[T>A]CT	1	361559.0	309977142
JG0139e	2	61414892	U:AC[T>C]TT	-1	394172.0	310371314
JG0139e	2	61470213	U:TC[T>G]TA	-1	55321.0	310426635
JG0139e	2	61819373	N:CC[T>A]CC	-1	349160.0	310775795
JG0139e	2	61990115	T:GC[T>C]TT	-1	170742.0	310946537
JG0139e	2	62095885	T:TG[T>C]GT	-1	105770.0	311052307
JG0139e	2	62691642	U:CC[T>C]CT	1	595757.0	311648064
JG0139e	2	63113874	N:GG[T>C]GT	1	422232.0	312070296
JG0139e	2	63192734	T:TG[T>G]CT	1	78860.0	312149156
JG0139e	2	63855574	U:GC[C>A]TC	1	662840.0	312811996
JG0139e	2	63892907	T:AG[C>A]AA	1	37333.0	312849329
JG0139e	2	64191221	N:TC[T>G]CT	1	298314.0	313147643
JG0139e	2	64227494	N:TC[T>G]TC	1	36273.0	313183916
JG0139e	2	64790918	N:AC[T>G]TG	1	563424.0	313747340
JG0139e	2	65236610	U:TC[T>C]CA	1	445692.0	314193032
JG0139e	2	65357060	U:CC[T>C]CC	-1	120450.0	314313482
JG0139e	2	66227949	N:TG[T>G]TT	1	870889.0	315184371
JG0139e	2	67235429	N:GC[T>C]GA	-1	1007480.0	316191851
JG0139e	2	67928091	N:GC[T>C]CA	1	692662.0	316884513
JG0139e	2	68355879	N:TC[T>C]TT	-1	427788.0	317312301
JG0139e	2	68693998	N:GC[T>C]TT	1	338119.0	317650420
JG0139e	2	69376469	U:TC[T>C]CG	-1	682471.0	318332891
JG0139e	2	70008071	N:AC[T>G]TG	-1	631602.0	318964493
JG0139e	2	70184521	T:AC[T>C]CT	1	176450.0	319140943
JG0139e	2	70418233	N:AC[T>C]CT	1	233712.0	319374655
JG0139e	2	70517147	U:AG[T>C]TT	-1	98914.0	319473569
JG0139e	2	71490753	U:CA[C>G]TT	1	973606.0	320447175
JG0139e	2	71683485	T:TG[T>C]CA	-1	192732.0	320639907
JG0139e	2	72504427	T:GC[T>G]TC	1	820942.0	321460849
JG0139e	2	72889005	T:TA[T>A]TT	-1	384578.0	321845427
JG0139e	2	72994498	U:TC[T>C]TT	-1	105493.0	321950920
JG0139e	2	73106980	U:TC[T>C]CA	-1	112482.0	322063402
JG0139e	2	73360137	N:TC[T>G]TT	1	253157.0	322316559
JG0139e	2	73414574	T:CC[T>C]TT	-1	54437.0	322370996
JG0139e	2	73480495	U:GG[T>G]TC	1	65921.0	322436917
JG0139e	2	73600799	T:TC[T>C]TC	-1	120304.0	322557221
JG0139e	2	74365333	U:AC[T>C]GG	-1	764534.0	323321755
JG0139e	2	74588082	T:TC[T>C]TG	1	222749.0	323544504
JG0139e	2	74756913	N:TC[T>G]TA	1	168831.0	323713335
JG0139e	2	74872124	U:AC[T>G]CC	1	115211.0	323828546
JG0139e	2	74894839	N:AC[T>C]CC	-1	22715.0	323851261
JG0139e	2	75590937	N:AC[T>G]CA	1	696098.0	324547359
JG0139e	2	76223606	N:GC[T>G]TC	1	632669.0	325180028
JG0139e	2	76350761	N:TC[T>C]GT	1	127155.0	325307183
JG0139e	2	76795253	T:CA[T>G]TT	1	444492.0	325751675
JG0139e	2	76817369	U:CC[T>A]TA	-1	22116.0	325773791
JG0139e	2	76989278	T:GC[T>C]TT	1	171909.0	325945700
JG0139e	2	77145587	T:GG[T>C]GA	1	156309.0	326102009
JG0139e	2	77209562	U:TG[T>C]CG	-1	63975.0	326165984
JG0139e	2	77877812	N:AC[T>G]TA	-1	668250.0	326834234
JG0139e	2	78136842	N:CC[T>C]TC	-1	259030.0	327093264
JG0139e	2	78587290	N:CT[T>G]TA	-1	450448.0	327543712
JG0139e	2	79383049	T:AC[T>A]TA	-1	795759.0	328339471
JG0139e	2	79951044	U:CC[T>G]CT	1	567995.0	328907466
JG0139e	2	80068356	U:TC[T>A]CC	1	117312.0	329024778
JG0139e	2	80132904	U:AC[T>C]CA	1	64548.0	329089326
JG0139e	2	80172550	U:TC[T>A]CA	1	39646.0	329128972
JG0139e	2	80829940	N:AC[T>G]TT	-1	657390.0	329786362
JG0139e	2	80969665	N:AC[T>G]TA	-1	139725.0	329926087
JG0139e	2	81307717	N:TC[T>C]TT	-1	338052.0	330264139
JG0139e	2	81752381	N:AG[T>G]TC	-1	444664.0	330708803
JG0139e	2	82035183	N:TC[T>G]TT	1	282802.0	330991605
JG0139e	2	82137146	N:GG[T>C]GG	-1	101963.0	331093568
JG0139e	2	82267678	N:CG[T>G]TC	-1	130532.0	331224100
JG0139e	2	82412230	N:GC[T>C]CC	-1	144552.0	331368652
JG0139e	2	82852872	N:TC[T>C]GT	1	440642.0	331809294
JG0139e	2	82858610	N:GG[T>C]TT	1	5738.0	331815032
JG0139e	2	83125382	N:CC[T>G]GA	1	266772.0	332081804
JG0139e	2	83362536	N:CC[T>C]TC	-1	237154.0	332318958
JG0139e	2	83429093	N:AC[T>G]TC	1	66557.0	332385515
JG0139e	2	83494912	N:TG[T>G]TG	-1	65819.0	332451334
JG0139e	2	83638753	N:CC[T>G]TC	-1	143841.0	332595175
JG0139e	2	84345789	N:CC[T>G]TC	1	707036.0	333302211
JG0139e	2	84362527	N:CC[T>G]GC	-1	16738.0	333318949
JG0139e	2	84387800	N:TC[T>G]TC	1	25273.0	333344222
JG0139e	2	85390819	U:AC[T>G]TG	1	1003019.0	334347241
JG0139e	2	85502933	N:AC[T>G]TT	1	112114.0	334459355
JG0139e	2	85800337	N:TC[T>C]TT	1	297404.0	334756759
JG0139e	2	86054047	T:TC[T>C]GT	1	253710.0	335010469
JG0139e	2	86160283	U:AC[T>A]TC	-1	106236.0	335116705
JG0139e	2	86178099	U:CC[T>C]CG	-1	17816.0	335134521
JG0139e	2	86332297	T:AC[T>C]CC	1	154198.0	335288719
JG0139e	2	86971642	U:TC[T>G]GC	1	639345.0	335928064
JG0139e	2	87188036	N:GC[T>C]CA	-1	216394.0	336144458
JG0139e	2	87881208	N:TG[T>G]TG	1	693172.0	336837630
JG0139e	2	88024652	N:CG[T>G]GA	1	143444.0	336981074
JG0139e	2	88027666	T:CC[T>C]TT	1	3014.0	336984088
JG0139e	2	88167547	N:TC[T>C]TA	-1	139881.0	337123969
JG0139e	2	88208909	N:CC[T>A]CA	1	41362.0	337165331
JG0139e	2	88984828	N:AC[T>C]GC	-1	775919.0	337941250
JG0139e	2	89324115	N:TA[T>G]TT	1	339287.0	338280537
JG0139e	2	89928518	N:GG[T>C]CA	1	604403.0	338884940
JG0139e	2	89989441	N:GC[T>C]TC	-1	60923.0	338945863
JG0139e	2	90151045	N:TC[T>C]GT	1	161604.0	339107467
JG0139e	2	91497803	N:CC[T>A]CT	1	1346758.0	340454225
JG0139e	2	91591310	N:GC[T>G]TC	1	93507.0	340547732
JG0139e	2	92300443	N:AG[T>C]GG	1	709133.0	341256865
JG0139e	2	92780612	N:TC[T>G]TG	-1	480169.0	341737034
JG0139e	2	93025942	N:TC[T>G]TT	1	245330.0	341982364
JG0139e	2	93546243	N:GC[T>G]TT	1	520301.0	342502665
JG0139e	2	93714994	N:TC[T>C]GA	-1	168751.0	342671416
JG0139e	2	93916770	N:TG[T>G]TG	1	201776.0	342873192
JG0139e	2	94558050	N:GT[C>T]GA	1	641280.0	343514472
JG0139e	2	94633619	N:AC[T>C]TG	1	75569.0	343590041
JG0139e	2	94910194	N:CC[T>A]TG	-1	276575.0	343866616
JG0139e	2	94961731	N:AC[T>C]CT	-1	51537.0	343918153
JG0139e	2	95626410	N:TC[T>G]TC	-1	664679.0	344582832
JG0139e	2	95840571	U:TC[T>A]TC	-1	214161.0	344796993
JG0139e	2	96933846	U:CC[T>G]TT	-1	1093275.0	345890268
JG0139e	2	97269164	N:CG[T>C]TG	-1	335318.0	346225586
JG0139e	2	97306707	N:CC[T>A]TG	1	37543.0	346263129
JG0139e	2	97642854	N:CC[T>G]AA	1	336147.0	346599276
JG0139e	2	97888577	U:TC[T>C]TG	-1	245723.0	346844999
JG0139e	2	97912823	T:TC[T>A]CA	1	24246.0	346869245
JG0139e	2	99070546	T:GC[T>C]TT	1	1157723.0	348026968
JG0139e	2	100864944	T:TG[T>A]TT	-1	1794398.0	349821366
JG0139e	2	101331808	N:CC[T>G]GA	1	466864.0	350288230
JG0139e	2	101593796	N:CC[T>C]TG	1	261988.0	350550218
JG0139e	2	102129269	T:TG[T>A]TG	-1	535473.0	351085691
JG0139e	2	102135018	T:CC[T>C]TT	-1	5749.0	351091440
JG0139e	2	102268905	N:GC[T>A]TT	-1	133887.0	351225327
JG0139e	2	102772325	U:GC[T>C]TT	1	503420.0	351728747
JG0139e	2	102810462	U:AC[T>C]AA	1	38137.0	351766884
JG0139e	2	103254348	N:TG[T>A]TC	-1	443886.0	352210770
JG0139e	2	103308519	N:TC[T>C]CT	-1	54171.0	352264941
JG0139e	2	103508245	N:GC[T>A]CT	-1	199726.0	352464667
JG0139e	2	104140577	N:TG[T>A]TG	-1	632332.0	353096999
JG0139e	2	104222263	N:TC[T>C]CT	1	81686.0	353178685
JG0139e	2	104551635	N:CC[T>G]TT	-1	329372.0	353508057
JG0139e	2	104797666	N:GC[T>G]TT	1	246031.0	353754088
JG0139e	2	105006134	N:GC[T>C]TT	-1	208468.0	353962556
JG0139e	2	105109474	N:AC[T>G]TA	1	103340.0	354065896
JG0139e	2	105331607	N:TT[T>C]CT	-1	222133.0	354288029
JG0139e	2	105588080	N:CC[T>G]TT	-1	256473.0	354544502
JG0139e	2	106747420	N:TC[T>C]CT	-1	1159340.0	355703842
JG0139e	2	106982666	N:AT[T>G]GC	1	235246.0	355939088
JG0139e	2	107002393	N:GC[T>G]TT	1	19727.0	355958815
JG0139e	2	107160726	N:TC[T>C]TA	1	158333.0	356117148
JG0139e	2	107269662	N:TC[T>A]TT	1	108936.0	356226084
JG0139e	2	107655909	N:CC[T>A]TC	1	386247.0	356612331
JG0139e	2	107762338	N:TC[T>G]TG	1	106429.0	356718760
JG0139e	2	107810663	N:TC[T>G]TC	1	48325.0	356767085
JG0139e	2	108234784	N:TC[T>C]TT	-1	424121.0	357191206
JG0139e	2	108444127	N:AC[T>C]CA	1	209343.0	357400549
JG0139e	2	109299958	T:GC[T>C]TA	-1	855831.0	358256380
JG0139e	2	109427283	U:TC[T>C]TA	1	127325.0	358383705
JG0139e	2	109610966	T:AC[T>C]TA	1	183683.0	358567388
JG0139e	2	109621517	N:TC[T>C]CT	1	10551.0	358577939
JG0139e	2	109860163	N:AG[T>C]TA	-1	238646.0	358816585
JG0139e	2	109959170	N:TC[C>A]TA	-1	99007.0	358915592
JG0139e	2	110031982	N:GC[T>C]TC	-1	72812.0	358988404
JG0139e	2	110059472	N:CC[T>G]TT	-1	27490.0	359015894
JG0139e	2	110279005	N:CC[T>C]CT	-1	219533.0	359235427
JG0139e	2	110538854	T:TC[T>A]TA	1	259849.0	359495276
JG0139e	2	110889721	U:CA[C>A]AT	1	350867.0	359846143
JG0139e	2	111297197	N:TG[T>G]TG	-1	407476.0	360253619
JG0139e	2	112445950	N:AG[T>C]TT	-1	1148753.0	361402372
JG0139e	2	112883453	N:TG[T>A]CT	1	437503.0	361839875
JG0139e	2	113135857	N:GC[T>G]TG	1	252404.0	362092279
JG0139e	2	113528297	N:TC[T>G]TT	-1	392440.0	362484719
JG0139e	2	113594722	N:GC[T>C]TG	1	66425.0	362551144
JG0139e	2	113759891	N:CC[C>A]AC	1	165169.0	362716313
JG0139e	2	114642324	T:AC[T>C]TA	-1	882433.0	363598746
JG0139e	2	114855899	U:TG[T>G]TG	1	213575.0	363812321
JG0139e	2	114907847	U:TC[T>C]TA	1	51948.0	363864269
JG0139e	2	114935782	U:TT[T>G]TA	1	27935.0	363892204
JG0139e	2	115816189	T:TC[T>G]TT	-1	880407.0	364772611
JG0139e	2	115840980	T:TC[T>A]CG	-1	24791.0	364797402
JG0139e	2	116279329	N:TC[T>C]TC	-1	438349.0	365235751
JG0139e	2	116340725	N:TG[T>G]TC	-1	61396.0	365297147
JG0139e	2	116591683	N:CC[T>C]TT	1	250958.0	365548105
JG0139e	2	116734246	N:AC[T>A]TT	-1	142563.0	365690668
JG0139e	2	116802142	N:AC[T>C]TG	-1	67896.0	365758564
JG0139e	2	116808232	N:TC[T>G]TC	1	6090.0	365764654
JG0139e	2	116939705	N:AG[T>G]TC	-1	131473.0	365896127
JG0139e	2	117674036	N:AC[T>A]TA	-1	734331.0	366630458
JG0139e	2	118236009	N:GC[T>C]TT	-1	561973.0	367192431
JG0139e	2	118324335	N:CC[T>G]TG	-1	88326.0	367280757
JG0139e	2	119124810	N:CC[T>C]TT	1	800475.0	368081232
JG0139e	2	119316987	T:CC[T>C]TG	1	192177.0	368273409
JG0139e	2	119999417	N:GC[T>G]TC	-1	682430.0	368955839
JG0139e	2	120011916	N:CC[T>A]TT	1	12499.0	368968338
JG0139e	2	120905478	T:CC[T>G]CT	-1	893562.0	369861900
JG0139e	2	122005168	N:AC[T>G]TG	-1	1099690.0	370961590
JG0139e	2	122041316	N:CC[T>G]TA	-1	36148.0	370997738
JG0139e	2	122166317	N:TC[T>G]TG	1	125001.0	371122739
JG0139e	2	122737494	N:TC[T>C]TC	1	571177.0	371693916
JG0139e	2	122813716	N:AA[T>G]TA	1	76222.0	371770138
JG0139e	2	123148104	N:GC[T>G]TA	-1	334388.0	372104526
JG0139e	2	123789431	N:AC[T>G]TT	1	641327.0	372745853
JG0139e	2	124163055	T:GG[T>A]TC	-1	373624.0	373119477
JG0139e	2	124289908	T:TC[T>C]CA	-1	126853.0	373246330
JG0139e	2	124320811	T:GT[C>T]AC	-1	30903.0	373277233
JG0139e	2	124331019	U:TC[T>G]TA	1	10208.0	373287441
JG0139e	2	124633449	U:TC[T>C]CA	1	302430.0	373589871
JG0139e	2	125177953	N:TC[T>G]AT	-1	544504.0	374134375
JG0139e	2	125241796	N:TC[T>C]TT	-1	63843.0	374198218
JG0139e	2	126310824	N:GC[T>C]TT	1	1069028.0	375267246
JG0139e	2	126424491	N:AG[T>C]CA	1	113667.0	375380913
JG0139e	2	126436658	N:AC[T>C]TC	-1	12167.0	375393080
JG0139e	2	126522129	N:TC[T>C]CT	-1	85471.0	375478551
JG0139e	2	126777941	N:GG[T>C]GG	-1	255812.0	375734363
JG0139e	2	127327158	T:AC[T>C]CT	1	549217.0	376283580
JG0139e	2	127355848	T:CC[T>G]TC	1	28690.0	376312270
JG0139e	2	127693387	N:CC[T>C]TC	-1	337539.0	376649809
JG0139e	2	128325120	N:AC[T>G]TG	1	631733.0	377281542
JG0139e	2	129268974	N:TC[T>A]CA	-1	943854.0	378225396
JG0139e	2	129394970	N:TC[T>G]TG	-1	125996.0	378351392
JG0139e	2	129514515	N:AC[T>C]CT	1	119545.0	378470937
JG0139e	2	129559749	N:TC[T>G]CC	1	45234.0	378516171
JG0139e	2	130199555	N:TT[T>G]TT	-1	639806.0	379155977
JG0139e	2	130213017	N:TG[C>A]TG	-1	13462.0	379169439
JG0139e	2	130271625	N:TC[T>G]TC	1	58608.0	379228047
JG0139e	2	130773875	N:CC[T>C]CA	-1	502250.0	379730297
JG0139e	2	130878943	U:AG[T>C]TT	1	105068.0	379835365
JG0139e	2	131637621	N:AC[T>A]TC	1	758678.0	380594043
JG0139e	2	132343155	N:GC[T>G]TT	1	705534.0	381299577
JG0139e	2	132449886	T:AA[T>G]TT	-1	106731.0	381406308
JG0139e	2	132991133	T:AC[T>C]TC	1	541247.0	381947555
JG0139e	2	135089351	U:GC[T>C]TA	1	2098218.0	384045773
JG0139e	2	136244065	N:CT[C>T]TG	1	1154714.0	385200487
JG0139e	2	137017658	T:CC[T>C]GA	-1	773593.0	385974080
JG0139e	2	137546992	U:AG[T>G]CT	1	529334.0	386503414
JG0139e	2	137851984	N:TC[T>C]CC	1	304992.0	386808406
JG0139e	2	137912281	N:GC[T>C]GA	-1	60297.0	386868703
JG0139e	2	138105688	N:CC[T>C]CA	1	193407.0	387062110
JG0139e	2	138581859	N:TC[T>G]TC	-1	476171.0	387538281
JG0139e	2	138684813	U:TC[T>C]GA	-1	102954.0	387641235
JG0139e	2	139196342	N:GC[T>G]TG	-1	511529.0	388152764
JG0139e	2	139325192	N:TG[T>C]TC	1	128850.0	388281614
JG0139e	2	139772300	N:GC[T>G]TA	1	447108.0	388728722
JG0139e	2	139850414	N:AC[T>C]TT	1	78114.0	388806836
JG0139e	2	140394972	U:AG[T>G]CA	-1	544558.0	389351394
JG0139e	2	140838905	T:TA[T>G]TC	1	443933.0	389795327
JG0139e	2	141299700	T:AC[T>G]TA	1	460795.0	390256122
JG0139e	2	141771985	U:AA[T>C]TA	-1	472285.0	390728407
JG0139e	2	142466645	N:TC[T>A]CT	-1	694660.0	391423067
JG0139e	2	142921896	U:TC[T>C]TC	1	455251.0	391878318
JG0139e	2	143790555	N:TC[T>C]TG	-1	868659.0	392746977
JG0139e	2	144079930	T:AC[T>G]TT	1	289375.0	393036352
JG0139e	2	144104646	U:CC[T>G]CC	-1	24716.0	393061068
JG0139e	2	144961817	N:AC[T>G]TC	1	857171.0	393918239
JG0139e	2	144990159	N:GC[T>G]TT	-1	28342.0	393946581
JG0139e	2	145192849	N:TC[T>A]CA	1	202690.0	394149271
JG0139e	2	145265580	N:TC[T>C]CG	1	72731.0	394222002
JG0139e	2	145534428	N:AC[T>G]TG	1	268848.0	394490850
JG0139e	2	145975130	N:TC[T>G]TG	-1	440702.0	394931552
JG0139e	2	146281423	N:GC[T>A]GG	-1	306293.0	395237845
JG0139e	2	146344266	N:CC[T>C]TT	-1	62843.0	395300688
JG0139e	2	146358598	N:TC[T>G]TA	1	14332.0	395315020
JG0139e	2	146393365	N:TC[T>C]CA	1	34767.0	395349787
JG0139e	2	146602630	N:AA[C>A]AT	1	209265.0	395559052
JG0139e	2	147358798	N:AC[T>A]CC	1	756168.0	396315220
JG0139e	2	147456021	N:TC[T>G]TC	-1	97223.0	396412443
JG0139e	2	147943027	U:TG[T>G]TA	-1	487006.0	396899449
JG0139e	2	148618000	N:CC[T>G]TC	1	674973.0	397574422
JG0139e	2	148633509	N:GC[T>C]CC	1	15509.0	397589931
JG0139e	2	148932352	U:CC[T>A]TG	1	298843.0	397888774
JG0139e	2	149400621	U:AC[T>C]TC	1	468269.0	398357043
JG0139e	2	149771595	N:AA[T>A]TT	-1	370974.0	398728017
JG0139e	2	150119924	N:GG[T>C]TC	1	348329.0	399076346
JG0139e	2	150313140	N:TC[T>G]TC	-1	193216.0	399269562
JG0139e	2	150473721	T:AC[T>C]TC	1	160581.0	399430143
JG0139e	2	150642900	N:TC[T>C]TC	1	169179.0	399599322
JG0139e	2	150845169	N:AC[T>G]TG	1	202269.0	399801591
JG0139e	2	151258451	T:AC[T>C]TT	1	413282.0	400214873
JG0139e	2	151371992	T:TG[T>G]TC	-1	113541.0	400328414
JG0139e	2	152078551	T:CC[T>A]CC	1	706559.0	401034973
JG0139e	2	152600534	T:TC[T>C]TG	-1	521983.0	401556956
JG0139e	2	152803044	N:CC[T>C]AA	-1	202510.0	401759466
JG0139e	2	153365181	N:GG[C>A]TA	1	562137.0	402321603
JG0139e	2	154525777	N:TG[C>A]CA	1	1160596.0	403482199
JG0139e	2	154950100	N:AC[T>G]TT	1	424323.0	403906522
JG0139e	2	155085706	N:TC[T>C]TT	1	135606.0	404042128
JG0139e	2	155339585	N:CC[T>C]AC	1	253879.0	404296007
JG0139e	2	155707820	N:TG[T>G]TC	-1	368235.0	404664242
JG0139e	2	156348821	N:CC[T>C]TA	1	641001.0	405305243
JG0139e	2	157153017	N:CC[T>C]CT	-1	804196.0	406109439
JG0139e	2	157294202	U:CC[T>G]TA	1	141185.0	406250624
JG0139e	2	157740607	U:AC[T>C]CC	-1	446405.0	406697029
JG0139e	2	158233642	U:TG[T>C]TT	-1	493035.0	407190064
JG0139e	2	158621021	T:AC[T>C]CT	-1	387379.0	407577443
JG0139e	2	159328845	U:CC[T>G]TT	-1	707824.0	408285267
JG0139e	2	159888207	U:TC[T>C]TA	-1	559362.0	408844629
JG0139e	2	159961151	U:CC[T>A]TT	-1	72944.0	408917573
JG0139e	2	161148151	T:CC[T>C]TA	-1	1187000.0	410104573
JG0139e	2	161311089	U:CC[T>A]GA	1	162938.0	410267511
JG0139e	2	161443461	N:CA[T>G]TT	-1	132372.0	410399883
JG0139e	2	161524355	N:CC[T>C]TA	1	80894.0	410480777
JG0139e	2	161610669	N:TG[T>A]TC	1	86314.0	410567091
JG0139e	2	161794935	T:GC[T>C]TA	-1	184266.0	410751357
JG0139e	2	163180089	N:AG[T>G]TA	1	1385154.0	412136511
JG0139e	2	163556947	N:AT[T>A]CT	1	376858.0	412513369
JG0139e	2	164004962	N:TC[T>C]CC	-1	448015.0	412961384
JG0139e	2	164357922	N:GC[T>C]TA	-1	352960.0	413314344
JG0139e	2	164403095	N:GC[T>C]TT	1	45173.0	413359517
JG0139e	2	165767035	T:TC[T>A]TC	1	1363940.0	414723457
JG0139e	2	166057183	T:TC[T>A]TC	1	290148.0	415013605
JG0139e	2	166447617	T:CC[T>G]TA	1	390434.0	415404039
JG0139e	2	166717068	N:AC[T>C]TA	1	269451.0	415673490
JG0139e	2	167177912	T:GG[T>C]TG	-1	460844.0	416134334
JG0139e	2	167390369	N:AC[T>C]TT	1	212457.0	416346791
JG0139e	2	167460460	N:TC[T>G]TT	-1	70091.0	416416882
JG0139e	2	167780862	N:GG[T>G]TC	1	320402.0	416737284
JG0139e	2	168123625	T:AC[T>C]TT	1	342763.0	417080047
JG0139e	2	168330144	N:GC[T>G]TC	-1	206519.0	417286566
JG0139e	2	168350037	N:AC[T>C]TC	1	19893.0	417306459
JG0139e	2	168830153	U:GA[T>G]TA	1	480116.0	417786575
JG0139e	2	169223679	U:TG[T>C]CT	-1	393526.0	418180101
JG0139e	2	169362140	U:TC[T>A]TC	-1	138461.0	418318562
JG0139e	2	169451416	N:TC[T>C]CT	1	89276.0	418407838
JG0139e	2	169880295	U:TC[T>C]TA	1	428879.0	418836717
JG0139e	2	169897719	U:TC[T>G]TG	1	17424.0	418854141
JG0139e	2	169930778	T:GC[T>C]TA	-1	33059.0	418887200
JG0139e	2	170761590	N:CC[T>G]TG	-1	830812.0	419718012
JG0139e	2	170978977	N:GC[T>C]GT	1	217387.0	419935399
JG0139e	2	171216502	U:TC[T>C]CT	-1	237525.0	420172924
JG0139e	2	171508614	N:AT[T>G]TA	-1	292112.0	420465036
JG0139e	2	171704222	T:CC[T>C]TG	-1	195608.0	420660644
JG0139e	2	172148435	N:GC[T>A]CT	1	444213.0	421104857
JG0139e	2	172406836	N:CC[T>C]AT	-1	258401.0	421363258
JG0139e	2	172433009	U:GC[T>A]TA	1	26173.0	421389431
JG0139e	2	172585217	U:TC[T>C]CA	1	152208.0	421541639
JG0139e	2	173297441	N:TC[T>C]CC	-1	712224.0	422253863
JG0139e	2	173325820	N:TC[T>C]GC	-1	28379.0	422282242
JG0139e	2	173772857	N:CT[T>G]TA	1	447037.0	422729279
JG0139e	2	174088766	T:AC[T>G]TT	1	315909.0	423045188
JG0139e	2	174135955	T:GC[T>C]TA	1	47189.0	423092377
JG0139e	2	174153697	U:CC[T>C]TG	-1	17742.0	423110119
JG0139e	2	174691284	N:GC[T>G]TC	-1	537587.0	423647706
JG0139e	2	175328361	N:AC[T>C]TT	-1	637077.0	424284783
JG0139e	2	175583463	N:AC[T>G]GC	1	255102.0	424539885
JG0139e	2	176840670	N:CC[T>C]CA	1	1257207.0	425797092
JG0139e	2	177154465	N:GC[T>C]TA	-1	313795.0	426110887
JG0139e	2	177896866	U:TC[T>C]CA	-1	742401.0	426853288
JG0139e	2	178620487	T:GG[T>G]TG	1	723621.0	427576909
JG0139e	2	178857661	U:TC[T>G]TT	-1	237174.0	427814083
JG0139e	2	178993089	U:GC[T>C]GA	-1	135428.0	427949511
JG0139e	2	179560384	U:TC[T>A]TT	-1	567295.0	428516806
JG0139e	2	179687195	U:AT[T>G]TC	-1	126811.0	428643617
JG0139e	2	179957320	T:AT[T>G]TT	1	270125.0	428913742
JG0139e	2	180641151	N:CC[T>A]TT	-1	683831.0	429597573
JG0139e	2	180864952	N:GC[T>C]TG	-1	223801.0	429821374
JG0139e	2	181125871	N:TC[T>G]TT	1	260919.0	430082293
JG0139e	2	181469131	U:TC[T>C]CA	1	343260.0	430425553
JG0139e	2	181841648	N:TC[T>C]CT	-1	372517.0	430798070
JG0139e	2	181924197	T:TC[T>C]TA	-1	82549.0	430880619
JG0139e	2	182336819	U:TC[T>C]CT	-1	412622.0	431293241
JG0139e	2	183136239	U:AG[T>C]TT	1	799420.0	432092661
JG0139e	2	183213727	N:GC[T>G]TT	-1	77488.0	432170149
JG0139e	2	183651211	N:TC[T>G]TC	1	437484.0	432607633
JG0139e	2	184064918	N:CC[T>G]TT	1	413707.0	433021340
JG0139e	2	185533976	N:AG[T>G]TT	-1	1469058.0	434490398
JG0139e	2	185951198	N:AC[T>G]TT	-1	417222.0	434907620
JG0139e	2	186397385	N:CC[T>C]TG	-1	446187.0	435353807
JG0139e	2	187442858	T:AC[T>C]TT	1	1045473.0	436399280
JG0139e	2	187989571	N:TC[T>C]TC	-1	546713.0	436945993
JG0139e	2	188628073	N:TC[T>C]CT	-1	638502.0	437584495
JG0139e	2	188966462	N:GC[T>G]TC	1	338389.0	437922884
JG0139e	2	189484032	N:TC[T>G]TG	-1	517570.0	438440454
JG0139e	2	189660604	N:GG[T>G]TA	1	176572.0	438617026
JG0139e	2	189703616	T:GA[T>G]TA	-1	43012.0	438660038
JG0139e	2	189754544	U:TC[T>C]TA	-1	50928.0	438710966
JG0139e	2	190539142	N:CC[T>G]CT	-1	784598.0	439495564
JG0139e	2	190573347	N:TC[T>C]TT	1	34205.0	439529769
JG0139e	2	191862743	N:TT[T>G]TC	1	1289396.0	440819165
JG0139e	2	194204344	N:TA[C>A]TG	1	2341601.0	443160766
JG0139e	2	194303807	N:CC[T>C]TT	1	99463.0	443260229
JG0139e	2	195106862	N:TT[T>G]TT	-1	803055.0	444063284
JG0139e	2	196329524	T:CC[T>G]TC	1	1222662.0	445285946
JG0139e	2	196614235	N:AC[T>C]TA	-1	284711.0	445570657
JG0139e	2	197166115	U:AC[T>G]TT	-1	551880.0	446122537
JG0139e	2	197673110	U:TC[T>C]TA	-1	506995.0	446629532
JG0139e	2	198404988	N:GC[T>C]TA	1	731878.0	447361410
JG0139e	2	198484945	N:AC[T>C]CG	1	79957.0	447441367
JG0139e	2	198599545	N:CC[T>G]TT	-1	114600.0	447555967
JG0139e	2	199800924	T:AG[T>C]GC	1	1201379.0	448757346
JG0139e	2	200728845	N:CC[T>C]CT	-1	927921.0	449685267
JG0139e	2	202626465	N:AG[T>G]TT	-1	1897620.0	451582887
JG0139e	2	202880928	T:AC[T>C]CA	1	254463.0	451837350
JG0139e	2	203418735	B:CC[T>G]TC	-1	537807.0	452375157
JG0139e	2	203771484	N:AC[T>G]TA	-1	352749.0	452727906
JG0139e	2	204029978	N:TT[T>G]TG	1	258494.0	452986400
JG0139e	2	204160119	N:TG[T>G]TT	1	130141.0	453116541
JG0139e	2	204299770	N:AC[T>C]GC	-1	139651.0	453256192
JG0139e	2	204362019	N:AC[T>A]TG	-1	62249.0	453318441
JG0139e	2	204914984	T:TC[T>C]CT	-1	552965.0	453871406
JG0139e	2	205594388	U:TC[T>G]TT	1	679404.0	454550810
JG0139e	2	206376560	N:TC[T>C]TC	1	782172.0	455332982
JG0139e	2	206461143	T:TG[T>G]TG	-1	84583.0	455417565
JG0139e	2	207386819	N:AC[T>C]CT	1	925676.0	456343241
JG0139e	2	207922490	U:TC[T>C]CT	-1	535671.0	456878912
JG0139e	2	208899222	N:TA[T>G]TC	-1	976732.0	457855644
JG0139e	2	209631985	U:TA[T>C]TC	1	732763.0	458588407
JG0139e	2	210104179	T:TC[T>C]TG	1	472194.0	459060601
JG0139e	2	210693299	N:CC[T>C]TC	1	589120.0	459649721
JG0139e	2	210745179	N:CC[T>C]TC	1	51880.0	459701601
JG0139e	2	210879437	N:AA[T>G]TT	1	134258.0	459835859
JG0139e	2	211185944	N:TC[T>C]CA	1	306507.0	460142366
JG0139e	2	212172367	U:TC[T>G]TT	-1	986423.0	461128789
JG0139e	2	212653816	N:AC[T>C]TG	1	481449.0	461610238
JG0139e	2	212821980	N:CA[T>G]TA	-1	168164.0	461778402
JG0139e	2	213035397	U:CC[T>A]CA	-1	213417.0	461991819
JG0139e	2	213808603	T:GC[T>G]TT	-1	773206.0	462765025
JG0139e	2	214084045	T:TC[T>G]CA	-1	275442.0	463040467
JG0139e	2	214282355	T:TT[C>A]TC	-1	198310.0	463238777
JG0139e	2	214647967	N:TC[T>C]TT	1	365612.0	463604389
JG0139e	2	215187061	N:AC[T>G]TG	-1	539094.0	464143483
JG0139e	2	215490986	N:TG[T>G]TT	1	303925.0	464447408
JG0139e	2	215620646	N:TC[T>C]TT	-1	129660.0	464577068
JG0139e	2	216511512	T:CC[T>C]GT	-1	890866.0	465467934
JG0139e	2	216554939	U:TC[T>C]GA	1	43427.0	465511361
JG0139e	2	216568249	U:TC[T>G]TT	1	13310.0	465524671
JG0139e	2	217027778	N:GG[T>C]GC	1	459529.0	465984200
JG0139e	2	217439947	N:AC[T>C]TC	1	412169.0	466396369
JG0139e	2	217494032	N:GC[T>C]CA	-1	54085.0	466450454
JG0139e	2	217566673	N:TC[T>C]TG	-1	72641.0	466523095
JG0139e	2	217710766	N:AC[T>C]CC	1	144093.0	466667188
JG0139e	2	217795644	N:TA[T>G]TT	-1	84878.0	466752066
JG0139e	2	218302911	T:CC[T>A]TT	-1	507267.0	467259333
JG0139e	2	218773109	N:AC[T>G]TT	-1	470198.0	467729531
JG0139e	2	219791579	N:AC[T>C]TG	1	1018470.0	468748001
JG0139e	2	219892004	N:GG[T>C]GG	1	100425.0	468848426
JG0139e	2	220144594	N:CC[T>C]GA	1	252590.0	469101016
JG0139e	2	220227262	N:CC[T>C]TA	-1	82668.0	469183684
JG0139e	2	220248346	N:AG[T>A]TT	1	21084.0	469204768
JG0139e	2	220352151	N:TC[T>C]CA	-1	103805.0	469308573
JG0139e	2	220463814	N:TC[T>A]GA	1	111663.0	469420236
JG0139e	2	220479783	N:GC[T>G]TT	-1	15969.0	469436205
JG0139e	2	220697134	N:TC[T>C]GT	1	217351.0	469653556
JG0139e	2	221158173	N:TC[T>C]TA	1	461039.0	470114595
JG0139e	2	221191621	N:GC[T>A]TT	1	33448.0	470148043
JG0139e	2	221289022	N:GC[T>C]CT	1	97401.0	470245444
JG0139e	2	221651707	N:TC[T>A]TT	-1	362685.0	470608129
JG0139e	2	222180618	N:CC[T>C]AT	1	528911.0	471137040
JG0139e	2	222870135	U:TC[T>C]TG	1	689517.0	471826557
JG0139e	2	223357681	N:AG[T>C]CA	-1	487546.0	472314103
JG0139e	2	223928006	U:AC[T>A]CC	-1	570325.0	472884428
JG0139e	2	224161943	N:AC[T>C]TT	1	233937.0	473118365
JG0139e	2	224206805	N:TC[T>C]CC	1	44862.0	473163227
JG0139e	2	224538509	T:TC[T>C]CA	1	331704.0	473494931
JG0139e	2	224698907	N:TC[T>C]TT	-1	160398.0	473655329
JG0139e	2	226459351	N:AC[T>G]TA	1	1760444.0	475415773
JG0139e	2	226854354	T:CC[T>C]CC	-1	395003.0	475810776
JG0139e	2	227002934	U:GC[T>G]TG	-1	148580.0	475959356
JG0139e	2	227645165	N:CC[T>C]TA	1	642231.0	476601587
JG0139e	2	228801307	N:AT[T>A]TT	-1	1156142.0	477757729
JG0139e	2	228840629	N:AC[T>C]CA	-1	39322.0	477797051
JG0139e	2	230495084	U:AC[T>C]CT	1	1654455.0	479451506
JG0139e	2	230936687	U:TC[T>A]CC	-1	441603.0	479893109
JG0139e	2	231453798	U:AC[T>C]CT	-1	517111.0	480410220
JG0139e	2	232405385	N:CC[T>C]GT	-1	951587.0	481361807
JG0139e	2	232485914	U:GC[T>C]CA	-1	80529.0	481442336
JG0139e	2	232577444	T:TC[T>C]CT	-1	91530.0	481533866
JG0139e	2	232978180	U:CC[T>G]TG	-1	400736.0	481934602
JG0139e	2	233228673	T:CC[T>A]TT	-1	250493.0	482185095
JG0139e	2	234162423	N:GC[T>G]CC	-1	933750.0	483118845
JG0139e	2	235516550	U:AG[T>A]GT	1	1354127.0	484472972
JG0139e	2	236246531	T:AC[T>C]GT	1	729981.0	485202953
JG0139e	2	236700130	N:TG[T>G]TT	1	453599.0	485656552
JG0139e	2	236983362	N:TC[T>C]CC	-1	283232.0	485939784
JG0139e	2	237227430	N:TC[T>C]CC	1	244068.0	486183852
JG0139e	2	238703312	N:AC[T>C]CG	1	1475882.0	487659734
JG0139e	2	239343431	U:AC[T>C]TC	-1	640119.0	488299853
JG0139e	2	239346026	U:TG[T>C]TA	-1	2595.0	488302448
JG0139e	2	239470269	N:CG[T>C]TC	1	124243.0	488426691
JG0139e	2	239474922	N:CC[T>C]AC	1	4653.0	488431344
JG0139e	2	239576294	N:GC[T>A]CC	-1	101372.0	488532716
JG0139e	2	240025994	N:AC[T>C]CT	-1	449700.0	488982416
JG0139e	2	240286920	N:GC[T>G]TT	-1	260926.0	489243342
JG0139e	2	240396143	N:GC[T>G]TC	1	109223.0	489352565
JG0139e	2	240598605	T:CC[T>G]TC	-1	202462.0	489555027
JG0139e	2	241079502	U:TG[T>C]CC	1	480897.0	490035924
JG0139e	2	241092956	B:GC[T>G]CT	-1	13454.0	490049378
JG0139e	2	242012859	N:GG[T>G]TC	-1	919903.0	490969281
JG0139e	2	242049304	N:TC[T>C]TT	-1	36445.0	491005726
JG0139e	3	1160926	T:AT[T>G]TT	-1		492310877
JG0139e	3	1629882	N:AG[T>A]CA	1	468956.0	492779833
JG0139e	3	1774929	N:GC[T>G]TT	-1	145047.0	492924880
JG0139e	3	1797277	N:AA[T>G]TA	1	22348.0	492947228
JG0139e	3	1801793	N:GC[T>A]GC	1	4516.0	492951744
JG0139e	3	2633823	T:GC[T>C]TT	-1	832030.0	493783774
JG0139e	3	2722557	T:TC[T>G]TT	-1	88734.0	493872508
JG0139e	3	2952108	T:GC[T>C]CC	-1	229551.0	494102059
JG0139e	3	3046447	T:GC[T>G]TG	-1	94339.0	494196398
JG0139e	3	3270350	N:AG[T>A]TT	1	223903.0	494420301
JG0139e	3	3573665	N:TT[T>G]TG	1	303315.0	494723616
JG0139e	3	4278841	N:AG[T>G]TT	-1	705176.0	495428792
JG0139e	3	5322737	N:TC[T>C]CA	1	1043896.0	496472688
JG0139e	3	6351199	N:GC[T>A]TA	-1	1028462.0	497501150
JG0139e	3	6834425	T:GC[T>C]CC	-1	483226.0	497984376
JG0139e	3	7257752	T:GG[T>C]GG	-1	423327.0	498407703
JG0139e	3	7264067	T:TG[T>G]GC	-1	6315.0	498414018
JG0139e	3	7736380	T:TG[T>G]TT	-1	472313.0	498886331
JG0139e	3	8958270	T:AC[T>G]TG	1	1221890.0	500108221
JG0139e	3	9368106	T:AC[T>G]TA	-1	409836.0	500518057
JG0139e	3	10584392	T:CC[T>G]TC	1	1216286.0	501734343
JG0139e	3	10832094	U:CC[T>C]GT	1	247702.0	501982045
JG0139e	3	11858537	N:TC[T>G]TG	1	1026443.0	503008488
JG0139e	3	12025469	T:AT[T>G]AA	-1	166932.0	503175420
JG0139e	3	12550537	N:GG[T>G]CT	-1	525068.0	503700488
JG0139e	3	14086659	N:AC[T>G]TG	-1	1536122.0	505236610
JG0139e	3	14427691	U:TC[T>C]CC	1	341032.0	505577642
JG0139e	3	14556385	N:CC[T>G]CT	1	128694.0	505706336
JG0139e	3	14656840	T:CT[T>A]GG	-1	100455.0	505806791
JG0139e	3	14659515	U:TC[T>C]GT	1	2675.0	505809466
JG0139e	3	14967701	U:GC[T>G]TC	1	308186.0	506117652
JG0139e	3	15583639	T:TC[T>G]TT	1	615938.0	506733590
JG0139e	3	18059800	N:AC[T>G]TG	1	2476161.0	509209751
JG0139e	3	18457578	N:TG[T>G]TC	-1	397778.0	509607529
JG0139e	3	18538227	N:AG[T>G]CT	1	80649.0	509688178
JG0139e	3	21958147	T:AA[T>G]TT	1	3419920.0	513108098
JG0139e	3	21990602	T:AA[T>G]TA	1	32455.0	513140553
JG0139e	3	22572154	N:CC[T>G]TT	-1	581552.0	513722105
JG0139e	3	23107116	N:AA[T>G]TC	-1	534962.0	514257067
JG0139e	3	25530935	U:CG[T>A]TT	1	2423819.0	516680886
JG0139e	3	25563334	U:CC[T>C]CA	1	32399.0	516713285
JG0139e	3	25607530	T:AC[T>G]TT	1	44196.0	516757481
JG0139e	3	26045398	N:TC[T>G]TT	-1	437868.0	517195349
JG0139e	3	26244973	N:TC[T>G]TT	1	199575.0	517394924
JG0139e	3	27324276	U:CG[T>G]TC	-1	1079303.0	518474227
JG0139e	3	27861354	N:TC[T>C]TG	1	537078.0	519011305
JG0139e	3	29900018	U:AC[T>C]TT	1	2038664.0	521049969
JG0139e	3	30879544	T:TG[T>G]TG	1	979526.0	522029495
JG0139e	3	30901571	N:AC[T>C]TA	-1	22027.0	522051522
JG0139e	3	31074911	N:TC[T>C]CA	1	173340.0	522224862
JG0139e	3	31253143	N:CC[T>C]GT	1	178232.0	522403094
JG0139e	3	31751436	U:TC[T>C]CA	-1	498293.0	522901387
JG0139e	3	31773623	T:AC[T>C]TG	1	22187.0	522923574
JG0139e	3	32003456	N:TG[T>C]TT	1	229833.0	523153407
JG0139e	3	32393028	T:GC[T>C]CC	-1	389572.0	523542979
JG0139e	3	32426381	T:GC[T>G]TT	-1	33353.0	523576332
JG0139e	3	32655110	N:AC[T>G]TA	-1	228729.0	523805061
JG0139e	3	34107483	N:AT[T>G]TT	1	1452373.0	525257434
JG0139e	3	34766066	N:AC[T>G]TT	-1	658583.0	525916017
JG0139e	3	35436353	N:TA[C>G]TT	1	670287.0	526586304
JG0139e	3	35861420	N:CC[T>C]CA	1	425067.0	527011371
JG0139e	3	36040980	N:CT[T>C]TT	1	179560.0	527190931
JG0139e	3	37863134	U:TC[T>G]TT	1	1822154.0	529013085
JG0139e	3	38969840	N:GG[C>A]AT	-1	1106706.0	530119791
JG0139e	3	39776655	N:TG[C>T]CA	-1	806815.0	530926606
JG0139e	3	40831604	N:AC[T>C]TC	1	1054949.0	531981555
JG0139e	3	42737495	T:TC[T>G]TC	1	1905891.0	533887446
JG0139e	3	42954840	T:AC[T>G]CC	-1	217345.0	534104791
JG0139e	3	43570966	U:CA[T>G]TG	-1	616126.0	534720917
JG0139e	3	43912421	N:AC[T>G]CC	1	341455.0	535062372
JG0139e	3	45479292	U:CC[T>C]TG	1	1566871.0	536629243
JG0139e	3	45589543	N:CC[T>C]CT	1	110251.0	536739494
JG0139e	3	48279164	T:GG[T>G]TG	-1	2689621.0	539429115
JG0139e	3	48480318	T:TC[T>G]TG	1	201154.0	539630269
JG0139e	3	49516928	U:AC[T>C]TA	1	1036610.0	540666879
JG0139e	3	50731698	T:TC[T>G]TG	-1	1214770.0	541881649
JG0139e	3	51311178	U:GC[T>G]TG	1	579480.0	542461129
JG0139e	3	51324889	U:CC[T>C]TC	1	13711.0	542474840
JG0139e	3	51948907	N:TC[C>T]TC	1	624018.0	543098858
JG0139e	3	53654480	T:AT[T>G]TA	-1	1705573.0	544804431
JG0139e	3	53780049	U:CC[T>A]CT	1	125569.0	544930000
JG0139e	3	54146065	U:TG[T>G]TG	1	366016.0	545296016
JG0139e	3	54493681	U:AG[T>G]CA	1	347616.0	545643632
JG0139e	3	54626402	T:TC[T>G]TG	-1	132721.0	545776353
JG0139e	3	55007785	U:TC[T>C]TC	1	381383.0	546157736
JG0139e	3	55596584	T:AA[T>A]AA	1	588799.0	546746535
JG0139e	3	55814977	T:AC[T>G]CT	1	218393.0	546964928
JG0139e	3	56758484	U:TC[T>G]TT	-1	943507.0	547908435
JG0139e	3	57237229	U:GC[T>G]TT	1	478745.0	548387180
JG0139e	3	57296602	T:AC[T>A]TC	1	59373.0	548446553
JG0139e	3	57713089	N:AC[T>C]CT	1	416487.0	548863040
JG0139e	3	58127655	T:GG[T>G]TG	-1	414566.0	549277606
JG0139e	3	58536051	T:CC[T>G]TG	1	408396.0	549686002
JG0139e	3	59011778	T:GG[T>G]TA	1	475727.0	550161729
JG0139e	3	59144852	N:TC[T>G]TC	1	133074.0	550294803
JG0139e	3	59273056	N:CC[T>A]CC	-1	128204.0	550423007
JG0139e	3	59779740	T:TC[T>A]TT	1	506684.0	550929691
JG0139e	3	59929046	U:CC[T>G]TG	-1	149306.0	551078997
JG0139e	3	60356169	U:CC[T>C]TC	-1	427123.0	551506120
JG0139e	3	60540213	U:GC[T>C]CT	-1	184044.0	551690164
JG0139e	3	62378050	N:AC[T>G]TT	1	1837837.0	553528001
JG0139e	3	62488675	U:TC[T>C]CT	-1	110625.0	553638626
JG0139e	3	62712026	T:TC[T>C]TT	1	223351.0	553861977
JG0139e	3	63519425	T:AC[T>A]GA	-1	807399.0	554669376
JG0139e	3	63633687	N:TC[T>G]TC	1	114262.0	554783638
JG0139e	3	64380281	T:GG[T>G]TA	1	746594.0	555530232
JG0139e	3	64957699	N:CC[T>C]TG	1	577418.0	556107650
JG0139e	3	66029996	U:CC[T>C]TG	-1	1072297.0	557179947
JG0139e	3	66212458	T:GC[T>G]TA	-1	182462.0	557362409
JG0139e	3	66493991	U:CC[T>C]CT	-1	281533.0	557643942
JG0139e	3	66914600	N:TC[T>A]TT	-1	420609.0	558064551
JG0139e	3	67417828	T:CC[T>G]TT	1	503228.0	558567779
JG0139e	3	68601931	N:TG[T>C]CA	-1	1184103.0	559751882
JG0139e	3	68929901	T:AC[T>C]TT	1	327970.0	560079852
JG0139e	3	69354075	T:AC[T>G]CA	1	424174.0	560504026
JG0139e	3	69504000	T:GG[T>G]CA	1	149925.0	560653951
JG0139e	3	70362691	N:TC[T>G]TT	1	858691.0	561512642
JG0139e	3	70814401	N:TG[T>G]TA	1	451710.0	561964352
JG0139e	3	71106695	U:TC[T>G]TG	-1	292294.0	562256646
JG0139e	3	72644397	N:TC[T>G]TC	-1	1537702.0	563794348
JG0139e	3	73875511	N:GC[T>G]GT	-1	1231114.0	565025462
JG0139e	3	74124583	N:TC[T>C]TT	1	249072.0	565274534
JG0139e	3	74605495	N:TG[T>G]TT	-1	480912.0	565755446
JG0139e	3	77172846	T:CC[T>C]TG	-1	2567351.0	568322797
JG0139e	3	77176191	U:AT[T>A]CA	1	3345.0	568326142
JG0139e	3	77201265	U:AC[T>C]TC	1	25074.0	568351216
JG0139e	3	77254389	T:TC[T>C]CT	-1	53124.0	568404340
JG0139e	3	77542014	U:GC[T>C]AT	1	287625.0	568691965
JG0139e	3	77984310	N:GC[T>G]TG	-1	442296.0	569134261
JG0139e	3	78041799	N:TC[T>C]TA	1	57489.0	569191750
JG0139e	3	79456912	T:CC[T>C]TT	1	1415113.0	570606863
JG0139e	3	79700136	T:GC[T>A]GC	1	243224.0	570850087
JG0139e	3	80135498	N:TC[T>G]TG	-1	435362.0	571285449
JG0139e	3	80639335	N:TT[T>G]CA	-1	503837.0	571789286
JG0139e	3	81622681	U:AC[T>C]TG	-1	983346.0	572772632
JG0139e	3	81956675	N:TG[T>G]TT	1	333994.0	573106626
JG0139e	3	82211658	N:GT[C>T]AA	-1	254983.0	573361609
JG0139e	3	82568473	N:TC[T>C]TA	-1	356815.0	573718424
JG0139e	3	82671027	N:TC[T>G]CT	-1	102554.0	573820978
JG0139e	3	82949384	N:TG[T>G]TA	1	278357.0	574099335
JG0139e	3	82949620	N:AC[T>C]TG	-1	236.0	574099571
JG0139e	3	83040114	N:CC[T>G]TG	1	90494.0	574190065
JG0139e	3	83198140	N:TC[T>C]CA	1	158026.0	574348091
JG0139e	3	84314231	N:AG[T>G]TG	-1	1116091.0	575464182
JG0139e	3	87648450	N:CT[C>T]CT	-1	3334219.0	578798401
JG0139e	3	87818295	N:CC[T>C]TG	-1	169845.0	578968246
JG0139e	3	89392138	T:CC[T>C]CT	-1	1573843.0	580542089
JG0139e	3	90599910	N:TC[T>A]CA	-1	1207772.0	581749861
JG0139e	3	91180587	N:TC[T>C]CA	1	580677.0	582330538
JG0139e	3	91384790	N:GC[T>G]TT	1	204203.0	582534741
JG0139e	3	91462266	N:GC[T>G]TG	1	77476.0	582612217
JG0139e	3	91470801	N:TC[T>G]TA	1	8535.0	582620752
JG0139e	3	91562882	N:AC[T>G]TG	-1	92081.0	582712833
JG0139e	3	91968126	N:TC[T>C]TT	-1	405244.0	583118077
JG0139e	3	92643269	N:AC[T>G]TT	1	675143.0	583793220
JG0139e	3	93751423	N:AG[T>C]CA	-1	1108154.0	584901374
JG0139e	3	94066076	T:TC[T>G]TG	-1	314653.0	585216027
JG0139e	3	94102660	T:AC[T>C]TT	-1	36584.0	585252611
JG0139e	3	94107388	T:AC[T>A]TG	-1	4728.0	585257339
JG0139e	3	94328139	N:TC[T>A]CA	-1	220751.0	585478090
JG0139e	3	94336156	N:GC[T>G]TT	-1	8017.0	585486107
JG0139e	3	94694877	N:AC[T>A]AG	1	358721.0	585844828
JG0139e	3	94740228	N:AC[T>G]CT	1	45351.0	585890179
JG0139e	3	95140932	N:GC[T>A]AA	1	400704.0	586290883
JG0139e	3	95447944	N:TC[T>C]TG	-1	307012.0	586597895
JG0139e	3	95453364	N:CC[T>C]CA	1	5420.0	586603315
JG0139e	3	95738848	N:TA[T>G]TT	1	285484.0	586888799
JG0139e	3	96495222	N:AC[T>G]TA	1	756374.0	587645173
JG0139e	3	97643201	T:AC[T>G]TA	-1	1147979.0	588793152
JG0139e	3	98087524	T:CA[C>A]CA	-1	444323.0	589237475
JG0139e	3	98546772	N:AC[T>C]TC	1	459248.0	589696723
JG0139e	3	98587202	T:CC[T>G]TA	1	40430.0	589737153
JG0139e	3	98852117	T:TA[T>G]TC	1	264915.0	590002068
JG0139e	3	99548285	N:AT[T>C]CA	-1	696168.0	590698236
JG0139e	3	100317023	T:AC[T>A]GC	-1	768738.0	591466974
JG0139e	3	100480752	N:AT[C>T]AA	-1	163729.0	591630703
JG0139e	3	100802053	U:AG[T>G]TC	-1	321301.0	591952004
JG0139e	3	101276783	T:GG[T>C]TG	1	474730.0	592426734
JG0139e	3	101328201	T:AC[T>C]TT	1	51418.0	592478152
JG0139e	3	102232082	U:TC[T>C]GC	1	903881.0	593382033
JG0139e	3	102943280	N:AG[T>G]TG	-1	711198.0	594093231
JG0139e	3	103835608	N:TG[T>C]CA	-1	892328.0	594985559
JG0139e	3	103851641	N:AC[T>G]TT	1	16033.0	595001592
JG0139e	3	104030555	N:AC[T>G]CC	-1	178914.0	595180506
JG0139e	3	104387510	N:GC[T>C]CA	-1	356955.0	595537461
JG0139e	3	104928889	N:AC[T>G]AT	-1	541379.0	596078840
JG0139e	3	105034802	N:AC[T>C]TT	-1	105913.0	596184753
JG0139e	3	105493387	T:TC[T>G]TT	-1	458585.0	596643338
JG0139e	3	105620034	N:GC[T>A]CT	-1	126647.0	596769985
JG0139e	3	105914080	N:GC[T>C]TA	-1	294046.0	597064031
JG0139e	3	106923762	N:TG[T>G]CT	1	1009682.0	598073713
JG0139e	3	107759862	U:GC[T>C]TC	1	836100.0	598909813
JG0139e	3	107987186	N:CC[T>A]GT	-1	227324.0	599137137
JG0139e	3	108098235	N:CC[T>A]CC	-1	111049.0	599248186
JG0139e	3	108394477	T:GC[T>G]TT	1	296242.0	599544428
JG0139e	3	108436209	U:AG[T>A]TT	-1	41732.0	599586160
JG0139e	3	109265018	N:CC[T>C]CA	-1	828809.0	600414969
JG0139e	3	109265495	N:TC[T>G]TG	-1	477.0	600415446
JG0139e	3	109857038	N:GG[T>G]TT	1	591543.0	601006989
JG0139e	3	110245539	N:TG[T>G]CT	1	388501.0	601395490
JG0139e	3	110373385	N:GC[T>G]TC	-1	127846.0	601523336
JG0139e	3	111328932	T:AG[T>G]TA	-1	955547.0	602478883
JG0139e	3	111645835	U:CC[T>C]GG	1	316903.0	602795786
JG0139e	3	112489233	U:TC[T>C]GT	-1	843398.0	603639184
JG0139e	3	112985679	N:GC[T>G]TT	-1	496446.0	604135630
JG0139e	3	113334250	U:AT[T>G]TT	-1	348571.0	604484201
JG0139e	3	113763590	U:AC[T>C]TT	1	429340.0	604913541
JG0139e	3	113763836	U:TG[T>A]TA	1	246.0	604913787
JG0139e	3	113811459	U:TT[C>A]CA	1	47623.0	604961410
JG0139e	3	113929037	T:TC[T>C]TC	-1	117578.0	605078988
JG0139e	3	114372864	U:TC[T>G]TT	-1	443827.0	605522815
JG0139e	3	115150072	N:TC[T>G]TG	-1	777208.0	606300023
JG0139e	3	115580555	N:CC[T>C]TG	1	430483.0	606730506
JG0139e	3	115655208	U:TG[T>C]GA	1	74653.0	606805159
JG0139e	3	115760404	N:GC[T>G]TT	1	105196.0	606910355
JG0139e	3	116026776	T:CC[T>C]CC	1	266372.0	607176727
JG0139e	3	116330307	U:GC[T>C]CG	-1	303531.0	607480258
JG0139e	3	117149789	N:GG[T>C]GT	1	819482.0	608299740
JG0139e	3	118496127	N:CT[T>G]TA	-1	1346338.0	609646078
JG0139e	3	118705103	N:GC[T>G]TC	-1	208976.0	609855054
JG0139e	3	120151895	N:CC[T>C]CA	1	1446792.0	611301846
JG0139e	3	120591593	N:TT[T>G]TC	-1	439698.0	611741544
JG0139e	3	121928494	T:CC[T>G]TC	-1	1336901.0	613078445
JG0139e	3	123116955	U:CC[T>G]TC	1	1188461.0	614266906
JG0139e	3	123226097	U:TC[T>C]GA	1	109142.0	614376048
JG0139e	3	123747579	U:TC[T>G]TG	-1	521482.0	614897530
JG0139e	3	123795967	U:AC[T>A]TG	-1	48388.0	614945918
JG0139e	3	123824971	U:TC[T>G]TG	-1	29004.0	614974922
JG0139e	3	123866136	T:TG[T>G]TC	1	41165.0	615016087
JG0139e	3	124033469	N:GC[T>C]GG	-1	167333.0	615183420
JG0139e	3	124047807	N:AA[C>A]AC	1	14338.0	615197758
JG0139e	3	124616273	U:TG[T>G]TG	1	568466.0	615766224
JG0139e	3	125101699	T:GC[C>A]TC	1	485426.0	616251650
JG0139e	3	125700769	N:TC[T>C]CC	1	599070.0	616850720
JG0139e	3	125978610	U:TC[T>C]CC	1	277841.0	617128561
JG0139e	3	126408377	T:TC[T>C]TC	-1	429767.0	617558328
JG0139e	3	127194905	T:TC[C>A]TC	-1	786528.0	618344856
JG0139e	3	128878856	N:GC[T>C]GA	-1	1683951.0	620028807
JG0139e	3	129419760	T:TC[T>A]CT	1	540904.0	620569711
JG0139e	3	130296824	N:TG[T>G]TC	-1	877064.0	621446775
JG0139e	3	131779770	T:AC[T>C]TG	1	1482946.0	622929721
JG0139e	3	133518885	N:TC[T>G]TC	-1	1739115.0	624668836
JG0139e	3	133743004	N:TC[T>G]TT	1	224119.0	624892955
JG0139e	3	134511747	T:TC[T>G]TT	-1	768743.0	625661698
JG0139e	3	134611008	U:TC[C>T]TC	-1	99261.0	625760959
JG0139e	3	135030723	T:CC[T>G]GC	-1	419715.0	626180674
JG0139e	3	135397201	N:GC[T>A]CT	1	366478.0	626547152
JG0139e	3	137271176	N:TC[T>A]TT	1	1873975.0	628421127
JG0139e	3	137764522	U:GC[C>A]TG	1	493346.0	628914473
JG0139e	3	137877066	N:TC[T>G]TT	-1	112544.0	629027017
JG0139e	3	139443200	N:AC[T>C]CT	-1	1566134.0	630593151
JG0139e	3	139804933	N:GG[C>G]CC	-1	361733.0	630954884
JG0139e	3	140075804	T:AC[T>G]TG	-1	270871.0	631225755
JG0139e	3	140438088	U:TC[T>C]TT	1	362284.0	631588039
JG0139e	3	141847521	N:AC[T>G]CT	-1	1409433.0	632997472
JG0139e	3	142077814	T:GA[C>T]TT	1	230293.0	633227765
JG0139e	3	142495533	U:CC[T>C]GA	-1	417719.0	633645484
JG0139e	3	142576875	U:GC[T>C]CT	-1	81342.0	633726826
JG0139e	3	142640248	T:TC[T>C]TC	-1	63373.0	633790199
JG0139e	3	143466141	T:TC[T>C]TG	1	825893.0	634616092
JG0139e	3	143488535	U:CT[T>C]TT	-1	22394.0	634638486
JG0139e	3	143734164	T:AC[T>C]CC	1	245629.0	634884115
JG0139e	3	144650399	N:TT[T>G]TA	1	916235.0	635800350
JG0139e	3	145968559	N:GC[T>A]CA	1	1318160.0	637118510
JG0139e	3	146169510	N:AG[T>G]TA	1	200951.0	637319461
JG0139e	3	146420376	N:AC[T>G]TA	1	250866.0	637570327
JG0139e	3	146594862	U:TC[T>C]TA	-1	174486.0	637744813
JG0139e	3	147399656	B:GT[T>G]TT	-1	804794.0	638549607
JG0139e	3	147563162	N:TC[T>G]TT	1	163506.0	638713113
JG0139e	3	147687829	N:GC[T>C]TC	-1	124667.0	638837780
JG0139e	3	148350204	N:TC[T>C]CG	-1	662375.0	639500155
JG0139e	3	148803754	T:GC[T>G]TG	-1	453550.0	639953705
JG0139e	3	149277892	N:TC[T>C]CC	-1	474138.0	640427843
JG0139e	3	150186440	N:TC[T>G]TT	-1	908548.0	641336391
JG0139e	3	150436858	T:AC[T>G]TT	-1	250418.0	641586809
JG0139e	3	150465966	U:CC[T>C]CC	1	29108.0	641615917
JG0139e	3	150754140	T:CC[T>C]CA	1	288174.0	641904091
JG0139e	3	152400265	U:TC[T>C]CT	1	1646125.0	643550216
JG0139e	3	152845932	N:TC[T>C]GC	1	445667.0	643995883
JG0139e	3	153760263	N:TC[T>G]TG	-1	914331.0	644910214
JG0139e	3	154253009	T:TC[T>C]CT	-1	492746.0	645402960
JG0139e	3	154578928	N:TG[T>C]CC	-1	325919.0	645728879
JG0139e	3	155032054	U:GC[T>G]TA	1	453126.0	646182005
JG0139e	3	155155932	T:TG[T>A]TA	-1	123878.0	646305883
JG0139e	3	155461935	U:GG[T>G]TC	-1	306003.0	646611886
JG0139e	3	155575185	T:CC[T>A]CA	1	113250.0	646725136
JG0139e	3	155905807	U:TC[T>G]TT	1	330622.0	647055758
JG0139e	3	156909940	T:AG[T>C]CC	-1	1004133.0	648059891
JG0139e	3	157994045	N:GC[T>A]TG	-1	1084105.0	649143996
JG0139e	3	157996304	N:TC[T>C]CT	1	2259.0	649146255
JG0139e	3	159554355	T:CC[T>G]CA	-1	1558051.0	650704306
JG0139e	3	159710985	T:AG[T>G]TT	-1	156630.0	650860936
JG0139e	3	160042326	N:AG[T>C]GG	1	331341.0	651192277
JG0139e	3	160056049	N:GC[T>G]TC	-1	13723.0	651206000
JG0139e	3	160790920	T:GC[T>C]TA	-1	734871.0	651940871
JG0139e	3	161084652	U:AG[T>G]CA	-1	293732.0	652234603
JG0139e	3	161100518	U:TC[T>G]TA	-1	15866.0	652250469
JG0139e	3	161266177	N:TC[T>A]TT	1	165659.0	652416128
JG0139e	3	162020649	N:CC[T>A]TA	-1	754472.0	653170600
JG0139e	3	162410169	N:TC[T>C]TT	1	389520.0	653560120
JG0139e	3	162715141	N:CC[T>C]GT	1	304972.0	653865092
JG0139e	3	162748839	N:AC[T>G]TT	1	33698.0	653898790
JG0139e	3	162829830	N:AT[C>T]TA	-1	80991.0	653979781
JG0139e	3	162848459	N:AC[T>G]TA	1	18629.0	653998410
JG0139e	3	163444581	N:TG[T>C]TC	1	596122.0	654594532
JG0139e	3	164345547	N:CC[T>C]TG	1	900966.0	655495498
JG0139e	3	164436449	N:TC[T>A]TC	1	90902.0	655586400
JG0139e	3	165269020	N:AG[T>G]TT	1	832571.0	656418971
JG0139e	3	165462170	N:CC[T>G]CT	1	193150.0	656612121
JG0139e	3	166723362	N:AT[T>G]TC	1	1261192.0	657873313
JG0139e	3	166927844	N:AC[T>C]GC	1	204482.0	658077795
JG0139e	3	167694390	T:AC[T>G]CT	1	766546.0	658844341
JG0139e	3	167852599	N:TC[T>G]TT	1	158209.0	659002550
JG0139e	3	168631259	N:TG[T>A]TT	1	778660.0	659781210
JG0139e	3	169056073	N:TC[T>C]CT	-1	424814.0	660206024
JG0139e	3	169486205	U:GG[T>G]TG	-1	430132.0	660636156
JG0139e	3	170359301	T:TC[T>C]TA	-1	873096.0	661509252
JG0139e	3	170704529	U:TG[T>G]TT	1	345228.0	661854480
JG0139e	3	171333392	T:TA[C>A]TA	1	628863.0	662483343
JG0139e	3	171460933	N:GC[T>C]TC	-1	127541.0	662610884
JG0139e	3	171507757	N:TC[C>T]TC	-1	46824.0	662657708
JG0139e	3	172080371	T:AC[T>G]TG	-1	572614.0	663230322
JG0139e	3	172158521	U:AC[T>G]GC	1	78150.0	663308472
JG0139e	3	172276431	U:GG[T>A]TC	1	117910.0	663426382
JG0139e	3	172581606	N:GT[T>G]TG	1	305175.0	663731557
JG0139e	3	172615852	N:TG[T>G]TA	-1	34246.0	663765803
JG0139e	3	172684577	U:GC[T>G]TA	-1	68725.0	663834528
JG0139e	3	174348606	N:CC[T>G]TT	-1	1664029.0	665498557
JG0139e	3	174406108	N:AC[T>A]CC	1	57502.0	665556059
JG0139e	3	176693228	N:CC[T>A]CC	1	2287120.0	667843179
JG0139e	3	177573365	N:AG[T>G]TG	-1	880137.0	668723316
JG0139e	3	179597576	U:CC[T>G]CA	-1	2024211.0	670747527
JG0139e	3	179714966	T:AG[C>G]CC	-1	117390.0	670864917
JG0139e	3	180295589	N:TC[T>C]TT	-1	580623.0	671445540
JG0139e	3	181127131	N:AC[T>A]CA	1	831542.0	672277082
JG0139e	3	181140735	N:TC[T>C]TC	1	13604.0	672290686
JG0139e	3	181675340	N:AC[T>G]TG	1	534605.0	672825291
JG0139e	3	182033800	N:CC[T>G]TA	-1	358460.0	673183751
JG0139e	3	182222301	N:AT[T>G]TG	1	188501.0	673372252
JG0139e	3	183222795	U:TC[T>C]CA	-1	1000494.0	674372746
JG0139e	3	183805412	T:TC[T>C]TT	-1	582617.0	674955363
JG0139e	3	184360108	U:CC[T>C]TC	-1	554696.0	675510059
JG0139e	3	184576504	U:GC[T>C]CA	1	216396.0	675726455
JG0139e	3	184637547	N:AC[T>C]TT	-1	61043.0	675787498
JG0139e	3	184742104	N:AC[T>G]TT	1	104557.0	675892055
JG0139e	3	184805200	N:CA[C>T]AA	-1	63096.0	675955151
JG0139e	3	184846975	U:AG[T>G]TT	1	41775.0	675996926
JG0139e	3	185008195	T:GA[T>G]CA	-1	161220.0	676158146
JG0139e	3	185658007	T:AC[T>G]TT	1	649812.0	676807958
JG0139e	3	186032001	N:CC[T>C]TC	-1	373994.0	677181952
JG0139e	3	186081660	U:AA[T>G]TC	-1	49659.0	677231611
JG0139e	3	186499277	N:GC[T>G]GT	1	417617.0	677649228
JG0139e	3	186874975	N:AC[T>G]TA	1	375698.0	678024926
JG0139e	3	187208472	N:AG[T>G]TC	1	333497.0	678358423
JG0139e	3	187497165	N:GT[C>A]AA	1	288693.0	678647116
JG0139e	3	187531159	N:CC[T>G]TA	1	33994.0	678681110
JG0139e	3	187597251	N:CC[T>C]TG	1	66092.0	678747202
JG0139e	3	188531976	U:AC[T>G]TG	1	934725.0	679681927
JG0139e	3	189017115	U:TC[T>G]TG	1	485139.0	680167066
JG0139e	3	189154578	T:AA[T>G]CC	-1	137463.0	680304529
JG0139e	3	190003971	T:GC[T>A]TT	1	849393.0	681153922
JG0139e	3	191514116	N:TG[T>C]GG	-1	1510145.0	682664067
JG0139e	3	192135018	N:TC[T>G]TC	-1	620902.0	683284969
JG0139e	3	192704399	U:CC[T>C]GG	-1	569381.0	683854350
JG0139e	3	193119879	N:TC[T>C]TA	-1	415480.0	684269830
JG0139e	3	193371219	U:AA[C>T]AA	-1	251340.0	684521170
JG0139e	3	193523252	T:GC[C>T]GA	1	152033.0	684673203
JG0139e	3	194018169	N:GA[T>C]CC	-1	494917.0	685168120
JG0139e	3	194596547	T:CC[T>A]TT	1	578378.0	685746498
JG0139e	3	195082990	U:GC[T>G]TC	-1	486443.0	686232941
JG0139e	3	195434717	T:TC[T>A]TG	1	351727.0	686584668
JG0139e	3	195493668	N:TC[T>C]AC	-1	58951.0	686643619
JG0139e	3	195862189	N:CC[T>G]TA	1	368521.0	687012140
JG0139e	3	196945718	N:CC[T>G]GC	1	1083529.0	688095669
JG0139e	3	197635141	N:GC[T>A]TC	-1	689423.0	688785092
JG0139e	4	155013	T:CC[T>G]TG	-1		689600523
JG0139e	4	462967	U:GG[T>C]TG	-1	307954.0	689908477
JG0139e	4	996697	U:CC[T>C]TG	1	533730.0	690442207
JG0139e	4	1549979	N:CT[C>G]CC	1	553282.0	690995489
JG0139e	4	2127664	T:CC[T>G]CT	1	577685.0	691573174
JG0139e	4	2191644	U:CC[T>A]TC	-1	63980.0	691637154
JG0139e	4	2725730	T:CC[T>G]TA	-1	534086.0	692171240
JG0139e	4	3681017	N:TC[T>G]TC	1	955287.0	693126527
JG0139e	4	3693395	N:AC[T>C]TG	-1	12378.0	693138905
JG0139e	4	4100294	N:CC[T>G]TC	-1	406899.0	693545804
JG0139e	4	5636405	T:AA[T>G]TT	1	1536111.0	695081915
JG0139e	4	5705145	U:TT[C>A]AG	-1	68740.0	695150655
JG0139e	4	6323697	U:CC[T>C]CC	-1	618552.0	695769207
JG0139e	4	6559221	U:GC[T>C]CC	-1	235524.0	696004731
JG0139e	4	7324754	T:AC[T>C]TT	-1	765533.0	696770264
JG0139e	4	7370776	U:CT[T>G]TA	1	46022.0	696816286
JG0139e	4	7523819	U:GC[T>C]CC	1	153043.0	696969329
JG0139e	4	7588757	T:GT[C>G]AG	-1	64938.0	697034267
JG0139e	4	8024343	U:GC[T>C]GG	-1	435586.0	697469853
JG0139e	4	8585908	T:GG[T>C]CA	-1	561565.0	698031418
JG0139e	4	8879032	N:CC[T>G]TT	1	293124.0	698324542
JG0139e	4	9214736	N:CT[T>G]TC	-1	335704.0	698660246
JG0139e	4	9472893	N:TC[T>A]CC	-1	258157.0	698918403
JG0139e	4	9874354	T:AG[T>G]TC	1	401461.0	699319864
JG0139e	4	10350728	N:AC[T>G]TT	1	476374.0	699796238
JG0139e	4	10464579	N:TC[T>C]TT	1	113851.0	699910089
JG0139e	4	10472292	N:AA[T>G]TA	-1	7713.0	699917802
JG0139e	4	10567267	T:GG[T>A]CC	1	94975.0	700012777
JG0139e	4	10790037	N:TG[C>A]GT	1	222770.0	700235547
JG0139e	4	10938485	N:GT[T>G]TA	-1	148448.0	700383995
JG0139e	4	11061656	N:TC[T>A]GA	1	123171.0	700507166
JG0139e	4	11476526	N:AC[T>C]AA	-1	414870.0	700922036
JG0139e	4	12572995	N:CC[T>G]TC	1	1096469.0	702018505
JG0139e	4	13295565	N:CC[T>C]TG	-1	722570.0	702741075
JG0139e	4	13430499	T:TC[T>G]TT	1	134934.0	702876009
JG0139e	4	13749860	N:CC[T>C]TG	1	319361.0	703195370
JG0139e	4	13866372	N:AC[T>G]CT	-1	116512.0	703311882
JG0139e	4	13908843	N:TC[T>C]CT	1	42471.0	703354353
JG0139e	4	14477465	N:AC[T>G]TC	-1	568622.0	703922975
JG0139e	4	14492746	N:GG[T>G]TG	-1	15281.0	703938256
JG0139e	4	15245581	N:TC[T>G]GG	-1	752835.0	704691091
JG0139e	4	15265808	N:AG[T>G]TC	-1	20227.0	704711318
JG0139e	4	15511318	T:CC[T>C]TC	-1	245510.0	704956828
JG0139e	4	16048569	T:GG[T>A]CT	1	537251.0	705494079
JG0139e	4	16054201	T:AC[T>C]AA	1	5632.0	705499711
JG0139e	4	16209153	T:CT[T>C]CC	1	154952.0	705654663
JG0139e	4	16895877	U:CC[T>G]TG	-1	686724.0	706341387
JG0139e	4	18053218	N:CC[T>G]TG	1	1157341.0	707498728
JG0139e	4	19017463	N:TT[C>G]AC	1	964245.0	708462973
JG0139e	4	19123141	N:AT[T>C]TG	-1	105678.0	708568651
JG0139e	4	20145596	N:GG[T>G]TA	-1	1022455.0	709591106
JG0139e	4	20718552	U:AT[T>C]TT	1	572956.0	710164062
JG0139e	4	21618652	U:TC[T>G]CA	-1	900100.0	711064162
JG0139e	4	21773844	U:TC[T>G]TA	-1	155192.0	711219354
JG0139e	4	21911070	U:AG[T>C]TG	-1	137226.0	711356580
JG0139e	4	21972416	N:GG[T>C]CT	-1	61346.0	711417926
JG0139e	4	21982909	N:GT[C>A]CG	1	10493.0	711428419
JG0139e	4	22101315	N:GC[T>G]TT	-1	118406.0	711546825
JG0139e	4	22460107	U:TC[T>C]CC	-1	358792.0	711905617
JG0139e	4	22858833	N:TC[T>C]GA	-1	398726.0	712304343
JG0139e	4	23315638	N:AC[T>G]TA	-1	456805.0	712761148
JG0139e	4	23728834	N:TC[T>G]TG	-1	413196.0	713174344
JG0139e	4	23896415	N:AT[T>G]TG	-1	167581.0	713341925
JG0139e	4	24112616	N:TG[T>G]TG	-1	216201.0	713558126
JG0139e	4	24614031	N:CC[T>G]TC	-1	501415.0	714059541
JG0139e	4	24772125	N:CC[T>C]CT	-1	158094.0	714217635
JG0139e	4	24923255	T:CC[T>G]TG	1	151130.0	714368765
JG0139e	4	26287905	T:GC[T>C]CA	-1	1364650.0	715733415
JG0139e	4	26513975	N:TT[T>G]TA	-1	226070.0	715959485
JG0139e	4	27937191	N:AT[T>G]TG	1	1423216.0	717382701
JG0139e	4	27993166	N:TC[T>C]TT	1	55975.0	717438676
JG0139e	4	28279100	N:GA[T>G]TG	1	285934.0	717724610
JG0139e	4	28529093	N:TC[T>C]TT	1	249993.0	717974603
JG0139e	4	28772564	N:TC[T>G]CA	-1	243471.0	718218074
JG0139e	4	29426600	N:GG[T>G]TA	-1	654036.0	718872110
JG0139e	4	29600293	N:AC[T>C]GT	-1	173693.0	719045803
JG0139e	4	29912773	N:GC[T>C]TA	1	312480.0	719358283
JG0139e	4	30039268	N:GA[T>G]TA	-1	126495.0	719484778
JG0139e	4	30443392	N:AC[T>C]CT	-1	404124.0	719888902
JG0139e	4	30547304	N:TT[T>G]TA	1	103912.0	719992814
JG0139e	4	31011676	T:AC[T>G]TT	-1	464372.0	720457186
JG0139e	4	31076099	U:CC[T>G]TG	1	64423.0	720521609
JG0139e	4	31265072	N:AA[T>G]TT	1	188973.0	720710582
JG0139e	4	31381997	N:TC[T>C]GT	1	116925.0	720827507
JG0139e	4	32474068	N:GC[T>A]CT	-1	1092071.0	721919578
JG0139e	4	33312891	N:GC[T>C]TT	1	838823.0	722758401
JG0139e	4	33724588	N:TC[T>C]CT	-1	411697.0	723170098
JG0139e	4	33962722	N:GG[T>G]TG	1	238134.0	723408232
JG0139e	4	33967603	N:CT[T>C]TT	-1	4881.0	723413113
JG0139e	4	34570871	N:GC[T>C]CT	-1	603268.0	724016381
JG0139e	4	35518345	N:TC[T>C]TC	1	947474.0	724963855
JG0139e	4	35754008	N:TC[T>G]CA	-1	235663.0	725199518
JG0139e	4	37196544	N:TC[T>G]TC	-1	1442536.0	726642054
JG0139e	4	37844772	T:GC[T>C]GT	-1	648228.0	727290282
JG0139e	4	38205430	N:TC[T>A]CC	1	360658.0	727650940
JG0139e	4	38419790	N:TT[T>A]CT	-1	214360.0	727865300
JG0139e	4	38912123	T:AC[T>A]TT	-1	492333.0	728357633
JG0139e	4	39155569	N:CA[T>C]TC	-1	243446.0	728601079
JG0139e	4	39445626	U:CC[T>G]CC	1	290057.0	728891136
JG0139e	4	39773636	T:CC[T>C]TC	-1	328010.0	729219146
JG0139e	4	40350647	U:GC[T>G]TC	1	577011.0	729796157
JG0139e	4	40493339	T:TC[T>C]TC	1	142692.0	729938849
JG0139e	4	42259713	N:GC[T>G]GG	1	1766374.0	731705223
JG0139e	4	42811060	N:CC[T>G]CT	-1	551347.0	732256570
JG0139e	4	43113804	N:TG[C>A]CC	-1	302744.0	732559314
JG0139e	4	43183397	N:AC[T>C]CT	-1	69593.0	732628907
JG0139e	4	43406894	N:CC[T>C]AC	1	223497.0	732852404
JG0139e	4	43629510	N:AC[T>G]TA	1	222616.0	733075020
JG0139e	4	43745650	N:GC[T>G]GC	1	116140.0	733191160
JG0139e	4	44336599	U:GC[T>G]TT	-1	590949.0	733782109
JG0139e	4	44387423	U:GC[T>A]TA	-1	50824.0	733832933
JG0139e	4	44565959	N:AA[T>G]TA	1	178536.0	734011469
JG0139e	4	45317003	N:AC[T>C]TT	1	751044.0	734762513
JG0139e	4	45996537	N:AC[T>A]CA	-1	679534.0	735442047
JG0139e	4	46286954	U:TC[T>C]TT	-1	290417.0	735732464
JG0139e	4	46503760	N:TG[T>G]TT	-1	216806.0	735949270
JG0139e	4	47442083	N:TC[T>A]CA	1	938323.0	736887593
JG0139e	4	49924964	N:GC[T>G]TC	-1	2482881.0	739370474
JG0139e	4	50260741	N:CC[T>C]TT	-1	335777.0	739706251
JG0139e	4	50374171	N:TC[T>C]AG	-1	113430.0	739819681
JG0139e	4	50634043	N:CC[T>G]TT	1	259872.0	740079553
JG0139e	4	50736289	N:AC[T>C]TG	-1	102246.0	740181799
JG0139e	4	50999763	N:TC[T>A]TT	1	263474.0	740445273
JG0139e	4	51073091	N:GC[T>C]TT	1	73328.0	740518601
JG0139e	4	51687097	N:TC[T>G]TA	-1	614006.0	741132607
JG0139e	4	52341434	N:AC[T>G]TT	-1	654337.0	741786944
JG0139e	4	53039971	T:CC[T>G]TC	1	698537.0	742485481
JG0139e	4	53411840	U:GC[T>G]TA	1	371869.0	742857350
JG0139e	4	53492795	B:CC[T>G]TG	-1	80955.0	742938305
JG0139e	4	53666006	U:AG[T>G]TT	1	173211.0	743111516
JG0139e	4	53808238	U:TC[T>A]TA	1	142232.0	743253748
JG0139e	4	54123412	U:CC[T>G]TT	1	315174.0	743568922
JG0139e	4	54794694	N:AT[T>A]AA	-1	671282.0	744240204
JG0139e	4	55495327	T:AC[T>G]TG	1	700633.0	744940837
JG0139e	4	56418480	T:CC[T>C]GG	1	923153.0	745863990
JG0139e	4	56527489	N:GC[T>C]CT	1	109009.0	745972999
JG0139e	4	56619047	N:GC[T>G]TG	-1	91558.0	746064557
JG0139e	4	56866520	N:TC[T>G]CT	1	247473.0	746312030
JG0139e	4	57049360	T:TC[T>A]CA	1	182840.0	746494870
JG0139e	4	57547192	N:TC[T>C]TG	1	497832.0	746992702
JG0139e	4	57863445	N:CT[T>G]TT	1	316253.0	747308955
JG0139e	4	58279004	N:TC[T>C]AC	-1	415559.0	747724514
JG0139e	4	59274529	N:TC[T>A]CA	1	995525.0	748720039
JG0139e	4	59496725	N:AC[T>C]TT	-1	222196.0	748942235
JG0139e	4	59620111	N:GC[T>G]TT	-1	123386.0	749065621
JG0139e	4	59690210	N:TG[T>G]TT	1	70099.0	749135720
JG0139e	4	60361987	N:GG[T>G]CT	1	671777.0	749807497
JG0139e	4	60814293	N:TG[T>G]TT	-1	452306.0	750259803
JG0139e	4	61028246	N:AG[T>G]TC	-1	213953.0	750473756
JG0139e	4	61112123	N:CC[T>G]TA	1	83877.0	750557633
JG0139e	4	61469982	U:GC[T>A]TT	1	357859.0	750915492
JG0139e	4	62142501	N:CC[T>G]TT	1	672519.0	751588011
JG0139e	4	62659160	N:CC[T>G]TC	1	516659.0	752104670
JG0139e	4	63004354	N:TC[T>G]TG	-1	345194.0	752449864
JG0139e	4	63681014	N:AC[T>G]CT	1	676660.0	753126524
JG0139e	4	64324968	T:GC[T>G]TT	1	643954.0	753770478
JG0139e	4	65596243	T:TC[T>G]CA	1	1271275.0	755041753
JG0139e	4	66147456	N:GC[T>C]TC	1	551213.0	755592966
JG0139e	4	66305380	N:CT[T>A]GC	-1	157924.0	755750890
JG0139e	4	66391297	N:TC[T>C]CC	1	85917.0	755836807
JG0139e	4	66928425	N:CC[T>C]AC	-1	537128.0	756373935
JG0139e	4	67100938	N:TC[T>C]TG	1	172513.0	756546448
JG0139e	4	67268104	N:TC[T>C]TC	1	167166.0	756713614
JG0139e	4	67542136	T:TC[T>G]CT	1	274032.0	756987646
JG0139e	4	67579648	T:TC[T>G]TT	-1	37512.0	757025158
JG0139e	4	68949404	U:TG[T>G]TG	-1	1369756.0	758394914
JG0139e	4	69111492	T:CG[T>C]GA	-1	162088.0	758557002
JG0139e	4	69162280	N:TC[T>G]TC	1	50788.0	758607790
JG0139e	4	69309683	N:GC[T>G]TC	-1	147403.0	758755193
JG0139e	4	70212060	N:TC[T>G]TG	1	902377.0	759657570
JG0139e	4	70479871	U:AC[T>G]CA	1	267811.0	759925381
JG0139e	4	70616449	N:AA[T>A]TA	-1	136578.0	760061959
JG0139e	4	70650637	N:TC[T>G]TT	1	34188.0	760096147
JG0139e	4	70693950	N:AC[T>G]TG	1	43313.0	760139460
JG0139e	4	71812366	N:GC[T>C]CT	-1	1118416.0	761257876
JG0139e	4	72260815	N:CC[T>G]TT	1	448449.0	761706325
JG0139e	4	72323823	U:AA[C>A]AT	-1	63008.0	761769333
JG0139e	4	73030883	N:TC[T>G]TA	1	707060.0	762476393
JG0139e	4	73228840	T:GT[T>C]TA	1	197957.0	762674350
JG0139e	4	74187093	T:TG[T>A]TC	-1	958253.0	763632603
JG0139e	4	74307736	N:TC[T>C]CC	-1	120643.0	763753246
JG0139e	4	74366981	U:AT[T>G]TT	1	59245.0	763812491
JG0139e	4	74691342	N:CC[T>C]CT	1	324361.0	764136852
JG0139e	4	75654918	T:TC[T>G]CA	1	963576.0	765100428
JG0139e	4	76349121	U:AC[T>G]TC	-1	694203.0	765794631
JG0139e	4	76541732	U:AC[T>C]AG	1	192611.0	765987242
JG0139e	4	76560266	T:CC[T>C]CA	-1	18534.0	766005776
JG0139e	4	76765261	T:GG[T>G]TA	-1	204995.0	766210771
JG0139e	4	77324636	N:AG[T>G]TG	1	559375.0	766770146
JG0139e	4	77629487	N:AC[T>C]TT	-1	304851.0	767074997
JG0139e	4	78133157	U:AC[T>C]TA	1	503670.0	767578667
JG0139e	4	78260699	U:CC[T>G]TC	1	127542.0	767706209
JG0139e	4	78434750	T:GC[T>C]TT	-1	174051.0	767880260
JG0139e	4	78501232	U:CC[T>C]TG	1	66482.0	767946742
JG0139e	4	78723906	N:CC[T>G]CC	1	222674.0	768169416
JG0139e	4	79529539	N:TC[T>G]TG	-1	805633.0	768975049
JG0139e	4	79785787	N:AC[T>G]TT	1	256248.0	769231297
JG0139e	4	79985346	T:TG[T>C]CT	1	199559.0	769430856
JG0139e	4	80180043	N:CT[T>G]TG	-1	194697.0	769625553
JG0139e	4	80254262	N:CC[T>C]AT	-1	74219.0	769699772
JG0139e	4	81117976	T:CC[T>G]CT	1	863714.0	770563486
JG0139e	4	81403327	N:TC[T>C]AC	-1	285351.0	770848837
JG0139e	4	81458082	T:AC[T>G]CA	1	54755.0	770903592
JG0139e	4	81705698	U:AG[T>G]TC	-1	247616.0	771151208
JG0139e	4	81893152	U:TC[T>G]TA	-1	187454.0	771338662
JG0139e	4	82766210	T:AC[T>A]CC	1	873058.0	772211720
JG0139e	4	83118787	U:AA[T>G]TT	-1	352577.0	772564297
JG0139e	4	83890176	N:AT[T>G]CA	-1	771389.0	773335686
JG0139e	4	84013158	N:GC[T>C]TT	-1	122982.0	773458668
JG0139e	4	84257993	N:TC[T>C]TC	-1	244835.0	773703503
JG0139e	4	84395618	N:AC[T>C]TT	-1	137625.0	773841128
JG0139e	4	84434030	N:CC[T>C]CC	-1	38412.0	773879540
JG0139e	4	84717181	T:CC[T>C]GA	1	283151.0	774162691
JG0139e	4	85005715	N:GA[T>A]TG	-1	288534.0	774451225
JG0139e	4	85025691	N:AC[T>C]TT	1	19976.0	774471201
JG0139e	4	85665102	U:TG[T>G]TG	1	639411.0	775110612
JG0139e	4	85899815	T:CC[T>C]CT	-1	234713.0	775345325
JG0139e	4	85933017	T:AG[T>A]TC	-1	33202.0	775378527
JG0139e	4	86174610	U:AA[T>G]TT	-1	241593.0	775620120
JG0139e	4	86529985	T:TC[T>A]CA	1	355375.0	775975495
JG0139e	4	87003337	U:CT[C>G]AC	1	473352.0	776448847
JG0139e	4	87105578	T:AA[C>A]AA	-1	102241.0	776551088
JG0139e	4	87291338	N:TC[T>G]CT	-1	185760.0	776736848
JG0139e	4	87859795	N:TC[T>C]TC	-1	568457.0	777305305
JG0139e	4	88348442	N:TC[T>C]TC	1	488647.0	777793952
JG0139e	4	89378843	N:CC[T>G]CT	1	1030401.0	778824353
JG0139e	4	90307960	U:TC[T>G]TA	1	929117.0	779753470
JG0139e	4	90364242	U:TT[T>C]CA	1	56282.0	779809752
JG0139e	4	91148270	U:AC[T>C]CT	1	784028.0	780593780
JG0139e	4	91189592	U:CC[T>A]TG	1	41322.0	780635102
JG0139e	4	91535853	T:GC[T>C]TC	-1	346261.0	780981363
JG0139e	4	91670324	N:GC[T>C]TC	1	134471.0	781115834
JG0139e	4	92310119	U:GA[T>G]TC	1	639795.0	781755629
JG0139e	4	92659830	U:CC[T>G]TT	1	349711.0	782105340
JG0139e	4	92690840	U:CC[T>G]TA	1	31010.0	782136350
JG0139e	4	92970222	T:AC[T>C]CA	-1	279382.0	782415732
JG0139e	4	93084989	U:TC[T>G]TG	1	114767.0	782530499
JG0139e	4	94147932	N:TC[T>A]GT	1	1062943.0	783593442
JG0139e	4	94684049	N:TC[T>C]TT	-1	536117.0	784129559
JG0139e	4	95681265	N:CC[T>C]CT	1	997216.0	785126775
JG0139e	4	95820400	N:AC[T>C]CA	1	139135.0	785265910
JG0139e	4	96059460	N:TC[T>G]TG	-1	239060.0	785504970
JG0139e	4	96554672	N:TC[T>C]TC	-1	495212.0	786000182
JG0139e	4	96616844	N:AC[T>G]CC	-1	62172.0	786062354
JG0139e	4	97312695	U:TA[T>G]TT	-1	695851.0	786758205
JG0139e	4	97753379	U:GC[T>G]TG	-1	440684.0	787198889
JG0139e	4	97938651	U:GC[T>C]CT	-1	185272.0	787384161
JG0139e	4	98149879	N:AA[T>G]TT	-1	211228.0	787595389
JG0139e	4	98290683	T:TG[T>G]TA	-1	140804.0	787736193
JG0139e	4	98910136	T:GC[T>C]AA	1	619453.0	788355646
JG0139e	4	99106504	N:CA[C>A]TG	1	196368.0	788552014
JG0139e	4	99180863	N:GC[T>G]CA	1	74359.0	788626373
JG0139e	4	99267239	N:TC[T>G]TG	1	86376.0	788712749
JG0139e	4	99393158	N:GC[T>G]TA	-1	125919.0	788838668
JG0139e	4	99678779	N:TC[T>G]TT	1	285621.0	789124289
JG0139e	4	99810407	N:AC[T>C]TC	-1	131628.0	789255917
JG0139e	4	100449206	T:AC[T>G]TT	1	638799.0	789894716
JG0139e	4	100912161	N:TC[T>G]CA	1	462955.0	790357671
JG0139e	4	101215350	T:TC[T>A]CT	1	303189.0	790660860
JG0139e	4	101311243	U:TC[T>C]CT	-1	95893.0	790756753
JG0139e	4	101323223	T:AC[T>C]GA	1	11980.0	790768733
JG0139e	4	102513400	T:AC[T>C]CA	-1	1190177.0	791958910
JG0139e	4	102797897	T:AG[T>A]TT	1	284497.0	792243407
JG0139e	4	103243537	N:CC[T>C]CC	-1	445640.0	792689047
JG0139e	4	103616170	U:AC[T>C]TG	-1	372633.0	793061680
JG0139e	4	104423608	N:GC[T>G]TT	1	807438.0	793869118
JG0139e	4	104529752	N:GC[T>A]TA	1	106144.0	793975262
JG0139e	4	104549987	N:AG[C>A]AG	-1	20235.0	793995497
JG0139e	4	104657066	N:TG[T>G]TT	1	107079.0	794102576
JG0139e	4	104955752	N:AC[T>G]TA	-1	298686.0	794401262
JG0139e	4	105335707	N:AC[T>G]TC	-1	379955.0	794781217
JG0139e	4	106311702	T:GC[T>C]TG	1	975995.0	795757212
JG0139e	4	106423055	N:GC[T>G]TT	-1	111353.0	795868565
JG0139e	4	107243608	U:AC[T>C]TT	-1	820553.0	796689118
JG0139e	4	107255864	T:AC[T>G]TA	1	12256.0	796701374
JG0139e	4	107768151	N:TC[T>G]TT	1	512287.0	797213661
JG0139e	4	108703291	N:GC[T>C]GG	-1	935140.0	798148801
JG0139e	4	109035460	U:TC[T>C]TA	-1	332169.0	798480970
JG0139e	4	109707355	N:AC[T>G]TG	1	671895.0	799152865
JG0139e	4	109734296	U:CC[T>G]TC	-1	26941.0	799179806
JG0139e	4	110529246	T:GC[T>C]TC	-1	794950.0	799974756
JG0139e	4	112175422	U:TC[T>G]TG	1	1646176.0	801620932
JG0139e	4	112285611	T:CC[T>C]CA	1	110189.0	801731121
JG0139e	4	112804345	N:AC[T>C]TT	1	518734.0	802249855
JG0139e	4	113561861	U:CT[T>A]AA	-1	757516.0	803007371
JG0139e	4	114558728	N:AC[T>G]TG	1	996867.0	804004238
JG0139e	4	115206530	N:TC[T>G]TT	1	647802.0	804652040
JG0139e	4	115934470	N:TG[T>A]TG	-1	727940.0	805379980
JG0139e	4	116182442	N:TC[T>C]CC	-1	247972.0	805627952
JG0139e	4	117337137	N:CA[T>G]CA	-1	1154695.0	806782647
JG0139e	4	117371778	N:GG[T>G]TT	1	34641.0	806817288
JG0139e	4	117576449	N:AA[C>A]TC	-1	204671.0	807021959
JG0139e	4	117665433	N:GC[T>A]CA	-1	88984.0	807110943
JG0139e	4	117754229	N:AC[T>A]CA	-1	88796.0	807199739
JG0139e	4	117754461	N:TC[T>C]CC	1	232.0	807199971
JG0139e	4	118238074	T:GC[T>C]CA	-1	483613.0	807683584
JG0139e	4	118427623	N:TC[T>G]CA	-1	189549.0	807873133
JG0139e	4	118429324	N:GC[T>G]TA	-1	1701.0	807874834
JG0139e	4	118971674	T:AC[T>C]TG	-1	542350.0	808417184
JG0139e	4	119232414	U:TC[T>G]TA	1	260740.0	808677924
JG0139e	4	120579610	N:GC[T>G]CT	1	1347196.0	810025120
JG0139e	4	120902967	T:AC[T>A]CC	1	323357.0	810348477
JG0139e	4	121563208	N:TC[T>C]CT	-1	660241.0	811008718
JG0139e	4	121897269	U:TG[T>G]TA	-1	334061.0	811342779
JG0139e	4	122494149	N:AG[T>G]TT	-1	596880.0	811939659
JG0139e	4	123394196	N:GC[T>G]TA	-1	900047.0	812839706
JG0139e	4	123488435	N:CC[T>C]CG	1	94239.0	812933945
JG0139e	4	123800181	N:TC[T>G]TT	1	311746.0	813245691
JG0139e	4	123972255	N:CC[T>C]TT	-1	172074.0	813417765
JG0139e	4	124019360	N:TG[T>A]CT	1	47105.0	813464870
JG0139e	4	124966399	N:AC[T>A]CA	1	947039.0	814411909
JG0139e	4	125006448	N:AC[T>G]TG	-1	40049.0	814451958
JG0139e	4	125069810	N:AC[T>C]CT	1	63362.0	814515320
JG0139e	4	125211484	N:TC[T>G]TC	1	141674.0	814656994
JG0139e	4	125244947	N:TG[T>C]AT	-1	33463.0	814690457
JG0139e	4	125808317	N:GC[T>C]TT	1	563370.0	815253827
JG0139e	4	126517506	N:CC[T>C]TT	-1	709189.0	815963016
JG0139e	4	127073684	N:TC[T>C]CC	-1	556178.0	816519194
JG0139e	4	127102118	N:AC[T>G]TC	1	28434.0	816547628
JG0139e	4	127302931	N:AC[T>G]AA	-1	200813.0	816748441
JG0139e	4	127455531	N:AC[T>C]TA	-1	152600.0	816901041
JG0139e	4	128516987	N:AC[T>C]TA	1	1061456.0	817962497
JG0139e	4	128665212	N:TC[T>A]TT	-1	148225.0	818110722
JG0139e	4	128715511	N:CC[T>G]TT	1	50299.0	818161021
JG0139e	4	128906165	T:GC[T>C]CT	1	190654.0	818351675
JG0139e	4	128964226	U:AG[T>G]CG	-1	58061.0	818409736
JG0139e	4	129205477	N:CA[T>G]TT	-1	241251.0	818650987
JG0139e	4	129543303	N:AC[T>G]TG	1	337826.0	818988813
JG0139e	4	129548614	N:AC[T>G]CT	-1	5311.0	818994124
JG0139e	4	129684388	N:TC[T>C]CC	-1	135774.0	819129898
JG0139e	4	129949120	N:CC[T>G]TA	-1	264732.0	819394630
JG0139e	4	130375099	N:AG[T>G]TA	1	425979.0	819820609
JG0139e	4	130652384	N:GC[T>G]TT	-1	277285.0	820097894
JG0139e	4	131180145	N:CC[T>C]CT	-1	527761.0	820625655
JG0139e	4	131330070	N:TG[T>C]TA	1	149925.0	820775580
JG0139e	4	131371143	N:CC[T>A]TA	-1	41073.0	820816653
JG0139e	4	131372722	N:TC[T>C]AG	-1	1579.0	820818232
JG0139e	4	132012821	N:TT[T>G]TC	1	640099.0	821458331
JG0139e	4	132685077	N:CC[T>C]CC	1	672256.0	822130587
JG0139e	4	132743345	N:AC[T>G]TC	-1	58268.0	822188855
JG0139e	4	132752298	N:GC[T>C]TT	1	8953.0	822197808
JG0139e	4	133590023	N:CC[T>C]GA	-1	837725.0	823035533
JG0139e	4	133710631	N:TC[T>C]TT	1	120608.0	823156141
JG0139e	4	133733656	N:AA[T>G]TT	1	23025.0	823179166
JG0139e	4	133891458	N:TG[T>G]TC	-1	157802.0	823336968
JG0139e	4	133943756	N:CC[T>G]TG	1	52298.0	823389266
JG0139e	4	134048092	N:CC[T>G]TT	-1	104336.0	823493602
JG0139e	4	134596752	N:TC[T>G]TG	-1	548660.0	824042262
JG0139e	4	134606090	N:AG[T>G]TT	-1	9338.0	824051600
JG0139e	4	134697741	N:GT[T>G]TT	-1	91651.0	824143251
JG0139e	4	134705911	N:TC[T>C]TT	1	8170.0	824151421
JG0139e	4	134738423	N:AT[T>G]TA	-1	32512.0	824183933
JG0139e	4	135438341	N:CC[T>G]TC	-1	699918.0	824883851
JG0139e	4	135508820	N:AT[T>G]CC	-1	70479.0	824954330
JG0139e	4	135741580	N:CC[T>G]CA	1	232760.0	825187090
JG0139e	4	135887098	N:TG[T>C]TT	1	145518.0	825332608
JG0139e	4	135939573	N:GG[T>C]AA	1	52475.0	825385083
JG0139e	4	136516080	N:AC[T>G]CC	1	576507.0	825961590
JG0139e	4	138266429	N:TC[T>C]CC	1	1750349.0	827711939
JG0139e	4	138293285	N:AG[T>C]CC	1	26856.0	827738795
JG0139e	4	138373546	N:TC[T>A]CA	-1	80261.0	827819056
JG0139e	4	138838749	N:TC[T>C]TG	1	465203.0	828284259
JG0139e	4	138854225	N:TC[T>G]CC	1	15476.0	828299735
JG0139e	4	139617029	N:CC[T>G]TA	1	762804.0	829062539
JG0139e	4	139746709	T:CC[T>G]TT	1	129680.0	829192219
JG0139e	4	139937304	U:TG[T>G]TT	-1	190595.0	829382814
JG0139e	4	140232804	N:CC[T>G]TA	-1	295500.0	829678314
JG0139e	4	140535543	U:TC[T>G]TT	1	302739.0	829981053
JG0139e	4	140917995	U:TC[T>A]CG	-1	382452.0	830363505
JG0139e	4	141467685	N:AG[T>G]TA	-1	549690.0	830913195
JG0139e	4	142133194	T:CC[T>G]TT	1	665509.0	831578704
JG0139e	4	142643770	T:AT[T>G]TT	1	510576.0	832089280
JG0139e	4	143872819	U:AC[T>G]TA	-1	1229049.0	833318329
JG0139e	4	143961028	N:TG[C>G]CT	-1	88209.0	833406538
JG0139e	4	144068201	N:TC[T>G]CT	1	107173.0	833513711
JG0139e	4	144475534	N:GC[T>A]TA	-1	407333.0	833921044
JG0139e	4	145627063	T:AA[T>G]TG	-1	1151529.0	835072573
JG0139e	4	145896919	U:TC[T>G]TA	-1	269856.0	835342429
JG0139e	4	146131664	N:TC[T>C]GC	1	234745.0	835577174
JG0139e	4	146183825	T:TC[T>G]CA	-1	52161.0	835629335
JG0139e	4	147108557	N:AC[T>G]TT	1	924732.0	836554067
JG0139e	4	147333624	N:AC[T>C]TT	1	225067.0	836779134
JG0139e	4	147838606	U:GC[T>C]CC	1	504982.0	837284116
JG0139e	4	148449583	N:AC[T>C]CC	1	610977.0	837895093
JG0139e	4	149395671	U:TA[C>A]TT	-1	946088.0	838841181
JG0139e	4	149439640	T:AA[T>G]TT	1	43969.0	838885150
JG0139e	4	149494186	U:AG[C>T]CG	-1	54546.0	838939696
JG0139e	4	149857184	N:TC[T>C]TT	1	362998.0	839302694
JG0139e	4	150611506	T:TC[T>C]CT	1	754322.0	840057016
JG0139e	4	150743337	T:CC[T>C]CA	1	131831.0	840188847
JG0139e	4	151383089	N:AG[T>G]TC	-1	639752.0	840828599
JG0139e	4	151451400	U:AC[T>C]CA	1	68311.0	840896910
JG0139e	4	151629563	T:GC[T>C]TT	-1	178163.0	841075073
JG0139e	4	151782079	N:TC[T>G]TG	-1	152516.0	841227589
JG0139e	4	151834988	N:CC[T>A]TC	1	52909.0	841280498
JG0139e	4	151847035	N:AC[T>C]CA	1	12047.0	841292545
JG0139e	4	152193671	N:TT[C>A]AG	1	346636.0	841639181
JG0139e	4	152918639	N:TC[T>G]TC	1	724968.0	842364149
JG0139e	4	153848183	N:AC[T>C]CA	-1	929544.0	843293693
JG0139e	4	154120781	N:TC[T>G]CT	1	272598.0	843566291
JG0139e	4	154577894	N:AC[T>G]TA	1	457113.0	844023404
JG0139e	4	154827574	T:CG[T>C]CT	-1	249680.0	844273084
JG0139e	4	154854359	N:TC[T>G]CC	-1	26785.0	844299869
JG0139e	4	154964020	N:TC[T>C]TT	1	109661.0	844409530
JG0139e	4	155712645	T:TC[T>A]CT	-1	748625.0	845158155
JG0139e	4	155821595	N:TC[T>G]TG	-1	108950.0	845267105
JG0139e	4	156100217	N:TC[T>G]TT	-1	278622.0	845545727
JG0139e	4	156219688	N:AC[T>G]CC	-1	119471.0	845665198
JG0139e	4	156304103	N:TC[T>G]TT	1	84415.0	845749613
JG0139e	4	156670025	N:GC[T>C]CA	1	365922.0	846115535
JG0139e	4	156993203	N:AC[T>C]TT	1	323178.0	846438713
JG0139e	4	157249085	U:CC[T>A]CA	1	255882.0	846694595
JG0139e	4	157844221	N:TC[T>G]TA	-1	595136.0	847289731
JG0139e	4	157908743	N:CC[T>C]CA	-1	64522.0	847354253
JG0139e	4	158193950	N:GC[T>C]GG	1	285207.0	847639460
JG0139e	4	159364384	N:TC[T>C]CC	-1	1170434.0	848809894
JG0139e	4	159586710	N:GC[T>C]CC	1	222326.0	849032220
JG0139e	4	159810758	N:AC[T>G]CA	-1	224048.0	849256268
JG0139e	4	160250466	N:TC[T>C]TT	-1	439708.0	849695976
JG0139e	4	161384709	T:AC[T>G]TA	1	1134243.0	850830219
JG0139e	4	162808596	N:AC[T>G]TT	-1	1423887.0	852254106
JG0139e	4	163411507	N:TC[T>G]TA	1	602911.0	852857017
JG0139e	4	163575441	T:TG[T>G]TG	1	163934.0	853020951
JG0139e	4	163968546	U:TC[T>G]TT	-1	393105.0	853414056
JG0139e	4	165613784	N:AC[T>G]TT	-1	1645238.0	855059294
JG0139e	4	165867238	N:TG[T>G]TT	1	253454.0	855312748
JG0139e	4	166190122	N:CA[T>C]CT	-1	322884.0	855635632
JG0139e	4	168065753	N:CA[T>G]TA	-1	1875631.0	857511263
JG0139e	4	168131718	T:AG[T>G]TC	-1	65965.0	857577228
JG0139e	4	168586256	U:GA[T>G]TC	1	454538.0	858031766
JG0139e	4	168975980	N:GC[T>G]TG	-1	389724.0	858421490
JG0139e	4	170330302	N:CC[T>G]TA	1	1354322.0	859775812
JG0139e	4	170436591	N:TC[T>G]TG	-1	106289.0	859882101
JG0139e	4	171034369	N:GA[T>A]AC	1	597778.0	860479879
JG0139e	4	171159746	N:CC[T>C]CT	-1	125377.0	860605256
JG0139e	4	171518203	N:TC[T>C]TA	1	358457.0	860963713
JG0139e	4	171974993	U:TC[T>C]AT	1	456790.0	861420503
JG0139e	4	172041164	U:CA[T>G]TT	1	66171.0	861486674
JG0139e	4	172337439	T:TC[T>G]TA	-1	296275.0	861782949
JG0139e	4	173086080	N:TG[T>A]TG	1	748641.0	862531590
JG0139e	4	173333703	U:CC[T>C]CC	-1	247623.0	862779213
JG0139e	4	173518156	N:TG[T>G]TC	-1	184453.0	862963666
JG0139e	4	174462162	N:CC[T>C]TA	-1	944006.0	863907672
JG0139e	4	174671836	U:TC[T>G]CT	-1	209674.0	864117346
JG0139e	4	175157435	N:TC[T>C]TT	-1	485599.0	864602945
JG0139e	4	175515927	N:TC[T>C]TT	1	358492.0	864961437
JG0139e	4	175608806	N:GC[T>C]CT	1	92879.0	865054316
JG0139e	4	175743566	T:TG[C>A]AC	1	134760.0	865189076
JG0139e	4	175775815	U:GC[T>C]CT	-1	32249.0	865221325
JG0139e	4	177174742	N:TG[T>G]TG	-1	1398927.0	866620252
JG0139e	4	177623572	N:AT[C>A]TT	1	448830.0	867069082
JG0139e	4	178095911	N:CC[T>G]TG	-1	472339.0	867541421
JG0139e	4	178108922	N:TG[T>C]TT	-1	13011.0	867554432
JG0139e	4	179353101	N:GG[T>G]TT	-1	1244179.0	868798611
JG0139e	4	179470906	N:GC[T>G]TT	1	117805.0	868916416
JG0139e	4	180010909	N:TC[T>C]TC	1	540003.0	869456419
JG0139e	4	180923351	N:TG[T>G]TA	-1	912442.0	870368861
JG0139e	4	181440017	N:GC[T>G]GG	1	516666.0	870885527
JG0139e	4	181837863	N:GC[T>C]TG	-1	397846.0	871283373
JG0139e	4	183251347	U:GC[T>C]TT	1	1413484.0	872696857
JG0139e	4	183255299	T:CC[T>C]TG	-1	3952.0	872700809
JG0139e	4	183528119	N:GC[T>C]CT	1	272820.0	872973629
JG0139e	4	183625403	N:TC[T>C]CC	-1	97284.0	873070913
JG0139e	4	183915792	T:CC[T>A]CC	-1	290389.0	873361302
JG0139e	4	184200654	U:GC[T>G]TC	-1	284862.0	873646164
JG0139e	4	184799936	T:AC[T>G]TT	1	599282.0	874245446
JG0139e	4	184844636	N:CT[C>T]AC	1	44700.0	874290146
JG0139e	4	185181547	U:TG[T>G]TC	-1	336911.0	874627057
JG0139e	4	185567659	N:TG[T>G]TG	1	386112.0	875013169
JG0139e	4	186043895	N:TC[T>C]GA	-1	476236.0	875489405
JG0139e	4	186297598	N:AC[T>C]CA	1	253703.0	875743108
JG0139e	4	186345573	N:TC[T>G]TG	-1	47975.0	875791083
JG0139e	4	186533231	U:GC[T>C]GA	-1	187658.0	875978741
JG0139e	4	186743890	N:CA[C>A]TT	1	210659.0	876189400
JG0139e	4	186801098	N:GG[T>G]TT	1	57208.0	876246608
JG0139e	4	187353072	N:AC[T>C]TC	1	551974.0	876798582
JG0139e	4	187424401	N:CG[C>A]GC	1	71329.0	876869911
JG0139e	4	187572897	N:GG[T>G]TT	1	148496.0	877018407
JG0139e	4	187647364	N:AC[T>G]TC	-1	74467.0	877092874
JG0139e	4	187830978	N:TG[C>A]AG	1	183614.0	877276488
JG0139e	4	187889567	N:GA[C>A]AT	-1	58589.0	877335077
JG0139e	4	188064825	N:AC[T>C]TA	-1	175258.0	877510335
JG0139e	4	189186820	N:GG[T>G]TC	1	1121995.0	878632330
JG0139e	4	189406625	N:TC[T>C]TG	1	219805.0	878852135
JG0139e	4	189672798	N:TC[T>G]TA	1	266173.0	879118308
JG0139e	4	190112911	N:AC[T>C]CC	-1	440113.0	879558421
JG0139e	5	296906	T:GC[T>C]CC	-1		879956971
JG0139e	5	980493	N:TC[T>G]TC	1	683587.0	880640558
JG0139e	5	1200115	N:CC[T>C]CC	-1	219622.0	880860180
JG0139e	5	1337031	U:AC[C>A]TC	-1	136916.0	880997096
JG0139e	5	2253077	N:AT[T>A]AA	1	916046.0	881913142
JG0139e	5	2964541	N:GC[T>C]TA	1	711464.0	882624606
JG0139e	5	3380460	N:AC[T>A]CA	-1	415919.0	883040525
JG0139e	5	3778694	N:TC[T>C]CG	1	398234.0	883438759
JG0139e	5	4673855	N:AC[T>G]CT	-1	895161.0	884333920
JG0139e	5	4759515	N:GA[C>A]TA	-1	85660.0	884419580
JG0139e	5	5088133	N:TT[C>A]TA	1	328618.0	884748198
JG0139e	5	5265394	T:GC[T>C]TT	-1	177261.0	884925459
JG0139e	5	5466776	U:AG[T>G]TG	1	201382.0	885126841
JG0139e	5	5539989	N:TG[T>G]TC	-1	73213.0	885200054
JG0139e	5	5646831	N:TC[T>G]TC	-1	106842.0	885306896
JG0139e	5	5955367	N:TC[T>G]TG	1	308536.0	885615432
JG0139e	5	6053840	N:AC[T>C]CA	-1	98473.0	885713905
JG0139e	5	6169850	N:AC[T>A]CT	-1	116010.0	885829915
JG0139e	5	6860966	N:CG[T>G]TG	1	691116.0	886521031
JG0139e	5	7435240	T:GC[T>G]TA	-1	574274.0	887095305
JG0139e	5	7557424	T:CC[T>G]AT	-1	122184.0	887217489
JG0139e	5	8401837	N:CC[T>G]TG	-1	844413.0	888061902
JG0139e	5	8786298	N:TC[T>C]CC	1	384461.0	888446363
JG0139e	5	8907775	N:TC[T>G]CC	1	121477.0	888567840
JG0139e	5	9030330	N:TC[T>C]CT	1	122555.0	888690395
JG0139e	5	9598720	N:CG[T>G]TC	1	568390.0	889258785
JG0139e	5	9943692	N:CC[T>C]TC	1	344972.0	889603757
JG0139e	5	10627249	T:TC[T>G]TG	-1	683557.0	890287314
JG0139e	5	11041574	T:AG[T>C]CA	1	414325.0	890701639
JG0139e	5	11716210	U:TA[T>G]CA	-1	674636.0	891376275
JG0139e	5	11846844	U:AT[T>G]TT	-1	130634.0	891506909
JG0139e	5	11850257	T:AC[T>C]CC	1	3413.0	891510322
JG0139e	5	12659277	N:CC[T>A]TT	1	809020.0	892319342
JG0139e	5	12960806	N:AG[T>G]TA	1	301529.0	892620871
JG0139e	5	13040887	N:AA[T>A]TT	-1	80081.0	892700952
JG0139e	5	13181057	N:CA[C>A]AG	1	140170.0	892841122
JG0139e	5	13205075	N:TC[T>A]TG	-1	24018.0	892865140
JG0139e	5	13374129	N:TG[T>C]GT	-1	169054.0	893034194
JG0139e	5	13411636	N:CC[T>C]TT	1	37507.0	893071701
JG0139e	5	13470759	N:GC[T>A]TT	-1	59123.0	893130824
JG0139e	5	14076317	N:TC[C>A]TT	-1	605558.0	893736382
JG0139e	5	14302973	U:TG[T>C]TG	1	226656.0	893963038
JG0139e	5	14802224	U:CC[T>G]TG	-1	499251.0	894462289
JG0139e	5	14964177	N:AC[T>G]TC	-1	161953.0	894624242
JG0139e	5	15460996	N:TC[T>G]TA	1	496819.0	895121061
JG0139e	5	15558604	U:CC[T>A]GA	1	97608.0	895218669
JG0139e	5	15657811	U:GC[T>G]TG	1	99207.0	895317876
JG0139e	5	16951749	N:TG[T>C]GT	1	1293938.0	896611814
JG0139e	5	17756297	N:CC[T>C]TG	-1	804548.0	897416362
JG0139e	5	17982585	N:TC[T>G]CA	-1	226288.0	897642650
JG0139e	5	18055375	N:CC[T>A]CA	-1	72790.0	897715440
JG0139e	5	18455571	N:AC[T>C]CT	-1	400196.0	898115636
JG0139e	5	19399148	N:AA[T>G]TT	1	943577.0	899059213
JG0139e	5	19545172	U:AC[T>G]TA	-1	146024.0	899205237
JG0139e	5	19815467	U:GC[T>G]TT	-1	270295.0	899475532
JG0139e	5	20311104	U:TG[T>C]TT	-1	495637.0	899971169
JG0139e	5	21224663	N:AC[T>C]CT	1	913559.0	900884728
JG0139e	5	21243495	N:AC[T>G]TT	1	18832.0	900903560
JG0139e	5	21259014	N:CC[T>A]CT	1	15519.0	900919079
JG0139e	5	21560788	N:CG[T>G]TT	-1	301774.0	901220853
JG0139e	5	21861311	T:AT[T>A]TT	1	300523.0	901521376
JG0139e	5	22076474	U:TC[T>C]CT	-1	215163.0	901736539
JG0139e	5	23201395	N:GC[T>G]TT	-1	1124921.0	902861460
JG0139e	5	24344901	N:GC[T>C]CT	1	1143506.0	904004966
JG0139e	5	24381186	N:AC[T>C]TG	1	36285.0	904041251
JG0139e	5	25380162	N:GC[T>C]CA	-1	998976.0	905040227
JG0139e	5	25810116	N:AC[T>G]TG	1	429954.0	905470181
JG0139e	5	25820248	N:CC[T>G]TC	-1	10132.0	905480313
JG0139e	5	25907293	N:TC[T>C]TT	-1	87045.0	905567358
JG0139e	5	26775669	N:GC[T>G]TA	-1	868376.0	906435734
JG0139e	5	26882156	T:AC[T>G]TC	1	106487.0	906542221
JG0139e	5	27336512	N:CC[T>C]TT	-1	454356.0	906996577
JG0139e	5	29720297	N:TC[T>G]TC	1	2383785.0	909380362
JG0139e	5	30204354	N:TC[T>G]TG	1	484057.0	909864419
JG0139e	5	31117635	N:AC[T>C]TC	1	913281.0	910777700
JG0139e	5	31190847	N:GC[T>G]TG	-1	73212.0	910850912
JG0139e	5	31367058	N:GC[T>G]GA	-1	176211.0	911027123
JG0139e	5	31696135	T:TC[T>C]CA	-1	329077.0	911356200
JG0139e	5	32074402	U:GA[C>G]GA	1	378267.0	911734467
JG0139e	5	32196499	N:GC[T>C]CA	1	122097.0	911856564
JG0139e	5	32939318	N:CC[T>C]TG	-1	742819.0	912599383
JG0139e	5	32998308	N:TC[T>C]TG	1	58990.0	912658373
JG0139e	5	33265283	N:TA[T>G]TT	-1	266975.0	912925348
JG0139e	5	33622199	U:CC[T>C]GG	-1	356916.0	913282264
JG0139e	5	33669389	U:GG[T>C]TT	-1	47190.0	913329454
JG0139e	5	33765352	T:CC[T>G]TA	1	95963.0	913425417
JG0139e	5	34268454	N:TG[T>G]TT	1	503102.0	913928519
JG0139e	5	34300217	N:CC[T>G]TC	1	31763.0	913960282
JG0139e	5	34364477	N:GC[T>A]CG	-1	64260.0	914024542
JG0139e	5	34719622	T:GC[T>A]TT	-1	355145.0	914379687
JG0139e	5	35235876	N:CC[T>C]CC	1	516254.0	914895941
JG0139e	5	35694126	T:TC[T>A]TA	-1	458250.0	915354191
JG0139e	5	35828839	N:AC[T>A]TT	1	134713.0	915488904
JG0139e	5	35903220	N:TC[T>G]TA	1	74381.0	915563285
JG0139e	5	36382852	N:GG[T>G]TA	1	479632.0	916042917
JG0139e	5	37181304	T:TA[T>C]CC	1	798452.0	916841369
JG0139e	5	37461739	U:CC[T>C]CC	1	280435.0	917121804
JG0139e	5	37480308	U:TC[T>C]TT	1	18569.0	917140373
JG0139e	5	37761499	N:AC[T>A]CC	-1	281191.0	917421564
JG0139e	5	38163601	N:CC[T>G]TT	1	402102.0	917823666
JG0139e	5	38713599	N:AC[T>C]AG	-1	549998.0	918373664
JG0139e	5	38765666	N:AC[T>G]GC	1	52067.0	918425731
JG0139e	5	39282712	N:GC[T>G]CT	1	517046.0	918942777
JG0139e	5	40137020	N:TC[T>G]TG	1	854308.0	919797085
JG0139e	5	40502933	N:AC[T>C]TC	1	365913.0	920162998
JG0139e	5	40639694	U:GG[T>G]TT	-1	136761.0	920299759
JG0139e	5	40654270	U:TC[T>C]TT	-1	14576.0	920314335
JG0139e	5	40741626	U:TC[T>A]TG	-1	87356.0	920401691
JG0139e	5	41624082	N:AC[T>G]TT	-1	882456.0	921284147
JG0139e	5	41937661	T:TG[T>G]TC	-1	313579.0	921597726
JG0139e	5	41991341	N:TG[T>G]TA	1	53680.0	921651406
JG0139e	5	42128792	N:TA[T>G]TA	-1	137451.0	921788857
JG0139e	5	42396092	N:CT[C>G]CT	-1	267300.0	922056157
JG0139e	5	42445032	U:TG[T>G]TA	1	48940.0	922105097
JG0139e	5	42953371	N:TC[T>A]CC	1	508339.0	922613436
JG0139e	5	43447143	U:AC[T>G]CC	-1	493772.0	923107208
JG0139e	5	43462051	T:GC[T>C]TG	1	14908.0	923122116
JG0139e	5	43575995	N:CC[T>G]TT	1	113944.0	923236060
JG0139e	5	43591741	N:TC[T>G]TT	-1	15746.0	923251806
JG0139e	5	44087149	N:CC[T>G]TC	1	495408.0	923747214
JG0139e	5	44155364	N:CC[T>C]TT	1	68215.0	923815429
JG0139e	5	47087183	N:TC[T>G]TT	1	2931819.0	926747248
JG0139e	5	47231592	N:CC[T>G]CA	-1	144409.0	926891657
JG0139e	5	47616661	N:CC[T>A]CA	-1	385069.0	927276726
JG0139e	5	47774233	N:TC[T>G]CC	-1	157572.0	927434298
JG0139e	5	48171324	N:AT[T>C]TG	1	397091.0	927831389
JG0139e	5	48488594	N:TC[T>G]GT	-1	317270.0	928148659
JG0139e	5	48637191	N:CC[T>C]TT	-1	148597.0	928297256
JG0139e	5	48795834	N:GC[T>G]CT	-1	158643.0	928455899
JG0139e	5	48937881	N:AC[T>C]CT	1	142047.0	928597946
JG0139e	5	48950813	N:TC[T>G]CC	-1	12932.0	928610878
JG0139e	5	49002383	N:CC[T>G]TA	1	51570.0	928662448
JG0139e	5	49092021	N:TC[T>C]TC	1	89638.0	928752086
JG0139e	5	49390631	N:TA[T>C]TC	-1	298610.0	929050696
JG0139e	5	49568753	N:TC[T>C]TC	1	178122.0	929228818
JG0139e	5	49812979	N:CA[T>C]TC	1	244226.0	929473044
JG0139e	5	50197925	N:AC[T>G]TG	1	384946.0	929857990
JG0139e	5	50773102	U:GA[T>C]GC	1	575177.0	930433167
JG0139e	5	51107641	N:GC[T>G]TC	1	334539.0	930767706
JG0139e	5	51604730	N:GG[T>C]CT	1	497089.0	931264795
JG0139e	5	51940578	N:AG[T>G]TT	1	335848.0	931600643
JG0139e	5	51963370	N:GC[T>A]TG	-1	22792.0	931623435
JG0139e	5	52587015	N:TC[T>C]TA	1	623645.0	932247080
JG0139e	5	52944180	U:TC[C>A]TG	1	357165.0	932604245
JG0139e	5	53389991	N:AA[T>G]TA	1	445811.0	933050056
JG0139e	5	53554749	N:TC[T>C]CA	-1	164758.0	933214814
JG0139e	5	54037442	U:TC[T>G]TA	-1	482693.0	933697507
JG0139e	5	55306387	T:TC[T>C]CC	1	1268945.0	934966452
JG0139e	5	55610298	N:CC[T>C]CT	1	303911.0	935270363
JG0139e	5	55866561	T:CC[T>C]GA	-1	256263.0	935526626
JG0139e	5	56121332	T:GC[T>G]GT	1	254771.0	935781397
JG0139e	5	56224346	U:CC[T>C]CT	-1	103014.0	935884411
JG0139e	5	56285140	N:AC[T>C]TT	-1	60794.0	935945205
JG0139e	5	56290795	N:TC[T>G]TG	1	5655.0	935950860
JG0139e	5	56302186	N:AC[T>A]CA	1	11391.0	935962251
JG0139e	5	56806274	N:TG[T>G]CA	1	504088.0	936466339
JG0139e	5	56991693	N:TG[T>G]CA	1	185419.0	936651758
JG0139e	5	57396250	N:CC[T>C]TG	1	404557.0	937056315
JG0139e	5	57485704	N:TC[T>C]CC	-1	89454.0	937145769
JG0139e	5	57590128	N:AG[T>G]GG	1	104424.0	937250193
JG0139e	5	58061785	N:AG[T>A]AA	-1	471657.0	937721850
JG0139e	5	58519722	N:AC[T>G]GC	1	457937.0	938179787
JG0139e	5	58633321	U:CC[T>C]TT	1	113599.0	938293386
JG0139e	5	58754054	T:AC[T>G]TC	-1	120733.0	938414119
JG0139e	5	58991139	U:CC[T>G]GA	-1	237085.0	938651204
JG0139e	5	59280282	U:TC[T>C]CA	-1	289143.0	938940347
JG0139e	5	59808323	T:AC[T>G]TC	1	528041.0	939468388
JG0139e	5	59926261	U:GC[T>A]CA	-1	117938.0	939586326
JG0139e	5	60151939	U:AC[T>C]CT	-1	225678.0	939812004
JG0139e	5	60255661	T:TC[T>C]CT	1	103722.0	939915726
JG0139e	5	60349814	U:AC[T>C]TT	-1	94153.0	940009879
JG0139e	5	60808631	U:TC[T>C]TG	-1	458817.0	940468696
JG0139e	5	60866853	N:CC[T>C]TT	1	58222.0	940526918
JG0139e	5	60917983	T:AC[T>G]TT	1	51130.0	940578048
JG0139e	5	61166767	N:GT[C>A]TC	1	248784.0	940826832
JG0139e	5	61511421	T:CT[C>T]AG	-1	344654.0	941171486
JG0139e	5	61671065	N:AC[T>A]GA	1	159644.0	941331130
JG0139e	5	61855639	N:TC[T>G]TT	1	184574.0	941515704
JG0139e	5	62226973	N:GC[T>C]CA	-1	371334.0	941887038
JG0139e	5	62527434	T:AC[T>G]TA	-1	300461.0	942187499
JG0139e	5	62628293	U:CC[T>G]TA	1	100859.0	942288358
JG0139e	5	62710476	N:GC[T>A]CA	1	82183.0	942370541
JG0139e	5	63002491	N:TC[T>G]TA	-1	292015.0	942662556
JG0139e	5	64347927	U:GC[T>C]AA	1	1345436.0	944007992
JG0139e	5	64670185	N:TC[T>C]CA	1	322258.0	944330250
JG0139e	5	64823589	T:AA[T>G]TG	-1	153404.0	944483654
JG0139e	5	65046653	N:GG[T>G]CA	-1	223064.0	944706718
JG0139e	5	65778250	U:TC[T>G]TC	1	731597.0	945438315
JG0139e	5	66467040	N:TT[C>G]CA	-1	688790.0	946127105
JG0139e	5	66498056	N:CC[T>A]CT	-1	31016.0	946158121
JG0139e	5	66737205	T:AG[T>C]CA	-1	239149.0	946397270
JG0139e	5	67410190	N:GG[T>G]TT	-1	672985.0	947070255
JG0139e	5	67755618	N:CC[T>C]CA	1	345428.0	947415683
JG0139e	5	68259197	T:TC[T>A]TC	-1	503579.0	947919262
JG0139e	5	68571552	N:CC[T>G]TT	-1	312355.0	948231617
JG0139e	5	68834122	N:CC[T>C]TC	1	262570.0	948494187
JG0139e	5	69034357	N:GC[T>G]TG	1	200235.0	948694422
JG0139e	5	69040630	N:TC[T>A]CT	-1	6273.0	948700695
JG0139e	5	69280478	U:AG[T>G]TT	-1	239848.0	948940543
JG0139e	5	69475277	N:TC[T>A]TA	1	194799.0	949135342
JG0139e	5	69732169	N:CA[T>G]TC	1	256892.0	949392234
JG0139e	5	70894804	N:TC[T>C]TG	-1	1162635.0	950554869
JG0139e	5	71021190	T:TC[T>G]TT	1	126386.0	950681255
JG0139e	5	71697648	N:TC[T>A]GC	-1	676458.0	951357713
JG0139e	5	72888566	U:TT[T>G]GT	1	1190918.0	952548631
JG0139e	5	72983035	U:CC[T>G]CC	1	94469.0	952643100
JG0139e	5	73301048	N:GC[T>C]CA	-1	318013.0	952961113
JG0139e	5	73783228	T:TC[T>C]TC	-1	482180.0	953443293
JG0139e	5	74019933	N:CC[T>G]TG	-1	236705.0	953679998
JG0139e	5	74619019	N:TC[T>C]CT	1	599086.0	954279084
JG0139e	5	74845844	T:GC[T>C]CT	1	226825.0	954505909
JG0139e	5	75227029	U:GG[T>G]TG	-1	381185.0	954887094
JG0139e	5	76049039	N:CC[T>G]CC	-1	822010.0	955709104
JG0139e	5	76248387	U:TC[T>C]CT	1	199348.0	955908452
JG0139e	5	76327685	T:TA[C>A]AT	-1	79298.0	955987750
JG0139e	5	76887566	U:AC[T>G]TT	1	559881.0	956547631
JG0139e	5	77314781	T:AC[T>G]TT	-1	427215.0	956974846
JG0139e	5	77481855	U:GC[T>G]TC	-1	167074.0	957141920
JG0139e	5	77565670	T:CC[T>A]TC	1	83815.0	957225735
JG0139e	5	78049173	U:TC[T>C]CT	-1	483503.0	957709238
JG0139e	5	78207351	T:CC[T>C]GG	1	158178.0	957867416
JG0139e	5	78405969	U:AC[T>G]CT	1	198618.0	958066034
JG0139e	5	78510586	T:AC[T>G]TA	1	104617.0	958170651
JG0139e	5	78581925	T:AC[T>C]AT	1	71339.0	958241990
JG0139e	5	78856609	T:AC[T>C]TG	1	274684.0	958516674
JG0139e	5	79003864	T:AC[T>C]TG	1	147255.0	958663929
JG0139e	5	79222198	N:TC[T>C]CA	-1	218334.0	958882263
JG0139e	5	79246849	U:AC[T>A]CT	1	24651.0	958906914
JG0139e	5	79323605	T:AC[T>A]GG	-1	76756.0	958983670
JG0139e	5	79698756	U:TA[T>G]TA	1	375151.0	959358821
JG0139e	5	79798170	T:AG[T>G]TG	-1	99414.0	959458235
JG0139e	5	80096105	N:TC[T>A]TG	1	297935.0	959756170
JG0139e	5	80488362	T:CC[T>G]TA	-1	392257.0	960148427
JG0139e	5	80837552	U:CC[T>A]GC	1	349190.0	960497617
JG0139e	5	81329772	N:CC[T>C]TG	1	492220.0	960989837
JG0139e	5	81360164	T:TG[T>C]TT	1	30392.0	961020229
JG0139e	5	81613513	U:TC[T>C]TT	-1	253349.0	961273578
JG0139e	5	81691249	U:GC[T>G]TT	-1	77736.0	961351314
JG0139e	5	82812134	N:TA[T>G]TT	1	1120885.0	962472199
JG0139e	5	83269576	T:AC[T>C]CT	-1	457442.0	962929641
JG0139e	5	84092851	U:AC[T>G]TC	-1	823275.0	963752916
JG0139e	5	84142438	T:GC[T>C]CA	1	49587.0	963802503
JG0139e	5	85045937	N:GC[T>C]GG	-1	903499.0	964706002
JG0139e	5	85171672	N:CC[T>G]TG	1	125735.0	964831737
JG0139e	5	86124659	N:CC[T>C]TC	-1	952987.0	965784724
JG0139e	5	86380846	N:AG[T>C]CC	-1	256187.0	966040911
JG0139e	5	86883607	N:AC[T>C]CC	1	502761.0	966543672
JG0139e	5	87312421	U:AG[T>C]TA	1	428814.0	966972486
JG0139e	5	87363237	T:GC[T>C]TA	-1	50816.0	967023302
JG0139e	5	87405724	U:AG[C>A]AA	-1	42487.0	967065789
JG0139e	5	89259217	N:AG[T>G]TT	1	1853493.0	968919282
JG0139e	5	89333204	N:AC[T>G]TT	-1	73987.0	968993269
JG0139e	5	89416845	N:TC[T>A]CA	1	83641.0	969076910
JG0139e	5	89801416	N:TC[T>G]TT	-1	384571.0	969461481
JG0139e	5	89965573	N:TC[T>G]TA	1	164157.0	969625638
JG0139e	5	90151678	N:GC[T>C]TT	-1	186105.0	969811743
JG0139e	5	90901587	U:TC[T>G]CA	1	749909.0	970561652
JG0139e	5	90975655	T:TC[T>A]CA	-1	74068.0	970635720
JG0139e	5	91227435	N:AA[T>G]TA	-1	251780.0	970887500
JG0139e	5	91333417	N:GC[T>C]CT	-1	105982.0	970993482
JG0139e	5	91411080	N:TC[T>G]TT	-1	77663.0	971071145
JG0139e	5	91813585	N:GC[T>C]TT	-1	402505.0	971473650
JG0139e	5	92622154	N:GC[T>G]CT	-1	808569.0	972282219
JG0139e	5	93209928	N:GG[C>A]AA	1	587774.0	972869993
JG0139e	5	93244956	N:AC[T>G]TG	-1	35028.0	972905021
JG0139e	5	94888919	T:AC[T>G]TT	1	1643963.0	974548984
JG0139e	5	95014115	U:TA[T>G]TT	-1	125196.0	974674180
JG0139e	5	95015350	T:GG[T>G]TG	1	1235.0	974675415
JG0139e	5	95043311	T:TC[T>C]CC	1	27961.0	974703376
JG0139e	5	95540176	U:TA[C>G]TT	-1	496865.0	975200241
JG0139e	5	95652180	T:TT[C>G]TT	-1	112004.0	975312245
JG0139e	5	95942887	U:GC[T>C]TT	-1	290707.0	975602952
JG0139e	5	96418567	T:TC[T>C]CA	1	475680.0	976078632
JG0139e	5	96579201	U:GC[T>C]TC	1	160634.0	976239266
JG0139e	5	97038745	N:AC[T>C]TA	1	459544.0	976698810
JG0139e	5	97602798	N:AC[T>G]CA	-1	564053.0	977262863
JG0139e	5	97797105	N:TC[T>G]TC	1	194307.0	977457170
JG0139e	5	97923614	N:CA[T>G]TG	1	126509.0	977583679
JG0139e	5	98479397	N:TC[T>G]TT	-1	555783.0	978139462
JG0139e	5	98547770	N:TC[T>G]TT	-1	68373.0	978207835
JG0139e	5	98882331	T:TC[T>C]TA	1	334561.0	978542396
JG0139e	5	99504548	N:TC[T>A]CC	1	622217.0	979164613
JG0139e	5	99615700	N:AC[T>G]TT	1	111152.0	979275765
JG0139e	5	100049716	N:AC[T>C]CC	-1	434016.0	979709781
JG0139e	5	100333212	N:AG[T>G]TA	-1	283496.0	979993277
JG0139e	5	100604633	N:TC[T>C]CA	-1	271421.0	980264698
JG0139e	5	100955561	N:AC[T>G]TC	1	350928.0	980615626
JG0139e	5	101249179	N:AG[T>A]TA	-1	293618.0	980909244
JG0139e	5	101384080	N:TC[T>A]TC	-1	134901.0	981044145
JG0139e	5	102314856	N:AC[T>G]TC	-1	930776.0	981974921
JG0139e	5	102569175	N:GT[C>A]TT	1	254319.0	982229240
JG0139e	5	102754726	U:CC[T>G]TC	1	185551.0	982414791
JG0139e	5	102825496	T:TG[T>G]TG	-1	70770.0	982485561
JG0139e	5	102937970	U:CA[T>G]TT	1	112474.0	982598035
JG0139e	5	102972685	T:CA[T>G]TA	-1	34715.0	982632750
JG0139e	5	103106135	U:AG[T>G]CA	-1	133450.0	982766200
JG0139e	5	103215326	N:CC[T>C]TA	1	109191.0	982875391
JG0139e	5	103478333	N:TC[T>G]TC	1	263007.0	983138398
JG0139e	5	103509109	N:TC[T>G]TT	-1	30776.0	983169174
JG0139e	5	103570460	N:GC[T>C]GC	1	61351.0	983230525
JG0139e	5	103746707	N:TC[T>G]TA	-1	176247.0	983406772
JG0139e	5	103970934	N:TC[T>G]TT	1	224227.0	983630999
JG0139e	5	103989728	N:TC[T>G]TC	-1	18794.0	983649793
JG0139e	5	104126194	N:AC[T>G]TC	-1	136466.0	983786259
JG0139e	5	105047106	N:TC[T>G]TC	-1	920912.0	984707171
JG0139e	5	105308335	N:AA[T>G]TA	1	261229.0	984968400
JG0139e	5	105920122	N:TG[T>G]TG	-1	611787.0	985580187
JG0139e	5	106730134	N:CC[T>A]CT	-1	810012.0	986390199
JG0139e	5	107317527	N:CC[T>G]TG	-1	587393.0	986977592
JG0139e	5	107369684	N:GC[T>G]TG	-1	52157.0	987029749
JG0139e	5	107755746	N:AC[T>G]TG	1	386062.0	987415811
JG0139e	5	108619667	N:AC[T>A]CA	1	863921.0	988279732
JG0139e	5	108647449	N:AC[T>G]TT	1	27782.0	988307514
JG0139e	5	108682682	N:TC[T>G]TT	1	35233.0	988342747
JG0139e	5	109028803	U:TC[T>C]GT	1	346121.0	988688868
JG0139e	5	109421460	N:AC[T>C]TC	-1	392657.0	989081525
JG0139e	5	109617487	N:GC[T>C]CT	1	196027.0	989277552
JG0139e	5	110032088	N:AC[T>A]CC	1	414601.0	989692153
JG0139e	5	110127460	N:CC[T>A]TG	1	95372.0	989787525
JG0139e	5	110558504	U:TT[C>A]CC	-1	431044.0	990218569
JG0139e	5	110724256	T:TC[T>G]CT	1	165752.0	990384321
JG0139e	5	111281278	T:GC[T>A]TT	-1	557022.0	990941343
JG0139e	5	111636964	N:TG[T>A]TA	-1	355686.0	991297029
JG0139e	5	111872420	T:CC[T>C]CA	1	235456.0	991532485
JG0139e	5	112510376	N:CT[C>A]AC	1	637956.0	992170441
JG0139e	5	112829785	U:CC[T>G]TT	1	319409.0	992489850
JG0139e	5	112908325	U:AG[T>G]TT	-1	78540.0	992568390
JG0139e	5	113042784	U:TT[T>G]TT	-1	134459.0	992702849
JG0139e	5	113503775	N:CC[T>G]TA	1	460991.0	993163840
JG0139e	5	113734875	N:AC[T>C]TC	-1	231100.0	993394940
JG0139e	5	114351434	U:TG[T>C]TT	1	616559.0	994011499
JG0139e	5	114881118	N:GC[T>G]TG	-1	529684.0	994541183
JG0139e	5	115000485	N:CC[T>C]CC	-1	119367.0	994660550
JG0139e	5	115902595	U:AC[T>G]TT	1	902110.0	995562660
JG0139e	5	115986327	T:TA[C>A]CT	-1	83732.0	995646392
JG0139e	5	115998077	U:GG[T>G]TA	1	11750.0	995658142
JG0139e	5	117623077	N:TC[T>C]CT	-1	1625000.0	997283142
JG0139e	5	117896944	N:GA[T>G]TT	-1	273867.0	997557009
JG0139e	5	118016092	N:AC[T>C]TA	1	119148.0	997676157
JG0139e	5	118030669	N:CA[T>G]TT	1	14577.0	997690734
JG0139e	5	119288413	T:AA[T>G]TT	-1	1257744.0	998948478
JG0139e	5	119316111	T:TC[T>C]TT	-1	27698.0	998976176
JG0139e	5	119353539	T:CC[T>G]TG	-1	37428.0	999013604
JG0139e	5	120208375	N:TG[T>G]TA	-1	854836.0	999868440
JG0139e	5	120940585	N:TC[T>G]CT	-1	732210.0	1000600650
JG0139e	5	121731440	N:GC[T>C]GT	-1	790855.0	1001391505
JG0139e	5	122969401	U:TC[T>C]AC	1	1237961.0	1002629466
JG0139e	5	123434619	N:AG[T>C]GC	-1	465218.0	1003094684
JG0139e	5	123626198	N:AT[C>T]CT	1	191579.0	1003286263
JG0139e	5	123786907	N:TC[T>G]TA	-1	160709.0	1003446972
JG0139e	5	124390551	N:TC[T>A]TT	1	603644.0	1004050616
JG0139e	5	124570826	N:GC[T>G]CA	1	180275.0	1004230891
JG0139e	5	124885427	N:CT[C>G]TC	1	314601.0	1004545492
JG0139e	5	124904675	N:GC[T>G]TG	-1	19248.0	1004564740
JG0139e	5	125554326	N:TC[T>G]CT	-1	649651.0	1005214391
JG0139e	5	125692021	N:CC[T>A]AA	-1	137695.0	1005352086
JG0139e	5	125775758	N:CC[T>C]TT	1	83737.0	1005435823
JG0139e	5	126272797	N:AA[T>G]CC	-1	497039.0	1005932862
JG0139e	5	126762352	N:CG[T>G]TT	-1	489555.0	1006422417
JG0139e	5	126886219	T:CC[T>C]TG	1	123867.0	1006546284
JG0139e	5	127027394	T:GC[T>G]TT	1	141175.0	1006687459
JG0139e	5	127623222	N:AC[T>A]CC	1	595828.0	1007283287
JG0139e	5	127626712	N:CA[C>A]AC	-1	3490.0	1007286777
JG0139e	5	128113522	U:AC[T>C]TT	1	486810.0	1007773587
JG0139e	5	128654669	T:CT[T>G]TT	1	541147.0	1008314734
JG0139e	5	129157307	N:GC[T>G]CA	-1	502638.0	1008817372
JG0139e	5	129250593	N:CC[T>C]CC	-1	93286.0	1008910658
JG0139e	5	129499927	U:TA[C>G]TT	1	249334.0	1009159992
JG0139e	5	129840755	N:TC[T>G]TC	-1	340828.0	1009500820
JG0139e	5	129871370	N:GA[C>A]AT	1	30615.0	1009531435
JG0139e	5	130400692	N:GC[T>G]TT	-1	529322.0	1010060757
JG0139e	5	130494988	N:GC[T>C]CT	-1	94296.0	1010155053
JG0139e	5	131743213	U:CC[T>G]TT	-1	1248225.0	1011403278
JG0139e	5	132102754	N:CC[T>A]CT	-1	359541.0	1011762819
JG0139e	5	133493716	T:CC[T>C]TT	1	1390962.0	1013153781
JG0139e	5	134336573	U:TC[T>G]GT	-1	842857.0	1013996638
JG0139e	5	134473577	N:TC[T>A]TT	1	137004.0	1014133642
JG0139e	5	134527866	T:CC[T>C]TC	-1	54289.0	1014187931
JG0139e	5	134875057	U:TC[T>C]CT	1	347191.0	1014535122
JG0139e	5	134974248	U:AC[T>G]CC	1	99191.0	1014634313
JG0139e	5	135385689	T:TC[T>G]TG	1	411441.0	1015045754
JG0139e	5	135439811	N:GA[T>G]CA	-1	54122.0	1015099876
JG0139e	5	135712877	T:GC[T>C]TT	-1	273066.0	1015372942
JG0139e	5	136484777	N:GC[T>G]GA	-1	771900.0	1016144842
JG0139e	5	137896290	U:TC[T>C]CC	1	1411513.0	1017556355
JG0139e	5	138181801	T:AG[C>G]TT	-1	285511.0	1017841866
JG0139e	5	138647569	T:AG[T>A]CT	-1	465768.0	1018307634
JG0139e	5	138898287	T:GC[T>C]GT	-1	250718.0	1018558352
JG0139e	5	139175475	U:GC[T>G]TG	-1	277188.0	1018835540
JG0139e	5	139397585	T:TC[T>C]TG	1	222110.0	1019057650
JG0139e	5	139516157	N:AC[T>C]CC	1	118572.0	1019176222
JG0139e	5	139603132	U:AC[T>G]CT	1	86975.0	1019263197
JG0139e	5	139812350	U:AC[T>G]TT	1	209218.0	1019472415
JG0139e	5	140970307	U:AG[T>G]TA	1	1157957.0	1020630372
JG0139e	5	141264820	N:TC[T>C]TG	1	294513.0	1020924885
JG0139e	5	141520231	T:TC[T>C]TG	1	255411.0	1021180296
JG0139e	5	141564099	U:CC[T>G]TC	-1	43868.0	1021224164
JG0139e	5	141900437	N:TC[T>A]TA	1	336338.0	1021560502
JG0139e	5	142640470	T:CC[T>G]TT	1	740033.0	1022300535
JG0139e	5	142756030	N:AC[T>G]TT	-1	115560.0	1022416095
JG0139e	5	143216072	U:TC[C>A]TA	1	460042.0	1022876137
JG0139e	5	143574055	N:GC[T>G]TC	1	357983.0	1023234120
JG0139e	5	143693761	N:TG[T>G]TT	-1	119706.0	1023353826
JG0139e	5	143811563	N:CC[T>G]TC	-1	117802.0	1023471628
JG0139e	5	144301364	U:GA[T>G]TG	1	489801.0	1023961429
JG0139e	5	144448447	T:AC[T>G]TT	-1	147083.0	1024108512
JG0139e	5	144686370	N:TG[T>G]TG	1	237923.0	1024346435
JG0139e	5	144778725	N:GC[T>G]CA	-1	92355.0	1024438790
JG0139e	5	145180295	N:TC[T>G]TT	1	401570.0	1024840360
JG0139e	5	145256143	N:TC[T>G]TT	-1	75848.0	1024916208
JG0139e	5	145345278	N:TC[T>C]CT	1	89135.0	1025005343
JG0139e	5	146129035	T:AC[T>G]TC	1	783757.0	1025789100
JG0139e	5	146763762	T:TC[T>C]CT	1	634727.0	1026423827
JG0139e	5	146822307	T:TT[C>A]TC	1	58545.0	1026482372
JG0139e	5	146917726	T:AG[T>G]TC	1	95419.0	1026577791
JG0139e	5	147390882	U:GC[T>G]GA	-1	473156.0	1027050947
JG0139e	5	148158517	N:GC[T>G]TA	-1	767635.0	1027818582
JG0139e	5	148244264	N:AC[T>G]TC	1	85747.0	1027904329
JG0139e	5	148878004	N:AT[T>G]TT	1	633740.0	1028538069
JG0139e	5	149494115	T:CC[T>G]TT	1	616111.0	1029154180
JG0139e	5	149806387	U:TC[T>C]CT	1	312272.0	1029466452
JG0139e	5	149921307	U:TT[T>G]TT	-1	114920.0	1029581372
JG0139e	5	150062039	T:AC[T>G]CT	1	140732.0	1029722104
JG0139e	5	150187722	N:CC[T>G]CT	-1	125683.0	1029847787
JG0139e	5	150191787	U:TC[T>G]TG	1	4065.0	1029851852
JG0139e	5	150329864	T:AT[C>A]TT	1	138077.0	1029989929
JG0139e	5	150788723	U:TC[T>G]TG	1	458859.0	1030448788
JG0139e	5	150842483	N:GG[T>G]TT	1	53760.0	1030502548
JG0139e	5	150882865	N:CC[T>A]TT	-1	40382.0	1030542930
JG0139e	5	151111777	U:CC[T>C]TC	-1	228912.0	1030771842
JG0139e	5	151169112	N:CC[T>G]TG	1	57335.0	1030829177
JG0139e	5	151883651	T:AG[T>C]TG	1	714539.0	1031543716
JG0139e	5	152379296	N:CC[T>G]TT	-1	495645.0	1032039361
JG0139e	5	152661037	N:TG[T>G]TT	1	281741.0	1032321102
JG0139e	5	152665201	N:TC[T>A]TG	-1	4164.0	1032325266
JG0139e	5	153193367	N:TC[T>C]GA	-1	528166.0	1032853432
JG0139e	5	154092920	N:TC[T>C]CT	1	899553.0	1033752985
JG0139e	5	154124431	N:TC[T>G]TT	-1	31511.0	1033784496
JG0139e	5	154942397	U:CC[T>G]TT	1	817966.0	1034602462
JG0139e	5	155028212	N:GC[T>G]TA	1	85815.0	1034688277
JG0139e	5	155324292	N:GC[T>C]TA	-1	296080.0	1034984357
JG0139e	5	155996251	U:AG[T>G]TA	1	671959.0	1035656316
JG0139e	5	156736107	U:TC[T>C]CT	1	739856.0	1036396172
JG0139e	5	156865602	N:CC[T>A]CA	1	129495.0	1036525667
JG0139e	5	156937102	U:GC[T>C]CC	-1	71500.0	1036597167
JG0139e	5	157380597	B:CC[T>A]TA	-1	443495.0	1037040662
JG0139e	5	157386066	B:CT[T>G]TC	-1	5469.0	1037046131
JG0139e	5	157414159	T:AC[T>G]TC	1	28093.0	1037074224
JG0139e	5	157521500	T:AT[T>G]TT	1	107341.0	1037181565
JG0139e	5	157916917	N:CC[T>A]CC	-1	395417.0	1037576982
JG0139e	5	158132387	N:TC[T>A]CT	1	215470.0	1037792452
JG0139e	5	158159056	N:AG[T>C]AG	-1	26669.0	1037819121
JG0139e	5	158459394	N:AC[T>G]TG	1	300338.0	1038119459
JG0139e	5	158528047	N:TC[T>C]CT	-1	68653.0	1038188112
JG0139e	5	159158963	T:GA[C>G]AT	1	630916.0	1038819028
JG0139e	5	159174725	U:GC[T>C]TG	-1	15762.0	1038834790
JG0139e	5	159518952	N:TC[T>C]CT	1	344227.0	1039179017
JG0139e	5	160150941	N:TG[T>C]GG	1	631989.0	1039811006
JG0139e	5	160151440	N:AC[T>C]CC	-1	499.0	1039811505
JG0139e	5	160320478	N:AG[T>G]TT	-1	169038.0	1039980543
JG0139e	5	160410403	T:GG[T>G]TC	1	89925.0	1040070468
JG0139e	5	160425619	U:AC[T>A]TA	1	15216.0	1040085684
JG0139e	5	160481308	N:TG[T>A]AC	-1	55689.0	1040141373
JG0139e	5	160562678	N:TA[T>A]TC	-1	81370.0	1040222743
JG0139e	5	160963108	N:TG[T>G]TT	1	400430.0	1040623173
JG0139e	5	161976662	N:TC[T>C]CA	-1	1013554.0	1041636727
JG0139e	5	162405068	N:GC[T>G]TC	-1	428406.0	1042065133
JG0139e	5	162516944	N:GC[T>A]TA	1	111876.0	1042177009
JG0139e	5	162602405	N:TC[T>G]CT	1	85461.0	1042262470
JG0139e	5	163096250	N:AC[T>G]GT	1	493845.0	1042756315
JG0139e	5	163355868	N:TC[T>G]CC	-1	259618.0	1043015933
JG0139e	5	163785635	N:TC[T>A]CT	1	429767.0	1043445700
JG0139e	5	164262438	N:CA[T>G]CT	-1	476803.0	1043922503
JG0139e	5	164280928	N:TC[T>C]CT	-1	18490.0	1043940993
JG0139e	5	164559147	N:TC[T>C]GG	1	278219.0	1044219212
JG0139e	5	165087742	N:TG[T>G]TT	1	528595.0	1044747807
JG0139e	5	165842205	N:TA[T>G]TG	-1	754463.0	1045502270
JG0139e	5	166461173	N:AG[T>G]TT	-1	618968.0	1046121238
JG0139e	5	166642640	N:AT[T>G]GC	1	181467.0	1046302705
JG0139e	5	166839070	N:TC[T>G]TG	1	196430.0	1046499135
JG0139e	5	167229129	N:GA[T>G]TT	1	390059.0	1046889194
JG0139e	5	167428559	T:TC[T>G]CA	-1	199430.0	1047088624
JG0139e	5	167738311	U:GC[T>G]TA	1	309752.0	1047398376
JG0139e	5	167896710	U:AC[T>A]CT	1	158399.0	1047556775
JG0139e	5	168261061	T:TC[T>G]CT	-1	364351.0	1047921126
JG0139e	5	168591916	N:CC[T>C]TT	1	330855.0	1048251981
JG0139e	5	169065028	U:TC[C>A]AT	-1	473112.0	1048725093
JG0139e	5	169229345	T:GC[T>G]TA	1	164317.0	1048889410
JG0139e	5	169571133	N:AC[T>G]TG	1	341788.0	1049231198
JG0139e	5	169616022	N:TG[T>G]TA	-1	44889.0	1049276087
JG0139e	5	169765862	T:GC[T>C]TT	-1	149840.0	1049425927
JG0139e	5	171195437	U:GC[T>C]TT	1	1429575.0	1050855502
JG0139e	5	172271366	T:TC[T>C]TG	1	1075929.0	1051931431
JG0139e	5	173310575	N:AC[T>C]CA	1	1039209.0	1052970640
JG0139e	5	173661453	N:TC[T>G]CC	1	350878.0	1053321518
JG0139e	5	174954877	N:AC[T>G]TA	1	1293424.0	1054614942
JG0139e	5	174980506	N:TC[T>G]TA	-1	25629.0	1054640571
JG0139e	5	175000946	N:TC[T>C]CT	1	20440.0	1054661011
JG0139e	5	175071704	N:AG[T>G]TT	1	70758.0	1054731769
JG0139e	5	175156665	N:CA[T>G]TG	-1	84961.0	1054816730
JG0139e	5	176147509	N:GC[T>C]TT	-1	990844.0	1055807574
JG0139e	5	176489498	T:GG[T>C]CC	-1	341989.0	1056149563
JG0139e	5	176930741	U:AG[C>A]TG	-1	441243.0	1056590806
JG0139e	5	177285417	T:GC[T>G]AA	-1	354676.0	1056945482
JG0139e	5	177341017	U:AC[T>G]TT	-1	55600.0	1057001082
JG0139e	5	177594713	U:CC[T>C]GG	1	253696.0	1057254778
JG0139e	5	178418514	T:AC[T>C]TG	1	823801.0	1058078579
JG0139e	5	178629002	N:CC[T>C]TC	-1	210488.0	1058289067
JG0139e	5	179463193	N:GC[T>C]CT	1	834191.0	1059123258
JG0139e	5	180219385	N:CA[T>G]CC	-1	756192.0	1059879450
JG0139e	5	180235299	U:TC[T>G]TT	-1	15914.0	1059895364
JG0139e	5	180963356	N:AG[T>A]CT	1	728057.0	1060623421
JG0139e	6	921316	N:TC[C>A]TT	1		1062119640
JG0139e	6	1847733	T:TC[T>G]TA	1	926417.0	1063046057
JG0139e	6	2991208	U:AA[C>A]AC	1	1143475.0	1064189532
JG0139e	6	3203514	N:CG[T>C]CA	-1	212306.0	1064401838
JG0139e	6	3629196	N:AC[T>G]TT	1	425682.0	1064827520
JG0139e	6	4625789	N:GG[T>A]TT	-1	996593.0	1065824113
JG0139e	6	5219336	T:CC[T>C]TA	1	593547.0	1066417660
JG0139e	6	5601028	U:TC[T>G]TT	1	381692.0	1066799352
JG0139e	6	5958235	N:CT[T>G]TC	1	357207.0	1067156559
JG0139e	6	6494712	N:CC[T>A]CC	1	536477.0	1067693036
JG0139e	6	6556391	N:CC[T>G]CA	-1	61679.0	1067754715
JG0139e	6	8004410	N:CC[T>C]TA	1	1448019.0	1069202734
JG0139e	6	8193614	N:TC[T>A]CA	1	189204.0	1069391938
JG0139e	6	8774557	N:GC[T>A]CG	1	580943.0	1069972881
JG0139e	6	9546357	N:CC[T>G]TC	-1	771800.0	1070744681
JG0139e	6	9815877	N:CC[T>G]TT	-1	269520.0	1071014201
JG0139e	6	11258735	U:GC[T>G]TT	-1	1442858.0	1072457059
JG0139e	6	11303699	U:GC[T>G]TG	-1	44964.0	1072502023
JG0139e	6	11837931	N:AC[C>A]TC	1	534232.0	1073036255
JG0139e	6	11939776	N:CC[T>G]TG	-1	101845.0	1073138100
JG0139e	6	12036893	T:TC[T>G]TC	-1	97117.0	1073235217
JG0139e	6	12197688	N:GC[T>G]CC	-1	160795.0	1073396012
JG0139e	6	12562472	N:CC[T>G]CC	-1	364784.0	1073760796
JG0139e	6	13257697	U:TC[T>G]TG	1	695225.0	1074456021
JG0139e	6	13452314	T:TC[T>G]CC	1	194617.0	1074650638
JG0139e	6	13595535	U:AG[T>C]CC	1	143221.0	1074793859
JG0139e	6	14300436	N:GG[T>A]TC	1	704901.0	1075498760
JG0139e	6	15061404	N:AC[T>G]CA	-1	760968.0	1076259728
JG0139e	6	16063853	N:AC[T>G]TT	1	1002449.0	1077262177
JG0139e	6	16188206	N:AC[T>G]TT	-1	124353.0	1077386530
JG0139e	6	16534998	T:CA[C>A]CA	1	346792.0	1077733322
JG0139e	6	17005255	N:AC[T>A]TG	1	470257.0	1078203579
JG0139e	6	17188324	N:TC[T>C]TA	1	183069.0	1078386648
JG0139e	6	17321493	N:GG[T>G]TA	1	133169.0	1078519817
JG0139e	6	18234515	U:CC[T>G]TT	-1	913022.0	1079432839
JG0139e	6	18822702	N:AG[T>G]TT	1	588187.0	1080021026
JG0139e	6	19678132	N:CC[T>C]CA	1	855430.0	1080876456
JG0139e	6	20076371	N:TC[T>G]TT	1	398239.0	1081274695
JG0139e	6	20753697	U:AC[T>G]TC	1	677326.0	1081952021
JG0139e	6	20775294	T:AG[T>G]TT	-1	21597.0	1081973618
JG0139e	6	20906024	T:TA[C>A]TG	-1	130730.0	1082104348
JG0139e	6	21044964	U:TC[T>G]TC	1	138940.0	1082243288
JG0139e	6	21990414	N:TC[T>C]CT	1	945450.0	1083188738
JG0139e	6	22291493	U:AC[T>G]TG	-1	301079.0	1083489817
JG0139e	6	22822072	N:TG[T>A]TT	-1	530579.0	1084020396
JG0139e	6	23004519	N:TC[T>G]CT	-1	182447.0	1084202843
JG0139e	6	23418477	N:TC[T>A]GC	-1	413958.0	1084616801
JG0139e	6	23851326	N:AC[T>G]CT	1	432849.0	1085049650
JG0139e	6	23856946	N:TC[T>G]TT	-1	5620.0	1085055270
JG0139e	6	26562609	N:CC[T>C]TG	-1	2705663.0	1087760933
JG0139e	6	27065527	N:CC[T>A]CG	-1	502918.0	1088263851
JG0139e	6	27734773	N:AA[T>C]AG	-1	669246.0	1088933097
JG0139e	6	27786641	N:CT[C>A]TG	-1	51868.0	1088984965
JG0139e	6	27941990	N:CA[C>G]CT	1	155349.0	1089140314
JG0139e	6	29047061	N:TG[T>G]TT	1	1105071.0	1090245385
JG0139e	6	29252966	N:AC[T>C]TA	1	205905.0	1090451290
JG0139e	6	29451089	U:AC[T>G]TT	-1	198123.0	1090649413
JG0139e	6	29784181	N:CC[T>G]TG	-1	333092.0	1090982505
JG0139e	6	30582178	U:CC[T>A]CC	1	797997.0	1091780502
JG0139e	6	30811753	N:TC[T>C]CT	1	229575.0	1092010077
JG0139e	6	31265017	N:AG[T>A]CC	1	453264.0	1092463341
JG0139e	6	32185682	T:GG[T>G]TT	1	920665.0	1093384006
JG0139e	6	32368487	U:AG[T>G]TC	-1	182805.0	1093566811
JG0139e	6	32689382	N:GC[T>G]TT	1	320895.0	1093887706
JG0139e	6	33103735	N:TG[T>G]TC	-1	414353.0	1094302059
JG0139e	6	33560787	N:TC[T>G]TT	1	457052.0	1094759111
JG0139e	6	34259007	N:AC[T>G]TT	-1	698220.0	1095457331
JG0139e	6	34403044	U:TC[T>A]TT	-1	144037.0	1095601368
JG0139e	6	35813313	U:TC[T>C]CG	1	1410269.0	1097011637
JG0139e	6	36361020	T:CT[T>G]TC	1	547707.0	1097559344
JG0139e	6	37668046	T:AC[T>G]TC	1	1307026.0	1098866370
JG0139e	6	37811921	N:AG[C>A]AT	-1	143875.0	1099010245
JG0139e	6	38142863	U:CC[T>G]TG	1	330942.0	1099341187
JG0139e	6	38743115	U:GC[T>G]TA	1	600252.0	1099941439
JG0139e	6	38924125	T:GG[T>G]TT	-1	181010.0	1100122449
JG0139e	6	39160643	N:TC[T>G]TT	1	236518.0	1100358967
JG0139e	6	39277385	N:CT[C>A]TA	-1	116742.0	1100475709
JG0139e	6	39605646	T:TC[T>G]TC	1	328261.0	1100803970
JG0139e	6	40107128	N:TC[T>C]GT	-1	501482.0	1101305452
JG0139e	6	40802329	N:GC[T>C]CA	1	695201.0	1102000653
JG0139e	6	41096235	B:CC[T>C]CA	1	293906.0	1102294559
JG0139e	6	41674729	N:CA[C>G]CC	1	578494.0	1102873053
JG0139e	6	41951782	U:TC[T>A]GT	-1	277053.0	1103150106
JG0139e	6	42100517	N:TC[T>G]CC	-1	148735.0	1103298841
JG0139e	6	42636743	T:AC[T>G]TC	-1	536226.0	1103835067
JG0139e	6	42656091	T:AC[T>G]TG	-1	19348.0	1103854415
JG0139e	6	44420576	U:TC[T>G]CG	1	1764485.0	1105618900
JG0139e	6	44750280	N:GG[T>G]TT	-1	329704.0	1105948604
JG0139e	6	44796332	N:TT[T>G]TG	1	46052.0	1105994656
JG0139e	6	44871322	T:CC[T>C]CA	1	74990.0	1106069646
JG0139e	6	45026363	T:AG[T>G]TC	1	155041.0	1106224687
JG0139e	6	45349294	B:CC[T>C]TA	-1	322931.0	1106547618
JG0139e	6	45562648	T:CC[T>A]CT	-1	213354.0	1106760972
JG0139e	6	45965450	U:AC[T>A]TC	-1	402802.0	1107163774
JG0139e	6	47474782	N:TA[T>G]TT	-1	1509332.0	1108673106
JG0139e	6	47700875	T:AC[T>A]CA	-1	226093.0	1108899199
JG0139e	6	47715176	T:CC[T>C]GG	-1	14301.0	1108913500
JG0139e	6	47841614	N:AT[C>A]TC	-1	126438.0	1109039938
JG0139e	6	48028365	U:TA[T>G]TA	-1	186751.0	1109226689
JG0139e	6	49787556	N:CC[T>C]TC	1	1759191.0	1110985880
JG0139e	6	50407995	N:TC[T>G]TT	1	620439.0	1111606319
JG0139e	6	50814814	N:TA[T>G]TG	-1	406819.0	1112013138
JG0139e	6	50853251	N:AC[T>C]CT	1	38437.0	1112051575
JG0139e	6	51076689	N:TC[T>C]CA	1	223438.0	1112275013
JG0139e	6	51397741	N:GG[T>G]CT	1	321052.0	1112596065
JG0139e	6	51656569	U:TC[T>C]TC	-1	258828.0	1112854893
JG0139e	6	51870733	U:CT[T>G]TT	-1	214164.0	1113069057
JG0139e	6	52298452	N:CC[T>C]TT	1	427719.0	1113496776
JG0139e	6	52302613	N:AC[T>C]CT	1	4161.0	1113500937
JG0139e	6	53174736	N:GC[T>C]AT	1	872123.0	1114373060
JG0139e	6	53846261	T:GC[T>C]TC	-1	671525.0	1115044585
JG0139e	6	53908782	T:TT[T>G]TC	-1	62521.0	1115107106
JG0139e	6	53972431	T:CC[T>C]CC	-1	63649.0	1115170755
JG0139e	6	54461161	N:GC[T>G]TA	-1	488730.0	1115659485
JG0139e	6	54759087	N:GT[C>T]AG	1	297926.0	1115957411
JG0139e	6	54766074	N:CC[T>G]TA	-1	6987.0	1115964398
JG0139e	6	55106444	N:AC[T>G]TT	-1	340370.0	1116304768
JG0139e	6	56127403	T:AC[T>G]TC	1	1020959.0	1117325727
JG0139e	6	56711976	U:GC[T>A]GG	-1	584573.0	1117910300
JG0139e	6	57054151	T:TC[T>G]TA	-1	342175.0	1118252475
JG0139e	6	58306644	N:AC[T>G]CC	-1	1252493.0	1119504968
JG0139e	6	58647118	N:AC[T>G]TT	1	340474.0	1119845442
JG0139e	6	60280110	N:TA[C>A]AA	-1	1632992.0	1121478434
JG0139e	6	60350349	N:AC[T>C]CC	-1	70239.0	1121548673
JG0139e	6	60373473	N:GA[T>G]TC	1	23124.0	1121571797
JG0139e	6	60624284	N:AC[T>G]TT	1	250811.0	1121822608
JG0139e	6	60777332	N:AC[T>G]TT	-1	153048.0	1121975656
JG0139e	6	61363133	N:AA[T>G]CG	-1	585801.0	1122561457
JG0139e	6	62570079	N:AC[T>A]TT	-1	1206946.0	1123768403
JG0139e	6	62888494	N:CC[T>A]TG	-1	318415.0	1124086818
JG0139e	6	64273454	T:TC[T>C]TT	1	1384960.0	1125471778
JG0139e	6	64307151	T:GC[T>C]TC	1	33697.0	1125505475
JG0139e	6	65014476	T:AC[T>C]GA	1	707325.0	1126212800
JG0139e	6	65235885	T:AT[C>G]TT	1	221409.0	1126434209
JG0139e	6	65683852	T:TC[T>C]CT	1	447967.0	1126882176
JG0139e	6	65820385	N:AA[C>A]TG	1	136533.0	1127018709
JG0139e	6	66264704	N:GG[T>G]TC	-1	444319.0	1127463028
JG0139e	6	66316280	N:CC[T>C]CC	-1	51576.0	1127514604
JG0139e	6	66335075	N:AC[T>G]GC	1	18795.0	1127533399
JG0139e	6	66387119	N:TA[T>G]TC	-1	52044.0	1127585443
JG0139e	6	66703199	N:CG[C>A]AC	-1	316080.0	1127901523
JG0139e	6	68000336	N:TA[T>G]TA	1	1297137.0	1129198660
JG0139e	6	68124362	N:TT[T>G]TT	-1	124026.0	1129322686
JG0139e	6	68214528	N:CC[T>G]TT	1	90166.0	1129412852
JG0139e	6	68499562	N:AA[T>G]TT	1	285034.0	1129697886
JG0139e	6	69672933	N:CC[T>C]TT	1	1173371.0	1130871257
JG0139e	6	70308980	N:TC[T>G]TG	-1	636047.0	1131507304
JG0139e	6	70385825	N:AG[T>G]TT	-1	76845.0	1131584149
JG0139e	6	70669980	T:CC[T>G]CA	-1	284155.0	1131868304
JG0139e	6	72282295	U:GC[T>G]TA	1	1612315.0	1133480619
JG0139e	6	73317317	N:GC[T>G]TA	-1	1035022.0	1134515641
JG0139e	6	73490161	U:GT[T>G]TA	1	172844.0	1134688485
JG0139e	6	73985721	N:TC[T>C]CA	1	495560.0	1135184045
JG0139e	6	76208358	N:CC[T>C]CA	1	2222637.0	1137406682
JG0139e	6	76598362	N:CC[T>G]TT	-1	390004.0	1137796686
JG0139e	6	77288881	N:TC[T>G]TT	1	690519.0	1138487205
JG0139e	6	77308513	N:CT[C>A]AG	1	19632.0	1138506837
JG0139e	6	78219693	N:AC[T>G]TT	1	911180.0	1139418017
JG0139e	6	78407524	N:GG[T>A]CA	1	187831.0	1139605848
JG0139e	6	78705684	N:CC[T>C]CC	-1	298160.0	1139904008
JG0139e	6	81490341	N:AC[T>C]CT	-1	2784657.0	1142688665
JG0139e	6	82770344	N:AC[T>A]CT	1	1280003.0	1143968668
JG0139e	6	82796664	N:AC[T>C]TT	1	26320.0	1143994988
JG0139e	6	83809622	N:TC[T>C]TT	1	1012958.0	1145007946
JG0139e	6	84066772	U:AC[T>C]AA	1	257150.0	1145265096
JG0139e	6	84375084	N:AC[T>C]TC	1	308312.0	1145573408
JG0139e	6	84389873	N:TG[T>A]CT	-1	14789.0	1145588197
JG0139e	6	84773260	N:CC[T>G]TT	-1	383387.0	1145971584
JG0139e	6	85995540	N:GC[T>G]TC	1	1222280.0	1147193864
JG0139e	6	86287802	N:CC[T>C]TC	1	292262.0	1147486126
JG0139e	6	87114346	N:AC[T>G]CA	-1	826544.0	1148312670
JG0139e	6	87435462	U:GG[T>G]TT	1	321116.0	1148633786
JG0139e	6	87896927	N:CA[C>A]AT	-1	461465.0	1149095251
JG0139e	6	87946147	N:AC[T>G]TG	1	49220.0	1149144471
JG0139e	6	88517207	N:AC[T>G]TC	1	571060.0	1149715531
JG0139e	6	90161511	T:TA[T>G]TT	1	1644304.0	1151359835
JG0139e	6	90607994	N:CC[T>A]CA	-1	446483.0	1151806318
JG0139e	6	91336305	N:TG[T>G]TA	-1	728311.0	1152534629
JG0139e	6	91665834	N:TG[T>A]TG	1	329529.0	1152864158
JG0139e	6	93803742	N:TC[T>C]CA	1	2137908.0	1155002066
JG0139e	6	93811977	N:CC[T>C]TC	-1	8235.0	1155010301
JG0139e	6	94321741	N:AC[T>G]TT	1	509764.0	1155520065
JG0139e	6	94589107	N:AC[T>C]TA	-1	267366.0	1155787431
JG0139e	6	94639766	N:GC[T>G]TG	-1	50659.0	1155838090
JG0139e	6	94888662	N:TA[C>A]AT	-1	248896.0	1156086986
JG0139e	6	95399930	N:CC[T>C]TC	-1	511268.0	1156598254
JG0139e	6	95721427	N:TG[T>G]TT	-1	321497.0	1156919751
JG0139e	6	96415643	N:AC[T>G]TT	-1	694216.0	1157613967
JG0139e	6	96522891	T:TC[T>A]CT	-1	107248.0	1157721215
JG0139e	6	97110283	U:TC[T>C]AG	1	587392.0	1158308607
JG0139e	6	97430260	N:TC[T>G]TC	1	319977.0	1158628584
JG0139e	6	98227622	N:TA[T>G]TA	-1	797362.0	1159425946
JG0139e	6	98313615	N:TC[T>G]TA	-1	85993.0	1159511939
JG0139e	6	100391176	T:AC[T>C]TT	1	2077561.0	1161589500
JG0139e	6	102408091	N:CC[T>A]TT	-1	2016915.0	1163606415
JG0139e	6	103446822	N:GG[T>C]GG	-1	1038731.0	1164645146
JG0139e	6	103553843	N:TG[T>G]TT	-1	107021.0	1164752167
JG0139e	6	104327701	N:TC[T>C]CA	1	773858.0	1165526025
JG0139e	6	105432936	N:GC[T>C]TT	1	1105235.0	1166631260
JG0139e	6	106048175	T:GC[T>C]CA	1	615239.0	1167246499
JG0139e	6	106383108	U:AC[T>C]AG	1	334933.0	1167581432
JG0139e	6	106679644	N:TC[T>A]TG	-1	296536.0	1167877968
JG0139e	6	106944020	N:AA[T>G]TA	1	264376.0	1168142344
JG0139e	6	107723214	U:AC[T>G]TA	-1	779194.0	1168921538
JG0139e	6	108321206	U:CC[T>G]TC	1	597992.0	1169519530
JG0139e	6	109479075	U:AC[T>G]TT	-1	1157869.0	1170677399
JG0139e	6	110183329	T:TC[T>C]CT	-1	704254.0	1171381653
JG0139e	6	111492890	N:AC[T>G]TA	-1	1309561.0	1172691214
JG0139e	6	112765068	N:AC[T>A]GG	-1	1272178.0	1173963392
JG0139e	6	112985870	N:CA[T>G]CA	-1	220802.0	1174184194
JG0139e	6	113089051	N:AG[T>G]TT	-1	103181.0	1174287375
JG0139e	6	113210266	N:TC[T>A]CT	-1	121215.0	1174408590
JG0139e	6	113271544	N:TG[T>C]TG	1	61278.0	1174469868
JG0139e	6	113435206	N:GC[T>C]TC	1	163662.0	1174633530
JG0139e	6	113552853	N:TG[T>G]TT	-1	117647.0	1174751177
JG0139e	6	115051512	N:TC[C>A]AG	1	1498659.0	1176249836
JG0139e	6	115349986	N:TC[T>G]TT	-1	298474.0	1176548310
JG0139e	6	115570606	N:CC[T>A]TG	1	220620.0	1176768930
JG0139e	6	115951219	U:TT[T>A]TA	-1	380613.0	1177149543
JG0139e	6	116048943	T:CC[T>G]TA	1	97724.0	1177247267
JG0139e	6	117322220	U:CT[T>G]TC	-1	1273277.0	1178520544
JG0139e	6	117343996	T:GC[T>G]CA	1	21776.0	1178542320
JG0139e	6	119345425	T:AA[T>G]TT	1	2001429.0	1180543749
JG0139e	6	119413017	N:TG[T>G]TT	1	67592.0	1180611341
JG0139e	6	119744212	N:GC[T>C]CA	-1	331195.0	1180942536
JG0139e	6	119860148	N:AC[T>G]TG	1	115936.0	1181058472
JG0139e	6	121052409	N:CC[T>G]TC	-1	1192261.0	1182250733
JG0139e	6	121212105	U:TG[T>C]TT	-1	159696.0	1182410429
JG0139e	6	122668687	T:AC[T>C]AG	-1	1456582.0	1183867011
JG0139e	6	123583335	T:TC[T>C]GG	1	914648.0	1184781659
JG0139e	6	123621044	T:CA[C>G]TG	1	37709.0	1184819368
JG0139e	6	123818681	T:TC[T>C]TG	-1	197637.0	1185017005
JG0139e	6	123848744	U:AC[T>C]TT	1	30063.0	1185047068
JG0139e	6	124621350	T:TT[T>G]TG	-1	772606.0	1185819674
JG0139e	6	124769554	T:AT[C>G]TT	-1	148204.0	1185967878
JG0139e	6	125154634	T:GC[T>C]CC	-1	385080.0	1186352958
JG0139e	6	125851960	U:TC[T>G]TG	1	697326.0	1187050284
JG0139e	6	126151868	N:CC[T>G]TC	1	299908.0	1187350192
JG0139e	6	126318313	N:TT[C>A]TA	1	166445.0	1187516637
JG0139e	6	126929570	N:AC[T>C]CT	1	611257.0	1188127894
JG0139e	6	127111204	N:GC[T>G]CC	-1	181634.0	1188309528
JG0139e	6	127538393	N:TC[T>G]TA	-1	427189.0	1188736717
JG0139e	6	128626326	N:GC[T>G]AC	1	1087933.0	1189824650
JG0139e	6	128675450	N:CC[T>A]TT	1	49124.0	1189873774
JG0139e	6	128802956	N:AC[T>G]CT	1	127506.0	1190001280
JG0139e	6	129305131	U:TG[T>A]CT	1	502175.0	1190503455
JG0139e	6	130400790	U:TC[T>C]TG	1	1095659.0	1191599114
JG0139e	6	131805508	N:GG[T>G]TC	1	1404718.0	1193003832
JG0139e	6	133435046	T:AG[T>C]CC	-1	1629538.0	1194633370
JG0139e	6	135109376	N:TG[T>C]TC	-1	1674330.0	1196307700
JG0139e	6	135140816	N:TA[T>G]TG	-1	31440.0	1196339140
JG0139e	6	135423012	U:GC[T>C]GA	-1	282196.0	1196621336
JG0139e	6	135768280	N:TG[T>G]TT	1	345268.0	1196966604
JG0139e	6	136412666	U:TC[T>C]CA	-1	644386.0	1197610990
JG0139e	6	136477090	T:AC[T>G]AA	1	64424.0	1197675414
JG0139e	6	136495058	U:GC[T>G]TC	-1	17968.0	1197693382
JG0139e	6	136609733	T:GT[C>A]AC	1	114675.0	1197808057
JG0139e	6	137618907	N:TC[T>G]TA	1	1009174.0	1198817231
JG0139e	6	137837173	N:TC[T>C]TA	1	218266.0	1199035497
JG0139e	6	138034652	N:CC[T>C]CC	1	197479.0	1199232976
JG0139e	6	138185443	T:GG[T>G]CA	-1	150791.0	1199383767
JG0139e	6	138564852	U:GC[T>C]TT	-1	379409.0	1199763176
JG0139e	6	139937330	N:CC[T>C]TA	-1	1372478.0	1201135654
JG0139e	6	140033091	N:CC[T>G]TT	-1	95761.0	1201231415
JG0139e	6	140737858	N:AA[C>G]AT	1	704767.0	1201936182
JG0139e	6	140991445	N:TC[T>A]TC	1	253587.0	1202189769
JG0139e	6	141988437	N:TC[T>C]GA	1	996992.0	1203186761
JG0139e	6	142093127	N:TC[T>G]TA	1	104690.0	1203291451
JG0139e	6	142340042	T:AC[T>G]TT	-1	246915.0	1203538366
JG0139e	6	142371973	U:TC[T>G]TT	1	31931.0	1203570297
JG0139e	6	143800023	U:TC[T>A]TT	1	1428050.0	1204998347
JG0139e	6	144111818	N:GG[T>G]TA	1	311795.0	1205310142
JG0139e	6	145064146	N:CC[T>C]CT	1	952328.0	1206262470
JG0139e	6	146346445	T:TA[T>G]TT	-1	1282299.0	1207544769
JG0139e	6	146997692	N:CC[T>G]CC	-1	651247.0	1208196016
JG0139e	6	147103916	N:TC[T>G]TA	1	106224.0	1208302240
JG0139e	6	149238445	T:CC[T>G]TG	-1	2134529.0	1210436769
JG0139e	6	149897253	T:TC[T>G]CG	1	658808.0	1211095577
JG0139e	6	149904962	N:GC[T>C]CT	-1	7709.0	1211103286
JG0139e	6	150515484	N:CC[T>A]TC	-1	610522.0	1211713808
JG0139e	6	150585605	N:GA[C>G]TT	-1	70121.0	1211783929
JG0139e	6	150694829	U:TG[T>G]TT	1	109224.0	1211893153
JG0139e	6	150810477	T:TT[T>C]CT	-1	115648.0	1212008801
JG0139e	6	152627077	U:TC[T>C]TT	-1	1816600.0	1213825401
JG0139e	6	152826647	N:TG[T>G]TT	1	199570.0	1214024971
JG0139e	6	152992014	T:AC[T>G]TT	1	165367.0	1214190338
JG0139e	6	153974249	N:TC[T>G]TT	1	982235.0	1215172573
JG0139e	6	155583218	N:CC[T>G]CC	1	1608969.0	1216781542
JG0139e	6	157121998	U:AA[C>T]AC	1	1538780.0	1218320322
JG0139e	6	157262174	N:CC[T>C]TT	1	140176.0	1218460498
JG0139e	6	157715585	T:TC[T>A]TT	-1	453411.0	1218913909
JG0139e	6	157915037	U:TC[T>G]TT	1	199452.0	1219113361
JG0139e	6	158696215	U:TT[T>G]TT	1	781178.0	1219894539
JG0139e	6	159855861	N:TC[T>G]TG	-1	1159646.0	1221054185
JG0139e	6	160289041	N:AC[T>G]AT	-1	433180.0	1221487365
JG0139e	6	160920279	N:CC[T>C]TC	1	631238.0	1222118603
JG0139e	6	161170791	T:CT[T>G]TT	1	250512.0	1222369115
JG0139e	6	162134226	U:GC[T>G]TC	-1	963435.0	1223332550
JG0139e	6	163796933	N:AA[T>G]TC	-1	1662707.0	1224995257
JG0139e	6	164426688	N:AT[C>A]TG	-1	629755.0	1225625012
JG0139e	6	164659596	N:AC[T>C]TC	1	232908.0	1225857920
JG0139e	6	164851369	N:TG[T>G]TT	1	191773.0	1226049693
JG0139e	6	165150660	N:TC[T>C]CA	-1	299291.0	1226348984
JG0139e	6	165288139	T:TC[T>A]CA	1	137479.0	1226486463
JG0139e	6	165782277	T:GC[T>G]TC	1	494138.0	1226980601
JG0139e	6	165786565	T:TC[T>G]TC	1	4288.0	1226984889
JG0139e	6	166034115	N:TC[T>C]GC	1	247550.0	1227232439
JG0139e	6	167461587	N:TC[T>C]TT	1	1427472.0	1228659911
JG0139e	6	167844021	U:TG[T>A]GG	1	382434.0	1229042345
JG0139e	6	168856108	N:TC[T>G]TC	-1	1012087.0	1230054432
JG0139e	6	169634046	U:AC[T>G]TT	-1	777938.0	1230832370
JG0139e	7	536126	N:CC[T>C]TT	-1		1232540429
JG0139e	7	546747	N:AC[T>C]TT	-1	10621.0	1232551050
JG0139e	7	619180	U:CG[T>G]CC	-1	72433.0	1232623483
JG0139e	7	770935	T:GC[T>C]TC	-1	151755.0	1232775238
JG0139e	7	1905244	U:CC[T>C]CG	-1	1134309.0	1233909547
JG0139e	7	1950353	T:CG[T>C]CC	1	45109.0	1233954656
JG0139e	7	2099792	T:CC[T>A]GG	1	149439.0	1234104095
JG0139e	7	2237244	T:CT[C>A]CC	1	137452.0	1234241547
JG0139e	7	2589259	U:AC[T>C]TG	1	352015.0	1234593562
JG0139e	7	3276745	N:CC[T>G]TT	-1	687486.0	1235281048
JG0139e	7	3648114	T:TA[T>G]TT	-1	371369.0	1235652417
JG0139e	7	3719964	T:TC[T>G]TG	-1	71850.0	1235724267
JG0139e	7	6003952	U:AA[T>G]CC	-1	2283988.0	1238008255
JG0139e	7	6207203	T:TC[T>C]CC	1	203251.0	1238211506
JG0139e	7	6398184	T:CC[T>C]CA	-1	190981.0	1238402487
JG0139e	7	6445094	U:GC[T>C]CT	-1	46910.0	1238449397
JG0139e	7	7492098	T:GC[T>G]TT	1	1047004.0	1239496401
JG0139e	7	7826961	T:TG[T>G]TC	-1	334863.0	1239831264
JG0139e	7	8383474	N:TC[T>C]TG	-1	556513.0	1240387777
JG0139e	7	8431004	N:TC[T>A]TC	1	47530.0	1240435307
JG0139e	7	8779766	N:TC[T>G]TC	-1	348762.0	1240784069
JG0139e	7	8846482	N:AA[T>G]TT	1	66716.0	1240850785
JG0139e	7	9199353	N:TC[T>G]TA	1	352871.0	1241203656
JG0139e	7	9308930	N:AC[T>G]TT	-1	109577.0	1241313233
JG0139e	7	9735389	N:TA[T>G]TT	1	426459.0	1241739692
JG0139e	7	10789084	N:AC[T>G]TT	-1	1053695.0	1242793387
JG0139e	7	10932737	U:CC[T>C]CA	-1	143653.0	1242937040
JG0139e	7	11174910	N:AC[T>A]TT	1	242173.0	1243179213
JG0139e	7	11801057	T:AC[T>G]TT	1	626147.0	1243805360
JG0139e	7	11897716	N:AT[T>G]TG	-1	96659.0	1243902019
JG0139e	7	11996830	N:AC[T>C]TA	1	99114.0	1244001133
JG0139e	7	12077229	N:CC[T>G]CT	1	80399.0	1244081532
JG0139e	7	12825890	N:CA[T>G]TA	-1	748661.0	1244830193
JG0139e	7	13320422	N:TG[T>G]TA	1	494532.0	1245324725
JG0139e	7	14350333	T:CC[T>C]GC	1	1029911.0	1246354636
JG0139e	7	14861356	U:AC[T>G]TC	-1	511023.0	1246865659
JG0139e	7	15203784	U:GC[T>C]CT	-1	342428.0	1247208087
JG0139e	7	16147446	T:AC[T>G]TA	1	943662.0	1248151749
JG0139e	7	16325777	U:TC[T>G]TA	-1	178331.0	1248330080
JG0139e	7	17154530	T:TC[T>G]TA	-1	828753.0	1249158833
JG0139e	7	17828210	U:AC[T>C]TG	-1	673680.0	1249832513
JG0139e	7	18219761	U:AC[T>C]TT	1	391551.0	1250224064
JG0139e	7	19104382	N:TC[T>G]TC	-1	884621.0	1251108685
JG0139e	7	19412516	N:TG[T>G]TG	1	308134.0	1251416819
JG0139e	7	19448634	N:TC[T>G]TA	1	36118.0	1251452937
JG0139e	7	19738755	T:CC[T>C]TG	1	290121.0	1251743058
JG0139e	7	19752800	U:TC[T>C]CT	-1	14045.0	1251757103
JG0139e	7	20221810	N:TC[T>C]TT	1	469010.0	1252226113
JG0139e	7	20315892	N:CC[T>G]TC	-1	94082.0	1252320195
JG0139e	7	21023166	N:TC[T>G]TG	-1	707274.0	1253027469
JG0139e	7	21050653	N:AC[T>A]TG	-1	27487.0	1253054956
JG0139e	7	21619232	U:CC[T>C]CG	1	568579.0	1253623535
JG0139e	7	22083124	N:CA[T>G]TC	1	463892.0	1254087427
JG0139e	7	22859013	N:CC[T>A]TT	-1	775889.0	1254863316
JG0139e	7	23096270	N:TC[T>G]TA	1	237257.0	1255100573
JG0139e	7	23120631	T:GA[T>C]CA	-1	24361.0	1255124934
JG0139e	7	23196103	U:AC[T>C]TT	1	75472.0	1255200406
JG0139e	7	23294990	N:GC[T>C]GT	1	98887.0	1255299293
JG0139e	7	23743095	T:CC[T>C]TA	-1	448105.0	1255747398
JG0139e	7	23751906	T:AC[T>A]TC	-1	8811.0	1255756209
JG0139e	7	24139391	N:AG[T>G]CA	1	387485.0	1256143694
JG0139e	7	24668587	T:CC[T>C]TG	-1	529196.0	1256672890
JG0139e	7	25433046	N:CC[T>C]CA	-1	764459.0	1257437349
JG0139e	7	25715367	N:GT[C>A]TT	1	282321.0	1257719670
JG0139e	7	26043973	N:TC[T>C]CA	-1	328606.0	1258048276
JG0139e	7	26249928	N:GC[T>C]TT	-1	205955.0	1258254231
JG0139e	7	26346327	U:GC[T>G]CT	1	96399.0	1258350630
JG0139e	7	26577362	N:GT[T>G]TA	-1	231035.0	1258581665
JG0139e	7	26662122	N:AC[T>C]CC	1	84760.0	1258666425
JG0139e	7	27435343	N:TG[T>G]TA	1	773221.0	1259439646
JG0139e	7	27848022	T:TC[T>G]TA	1	412679.0	1259852325
JG0139e	7	27972819	U:TC[T>G]TT	-1	124797.0	1259977122
JG0139e	7	28200252	N:GC[T>C]TT	1	227433.0	1260204555
JG0139e	7	28259306	N:TC[T>A]CA	-1	59054.0	1260263609
JG0139e	7	28878400	N:CC[T>G]TC	-1	619094.0	1260882703
JG0139e	7	29029306	T:AT[T>G]TT	1	150906.0	1261033609
JG0139e	7	29222339	U:TC[T>G]TC	1	193033.0	1261226642
JG0139e	7	29289213	T:AC[T>C]CA	-1	66874.0	1261293516
JG0139e	7	30352756	U:AC[T>C]CC	1	1063543.0	1262357059
JG0139e	7	30559671	N:TC[T>A]CC	1	206915.0	1262563974
JG0139e	7	31978088	U:CC[T>C]GG	-1	1418417.0	1263982391
JG0139e	7	32474001	N:AC[T>G]TT	1	495913.0	1264478304
JG0139e	7	32693077	N:GC[T>C]TA	-1	219076.0	1264697380
JG0139e	7	33322565	U:TT[T>G]TT	1	629488.0	1265326868
JG0139e	7	34873211	T:GG[T>G]TG	-1	1550646.0	1266877514
JG0139e	7	34955778	T:TA[C>T]TT	1	82567.0	1266960081
JG0139e	7	35213341	U:TC[T>G]CC	-1	257563.0	1267217644
JG0139e	7	36151126	N:TC[T>G]TA	1	937785.0	1268155429
JG0139e	7	36255869	U:GC[T>C]TT	1	104743.0	1268260172
JG0139e	7	36286932	U:GC[T>C]TG	1	31063.0	1268291235
JG0139e	7	36981591	T:GT[T>G]TG	1	694659.0	1268985894
JG0139e	7	37742668	T:TA[T>G]TC	-1	761077.0	1269746971
JG0139e	7	38706684	N:AC[T>C]GC	-1	964016.0	1270710987
JG0139e	7	39957265	U:TC[T>G]TG	1	1250581.0	1271961568
JG0139e	7	40399546	U:AG[T>G]TT	1	442281.0	1272403849
JG0139e	7	40472631	T:TC[T>C]CT	-1	73085.0	1272476934
JG0139e	7	41925460	N:CG[T>G]TC	1	1452829.0	1273929763
JG0139e	7	42937716	U:AA[T>G]TT	1	1012256.0	1274942019
JG0139e	7	43124537	T:TG[T>A]GG	-1	186821.0	1275128840
JG0139e	7	43186667	U:TC[T>A]CA	1	62130.0	1275190970
JG0139e	7	44210756	U:GG[T>A]TA	1	1024089.0	1276215059
JG0139e	7	44727768	N:TC[T>C]GG	-1	517012.0	1276732071
JG0139e	7	45334976	N:TG[T>C]CA	-1	607208.0	1277339279
JG0139e	7	45850579	N:GC[T>G]TT	-1	515603.0	1277854882
JG0139e	7	46097953	N:TC[T>A]CA	1	247374.0	1278102256
JG0139e	7	47214429	N:GG[T>G]TT	-1	1116476.0	1279218732
JG0139e	7	47655585	N:CC[T>G]TG	-1	441156.0	1279659888
JG0139e	7	47801065	T:CC[T>C]CC	1	145480.0	1279805368
JG0139e	7	48141332	N:CC[C>A]AA	-1	340267.0	1280145635
JG0139e	7	48942366	N:AC[T>G]AG	1	801034.0	1280946669
JG0139e	7	49422199	N:TC[T>C]TC	-1	479833.0	1281426502
JG0139e	7	49595792	N:TC[T>G]CT	-1	173593.0	1281600095
JG0139e	7	49750258	N:GG[C>A]GC	1	154466.0	1281754561
JG0139e	7	49951082	T:AA[T>G]TT	1	200824.0	1281955385
JG0139e	7	50459559	T:TC[T>A]CT	1	508477.0	1282463862
JG0139e	7	51248839	U:CC[T>G]TA	-1	789280.0	1283253142
JG0139e	7	51587075	N:TC[T>A]CC	1	338236.0	1283591378
JG0139e	7	52461543	N:TC[T>G]TC	-1	874468.0	1284465846
JG0139e	7	52469443	N:AA[C>A]AC	-1	7900.0	1284473746
JG0139e	7	52985056	N:TC[T>G]TT	-1	515613.0	1284989359
JG0139e	7	53395711	N:GG[T>C]CA	1	410655.0	1285400014
JG0139e	7	53859384	N:TG[T>G]TG	1	463673.0	1285863687
JG0139e	7	54019074	N:TT[T>G]TG	1	159690.0	1286023377
JG0139e	7	54236114	N:TC[T>G]TT	-1	217040.0	1286240417
JG0139e	7	54885963	N:TC[T>G]TA	-1	649849.0	1286890266
JG0139e	7	55382683	T:GC[T>A]CA	-1	496720.0	1287386986
JG0139e	7	55674537	N:TC[T>C]TA	1	291854.0	1287678840
JG0139e	7	56323219	N:CC[T>G]TC	1	648682.0	1288327522
JG0139e	7	56576008	N:GC[T>C]GC	1	252789.0	1288580311
JG0139e	7	56851345	N:AC[T>G]TC	-1	275337.0	1288855648
JG0139e	7	57523288	N:CC[T>C]AT	-1	671943.0	1289527591
JG0139e	7	58343173	N:GC[T>G]TT	1	819885.0	1290347476
JG0139e	7	58775826	N:GC[T>G]CT	-1	432653.0	1290780129
JG0139e	7	59447567	N:TC[T>A]TC	-1	671741.0	1291451870
JG0139e	7	59842184	N:AC[T>G]TT	-1	394617.0	1291846487
JG0139e	7	60021875	N:GC[T>C]CT	-1	179691.0	1292026178
JG0139e	7	60130522	N:CC[T>C]TG	1	108647.0	1292134825
JG0139e	7	61457363	N:CC[T>G]GC	-1	1326841.0	1293461666
JG0139e	7	61888643	N:AC[T>G]TG	1	431280.0	1293892946
JG0139e	7	61934101	N:AG[T>G]TT	-1	45458.0	1293938404
JG0139e	7	62089413	N:GC[T>A]CA	1	155312.0	1294093716
JG0139e	7	62378191	N:CC[T>C]TG	1	288778.0	1294382494
JG0139e	7	62771120	N:AC[T>G]TT	1	392929.0	1294775423
JG0139e	7	63577037	N:AA[T>C]GA	1	805917.0	1295581340
JG0139e	7	63683365	N:GC[T>C]CC	1	106328.0	1295687668
JG0139e	7	63968035	N:AG[T>G]TG	1	284670.0	1295972338
JG0139e	7	64012630	U:AC[T>C]AA	1	44595.0	1296016933
JG0139e	7	64255017	T:TC[T>G]TT	-1	242387.0	1296259320
JG0139e	7	64440096	N:TT[T>C]AA	-1	185079.0	1296444399
JG0139e	7	65213320	N:TC[T>A]TT	-1	773224.0	1297217623
JG0139e	7	65481723	N:TC[T>G]TT	-1	268403.0	1297486026
JG0139e	7	65896724	T:GC[C>A]CA	-1	415001.0	1297901027
JG0139e	7	66081508	T:CC[T>G]CC	-1	184784.0	1298085811
JG0139e	7	66383901	N:TA[T>G]TC	-1	302393.0	1298388204
JG0139e	7	66852770	N:AC[T>A]AT	-1	468869.0	1298857073
JG0139e	7	67610213	N:TG[T>G]CT	1	757443.0	1299614516
JG0139e	7	67615705	N:AC[T>G]GA	-1	5492.0	1299620008
JG0139e	7	67745462	N:GA[T>G]TT	1	129757.0	1299749765
JG0139e	7	68217151	N:CC[T>A]CC	-1	471689.0	1300221454
JG0139e	7	68810353	N:TC[T>G]CC	-1	593202.0	1300814656
JG0139e	7	69047412	N:CC[T>G]TA	1	237059.0	1301051715
JG0139e	7	69325187	N:GA[T>G]TA	-1	277775.0	1301329490
JG0139e	7	69929654	U:TG[T>A]TT	1	604467.0	1301933957
JG0139e	7	71357743	T:GC[T>G]TC	-1	1428089.0	1303362046
JG0139e	7	72017020	T:GC[T>C]GG	1	659277.0	1304021323
JG0139e	7	72192039	T:CC[T>C]GA	1	175019.0	1304196342
JG0139e	7	72752344	U:CC[T>C]TG	-1	560305.0	1304756647
JG0139e	7	72829861	N:AC[T>G]CG	-1	77517.0	1304834164
JG0139e	7	73631030	N:CG[T>G]CT	-1	801169.0	1305635333
JG0139e	7	73735226	N:CC[T>C]CT	1	104196.0	1305739529
JG0139e	7	73926152	N:CC[T>G]CT	1	190926.0	1305930455
JG0139e	7	74644660	N:AC[T>G]TT	-1	718508.0	1306648963
JG0139e	7	74809541	U:CT[C>A]AG	-1	164881.0	1306813844
JG0139e	7	75117293	T:AC[T>G]CC	-1	307752.0	1307121596
JG0139e	7	75550010	T:CC[T>G]GA	1	432717.0	1307554313
JG0139e	7	76473775	U:AC[T>A]CC	1	923765.0	1308478078
JG0139e	7	77555421	U:TC[T>G]TG	1	1081646.0	1309559724
JG0139e	7	78828120	U:AC[T>G]TG	-1	1272699.0	1310832423
JG0139e	7	79212304	T:TC[T>G]TC	1	384184.0	1311216607
JG0139e	7	79657638	N:CC[T>C]TC	-1	445334.0	1311661941
JG0139e	7	79739848	N:CC[T>G]TG	-1	82210.0	1311744151
JG0139e	7	80135459	U:TC[T>A]CT	1	395611.0	1312139762
JG0139e	7	80178126	T:TC[T>G]CT	-1	42667.0	1312182429
JG0139e	7	81441530	N:TA[T>A]TC	-1	1263404.0	1313445833
JG0139e	7	82226949	U:AA[T>G]AT	-1	785419.0	1314231252
JG0139e	7	82578723	N:AC[T>C]GG	1	351774.0	1314583026
JG0139e	7	83136587	T:TG[T>G]TA	1	557864.0	1315140890
JG0139e	7	83423395	T:TC[T>G]CA	1	286808.0	1315427698
JG0139e	7	83798531	N:AC[T>G]CA	-1	375136.0	1315802834
JG0139e	7	84189777	U:TC[T>G]TT	-1	391246.0	1316194080
JG0139e	7	84513476	N:AC[T>C]TT	1	323699.0	1316517779
JG0139e	7	85507054	N:AT[T>A]TA	1	993578.0	1317511357
JG0139e	7	85977799	N:AC[T>G]TT	-1	470745.0	1317982102
JG0139e	7	86374383	N:TA[C>A]TT	1	396584.0	1318378686
JG0139e	7	86673242	U:CC[T>C]CT	1	298859.0	1318677545
JG0139e	7	87027532	U:GG[T>G]TA	-1	354290.0	1319031835
JG0139e	7	87912851	N:AT[T>C]AT	1	885319.0	1319917154
JG0139e	7	88071272	U:AG[T>G]TC	1	158421.0	1320075575
JG0139e	7	88705232	N:CC[T>G]TA	-1	633960.0	1320709535
JG0139e	7	89075597	T:TG[T>C]TC	-1	370365.0	1321079900
JG0139e	7	89774872	N:TC[T>G]TG	1	699275.0	1321779175
JG0139e	7	90584836	U:TC[T>C]TC	1	809964.0	1322589139
JG0139e	7	91322051	N:CA[T>C]CA	-1	737215.0	1323326354
JG0139e	7	91397127	N:TC[T>C]CT	1	75076.0	1323401430
JG0139e	7	91685023	N:AC[T>G]TT	-1	287896.0	1323689326
JG0139e	7	92042688	T:TC[T>A]CC	-1	357665.0	1324046991
JG0139e	7	92301854	U:TA[T>G]TA	1	259166.0	1324306157
JG0139e	7	93744367	T:TC[T>C]TT	-1	1442513.0	1325748670
JG0139e	7	94434982	N:TA[T>G]TC	1	690615.0	1326439285
JG0139e	7	94859782	N:TG[T>G]TA	1	424800.0	1326864085
JG0139e	7	94866439	N:AC[T>C]CC	-1	6657.0	1326870742
JG0139e	7	95041454	U:TC[T>G]TG	1	175015.0	1327045757
JG0139e	7	96139813	U:CC[T>G]TA	-1	1098359.0	1328144116
JG0139e	7	96628254	U:TC[T>C]TT	-1	488441.0	1328632557
JG0139e	7	97016891	N:GC[T>C]CA	-1	388637.0	1329021194
JG0139e	7	97121845	U:TT[T>G]TT	1	104954.0	1329126148
JG0139e	7	97414672	N:AC[T>G]TT	-1	292827.0	1329418975
JG0139e	7	97626745	N:CC[T>G]TA	-1	212073.0	1329631048
JG0139e	7	97865935	U:AT[T>G]TG	-1	239190.0	1329870238
JG0139e	7	97921944	N:CC[T>G]TC	1	56009.0	1329926247
JG0139e	7	98424131	N:CC[T>A]CA	-1	502187.0	1330428434
JG0139e	7	98455029	N:TC[T>G]TT	-1	30898.0	1330459332
JG0139e	7	100041694	N:GC[T>G]TG	1	1586665.0	1332045997
JG0139e	7	100658432	N:TC[T>C]TT	1	616738.0	1332662735
JG0139e	7	101382607	U:TC[T>G]CC	1	724175.0	1333386910
JG0139e	7	101397865	U:GC[T>G]TG	1	15258.0	1333402168
JG0139e	7	101460807	T:TC[T>C]TT	-1	62942.0	1333465110
JG0139e	7	101477115	T:AA[T>G]CC	-1	16308.0	1333481418
JG0139e	7	102207494	T:CC[T>G]GG	-1	730379.0	1334211797
JG0139e	7	102445786	U:TT[T>G]TC	1	238292.0	1334450089
JG0139e	7	102467383	T:TC[T>C]TC	-1	21597.0	1334471686
JG0139e	7	102630279	N:CC[T>C]CC	1	162896.0	1334634582
JG0139e	7	103032015	T:TG[T>G]TA	1	401736.0	1335036318
JG0139e	7	103364194	U:TC[T>G]TT	1	332179.0	1335368497
JG0139e	7	104112243	N:GA[T>A]TC	-1	748049.0	1336116546
JG0139e	7	105126769	T:GC[T>C]GG	1	1014526.0	1337131072
JG0139e	7	105772863	U:TT[C>T]CA	-1	646094.0	1337777166
JG0139e	7	105794957	T:AC[T>G]TC	1	22094.0	1337799260
JG0139e	7	105961373	N:GC[T>C]CC	1	166416.0	1337965676
JG0139e	7	106292932	N:CA[T>G]TC	1	331559.0	1338297235
JG0139e	7	106920622	N:TC[T>A]CT	-1	627690.0	1338924925
JG0139e	7	106983677	N:GG[T>C]TG	1	63055.0	1338987980
JG0139e	7	109577488	N:GT[C>A]AT	1	2593811.0	1341581791
JG0139e	7	110105782	N:TC[T>G]TG	-1	528294.0	1342110085
JG0139e	7	110590357	N:GG[T>G]TC	-1	484575.0	1342594660
JG0139e	7	110591074	N:GC[T>G]TT	-1	717.0	1342595377
JG0139e	7	111211213	T:GC[C>G]TT	1	620139.0	1343215516
JG0139e	7	111522585	U:GG[T>G]TT	-1	311372.0	1343526888
JG0139e	7	111941969	U:GC[T>C]TA	-1	419384.0	1343946272
JG0139e	7	111969825	U:GC[T>G]TC	-1	27856.0	1343974128
JG0139e	7	114441838	T:AC[T>A]GT	-1	2472013.0	1346446141
JG0139e	7	114823124	N:AC[C>T]GG	-1	381286.0	1346827427
JG0139e	7	115176190	N:TC[T>G]TT	-1	353066.0	1347180493
JG0139e	7	115205767	N:TC[T>G]CC	-1	29577.0	1347210070
JG0139e	7	115435012	N:CC[T>G]TT	-1	229245.0	1347439315
JG0139e	7	115797542	N:TG[T>G]TT	-1	362530.0	1347801845
JG0139e	7	116467187	N:CC[T>C]TG	1	669645.0	1348471490
JG0139e	7	117013742	T:TC[T>C]CC	-1	546555.0	1349018045
JG0139e	7	117535617	U:AC[T>C]TC	1	521875.0	1349539920
JG0139e	7	117709407	T:GA[T>C]TG	-1	173790.0	1349713710
JG0139e	7	118956841	N:TC[T>G]TA	-1	1247434.0	1350961144
JG0139e	7	119107157	N:TC[T>A]TC	-1	150316.0	1351111460
JG0139e	7	119383458	N:CA[T>G]TT	1	276301.0	1351387761
JG0139e	7	119664603	N:CC[T>G]TG	-1	281145.0	1351668906
JG0139e	7	120231731	N:TA[T>G]TT	1	567128.0	1352236034
JG0139e	7	120862722	N:TC[T>A]TT	-1	630991.0	1352867025
JG0139e	7	121287866	T:TC[T>C]TC	-1	425144.0	1353292169
JG0139e	7	121492545	N:TC[T>C]TT	-1	204679.0	1353496848
JG0139e	7	123971983	N:TC[T>G]TC	1	2479438.0	1355976286
JG0139e	7	124843826	T:GC[T>G]TT	1	871843.0	1356848129
JG0139e	7	125210995	N:CC[T>C]GT	-1	367169.0	1357215298
JG0139e	7	125569471	N:TC[T>A]TT	1	358476.0	1357573774
JG0139e	7	126034465	N:TG[T>C]CC	1	464994.0	1358038768
JG0139e	7	126310616	N:TC[T>G]TG	1	276151.0	1358314919
JG0139e	7	126844031	U:TC[T>G]TT	-1	533415.0	1358848334
JG0139e	7	126985712	T:TC[T>C]TC	1	141681.0	1358990015
JG0139e	7	126999388	U:CA[T>G]TT	-1	13676.0	1359003691
JG0139e	7	127284622	N:TC[T>C]GA	1	285234.0	1359288925
JG0139e	7	128479760	U:TA[T>G]TA	1	1195138.0	1360484063
JG0139e	7	128955149	U:GC[T>C]GG	-1	475389.0	1360959452
JG0139e	7	129279019	U:TC[T>C]TT	1	323870.0	1361283322
JG0139e	7	129334688	T:CA[T>G]CC	-1	55669.0	1361338991
JG0139e	7	129985848	N:TC[T>G]CA	1	651160.0	1361990151
JG0139e	7	130086872	U:AC[T>G]TA	1	101024.0	1362091175
JG0139e	7	130455068	N:AC[T>C]TA	1	368196.0	1362459371
JG0139e	7	130501761	U:AC[T>G]TT	1	46693.0	1362506064
JG0139e	7	130517344	U:TC[T>A]TA	-1	15583.0	1362521647
JG0139e	7	130952519	N:AC[T>A]TT	-1	435175.0	1362956822
JG0139e	7	131119919	U:GC[T>G]GC	1	167400.0	1363124222
JG0139e	7	131157416	U:CT[T>A]AG	1	37497.0	1363161719
JG0139e	7	131574033	N:TC[T>G]CA	-1	416617.0	1363578336
JG0139e	7	131647341	N:GC[T>G]TC	1	73308.0	1363651644
JG0139e	7	132099994	N:AC[T>G]TT	-1	452653.0	1364104297
JG0139e	7	133124298	N:CC[T>G]GT	-1	1024304.0	1365128601
JG0139e	7	133320925	U:TC[T>G]TA	1	196627.0	1365325228
JG0139e	7	133428463	T:TC[T>C]TC	-1	107538.0	1365432766
JG0139e	7	133687146	U:AC[T>A]CA	1	258683.0	1365691449
JG0139e	7	133720996	U:TT[T>C]TG	1	33850.0	1365725299
JG0139e	7	134328342	N:AC[T>C]CA	-1	607346.0	1366332645
JG0139e	7	134857818	T:AC[T>A]TC	-1	529476.0	1366862121
JG0139e	7	134935824	T:TC[T>C]TG	-1	78006.0	1366940127
JG0139e	7	135226422	N:CC[T>G]TT	-1	290598.0	1367230725
JG0139e	7	136275972	N:AC[T>C]TC	1	1049550.0	1368280275
JG0139e	7	136693676	N:AG[T>G]TT	-1	417704.0	1368697979
JG0139e	7	137841851	T:TG[T>G]TG	1	1148175.0	1369846154
JG0139e	7	138005041	N:TG[T>G]TT	1	163190.0	1370009344
JG0139e	7	139179540	U:CC[T>G]CA	1	1174499.0	1371183843
JG0139e	7	139427518	N:AC[T>G]TG	-1	247978.0	1371431821
JG0139e	7	139450451	N:TC[T>C]TG	1	22933.0	1371454754
JG0139e	7	139725571	T:AC[T>G]TC	1	275120.0	1371729874
JG0139e	7	141318517	U:AC[T>C]AA	1	1592946.0	1373322820
JG0139e	7	142265649	N:CT[T>A]TG	-1	947132.0	1374269952
JG0139e	7	142433211	N:AG[C>T]TA	1	167562.0	1374437514
JG0139e	7	142816276	N:TG[T>G]TC	-1	383065.0	1374820579
JG0139e	7	143100323	N:TC[T>G]TA	1	284047.0	1375104626
JG0139e	7	144216566	N:AC[T>G]TC	-1	1116243.0	1376220869
JG0139e	7	144957374	N:TC[T>C]GG	1	740808.0	1376961677
JG0139e	7	145041026	N:TT[C>A]TT	-1	83652.0	1377045329
JG0139e	7	145934386	N:TC[T>C]GT	-1	893360.0	1377938689
JG0139e	7	146238126	U:AG[T>C]GT	1	303740.0	1378242429
JG0139e	7	146306323	T:CC[T>C]CT	-1	68197.0	1378310626
JG0139e	7	146348515	U:TC[T>C]AA	1	42192.0	1378352818
JG0139e	7	147163931	U:AC[T>C]CA	1	815416.0	1379168234
JG0139e	7	147228055	U:TG[T>G]CA	1	64124.0	1379232358
JG0139e	7	147364450	U:TG[T>G]GA	1	136395.0	1379368753
JG0139e	7	147424971	U:CC[T>C]GT	1	60521.0	1379429274
JG0139e	7	148253644	U:TC[T>G]CT	1	828673.0	1380257947
JG0139e	7	148758142	U:TC[T>C]CC	1	504498.0	1380762445
JG0139e	7	148893177	N:AC[T>G]CC	-1	135035.0	1380897480
JG0139e	7	149034011	N:GG[T>C]CT	-1	140834.0	1381038314
JG0139e	7	149171828	U:CC[T>C]GG	1	137817.0	1381176131
JG0139e	7	149194144	N:AG[T>G]AA	1	22316.0	1381198447
JG0139e	7	149211246	T:TC[T>G]CT	-1	17102.0	1381215549
JG0139e	7	149671210	N:CC[T>G]TT	-1	459964.0	1381675513
JG0139e	7	149787317	U:TC[T>G]TC	1	116107.0	1381791620
JG0139e	7	150298906	U:TC[T>C]TT	-1	511589.0	1382303209
JG0139e	7	150306906	U:TC[T>G]TA	-1	8000.0	1382311209
JG0139e	7	150472465	T:AG[T>C]CT	-1	165559.0	1382476768
JG0139e	7	150492159	N:CC[T>G]TT	-1	19694.0	1382496462
JG0139e	7	151153361	U:TC[T>C]TT	-1	661202.0	1383157664
JG0139e	7	151451207	N:TC[T>G]TA	-1	297846.0	1383455510
JG0139e	7	152173763	T:GC[T>C]TT	1	722556.0	1384178066
JG0139e	7	152999816	N:GC[T>G]GC	1	826053.0	1385004119
JG0139e	7	153085710	N:CA[T>G]TA	-1	85894.0	1385090013
JG0139e	7	153192109	N:TC[T>A]CT	-1	106399.0	1385196412
JG0139e	7	153438769	N:GG[T>A]CC	1	246660.0	1385443072
JG0139e	7	153767751	N:TC[T>G]TG	-1	328982.0	1385772054
JG0139e	7	154677943	T:CC[T>G]TT	-1	910192.0	1386682246
JG0139e	7	156167036	N:AC[T>G]CC	-1	1489093.0	1388171339
JG0139e	7	156490003	N:TC[T>C]AT	1	322967.0	1388494306
JG0139e	7	157279673	N:GC[T>G]CC	1	789670.0	1389283976
JG0139e	7	158183724	T:TC[T>C]TG	1	904051.0	1390188027
JG0139e	7	158423481	T:TC[T>A]CA	1	239757.0	1390427784
JG0139e	7	159174152	N:TC[T>C]CA	1	750671.0	1391178455
JG0139e	8	900062	T:TA[C>G]AA	-1		1392250338
JG0139e	8	937452	T:TC[T>G]CT	-1	37390.0	1392287728
JG0139e	8	1137045	U:AC[T>G]TA	1	199593.0	1392487321
JG0139e	8	1534353	U:TC[T>G]TT	1	397308.0	1392884629
JG0139e	8	1827370	T:TC[T>C]CC	-1	293017.0	1393177646
JG0139e	8	2026250	N:TC[T>G]TC	1	198880.0	1393376526
JG0139e	8	3277113	U:CC[T>C]CT	-1	1250863.0	1394627389
JG0139e	8	3782848	T:TC[T>G]TG	1	505735.0	1395133124
JG0139e	8	4018154	U:TC[T>G]TT	-1	235306.0	1395368430
JG0139e	8	4280106	T:TC[T>C]CT	1	261952.0	1395630382
JG0139e	8	4375618	T:CA[C>A]GT	1	95512.0	1395725894
JG0139e	8	4412884	U:TC[T>A]TT	-1	37266.0	1395763160
JG0139e	8	4992844	T:GC[T>G]TG	1	579960.0	1396343120
JG0139e	8	5078081	N:TA[T>G]TT	-1	85237.0	1396428357
JG0139e	8	5102093	N:GC[T>G]TC	1	24012.0	1396452369
JG0139e	8	6084577	N:AC[T>C]TT	1	982484.0	1397434853
JG0139e	8	6253027	N:CC[T>G]CC	1	168450.0	1397603303
JG0139e	8	6362811	N:TC[T>G]TC	-1	109784.0	1397713087
JG0139e	8	6503346	B:CC[T>A]CC	-1	140535.0	1397853622
JG0139e	8	6676196	N:CA[T>G]TC	1	172850.0	1398026472
JG0139e	8	7515300	N:TC[T>G]TG	1	839104.0	1398865576
JG0139e	8	7530687	N:TC[T>C]CC	-1	15387.0	1398880963
JG0139e	8	8058131	N:CC[T>C]CC	1	527444.0	1399408407
JG0139e	8	8068622	N:CC[T>G]CT	-1	10491.0	1399418898
JG0139e	8	8129131	N:CC[T>G]CA	1	60509.0	1399479407
JG0139e	8	8193502	N:CA[T>A]TG	1	64371.0	1399543778
JG0139e	8	8508317	N:GG[T>C]TT	-1	314815.0	1399858593
JG0139e	8	8751655	N:AC[T>G]TG	1	243338.0	1400101931
JG0139e	8	9097160	N:GC[T>G]TC	-1	345505.0	1400447436
JG0139e	8	9365228	N:AC[T>C]TC	1	268068.0	1400715504
JG0139e	8	9708218	U:TC[T>G]TT	1	342990.0	1401058494
JG0139e	8	10373828	T:GC[T>C]CA	-1	665610.0	1401724104
JG0139e	8	10438456	N:TC[T>G]TT	-1	64628.0	1401788732
JG0139e	8	10991136	T:CC[T>A]CA	1	552680.0	1402341412
JG0139e	8	11476220	N:CC[T>C]CT	-1	485084.0	1402826496
JG0139e	8	11733925	U:TC[T>C]GT	1	257705.0	1403084201
JG0139e	8	12872246	N:TC[T>G]TT	1	1138321.0	1404222522
JG0139e	8	13145439	T:GG[T>C]GT	1	273193.0	1404495715
JG0139e	8	14932336	T:AG[T>G]TT	1	1786897.0	1406282612
JG0139e	8	15073913	T:TC[T>G]GT	1	141577.0	1406424189
JG0139e	8	15096567	U:GC[T>G]TC	-1	22654.0	1406446843
JG0139e	8	15163279	U:CC[T>G]CA	-1	66712.0	1406513555
JG0139e	8	15469182	N:GT[T>G]TA	-1	305903.0	1406819458
JG0139e	8	15764623	U:AA[T>G]TA	1	295441.0	1407114899
JG0139e	8	15799773	N:TC[T>G]TA	1	35150.0	1407150049
JG0139e	8	16041606	N:AC[T>A]TT	1	241833.0	1407391882
JG0139e	8	16789058	N:AC[T>G]CT	-1	747452.0	1408139334
JG0139e	8	17025609	N:TC[T>C]CT	-1	236551.0	1408375885
JG0139e	8	17434209	N:TG[T>G]TG	1	408600.0	1408784485
JG0139e	8	17538762	U:AC[T>G]TT	1	104553.0	1408889038
JG0139e	8	17610919	T:TG[T>G]AA	-1	72157.0	1408961195
JG0139e	8	17895682	T:TT[T>G]TT	1	284763.0	1409245958
JG0139e	8	18838573	U:CC[C>G]GC	-1	942891.0	1410188849
JG0139e	8	19252261	N:CA[T>G]TT	1	413688.0	1410602537
JG0139e	8	19853710	N:TC[T>C]GA	1	601449.0	1411203986
JG0139e	8	19899189	N:CT[T>G]TT	-1	45479.0	1411249465
JG0139e	8	19964450	T:GC[T>C]TC	-1	65261.0	1411314726
JG0139e	8	20134710	N:CC[T>C]TC	-1	170260.0	1411484986
JG0139e	8	20214844	U:CC[T>C]GG	1	80134.0	1411565120
JG0139e	8	20860274	N:CC[T>G]CA	-1	645430.0	1412210550
JG0139e	8	20869633	N:CC[T>G]TC	1	9359.0	1412219909
JG0139e	8	20941767	N:TC[T>C]CC	1	72134.0	1412292043
JG0139e	8	21006516	N:TC[T>G]TC	1	64749.0	1412356792
JG0139e	8	21132532	N:AC[T>C]TC	1	126016.0	1412482808
JG0139e	8	21146921	N:AC[T>G]TT	-1	14389.0	1412497197
JG0139e	8	21359977	N:GC[T>G]TA	-1	213056.0	1412710253
JG0139e	8	21394527	N:TG[T>G]TG	-1	34550.0	1412744803
JG0139e	8	21448790	N:TG[T>G]TT	1	54263.0	1412799066
JG0139e	8	21658973	N:AG[T>G]TA	1	210183.0	1413009249
JG0139e	8	22026903	T:CC[T>G]TA	-1	367930.0	1413377179
JG0139e	8	22349290	T:GC[T>A]CA	-1	322387.0	1413699566
JG0139e	8	22837918	U:TC[T>C]CA	-1	488628.0	1414188194
JG0139e	8	23267919	N:GG[T>G]TT	1	430001.0	1414618195
JG0139e	8	23272930	U:GC[T>C]GC	1	5011.0	1414623206
JG0139e	8	23446047	T:AC[T>C]CG	1	173117.0	1414796323
JG0139e	8	23708606	N:TC[T>A]CC	1	262559.0	1415058882
JG0139e	8	23772448	N:TC[T>A]TT	1	63842.0	1415122724
JG0139e	8	23827619	N:CC[T>C]TT	-1	55171.0	1415177895
JG0139e	8	23931699	N:AC[T>C]AA	1	104080.0	1415281975
JG0139e	8	24690309	N:CC[T>G]TT	1	758610.0	1416040585
JG0139e	8	24691392	N:TC[T>A]CT	-1	1083.0	1416041668
JG0139e	8	24775403	N:TG[T>G]TG	-1	84011.0	1416125679
JG0139e	8	25261549	T:CC[T>C]CA	-1	486146.0	1416611825
JG0139e	8	25945236	T:AG[T>G]TG	1	683687.0	1417295512
JG0139e	8	26204212	N:AC[T>G]TC	1	258976.0	1417554488
JG0139e	8	26495331	T:CC[T>G]TT	-1	291119.0	1417845607
JG0139e	8	26651144	U:CC[T>C]TT	1	155813.0	1418001420
JG0139e	8	26941975	N:CA[T>A]TC	-1	290831.0	1418292251
JG0139e	8	26973533	N:TC[T>C]CC	-1	31558.0	1418323809
JG0139e	8	27046032	N:TC[T>G]GA	-1	72499.0	1418396308
JG0139e	8	27676047	T:AC[T>G]TT	-1	630015.0	1419026323
JG0139e	8	28151200	U:TC[T>C]TT	1	475153.0	1419501476
JG0139e	8	28214370	N:GG[T>C]GA	-1	63170.0	1419564646
JG0139e	8	28454788	T:AC[T>G]TT	1	240418.0	1419805064
JG0139e	8	28520947	U:AG[T>G]CA	1	66159.0	1419871223
JG0139e	8	28573014	U:TC[T>C]TG	1	52067.0	1419923290
JG0139e	8	28772519	U:TC[T>A]TT	-1	199505.0	1420122795
JG0139e	8	29316407	N:AC[T>C]TC	1	543888.0	1420666683
JG0139e	8	29447827	N:GG[T>G]TC	-1	131420.0	1420798103
JG0139e	8	29450383	N:AG[T>G]TT	-1	2556.0	1420800659
JG0139e	8	29552986	N:AC[T>C]CT	1	102603.0	1420903262
JG0139e	8	29600760	N:TT[T>G]TC	-1	47774.0	1420951036
JG0139e	8	29687016	N:CC[T>C]CA	1	86256.0	1421037292
JG0139e	8	30138374	U:TT[T>A]CT	-1	451358.0	1421488650
JG0139e	8	30837235	T:AT[T>G]CC	1	698861.0	1422187511
JG0139e	8	31066360	U:TA[T>G]TT	1	229125.0	1422416636
JG0139e	8	32211919	U:TT[T>G]TT	1	1145559.0	1423562195
JG0139e	8	32271723	U:AC[T>C]CA	1	59804.0	1423621999
JG0139e	8	32643323	U:TG[T>G]TC	1	371600.0	1423993599
JG0139e	8	32868496	N:CC[T>G]TT	-1	225173.0	1424218772
JG0139e	8	32871992	N:GC[T>C]CC	1	3496.0	1424222268
JG0139e	8	33292545	N:CC[T>G]TT	1	420553.0	1424642821
JG0139e	8	33299595	N:TC[T>C]TT	-1	7050.0	1424649871
JG0139e	8	33675789	N:CA[T>G]TT	-1	376194.0	1425026065
JG0139e	8	33860885	N:TC[T>C]TC	1	185096.0	1425211161
JG0139e	8	34104989	N:GC[T>G]TA	-1	244104.0	1425455265
JG0139e	8	34337361	N:TC[T>G]TA	1	232372.0	1425687637
JG0139e	8	34745995	N:TC[T>G]TT	-1	408634.0	1426096271
JG0139e	8	34808337	N:TC[T>C]AG	-1	62342.0	1426158613
JG0139e	8	35253942	T:TC[T>G]TT	-1	445605.0	1426604218
JG0139e	8	35623447	U:AA[T>G]TG	1	369505.0	1426973723
JG0139e	8	35899761	N:CC[T>C]TC	-1	276314.0	1427250037
JG0139e	8	36092579	N:GC[T>C]TT	-1	192818.0	1427442855
JG0139e	8	36215122	N:GC[T>C]CT	-1	122543.0	1427565398
JG0139e	8	36324865	N:AC[T>G]TG	1	109743.0	1427675141
JG0139e	8	36344659	N:CC[T>C]CG	1	19794.0	1427694935
JG0139e	8	36502384	N:CC[T>C]TC	-1	157725.0	1427852660
JG0139e	8	36643759	N:AC[T>C]CT	1	141375.0	1427994035
JG0139e	8	36812795	T:TC[T>G]TT	-1	169036.0	1428163071
JG0139e	8	36852570	T:TC[T>C]TA	-1	39775.0	1428202846
JG0139e	8	36957580	N:AG[T>C]TA	-1	105010.0	1428307856
JG0139e	8	37338104	N:AC[T>G]TG	1	380524.0	1428688380
JG0139e	8	37437070	N:TC[T>G]TT	1	98966.0	1428787346
JG0139e	8	37582610	N:CT[C>T]TA	-1	145540.0	1428932886
JG0139e	8	37899137	T:AC[T>G]TG	1	316527.0	1429249413
JG0139e	8	37966776	U:CC[T>C]CC	-1	67639.0	1429317052
JG0139e	8	38565379	N:CC[T>G]TC	-1	598603.0	1429915655
JG0139e	8	38589154	N:CC[T>C]GT	-1	23775.0	1429939430
JG0139e	8	39139873	U:CC[T>G]TG	1	550719.0	1430490149
JG0139e	8	39232732	U:GC[T>A]TT	1	92859.0	1430583008
JG0139e	8	39291039	N:TG[T>C]TG	1	58307.0	1430641315
JG0139e	8	39367164	N:AA[T>A]AT	1	76125.0	1430717440
JG0139e	8	39734384	N:AG[T>G]TT	-1	367220.0	1431084660
JG0139e	8	39866713	N:GG[T>G]TC	-1	132329.0	1431216989
JG0139e	8	39986295	U:CC[T>C]GG	1	119582.0	1431336571
JG0139e	8	41117638	N:TC[T>G]CC	1	1131343.0	1432467914
JG0139e	8	41262847	U:GC[T>G]TT	-1	145209.0	1432613123
JG0139e	8	41276089	U:CC[T>G]TT	-1	13242.0	1432626365
JG0139e	8	41298132	T:CA[C>G]AG	1	22043.0	1432648408
JG0139e	8	41370373	N:AA[T>A]TA	-1	72241.0	1432720649
JG0139e	8	41550752	N:GC[T>C]TT	-1	180379.0	1432901028
JG0139e	8	41737853	U:CC[T>C]GT	-1	187101.0	1433088129
JG0139e	8	43102059	T:AA[C>T]TC	-1	1364206.0	1434452335
JG0139e	8	43132224	N:TC[T>G]CC	-1	30165.0	1434482500
JG0139e	8	43490260	N:AC[T>C]CC	1	358036.0	1434840536
JG0139e	8	43637842	N:TC[T>G]TA	1	147582.0	1434988118
JG0139e	8	43751779	N:CG[T>A]TG	1	113937.0	1435102055
JG0139e	8	44096415	N:CC[T>C]CA	-1	344636.0	1435446691
JG0139e	8	44291858	N:AC[T>C]TG	-1	195443.0	1435642134
JG0139e	8	44431916	N:AG[T>G]TG	1	140058.0	1435782192
JG0139e	8	44653211	N:TC[T>C]TC	1	221295.0	1436003487
JG0139e	8	45116018	N:GT[T>G]TG	-1	462807.0	1436466294
JG0139e	8	46002728	N:AG[T>C]TT	-1	886710.0	1437353004
JG0139e	8	46023158	N:CC[T>A]GG	-1	20430.0	1437373434
JG0139e	8	46770700	N:TT[T>A]CT	1	747542.0	1438120976
JG0139e	8	46944588	N:TC[T>G]TC	-1	173888.0	1438294864
JG0139e	8	47037421	N:TA[C>A]TC	1	92833.0	1438387697
JG0139e	8	47465897	U:AC[T>G]AA	1	428476.0	1438816173
JG0139e	8	47575237	U:GG[T>C]TT	1	109340.0	1438925513
JG0139e	8	47575399	U:AC[T>C]TT	1	162.0	1438925675
JG0139e	8	47743012	N:TC[T>G]TC	-1	167613.0	1439093288
JG0139e	8	47785171	U:TG[T>C]TC	-1	42159.0	1439135447
JG0139e	8	48031845	T:GG[T>G]GA	-1	246674.0	1439382121
JG0139e	8	48395240	N:AC[T>G]TT	-1	363395.0	1439745516
JG0139e	8	48569910	N:GC[T>G]TT	1	174670.0	1439920186
JG0139e	8	49015377	N:TC[T>G]TC	1	445467.0	1440365653
JG0139e	8	50407829	T:CT[C>T]CA	-1	1392452.0	1441758105
JG0139e	8	50880313	N:AA[T>G]TA	1	472484.0	1442230589
JG0139e	8	51026108	N:TC[T>A]CT	-1	145795.0	1442376384
JG0139e	8	51224786	N:AC[T>G]TG	-1	198678.0	1442575062
JG0139e	8	51289558	N:AG[T>C]TG	-1	64772.0	1442639834
JG0139e	8	51465501	U:TC[T>A]TG	-1	175943.0	1442815777
JG0139e	8	51535953	U:GC[T>C]GG	-1	70452.0	1442886229
JG0139e	8	51595015	U:TC[T>G]TT	-1	59062.0	1442945291
JG0139e	8	51890274	T:TC[T>G]TT	1	295259.0	1443240550
JG0139e	8	52549588	T:AG[T>C]AT	1	659314.0	1443899864
JG0139e	8	52769393	N:TC[T>G]CT	1	219805.0	1444119669
JG0139e	8	54708824	U:GC[T>G]TT	1	1939431.0	1446059100
JG0139e	8	54738651	T:CA[T>G]TT	-1	29827.0	1446088927
JG0139e	8	55056606	N:TG[T>G]TC	-1	317955.0	1446406882
JG0139e	8	55059548	N:TC[T>G]TT	-1	2942.0	1446409824
JG0139e	8	55455594	T:AC[T>C]TG	-1	396046.0	1446805870
JG0139e	8	56019488	N:TT[T>G]TT	1	563894.0	1447369764
JG0139e	8	56343314	N:AC[T>G]TA	-1	323826.0	1447693590
JG0139e	8	56412198	N:AC[T>G]TT	1	68884.0	1447762474
JG0139e	8	56742328	N:GG[T>C]TA	1	330130.0	1448092604
JG0139e	8	57091596	N:CA[T>G]TG	1	349268.0	1448441872
JG0139e	8	57111309	N:CC[T>G]TT	1	19713.0	1448461585
JG0139e	8	57215027	N:TG[T>G]CA	-1	103718.0	1448565303
JG0139e	8	57510019	N:TA[C>G]AG	-1	294992.0	1448860295
JG0139e	8	57745334	N:TT[T>G]TT	-1	235315.0	1449095610
JG0139e	8	57862864	N:CC[T>C]CA	-1	117530.0	1449213140
JG0139e	8	58384690	N:GC[T>C]CA	1	521826.0	1449734966
JG0139e	8	58814761	U:TG[T>G]TT	-1	430071.0	1450165037
JG0139e	8	58920936	T:CC[T>A]TG	1	106175.0	1450271212
JG0139e	8	58929026	U:TG[T>C]TA	-1	8090.0	1450279302
JG0139e	8	59191305	N:GC[T>C]AA	-1	262279.0	1450541581
JG0139e	8	59489761	N:AC[T>G]CC	1	298456.0	1450840037
JG0139e	8	59982632	N:AC[T>A]TT	1	492871.0	1451332908
JG0139e	8	60471804	N:AT[T>A]TA	-1	489172.0	1451822080
JG0139e	8	60682193	U:TA[T>A]TT	1	210389.0	1452032469
JG0139e	8	60778547	U:CT[C>T]AT	1	96354.0	1452128823
JG0139e	8	61242142	T:GA[T>G]TA	-1	463595.0	1452592418
JG0139e	8	61320708	T:AC[T>C]TG	-1	78566.0	1452670984
JG0139e	8	61709625	U:CT[T>G]TA	-1	388917.0	1453059901
JG0139e	8	61825191	N:TC[T>C]TA	1	115566.0	1453175467
JG0139e	8	61949789	N:AC[T>C]TA	-1	124598.0	1453300065
JG0139e	8	62566070	T:CC[T>C]TA	-1	616281.0	1453916346
JG0139e	8	62985473	U:TC[T>G]GC	1	419403.0	1454335749
JG0139e	8	63124347	N:AC[T>G]TC	-1	138874.0	1454474623
JG0139e	8	63516489	N:TC[T>C]TA	-1	392142.0	1454866765
JG0139e	8	63547998	N:AC[T>G]TC	-1	31509.0	1454898274
JG0139e	8	64128260	N:AC[T>C]TG	1	580262.0	1455478536
JG0139e	8	64156835	N:AC[T>C]TC	-1	28575.0	1455507111
JG0139e	8	64324542	N:CT[T>A]TG	-1	167707.0	1455674818
JG0139e	8	64401616	N:TC[T>C]TT	1	77074.0	1455751892
JG0139e	8	64446081	N:CC[T>C]CC	-1	44465.0	1455796357
JG0139e	8	64798042	U:AC[T>C]CT	-1	351961.0	1456148318
JG0139e	8	64967455	N:CC[T>C]CC	-1	169413.0	1456317731
JG0139e	8	65027591	N:TC[T>A]CC	1	60136.0	1456377867
JG0139e	8	65048308	N:AC[T>C]CA	-1	20717.0	1456398584
JG0139e	8	65075849	N:AC[T>G]GA	-1	27541.0	1456426125
JG0139e	8	65602279	N:CC[T>C]CC	-1	526430.0	1456952555
JG0139e	8	65662504	U:CC[T>A]CT	1	60225.0	1457012780
JG0139e	8	65840249	T:AG[T>C]TT	1	177745.0	1457190525
JG0139e	8	66130769	U:TC[T>C]CC	1	290520.0	1457481045
JG0139e	8	66564712	T:GC[T>G]CT	1	433943.0	1457914988
JG0139e	8	66848365	U:TC[T>A]TT	1	283653.0	1458198641
JG0139e	8	66910833	U:CC[T>G]CG	1	62468.0	1458261109
JG0139e	8	67162957	U:GC[T>C]TG	1	252124.0	1458513233
JG0139e	8	67346184	N:TG[T>G]TG	1	183227.0	1458696460
JG0139e	8	67349534	N:AC[T>G]TT	1	3350.0	1458699810
JG0139e	8	67678830	T:GC[T>G]TC	1	329296.0	1459029106
JG0139e	8	67816614	N:GG[T>G]TG	-1	137784.0	1459166890
JG0139e	8	68033479	U:AC[T>A]TA	1	216865.0	1459383755
JG0139e	8	69753170	T:AC[T>C]CA	1	1719691.0	1461103446
JG0139e	8	69813546	U:CC[T>C]GA	-1	60376.0	1461163822
JG0139e	8	69840525	N:CT[C>A]TC	-1	26979.0	1461190801
JG0139e	8	69840692	N:AC[T>C]CT	1	167.0	1461190968
JG0139e	8	70510003	N:CC[T>C]TC	1	669311.0	1461860279
JG0139e	8	70591065	T:AC[T>G]TA	1	81062.0	1461941341
JG0139e	8	70947573	N:CC[T>G]CT	-1	356508.0	1462297849
JG0139e	8	71026408	N:TC[T>C]CA	1	78835.0	1462376684
JG0139e	8	71324861	T:AC[T>C]CT	1	298453.0	1462675137
JG0139e	8	72220394	N:GC[T>A]GC	1	895533.0	1463570670
JG0139e	8	72324276	N:CC[C>T]CT	-1	103882.0	1463674552
JG0139e	8	72717680	U:AC[T>C]TA	1	393404.0	1464067956
JG0139e	8	73129959	N:CC[T>C]GT	1	412279.0	1464480235
JG0139e	8	73517452	U:AG[T>G]TC	-1	387493.0	1464867728
JG0139e	8	73662615	T:TG[T>G]TG	1	145163.0	1465012891
JG0139e	8	73839674	U:GG[T>G]TT	-1	177059.0	1465189950
JG0139e	8	73849311	U:TC[T>G]TG	-1	9637.0	1465199587
JG0139e	8	73961461	T:TC[T>G]TA	1	112150.0	1465311737
JG0139e	8	74013481	U:GG[T>C]CT	1	52020.0	1465363757
JG0139e	8	74748585	N:TG[T>G]TA	-1	735104.0	1466098861
JG0139e	8	75069572	N:TA[T>G]TC	-1	320987.0	1466419848
JG0139e	8	75183305	N:TC[T>A]AG	-1	113733.0	1466533581
JG0139e	8	75527216	U:CC[T>G]TA	1	343911.0	1466877492
JG0139e	8	75762406	N:TC[T>G]TT	-1	235190.0	1467112682
JG0139e	8	75806881	N:AC[T>G]TC	1	44475.0	1467157157
JG0139e	8	76015068	N:GC[T>G]TT	-1	208187.0	1467365344
JG0139e	8	76296553	N:TA[T>C]TT	1	281485.0	1467646829
JG0139e	8	76723469	T:TA[T>G]TC	-1	426916.0	1468073745
JG0139e	8	77300803	N:GC[T>C]TT	-1	577334.0	1468651079
JG0139e	8	77623054	N:CC[T>C]TT	-1	322251.0	1468973330
JG0139e	8	78106019	N:CC[T>G]CA	-1	482965.0	1469456295
JG0139e	8	78459122	N:CC[T>C]CT	-1	353103.0	1469809398
JG0139e	8	79072979	N:CC[T>C]CA	-1	613857.0	1470423255
JG0139e	8	79311043	N:TG[T>G]TT	-1	238064.0	1470661319
JG0139e	8	79635885	U:CC[T>G]TG	1	324842.0	1470986161
JG0139e	8	80057283	U:AA[T>G]TG	-1	421398.0	1471407559
JG0139e	8	80311664	N:TC[T>G]TG	1	254381.0	1471661940
JG0139e	8	80390046	N:AC[T>C]TG	-1	78382.0	1471740322
JG0139e	8	80402423	N:CC[T>C]GC	1	12377.0	1471752699
JG0139e	8	80450743	N:GC[T>G]TC	-1	48320.0	1471801019
JG0139e	8	80873061	U:TC[T>G]TC	-1	422318.0	1472223337
JG0139e	8	81027440	U:CC[T>A]TT	-1	154379.0	1472377716
JG0139e	8	81145786	N:TC[T>G]CT	-1	118346.0	1472496062
JG0139e	8	81207487	N:AC[T>G]TT	-1	61701.0	1472557763
JG0139e	8	81384973	N:TC[T>C]CC	1	177486.0	1472735249
JG0139e	8	81485865	N:TC[T>G]TT	1	100892.0	1472836141
JG0139e	8	81622560	N:AG[T>A]CT	1	136695.0	1472972836
JG0139e	8	81964171	N:AA[T>G]TT	1	341611.0	1473314447
JG0139e	8	82957136	N:TC[T>G]TT	-1	992965.0	1474307412
JG0139e	8	83025109	N:GC[T>G]TA	-1	67973.0	1474375385
JG0139e	8	83419191	N:GC[T>G]TT	1	394082.0	1474769467
JG0139e	8	83634880	N:GA[T>G]TA	1	215689.0	1474985156
JG0139e	8	83719514	N:AC[T>C]GA	-1	84634.0	1475069790
JG0139e	8	83728910	N:CC[T>A]TG	-1	9396.0	1475079186
JG0139e	8	84158498	N:GG[T>A]TA	1	429588.0	1475508774
JG0139e	8	84283172	U:AA[T>C]GT	1	124674.0	1475633448
JG0139e	8	84699295	U:AT[T>A]TT	1	416123.0	1476049571
JG0139e	8	85797243	N:AT[T>G]TA	-1	1097948.0	1477147519
JG0139e	8	85887744	N:TT[T>G]TG	-1	90501.0	1477238020
JG0139e	8	85946691	N:GG[T>G]TT	-1	58947.0	1477296967
JG0139e	8	86118616	T:TC[T>C]CT	-1	171925.0	1477468892
JG0139e	8	86260218	N:CC[T>G]TG	1	141602.0	1477610494
JG0139e	8	86384494	U:GA[T>G]TC	1	124276.0	1477734770
JG0139e	8	86681444	U:AC[T>G]TC	-1	296950.0	1478031720
JG0139e	8	86725988	T:TC[T>C]TT	1	44544.0	1478076264
JG0139e	8	86882042	U:GA[T>G]TA	1	156054.0	1478232318
JG0139e	8	87050835	T:CC[T>C]TA	-1	168793.0	1478401111
JG0139e	8	87311901	U:AC[T>G]CA	1	261066.0	1478662177
JG0139e	8	87573057	U:TC[T>A]CA	1	261156.0	1478923333
JG0139e	8	87766955	N:TC[T>C]TT	-1	193898.0	1479117231
JG0139e	8	90011281	U:CC[T>G]TC	1	2244326.0	1481361557
JG0139e	8	90313548	N:TG[T>C]CA	-1	302267.0	1481663824
JG0139e	8	90446007	N:GC[T>G]TT	-1	132459.0	1481796283
JG0139e	8	90597465	N:AC[T>C]TT	1	151458.0	1481947741
JG0139e	8	90776077	U:CC[T>C]TC	-1	178612.0	1482126353
JG0139e	8	90871573	T:AG[T>C]TT	-1	95496.0	1482221849
JG0139e	8	91358289	U:GC[T>C]GC	1	486716.0	1482708565
JG0139e	8	92054009	U:TT[T>G]TG	-1	695720.0	1483404285
JG0139e	8	92512170	N:GC[T>C]CT	-1	458161.0	1483862446
JG0139e	8	92763978	N:TC[T>C]GC	-1	251808.0	1484114254
JG0139e	8	92874698	N:TA[T>G]TG	-1	110720.0	1484224974
JG0139e	8	92927632	U:CC[T>A]TA	-1	52934.0	1484277908
JG0139e	8	93766467	U:GC[T>G]TT	1	838835.0	1485116743
JG0139e	8	94228567	N:AC[T>G]TG	-1	462100.0	1485578843
JG0139e	8	94274726	N:CC[T>C]CT	1	46159.0	1485625002
JG0139e	8	94575177	N:CC[T>G]TG	-1	300451.0	1485925453
JG0139e	8	95094808	N:AC[T>C]GC	-1	519631.0	1486445084
JG0139e	8	95097488	N:CC[T>C]GA	-1	2680.0	1486447764
JG0139e	8	95110188	N:AG[T>C]CA	1	12700.0	1486460464
JG0139e	8	96033765	N:TG[T>G]TC	1	923577.0	1487384041
JG0139e	8	96145720	U:CG[T>G]CC	-1	111955.0	1487495996
JG0139e	8	96784599	U:CC[T>C]TC	1	638879.0	1488134875
JG0139e	8	96985041	U:TC[T>G]TT	1	200442.0	1488335317
JG0139e	8	97028783	T:TA[T>G]TA	-1	43742.0	1488379059
JG0139e	8	97682107	T:TC[T>C]TA	-1	653324.0	1489032383
JG0139e	8	97706620	U:AA[T>G]TT	1	24513.0	1489056896
JG0139e	8	98119303	T:TC[T>G]TA	-1	412683.0	1489469579
JG0139e	8	98298454	N:AG[T>C]TT	-1	179151.0	1489648730
JG0139e	8	98617624	U:CC[T>G]TT	-1	319170.0	1489967900
JG0139e	8	98930331	T:AC[T>C]CC	1	312707.0	1490280607
JG0139e	8	99012750	N:AC[T>C]TA	-1	82419.0	1490363026
JG0139e	8	99342525	T:AC[T>C]AA	-1	329775.0	1490692801
JG0139e	8	99423225	U:TC[T>G]TA	1	80700.0	1490773501
JG0139e	8	99464342	T:CC[T>A]TA	-1	41117.0	1490814618
JG0139e	8	100140299	T:CG[T>A]CT	1	675957.0	1491490575
JG0139e	8	100371347	N:AC[T>A]CT	1	231048.0	1491721623
JG0139e	8	100625267	T:GC[T>C]CT	1	253920.0	1491975543
JG0139e	8	100892869	N:TC[C>A]TC	1	267602.0	1492243145
JG0139e	8	101116154	N:TG[T>G]TT	-1	223285.0	1492466430
JG0139e	8	101187151	T:TG[T>G]TA	1	70997.0	1492537427
JG0139e	8	101952295	T:TC[T>A]CA	1	765144.0	1493302571
JG0139e	8	102640596	N:CC[T>C]CC	-1	688301.0	1493990872
JG0139e	8	102692650	N:AC[C>A]CT	1	52054.0	1494042926
JG0139e	8	103935319	U:TG[T>G]TA	1	1242669.0	1495285595
JG0139e	8	104645750	N:GC[T>G]TT	1	710431.0	1495996026
JG0139e	8	104665639	N:GC[T>C]CT	1	19889.0	1496015915
JG0139e	8	104686469	N:TC[T>C]GG	-1	20830.0	1496036745
JG0139e	8	104791321	N:TG[T>C]GA	-1	104852.0	1496141597
JG0139e	8	105031725	N:TG[T>A]TT	-1	240404.0	1496382001
JG0139e	8	105729776	U:CT[T>C]TC	1	698051.0	1497080052
JG0139e	8	106125351	N:TG[T>G]TT	-1	395575.0	1497475627
JG0139e	8	106200620	N:CC[T>G]TC	1	75269.0	1497550896
JG0139e	8	106331087	N:GC[T>G]TC	1	130467.0	1497681363
JG0139e	8	106514103	T:GC[T>G]TT	-1	183016.0	1497864379
JG0139e	8	106525865	T:TC[T>G]TA	-1	11762.0	1497876141
JG0139e	8	107118929	N:AC[T>G]TC	-1	593064.0	1498469205
JG0139e	8	107268688	T:TG[T>A]TT	1	149759.0	1498618964
JG0139e	8	107569719	N:TG[T>G]TT	1	301031.0	1498919995
JG0139e	8	107656341	N:CC[T>C]CT	-1	86622.0	1499006617
JG0139e	8	107785221	N:CC[T>C]CT	1	128880.0	1499135497
JG0139e	8	108215743	U:GT[T>G]TC	-1	430522.0	1499566019
JG0139e	8	108228441	U:CC[T>C]CT	-1	12698.0	1499578717
JG0139e	8	108586887	N:TC[T>C]AC	-1	358446.0	1499937163
JG0139e	8	108686877	N:AC[T>G]CA	-1	99990.0	1500037153
JG0139e	8	108922076	N:GG[T>G]CA	-1	235199.0	1500272352
JG0139e	8	109045658	N:CC[T>C]CA	1	123582.0	1500395934
JG0139e	8	109620815	T:AC[T>G]TA	1	575157.0	1500971091
JG0139e	8	109859707	N:GC[T>G]TT	-1	238892.0	1501209983
JG0139e	8	110326190	N:TC[T>G]TT	1	466483.0	1501676466
JG0139e	8	110408162	N:TC[T>A]TG	1	81972.0	1501758438
JG0139e	8	110545003	N:TC[T>G]TT	-1	136841.0	1501895279
JG0139e	8	111072221	N:AC[T>G]CT	1	527218.0	1502422497
JG0139e	8	111342138	N:TC[T>G]TT	1	269917.0	1502692414
JG0139e	8	111408077	N:TG[T>C]TT	1	65939.0	1502758353
JG0139e	8	111460501	N:GG[T>G]TC	-1	52424.0	1502810777
JG0139e	8	112230145	T:TC[T>G]TT	1	769644.0	1503580421
JG0139e	8	112278484	T:GA[T>C]TT	1	48339.0	1503628760
JG0139e	8	114102069	N:AC[T>G]TC	-1	1823585.0	1505452345
JG0139e	8	114168493	N:AC[T>G]AT	1	66424.0	1505518769
JG0139e	8	114559208	N:TG[T>G]TC	-1	390715.0	1505909484
JG0139e	8	115112230	N:AC[T>G]TA	1	553022.0	1506462506
JG0139e	8	115623811	T:AT[T>C]TT	1	511581.0	1506974087
JG0139e	8	115643665	T:AC[T>G]TC	1	19854.0	1506993941
JG0139e	8	115686690	T:AC[T>C]TT	1	43025.0	1507036966
JG0139e	8	115735950	T:TG[T>G]TG	1	49260.0	1507086226
JG0139e	8	115753513	T:GC[T>C]CA	1	17563.0	1507103789
JG0139e	8	115830995	N:TC[T>G]GT	1	77482.0	1507181271
JG0139e	8	115918314	N:TC[T>C]TT	1	87319.0	1507268590
JG0139e	8	115997534	N:TC[T>G]TT	1	79220.0	1507347810
JG0139e	8	116029237	N:AG[T>C]TG	1	31703.0	1507379513
JG0139e	8	116119407	N:GC[T>G]TG	-1	90170.0	1507469683
JG0139e	8	116204501	N:TA[T>G]TT	1	85094.0	1507554777
JG0139e	8	116515767	N:AT[T>G]TA	-1	311266.0	1507866043
JG0139e	8	116665067	T:AC[T>G]TC	1	149300.0	1508015343
JG0139e	8	116843875	T:GC[T>C]TC	-1	178808.0	1508194151
JG0139e	8	116862069	T:AC[C>A]TT	1	18194.0	1508212345
JG0139e	8	117316254	N:TC[T>C]TT	1	454185.0	1508666530
JG0139e	8	117425541	N:GG[T>C]CT	1	109287.0	1508775817
JG0139e	8	117490748	N:AC[T>A]TC	1	65207.0	1508841024
JG0139e	8	117810552	U:AC[T>C]TT	-1	319804.0	1509160828
JG0139e	8	117823610	U:AG[T>A]CT	-1	13058.0	1509173886
JG0139e	8	117867113	U:AG[C>A]GA	-1	43503.0	1509217389
JG0139e	8	118022804	T:TC[T>A]CA	1	155691.0	1509373080
JG0139e	8	118262701	T:AC[T>G]TC	1	239897.0	1509612977
JG0139e	8	118338197	U:TC[T>A]TG	-1	75496.0	1509688473
JG0139e	8	119030518	N:AC[T>C]TT	1	692321.0	1510380794
JG0139e	8	119033250	N:TC[T>G]TC	1	2732.0	1510383526
JG0139e	8	119134680	N:CC[T>A]CT	1	101430.0	1510484956
JG0139e	8	119167097	T:TC[T>G]TT	-1	32417.0	1510517373
JG0139e	8	119229314	U:TC[T>G]TT	1	62217.0	1510579590
JG0139e	8	120568639	U:GC[T>C]GG	-1	1339325.0	1511918915
JG0139e	8	120797680	U:GC[T>A]CC	-1	229041.0	1512147956
JG0139e	8	120804188	T:TC[T>G]TT	1	6508.0	1512154464
JG0139e	8	120812025	T:AC[T>A]CA	1	7837.0	1512162301
JG0139e	8	120896067	N:GC[T>G]TC	-1	84042.0	1512246343
JG0139e	8	121149827	N:AA[T>A]TG	1	253760.0	1512500103
JG0139e	8	121417678	N:CC[T>A]TT	-1	267851.0	1512767954
JG0139e	8	122042362	N:CA[T>G]TC	1	624684.0	1513392638
JG0139e	8	122592567	N:TG[T>G]TC	-1	550205.0	1513942843
JG0139e	8	122646466	N:TC[T>G]TG	1	53899.0	1513996742
JG0139e	8	122775427	N:TC[T>G]CA	1	128961.0	1514125703
JG0139e	8	122926410	T:AC[T>G]CA	-1	150983.0	1514276686
JG0139e	8	122985792	N:AC[T>G]TT	1	59382.0	1514336068
JG0139e	8	123081913	T:TC[T>G]TG	-1	96121.0	1514432189
JG0139e	8	123163936	N:AC[T>A]CT	1	82023.0	1514514212
JG0139e	8	123315503	N:GC[T>G]GG	-1	151567.0	1514665779
JG0139e	8	123688233	U:AC[T>C]AC	-1	372730.0	1515038509
JG0139e	8	123731966	U:CC[T>G]TA	-1	43733.0	1515082242
JG0139e	8	124560730	B:GC[T>G]CA	1	828764.0	1515911006
JG0139e	8	124677465	T:TG[T>G]TC	1	116735.0	1516027741
JG0139e	8	124804185	N:TC[T>C]GG	-1	126720.0	1516154461
JG0139e	8	125003274	T:GC[T>A]CC	-1	199089.0	1516353550
JG0139e	8	125044048	U:TG[T>G]TC	-1	40774.0	1516394324
JG0139e	8	125220615	T:CC[T>C]TC	-1	176567.0	1516570891
JG0139e	8	125637196	N:CC[T>G]TC	1	416581.0	1516987472
JG0139e	8	125822849	N:AG[T>G]TA	1	185653.0	1517173125
JG0139e	8	126711899	N:AC[T>C]GA	1	889050.0	1518062175
JG0139e	8	127051191	N:CT[C>A]TG	-1	339292.0	1518401467
JG0139e	8	127098679	N:AC[T>A]TC	1	47488.0	1518448955
JG0139e	8	127165630	N:AC[T>A]TG	-1	66951.0	1518515906
JG0139e	8	127183237	N:CC[T>C]TG	1	17607.0	1518533513
JG0139e	8	127402612	U:AC[T>G]TC	1	219375.0	1518752888
JG0139e	8	127515692	N:TC[T>C]TT	-1	113080.0	1518865968
JG0139e	8	127550683	N:TC[T>G]TC	-1	34991.0	1518900959
JG0139e	8	127761596	N:TC[T>G]TA	1	210913.0	1519111872
JG0139e	8	128023974	N:GC[T>C]CT	1	262378.0	1519374250
JG0139e	8	128248262	N:AA[C>A]TT	-1	224288.0	1519598538
JG0139e	8	128987839	N:CC[T>G]TG	1	739577.0	1520338115
JG0139e	8	129170391	N:TC[T>C]TT	-1	182552.0	1520520667
JG0139e	8	129253950	N:CT[C>G]TT	1	83559.0	1520604226
JG0139e	8	129391668	N:GC[T>G]TA	-1	137718.0	1520741944
JG0139e	8	129528173	N:CA[T>G]TC	1	136505.0	1520878449
JG0139e	8	129925283	U:GC[T>C]GA	-1	397110.0	1521275559
JG0139e	8	130105847	T:AC[T>C]TC	1	180564.0	1521456123
JG0139e	8	130346808	U:AC[T>C]GC	-1	240961.0	1521697084
JG0139e	8	130568316	N:GC[T>G]TC	-1	221508.0	1521918592
JG0139e	8	130785783	U:CC[T>G]TG	-1	217467.0	1522136059
JG0139e	8	130790576	T:AG[T>A]TT	1	4793.0	1522140852
JG0139e	8	130844168	U:AC[T>G]TT	-1	53592.0	1522194444
JG0139e	8	131664126	N:AC[T>G]TT	1	819958.0	1523014402
JG0139e	8	131876471	N:CA[T>A]CT	1	212345.0	1523226747
JG0139e	8	132453306	U:CC[T>G]TC	-1	576835.0	1523803582
JG0139e	8	132486082	N:AC[T>C]GG	1	32776.0	1523836358
JG0139e	8	132533131	N:AC[T>G]TC	-1	47049.0	1523883407
JG0139e	8	132914077	T:CC[T>C]TG	-1	380946.0	1524264353
JG0139e	8	133095207	B:CC[T>G]TG	-1	181130.0	1524445483
JG0139e	8	133120139	U:TT[T>G]TG	1	24932.0	1524470415
JG0139e	8	133912710	N:TC[T>G]CA	1	792571.0	1525262986
JG0139e	8	134119131	N:AC[T>G]TG	1	206421.0	1525469407
JG0139e	8	134302263	N:AC[T>G]TT	-1	183132.0	1525652539
JG0139e	8	134628862	U:TC[T>C]TA	-1	326599.0	1525979138
JG0139e	8	135517893	T:TC[T>G]TA	-1	889031.0	1526868169
JG0139e	8	135769825	N:TT[T>A]AA	-1	251932.0	1527120101
JG0139e	8	136151521	N:AC[T>C]TT	-1	381696.0	1527501797
JG0139e	8	136333681	N:GC[T>G]TC	1	182160.0	1527683957
JG0139e	8	136669884	N:TC[T>G]TC	1	336203.0	1528020160
JG0139e	8	137123453	N:TC[T>C]CA	-1	453569.0	1528473729
JG0139e	8	137265299	N:CC[T>C]TG	-1	141846.0	1528615575
JG0139e	8	138290738	T:TA[T>G]TG	1	1025439.0	1529641014
JG0139e	8	138563619	N:AC[T>G]AA	-1	272881.0	1529913895
JG0139e	8	138567941	N:CC[T>G]TG	1	4322.0	1529918217
JG0139e	8	138635329	U:AT[T>G]TA	-1	67388.0	1529985605
JG0139e	8	138693354	U:AC[T>C]CC	-1	58025.0	1530043630
JG0139e	8	138920885	N:TC[T>G]CC	-1	227531.0	1530271161
JG0139e	8	139183650	N:AC[T>C]TT	-1	262765.0	1530533926
JG0139e	8	139230918	N:GG[T>C]CA	-1	47268.0	1530581194
JG0139e	8	139759088	T:GC[T>G]TC	1	528170.0	1531109364
JG0139e	8	139975436	T:GG[C>T]CT	1	216348.0	1531325712
JG0139e	8	140340424	U:AC[T>G]TA	-1	364988.0	1531690700
JG0139e	8	140745656	T:TC[T>C]GT	1	405232.0	1532095932
JG0139e	8	141235105	T:CA[C>A]AG	1	489449.0	1532585381
JG0139e	8	141625362	N:CC[T>A]CC	1	390257.0	1532975638
JG0139e	8	141666099	N:GC[T>G]CA	1	40737.0	1533016375
JG0139e	8	141774730	N:AG[T>G]TT	1	108631.0	1533125006
JG0139e	8	141806384	N:CC[T>A]TT	1	31654.0	1533156660
JG0139e	8	141940008	N:GC[T>C]CT	-1	133624.0	1533290284
JG0139e	8	142206402	N:CT[C>T]TT	-1	266394.0	1533556678
JG0139e	8	142420285	N:CC[T>A]CT	-1	213883.0	1533770561
JG0139e	8	142606586	N:TC[T>A]CC	-1	186301.0	1533956862
JG0139e	8	142676663	N:TC[T>C]CT	-1	70077.0	1534026939
JG0139e	8	143025464	N:GC[T>G]TC	-1	348801.0	1534375740
JG0139e	8	143427511	N:GC[T>C]TC	-1	402047.0	1534777787
JG0139e	8	143439995	T:CC[T>C]TG	1	12484.0	1534790271
JG0139e	8	143620540	N:GC[T>C]CA	1	180545.0	1534970816
JG0139e	8	143891348	N:GC[T>C]GC	1	270808.0	1535241624
JG0139e	8	144342187	N:GC[T>G]CA	-1	450839.0	1535692463
JG0139e	8	144570130	U:TC[T>C]CC	-1	227943.0	1535920406
JG0139e	8	144584864	T:TC[T>G]TA	1	14734.0	1535935140
JG0139e	8	144857905	N:GC[T>C]CT	-1	273041.0	1536208181
JG0139e	8	144859813	N:TC[T>G]TC	-1	1908.0	1536210089
JG0139e	8	145052119	N:TC[T>A]TC	1	192306.0	1536402395
JG0139e	9	174412	T:GG[T>G]TG	1		1536663324
JG0139e	9	529873	T:GC[T>A]TC	-1	355461.0	1537018785
JG0139e	9	930852	U:TT[T>G]TA	1	400979.0	1537419764
JG0139e	9	1069613	N:AG[T>C]TA	1	138761.0	1537558525
JG0139e	9	1304550	N:TC[T>G]TA	1	234937.0	1537793462
JG0139e	9	1967021	N:GC[T>G]CA	-1	662471.0	1538455933
JG0139e	9	2980165	N:AC[T>C]TT	-1	1013144.0	1539469077
JG0139e	9	3266188	U:GC[T>G]TT	-1	286023.0	1539755100
JG0139e	9	3999423	T:GC[T>G]TT	1	733235.0	1540488335
JG0139e	9	4232626	U:TA[C>A]TG	-1	233203.0	1540721538
JG0139e	9	4683898	T:AC[T>A]GT	-1	451272.0	1541172810
JG0139e	9	4718102	T:CC[T>A]CA	1	34204.0	1541207014
JG0139e	9	4845347	U:AT[T>G]TT	1	127245.0	1541334259
JG0139e	9	5183026	U:AG[T>A]CA	-1	337679.0	1541671938
JG0139e	9	5902747	U:AG[T>C]CC	1	719721.0	1542391659
JG0139e	9	6940982	U:TA[T>C]TC	1	1038235.0	1543429894
JG0139e	9	7013227	T:AC[T>A]TG	-1	72245.0	1543502139
JG0139e	9	7891237	N:TC[T>G]TT	-1	878010.0	1544380149
JG0139e	9	8535612	U:CC[T>G]TC	-1	644375.0	1545024524
JG0139e	9	8588743	U:GG[T>C]CA	-1	53131.0	1545077655
JG0139e	9	8695543	U:TC[T>C]GA	-1	106800.0	1545184455
JG0139e	9	9788576	U:TT[T>G]TT	-1	1093033.0	1546277488
JG0139e	9	10176870	U:AC[T>C]CA	-1	388294.0	1546665782
JG0139e	9	10734621	N:TC[T>G]TA	1	557751.0	1547223533
JG0139e	9	11742372	N:CC[T>C]TC	-1	1007751.0	1548231284
JG0139e	9	12241862	N:AG[T>G]TT	1	499490.0	1548730774
JG0139e	9	12530783	N:TG[T>G]TC	1	288921.0	1549019695
JG0139e	9	12676008	N:TT[T>G]TC	1	145225.0	1549164920
JG0139e	9	12906455	N:GC[T>C]TG	-1	230447.0	1549395367
JG0139e	9	13047588	N:TC[T>G]TC	1	141133.0	1549536500
JG0139e	9	14498159	N:GC[T>A]TT	-1	1450571.0	1550987071
JG0139e	9	14519369	N:AC[T>C]CC	-1	21210.0	1551008281
JG0139e	9	15168610	U:TC[T>G]CG	-1	649241.0	1551657522
JG0139e	9	15414818	N:CC[T>G]TC	1	246208.0	1551903730
JG0139e	9	16402911	N:TC[T>A]TT	1	988093.0	1552891823
JG0139e	9	16422515	U:TC[T>C]TG	-1	19604.0	1552911427
JG0139e	9	16870779	T:CC[T>A]CC	1	448264.0	1553359691
JG0139e	9	16977140	N:AC[T>G]TC	1	106361.0	1553466052
JG0139e	9	17362371	U:CC[T>G]CC	1	385231.0	1553851283
JG0139e	9	18249491	U:TA[T>C]AC	1	887120.0	1554738403
JG0139e	9	18267950	U:TC[T>G]CA	1	18459.0	1554756862
JG0139e	9	18686404	U:GC[T>G]TA	1	418454.0	1555175316
JG0139e	9	18870089	B:GT[T>C]TC	1	183685.0	1555359001
JG0139e	9	18991973	U:AC[T>A]CT	-1	121884.0	1555480885
JG0139e	9	19282948	T:GG[T>G]CA	-1	290975.0	1555771860
JG0139e	9	19572103	T:AC[T>C]AA	1	289155.0	1556061015
JG0139e	9	20258730	N:TC[T>C]TG	1	686627.0	1556747642
JG0139e	9	20321558	N:TG[T>G]TG	-1	62828.0	1556810470
JG0139e	9	20362560	U:TG[T>C]CT	-1	41002.0	1556851472
JG0139e	9	21107202	N:TC[T>C]TA	-1	744642.0	1557596114
JG0139e	9	21164648	N:GT[C>A]AT	-1	57446.0	1557653560
JG0139e	9	21585896	N:TC[T>C]TT	-1	421248.0	1558074808
JG0139e	9	22639229	N:AC[T>C]TC	1	1053333.0	1559128141
JG0139e	9	22643295	N:CC[T>G]CC	1	4066.0	1559132207
JG0139e	9	22684999	N:GT[T>A]AG	1	41704.0	1559173911
JG0139e	9	22857860	N:AG[T>G]TT	1	172861.0	1559346772
JG0139e	9	23672588	N:TC[T>G]TT	1	814728.0	1560161500
JG0139e	9	24374318	N:TC[T>G]TC	-1	701730.0	1560863230
JG0139e	9	24492853	N:AC[T>C]CC	1	118535.0	1560981765
JG0139e	9	24513362	N:GA[T>G]TT	-1	20509.0	1561002274
JG0139e	9	24634750	N:CC[T>C]CA	1	121388.0	1561123662
JG0139e	9	25934354	N:GC[T>G]TT	1	1299604.0	1562423266
JG0139e	9	28152837	U:TC[T>G]TT	-1	2218483.0	1564641749
JG0139e	9	28372842	U:GC[T>C]TT	-1	220005.0	1564861754
JG0139e	9	29902215	N:AT[T>G]TA	1	1529373.0	1566391127
JG0139e	9	30361798	N:TC[T>C]GC	-1	459583.0	1566850710
JG0139e	9	30822793	N:TC[T>G]TA	1	460995.0	1567311705
JG0139e	9	32064526	N:TA[T>G]TT	-1	1241733.0	1568553438
JG0139e	9	32115642	N:AC[T>G]TT	1	51116.0	1568604554
JG0139e	9	32818329	N:AG[T>A]CC	-1	702687.0	1569307241
JG0139e	9	33514405	N:TC[T>G]CA	-1	696076.0	1570003317
JG0139e	9	34091637	T:TC[T>C]TC	1	577232.0	1570580549
JG0139e	9	34676034	N:TC[T>G]CC	-1	584397.0	1571164946
JG0139e	9	34778534	N:TT[T>G]TC	1	102500.0	1571267446
JG0139e	9	34855397	N:TC[T>G]TT	1	76863.0	1571344309
JG0139e	9	35661325	B:TC[T>G]TC	-1	805928.0	1572150237
JG0139e	9	36972442	T:CC[T>A]TT	1	1311117.0	1573461354
JG0139e	9	37736592	U:TC[T>G]TA	1	764150.0	1574225504
JG0139e	9	37910168	N:GC[T>A]GG	1	173576.0	1574399080
JG0139e	9	37971556	U:GC[T>A]TC	-1	61388.0	1574460468
JG0139e	9	38475879	N:CC[T>C]TA	-1	504323.0	1574964791
JG0139e	9	38495345	N:CC[T>G]TC	-1	19466.0	1574984257
JG0139e	9	39140028	U:GC[T>A]CA	-1	644683.0	1575628940
JG0139e	9	39275906	T:AA[T>G]TC	1	135878.0	1575764818
JG0139e	9	39730707	N:TG[T>C]CT	1	454801.0	1576219619
JG0139e	9	40615470	N:AA[C>A]CA	1	884763.0	1577104382
JG0139e	9	40947116	N:AC[T>C]TC	-1	331646.0	1577436028
JG0139e	9	41647568	N:AA[T>G]CA	1	700452.0	1578136480
JG0139e	9	42180911	N:TC[T>C]CA	-1	533343.0	1578669823
JG0139e	9	42936552	N:AC[T>G]CA	-1	755641.0	1579425464
JG0139e	9	43551735	N:GA[T>G]TC	-1	615183.0	1580040647
JG0139e	9	45047285	N:TC[T>C]AG	-1	1495550.0	1581536197
JG0139e	9	61715412	N:GC[T>C]TT	-1	16668127.0	1598204324
JG0139e	9	61972919	N:TG[T>G]TG	1	257507.0	1598461831
JG0139e	9	64008124	N:GT[T>G]TA	-1	2035205.0	1600497036
JG0139e	9	64070870	N:GC[T>C]GC	-1	62746.0	1600559782
JG0139e	9	65162108	N:TT[T>G]TG	-1	1091238.0	1601651020
JG0139e	9	66138308	T:GC[T>C]CA	1	976200.0	1602627220
JG0139e	9	66188413	N:TC[T>C]CC	1	50105.0	1602677325
JG0139e	9	68475822	T:GC[T>C]TA	-1	2287409.0	1604964734
JG0139e	9	68995979	U:AG[T>A]GT	1	520157.0	1605484891
JG0139e	9	69858570	T:AC[T>C]CA	-1	862591.0	1606347482
JG0139e	9	70051621	T:AC[T>G]TC	-1	193051.0	1606540533
JG0139e	9	70104367	U:AC[T>G]TG	1	52746.0	1606593279
JG0139e	9	70638599	U:TC[T>G]TT	-1	534232.0	1607127511
JG0139e	9	70775367	U:TC[T>A]CT	-1	136768.0	1607264279
JG0139e	9	71059802	T:AC[T>C]TT	1	284435.0	1607548714
JG0139e	9	72327961	N:GC[T>C]GG	-1	1268159.0	1608816873
JG0139e	9	72883432	N:CC[T>A]CA	1	555471.0	1609372344
JG0139e	9	74459934	N:TG[C>A]AC	1	1576502.0	1610948846
JG0139e	9	75475106	N:GC[T>G]TA	-1	1015172.0	1611964018
JG0139e	9	75571414	N:AC[T>A]CC	1	96308.0	1612060326
JG0139e	9	75580461	N:AT[C>A]AG	-1	9047.0	1612069373
JG0139e	9	75844722	N:TG[T>C]TA	1	264261.0	1612333634
JG0139e	9	77558545	U:CC[T>C]TT	-1	1713823.0	1614047457
JG0139e	9	78290578	N:TC[T>G]TC	1	732033.0	1614779490
JG0139e	9	78420388	N:CC[T>C]CC	-1	129810.0	1614909300
JG0139e	9	78474419	N:TG[T>C]CT	1	54031.0	1614963331
JG0139e	9	79090122	N:GA[C>A]TT	1	615703.0	1615579034
JG0139e	9	79500944	N:GG[T>G]TG	1	410822.0	1615989856
JG0139e	9	79713977	U:TG[C>A]CT	1	213033.0	1616202889
JG0139e	9	81293353	N:AA[T>G]TA	-1	1579376.0	1617782265
JG0139e	9	81781206	N:TT[T>G]TG	-1	487853.0	1618270118
JG0139e	9	82250355	N:CA[T>A]TA	-1	469149.0	1618739267
JG0139e	9	83189069	N:AA[C>G]CC	-1	938714.0	1619677981
JG0139e	9	83598820	N:AC[T>G]TC	-1	409751.0	1620087732
JG0139e	9	84137025	N:CC[T>C]CC	-1	538205.0	1620625937
JG0139e	9	85643293	U:TA[T>G]TT	-1	1506268.0	1622132205
JG0139e	9	86196673	N:TC[T>C]AC	1	553380.0	1622685585
JG0139e	9	87557723	U:AC[T>G]TG	1	1361050.0	1624046635
JG0139e	9	88140192	N:AC[T>C]CC	-1	582469.0	1624629104
JG0139e	9	88755751	N:TC[T>C]CT	-1	615559.0	1625244663
JG0139e	9	89098893	U:GG[T>C]TT	-1	343142.0	1625587805
JG0139e	9	89908524	N:GC[T>C]TT	-1	809631.0	1626397436
JG0139e	9	90685703	N:AG[T>A]CG	1	777179.0	1627174615
JG0139e	9	91563722	U:CC[T>G]TC	-1	878019.0	1628052634
JG0139e	9	91738548	T:GC[T>C]TT	1	174826.0	1628227460
JG0139e	9	92087847	U:CC[T>A]CT	-1	349299.0	1628576759
JG0139e	9	92986462	T:CC[T>C]CC	-1	898615.0	1629475374
JG0139e	9	93253301	T:AG[C>A]AG	-1	266839.0	1629742213
JG0139e	9	93281111	T:CC[T>C]TG	-1	27810.0	1629770023
JG0139e	9	93566417	N:AC[T>G]TG	-1	285306.0	1630055329
JG0139e	9	93812435	N:CC[T>C]GG	1	246018.0	1630301347
JG0139e	9	93902452	N:CC[T>C]TG	-1	90017.0	1630391364
JG0139e	9	93961070	N:TC[T>G]TC	1	58618.0	1630449982
JG0139e	9	93987986	N:AC[T>A]GC	-1	26916.0	1630476898
JG0139e	9	94503263	N:CC[T>A]CA	-1	515277.0	1630992175
JG0139e	9	95023677	U:TG[T>G]TG	1	520414.0	1631512589
JG0139e	9	95910949	U:TC[T>C]GT	1	887272.0	1632399861
JG0139e	9	96503178	T:TG[T>C]TA	1	592229.0	1632992090
JG0139e	9	96972197	U:TC[T>G]TT	-1	469019.0	1633461109
JG0139e	9	97169985	N:TC[T>C]GA	-1	197788.0	1633658897
JG0139e	9	99173472	N:TC[T>G]TC	1	2003487.0	1635662384
JG0139e	9	99996388	U:GC[T>G]TT	-1	822916.0	1636485300
JG0139e	9	100175255	U:TC[T>C]GT	1	178867.0	1636664167
JG0139e	9	100204376	T:CC[T>G]TT	-1	29121.0	1636693288
JG0139e	9	100653383	N:TC[T>C]TC	1	449007.0	1637142295
JG0139e	9	101315300	U:AC[T>A]TG	1	661917.0	1637804212
JG0139e	9	101366585	U:CC[T>G]TA	-1	51285.0	1637855497
JG0139e	9	101367931	U:TC[T>G]TT	-1	1346.0	1637856843
JG0139e	9	101438298	U:AC[T>A]TA	-1	70367.0	1637927210
JG0139e	9	101554243	T:TC[T>G]TT	-1	115945.0	1638043155
JG0139e	9	101559685	U:TC[T>G]TG	1	5442.0	1638048597
JG0139e	9	101586085	T:CT[T>G]TC	1	26400.0	1638074997
JG0139e	9	101790967	N:TC[T>G]TG	-1	204882.0	1638279879
JG0139e	9	101930230	N:TC[T>G]TC	-1	139263.0	1638419142
JG0139e	9	103339732	N:CC[T>G]TT	-1	1409502.0	1639828644
JG0139e	9	103521429	N:AG[T>C]TT	-1	181697.0	1640010341
JG0139e	9	103573360	N:GG[T>C]GC	-1	51931.0	1640062272
JG0139e	9	103890531	N:TC[T>G]TT	1	317171.0	1640379443
JG0139e	9	105289020	U:TC[T>G]TT	1	1398489.0	1641777932
JG0139e	9	105411879	T:CC[T>C]TA	-1	122859.0	1641900791
JG0139e	9	105576830	U:TG[T>G]TG	1	164951.0	1642065742
JG0139e	9	105907883	N:TC[T>G]TC	1	331053.0	1642396795
JG0139e	9	106455649	N:AC[T>G]TT	1	547766.0	1642944561
JG0139e	9	106507402	N:GC[T>C]GG	-1	51753.0	1642996314
JG0139e	9	107622838	N:CC[T>C]TT	-1	1115436.0	1644111750
JG0139e	9	107724294	N:TC[T>G]TT	-1	101456.0	1644213206
JG0139e	9	108190964	N:TC[T>G]TC	-1	466670.0	1644679876
JG0139e	9	108981875	U:TC[T>G]TG	-1	790911.0	1645470787
JG0139e	9	109059683	T:TC[T>G]CA	1	77808.0	1645548595
JG0139e	9	109103508	U:TC[T>G]TT	-1	43825.0	1645592420
JG0139e	9	109499228	N:TC[T>C]CC	-1	395720.0	1645988140
JG0139e	9	110149355	U:GC[T>G]TG	1	650127.0	1646638267
JG0139e	9	111037958	T:CG[C>A]AA	1	888603.0	1647526870
JG0139e	9	111145116	N:TA[C>A]AT	1	107158.0	1647634028
JG0139e	9	111503068	N:AC[T>C]CC	-1	357952.0	1647991980
JG0139e	9	111550986	B:TC[T>G]TA	-1	47918.0	1648039898
JG0139e	9	111744544	T:GC[T>C]GG	1	193558.0	1648233456
JG0139e	9	113359080	T:CA[T>G]TC	-1	1614536.0	1649847992
JG0139e	9	113424421	U:CC[T>C]TT	1	65341.0	1649913333
JG0139e	9	113727331	N:TA[T>G]TT	1	302910.0	1650216243
JG0139e	9	113748912	N:AA[T>G]TG	-1	21581.0	1650237824
JG0139e	9	114201702	U:TG[T>G]CA	1	452790.0	1650690614
JG0139e	9	114472910	U:AC[T>C]TA	-1	271208.0	1650961822
JG0139e	9	114715560	N:AC[T>A]TT	1	242650.0	1651204472
JG0139e	9	114739691	N:TC[T>C]CC	1	24131.0	1651228603
JG0139e	9	115574732	N:CC[T>C]TA	1	835041.0	1652063644
JG0139e	9	116160760	T:TC[T>G]TA	-1	586028.0	1652649672
JG0139e	9	116328129	T:TA[T>G]CT	-1	167369.0	1652817041
JG0139e	9	116810279	T:TG[T>G]CT	1	482150.0	1653299191
JG0139e	9	117406659	T:CC[T>C]TC	1	596380.0	1653895571
JG0139e	9	117638264	N:GC[T>G]TA	1	231605.0	1654127176
JG0139e	9	117872729	U:AC[T>G]TA	1	234465.0	1654361641
JG0139e	9	122338800	N:AC[T>C]TC	-1	4466071.0	1658827712
JG0139e	9	122926008	T:GC[T>G]TC	1	587208.0	1659414920
JG0139e	9	123061219	T:CC[T>G]TG	-1	135211.0	1659550131
JG0139e	9	123173104	T:CC[T>C]GA	1	111885.0	1659662016
JG0139e	9	123644500	T:TC[T>A]TT	1	471396.0	1660133412
JG0139e	9	124450012	N:CC[T>A]GC	1	805512.0	1660938924
JG0139e	9	124618281	U:TC[T>A]CG	-1	168269.0	1661107193
JG0139e	9	124721666	T:CA[T>G]TC	1	103385.0	1661210578
JG0139e	9	124797786	U:GC[T>C]TG	1	76120.0	1661286698
JG0139e	9	125853627	T:AC[T>C]TG	-1	1055841.0	1662342539
JG0139e	9	126006867	N:TG[T>G]TG	-1	153240.0	1662495779
JG0139e	9	126981193	T:CC[T>C]CA	-1	974326.0	1663470105
JG0139e	9	127922350	T:AG[T>G]TG	1	941157.0	1664411262
JG0139e	9	128137918	N:TC[T>A]GC	-1	215568.0	1664626830
JG0139e	9	128363374	N:GC[C>T]TC	1	225456.0	1664852286
JG0139e	9	128658053	N:CG[T>C]GG	-1	294679.0	1665146965
JG0139e	9	129216796	N:TC[T>C]AT	1	558743.0	1665705708
JG0139e	9	129365587	N:CC[T>G]CC	1	148791.0	1665854499
JG0139e	9	129663604	N:TC[T>C]GA	1	298017.0	1666152516
JG0139e	9	129833289	U:AG[C>A]AA	-1	169685.0	1666322201
JG0139e	9	130432161	U:TC[T>C]CT	1	598872.0	1666921073
JG0139e	9	130845759	T:CC[T>C]CA	-1	413598.0	1667334671
JG0139e	9	131267669	T:CC[T>G]TA	1	421910.0	1667756581
JG0139e	9	131559984	N:AC[T>A]TT	-1	292315.0	1668048896
JG0139e	9	132023720	U:TC[T>A]CT	-1	463736.0	1668512632
JG0139e	9	132105837	N:GC[T>G]TC	1	82117.0	1668594749
JG0139e	9	132159655	N:GG[T>C]GA	1	53818.0	1668648567
JG0139e	9	132882814	T:AC[T>C]GC	-1	723159.0	1669371726
JG0139e	9	133641685	T:GC[T>G]CC	-1	758871.0	1670130597
JG0139e	9	133703859	U:GC[T>G]GG	-1	62174.0	1670192771
JG0139e	9	134754429	T:GC[T>A]TC	-1	1050570.0	1671243341
JG0139e	9	136133666	N:TC[T>C]CT	-1	1379237.0	1672622578
JG0139e	9	136352552	U:AG[C>A]AA	1	218886.0	1672841464
JG0139e	9	136662990	U:CC[T>C]CA	1	310438.0	1673151902
JG0139e	9	137608110	T:TC[T>G]TA	-1	945120.0	1674097022
JG0139e	9	138004245	U:AT[T>G]TA	1	396135.0	1674493157
JG0139e	10	111343	N:AT[T>G]TT	-1		1674994972
JG0139e	10	397821	U:TC[T>G]TC	-1	286478.0	1675281450
JG0139e	10	1212953	T:CC[T>C]GG	1	815132.0	1676096582
JG0139e	10	1489709	T:AC[T>G]TC	1	276756.0	1676373338
JG0139e	10	2490653	N:TC[T>C]TG	1	1000944.0	1677374282
JG0139e	10	2653005	N:GG[T>G]TC	-1	162352.0	1677536634
JG0139e	10	2719022	N:TC[T>G]TT	1	66017.0	1677602651
JG0139e	10	3597847	N:CC[T>A]TT	1	878825.0	1678481476
JG0139e	10	3896497	N:AC[T>G]TT	1	298650.0	1678780126
JG0139e	10	4509197	N:TC[T>C]GT	-1	612700.0	1679392826
JG0139e	10	4862483	N:GC[T>C]TG	1	353286.0	1679746112
JG0139e	10	5167134	U:TG[T>G]TG	-1	304651.0	1680050763
JG0139e	10	5428468	U:CC[T>G]TG	1	261334.0	1680312097
JG0139e	10	5872638	U:AG[C>A]TT	-1	444170.0	1680756267
JG0139e	10	6193846	T:TC[T>C]CC	-1	321208.0	1681077475
JG0139e	10	6450847	U:CC[T>A]TC	-1	257001.0	1681334476
JG0139e	10	6466737	U:GC[T>G]CT	-1	15890.0	1681350366
JG0139e	10	7508768	N:TC[T>A]TA	-1	1042031.0	1682392397
JG0139e	10	7581952	T:AC[T>C]GC	1	73184.0	1682465581
JG0139e	10	7625934	T:CC[T>A]TG	1	43982.0	1682509563
JG0139e	10	7960191	U:AG[T>G]GA	1	334257.0	1682843820
JG0139e	10	8197424	N:CC[T>C]CC	-1	237233.0	1683081053
JG0139e	10	8468564	N:TC[T>G]TC	1	271140.0	1683352193
JG0139e	10	8662564	N:TG[T>G]TT	-1	194000.0	1683546193
JG0139e	10	8836742	N:TC[T>G]TT	1	174178.0	1683720371
JG0139e	10	8931819	N:TC[T>A]TC	1	95077.0	1683815448
JG0139e	10	9838251	N:TT[T>G]TA	1	906432.0	1684721880
JG0139e	10	10168949	N:TG[T>A]TA	1	330698.0	1685052578
JG0139e	10	10845407	U:CC[T>C]TA	1	676458.0	1685729036
JG0139e	10	11144657	T:GG[T>A]CT	-1	299250.0	1686028286
JG0139e	10	11488431	T:TC[T>G]GA	1	343774.0	1686372060
JG0139e	10	11720188	N:AC[T>C]GG	1	231757.0	1686603817
JG0139e	10	11783595	N:AG[T>G]TT	-1	63407.0	1686667224
JG0139e	10	11961583	U:TC[T>C]CC	-1	177988.0	1686845212
JG0139e	10	13183671	U:GG[T>G]TT	1	1222088.0	1688067300
JG0139e	10	13364401	N:CC[T>A]TC	-1	180730.0	1688248030
JG0139e	10	14208699	T:GC[T>C]TT	1	844298.0	1689092328
JG0139e	10	14866218	U:TC[T>G]TT	1	657519.0	1689749847
JG0139e	10	16629079	T:CC[T>G]GT	1	1762861.0	1691512708
JG0139e	10	16801976	T:TC[T>C]GC	1	172897.0	1691685605
JG0139e	10	17537568	N:AA[T>A]CA	-1	735592.0	1692421197
JG0139e	10	17642209	N:TC[T>C]GA	-1	104641.0	1692525838
JG0139e	10	17919525	N:AA[T>G]TG	1	277316.0	1692803154
JG0139e	10	18036901	U:GC[C>G]TC	1	117376.0	1692920530
JG0139e	10	18561211	U:CA[T>G]TT	-1	524310.0	1693444840
JG0139e	10	18588036	T:TC[T>C]CA	1	26825.0	1693471665
JG0139e	10	18916355	N:TC[T>C]TC	1	328319.0	1693799984
JG0139e	10	19358882	U:GG[T>G]TC	1	442527.0	1694242511
JG0139e	10	19536578	U:CC[T>A]TT	1	177696.0	1694420207
JG0139e	10	19896125	U:TC[T>G]TC	1	359547.0	1694779754
JG0139e	10	20024135	U:CT[T>C]TC	1	128010.0	1694907764
JG0139e	10	20329875	N:AC[T>C]TA	-1	305740.0	1695213504
JG0139e	10	21098523	T:CC[T>C]TA	1	768648.0	1695982152
JG0139e	10	21199483	N:CC[T>G]AT	1	100960.0	1696083112
JG0139e	10	21526995	T:GA[T>G]TT	-1	327512.0	1696410624
JG0139e	10	22096263	N:TT[T>A]AA	1	569268.0	1696979892
JG0139e	10	22883344	N:GT[T>G]TT	-1	787081.0	1697766973
JG0139e	10	23170183	N:TC[T>G]GT	1	286839.0	1698053812
JG0139e	10	23319763	T:CC[T>C]CC	1	149580.0	1698203392
JG0139e	10	23706659	U:AC[T>G]TA	1	386896.0	1698590288
JG0139e	10	23794906	U:AC[T>G]TA	1	88247.0	1698678535
JG0139e	10	23873834	U:AG[T>C]AC	1	78928.0	1698757463
JG0139e	10	24246451	U:AC[T>G]TT	1	372617.0	1699130080
JG0139e	10	26215064	N:GC[T>G]TA	-1	1968613.0	1701098693
JG0139e	10	26412147	N:TC[T>C]TG	-1	197083.0	1701295776
JG0139e	10	26452665	U:CC[T>A]AC	1	40518.0	1701336294
JG0139e	10	26675874	N:TC[T>A]CT	-1	223209.0	1701559503
JG0139e	10	26889879	N:TC[T>G]TT	-1	214005.0	1701773508
JG0139e	10	28244295	T:TA[T>G]TT	1	1354416.0	1703127924
JG0139e	10	29012827	N:TT[T>G]TG	1	768532.0	1703896456
JG0139e	10	29093905	N:GC[T>G]TA	-1	81078.0	1703977534
JG0139e	10	29709055	U:TC[T>C]TC	-1	615150.0	1704592684
JG0139e	10	29766161	N:CC[T>C]GA	-1	57106.0	1704649790
JG0139e	10	30886049	U:AT[C>G]AG	-1	1119888.0	1705769678
JG0139e	10	31109988	N:AC[T>G]TT	-1	223939.0	1705993617
JG0139e	10	31141525	N:TC[T>C]TG	1	31537.0	1706025154
JG0139e	10	31302467	N:TC[T>C]TT	1	160942.0	1706186096
JG0139e	10	31395299	U:TG[T>G]TG	1	92832.0	1706278928
JG0139e	10	31407920	T:CC[T>G]TT	-1	12621.0	1706291549
JG0139e	10	32258254	N:CC[T>C]CA	1	850334.0	1707141883
JG0139e	10	32403460	N:TC[T>C]TG	-1	145206.0	1707287089
JG0139e	10	32511417	U:AG[C>A]TT	1	107957.0	1707395046
JG0139e	10	32532697	U:TC[T>G]TG	1	21280.0	1707416326
JG0139e	10	33255775	T:TT[T>G]TT	1	723078.0	1708139404
JG0139e	10	33524839	N:AC[T>G]TG	1	269064.0	1708408468
JG0139e	10	33725803	N:GG[T>G]TC	-1	200964.0	1708609432
JG0139e	10	34140443	T:AG[T>G]TT	1	414640.0	1709024072
JG0139e	10	34146987	U:CC[T>C]TT	-1	6544.0	1709030616
JG0139e	10	34250627	U:GC[T>G]TA	-1	103640.0	1709134256
JG0139e	10	34764579	T:GC[T>G]GG	1	513952.0	1709648208
JG0139e	10	35330880	U:TC[C>A]TG	1	566301.0	1710214509
JG0139e	10	35845445	N:CC[T>G]TG	1	514565.0	1710729074
JG0139e	10	36785307	N:TA[T>G]TT	-1	939862.0	1711668936
JG0139e	10	39317938	N:TC[T>C]CA	1	2532631.0	1714201567
JG0139e	10	39497900	N:TC[T>C]TC	1	179962.0	1714381529
JG0139e	10	39574124	N:GC[T>C]TT	1	76224.0	1714457753
JG0139e	10	40766512	N:TC[T>C]GC	-1	1192388.0	1715650141
JG0139e	10	41060577	N:GC[T>G]TC	-1	294065.0	1715944206
JG0139e	10	42949392	N:GC[T>G]TA	1	1888815.0	1717833021
JG0139e	10	44250729	N:TA[T>G]TC	1	1301337.0	1719134358
JG0139e	10	44756913	N:CC[T>G]TA	-1	506184.0	1719640542
JG0139e	10	44932038	U:AC[T>C]TT	1	175125.0	1719815667
JG0139e	10	44948675	N:AG[T>G]TT	1	16637.0	1719832304
JG0139e	10	45193747	N:TG[T>G]TA	1	245072.0	1720077376
JG0139e	10	45524943	U:TG[T>C]GG	-1	331196.0	1720408572
JG0139e	10	45855996	N:CA[T>G]TT	1	331053.0	1720739625
JG0139e	10	45861869	N:TC[T>G]TG	-1	5873.0	1720745498
JG0139e	10	45970786	N:AG[T>G]CA	1	108917.0	1720854415
JG0139e	10	45994979	T:TC[T>C]TA	-1	24193.0	1720878608
JG0139e	10	46411374	N:CC[T>C]CC	1	416395.0	1721295003
JG0139e	10	46489038	N:GC[T>C]TC	-1	77664.0	1721372667
JG0139e	10	47114710	N:TC[T>A]CT	-1	625672.0	1721998339
JG0139e	10	47993857	N:CC[T>C]CT	-1	879147.0	1722877486
JG0139e	10	48073273	N:CC[T>C]CC	1	79416.0	1722956902
JG0139e	10	48111655	N:TA[T>G]TA	-1	38382.0	1722995284
JG0139e	10	49334034	N:GC[T>G]TG	1	1222379.0	1724217663
JG0139e	10	49379733	T:TC[T>C]TC	1	45699.0	1724263362
JG0139e	10	49537838	T:CC[T>G]TG	1	158105.0	1724421467
JG0139e	10	49793979	N:GC[T>G]TT	-1	256141.0	1724677608
JG0139e	10	49817235	N:AC[T>G]TT	1	23256.0	1724700864
JG0139e	10	49895813	U:TC[T>A]TG	-1	78578.0	1724779442
JG0139e	10	49963159	B:AA[T>G]TC	1	67346.0	1724846788
JG0139e	10	50342708	U:CC[T>G]TA	-1	379549.0	1725226337
JG0139e	10	50773629	N:AC[T>C]CA	-1	430921.0	1725657258
JG0139e	10	50961650	N:CC[T>G]GT	1	188021.0	1725845279
JG0139e	10	51364579	T:AA[C>A]AA	-1	402929.0	1726248208
JG0139e	10	51819149	U:GC[T>G]TC	1	454570.0	1726702778
JG0139e	10	52329486	N:TC[T>G]GA	1	510337.0	1727213115
JG0139e	10	52522660	N:AC[T>C]CA	1	193174.0	1727406289
JG0139e	10	52643652	N:TC[T>C]CT	-1	120992.0	1727527281
JG0139e	10	53024134	N:TC[T>G]TA	-1	380482.0	1727907763
JG0139e	10	53189103	N:AG[T>G]TT	1	164969.0	1728072732
JG0139e	10	53385194	N:CC[T>G]TT	1	196091.0	1728268823
JG0139e	10	54145796	T:AC[T>G]TC	1	760602.0	1729029425
JG0139e	10	54779302	U:GG[T>A]TA	-1	633506.0	1729662931
JG0139e	10	54795788	U:CC[T>G]TG	-1	16486.0	1729679417
JG0139e	10	54839022	T:AT[C>T]CA	1	43234.0	1729722651
JG0139e	10	54974027	T:TC[T>C]CT	1	135005.0	1729857656
JG0139e	10	55304869	T:AC[T>G]TG	1	330842.0	1730188498
JG0139e	10	55890916	N:CC[T>G]CG	-1	586047.0	1730774545
JG0139e	10	56907225	N:GC[T>G]AA	1	1016309.0	1731790854
JG0139e	10	57242674	N:AG[T>G]TT	1	335449.0	1732126303
JG0139e	10	57410549	N:GC[T>G]GA	-1	167875.0	1732294178
JG0139e	10	57700387	N:AC[T>C]TG	-1	289838.0	1732584016
JG0139e	10	57705285	N:TC[T>G]TA	-1	4898.0	1732588914
JG0139e	10	59082632	N:TC[T>C]CA	1	1377347.0	1733966261
JG0139e	10	59506219	N:CC[T>G]TT	1	423587.0	1734389848
JG0139e	10	59777695	N:GC[T>G]GT	-1	271476.0	1734661324
JG0139e	10	60059238	U:TC[T>C]AG	-1	281543.0	1734942867
JG0139e	10	60135839	U:AC[T>G]TA	-1	76601.0	1735019468
JG0139e	10	60483671	T:GC[T>G]TT	1	347832.0	1735367300
JG0139e	10	60702760	T:AG[T>G]TC	1	219089.0	1735586389
JG0139e	10	61264374	N:TC[T>G]CA	1	561614.0	1736148003
JG0139e	10	61588124	N:AC[T>G]TG	-1	323750.0	1736471753
JG0139e	10	61673067	U:TG[T>C]TC	1	84943.0	1736556696
JG0139e	10	62485362	U:CC[T>C]CT	1	812295.0	1737368991
JG0139e	10	62695839	N:TC[T>G]TT	-1	210477.0	1737579468
JG0139e	10	63103597	N:CC[T>A]CA	-1	407758.0	1737987226
JG0139e	10	63910117	N:GA[T>G]TT	-1	806520.0	1738793746
JG0139e	10	64150442	N:TC[T>G]TG	1	240325.0	1739034071
JG0139e	10	64402170	N:TC[T>A]CA	1	251728.0	1739285799
JG0139e	10	64975309	N:CC[T>C]TT	-1	573139.0	1739858938
JG0139e	10	65765637	N:TC[T>C]CA	1	790328.0	1740649266
JG0139e	10	67000795	B:AC[T>G]CT	-1	1235158.0	1741884424
JG0139e	10	67474461	U:GT[T>G]TC	-1	473666.0	1742358090
JG0139e	10	67871410	N:AA[T>G]TG	1	396949.0	1742755039
JG0139e	10	68193420	U:AC[T>C]CA	1	322010.0	1743077049
JG0139e	10	68617494	U:TG[T>A]TA	1	424074.0	1743501123
JG0139e	10	68799676	N:GC[T>C]TA	-1	182182.0	1743683305
JG0139e	10	68978609	T:TA[T>G]TG	-1	178933.0	1743862238
JG0139e	10	69413430	U:AT[T>G]TC	-1	434821.0	1744297059
JG0139e	10	69652294	N:CC[T>A]CC	1	238864.0	1744535923
JG0139e	10	69665377	N:CC[T>C]TT	1	13083.0	1744549006
JG0139e	10	69667832	N:TG[T>G]TG	-1	2455.0	1744551461
JG0139e	10	69851317	T:AA[T>G]TG	-1	183485.0	1744734946
JG0139e	10	71119211	N:AC[T>C]TG	-1	1267894.0	1746002840
JG0139e	10	71386708	N:CC[T>A]CT	1	267497.0	1746270337
JG0139e	10	71414336	U:AC[T>C]TT	1	27628.0	1746297965
JG0139e	10	72042308	N:GG[T>G]GA	1	627972.0	1746925937
JG0139e	10	72412397	T:CC[T>G]TT	1	370089.0	1747296026
JG0139e	10	72533822	T:AC[T>C]GA	1	121425.0	1747417451
JG0139e	10	72551918	T:AG[T>C]AG	1	18096.0	1747435547
JG0139e	10	72798213	T:AC[T>C]GA	-1	246295.0	1747681842
JG0139e	10	73007688	U:TT[T>G]TT	-1	209475.0	1747891317
JG0139e	10	73400668	T:CT[T>G]TC	1	392980.0	1748284297
JG0139e	10	74206535	U:TG[T>G]TA	1	805867.0	1749090164
JG0139e	10	74557573	T:TG[T>C]CT	-1	351038.0	1749441202
JG0139e	10	76779482	N:TG[T>C]TT	1	2221909.0	1751663111
JG0139e	10	77624559	T:TC[T>C]CC	1	845077.0	1752508188
JG0139e	10	78727204	N:CC[T>A]CA	1	1102645.0	1753610833
JG0139e	10	79431588	T:CG[T>G]TT	1	704384.0	1754315217
JG0139e	10	79492708	N:CC[T>C]CG	-1	61120.0	1754376337
JG0139e	10	79740761	N:CC[T>C]CA	-1	248053.0	1754624390
JG0139e	10	80204128	U:TC[T>A]GT	-1	463367.0	1755087757
JG0139e	10	80880519	N:TG[T>G]TT	1	676391.0	1755764148
JG0139e	10	80961419	N:TC[T>G]CA	-1	80900.0	1755845048
JG0139e	10	80962721	N:CA[T>G]TG	-1	1302.0	1755846350
JG0139e	10	81409840	N:TC[T>G]TT	1	447119.0	1756293469
JG0139e	10	81648727	N:AC[T>C]TA	-1	238887.0	1756532356
JG0139e	10	82005931	U:CC[T>A]TT	1	357204.0	1756889560
JG0139e	10	82375806	T:AA[T>G]TT	-1	369875.0	1757259435
JG0139e	10	82622489	T:AA[T>G]TT	-1	246683.0	1757506118
JG0139e	10	83348792	N:GC[T>G]TT	1	726303.0	1758232421
JG0139e	10	83382058	N:AC[T>G]TA	-1	33266.0	1758265687
JG0139e	10	83478240	N:TA[T>G]TA	-1	96182.0	1758361869
JG0139e	10	83647311	N:TC[C>A]AG	1	169071.0	1758530940
JG0139e	10	83786695	N:TG[T>C]GC	1	139384.0	1758670324
JG0139e	10	83959200	N:TG[T>G]CT	-1	172505.0	1758842829
JG0139e	10	84455970	T:CC[T>G]TA	-1	496770.0	1759339599
JG0139e	10	84648719	N:TC[T>G]TG	1	192749.0	1759532348
JG0139e	10	84862901	N:TC[T>G]TT	-1	214182.0	1759746530
JG0139e	10	85161691	N:TC[T>C]TT	1	298790.0	1760045320
JG0139e	10	85233371	N:CC[T>C]GA	-1	71680.0	1760117000
JG0139e	10	86565858	N:AG[T>C]CA	-1	1332487.0	1761449487
JG0139e	10	86851978	T:TG[T>G]CC	-1	286120.0	1761735607
JG0139e	10	87086182	U:TC[T>C]CC	-1	234204.0	1761969811
JG0139e	10	87612665	N:CC[T>C]TT	1	526483.0	1762496294
JG0139e	10	87858355	N:AC[T>G]TC	-1	245690.0	1762741984
JG0139e	10	88472374	T:GG[T>G]TT	1	614019.0	1763356003
JG0139e	10	88885733	U:TC[T>G]TT	1	413359.0	1763769362
JG0139e	10	89111800	N:GA[C>A]AT	-1	226067.0	1763995429
JG0139e	10	89426885	N:CA[T>A]GT	-1	315085.0	1764310514
JG0139e	10	89621764	U:AC[T>C]CT	-1	194879.0	1764505393
JG0139e	10	89696987	N:GC[T>C]TT	-1	75223.0	1764580616
JG0139e	10	90445981	N:CC[T>C]CT	1	748994.0	1765329610
JG0139e	10	91176536	U:AC[T>G]TT	1	730555.0	1766060165
JG0139e	10	91180335	T:GC[T>G]TC	-1	3799.0	1766063964
JG0139e	10	91370509	N:TC[T>C]CT	1	190174.0	1766254138
JG0139e	10	92114351	U:TT[T>G]CA	-1	743842.0	1766997980
JG0139e	10	92281763	T:TG[T>G]TT	1	167412.0	1767165392
JG0139e	10	92472933	U:GC[T>C]GG	-1	191170.0	1767356562
JG0139e	10	92591103	N:TC[T>G]TC	1	118170.0	1767474732
JG0139e	10	92765682	N:TC[T>C]CT	-1	174579.0	1767649311
JG0139e	10	92947449	T:AC[T>C]CA	-1	181767.0	1767831078
JG0139e	10	93250865	N:CA[T>G]CC	1	303416.0	1768134494
JG0139e	10	93283375	N:AC[T>G]CC	-1	32510.0	1768167004
JG0139e	10	93348047	U:TG[T>G]TA	-1	64672.0	1768231676
JG0139e	10	93582369	T:GG[T>G]TT	-1	234322.0	1768465998
JG0139e	10	93840599	N:GC[T>A]CA	-1	258230.0	1768724228
JG0139e	10	94745580	N:CC[T>G]TC	-1	904981.0	1769629209
JG0139e	10	94924730	N:TT[T>G]CA	1	179150.0	1769808359
JG0139e	10	94995458	N:AG[T>G]TT	1	70728.0	1769879087
JG0139e	10	95377807	U:TC[T>C]TT	-1	382349.0	1770261436
JG0139e	10	95642603	U:TC[T>G]CA	-1	264796.0	1770526232
JG0139e	10	96136411	U:TC[T>G]TA	1	493808.0	1771020040
JG0139e	10	96271446	T:CG[T>C]CA	1	135035.0	1771155075
JG0139e	10	96365534	U:GC[T>G]TT	-1	94088.0	1771249163
JG0139e	10	96384150	U:TC[T>C]TC	-1	18616.0	1771267779
JG0139e	10	96769620	N:CC[T>C]TG	1	385470.0	1771653249
JG0139e	10	96825048	N:TG[T>C]TT	1	55428.0	1771708677
JG0139e	10	96906975	T:TC[T>C]TT	-1	81927.0	1771790604
JG0139e	10	98099225	N:AC[T>G]GC	1	1192250.0	1772982854
JG0139e	10	98413461	U:GA[T>G]TA	-1	314236.0	1773297090
JG0139e	10	98441379	T:TT[C>G]AA	1	27918.0	1773325008
JG0139e	10	98695351	T:TC[T>G]TT	1	253972.0	1773578980
JG0139e	10	98949968	T:AG[T>G]TT	1	254617.0	1773833597
JG0139e	10	99056522	U:GG[C>G]TA	-1	106554.0	1773940151
JG0139e	10	99260802	N:TC[T>C]GC	1	204280.0	1774144431
JG0139e	10	99398057	T:TC[T>C]TC	1	137255.0	1774281686
JG0139e	10	99427660	T:CC[T>C]TC	1	29603.0	1774311289
JG0139e	10	99495543	N:AC[T>G]TA	1	67883.0	1774379172
JG0139e	10	99538214	N:TG[T>G]TT	-1	42671.0	1774421843
JG0139e	10	99765111	N:AC[T>C]TA	1	226897.0	1774648740
JG0139e	10	100328892	T:AC[T>C]CT	1	563781.0	1775212521
JG0139e	10	100453893	N:AC[T>A]CT	1	125001.0	1775337522
JG0139e	10	100466310	T:AC[T>C]CC	-1	12417.0	1775349939
JG0139e	10	100625526	N:TC[T>C]TC	1	159216.0	1775509155
JG0139e	10	101304890	N:CC[T>G]TG	1	679364.0	1776188519
JG0139e	10	102676255	U:TC[T>C]TG	-1	1371365.0	1777559884
JG0139e	10	102858384	U:GC[T>C]CA	1	182129.0	1777742013
JG0139e	10	103212508	N:TC[T>G]TC	-1	354124.0	1778096137
JG0139e	10	103946924	N:AG[C>A]AT	-1	734416.0	1778830553
JG0139e	10	104298623	U:GG[T>G]TG	1	351699.0	1779182252
JG0139e	10	104311875	U:AT[T>G]TC	-1	13252.0	1779195504
JG0139e	10	104364186	U:GC[T>G]TT	1	52311.0	1779247815
JG0139e	10	104791402	T:AG[T>G]TA	-1	427216.0	1779675031
JG0139e	10	104882621	U:AT[T>C]TG	1	91219.0	1779766250
JG0139e	10	105510268	N:CC[T>G]TT	-1	627647.0	1780393897
JG0139e	10	105654243	N:TA[T>G]TT	1	143975.0	1780537872
JG0139e	10	106297113	N:TC[T>G]TT	-1	642870.0	1781180742
JG0139e	10	106472231	N:CC[T>A]GA	-1	175118.0	1781355860
JG0139e	10	106743168	U:CC[T>C]CC	-1	270937.0	1781626797
JG0139e	10	106770594	U:CC[T>C]CA	-1	27426.0	1781654223
JG0139e	10	107493354	N:CC[T>A]TC	1	722760.0	1782376983
JG0139e	10	107665830	N:TG[T>G]TG	1	172476.0	1782549459
JG0139e	10	108149559	N:CC[T>C]TA	1	483729.0	1783033188
JG0139e	10	108260421	N:TC[T>G]TA	-1	110862.0	1783144050
JG0139e	10	108465492	N:AT[T>G]TT	1	205071.0	1783349121
JG0139e	10	108566667	N:AC[T>A]CC	1	101175.0	1783450296
JG0139e	10	108820104	N:AT[C>A]CT	1	253437.0	1783703733
JG0139e	10	109665713	N:AC[T>A]TT	-1	845609.0	1784549342
JG0139e	10	109769270	N:AC[T>G]CA	1	103557.0	1784652899
JG0139e	10	110186849	N:CC[T>G]TC	1	417579.0	1785070478
JG0139e	10	110269365	U:AC[T>G]TT	1	82516.0	1785152994
JG0139e	10	110836755	U:CC[T>C]CT	1	567390.0	1785720384
JG0139e	10	110919588	U:GC[T>G]TC	1	82833.0	1785803217
JG0139e	10	111362839	N:TC[T>G]TA	1	443251.0	1786246468
JG0139e	10	112988715	U:TT[T>C]TG	1	1625876.0	1787872344
JG0139e	10	113182749	N:TT[T>G]TA	1	194034.0	1788066378
JG0139e	10	113277552	N:GC[T>A]CC	1	94803.0	1788161181
JG0139e	10	113974374	N:CC[T>G]TA	-1	696822.0	1788858003
JG0139e	10	114368257	U:GC[T>G]TC	-1	393883.0	1789251886
JG0139e	10	115171812	T:AC[T>A]CA	-1	803555.0	1790055441
JG0139e	10	116098325	T:CC[T>C]TG	1	926513.0	1790981954
JG0139e	10	117063629	U:GC[T>G]TT	-1	965304.0	1791947258
JG0139e	10	117238230	N:AA[T>G]TA	-1	174601.0	1792121859
JG0139e	10	118100959	N:TA[T>G]TC	1	862729.0	1792984588
JG0139e	10	118556988	N:CC[T>G]CC	1	456029.0	1793440617
JG0139e	10	119105816	T:CC[T>G]CT	-1	548828.0	1793989445
JG0139e	10	119195909	N:CC[T>G]TG	1	90093.0	1794079538
JG0139e	10	119471972	N:CC[T>G]CA	-1	276063.0	1794355601
JG0139e	10	120208897	N:CC[T>G]TA	1	736925.0	1795092526
JG0139e	10	120534862	U:CC[T>G]TC	1	325965.0	1795418491
JG0139e	10	121008816	N:AC[T>C]TT	1	473954.0	1795892445
JG0139e	10	121157264	N:TC[T>G]TA	-1	148448.0	1796040893
JG0139e	10	121392807	N:GC[T>G]TA	1	235543.0	1796276436
JG0139e	10	121579596	T:TA[C>T]CT	1	186789.0	1796463225
JG0139e	10	122282558	U:TC[T>C]CT	1	702962.0	1797166187
JG0139e	10	122376331	T:AC[T>C]CT	-1	93773.0	1797259960
JG0139e	10	122626796	T:CC[T>A]CT	-1	250465.0	1797510425
JG0139e	10	123052647	U:TC[T>C]TT	1	425851.0	1797936276
JG0139e	10	123111899	N:GC[T>G]TC	1	59252.0	1797995528
JG0139e	10	123536697	N:TG[T>C]GC	1	424798.0	1798420326
JG0139e	10	124171914	N:AC[T>C]TA	-1	635217.0	1799055543
JG0139e	10	124195952	N:TG[C>A]AT	-1	24038.0	1799079581
JG0139e	10	124352139	N:AC[T>G]TT	1	156187.0	1799235768
JG0139e	10	125035233	T:TC[T>A]CC	1	683094.0	1799918862
JG0139e	10	125270961	N:TC[T>A]GT	-1	235728.0	1800154590
JG0139e	10	125439007	N:AC[T>G]TT	1	168046.0	1800322636
JG0139e	10	125585073	U:TC[T>C]TC	-1	146066.0	1800468702
JG0139e	10	125818070	U:TC[T>C]CA	-1	232997.0	1800701699
JG0139e	10	126332684	U:CC[T>G]CG	-1	514614.0	1801216313
JG0139e	10	126864651	N:AA[C>A]AT	1	531967.0	1801748280
JG0139e	10	128572704	N:CC[T>C]CT	-1	1708053.0	1803456333
JG0139e	10	129438225	N:CT[C>A]CA	-1	865521.0	1804321854
JG0139e	10	129614762	T:AC[T>G]TG	-1	176537.0	1804498391
JG0139e	10	130331345	N:TC[T>C]CT	1	716583.0	1805214974
JG0139e	10	130763569	N:GC[T>G]CA	-1	432224.0	1805647198
JG0139e	10	130823418	N:TT[T>A]TC	1	59849.0	1805707047
JG0139e	10	132071959	N:CC[T>A]TT	1	1248541.0	1806955588
JG0139e	10	132128808	T:TA[T>G]TT	-1	56849.0	1807012437
JG0139e	10	133265833	U:TG[T>G]TT	-1	1137025.0	1808149462
JG0139e	10	133332204	B:CC[T>G]CT	-1	66371.0	1808215833
JG0139e	10	133633361	N:TC[T>C]TG	-1	301157.0	1808516990
JG0139e	11	117022	N:GC[T>A]TG	-1		1808798073
JG0139e	11	312028	T:CC[T>G]TT	-1	195006.0	1808993079
JG0139e	11	578192	T:CC[T>C]GT	-1	266164.0	1809259243
JG0139e	11	659503	T:TC[T>C]TT	1	81311.0	1809340554
JG0139e	11	1278122	T:AC[T>C]CG	1	618619.0	1809959173
JG0139e	11	1468730	N:CC[T>C]TC	-1	190608.0	1810149781
JG0139e	11	1702989	N:TC[T>C]TG	-1	234259.0	1810384040
JG0139e	11	1809158	N:GA[C>A]AT	-1	106169.0	1810490209
JG0139e	11	2307125	T:CC[T>G]CC	-1	497967.0	1810988176
JG0139e	11	2308083	U:TC[T>C]CC	1	958.0	1810989134
JG0139e	11	2371403	N:AC[T>C]GG	-1	63320.0	1811052454
JG0139e	11	2404188	N:TC[T>C]CC	-1	32785.0	1811085239
JG0139e	11	2552119	U:TC[T>A]TT	1	147931.0	1811233170
JG0139e	11	2799670	U:GT[C>A]TG	1	247551.0	1811480721
JG0139e	11	2947654	U:GC[T>G]TC	-1	147984.0	1811628705
JG0139e	11	2954159	U:AC[T>C]TA	-1	6505.0	1811635210
JG0139e	11	3018077	U:AC[T>G]TG	-1	63918.0	1811699128
JG0139e	11	3035018	U:GG[C>A]TG	-1	16941.0	1811716069
JG0139e	11	3211609	N:GC[T>G]TG	-1	176591.0	1811892660
JG0139e	11	4283687	N:CC[T>C]TG	1	1072078.0	1812964738
JG0139e	11	4294314	N:CC[T>G]TG	-1	10627.0	1812975365
JG0139e	11	4355964	N:TA[T>G]TG	-1	61650.0	1813037015
JG0139e	11	4562684	N:TC[T>C]CT	-1	206720.0	1813243735
JG0139e	11	4652599	T:CT[C>A]TT	-1	89915.0	1813333650
JG0139e	11	4706639	N:TC[T>G]CA	-1	54040.0	1813387690
JG0139e	11	4884348	U:TC[T>G]TT	1	177709.0	1813565399
JG0139e	11	5402973	T:GC[T>G]TT	1	518625.0	1814084024
JG0139e	11	5646315	N:TC[T>C]CC	1	243342.0	1814327366
JG0139e	11	5673108	U:TT[T>G]TC	-1	26793.0	1814354159
JG0139e	11	5722506	U:AC[T>C]TT	-1	49398.0	1814403557
JG0139e	11	5792530	T:AA[T>G]TT	1	70024.0	1814473581
JG0139e	11	6660491	N:CC[T>C]CC	-1	867961.0	1815341542
JG0139e	11	7176936	N:AG[T>G]TA	-1	516445.0	1815857987
JG0139e	11	7465091	T:TT[T>A]TT	-1	288155.0	1816146142
JG0139e	11	7502331	T:CC[T>C]TG	-1	37240.0	1816183382
JG0139e	11	7504089	T:TC[T>C]CC	-1	1758.0	1816185140
JG0139e	11	7544902	U:GC[T>G]TC	1	40813.0	1816225953
JG0139e	11	7922938	N:GC[T>A]CC	1	378036.0	1816603989
JG0139e	11	8464317	U:CC[T>G]TT	-1	541379.0	1817145368
JG0139e	11	9259828	U:TC[T>C]TG	-1	795511.0	1817940879
JG0139e	11	9975971	U:AC[T>C]CA	-1	716143.0	1818657022
JG0139e	11	10075298	T:TC[T>C]GC	1	99327.0	1818756349
JG0139e	11	10555893	N:CC[T>C]CC	-1	480595.0	1819236944
JG0139e	11	11308802	U:CC[T>G]GG	-1	752909.0	1819989853
JG0139e	11	12184337	T:AA[C>A]AG	-1	875535.0	1820865388
JG0139e	11	12285211	U:AG[T>G]TT	1	100874.0	1820966262
JG0139e	11	12537571	N:GC[T>A]TT	1	252360.0	1821218622
JG0139e	11	12746061	T:CC[T>C]GG	-1	208490.0	1821427112
JG0139e	11	12875148	T:TC[T>G]TC	-1	129087.0	1821556199
JG0139e	11	13009106	N:GC[T>C]CT	-1	133958.0	1821690157
JG0139e	11	13090512	N:TG[T>G]CA	1	81406.0	1821771563
JG0139e	11	13406274	U:TC[T>C]TT	-1	315762.0	1822087325
JG0139e	11	13697613	T:TC[T>A]CT	-1	291339.0	1822378664
JG0139e	11	13830632	N:TC[T>G]CT	1	133019.0	1822511683
JG0139e	11	14214741	U:AC[T>C]GG	1	384109.0	1822895792
JG0139e	11	14382074	N:AC[T>C]CA	-1	167333.0	1823063125
JG0139e	11	14799921	U:AT[T>G]TA	1	417847.0	1823480972
JG0139e	11	15645535	N:CC[T>C]TC	-1	845614.0	1824326586
JG0139e	11	15704419	N:CC[T>G]GG	-1	58884.0	1824385470
JG0139e	11	16331328	T:CC[T>G]TA	1	626909.0	1825012379
JG0139e	11	16345514	T:CA[C>G]CT	1	14186.0	1825026565
JG0139e	11	16556246	N:AC[T>G]TT	-1	210732.0	1825237297
JG0139e	11	17193424	T:AC[T>G]TA	1	637178.0	1825874475
JG0139e	11	17214945	T:AG[T>G]TC	-1	21521.0	1825895996
JG0139e	11	17428489	U:AC[T>G]TC	-1	213544.0	1826109540
JG0139e	11	17866195	U:AC[T>C]CA	-1	437706.0	1826547246
JG0139e	11	18061187	N:TC[T>C]TA	1	194992.0	1826742238
JG0139e	11	18332902	U:AC[T>A]TT	1	271715.0	1827013953
JG0139e	11	18501125	U:AC[T>C]AA	-1	168223.0	1827182176
JG0139e	11	18753158	U:AC[T>G]TC	-1	252033.0	1827434209
JG0139e	11	18799043	N:CA[T>A]CA	-1	45885.0	1827480094
JG0139e	11	19123876	T:CC[T>A]TG	-1	324833.0	1827804927
JG0139e	11	19905693	U:CC[T>C]GT	1	781817.0	1828586744
JG0139e	11	20119876	T:AG[T>G]TG	-1	214183.0	1828800927
JG0139e	11	20616203	T:TG[T>G]TC	-1	496327.0	1829297254
JG0139e	11	20632915	U:CC[T>G]TC	1	16712.0	1829313966
JG0139e	11	21260176	U:TC[T>G]CT	1	627261.0	1829941227
JG0139e	11	21324494	U:AC[T>G]GT	1	64318.0	1830005545
JG0139e	11	21461729	T:CC[T>G]TG	-1	137235.0	1830142780
JG0139e	11	21961421	N:TC[T>C]CT	1	499692.0	1830642472
JG0139e	11	22127441	N:TC[T>C]GT	-1	166020.0	1830808492
JG0139e	11	22130670	N:GC[T>G]TG	-1	3229.0	1830811721
JG0139e	11	22251322	T:TC[T>C]CT	-1	120652.0	1830932373
JG0139e	11	22255992	T:TC[T>G]TA	-1	4670.0	1830937043
JG0139e	11	22677349	T:TC[T>G]TG	-1	421357.0	1831358400
JG0139e	11	22691846	U:GG[T>C]TG	1	14497.0	1831372897
JG0139e	11	22773321	U:AC[T>G]TT	1	81475.0	1831454372
JG0139e	11	23004509	N:TC[T>A]TT	-1	231188.0	1831685560
JG0139e	11	23303729	N:GC[T>G]TA	-1	299220.0	1831984780
JG0139e	11	23343130	N:TT[T>A]TT	-1	39401.0	1832024181
JG0139e	11	24362849	N:AC[T>C]TT	-1	1019719.0	1833043900
JG0139e	11	24625927	U:TG[T>G]TT	1	263078.0	1833306978
JG0139e	11	24738889	U:TG[T>G]TT	1	112962.0	1833419940
JG0139e	11	24771956	U:CC[T>A]TT	1	33067.0	1833453007
JG0139e	11	25475888	N:TC[T>G]CC	-1	703932.0	1834156939
JG0139e	11	25502859	N:TC[T>C]CT	-1	26971.0	1834183910
JG0139e	11	25526563	N:AC[T>C]CT	-1	23704.0	1834207614
JG0139e	11	25597028	N:GC[T>A]TT	1	70465.0	1834278079
JG0139e	11	25622219	N:TC[T>G]TG	1	25191.0	1834303270
JG0139e	11	26015173	N:TA[T>A]TC	-1	392954.0	1834696224
JG0139e	11	26128449	N:AC[T>G]TG	-1	113276.0	1834809500
JG0139e	11	26282676	N:TC[T>A]CC	1	154227.0	1834963727
JG0139e	11	27597718	N:TC[T>C]CA	1	1315042.0	1836278769
JG0139e	11	28260207	T:CC[T>C]GA	-1	662489.0	1836941258
JG0139e	11	28418515	N:TC[T>C]GT	-1	158308.0	1837099566
JG0139e	11	28445223	N:AC[T>G]TT	1	26708.0	1837126274
JG0139e	11	28598894	N:CT[T>A]TA	-1	153671.0	1837279945
JG0139e	11	28637513	N:TC[T>C]TT	-1	38619.0	1837318564
JG0139e	11	28857965	N:CC[T>G]TT	1	220452.0	1837539016
JG0139e	11	28897759	N:AC[T>C]TG	-1	39794.0	1837578810
JG0139e	11	28906082	N:TC[T>G]TC	-1	8323.0	1837587133
JG0139e	11	29129315	N:GC[T>A]TT	1	223233.0	1837810366
JG0139e	11	29258060	N:GC[T>C]TT	1	128745.0	1837939111
JG0139e	11	29537594	N:GC[T>C]GA	-1	279534.0	1838218645
JG0139e	11	29541895	N:GC[T>G]TT	-1	4301.0	1838222946
JG0139e	11	29660823	N:AT[T>G]TC	1	118928.0	1838341874
JG0139e	11	30030516	N:AC[T>C]CA	-1	369693.0	1838711567
JG0139e	11	30230215	N:TC[T>C]TT	-1	199699.0	1838911266
JG0139e	11	30674441	N:TG[T>G]TC	1	444226.0	1839355492
JG0139e	11	31838786	U:AG[T>G]TA	1	1164345.0	1840519837
JG0139e	11	31931942	T:TC[T>C]TC	-1	93156.0	1840612993
JG0139e	11	32103892	T:GC[T>G]TG	-1	171950.0	1840784943
JG0139e	11	32946737	U:CC[T>G]TG	1	842845.0	1841627788
JG0139e	11	33089796	B:TC[T>G]CT	-1	143059.0	1841770847
JG0139e	11	33175871	N:CC[T>G]TC	-1	86075.0	1841856922
JG0139e	11	33342528	T:TC[T>C]TC	-1	166657.0	1842023579
JG0139e	11	33594696	U:AC[T>G]AC	1	252168.0	1842275747
JG0139e	11	33935548	N:CC[T>C]TG	1	340852.0	1842616599
JG0139e	11	34635338	T:GC[T>C]CA	-1	699790.0	1843316389
JG0139e	11	34663596	N:GC[T>G]CT	-1	28258.0	1843344647
JG0139e	11	34724543	N:AA[T>G]TT	-1	60947.0	1843405594
JG0139e	11	35061867	N:TC[T>C]TT	-1	337324.0	1843742918
JG0139e	11	35237628	N:AC[T>C]AG	1	175761.0	1843918679
JG0139e	11	35389194	T:GC[T>A]TT	1	151566.0	1844070245
JG0139e	11	35439465	U:GC[T>C]TA	-1	50271.0	1844120516
JG0139e	11	35606981	N:AC[T>C]CC	-1	167516.0	1844288032
JG0139e	11	35706591	T:GC[T>G]TC	-1	99610.0	1844387642
JG0139e	11	36039401	U:TG[T>G]TC	1	332810.0	1844720452
JG0139e	11	36236757	N:AG[T>G]CT	1	197356.0	1844917808
JG0139e	11	36434295	T:GG[T>G]TG	-1	197538.0	1845115346
JG0139e	11	36738300	N:AG[T>A]TA	-1	304005.0	1845419351
JG0139e	11	36821635	N:TG[T>A]TA	1	83335.0	1845502686
JG0139e	11	36905889	N:TC[T>C]CC	1	84254.0	1845586940
JG0139e	11	37147022	N:GA[T>G]TG	1	241133.0	1845828073
JG0139e	11	37565764	N:TC[T>G]TG	-1	418742.0	1846246815
JG0139e	11	37844814	N:GC[T>C]TC	1	279050.0	1846525865
JG0139e	11	38115460	N:CC[T>C]AT	1	270646.0	1846796511
JG0139e	11	38120518	N:TC[T>G]TT	-1	5058.0	1846801569
JG0139e	11	38662268	N:CA[T>G]TT	-1	541750.0	1847343319
JG0139e	11	38767587	N:AC[T>G]TC	1	105319.0	1847448638
JG0139e	11	38770619	N:CC[T>C]CC	-1	3032.0	1847451670
JG0139e	11	38866579	N:AC[T>G]TC	-1	95960.0	1847547630
JG0139e	11	38942961	N:AC[T>A]TT	-1	76382.0	1847624012
JG0139e	11	39095612	N:AT[C>A]AC	-1	152651.0	1847776663
JG0139e	11	39145817	N:TC[T>G]TT	1	50205.0	1847826868
JG0139e	11	39238441	N:TT[T>G]AT	1	92624.0	1847919492
JG0139e	11	39451176	N:AG[T>A]GG	-1	212735.0	1848132227
JG0139e	11	40233325	U:AG[T>G]TA	-1	782149.0	1848914376
JG0139e	11	40241594	T:TC[T>G]TG	1	8269.0	1848922645
JG0139e	11	40477412	T:GC[T>G]TT	1	235818.0	1849158463
JG0139e	11	40733101	U:AC[T>C]CC	-1	255689.0	1849414152
JG0139e	11	40978090	T:TC[T>G]TT	1	244989.0	1849659141
JG0139e	11	41434088	T:AG[T>G]TA	1	455998.0	1850115139
JG0139e	11	41669841	N:CC[T>C]CA	1	235753.0	1850350892
JG0139e	11	41908195	N:CC[T>G]TA	-1	238354.0	1850589246
JG0139e	11	42340726	N:TC[T>C]CT	1	432531.0	1851021777
JG0139e	11	42459906	N:AC[T>C]AT	1	119180.0	1851140957
JG0139e	11	42532171	N:AC[T>G]TA	-1	72265.0	1851213222
JG0139e	11	42864317	N:TC[T>C]TT	1	332146.0	1851545368
JG0139e	11	42865639	N:CC[T>G]TA	1	1322.0	1851546690
JG0139e	11	42941645	N:TC[T>G]TT	-1	76006.0	1851622696
JG0139e	11	43223818	N:CC[T>C]CC	1	282173.0	1851904869
JG0139e	11	43525799	N:CC[T>C]CC	1	301981.0	1852206850
JG0139e	11	43720029	T:TC[T>C]TC	-1	194230.0	1852401080
JG0139e	11	43850607	T:CC[T>C]TG	-1	130578.0	1852531658
JG0139e	11	43948766	N:TC[T>C]CA	1	98159.0	1852629817
JG0139e	11	43971477	N:TC[T>C]TG	1	22711.0	1852652528
JG0139e	11	44067048	T:AC[T>C]CC	-1	95571.0	1852748099
JG0139e	11	44256705	N:TG[T>G]TA	1	189657.0	1852937756
JG0139e	11	44930142	U:CC[T>G]TC	1	673437.0	1853611193
JG0139e	11	45396321	N:CC[T>G]TA	-1	466179.0	1854077372
JG0139e	11	45633221	N:AC[T>C]GG	1	236900.0	1854314272
JG0139e	11	45633353	N:TC[T>G]TA	-1	132.0	1854314404
JG0139e	11	45894669	U:TG[T>C]CC	1	261316.0	1854575720
JG0139e	11	45899970	U:GC[T>A]TC	1	5301.0	1854581021
JG0139e	11	46043540	T:GC[T>G]TT	1	143570.0	1854724591
JG0139e	11	46786304	U:AC[T>C]TC	-1	742764.0	1855467355
JG0139e	11	47238404	U:TC[T>G]TT	1	452100.0	1855919455
JG0139e	11	47544642	T:CC[T>C]TT	1	306238.0	1856225693
JG0139e	11	47666516	T:AC[T>G]TA	1	121874.0	1856347567
JG0139e	11	48153546	T:CC[T>G]CC	-1	487030.0	1856834597
JG0139e	11	48280477	N:GA[T>G]TA	1	126931.0	1856961528
JG0139e	11	48332413	N:GC[T>G]CT	1	51936.0	1857013464
JG0139e	11	48805649	N:TC[T>A]TT	1	473236.0	1857486700
JG0139e	11	48888497	N:TC[T>G]TT	1	82848.0	1857569548
JG0139e	11	49012665	N:CC[T>C]TA	-1	124168.0	1857693716
JG0139e	11	49691039	N:CC[C>T]AG	1	678374.0	1858372090
JG0139e	11	49767566	N:AC[T>C]TT	1	76527.0	1858448617
JG0139e	11	50090793	N:GC[T>C]GG	-1	323227.0	1858771844
JG0139e	11	50153266	N:CC[T>C]AG	1	62473.0	1858834317
JG0139e	11	50227323	N:TC[T>G]TT	-1	74057.0	1858908374
JG0139e	11	50416627	N:TC[T>C]TA	-1	189304.0	1859097678
JG0139e	11	50574383	N:TC[T>C]CA	1	157756.0	1859255434
JG0139e	11	50643517	N:TC[T>C]CA	-1	69134.0	1859324568
JG0139e	11	50698282	N:GG[T>G]TC	1	54765.0	1859379333
JG0139e	11	50740170	N:AC[T>C]TT	1	41888.0	1859421221
JG0139e	11	51087456	N:GC[T>C]CT	-1	347286.0	1859768507
JG0139e	11	51102211	N:CC[T>C]TT	1	14755.0	1859783262
JG0139e	11	51271532	N:AC[C>A]TA	1	169321.0	1859952583
JG0139e	11	51780146	N:GC[T>A]CT	-1	508614.0	1860461197
JG0139e	11	51947991	N:AC[T>C]TC	1	167845.0	1860629042
JG0139e	11	52082957	N:GC[T>G]TT	1	134966.0	1860764008
JG0139e	11	52214548	N:TC[T>G]TC	1	131591.0	1860895599
JG0139e	11	52292141	N:AG[T>G]TC	-1	77593.0	1860973192
JG0139e	11	52305452	N:CC[T>C]TC	1	13311.0	1860986503
JG0139e	11	52316701	N:AG[T>G]TA	-1	11249.0	1860997752
JG0139e	11	52418174	N:AC[T>G]TT	1	101473.0	1861099225
JG0139e	11	52502454	N:AC[T>C]CT	-1	84280.0	1861183505
JG0139e	11	52723363	N:TC[T>G]CT	1	220909.0	1861404414
JG0139e	11	52727105	N:TC[T>G]TC	-1	3742.0	1861408156
JG0139e	11	52845734	N:TC[T>A]CT	1	118629.0	1861526785
JG0139e	11	52883104	N:AA[C>A]AC	1	37370.0	1861564155
JG0139e	11	53265839	N:CC[T>C]TT	1	382735.0	1861946890
JG0139e	11	53370009	N:TG[T>A]TT	-1	104170.0	1862051060
JG0139e	11	53471189	N:GC[T>C]TT	1	101180.0	1862152240
JG0139e	11	53538651	N:TC[T>G]GT	-1	67462.0	1862219702
JG0139e	11	53794266	N:AG[T>G]TG	1	255615.0	1862475317
JG0139e	11	54005903	N:TC[T>C]TA	1	211637.0	1862686954
JG0139e	11	54104570	N:AG[C>A]TT	1	98667.0	1862785621
JG0139e	11	54192915	N:AG[T>G]TC	-1	88345.0	1862873966
JG0139e	11	55356214	N:TG[T>C]CG	1	1163299.0	1864037265
JG0139e	11	56370357	N:GC[T>G]TG	1	1014143.0	1865051408
JG0139e	11	56432939	N:TC[T>A]CT	-1	62582.0	1865113990
JG0139e	11	56798790	N:AC[T>C]TG	1	365851.0	1865479841
JG0139e	11	57483849	N:GG[T>C]TG	-1	685059.0	1866164900
JG0139e	11	57603669	U:TC[T>C]CT	1	119820.0	1866284720
JG0139e	11	58134435	U:TC[T>A]TA	1	530766.0	1866815486
JG0139e	11	58763152	N:GC[T>C]TT	1	628717.0	1867444203
JG0139e	11	58894597	N:CC[T>C]CA	1	131445.0	1867575648
JG0139e	11	59147311	U:TG[T>G]CC	1	252714.0	1867828362
JG0139e	11	59480641	N:GC[T>G]TG	-1	333330.0	1868161692
JG0139e	11	59525672	N:CC[T>A]TA	1	45031.0	1868206723
JG0139e	11	60062983	T:TC[T>C]CT	-1	537311.0	1868744034
JG0139e	11	60141242	N:GC[T>G]TG	-1	78259.0	1868822293
JG0139e	11	60336839	U:TC[T>A]CT	1	195597.0	1869017890
JG0139e	11	60693495	N:CC[T>C]CG	-1	356656.0	1869374546
JG0139e	11	60917585	U:TG[T>C]TA	1	224090.0	1869598636
JG0139e	11	61186176	N:TC[T>G]CA	-1	268591.0	1869867227
JG0139e	11	61277144	U:TG[T>C]TT	-1	90968.0	1869958195
JG0139e	11	61329396	U:GG[T>G]TG	-1	52252.0	1870010447
JG0139e	11	61824738	U:TC[T>C]GA	1	495342.0	1870505789
JG0139e	11	61913728	U:GC[T>C]CA	-1	88990.0	1870594779
JG0139e	11	61987951	N:TG[T>C]CT	-1	74223.0	1870669002
JG0139e	11	62179009	N:TC[T>C]TA	1	191058.0	1870860060
JG0139e	11	62184407	N:AC[T>A]AT	1	5398.0	1870865458
JG0139e	11	62267630	N:TG[T>G]TT	-1	83223.0	1870948681
JG0139e	11	62324769	N:CC[T>G]TC	1	57139.0	1871005820
JG0139e	11	62331725	N:TC[T>C]TC	1	6956.0	1871012776
JG0139e	11	62364768	U:AA[C>A]AA	1	33043.0	1871045819
JG0139e	11	62488597	U:TC[T>G]CT	-1	123829.0	1871169648
JG0139e	11	62560464	U:TC[T>C]TC	-1	71867.0	1871241515
JG0139e	11	62729507	U:TC[T>C]CC	1	169043.0	1871410558
JG0139e	11	62824747	T:TC[T>C]CA	1	95240.0	1871505798
JG0139e	11	63055014	N:CC[T>C]CA	-1	230267.0	1871736065
JG0139e	11	63105951	T:AC[T>C]TT	1	50937.0	1871787002
JG0139e	11	63486589	T:AC[T>G]TA	1	380638.0	1872167640
JG0139e	11	63507017	T:TG[T>C]CT	-1	20428.0	1872188068
JG0139e	11	63522984	N:CC[T>A]GT	-1	15967.0	1872204035
JG0139e	11	64176459	N:CC[T>C]CA	1	653475.0	1872857510
JG0139e	11	64177709	N:CC[T>G]AA	1	1250.0	1872858760
JG0139e	11	64220334	T:CC[T>C]CA	-1	42625.0	1872901385
JG0139e	11	64254728	U:CC[T>C]GG	1	34394.0	1872935779
JG0139e	11	64462969	N:CC[T>C]TT	1	208241.0	1873144020
JG0139e	11	64666110	U:TC[T>C]TG	-1	203141.0	1873347161
JG0139e	11	64753448	U:GC[C>T]CC	-1	87338.0	1873434499
JG0139e	11	64843686	U:GC[T>C]GG	-1	90238.0	1873524737
JG0139e	11	66212070	U:GC[T>C]TA	1	1368384.0	1874893121
JG0139e	11	66217584	U:AC[T>G]CT	1	5514.0	1874898635
JG0139e	11	66373185	N:TT[T>C]TC	1	155601.0	1875054236
JG0139e	11	66390489	N:AG[T>G]TC	-1	17304.0	1875071540
JG0139e	11	66985050	N:TC[T>C]TG	-1	594561.0	1875666101
JG0139e	11	68237473	N:CG[T>A]GA	1	1252423.0	1876918524
JG0139e	11	68669433	N:AC[T>C]TC	1	431960.0	1877350484
JG0139e	11	68685142	U:GC[T>C]GC	1	15709.0	1877366193
JG0139e	11	68931918	T:CC[T>C]AC	-1	246776.0	1877612969
JG0139e	11	69341269	N:TC[T>C]TT	1	409351.0	1878022320
JG0139e	11	69500593	N:GC[T>C]CA	-1	159324.0	1878181644
JG0139e	11	69756709	N:AC[T>C]CC	-1	256116.0	1878437760
JG0139e	11	69822609	N:CC[T>C]GT	-1	65900.0	1878503660
JG0139e	11	70176462	U:TC[T>C]GA	1	353853.0	1878857513
JG0139e	11	70263230	N:GC[T>C]TG	-1	86768.0	1878944281
JG0139e	11	70360259	T:CC[T>G]CT	-1	97029.0	1879041310
JG0139e	11	70667385	T:AC[T>C]TA	1	307126.0	1879348436
JG0139e	11	70820662	T:CG[C>G]CG	1	153277.0	1879501713
JG0139e	11	71198814	U:CC[T>C]TT	-1	378152.0	1879879865
JG0139e	11	71583287	N:TC[T>C]TT	1	384473.0	1880264338
JG0139e	11	71586322	N:GC[T>C]TG	-1	3035.0	1880267373
JG0139e	11	71631662	N:TC[T>G]CC	-1	45340.0	1880312713
JG0139e	11	71646858	N:CC[T>A]CC	-1	15196.0	1880327909
JG0139e	11	71777359	N:GC[T>C]TG	1	130501.0	1880458410
JG0139e	11	71955490	T:CC[T>C]CT	-1	178131.0	1880636541
JG0139e	11	72107059	B:AC[T>C]CC	-1	151569.0	1880788110
JG0139e	11	72692246	T:TC[T>G]CC	1	585187.0	1881373297
JG0139e	11	74622937	T:AC[T>G]TT	-1	1930691.0	1883303988
JG0139e	11	75128054	U:GC[T>G]TG	1	505117.0	1883809105
JG0139e	11	75235551	N:CC[T>A]TT	1	107497.0	1883916602
JG0139e	11	75284994	U:GC[T>A]TT	-1	49443.0	1883966045
JG0139e	11	75356915	N:GC[T>G]TT	-1	71921.0	1884037966
JG0139e	11	75478163	T:TC[T>G]TT	1	121248.0	1884159214
JG0139e	11	75808594	N:TC[T>C]TT	1	330431.0	1884489645
JG0139e	11	75909141	T:AC[T>G]TC	-1	100547.0	1884590192
JG0139e	11	76059815	T:CC[T>G]GT	-1	150674.0	1884740866
JG0139e	11	76154587	N:GC[T>A]GC	-1	94772.0	1884835638
JG0139e	11	76386675	U:CC[T>A]TT	1	232088.0	1885067726
JG0139e	11	76461183	U:TC[T>G]TA	1	74508.0	1885142234
JG0139e	11	76476005	U:TC[T>C]TT	1	14822.0	1885157056
JG0139e	11	76648109	N:AC[T>G]TT	1	172104.0	1885329160
JG0139e	11	76665460	T:TC[T>A]CC	1	17351.0	1885346511
JG0139e	11	76955602	T:GC[T>G]TC	-1	290142.0	1885636653
JG0139e	11	77403825	U:AC[T>C]TG	-1	448223.0	1886084876
JG0139e	11	77714613	U:CC[T>C]GT	-1	310788.0	1886395664
JG0139e	11	77831662	T:TC[T>G]TT	-1	117049.0	1886512713
JG0139e	11	77961717	T:AC[T>G]TT	1	130055.0	1886642768
JG0139e	11	78027831	T:GC[T>G]TC	1	66114.0	1886708882
JG0139e	11	78403223	U:TG[T>G]TT	-1	375392.0	1887084274
JG0139e	11	78487249	U:CC[T>C]GA	-1	84026.0	1887168300
JG0139e	11	78547890	U:AC[T>C]TA	-1	60641.0	1887228941
JG0139e	11	79693700	N:AA[C>A]TC	-1	1145810.0	1888374751
JG0139e	11	79758863	N:GG[T>G]TA	-1	65163.0	1888439914
JG0139e	11	79775345	N:TC[T>G]TC	1	16482.0	1888456396
JG0139e	11	79813279	N:GC[T>G]TC	-1	37934.0	1888494330
JG0139e	11	80082680	N:CC[T>C]CC	-1	269401.0	1888763731
JG0139e	11	80183228	N:GC[T>C]GA	-1	100548.0	1888864279
JG0139e	11	80443519	N:TC[T>C]CT	1	260291.0	1889124570
JG0139e	11	80840353	N:GC[T>G]CA	-1	396834.0	1889521404
JG0139e	11	80935194	N:AC[T>C]CA	1	94841.0	1889616245
JG0139e	11	80990653	N:AA[T>A]TT	1	55459.0	1889671704
JG0139e	11	81102315	N:TC[T>G]TC	1	111662.0	1889783366
JG0139e	11	81207401	N:TC[T>A]CG	-1	105086.0	1889888452
JG0139e	11	81227082	N:CC[T>G]TG	-1	19681.0	1889908133
JG0139e	11	81319239	N:TC[T>G]TA	1	92157.0	1890000290
JG0139e	11	81729659	N:AG[T>G]TT	1	410420.0	1890410710
JG0139e	11	81977103	N:GC[T>G]TT	1	247444.0	1890658154
JG0139e	11	81977781	N:GA[T>G]TT	1	678.0	1890658832
JG0139e	11	82821256	N:GC[T>A]TT	1	843475.0	1891502307
JG0139e	11	83085295	N:CC[T>G]TA	1	264039.0	1891766346
JG0139e	11	83718794	T:TG[T>G]TG	1	633499.0	1892399845
JG0139e	11	83728777	T:CC[T>C]CC	1	9983.0	1892409828
JG0139e	11	83788908	T:TG[T>A]TA	1	60131.0	1892469959
JG0139e	11	83917993	T:CC[T>C]TA	1	129085.0	1892599044
JG0139e	11	84110978	U:AC[T>C]TT	-1	192985.0	1892792029
JG0139e	11	84503100	U:AT[T>G]TA	-1	392122.0	1893184151
JG0139e	11	84513570	U:TC[T>G]TG	-1	10470.0	1893194621
JG0139e	11	84875018	T:TC[T>C]CA	1	361448.0	1893556069
JG0139e	11	84896501	U:AC[T>C]CA	-1	21483.0	1893577552
JG0139e	11	85285944	U:AC[T>C]TT	-1	389443.0	1893966995
JG0139e	11	85288335	U:TG[T>G]TC	-1	2391.0	1893969386
JG0139e	11	85621578	T:AC[T>G]TT	1	333243.0	1894302629
JG0139e	11	86142563	N:GA[T>C]GG	1	520985.0	1894823614
JG0139e	11	86203890	N:CC[T>A]CA	-1	61327.0	1894884941
JG0139e	11	86299738	N:TG[T>G]GG	1	95848.0	1894980789
JG0139e	11	86472415	U:TG[T>C]CC	-1	172677.0	1895153466
JG0139e	11	86590842	T:AT[T>G]TT	1	118427.0	1895271893
JG0139e	11	86917054	U:GC[T>G]CA	1	326212.0	1895598105
JG0139e	11	86981141	N:CC[T>C]CA	1	64087.0	1895662192
JG0139e	11	87096655	U:AG[T>G]TT	1	115514.0	1895777706
JG0139e	11	87267704	U:TC[T>A]TT	1	171049.0	1895948755
JG0139e	11	87344244	N:TC[T>C]CT	1	76540.0	1896025295
JG0139e	11	88663885	T:GC[T>G]TC	1	1319641.0	1897344936
JG0139e	11	88814918	T:GG[T>G]CT	1	151033.0	1897495969
JG0139e	11	88967927	U:TC[T>C]TC	-1	153009.0	1897648978
JG0139e	11	89382174	T:TC[T>C]CC	1	414247.0	1898063225
JG0139e	11	89422273	U:GC[T>C]TC	-1	40099.0	1898103324
JG0139e	11	89606404	N:TC[T>A]TT	-1	184131.0	1898287455
JG0139e	11	89774015	N:TC[T>G]TT	1	167611.0	1898455066
JG0139e	11	90115283	N:TC[T>C]CT	1	341268.0	1898796334
JG0139e	11	90317347	N:GA[T>G]TA	-1	202064.0	1898998398
JG0139e	11	90378251	N:TC[T>A]TG	1	60904.0	1899059302
JG0139e	11	90581404	N:TC[T>C]TG	1	203153.0	1899262455
JG0139e	11	90626836	N:AG[T>C]CT	1	45432.0	1899307887
JG0139e	11	91121412	N:TC[T>G]TT	1	494576.0	1899802463
JG0139e	11	91407209	N:CC[T>G]CC	1	285797.0	1900088260
JG0139e	11	91454647	N:AC[T>C]CT	1	47438.0	1900135698
JG0139e	11	91847053	N:CC[T>G]TT	1	392406.0	1900528104
JG0139e	11	92183470	N:GC[T>C]TG	1	336417.0	1900864521
JG0139e	11	92783458	T:CC[T>G]TA	-1	599988.0	1901464509
JG0139e	11	92930127	N:AC[T>C]TG	1	146669.0	1901611178
JG0139e	11	93150106	T:TT[C>A]CT	1	219979.0	1901831157
JG0139e	11	93457761	N:AA[T>G]TC	1	307655.0	1902138812
JG0139e	11	93649219	N:TC[T>C]TT	1	191458.0	1902330270
JG0139e	11	94393533	U:CT[T>G]TT	-1	744314.0	1903074584
JG0139e	11	95205740	U:GG[T>C]CT	-1	812207.0	1903886791
JG0139e	11	95554289	N:TC[T>G]TC	-1	348549.0	1904235340
JG0139e	11	95634195	N:AC[T>G]TT	1	79906.0	1904315246
JG0139e	11	95700739	N:CG[T>G]TG	1	66544.0	1904381790
JG0139e	11	95755481	N:AC[T>C]TC	-1	54742.0	1904436532
JG0139e	11	96443774	N:TC[T>G]TA	-1	688293.0	1905124825
JG0139e	11	96444183	N:CC[T>G]GA	1	409.0	1905125234
JG0139e	11	96775004	N:TC[T>A]CA	1	330821.0	1905456055
JG0139e	11	96911533	N:TC[T>C]AT	-1	136529.0	1905592584
JG0139e	11	96915366	N:CC[T>G]CT	-1	3833.0	1905596417
JG0139e	11	97335300	N:TC[T>C]TT	1	419934.0	1906016351
JG0139e	11	97359247	N:GG[T>C]CA	-1	23947.0	1906040298
JG0139e	11	97375512	N:TC[T>C]TG	1	16265.0	1906056563
JG0139e	11	97501041	N:GC[T>C]TC	-1	125529.0	1906182092
JG0139e	11	97843715	N:AC[T>C]TC	-1	342674.0	1906524766
JG0139e	11	97971582	N:TC[T>G]CT	-1	127867.0	1906652633
JG0139e	11	98096477	N:AG[T>A]TA	-1	124895.0	1906777528
JG0139e	11	98320818	N:GC[T>C]TA	-1	224341.0	1907001869
JG0139e	11	98402670	N:AC[T>C]CC	1	81852.0	1907083721
JG0139e	11	98449351	N:TT[T>G]TA	1	46681.0	1907130402
JG0139e	11	98693457	N:TC[T>C]CA	-1	244106.0	1907374508
JG0139e	11	98765577	N:CC[T>A]TG	-1	72120.0	1907446628
JG0139e	11	99143014	U:AC[T>A]CT	1	377437.0	1907824065
JG0139e	11	99312866	T:GC[T>G]TC	-1	169852.0	1907993917
JG0139e	11	99679976	T:TG[T>G]CG	-1	367110.0	1908361027
JG0139e	11	100107799	U:AC[T>C]CC	1	427823.0	1908788850
JG0139e	11	100204903	T:TC[T>C]CC	-1	97104.0	1908885954
JG0139e	11	100365141	N:CC[T>G]TC	1	160238.0	1909046192
JG0139e	11	100380401	N:AA[T>G]TT	1	15260.0	1909061452
JG0139e	11	100744655	U:GC[T>C]TT	1	364254.0	1909425706
JG0139e	11	100769548	T:TG[T>G]TT	-1	24893.0	1909450599
JG0139e	11	100887894	U:GC[T>C]CC	1	118346.0	1909568945
JG0139e	11	101327336	N:GC[T>G]TA	1	439442.0	1910008387
JG0139e	11	102690145	N:AC[T>C]CG	-1	1362809.0	1911371196
JG0139e	11	103043951	N:TC[T>C]TA	1	353806.0	1911725002
JG0139e	11	103622419	N:AT[T>G]TT	1	578468.0	1912303470
JG0139e	11	104373633	N:AC[T>G]TG	1	751214.0	1913054684
JG0139e	11	104474815	N:GC[T>G]TG	-1	101182.0	1913155866
JG0139e	11	104831214	N:TC[T>C]CT	-1	356399.0	1913512265
JG0139e	11	104899016	N:AC[T>G]TA	1	67802.0	1913580067
JG0139e	11	105560525	N:CC[T>A]TG	-1	661509.0	1914241576
JG0139e	11	106074135	T:CC[T>C]TC	1	513610.0	1914755186
JG0139e	11	106395095	N:AC[T>C]TT	1	320960.0	1915076146
JG0139e	11	106633755	N:GC[T>G]TT	1	238660.0	1915314806
JG0139e	11	107152579	N:TC[T>C]TT	1	518824.0	1915833630
JG0139e	11	107255939	N:TC[T>C]TA	-1	103360.0	1915936990
JG0139e	11	107444815	T:CC[T>C]CA	1	188876.0	1916125866
JG0139e	11	107482284	N:TC[T>C]TA	-1	37469.0	1916163335
JG0139e	11	107656764	U:AC[T>C]TA	1	174480.0	1916337815
JG0139e	11	107939987	T:GC[T>G]AG	-1	283223.0	1916621038
JG0139e	11	108325801	B:TG[T>G]TA	-1	385814.0	1917006852
JG0139e	11	109004196	N:TC[T>C]GG	1	678395.0	1917685247
JG0139e	11	109279392	N:TC[T>A]TG	1	275196.0	1917960443
JG0139e	11	109285679	N:AG[T>G]TT	1	6287.0	1917966730
JG0139e	11	109720841	N:AC[T>G]TG	1	435162.0	1918401892
JG0139e	11	109800469	N:AA[T>C]TG	-1	79628.0	1918481520
JG0139e	11	109815137	N:AA[T>G]TA	-1	14668.0	1918496188
JG0139e	11	110557182	N:GC[T>A]TC	-1	742045.0	1919238233
JG0139e	11	111441858	U:TC[T>C]TG	-1	884676.0	1920122909
JG0139e	11	111982649	U:TT[T>G]GA	1	540791.0	1920663700
JG0139e	11	112042548	U:CC[T>G]TG	1	59899.0	1920723599
JG0139e	11	112253021	T:GC[T>C]GA	1	210473.0	1920934072
JG0139e	11	113055210	U:CC[T>G]TA	1	802189.0	1921736261
JG0139e	11	113144435	U:GC[T>G]TT	1	89225.0	1921825486
JG0139e	11	113234959	U:CC[T>C]CC	1	90524.0	1921916010
JG0139e	11	113407380	N:CC[T>C]CC	-1	172421.0	1922088431
JG0139e	11	113689796	T:AC[T>C]CA	1	282416.0	1922370847
JG0139e	11	113943659	U:AA[T>A]TT	1	253863.0	1922624710
JG0139e	11	114064211	T:GC[T>C]CG	-1	120552.0	1922745262
JG0139e	11	114350252	N:GA[T>G]TC	1	286041.0	1923031303
JG0139e	11	114405918	U:CC[T>C]TT	1	55666.0	1923086969
JG0139e	11	115116208	N:CC[T>G]TT	-1	710290.0	1923797259
JG0139e	11	115191319	T:TT[T>G]AT	1	75111.0	1923872370
JG0139e	11	116469377	N:AG[T>C]TG	-1	1278058.0	1925150428
JG0139e	11	116565016	N:GC[T>A]CT	-1	95639.0	1925246067
JG0139e	11	116657243	N:CC[T>C]CT	1	92227.0	1925338294
JG0139e	11	117987069	U:TC[T>A]AA	1	1329826.0	1926668120
JG0139e	11	118163620	T:TC[T>A]TT	1	176551.0	1926844671
JG0139e	11	118166492	T:CC[T>C]CC	1	2872.0	1926847543
JG0139e	11	118903115	U:CC[T>C]GC	-1	736623.0	1927584166
JG0139e	11	119015918	T:GC[T>C]TT	1	112803.0	1927696969
JG0139e	11	119122094	U:CC[T>C]TT	1	106176.0	1927803145
JG0139e	11	119197318	N:AC[T>G]TG	1	75224.0	1927878369
JG0139e	11	119298475	U:TC[T>C]CT	1	101157.0	1927979526
JG0139e	11	119375610	T:GC[T>C]TT	1	77135.0	1928056661
JG0139e	11	119593029	N:TG[T>C]CA	-1	217419.0	1928274080
JG0139e	11	119611872	N:AC[T>C]CA	1	18843.0	1928292923
JG0139e	11	119845289	N:TT[T>C]TA	1	233417.0	1928526340
JG0139e	11	120192102	N:GC[T>C]CG	1	346813.0	1928873153
JG0139e	11	120853385	T:AC[T>G]TC	-1	661283.0	1929534436
JG0139e	11	121233695	N:TC[T>C]TT	1	380310.0	1929914746
JG0139e	11	121339681	N:AC[T>C]CC	-1	105986.0	1930020732
JG0139e	11	121626959	U:GC[T>G]TT	1	287278.0	1930308010
JG0139e	11	121642615	N:TC[T>C]CT	-1	15656.0	1930323666
JG0139e	11	121993184	N:TC[T>C]TT	-1	350569.0	1930674235
JG0139e	11	122533273	N:TG[T>G]GT	-1	540089.0	1931214324
JG0139e	11	122573375	N:AC[T>C]CA	1	40102.0	1931254426
JG0139e	11	122828815	N:TC[T>G]CA	1	255440.0	1931509866
JG0139e	11	122958223	U:TC[T>A]CT	1	129408.0	1931639274
JG0139e	11	123102075	T:AC[T>G]TG	1	143852.0	1931783126
JG0139e	11	123203658	N:CC[T>C]TT	-1	101583.0	1931884709
JG0139e	11	123890009	N:GC[T>C]TA	1	686351.0	1932571060
JG0139e	11	124060037	N:AG[T>G]TA	1	170028.0	1932741088
JG0139e	11	124640992	U:TC[T>C]TG	-1	580955.0	1933322043
JG0139e	11	124804847	N:AC[T>G]TG	1	163855.0	1933485898
JG0139e	11	124811330	N:AA[T>G]TA	-1	6483.0	1933492381
JG0139e	11	125047131	N:AC[T>A]TT	-1	235801.0	1933728182
JG0139e	11	125250713	T:CC[T>C]TA	-1	203582.0	1933931764
JG0139e	11	125277493	T:AC[T>C]TG	-1	26780.0	1933958544
JG0139e	11	125386860	T:GC[T>C]CT	-1	109367.0	1934067911
JG0139e	11	127002441	N:GC[T>A]CA	-1	1615581.0	1935683492
JG0139e	11	127268977	N:CC[T>G]TC	1	266536.0	1935950028
JG0139e	11	127858228	N:AC[T>C]GA	1	589251.0	1936539279
JG0139e	11	127877994	N:TC[T>C]TT	1	19766.0	1936559045
JG0139e	11	127982639	N:AC[T>G]TT	1	104645.0	1936663690
JG0139e	11	128132354	N:GC[T>G]TG	1	149715.0	1936813405
JG0139e	11	128177164	N:TC[C>A]AT	-1	44810.0	1936858215
JG0139e	11	128339644	N:AC[T>C]CA	-1	162480.0	1937020695
JG0139e	11	128368183	N:GC[T>A]CA	-1	28539.0	1937049234
JG0139e	11	128622735	N:TC[T>G]TC	-1	254552.0	1937303786
JG0139e	11	128678311	N:AC[T>G]CA	-1	55576.0	1937359362
JG0139e	11	128715461	T:CC[T>C]CA	-1	37150.0	1937396512
JG0139e	11	128834577	N:TC[T>A]CC	1	119116.0	1937515628
JG0139e	11	128863431	U:TC[T>C]GC	-1	28854.0	1937544482
JG0139e	11	129247708	U:AC[T>C]AG	-1	384277.0	1937928759
JG0139e	11	129274268	U:TC[T>A]GG	-1	26560.0	1937955319
JG0139e	11	129344830	N:TC[T>G]CA	-1	70562.0	1938025881
JG0139e	11	129466946	N:GG[T>C]CA	1	122116.0	1938147997
JG0139e	11	129682985	N:AT[T>G]TT	1	216039.0	1938364036
JG0139e	11	130369292	N:TC[T>C]CA	1	686307.0	1939050343
JG0139e	11	130500953	N:CC[T>G]TT	1	131661.0	1939182004
JG0139e	11	130713404	N:TC[T>A]GT	1	212451.0	1939394455
JG0139e	11	130795924	N:TC[T>G]TT	1	82520.0	1939476975
JG0139e	11	131072064	N:AC[T>C]GG	-1	276140.0	1939753115
JG0139e	11	131116878	N:GG[T>G]TA	-1	44814.0	1939797929
JG0139e	11	131429029	U:CC[T>C]GG	1	312151.0	1940110080
JG0139e	11	131589843	U:GC[T>A]TA	1	160814.0	1940270894
JG0139e	11	131736840	T:CC[T>C]TC	-1	146997.0	1940417891
JG0139e	11	131925051	T:AC[T>C]TG	-1	188211.0	1940606102
JG0139e	11	132671044	T:CC[T>C]TG	1	745993.0	1941352095
JG0139e	11	133537016	N:TC[T>A]TC	-1	865972.0	1942218067
JG0139e	11	133900206	N:TC[T>G]TA	1	363190.0	1942581257
JG0139e	11	133957653	N:AC[T>C]CG	1	57447.0	1942638704
JG0139e	11	133962537	N:CA[T>G]CT	-1	4884.0	1942643588
JG0139e	11	134097570	U:GG[T>C]TG	1	135033.0	1942778621
JG0139e	12	583848	T:TC[T>G]CA	1		1944351521
JG0139e	12	623747	U:AC[T>C]CT	-1	39899.0	1944391420
JG0139e	12	945359	U:AC[T>A]TT	-1	321612.0	1944713032
JG0139e	12	1601218	T:TC[T>A]CC	-1	655859.0	1945368891
JG0139e	12	1683095	N:AC[C>A]TA	1	81877.0	1945450768
JG0139e	12	2017883	T:CC[T>C]TC	-1	334788.0	1945785556
JG0139e	12	3038407	T:AC[T>G]AG	-1	1020524.0	1946806080
JG0139e	12	3210070	T:GC[T>C]CG	-1	171663.0	1946977743
JG0139e	12	4264605	N:AC[T>G]TC	-1	1054535.0	1948032278
JG0139e	12	4347403	T:CC[T>G]TT	-1	82798.0	1948115076
JG0139e	12	4822286	T:GG[T>G]TA	-1	474883.0	1948589959
JG0139e	12	5133193	N:GC[T>C]TT	1	310907.0	1948900866
JG0139e	12	5879645	T:GC[T>G]TG	1	746452.0	1949647318
JG0139e	12	6611573	N:TC[T>G]TT	1	731928.0	1950379246
JG0139e	12	6875834	B:TG[T>A]CT	-1	264261.0	1950643507
JG0139e	12	7199129	U:CC[T>C]CT	1	323295.0	1950966802
JG0139e	12	7311402	U:TC[T>C]TC	1	112273.0	1951079075
JG0139e	12	7413177	U:CC[T>G]TC	-1	101775.0	1951180850
JG0139e	12	7901201	N:CC[T>A]TT	-1	488024.0	1951668874
JG0139e	12	8011675	N:CC[T>C]CC	-1	110474.0	1951779348
JG0139e	12	8294804	N:AG[T>A]CA	1	283129.0	1952062477
JG0139e	12	9194517	T:AG[T>C]GC	1	899713.0	1952962190
JG0139e	12	9291050	N:GC[T>G]TT	1	96533.0	1953058723
JG0139e	12	9292457	N:AC[T>A]CC	1	1407.0	1953060130
JG0139e	12	9351910	N:GC[T>A]TC	1	59453.0	1953119583
JG0139e	12	9438751	N:TG[T>G]TT	1	86841.0	1953206424
JG0139e	12	9617337	N:GC[T>G]TT	-1	178586.0	1953385010
JG0139e	12	9986846	U:TC[T>G]TG	-1	369509.0	1953754519
JG0139e	12	10543630	N:TC[T>G]TG	1	556784.0	1954311303
JG0139e	12	10967645	T:TG[T>A]TT	1	424015.0	1954735318
JG0139e	12	10992432	T:TC[T>G]TG	1	24787.0	1954760105
JG0139e	12	11362236	T:GC[T>C]TT	1	369804.0	1955129909
JG0139e	12	11549335	N:CC[T>C]TG	1	187099.0	1955317008
JG0139e	12	11868296	U:CC[T>G]AA	1	318961.0	1955635969
JG0139e	12	11977749	N:CC[T>A]GG	1	109453.0	1955745422
JG0139e	12	12247142	T:TC[T>C]CA	1	269393.0	1956014815
JG0139e	12	12350073	T:CC[T>G]TT	1	102931.0	1956117746
JG0139e	12	12406089	T:TC[T>C]GT	-1	56016.0	1956173762
JG0139e	12	12653995	N:CC[T>A]TG	-1	247906.0	1956421668
JG0139e	12	13767586	U:GC[T>G]CA	-1	1113591.0	1957535259
JG0139e	12	14165166	N:CC[T>C]CT	-1	397580.0	1957932839
JG0139e	12	14220684	N:AC[T>C]CC	-1	55518.0	1957988357
JG0139e	12	14476920	T:AC[T>C]TA	-1	256236.0	1958244593
JG0139e	12	14827324	T:AC[T>C]CT	1	350404.0	1958594997
JG0139e	12	15036603	N:CC[T>C]TC	-1	209279.0	1958804276
JG0139e	12	15087694	N:TC[T>G]CT	-1	51091.0	1958855367
JG0139e	12	15215174	T:AC[T>A]TA	1	127480.0	1958982847
JG0139e	12	16383066	N:CC[T>C]TT	-1	1167892.0	1960150739
JG0139e	12	16662816	N:TC[T>G]CT	1	279750.0	1960430489
JG0139e	12	16921177	N:TC[T>G]TC	-1	258361.0	1960688850
JG0139e	12	17067085	N:GC[T>C]TC	1	145908.0	1960834758
JG0139e	12	17480250	N:TC[T>C]GT	-1	413165.0	1961247923
JG0139e	12	18305745	U:CC[T>C]CT	1	825495.0	1962073418
JG0139e	12	18481862	U:TC[T>C]CA	1	176117.0	1962249535
JG0139e	12	18976476	N:TG[T>C]TC	1	494614.0	1962744149
JG0139e	12	19056306	N:GC[T>C]TA	1	79830.0	1962823979
JG0139e	12	19462656	T:AG[T>G]TG	-1	406350.0	1963230329
JG0139e	12	19601086	U:AC[T>G]TG	1	138430.0	1963368759
JG0139e	12	20140113	N:TC[T>G]TA	1	539027.0	1963907786
JG0139e	12	20533425	U:GC[T>G]TG	1	393312.0	1964301098
JG0139e	12	21071853	U:GC[T>C]CA	1	538428.0	1964839526
JG0139e	12	21421239	N:AT[T>G]TA	-1	349386.0	1965188912
JG0139e	12	21445239	U:TG[T>G]TT	1	24000.0	1965212912
JG0139e	12	21544077	U:TG[T>A]TT	-1	98838.0	1965311750
JG0139e	12	21787387	N:AC[T>C]TA	1	243310.0	1965555060
JG0139e	12	22040456	N:AA[T>C]CT	1	253069.0	1965808129
JG0139e	12	22057290	U:AC[T>C]CA	1	16834.0	1965824963
JG0139e	12	22201422	T:TC[T>G]TC	1	144132.0	1965969095
JG0139e	12	22391458	N:AC[T>C]AT	-1	190036.0	1966159131
JG0139e	12	23371257	N:TC[T>G]TA	1	979799.0	1967138930
JG0139e	12	23456702	N:TC[T>C]TT	1	85445.0	1967224375
JG0139e	12	24265072	T:TC[T>G]TG	1	808370.0	1968032745
JG0139e	12	25008525	T:GC[T>C]TC	-1	743453.0	1968776198
JG0139e	12	25371276	N:GC[T>C]GG	1	362751.0	1969138949
JG0139e	12	25376152	N:TC[T>A]TC	-1	4876.0	1969143825
JG0139e	12	25886244	N:CC[T>C]CC	-1	510092.0	1969653917
JG0139e	12	26321221	N:CC[T>G]TG	1	434977.0	1970088894
JG0139e	12	26689474	U:TC[T>A]TT	-1	368253.0	1970457147
JG0139e	12	27450209	N:CC[T>C]TG	-1	760735.0	1971217882
JG0139e	12	27549314	T:AG[T>A]TA	-1	99105.0	1971316987
JG0139e	12	28377917	U:AC[T>C]TT	1	828603.0	1972145590
JG0139e	12	29067702	N:GG[T>A]TC	1	689785.0	1972835375
JG0139e	12	29378838	T:TC[T>G]TA	1	311136.0	1973146511
JG0139e	12	29467071	U:AC[T>G]TG	-1	88233.0	1973234744
JG0139e	12	29591016	T:CC[T>C]TT	1	123945.0	1973358689
JG0139e	12	30040013	N:AC[T>C]CT	1	448997.0	1973807686
JG0139e	12	30551257	N:GC[T>G]TT	-1	511244.0	1974318930
JG0139e	12	31422643	U:CC[T>G]TT	-1	871386.0	1975190316
JG0139e	12	31720416	T:CC[T>C]GT	1	297773.0	1975488089
JG0139e	12	32105826	N:CT[C>A]GG	-1	385410.0	1975873499
JG0139e	12	32158967	U:GC[T>C]CT	1	53141.0	1975926640
JG0139e	12	32274835	U:AC[T>C]TT	1	115868.0	1976042508
JG0139e	12	32940449	N:CA[T>C]GC	-1	665614.0	1976708122
JG0139e	12	33007200	N:TG[T>C]CC	1	66751.0	1976774873
JG0139e	12	33025029	N:CC[T>C]AT	-1	17829.0	1976792702
JG0139e	12	33198737	N:TC[T>G]CT	1	173708.0	1976966410
JG0139e	12	33430983	U:CT[T>C]CA	-1	232246.0	1977198656
JG0139e	12	33455958	N:GC[T>C]TT	1	24975.0	1977223631
JG0139e	12	33550269	N:GC[T>C]CC	-1	94311.0	1977317942
JG0139e	12	34173627	N:TG[T>C]TC	-1	623358.0	1977941300
JG0139e	12	34437525	N:CC[T>C]CA	1	263898.0	1978205198
JG0139e	12	34909756	N:TC[T>G]TT	1	472231.0	1978677429
JG0139e	12	35666109	N:AC[T>G]TC	-1	756353.0	1979433782
JG0139e	12	35850567	N:GT[C>G]TC	1	184458.0	1979618240
JG0139e	12	36054668	N:TA[T>A]TT	1	204101.0	1979822341
JG0139e	12	36395595	N:TC[T>G]TC	1	340927.0	1980163268
JG0139e	12	37425675	N:GC[T>C]AT	-1	1030080.0	1981193348
JG0139e	12	37989881	N:CC[T>C]TT	1	564206.0	1981757554
JG0139e	12	38106129	N:AG[T>G]TT	1	116248.0	1981873802
JG0139e	12	38368785	N:AC[T>G]TA	1	262656.0	1982136458
JG0139e	12	38808026	U:TC[T>G]CT	-1	439241.0	1982575699
JG0139e	12	39891085	U:TT[T>C]AG	-1	1083059.0	1983658758
JG0139e	12	39943102	T:AC[T>C]GC	1	52017.0	1983710775
JG0139e	12	40211056	U:GC[T>C]CC	1	267954.0	1983978729
JG0139e	12	41383437	U:AC[T>G]TA	1	1172381.0	1985151110
JG0139e	12	42125235	U:TC[T>A]CC	-1	741798.0	1985892908
JG0139e	12	42574708	T:CC[T>G]TC	1	449473.0	1986342381
JG0139e	12	43020016	N:GC[T>G]TT	-1	445308.0	1986787689
JG0139e	12	43150478	N:GG[T>G]TC	-1	130462.0	1986918151
JG0139e	12	44026065	T:AG[T>G]CA	-1	875587.0	1987793738
JG0139e	12	44577954	U:CT[T>A]CA	-1	551889.0	1988345627
JG0139e	12	44668529	U:TC[T>C]CA	-1	90575.0	1988436202
JG0139e	12	45016109	U:GC[T>C]TA	-1	347580.0	1988783782
JG0139e	12	46833967	N:TC[T>A]TA	-1	1817858.0	1990601640
JG0139e	12	47750682	T:GC[T>C]CA	1	916715.0	1991518355
JG0139e	12	47910980	T:TG[T>C]CT	1	160298.0	1991678653
JG0139e	12	47930211	U:TC[T>C]TT	-1	19231.0	1991697884
JG0139e	12	48063891	U:GT[T>G]TT	-1	133680.0	1991831564
JG0139e	12	49323305	T:TC[T>G]CC	-1	1259414.0	1993090978
JG0139e	12	50362002	T:TC[T>C]CA	1	1038697.0	1994129675
JG0139e	12	50774604	T:GG[T>C]TA	-1	412602.0	1994542277
JG0139e	12	51316901	U:AC[T>A]CT	-1	542297.0	1995084574
JG0139e	12	51556982	N:GG[T>C]GG	1	240081.0	1995324655
JG0139e	12	52003577	N:CC[T>G]TT	1	446595.0	1995771250
JG0139e	12	52068368	N:TC[T>A]TT	1	64791.0	1995836041
JG0139e	12	52162540	N:AA[T>C]TA	-1	94172.0	1995930213
JG0139e	12	52179716	T:GC[T>G]TG	1	17176.0	1995947389
JG0139e	12	52316878	T:AC[T>C]CG	1	137162.0	1996084551
JG0139e	12	52417531	N:TG[T>C]CA	-1	100653.0	1996185204
JG0139e	12	52428401	U:AG[C>A]TG	-1	10870.0	1996196074
JG0139e	12	52493570	N:TC[T>G]TC	1	65169.0	1996261243
JG0139e	12	53181989	U:GC[T>C]CA	1	688419.0	1996949662
JG0139e	12	53792827	N:AC[T>C]TA	1	610838.0	1997560500
JG0139e	12	54008006	T:AC[T>A]GC	-1	215179.0	1997775679
JG0139e	12	54250132	U:TC[T>C]TC	-1	242126.0	1998017805
JG0139e	12	54540919	T:AA[T>G]TG	-1	290787.0	1998308592
JG0139e	12	54612639	N:CC[T>C]GG	1	71720.0	1998380312
JG0139e	12	54712524	N:TG[T>C]CT	1	99885.0	1998480197
JG0139e	12	55536612	N:TC[T>G]CC	-1	824088.0	1999304285
JG0139e	12	55640827	N:TT[C>G]AT	1	104215.0	1999408500
JG0139e	12	55664658	N:CC[T>C]CT	1	23831.0	1999432331
JG0139e	12	56132882	T:CC[T>C]CC	-1	468224.0	1999900555
JG0139e	12	56233572	T:GC[T>C]CT	-1	100690.0	2000001245
JG0139e	12	56243271	T:AG[C>A]AG	1	9699.0	2000010944
JG0139e	12	56508497	N:AC[T>C]TT	-1	265226.0	2000276170
JG0139e	12	57822856	T:TG[T>A]CC	1	1314359.0	2001590529
JG0139e	12	58833650	N:GC[T>C]TT	1	1010794.0	2002601323
JG0139e	12	59031342	N:GG[C>A]AG	-1	197692.0	2002799015
JG0139e	12	59079197	N:GC[T>C]GT	-1	47855.0	2002846870
JG0139e	12	59452490	N:AG[T>A]CA	-1	373293.0	2003220163
JG0139e	12	59504041	N:AC[T>C]CT	1	51551.0	2003271714
JG0139e	12	59728785	T:TG[T>C]CA	-1	224744.0	2003496458
JG0139e	12	60826482	N:TA[T>G]TC	-1	1097697.0	2004594155
JG0139e	12	61294014	N:TT[T>C]CT	-1	467532.0	2005061687
JG0139e	12	61853352	U:TC[T>G]TT	-1	559338.0	2005621025
JG0139e	12	63506789	N:TG[T>G]TT	-1	1653437.0	2007274462
JG0139e	12	64217301	T:AC[T>G]TA	1	710512.0	2007984974
JG0139e	12	64683999	T:TC[T>A]CT	-1	466698.0	2008451672
JG0139e	12	64941948	N:CA[T>C]TA	1	257949.0	2008709621
JG0139e	12	64988373	N:GT[T>G]TA	-1	46425.0	2008756046
JG0139e	12	65064305	U:GC[T>C]CA	-1	75932.0	2008831978
JG0139e	12	65183566	T:TG[T>C]CT	-1	119261.0	2008951239
JG0139e	12	65457751	T:TC[T>G]TG	-1	274185.0	2009225424
JG0139e	12	65759957	N:GC[T>C]CG	-1	302206.0	2009527630
JG0139e	12	66006487	N:AC[T>G]CA	1	246530.0	2009774160
JG0139e	12	66492782	U:AC[T>C]CG	-1	486295.0	2010260455
JG0139e	12	67683418	N:GG[T>C]TC	-1	1190636.0	2011451091
JG0139e	12	67886036	N:TC[T>A]CC	-1	202618.0	2011653709
JG0139e	12	68025911	N:AA[T>G]TG	1	139875.0	2011793584
JG0139e	12	68439325	N:AC[T>C]CC	-1	413414.0	2012206998
JG0139e	12	68539737	N:AC[T>G]TA	-1	100412.0	2012307410
JG0139e	12	69380141	U:TC[T>G]TG	1	840404.0	2013147814
JG0139e	12	69477353	U:GC[T>C]CA	1	97212.0	2013245026
JG0139e	12	71140207	T:GG[T>G]TT	1	1662854.0	2014907880
JG0139e	12	71204444	T:TC[T>C]CC	1	64237.0	2014972117
JG0139e	12	71341472	U:AG[T>G]TA	-1	137028.0	2015109145
JG0139e	12	72081915	N:AC[T>C]CC	-1	740443.0	2015849588
JG0139e	12	72670333	T:TG[T>C]TG	-1	588418.0	2016438006
JG0139e	12	74233190	N:GG[T>G]TA	1	1562857.0	2018000863
JG0139e	12	74435280	N:GC[T>C]CC	-1	202090.0	2018202953
JG0139e	12	75140200	U:GC[T>G]GG	-1	704920.0	2018907873
JG0139e	12	75141046	T:TC[T>C]TG	1	846.0	2018908719
JG0139e	12	75629214	N:TC[T>C]GT	1	488168.0	2019396887
JG0139e	12	75632704	N:CC[T>C]TT	-1	3490.0	2019400377
JG0139e	12	75830236	N:TC[T>A]CC	1	197532.0	2019597909
JG0139e	12	75921153	N:TC[T>C]CC	-1	90917.0	2019688826
JG0139e	12	76564922	N:GG[T>C]TT	-1	643769.0	2020332595
JG0139e	12	76908463	N:GC[T>C]CT	-1	343541.0	2020676136
JG0139e	12	77480161	T:TG[T>G]TT	-1	571698.0	2021247834
JG0139e	12	77536531	T:AG[T>G]TG	-1	56370.0	2021304204
JG0139e	12	77700887	T:GG[T>G]TT	-1	164356.0	2021468560
JG0139e	12	79331603	U:TG[T>C]CC	1	1630716.0	2023099276
JG0139e	12	79777636	T:GC[T>A]TT	1	446033.0	2023545309
JG0139e	12	81094605	U:TC[T>A]CC	1	1316969.0	2024862278
JG0139e	12	81785287	N:CC[T>C]GC	1	690682.0	2025552960
JG0139e	12	81940225	N:CC[T>G]TT	-1	154938.0	2025707898
JG0139e	12	82902498	U:AG[T>C]CT	1	962273.0	2026670171
JG0139e	12	83077047	T:CC[T>G]CT	-1	174549.0	2026844720
JG0139e	12	83282643	N:AG[T>G]TA	-1	205596.0	2027050316
JG0139e	12	83569573	N:AC[T>A]TT	-1	286930.0	2027337246
JG0139e	12	83946122	N:AC[T>C]CA	1	376549.0	2027713795
JG0139e	12	84035910	N:GC[T>G]TC	1	89788.0	2027803583
JG0139e	12	84969589	N:TC[T>C]GG	-1	933679.0	2028737262
JG0139e	12	85387574	N:CC[T>A]TT	-1	417985.0	2029155247
JG0139e	12	86200272	U:AT[T>A]TA	-1	812698.0	2029967945
JG0139e	12	86246835	U:TA[T>G]TA	-1	46563.0	2030014508
JG0139e	12	86543789	T:TA[T>C]TT	1	296954.0	2030311462
JG0139e	12	86545994	T:CA[T>A]TT	1	2205.0	2030313667
JG0139e	12	86584378	U:AC[T>G]GT	-1	38384.0	2030352051
JG0139e	12	86676233	U:TC[T>G]TT	-1	91855.0	2030443906
JG0139e	12	87660485	N:GC[T>A]CA	-1	984252.0	2031428158
JG0139e	12	88499510	T:TC[T>C]CT	1	839025.0	2032267183
JG0139e	12	88728390	N:AC[T>C]TT	1	228880.0	2032496063
JG0139e	12	88797057	N:TG[T>C]GG	1	68667.0	2032564730
JG0139e	12	89324746	N:TT[T>C]TA	1	527689.0	2033092419
JG0139e	12	89533515	N:AC[T>G]TT	1	208769.0	2033301188
JG0139e	12	89539804	N:TC[T>G]TT	-1	6289.0	2033307477
JG0139e	12	90111288	N:GC[T>A]AG	-1	571484.0	2033878961
JG0139e	12	90607702	N:CC[T>C]AG	1	496414.0	2034375375
JG0139e	12	90987055	U:TC[T>C]TA	-1	379353.0	2034754728
JG0139e	12	91035474	N:GC[T>G]TT	1	48419.0	2034803147
JG0139e	12	92097388	N:GG[T>C]CT	1	1061914.0	2035865061
JG0139e	12	92399624	N:TC[T>G]CA	1	302236.0	2036167297
JG0139e	12	92818967	T:TC[T>C]TT	1	419343.0	2036586640
JG0139e	12	93545172	N:TG[T>G]TT	1	726205.0	2037312845
JG0139e	12	93927561	N:CT[C>A]TG	1	382389.0	2037695234
JG0139e	12	94025466	N:CC[T>C]TC	1	97905.0	2037793139
JG0139e	12	94174580	T:AC[T>C]CT	-1	149114.0	2037942253
JG0139e	12	95387555	N:GC[T>C]CA	1	1212975.0	2039155228
JG0139e	12	96264578	U:AG[T>G]TC	1	877023.0	2040032251
JG0139e	12	96269925	N:CC[T>C]TA	1	5347.0	2040037598
JG0139e	12	96442813	N:CC[T>C]TC	-1	172888.0	2040210486
JG0139e	12	96808471	T:CC[T>G]TC	-1	365658.0	2040576144
JG0139e	12	97913346	N:AC[T>G]GG	1	1104875.0	2041681019
JG0139e	12	98331687	N:TC[T>G]TA	-1	418341.0	2042099360
JG0139e	12	98734728	B:GC[T>G]TA	-1	403041.0	2042502401
JG0139e	12	98955113	U:AC[T>C]GG	-1	220385.0	2042722786
JG0139e	12	99769882	T:AC[T>C]TA	1	814769.0	2043537555
JG0139e	12	100248169	N:GG[T>G]TG	-1	478287.0	2044015842
JG0139e	12	100755900	T:AC[T>C]CG	-1	507731.0	2044523573
JG0139e	12	101845518	N:AC[T>G]AG	-1	1089618.0	2045613191
JG0139e	12	102259863	N:TC[T>C]TG	1	414345.0	2046027536
JG0139e	12	102413775	T:GG[T>A]TG	1	153912.0	2046181448
JG0139e	12	102581920	N:AG[T>G]TC	1	168145.0	2046349593
JG0139e	12	102745308	N:TC[T>C]TG	-1	163388.0	2046512981
JG0139e	12	103712239	U:CC[T>G]TA	1	966931.0	2047479912
JG0139e	12	103737825	T:TC[T>C]TT	-1	25586.0	2047505498
JG0139e	12	103910808	N:GC[T>C]GG	1	172983.0	2047678481
JG0139e	12	104275308	U:TC[T>G]TC	1	364500.0	2048042981
JG0139e	12	104285668	T:TC[T>C]TA	-1	10360.0	2048053341
JG0139e	12	104638850	T:AG[T>G]TC	-1	353182.0	2048406523
JG0139e	12	105254518	N:TC[C>A]AG	-1	615668.0	2049022191
JG0139e	12	106080288	T:GC[T>C]CA	1	825770.0	2049847961
JG0139e	12	106311231	U:GC[T>G]TG	1	230943.0	2050078904
JG0139e	12	106335090	T:CC[T>G]TT	-1	23859.0	2050102763
JG0139e	12	106541212	N:GC[T>C]TA	-1	206122.0	2050308885
JG0139e	12	106593024	T:AC[T>C]CC	-1	51812.0	2050360697
JG0139e	12	106887421	T:CC[T>G]CC	-1	294397.0	2050655094
JG0139e	12	108358364	N:TC[T>C]GG	1	1470943.0	2052126037
JG0139e	12	108471633	N:CC[T>C]CA	1	113269.0	2052239306
JG0139e	12	109052765	T:TC[T>A]CA	-1	581132.0	2052820438
JG0139e	12	109542094	N:TC[T>G]TC	1	489329.0	2053309767
JG0139e	12	109768116	U:TC[T>G]TC	1	226022.0	2053535789
JG0139e	12	109848230	N:CC[T>G]TG	1	80114.0	2053615903
JG0139e	12	110674437	U:CC[T>C]TC	-1	826207.0	2054442110
JG0139e	12	110737385	U:CC[T>C]CA	-1	62948.0	2054505058
JG0139e	12	110929652	N:TC[T>C]CC	1	192267.0	2054697325
JG0139e	12	111992238	U:AC[T>C]CT	-1	1062586.0	2055759911
JG0139e	12	113183047	U:AC[T>A]GC	-1	1190809.0	2056950720
JG0139e	12	113591684	N:GC[T>C]CC	1	408637.0	2057359357
JG0139e	12	114883625	N:CC[T>A]GG	-1	1291941.0	2058651298
JG0139e	12	114967140	N:GC[T>G]TG	-1	83515.0	2058734813
JG0139e	12	115008117	N:CC[T>G]AA	1	40977.0	2058775790
JG0139e	12	115063080	N:TC[T>A]TG	-1	54963.0	2058830753
JG0139e	12	115218474	N:CA[T>G]TA	-1	155394.0	2058986147
JG0139e	12	115354901	N:CC[T>G]TC	1	136427.0	2059122574
JG0139e	12	115575554	N:TC[T>C]TT	1	220653.0	2059343227
JG0139e	12	116082432	T:TC[T>G]TT	1	506878.0	2059850105
JG0139e	12	116385637	N:CA[C>T]CA	1	303205.0	2060153310
JG0139e	12	116505722	N:TC[T>G]TT	-1	120085.0	2060273395
JG0139e	12	116827286	T:TG[T>C]TA	-1	321564.0	2060594959
JG0139e	12	117414166	N:AT[C>G]TC	-1	586880.0	2061181839
JG0139e	12	117642466	U:GC[T>C]TT	-1	228300.0	2061410139
JG0139e	12	118019107	U:TC[T>A]CA	1	376641.0	2061786780
JG0139e	12	118201243	T:AC[T>G]TT	1	182136.0	2061968916
JG0139e	12	118330604	T:GC[T>C]CC	1	129361.0	2062098277
JG0139e	12	118552559	N:TC[T>G]CC	1	221955.0	2062320232
JG0139e	12	118979671	N:AG[T>G]CA	-1	427112.0	2062747344
JG0139e	12	118992224	T:AC[T>C]TC	-1	12553.0	2062759897
JG0139e	12	119689745	T:TC[T>C]CG	1	697521.0	2063457418
JG0139e	12	121903305	U:CC[T>A]CA	1	2213560.0	2065670978
JG0139e	12	123457733	T:TA[T>G]TT	-1	1554428.0	2067225406
JG0139e	12	123728034	U:TC[T>C]TC	1	270301.0	2067495707
JG0139e	12	123823851	U:TC[T>C]TT	1	95817.0	2067591524
JG0139e	12	124112770	T:AC[T>G]TT	-1	288919.0	2067880443
JG0139e	12	124129069	U:TT[T>G]TG	1	16299.0	2067896742
JG0139e	12	125525074	U:GC[T>G]TG	1	1396005.0	2069292747
JG0139e	12	126204221	N:AG[T>A]TC	1	679147.0	2069971894
JG0139e	12	126376416	N:AG[T>G]TT	1	172195.0	2070144089
JG0139e	12	126508024	N:TC[T>G]TT	-1	131608.0	2070275697
JG0139e	12	126895665	N:CC[T>G]TT	1	387641.0	2070663338
JG0139e	12	127337790	N:TC[T>C]CA	-1	442125.0	2071105463
JG0139e	12	128050228	N:GA[T>C]AC	1	712438.0	2071817901
JG0139e	12	128305419	T:TC[T>A]TG	-1	255191.0	2072073092
JG0139e	12	128666868	T:TC[T>C]CG	-1	361449.0	2072434541
JG0139e	12	128778995	N:CC[T>C]TG	1	112127.0	2072546668
JG0139e	12	129400076	U:TT[T>C]CT	-1	621081.0	2073167749
JG0139e	12	130185628	N:CC[T>A]TC	-1	785552.0	2073953301
JG0139e	12	130436850	T:GC[T>C]CT	1	251222.0	2074204523
JG0139e	12	131158096	N:CA[T>G]TA	-1	721246.0	2074925769
JG0139e	12	131206031	N:CC[T>C]CC	1	47935.0	2074973704
JG0139e	12	131836860	T:AG[T>C]TT	-1	630829.0	2075604533
JG0139e	12	133095250	T:GC[T>G]TC	-1	1258390.0	2076862923
JG0139e	13	16010794	N:AG[T>G]TC	1		2093053776
JG0139e	13	16081515	N:CC[T>G]TT	-1	70721.0	2093124497
JG0139e	13	16457018	N:GC[T>G]TC	-1	375503.0	2093500000
JG0139e	13	16552594	N:GC[T>G]TC	-1	95576.0	2093595576
JG0139e	13	18688273	N:GC[T>G]TT	-1	2135679.0	2095731255
JG0139e	13	19319715	N:TC[T>C]TT	-1	631442.0	2096362697
JG0139e	13	19473015	U:CC[T>C]TT	-1	153300.0	2096515997
JG0139e	13	19750070	U:GC[T>C]TT	-1	277055.0	2096793052
JG0139e	13	20832307	T:TC[T>A]CT	1	1082237.0	2097875289
JG0139e	13	20943224	N:TC[T>C]CG	-1	110917.0	2097986206
JG0139e	13	21361364	N:GC[T>C]CC	1	418140.0	2098404346
JG0139e	13	21380342	T:AC[T>C]TG	1	18978.0	2098423324
JG0139e	13	21650835	N:AC[T>C]TC	-1	270493.0	2098693817
JG0139e	13	21731097	N:CC[T>G]TG	1	80262.0	2098774079
JG0139e	13	21776737	N:CC[T>G]TG	1	45640.0	2098819719
JG0139e	13	22018841	N:GC[T>G]CT	-1	242104.0	2099061823
JG0139e	13	22325203	N:TC[T>G]TG	-1	306362.0	2099368185
JG0139e	13	22581123	N:TG[T>G]TC	1	255920.0	2099624105
JG0139e	13	24047732	T:CC[T>G]TG	-1	1466609.0	2101090714
JG0139e	13	24185832	T:CT[C>G]TC	-1	138100.0	2101228814
JG0139e	13	24221667	T:TC[T>G]TT	-1	35835.0	2101264649
JG0139e	13	24722778	N:TC[T>G]TG	1	501111.0	2101765760
JG0139e	13	24778163	T:CT[C>A]AG	-1	55385.0	2101821145
JG0139e	13	25069616	N:GG[T>G]TC	1	291453.0	2102112598
JG0139e	13	25199730	N:AC[T>A]TC	-1	130114.0	2102242712
JG0139e	13	25494554	U:TG[T>G]TT	1	294824.0	2102537536
JG0139e	13	26316120	T:CC[T>C]CC	-1	821566.0	2103359102
JG0139e	13	26897077	N:CC[T>C]TC	-1	580957.0	2103940059
JG0139e	13	26973817	N:TC[T>G]TC	1	76740.0	2104016799
JG0139e	13	27452996	N:TC[T>C]CT	1	479179.0	2104495978
JG0139e	13	28007377	U:AG[T>G]TA	-1	554381.0	2105050359
JG0139e	13	28160911	U:TC[T>G]TT	1	153534.0	2105203893
JG0139e	13	28952677	U:AC[T>G]TT	1	791766.0	2105995659
JG0139e	13	28978191	T:AC[T>C]TT	-1	25514.0	2106021173
JG0139e	13	29257714	T:TG[T>G]CA	-1	279523.0	2106300696
JG0139e	13	29978932	N:AG[C>G]TC	-1	721218.0	2107021914
JG0139e	13	30018080	N:TC[T>C]CT	-1	39148.0	2107061062
JG0139e	13	30417648	N:AC[T>C]CC	1	399568.0	2107460630
JG0139e	13	30684692	N:TC[T>A]CC	1	267044.0	2107727674
JG0139e	13	30944663	T:CC[T>G]TT	-1	259971.0	2107987645
JG0139e	13	31860506	T:AC[T>C]TG	-1	915843.0	2108903488
JG0139e	13	31921989	U:CC[T>C]TT	1	61483.0	2108964971
JG0139e	13	31932355	T:AG[T>C]GA	-1	10366.0	2108975337
JG0139e	13	31983030	U:AG[T>G]TT	1	50675.0	2109026012
JG0139e	13	32073989	T:GG[T>G]TT	-1	90959.0	2109116971
JG0139e	13	32131886	U:AC[T>C]TC	1	57897.0	2109174868
JG0139e	13	32636883	U:GC[T>C]TC	1	504997.0	2109679865
JG0139e	13	32699485	T:AC[T>G]TC	-1	62602.0	2109742467
JG0139e	13	33240498	T:TC[T>G]TG	1	541013.0	2110283480
JG0139e	13	33685975	N:AC[C>A]CA	-1	445477.0	2110728957
JG0139e	13	34777963	N:TC[T>G]TA	-1	1091988.0	2111820945
JG0139e	13	35440887	U:AG[T>G]TT	1	662924.0	2112483869
JG0139e	13	36445289	N:TC[T>C]AG	-1	1004402.0	2113488271
JG0139e	13	37030874	T:GC[T>G]TT	1	585585.0	2114073856
JG0139e	13	37436204	N:TC[T>C]CC	-1	405330.0	2114479186
JG0139e	13	38945623	N:CC[T>G]CC	1	1509419.0	2115988605
JG0139e	13	39108346	N:TC[T>G]TA	-1	162723.0	2116151328
JG0139e	13	39245731	N:GC[T>G]TC	1	137385.0	2116288713
JG0139e	13	39299194	N:GC[T>C]TG	-1	53463.0	2116342176
JG0139e	13	39395074	U:TC[T>G]TT	-1	95880.0	2116438056
JG0139e	13	39772751	U:TC[T>C]TT	1	377677.0	2116815733
JG0139e	13	40005257	N:TC[T>G]TT	1	232506.0	2117048239
JG0139e	13	40858939	N:CC[T>G]TC	1	853682.0	2117901921
JG0139e	13	40871735	N:GC[T>C]TC	-1	12796.0	2117914717
JG0139e	13	41523253	N:TT[C>G]TC	1	651518.0	2118566235
JG0139e	13	41558671	N:CC[T>G]TT	1	35418.0	2118601653
JG0139e	13	42292784	U:TG[C>A]CT	1	734113.0	2119335766
JG0139e	13	43663600	T:TC[T>C]CC	1	1370816.0	2120706582
JG0139e	13	44910357	N:GA[C>A]AA	1	1246757.0	2121953339
JG0139e	13	45880905	N:GC[T>A]TA	1	970548.0	2122923887
JG0139e	13	46192980	T:CC[T>A]TG	1	312075.0	2123235962
JG0139e	13	46469393	N:CC[T>G]TG	-1	276413.0	2123512375
JG0139e	13	46549573	N:CC[T>C]TT	-1	80180.0	2123592555
JG0139e	13	46562017	U:AC[T>G]TT	1	12444.0	2123604999
JG0139e	13	46732694	U:TC[T>A]TG	1	170677.0	2123775676
JG0139e	13	47099685	N:CC[T>A]TT	-1	366991.0	2124142667
JG0139e	13	47926553	N:CC[T>G]TA	-1	826868.0	2124969535
JG0139e	13	48016188	U:TC[T>G]TC	-1	89635.0	2125059170
JG0139e	13	48928560	N:TC[T>A]CT	-1	912372.0	2125971542
JG0139e	13	49244144	N:CC[T>G]CC	1	315584.0	2126287126
JG0139e	13	49633107	U:CC[T>C]CT	1	388963.0	2126676089
JG0139e	13	50268220	N:AC[T>C]TG	1	635113.0	2127311202
JG0139e	13	50591695	N:GC[T>C]TA	-1	323475.0	2127634677
JG0139e	13	51636558	T:TC[T>C]CA	-1	1044863.0	2128679540
JG0139e	13	52074600	U:GC[T>G]TT	-1	438042.0	2129117582
JG0139e	13	52085797	U:TC[T>G]TA	-1	11197.0	2129128779
JG0139e	13	52144397	T:GA[C>A]AG	1	58600.0	2129187379
JG0139e	13	52374347	N:TC[T>G]TA	1	229950.0	2129417329
JG0139e	13	52718406	T:GC[T>G]TC	1	344059.0	2129761388
JG0139e	13	52757978	N:AC[T>G]TG	1	39572.0	2129800960
JG0139e	13	53052393	N:CC[T>G]TT	1	294415.0	2130095375
JG0139e	13	53875930	N:GC[T>G]TT	-1	823537.0	2130918912
JG0139e	13	54911609	N:TC[T>C]CC	-1	1035679.0	2131954591
JG0139e	13	55767580	N:AC[T>C]TT	-1	855971.0	2132810562
JG0139e	13	56377493	N:AC[T>C]CC	1	609913.0	2133420475
JG0139e	13	58085171	N:GG[T>G]TT	1	1707678.0	2135128153
JG0139e	13	59570323	N:GG[T>G]TT	1	1485152.0	2136613305
JG0139e	13	60004104	U:TC[T>C]TC	-1	433781.0	2137047086
JG0139e	13	60660688	N:TC[T>C]TT	1	656584.0	2137703670
JG0139e	13	61068714	N:TC[T>C]TT	1	408026.0	2138111696
JG0139e	13	61241265	N:CC[T>G]TA	-1	172551.0	2138284247
JG0139e	13	61749702	N:TC[T>G]TT	1	508437.0	2138792684
JG0139e	13	62826775	N:AG[T>G]TT	1	1077073.0	2139869757
JG0139e	13	63095752	N:AC[T>C]CA	1	268977.0	2140138734
JG0139e	13	63888119	N:GC[T>G]CA	1	792367.0	2140931101
JG0139e	13	65209826	N:CC[T>G]TC	-1	1321707.0	2142252808
JG0139e	13	65570101	N:AC[T>A]CT	1	360275.0	2142613083
JG0139e	13	66287779	N:TC[T>C]TT	1	717678.0	2143330761
JG0139e	13	66301026	N:TT[C>A]TT	-1	13247.0	2143344008
JG0139e	13	66487238	T:TC[T>C]CA	1	186212.0	2143530220
JG0139e	13	67383641	N:CC[T>C]TA	-1	896403.0	2144426623
JG0139e	13	67558023	N:TG[C>A]TT	-1	174382.0	2144601005
JG0139e	13	67862213	N:GA[C>A]AA	1	304190.0	2144905195
JG0139e	13	67980032	N:TT[C>G]TG	1	117819.0	2145023014
JG0139e	13	69261683	N:CC[T>C]CA	-1	1281651.0	2146304665
JG0139e	13	69779528	T:TC[T>G]TT	1	517845.0	2146822510
JG0139e	13	70014150	U:AC[T>C]CC	-1	234622.0	2147057132
JG0139e	13	71520969	T:AC[T>G]TT	1	1506819.0	2148563951
JG0139e	13	71529360	T:TG[T>G]AT	1	8391.0	2148572342
JG0139e	13	71731237	U:CC[T>C]TG	-1	201877.0	2148774219
JG0139e	13	72381126	N:AA[T>C]TT	1	649889.0	2149424108
JG0139e	13	72911432	T:TG[T>G]CC	-1	530306.0	2149954414
JG0139e	13	73226672	N:TC[T>C]CT	1	315240.0	2150269654
JG0139e	13	73475603	N:AA[T>C]TT	1	248931.0	2150518585
JG0139e	13	73599098	N:TC[T>G]TT	1	123495.0	2150642080
JG0139e	13	73908477	T:TC[T>G]TT	1	309379.0	2150951459
JG0139e	13	74845221	N:TC[T>C]TT	1	936744.0	2151888203
JG0139e	13	75028015	N:TC[T>C]TG	1	182794.0	2152070997
JG0139e	13	75135792	N:CC[T>C]CA	1	107777.0	2152178774
JG0139e	13	75225027	N:CC[T>G]TT	-1	89235.0	2152268009
JG0139e	13	75312226	T:GC[T>C]CA	1	87199.0	2152355208
JG0139e	13	75904061	N:TC[T>G]TT	1	591835.0	2152947043
JG0139e	13	75960767	N:AG[T>G]TT	1	56706.0	2153003749
JG0139e	13	76229183	N:TC[T>C]TA	-1	268416.0	2153272165
JG0139e	13	76359013	N:GG[T>G]TT	1	129830.0	2153401995
JG0139e	13	77136584	U:CC[T>G]TT	-1	777571.0	2154179566
JG0139e	13	78828842	N:TC[T>C]TC	-1	1692258.0	2155871824
JG0139e	13	79422041	N:TC[T>C]TG	-1	593199.0	2156465023
JG0139e	13	79514169	T:AC[T>C]TT	-1	92128.0	2156557151
JG0139e	13	80195605	N:AC[T>C]CA	-1	681436.0	2157238587
JG0139e	13	80449791	N:AC[T>A]TC	-1	254186.0	2157492773
JG0139e	13	81523599	N:GC[T>G]TA	1	1073808.0	2158566581
JG0139e	13	81534099	N:TC[T>C]TT	-1	10500.0	2158577081
JG0139e	13	82347991	N:TC[T>G]TC	1	813892.0	2159390973
JG0139e	13	82882406	N:AG[C>A]GG	-1	534415.0	2159925388
JG0139e	13	84325397	N:AA[T>C]AC	1	1442991.0	2161368379
JG0139e	13	84686637	N:AC[T>C]CC	1	361240.0	2161729619
JG0139e	13	85336035	N:GC[T>C]TG	1	649398.0	2162379017
JG0139e	13	85383928	N:AC[T>C]TA	1	47893.0	2162426910
JG0139e	13	85539132	N:AG[T>A]TG	1	155204.0	2162582114
JG0139e	13	85636425	N:TC[T>G]TT	-1	97293.0	2162679407
JG0139e	13	85898743	N:TC[T>G]TC	-1	262318.0	2162941725
JG0139e	13	85909764	N:TC[T>C]TT	1	11021.0	2162952746
JG0139e	13	86390286	N:AC[T>C]TT	1	480522.0	2163433268
JG0139e	13	87097013	N:TT[C>G]TC	-1	706727.0	2164139995
JG0139e	13	87596096	N:AG[T>G]TT	-1	499083.0	2164639078
JG0139e	13	87886773	N:AC[T>G]TG	-1	290677.0	2164929755
JG0139e	13	88851736	N:CC[T>C]CA	1	964963.0	2165894718
JG0139e	13	89214411	N:AG[T>G]CT	-1	362675.0	2166257393
JG0139e	13	89372368	N:TC[T>C]CA	1	157957.0	2166415350
JG0139e	13	89486342	N:CC[T>A]CC	1	113974.0	2166529324
JG0139e	13	89882598	N:AC[T>G]TG	1	396256.0	2166925580
JG0139e	13	91642982	T:AC[T>A]TA	-1	1760384.0	2168685964
JG0139e	13	92607406	T:TC[T>A]TC	-1	964424.0	2169650388
JG0139e	13	92834433	U:AC[T>C]CA	1	227027.0	2169877415
JG0139e	13	93303120	T:GA[C>T]AG	-1	468687.0	2170346102
JG0139e	13	93391609	T:TC[T>A]CT	-1	88489.0	2170434591
JG0139e	13	94451220	U:AC[T>G]TA	-1	1059611.0	2171494202
JG0139e	13	95107730	T:AC[C>A]AG	1	656510.0	2172150712
JG0139e	13	95329776	N:TC[T>G]TG	1	222046.0	2172372758
JG0139e	13	95682232	U:CC[T>G]TG	1	352456.0	2172725214
JG0139e	13	97488379	N:TC[T>G]AT	1	1806147.0	2174531361
JG0139e	13	97995547	T:TC[T>C]CC	-1	507168.0	2175038529
JG0139e	13	98435888	T:TC[T>A]CC	-1	440341.0	2175478870
JG0139e	13	103040619	N:AA[T>G]TT	1	4604731.0	2180083601
JG0139e	13	103141510	N:GC[T>G]TA	1	100891.0	2180184492
JG0139e	13	104209124	N:CC[T>G]TT	-1	1067614.0	2181252106
JG0139e	13	104999119	N:AC[T>C]TA	-1	789995.0	2182042101
JG0139e	13	105074159	N:CC[T>G]TT	1	75040.0	2182117141
JG0139e	13	106659506	N:TC[T>G]TA	1	1585347.0	2183702488
JG0139e	13	107144279	N:TC[T>A]CG	-1	484773.0	2184187261
JG0139e	13	107329293	T:TC[T>G]CA	1	185014.0	2184372275
JG0139e	13	107712033	U:TC[T>C]TG	-1	382740.0	2184755015
JG0139e	13	108428530	N:AC[T>G]TC	1	716497.0	2185471512
JG0139e	13	108830797	U:TC[T>G]TT	1	402267.0	2185873779
JG0139e	13	109900342	N:CC[T>G]TC	-1	1069545.0	2186943324
JG0139e	13	109975096	N:GC[T>G]TC	1	74754.0	2187018078
JG0139e	13	110469663	U:CC[T>C]GA	1	494567.0	2187512645
JG0139e	13	110993955	N:GC[T>G]CC	1	524292.0	2188036937
JG0139e	13	111091244	N:GC[T>C]TT	1	97289.0	2188134226
JG0139e	13	111423209	N:CC[T>G]TG	-1	331965.0	2188466191
JG0139e	13	111565967	N:TC[C>A]TC	1	142758.0	2188608949
JG0139e	13	112028640	N:AC[T>C]GG	-1	462673.0	2189071622
JG0139e	13	112136783	N:CC[T>G]TC	1	108143.0	2189179765
JG0139e	13	112357092	N:TC[T>C]CG	1	220309.0	2189400074
JG0139e	13	112658570	N:AC[T>G]TT	-1	301478.0	2189701552
JG0139e	13	112776985	U:AT[C>A]GT	1	118415.0	2189819967
JG0139e	13	113273036	N:TG[T>A]TC	1	496051.0	2190316018
JG0139e	13	113607856	T:AC[T>A]TG	-1	334820.0	2190650838
JG0139e	13	114122831	T:TG[C>A]TG	1	514975.0	2191165813
JG0139e	14	16021044	N:AC[T>C]CT	-1		2207428354
JG0139e	14	16192715	N:AC[T>G]TT	-1	171671.0	2207600025
JG0139e	14	16200718	N:AG[T>G]TT	-1	8003.0	2207608028
JG0139e	14	16208207	N:AC[T>G]AG	1	7489.0	2207615517
JG0139e	14	16590863	N:GC[T>C]TG	-1	382656.0	2207998173
JG0139e	14	16660975	N:GC[T>G]TC	-1	70112.0	2208068285
JG0139e	14	16801045	N:AC[T>G]TT	1	140070.0	2208208355
JG0139e	14	17612260	N:TT[T>G]TA	-1	811215.0	2209019570
JG0139e	14	17699529	N:CA[T>G]TC	1	87269.0	2209106839
JG0139e	14	17701144	N:GC[T>C]CC	-1	1615.0	2209108454
JG0139e	14	18356855	N:CC[T>G]TC	1	655711.0	2209764165
JG0139e	14	18452426	N:CA[C>G]AG	1	95571.0	2209859736
JG0139e	14	19974404	N:TC[T>G]TC	-1	1521978.0	2211381714
JG0139e	14	20176646	N:TT[T>G]TG	-1	202242.0	2211583956
JG0139e	14	20568770	N:AC[T>G]TG	1	392124.0	2211976080
JG0139e	14	20726271	N:AG[T>C]TT	-1	157501.0	2212133581
JG0139e	14	21161601	N:GC[C>T]TG	1	435330.0	2212568911
JG0139e	14	21523388	T:TC[T>A]TC	1	361787.0	2212930698
JG0139e	14	22436275	N:GC[T>C]TC	1	912887.0	2213843585
JG0139e	14	22593715	N:TC[T>G]TT	-1	157440.0	2214001025
JG0139e	14	23114132	N:TG[T>A]TT	1	520417.0	2214521442
JG0139e	14	23201811	U:AC[T>G]TA	1	87679.0	2214609121
JG0139e	14	23385206	U:AC[T>C]TT	-1	183395.0	2214792516
JG0139e	14	23520855	T:TG[T>A]CT	1	135649.0	2214928165
JG0139e	14	23726620	N:TT[C>A]CA	-1	205765.0	2215133930
JG0139e	14	23786661	N:AC[T>A]CT	-1	60041.0	2215193971
JG0139e	14	23958444	U:GC[T>G]TT	1	171783.0	2215365754
JG0139e	14	25582074	N:GA[T>G]TG	1	1623630.0	2216989384
JG0139e	14	25610287	N:GC[T>G]TT	-1	28213.0	2217017597
JG0139e	14	25676641	N:GC[T>C]TT	-1	66354.0	2217083951
JG0139e	14	25892468	N:GC[T>G]TG	1	215827.0	2217299778
JG0139e	14	25958305	N:TG[T>G]TT	1	65837.0	2217365615
JG0139e	14	26005607	N:GC[T>C]TA	1	47302.0	2217412917
JG0139e	14	26523436	T:TC[T>C]TC	1	517829.0	2217930746
JG0139e	14	28387780	N:GG[T>G]TT	-1	1864344.0	2219795090
JG0139e	14	29260547	N:CC[T>G]TT	1	872767.0	2220667857
JG0139e	14	29287177	N:CC[T>A]TA	1	26630.0	2220694487
JG0139e	14	29906090	T:CC[T>G]TT	1	618913.0	2221313400
JG0139e	14	30401947	N:CC[T>G]TG	-1	495857.0	2221809257
JG0139e	14	30457455	N:TC[T>C]CG	-1	55508.0	2221864765
JG0139e	14	31002482	U:TT[T>G]TT	-1	545027.0	2222409792
JG0139e	14	32349895	T:GC[T>G]CC	-1	1347413.0	2223757205
JG0139e	14	32440535	U:TA[T>G]TT	1	90640.0	2223847845
JG0139e	14	34078159	U:GC[T>C]GA	-1	1637624.0	2225485469
JG0139e	14	34311944	N:TA[T>G]TG	-1	233785.0	2225719254
JG0139e	14	34331287	N:TC[T>G]CA	1	19343.0	2225738597
JG0139e	14	34762435	U:TC[T>G]TT	-1	431148.0	2226169745
JG0139e	14	34863999	U:TC[T>C]CA	-1	101564.0	2226271309
JG0139e	14	35340663	N:AC[T>A]CA	-1	476664.0	2226747973
JG0139e	14	35413262	N:CC[T>G]CG	1	72599.0	2226820572
JG0139e	14	35698999	T:AC[T>C]GG	1	285737.0	2227106309
JG0139e	14	36061866	N:GC[T>G]GA	-1	362867.0	2227469176
JG0139e	14	36641902	N:TC[T>C]CC	-1	580036.0	2228049212
JG0139e	14	37268022	T:TC[T>A]CA	-1	626120.0	2228675332
JG0139e	14	37800871	U:CC[T>G]CA	1	532849.0	2229208181
JG0139e	14	38077626	N:TT[T>G]TG	-1	276755.0	2229484936
JG0139e	14	38213355	N:AC[T>A]CT	1	135729.0	2229620665
JG0139e	14	38395973	N:TC[T>G]TC	1	182618.0	2229803283
JG0139e	14	38879647	N:GC[T>A]TT	-1	483674.0	2230286957
JG0139e	14	39494046	N:GC[T>A]CA	1	614399.0	2230901356
JG0139e	14	40045409	N:GC[T>G]TA	-1	551363.0	2231452719
JG0139e	14	40407670	N:TC[T>C]CT	-1	362261.0	2231814980
JG0139e	14	40528110	N:TC[T>G]TT	-1	120440.0	2231935420
JG0139e	14	40874005	N:GC[T>G]TT	1	345895.0	2232281315
JG0139e	14	41046114	N:AA[T>C]GT	1	172109.0	2232453424
JG0139e	14	43069873	N:GC[T>G]CT	-1	2023759.0	2234477183
JG0139e	14	44561475	N:AA[T>G]TT	-1	1491602.0	2235968785
JG0139e	14	45017573	B:CT[T>G]TC	-1	456098.0	2236424883
JG0139e	14	45200230	T:TA[T>G]TT	-1	182657.0	2236607540
JG0139e	14	46023448	N:AT[T>G]TA	-1	823218.0	2237430758
JG0139e	14	46630275	N:AC[T>G]TA	1	606827.0	2238037585
JG0139e	14	46835744	N:CC[T>G]TC	-1	205469.0	2238243054
JG0139e	14	47041776	T:TC[T>G]TT	1	206032.0	2238449086
JG0139e	14	47171417	U:AC[T>G]TC	-1	129641.0	2238578727
JG0139e	14	47367193	T:TC[T>C]TA	1	195776.0	2238774503
JG0139e	14	47478548	T:TG[T>C]AT	1	111355.0	2238885858
JG0139e	14	48159584	N:GC[T>G]TC	-1	681036.0	2239566894
JG0139e	14	48439356	N:CC[T>G]TG	-1	279772.0	2239846666
JG0139e	14	49474457	N:CA[T>G]TC	1	1035101.0	2240881767
JG0139e	14	49611657	U:GC[T>A]CA	1	137200.0	2241018967
JG0139e	14	49995008	N:AG[T>A]CA	1	383351.0	2241402318
JG0139e	14	50837337	N:CC[C>A]AA	1	842329.0	2242244647
JG0139e	14	51119426	N:TG[T>G]TC	-1	282089.0	2242526736
JG0139e	14	51822695	N:TG[T>G]TT	-1	703269.0	2243230005
JG0139e	14	52650466	U:TC[T>G]TG	-1	827771.0	2244057776
JG0139e	14	53566557	N:TC[T>G]GA	1	916091.0	2244973867
JG0139e	14	53964057	N:GC[T>G]CC	1	397500.0	2245371367
JG0139e	14	54079539	N:GC[T>G]TT	-1	115482.0	2245486849
JG0139e	14	54847459	U:GC[T>G]TT	-1	767920.0	2246254769
JG0139e	14	54929704	N:AG[T>C]TG	1	82245.0	2246337014
JG0139e	14	55186699	T:AC[T>G]CC	1	256995.0	2246594009
JG0139e	14	56159009	U:AG[T>C]AT	1	972310.0	2247566319
JG0139e	14	56641557	T:TT[T>G]TT	-1	482548.0	2248048867
JG0139e	14	57818535	U:TC[T>G]TT	-1	1176978.0	2249225845
JG0139e	14	57940510	N:AC[T>C]AA	1	121975.0	2249347820
JG0139e	14	59162711	N:TC[T>G]TT	-1	1222201.0	2250570021
JG0139e	14	59752193	U:TG[T>C]TG	-1	589482.0	2251159503
JG0139e	14	59831472	T:CC[T>G]TC	1	79279.0	2251238782
JG0139e	14	60121050	U:AG[T>G]TA	1	289578.0	2251528360
JG0139e	14	61169020	N:GC[T>G]CA	1	1047970.0	2252576330
JG0139e	14	61266166	U:TC[T>G]CA	1	97146.0	2252673476
JG0139e	14	61409993	U:TG[T>G]TA	1	143827.0	2252817303
JG0139e	14	61639553	T:CG[T>C]GA	-1	229560.0	2253046863
JG0139e	14	62372787	N:GG[T>G]TT	-1	733234.0	2253780097
JG0139e	14	62936663	U:TC[T>C]CG	-1	563876.0	2254343973
JG0139e	14	63216374	T:CC[T>C]GG	-1	279711.0	2254623684
JG0139e	14	63492680	U:TC[T>G]TA	-1	276306.0	2254899990
JG0139e	14	63627166	T:TC[T>C]CT	1	134486.0	2255034476
JG0139e	14	64049613	T:AA[T>G]TT	-1	422447.0	2255456923
JG0139e	14	64974575	T:TG[T>G]TT	-1	924962.0	2256381885
JG0139e	14	66124815	N:TC[T>G]CC	1	1150240.0	2257532125
JG0139e	14	67287667	U:GC[T>C]TT	1	1162852.0	2258694977
JG0139e	14	67309613	T:GC[T>C]TT	-1	21946.0	2258716923
JG0139e	14	67633082	T:AC[T>G]TT	-1	323469.0	2259040392
JG0139e	14	68579458	U:TG[T>G]TT	1	946376.0	2259986768
JG0139e	14	68701551	U:AC[T>G]TC	1	122093.0	2260108861
JG0139e	14	68994838	N:AA[C>A]TG	-1	293287.0	2260402148
JG0139e	14	69035141	N:AC[T>C]GA	-1	40303.0	2260442451
JG0139e	14	69997214	T:GC[T>G]TA	-1	962073.0	2261404524
JG0139e	14	70762054	T:TT[C>T]AT	1	764840.0	2262169364
JG0139e	14	71391760	T:CC[T>A]TA	-1	629706.0	2262799070
JG0139e	14	71505244	U:TA[T>C]TT	1	113484.0	2262912554
JG0139e	14	71512578	U:AC[T>G]CT	1	7334.0	2262919888
JG0139e	14	72129470	T:CT[T>C]GG	-1	616892.0	2263536780
JG0139e	14	72376706	U:AC[T>G]TG	1	247236.0	2263784016
JG0139e	14	72747874	T:GC[T>G]TG	1	371168.0	2264155184
JG0139e	14	73145228	U:TC[T>G]TT	1	397354.0	2264552538
JG0139e	14	73170954	U:TG[T>G]GA	1	25726.0	2264578264
JG0139e	14	73493987	T:TG[T>G]TT	1	323033.0	2264901297
JG0139e	14	73536402	U:TC[T>C]CA	-1	42415.0	2264943712
JG0139e	14	73627333	N:AG[T>C]TG	-1	90931.0	2265034643
JG0139e	14	73953727	T:TC[T>C]TC	-1	326394.0	2265361037
JG0139e	14	74477512	U:AG[T>C]CT	-1	523785.0	2265884822
JG0139e	14	74482724	T:AC[T>C]CT	1	5212.0	2265890034
JG0139e	14	74629606	N:CC[T>C]CA	1	146882.0	2266036916
JG0139e	14	74914067	T:CC[T>G]TC	1	284461.0	2266321377
JG0139e	14	75454916	T:GC[T>G]TG	-1	540849.0	2266862226
JG0139e	14	75800388	U:TT[T>G]TT	1	345472.0	2267207698
JG0139e	14	76884198	N:GA[T>G]TA	1	1083810.0	2268291508
JG0139e	14	77016424	N:AC[T>G]TC	1	132226.0	2268423734
JG0139e	14	77484759	T:CC[T>G]CT	1	468335.0	2268892069
JG0139e	14	77686614	T:AT[T>G]TC	1	201855.0	2269093924
JG0139e	14	78490427	T:GC[T>C]CT	-1	803813.0	2269897737
JG0139e	14	78640573	T:AC[T>G]TA	-1	150146.0	2270047883
JG0139e	14	78806832	U:CT[T>C]AT	1	166259.0	2270214142
JG0139e	14	78824843	T:CA[T>G]TT	-1	18011.0	2270232153
JG0139e	14	79186627	T:TC[T>C]GT	-1	361784.0	2270593937
JG0139e	14	79458131	U:GG[T>C]TA	1	271504.0	2270865441
JG0139e	14	80155832	N:CC[T>G]TT	-1	697701.0	2271563142
JG0139e	14	80252712	U:AC[T>G]TT	-1	96880.0	2271660022
JG0139e	14	81016662	U:GC[T>G]TT	1	763950.0	2272423972
JG0139e	14	81208166	U:CC[T>C]CC	-1	191504.0	2272615476
JG0139e	14	82391699	N:TC[T>C]CC	1	1183533.0	2273799009
JG0139e	14	82691762	N:AC[T>G]TT	1	300063.0	2274099072
JG0139e	14	83195793	N:TC[T>G]TC	-1	504031.0	2274603103
JG0139e	14	83745691	N:TA[T>G]TT	1	549898.0	2275153001
JG0139e	14	83787754	N:TC[T>A]CA	1	42063.0	2275195064
JG0139e	14	83814498	N:TC[T>G]TT	-1	26744.0	2275221808
JG0139e	14	84351255	N:GC[T>G]TT	-1	536757.0	2275758565
JG0139e	14	84360097	N:TC[T>C]CT	1	8842.0	2275767407
JG0139e	14	84765281	N:CC[T>C]TC	-1	405184.0	2276172591
JG0139e	14	84830560	N:CC[T>A]CT	-1	65279.0	2276237870
JG0139e	14	84846977	N:TC[T>A]CT	-1	16417.0	2276254287
JG0139e	14	85279722	N:GA[T>G]TA	1	432745.0	2276687032
JG0139e	14	86008350	N:TC[T>G]TT	1	728628.0	2277415660
JG0139e	14	86092312	N:TC[T>A]TT	1	83962.0	2277499622
JG0139e	14	86357369	N:TC[T>G]TC	-1	265057.0	2277764679
JG0139e	14	86774393	N:AG[T>C]TC	-1	417024.0	2278181703
JG0139e	14	87187694	N:GC[T>G]TG	-1	413301.0	2278595004
JG0139e	14	87324501	N:CC[T>G]TA	-1	136807.0	2278731811
JG0139e	14	87449688	N:GC[T>G]TA	-1	125187.0	2278856998
JG0139e	14	87608330	N:CC[T>C]CA	-1	158642.0	2279015640
JG0139e	14	88052736	N:CC[T>C]TT	1	444406.0	2279460046
JG0139e	14	88167145	N:AA[T>G]CC	-1	114409.0	2279574455
JG0139e	14	88221116	U:TG[T>G]TG	-1	53971.0	2279628426
JG0139e	14	88957274	N:AA[T>G]TT	1	736158.0	2280364584
JG0139e	14	88958558	N:CC[T>C]GT	-1	1284.0	2280365868
JG0139e	14	89597490	T:TG[T>G]TC	1	638932.0	2281004800
JG0139e	14	90139696	U:TC[T>A]CA	1	542206.0	2281547006
JG0139e	14	90387577	N:GC[T>G]CA	1	247881.0	2281794887
JG0139e	14	90857708	U:TC[T>G]TT	-1	470131.0	2282265018
JG0139e	14	91890650	T:TG[T>G]TT	1	1032942.0	2283297960
JG0139e	14	92071289	T:TA[T>G]TT	1	180639.0	2283478599
JG0139e	14	92505538	N:TC[T>G]CC	-1	434249.0	2283912848
JG0139e	14	92950596	T:GC[T>C]GA	1	445058.0	2284357906
JG0139e	14	93230335	N:AC[T>G]TC	-1	279739.0	2284637645
JG0139e	14	93354305	U:CC[T>G]CT	1	123970.0	2284761615
JG0139e	14	93750721	T:GC[T>G]TA	1	396416.0	2285158031
JG0139e	14	94462554	N:CC[T>A]GT	-1	711833.0	2285869864
JG0139e	14	94640225	N:TC[T>G]GC	-1	177671.0	2286047535
JG0139e	14	94839877	N:AG[T>G]TG	1	199652.0	2286247187
JG0139e	14	94842091	N:TC[T>G]AT	1	2214.0	2286249401
JG0139e	14	95020592	N:TG[T>G]CA	1	178501.0	2286427902
JG0139e	14	95276723	T:AC[T>A]TT	1	256131.0	2286684033
JG0139e	14	95289456	T:AC[T>G]CT	1	12733.0	2286696766
JG0139e	14	96076456	U:TG[T>G]AT	1	787000.0	2287483766
JG0139e	14	96303623	T:CC[T>G]AA	1	227167.0	2287710933
JG0139e	14	96321330	T:AC[T>C]AA	1	17707.0	2287728640
JG0139e	14	96561554	U:AA[T>G]TT	1	240224.0	2287968864
JG0139e	14	96672922	N:TC[T>C]TA	1	111368.0	2288080232
JG0139e	14	96701196	N:AG[T>G]TT	-1	28274.0	2288108506
JG0139e	14	97327000	N:GT[T>C]GG	1	625804.0	2288734310
JG0139e	14	98207862	N:CC[T>A]TT	-1	880862.0	2289615172
JG0139e	14	98592580	N:CT[T>A]CT	1	384718.0	2289999890
JG0139e	14	98734110	N:AC[T>G]TG	1	141530.0	2290141420
JG0139e	14	99212619	U:AC[T>G]TA	-1	478509.0	2290619929
JG0139e	14	99773949	T:CC[T>C]CC	-1	561330.0	2291181259
JG0139e	14	100214325	N:GC[T>C]TT	-1	440376.0	2291621635
JG0139e	14	101606960	N:TC[T>G]TG	-1	1392635.0	2293014270
JG0139e	14	102792064	U:CC[T>G]TG	1	1185104.0	2294199374
JG0139e	14	103051166	U:TC[T>C]CC	-1	259102.0	2294458476
JG0139e	14	103395103	T:CC[T>G]TC	-1	343937.0	2294802413
JG0139e	14	103909553	N:GG[T>G]GG	1	514450.0	2295316863
JG0139e	14	104299971	N:TG[C>A]TC	1	390418.0	2295707281
JG0139e	14	104481211	T:TC[T>C]CC	1	181240.0	2295888521
JG0139e	14	105060068	T:TG[C>A]AC	1	578857.0	2296467378
JG0139e	14	106039698	N:CC[T>G]TG	1	979630.0	2297447008
JG0139e	14	106411334	N:GC[T>A]TG	-1	371636.0	2297818644
JG0139e	14	106844468	N:AC[T>C]CT	-1	433134.0	2298251778
JG0139e	15	18593093	N:TC[T>G]TT	1		2317044121
JG0139e	15	18894759	N:GC[T>G]TC	-1	301666.0	2317345787
JG0139e	15	19893464	N:AG[T>G]TC	-1	998705.0	2318344492
JG0139e	15	21919064	N:AT[C>T]CA	-1	2025600.0	2320370092
JG0139e	15	26443855	N:AG[T>C]TG	1	4524791.0	2324894883
JG0139e	15	28292512	T:GC[T>G]TC	1	1848657.0	2326743540
JG0139e	15	29645955	N:AC[T>G]CT	-1	1353443.0	2328096983
JG0139e	15	29969310	N:TG[T>G]TG	1	323355.0	2328420338
JG0139e	15	30816568	N:CG[T>C]CA	-1	847258.0	2329267596
JG0139e	15	31992411	U:TC[T>C]TT	1	1175843.0	2330443439
JG0139e	15	32055031	U:TC[T>G]AC	1	62620.0	2330506059
JG0139e	15	32241445	N:AC[T>G]TT	1	186414.0	2330692473
JG0139e	15	34161189	T:AC[T>C]TT	1	1919744.0	2332612217
JG0139e	15	35409000	U:CC[T>A]TC	-1	1247811.0	2333860028
JG0139e	15	37563870	N:TA[T>G]TT	1	2154870.0	2336014898
JG0139e	15	39842743	U:TC[T>G]CA	-1	2278873.0	2338293771
JG0139e	15	40374690	T:GC[T>G]TG	-1	531947.0	2338825718
JG0139e	15	42710038	U:TG[T>C]CC	1	2335348.0	2341161066
JG0139e	15	43023873	T:GC[T>C]CC	1	313835.0	2341474901
JG0139e	15	45735126	N:AC[T>G]TA	1	2711253.0	2344186154
JG0139e	15	47369989	T:TG[T>G]TT	-1	1634863.0	2345821017
JG0139e	15	48207751	U:TC[T>G]GG	1	837762.0	2346658779
JG0139e	15	49949187	T:CT[T>A]TT	1	1741436.0	2348400215
JG0139e	15	50271994	N:GC[T>G]TT	-1	322807.0	2348723022
JG0139e	15	56119065	U:GC[T>G]CA	-1	5847071.0	2354570093
JG0139e	15	57332051	N:CC[T>A]CC	1	1212986.0	2355783079
JG0139e	15	57621734	T:CC[T>C]CC	-1	289683.0	2356072762
JG0139e	15	58719623	U:TC[T>C]TA	-1	1097889.0	2357170651
JG0139e	15	59928097	N:TT[C>T]TA	1	1208474.0	2358379125
JG0139e	15	60836803	T:TC[T>C]CT	1	908706.0	2359287831
JG0139e	15	66372347	T:GC[T>C]TC	1	5535544.0	2364823375
JG0139e	15	68111679	U:AA[T>C]AT	1	1739332.0	2366562707
JG0139e	15	68261382	N:CC[T>C]CA	-1	149703.0	2366712410
JG0139e	15	69233094	U:CA[T>G]TT	1	971712.0	2367684122
JG0139e	15	72600283	T:GC[T>G]TA	-1	3367189.0	2371051311
JG0139e	15	73494655	U:CG[T>C]GG	1	894372.0	2371945683
JG0139e	15	75822417	N:TC[T>G]TT	-1	2327762.0	2374273445
JG0139e	15	79675994	N:CA[T>G]TT	1	3853577.0	2378127022
JG0139e	15	82070310	N:TC[T>G]TT	1	2394316.0	2380521338
JG0139e	15	82092841	N:CC[T>C]AA	1	22531.0	2380543869
JG0139e	15	83706577	U:CC[T>A]CA	1	1613736.0	2382157605
JG0139e	15	84651785	T:CC[T>G]GA	1	945208.0	2383102813
JG0139e	15	85044964	U:TC[T>G]TT	1	393179.0	2383495992
JG0139e	15	88605017	N:AG[C>A]AG	1	3560053.0	2387056045
JG0139e	15	89421295	N:CA[C>A]TG	-1	816278.0	2387872323
JG0139e	15	89719171	U:CC[T>C]CA	1	297876.0	2388170199
JG0139e	15	89840041	U:GG[C>A]AG	-1	120870.0	2388291069
JG0139e	15	91875544	U:TC[T>C]CC	1	2035503.0	2390326572
JG0139e	15	92577904	N:CC[T>G]TT	-1	702360.0	2391028932
JG0139e	15	93785824	N:AC[T>G]TA	1	1207920.0	2392236852
JG0139e	15	96904789	N:TC[T>G]TG	-1	3118965.0	2395355817
JG0139e	15	101823046	N:AT[C>G]TT	1	4918257.0	2400274074
JG0139e	16	20726	N:CC[T>G]TT	1		2400462943
JG0139e	16	31189	N:TC[T>G]CC	1	10463.0	2400473406
JG0139e	16	167632	N:TC[T>A]TT	-1	136443.0	2400609849
JG0139e	16	275227	U:CC[T>C]GG	-1	107595.0	2400717444
JG0139e	16	574901	U:GC[T>C]TT	1	299674.0	2401017118
JG0139e	16	636549	N:CC[T>C]GT	-1	61648.0	2401078766
JG0139e	16	646126	U:CC[T>G]CC	1	9577.0	2401088343
JG0139e	16	1159820	T:CG[T>C]GT	-1	513694.0	2401602037
JG0139e	16	1465598	T:TC[T>C]AG	1	305778.0	2401907815
JG0139e	16	1538533	B:CC[T>G]CC	1	72935.0	2401980750
JG0139e	16	1785050	B:TC[T>C]CA	1	246517.0	2402227267
JG0139e	16	2021504	N:TT[T>G]TT	1	236454.0	2402463721
JG0139e	16	2141503	N:AC[T>A]TC	-1	119999.0	2402583720
JG0139e	16	2276715	U:GC[T>A]TC	-1	135212.0	2402718932
JG0139e	16	2277748	U:AC[T>C]CC	-1	1033.0	2402719965
JG0139e	16	2451383	T:CC[T>C]CA	-1	173635.0	2402893600
JG0139e	16	2571022	T:TG[T>G]TT	-1	119639.0	2403013239
JG0139e	16	2599775	U:TC[T>A]CA	1	28753.0	2403041992
JG0139e	16	2620379	N:GC[T>G]AA	1	20604.0	2403062596
JG0139e	16	3562303	U:AC[T>G]TC	-1	941924.0	2404004520
JG0139e	16	3983228	T:GC[T>C]TA	1	420925.0	2404425445
JG0139e	16	4017767	U:TC[T>G]CT	-1	34539.0	2404459984
JG0139e	16	4099959	U:GC[T>A]CC	-1	82192.0	2404542176
JG0139e	16	4474048	U:CC[T>G]AG	-1	374089.0	2404916265
JG0139e	16	4609561	U:CC[T>G]TC	-1	135513.0	2405051778
JG0139e	16	4940469	T:GC[T>C]CA	1	330908.0	2405382686
JG0139e	16	4981986	U:CC[T>G]TG	1	41517.0	2405424203
JG0139e	16	5020029	N:CC[T>C]CT	1	38043.0	2405462246
JG0139e	16	5176029	N:GC[T>G]TG	1	156000.0	2405618246
JG0139e	16	5537758	U:TC[T>C]CT	1	361729.0	2405979975
JG0139e	16	5576782	T:AC[T>A]TT	-1	39024.0	2406018999
JG0139e	16	5772648	T:TC[T>G]TC	-1	195866.0	2406214865
JG0139e	16	6184801	U:CC[T>C]CG	1	412153.0	2406627018
JG0139e	16	6226858	U:TC[T>C]CA	1	42057.0	2406669075
JG0139e	16	6246308	U:AG[T>G]TA	1	19450.0	2406688525
JG0139e	16	6716804	T:AC[T>C]TA	-1	470496.0	2407159021
JG0139e	16	7161783	U:GG[T>C]GA	1	444979.0	2407604000
JG0139e	16	7402847	T:CC[T>A]TA	-1	241064.0	2407845064
JG0139e	16	8151022	N:AG[T>G]CA	1	748175.0	2408593239
JG0139e	16	8274835	N:GC[T>G]TA	1	123813.0	2408717052
JG0139e	16	8356650	N:TT[T>A]AA	-1	81815.0	2408798867
JG0139e	16	8705822	U:GT[T>A]TC	1	349172.0	2409148039
JG0139e	16	8916309	T:CC[T>A]TC	1	210487.0	2409358526
JG0139e	16	8994543	N:AC[T>C]TG	1	78234.0	2409436760
JG0139e	16	9546556	N:TC[T>C]TT	-1	552013.0	2409988773
JG0139e	16	10016715	T:TC[T>A]CC	1	470159.0	2410458932
JG0139e	16	10336378	N:TC[T>G]TT	1	319663.0	2410778595
JG0139e	16	10415685	T:TC[T>C]CC	-1	79307.0	2410857902
JG0139e	16	10537052	T:GG[T>C]GG	1	121367.0	2410979269
JG0139e	16	11062183	T:TC[T>C]CA	-1	525131.0	2411504400
JG0139e	16	11131012	U:TC[T>C]TC	1	68829.0	2411573229
JG0139e	16	11451625	U:TC[T>C]TC	-1	320613.0	2411893842
JG0139e	16	11529003	N:GC[T>G]AA	-1	77378.0	2411971220
JG0139e	16	11536853	N:AC[T>G]GA	1	7850.0	2411979070
JG0139e	16	11823380	N:AC[T>G]TT	1	286527.0	2412265597
JG0139e	16	11975999	T:TC[T>A]TG	1	152619.0	2412418216
JG0139e	16	12117510	U:AC[T>G]CT	1	141511.0	2412559727
JG0139e	16	12195535	T:AC[T>G]TT	-1	78025.0	2412637752
JG0139e	16	12614604	N:CC[T>A]CC	1	419069.0	2413056821
JG0139e	16	12632528	N:TT[T>G]TA	-1	17924.0	2413074745
JG0139e	16	12668650	U:GG[T>G]TG	-1	36122.0	2413110867
JG0139e	16	12828155	N:TC[T>C]TC	1	159505.0	2413270372
JG0139e	16	12924054	T:TC[T>C]CT	-1	95899.0	2413366271
JG0139e	16	13516786	N:TC[T>G]TG	-1	592732.0	2413959003
JG0139e	16	13598159	N:GA[T>A]CT	-1	81373.0	2414040376
JG0139e	16	13757867	N:TG[T>C]CT	1	159708.0	2414200084
JG0139e	16	13954409	N:TC[T>C]TA	-1	196542.0	2414396626
JG0139e	16	15016755	T:TC[T>C]CT	-1	1062346.0	2415458972
JG0139e	16	15538129	T:AC[T>G]CC	-1	521374.0	2415980346
JG0139e	16	15704043	B:CC[T>C]CC	1	165914.0	2416146260
JG0139e	16	15873165	U:AG[T>G]TT	-1	169122.0	2416315382
JG0139e	16	16058081	U:TC[T>G]GG	1	184916.0	2416500298
JG0139e	16	16216020	U:AC[T>A]TG	-1	157939.0	2416658237
JG0139e	16	17273219	T:AC[T>A]CA	1	1057199.0	2417715436
JG0139e	16	17360900	T:TC[T>C]TA	1	87681.0	2417803117
JG0139e	16	18068294	N:GG[T>G]TC	-1	707394.0	2418510511
JG0139e	16	18314883	N:CC[T>C]CT	1	246589.0	2418757100
JG0139e	16	18655772	N:AA[C>G]CT	-1	340889.0	2419097989
JG0139e	16	18685465	N:TC[T>C]CA	-1	29693.0	2419127682
JG0139e	16	19605147	T:TC[T>C]TT	-1	919682.0	2420047364
JG0139e	16	20169227	N:CA[T>G]CA	1	564080.0	2420611444
JG0139e	16	20225413	N:AC[T>G]TG	-1	56186.0	2420667630
JG0139e	16	20290118	N:TG[T>C]GG	1	64705.0	2420732335
JG0139e	16	20394462	T:AG[C>A]CA	1	104344.0	2420836679
JG0139e	16	20554595	T:TC[T>G]TG	1	160133.0	2420996812
JG0139e	16	20737354	B:TC[T>C]TT	1	182759.0	2421179571
JG0139e	16	21338859	N:TC[T>G]TT	1	601505.0	2421781076
JG0139e	16	21769290	N:CC[T>C]TA	-1	430431.0	2422211507
JG0139e	16	21881768	N:TT[T>C]TA	-1	112478.0	2422323985
JG0139e	16	21990310	U:GC[T>C]TC	-1	108542.0	2422432527
JG0139e	16	22009575	T:CC[T>G]TA	-1	19265.0	2422451792
JG0139e	16	22533071	U:CC[T>C]CT	1	523496.0	2422975288
JG0139e	16	22598959	N:TC[T>C]TT	1	65888.0	2423041176
JG0139e	16	22837759	T:TC[T>G]TT	-1	238800.0	2423279976
JG0139e	16	24215223	U:GC[T>C]TG	1	1377464.0	2424657440
JG0139e	16	24216095	T:TC[T>A]CC	-1	872.0	2424658312
JG0139e	16	24343392	U:TC[T>G]TC	1	127297.0	2424785609
JG0139e	16	24446329	N:CC[T>C]TC	-1	102937.0	2424888546
JG0139e	16	24648673	N:TG[T>A]TG	1	202344.0	2425090890
JG0139e	16	25318264	N:GC[T>A]GT	-1	669591.0	2425760481
JG0139e	16	25538454	N:GC[T>G]TC	-1	220190.0	2425980671
JG0139e	16	25618822	N:CC[T>G]CC	-1	80368.0	2426061039
JG0139e	16	26090035	U:TC[T>G]TA	1	471213.0	2426532252
JG0139e	16	27237775	U:GC[T>C]GC	-1	1147740.0	2427679992
JG0139e	16	27634183	U:TC[T>G]CT	1	396408.0	2428076400
JG0139e	16	27974469	U:AG[T>G]TT	-1	340286.0	2428416686
JG0139e	16	27986285	U:CC[T>C]CA	-1	11816.0	2428428502
JG0139e	16	28164486	U:CC[T>G]TT	-1	178201.0	2428606703
JG0139e	16	28406120	N:AC[T>C]CA	-1	241634.0	2428848337
JG0139e	16	29146526	N:GG[T>C]GC	-1	740406.0	2429588743
JG0139e	16	29579085	N:GC[T>A]CC	1	432559.0	2430021302
JG0139e	16	29769984	N:AC[T>G]TG	1	190899.0	2430212201
JG0139e	16	30607166	T:AC[T>G]TG	1	837182.0	2431049383
JG0139e	16	30708494	T:AC[T>C]TG	-1	101328.0	2431150711
JG0139e	16	32080042	N:CC[T>C]CT	-1	1371548.0	2432522259
JG0139e	16	32234653	N:GC[T>C]TC	1	154611.0	2432676870
JG0139e	16	32309073	N:AC[C>A]AC	1	74420.0	2432751290
JG0139e	16	32637144	N:AC[T>G]TT	1	328071.0	2433079361
JG0139e	16	33610187	N:CC[T>G]TG	-1	973043.0	2434052404
JG0139e	16	34057166	N:CC[T>G]CT	-1	446979.0	2434499383
JG0139e	16	34136082	N:AC[T>C]CA	1	78916.0	2434578299
JG0139e	16	34346524	N:TC[T>C]TC	-1	210442.0	2434788741
JG0139e	16	34692854	N:CC[T>C]TC	1	346330.0	2435135071
JG0139e	16	34975701	N:TC[T>G]TT	-1	282847.0	2435417918
JG0139e	16	35951401	N:TC[T>G]TT	-1	975700.0	2436393618
JG0139e	16	36707044	N:AC[T>C]GC	1	755643.0	2437149261
JG0139e	16	36753404	N:CC[T>C]CT	-1	46360.0	2437195621
JG0139e	16	37151865	N:TC[T>C]TA	1	398461.0	2437594082
JG0139e	16	37268313	N:TC[T>G]TC	-1	116448.0	2437710530
JG0139e	16	46386773	N:TC[C>A]AT	-1	9118460.0	2446828990
JG0139e	16	46417516	N:AA[T>G]CA	1	30743.0	2446859733
JG0139e	16	46671798	T:TC[T>C]TC	1	254282.0	2447114015
JG0139e	16	46877251	N:CC[T>G]CA	-1	205453.0	2447319468
JG0139e	16	47108352	U:TC[T>C]AA	-1	231101.0	2447550569
JG0139e	16	47278905	T:AC[T>G]TG	1	170553.0	2447721122
JG0139e	16	47288846	U:TC[T>A]CG	-1	9941.0	2447731063
JG0139e	16	47506586	U:TC[T>G]TT	1	217740.0	2447948803
JG0139e	16	47640044	T:GA[T>G]TT	-1	133458.0	2448082261
JG0139e	16	47651608	U:AC[T>G]TA	1	11564.0	2448093825
JG0139e	16	47838162	N:CC[T>A]TT	-1	186554.0	2448280379
JG0139e	16	48011077	N:TC[T>C]GC	1	172915.0	2448453294
JG0139e	16	48280976	U:AA[T>G]TA	1	269899.0	2448723193
JG0139e	16	48667644	N:AG[T>C]TG	-1	386668.0	2449109861
JG0139e	16	49299310	N:GC[T>A]CC	-1	631666.0	2449741527
JG0139e	16	49399612	N:TG[C>A]TT	-1	100302.0	2449841829
JG0139e	16	49678191	U:AT[T>G]TT	-1	278579.0	2450120408
JG0139e	16	49976289	N:TC[T>C]CC	-1	298098.0	2450418506
JG0139e	16	50021653	N:CC[T>G]CT	1	45364.0	2450463870
JG0139e	16	50293463	T:AG[T>G]TG	-1	271810.0	2450735680
JG0139e	16	50338945	T:CC[T>A]CA	1	45482.0	2450781162
JG0139e	16	50468622	N:GG[T>G]GC	1	129677.0	2450910839
JG0139e	16	50555948	U:CG[T>C]CC	1	87326.0	2450998165
JG0139e	16	50670236	U:GG[T>C]TC	-1	114288.0	2451112453
JG0139e	16	51134845	N:TT[T>G]CT	-1	464609.0	2451577062
JG0139e	16	51165312	N:AT[C>T]CC	-1	30467.0	2451607529
JG0139e	16	52082408	N:CC[T>G]TT	1	917096.0	2452524625
JG0139e	16	52242390	N:AC[T>G]TT	-1	159982.0	2452684607
JG0139e	16	52289746	N:CC[T>G]TC	1	47356.0	2452731963
JG0139e	16	52646725	N:AC[T>G]CT	1	356979.0	2453088942
JG0139e	16	52974964	N:TC[T>C]GG	-1	328239.0	2453417181
JG0139e	16	53008816	N:TC[T>G]TA	-1	33852.0	2453451033
JG0139e	16	54091797	U:TC[T>G]TT	1	1082981.0	2454534014
JG0139e	16	54675859	N:TC[T>G]CT	-1	584062.0	2455118076
JG0139e	16	54756643	N:TC[T>C]CC	1	80784.0	2455198860
JG0139e	16	55830928	U:CC[T>G]TC	-1	1074285.0	2456273145
JG0139e	16	55957452	N:TC[T>C]TG	-1	126524.0	2456399669
JG0139e	16	56033848	N:CC[T>C]TC	-1	76396.0	2456476065
JG0139e	16	56407230	T:TG[T>G]AG	1	373382.0	2456849447
JG0139e	16	56528068	N:GC[T>C]GG	1	120838.0	2456970285
JG0139e	16	56778254	T:AC[T>G]TC	-1	250186.0	2457220471
JG0139e	16	57326837	N:TA[T>A]TA	1	548583.0	2457769054
JG0139e	16	57729301	T:AC[T>C]CA	-1	402464.0	2458171518
JG0139e	16	57847532	T:TG[T>G]TC	1	118231.0	2458289749
JG0139e	16	58092015	N:GC[T>C]CA	-1	244483.0	2458534232
JG0139e	16	58471326	T:CC[T>C]GT	-1	379311.0	2458913543
JG0139e	16	58875799	N:GC[T>C]CT	-1	404473.0	2459318016
JG0139e	16	59392957	N:TA[T>G]TC	-1	517158.0	2459835174
JG0139e	16	60027662	N:CA[T>G]TG	1	634705.0	2460469879
JG0139e	16	60101095	N:CT[T>G]TT	1	73433.0	2460543312
JG0139e	16	60218948	N:AC[T>G]TT	-1	117853.0	2460661165
JG0139e	16	60378940	N:GC[T>C]TT	1	159992.0	2460821157
JG0139e	16	60771569	N:TG[T>G]TA	-1	392629.0	2461213786
JG0139e	16	61039361	N:CC[T>C]CA	1	267792.0	2461481578
JG0139e	16	61182323	N:AC[T>C]CT	-1	142962.0	2461624540
JG0139e	16	61208659	N:CC[T>C]AT	-1	26336.0	2461650876
JG0139e	16	61348331	N:GC[T>G]GG	1	139672.0	2461790548
JG0139e	16	61618263	N:GC[T>C]GA	1	269932.0	2462060480
JG0139e	16	61657983	U:TC[T>G]TC	-1	39720.0	2462100200
JG0139e	16	61807630	U:CC[T>A]CA	-1	149647.0	2462249847
JG0139e	16	62226081	N:AG[T>G]CC	1	418451.0	2462668298
JG0139e	16	62495299	N:TC[T>G]CT	1	269218.0	2462937516
JG0139e	16	62495582	N:TA[T>G]TT	1	283.0	2462937799
JG0139e	16	62552431	N:CC[T>A]GC	-1	56849.0	2462994648
JG0139e	16	62885644	N:GC[C>A]AA	-1	333213.0	2463327861
JG0139e	16	63270864	N:GC[T>C]CA	1	385220.0	2463713081
JG0139e	16	63465990	N:AC[T>G]TC	-1	195126.0	2463908207
JG0139e	16	63572642	N:AC[T>G]TG	1	106652.0	2464014859
JG0139e	16	64063443	N:TT[T>A]TT	1	490801.0	2464505660
JG0139e	16	64351591	N:AG[T>C]GA	1	288148.0	2464793808
JG0139e	16	64850354	N:AC[T>C]CT	-1	498763.0	2465292571
JG0139e	16	65031273	U:GC[T>G]TA	-1	180919.0	2465473490
JG0139e	16	65479706	N:GC[T>G]TC	1	448433.0	2465921923
JG0139e	16	65625139	N:GC[T>G]TC	1	145433.0	2466067356
JG0139e	16	65644024	N:AC[T>A]CT	-1	18885.0	2466086241
JG0139e	16	65651446	N:AA[T>G]GC	1	7422.0	2466093663
JG0139e	16	65822331	N:TC[T>C]TC	1	170885.0	2466264548
JG0139e	16	66850439	B:AC[T>C]CA	1	1028108.0	2467292656
JG0139e	16	66863846	U:TC[T>G]TC	-1	13407.0	2467306063
JG0139e	16	66948442	N:CC[T>A]TC	-1	84596.0	2467390659
JG0139e	16	67099675	U:AG[T>C]CA	1	151233.0	2467541892
JG0139e	16	67833120	T:CC[T>G]CT	1	733445.0	2468275337
JG0139e	16	68211111	T:AA[T>G]TT	-1	377991.0	2468653328
JG0139e	16	68229111	B:AC[T>C]TG	1	18000.0	2468671328
JG0139e	16	68455868	N:CC[T>G]TA	1	226757.0	2468898085
JG0139e	16	69156991	T:GC[T>A]TC	-1	701123.0	2469599208
JG0139e	16	69301655	T:TT[C>G]TT	-1	144664.0	2469743872
JG0139e	16	69810483	T:AC[T>G]GC	-1	508828.0	2470252700
JG0139e	16	69839029	T:AC[T>C]TT	-1	28546.0	2470281246
JG0139e	16	70184225	T:TC[T>G]TA	-1	345196.0	2470626442
JG0139e	16	70192897	N:GC[T>C]TC	1	8672.0	2470635114
JG0139e	16	70206736	N:AC[T>G]TT	-1	13839.0	2470648953
JG0139e	16	70690321	T:CC[C>A]AC	1	483585.0	2471132538
JG0139e	16	70714427	T:GC[T>A]TC	1	24106.0	2471156644
JG0139e	16	70892785	T:TC[T>C]GT	1	178358.0	2471335002
JG0139e	16	71126544	U:CC[T>C]TA	-1	233759.0	2471568761
JG0139e	16	71611034	N:GG[T>G]TC	-1	484490.0	2472053251
JG0139e	16	71935754	T:TC[T>G]TG	1	324720.0	2472377971
JG0139e	16	71972384	U:CT[C>T]TT	-1	36630.0	2472414601
JG0139e	16	72138566	U:AC[T>G]CC	-1	166182.0	2472580783
JG0139e	16	72612710	N:TG[T>G]TT	1	474144.0	2473054927
JG0139e	16	72639177	N:TC[T>C]TT	-1	26467.0	2473081394
JG0139e	16	72670876	N:TC[T>C]TC	-1	31699.0	2473113093
JG0139e	16	72797109	U:AC[T>C]CT	-1	126233.0	2473239326
JG0139e	16	73144665	T:AA[C>G]GA	1	347556.0	2473586882
JG0139e	16	73361347	U:GC[T>C]GG	-1	216682.0	2473803564
JG0139e	16	73515685	U:TT[T>C]TC	-1	154338.0	2473957902
JG0139e	16	73657763	T:TG[T>G]TG	1	142078.0	2474099980
JG0139e	16	73712767	T:TC[T>G]TT	1	55004.0	2474154984
JG0139e	16	73985006	N:AT[T>G]TC	-1	272239.0	2474427223
JG0139e	16	74311943	N:GC[T>G]TG	1	326937.0	2474754160
JG0139e	16	74735165	T:AC[T>C]CA	1	423222.0	2475177382
JG0139e	16	74874887	U:GC[T>C]GG	-1	139722.0	2475317104
JG0139e	16	75029674	U:GC[T>G]TG	1	154787.0	2475471891
JG0139e	16	75498812	N:CC[T>C]TG	-1	469138.0	2475941029
JG0139e	16	76099039	N:GC[T>C]CT	-1	600227.0	2476541256
JG0139e	16	76303335	U:AC[T>C]TT	1	204296.0	2476745552
JG0139e	16	76587142	N:TC[T>G]TC	-1	283807.0	2477029359
JG0139e	16	76725091	N:AC[T>C]TG	-1	137949.0	2477167308
JG0139e	16	76824683	N:TC[T>C]TG	1	99592.0	2477266900
JG0139e	16	77386336	U:GT[T>G]TT	-1	561653.0	2477828553
JG0139e	16	77477462	N:CC[T>A]TG	-1	91126.0	2477919679
JG0139e	16	77661070	N:TA[T>G]TT	-1	183608.0	2478103287
JG0139e	16	77677003	N:CC[T>C]GC	1	15933.0	2478119220
JG0139e	16	77857812	U:AT[T>G]TG	1	180809.0	2478300029
JG0139e	16	77932433	T:AA[T>G]CT	-1	74621.0	2478374650
JG0139e	16	77983370	N:GC[T>G]TC	-1	50937.0	2478425587
JG0139e	16	79025823	T:AC[T>G]CC	-1	1042453.0	2479468040
JG0139e	16	79221516	N:TA[T>G]TT	-1	195693.0	2479663733
JG0139e	16	79238162	N:TC[T>A]GT	-1	16646.0	2479680379
JG0139e	16	79644032	N:TG[T>C]CC	1	405870.0	2480086249
JG0139e	16	79651575	N:TC[T>C]CC	1	7543.0	2480093792
JG0139e	16	79745338	N:GC[T>G]TC	-1	93763.0	2480187555
JG0139e	16	79785726	N:TC[T>G]TC	-1	40388.0	2480227943
JG0139e	16	80119010	N:TG[T>G]TA	-1	333284.0	2480561227
JG0139e	16	80198179	N:TC[T>G]TC	-1	79169.0	2480640396
JG0139e	16	80317941	N:GC[T>C]TG	1	119762.0	2480760158
JG0139e	16	80754755	T:AG[T>A]TT	1	436814.0	2481196972
JG0139e	16	80766819	U:TC[T>G]TT	-1	12064.0	2481209036
JG0139e	16	81394021	N:CC[T>G]CC	1	627202.0	2481836238
JG0139e	16	81549957	T:GC[T>G]TG	-1	155936.0	2481992174
JG0139e	16	81742411	U:AC[T>A]CT	1	192454.0	2482184628
JG0139e	16	81751045	T:GA[T>G]TG	-1	8634.0	2482193262
JG0139e	16	81898507	U:GC[T>G]GG	1	147462.0	2482340724
JG0139e	16	81933859	T:CC[T>C]TG	-1	35352.0	2482376076
JG0139e	16	82153500	U:GC[T>C]CA	-1	219641.0	2482595717
JG0139e	16	82567142	N:TC[T>G]TG	-1	413642.0	2483009359
JG0139e	16	83060255	U:GG[T>G]TC	1	493113.0	2483502472
JG0139e	16	83241865	U:GC[T>C]TT	1	181610.0	2483684082
JG0139e	16	83447867	T:GC[T>G]TC	-1	206002.0	2483890084
JG0139e	16	83567262	T:AC[T>C]CA	-1	119395.0	2484009479
JG0139e	16	84416975	U:GG[T>A]CC	1	849713.0	2484859192
JG0139e	16	84572836	T:CC[T>C]CC	1	155861.0	2485015053
JG0139e	16	84829735	U:CC[T>C]TA	1	256899.0	2485271952
JG0139e	16	85100369	T:CC[T>C]CT	1	270634.0	2485542586
JG0139e	16	85144897	N:TC[T>G]TC	1	44528.0	2485587114
JG0139e	16	85307916	U:CC[T>G]TC	1	163019.0	2485750133
JG0139e	16	85624085	U:CC[T>G]TG	1	316169.0	2486066302
JG0139e	16	85725083	U:AC[T>G]TA	-1	100998.0	2486167300
JG0139e	16	86660991	N:AC[T>G]TA	1	935908.0	2487103208
JG0139e	16	86840612	N:CC[T>C]CC	1	179621.0	2487282829
JG0139e	16	86947817	N:GG[C>A]AG	1	107205.0	2487390034
JG0139e	16	86948482	N:CC[T>C]CT	1	665.0	2487390699
JG0139e	16	86960923	N:CC[T>C]CG	-1	12441.0	2487403140
JG0139e	16	87112766	N:CC[T>G]TG	1	151843.0	2487554983
JG0139e	16	87229998	N:CC[T>G]TC	1	117232.0	2487672215
JG0139e	16	87397602	T:AC[T>C]CT	-1	167604.0	2487839819
JG0139e	16	87808251	N:TC[T>C]TG	-1	410649.0	2488250468
JG0139e	16	87913206	T:CC[T>A]GA	1	104955.0	2488355423
JG0139e	16	87991448	U:CA[T>C]TG	1	78242.0	2488433665
JG0139e	16	88846805	U:AC[T>G]TT	-1	855357.0	2489289022
JG0139e	16	89096058	U:GC[C>G]TC	1	249253.0	2489538275
JG0139e	16	89611508	N:TC[T>C]CG	-1	515450.0	2490053725
JG0139e	16	89626816	U:CC[T>A]TT	1	15308.0	2490069033
JG0139e	16	89855952	T:GC[T>C]CC	-1	229136.0	2490298169
JG0139e	16	90004219	N:AG[T>C]CA	-1	148267.0	2490446436
JG0139e	16	90157598	N:AC[T>G]CC	-1	153379.0	2490599815
JG0139e	17	1125583	U:CC[T>C]CC	-1		2491906145
JG0139e	17	1314657	N:TT[T>G]TA	-1	189074.0	2492095219
JG0139e	17	1449966	U:CC[T>A]TG	-1	135309.0	2492230528
JG0139e	17	1464685	T:TC[T>G]TC	1	14719.0	2492245247
JG0139e	17	1704713	T:TT[T>G]TT	1	240028.0	2492485275
JG0139e	17	2010071	T:AC[T>C]TC	1	305358.0	2492790633
JG0139e	17	2874384	U:TC[T>G]TT	1	864313.0	2493654946
JG0139e	17	3476208	B:TC[T>G]TT	1	601824.0	2494256770
JG0139e	17	4859755	U:AC[T>C]CC	1	1383547.0	2495640317
JG0139e	17	5360782	T:CC[T>G]TG	-1	501027.0	2496141344
JG0139e	17	5658340	N:GC[T>C]AA	-1	297558.0	2496438902
JG0139e	17	5702619	N:TG[T>G]TG	1	44279.0	2496483181
JG0139e	17	5878282	T:GG[T>C]GG	-1	175663.0	2496658844
JG0139e	17	6485644	T:AT[T>G]TG	1	607362.0	2497266206
JG0139e	17	6512646	T:TC[T>G]TT	1	27002.0	2497293208
JG0139e	17	6841204	N:AC[T>G]TT	1	328558.0	2497621766
JG0139e	17	7644150	N:CT[T>G]TT	1	802946.0	2498424712
JG0139e	17	8774415	N:TC[T>C]GG	1	1130265.0	2499554977
JG0139e	17	8776699	N:AC[T>A]CA	-1	2284.0	2499557261
JG0139e	17	9028534	T:GG[T>C]CA	-1	251835.0	2499809096
JG0139e	17	9302517	U:AA[T>G]TC	-1	273983.0	2500083079
JG0139e	17	9657167	T:AC[T>G]TC	-1	354650.0	2500437729
JG0139e	17	9667477	U:GC[T>G]TT	1	10310.0	2500448039
JG0139e	17	10283268	N:CA[T>G]TA	1	615791.0	2501063830
JG0139e	17	10548615	U:AC[T>C]GT	-1	265347.0	2501329177
JG0139e	17	10610425	N:TG[T>G]TC	-1	61810.0	2501390987
JG0139e	17	11753611	T:GC[T>C]CA	-1	1143186.0	2502534173
JG0139e	17	11859792	T:TC[T>G]TG	-1	106181.0	2502640354
JG0139e	17	12191765	N:AC[T>G]TT	-1	331973.0	2502972327
JG0139e	17	12821512	T:GG[T>C]TT	-1	629747.0	2503602074
JG0139e	17	13705560	N:AC[T>G]TC	1	884048.0	2504486122
JG0139e	17	14728888	N:CC[T>G]TT	1	1023328.0	2505509450
JG0139e	17	14784262	N:GC[T>G]TG	1	55374.0	2505564824
JG0139e	17	16304101	U:AC[T>C]TA	1	1519839.0	2507084663
JG0139e	17	17160400	U:CC[T>C]CT	1	856299.0	2507940962
JG0139e	17	17235847	U:GC[T>C]TC	-1	75447.0	2508016409
JG0139e	17	17811177	U:CC[T>C]GT	1	575330.0	2508591739
JG0139e	17	18115552	T:CC[T>G]CT	-1	304375.0	2508896114
JG0139e	17	18173636	T:CC[T>G]TG	-1	58084.0	2508954198
JG0139e	17	19617137	N:CC[T>G]TG	-1	1443501.0	2510397699
JG0139e	17	19796973	T:TC[T>A]GG	1	179836.0	2510577535
JG0139e	17	21187576	T:TC[T>G]TG	-1	1390603.0	2511968138
JG0139e	17	21892479	N:CA[T>G]TC	-1	704903.0	2512673041
JG0139e	17	24691891	N:CC[T>C]TT	1	2799412.0	2515472453
JG0139e	17	24943857	N:CC[T>G]TT	-1	251966.0	2515724419
JG0139e	17	25565908	N:TC[T>G]TT	1	622051.0	2516346470
JG0139e	17	25650405	N:GC[T>A]CT	-1	84497.0	2516430967
JG0139e	17	25788569	N:AC[T>G]TT	1	138164.0	2516569131
JG0139e	17	25908139	N:GG[T>G]TC	-1	119570.0	2516688701
JG0139e	17	26197811	N:GC[T>C]TC	-1	289672.0	2516978373
JG0139e	17	26278931	N:TC[T>G]TG	1	81120.0	2517059493
JG0139e	17	26782837	N:CA[T>G]TC	-1	503906.0	2517563399
JG0139e	17	27653687	N:TC[C>A]AC	-1	870850.0	2518434249
JG0139e	17	27695498	N:TC[T>G]CT	-1	41811.0	2518476060
JG0139e	17	28014983	N:GA[T>G]CA	1	319485.0	2518795545
JG0139e	17	28429744	N:TG[T>G]TT	-1	414761.0	2519210306
JG0139e	17	30929454	U:GC[T>C]TC	1	2499710.0	2521710016
JG0139e	17	31382920	N:TT[T>G]TG	-1	453466.0	2522163482
JG0139e	17	32085652	N:CC[T>C]GC	1	702732.0	2522866214
JG0139e	17	32324011	U:TG[T>C]CT	1	238359.0	2523104573
JG0139e	17	32467819	T:AC[T>G]TA	-1	143808.0	2523248381
JG0139e	17	33062186	T:TG[T>G]TT	1	594367.0	2523842748
JG0139e	17	33586570	T:TG[T>C]CA	1	524384.0	2524367132
JG0139e	17	33794346	U:CC[T>G]TT	-1	207776.0	2524574908
JG0139e	17	35423856	T:GC[T>C]CA	1	1629510.0	2526204418
JG0139e	17	36073645	N:TC[T>G]CT	1	649789.0	2526854207
JG0139e	17	36125238	N:CC[T>C]CA	1	51593.0	2526905800
JG0139e	17	36173097	T:GC[T>C]TT	1	47859.0	2526953659
JG0139e	17	36535902	U:AC[T>A]TC	1	362805.0	2527316464
JG0139e	17	37551190	U:TC[T>G]TG	-1	1015288.0	2528331752
JG0139e	17	38088840	N:GC[T>C]GG	1	537650.0	2528869402
JG0139e	17	38652205	N:AA[T>G]TC	-1	563365.0	2529432767
JG0139e	17	38881445	T:AC[T>C]TA	-1	229240.0	2529662007
JG0139e	17	40033312	T:TC[T>C]CC	1	1151867.0	2530813874
JG0139e	17	40527124	N:AG[T>G]TA	1	493812.0	2531307686
JG0139e	17	40721843	N:CC[T>C]CT	1	194719.0	2531502405
JG0139e	17	40735970	N:CC[T>G]TT	-1	14127.0	2531516532
JG0139e	17	40772042	T:CC[T>G]CC	1	36072.0	2531552604
JG0139e	17	40855184	N:TA[C>A]AA	-1	83142.0	2531635746
JG0139e	17	42007419	T:TG[T>G]TG	1	1152235.0	2532787981
JG0139e	17	42464637	U:CC[T>C]CA	1	457218.0	2533245199
JG0139e	17	42722965	T:TG[C>T]TC	1	258328.0	2533503527
JG0139e	17	42763152	N:CA[T>G]TT	1	40187.0	2533543714
JG0139e	17	42909381	U:GC[T>C]CA	1	146229.0	2533689943
JG0139e	17	43021840	T:AG[T>A]TT	1	112459.0	2533802402
JG0139e	17	43164431	T:TC[T>C]TT	1	142591.0	2533944993
JG0139e	17	44078286	U:TG[T>C]GC	-1	913855.0	2534858848
JG0139e	17	44246175	N:TT[C>G]AG	1	167889.0	2535026737
JG0139e	17	44449740	T:CC[T>C]GA	1	203565.0	2535230302
JG0139e	17	44952278	N:CT[T>G]TC	-1	502538.0	2535732840
JG0139e	17	45028660	T:CC[T>A]CG	1	76382.0	2535809222
JG0139e	17	45219042	N:CC[T>C]TG	1	190382.0	2535999604
JG0139e	17	45499233	N:TT[T>A]AT	-1	280191.0	2536279795
JG0139e	17	45665340	U:GC[T>A]GT	1	166107.0	2536445902
JG0139e	17	46222605	U:TC[T>C]TC	-1	557265.0	2537003167
JG0139e	17	46695413	U:AG[T>C]CA	1	472808.0	2537475975
JG0139e	17	46704158	T:CC[T>G]TG	-1	8745.0	2537484720
JG0139e	17	46794363	U:TC[T>G]TT	-1	90205.0	2537574925
JG0139e	17	47033358	N:TG[T>G]GG	1	238995.0	2537813920
JG0139e	17	47119238	T:TT[T>G]TT	1	85880.0	2537899800
JG0139e	17	47786667	N:AC[T>G]TA	1	667429.0	2538567229
JG0139e	17	48114852	T:TC[T>G]CT	-1	328185.0	2538895414
JG0139e	17	49063148	N:GC[T>G]TT	-1	948296.0	2539843710
JG0139e	17	49660089	U:TC[T>C]AC	-1	596941.0	2540440651
JG0139e	17	50187783	U:TC[T>G]TT	-1	527694.0	2540968345
JG0139e	17	50310016	N:TC[T>C]CA	1	122233.0	2541090578
JG0139e	17	50454572	T:TC[T>A]TC	-1	144556.0	2541235134
JG0139e	17	51159043	U:GG[T>G]TT	1	704471.0	2541939605
JG0139e	17	51175285	N:AC[T>C]TT	-1	16242.0	2541955847
JG0139e	17	51384762	N:TC[T>G]TC	1	209477.0	2542165324
JG0139e	17	51573580	N:TG[T>G]TC	1	188818.0	2542354142
JG0139e	17	51876066	U:CT[C>T]AT	-1	302486.0	2542656628
JG0139e	17	51900477	U:GG[T>A]TG	-1	24411.0	2542681039
JG0139e	17	51923495	U:AC[T>C]GA	-1	23018.0	2542704057
JG0139e	17	52037298	U:TC[T>G]TT	-1	113803.0	2542817860
JG0139e	17	52287739	N:TG[T>C]CT	1	250441.0	2543068301
JG0139e	17	52830081	N:CC[T>A]TC	1	542342.0	2543610643
JG0139e	17	53826985	N:AC[T>A]GA	-1	996904.0	2544607547
JG0139e	17	54076381	N:TC[T>G]TC	-1	249396.0	2544856943
JG0139e	17	54834601	N:AC[T>G]TC	1	758220.0	2545615163
JG0139e	17	55840849	N:GC[T>C]CC	-1	1006248.0	2546621411
JG0139e	17	55896082	U:AC[T>C]CC	1	55233.0	2546676644
JG0139e	17	55943050	T:CC[T>C]TG	-1	46968.0	2546723612
JG0139e	17	56582516	N:TC[T>A]TG	-1	639466.0	2547363078
JG0139e	17	57433556	U:GG[T>A]TT	1	851040.0	2548214118
JG0139e	17	57487636	U:CC[T>G]TG	1	54080.0	2548268198
JG0139e	17	58305768	U:CC[T>A]CG	-1	818132.0	2549086330
JG0139e	17	59534407	N:CC[T>A]CC	-1	1228639.0	2550314969
JG0139e	17	59722241	T:GT[T>G]TA	-1	187834.0	2550502803
JG0139e	17	59848092	N:AC[T>C]TG	1	125851.0	2550628654
JG0139e	17	59913022	U:AG[T>G]CA	1	64930.0	2550693584
JG0139e	17	59926602	U:GG[T>G]GT	1	13580.0	2550707164
JG0139e	17	60110719	N:TG[T>C]CT	1	184117.0	2550891281
JG0139e	17	60137614	N:AC[T>G]CG	1	26895.0	2550918176
JG0139e	17	60148981	N:GC[T>G]TC	-1	11367.0	2550929543
JG0139e	17	60440184	N:AC[T>A]CC	-1	291203.0	2551220746
JG0139e	17	61003411	U:CC[T>C]TC	1	563227.0	2551783973
JG0139e	17	61433556	N:GG[C>A]TG	1	430145.0	2552214118
JG0139e	17	61574623	N:AC[T>G]TT	-1	141067.0	2552355185
JG0139e	17	61996157	U:CC[T>A]CT	-1	421534.0	2552776719
JG0139e	17	62488814	U:CC[T>G]TG	1	492657.0	2553269376
JG0139e	17	62553704	U:AG[T>C]AA	1	64890.0	2553334266
JG0139e	17	63762281	U:GC[T>G]TT	-1	1208577.0	2554542843
JG0139e	17	64209574	U:GC[T>G]CT	-1	447293.0	2554990136
JG0139e	17	64251472	T:TC[T>A]TC	1	41898.0	2555032034
JG0139e	17	64275625	N:AC[T>G]TT	-1	24153.0	2555056187
JG0139e	17	64886178	U:TC[T>G]TT	-1	610553.0	2555666740
JG0139e	17	65483177	N:GG[T>G]TC	1	596999.0	2556263739
JG0139e	17	65528173	N:TC[T>G]AT	1	44996.0	2556308735
JG0139e	17	66937382	N:GC[T>C]TT	1	1409209.0	2557717944
JG0139e	17	67021453	T:TC[T>C]TG	-1	84071.0	2557802015
JG0139e	17	67036201	N:TA[C>A]AA	1	14748.0	2557816763
JG0139e	17	67119789	T:TC[T>A]CA	1	83588.0	2557900351
JG0139e	17	67749870	N:CC[T>A]CA	1	630081.0	2558530432
JG0139e	17	67777399	N:GC[T>G]TT	-1	27529.0	2558557961
JG0139e	17	68088936	N:AC[T>G]TT	-1	311537.0	2558869498
JG0139e	17	70038487	N:GC[T>A]TA	-1	1949551.0	2560819049
JG0139e	17	70876631	N:AG[T>G]GT	1	838144.0	2561657193
JG0139e	17	70955757	N:TG[T>C]AA	1	79126.0	2561736319
JG0139e	17	71012998	N:CC[T>C]GA	1	57241.0	2561793560
JG0139e	17	71094223	N:TC[T>G]GT	-1	81225.0	2561874785
JG0139e	17	71096217	N:GC[T>G]TT	1	1994.0	2561876779
JG0139e	17	71120785	N:CC[T>A]CA	-1	24568.0	2561901347
JG0139e	17	71132469	N:TC[T>G]CC	1	11684.0	2561913031
JG0139e	17	72262669	N:TC[T>A]GA	1	1130200.0	2563043231
JG0139e	17	72338939	N:TC[T>G]GG	-1	76270.0	2563119501
JG0139e	17	72471901	N:TT[T>A]AG	-1	132962.0	2563252463
JG0139e	17	72484978	N:CC[T>C]TG	-1	13077.0	2563265540
JG0139e	17	73960018	N:TC[T>G]TC	-1	1475040.0	2564740580
JG0139e	17	74400249	N:TC[T>G]TA	1	440231.0	2565180811
JG0139e	17	75579446	N:GC[T>G]TG	-1	1179197.0	2566360008
JG0139e	17	75811169	U:TC[T>G]CA	1	231723.0	2566591731
JG0139e	17	76313143	U:CA[C>T]AC	-1	501974.0	2567093705
JG0139e	17	76921637	U:CC[T>G]GG	1	608494.0	2567702199
JG0139e	17	79071359	N:TC[T>C]CC	1	2149722.0	2569851921
JG0139e	17	79695584	N:TC[C>A]CT	-1	624225.0	2570476146
JG0139e	17	79953452	T:TC[T>G]TC	1	257868.0	2570734014
JG0139e	17	80255670	N:AC[T>C]CA	1	302218.0	2571036232
JG0139e	17	81438570	T:CC[T>G]TG	-1	1182900.0	2572219132
JG0139e	17	81698432	U:AC[T>A]TT	1	259862.0	2572478994
JG0139e	17	82237459	U:GC[T>A]TT	1	539027.0	2573018021
JG0139e	17	83215611	N:TC[T>A]CG	-1	978152.0	2573996173
JG0139e	17	83240188	N:TC[T>C]TC	-1	24577.0	2574020750
JG0139e	18	130467	N:TC[T>C]TC	1		2574168470
JG0139e	18	166628	U:CC[T>C]GG	1	36161.0	2574204631
JG0139e	18	343386	T:CC[T>C]TG	1	176758.0	2574381389
JG0139e	18	486484	T:GC[T>G]GC	1	143098.0	2574524487
JG0139e	18	794819	T:TG[T>G]TT	1	308335.0	2574832822
JG0139e	18	1009656	N:TG[T>G]CA	1	214837.0	2575047659
JG0139e	18	1202892	N:TC[T>C]CT	1	193236.0	2575240895
JG0139e	18	1526130	N:AG[T>C]CT	-1	323238.0	2575564133
JG0139e	18	2145676	N:AC[T>G]TT	-1	619546.0	2576183679
JG0139e	18	4325875	U:TC[T>C]TT	-1	2180199.0	2578363878
JG0139e	18	4492806	N:CC[T>G]CA	-1	166931.0	2578530809
JG0139e	18	4606743	N:AG[T>C]CT	-1	113937.0	2578644746
JG0139e	18	5328695	N:AC[T>G]TA	1	721952.0	2579366698
JG0139e	18	5381159	N:TC[T>C]GG	1	52464.0	2579419162
JG0139e	18	5498181	T:AC[T>G]TG	1	117022.0	2579536184
JG0139e	18	5879573	N:AC[T>C]TG	1	381392.0	2579917576
JG0139e	18	5894882	T:AG[C>A]CA	1	15309.0	2579932885
JG0139e	18	5917019	N:GA[T>C]TC	-1	22137.0	2579955022
JG0139e	18	6109017	U:CC[T>C]TG	-1	191998.0	2580147020
JG0139e	18	6373757	T:TG[C>A]CC	1	264740.0	2580411760
JG0139e	18	7741378	U:AC[T>C]CT	1	1367621.0	2581779381
JG0139e	18	7757169	U:TC[T>A]TC	1	15791.0	2581795172
JG0139e	18	7913892	T:TC[T>G]TG	-1	156723.0	2581951895
JG0139e	18	8613039	T:CA[T>C]CA	-1	699147.0	2582651042
JG0139e	18	8953914	N:GC[T>G]CA	-1	340875.0	2582991917
JG0139e	18	9621351	N:AA[T>A]TC	1	667437.0	2583659354
JG0139e	18	9697527	N:TC[T>C]TT	-1	76176.0	2583735530
JG0139e	18	10312927	N:AC[T>A]TA	1	615400.0	2584350930
JG0139e	18	10454727	N:TC[T>C]CC	-1	141800.0	2584492730
JG0139e	18	10694066	U:TG[T>A]TA	-1	239339.0	2584732069
JG0139e	18	11056902	U:GC[T>A]CT	-1	362836.0	2585094905
JG0139e	18	11099223	T:TC[T>C]GC	1	42321.0	2585137226
JG0139e	18	11189102	N:CC[T>C]CA	-1	89879.0	2585227105
JG0139e	18	12135012	N:TT[T>G]TC	1	945910.0	2586173015
JG0139e	18	12246389	N:CA[T>G]TA	1	111377.0	2586284392
JG0139e	18	12467060	U:AG[T>A]TA	-1	220671.0	2586505063
JG0139e	18	12482649	U:TG[T>C]TC	-1	15589.0	2586520652
JG0139e	18	12499813	U:TC[T>C]GC	-1	17164.0	2586537816
JG0139e	18	13130271	N:TC[T>C]CC	-1	630458.0	2587168274
JG0139e	18	13247438	U:TC[T>G]TC	1	117167.0	2587285441
JG0139e	18	14263575	N:AC[T>C]CT	-1	1016137.0	2588301578
JG0139e	18	14791681	T:CC[T>G]TT	-1	528106.0	2588829684
JG0139e	18	15041728	N:AC[T>C]TC	1	250047.0	2589079731
JG0139e	18	16363978	N:AC[T>C]CC	1	1322250.0	2590401981
JG0139e	18	16959798	N:TG[T>G]TT	-1	595820.0	2590997801
JG0139e	18	17116602	N:AG[T>G]CC	-1	156804.0	2591154605
JG0139e	18	17569963	N:TC[T>G]TT	1	453361.0	2591607966
JG0139e	18	17756387	N:CC[T>G]TC	-1	186424.0	2591794390
JG0139e	18	18359287	N:GC[T>C]GC	-1	602900.0	2592397290
JG0139e	18	18419003	N:AG[T>A]TG	-1	59716.0	2592457006
JG0139e	18	18659659	N:TC[T>A]TC	1	240656.0	2592697662
JG0139e	18	18986399	N:GC[T>C]CC	-1	326740.0	2593024402
JG0139e	18	20479797	N:AC[T>G]TG	-1	1493398.0	2594517800
JG0139e	18	21967123	N:AC[T>G]TC	-1	1487326.0	2596005126
JG0139e	18	22379087	N:AC[T>G]TA	1	411964.0	2596417090
JG0139e	18	22672122	N:TG[T>G]TA	1	293035.0	2596710125
JG0139e	18	23052074	N:CC[T>G]TC	-1	379952.0	2597090077
JG0139e	18	23644420	T:TT[T>G]TA	1	592346.0	2597682423
JG0139e	18	23682858	N:TC[T>C]CC	-1	38438.0	2597720861
JG0139e	18	23925067	T:AC[T>C]CC	-1	242209.0	2597963070
JG0139e	18	24080706	U:TC[T>C]GA	1	155639.0	2598118709
JG0139e	18	24407854	N:CC[T>C]CA	-1	327148.0	2598445857
JG0139e	18	24495909	N:TC[T>C]GC	-1	88055.0	2598533912
JG0139e	18	25447459	N:TC[T>G]TT	-1	951550.0	2599485462
JG0139e	18	26146924	T:AC[T>A]GA	-1	699465.0	2600184927
JG0139e	18	26892887	N:TG[T>G]TG	1	745963.0	2600930890
JG0139e	18	26918904	U:TC[T>C]CG	-1	26017.0	2600956907
JG0139e	18	27451996	N:GC[T>A]AT	-1	533092.0	2601489999
JG0139e	18	27648158	N:TC[T>G]CA	-1	196162.0	2601686161
JG0139e	18	28005645	U:AC[T>A]CA	-1	357487.0	2602043648
JG0139e	18	28162535	T:AT[C>A]CT	1	156890.0	2602200538
JG0139e	18	28452315	N:TT[C>T]AA	-1	289780.0	2602490318
JG0139e	18	29072711	N:CC[T>G]TG	-1	620396.0	2603110714
JG0139e	18	29305363	N:TG[T>G]TT	1	232652.0	2603343366
JG0139e	18	29703998	N:CA[T>G]TA	1	398635.0	2603742001
JG0139e	18	29864427	N:TC[T>A]TT	1	160429.0	2603902430
JG0139e	18	29886319	N:TC[T>C]AG	-1	21892.0	2603924322
JG0139e	18	31241198	N:TG[T>G]TT	1	1354879.0	2605279201
JG0139e	18	31550757	N:AC[T>C]TG	-1	309559.0	2605588760
JG0139e	18	32152089	T:TC[T>C]TT	1	601332.0	2606190092
JG0139e	18	32656952	N:TC[C>T]AG	-1	504863.0	2606694955
JG0139e	18	33036984	U:CC[T>C]TC	-1	380032.0	2607074987
JG0139e	18	33583983	T:CC[T>C]CC	-1	546999.0	2607621986
JG0139e	18	34881203	U:TC[T>G]TC	1	1297220.0	2608919206
JG0139e	18	34911786	N:CG[C>T]CT	1	30583.0	2608949789
JG0139e	18	34971517	N:TC[T>A]TT	1	59731.0	2609009520
JG0139e	18	36042913	T:CC[T>C]TC	1	1071396.0	2610080916
JG0139e	18	36332270	U:TG[T>C]GG	1	289357.0	2610370273
JG0139e	18	36546442	U:AG[T>G]TA	1	214172.0	2610584445
JG0139e	18	36590238	T:GC[T>G]CT	-1	43796.0	2610628241
JG0139e	18	36995762	U:AC[T>C]CT	1	405524.0	2611033765
JG0139e	18	37253821	T:GG[C>A]GA	1	258059.0	2611291824
JG0139e	18	37577928	N:CC[T>C]CT	1	324107.0	2611615931
JG0139e	18	38312233	N:AC[T>G]TC	-1	734305.0	2612350236
JG0139e	18	38655078	N:CC[C>A]GC	1	342845.0	2612693081
JG0139e	18	38690338	N:TC[T>C]TG	-1	35260.0	2612728341
JG0139e	18	40470574	N:AC[T>G]TA	1	1780236.0	2614508577
JG0139e	18	40596198	N:AG[T>A]CC	-1	125624.0	2614634201
JG0139e	18	40956007	N:CC[T>G]TT	-1	359809.0	2614994010
JG0139e	18	41211302	N:TC[T>C]TT	-1	255295.0	2615249305
JG0139e	18	41558104	N:TC[T>C]TA	1	346802.0	2615596107
JG0139e	18	42343767	N:GC[T>C]TT	-1	785663.0	2616381770
JG0139e	18	42381198	N:CC[T>C]GT	-1	37431.0	2616419201
JG0139e	18	42708430	N:TG[T>G]TA	1	327232.0	2616746433
JG0139e	18	42711808	N:TC[T>G]TA	1	3378.0	2616749811
JG0139e	18	42736365	N:GC[T>C]TT	-1	24557.0	2616774368
JG0139e	18	43418966	N:AT[C>G]TT	1	682601.0	2617456969
JG0139e	18	43554560	N:GC[T>G]TA	1	135594.0	2617592563
JG0139e	18	43607631	N:CC[T>G]TC	-1	53071.0	2617645634
JG0139e	18	43661205	N:CC[T>G]TC	-1	53574.0	2617699208
JG0139e	18	43697752	N:TC[T>G]CA	1	36547.0	2617735755
JG0139e	18	44273656	N:TT[C>T]TA	1	575904.0	2618311659
JG0139e	18	44486621	N:AG[T>A]CA	1	212965.0	2618524624
JG0139e	18	45148675	N:AC[T>C]CG	1	662054.0	2619186678
JG0139e	18	45271858	T:TC[T>C]TT	-1	123183.0	2619309861
JG0139e	18	45846891	N:TC[T>G]CT	-1	575033.0	2619884894
JG0139e	18	45865259	U:GC[T>C]CC	-1	18368.0	2619903262
JG0139e	18	46296792	N:CC[T>C]GA	1	431533.0	2620334795
JG0139e	18	46358086	U:TG[T>G]TT	1	61294.0	2620396089
JG0139e	18	46440817	T:AC[T>C]TA	-1	82731.0	2620478820
JG0139e	18	47274838	N:TC[T>C]CT	-1	834021.0	2621312841
JG0139e	18	47371223	N:GG[T>G]CT	-1	96385.0	2621409226
JG0139e	18	48159946	U:TC[T>A]TG	-1	788723.0	2622197949
JG0139e	18	49580724	T:TC[C>A]TA	-1	1420778.0	2623618727
JG0139e	18	50000219	U:TC[T>G]TT	-1	419495.0	2624038222
JG0139e	18	50798014	T:TC[T>C]CA	1	797795.0	2624836017
JG0139e	18	51022370	N:CC[T>C]TG	-1	224356.0	2625060373
JG0139e	18	51434010	N:TC[T>G]TG	-1	411640.0	2625472013
JG0139e	18	52240039	N:AC[T>G]TT	-1	806029.0	2626278042
JG0139e	18	52334619	N:TC[T>A]TC	1	94580.0	2626372622
JG0139e	18	52577714	T:TC[T>C]TC	-1	243095.0	2626615717
JG0139e	18	52740588	T:TC[T>C]GA	-1	162874.0	2626778591
JG0139e	18	52860775	T:TC[T>C]GC	-1	120187.0	2626898778
JG0139e	18	53077082	T:TC[T>C]TT	-1	216307.0	2627115085
JG0139e	18	53082908	U:CC[T>G]TT	1	5826.0	2627120911
JG0139e	18	53207280	U:TA[T>C]TT	1	124372.0	2627245283
JG0139e	18	54569082	N:CC[T>C]CC	-1	1361802.0	2628607085
JG0139e	18	55378443	T:TC[T>G]TC	1	809361.0	2629416446
JG0139e	18	56165168	N:CC[T>A]CC	1	786725.0	2630203171
JG0139e	18	56421305	N:GC[T>G]TT	-1	256137.0	2630459308
JG0139e	18	56436424	N:TG[T>A]TC	-1	15119.0	2630474427
JG0139e	18	56702024	U:AC[T>C]TG	1	265600.0	2630740027
JG0139e	18	56734255	U:GC[T>G]TT	1	32231.0	2630772258
JG0139e	18	57197160	N:TC[T>A]TT	-1	462905.0	2631235163
JG0139e	18	57322442	N:AC[T>C]TC	-1	125282.0	2631360445
JG0139e	18	57436294	T:TG[C>A]CG	-1	113852.0	2631474297
JG0139e	18	57581358	U:TC[T>G]TC	-1	145064.0	2631619361
JG0139e	18	58095069	U:AC[T>G]TT	1	513711.0	2632133072
JG0139e	18	58253535	U:TC[T>C]CC	1	158466.0	2632291538
JG0139e	18	58314688	T:TC[T>C]TT	-1	61153.0	2632352691
JG0139e	18	58523244	T:AC[T>C]CA	1	208556.0	2632561247
JG0139e	18	59471820	T:GC[T>C]TC	1	948576.0	2633509823
JG0139e	18	60039010	N:TC[T>C]TG	1	567190.0	2634077013
JG0139e	18	60187073	N:CT[C>A]TA	1	148063.0	2634225076
JG0139e	18	60219164	N:AA[C>G]TC	-1	32091.0	2634257167
JG0139e	18	60293994	N:CC[T>G]TC	1	74830.0	2634331997
JG0139e	18	60486950	N:AA[T>G]CC	-1	192956.0	2634524953
JG0139e	18	60488101	N:GC[T>G]TG	1	1151.0	2634526104
JG0139e	18	60496444	N:AG[T>G]TG	-1	8343.0	2634534447
JG0139e	18	61845045	U:CC[T>A]CT	-1	1348601.0	2635883048
JG0139e	18	62366207	T:TC[T>G]TT	-1	521162.0	2636404210
JG0139e	18	63187489	T:AG[T>G]TA	1	821282.0	2637225492
JG0139e	18	63391029	T:TG[T>G]TC	1	203540.0	2637429032
JG0139e	18	63425737	N:TC[T>A]CA	-1	34708.0	2637463740
JG0139e	18	63511510	N:AG[C>A]TG	1	85773.0	2637549513
JG0139e	18	63736845	N:TG[T>A]TC	1	225335.0	2637774848
JG0139e	18	64834238	N:TT[C>T]AA	1	1097393.0	2638872241
JG0139e	18	65075531	N:GC[T>C]TG	-1	241293.0	2639113534
JG0139e	18	65177138	N:GC[T>C]TA	1	101607.0	2639215141
JG0139e	18	65665621	N:GA[C>T]GA	1	488483.0	2639703624
JG0139e	18	68325868	N:CA[C>G]TG	-1	2660247.0	2642363871
JG0139e	18	68488818	N:TC[T>C]TG	-1	162950.0	2642526821
JG0139e	18	68591651	N:TC[T>C]TT	1	102833.0	2642629654
JG0139e	18	68804661	T:AC[T>G]TG	-1	213010.0	2642842664
JG0139e	18	68922418	T:TC[T>C]GT	-1	117757.0	2642960421
JG0139e	18	69378480	N:CC[T>G]TT	-1	456062.0	2643416483
JG0139e	18	69528906	T:CC[C>A]TG	-1	150426.0	2643566909
JG0139e	18	70096603	T:TG[T>G]TT	1	567697.0	2644134606
JG0139e	18	70630775	N:AC[T>A]GA	1	534172.0	2644668778
JG0139e	18	71131579	N:TC[T>G]TT	-1	500804.0	2645169582
JG0139e	18	71668168	N:CC[T>G]CG	-1	536589.0	2645706171
JG0139e	18	71874766	N:TC[T>C]TC	-1	206598.0	2645912769
JG0139e	18	72268084	N:TC[T>C]TC	1	393318.0	2646306087
JG0139e	18	72576775	T:GT[T>G]TT	1	308691.0	2646614778
JG0139e	18	73015601	N:AC[T>C]TT	1	438826.0	2647053604
JG0139e	18	73510857	N:AC[T>C]CT	-1	495256.0	2647548860
JG0139e	18	73571942	N:GC[T>C]TC	1	61085.0	2647609945
JG0139e	18	74112204	T:GC[T>C]CT	1	540262.0	2648150207
JG0139e	18	74199616	N:CC[T>C]CC	-1	87412.0	2648237619
JG0139e	18	74631082	T:TC[T>C]TG	-1	431466.0	2648669085
JG0139e	18	75911359	N:GC[T>C]TT	-1	1280277.0	2649949362
JG0139e	18	76518105	N:CC[T>G]TC	-1	606746.0	2650556108
JG0139e	18	77013780	T:GC[T>C]TT	1	495675.0	2651051783
JG0139e	18	77736504	N:TC[T>A]CA	-1	722724.0	2651774507
JG0139e	18	77943384	N:GC[T>G]TC	1	206880.0	2651981387
JG0139e	18	78685669	N:GC[T>C]TG	1	742285.0	2652723672
JG0139e	18	79020238	N:GC[T>G]TT	1	334569.0	2653058241
JG0139e	18	79180703	T:TC[T>G]TA	-1	160465.0	2653218706
JG0139e	19	202098	N:AC[T>G]TG	-1		2654613386
JG0139e	19	843702	U:TC[T>C]GC	1	641604.0	2655254990
JG0139e	19	2434373	T:CC[T>A]GG	1	1590671.0	2656845661
JG0139e	19	3213335	N:CC[T>G]CC	-1	778962.0	2657624623
JG0139e	19	3311620	N:GC[T>G]GG	-1	98285.0	2657722908
JG0139e	19	4243662	N:AG[T>G]TT	-1	932042.0	2658654950
JG0139e	19	4505282	T:CC[T>C]CA	1	261620.0	2658916570
JG0139e	19	4796529	U:CC[T>C]TG	1	291247.0	2659207817
JG0139e	19	5033688	U:CC[T>A]CC	1	237159.0	2659444976
JG0139e	19	5173523	N:AC[T>C]CT	1	139835.0	2659584811
JG0139e	19	5304937	N:TG[T>C]CC	-1	131414.0	2659716225
JG0139e	19	5534332	N:AG[C>T]CG	-1	229395.0	2659945620
JG0139e	19	5558402	U:CC[T>G]GC	-1	24070.0	2659969690
JG0139e	19	6855009	U:GC[T>C]TG	1	1296607.0	2661266297
JG0139e	19	7047137	N:TC[T>C]TG	-1	192128.0	2661458425
JG0139e	19	7988027	T:AG[T>A]TA	1	940890.0	2662399315
JG0139e	19	8464075	U:CC[T>G]CT	1	476048.0	2662875363
JG0139e	19	8567003	T:AC[T>C]TC	1	102928.0	2662978291
JG0139e	19	9050501	N:TC[T>A]CA	1	483498.0	2663461789
JG0139e	19	9271405	N:GC[T>C]TT	-1	220904.0	2663682693
JG0139e	19	9324367	U:TC[T>G]CC	1	52962.0	2663735655
JG0139e	19	9450691	N:TC[T>A]GG	-1	126324.0	2663861979
JG0139e	19	10985004	T:CC[T>C]CC	-1	1534313.0	2665396292
JG0139e	19	11064746	U:GC[T>C]CA	1	79742.0	2665476034
JG0139e	19	11901746	T:AC[T>C]TT	-1	837000.0	2666313034
JG0139e	19	11910141	T:AG[T>C]TC	-1	8395.0	2666321429
JG0139e	19	12343752	N:CA[T>G]CT	-1	433611.0	2666755040
JG0139e	19	13353773	T:TT[C>G]TC	1	1010021.0	2667765061
JG0139e	19	14875390	N:AT[T>G]AC	-1	1521617.0	2669286678
JG0139e	19	15506659	N:TC[T>A]TT	1	631269.0	2669917947
JG0139e	19	15817741	N:CC[T>G]TA	1	311082.0	2670229029
JG0139e	19	15905732	N:TC[T>C]TC	1	87991.0	2670317020
JG0139e	19	15985252	N:AC[T>C]TA	-1	79520.0	2670396540
JG0139e	19	16654617	U:AC[T>G]TG	-1	669365.0	2671065905
JG0139e	19	16722628	T:AC[T>C]CA	-1	68011.0	2671133916
JG0139e	19	17198029	U:AC[T>G]CC	1	475401.0	2671609317
JG0139e	19	17226982	U:GA[T>G]TC	1	28953.0	2671638270
JG0139e	19	18038744	N:TC[T>C]TT	1	811762.0	2672450032
JG0139e	19	18970570	N:GC[T>C]TG	1	931826.0	2673381858
JG0139e	19	19049371	U:AG[T>C]TT	1	78801.0	2673460659
JG0139e	19	19259679	T:AC[T>C]CT	1	210308.0	2673670967
JG0139e	19	19800878	U:CC[T>C]GA	-1	541199.0	2674212166
JG0139e	19	20493203	N:GC[T>C]TT	-1	692325.0	2674904491
JG0139e	19	21326298	U:GA[T>G]TT	-1	833095.0	2675737586
JG0139e	19	22194550	U:CC[T>C]TT	-1	868252.0	2676605838
JG0139e	19	22243609	N:TG[T>C]TG	1	49059.0	2676654897
JG0139e	19	22286639	U:CC[T>G]CC	1	43030.0	2676697927
JG0139e	19	22560321	N:AC[T>G]TA	-1	273682.0	2676971609
JG0139e	19	22564451	N:CA[T>G]TG	-1	4130.0	2676975739
JG0139e	19	22861353	N:AC[T>G]TT	1	296902.0	2677272641
JG0139e	19	23098925	T:GA[T>A]TT	-1	237572.0	2677510213
JG0139e	19	23425787	N:CC[T>G]CA	1	326862.0	2677837075
JG0139e	19	24340821	N:TC[T>G]TT	1	915034.0	2678752109
JG0139e	19	24403725	N:TC[T>C]TT	1	62904.0	2678815013
JG0139e	19	24637899	N:GC[T>C]TT	1	234174.0	2679049187
JG0139e	19	24986054	N:AA[T>G]TC	-1	348155.0	2679397342
JG0139e	19	25078882	N:AC[T>G]TC	1	92828.0	2679490170
JG0139e	19	25236343	N:CC[T>C]TA	1	157461.0	2679647631
JG0139e	19	25364500	N:CG[T>G]TC	-1	128157.0	2679775788
JG0139e	19	25451518	N:TC[T>C]GC	-1	87018.0	2679862806
JG0139e	19	25548267	N:GC[T>C]TG	-1	96749.0	2679959555
JG0139e	19	25710812	N:AC[T>A]CT	-1	162545.0	2680122100
JG0139e	19	25712811	N:TC[T>G]CA	1	1999.0	2680124099
JG0139e	19	26058822	N:CC[T>G]TG	1	346011.0	2680470110
JG0139e	19	26214774	N:CG[T>A]TC	1	155952.0	2680626062
JG0139e	19	26320417	N:AC[T>G]CT	1	105643.0	2680731705
JG0139e	19	26382359	N:TC[T>G]TC	-1	61942.0	2680793647
JG0139e	19	26487850	N:GC[T>C]TT	1	105491.0	2680899138
JG0139e	19	26503054	N:AC[T>C]CA	-1	15204.0	2680914342
JG0139e	19	26738864	N:AG[T>C]TT	1	235810.0	2681150152
JG0139e	19	26745933	N:TC[T>G]TC	1	7069.0	2681157221
JG0139e	19	26863637	N:CC[T>C]TA	1	117704.0	2681274925
JG0139e	19	27263853	N:AC[T>C]CT	-1	400216.0	2681675141
JG0139e	19	27599039	N:AC[T>C]CT	1	335186.0	2682010327
JG0139e	19	27678775	N:TC[T>A]CT	1	79736.0	2682090063
JG0139e	19	28124383	N:GC[T>C]GG	1	445608.0	2682535671
JG0139e	19	28165517	N:AC[T>C]GC	-1	41134.0	2682576805
JG0139e	19	28225210	N:TG[T>A]TA	1	59693.0	2682636498
JG0139e	19	28427580	N:CC[T>G]CA	1	202370.0	2682838868
JG0139e	19	28725185	N:AC[T>G]TA	1	297605.0	2683136473
JG0139e	19	29130400	N:GC[T>G]CA	-1	405215.0	2683541688
JG0139e	19	29154423	N:GC[T>G]TA	1	24023.0	2683565711
JG0139e	19	29159570	N:CC[T>C]TT	-1	5147.0	2683570858
JG0139e	19	29193718	N:CC[T>C]CC	-1	34148.0	2683605006
JG0139e	19	29740937	N:CC[T>G]TT	1	547219.0	2684152225
JG0139e	19	30314581	T:GC[T>A]CT	-1	573644.0	2684725869
JG0139e	19	30435063	T:CA[T>G]CA	-1	120482.0	2684846351
JG0139e	19	31082486	N:TC[T>G]TG	-1	647423.0	2685493774
JG0139e	19	31230076	N:AC[T>G]GC	1	147590.0	2685641364
JG0139e	19	31434430	N:TG[T>C]GC	-1	204354.0	2685845718
JG0139e	19	32212242	N:AC[T>G]CT	-1	777812.0	2686623530
JG0139e	19	32300784	N:TC[T>C]TG	-1	88542.0	2686712072
JG0139e	19	32485748	T:TC[T>G]CA	-1	184964.0	2686897036
JG0139e	19	32739213	U:CC[T>C]CT	1	253465.0	2687150501
JG0139e	19	32756277	T:GT[C>G]TC	-1	17064.0	2687167565
JG0139e	19	32839155	T:TG[T>G]CC	1	82878.0	2687250443
JG0139e	19	33402514	U:CC[T>A]CC	-1	563359.0	2687813802
JG0139e	19	33687437	U:TC[T>G]TT	1	284923.0	2688098725
JG0139e	19	33852867	N:TC[T>G]TC	1	165430.0	2688264155
JG0139e	19	34402427	U:TG[T>A]GT	1	549560.0	2688813715
JG0139e	19	34465975	U:GC[T>G]TG	1	63548.0	2688877263
JG0139e	19	34499520	T:CG[T>G]TT	-1	33545.0	2688910808
JG0139e	19	34912894	N:TG[T>G]GT	1	413374.0	2689324182
JG0139e	19	35104516	N:GC[T>C]GG	1	191622.0	2689515804
JG0139e	19	35107869	U:GC[T>C]GT	1	3353.0	2689519157
JG0139e	19	35498905	U:CT[T>A]TT	-1	391036.0	2689910193
JG0139e	19	35530757	N:TC[T>C]CA	-1	31852.0	2689942045
JG0139e	19	36839498	T:GC[T>A]CA	1	1308741.0	2691250786
JG0139e	19	37655471	U:TC[T>C]CC	-1	815973.0	2692066759
JG0139e	19	38526393	T:TC[T>G]TT	-1	870922.0	2692937681
JG0139e	19	38793080	N:GC[T>C]CC	1	266687.0	2693204368
JG0139e	19	38841011	U:AC[T>G]TT	-1	47931.0	2693252299
JG0139e	19	38867717	N:CC[T>C]CA	1	26706.0	2693279005
JG0139e	19	38915736	U:GC[T>C]CG	-1	48019.0	2693327024
JG0139e	19	38984165	N:GC[T>C]GG	-1	68429.0	2693395453
JG0139e	19	40852754	N:CT[T>G]TT	1	1868589.0	2695264042
JG0139e	19	41253925	T:TC[T>C]TC	-1	401171.0	2695665213
JG0139e	19	41306836	B:CC[T>G]TC	1	52911.0	2695718124
JG0139e	19	41653953	N:TG[T>A]GT	1	347117.0	2696065241
JG0139e	19	41942240	N:TA[T>G]TT	1	288287.0	2696353528
JG0139e	19	42124528	U:TC[T>C]TT	-1	182288.0	2696535816
JG0139e	19	42319116	T:GT[T>G]TT	-1	194588.0	2696730404
JG0139e	19	42395686	N:GC[C>A]CA	-1	76570.0	2696806974
JG0139e	19	42454158	N:TC[T>C]TG	-1	58472.0	2696865446
JG0139e	19	42674400	N:AG[T>C]CT	1	220242.0	2697085688
JG0139e	19	43376912	N:AC[T>A]CG	1	702512.0	2697788200
JG0139e	19	44968814	T:TC[T>A]CA	-1	1591902.0	2699380102
JG0139e	19	44997580	N:GC[T>C]CA	-1	28766.0	2699408868
JG0139e	19	45287125	T:GG[T>G]TC	-1	289545.0	2699698413
JG0139e	19	45369207	T:AC[T>A]CT	1	82082.0	2699780495
JG0139e	19	45432727	U:TC[T>G]CT	-1	63520.0	2699844015
JG0139e	19	45897417	U:CA[C>A]TC	-1	464690.0	2700308705
JG0139e	19	45981560	N:TG[T>A]TC	1	84143.0	2700392848
JG0139e	19	46588505	U:TC[T>C]TT	-1	606945.0	2700999793
JG0139e	19	46624411	T:TC[T>A]CT	1	35906.0	2701035699
JG0139e	19	47218692	N:GC[T>G]TC	1	594281.0	2701629980
JG0139e	19	47385000	N:CC[T>C]CA	-1	166308.0	2701796288
JG0139e	19	47806220	T:TC[T>A]CA	1	421220.0	2702217508
JG0139e	19	48436015	T:CC[T>A]TC	-1	629795.0	2702847303
JG0139e	19	48465275	U:GG[T>G]TA	1	29260.0	2702876563
JG0139e	19	49144437	T:GC[T>G]TG	-1	679162.0	2703555725
JG0139e	19	49231594	N:GC[T>G]TC	1	87157.0	2703642882
JG0139e	19	49673818	U:TC[T>G]TC	1	442224.0	2704085106
JG0139e	19	49720068	N:TC[C>T]GG	1	46250.0	2704131356
JG0139e	19	50177347	N:AC[T>G]CG	1	457279.0	2704588635
JG0139e	19	50397048	T:GG[T>C]GC	-1	219701.0	2704808336
JG0139e	19	50575628	N:AC[T>G]TA	-1	178580.0	2704986916
JG0139e	19	50886290	N:TA[T>G]TA	1	310662.0	2705297578
JG0139e	19	51297136	N:CC[T>G]TC	-1	410846.0	2705708424
JG0139e	19	51306911	N:TG[T>C]TC	1	9775.0	2705718199
JG0139e	19	51567716	N:AC[T>G]CA	-1	260805.0	2705979004
JG0139e	19	51672736	N:CA[C>A]AT	1	105020.0	2706084024
JG0139e	19	52393018	N:AC[T>G]CT	1	720282.0	2706804306
JG0139e	19	52914259	U:GC[T>C]CC	-1	521241.0	2707325547
JG0139e	19	53076535	U:CC[T>G]CC	-1	162276.0	2707487823
JG0139e	19	53337901	U:CC[T>G]TG	1	261366.0	2707749189
JG0139e	19	53400153	U:CC[T>C]CC	1	62252.0	2707811441
JG0139e	19	54035215	N:AC[T>G]CA	-1	635062.0	2708446503
JG0139e	19	54244633	N:GG[T>A]GA	1	209418.0	2708655921
JG0139e	19	54309235	T:GG[T>C]GG	1	64602.0	2708720523
JG0139e	19	54731695	U:CC[T>G]TA	1	422460.0	2709142983
JG0139e	19	54885176	T:CC[T>G]TC	-1	153481.0	2709296464
JG0139e	19	54893086	N:CC[T>C]CC	1	7910.0	2709304374
JG0139e	19	55028760	U:TG[T>G]TT	-1	135674.0	2709440048
JG0139e	19	55047146	T:TC[T>G]TC	1	18386.0	2709458434
JG0139e	19	55684765	T:AG[T>C]TA	-1	637619.0	2710096053
JG0139e	19	56066943	N:GC[T>C]CA	1	382178.0	2710478231
JG0139e	19	57403758	T:GC[T>C]TG	-1	1336815.0	2711815046
JG0139e	19	57411512	U:CG[T>G]TC	1	7754.0	2711822800
JG0139e	19	57692321	T:GG[T>G]TA	-1	280809.0	2712103609
JG0139e	19	58413817	U:TC[T>G]TT	1	721496.0	2712825105
JG0139e	20	623416	N:CC[T>G]TC	-1		2713652320
JG0139e	20	649647	U:GC[T>C]CA	-1	26231.0	2713678551
JG0139e	20	950067	N:GC[T>C]TT	-1	300420.0	2713978971
JG0139e	20	1401751	N:AC[T>G]TC	1	451684.0	2714430655
JG0139e	20	1860869	N:CC[T>C]TC	-1	459118.0	2714889773
JG0139e	20	2015017	N:TC[T>G]TC	-1	154148.0	2715043921
JG0139e	20	2235336	N:AC[T>G]GG	1	220319.0	2715264240
JG0139e	20	2317408	U:GA[C>A]AC	1	82072.0	2715346312
JG0139e	20	4632642	N:GT[T>G]TT	1	2315234.0	2717661546
JG0139e	20	4729562	N:AC[T>G]CT	1	96920.0	2717758466
JG0139e	20	4836203	N:CC[T>G]TC	-1	106641.0	2717865107
JG0139e	20	5120882	T:CA[T>G]TG	1	284679.0	2718149786
JG0139e	20	5312411	T:AC[T>C]TT	1	191529.0	2718341315
JG0139e	20	5408741	N:AC[T>C]TG	-1	96330.0	2718437645
JG0139e	20	5470888	N:TC[T>C]CC	1	62147.0	2718499792
JG0139e	20	5588130	T:TC[T>C]AG	1	117242.0	2718617034
JG0139e	20	5915451	U:TC[T>G]TT	1	327321.0	2718944355
JG0139e	20	5973917	T:AC[T>G]TT	-1	58466.0	2719002821
JG0139e	20	5997797	U:TC[T>C]TC	1	23880.0	2719026701
JG0139e	20	6573568	N:GT[T>G]TT	1	575771.0	2719602472
JG0139e	20	7164187	N:GG[T>C]TC	-1	590619.0	2720193091
JG0139e	20	7337307	N:AC[T>G]TA	1	173120.0	2720366211
JG0139e	20	8041696	N:AC[T>A]TT	1	704389.0	2721070600
JG0139e	20	8713547	T:GG[T>G]CT	-1	671851.0	2721742451
JG0139e	20	9790666	T:CC[T>G]AA	1	1077119.0	2722819570
JG0139e	20	9801047	T:TC[T>A]CA	1	10381.0	2722829951
JG0139e	20	9863847	N:GC[T>C]TT	-1	62800.0	2722892751
JG0139e	20	10587819	U:TC[T>G]TT	1	723972.0	2723616723
JG0139e	20	11183839	N:AC[T>C]GC	1	596020.0	2724212743
JG0139e	20	11323088	N:TC[T>A]CC	-1	139249.0	2724351992
JG0139e	20	11970592	N:TG[T>G]GT	1	647504.0	2724999496
JG0139e	20	12377270	N:AT[T>G]AG	1	406678.0	2725406174
JG0139e	20	12770789	N:CC[C>G]CT	1	393519.0	2725799693
JG0139e	20	13818991	T:CC[T>A]TA	-1	1048202.0	2726847895
JG0139e	20	14108995	T:CC[T>G]TA	-1	290004.0	2727137899
JG0139e	20	14756376	U:TG[T>C]TT	1	647381.0	2727785280
JG0139e	20	14920866	U:CC[T>G]CC	1	164490.0	2727949770
JG0139e	20	15332195	U:TC[T>C]TT	1	411329.0	2728361099
JG0139e	20	15872430	T:CC[T>G]TT	-1	540235.0	2728901334
JG0139e	20	16392609	U:TG[T>C]TG	-1	520179.0	2729421513
JG0139e	20	16400766	U:TC[T>A]TC	-1	8157.0	2729429670
JG0139e	20	16647260	N:CC[T>C]TA	-1	246494.0	2729676164
JG0139e	20	16740897	U:GC[T>A]TT	1	93637.0	2729769801
JG0139e	20	16765108	N:AC[T>C]TC	1	24211.0	2729794012
JG0139e	20	17019614	N:TC[T>G]AG	1	254506.0	2730048518
JG0139e	20	17215007	N:AG[T>G]TC	-1	195393.0	2730243911
JG0139e	20	17390352	U:AC[T>A]GC	1	175345.0	2730419256
JG0139e	20	17740238	N:AC[C>T]AG	1	349886.0	2730769142
JG0139e	20	18418682	T:GC[T>C]TC	1	678444.0	2731447586
JG0139e	20	18744495	T:AC[T>G]TC	-1	325813.0	2731773399
JG0139e	20	18902533	N:TC[T>A]CT	1	158038.0	2731931437
JG0139e	20	19891796	U:AC[T>C]CC	1	989263.0	2732920700
JG0139e	20	20469542	U:TC[T>A]AC	-1	577746.0	2733498446
JG0139e	20	20978369	N:TT[T>A]AG	1	508827.0	2734007273
JG0139e	20	21618006	N:CC[T>A]CC	-1	639637.0	2734646910
JG0139e	20	21908710	N:TG[T>G]CC	1	290704.0	2734937614
JG0139e	20	22100045	N:GC[T>C]TG	-1	191335.0	2735128949
JG0139e	20	22295367	N:AC[T>G]TT	-1	195322.0	2735324271
JG0139e	20	22569000	N:GC[T>C]CT	1	273633.0	2735597904
JG0139e	20	22674597	N:TC[T>C]TT	-1	105597.0	2735703501
JG0139e	20	22978430	N:TC[T>G]TT	1	303833.0	2736007334
JG0139e	20	23685963	U:TC[T>C]TT	-1	707533.0	2736714867
JG0139e	20	23998760	N:AC[T>C]GC	1	312797.0	2737027664
JG0139e	20	24281687	N:GG[T>G]GC	1	282927.0	2737310591
JG0139e	20	25177181	N:GG[T>C]TT	1	895494.0	2738206085
JG0139e	20	25900933	N:GC[T>G]CT	1	723752.0	2738929837
JG0139e	20	25967956	N:GG[T>G]TG	-1	67023.0	2738996860
JG0139e	20	26168073	N:AC[T>G]CA	-1	200117.0	2739196977
JG0139e	20	26898229	N:CC[T>G]CA	-1	730156.0	2739927133
JG0139e	20	28461636	N:CC[T>G]TT	1	1563407.0	2741490540
JG0139e	20	28710686	N:TC[T>C]TT	1	249050.0	2741739590
JG0139e	20	28918804	N:GC[T>G]TT	1	208118.0	2741947708
JG0139e	20	29186678	N:CT[C>G]TA	-1	267874.0	2742215582
JG0139e	20	29372764	N:CC[T>A]CT	-1	186086.0	2742401668
JG0139e	20	29503464	N:AC[T>G]TT	1	130700.0	2742532368
JG0139e	20	30549499	N:AC[T>G]TG	-1	1046035.0	2743578403
JG0139e	20	31351902	N:AA[T>G]TT	-1	802403.0	2744380806
JG0139e	20	31543358	U:GC[T>C]CA	1	191456.0	2744572262
JG0139e	20	31621687	N:CC[T>G]GG	1	78329.0	2744650591
JG0139e	20	31664372	N:CC[T>A]CA	-1	42685.0	2744693276
JG0139e	20	31871166	T:AG[T>G]TG	-1	206794.0	2744900070
JG0139e	20	31891206	U:AC[T>G]TG	1	20040.0	2744920110
JG0139e	20	32680903	U:GA[T>G]TT	-1	789697.0	2745709807
JG0139e	20	33286356	U:TC[T>C]CA	1	605453.0	2746315260
JG0139e	20	33860420	N:AC[T>G]TG	-1	574064.0	2746889324
JG0139e	20	33894800	N:TC[T>G]TG	1	34380.0	2746923704
JG0139e	20	34084014	T:GG[T>A]TG	-1	189214.0	2747112918
JG0139e	20	34278269	N:CC[T>C]TT	-1	194255.0	2747307173
JG0139e	20	34338423	N:AG[C>A]AA	1	60154.0	2747367327
JG0139e	20	34384694	U:GC[T>C]CT	1	46271.0	2747413598
JG0139e	20	35149823	N:GG[T>G]TG	1	765129.0	2748178727
JG0139e	20	36312100	T:AG[T>G]TC	-1	1162277.0	2749341004
JG0139e	20	36722393	U:TC[T>A]CT	-1	410293.0	2749751297
JG0139e	20	36789767	T:TC[T>C]TC	1	67374.0	2749818671
JG0139e	20	37227098	U:CC[T>G]CT	1	437331.0	2750256002
JG0139e	20	38226255	T:AC[T>C]AG	1	999157.0	2751255159
JG0139e	20	38710726	N:AC[T>G]TC	-1	484471.0	2751739630
JG0139e	20	39042289	N:TG[T>G]TT	-1	331563.0	2752071193
JG0139e	20	39055800	N:CC[T>C]TC	-1	13511.0	2752084704
JG0139e	20	39073974	N:AC[T>G]GA	1	18174.0	2752102878
JG0139e	20	39451788	N:GG[T>C]GG	-1	377814.0	2752480692
JG0139e	20	39769534	N:TC[T>C]CT	-1	317746.0	2752798438
JG0139e	20	40290859	N:TC[T>G]TT	1	521325.0	2753319763
JG0139e	20	40948989	N:CC[T>C]TC	-1	658130.0	2753977893
JG0139e	20	41048543	T:AC[T>C]TA	-1	99554.0	2754077447
JG0139e	20	41074181	T:TC[T>G]TC	-1	25638.0	2754103085
JG0139e	20	41395931	N:AG[T>G]CC	-1	321750.0	2754424835
JG0139e	20	41896933	N:CC[T>A]TA	-1	501002.0	2754925837
JG0139e	20	42286030	U:CC[T>C]TG	-1	389097.0	2755314934
JG0139e	20	42909404	T:AG[T>G]CT	1	623374.0	2755938308
JG0139e	20	43016318	T:GC[T>G]TA	1	106914.0	2756045222
JG0139e	20	43448854	N:TG[C>A]CC	-1	432536.0	2756477758
JG0139e	20	45096994	U:GC[T>G]TG	-1	1648140.0	2758125898
JG0139e	20	45291344	N:GG[T>G]GA	1	194350.0	2758320248
JG0139e	20	45313277	U:CC[T>A]CC	1	21933.0	2758342181
JG0139e	20	45494082	N:CC[T>G]CT	-1	180805.0	2758522986
JG0139e	20	45586812	N:TC[T>G]TA	-1	92730.0	2758615716
JG0139e	20	46207407	U:TC[T>C]CC	-1	620595.0	2759236311
JG0139e	20	46321593	N:TG[C>A]TG	1	114186.0	2759350497
JG0139e	20	46410185	N:CC[T>C]CC	1	88592.0	2759439089
JG0139e	20	47286293	T:CC[T>C]CA	1	876108.0	2760315197
JG0139e	20	47703804	U:TT[C>A]TG	-1	417511.0	2760732708
JG0139e	20	48260720	N:GC[T>A]CC	1	556916.0	2761289624
JG0139e	20	48473773	N:TC[T>C]TG	-1	213053.0	2761502677
JG0139e	20	48514832	N:AC[T>C]TC	1	41059.0	2761543736
JG0139e	20	48529248	N:TG[T>C]GG	1	14416.0	2761558152
JG0139e	20	48736436	U:TG[T>C]GA	-1	207188.0	2761765340
JG0139e	20	48745840	U:GA[C>T]AA	-1	9404.0	2761774744
JG0139e	20	49263628	U:CC[T>G]TG	-1	517788.0	2762292532
JG0139e	20	49311873	T:CC[T>G]TG	1	48245.0	2762340777
JG0139e	20	49356904	U:AC[T>G]GC	-1	45031.0	2762385808
JG0139e	20	49369922	T:TC[T>G]TT	1	13018.0	2762398826
JG0139e	20	49403378	T:TC[T>G]TG	1	33456.0	2762432282
JG0139e	20	49408120	U:AC[T>G]TT	-1	4742.0	2762437024
JG0139e	20	49808317	N:CC[T>G]CC	-1	400197.0	2762837221
JG0139e	20	50315031	N:GC[T>C]CA	-1	506714.0	2763343935
JG0139e	20	51079704	N:TC[T>G]TC	-1	764673.0	2764108608
JG0139e	20	51961329	N:CC[T>A]TC	1	881625.0	2764990233
JG0139e	20	53284861	U:TC[T>A]GT	1	1323532.0	2766313765
JG0139e	20	53463100	T:CC[T>G]TT	-1	178239.0	2766492004
JG0139e	20	53891042	N:CC[T>G]TG	1	427942.0	2766919946
JG0139e	20	54675930	N:AG[T>C]CA	-1	784888.0	2767704834
JG0139e	20	55225273	N:CC[T>C]CC	1	549343.0	2768254177
JG0139e	20	55396803	N:TC[T>G]CC	1	171530.0	2768425707
JG0139e	20	56155811	N:TC[T>A]CT	1	759008.0	2769184715
JG0139e	20	57038025	N:GC[T>A]TC	-1	882214.0	2770066929
JG0139e	20	57744261	N:GA[T>G]TA	-1	706236.0	2770773165
JG0139e	20	59652133	T:CC[T>G]TT	-1	1907872.0	2772681037
JG0139e	20	60164269	N:TC[T>G]TT	-1	512136.0	2773193173
JG0139e	20	60304077	N:TC[T>C]CC	1	139808.0	2773332981
JG0139e	20	61543853	T:CA[T>G]CA	-1	1239776.0	2774572757
JG0139e	20	61644681	U:GC[T>A]TC	1	100828.0	2774673585
JG0139e	20	61973339	U:CC[T>C]CA	-1	328658.0	2775002243
JG0139e	20	62280036	T:TG[T>G]TT	-1	306697.0	2775308940
JG0139e	20	62602643	N:CC[T>G]CT	1	322607.0	2775631547
JG0139e	20	62982694	N:GG[T>A]CC	-1	380051.0	2776011598
JG0139e	20	63138541	N:CG[T>C]CA	1	155847.0	2776167445
JG0139e	20	63688183	T:AC[T>G]CA	-1	549642.0	2776717087
JG0139e	20	63798198	T:GT[T>C]TC	1	110015.0	2776827102
JG0139e	21	5155925	T:AT[T>G]TT	1		2782628996
JG0139e	21	5297082	N:GC[T>C]TC	1	141157.0	2782770153
JG0139e	21	5563055	N:AC[T>G]CC	-1	265973.0	2783036126
JG0139e	21	5766354	N:AC[T>A]AT	1	203299.0	2783239425
JG0139e	21	6140909	N:TC[T>G]CC	-1	374555.0	2783613980
JG0139e	21	6161320	N:TC[T>C]TA	1	20411.0	2783634391
JG0139e	21	6244898	N:CC[T>C]CA	1	83578.0	2783717969
JG0139e	21	7640816	N:CC[T>A]TG	-1	1395918.0	2785113887
JG0139e	21	7981341	N:TC[T>C]CA	1	340525.0	2785454412
JG0139e	21	8230029	N:TC[T>C]GT	1	248688.0	2785703100
JG0139e	21	8638252	N:AC[C>A]TG	-1	408223.0	2786111323
JG0139e	21	9251099	N:TC[T>C]TT	1	612847.0	2786724170
JG0139e	21	10148049	N:GA[C>A]TG	1	896950.0	2787621120
JG0139e	21	10991991	N:AC[T>C]TT	1	843942.0	2788465062
JG0139e	21	11271691	N:TT[T>C]TG	1	279700.0	2788744762
JG0139e	21	11577086	N:AC[T>C]CT	-1	305395.0	2789050157
JG0139e	21	12322842	N:TC[T>C]TC	-1	745756.0	2789795913
JG0139e	21	12457203	N:TA[T>C]CA	-1	134361.0	2789930274
JG0139e	21	12516978	N:AC[T>C]CT	1	59775.0	2789990049
JG0139e	21	13194788	N:CT[T>G]TT	1	677810.0	2790667859
JG0139e	21	13540387	N:AC[T>A]TT	1	345599.0	2791013458
JG0139e	21	14276614	N:TC[T>C]CC	-1	736227.0	2791749685
JG0139e	21	14388137	N:TC[T>A]TT	-1	111523.0	2791861208
JG0139e	21	14391896	N:CG[T>G]TT	1	3759.0	2791864967
JG0139e	21	14913358	N:AC[T>C]TA	1	521462.0	2792386429
JG0139e	21	15063616	U:TG[T>C]CC	-1	150258.0	2792536687
JG0139e	21	15243226	N:TA[T>G]TA	1	179610.0	2792716297
JG0139e	21	16372582	N:TC[T>C]CC	1	1129356.0	2793845653
JG0139e	21	16388945	N:GC[T>A]TT	-1	16363.0	2793862016
JG0139e	21	16483687	N:CC[T>C]GC	-1	94742.0	2793956758
JG0139e	21	18083712	U:AC[T>C]TG	1	1600025.0	2795556783
JG0139e	21	18160270	U:GC[T>C]CT	1	76558.0	2795633341
JG0139e	21	18448669	T:GT[T>C]AT	1	288399.0	2795921740
JG0139e	21	18573170	N:TC[T>C]CA	-1	124501.0	2796046241
JG0139e	21	19176894	N:TC[T>G]TA	-1	603724.0	2796649965
JG0139e	21	19219188	N:TG[T>A]TC	-1	42294.0	2796692259
JG0139e	21	19469378	N:AC[T>C]TT	-1	250190.0	2796942449
JG0139e	21	19669424	N:GC[T>C]TC	-1	200046.0	2797142495
JG0139e	21	20515616	N:CA[C>A]AG	1	846192.0	2797988687
JG0139e	21	21650025	N:TC[T>G]CA	1	1134409.0	2799123096
JG0139e	21	21764674	N:GC[T>C]CA	-1	114649.0	2799237745
JG0139e	21	21861156	N:CC[T>C]CT	1	96482.0	2799334227
JG0139e	21	22019323	N:AC[T>G]TT	-1	158167.0	2799492394
JG0139e	21	22115630	N:TC[T>C]TT	-1	96307.0	2799588701
JG0139e	21	22548524	N:CC[T>C]TC	1	432894.0	2800021595
JG0139e	21	23120494	N:GC[T>G]TG	1	571970.0	2800593565
JG0139e	21	23309462	N:TG[T>G]TT	-1	188968.0	2800782533
JG0139e	21	23432990	N:TC[T>C]CC	-1	123528.0	2800906061
JG0139e	21	23544666	N:GC[T>G]TC	-1	111676.0	2801017737
JG0139e	21	23960037	N:CA[T>G]TC	1	415371.0	2801433108
JG0139e	21	24243946	N:TC[T>C]TC	1	283909.0	2801717017
JG0139e	21	24313155	N:TC[T>C]CA	-1	69209.0	2801786226
JG0139e	21	25252601	N:CA[T>G]TT	-1	939446.0	2802725672
JG0139e	21	25512382	N:AC[T>C]GC	1	259781.0	2802985453
JG0139e	21	25769628	U:CC[T>G]CT	1	257246.0	2803242699
JG0139e	21	26294603	N:TG[T>G]TG	-1	524975.0	2803767674
JG0139e	21	26983103	N:CC[T>G]CT	1	688500.0	2804456174
JG0139e	21	27085107	N:GG[T>G]TC	1	102004.0	2804558178
JG0139e	21	27107336	N:CC[T>C]AT	-1	22229.0	2804580407
JG0139e	21	27110669	N:TC[T>G]TA	-1	3333.0	2804583740
JG0139e	21	27144265	N:AC[T>G]TA	-1	33596.0	2804617336
JG0139e	21	27566177	N:TC[T>G]TC	1	421912.0	2805039248
JG0139e	21	27979618	N:GC[T>C]TG	-1	413441.0	2805452689
JG0139e	21	28332069	N:TT[T>G]TT	1	352451.0	2805805140
JG0139e	21	29349082	T:TC[T>C]CA	-1	1017013.0	2806822153
JG0139e	21	29504620	T:AC[T>A]TT	-1	155538.0	2806977691
JG0139e	21	31460137	U:TC[T>C]CA	-1	1955517.0	2808933208
JG0139e	21	31550736	T:AC[T>A]CC	1	90599.0	2809023807
JG0139e	21	32684466	U:TC[T>C]TA	-1	1133730.0	2810157537
JG0139e	21	33974769	N:TC[T>C]TT	1	1290303.0	2811447840
JG0139e	21	35125195	U:AC[T>C]TT	-1	1150426.0	2812598266
JG0139e	21	36001667	T:CC[T>G]TT	1	876472.0	2813474738
JG0139e	21	36267971	T:TG[T>A]TC	-1	266304.0	2813741042
JG0139e	21	36578313	N:CC[T>G]TC	1	310342.0	2814051384
JG0139e	21	36884822	U:TC[T>C]TT	-1	306509.0	2814357893
JG0139e	21	37597521	N:CC[T>G]TA	1	712699.0	2815070592
JG0139e	21	38096154	U:TC[T>A]TT	-1	498633.0	2815569225
JG0139e	21	38191549	T:CC[T>G]TG	-1	95395.0	2815664620
JG0139e	21	38588628	U:AC[T>G]CA	-1	397079.0	2816061699
JG0139e	21	38774952	N:GC[T>C]TT	-1	186324.0	2816248023
JG0139e	21	38854748	N:AA[T>G]TC	1	79796.0	2816327819
JG0139e	21	38924888	N:GG[C>A]AG	1	70140.0	2816397959
JG0139e	21	39476358	T:CC[T>C]CT	-1	551470.0	2816949429
JG0139e	21	39605475	T:CC[T>C]CC	-1	129117.0	2817078546
JG0139e	21	39660003	T:TC[T>C]TT	-1	54528.0	2817133074
JG0139e	21	40712812	U:TC[T>G]CT	-1	1052809.0	2818185883
JG0139e	21	41351239	T:GC[T>A]CC	-1	638427.0	2818824310
JG0139e	21	41942037	T:TT[T>C]TT	1	590798.0	2819415108
JG0139e	21	42157421	N:CC[T>G]TG	-1	215384.0	2819630492
JG0139e	21	42705878	T:TC[C>A]GC	-1	548457.0	2820178949
JG0139e	21	42992694	U:TC[T>C]TC	1	286816.0	2820465765
JG0139e	21	44799879	T:AC[T>C]CT	1	1807185.0	2822272950
JG0139e	21	45740127	T:TC[T>C]CT	-1	940248.0	2823213198
JG0139e	21	45897843	T:GC[T>C]GA	-1	157716.0	2823370914
JG0139e	21	46600725	T:GC[T>C]TA	1	702882.0	2824073796
JG0139e	22	10551406	N:TC[T>C]TT	-1		2834734460
JG0139e	22	10750219	N:TC[T>G]TA	-1	198813.0	2834933273
JG0139e	22	11215224	N:AC[T>A]TT	-1	465005.0	2835398278
JG0139e	22	11239926	N:GC[T>C]TC	1	24702.0	2835422980
JG0139e	22	11578428	N:TC[T>G]TC	1	338502.0	2835761482
JG0139e	22	11911216	N:CC[T>A]CT	-1	332788.0	2836094270
JG0139e	22	12174544	N:TC[T>G]TC	-1	263328.0	2836357598
JG0139e	22	12619426	N:GA[T>G]CC	1	444882.0	2836802480
JG0139e	22	12974239	N:AC[T>G]TC	-1	354813.0	2837157293
JG0139e	22	13095261	N:AC[T>A]CT	-1	121022.0	2837278315
JG0139e	22	13133616	N:TC[T>C]TT	1	38355.0	2837316670
JG0139e	22	14098537	N:TC[C>A]AG	-1	964921.0	2838281591
JG0139e	22	14514168	N:TG[T>G]TT	-1	415631.0	2838697222
JG0139e	22	14754116	N:CT[T>C]TG	1	239948.0	2838937170
JG0139e	22	14871170	N:TC[T>G]TT	1	117054.0	2839054224
JG0139e	22	15799591	N:GG[T>G]TA	-1	928421.0	2839982645
JG0139e	22	15918114	N:TC[T>C]CT	-1	118523.0	2840101168
JG0139e	22	15944360	N:GG[T>A]TC	1	26246.0	2840127414
JG0139e	22	16020233	N:GC[T>G]TC	1	75873.0	2840203287
JG0139e	22	19186247	U:AC[T>G]CT	-1	3166014.0	2843369301
JG0139e	22	19527136	U:CC[T>G]CC	-1	340889.0	2843710190
JG0139e	22	19534379	N:AC[T>A]TG	-1	7243.0	2843717433
JG0139e	22	19711410	N:AC[T>G]TA	-1	177031.0	2843894464
JG0139e	22	19879877	T:TC[T>C]GG	1	168467.0	2844062931
JG0139e	22	20257996	U:TA[T>G]TA	-1	378119.0	2844441050
JG0139e	22	21079245	N:CG[T>C]CT	-1	821249.0	2845262299
JG0139e	22	21743088	N:GC[T>C]TT	-1	663843.0	2845926142
JG0139e	22	22305588	N:AC[T>C]CC	-1	562500.0	2846488642
JG0139e	22	23916725	N:AG[C>T]CC	1	1611137.0	2848099779
JG0139e	22	24378440	U:AC[T>A]TT	1	461715.0	2848561494
JG0139e	22	24599562	U:AC[T>C]GG	1	221122.0	2848782616
JG0139e	22	24649958	N:GC[T>A]CC	1	50396.0	2848833012
JG0139e	22	25034029	T:CC[T>G]TT	-1	384071.0	2849217083
JG0139e	22	25184355	T:AC[T>G]TT	-1	150326.0	2849367409
JG0139e	22	26295969	T:TT[T>C]TC	-1	1111614.0	2850479023
JG0139e	22	26326948	T:AC[T>C]CC	-1	30979.0	2850510002
JG0139e	22	26514891	N:TC[T>C]CA	1	187943.0	2850697945
JG0139e	22	26878817	N:GA[T>G]TG	1	363926.0	2851061871
JG0139e	22	27703747	N:TG[T>G]GA	-1	824930.0	2851886801
JG0139e	22	27962137	N:GC[T>C]TA	1	258390.0	2852145191
JG0139e	22	28955282	T:AC[T>C]TG	-1	993145.0	2853138336
JG0139e	22	29402169	T:TC[T>G]TG	1	446887.0	2853585223
JG0139e	22	29413955	T:CC[T>C]TT	1	11786.0	2853597009
JG0139e	22	29715741	N:TC[T>A]TC	-1	301786.0	2853898795
JG0139e	22	29730672	T:GC[T>C]GA	-1	14931.0	2853913726
JG0139e	22	30856713	U:AA[T>G]TA	1	1126041.0	2855039767
JG0139e	22	30946676	T:AC[T>G]TA	1	89963.0	2855129730
JG0139e	22	31732260	U:AC[T>A]CA	-1	785584.0	2855915314
JG0139e	22	32088337	U:CC[T>A]TT	1	356077.0	2856271391
JG0139e	22	32109069	T:TC[T>C]CC	-1	20732.0	2856292123
JG0139e	22	32232102	U:AC[T>C]TT	-1	123033.0	2856415156
JG0139e	22	32615067	U:AC[T>G]TA	-1	382965.0	2856798121
JG0139e	22	32767719	T:TC[T>A]TT	1	152652.0	2856950773
JG0139e	22	32793158	U:CC[T>A]TG	-1	25439.0	2856976212
JG0139e	22	33729234	U:CC[T>G]TT	-1	936076.0	2857912288
JG0139e	22	34455292	N:GT[C>T]AA	1	726058.0	2858638346
JG0139e	22	34485853	N:GG[T>C]TC	1	30561.0	2858668907
JG0139e	22	35236733	N:TC[T>G]TG	1	750880.0	2859419787
JG0139e	22	35464094	N:AC[T>G]TG	-1	227361.0	2859647148
JG0139e	22	35657242	U:TC[T>G]TT	1	193148.0	2859840296
JG0139e	22	36380450	U:CC[T>A]TC	-1	723208.0	2860563504
JG0139e	22	36446453	N:CC[T>C]CA	1	66003.0	2860629507
JG0139e	22	37049977	N:AC[T>G]GC	-1	603524.0	2861233031
JG0139e	22	37512593	U:TC[T>C]TT	-1	462616.0	2861695647
JG0139e	22	38026791	U:CC[T>C]CC	1	514198.0	2862209845
JG0139e	22	38068400	T:GC[T>C]GC	-1	41609.0	2862251454
JG0139e	22	39188028	N:TC[T>G]TT	1	1119628.0	2863371082
JG0139e	22	39193205	N:CC[T>C]CT	-1	5177.0	2863376259
JG0139e	22	39262558	N:GT[T>A]TG	-1	69353.0	2863445612
JG0139e	22	39264408	N:CC[T>C]CC	-1	1850.0	2863447462
JG0139e	22	39285927	N:TC[T>G]TT	1	21519.0	2863468981
JG0139e	22	39391572	N:TC[T>G]TT	-1	105645.0	2863574626
JG0139e	22	39511399	T:GC[T>C]CC	-1	119827.0	2863694453
JG0139e	22	40219073	T:CC[T>G]TT	-1	707674.0	2864402127
JG0139e	22	40389000	U:GG[T>G]TG	1	169927.0	2864572054
JG0139e	22	40622538	U:TC[T>G]CT	-1	233538.0	2864805592
JG0139e	22	41603425	U:GC[T>G]TG	-1	980887.0	2865786479
JG0139e	22	43054383	T:AC[T>G]TA	1	1450958.0	2867237437
JG0139e	22	43520324	N:AC[T>C]TT	-1	465941.0	2867703378
JG0139e	22	43731822	U:AT[T>G]TG	-1	211498.0	2867914876
JG0139e	22	44028692	U:TC[T>G]CG	1	296870.0	2868211746
JG0139e	22	44145324	T:CC[T>A]TG	-1	116632.0	2868328378
JG0139e	22	44647747	N:CC[T>C]TT	-1	502423.0	2868830801
JG0139e	22	44813843	U:AC[T>G]TA	1	166096.0	2868996897
JG0139e	22	44896489	U:AG[T>C]GT	-1	82646.0	2869079543
JG0139e	22	45008473	T:TT[T>G]TT	1	111984.0	2869191527
JG0139e	22	46061091	N:TC[T>A]TT	1	1052618.0	2870244145
JG0139e	22	47443763	N:GC[T>C]CT	1	1382672.0	2871626817
JG0139e	22	47509148	N:GG[C>A]AA	-1	65385.0	2871692202
JG0139e	22	47731273	N:TC[T>G]TT	-1	222125.0	2871914327
JG0139e	22	48861970	N:GC[T>G]TG	1	1130697.0	2873045024
JG0139e	22	50716886	U:AG[C>A]AC	1	1854916.0	2874899940
JG0139e	X	968952	N:TC[C>A]TG	1		2875970474
JG0139e	X	2273610	T:GG[T>C]TT	1	1304658.0	2877275132
JG0139e	X	2306418	U:GC[T>G]CT	-1	32808.0	2877307940
JG0139e	X	2345254	U:CC[T>C]CA	-1	38836.0	2877346776
JG0139e	X	3075918	U:TC[T>G]CT	1	730664.0	2878077440
JG0139e	X	3375152	N:TC[T>A]TA	-1	299234.0	2878376674
JG0139e	X	3449416	N:CC[T>C]CT	1	74264.0	2878450938
JG0139e	X	4642805	N:AT[T>G]TA	1	1193389.0	2879644327
JG0139e	X	4845667	N:AC[T>C]TA	1	202862.0	2879847189
JG0139e	X	4982342	N:TC[T>G]TA	1	136675.0	2879983864
JG0139e	X	5040215	N:GC[T>G]TG	1	57873.0	2880041737
JG0139e	X	5106733	N:TG[T>G]TA	1	66518.0	2880108255
JG0139e	X	5464175	N:TC[T>G]TT	1	357442.0	2880465697
JG0139e	X	5738760	N:AC[T>C]GG	1	274585.0	2880740282
JG0139e	X	6202237	U:AA[T>G]TG	-1	463477.0	2881203759
JG0139e	X	6666459	N:AC[T>C]CT	1	464222.0	2881667981
JG0139e	X	6742946	N:GT[T>G]TT	1	76487.0	2881744468
JG0139e	X	7055482	T:TC[T>G]TG	1	312536.0	2882057004
JG0139e	X	7115626	T:GC[T>G]TT	1	60144.0	2882117148
JG0139e	X	7178669	N:AG[T>G]TA	-1	63043.0	2882180191
JG0139e	X	7566262	N:TC[T>G]TC	1	387593.0	2882567784
JG0139e	X	7800581	N:TG[T>G]TG	-1	234319.0	2882802103
JG0139e	X	7819134	N:TC[T>C]TA	1	18553.0	2882820656
JG0139e	X	7854502	N:TG[T>G]TC	1	35368.0	2882856024
JG0139e	X	8536677	T:GT[T>A]TT	1	682175.0	2883538199
JG0139e	X	8686952	T:TC[T>C]CA	1	150275.0	2883688474
JG0139e	X	8754624	N:AC[T>C]TT	1	67672.0	2883756146
JG0139e	X	8953737	N:TC[T>C]TG	1	199113.0	2883955259
JG0139e	X	9084777	N:GC[T>G]CC	-1	131040.0	2884086299
JG0139e	X	9267281	N:TC[T>C]TG	1	182504.0	2884268803
JG0139e	X	9386149	N:GG[T>G]TT	-1	118868.0	2884387671
JG0139e	X	9837357	U:TC[T>C]CT	1	451208.0	2884838879
JG0139e	X	9846659	T:GG[T>C]CA	-1	9302.0	2884848181
JG0139e	X	10032707	N:GC[T>G]GC	1	186048.0	2885034229
JG0139e	X	10161560	U:TT[T>C]TG	1	128853.0	2885163082
JG0139e	X	11627152	U:TG[T>G]TA	-1	1465592.0	2886628674
JG0139e	X	11843746	N:TC[T>G]TG	1	216594.0	2886845268
JG0139e	X	12132537	N:TC[T>C]CT	-1	288791.0	2887134059
JG0139e	X	12808317	T:TG[T>G]TA	-1	675780.0	2887809839
JG0139e	X	12811146	T:TC[T>G]TG	-1	2829.0	2887812668
JG0139e	X	13156344	N:AC[T>C]CC	-1	345198.0	2888157866
JG0139e	X	13241995	N:AG[T>G]CC	-1	85651.0	2888243517
JG0139e	X	13712399	T:AC[T>G]TG	1	470404.0	2888713921
JG0139e	X	13853658	T:AC[T>G]TC	1	141259.0	2888855180
JG0139e	X	13933725	U:CC[T>G]TT	-1	80067.0	2888935247
JG0139e	X	14610607	U:GC[T>G]TA	1	676882.0	2889612129
JG0139e	X	14857196	T:TG[T>C]TT	1	246589.0	2889858718
JG0139e	X	14927017	N:TC[T>C]CT	1	69821.0	2889928539
JG0139e	X	16152507	U:TG[T>A]TG	1	1225490.0	2891154029
JG0139e	X	16961997	T:CC[T>G]AA	-1	809490.0	2891963519
JG0139e	X	17170707	N:TC[T>G]TT	1	208710.0	2892172229
JG0139e	X	17285616	N:TA[T>G]TT	-1	114909.0	2892287138
JG0139e	X	17431824	T:GC[T>C]TG	-1	146208.0	2892433346
JG0139e	X	18316367	U:TC[T>G]CC	-1	884543.0	2893317889
JG0139e	X	18329886	T:CC[T>G]AG	1	13519.0	2893331408
JG0139e	X	18366234	N:GC[T>C]CT	1	36348.0	2893367756
JG0139e	X	18973358	T:TT[T>G]CT	1	607124.0	2893974880
JG0139e	X	19617537	T:AT[T>C]AT	1	644179.0	2894619059
JG0139e	X	19996351	N:CC[T>C]TG	1	378814.0	2894997873
JG0139e	X	21524344	U:GC[T>G]TG	1	1527993.0	2896525866
JG0139e	X	21839876	U:TC[T>C]CT	1	315532.0	2896841398
JG0139e	X	21889018	N:CC[T>C]TT	1	49142.0	2896890540
JG0139e	X	22720848	N:CC[T>A]TT	1	831830.0	2897722370
JG0139e	X	22901398	N:GG[T>G]CT	1	180550.0	2897902920
JG0139e	X	23139099	N:TG[T>G]CC	1	237701.0	2898140621
JG0139e	X	23323582	N:TC[T>G]TT	-1	184483.0	2898325104
JG0139e	X	23757060	T:CA[T>A]TT	1	433478.0	2898758582
JG0139e	X	24089176	N:AC[T>G]TT	-1	332116.0	2899090698
JG0139e	X	24106762	N:TC[T>A]CA	1	17586.0	2899108284
JG0139e	X	24177571	T:AG[T>C]GC	-1	70809.0	2899179093
JG0139e	X	24561643	T:GA[C>A]AA	1	384072.0	2899563165
JG0139e	X	24824934	T:AA[T>G]TT	-1	263291.0	2899826456
JG0139e	X	24965450	U:TC[T>C]CT	1	140516.0	2899966972
JG0139e	X	25132375	N:GG[T>G]TA	1	166925.0	2900133897
JG0139e	X	25185773	N:TC[T>C]CT	-1	53398.0	2900187295
JG0139e	X	25709186	N:AG[T>G]TA	1	523413.0	2900710708
JG0139e	X	25767940	N:AC[C>T]AT	-1	58754.0	2900769462
JG0139e	X	26128494	N:TC[T>C]CT	-1	360554.0	2901130016
JG0139e	X	26192224	N:CC[T>C]GA	-1	63730.0	2901193746
JG0139e	X	26358917	N:AC[T>C]TC	-1	166693.0	2901360439
JG0139e	X	26591402	N:CC[T>C]CA	-1	232485.0	2901592924
JG0139e	X	26821647	N:TC[T>G]TA	-1	230245.0	2901823169
JG0139e	X	26858089	N:TC[T>C]TT	-1	36442.0	2901859611
JG0139e	X	26908918	N:AC[T>G]TT	-1	50829.0	2901910440
JG0139e	X	27851111	N:GC[T>G]TC	1	942193.0	2902852633
JG0139e	X	28331409	N:CA[T>C]TT	1	480298.0	2903332931
JG0139e	X	28544564	N:TG[T>C]CA	-1	213155.0	2903546086
JG0139e	X	29303367	T:AC[T>C]CT	-1	758803.0	2904304889
JG0139e	X	29592363	U:TG[T>C]CT	1	288996.0	2904593885
JG0139e	X	29725017	U:TC[T>G]TG	1	132654.0	2904726539
JG0139e	X	29916358	T:TC[T>A]CC	-1	191341.0	2904917880
JG0139e	X	30036126	N:TC[T>G]TT	1	119768.0	2905037648
JG0139e	X	30674566	U:AC[T>G]TT	1	638440.0	2905676088
JG0139e	X	31089374	N:AC[T>G]TG	1	414808.0	2906090896
JG0139e	X	31538045	T:GC[T>C]GG	1	448671.0	2906539567
JG0139e	X	31990802	U:TC[T>C]TA	-1	452757.0	2906992324
JG0139e	X	31998558	T:GC[T>C]GA	1	7756.0	2907000080
JG0139e	X	32820947	U:TC[T>A]CA	-1	822389.0	2907822469
JG0139e	X	32865473	U:AG[T>G]TT	-1	44526.0	2907866995
JG0139e	X	33096502	T:AC[T>C]TT	1	231029.0	2908098024
JG0139e	X	33693110	N:CC[T>C]CA	-1	596608.0	2908694632
JG0139e	X	34152387	N:CC[T>C]CA	1	459277.0	2909153909
JG0139e	X	34701166	N:AC[T>C]TA	1	548779.0	2909702688
JG0139e	X	34999368	N:GC[T>A]TT	1	298202.0	2910000890
JG0139e	X	35327318	N:CC[T>G]GA	1	327950.0	2910328840
JG0139e	X	35665467	N:AC[T>G]TT	-1	338149.0	2910666989
JG0139e	X	35721178	N:GC[T>C]CA	-1	55711.0	2910722700
JG0139e	X	35967429	U:TA[T>G]TC	1	246251.0	2910968951
JG0139e	X	36589717	N:AC[T>G]CA	-1	622288.0	2911591239
JG0139e	X	36969098	N:GC[T>G]TG	-1	379381.0	2911970620
JG0139e	X	37074888	N:TC[T>A]CA	-1	105790.0	2912076410
JG0139e	X	37762532	U:TC[T>C]TT	1	687644.0	2912764054
JG0139e	X	37914048	T:TC[T>G]TT	-1	151516.0	2912915570
JG0139e	X	38469247	U:AC[T>G]CC	1	555199.0	2913470769
JG0139e	X	38954090	N:CA[T>G]TT	1	484843.0	2913955612
JG0139e	X	39231996	N:TC[T>G]TC	-1	277906.0	2914233518
JG0139e	X	39263855	N:GA[T>G]TT	1	31859.0	2914265377
JG0139e	X	39311042	N:TC[T>G]TT	-1	47187.0	2914312564
JG0139e	X	40691313	T:GC[T>G]TA	1	1380271.0	2915692835
JG0139e	X	41572986	T:AC[T>C]TT	1	881673.0	2916574508
JG0139e	X	41983707	N:GC[T>G]TG	1	410721.0	2916985229
JG0139e	X	42291978	N:CC[T>G]TT	1	308271.0	2917293500
JG0139e	X	42490703	N:AC[T>C]CT	1	198725.0	2917492225
JG0139e	X	43054434	N:AC[T>G]TA	-1	563731.0	2918055956
JG0139e	X	43107412	N:TC[T>A]CT	1	52978.0	2918108934
JG0139e	X	43786579	U:TC[T>G]TA	-1	679167.0	2918788101
JG0139e	X	43911783	N:AG[T>G]TA	-1	125204.0	2918913305
JG0139e	X	43936781	N:CC[T>C]TG	-1	24998.0	2918938303
JG0139e	X	44007367	N:GA[T>C]GC	-1	70586.0	2919008889
JG0139e	X	44009463	N:TC[T>C]TC	-1	2096.0	2919010985
JG0139e	X	44737562	N:TC[T>G]TG	-1	728099.0	2919739084
JG0139e	X	44875772	U:GC[T>A]TT	1	138210.0	2919877294
JG0139e	X	45957007	N:TG[T>G]TT	1	1081235.0	2920958529
JG0139e	X	47048843	U:TC[T>A]TA	1	1091836.0	2922050365
JG0139e	X	47177632	U:TT[T>G]TT	1	128789.0	2922179154
JG0139e	X	47424033	N:AG[T>C]AC	-1	246401.0	2922425555
JG0139e	X	47955080	T:TG[T>G]TA	-1	531047.0	2922956602
JG0139e	X	47962480	T:CC[T>G]TG	-1	7400.0	2922964002
JG0139e	X	47963576	T:AC[T>G]CA	-1	1096.0	2922965098
JG0139e	X	48035884	N:CC[T>G]TA	-1	72308.0	2923037406
JG0139e	X	48642758	N:CA[C>T]CT	1	606874.0	2923644280
JG0139e	X	49236076	T:TC[T>C]TA	-1	593318.0	2924237598
JG0139e	X	49335826	T:AC[T>G]GC	-1	99750.0	2924337348
JG0139e	X	49701072	N:CC[T>A]TC	1	365246.0	2924702594
JG0139e	X	49890361	N:TC[T>G]TG	-1	189289.0	2924891883
JG0139e	X	49972798	U:GC[T>G]TC	1	82437.0	2924974320
JG0139e	X	50106737	N:TC[T>G]TC	1	133939.0	2925108259
JG0139e	X	50198810	T:GG[T>A]CA	1	92073.0	2925200332
JG0139e	X	50217127	U:TC[T>G]TC	1	18317.0	2925218649
JG0139e	X	50433257	U:CA[T>G]TA	-1	216130.0	2925434779
JG0139e	X	50558160	N:TC[T>G]TC	1	124903.0	2925559682
JG0139e	X	50581822	N:TG[T>G]GT	1	23662.0	2925583344
JG0139e	X	50780382	U:CC[T>G]TT	-1	198560.0	2925781904
JG0139e	X	50928429	N:TC[T>G]TC	-1	148047.0	2925929951
JG0139e	X	50988903	N:AA[T>G]TA	-1	60474.0	2925990425
JG0139e	X	51009320	N:TC[T>G]TT	1	20417.0	2926010842
JG0139e	X	51062059	N:GC[T>C]CA	-1	52739.0	2926063581
JG0139e	X	51460772	N:TC[T>C]TA	-1	398713.0	2926462294
JG0139e	X	51742816	N:CC[T>G]TG	-1	282044.0	2926744338
JG0139e	X	51810133	T:GC[T>C]CC	-1	67317.0	2926811655
JG0139e	X	51964739	N:TC[T>C]GA	-1	154606.0	2926966261
JG0139e	X	53119803	U:CC[T>G]TG	1	1155064.0	2928121325
JG0139e	X	53197001	T:CC[T>C]CA	1	77198.0	2928198523
JG0139e	X	53381980	U:GC[T>C]CA	-1	184979.0	2928383502
JG0139e	X	54147301	U:AC[T>C]CT	-1	765321.0	2929148823
JG0139e	X	54162776	T:CC[T>C]CA	1	15475.0	2929164298
JG0139e	X	54304720	U:GC[T>G]CA	-1	141944.0	2929306242
JG0139e	X	54509407	N:CC[T>G]TT	-1	204687.0	2929510929
JG0139e	X	54530190	N:AC[T>G]CC	-1	20783.0	2929531712
JG0139e	X	54725195	N:CG[T>G]TT	1	195005.0	2929726717
JG0139e	X	54918948	N:TC[T>C]TT	-1	193753.0	2929920470
JG0139e	X	55072225	N:TC[T>A]TA	1	153277.0	2930073747
JG0139e	X	55182787	T:GC[T>G]TG	1	110562.0	2930184309
JG0139e	X	55228440	N:AC[T>A]CA	1	45653.0	2930229962
JG0139e	X	55374969	N:AC[T>C]GG	1	146529.0	2930376491
JG0139e	X	56062248	N:TC[T>A]TC	1	687279.0	2931063770
JG0139e	X	57670362	N:CC[T>C]TC	1	1608114.0	2932671884
JG0139e	X	57988569	N:TC[T>A]TT	1	318207.0	2932990091
JG0139e	X	58049797	N:TC[T>G]TT	1	61228.0	2933051319
JG0139e	X	58086411	N:CC[T>C]GA	-1	36614.0	2933087933
JG0139e	X	58478242	N:CC[T>G]CA	-1	391831.0	2933479764
JG0139e	X	59109680	N:TC[T>C]TT	-1	631438.0	2934111202
JG0139e	X	59421890	N:AG[T>A]TG	1	312210.0	2934423412
JG0139e	X	59650877	N:TC[T>G]TC	1	228987.0	2934652399
JG0139e	X	60298313	N:CC[T>C]CT	1	647436.0	2935299835
JG0139e	X	60331310	N:CC[T>C]TC	1	32997.0	2935332832
JG0139e	X	60707909	N:TC[T>C]CA	1	376599.0	2935709431
JG0139e	X	60755638	N:AC[T>C]CT	1	47729.0	2935757160
JG0139e	X	61197900	N:GC[T>A]TT	1	442262.0	2936199422
JG0139e	X	61282726	N:CA[T>G]TT	1	84826.0	2936284248
JG0139e	X	62211829	N:GC[T>C]CT	1	929103.0	2937213351
JG0139e	X	62304135	N:CC[T>G]TG	-1	92306.0	2937305657
JG0139e	X	62504468	N:CA[T>G]TC	-1	200333.0	2937505990
JG0139e	X	63394999	N:TC[T>C]TG	-1	890531.0	2938396521
JG0139e	X	63842997	N:GC[T>C]CT	-1	447998.0	2938844519
JG0139e	X	64416240	N:CC[T>C]TG	1	573243.0	2939417762
JG0139e	X	64475200	N:CC[T>G]TC	1	58960.0	2939476722
JG0139e	X	64686868	N:AC[T>G]CT	-1	211668.0	2939688390
JG0139e	X	64894110	N:GG[C>A]AG	-1	207242.0	2939895632
JG0139e	X	64970265	T:AC[T>C]TT	1	76155.0	2939971787
JG0139e	X	65266912	N:AG[T>G]CT	-1	296647.0	2940268434
JG0139e	X	65340201	N:GC[T>G]TC	1	73289.0	2940341723
JG0139e	X	65615993	U:GG[T>G]TT	1	275792.0	2940617515
JG0139e	X	65946349	N:TC[T>C]CT	1	330356.0	2940947871
JG0139e	X	66085903	N:CC[T>C]AT	1	139554.0	2941087425
JG0139e	X	66224826	U:TC[T>C]CT	1	138923.0	2941226348
JG0139e	X	66386799	N:AC[T>G]TC	-1	161973.0	2941388321
JG0139e	X	66990377	N:TC[T>A]TC	1	603578.0	2941991899
JG0139e	X	67810713	N:AA[T>C]AA	1	820336.0	2942812235
JG0139e	X	68045433	U:AC[T>A]CA	-1	234720.0	2943046955
JG0139e	X	68611837	N:AC[T>A]CA	-1	566404.0	2943613359
JG0139e	X	68657411	T:TC[T>G]CC	-1	45574.0	2943658933
JG0139e	X	70237294	U:GC[T>C]TG	1	1579883.0	2945238816
JG0139e	X	70274298	U:AG[T>G]TC	1	37004.0	2945275820
JG0139e	X	70941965	N:AC[T>G]TT	-1	667667.0	2945943487
JG0139e	X	71156980	T:AG[T>A]CA	-1	215015.0	2946158502
JG0139e	X	71177710	N:AA[T>G]TT	1	20730.0	2946179232
JG0139e	X	71745123	N:CC[T>G]CT	-1	567413.0	2946746645
JG0139e	X	72351982	U:GC[T>C]TC	-1	606859.0	2947353504
JG0139e	X	72713438	T:CC[T>G]TT	1	361456.0	2947714960
JG0139e	X	73571962	U:TC[T>G]TT	1	858524.0	2948573484
JG0139e	X	73669534	T:TC[T>C]CT	-1	97572.0	2948671056
JG0139e	X	74290167	N:CG[T>G]TG	-1	620633.0	2949291689
JG0139e	X	74768976	U:AG[T>G]CC	-1	478809.0	2949770498
JG0139e	X	74793810	T:CC[T>G]TG	1	24834.0	2949795332
JG0139e	X	74877064	T:AG[T>C]TG	1	83254.0	2949878586
JG0139e	X	75042440	N:TC[T>G]TT	-1	165376.0	2950043962
JG0139e	X	75333154	N:AC[T>G]TT	-1	290714.0	2950334676
JG0139e	X	75347845	N:GC[T>A]CC	-1	14691.0	2950349367
JG0139e	X	75575083	N:TG[T>G]TT	-1	227238.0	2950576605
JG0139e	X	76432734	N:GC[T>G]TT	-1	857651.0	2951434256
JG0139e	X	77131396	N:TC[T>G]TC	-1	698662.0	2952132918
JG0139e	X	77713350	T:TC[T>G]TG	1	581954.0	2952714872
JG0139e	X	78132751	T:TA[C>A]CT	1	419401.0	2953134273
JG0139e	X	78298591	T:TA[T>G]CC	1	165840.0	2953300113
JG0139e	X	78731178	N:AG[T>C]TT	1	432587.0	2953732700
JG0139e	X	79471598	N:GC[T>C]TA	-1	740420.0	2954473120
JG0139e	X	79549360	N:TC[T>A]CC	-1	77762.0	2954550882
JG0139e	X	79636304	N:GA[T>G]TA	1	86944.0	2954637826
JG0139e	X	79818714	N:TG[T>A]CT	-1	182410.0	2954820236
JG0139e	X	79948373	N:TC[T>C]TC	-1	129659.0	2954949895
JG0139e	X	80231293	N:TC[T>C]TT	1	282920.0	2955232815
JG0139e	X	80418613	U:TC[T>G]TC	1	187320.0	2955420135
JG0139e	X	80614908	N:GC[T>G]TT	1	196295.0	2955616430
JG0139e	X	80638918	N:AC[T>C]TT	-1	24010.0	2955640440
JG0139e	X	80725639	U:TG[T>G]TA	-1	86721.0	2955727161
JG0139e	X	81811799	N:CC[T>G]CC	1	1086160.0	2956813321
JG0139e	X	82033538	N:GC[T>A]GA	1	221739.0	2957035060
JG0139e	X	82349614	N:TA[C>A]TG	-1	316076.0	2957351136
JG0139e	X	83707143	N:AA[T>G]TT	1	1357529.0	2958708665
JG0139e	X	84058410	T:TC[T>C]TG	1	351267.0	2959059932
JG0139e	X	85357910	U:AG[T>G]TT	-1	1299500.0	2960359432
JG0139e	X	85400885	N:AA[C>A]AA	-1	42975.0	2960402407
JG0139e	X	85415770	N:TC[T>G]TG	1	14885.0	2960417292
JG0139e	X	85558530	N:GC[T>C]TT	1	142760.0	2960560052
JG0139e	X	85716911	N:TA[T>C]TT	1	158381.0	2960718433
JG0139e	X	85907324	T:TC[T>G]GG	1	190413.0	2960908846
JG0139e	X	86013745	U:TC[T>C]TT	-1	106421.0	2961015267
JG0139e	X	86120870	N:CC[T>C]TC	1	107125.0	2961122392
JG0139e	X	86431007	T:AT[T>G]TA	-1	310137.0	2961432529
JG0139e	X	86599491	U:TC[T>G]TT	1	168484.0	2961601013
JG0139e	X	88081961	N:GA[T>G]TA	-1	1482470.0	2963083483
JG0139e	X	88441193	N:TC[T>C]TA	1	359232.0	2963442715
JG0139e	X	88684764	N:TC[T>C]TT	-1	243571.0	2963686286
JG0139e	X	90171565	N:AC[T>G]TT	-1	1486801.0	2965173087
JG0139e	X	90387765	N:CA[T>G]TT	-1	216200.0	2965389287
JG0139e	X	90467057	N:AC[T>G]TA	1	79292.0	2965468579
JG0139e	X	90975790	N:AC[T>C]TT	-1	508733.0	2965977312
JG0139e	X	91517769	N:GA[C>A]AA	1	541979.0	2966519291
JG0139e	X	91842743	T:TG[T>G]TT	-1	324974.0	2966844265
JG0139e	X	92013324	T:CC[T>C]TG	-1	170581.0	2967014846
JG0139e	X	92158281	U:AC[T>G]TG	1	144957.0	2967159803
JG0139e	X	92225156	T:AC[T>C]CA	-1	66875.0	2967226678
JG0139e	X	92482467	U:TA[T>G]TT	1	257311.0	2967483989
JG0139e	X	92557682	U:TC[T>G]TC	1	75215.0	2967559204
JG0139e	X	94219281	N:TG[T>G]TT	-1	1661599.0	2969220803
JG0139e	X	94627116	N:CC[T>G]TA	-1	407835.0	2969628638
JG0139e	X	95025812	N:AC[T>G]TC	1	398696.0	2970027334
JG0139e	X	95060224	N:AG[T>G]TA	1	34412.0	2970061746
JG0139e	X	95267151	N:TC[T>G]TA	-1	206927.0	2970268673
JG0139e	X	95582816	N:TT[T>G]TT	1	315665.0	2970584338
JG0139e	X	95774651	N:AC[T>A]CT	1	191835.0	2970776173
JG0139e	X	95888319	N:TC[T>G]TT	1	113668.0	2970889841
JG0139e	X	95967554	N:TC[T>G]TT	1	79235.0	2970969076
JG0139e	X	96056457	N:CC[T>C]CT	-1	88903.0	2971057979
JG0139e	X	96241891	N:GC[T>G]TG	-1	185434.0	2971243413
JG0139e	X	96270553	N:GC[T>G]TC	1	28662.0	2971272075
JG0139e	X	96274349	N:CC[T>C]TA	1	3796.0	2971275871
JG0139e	X	96590238	N:AG[T>A]TC	1	315889.0	2971591760
JG0139e	X	97164692	U:CC[T>G]TA	1	574454.0	2972166214
JG0139e	X	98664529	N:TC[T>C]GT	1	1499837.0	2973666051
JG0139e	X	99029358	N:GG[T>G]TT	1	364829.0	2974030880
JG0139e	X	99076143	N:TC[T>C]CC	-1	46785.0	2974077665
JG0139e	X	99313979	N:GC[T>G]TT	-1	237836.0	2974315501
JG0139e	X	100107171	N:TG[T>A]TG	1	793192.0	2975108693
JG0139e	X	100344678	T:GC[T>G]TG	1	237507.0	2975346200
JG0139e	X	100911620	N:TG[T>A]TT	-1	566942.0	2975913142
JG0139e	X	101023182	U:TC[T>G]TC	-1	111562.0	2976024704
JG0139e	X	101684248	N:TC[T>A]TC	1	661066.0	2976685770
JG0139e	X	101709899	N:TG[T>G]TT	1	25651.0	2976711421
JG0139e	X	101827806	N:CA[T>G]TA	-1	117907.0	2976829328
JG0139e	X	101875131	N:TC[T>A]TT	-1	47325.0	2976876653
JG0139e	X	101916916	U:CC[T>G]TT	-1	41785.0	2976918438
JG0139e	X	102099795	N:TG[T>G]TG	-1	182879.0	2977101317
JG0139e	X	102409080	U:TC[T>C]AT	-1	309285.0	2977410602
JG0139e	X	102490228	N:TG[T>A]CT	1	81148.0	2977491750
JG0139e	X	102671618	N:GT[C>A]CC	-1	181390.0	2977673140
JG0139e	X	102881550	N:TC[T>G]CT	-1	209932.0	2977883072
JG0139e	X	103671226	N:CC[T>C]TA	1	789676.0	2978672748
JG0139e	X	103780686	T:CC[T>C]TT	-1	109460.0	2978782208
JG0139e	X	103888712	N:TG[T>G]TG	-1	108026.0	2978890234
JG0139e	X	104032187	N:GC[T>G]CG	1	143475.0	2979033709
JG0139e	X	104074257	U:AC[T>C]CT	-1	42070.0	2979075779
JG0139e	X	104217244	N:TC[T>C]CT	-1	142987.0	2979218766
JG0139e	X	104450647	N:CA[T>G]TA	-1	233403.0	2979452169
JG0139e	X	104475808	N:CA[T>G]TG	-1	25161.0	2979477330
JG0139e	X	104617830	U:TC[T>A]TT	1	142022.0	2979619352
JG0139e	X	104818418	U:TC[T>G]TG	1	200588.0	2979819940
JG0139e	X	105005578	U:TC[T>G]TA	1	187160.0	2980007100
JG0139e	X	105107103	U:TG[T>G]TA	1	101525.0	2980108625
JG0139e	X	105322063	T:AC[T>G]CA	-1	214960.0	2980323585
JG0139e	X	105370417	U:CC[T>G]TT	1	48354.0	2980371939
JG0139e	X	105554167	T:CC[T>A]TA	-1	183750.0	2980555689
JG0139e	X	106050011	N:CC[T>C]CT	1	495844.0	2981051533
JG0139e	X	106657032	U:TC[T>G]TC	1	607021.0	2981658554
JG0139e	X	107226654	U:TT[C>G]TG	1	569622.0	2982228176
JG0139e	X	107312617	N:CC[T>A]CA	-1	85963.0	2982314139
JG0139e	X	107494926	N:CC[T>G]TC	-1	182309.0	2982496448
JG0139e	X	107693014	N:TC[T>G]GG	1	198088.0	2982694536
JG0139e	X	108321294	U:TC[T>C]TA	-1	628280.0	2983322816
JG0139e	X	108823994	N:TC[T>G]TC	1	502700.0	2983825516
JG0139e	X	108899110	N:AC[T>G]TG	-1	75116.0	2983900632
JG0139e	X	109018987	N:CA[T>G]TG	1	119877.0	2984020509
JG0139e	X	109338988	N:GC[T>C]CA	-1	320001.0	2984340510
JG0139e	X	109942885	N:AC[T>G]TA	1	603897.0	2984944407
JG0139e	X	110014513	T:TC[T>G]TA	-1	71628.0	2985016035
JG0139e	X	110130687	U:TT[T>G]TT	1	116174.0	2985132209
JG0139e	X	110240607	T:AC[T>G]TA	1	109920.0	2985242129
JG0139e	X	111513388	T:GC[T>C]CA	-1	1272781.0	2986514910
JG0139e	X	111827854	U:GC[T>G]TC	-1	314466.0	2986829376
JG0139e	X	112221884	N:GC[T>C]CA	-1	394030.0	2987223406
JG0139e	X	112407674	N:AC[T>A]CT	-1	185790.0	2987409196
JG0139e	X	112666746	T:AC[T>C]TT	1	259072.0	2987668268
JG0139e	X	112709862	N:GC[T>C]CT	1	43116.0	2987711384
JG0139e	X	113506515	N:TC[T>C]CA	-1	796653.0	2988508037
JG0139e	X	113889050	N:TC[T>C]CT	1	382535.0	2988890572
JG0139e	X	113895159	N:TG[T>G]TT	1	6109.0	2988896681
JG0139e	X	114118575	N:TC[T>G]TC	1	223416.0	2989120097
JG0139e	X	114183553	N:CC[T>G]CC	-1	64978.0	2989185075
JG0139e	X	114785538	T:TC[T>C]CC	-1	601985.0	2989787060
JG0139e	X	116495010	N:TG[T>G]TT	1	1709472.0	2991496532
JG0139e	X	116528978	N:TA[T>G]TG	-1	33968.0	2991530500
JG0139e	X	116926619	N:AC[T>G]TA	-1	397641.0	2991928141
JG0139e	X	117503608	N:CC[T>A]AG	1	576989.0	2992505130
JG0139e	X	118014428	T:TC[T>C]CT	1	510820.0	2993015950
JG0139e	X	119272788	N:GG[T>G]TG	-1	1258360.0	2994274310
JG0139e	X	119666007	U:CC[T>C]GG	-1	393219.0	2994667529
JG0139e	X	120037041	N:TG[T>G]TA	1	371034.0	2995038563
JG0139e	X	120144653	N:AC[T>G]TG	1	107612.0	2995146175
JG0139e	X	120219386	N:TG[T>G]TT	1	74733.0	2995220908
JG0139e	X	120521579	N:AT[T>G]TC	-1	302193.0	2995523101
JG0139e	X	120544535	T:GC[T>G]TC	1	22956.0	2995546057
JG0139e	X	120670703	N:AG[T>G]TC	1	126168.0	2995672225
JG0139e	X	120832491	N:TC[T>C]TT	1	161788.0	2995834013
JG0139e	X	121297026	N:CC[T>C]GT	1	464535.0	2996298548
JG0139e	X	121720136	N:AC[T>A]TT	1	423110.0	2996721658
JG0139e	X	121825626	N:GC[T>C]TT	-1	105490.0	2996827148
JG0139e	X	122250586	N:TC[T>C]CA	-1	424960.0	2997252108
JG0139e	X	122519920	N:TC[T>C]TC	-1	269334.0	2997521442
JG0139e	X	122806822	N:AG[T>C]CT	1	286902.0	2997808344
JG0139e	X	123396359	U:AC[T>G]TT	1	589537.0	2998397881
JG0139e	X	123497866	N:TG[T>G]GG	1	101507.0	2998499388
JG0139e	X	124023210	U:AC[T>C]CT	1	525344.0	2999024732
JG0139e	X	124308182	N:CC[T>C]TA	-1	284972.0	2999309704
JG0139e	X	124367448	U:AG[T>C]AT	1	59266.0	2999368970
JG0139e	X	124697030	U:GC[T>G]TT	-1	329582.0	2999698552
JG0139e	X	124868189	U:TC[T>A]TT	-1	171159.0	2999869711
JG0139e	X	126108020	N:TC[T>G]CT	1	1239831.0	3001109542
JG0139e	X	126378212	N:CC[T>A]CC	1	270192.0	3001379734
JG0139e	X	126400114	N:TC[T>C]TG	1	21902.0	3001401636
JG0139e	X	126481776	N:AC[T>G]TT	-1	81662.0	3001483298
JG0139e	X	127277740	N:TG[T>C]GG	-1	795964.0	3002279262
JG0139e	X	127472146	N:AC[T>G]TC	-1	194406.0	3002473668
JG0139e	X	127808877	N:AC[T>G]TG	1	336731.0	3002810399
JG0139e	X	128569321	N:CC[T>C]TT	-1	760444.0	3003570843
JG0139e	X	128710024	N:GC[T>C]TA	1	140703.0	3003711546
JG0139e	X	128792785	N:TT[T>C]TA	-1	82761.0	3003794307
JG0139e	X	129151373	N:AC[T>C]TT	-1	358588.0	3004152895
JG0139e	X	129622592	N:TT[C>T]TG	1	471219.0	3004624114
JG0139e	X	129870474	N:AC[T>C]GA	-1	247882.0	3004871996
JG0139e	X	130299227	N:GC[T>C]CC	1	428753.0	3005300749
JG0139e	X	130854811	U:TC[T>G]TT	-1	555584.0	3005856333
JG0139e	X	131821590	N:GC[T>A]CC	-1	966779.0	3006823112
JG0139e	X	131882767	N:AC[T>G]TG	-1	61177.0	3006884289
JG0139e	X	131975237	N:TC[T>C]CC	1	92470.0	3006976759
JG0139e	X	132000245	N:AC[T>C]CT	-1	25008.0	3007001767
JG0139e	X	132061721	U:TC[T>G]GA	1	61476.0	3007063243
JG0139e	X	132116299	T:CC[T>G]TT	1	54578.0	3007117821
JG0139e	X	132336761	N:TT[T>A]AA	-1	220462.0	3007338283
JG0139e	X	132395794	T:AC[T>C]CT	1	59033.0	3007397316
JG0139e	X	132668687	T:GC[T>C]TA	1	272893.0	3007670209
JG0139e	X	132810210	U:GC[T>C]GA	-1	141523.0	3007811732
JG0139e	X	133094763	T:TC[T>C]CA	1	284553.0	3008096285
JG0139e	X	133466744	N:AA[T>G]TA	-1	371981.0	3008468266
JG0139e	X	133582496	T:GC[T>C]AT	1	115752.0	3008584018
JG0139e	X	133645942	T:AC[T>G]TA	1	63446.0	3008647464
JG0139e	X	134033488	N:GC[T>C]CC	1	387546.0	3009035010
JG0139e	X	134117758	N:CC[T>G]TT	-1	84270.0	3009119280
JG0139e	X	134256914	N:TG[T>G]TG	1	139156.0	3009258436
JG0139e	X	134368217	N:TG[T>G]TG	-1	111303.0	3009369739
JG0139e	X	135184158	N:CG[T>G]TT	-1	815941.0	3010185680
JG0139e	X	135657929	N:CC[T>G]TT	1	473771.0	3010659451
JG0139e	X	135751873	N:AC[T>G]CT	-1	93944.0	3010753395
JG0139e	X	136075388	N:CC[T>A]CT	-1	323515.0	3011076910
JG0139e	X	136082709	N:CC[T>G]TC	-1	7321.0	3011084231
JG0139e	X	136405857	T:CC[T>G]TT	-1	323148.0	3011407379
JG0139e	X	136848570	N:AC[T>G]CT	-1	442713.0	3011850092
JG0139e	X	137026189	N:CC[T>C]CT	1	177619.0	3012027711
JG0139e	X	137275639	N:CC[T>A]CT	-1	249450.0	3012277161
JG0139e	X	138095071	N:TC[T>G]TC	-1	819432.0	3013096593
JG0139e	X	138431244	N:CC[T>G]TT	1	336173.0	3013432766
JG0139e	X	138710664	U:GC[T>G]TT	-1	279420.0	3013712186
JG0139e	X	138817270	U:GT[C>T]TG	-1	106606.0	3013818792
JG0139e	X	138817710	U:TC[T>G]TG	-1	440.0	3013819232
JG0139e	X	139139622	T:CC[T>G]TA	1	321912.0	3014141144
JG0139e	X	139276027	N:AG[T>G]TG	-1	136405.0	3014277549
JG0139e	X	139288658	N:AA[C>G]TG	1	12631.0	3014290180
JG0139e	X	139341544	N:TC[T>G]TG	-1	52886.0	3014343066
JG0139e	X	139456173	N:AC[T>G]TG	1	114629.0	3014457695
JG0139e	X	139633005	T:TC[T>G]CT	1	176832.0	3014634527
JG0139e	X	139690909	T:TG[T>A]TC	1	57904.0	3014692431
JG0139e	X	139927589	U:AC[T>C]CT	-1	236680.0	3014929111
JG0139e	X	140121944	N:TC[T>G]TC	1	194355.0	3015123466
JG0139e	X	140229563	N:TC[T>C]CC	1	107619.0	3015231085
JG0139e	X	140800101	N:TC[T>C]TC	-1	570538.0	3015801623
JG0139e	X	141007760	N:GC[T>C]CA	1	207659.0	3016009282
JG0139e	X	141123927	N:GC[C>T]AG	-1	116167.0	3016125449
JG0139e	X	141272550	N:AC[T>C]TT	-1	148623.0	3016274072
JG0139e	X	141699534	N:AC[T>G]TC	-1	426984.0	3016701056
JG0139e	X	142652380	N:AG[T>A]CA	1	952846.0	3017653902
JG0139e	X	142705954	N:GC[T>C]TA	1	53574.0	3017707476
JG0139e	X	143127574	N:AC[T>C]CC	1	421620.0	3018129096
JG0139e	X	143306131	N:CC[T>C]GG	-1	178557.0	3018307653
JG0139e	X	143356342	N:TT[T>G]TT	-1	50211.0	3018357864
JG0139e	X	143765687	N:TC[T>C]TT	1	409345.0	3018767209
JG0139e	X	143866871	N:AC[T>C]TA	1	101184.0	3018868393
JG0139e	X	144338980	N:AG[T>G]TA	-1	472109.0	3019340502
JG0139e	X	144675864	N:AG[T>G]TT	1	336884.0	3019677386
JG0139e	X	145186763	N:GC[T>G]TT	-1	510899.0	3020188285
JG0139e	X	145398224	N:GC[T>C]CT	-1	211461.0	3020399746
JG0139e	X	145877314	N:TC[T>C]TC	-1	479090.0	3020878836
JG0139e	X	145927026	N:GG[T>C]CA	-1	49712.0	3020928548
JG0139e	X	146940674	N:CA[T>G]TT	1	1013648.0	3021942196
JG0139e	X	147383502	N:GC[T>C]TT	1	442828.0	3022385024
JG0139e	X	148052741	N:TC[T>C]CC	-1	669239.0	3023054263
JG0139e	X	148073498	N:GC[T>G]TA	-1	20757.0	3023075020
JG0139e	X	148190884	N:AC[T>C]TG	1	117386.0	3023192406
JG0139e	X	148416225	N:GC[T>G]TG	1	225341.0	3023417747
JG0139e	X	148694495	T:CC[T>C]CC	-1	278270.0	3023696017
JG0139e	X	148886450	U:TC[T>C]TG	1	191955.0	3023887972
JG0139e	X	149306070	N:GC[T>G]TT	-1	419620.0	3024307592
JG0139e	X	149441847	N:TG[T>G]TT	-1	135777.0	3024443369
JG0139e	X	149518266	U:TC[T>A]TA	-1	76419.0	3024519788
JG0139e	X	150429536	U:AC[T>G]CA	1	911270.0	3025431058
JG0139e	X	151083877	N:AC[T>C]CA	1	654341.0	3026085399
JG0139e	X	151189901	N:GC[T>A]TA	1	106024.0	3026191423
JG0139e	X	151687597	N:GA[T>G]TT	1	497696.0	3026689119
JG0139e	X	151776392	N:GC[T>C]GG	1	88795.0	3026777914
JG0139e	X	151801906	N:CC[T>A]TT	1	25514.0	3026803428
JG0139e	X	151974829	N:GC[T>C]CG	1	172923.0	3026976351
JG0139e	X	152066800	N:TC[T>C]CC	1	91971.0	3027068322
JG0139e	X	152112052	N:CC[T>G]CA	1	45252.0	3027113574
JG0139e	X	152343215	T:CC[T>C]CC	1	231163.0	3027344737
JG0139e	X	152882024	N:GC[T>G]TG	1	538809.0	3027883546
JG0139e	X	152991920	T:CC[T>G]CC	1	109896.0	3027993442
JG0139e	X	153403563	N:CC[T>G]TG	-1	411643.0	3028405085
JG0139e	X	153804641	U:GC[T>C]GG	-1	401078.0	3028806163
JG0139e	X	154299931	U:AC[T>G]TT	1	495290.0	3029301453
JG0139e	X	154372697	T:CC[T>A]CC	1	72766.0	3029374219
JG0139e	X	155010863	U:AG[T>G]TC	-1	638166.0	3030012385
JG0139e	X	155271170	N:TG[T>C]CA	-1	260307.0	3030272692
